comune,anno,mese,letti_totali,superficie_kmq,densita_ricettiva,copertura_sufficiente
Abbasanta,2025,1,78,39.816,1.96,True
Abbasanta,2025,2,78,39.816,1.96,True
Abbasanta,2025,3,78,39.816,1.96,True
Abbasanta,2025,4,78,39.816,1.96,True
Abbasanta,2025,5,78,39.816,1.96,True
Abbasanta,2025,6,78,39.816,1.96,True
Abbasanta,2025,7,78,39.816,1.96,True
Abbasanta,2025,8,78,39.816,1.96,True
Abbasanta,2025,9,78,39.816,1.96,True
Abbasanta,2025,10,78,39.816,1.96,True
Abbasanta,2025,11,78,39.816,1.96,True
Abbasanta,2025,12,78,39.816,1.96,True
Aggius,2025,1,236,86.445,2.73,True
Aggius,2025,2,236,86.445,2.73,True
Aggius,2025,3,236,86.445,2.73,True
Aggius,2025,4,236,86.445,2.73,True
Aggius,2025,5,236,86.445,2.73,True
Aggius,2025,6,236,86.445,2.73,True
Aggius,2025,7,236,86.445,2.73,True
Aggius,2025,8,236,86.445,2.73,True
Aggius,2025,9,236,86.445,2.73,True
Aggius,2025,10,236,86.445,2.73,True
Aggius,2025,11,236,86.445,2.73,True
Aggius,2025,12,236,86.445,2.73,True
Aglientu,2025,1,7513,148.358,50.64,True
Aglientu,2025,2,7513,148.358,50.64,True
Aglientu,2025,3,7513,148.358,50.64,True
Aglientu,2025,4,7513,148.358,50.64,True
Aglientu,2025,5,7513,148.358,50.64,True
Aglientu,2025,6,7513,148.358,50.64,True
Aglientu,2025,7,7513,148.358,50.64,True
Aglientu,2025,8,7513,148.358,50.64,True
Aglientu,2025,9,7513,148.358,50.64,True
Aglientu,2025,10,7513,148.358,50.64,True
Aglientu,2025,11,7513,148.358,50.64,True
Aglientu,2025,12,7513,148.358,50.64,True
Aidomaggiore,2025,1,8,41.236,0.19,True
Aidomaggiore,2025,2,8,41.236,0.19,True
Aidomaggiore,2025,3,8,41.236,0.19,True
Aidomaggiore,2025,4,8,41.236,0.19,True
Aidomaggiore,2025,5,8,41.236,0.19,True
Aidomaggiore,2025,6,8,41.236,0.19,True
Aidomaggiore,2025,7,8,41.236,0.19,True
Aidomaggiore,2025,8,8,41.236,0.19,True
Aidomaggiore,2025,9,8,41.236,0.19,True
Aidomaggiore,2025,10,8,41.236,0.19,True
Aidomaggiore,2025,11,8,41.236,0.19,True
Aidomaggiore,2025,12,8,41.236,0.19,True
Albagiara,2025,1,6,9.17,0.65,True
Albagiara,2025,2,6,9.17,0.65,True
Albagiara,2025,3,6,9.17,0.65,True
Albagiara,2025,4,6,9.17,0.65,True
Albagiara,2025,5,6,9.17,0.65,True
Albagiara,2025,6,6,9.17,0.65,True
Albagiara,2025,7,6,9.17,0.65,True
Albagiara,2025,8,6,9.17,0.65,True
Albagiara,2025,9,6,9.17,0.65,True
Albagiara,2025,10,6,9.17,0.65,True
Albagiara,2025,11,6,9.17,0.65,True
Albagiara,2025,12,6,9.17,0.65,True
Ales,2025,1,52,22.204,2.34,True
Ales,2025,2,52,22.204,2.34,True
Ales,2025,3,52,22.204,2.34,True
Ales,2025,4,52,22.204,2.34,True
Ales,2025,5,52,22.204,2.34,True
Ales,2025,6,52,22.204,2.34,True
Ales,2025,7,52,22.204,2.34,True
Ales,2025,8,52,22.204,2.34,True
Ales,2025,9,52,22.204,2.34,True
Ales,2025,10,52,22.204,2.34,True
Ales,2025,11,52,22.204,2.34,True
Ales,2025,12,52,22.204,2.34,True
Alghero,2025,1,29872,225.428,132.51,True
Alghero,2025,2,29872,225.428,132.51,True
Alghero,2025,3,29872,225.428,132.51,True
Alghero,2025,4,29872,225.428,132.51,True
Alghero,2025,5,29872,225.428,132.51,True
Alghero,2025,6,29872,225.428,132.51,True
Alghero,2025,7,29872,225.428,132.51,True
Alghero,2025,8,29872,225.428,132.51,True
Alghero,2025,9,29872,225.428,132.51,True
Alghero,2025,10,29872,225.428,132.51,True
Alghero,2025,11,29872,225.428,132.51,True
Alghero,2025,12,29872,225.428,132.51,True
Allai,2025,1,38,27.481,1.38,True
Allai,2025,2,38,27.481,1.38,True
Allai,2025,3,38,27.481,1.38,True
Allai,2025,4,38,27.481,1.38,True
Allai,2025,5,38,27.481,1.38,True
Allai,2025,6,38,27.481,1.38,True
Allai,2025,7,38,27.481,1.38,True
Allai,2025,8,38,27.481,1.38,True
Allai,2025,9,38,27.481,1.38,True
Allai,2025,10,38,27.481,1.38,True
Allai,2025,11,38,27.481,1.38,True
Allai,2025,12,38,27.481,1.38,True
Alà Dei Sardi,2025,1,21,197.51,0.11,True
Alà Dei Sardi,2025,2,21,197.51,0.11,True
Alà Dei Sardi,2025,3,21,197.51,0.11,True
Alà Dei Sardi,2025,4,21,197.51,0.11,True
Alà Dei Sardi,2025,5,21,197.51,0.11,True
Alà Dei Sardi,2025,6,21,197.51,0.11,True
Alà Dei Sardi,2025,7,21,197.51,0.11,True
Alà Dei Sardi,2025,8,21,197.51,0.11,True
Alà Dei Sardi,2025,9,21,197.51,0.11,True
Alà Dei Sardi,2025,10,21,197.51,0.11,True
Alà Dei Sardi,2025,11,21,197.51,0.11,True
Alà Dei Sardi,2025,12,21,197.51,0.11,True
Anela,2025,1,6,36.781,0.16,True
Anela,2025,2,6,36.781,0.16,True
Anela,2025,3,6,36.781,0.16,True
Anela,2025,4,6,36.781,0.16,True
Anela,2025,5,6,36.781,0.16,True
Anela,2025,6,6,36.781,0.16,True
Anela,2025,7,6,36.781,0.16,True
Anela,2025,8,6,36.781,0.16,True
Anela,2025,9,6,36.781,0.16,True
Anela,2025,10,6,36.781,0.16,True
Anela,2025,11,6,36.781,0.16,True
Anela,2025,12,6,36.781,0.16,True
Arborea,2025,1,1961,94.668,20.71,True
Arborea,2025,2,1961,94.668,20.71,True
Arborea,2025,3,1961,94.668,20.71,True
Arborea,2025,4,1961,94.668,20.71,True
Arborea,2025,5,1961,94.668,20.71,True
Arborea,2025,6,1961,94.668,20.71,True
Arborea,2025,7,1961,94.668,20.71,True
Arborea,2025,8,1961,94.668,20.71,True
Arborea,2025,9,1961,94.668,20.71,True
Arborea,2025,10,1961,94.668,20.71,True
Arborea,2025,11,1961,94.668,20.71,True
Arborea,2025,12,1961,94.668,20.71,True
Arbus,2025,1,2394,269.273,8.89,True
Arbus,2025,2,2394,269.273,8.89,True
Arbus,2025,3,2394,269.273,8.89,True
Arbus,2025,4,2394,269.273,8.89,True
Arbus,2025,5,2394,269.273,8.89,True
Arbus,2025,6,2394,269.273,8.89,True
Arbus,2025,7,2394,269.273,8.89,True
Arbus,2025,8,2394,269.273,8.89,True
Arbus,2025,9,2394,269.273,8.89,True
Arbus,2025,10,2394,269.273,8.89,True
Arbus,2025,11,2394,269.273,8.89,True
Arbus,2025,12,2394,269.273,8.89,True
Ardara,2025,1,14,38.173,0.37,True
Ardara,2025,2,14,38.173,0.37,True
Ardara,2025,3,14,38.173,0.37,True
Ardara,2025,4,14,38.173,0.37,True
Ardara,2025,5,14,38.173,0.37,True
Ardara,2025,6,14,38.173,0.37,True
Ardara,2025,7,14,38.173,0.37,True
Ardara,2025,8,14,38.173,0.37,True
Ardara,2025,9,14,38.173,0.37,True
Ardara,2025,10,14,38.173,0.37,True
Ardara,2025,11,14,38.173,0.37,True
Ardara,2025,12,14,38.173,0.37,True
Ardauli,2025,1,4,20.564,0.19,True
Ardauli,2025,2,4,20.564,0.19,True
Ardauli,2025,3,4,20.564,0.19,True
Ardauli,2025,4,4,20.564,0.19,True
Ardauli,2025,5,4,20.564,0.19,True
Ardauli,2025,6,4,20.564,0.19,True
Ardauli,2025,7,4,20.564,0.19,True
Ardauli,2025,8,4,20.564,0.19,True
Ardauli,2025,9,4,20.564,0.19,True
Ardauli,2025,10,4,20.564,0.19,True
Ardauli,2025,11,4,20.564,0.19,True
Ardauli,2025,12,4,20.564,0.19,True
Aritzo,2025,1,268,75.183,3.56,True
Aritzo,2025,2,268,75.183,3.56,True
Aritzo,2025,3,268,75.183,3.56,True
Aritzo,2025,4,268,75.183,3.56,True
Aritzo,2025,5,268,75.183,3.56,True
Aritzo,2025,6,268,75.183,3.56,True
Aritzo,2025,7,268,75.183,3.56,True
Aritzo,2025,8,268,75.183,3.56,True
Aritzo,2025,9,268,75.183,3.56,True
Aritzo,2025,10,268,75.183,3.56,True
Aritzo,2025,11,268,75.183,3.56,True
Aritzo,2025,12,268,75.183,3.56,True
Armungia,2025,1,33,55.243,0.6,True
Armungia,2025,2,33,55.243,0.6,True
Armungia,2025,3,33,55.243,0.6,True
Armungia,2025,4,33,55.243,0.6,True
Armungia,2025,5,33,55.243,0.6,True
Armungia,2025,6,33,55.243,0.6,True
Armungia,2025,7,33,55.243,0.6,True
Armungia,2025,8,33,55.243,0.6,True
Armungia,2025,9,33,55.243,0.6,True
Armungia,2025,10,33,55.243,0.6,True
Armungia,2025,11,33,55.243,0.6,True
Armungia,2025,12,33,55.243,0.6,True
Arzachena,2025,1,31195,231.32,134.86,True
Arzachena,2025,2,31195,231.32,134.86,True
Arzachena,2025,3,31195,231.32,134.86,True
Arzachena,2025,4,31195,231.32,134.86,True
Arzachena,2025,5,31195,231.32,134.86,True
Arzachena,2025,6,31195,231.32,134.86,True
Arzachena,2025,7,31195,231.32,134.86,True
Arzachena,2025,8,31195,231.32,134.86,True
Arzachena,2025,9,31195,231.32,134.86,True
Arzachena,2025,10,31195,231.32,134.86,True
Arzachena,2025,11,31195,231.32,134.86,True
Arzachena,2025,12,31195,231.32,134.86,True
Arzana,2025,1,115,162.755,0.71,True
Arzana,2025,2,115,162.755,0.71,True
Arzana,2025,3,115,162.755,0.71,True
Arzana,2025,4,115,162.755,0.71,True
Arzana,2025,5,115,162.755,0.71,True
Arzana,2025,6,115,162.755,0.71,True
Arzana,2025,7,115,162.755,0.71,True
Arzana,2025,8,115,162.755,0.71,True
Arzana,2025,9,115,162.755,0.71,True
Arzana,2025,10,115,162.755,0.71,True
Arzana,2025,11,115,162.755,0.71,True
Arzana,2025,12,115,162.755,0.71,True
Assemini,2025,1,855,118.322,7.23,True
Assemini,2025,2,855,118.322,7.23,True
Assemini,2025,3,855,118.322,7.23,True
Assemini,2025,4,855,118.322,7.23,True
Assemini,2025,5,855,118.322,7.23,True
Assemini,2025,6,855,118.322,7.23,True
Assemini,2025,7,855,118.322,7.23,True
Assemini,2025,8,855,118.322,7.23,True
Assemini,2025,9,855,118.322,7.23,True
Assemini,2025,10,855,118.322,7.23,True
Assemini,2025,11,855,118.322,7.23,True
Assemini,2025,12,855,118.322,7.23,True
Assolo,2025,1,17,16.337,1.04,True
Assolo,2025,2,17,16.337,1.04,True
Assolo,2025,3,17,16.337,1.04,True
Assolo,2025,4,17,16.337,1.04,True
Assolo,2025,5,17,16.337,1.04,True
Assolo,2025,6,17,16.337,1.04,True
Assolo,2025,7,17,16.337,1.04,True
Assolo,2025,8,17,16.337,1.04,True
Assolo,2025,9,17,16.337,1.04,True
Assolo,2025,10,17,16.337,1.04,True
Assolo,2025,11,17,16.337,1.04,True
Assolo,2025,12,17,16.337,1.04,True
Asuni,2025,1,0,21.328,0.0,False
Asuni,2025,2,0,21.328,0.0,False
Asuni,2025,3,0,21.328,0.0,False
Asuni,2025,4,0,21.328,0.0,False
Asuni,2025,5,0,21.328,0.0,False
Asuni,2025,6,0,21.328,0.0,False
Asuni,2025,7,0,21.328,0.0,False
Asuni,2025,8,0,21.328,0.0,False
Asuni,2025,9,0,21.328,0.0,False
Asuni,2025,10,0,21.328,0.0,False
Asuni,2025,11,0,21.328,0.0,False
Asuni,2025,12,0,21.328,0.0,False
Atzara,2025,1,20,35.952,0.56,True
Atzara,2025,2,20,35.952,0.56,True
Atzara,2025,3,20,35.952,0.56,True
Atzara,2025,4,20,35.952,0.56,True
Atzara,2025,5,20,35.952,0.56,True
Atzara,2025,6,20,35.952,0.56,True
Atzara,2025,7,20,35.952,0.56,True
Atzara,2025,8,20,35.952,0.56,True
Atzara,2025,9,20,35.952,0.56,True
Atzara,2025,10,20,35.952,0.56,True
Atzara,2025,11,20,35.952,0.56,True
Atzara,2025,12,20,35.952,0.56,True
Austis,2025,1,70,50.748,1.38,True
Austis,2025,2,70,50.748,1.38,True
Austis,2025,3,70,50.748,1.38,True
Austis,2025,4,70,50.748,1.38,True
Austis,2025,5,70,50.748,1.38,True
Austis,2025,6,70,50.748,1.38,True
Austis,2025,7,70,50.748,1.38,True
Austis,2025,8,70,50.748,1.38,True
Austis,2025,9,70,50.748,1.38,True
Austis,2025,10,70,50.748,1.38,True
Austis,2025,11,70,50.748,1.38,True
Austis,2025,12,70,50.748,1.38,True
Badesi,2025,1,6620,31.463,210.41,True
Badesi,2025,2,6620,31.463,210.41,True
Badesi,2025,3,6620,31.463,210.41,True
Badesi,2025,4,6620,31.463,210.41,True
Badesi,2025,5,6620,31.463,210.41,True
Badesi,2025,6,6620,31.463,210.41,True
Badesi,2025,7,6620,31.463,210.41,True
Badesi,2025,8,6620,31.463,210.41,True
Badesi,2025,9,6620,31.463,210.41,True
Badesi,2025,10,6620,31.463,210.41,True
Badesi,2025,11,6620,31.463,210.41,True
Badesi,2025,12,6620,31.463,210.41,True
Ballao,2025,1,13,46.108,0.28,True
Ballao,2025,2,13,46.108,0.28,True
Ballao,2025,3,13,46.108,0.28,True
Ballao,2025,4,13,46.108,0.28,True
Ballao,2025,5,13,46.108,0.28,True
Ballao,2025,6,13,46.108,0.28,True
Ballao,2025,7,13,46.108,0.28,True
Ballao,2025,8,13,46.108,0.28,True
Ballao,2025,9,13,46.108,0.28,True
Ballao,2025,10,13,46.108,0.28,True
Ballao,2025,11,13,46.108,0.28,True
Ballao,2025,12,13,46.108,0.28,True
Banari,2025,1,19,21.362,0.89,True
Banari,2025,2,19,21.362,0.89,True
Banari,2025,3,19,21.362,0.89,True
Banari,2025,4,19,21.362,0.89,True
Banari,2025,5,19,21.362,0.89,True
Banari,2025,6,19,21.362,0.89,True
Banari,2025,7,19,21.362,0.89,True
Banari,2025,8,19,21.362,0.89,True
Banari,2025,9,19,21.362,0.89,True
Banari,2025,10,19,21.362,0.89,True
Banari,2025,11,19,21.362,0.89,True
Banari,2025,12,19,21.362,0.89,True
Baradili,2025,1,30,5.638,5.32,True
Baradili,2025,2,30,5.638,5.32,True
Baradili,2025,3,30,5.638,5.32,True
Baradili,2025,4,30,5.638,5.32,True
Baradili,2025,5,30,5.638,5.32,True
Baradili,2025,6,30,5.638,5.32,True
Baradili,2025,7,30,5.638,5.32,True
Baradili,2025,8,30,5.638,5.32,True
Baradili,2025,9,30,5.638,5.32,True
Baradili,2025,10,30,5.638,5.32,True
Baradili,2025,11,30,5.638,5.32,True
Baradili,2025,12,30,5.638,5.32,True
Baratili San Pietro,2025,1,169,6.002,28.16,True
Baratili San Pietro,2025,2,169,6.002,28.16,True
Baratili San Pietro,2025,3,169,6.002,28.16,True
Baratili San Pietro,2025,4,169,6.002,28.16,True
Baratili San Pietro,2025,5,169,6.002,28.16,True
Baratili San Pietro,2025,6,169,6.002,28.16,True
Baratili San Pietro,2025,7,169,6.002,28.16,True
Baratili San Pietro,2025,8,169,6.002,28.16,True
Baratili San Pietro,2025,9,169,6.002,28.16,True
Baratili San Pietro,2025,10,169,6.002,28.16,True
Baratili San Pietro,2025,11,169,6.002,28.16,True
Baratili San Pietro,2025,12,169,6.002,28.16,True
Baressa,2025,1,24,12.537,1.91,True
Baressa,2025,2,24,12.537,1.91,True
Baressa,2025,3,24,12.537,1.91,True
Baressa,2025,4,24,12.537,1.91,True
Baressa,2025,5,24,12.537,1.91,True
Baressa,2025,6,24,12.537,1.91,True
Baressa,2025,7,24,12.537,1.91,True
Baressa,2025,8,24,12.537,1.91,True
Baressa,2025,9,24,12.537,1.91,True
Baressa,2025,10,24,12.537,1.91,True
Baressa,2025,11,24,12.537,1.91,True
Baressa,2025,12,24,12.537,1.91,True
Bari Sardo,2025,1,3618,37.625,96.16,True
Bari Sardo,2025,2,3618,37.625,96.16,True
Bari Sardo,2025,3,3618,37.625,96.16,True
Bari Sardo,2025,4,3618,37.625,96.16,True
Bari Sardo,2025,5,3618,37.625,96.16,True
Bari Sardo,2025,6,3618,37.625,96.16,True
Bari Sardo,2025,7,3618,37.625,96.16,True
Bari Sardo,2025,8,3618,37.625,96.16,True
Bari Sardo,2025,9,3618,37.625,96.16,True
Bari Sardo,2025,10,3618,37.625,96.16,True
Bari Sardo,2025,11,3618,37.625,96.16,True
Bari Sardo,2025,12,3618,37.625,96.16,True
Barrali,2025,1,4,11.218,0.36,True
Barrali,2025,2,4,11.218,0.36,True
Barrali,2025,3,4,11.218,0.36,True
Barrali,2025,4,4,11.218,0.36,True
Barrali,2025,5,4,11.218,0.36,True
Barrali,2025,6,4,11.218,0.36,True
Barrali,2025,7,4,11.218,0.36,True
Barrali,2025,8,4,11.218,0.36,True
Barrali,2025,9,4,11.218,0.36,True
Barrali,2025,10,4,11.218,0.36,True
Barrali,2025,11,4,11.218,0.36,True
Barrali,2025,12,4,11.218,0.36,True
Barumini,2025,1,63,26.173,2.41,True
Barumini,2025,2,63,26.173,2.41,True
Barumini,2025,3,63,26.173,2.41,True
Barumini,2025,4,63,26.173,2.41,True
Barumini,2025,5,63,26.173,2.41,True
Barumini,2025,6,63,26.173,2.41,True
Barumini,2025,7,63,26.173,2.41,True
Barumini,2025,8,63,26.173,2.41,True
Barumini,2025,9,63,26.173,2.41,True
Barumini,2025,10,63,26.173,2.41,True
Barumini,2025,11,63,26.173,2.41,True
Barumini,2025,12,63,26.173,2.41,True
Bauladu,2025,1,33,23.9,1.38,True
Bauladu,2025,2,33,23.9,1.38,True
Bauladu,2025,3,33,23.9,1.38,True
Bauladu,2025,4,33,23.9,1.38,True
Bauladu,2025,5,33,23.9,1.38,True
Bauladu,2025,6,33,23.9,1.38,True
Bauladu,2025,7,33,23.9,1.38,True
Bauladu,2025,8,33,23.9,1.38,True
Bauladu,2025,9,33,23.9,1.38,True
Bauladu,2025,10,33,23.9,1.38,True
Bauladu,2025,11,33,23.9,1.38,True
Bauladu,2025,12,33,23.9,1.38,True
Baunei,2025,1,2772,212.11,13.07,True
Baunei,2025,2,2772,212.11,13.07,True
Baunei,2025,3,2772,212.11,13.07,True
Baunei,2025,4,2772,212.11,13.07,True
Baunei,2025,5,2772,212.11,13.07,True
Baunei,2025,6,2772,212.11,13.07,True
Baunei,2025,7,2772,212.11,13.07,True
Baunei,2025,8,2772,212.11,13.07,True
Baunei,2025,9,2772,212.11,13.07,True
Baunei,2025,10,2772,212.11,13.07,True
Baunei,2025,11,2772,212.11,13.07,True
Baunei,2025,12,2772,212.11,13.07,True
Belvì,2025,1,52,18.286,2.84,True
Belvì,2025,2,52,18.286,2.84,True
Belvì,2025,3,52,18.286,2.84,True
Belvì,2025,4,52,18.286,2.84,True
Belvì,2025,5,52,18.286,2.84,True
Belvì,2025,6,52,18.286,2.84,True
Belvì,2025,7,52,18.286,2.84,True
Belvì,2025,8,52,18.286,2.84,True
Belvì,2025,9,52,18.286,2.84,True
Belvì,2025,10,52,18.286,2.84,True
Belvì,2025,11,52,18.286,2.84,True
Belvì,2025,12,52,18.286,2.84,True
Benetutti,2025,1,202,94.066,2.15,True
Benetutti,2025,2,202,94.066,2.15,True
Benetutti,2025,3,202,94.066,2.15,True
Benetutti,2025,4,202,94.066,2.15,True
Benetutti,2025,5,202,94.066,2.15,True
Benetutti,2025,6,202,94.066,2.15,True
Benetutti,2025,7,202,94.066,2.15,True
Benetutti,2025,8,202,94.066,2.15,True
Benetutti,2025,9,202,94.066,2.15,True
Benetutti,2025,10,202,94.066,2.15,True
Benetutti,2025,11,202,94.066,2.15,True
Benetutti,2025,12,202,94.066,2.15,True
Berchidda,2025,1,524,202.262,2.59,True
Berchidda,2025,2,524,202.262,2.59,True
Berchidda,2025,3,524,202.262,2.59,True
Berchidda,2025,4,524,202.262,2.59,True
Berchidda,2025,5,524,202.262,2.59,True
Berchidda,2025,6,524,202.262,2.59,True
Berchidda,2025,7,524,202.262,2.59,True
Berchidda,2025,8,524,202.262,2.59,True
Berchidda,2025,9,524,202.262,2.59,True
Berchidda,2025,10,524,202.262,2.59,True
Berchidda,2025,11,524,202.262,2.59,True
Berchidda,2025,12,524,202.262,2.59,True
Bessude,2025,1,28,26.544,1.05,True
Bessude,2025,2,28,26.544,1.05,True
Bessude,2025,3,28,26.544,1.05,True
Bessude,2025,4,28,26.544,1.05,True
Bessude,2025,5,28,26.544,1.05,True
Bessude,2025,6,28,26.544,1.05,True
Bessude,2025,7,28,26.544,1.05,True
Bessude,2025,8,28,26.544,1.05,True
Bessude,2025,9,28,26.544,1.05,True
Bessude,2025,10,28,26.544,1.05,True
Bessude,2025,11,28,26.544,1.05,True
Bessude,2025,12,28,26.544,1.05,True
Bidonì,2025,1,0,11.775,0.0,False
Bidonì,2025,2,0,11.775,0.0,False
Bidonì,2025,3,0,11.775,0.0,False
Bidonì,2025,4,0,11.775,0.0,False
Bidonì,2025,5,0,11.775,0.0,False
Bidonì,2025,6,0,11.775,0.0,False
Bidonì,2025,7,0,11.775,0.0,False
Bidonì,2025,8,0,11.775,0.0,False
Bidonì,2025,9,0,11.775,0.0,False
Bidonì,2025,10,0,11.775,0.0,False
Bidonì,2025,11,0,11.775,0.0,False
Bidonì,2025,12,0,11.775,0.0,False
Birori,2025,1,0,17.269,0.0,False
Birori,2025,2,0,17.269,0.0,False
Birori,2025,3,0,17.269,0.0,False
Birori,2025,4,0,17.269,0.0,False
Birori,2025,5,0,17.269,0.0,False
Birori,2025,6,0,17.269,0.0,False
Birori,2025,7,0,17.269,0.0,False
Birori,2025,8,0,17.269,0.0,False
Birori,2025,9,0,17.269,0.0,False
Birori,2025,10,0,17.269,0.0,False
Birori,2025,11,0,17.269,0.0,False
Birori,2025,12,0,17.269,0.0,False
Bitti,2025,1,149,215.633,0.69,True
Bitti,2025,2,149,215.633,0.69,True
Bitti,2025,3,149,215.633,0.69,True
Bitti,2025,4,149,215.633,0.69,True
Bitti,2025,5,149,215.633,0.69,True
Bitti,2025,6,149,215.633,0.69,True
Bitti,2025,7,149,215.633,0.69,True
Bitti,2025,8,149,215.633,0.69,True
Bitti,2025,9,149,215.633,0.69,True
Bitti,2025,10,149,215.633,0.69,True
Bitti,2025,11,149,215.633,0.69,True
Bitti,2025,12,149,215.633,0.69,True
Bolotana,2025,1,129,108.415,1.19,True
Bolotana,2025,2,129,108.415,1.19,True
Bolotana,2025,3,129,108.415,1.19,True
Bolotana,2025,4,129,108.415,1.19,True
Bolotana,2025,5,129,108.415,1.19,True
Bolotana,2025,6,129,108.415,1.19,True
Bolotana,2025,7,129,108.415,1.19,True
Bolotana,2025,8,129,108.415,1.19,True
Bolotana,2025,9,129,108.415,1.19,True
Bolotana,2025,10,129,108.415,1.19,True
Bolotana,2025,11,129,108.415,1.19,True
Bolotana,2025,12,129,108.415,1.19,True
Bonarcado,2025,1,97,28.186,3.44,True
Bonarcado,2025,2,97,28.186,3.44,True
Bonarcado,2025,3,97,28.186,3.44,True
Bonarcado,2025,4,97,28.186,3.44,True
Bonarcado,2025,5,97,28.186,3.44,True
Bonarcado,2025,6,97,28.186,3.44,True
Bonarcado,2025,7,97,28.186,3.44,True
Bonarcado,2025,8,97,28.186,3.44,True
Bonarcado,2025,9,97,28.186,3.44,True
Bonarcado,2025,10,97,28.186,3.44,True
Bonarcado,2025,11,97,28.186,3.44,True
Bonarcado,2025,12,97,28.186,3.44,True
Bonnanaro,2025,1,32,21.99,1.46,True
Bonnanaro,2025,2,32,21.99,1.46,True
Bonnanaro,2025,3,32,21.99,1.46,True
Bonnanaro,2025,4,32,21.99,1.46,True
Bonnanaro,2025,5,32,21.99,1.46,True
Bonnanaro,2025,6,32,21.99,1.46,True
Bonnanaro,2025,7,32,21.99,1.46,True
Bonnanaro,2025,8,32,21.99,1.46,True
Bonnanaro,2025,9,32,21.99,1.46,True
Bonnanaro,2025,10,32,21.99,1.46,True
Bonnanaro,2025,11,32,21.99,1.46,True
Bonnanaro,2025,12,32,21.99,1.46,True
Bono,2025,1,94,74.57,1.26,True
Bono,2025,2,94,74.57,1.26,True
Bono,2025,3,94,74.57,1.26,True
Bono,2025,4,94,74.57,1.26,True
Bono,2025,5,94,74.57,1.26,True
Bono,2025,6,94,74.57,1.26,True
Bono,2025,7,94,74.57,1.26,True
Bono,2025,8,94,74.57,1.26,True
Bono,2025,9,94,74.57,1.26,True
Bono,2025,10,94,74.57,1.26,True
Bono,2025,11,94,74.57,1.26,True
Bono,2025,12,94,74.57,1.26,True
Bonorva,2025,1,148,149.226,0.99,True
Bonorva,2025,2,148,149.226,0.99,True
Bonorva,2025,3,148,149.226,0.99,True
Bonorva,2025,4,148,149.226,0.99,True
Bonorva,2025,5,148,149.226,0.99,True
Bonorva,2025,6,148,149.226,0.99,True
Bonorva,2025,7,148,149.226,0.99,True
Bonorva,2025,8,148,149.226,0.99,True
Bonorva,2025,9,148,149.226,0.99,True
Bonorva,2025,10,148,149.226,0.99,True
Bonorva,2025,11,148,149.226,0.99,True
Bonorva,2025,12,148,149.226,0.99,True
Boroneddu,2025,1,4,4.719,0.85,True
Boroneddu,2025,2,4,4.719,0.85,True
Boroneddu,2025,3,4,4.719,0.85,True
Boroneddu,2025,4,4,4.719,0.85,True
Boroneddu,2025,5,4,4.719,0.85,True
Boroneddu,2025,6,4,4.719,0.85,True
Boroneddu,2025,7,4,4.719,0.85,True
Boroneddu,2025,8,4,4.719,0.85,True
Boroneddu,2025,9,4,4.719,0.85,True
Boroneddu,2025,10,4,4.719,0.85,True
Boroneddu,2025,11,4,4.719,0.85,True
Boroneddu,2025,12,4,4.719,0.85,True
Borore,2025,1,17,42.64,0.4,True
Borore,2025,2,17,42.64,0.4,True
Borore,2025,3,17,42.64,0.4,True
Borore,2025,4,17,42.64,0.4,True
Borore,2025,5,17,42.64,0.4,True
Borore,2025,6,17,42.64,0.4,True
Borore,2025,7,17,42.64,0.4,True
Borore,2025,8,17,42.64,0.4,True
Borore,2025,9,17,42.64,0.4,True
Borore,2025,10,17,42.64,0.4,True
Borore,2025,11,17,42.64,0.4,True
Borore,2025,12,17,42.64,0.4,True
Bortigali,2025,1,12,67.32,0.18,True
Bortigali,2025,2,12,67.32,0.18,True
Bortigali,2025,3,12,67.32,0.18,True
Bortigali,2025,4,12,67.32,0.18,True
Bortigali,2025,5,12,67.32,0.18,True
Bortigali,2025,6,12,67.32,0.18,True
Bortigali,2025,7,12,67.32,0.18,True
Bortigali,2025,8,12,67.32,0.18,True
Bortigali,2025,9,12,67.32,0.18,True
Bortigali,2025,10,12,67.32,0.18,True
Bortigali,2025,11,12,67.32,0.18,True
Bortigali,2025,12,12,67.32,0.18,True
Bortigiadas,2025,1,75,75.668,0.99,True
Bortigiadas,2025,2,75,75.668,0.99,True
Bortigiadas,2025,3,75,75.668,0.99,True
Bortigiadas,2025,4,75,75.668,0.99,True
Bortigiadas,2025,5,75,75.668,0.99,True
Bortigiadas,2025,6,75,75.668,0.99,True
Bortigiadas,2025,7,75,75.668,0.99,True
Bortigiadas,2025,8,75,75.668,0.99,True
Bortigiadas,2025,9,75,75.668,0.99,True
Bortigiadas,2025,10,75,75.668,0.99,True
Bortigiadas,2025,11,75,75.668,0.99,True
Bortigiadas,2025,12,75,75.668,0.99,True
Borutta,2025,1,28,4.725,5.93,True
Borutta,2025,2,28,4.725,5.93,True
Borutta,2025,3,28,4.725,5.93,True
Borutta,2025,4,28,4.725,5.93,True
Borutta,2025,5,28,4.725,5.93,True
Borutta,2025,6,28,4.725,5.93,True
Borutta,2025,7,28,4.725,5.93,True
Borutta,2025,8,28,4.725,5.93,True
Borutta,2025,9,28,4.725,5.93,True
Borutta,2025,10,28,4.725,5.93,True
Borutta,2025,11,28,4.725,5.93,True
Borutta,2025,12,28,4.725,5.93,True
Bosa,2025,1,2946,128.395,22.94,True
Bosa,2025,2,2946,128.395,22.94,True
Bosa,2025,3,2946,128.395,22.94,True
Bosa,2025,4,2946,128.395,22.94,True
Bosa,2025,5,2946,128.395,22.94,True
Bosa,2025,6,2946,128.395,22.94,True
Bosa,2025,7,2946,128.395,22.94,True
Bosa,2025,8,2946,128.395,22.94,True
Bosa,2025,9,2946,128.395,22.94,True
Bosa,2025,10,2946,128.395,22.94,True
Bosa,2025,11,2946,128.395,22.94,True
Bosa,2025,12,2946,128.395,22.94,True
Bottidda,2025,1,9,33.981,0.26,True
Bottidda,2025,2,9,33.981,0.26,True
Bottidda,2025,3,9,33.981,0.26,True
Bottidda,2025,4,9,33.981,0.26,True
Bottidda,2025,5,9,33.981,0.26,True
Bottidda,2025,6,9,33.981,0.26,True
Bottidda,2025,7,9,33.981,0.26,True
Bottidda,2025,8,9,33.981,0.26,True
Bottidda,2025,9,9,33.981,0.26,True
Bottidda,2025,10,9,33.981,0.26,True
Bottidda,2025,11,9,33.981,0.26,True
Bottidda,2025,12,9,33.981,0.26,True
Buddusò,2025,1,107,176.695,0.61,True
Buddusò,2025,2,107,176.695,0.61,True
Buddusò,2025,3,107,176.695,0.61,True
Buddusò,2025,4,107,176.695,0.61,True
Buddusò,2025,5,107,176.695,0.61,True
Buddusò,2025,6,107,176.695,0.61,True
Buddusò,2025,7,107,176.695,0.61,True
Buddusò,2025,8,107,176.695,0.61,True
Buddusò,2025,9,107,176.695,0.61,True
Buddusò,2025,10,107,176.695,0.61,True
Buddusò,2025,11,107,176.695,0.61,True
Buddusò,2025,12,107,176.695,0.61,True
Budoni,2025,1,15415,56.222,274.18,True
Budoni,2025,2,15415,56.222,274.18,True
Budoni,2025,3,15415,56.222,274.18,True
Budoni,2025,4,15415,56.222,274.18,True
Budoni,2025,5,15415,56.222,274.18,True
Budoni,2025,6,15415,56.222,274.18,True
Budoni,2025,7,15415,56.222,274.18,True
Budoni,2025,8,15415,56.222,274.18,True
Budoni,2025,9,15415,56.222,274.18,True
Budoni,2025,10,15415,56.222,274.18,True
Budoni,2025,11,15415,56.222,274.18,True
Budoni,2025,12,15415,56.222,274.18,True
Buggerru,2025,1,700,48.323,14.49,True
Buggerru,2025,2,700,48.323,14.49,True
Buggerru,2025,3,700,48.323,14.49,True
Buggerru,2025,4,700,48.323,14.49,True
Buggerru,2025,5,700,48.323,14.49,True
Buggerru,2025,6,700,48.323,14.49,True
Buggerru,2025,7,700,48.323,14.49,True
Buggerru,2025,8,700,48.323,14.49,True
Buggerru,2025,9,700,48.323,14.49,True
Buggerru,2025,10,700,48.323,14.49,True
Buggerru,2025,11,700,48.323,14.49,True
Buggerru,2025,12,700,48.323,14.49,True
Bultei,2025,1,37,96.899,0.38,True
Bultei,2025,2,37,96.899,0.38,True
Bultei,2025,3,37,96.899,0.38,True
Bultei,2025,4,37,96.899,0.38,True
Bultei,2025,5,37,96.899,0.38,True
Bultei,2025,6,37,96.899,0.38,True
Bultei,2025,7,37,96.899,0.38,True
Bultei,2025,8,37,96.899,0.38,True
Bultei,2025,9,37,96.899,0.38,True
Bultei,2025,10,37,96.899,0.38,True
Bultei,2025,11,37,96.899,0.38,True
Bultei,2025,12,37,96.899,0.38,True
Bulzi,2025,1,6,21.534,0.28,True
Bulzi,2025,2,6,21.534,0.28,True
Bulzi,2025,3,6,21.534,0.28,True
Bulzi,2025,4,6,21.534,0.28,True
Bulzi,2025,5,6,21.534,0.28,True
Bulzi,2025,6,6,21.534,0.28,True
Bulzi,2025,7,6,21.534,0.28,True
Bulzi,2025,8,6,21.534,0.28,True
Bulzi,2025,9,6,21.534,0.28,True
Bulzi,2025,10,6,21.534,0.28,True
Bulzi,2025,11,6,21.534,0.28,True
Bulzi,2025,12,6,21.534,0.28,True
Burcei,2025,1,19,94.845,0.2,True
Burcei,2025,2,19,94.845,0.2,True
Burcei,2025,3,19,94.845,0.2,True
Burcei,2025,4,19,94.845,0.2,True
Burcei,2025,5,19,94.845,0.2,True
Burcei,2025,6,19,94.845,0.2,True
Burcei,2025,7,19,94.845,0.2,True
Burcei,2025,8,19,94.845,0.2,True
Burcei,2025,9,19,94.845,0.2,True
Burcei,2025,10,19,94.845,0.2,True
Burcei,2025,11,19,94.845,0.2,True
Burcei,2025,12,19,94.845,0.2,True
Burgos,2025,1,17,18.045,0.94,True
Burgos,2025,2,17,18.045,0.94,True
Burgos,2025,3,17,18.045,0.94,True
Burgos,2025,4,17,18.045,0.94,True
Burgos,2025,5,17,18.045,0.94,True
Burgos,2025,6,17,18.045,0.94,True
Burgos,2025,7,17,18.045,0.94,True
Burgos,2025,8,17,18.045,0.94,True
Burgos,2025,9,17,18.045,0.94,True
Burgos,2025,10,17,18.045,0.94,True
Burgos,2025,11,17,18.045,0.94,True
Burgos,2025,12,17,18.045,0.94,True
Busachi,2025,1,16,58.91,0.27,True
Busachi,2025,2,16,58.91,0.27,True
Busachi,2025,3,16,58.91,0.27,True
Busachi,2025,4,16,58.91,0.27,True
Busachi,2025,5,16,58.91,0.27,True
Busachi,2025,6,16,58.91,0.27,True
Busachi,2025,7,16,58.91,0.27,True
Busachi,2025,8,16,58.91,0.27,True
Busachi,2025,9,16,58.91,0.27,True
Busachi,2025,10,16,58.91,0.27,True
Busachi,2025,11,16,58.91,0.27,True
Busachi,2025,12,16,58.91,0.27,True
Cabras,2025,1,3528,101.983,34.59,True
Cabras,2025,2,3528,101.983,34.59,True
Cabras,2025,3,3528,101.983,34.59,True
Cabras,2025,4,3528,101.983,34.59,True
Cabras,2025,5,3528,101.983,34.59,True
Cabras,2025,6,3528,101.983,34.59,True
Cabras,2025,7,3528,101.983,34.59,True
Cabras,2025,8,3528,101.983,34.59,True
Cabras,2025,9,3528,101.983,34.59,True
Cabras,2025,10,3528,101.983,34.59,True
Cabras,2025,11,3528,101.983,34.59,True
Cabras,2025,12,3528,101.983,34.59,True
Cagliari,2025,1,17215,84.916,202.73,True
Cagliari,2025,2,17215,84.916,202.73,True
Cagliari,2025,3,17215,84.916,202.73,True
Cagliari,2025,4,17215,84.916,202.73,True
Cagliari,2025,5,17215,84.916,202.73,True
Cagliari,2025,6,17215,84.916,202.73,True
Cagliari,2025,7,17215,84.916,202.73,True
Cagliari,2025,8,17215,84.916,202.73,True
Cagliari,2025,9,17215,84.916,202.73,True
Cagliari,2025,10,17215,84.916,202.73,True
Cagliari,2025,11,17215,84.916,202.73,True
Cagliari,2025,12,17215,84.916,202.73,True
Calangianus,2025,1,156,126.989,1.23,True
Calangianus,2025,2,156,126.989,1.23,True
Calangianus,2025,3,156,126.989,1.23,True
Calangianus,2025,4,156,126.989,1.23,True
Calangianus,2025,5,156,126.989,1.23,True
Calangianus,2025,6,156,126.989,1.23,True
Calangianus,2025,7,156,126.989,1.23,True
Calangianus,2025,8,156,126.989,1.23,True
Calangianus,2025,9,156,126.989,1.23,True
Calangianus,2025,10,156,126.989,1.23,True
Calangianus,2025,11,156,126.989,1.23,True
Calangianus,2025,12,156,126.989,1.23,True
Calasetta,2025,1,3222,31.213,103.23,True
Calasetta,2025,2,3222,31.213,103.23,True
Calasetta,2025,3,3222,31.213,103.23,True
Calasetta,2025,4,3222,31.213,103.23,True
Calasetta,2025,5,3222,31.213,103.23,True
Calasetta,2025,6,3222,31.213,103.23,True
Calasetta,2025,7,3222,31.213,103.23,True
Calasetta,2025,8,3222,31.213,103.23,True
Calasetta,2025,9,3222,31.213,103.23,True
Calasetta,2025,10,3222,31.213,103.23,True
Calasetta,2025,11,3222,31.213,103.23,True
Calasetta,2025,12,3222,31.213,103.23,True
Capoterra,2025,1,1712,68.327,25.06,True
Capoterra,2025,2,1712,68.327,25.06,True
Capoterra,2025,3,1712,68.327,25.06,True
Capoterra,2025,4,1712,68.327,25.06,True
Capoterra,2025,5,1712,68.327,25.06,True
Capoterra,2025,6,1712,68.327,25.06,True
Capoterra,2025,7,1712,68.327,25.06,True
Capoterra,2025,8,1712,68.327,25.06,True
Capoterra,2025,9,1712,68.327,25.06,True
Capoterra,2025,10,1712,68.327,25.06,True
Capoterra,2025,11,1712,68.327,25.06,True
Capoterra,2025,12,1712,68.327,25.06,True
Carbonia,2025,1,895,146.006,6.13,True
Carbonia,2025,2,895,146.006,6.13,True
Carbonia,2025,3,895,146.006,6.13,True
Carbonia,2025,4,895,146.006,6.13,True
Carbonia,2025,5,895,146.006,6.13,True
Carbonia,2025,6,895,146.006,6.13,True
Carbonia,2025,7,895,146.006,6.13,True
Carbonia,2025,8,895,146.006,6.13,True
Carbonia,2025,9,895,146.006,6.13,True
Carbonia,2025,10,895,146.006,6.13,True
Carbonia,2025,11,895,146.006,6.13,True
Carbonia,2025,12,895,146.006,6.13,True
Cardedu,2025,1,2134,33.459,63.78,True
Cardedu,2025,2,2134,33.459,63.78,True
Cardedu,2025,3,2134,33.459,63.78,True
Cardedu,2025,4,2134,33.459,63.78,True
Cardedu,2025,5,2134,33.459,63.78,True
Cardedu,2025,6,2134,33.459,63.78,True
Cardedu,2025,7,2134,33.459,63.78,True
Cardedu,2025,8,2134,33.459,63.78,True
Cardedu,2025,9,2134,33.459,63.78,True
Cardedu,2025,10,2134,33.459,63.78,True
Cardedu,2025,11,2134,33.459,63.78,True
Cardedu,2025,12,2134,33.459,63.78,True
Cargeghe,2025,1,0,11.835,0.0,False
Cargeghe,2025,2,0,11.835,0.0,False
Cargeghe,2025,3,0,11.835,0.0,False
Cargeghe,2025,4,0,11.835,0.0,False
Cargeghe,2025,5,0,11.835,0.0,False
Cargeghe,2025,6,0,11.835,0.0,False
Cargeghe,2025,7,0,11.835,0.0,False
Cargeghe,2025,8,0,11.835,0.0,False
Cargeghe,2025,9,0,11.835,0.0,False
Cargeghe,2025,10,0,11.835,0.0,False
Cargeghe,2025,11,0,11.835,0.0,False
Cargeghe,2025,12,0,11.835,0.0,False
Carloforte,2025,1,2713,51.041,53.15,True
Carloforte,2025,2,2713,51.041,53.15,True
Carloforte,2025,3,2713,51.041,53.15,True
Carloforte,2025,4,2713,51.041,53.15,True
Carloforte,2025,5,2713,51.041,53.15,True
Carloforte,2025,6,2713,51.041,53.15,True
Carloforte,2025,7,2713,51.041,53.15,True
Carloforte,2025,8,2713,51.041,53.15,True
Carloforte,2025,9,2713,51.041,53.15,True
Carloforte,2025,10,2713,51.041,53.15,True
Carloforte,2025,11,2713,51.041,53.15,True
Carloforte,2025,12,2713,51.041,53.15,True
Castelsardo,2025,1,7111,43.788,162.4,True
Castelsardo,2025,2,7111,43.788,162.4,True
Castelsardo,2025,3,7111,43.788,162.4,True
Castelsardo,2025,4,7111,43.788,162.4,True
Castelsardo,2025,5,7111,43.788,162.4,True
Castelsardo,2025,6,7111,43.788,162.4,True
Castelsardo,2025,7,7111,43.788,162.4,True
Castelsardo,2025,8,7111,43.788,162.4,True
Castelsardo,2025,9,7111,43.788,162.4,True
Castelsardo,2025,10,7111,43.788,162.4,True
Castelsardo,2025,11,7111,43.788,162.4,True
Castelsardo,2025,12,7111,43.788,162.4,True
Castiadas,2025,1,5047,104.03,48.51,True
Castiadas,2025,2,5047,104.03,48.51,True
Castiadas,2025,3,5047,104.03,48.51,True
Castiadas,2025,4,5047,104.03,48.51,True
Castiadas,2025,5,5047,104.03,48.51,True
Castiadas,2025,6,5047,104.03,48.51,True
Castiadas,2025,7,5047,104.03,48.51,True
Castiadas,2025,8,5047,104.03,48.51,True
Castiadas,2025,9,5047,104.03,48.51,True
Castiadas,2025,10,5047,104.03,48.51,True
Castiadas,2025,11,5047,104.03,48.51,True
Castiadas,2025,12,5047,104.03,48.51,True
Cheremule,2025,1,19,24.677,0.77,True
Cheremule,2025,2,19,24.677,0.77,True
Cheremule,2025,3,19,24.677,0.77,True
Cheremule,2025,4,19,24.677,0.77,True
Cheremule,2025,5,19,24.677,0.77,True
Cheremule,2025,6,19,24.677,0.77,True
Cheremule,2025,7,19,24.677,0.77,True
Cheremule,2025,8,19,24.677,0.77,True
Cheremule,2025,9,19,24.677,0.77,True
Cheremule,2025,10,19,24.677,0.77,True
Cheremule,2025,11,19,24.677,0.77,True
Cheremule,2025,12,19,24.677,0.77,True
Chiaramonti,2025,1,56,98.687,0.57,True
Chiaramonti,2025,2,56,98.687,0.57,True
Chiaramonti,2025,3,56,98.687,0.57,True
Chiaramonti,2025,4,56,98.687,0.57,True
Chiaramonti,2025,5,56,98.687,0.57,True
Chiaramonti,2025,6,56,98.687,0.57,True
Chiaramonti,2025,7,56,98.687,0.57,True
Chiaramonti,2025,8,56,98.687,0.57,True
Chiaramonti,2025,9,56,98.687,0.57,True
Chiaramonti,2025,10,56,98.687,0.57,True
Chiaramonti,2025,11,56,98.687,0.57,True
Chiaramonti,2025,12,56,98.687,0.57,True
Codrongianos,2025,1,64,30.617,2.09,True
Codrongianos,2025,2,64,30.617,2.09,True
Codrongianos,2025,3,64,30.617,2.09,True
Codrongianos,2025,4,64,30.617,2.09,True
Codrongianos,2025,5,64,30.617,2.09,True
Codrongianos,2025,6,64,30.617,2.09,True
Codrongianos,2025,7,64,30.617,2.09,True
Codrongianos,2025,8,64,30.617,2.09,True
Codrongianos,2025,9,64,30.617,2.09,True
Codrongianos,2025,10,64,30.617,2.09,True
Codrongianos,2025,11,64,30.617,2.09,True
Codrongianos,2025,12,64,30.617,2.09,True
Collinas,2025,1,29,20.668,1.4,True
Collinas,2025,2,29,20.668,1.4,True
Collinas,2025,3,29,20.668,1.4,True
Collinas,2025,4,29,20.668,1.4,True
Collinas,2025,5,29,20.668,1.4,True
Collinas,2025,6,29,20.668,1.4,True
Collinas,2025,7,29,20.668,1.4,True
Collinas,2025,8,29,20.668,1.4,True
Collinas,2025,9,29,20.668,1.4,True
Collinas,2025,10,29,20.668,1.4,True
Collinas,2025,11,29,20.668,1.4,True
Collinas,2025,12,29,20.668,1.4,True
Cossoine,2025,1,32,39.008,0.82,True
Cossoine,2025,2,32,39.008,0.82,True
Cossoine,2025,3,32,39.008,0.82,True
Cossoine,2025,4,32,39.008,0.82,True
Cossoine,2025,5,32,39.008,0.82,True
Cossoine,2025,6,32,39.008,0.82,True
Cossoine,2025,7,32,39.008,0.82,True
Cossoine,2025,8,32,39.008,0.82,True
Cossoine,2025,9,32,39.008,0.82,True
Cossoine,2025,10,32,39.008,0.82,True
Cossoine,2025,11,32,39.008,0.82,True
Cossoine,2025,12,32,39.008,0.82,True
Cuglieri,2025,1,2506,120.214,20.85,True
Cuglieri,2025,2,2506,120.214,20.85,True
Cuglieri,2025,3,2506,120.214,20.85,True
Cuglieri,2025,4,2506,120.214,20.85,True
Cuglieri,2025,5,2506,120.214,20.85,True
Cuglieri,2025,6,2506,120.214,20.85,True
Cuglieri,2025,7,2506,120.214,20.85,True
Cuglieri,2025,8,2506,120.214,20.85,True
Cuglieri,2025,9,2506,120.214,20.85,True
Cuglieri,2025,10,2506,120.214,20.85,True
Cuglieri,2025,11,2506,120.214,20.85,True
Cuglieri,2025,12,2506,120.214,20.85,True
Curcuris,2025,1,0,7.208,0.0,False
Curcuris,2025,2,0,7.208,0.0,False
Curcuris,2025,3,0,7.208,0.0,False
Curcuris,2025,4,0,7.208,0.0,False
Curcuris,2025,5,0,7.208,0.0,False
Curcuris,2025,6,0,7.208,0.0,False
Curcuris,2025,7,0,7.208,0.0,False
Curcuris,2025,8,0,7.208,0.0,False
Curcuris,2025,9,0,7.208,0.0,False
Curcuris,2025,10,0,7.208,0.0,False
Curcuris,2025,11,0,7.208,0.0,False
Curcuris,2025,12,0,7.208,0.0,False
Decimomannu,2025,1,141,27.995,5.04,True
Decimomannu,2025,2,141,27.995,5.04,True
Decimomannu,2025,3,141,27.995,5.04,True
Decimomannu,2025,4,141,27.995,5.04,True
Decimomannu,2025,5,141,27.995,5.04,True
Decimomannu,2025,6,141,27.995,5.04,True
Decimomannu,2025,7,141,27.995,5.04,True
Decimomannu,2025,8,141,27.995,5.04,True
Decimomannu,2025,9,141,27.995,5.04,True
Decimomannu,2025,10,141,27.995,5.04,True
Decimomannu,2025,11,141,27.995,5.04,True
Decimomannu,2025,12,141,27.995,5.04,True
Decimoputzu,2025,1,9,44.663,0.2,True
Decimoputzu,2025,2,9,44.663,0.2,True
Decimoputzu,2025,3,9,44.663,0.2,True
Decimoputzu,2025,4,9,44.663,0.2,True
Decimoputzu,2025,5,9,44.663,0.2,True
Decimoputzu,2025,6,9,44.663,0.2,True
Decimoputzu,2025,7,9,44.663,0.2,True
Decimoputzu,2025,8,9,44.663,0.2,True
Decimoputzu,2025,9,9,44.663,0.2,True
Decimoputzu,2025,10,9,44.663,0.2,True
Decimoputzu,2025,11,9,44.663,0.2,True
Decimoputzu,2025,12,9,44.663,0.2,True
Desulo,2025,1,104,74.491,1.4,True
Desulo,2025,2,104,74.491,1.4,True
Desulo,2025,3,104,74.491,1.4,True
Desulo,2025,4,104,74.491,1.4,True
Desulo,2025,5,104,74.491,1.4,True
Desulo,2025,6,104,74.491,1.4,True
Desulo,2025,7,104,74.491,1.4,True
Desulo,2025,8,104,74.491,1.4,True
Desulo,2025,9,104,74.491,1.4,True
Desulo,2025,10,104,74.491,1.4,True
Desulo,2025,11,104,74.491,1.4,True
Desulo,2025,12,104,74.491,1.4,True
Dolianova,2025,1,244,84.404,2.89,True
Dolianova,2025,2,244,84.404,2.89,True
Dolianova,2025,3,244,84.404,2.89,True
Dolianova,2025,4,244,84.404,2.89,True
Dolianova,2025,5,244,84.404,2.89,True
Dolianova,2025,6,244,84.404,2.89,True
Dolianova,2025,7,244,84.404,2.89,True
Dolianova,2025,8,244,84.404,2.89,True
Dolianova,2025,9,244,84.404,2.89,True
Dolianova,2025,10,244,84.404,2.89,True
Dolianova,2025,11,244,84.404,2.89,True
Dolianova,2025,12,244,84.404,2.89,True
Domus De Maria,2025,1,5071,97.732,51.89,True
Domus De Maria,2025,2,5071,97.732,51.89,True
Domus De Maria,2025,3,5071,97.732,51.89,True
Domus De Maria,2025,4,5071,97.732,51.89,True
Domus De Maria,2025,5,5071,97.732,51.89,True
Domus De Maria,2025,6,5071,97.732,51.89,True
Domus De Maria,2025,7,5071,97.732,51.89,True
Domus De Maria,2025,8,5071,97.732,51.89,True
Domus De Maria,2025,9,5071,97.732,51.89,True
Domus De Maria,2025,10,5071,97.732,51.89,True
Domus De Maria,2025,11,5071,97.732,51.89,True
Domus De Maria,2025,12,5071,97.732,51.89,True
Domusnovas,2025,1,210,79.929,2.63,True
Domusnovas,2025,2,210,79.929,2.63,True
Domusnovas,2025,3,210,79.929,2.63,True
Domusnovas,2025,4,210,79.929,2.63,True
Domusnovas,2025,5,210,79.929,2.63,True
Domusnovas,2025,6,210,79.929,2.63,True
Domusnovas,2025,7,210,79.929,2.63,True
Domusnovas,2025,8,210,79.929,2.63,True
Domusnovas,2025,9,210,79.929,2.63,True
Domusnovas,2025,10,210,79.929,2.63,True
Domusnovas,2025,11,210,79.929,2.63,True
Domusnovas,2025,12,210,79.929,2.63,True
Donori,2025,1,31,35.401,0.88,True
Donori,2025,2,31,35.401,0.88,True
Donori,2025,3,31,35.401,0.88,True
Donori,2025,4,31,35.401,0.88,True
Donori,2025,5,31,35.401,0.88,True
Donori,2025,6,31,35.401,0.88,True
Donori,2025,7,31,35.401,0.88,True
Donori,2025,8,31,35.401,0.88,True
Donori,2025,9,31,35.401,0.88,True
Donori,2025,10,31,35.401,0.88,True
Donori,2025,11,31,35.401,0.88,True
Donori,2025,12,31,35.401,0.88,True
Dorgali,2025,1,8096,226.456,35.75,True
Dorgali,2025,2,8096,226.456,35.75,True
Dorgali,2025,3,8096,226.456,35.75,True
Dorgali,2025,4,8096,226.456,35.75,True
Dorgali,2025,5,8096,226.456,35.75,True
Dorgali,2025,6,8096,226.456,35.75,True
Dorgali,2025,7,8096,226.456,35.75,True
Dorgali,2025,8,8096,226.456,35.75,True
Dorgali,2025,9,8096,226.456,35.75,True
Dorgali,2025,10,8096,226.456,35.75,True
Dorgali,2025,11,8096,226.456,35.75,True
Dorgali,2025,12,8096,226.456,35.75,True
Dualchi,2025,1,6,23.224,0.26,True
Dualchi,2025,2,6,23.224,0.26,True
Dualchi,2025,3,6,23.224,0.26,True
Dualchi,2025,4,6,23.224,0.26,True
Dualchi,2025,5,6,23.224,0.26,True
Dualchi,2025,6,6,23.224,0.26,True
Dualchi,2025,7,6,23.224,0.26,True
Dualchi,2025,8,6,23.224,0.26,True
Dualchi,2025,9,6,23.224,0.26,True
Dualchi,2025,10,6,23.224,0.26,True
Dualchi,2025,11,6,23.224,0.26,True
Dualchi,2025,12,6,23.224,0.26,True
Elini,2025,1,18,11.015,1.63,True
Elini,2025,2,18,11.015,1.63,True
Elini,2025,3,18,11.015,1.63,True
Elini,2025,4,18,11.015,1.63,True
Elini,2025,5,18,11.015,1.63,True
Elini,2025,6,18,11.015,1.63,True
Elini,2025,7,18,11.015,1.63,True
Elini,2025,8,18,11.015,1.63,True
Elini,2025,9,18,11.015,1.63,True
Elini,2025,10,18,11.015,1.63,True
Elini,2025,11,18,11.015,1.63,True
Elini,2025,12,18,11.015,1.63,True
Elmas,2025,1,284,14.008,20.27,True
Elmas,2025,2,284,14.008,20.27,True
Elmas,2025,3,284,14.008,20.27,True
Elmas,2025,4,284,14.008,20.27,True
Elmas,2025,5,284,14.008,20.27,True
Elmas,2025,6,284,14.008,20.27,True
Elmas,2025,7,284,14.008,20.27,True
Elmas,2025,8,284,14.008,20.27,True
Elmas,2025,9,284,14.008,20.27,True
Elmas,2025,10,284,14.008,20.27,True
Elmas,2025,11,284,14.008,20.27,True
Elmas,2025,12,284,14.008,20.27,True
Erula,2025,1,10,39.37,0.25,True
Erula,2025,2,10,39.37,0.25,True
Erula,2025,3,10,39.37,0.25,True
Erula,2025,4,10,39.37,0.25,True
Erula,2025,5,10,39.37,0.25,True
Erula,2025,6,10,39.37,0.25,True
Erula,2025,7,10,39.37,0.25,True
Erula,2025,8,10,39.37,0.25,True
Erula,2025,9,10,39.37,0.25,True
Erula,2025,10,10,39.37,0.25,True
Erula,2025,11,10,39.37,0.25,True
Erula,2025,12,10,39.37,0.25,True
Escalaplano,2025,1,44,93.759,0.47,True
Escalaplano,2025,2,44,93.759,0.47,True
Escalaplano,2025,3,44,93.759,0.47,True
Escalaplano,2025,4,44,93.759,0.47,True
Escalaplano,2025,5,44,93.759,0.47,True
Escalaplano,2025,6,44,93.759,0.47,True
Escalaplano,2025,7,44,93.759,0.47,True
Escalaplano,2025,8,44,93.759,0.47,True
Escalaplano,2025,9,44,93.759,0.47,True
Escalaplano,2025,10,44,93.759,0.47,True
Escalaplano,2025,11,44,93.759,0.47,True
Escalaplano,2025,12,44,93.759,0.47,True
Escolca,2025,1,9,14.778,0.61,True
Escolca,2025,2,9,14.778,0.61,True
Escolca,2025,3,9,14.778,0.61,True
Escolca,2025,4,9,14.778,0.61,True
Escolca,2025,5,9,14.778,0.61,True
Escolca,2025,6,9,14.778,0.61,True
Escolca,2025,7,9,14.778,0.61,True
Escolca,2025,8,9,14.778,0.61,True
Escolca,2025,9,9,14.778,0.61,True
Escolca,2025,10,9,14.778,0.61,True
Escolca,2025,11,9,14.778,0.61,True
Escolca,2025,12,9,14.778,0.61,True
Esporlatu,2025,1,0,18.497,0.0,False
Esporlatu,2025,2,0,18.497,0.0,False
Esporlatu,2025,3,0,18.497,0.0,False
Esporlatu,2025,4,0,18.497,0.0,False
Esporlatu,2025,5,0,18.497,0.0,False
Esporlatu,2025,6,0,18.497,0.0,False
Esporlatu,2025,7,0,18.497,0.0,False
Esporlatu,2025,8,0,18.497,0.0,False
Esporlatu,2025,9,0,18.497,0.0,False
Esporlatu,2025,10,0,18.497,0.0,False
Esporlatu,2025,11,0,18.497,0.0,False
Esporlatu,2025,12,0,18.497,0.0,False
Esterzili,2025,1,17,101.056,0.17,True
Esterzili,2025,2,17,101.056,0.17,True
Esterzili,2025,3,17,101.056,0.17,True
Esterzili,2025,4,17,101.056,0.17,True
Esterzili,2025,5,17,101.056,0.17,True
Esterzili,2025,6,17,101.056,0.17,True
Esterzili,2025,7,17,101.056,0.17,True
Esterzili,2025,8,17,101.056,0.17,True
Esterzili,2025,9,17,101.056,0.17,True
Esterzili,2025,10,17,101.056,0.17,True
Esterzili,2025,11,17,101.056,0.17,True
Esterzili,2025,12,17,101.056,0.17,True
Florinas,2025,1,39,36.371,1.07,True
Florinas,2025,2,39,36.371,1.07,True
Florinas,2025,3,39,36.371,1.07,True
Florinas,2025,4,39,36.371,1.07,True
Florinas,2025,5,39,36.371,1.07,True
Florinas,2025,6,39,36.371,1.07,True
Florinas,2025,7,39,36.371,1.07,True
Florinas,2025,8,39,36.371,1.07,True
Florinas,2025,9,39,36.371,1.07,True
Florinas,2025,10,39,36.371,1.07,True
Florinas,2025,11,39,36.371,1.07,True
Florinas,2025,12,39,36.371,1.07,True
Fluminimaggiore,2025,1,507,108.336,4.68,True
Fluminimaggiore,2025,2,507,108.336,4.68,True
Fluminimaggiore,2025,3,507,108.336,4.68,True
Fluminimaggiore,2025,4,507,108.336,4.68,True
Fluminimaggiore,2025,5,507,108.336,4.68,True
Fluminimaggiore,2025,6,507,108.336,4.68,True
Fluminimaggiore,2025,7,507,108.336,4.68,True
Fluminimaggiore,2025,8,507,108.336,4.68,True
Fluminimaggiore,2025,9,507,108.336,4.68,True
Fluminimaggiore,2025,10,507,108.336,4.68,True
Fluminimaggiore,2025,11,507,108.336,4.68,True
Fluminimaggiore,2025,12,507,108.336,4.68,True
Flussio,2025,1,47,6.716,7.0,True
Flussio,2025,2,47,6.716,7.0,True
Flussio,2025,3,47,6.716,7.0,True
Flussio,2025,4,47,6.716,7.0,True
Flussio,2025,5,47,6.716,7.0,True
Flussio,2025,6,47,6.716,7.0,True
Flussio,2025,7,47,6.716,7.0,True
Flussio,2025,8,47,6.716,7.0,True
Flussio,2025,9,47,6.716,7.0,True
Flussio,2025,10,47,6.716,7.0,True
Flussio,2025,11,47,6.716,7.0,True
Flussio,2025,12,47,6.716,7.0,True
Fonni,2025,1,345,111.944,3.08,True
Fonni,2025,2,345,111.944,3.08,True
Fonni,2025,3,345,111.944,3.08,True
Fonni,2025,4,345,111.944,3.08,True
Fonni,2025,5,345,111.944,3.08,True
Fonni,2025,6,345,111.944,3.08,True
Fonni,2025,7,345,111.944,3.08,True
Fonni,2025,8,345,111.944,3.08,True
Fonni,2025,9,345,111.944,3.08,True
Fonni,2025,10,345,111.944,3.08,True
Fonni,2025,11,345,111.944,3.08,True
Fonni,2025,12,345,111.944,3.08,True
Fordongianus,2025,1,222,39.1,5.68,True
Fordongianus,2025,2,222,39.1,5.68,True
Fordongianus,2025,3,222,39.1,5.68,True
Fordongianus,2025,4,222,39.1,5.68,True
Fordongianus,2025,5,222,39.1,5.68,True
Fordongianus,2025,6,222,39.1,5.68,True
Fordongianus,2025,7,222,39.1,5.68,True
Fordongianus,2025,8,222,39.1,5.68,True
Fordongianus,2025,9,222,39.1,5.68,True
Fordongianus,2025,10,222,39.1,5.68,True
Fordongianus,2025,11,222,39.1,5.68,True
Fordongianus,2025,12,222,39.1,5.68,True
Furtei,2025,1,8,25.808,0.31,True
Furtei,2025,2,8,25.808,0.31,True
Furtei,2025,3,8,25.808,0.31,True
Furtei,2025,4,8,25.808,0.31,True
Furtei,2025,5,8,25.808,0.31,True
Furtei,2025,6,8,25.808,0.31,True
Furtei,2025,7,8,25.808,0.31,True
Furtei,2025,8,8,25.808,0.31,True
Furtei,2025,9,8,25.808,0.31,True
Furtei,2025,10,8,25.808,0.31,True
Furtei,2025,11,8,25.808,0.31,True
Furtei,2025,12,8,25.808,0.31,True
Gadoni,2025,1,43,43.691,0.98,True
Gadoni,2025,2,43,43.691,0.98,True
Gadoni,2025,3,43,43.691,0.98,True
Gadoni,2025,4,43,43.691,0.98,True
Gadoni,2025,5,43,43.691,0.98,True
Gadoni,2025,6,43,43.691,0.98,True
Gadoni,2025,7,43,43.691,0.98,True
Gadoni,2025,8,43,43.691,0.98,True
Gadoni,2025,9,43,43.691,0.98,True
Gadoni,2025,10,43,43.691,0.98,True
Gadoni,2025,11,43,43.691,0.98,True
Gadoni,2025,12,43,43.691,0.98,True
Gairo,2025,1,443,77.953,5.68,True
Gairo,2025,2,443,77.953,5.68,True
Gairo,2025,3,443,77.953,5.68,True
Gairo,2025,4,443,77.953,5.68,True
Gairo,2025,5,443,77.953,5.68,True
Gairo,2025,6,443,77.953,5.68,True
Gairo,2025,7,443,77.953,5.68,True
Gairo,2025,8,443,77.953,5.68,True
Gairo,2025,9,443,77.953,5.68,True
Gairo,2025,10,443,77.953,5.68,True
Gairo,2025,11,443,77.953,5.68,True
Gairo,2025,12,443,77.953,5.68,True
Galtellì,2025,1,431,56.245,7.66,True
Galtellì,2025,2,431,56.245,7.66,True
Galtellì,2025,3,431,56.245,7.66,True
Galtellì,2025,4,431,56.245,7.66,True
Galtellì,2025,5,431,56.245,7.66,True
Galtellì,2025,6,431,56.245,7.66,True
Galtellì,2025,7,431,56.245,7.66,True
Galtellì,2025,8,431,56.245,7.66,True
Galtellì,2025,9,431,56.245,7.66,True
Galtellì,2025,10,431,56.245,7.66,True
Galtellì,2025,11,431,56.245,7.66,True
Galtellì,2025,12,431,56.245,7.66,True
Gavoi,2025,1,388,38.142,10.17,True
Gavoi,2025,2,388,38.142,10.17,True
Gavoi,2025,3,388,38.142,10.17,True
Gavoi,2025,4,388,38.142,10.17,True
Gavoi,2025,5,388,38.142,10.17,True
Gavoi,2025,6,388,38.142,10.17,True
Gavoi,2025,7,388,38.142,10.17,True
Gavoi,2025,8,388,38.142,10.17,True
Gavoi,2025,9,388,38.142,10.17,True
Gavoi,2025,10,388,38.142,10.17,True
Gavoi,2025,11,388,38.142,10.17,True
Gavoi,2025,12,388,38.142,10.17,True
Genoni,2025,1,43,43.47,0.99,True
Genoni,2025,2,43,43.47,0.99,True
Genoni,2025,3,43,43.47,0.99,True
Genoni,2025,4,43,43.47,0.99,True
Genoni,2025,5,43,43.47,0.99,True
Genoni,2025,6,43,43.47,0.99,True
Genoni,2025,7,43,43.47,0.99,True
Genoni,2025,8,43,43.47,0.99,True
Genoni,2025,9,43,43.47,0.99,True
Genoni,2025,10,43,43.47,0.99,True
Genoni,2025,11,43,43.47,0.99,True
Genoni,2025,12,43,43.47,0.99,True
Genuri,2025,1,3,7.714,0.39,True
Genuri,2025,2,3,7.714,0.39,True
Genuri,2025,3,3,7.714,0.39,True
Genuri,2025,4,3,7.714,0.39,True
Genuri,2025,5,3,7.714,0.39,True
Genuri,2025,6,3,7.714,0.39,True
Genuri,2025,7,3,7.714,0.39,True
Genuri,2025,8,3,7.714,0.39,True
Genuri,2025,9,3,7.714,0.39,True
Genuri,2025,10,3,7.714,0.39,True
Genuri,2025,11,3,7.714,0.39,True
Genuri,2025,12,3,7.714,0.39,True
Gergei,2025,1,86,36.219,2.37,True
Gergei,2025,2,86,36.219,2.37,True
Gergei,2025,3,86,36.219,2.37,True
Gergei,2025,4,86,36.219,2.37,True
Gergei,2025,5,86,36.219,2.37,True
Gergei,2025,6,86,36.219,2.37,True
Gergei,2025,7,86,36.219,2.37,True
Gergei,2025,8,86,36.219,2.37,True
Gergei,2025,9,86,36.219,2.37,True
Gergei,2025,10,86,36.219,2.37,True
Gergei,2025,11,86,36.219,2.37,True
Gergei,2025,12,86,36.219,2.37,True
Gesico,2025,1,0,25.694,0.0,False
Gesico,2025,2,0,25.694,0.0,False
Gesico,2025,3,0,25.694,0.0,False
Gesico,2025,4,0,25.694,0.0,False
Gesico,2025,5,0,25.694,0.0,False
Gesico,2025,6,0,25.694,0.0,False
Gesico,2025,7,0,25.694,0.0,False
Gesico,2025,8,0,25.694,0.0,False
Gesico,2025,9,0,25.694,0.0,False
Gesico,2025,10,0,25.694,0.0,False
Gesico,2025,11,0,25.694,0.0,False
Gesico,2025,12,0,25.694,0.0,False
Gesturi,2025,1,35,46.929,0.75,True
Gesturi,2025,2,35,46.929,0.75,True
Gesturi,2025,3,35,46.929,0.75,True
Gesturi,2025,4,35,46.929,0.75,True
Gesturi,2025,5,35,46.929,0.75,True
Gesturi,2025,6,35,46.929,0.75,True
Gesturi,2025,7,35,46.929,0.75,True
Gesturi,2025,8,35,46.929,0.75,True
Gesturi,2025,9,35,46.929,0.75,True
Gesturi,2025,10,35,46.929,0.75,True
Gesturi,2025,11,35,46.929,0.75,True
Gesturi,2025,12,35,46.929,0.75,True
Ghilarza,2025,1,94,54.779,1.72,True
Ghilarza,2025,2,94,54.779,1.72,True
Ghilarza,2025,3,94,54.779,1.72,True
Ghilarza,2025,4,94,54.779,1.72,True
Ghilarza,2025,5,94,54.779,1.72,True
Ghilarza,2025,6,94,54.779,1.72,True
Ghilarza,2025,7,94,54.779,1.72,True
Ghilarza,2025,8,94,54.779,1.72,True
Ghilarza,2025,9,94,54.779,1.72,True
Ghilarza,2025,10,94,54.779,1.72,True
Ghilarza,2025,11,94,54.779,1.72,True
Ghilarza,2025,12,94,54.779,1.72,True
Giave,2025,1,15,46.993,0.32,True
Giave,2025,2,15,46.993,0.32,True
Giave,2025,3,15,46.993,0.32,True
Giave,2025,4,15,46.993,0.32,True
Giave,2025,5,15,46.993,0.32,True
Giave,2025,6,15,46.993,0.32,True
Giave,2025,7,15,46.993,0.32,True
Giave,2025,8,15,46.993,0.32,True
Giave,2025,9,15,46.993,0.32,True
Giave,2025,10,15,46.993,0.32,True
Giave,2025,11,15,46.993,0.32,True
Giave,2025,12,15,46.993,0.32,True
Giba,2025,1,308,30.255,10.18,True
Giba,2025,2,308,30.255,10.18,True
Giba,2025,3,308,30.255,10.18,True
Giba,2025,4,308,30.255,10.18,True
Giba,2025,5,308,30.255,10.18,True
Giba,2025,6,308,30.255,10.18,True
Giba,2025,7,308,30.255,10.18,True
Giba,2025,8,308,30.255,10.18,True
Giba,2025,9,308,30.255,10.18,True
Giba,2025,10,308,30.255,10.18,True
Giba,2025,11,308,30.255,10.18,True
Giba,2025,12,308,30.255,10.18,True
Girasole,2025,1,497,13.1,37.94,True
Girasole,2025,2,497,13.1,37.94,True
Girasole,2025,3,497,13.1,37.94,True
Girasole,2025,4,497,13.1,37.94,True
Girasole,2025,5,497,13.1,37.94,True
Girasole,2025,6,497,13.1,37.94,True
Girasole,2025,7,497,13.1,37.94,True
Girasole,2025,8,497,13.1,37.94,True
Girasole,2025,9,497,13.1,37.94,True
Girasole,2025,10,497,13.1,37.94,True
Girasole,2025,11,497,13.1,37.94,True
Girasole,2025,12,497,13.1,37.94,True
Golfo Aranci,2025,1,7652,37.27,205.31,True
Golfo Aranci,2025,2,7652,37.27,205.31,True
Golfo Aranci,2025,3,7652,37.27,205.31,True
Golfo Aranci,2025,4,7652,37.27,205.31,True
Golfo Aranci,2025,5,7652,37.27,205.31,True
Golfo Aranci,2025,6,7652,37.27,205.31,True
Golfo Aranci,2025,7,7652,37.27,205.31,True
Golfo Aranci,2025,8,7652,37.27,205.31,True
Golfo Aranci,2025,9,7652,37.27,205.31,True
Golfo Aranci,2025,10,7652,37.27,205.31,True
Golfo Aranci,2025,11,7652,37.27,205.31,True
Golfo Aranci,2025,12,7652,37.27,205.31,True
Goni,2025,1,6,18.71,0.32,True
Goni,2025,2,6,18.71,0.32,True
Goni,2025,3,6,18.71,0.32,True
Goni,2025,4,6,18.71,0.32,True
Goni,2025,5,6,18.71,0.32,True
Goni,2025,6,6,18.71,0.32,True
Goni,2025,7,6,18.71,0.32,True
Goni,2025,8,6,18.71,0.32,True
Goni,2025,9,6,18.71,0.32,True
Goni,2025,10,6,18.71,0.32,True
Goni,2025,11,6,18.71,0.32,True
Goni,2025,12,6,18.71,0.32,True
Gonnesa,2025,1,674,48.321,13.95,True
Gonnesa,2025,2,674,48.321,13.95,True
Gonnesa,2025,3,674,48.321,13.95,True
Gonnesa,2025,4,674,48.321,13.95,True
Gonnesa,2025,5,674,48.321,13.95,True
Gonnesa,2025,6,674,48.321,13.95,True
Gonnesa,2025,7,674,48.321,13.95,True
Gonnesa,2025,8,674,48.321,13.95,True
Gonnesa,2025,9,674,48.321,13.95,True
Gonnesa,2025,10,674,48.321,13.95,True
Gonnesa,2025,11,674,48.321,13.95,True
Gonnesa,2025,12,674,48.321,13.95,True
Gonnoscodina,2025,1,0,8.836,0.0,False
Gonnoscodina,2025,2,0,8.836,0.0,False
Gonnoscodina,2025,3,0,8.836,0.0,False
Gonnoscodina,2025,4,0,8.836,0.0,False
Gonnoscodina,2025,5,0,8.836,0.0,False
Gonnoscodina,2025,6,0,8.836,0.0,False
Gonnoscodina,2025,7,0,8.836,0.0,False
Gonnoscodina,2025,8,0,8.836,0.0,False
Gonnoscodina,2025,9,0,8.836,0.0,False
Gonnoscodina,2025,10,0,8.836,0.0,False
Gonnoscodina,2025,11,0,8.836,0.0,False
Gonnoscodina,2025,12,0,8.836,0.0,False
Gonnosfanadiga,2025,1,66,125.011,0.53,True
Gonnosfanadiga,2025,2,66,125.011,0.53,True
Gonnosfanadiga,2025,3,66,125.011,0.53,True
Gonnosfanadiga,2025,4,66,125.011,0.53,True
Gonnosfanadiga,2025,5,66,125.011,0.53,True
Gonnosfanadiga,2025,6,66,125.011,0.53,True
Gonnosfanadiga,2025,7,66,125.011,0.53,True
Gonnosfanadiga,2025,8,66,125.011,0.53,True
Gonnosfanadiga,2025,9,66,125.011,0.53,True
Gonnosfanadiga,2025,10,66,125.011,0.53,True
Gonnosfanadiga,2025,11,66,125.011,0.53,True
Gonnosfanadiga,2025,12,66,125.011,0.53,True
Gonnosnò,2025,1,13,15.404,0.84,True
Gonnosnò,2025,2,13,15.404,0.84,True
Gonnosnò,2025,3,13,15.404,0.84,True
Gonnosnò,2025,4,13,15.404,0.84,True
Gonnosnò,2025,5,13,15.404,0.84,True
Gonnosnò,2025,6,13,15.404,0.84,True
Gonnosnò,2025,7,13,15.404,0.84,True
Gonnosnò,2025,8,13,15.404,0.84,True
Gonnosnò,2025,9,13,15.404,0.84,True
Gonnosnò,2025,10,13,15.404,0.84,True
Gonnosnò,2025,11,13,15.404,0.84,True
Gonnosnò,2025,12,13,15.404,0.84,True
Gonnostramatza,2025,1,38,17.795,2.14,True
Gonnostramatza,2025,2,38,17.795,2.14,True
Gonnostramatza,2025,3,38,17.795,2.14,True
Gonnostramatza,2025,4,38,17.795,2.14,True
Gonnostramatza,2025,5,38,17.795,2.14,True
Gonnostramatza,2025,6,38,17.795,2.14,True
Gonnostramatza,2025,7,38,17.795,2.14,True
Gonnostramatza,2025,8,38,17.795,2.14,True
Gonnostramatza,2025,9,38,17.795,2.14,True
Gonnostramatza,2025,10,38,17.795,2.14,True
Gonnostramatza,2025,11,38,17.795,2.14,True
Gonnostramatza,2025,12,38,17.795,2.14,True
Guamaggiore,2025,1,7,16.78,0.42,True
Guamaggiore,2025,2,7,16.78,0.42,True
Guamaggiore,2025,3,7,16.78,0.42,True
Guamaggiore,2025,4,7,16.78,0.42,True
Guamaggiore,2025,5,7,16.78,0.42,True
Guamaggiore,2025,6,7,16.78,0.42,True
Guamaggiore,2025,7,7,16.78,0.42,True
Guamaggiore,2025,8,7,16.78,0.42,True
Guamaggiore,2025,9,7,16.78,0.42,True
Guamaggiore,2025,10,7,16.78,0.42,True
Guamaggiore,2025,11,7,16.78,0.42,True
Guamaggiore,2025,12,7,16.78,0.42,True
Guasila,2025,1,18,43.325,0.42,True
Guasila,2025,2,18,43.325,0.42,True
Guasila,2025,3,18,43.325,0.42,True
Guasila,2025,4,18,43.325,0.42,True
Guasila,2025,5,18,43.325,0.42,True
Guasila,2025,6,18,43.325,0.42,True
Guasila,2025,7,18,43.325,0.42,True
Guasila,2025,8,18,43.325,0.42,True
Guasila,2025,9,18,43.325,0.42,True
Guasila,2025,10,18,43.325,0.42,True
Guasila,2025,11,18,43.325,0.42,True
Guasila,2025,12,18,43.325,0.42,True
Guspini,2025,1,358,175.298,2.04,True
Guspini,2025,2,358,175.298,2.04,True
Guspini,2025,3,358,175.298,2.04,True
Guspini,2025,4,358,175.298,2.04,True
Guspini,2025,5,358,175.298,2.04,True
Guspini,2025,6,358,175.298,2.04,True
Guspini,2025,7,358,175.298,2.04,True
Guspini,2025,8,358,175.298,2.04,True
Guspini,2025,9,358,175.298,2.04,True
Guspini,2025,10,358,175.298,2.04,True
Guspini,2025,11,358,175.298,2.04,True
Guspini,2025,12,358,175.298,2.04,True
Iglesias,2025,1,2599,208.23,12.48,True
Iglesias,2025,2,2599,208.23,12.48,True
Iglesias,2025,3,2599,208.23,12.48,True
Iglesias,2025,4,2599,208.23,12.48,True
Iglesias,2025,5,2599,208.23,12.48,True
Iglesias,2025,6,2599,208.23,12.48,True
Iglesias,2025,7,2599,208.23,12.48,True
Iglesias,2025,8,2599,208.23,12.48,True
Iglesias,2025,9,2599,208.23,12.48,True
Iglesias,2025,10,2599,208.23,12.48,True
Iglesias,2025,11,2599,208.23,12.48,True
Iglesias,2025,12,2599,208.23,12.48,True
Ilbono,2025,1,200,30.694,6.52,True
Ilbono,2025,2,200,30.694,6.52,True
Ilbono,2025,3,200,30.694,6.52,True
Ilbono,2025,4,200,30.694,6.52,True
Ilbono,2025,5,200,30.694,6.52,True
Ilbono,2025,6,200,30.694,6.52,True
Ilbono,2025,7,200,30.694,6.52,True
Ilbono,2025,8,200,30.694,6.52,True
Ilbono,2025,9,200,30.694,6.52,True
Ilbono,2025,10,200,30.694,6.52,True
Ilbono,2025,11,200,30.694,6.52,True
Ilbono,2025,12,200,30.694,6.52,True
Illorai,2025,1,0,57.297,0.0,False
Illorai,2025,2,0,57.297,0.0,False
Illorai,2025,3,0,57.297,0.0,False
Illorai,2025,4,0,57.297,0.0,False
Illorai,2025,5,0,57.297,0.0,False
Illorai,2025,6,0,57.297,0.0,False
Illorai,2025,7,0,57.297,0.0,False
Illorai,2025,8,0,57.297,0.0,False
Illorai,2025,9,0,57.297,0.0,False
Illorai,2025,10,0,57.297,0.0,False
Illorai,2025,11,0,57.297,0.0,False
Illorai,2025,12,0,57.297,0.0,False
Irgoli,2025,1,235,75.192,3.13,True
Irgoli,2025,2,235,75.192,3.13,True
Irgoli,2025,3,235,75.192,3.13,True
Irgoli,2025,4,235,75.192,3.13,True
Irgoli,2025,5,235,75.192,3.13,True
Irgoli,2025,6,235,75.192,3.13,True
Irgoli,2025,7,235,75.192,3.13,True
Irgoli,2025,8,235,75.192,3.13,True
Irgoli,2025,9,235,75.192,3.13,True
Irgoli,2025,10,235,75.192,3.13,True
Irgoli,2025,11,235,75.192,3.13,True
Irgoli,2025,12,235,75.192,3.13,True
Isili,2025,1,70,67.716,1.03,True
Isili,2025,2,70,67.716,1.03,True
Isili,2025,3,70,67.716,1.03,True
Isili,2025,4,70,67.716,1.03,True
Isili,2025,5,70,67.716,1.03,True
Isili,2025,6,70,67.716,1.03,True
Isili,2025,7,70,67.716,1.03,True
Isili,2025,8,70,67.716,1.03,True
Isili,2025,9,70,67.716,1.03,True
Isili,2025,10,70,67.716,1.03,True
Isili,2025,11,70,67.716,1.03,True
Isili,2025,12,70,67.716,1.03,True
Ittireddu,2025,1,11,23.74,0.46,True
Ittireddu,2025,2,11,23.74,0.46,True
Ittireddu,2025,3,11,23.74,0.46,True
Ittireddu,2025,4,11,23.74,0.46,True
Ittireddu,2025,5,11,23.74,0.46,True
Ittireddu,2025,6,11,23.74,0.46,True
Ittireddu,2025,7,11,23.74,0.46,True
Ittireddu,2025,8,11,23.74,0.46,True
Ittireddu,2025,9,11,23.74,0.46,True
Ittireddu,2025,10,11,23.74,0.46,True
Ittireddu,2025,11,11,23.74,0.46,True
Ittireddu,2025,12,11,23.74,0.46,True
Ittiri,2025,1,45,111.976,0.4,True
Ittiri,2025,2,45,111.976,0.4,True
Ittiri,2025,3,45,111.976,0.4,True
Ittiri,2025,4,45,111.976,0.4,True
Ittiri,2025,5,45,111.976,0.4,True
Ittiri,2025,6,45,111.976,0.4,True
Ittiri,2025,7,45,111.976,0.4,True
Ittiri,2025,8,45,111.976,0.4,True
Ittiri,2025,9,45,111.976,0.4,True
Ittiri,2025,10,45,111.976,0.4,True
Ittiri,2025,11,45,111.976,0.4,True
Ittiri,2025,12,45,111.976,0.4,True
Jerzu,2025,1,377,102.246,3.69,True
Jerzu,2025,2,377,102.246,3.69,True
Jerzu,2025,3,377,102.246,3.69,True
Jerzu,2025,4,377,102.246,3.69,True
Jerzu,2025,5,377,102.246,3.69,True
Jerzu,2025,6,377,102.246,3.69,True
Jerzu,2025,7,377,102.246,3.69,True
Jerzu,2025,8,377,102.246,3.69,True
Jerzu,2025,9,377,102.246,3.69,True
Jerzu,2025,10,377,102.246,3.69,True
Jerzu,2025,11,377,102.246,3.69,True
Jerzu,2025,12,377,102.246,3.69,True
La Maddalena,2025,1,8698,52.963,164.23,True
La Maddalena,2025,2,8698,52.963,164.23,True
La Maddalena,2025,3,8698,52.963,164.23,True
La Maddalena,2025,4,8698,52.963,164.23,True
La Maddalena,2025,5,8698,52.963,164.23,True
La Maddalena,2025,6,8698,52.963,164.23,True
La Maddalena,2025,7,8698,52.963,164.23,True
La Maddalena,2025,8,8698,52.963,164.23,True
La Maddalena,2025,9,8698,52.963,164.23,True
La Maddalena,2025,10,8698,52.963,164.23,True
La Maddalena,2025,11,8698,52.963,164.23,True
La Maddalena,2025,12,8698,52.963,164.23,True
Laconi,2025,1,95,124.646,0.76,True
Laconi,2025,2,95,124.646,0.76,True
Laconi,2025,3,95,124.646,0.76,True
Laconi,2025,4,95,124.646,0.76,True
Laconi,2025,5,95,124.646,0.76,True
Laconi,2025,6,95,124.646,0.76,True
Laconi,2025,7,95,124.646,0.76,True
Laconi,2025,8,95,124.646,0.76,True
Laconi,2025,9,95,124.646,0.76,True
Laconi,2025,10,95,124.646,0.76,True
Laconi,2025,11,95,124.646,0.76,True
Laconi,2025,12,95,124.646,0.76,True
Laerru,2025,1,25,20.168,1.24,True
Laerru,2025,2,25,20.168,1.24,True
Laerru,2025,3,25,20.168,1.24,True
Laerru,2025,4,25,20.168,1.24,True
Laerru,2025,5,25,20.168,1.24,True
Laerru,2025,6,25,20.168,1.24,True
Laerru,2025,7,25,20.168,1.24,True
Laerru,2025,8,25,20.168,1.24,True
Laerru,2025,9,25,20.168,1.24,True
Laerru,2025,10,25,20.168,1.24,True
Laerru,2025,11,25,20.168,1.24,True
Laerru,2025,12,25,20.168,1.24,True
Lanusei,2025,1,384,53.025,7.24,True
Lanusei,2025,2,384,53.025,7.24,True
Lanusei,2025,3,384,53.025,7.24,True
Lanusei,2025,4,384,53.025,7.24,True
Lanusei,2025,5,384,53.025,7.24,True
Lanusei,2025,6,384,53.025,7.24,True
Lanusei,2025,7,384,53.025,7.24,True
Lanusei,2025,8,384,53.025,7.24,True
Lanusei,2025,9,384,53.025,7.24,True
Lanusei,2025,10,384,53.025,7.24,True
Lanusei,2025,11,384,53.025,7.24,True
Lanusei,2025,12,384,53.025,7.24,True
Las Plassas,2025,1,7,11.078,0.63,True
Las Plassas,2025,2,7,11.078,0.63,True
Las Plassas,2025,3,7,11.078,0.63,True
Las Plassas,2025,4,7,11.078,0.63,True
Las Plassas,2025,5,7,11.078,0.63,True
Las Plassas,2025,6,7,11.078,0.63,True
Las Plassas,2025,7,7,11.078,0.63,True
Las Plassas,2025,8,7,11.078,0.63,True
Las Plassas,2025,9,7,11.078,0.63,True
Las Plassas,2025,10,7,11.078,0.63,True
Las Plassas,2025,11,7,11.078,0.63,True
Las Plassas,2025,12,7,11.078,0.63,True
Lei,2025,1,0,18.969,0.0,False
Lei,2025,2,0,18.969,0.0,False
Lei,2025,3,0,18.969,0.0,False
Lei,2025,4,0,18.969,0.0,False
Lei,2025,5,0,18.969,0.0,False
Lei,2025,6,0,18.969,0.0,False
Lei,2025,7,0,18.969,0.0,False
Lei,2025,8,0,18.969,0.0,False
Lei,2025,9,0,18.969,0.0,False
Lei,2025,10,0,18.969,0.0,False
Lei,2025,11,0,18.969,0.0,False
Lei,2025,12,0,18.969,0.0,False
Loceri,2025,1,182,19.431,9.37,True
Loceri,2025,2,182,19.431,9.37,True
Loceri,2025,3,182,19.431,9.37,True
Loceri,2025,4,182,19.431,9.37,True
Loceri,2025,5,182,19.431,9.37,True
Loceri,2025,6,182,19.431,9.37,True
Loceri,2025,7,182,19.431,9.37,True
Loceri,2025,8,182,19.431,9.37,True
Loceri,2025,9,182,19.431,9.37,True
Loceri,2025,10,182,19.431,9.37,True
Loceri,2025,11,182,19.431,9.37,True
Loceri,2025,12,182,19.431,9.37,True
Loculi,2025,1,115,38.205,3.01,True
Loculi,2025,2,115,38.205,3.01,True
Loculi,2025,3,115,38.205,3.01,True
Loculi,2025,4,115,38.205,3.01,True
Loculi,2025,5,115,38.205,3.01,True
Loculi,2025,6,115,38.205,3.01,True
Loculi,2025,7,115,38.205,3.01,True
Loculi,2025,8,115,38.205,3.01,True
Loculi,2025,9,115,38.205,3.01,True
Loculi,2025,10,115,38.205,3.01,True
Loculi,2025,11,115,38.205,3.01,True
Loculi,2025,12,115,38.205,3.01,True
Lodine,2025,1,12,7.803,1.54,True
Lodine,2025,2,12,7.803,1.54,True
Lodine,2025,3,12,7.803,1.54,True
Lodine,2025,4,12,7.803,1.54,True
Lodine,2025,5,12,7.803,1.54,True
Lodine,2025,6,12,7.803,1.54,True
Lodine,2025,7,12,7.803,1.54,True
Lodine,2025,8,12,7.803,1.54,True
Lodine,2025,9,12,7.803,1.54,True
Lodine,2025,10,12,7.803,1.54,True
Lodine,2025,11,12,7.803,1.54,True
Lodine,2025,12,12,7.803,1.54,True
Lodè,2025,1,51,122.984,0.41,True
Lodè,2025,2,51,122.984,0.41,True
Lodè,2025,3,51,122.984,0.41,True
Lodè,2025,4,51,122.984,0.41,True
Lodè,2025,5,51,122.984,0.41,True
Lodè,2025,6,51,122.984,0.41,True
Lodè,2025,7,51,122.984,0.41,True
Lodè,2025,8,51,122.984,0.41,True
Lodè,2025,9,51,122.984,0.41,True
Lodè,2025,10,51,122.984,0.41,True
Lodè,2025,11,51,122.984,0.41,True
Lodè,2025,12,51,122.984,0.41,True
Loiri Porto San Paolo,2025,1,5734,118.516,48.38,True
Loiri Porto San Paolo,2025,2,5734,118.516,48.38,True
Loiri Porto San Paolo,2025,3,5734,118.516,48.38,True
Loiri Porto San Paolo,2025,4,5734,118.516,48.38,True
Loiri Porto San Paolo,2025,5,5734,118.516,48.38,True
Loiri Porto San Paolo,2025,6,5734,118.516,48.38,True
Loiri Porto San Paolo,2025,7,5734,118.516,48.38,True
Loiri Porto San Paolo,2025,8,5734,118.516,48.38,True
Loiri Porto San Paolo,2025,9,5734,118.516,48.38,True
Loiri Porto San Paolo,2025,10,5734,118.516,48.38,True
Loiri Porto San Paolo,2025,11,5734,118.516,48.38,True
Loiri Porto San Paolo,2025,12,5734,118.516,48.38,True
Lotzorai,2025,1,2794,16.898,165.35,True
Lotzorai,2025,2,2794,16.898,165.35,True
Lotzorai,2025,3,2794,16.898,165.35,True
Lotzorai,2025,4,2794,16.898,165.35,True
Lotzorai,2025,5,2794,16.898,165.35,True
Lotzorai,2025,6,2794,16.898,165.35,True
Lotzorai,2025,7,2794,16.898,165.35,True
Lotzorai,2025,8,2794,16.898,165.35,True
Lotzorai,2025,9,2794,16.898,165.35,True
Lotzorai,2025,10,2794,16.898,165.35,True
Lotzorai,2025,11,2794,16.898,165.35,True
Lotzorai,2025,12,2794,16.898,165.35,True
Lula,2025,1,38,148.352,0.26,True
Lula,2025,2,38,148.352,0.26,True
Lula,2025,3,38,148.352,0.26,True
Lula,2025,4,38,148.352,0.26,True
Lula,2025,5,38,148.352,0.26,True
Lula,2025,6,38,148.352,0.26,True
Lula,2025,7,38,148.352,0.26,True
Lula,2025,8,38,148.352,0.26,True
Lula,2025,9,38,148.352,0.26,True
Lula,2025,10,38,148.352,0.26,True
Lula,2025,11,38,148.352,0.26,True
Lula,2025,12,38,148.352,0.26,True
Lunamatrona,2025,1,277,20.776,13.33,True
Lunamatrona,2025,2,277,20.776,13.33,True
Lunamatrona,2025,3,277,20.776,13.33,True
Lunamatrona,2025,4,277,20.776,13.33,True
Lunamatrona,2025,5,277,20.776,13.33,True
Lunamatrona,2025,6,277,20.776,13.33,True
Lunamatrona,2025,7,277,20.776,13.33,True
Lunamatrona,2025,8,277,20.776,13.33,True
Lunamatrona,2025,9,277,20.776,13.33,True
Lunamatrona,2025,10,277,20.776,13.33,True
Lunamatrona,2025,11,277,20.776,13.33,True
Lunamatrona,2025,12,277,20.776,13.33,True
Luogosanto,2025,1,466,134.812,3.46,True
Luogosanto,2025,2,466,134.812,3.46,True
Luogosanto,2025,3,466,134.812,3.46,True
Luogosanto,2025,4,466,134.812,3.46,True
Luogosanto,2025,5,466,134.812,3.46,True
Luogosanto,2025,6,466,134.812,3.46,True
Luogosanto,2025,7,466,134.812,3.46,True
Luogosanto,2025,8,466,134.812,3.46,True
Luogosanto,2025,9,466,134.812,3.46,True
Luogosanto,2025,10,466,134.812,3.46,True
Luogosanto,2025,11,466,134.812,3.46,True
Luogosanto,2025,12,466,134.812,3.46,True
Luras,2025,1,119,88.2,1.35,True
Luras,2025,2,119,88.2,1.35,True
Luras,2025,3,119,88.2,1.35,True
Luras,2025,4,119,88.2,1.35,True
Luras,2025,5,119,88.2,1.35,True
Luras,2025,6,119,88.2,1.35,True
Luras,2025,7,119,88.2,1.35,True
Luras,2025,8,119,88.2,1.35,True
Luras,2025,9,119,88.2,1.35,True
Luras,2025,10,119,88.2,1.35,True
Luras,2025,11,119,88.2,1.35,True
Luras,2025,12,119,88.2,1.35,True
Macomer,2025,1,118,122.658,0.96,True
Macomer,2025,2,118,122.658,0.96,True
Macomer,2025,3,118,122.658,0.96,True
Macomer,2025,4,118,122.658,0.96,True
Macomer,2025,5,118,122.658,0.96,True
Macomer,2025,6,118,122.658,0.96,True
Macomer,2025,7,118,122.658,0.96,True
Macomer,2025,8,118,122.658,0.96,True
Macomer,2025,9,118,122.658,0.96,True
Macomer,2025,10,118,122.658,0.96,True
Macomer,2025,11,118,122.658,0.96,True
Macomer,2025,12,118,122.658,0.96,True
Magomadas,2025,1,491,9.034,54.35,True
Magomadas,2025,2,491,9.034,54.35,True
Magomadas,2025,3,491,9.034,54.35,True
Magomadas,2025,4,491,9.034,54.35,True
Magomadas,2025,5,491,9.034,54.35,True
Magomadas,2025,6,491,9.034,54.35,True
Magomadas,2025,7,491,9.034,54.35,True
Magomadas,2025,8,491,9.034,54.35,True
Magomadas,2025,9,491,9.034,54.35,True
Magomadas,2025,10,491,9.034,54.35,True
Magomadas,2025,11,491,9.034,54.35,True
Magomadas,2025,12,491,9.034,54.35,True
Mamoiada,2025,1,185,49.119,3.77,True
Mamoiada,2025,2,185,49.119,3.77,True
Mamoiada,2025,3,185,49.119,3.77,True
Mamoiada,2025,4,185,49.119,3.77,True
Mamoiada,2025,5,185,49.119,3.77,True
Mamoiada,2025,6,185,49.119,3.77,True
Mamoiada,2025,7,185,49.119,3.77,True
Mamoiada,2025,8,185,49.119,3.77,True
Mamoiada,2025,9,185,49.119,3.77,True
Mamoiada,2025,10,185,49.119,3.77,True
Mamoiada,2025,11,185,49.119,3.77,True
Mamoiada,2025,12,185,49.119,3.77,True
Mandas,2025,1,40,44.86,0.89,True
Mandas,2025,2,40,44.86,0.89,True
Mandas,2025,3,40,44.86,0.89,True
Mandas,2025,4,40,44.86,0.89,True
Mandas,2025,5,40,44.86,0.89,True
Mandas,2025,6,40,44.86,0.89,True
Mandas,2025,7,40,44.86,0.89,True
Mandas,2025,8,40,44.86,0.89,True
Mandas,2025,9,40,44.86,0.89,True
Mandas,2025,10,40,44.86,0.89,True
Mandas,2025,11,40,44.86,0.89,True
Mandas,2025,12,40,44.86,0.89,True
Mara,2025,1,6,18.646,0.32,True
Mara,2025,2,6,18.646,0.32,True
Mara,2025,3,6,18.646,0.32,True
Mara,2025,4,6,18.646,0.32,True
Mara,2025,5,6,18.646,0.32,True
Mara,2025,6,6,18.646,0.32,True
Mara,2025,7,6,18.646,0.32,True
Mara,2025,8,6,18.646,0.32,True
Mara,2025,9,6,18.646,0.32,True
Mara,2025,10,6,18.646,0.32,True
Mara,2025,11,6,18.646,0.32,True
Mara,2025,12,6,18.646,0.32,True
Maracalagonis,2025,1,3977,101.91,39.02,True
Maracalagonis,2025,2,3977,101.91,39.02,True
Maracalagonis,2025,3,3977,101.91,39.02,True
Maracalagonis,2025,4,3977,101.91,39.02,True
Maracalagonis,2025,5,3977,101.91,39.02,True
Maracalagonis,2025,6,3977,101.91,39.02,True
Maracalagonis,2025,7,3977,101.91,39.02,True
Maracalagonis,2025,8,3977,101.91,39.02,True
Maracalagonis,2025,9,3977,101.91,39.02,True
Maracalagonis,2025,10,3977,101.91,39.02,True
Maracalagonis,2025,11,3977,101.91,39.02,True
Maracalagonis,2025,12,3977,101.91,39.02,True
Marrubiu,2025,1,168,61.384,2.74,True
Marrubiu,2025,2,168,61.384,2.74,True
Marrubiu,2025,3,168,61.384,2.74,True
Marrubiu,2025,4,168,61.384,2.74,True
Marrubiu,2025,5,168,61.384,2.74,True
Marrubiu,2025,6,168,61.384,2.74,True
Marrubiu,2025,7,168,61.384,2.74,True
Marrubiu,2025,8,168,61.384,2.74,True
Marrubiu,2025,9,168,61.384,2.74,True
Marrubiu,2025,10,168,61.384,2.74,True
Marrubiu,2025,11,168,61.384,2.74,True
Marrubiu,2025,12,168,61.384,2.74,True
Martis,2025,1,57,22.874,2.49,True
Martis,2025,2,57,22.874,2.49,True
Martis,2025,3,57,22.874,2.49,True
Martis,2025,4,57,22.874,2.49,True
Martis,2025,5,57,22.874,2.49,True
Martis,2025,6,57,22.874,2.49,True
Martis,2025,7,57,22.874,2.49,True
Martis,2025,8,57,22.874,2.49,True
Martis,2025,9,57,22.874,2.49,True
Martis,2025,10,57,22.874,2.49,True
Martis,2025,11,57,22.874,2.49,True
Martis,2025,12,57,22.874,2.49,True
Masainas,2025,1,207,23.886,8.67,True
Masainas,2025,2,207,23.886,8.67,True
Masainas,2025,3,207,23.886,8.67,True
Masainas,2025,4,207,23.886,8.67,True
Masainas,2025,5,207,23.886,8.67,True
Masainas,2025,6,207,23.886,8.67,True
Masainas,2025,7,207,23.886,8.67,True
Masainas,2025,8,207,23.886,8.67,True
Masainas,2025,9,207,23.886,8.67,True
Masainas,2025,10,207,23.886,8.67,True
Masainas,2025,11,207,23.886,8.67,True
Masainas,2025,12,207,23.886,8.67,True
Masullas,2025,1,23,18.709,1.23,True
Masullas,2025,2,23,18.709,1.23,True
Masullas,2025,3,23,18.709,1.23,True
Masullas,2025,4,23,18.709,1.23,True
Masullas,2025,5,23,18.709,1.23,True
Masullas,2025,6,23,18.709,1.23,True
Masullas,2025,7,23,18.709,1.23,True
Masullas,2025,8,23,18.709,1.23,True
Masullas,2025,9,23,18.709,1.23,True
Masullas,2025,10,23,18.709,1.23,True
Masullas,2025,11,23,18.709,1.23,True
Masullas,2025,12,23,18.709,1.23,True
Meana Sardo,2025,1,56,73.562,0.76,True
Meana Sardo,2025,2,56,73.562,0.76,True
Meana Sardo,2025,3,56,73.562,0.76,True
Meana Sardo,2025,4,56,73.562,0.76,True
Meana Sardo,2025,5,56,73.562,0.76,True
Meana Sardo,2025,6,56,73.562,0.76,True
Meana Sardo,2025,7,56,73.562,0.76,True
Meana Sardo,2025,8,56,73.562,0.76,True
Meana Sardo,2025,9,56,73.562,0.76,True
Meana Sardo,2025,10,56,73.562,0.76,True
Meana Sardo,2025,11,56,73.562,0.76,True
Meana Sardo,2025,12,56,73.562,0.76,True
Milis,2025,1,93,18.795,4.95,True
Milis,2025,2,93,18.795,4.95,True
Milis,2025,3,93,18.795,4.95,True
Milis,2025,4,93,18.795,4.95,True
Milis,2025,5,93,18.795,4.95,True
Milis,2025,6,93,18.795,4.95,True
Milis,2025,7,93,18.795,4.95,True
Milis,2025,8,93,18.795,4.95,True
Milis,2025,9,93,18.795,4.95,True
Milis,2025,10,93,18.795,4.95,True
Milis,2025,11,93,18.795,4.95,True
Milis,2025,12,93,18.795,4.95,True
Modolo,2025,1,96,2.616,36.7,True
Modolo,2025,2,96,2.616,36.7,True
Modolo,2025,3,96,2.616,36.7,True
Modolo,2025,4,96,2.616,36.7,True
Modolo,2025,5,96,2.616,36.7,True
Modolo,2025,6,96,2.616,36.7,True
Modolo,2025,7,96,2.616,36.7,True
Modolo,2025,8,96,2.616,36.7,True
Modolo,2025,9,96,2.616,36.7,True
Modolo,2025,10,96,2.616,36.7,True
Modolo,2025,11,96,2.616,36.7,True
Modolo,2025,12,96,2.616,36.7,True
Mogorella,2025,1,4,17.25,0.23,True
Mogorella,2025,2,4,17.25,0.23,True
Mogorella,2025,3,4,17.25,0.23,True
Mogorella,2025,4,4,17.25,0.23,True
Mogorella,2025,5,4,17.25,0.23,True
Mogorella,2025,6,4,17.25,0.23,True
Mogorella,2025,7,4,17.25,0.23,True
Mogorella,2025,8,4,17.25,0.23,True
Mogorella,2025,9,4,17.25,0.23,True
Mogorella,2025,10,4,17.25,0.23,True
Mogorella,2025,11,4,17.25,0.23,True
Mogorella,2025,12,4,17.25,0.23,True
Mogoro,2025,1,70,48.778,1.44,True
Mogoro,2025,2,70,48.778,1.44,True
Mogoro,2025,3,70,48.778,1.44,True
Mogoro,2025,4,70,48.778,1.44,True
Mogoro,2025,5,70,48.778,1.44,True
Mogoro,2025,6,70,48.778,1.44,True
Mogoro,2025,7,70,48.778,1.44,True
Mogoro,2025,8,70,48.778,1.44,True
Mogoro,2025,9,70,48.778,1.44,True
Mogoro,2025,10,70,48.778,1.44,True
Mogoro,2025,11,70,48.778,1.44,True
Mogoro,2025,12,70,48.778,1.44,True
Monastir,2025,1,86,31.915,2.69,True
Monastir,2025,2,86,31.915,2.69,True
Monastir,2025,3,86,31.915,2.69,True
Monastir,2025,4,86,31.915,2.69,True
Monastir,2025,5,86,31.915,2.69,True
Monastir,2025,6,86,31.915,2.69,True
Monastir,2025,7,86,31.915,2.69,True
Monastir,2025,8,86,31.915,2.69,True
Monastir,2025,9,86,31.915,2.69,True
Monastir,2025,10,86,31.915,2.69,True
Monastir,2025,11,86,31.915,2.69,True
Monastir,2025,12,86,31.915,2.69,True
Monserrato,2025,1,437,6.514,67.09,True
Monserrato,2025,2,437,6.514,67.09,True
Monserrato,2025,3,437,6.514,67.09,True
Monserrato,2025,4,437,6.514,67.09,True
Monserrato,2025,5,437,6.514,67.09,True
Monserrato,2025,6,437,6.514,67.09,True
Monserrato,2025,7,437,6.514,67.09,True
Monserrato,2025,8,437,6.514,67.09,True
Monserrato,2025,9,437,6.514,67.09,True
Monserrato,2025,10,437,6.514,67.09,True
Monserrato,2025,11,437,6.514,67.09,True
Monserrato,2025,12,437,6.514,67.09,True
Monteleone Rocca Doria,2025,1,11,13.542,0.81,True
Monteleone Rocca Doria,2025,2,11,13.542,0.81,True
Monteleone Rocca Doria,2025,3,11,13.542,0.81,True
Monteleone Rocca Doria,2025,4,11,13.542,0.81,True
Monteleone Rocca Doria,2025,5,11,13.542,0.81,True
Monteleone Rocca Doria,2025,6,11,13.542,0.81,True
Monteleone Rocca Doria,2025,7,11,13.542,0.81,True
Monteleone Rocca Doria,2025,8,11,13.542,0.81,True
Monteleone Rocca Doria,2025,9,11,13.542,0.81,True
Monteleone Rocca Doria,2025,10,11,13.542,0.81,True
Monteleone Rocca Doria,2025,11,11,13.542,0.81,True
Monteleone Rocca Doria,2025,12,11,13.542,0.81,True
Monti,2025,1,176,123.717,1.42,True
Monti,2025,2,176,123.717,1.42,True
Monti,2025,3,176,123.717,1.42,True
Monti,2025,4,176,123.717,1.42,True
Monti,2025,5,176,123.717,1.42,True
Monti,2025,6,176,123.717,1.42,True
Monti,2025,7,176,123.717,1.42,True
Monti,2025,8,176,123.717,1.42,True
Monti,2025,9,176,123.717,1.42,True
Monti,2025,10,176,123.717,1.42,True
Monti,2025,11,176,123.717,1.42,True
Monti,2025,12,176,123.717,1.42,True
Montresta,2025,1,0,31.467,0.0,False
Montresta,2025,2,0,31.467,0.0,False
Montresta,2025,3,0,31.467,0.0,False
Montresta,2025,4,0,31.467,0.0,False
Montresta,2025,5,0,31.467,0.0,False
Montresta,2025,6,0,31.467,0.0,False
Montresta,2025,7,0,31.467,0.0,False
Montresta,2025,8,0,31.467,0.0,False
Montresta,2025,9,0,31.467,0.0,False
Montresta,2025,10,0,31.467,0.0,False
Montresta,2025,11,0,31.467,0.0,False
Montresta,2025,12,0,31.467,0.0,False
Mores,2025,1,53,94.698,0.56,True
Mores,2025,2,53,94.698,0.56,True
Mores,2025,3,53,94.698,0.56,True
Mores,2025,4,53,94.698,0.56,True
Mores,2025,5,53,94.698,0.56,True
Mores,2025,6,53,94.698,0.56,True
Mores,2025,7,53,94.698,0.56,True
Mores,2025,8,53,94.698,0.56,True
Mores,2025,9,53,94.698,0.56,True
Mores,2025,10,53,94.698,0.56,True
Mores,2025,11,53,94.698,0.56,True
Mores,2025,12,53,94.698,0.56,True
Morgongiori,2025,1,8,45.119,0.18,True
Morgongiori,2025,2,8,45.119,0.18,True
Morgongiori,2025,3,8,45.119,0.18,True
Morgongiori,2025,4,8,45.119,0.18,True
Morgongiori,2025,5,8,45.119,0.18,True
Morgongiori,2025,6,8,45.119,0.18,True
Morgongiori,2025,7,8,45.119,0.18,True
Morgongiori,2025,8,8,45.119,0.18,True
Morgongiori,2025,9,8,45.119,0.18,True
Morgongiori,2025,10,8,45.119,0.18,True
Morgongiori,2025,11,8,45.119,0.18,True
Morgongiori,2025,12,8,45.119,0.18,True
Muravera,2025,1,12935,93.816,137.88,True
Muravera,2025,2,12935,93.816,137.88,True
Muravera,2025,3,12935,93.816,137.88,True
Muravera,2025,4,12935,93.816,137.88,True
Muravera,2025,5,12935,93.816,137.88,True
Muravera,2025,6,12935,93.816,137.88,True
Muravera,2025,7,12935,93.816,137.88,True
Muravera,2025,8,12935,93.816,137.88,True
Muravera,2025,9,12935,93.816,137.88,True
Muravera,2025,10,12935,93.816,137.88,True
Muravera,2025,11,12935,93.816,137.88,True
Muravera,2025,12,12935,93.816,137.88,True
Muros,2025,1,12,11.457,1.05,True
Muros,2025,2,12,11.457,1.05,True
Muros,2025,3,12,11.457,1.05,True
Muros,2025,4,12,11.457,1.05,True
Muros,2025,5,12,11.457,1.05,True
Muros,2025,6,12,11.457,1.05,True
Muros,2025,7,12,11.457,1.05,True
Muros,2025,8,12,11.457,1.05,True
Muros,2025,9,12,11.457,1.05,True
Muros,2025,10,12,11.457,1.05,True
Muros,2025,11,12,11.457,1.05,True
Muros,2025,12,12,11.457,1.05,True
Musei,2025,1,10,20.521,0.49,True
Musei,2025,2,10,20.521,0.49,True
Musei,2025,3,10,20.521,0.49,True
Musei,2025,4,10,20.521,0.49,True
Musei,2025,5,10,20.521,0.49,True
Musei,2025,6,10,20.521,0.49,True
Musei,2025,7,10,20.521,0.49,True
Musei,2025,8,10,20.521,0.49,True
Musei,2025,9,10,20.521,0.49,True
Musei,2025,10,10,20.521,0.49,True
Musei,2025,11,10,20.521,0.49,True
Musei,2025,12,10,20.521,0.49,True
Narbolia,2025,1,2200,40.458,54.38,True
Narbolia,2025,2,2200,40.458,54.38,True
Narbolia,2025,3,2200,40.458,54.38,True
Narbolia,2025,4,2200,40.458,54.38,True
Narbolia,2025,5,2200,40.458,54.38,True
Narbolia,2025,6,2200,40.458,54.38,True
Narbolia,2025,7,2200,40.458,54.38,True
Narbolia,2025,8,2200,40.458,54.38,True
Narbolia,2025,9,2200,40.458,54.38,True
Narbolia,2025,10,2200,40.458,54.38,True
Narbolia,2025,11,2200,40.458,54.38,True
Narbolia,2025,12,2200,40.458,54.38,True
Narcao,2025,1,78,85.327,0.91,True
Narcao,2025,2,78,85.327,0.91,True
Narcao,2025,3,78,85.327,0.91,True
Narcao,2025,4,78,85.327,0.91,True
Narcao,2025,5,78,85.327,0.91,True
Narcao,2025,6,78,85.327,0.91,True
Narcao,2025,7,78,85.327,0.91,True
Narcao,2025,8,78,85.327,0.91,True
Narcao,2025,9,78,85.327,0.91,True
Narcao,2025,10,78,85.327,0.91,True
Narcao,2025,11,78,85.327,0.91,True
Narcao,2025,12,78,85.327,0.91,True
Neoneli,2025,1,0,47.769,0.0,False
Neoneli,2025,2,0,47.769,0.0,False
Neoneli,2025,3,0,47.769,0.0,False
Neoneli,2025,4,0,47.769,0.0,False
Neoneli,2025,5,0,47.769,0.0,False
Neoneli,2025,6,0,47.769,0.0,False
Neoneli,2025,7,0,47.769,0.0,False
Neoneli,2025,8,0,47.769,0.0,False
Neoneli,2025,9,0,47.769,0.0,False
Neoneli,2025,10,0,47.769,0.0,False
Neoneli,2025,11,0,47.769,0.0,False
Neoneli,2025,12,0,47.769,0.0,False
Noragugume,2025,1,0,26.677,0.0,False
Noragugume,2025,2,0,26.677,0.0,False
Noragugume,2025,3,0,26.677,0.0,False
Noragugume,2025,4,0,26.677,0.0,False
Noragugume,2025,5,0,26.677,0.0,False
Noragugume,2025,6,0,26.677,0.0,False
Noragugume,2025,7,0,26.677,0.0,False
Noragugume,2025,8,0,26.677,0.0,False
Noragugume,2025,9,0,26.677,0.0,False
Noragugume,2025,10,0,26.677,0.0,False
Noragugume,2025,11,0,26.677,0.0,False
Noragugume,2025,12,0,26.677,0.0,False
Norbello,2025,1,199,26.28,7.57,True
Norbello,2025,2,199,26.28,7.57,True
Norbello,2025,3,199,26.28,7.57,True
Norbello,2025,4,199,26.28,7.57,True
Norbello,2025,5,199,26.28,7.57,True
Norbello,2025,6,199,26.28,7.57,True
Norbello,2025,7,199,26.28,7.57,True
Norbello,2025,8,199,26.28,7.57,True
Norbello,2025,9,199,26.28,7.57,True
Norbello,2025,10,199,26.28,7.57,True
Norbello,2025,11,199,26.28,7.57,True
Norbello,2025,12,199,26.28,7.57,True
Nughedu San Nicolò,2025,1,111,67.512,1.64,True
Nughedu San Nicolò,2025,2,111,67.512,1.64,True
Nughedu San Nicolò,2025,3,111,67.512,1.64,True
Nughedu San Nicolò,2025,4,111,67.512,1.64,True
Nughedu San Nicolò,2025,5,111,67.512,1.64,True
Nughedu San Nicolò,2025,6,111,67.512,1.64,True
Nughedu San Nicolò,2025,7,111,67.512,1.64,True
Nughedu San Nicolò,2025,8,111,67.512,1.64,True
Nughedu San Nicolò,2025,9,111,67.512,1.64,True
Nughedu San Nicolò,2025,10,111,67.512,1.64,True
Nughedu San Nicolò,2025,11,111,67.512,1.64,True
Nughedu San Nicolò,2025,12,111,67.512,1.64,True
Nughedu Santa Vittoria,2025,1,8,28.519,0.28,True
Nughedu Santa Vittoria,2025,2,8,28.519,0.28,True
Nughedu Santa Vittoria,2025,3,8,28.519,0.28,True
Nughedu Santa Vittoria,2025,4,8,28.519,0.28,True
Nughedu Santa Vittoria,2025,5,8,28.519,0.28,True
Nughedu Santa Vittoria,2025,6,8,28.519,0.28,True
Nughedu Santa Vittoria,2025,7,8,28.519,0.28,True
Nughedu Santa Vittoria,2025,8,8,28.519,0.28,True
Nughedu Santa Vittoria,2025,9,8,28.519,0.28,True
Nughedu Santa Vittoria,2025,10,8,28.519,0.28,True
Nughedu Santa Vittoria,2025,11,8,28.519,0.28,True
Nughedu Santa Vittoria,2025,12,8,28.519,0.28,True
Nule,2025,1,7,51.678,0.14,True
Nule,2025,2,7,51.678,0.14,True
Nule,2025,3,7,51.678,0.14,True
Nule,2025,4,7,51.678,0.14,True
Nule,2025,5,7,51.678,0.14,True
Nule,2025,6,7,51.678,0.14,True
Nule,2025,7,7,51.678,0.14,True
Nule,2025,8,7,51.678,0.14,True
Nule,2025,9,7,51.678,0.14,True
Nule,2025,10,7,51.678,0.14,True
Nule,2025,11,7,51.678,0.14,True
Nule,2025,12,7,51.678,0.14,True
Nulvi,2025,1,270,67.466,4.0,True
Nulvi,2025,2,270,67.466,4.0,True
Nulvi,2025,3,270,67.466,4.0,True
Nulvi,2025,4,270,67.466,4.0,True
Nulvi,2025,5,270,67.466,4.0,True
Nulvi,2025,6,270,67.466,4.0,True
Nulvi,2025,7,270,67.466,4.0,True
Nulvi,2025,8,270,67.466,4.0,True
Nulvi,2025,9,270,67.466,4.0,True
Nulvi,2025,10,270,67.466,4.0,True
Nulvi,2025,11,270,67.466,4.0,True
Nulvi,2025,12,270,67.466,4.0,True
Nuoro,2025,1,885,192.395,4.6,True
Nuoro,2025,2,885,192.395,4.6,True
Nuoro,2025,3,885,192.395,4.6,True
Nuoro,2025,4,885,192.395,4.6,True
Nuoro,2025,5,885,192.395,4.6,True
Nuoro,2025,6,885,192.395,4.6,True
Nuoro,2025,7,885,192.395,4.6,True
Nuoro,2025,8,885,192.395,4.6,True
Nuoro,2025,9,885,192.395,4.6,True
Nuoro,2025,10,885,192.395,4.6,True
Nuoro,2025,11,885,192.395,4.6,True
Nuoro,2025,12,885,192.395,4.6,True
Nurachi,2025,1,274,16.042,17.08,True
Nurachi,2025,2,274,16.042,17.08,True
Nurachi,2025,3,274,16.042,17.08,True
Nurachi,2025,4,274,16.042,17.08,True
Nurachi,2025,5,274,16.042,17.08,True
Nurachi,2025,6,274,16.042,17.08,True
Nurachi,2025,7,274,16.042,17.08,True
Nurachi,2025,8,274,16.042,17.08,True
Nurachi,2025,9,274,16.042,17.08,True
Nurachi,2025,10,274,16.042,17.08,True
Nurachi,2025,11,274,16.042,17.08,True
Nurachi,2025,12,274,16.042,17.08,True
Nuragus,2025,1,13,19.476,0.67,True
Nuragus,2025,2,13,19.476,0.67,True
Nuragus,2025,3,13,19.476,0.67,True
Nuragus,2025,4,13,19.476,0.67,True
Nuragus,2025,5,13,19.476,0.67,True
Nuragus,2025,6,13,19.476,0.67,True
Nuragus,2025,7,13,19.476,0.67,True
Nuragus,2025,8,13,19.476,0.67,True
Nuragus,2025,9,13,19.476,0.67,True
Nuragus,2025,10,13,19.476,0.67,True
Nuragus,2025,11,13,19.476,0.67,True
Nuragus,2025,12,13,19.476,0.67,True
Nurallao,2025,1,23,34.882,0.66,True
Nurallao,2025,2,23,34.882,0.66,True
Nurallao,2025,3,23,34.882,0.66,True
Nurallao,2025,4,23,34.882,0.66,True
Nurallao,2025,5,23,34.882,0.66,True
Nurallao,2025,6,23,34.882,0.66,True
Nurallao,2025,7,23,34.882,0.66,True
Nurallao,2025,8,23,34.882,0.66,True
Nurallao,2025,9,23,34.882,0.66,True
Nurallao,2025,10,23,34.882,0.66,True
Nurallao,2025,11,23,34.882,0.66,True
Nurallao,2025,12,23,34.882,0.66,True
Nuraminis,2025,1,47,45.107,1.04,True
Nuraminis,2025,2,47,45.107,1.04,True
Nuraminis,2025,3,47,45.107,1.04,True
Nuraminis,2025,4,47,45.107,1.04,True
Nuraminis,2025,5,47,45.107,1.04,True
Nuraminis,2025,6,47,45.107,1.04,True
Nuraminis,2025,7,47,45.107,1.04,True
Nuraminis,2025,8,47,45.107,1.04,True
Nuraminis,2025,9,47,45.107,1.04,True
Nuraminis,2025,10,47,45.107,1.04,True
Nuraminis,2025,11,47,45.107,1.04,True
Nuraminis,2025,12,47,45.107,1.04,True
Nureci,2025,1,8,13.127,0.61,True
Nureci,2025,2,8,13.127,0.61,True
Nureci,2025,3,8,13.127,0.61,True
Nureci,2025,4,8,13.127,0.61,True
Nureci,2025,5,8,13.127,0.61,True
Nureci,2025,6,8,13.127,0.61,True
Nureci,2025,7,8,13.127,0.61,True
Nureci,2025,8,8,13.127,0.61,True
Nureci,2025,9,8,13.127,0.61,True
Nureci,2025,10,8,13.127,0.61,True
Nureci,2025,11,8,13.127,0.61,True
Nureci,2025,12,8,13.127,0.61,True
Nurri,2025,1,34,73.929,0.46,True
Nurri,2025,2,34,73.929,0.46,True
Nurri,2025,3,34,73.929,0.46,True
Nurri,2025,4,34,73.929,0.46,True
Nurri,2025,5,34,73.929,0.46,True
Nurri,2025,6,34,73.929,0.46,True
Nurri,2025,7,34,73.929,0.46,True
Nurri,2025,8,34,73.929,0.46,True
Nurri,2025,9,34,73.929,0.46,True
Nurri,2025,10,34,73.929,0.46,True
Nurri,2025,11,34,73.929,0.46,True
Nurri,2025,12,34,73.929,0.46,True
Nuxis,2025,1,41,61.642,0.67,True
Nuxis,2025,2,41,61.642,0.67,True
Nuxis,2025,3,41,61.642,0.67,True
Nuxis,2025,4,41,61.642,0.67,True
Nuxis,2025,5,41,61.642,0.67,True
Nuxis,2025,6,41,61.642,0.67,True
Nuxis,2025,7,41,61.642,0.67,True
Nuxis,2025,8,41,61.642,0.67,True
Nuxis,2025,9,41,61.642,0.67,True
Nuxis,2025,10,41,61.642,0.67,True
Nuxis,2025,11,41,61.642,0.67,True
Nuxis,2025,12,41,61.642,0.67,True
Olbia,2025,1,30267,385.439,78.53,True
Olbia,2025,2,30267,385.439,78.53,True
Olbia,2025,3,30267,385.439,78.53,True
Olbia,2025,4,30267,385.439,78.53,True
Olbia,2025,5,30267,385.439,78.53,True
Olbia,2025,6,30267,385.439,78.53,True
Olbia,2025,7,30267,385.439,78.53,True
Olbia,2025,8,30267,385.439,78.53,True
Olbia,2025,9,30267,385.439,78.53,True
Olbia,2025,10,30267,385.439,78.53,True
Olbia,2025,11,30267,385.439,78.53,True
Olbia,2025,12,30267,385.439,78.53,True
Oliena,2025,1,434,166.001,2.61,True
Oliena,2025,2,434,166.001,2.61,True
Oliena,2025,3,434,166.001,2.61,True
Oliena,2025,4,434,166.001,2.61,True
Oliena,2025,5,434,166.001,2.61,True
Oliena,2025,6,434,166.001,2.61,True
Oliena,2025,7,434,166.001,2.61,True
Oliena,2025,8,434,166.001,2.61,True
Oliena,2025,9,434,166.001,2.61,True
Oliena,2025,10,434,166.001,2.61,True
Oliena,2025,11,434,166.001,2.61,True
Oliena,2025,12,434,166.001,2.61,True
Ollastra,2025,1,0,21.623,0.0,False
Ollastra,2025,2,0,21.623,0.0,False
Ollastra,2025,3,0,21.623,0.0,False
Ollastra,2025,4,0,21.623,0.0,False
Ollastra,2025,5,0,21.623,0.0,False
Ollastra,2025,6,0,21.623,0.0,False
Ollastra,2025,7,0,21.623,0.0,False
Ollastra,2025,8,0,21.623,0.0,False
Ollastra,2025,9,0,21.623,0.0,False
Ollastra,2025,10,0,21.623,0.0,False
Ollastra,2025,11,0,21.623,0.0,False
Ollastra,2025,12,0,21.623,0.0,False
Ollolai,2025,1,40,27.058,1.48,True
Ollolai,2025,2,40,27.058,1.48,True
Ollolai,2025,3,40,27.058,1.48,True
Ollolai,2025,4,40,27.058,1.48,True
Ollolai,2025,5,40,27.058,1.48,True
Ollolai,2025,6,40,27.058,1.48,True
Ollolai,2025,7,40,27.058,1.48,True
Ollolai,2025,8,40,27.058,1.48,True
Ollolai,2025,9,40,27.058,1.48,True
Ollolai,2025,10,40,27.058,1.48,True
Ollolai,2025,11,40,27.058,1.48,True
Ollolai,2025,12,40,27.058,1.48,True
Olmedo,2025,1,605,33.719,17.94,True
Olmedo,2025,2,605,33.719,17.94,True
Olmedo,2025,3,605,33.719,17.94,True
Olmedo,2025,4,605,33.719,17.94,True
Olmedo,2025,5,605,33.719,17.94,True
Olmedo,2025,6,605,33.719,17.94,True
Olmedo,2025,7,605,33.719,17.94,True
Olmedo,2025,8,605,33.719,17.94,True
Olmedo,2025,9,605,33.719,17.94,True
Olmedo,2025,10,605,33.719,17.94,True
Olmedo,2025,11,605,33.719,17.94,True
Olmedo,2025,12,605,33.719,17.94,True
Olzai,2025,1,10,69.684,0.14,True
Olzai,2025,2,10,69.684,0.14,True
Olzai,2025,3,10,69.684,0.14,True
Olzai,2025,4,10,69.684,0.14,True
Olzai,2025,5,10,69.684,0.14,True
Olzai,2025,6,10,69.684,0.14,True
Olzai,2025,7,10,69.684,0.14,True
Olzai,2025,8,10,69.684,0.14,True
Olzai,2025,9,10,69.684,0.14,True
Olzai,2025,10,10,69.684,0.14,True
Olzai,2025,11,10,69.684,0.14,True
Olzai,2025,12,10,69.684,0.14,True
Onanì,2025,1,4,72.265,0.06,True
Onanì,2025,2,4,72.265,0.06,True
Onanì,2025,3,4,72.265,0.06,True
Onanì,2025,4,4,72.265,0.06,True
Onanì,2025,5,4,72.265,0.06,True
Onanì,2025,6,4,72.265,0.06,True
Onanì,2025,7,4,72.265,0.06,True
Onanì,2025,8,4,72.265,0.06,True
Onanì,2025,9,4,72.265,0.06,True
Onanì,2025,10,4,72.265,0.06,True
Onanì,2025,11,4,72.265,0.06,True
Onanì,2025,12,4,72.265,0.06,True
Onifai,2025,1,86,43.392,1.98,True
Onifai,2025,2,86,43.392,1.98,True
Onifai,2025,3,86,43.392,1.98,True
Onifai,2025,4,86,43.392,1.98,True
Onifai,2025,5,86,43.392,1.98,True
Onifai,2025,6,86,43.392,1.98,True
Onifai,2025,7,86,43.392,1.98,True
Onifai,2025,8,86,43.392,1.98,True
Onifai,2025,9,86,43.392,1.98,True
Onifai,2025,10,86,43.392,1.98,True
Onifai,2025,11,86,43.392,1.98,True
Onifai,2025,12,86,43.392,1.98,True
Oniferi,2025,1,12,35.741,0.34,True
Oniferi,2025,2,12,35.741,0.34,True
Oniferi,2025,3,12,35.741,0.34,True
Oniferi,2025,4,12,35.741,0.34,True
Oniferi,2025,5,12,35.741,0.34,True
Oniferi,2025,6,12,35.741,0.34,True
Oniferi,2025,7,12,35.741,0.34,True
Oniferi,2025,8,12,35.741,0.34,True
Oniferi,2025,9,12,35.741,0.34,True
Oniferi,2025,10,12,35.741,0.34,True
Oniferi,2025,11,12,35.741,0.34,True
Oniferi,2025,12,12,35.741,0.34,True
Orani,2025,1,62,129.949,0.48,True
Orani,2025,2,62,129.949,0.48,True
Orani,2025,3,62,129.949,0.48,True
Orani,2025,4,62,129.949,0.48,True
Orani,2025,5,62,129.949,0.48,True
Orani,2025,6,62,129.949,0.48,True
Orani,2025,7,62,129.949,0.48,True
Orani,2025,8,62,129.949,0.48,True
Orani,2025,9,62,129.949,0.48,True
Orani,2025,10,62,129.949,0.48,True
Orani,2025,11,62,129.949,0.48,True
Orani,2025,12,62,129.949,0.48,True
Orgosolo,2025,1,302,222.527,1.36,True
Orgosolo,2025,2,302,222.527,1.36,True
Orgosolo,2025,3,302,222.527,1.36,True
Orgosolo,2025,4,302,222.527,1.36,True
Orgosolo,2025,5,302,222.527,1.36,True
Orgosolo,2025,6,302,222.527,1.36,True
Orgosolo,2025,7,302,222.527,1.36,True
Orgosolo,2025,8,302,222.527,1.36,True
Orgosolo,2025,9,302,222.527,1.36,True
Orgosolo,2025,10,302,222.527,1.36,True
Orgosolo,2025,11,302,222.527,1.36,True
Orgosolo,2025,12,302,222.527,1.36,True
Oristano,2025,1,3547,84.57,41.94,True
Oristano,2025,2,3547,84.57,41.94,True
Oristano,2025,3,3547,84.57,41.94,True
Oristano,2025,4,3547,84.57,41.94,True
Oristano,2025,5,3547,84.57,41.94,True
Oristano,2025,6,3547,84.57,41.94,True
Oristano,2025,7,3547,84.57,41.94,True
Oristano,2025,8,3547,84.57,41.94,True
Oristano,2025,9,3547,84.57,41.94,True
Oristano,2025,10,3547,84.57,41.94,True
Oristano,2025,11,3547,84.57,41.94,True
Oristano,2025,12,3547,84.57,41.94,True
Orosei,2025,1,13381,90.981,147.07,True
Orosei,2025,2,13381,90.981,147.07,True
Orosei,2025,3,13381,90.981,147.07,True
Orosei,2025,4,13381,90.981,147.07,True
Orosei,2025,5,13381,90.981,147.07,True
Orosei,2025,6,13381,90.981,147.07,True
Orosei,2025,7,13381,90.981,147.07,True
Orosei,2025,8,13381,90.981,147.07,True
Orosei,2025,9,13381,90.981,147.07,True
Orosei,2025,10,13381,90.981,147.07,True
Orosei,2025,11,13381,90.981,147.07,True
Orosei,2025,12,13381,90.981,147.07,True
Orotelli,2025,1,9,61.467,0.15,True
Orotelli,2025,2,9,61.467,0.15,True
Orotelli,2025,3,9,61.467,0.15,True
Orotelli,2025,4,9,61.467,0.15,True
Orotelli,2025,5,9,61.467,0.15,True
Orotelli,2025,6,9,61.467,0.15,True
Orotelli,2025,7,9,61.467,0.15,True
Orotelli,2025,8,9,61.467,0.15,True
Orotelli,2025,9,9,61.467,0.15,True
Orotelli,2025,10,9,61.467,0.15,True
Orotelli,2025,11,9,61.467,0.15,True
Orotelli,2025,12,9,61.467,0.15,True
Orroli,2025,1,93,75.919,1.22,True
Orroli,2025,2,93,75.919,1.22,True
Orroli,2025,3,93,75.919,1.22,True
Orroli,2025,4,93,75.919,1.22,True
Orroli,2025,5,93,75.919,1.22,True
Orroli,2025,6,93,75.919,1.22,True
Orroli,2025,7,93,75.919,1.22,True
Orroli,2025,8,93,75.919,1.22,True
Orroli,2025,9,93,75.919,1.22,True
Orroli,2025,10,93,75.919,1.22,True
Orroli,2025,11,93,75.919,1.22,True
Orroli,2025,12,93,75.919,1.22,True
Ortacesus,2025,1,0,23.807,0.0,False
Ortacesus,2025,2,0,23.807,0.0,False
Ortacesus,2025,3,0,23.807,0.0,False
Ortacesus,2025,4,0,23.807,0.0,False
Ortacesus,2025,5,0,23.807,0.0,False
Ortacesus,2025,6,0,23.807,0.0,False
Ortacesus,2025,7,0,23.807,0.0,False
Ortacesus,2025,8,0,23.807,0.0,False
Ortacesus,2025,9,0,23.807,0.0,False
Ortacesus,2025,10,0,23.807,0.0,False
Ortacesus,2025,11,0,23.807,0.0,False
Ortacesus,2025,12,0,23.807,0.0,False
Ortueri,2025,1,42,38.791,1.08,True
Ortueri,2025,2,42,38.791,1.08,True
Ortueri,2025,3,42,38.791,1.08,True
Ortueri,2025,4,42,38.791,1.08,True
Ortueri,2025,5,42,38.791,1.08,True
Ortueri,2025,6,42,38.791,1.08,True
Ortueri,2025,7,42,38.791,1.08,True
Ortueri,2025,8,42,38.791,1.08,True
Ortueri,2025,9,42,38.791,1.08,True
Ortueri,2025,10,42,38.791,1.08,True
Ortueri,2025,11,42,38.791,1.08,True
Ortueri,2025,12,42,38.791,1.08,True
Orune,2025,1,16,128.249,0.12,True
Orune,2025,2,16,128.249,0.12,True
Orune,2025,3,16,128.249,0.12,True
Orune,2025,4,16,128.249,0.12,True
Orune,2025,5,16,128.249,0.12,True
Orune,2025,6,16,128.249,0.12,True
Orune,2025,7,16,128.249,0.12,True
Orune,2025,8,16,128.249,0.12,True
Orune,2025,9,16,128.249,0.12,True
Orune,2025,10,16,128.249,0.12,True
Orune,2025,11,16,128.249,0.12,True
Orune,2025,12,16,128.249,0.12,True
Oschiri,2025,1,72,215.496,0.33,True
Oschiri,2025,2,72,215.496,0.33,True
Oschiri,2025,3,72,215.496,0.33,True
Oschiri,2025,4,72,215.496,0.33,True
Oschiri,2025,5,72,215.496,0.33,True
Oschiri,2025,6,72,215.496,0.33,True
Oschiri,2025,7,72,215.496,0.33,True
Oschiri,2025,8,72,215.496,0.33,True
Oschiri,2025,9,72,215.496,0.33,True
Oschiri,2025,10,72,215.496,0.33,True
Oschiri,2025,11,72,215.496,0.33,True
Oschiri,2025,12,72,215.496,0.33,True
Osidda,2025,1,26,26.0,1.0,True
Osidda,2025,2,26,26.0,1.0,True
Osidda,2025,3,26,26.0,1.0,True
Osidda,2025,4,26,26.0,1.0,True
Osidda,2025,5,26,26.0,1.0,True
Osidda,2025,6,26,26.0,1.0,True
Osidda,2025,7,26,26.0,1.0,True
Osidda,2025,8,26,26.0,1.0,True
Osidda,2025,9,26,26.0,1.0,True
Osidda,2025,10,26,26.0,1.0,True
Osidda,2025,11,26,26.0,1.0,True
Osidda,2025,12,26,26.0,1.0,True
Osilo,2025,1,78,97.741,0.8,True
Osilo,2025,2,78,97.741,0.8,True
Osilo,2025,3,78,97.741,0.8,True
Osilo,2025,4,78,97.741,0.8,True
Osilo,2025,5,78,97.741,0.8,True
Osilo,2025,6,78,97.741,0.8,True
Osilo,2025,7,78,97.741,0.8,True
Osilo,2025,8,78,97.741,0.8,True
Osilo,2025,9,78,97.741,0.8,True
Osilo,2025,10,78,97.741,0.8,True
Osilo,2025,11,78,97.741,0.8,True
Osilo,2025,12,78,97.741,0.8,True
Osini,2025,1,142,39.55,3.59,True
Osini,2025,2,142,39.55,3.59,True
Osini,2025,3,142,39.55,3.59,True
Osini,2025,4,142,39.55,3.59,True
Osini,2025,5,142,39.55,3.59,True
Osini,2025,6,142,39.55,3.59,True
Osini,2025,7,142,39.55,3.59,True
Osini,2025,8,142,39.55,3.59,True
Osini,2025,9,142,39.55,3.59,True
Osini,2025,10,142,39.55,3.59,True
Osini,2025,11,142,39.55,3.59,True
Osini,2025,12,142,39.55,3.59,True
Ossi,2025,1,84,30.137,2.79,True
Ossi,2025,2,84,30.137,2.79,True
Ossi,2025,3,84,30.137,2.79,True
Ossi,2025,4,84,30.137,2.79,True
Ossi,2025,5,84,30.137,2.79,True
Ossi,2025,6,84,30.137,2.79,True
Ossi,2025,7,84,30.137,2.79,True
Ossi,2025,8,84,30.137,2.79,True
Ossi,2025,9,84,30.137,2.79,True
Ossi,2025,10,84,30.137,2.79,True
Ossi,2025,11,84,30.137,2.79,True
Ossi,2025,12,84,30.137,2.79,True
Ottana,2025,1,67,45.342,1.48,True
Ottana,2025,2,67,45.342,1.48,True
Ottana,2025,3,67,45.342,1.48,True
Ottana,2025,4,67,45.342,1.48,True
Ottana,2025,5,67,45.342,1.48,True
Ottana,2025,6,67,45.342,1.48,True
Ottana,2025,7,67,45.342,1.48,True
Ottana,2025,8,67,45.342,1.48,True
Ottana,2025,9,67,45.342,1.48,True
Ottana,2025,10,67,45.342,1.48,True
Ottana,2025,11,67,45.342,1.48,True
Ottana,2025,12,67,45.342,1.48,True
Ovodda,2025,1,13,40.845,0.32,True
Ovodda,2025,2,13,40.845,0.32,True
Ovodda,2025,3,13,40.845,0.32,True
Ovodda,2025,4,13,40.845,0.32,True
Ovodda,2025,5,13,40.845,0.32,True
Ovodda,2025,6,13,40.845,0.32,True
Ovodda,2025,7,13,40.845,0.32,True
Ovodda,2025,8,13,40.845,0.32,True
Ovodda,2025,9,13,40.845,0.32,True
Ovodda,2025,10,13,40.845,0.32,True
Ovodda,2025,11,13,40.845,0.32,True
Ovodda,2025,12,13,40.845,0.32,True
Ozieri,2025,1,170,252.765,0.67,True
Ozieri,2025,2,170,252.765,0.67,True
Ozieri,2025,3,170,252.765,0.67,True
Ozieri,2025,4,170,252.765,0.67,True
Ozieri,2025,5,170,252.765,0.67,True
Ozieri,2025,6,170,252.765,0.67,True
Ozieri,2025,7,170,252.765,0.67,True
Ozieri,2025,8,170,252.765,0.67,True
Ozieri,2025,9,170,252.765,0.67,True
Ozieri,2025,10,170,252.765,0.67,True
Ozieri,2025,11,170,252.765,0.67,True
Ozieri,2025,12,170,252.765,0.67,True
Pabillonis,2025,1,34,37.608,0.9,True
Pabillonis,2025,2,34,37.608,0.9,True
Pabillonis,2025,3,34,37.608,0.9,True
Pabillonis,2025,4,34,37.608,0.9,True
Pabillonis,2025,5,34,37.608,0.9,True
Pabillonis,2025,6,34,37.608,0.9,True
Pabillonis,2025,7,34,37.608,0.9,True
Pabillonis,2025,8,34,37.608,0.9,True
Pabillonis,2025,9,34,37.608,0.9,True
Pabillonis,2025,10,34,37.608,0.9,True
Pabillonis,2025,11,34,37.608,0.9,True
Pabillonis,2025,12,34,37.608,0.9,True
Padria,2025,1,24,48.483,0.5,True
Padria,2025,2,24,48.483,0.5,True
Padria,2025,3,24,48.483,0.5,True
Padria,2025,4,24,48.483,0.5,True
Padria,2025,5,24,48.483,0.5,True
Padria,2025,6,24,48.483,0.5,True
Padria,2025,7,24,48.483,0.5,True
Padria,2025,8,24,48.483,0.5,True
Padria,2025,9,24,48.483,0.5,True
Padria,2025,10,24,48.483,0.5,True
Padria,2025,11,24,48.483,0.5,True
Padria,2025,12,24,48.483,0.5,True
Padru,2025,1,236,158.056,1.49,True
Padru,2025,2,236,158.056,1.49,True
Padru,2025,3,236,158.056,1.49,True
Padru,2025,4,236,158.056,1.49,True
Padru,2025,5,236,158.056,1.49,True
Padru,2025,6,236,158.056,1.49,True
Padru,2025,7,236,158.056,1.49,True
Padru,2025,8,236,158.056,1.49,True
Padru,2025,9,236,158.056,1.49,True
Padru,2025,10,236,158.056,1.49,True
Padru,2025,11,236,158.056,1.49,True
Padru,2025,12,236,158.056,1.49,True
Palau,2025,1,14398,44.722,321.94,True
Palau,2025,2,14398,44.722,321.94,True
Palau,2025,3,14398,44.722,321.94,True
Palau,2025,4,14398,44.722,321.94,True
Palau,2025,5,14398,44.722,321.94,True
Palau,2025,6,14398,44.722,321.94,True
Palau,2025,7,14398,44.722,321.94,True
Palau,2025,8,14398,44.722,321.94,True
Palau,2025,9,14398,44.722,321.94,True
Palau,2025,10,14398,44.722,321.94,True
Palau,2025,11,14398,44.722,321.94,True
Palau,2025,12,14398,44.722,321.94,True
Palmas Arborea,2025,1,38,39.451,0.96,True
Palmas Arborea,2025,2,38,39.451,0.96,True
Palmas Arborea,2025,3,38,39.451,0.96,True
Palmas Arborea,2025,4,38,39.451,0.96,True
Palmas Arborea,2025,5,38,39.451,0.96,True
Palmas Arborea,2025,6,38,39.451,0.96,True
Palmas Arborea,2025,7,38,39.451,0.96,True
Palmas Arborea,2025,8,38,39.451,0.96,True
Palmas Arborea,2025,9,38,39.451,0.96,True
Palmas Arborea,2025,10,38,39.451,0.96,True
Palmas Arborea,2025,11,38,39.451,0.96,True
Palmas Arborea,2025,12,38,39.451,0.96,True
Pattada,2025,1,115,164.531,0.7,True
Pattada,2025,2,115,164.531,0.7,True
Pattada,2025,3,115,164.531,0.7,True
Pattada,2025,4,115,164.531,0.7,True
Pattada,2025,5,115,164.531,0.7,True
Pattada,2025,6,115,164.531,0.7,True
Pattada,2025,7,115,164.531,0.7,True
Pattada,2025,8,115,164.531,0.7,True
Pattada,2025,9,115,164.531,0.7,True
Pattada,2025,10,115,164.531,0.7,True
Pattada,2025,11,115,164.531,0.7,True
Pattada,2025,12,115,164.531,0.7,True
Pau,2025,1,12,13.882,0.86,True
Pau,2025,2,12,13.882,0.86,True
Pau,2025,3,12,13.882,0.86,True
Pau,2025,4,12,13.882,0.86,True
Pau,2025,5,12,13.882,0.86,True
Pau,2025,6,12,13.882,0.86,True
Pau,2025,7,12,13.882,0.86,True
Pau,2025,8,12,13.882,0.86,True
Pau,2025,9,12,13.882,0.86,True
Pau,2025,10,12,13.882,0.86,True
Pau,2025,11,12,13.882,0.86,True
Pau,2025,12,12,13.882,0.86,True
Pauli Arbarei,2025,1,27,15.291,1.77,True
Pauli Arbarei,2025,2,27,15.291,1.77,True
Pauli Arbarei,2025,3,27,15.291,1.77,True
Pauli Arbarei,2025,4,27,15.291,1.77,True
Pauli Arbarei,2025,5,27,15.291,1.77,True
Pauli Arbarei,2025,6,27,15.291,1.77,True
Pauli Arbarei,2025,7,27,15.291,1.77,True
Pauli Arbarei,2025,8,27,15.291,1.77,True
Pauli Arbarei,2025,9,27,15.291,1.77,True
Pauli Arbarei,2025,10,27,15.291,1.77,True
Pauli Arbarei,2025,11,27,15.291,1.77,True
Pauli Arbarei,2025,12,27,15.291,1.77,True
Paulilatino,2025,1,93,104.326,0.89,True
Paulilatino,2025,2,93,104.326,0.89,True
Paulilatino,2025,3,93,104.326,0.89,True
Paulilatino,2025,4,93,104.326,0.89,True
Paulilatino,2025,5,93,104.326,0.89,True
Paulilatino,2025,6,93,104.326,0.89,True
Paulilatino,2025,7,93,104.326,0.89,True
Paulilatino,2025,8,93,104.326,0.89,True
Paulilatino,2025,9,93,104.326,0.89,True
Paulilatino,2025,10,93,104.326,0.89,True
Paulilatino,2025,11,93,104.326,0.89,True
Paulilatino,2025,12,93,104.326,0.89,True
Perdasdefogu,2025,1,14,78.09,0.18,True
Perdasdefogu,2025,2,14,78.09,0.18,True
Perdasdefogu,2025,3,14,78.09,0.18,True
Perdasdefogu,2025,4,14,78.09,0.18,True
Perdasdefogu,2025,5,14,78.09,0.18,True
Perdasdefogu,2025,6,14,78.09,0.18,True
Perdasdefogu,2025,7,14,78.09,0.18,True
Perdasdefogu,2025,8,14,78.09,0.18,True
Perdasdefogu,2025,9,14,78.09,0.18,True
Perdasdefogu,2025,10,14,78.09,0.18,True
Perdasdefogu,2025,11,14,78.09,0.18,True
Perdasdefogu,2025,12,14,78.09,0.18,True
Perdaxius,2025,1,41,29.692,1.38,True
Perdaxius,2025,2,41,29.692,1.38,True
Perdaxius,2025,3,41,29.692,1.38,True
Perdaxius,2025,4,41,29.692,1.38,True
Perdaxius,2025,5,41,29.692,1.38,True
Perdaxius,2025,6,41,29.692,1.38,True
Perdaxius,2025,7,41,29.692,1.38,True
Perdaxius,2025,8,41,29.692,1.38,True
Perdaxius,2025,9,41,29.692,1.38,True
Perdaxius,2025,10,41,29.692,1.38,True
Perdaxius,2025,11,41,29.692,1.38,True
Perdaxius,2025,12,41,29.692,1.38,True
Perfugas,2025,1,131,60.924,2.15,True
Perfugas,2025,2,131,60.924,2.15,True
Perfugas,2025,3,131,60.924,2.15,True
Perfugas,2025,4,131,60.924,2.15,True
Perfugas,2025,5,131,60.924,2.15,True
Perfugas,2025,6,131,60.924,2.15,True
Perfugas,2025,7,131,60.924,2.15,True
Perfugas,2025,8,131,60.924,2.15,True
Perfugas,2025,9,131,60.924,2.15,True
Perfugas,2025,10,131,60.924,2.15,True
Perfugas,2025,11,131,60.924,2.15,True
Perfugas,2025,12,131,60.924,2.15,True
Pimentel,2025,1,23,15.147,1.52,True
Pimentel,2025,2,23,15.147,1.52,True
Pimentel,2025,3,23,15.147,1.52,True
Pimentel,2025,4,23,15.147,1.52,True
Pimentel,2025,5,23,15.147,1.52,True
Pimentel,2025,6,23,15.147,1.52,True
Pimentel,2025,7,23,15.147,1.52,True
Pimentel,2025,8,23,15.147,1.52,True
Pimentel,2025,9,23,15.147,1.52,True
Pimentel,2025,10,23,15.147,1.52,True
Pimentel,2025,11,23,15.147,1.52,True
Pimentel,2025,12,23,15.147,1.52,True
Piscinas,2025,1,74,16.815,4.4,True
Piscinas,2025,2,74,16.815,4.4,True
Piscinas,2025,3,74,16.815,4.4,True
Piscinas,2025,4,74,16.815,4.4,True
Piscinas,2025,5,74,16.815,4.4,True
Piscinas,2025,6,74,16.815,4.4,True
Piscinas,2025,7,74,16.815,4.4,True
Piscinas,2025,8,74,16.815,4.4,True
Piscinas,2025,9,74,16.815,4.4,True
Piscinas,2025,10,74,16.815,4.4,True
Piscinas,2025,11,74,16.815,4.4,True
Piscinas,2025,12,74,16.815,4.4,True
Ploaghe,2025,1,46,95.762,0.48,True
Ploaghe,2025,2,46,95.762,0.48,True
Ploaghe,2025,3,46,95.762,0.48,True
Ploaghe,2025,4,46,95.762,0.48,True
Ploaghe,2025,5,46,95.762,0.48,True
Ploaghe,2025,6,46,95.762,0.48,True
Ploaghe,2025,7,46,95.762,0.48,True
Ploaghe,2025,8,46,95.762,0.48,True
Ploaghe,2025,9,46,95.762,0.48,True
Ploaghe,2025,10,46,95.762,0.48,True
Ploaghe,2025,11,46,95.762,0.48,True
Ploaghe,2025,12,46,95.762,0.48,True
Pompu,2025,1,14,5.383,2.6,True
Pompu,2025,2,14,5.383,2.6,True
Pompu,2025,3,14,5.383,2.6,True
Pompu,2025,4,14,5.383,2.6,True
Pompu,2025,5,14,5.383,2.6,True
Pompu,2025,6,14,5.383,2.6,True
Pompu,2025,7,14,5.383,2.6,True
Pompu,2025,8,14,5.383,2.6,True
Pompu,2025,9,14,5.383,2.6,True
Pompu,2025,10,14,5.383,2.6,True
Pompu,2025,11,14,5.383,2.6,True
Pompu,2025,12,14,5.383,2.6,True
Porto Torres,2025,1,2132,104.514,20.4,True
Porto Torres,2025,2,2132,104.514,20.4,True
Porto Torres,2025,3,2132,104.514,20.4,True
Porto Torres,2025,4,2132,104.514,20.4,True
Porto Torres,2025,5,2132,104.514,20.4,True
Porto Torres,2025,6,2132,104.514,20.4,True
Porto Torres,2025,7,2132,104.514,20.4,True
Porto Torres,2025,8,2132,104.514,20.4,True
Porto Torres,2025,9,2132,104.514,20.4,True
Porto Torres,2025,10,2132,104.514,20.4,True
Porto Torres,2025,11,2132,104.514,20.4,True
Porto Torres,2025,12,2132,104.514,20.4,True
Portoscuso,2025,1,930,38.47,24.17,True
Portoscuso,2025,2,930,38.47,24.17,True
Portoscuso,2025,3,930,38.47,24.17,True
Portoscuso,2025,4,930,38.47,24.17,True
Portoscuso,2025,5,930,38.47,24.17,True
Portoscuso,2025,6,930,38.47,24.17,True
Portoscuso,2025,7,930,38.47,24.17,True
Portoscuso,2025,8,930,38.47,24.17,True
Portoscuso,2025,9,930,38.47,24.17,True
Portoscuso,2025,10,930,38.47,24.17,True
Portoscuso,2025,11,930,38.47,24.17,True
Portoscuso,2025,12,930,38.47,24.17,True
Posada,2025,1,2651,33.086,80.12,True
Posada,2025,2,2651,33.086,80.12,True
Posada,2025,3,2651,33.086,80.12,True
Posada,2025,4,2651,33.086,80.12,True
Posada,2025,5,2651,33.086,80.12,True
Posada,2025,6,2651,33.086,80.12,True
Posada,2025,7,2651,33.086,80.12,True
Posada,2025,8,2651,33.086,80.12,True
Posada,2025,9,2651,33.086,80.12,True
Posada,2025,10,2651,33.086,80.12,True
Posada,2025,11,2651,33.086,80.12,True
Posada,2025,12,2651,33.086,80.12,True
Pozzomaggiore,2025,1,81,78.849,1.03,True
Pozzomaggiore,2025,2,81,78.849,1.03,True
Pozzomaggiore,2025,3,81,78.849,1.03,True
Pozzomaggiore,2025,4,81,78.849,1.03,True
Pozzomaggiore,2025,5,81,78.849,1.03,True
Pozzomaggiore,2025,6,81,78.849,1.03,True
Pozzomaggiore,2025,7,81,78.849,1.03,True
Pozzomaggiore,2025,8,81,78.849,1.03,True
Pozzomaggiore,2025,9,81,78.849,1.03,True
Pozzomaggiore,2025,10,81,78.849,1.03,True
Pozzomaggiore,2025,11,81,78.849,1.03,True
Pozzomaggiore,2025,12,81,78.849,1.03,True
Pula,2025,1,12755,138.805,91.89,True
Pula,2025,2,12755,138.805,91.89,True
Pula,2025,3,12755,138.805,91.89,True
Pula,2025,4,12755,138.805,91.89,True
Pula,2025,5,12755,138.805,91.89,True
Pula,2025,6,12755,138.805,91.89,True
Pula,2025,7,12755,138.805,91.89,True
Pula,2025,8,12755,138.805,91.89,True
Pula,2025,9,12755,138.805,91.89,True
Pula,2025,10,12755,138.805,91.89,True
Pula,2025,11,12755,138.805,91.89,True
Pula,2025,12,12755,138.805,91.89,True
Putifigari,2025,1,65,52.894,1.23,True
Putifigari,2025,2,65,52.894,1.23,True
Putifigari,2025,3,65,52.894,1.23,True
Putifigari,2025,4,65,52.894,1.23,True
Putifigari,2025,5,65,52.894,1.23,True
Putifigari,2025,6,65,52.894,1.23,True
Putifigari,2025,7,65,52.894,1.23,True
Putifigari,2025,8,65,52.894,1.23,True
Putifigari,2025,9,65,52.894,1.23,True
Putifigari,2025,10,65,52.894,1.23,True
Putifigari,2025,11,65,52.894,1.23,True
Putifigari,2025,12,65,52.894,1.23,True
Quartu Sant'Elena,2025,1,11002,96.155,114.42,True
Quartu Sant'Elena,2025,2,11002,96.155,114.42,True
Quartu Sant'Elena,2025,3,11002,96.155,114.42,True
Quartu Sant'Elena,2025,4,11002,96.155,114.42,True
Quartu Sant'Elena,2025,5,11002,96.155,114.42,True
Quartu Sant'Elena,2025,6,11002,96.155,114.42,True
Quartu Sant'Elena,2025,7,11002,96.155,114.42,True
Quartu Sant'Elena,2025,8,11002,96.155,114.42,True
Quartu Sant'Elena,2025,9,11002,96.155,114.42,True
Quartu Sant'Elena,2025,10,11002,96.155,114.42,True
Quartu Sant'Elena,2025,11,11002,96.155,114.42,True
Quartu Sant'Elena,2025,12,11002,96.155,114.42,True
Quartucciu,2025,1,437,27.749,15.75,True
Quartucciu,2025,2,437,27.749,15.75,True
Quartucciu,2025,3,437,27.749,15.75,True
Quartucciu,2025,4,437,27.749,15.75,True
Quartucciu,2025,5,437,27.749,15.75,True
Quartucciu,2025,6,437,27.749,15.75,True
Quartucciu,2025,7,437,27.749,15.75,True
Quartucciu,2025,8,437,27.749,15.75,True
Quartucciu,2025,9,437,27.749,15.75,True
Quartucciu,2025,10,437,27.749,15.75,True
Quartucciu,2025,11,437,27.749,15.75,True
Quartucciu,2025,12,437,27.749,15.75,True
Riola Sardo,2025,1,412,47.938,8.59,True
Riola Sardo,2025,2,412,47.938,8.59,True
Riola Sardo,2025,3,412,47.938,8.59,True
Riola Sardo,2025,4,412,47.938,8.59,True
Riola Sardo,2025,5,412,47.938,8.59,True
Riola Sardo,2025,6,412,47.938,8.59,True
Riola Sardo,2025,7,412,47.938,8.59,True
Riola Sardo,2025,8,412,47.938,8.59,True
Riola Sardo,2025,9,412,47.938,8.59,True
Riola Sardo,2025,10,412,47.938,8.59,True
Riola Sardo,2025,11,412,47.938,8.59,True
Riola Sardo,2025,12,412,47.938,8.59,True
Romana,2025,1,0,21.393,0.0,False
Romana,2025,2,0,21.393,0.0,False
Romana,2025,3,0,21.393,0.0,False
Romana,2025,4,0,21.393,0.0,False
Romana,2025,5,0,21.393,0.0,False
Romana,2025,6,0,21.393,0.0,False
Romana,2025,7,0,21.393,0.0,False
Romana,2025,8,0,21.393,0.0,False
Romana,2025,9,0,21.393,0.0,False
Romana,2025,10,0,21.393,0.0,False
Romana,2025,11,0,21.393,0.0,False
Romana,2025,12,0,21.393,0.0,False
Ruinas,2025,1,24,30.585,0.78,True
Ruinas,2025,2,24,30.585,0.78,True
Ruinas,2025,3,24,30.585,0.78,True
Ruinas,2025,4,24,30.585,0.78,True
Ruinas,2025,5,24,30.585,0.78,True
Ruinas,2025,6,24,30.585,0.78,True
Ruinas,2025,7,24,30.585,0.78,True
Ruinas,2025,8,24,30.585,0.78,True
Ruinas,2025,9,24,30.585,0.78,True
Ruinas,2025,10,24,30.585,0.78,True
Ruinas,2025,11,24,30.585,0.78,True
Ruinas,2025,12,24,30.585,0.78,True
Sadali,2025,1,57,49.34,1.16,True
Sadali,2025,2,57,49.34,1.16,True
Sadali,2025,3,57,49.34,1.16,True
Sadali,2025,4,57,49.34,1.16,True
Sadali,2025,5,57,49.34,1.16,True
Sadali,2025,6,57,49.34,1.16,True
Sadali,2025,7,57,49.34,1.16,True
Sadali,2025,8,57,49.34,1.16,True
Sadali,2025,9,57,49.34,1.16,True
Sadali,2025,10,57,49.34,1.16,True
Sadali,2025,11,57,49.34,1.16,True
Sadali,2025,12,57,49.34,1.16,True
Sagama,2025,1,33,11.85,2.78,True
Sagama,2025,2,33,11.85,2.78,True
Sagama,2025,3,33,11.85,2.78,True
Sagama,2025,4,33,11.85,2.78,True
Sagama,2025,5,33,11.85,2.78,True
Sagama,2025,6,33,11.85,2.78,True
Sagama,2025,7,33,11.85,2.78,True
Sagama,2025,8,33,11.85,2.78,True
Sagama,2025,9,33,11.85,2.78,True
Sagama,2025,10,33,11.85,2.78,True
Sagama,2025,11,33,11.85,2.78,True
Sagama,2025,12,33,11.85,2.78,True
Samassi,2025,1,23,42.121,0.55,True
Samassi,2025,2,23,42.121,0.55,True
Samassi,2025,3,23,42.121,0.55,True
Samassi,2025,4,23,42.121,0.55,True
Samassi,2025,5,23,42.121,0.55,True
Samassi,2025,6,23,42.121,0.55,True
Samassi,2025,7,23,42.121,0.55,True
Samassi,2025,8,23,42.121,0.55,True
Samassi,2025,9,23,42.121,0.55,True
Samassi,2025,10,23,42.121,0.55,True
Samassi,2025,11,23,42.121,0.55,True
Samassi,2025,12,23,42.121,0.55,True
Samatzai,2025,1,12,31.293,0.38,True
Samatzai,2025,2,12,31.293,0.38,True
Samatzai,2025,3,12,31.293,0.38,True
Samatzai,2025,4,12,31.293,0.38,True
Samatzai,2025,5,12,31.293,0.38,True
Samatzai,2025,6,12,31.293,0.38,True
Samatzai,2025,7,12,31.293,0.38,True
Samatzai,2025,8,12,31.293,0.38,True
Samatzai,2025,9,12,31.293,0.38,True
Samatzai,2025,10,12,31.293,0.38,True
Samatzai,2025,11,12,31.293,0.38,True
Samatzai,2025,12,12,31.293,0.38,True
Samugheo,2025,1,66,81.53,0.81,True
Samugheo,2025,2,66,81.53,0.81,True
Samugheo,2025,3,66,81.53,0.81,True
Samugheo,2025,4,66,81.53,0.81,True
Samugheo,2025,5,66,81.53,0.81,True
Samugheo,2025,6,66,81.53,0.81,True
Samugheo,2025,7,66,81.53,0.81,True
Samugheo,2025,8,66,81.53,0.81,True
Samugheo,2025,9,66,81.53,0.81,True
Samugheo,2025,10,66,81.53,0.81,True
Samugheo,2025,11,66,81.53,0.81,True
Samugheo,2025,12,66,81.53,0.81,True
San Basilio,2025,1,8,44.561,0.18,True
San Basilio,2025,2,8,44.561,0.18,True
San Basilio,2025,3,8,44.561,0.18,True
San Basilio,2025,4,8,44.561,0.18,True
San Basilio,2025,5,8,44.561,0.18,True
San Basilio,2025,6,8,44.561,0.18,True
San Basilio,2025,7,8,44.561,0.18,True
San Basilio,2025,8,8,44.561,0.18,True
San Basilio,2025,9,8,44.561,0.18,True
San Basilio,2025,10,8,44.561,0.18,True
San Basilio,2025,11,8,44.561,0.18,True
San Basilio,2025,12,8,44.561,0.18,True
San Gavino Monreale,2025,1,57,87.522,0.65,True
San Gavino Monreale,2025,2,57,87.522,0.65,True
San Gavino Monreale,2025,3,57,87.522,0.65,True
San Gavino Monreale,2025,4,57,87.522,0.65,True
San Gavino Monreale,2025,5,57,87.522,0.65,True
San Gavino Monreale,2025,6,57,87.522,0.65,True
San Gavino Monreale,2025,7,57,87.522,0.65,True
San Gavino Monreale,2025,8,57,87.522,0.65,True
San Gavino Monreale,2025,9,57,87.522,0.65,True
San Gavino Monreale,2025,10,57,87.522,0.65,True
San Gavino Monreale,2025,11,57,87.522,0.65,True
San Gavino Monreale,2025,12,57,87.522,0.65,True
San Giovanni Suergiu,2025,1,517,72.145,7.17,True
San Giovanni Suergiu,2025,2,517,72.145,7.17,True
San Giovanni Suergiu,2025,3,517,72.145,7.17,True
San Giovanni Suergiu,2025,4,517,72.145,7.17,True
San Giovanni Suergiu,2025,5,517,72.145,7.17,True
San Giovanni Suergiu,2025,6,517,72.145,7.17,True
San Giovanni Suergiu,2025,7,517,72.145,7.17,True
San Giovanni Suergiu,2025,8,517,72.145,7.17,True
San Giovanni Suergiu,2025,9,517,72.145,7.17,True
San Giovanni Suergiu,2025,10,517,72.145,7.17,True
San Giovanni Suergiu,2025,11,517,72.145,7.17,True
San Giovanni Suergiu,2025,12,517,72.145,7.17,True
San Nicolò D'Arcidano,2025,1,39,28.223,1.38,True
San Nicolò D'Arcidano,2025,2,39,28.223,1.38,True
San Nicolò D'Arcidano,2025,3,39,28.223,1.38,True
San Nicolò D'Arcidano,2025,4,39,28.223,1.38,True
San Nicolò D'Arcidano,2025,5,39,28.223,1.38,True
San Nicolò D'Arcidano,2025,6,39,28.223,1.38,True
San Nicolò D'Arcidano,2025,7,39,28.223,1.38,True
San Nicolò D'Arcidano,2025,8,39,28.223,1.38,True
San Nicolò D'Arcidano,2025,9,39,28.223,1.38,True
San Nicolò D'Arcidano,2025,10,39,28.223,1.38,True
San Nicolò D'Arcidano,2025,11,39,28.223,1.38,True
San Nicolò D'Arcidano,2025,12,39,28.223,1.38,True
San Nicolò Gerrei,2025,1,20,63.285,0.32,True
San Nicolò Gerrei,2025,2,20,63.285,0.32,True
San Nicolò Gerrei,2025,3,20,63.285,0.32,True
San Nicolò Gerrei,2025,4,20,63.285,0.32,True
San Nicolò Gerrei,2025,5,20,63.285,0.32,True
San Nicolò Gerrei,2025,6,20,63.285,0.32,True
San Nicolò Gerrei,2025,7,20,63.285,0.32,True
San Nicolò Gerrei,2025,8,20,63.285,0.32,True
San Nicolò Gerrei,2025,9,20,63.285,0.32,True
San Nicolò Gerrei,2025,10,20,63.285,0.32,True
San Nicolò Gerrei,2025,11,20,63.285,0.32,True
San Nicolò Gerrei,2025,12,20,63.285,0.32,True
San Sperate,2025,1,146,26.214,5.57,True
San Sperate,2025,2,146,26.214,5.57,True
San Sperate,2025,3,146,26.214,5.57,True
San Sperate,2025,4,146,26.214,5.57,True
San Sperate,2025,5,146,26.214,5.57,True
San Sperate,2025,6,146,26.214,5.57,True
San Sperate,2025,7,146,26.214,5.57,True
San Sperate,2025,8,146,26.214,5.57,True
San Sperate,2025,9,146,26.214,5.57,True
San Sperate,2025,10,146,26.214,5.57,True
San Sperate,2025,11,146,26.214,5.57,True
San Sperate,2025,12,146,26.214,5.57,True
San Teodoro,2025,1,21628,105.042,205.9,True
San Teodoro,2025,2,21628,105.042,205.9,True
San Teodoro,2025,3,21628,105.042,205.9,True
San Teodoro,2025,4,21628,105.042,205.9,True
San Teodoro,2025,5,21628,105.042,205.9,True
San Teodoro,2025,6,21628,105.042,205.9,True
San Teodoro,2025,7,21628,105.042,205.9,True
San Teodoro,2025,8,21628,105.042,205.9,True
San Teodoro,2025,9,21628,105.042,205.9,True
San Teodoro,2025,10,21628,105.042,205.9,True
San Teodoro,2025,11,21628,105.042,205.9,True
San Teodoro,2025,12,21628,105.042,205.9,True
San Vero Milis,2025,1,1496,72.376,20.67,True
San Vero Milis,2025,2,1496,72.376,20.67,True
San Vero Milis,2025,3,1496,72.376,20.67,True
San Vero Milis,2025,4,1496,72.376,20.67,True
San Vero Milis,2025,5,1496,72.376,20.67,True
San Vero Milis,2025,6,1496,72.376,20.67,True
San Vero Milis,2025,7,1496,72.376,20.67,True
San Vero Milis,2025,8,1496,72.376,20.67,True
San Vero Milis,2025,9,1496,72.376,20.67,True
San Vero Milis,2025,10,1496,72.376,20.67,True
San Vero Milis,2025,11,1496,72.376,20.67,True
San Vero Milis,2025,12,1496,72.376,20.67,True
San Vito,2025,1,417,231.601,1.8,True
San Vito,2025,2,417,231.601,1.8,True
San Vito,2025,3,417,231.601,1.8,True
San Vito,2025,4,417,231.601,1.8,True
San Vito,2025,5,417,231.601,1.8,True
San Vito,2025,6,417,231.601,1.8,True
San Vito,2025,7,417,231.601,1.8,True
San Vito,2025,8,417,231.601,1.8,True
San Vito,2025,9,417,231.601,1.8,True
San Vito,2025,10,417,231.601,1.8,True
San Vito,2025,11,417,231.601,1.8,True
San Vito,2025,12,417,231.601,1.8,True
Sanluri,2025,1,113,84.144,1.34,True
Sanluri,2025,2,113,84.144,1.34,True
Sanluri,2025,3,113,84.144,1.34,True
Sanluri,2025,4,113,84.144,1.34,True
Sanluri,2025,5,113,84.144,1.34,True
Sanluri,2025,6,113,84.144,1.34,True
Sanluri,2025,7,113,84.144,1.34,True
Sanluri,2025,8,113,84.144,1.34,True
Sanluri,2025,9,113,84.144,1.34,True
Sanluri,2025,10,113,84.144,1.34,True
Sanluri,2025,11,113,84.144,1.34,True
Sanluri,2025,12,113,84.144,1.34,True
Sant'Andrea Frius,2025,1,7,36.098,0.19,True
Sant'Andrea Frius,2025,2,7,36.098,0.19,True
Sant'Andrea Frius,2025,3,7,36.098,0.19,True
Sant'Andrea Frius,2025,4,7,36.098,0.19,True
Sant'Andrea Frius,2025,5,7,36.098,0.19,True
Sant'Andrea Frius,2025,6,7,36.098,0.19,True
Sant'Andrea Frius,2025,7,7,36.098,0.19,True
Sant'Andrea Frius,2025,8,7,36.098,0.19,True
Sant'Andrea Frius,2025,9,7,36.098,0.19,True
Sant'Andrea Frius,2025,10,7,36.098,0.19,True
Sant'Andrea Frius,2025,11,7,36.098,0.19,True
Sant'Andrea Frius,2025,12,7,36.098,0.19,True
Sant'Anna Arresi,2025,1,2904,36.726,79.07,True
Sant'Anna Arresi,2025,2,2904,36.726,79.07,True
Sant'Anna Arresi,2025,3,2904,36.726,79.07,True
Sant'Anna Arresi,2025,4,2904,36.726,79.07,True
Sant'Anna Arresi,2025,5,2904,36.726,79.07,True
Sant'Anna Arresi,2025,6,2904,36.726,79.07,True
Sant'Anna Arresi,2025,7,2904,36.726,79.07,True
Sant'Anna Arresi,2025,8,2904,36.726,79.07,True
Sant'Anna Arresi,2025,9,2904,36.726,79.07,True
Sant'Anna Arresi,2025,10,2904,36.726,79.07,True
Sant'Anna Arresi,2025,11,2904,36.726,79.07,True
Sant'Anna Arresi,2025,12,2904,36.726,79.07,True
Sant'Antioco,2025,1,4113,88.676,46.38,True
Sant'Antioco,2025,2,4113,88.676,46.38,True
Sant'Antioco,2025,3,4113,88.676,46.38,True
Sant'Antioco,2025,4,4113,88.676,46.38,True
Sant'Antioco,2025,5,4113,88.676,46.38,True
Sant'Antioco,2025,6,4113,88.676,46.38,True
Sant'Antioco,2025,7,4113,88.676,46.38,True
Sant'Antioco,2025,8,4113,88.676,46.38,True
Sant'Antioco,2025,9,4113,88.676,46.38,True
Sant'Antioco,2025,10,4113,88.676,46.38,True
Sant'Antioco,2025,11,4113,88.676,46.38,True
Sant'Antioco,2025,12,4113,88.676,46.38,True
Sant'Antonio Di Gallura,2025,1,299,81.303,3.68,True
Sant'Antonio Di Gallura,2025,2,299,81.303,3.68,True
Sant'Antonio Di Gallura,2025,3,299,81.303,3.68,True
Sant'Antonio Di Gallura,2025,4,299,81.303,3.68,True
Sant'Antonio Di Gallura,2025,5,299,81.303,3.68,True
Sant'Antonio Di Gallura,2025,6,299,81.303,3.68,True
Sant'Antonio Di Gallura,2025,7,299,81.303,3.68,True
Sant'Antonio Di Gallura,2025,8,299,81.303,3.68,True
Sant'Antonio Di Gallura,2025,9,299,81.303,3.68,True
Sant'Antonio Di Gallura,2025,10,299,81.303,3.68,True
Sant'Antonio Di Gallura,2025,11,299,81.303,3.68,True
Sant'Antonio Di Gallura,2025,12,299,81.303,3.68,True
Santa Giusta,2025,1,94,69.453,1.35,True
Santa Giusta,2025,2,94,69.453,1.35,True
Santa Giusta,2025,3,94,69.453,1.35,True
Santa Giusta,2025,4,94,69.453,1.35,True
Santa Giusta,2025,5,94,69.453,1.35,True
Santa Giusta,2025,6,94,69.453,1.35,True
Santa Giusta,2025,7,94,69.453,1.35,True
Santa Giusta,2025,8,94,69.453,1.35,True
Santa Giusta,2025,9,94,69.453,1.35,True
Santa Giusta,2025,10,94,69.453,1.35,True
Santa Giusta,2025,11,94,69.453,1.35,True
Santa Giusta,2025,12,94,69.453,1.35,True
Santa Maria Coghinas,2025,1,457,23.413,19.52,True
Santa Maria Coghinas,2025,2,457,23.413,19.52,True
Santa Maria Coghinas,2025,3,457,23.413,19.52,True
Santa Maria Coghinas,2025,4,457,23.413,19.52,True
Santa Maria Coghinas,2025,5,457,23.413,19.52,True
Santa Maria Coghinas,2025,6,457,23.413,19.52,True
Santa Maria Coghinas,2025,7,457,23.413,19.52,True
Santa Maria Coghinas,2025,8,457,23.413,19.52,True
Santa Maria Coghinas,2025,9,457,23.413,19.52,True
Santa Maria Coghinas,2025,10,457,23.413,19.52,True
Santa Maria Coghinas,2025,11,457,23.413,19.52,True
Santa Maria Coghinas,2025,12,457,23.413,19.52,True
Santa Teresa Gallura,2025,1,14142,103.396,136.78,True
Santa Teresa Gallura,2025,2,14142,103.396,136.78,True
Santa Teresa Gallura,2025,3,14142,103.396,136.78,True
Santa Teresa Gallura,2025,4,14142,103.396,136.78,True
Santa Teresa Gallura,2025,5,14142,103.396,136.78,True
Santa Teresa Gallura,2025,6,14142,103.396,136.78,True
Santa Teresa Gallura,2025,7,14142,103.396,136.78,True
Santa Teresa Gallura,2025,8,14142,103.396,136.78,True
Santa Teresa Gallura,2025,9,14142,103.396,136.78,True
Santa Teresa Gallura,2025,10,14142,103.396,136.78,True
Santa Teresa Gallura,2025,11,14142,103.396,136.78,True
Santa Teresa Gallura,2025,12,14142,103.396,136.78,True
Santadi,2025,1,172,116.144,1.48,True
Santadi,2025,2,172,116.144,1.48,True
Santadi,2025,3,172,116.144,1.48,True
Santadi,2025,4,172,116.144,1.48,True
Santadi,2025,5,172,116.144,1.48,True
Santadi,2025,6,172,116.144,1.48,True
Santadi,2025,7,172,116.144,1.48,True
Santadi,2025,8,172,116.144,1.48,True
Santadi,2025,9,172,116.144,1.48,True
Santadi,2025,10,172,116.144,1.48,True
Santadi,2025,11,172,116.144,1.48,True
Santadi,2025,12,172,116.144,1.48,True
Santu Lussurgiu,2025,1,271,99.907,2.71,True
Santu Lussurgiu,2025,2,271,99.907,2.71,True
Santu Lussurgiu,2025,3,271,99.907,2.71,True
Santu Lussurgiu,2025,4,271,99.907,2.71,True
Santu Lussurgiu,2025,5,271,99.907,2.71,True
Santu Lussurgiu,2025,6,271,99.907,2.71,True
Santu Lussurgiu,2025,7,271,99.907,2.71,True
Santu Lussurgiu,2025,8,271,99.907,2.71,True
Santu Lussurgiu,2025,9,271,99.907,2.71,True
Santu Lussurgiu,2025,10,271,99.907,2.71,True
Santu Lussurgiu,2025,11,271,99.907,2.71,True
Santu Lussurgiu,2025,12,271,99.907,2.71,True
Sardara,2025,1,411,56.316,7.3,True
Sardara,2025,2,411,56.316,7.3,True
Sardara,2025,3,411,56.316,7.3,True
Sardara,2025,4,411,56.316,7.3,True
Sardara,2025,5,411,56.316,7.3,True
Sardara,2025,6,411,56.316,7.3,True
Sardara,2025,7,411,56.316,7.3,True
Sardara,2025,8,411,56.316,7.3,True
Sardara,2025,9,411,56.316,7.3,True
Sardara,2025,10,411,56.316,7.3,True
Sardara,2025,11,411,56.316,7.3,True
Sardara,2025,12,411,56.316,7.3,True
Sarroch,2025,1,1039,68.327,15.21,True
Sarroch,2025,2,1039,68.327,15.21,True
Sarroch,2025,3,1039,68.327,15.21,True
Sarroch,2025,4,1039,68.327,15.21,True
Sarroch,2025,5,1039,68.327,15.21,True
Sarroch,2025,6,1039,68.327,15.21,True
Sarroch,2025,7,1039,68.327,15.21,True
Sarroch,2025,8,1039,68.327,15.21,True
Sarroch,2025,9,1039,68.327,15.21,True
Sarroch,2025,10,1039,68.327,15.21,True
Sarroch,2025,11,1039,68.327,15.21,True
Sarroch,2025,12,1039,68.327,15.21,True
Sarule,2025,1,22,52.541,0.42,True
Sarule,2025,2,22,52.541,0.42,True
Sarule,2025,3,22,52.541,0.42,True
Sarule,2025,4,22,52.541,0.42,True
Sarule,2025,5,22,52.541,0.42,True
Sarule,2025,6,22,52.541,0.42,True
Sarule,2025,7,22,52.541,0.42,True
Sarule,2025,8,22,52.541,0.42,True
Sarule,2025,9,22,52.541,0.42,True
Sarule,2025,10,22,52.541,0.42,True
Sarule,2025,11,22,52.541,0.42,True
Sarule,2025,12,22,52.541,0.42,True
Sassari,2025,1,4725,547.317,8.63,True
Sassari,2025,2,4725,547.317,8.63,True
Sassari,2025,3,4725,547.317,8.63,True
Sassari,2025,4,4725,547.317,8.63,True
Sassari,2025,5,4725,547.317,8.63,True
Sassari,2025,6,4725,547.317,8.63,True
Sassari,2025,7,4725,547.317,8.63,True
Sassari,2025,8,4725,547.317,8.63,True
Sassari,2025,9,4725,547.317,8.63,True
Sassari,2025,10,4725,547.317,8.63,True
Sassari,2025,11,4725,547.317,8.63,True
Sassari,2025,12,4725,547.317,8.63,True
Scano Di Montiferro,2025,1,187,60.465,3.09,True
Scano Di Montiferro,2025,2,187,60.465,3.09,True
Scano Di Montiferro,2025,3,187,60.465,3.09,True
Scano Di Montiferro,2025,4,187,60.465,3.09,True
Scano Di Montiferro,2025,5,187,60.465,3.09,True
Scano Di Montiferro,2025,6,187,60.465,3.09,True
Scano Di Montiferro,2025,7,187,60.465,3.09,True
Scano Di Montiferro,2025,8,187,60.465,3.09,True
Scano Di Montiferro,2025,9,187,60.465,3.09,True
Scano Di Montiferro,2025,10,187,60.465,3.09,True
Scano Di Montiferro,2025,11,187,60.465,3.09,True
Scano Di Montiferro,2025,12,187,60.465,3.09,True
Sedilo,2025,1,49,68.519,0.72,True
Sedilo,2025,2,49,68.519,0.72,True
Sedilo,2025,3,49,68.519,0.72,True
Sedilo,2025,4,49,68.519,0.72,True
Sedilo,2025,5,49,68.519,0.72,True
Sedilo,2025,6,49,68.519,0.72,True
Sedilo,2025,7,49,68.519,0.72,True
Sedilo,2025,8,49,68.519,0.72,True
Sedilo,2025,9,49,68.519,0.72,True
Sedilo,2025,10,49,68.519,0.72,True
Sedilo,2025,11,49,68.519,0.72,True
Sedilo,2025,12,49,68.519,0.72,True
Sedini,2025,1,97,40.527,2.39,True
Sedini,2025,2,97,40.527,2.39,True
Sedini,2025,3,97,40.527,2.39,True
Sedini,2025,4,97,40.527,2.39,True
Sedini,2025,5,97,40.527,2.39,True
Sedini,2025,6,97,40.527,2.39,True
Sedini,2025,7,97,40.527,2.39,True
Sedini,2025,8,97,40.527,2.39,True
Sedini,2025,9,97,40.527,2.39,True
Sedini,2025,10,97,40.527,2.39,True
Sedini,2025,11,97,40.527,2.39,True
Sedini,2025,12,97,40.527,2.39,True
Segariu,2025,1,0,17.068,0.0,False
Segariu,2025,2,0,17.068,0.0,False
Segariu,2025,3,0,17.068,0.0,False
Segariu,2025,4,0,17.068,0.0,False
Segariu,2025,5,0,17.068,0.0,False
Segariu,2025,6,0,17.068,0.0,False
Segariu,2025,7,0,17.068,0.0,False
Segariu,2025,8,0,17.068,0.0,False
Segariu,2025,9,0,17.068,0.0,False
Segariu,2025,10,0,17.068,0.0,False
Segariu,2025,11,0,17.068,0.0,False
Segariu,2025,12,0,17.068,0.0,False
Selargius,2025,1,552,26.676,20.69,True
Selargius,2025,2,552,26.676,20.69,True
Selargius,2025,3,552,26.676,20.69,True
Selargius,2025,4,552,26.676,20.69,True
Selargius,2025,5,552,26.676,20.69,True
Selargius,2025,6,552,26.676,20.69,True
Selargius,2025,7,552,26.676,20.69,True
Selargius,2025,8,552,26.676,20.69,True
Selargius,2025,9,552,26.676,20.69,True
Selargius,2025,10,552,26.676,20.69,True
Selargius,2025,11,552,26.676,20.69,True
Selargius,2025,12,552,26.676,20.69,True
Selegas,2025,1,14,20.288,0.69,True
Selegas,2025,2,14,20.288,0.69,True
Selegas,2025,3,14,20.288,0.69,True
Selegas,2025,4,14,20.288,0.69,True
Selegas,2025,5,14,20.288,0.69,True
Selegas,2025,6,14,20.288,0.69,True
Selegas,2025,7,14,20.288,0.69,True
Selegas,2025,8,14,20.288,0.69,True
Selegas,2025,9,14,20.288,0.69,True
Selegas,2025,10,14,20.288,0.69,True
Selegas,2025,11,14,20.288,0.69,True
Selegas,2025,12,14,20.288,0.69,True
Semestene,2025,1,0,39.488,0.0,False
Semestene,2025,2,0,39.488,0.0,False
Semestene,2025,3,0,39.488,0.0,False
Semestene,2025,4,0,39.488,0.0,False
Semestene,2025,5,0,39.488,0.0,False
Semestene,2025,6,0,39.488,0.0,False
Semestene,2025,7,0,39.488,0.0,False
Semestene,2025,8,0,39.488,0.0,False
Semestene,2025,9,0,39.488,0.0,False
Semestene,2025,10,0,39.488,0.0,False
Semestene,2025,11,0,39.488,0.0,False
Semestene,2025,12,0,39.488,0.0,False
Seneghe,2025,1,68,57.809,1.18,True
Seneghe,2025,2,68,57.809,1.18,True
Seneghe,2025,3,68,57.809,1.18,True
Seneghe,2025,4,68,57.809,1.18,True
Seneghe,2025,5,68,57.809,1.18,True
Seneghe,2025,6,68,57.809,1.18,True
Seneghe,2025,7,68,57.809,1.18,True
Seneghe,2025,8,68,57.809,1.18,True
Seneghe,2025,9,68,57.809,1.18,True
Seneghe,2025,10,68,57.809,1.18,True
Seneghe,2025,11,68,57.809,1.18,True
Seneghe,2025,12,68,57.809,1.18,True
Senis,2025,1,0,16.238,0.0,False
Senis,2025,2,0,16.238,0.0,False
Senis,2025,3,0,16.238,0.0,False
Senis,2025,4,0,16.238,0.0,False
Senis,2025,5,0,16.238,0.0,False
Senis,2025,6,0,16.238,0.0,False
Senis,2025,7,0,16.238,0.0,False
Senis,2025,8,0,16.238,0.0,False
Senis,2025,9,0,16.238,0.0,False
Senis,2025,10,0,16.238,0.0,False
Senis,2025,11,0,16.238,0.0,False
Senis,2025,12,0,16.238,0.0,False
Sennariolo,2025,1,73,15.838,4.61,True
Sennariolo,2025,2,73,15.838,4.61,True
Sennariolo,2025,3,73,15.838,4.61,True
Sennariolo,2025,4,73,15.838,4.61,True
Sennariolo,2025,5,73,15.838,4.61,True
Sennariolo,2025,6,73,15.838,4.61,True
Sennariolo,2025,7,73,15.838,4.61,True
Sennariolo,2025,8,73,15.838,4.61,True
Sennariolo,2025,9,73,15.838,4.61,True
Sennariolo,2025,10,73,15.838,4.61,True
Sennariolo,2025,11,73,15.838,4.61,True
Sennariolo,2025,12,73,15.838,4.61,True
Sennori,2025,1,217,31.103,6.98,True
Sennori,2025,2,217,31.103,6.98,True
Sennori,2025,3,217,31.103,6.98,True
Sennori,2025,4,217,31.103,6.98,True
Sennori,2025,5,217,31.103,6.98,True
Sennori,2025,6,217,31.103,6.98,True
Sennori,2025,7,217,31.103,6.98,True
Sennori,2025,8,217,31.103,6.98,True
Sennori,2025,9,217,31.103,6.98,True
Sennori,2025,10,217,31.103,6.98,True
Sennori,2025,11,217,31.103,6.98,True
Sennori,2025,12,217,31.103,6.98,True
Senorbì,2025,1,99,34.729,2.85,True
Senorbì,2025,2,99,34.729,2.85,True
Senorbì,2025,3,99,34.729,2.85,True
Senorbì,2025,4,99,34.729,2.85,True
Senorbì,2025,5,99,34.729,2.85,True
Senorbì,2025,6,99,34.729,2.85,True
Senorbì,2025,7,99,34.729,2.85,True
Senorbì,2025,8,99,34.729,2.85,True
Senorbì,2025,9,99,34.729,2.85,True
Senorbì,2025,10,99,34.729,2.85,True
Senorbì,2025,11,99,34.729,2.85,True
Senorbì,2025,12,99,34.729,2.85,True
Serdiana,2025,1,46,55.448,0.83,True
Serdiana,2025,2,46,55.448,0.83,True
Serdiana,2025,3,46,55.448,0.83,True
Serdiana,2025,4,46,55.448,0.83,True
Serdiana,2025,5,46,55.448,0.83,True
Serdiana,2025,6,46,55.448,0.83,True
Serdiana,2025,7,46,55.448,0.83,True
Serdiana,2025,8,46,55.448,0.83,True
Serdiana,2025,9,46,55.448,0.83,True
Serdiana,2025,10,46,55.448,0.83,True
Serdiana,2025,11,46,55.448,0.83,True
Serdiana,2025,12,46,55.448,0.83,True
Serramanna,2025,1,48,83.934,0.57,True
Serramanna,2025,2,48,83.934,0.57,True
Serramanna,2025,3,48,83.934,0.57,True
Serramanna,2025,4,48,83.934,0.57,True
Serramanna,2025,5,48,83.934,0.57,True
Serramanna,2025,6,48,83.934,0.57,True
Serramanna,2025,7,48,83.934,0.57,True
Serramanna,2025,8,48,83.934,0.57,True
Serramanna,2025,9,48,83.934,0.57,True
Serramanna,2025,10,48,83.934,0.57,True
Serramanna,2025,11,48,83.934,0.57,True
Serramanna,2025,12,48,83.934,0.57,True
Serrenti,2025,1,37,42.806,0.86,True
Serrenti,2025,2,37,42.806,0.86,True
Serrenti,2025,3,37,42.806,0.86,True
Serrenti,2025,4,37,42.806,0.86,True
Serrenti,2025,5,37,42.806,0.86,True
Serrenti,2025,6,37,42.806,0.86,True
Serrenti,2025,7,37,42.806,0.86,True
Serrenti,2025,8,37,42.806,0.86,True
Serrenti,2025,9,37,42.806,0.86,True
Serrenti,2025,10,37,42.806,0.86,True
Serrenti,2025,11,37,42.806,0.86,True
Serrenti,2025,12,37,42.806,0.86,True
Serri,2025,1,33,19.101,1.73,True
Serri,2025,2,33,19.101,1.73,True
Serri,2025,3,33,19.101,1.73,True
Serri,2025,4,33,19.101,1.73,True
Serri,2025,5,33,19.101,1.73,True
Serri,2025,6,33,19.101,1.73,True
Serri,2025,7,33,19.101,1.73,True
Serri,2025,8,33,19.101,1.73,True
Serri,2025,9,33,19.101,1.73,True
Serri,2025,10,33,19.101,1.73,True
Serri,2025,11,33,19.101,1.73,True
Serri,2025,12,33,19.101,1.73,True
Sestu,2025,1,297,48.367,6.14,True
Sestu,2025,2,297,48.367,6.14,True
Sestu,2025,3,297,48.367,6.14,True
Sestu,2025,4,297,48.367,6.14,True
Sestu,2025,5,297,48.367,6.14,True
Sestu,2025,6,297,48.367,6.14,True
Sestu,2025,7,297,48.367,6.14,True
Sestu,2025,8,297,48.367,6.14,True
Sestu,2025,9,297,48.367,6.14,True
Sestu,2025,10,297,48.367,6.14,True
Sestu,2025,11,297,48.367,6.14,True
Sestu,2025,12,297,48.367,6.14,True
Settimo San Pietro,2025,1,63,23.085,2.73,True
Settimo San Pietro,2025,2,63,23.085,2.73,True
Settimo San Pietro,2025,3,63,23.085,2.73,True
Settimo San Pietro,2025,4,63,23.085,2.73,True
Settimo San Pietro,2025,5,63,23.085,2.73,True
Settimo San Pietro,2025,6,63,23.085,2.73,True
Settimo San Pietro,2025,7,63,23.085,2.73,True
Settimo San Pietro,2025,8,63,23.085,2.73,True
Settimo San Pietro,2025,9,63,23.085,2.73,True
Settimo San Pietro,2025,10,63,23.085,2.73,True
Settimo San Pietro,2025,11,63,23.085,2.73,True
Settimo San Pietro,2025,12,63,23.085,2.73,True
Setzu,2025,1,0,7.747,0.0,False
Setzu,2025,2,0,7.747,0.0,False
Setzu,2025,3,0,7.747,0.0,False
Setzu,2025,4,0,7.747,0.0,False
Setzu,2025,5,0,7.747,0.0,False
Setzu,2025,6,0,7.747,0.0,False
Setzu,2025,7,0,7.747,0.0,False
Setzu,2025,8,0,7.747,0.0,False
Setzu,2025,9,0,7.747,0.0,False
Setzu,2025,10,0,7.747,0.0,False
Setzu,2025,11,0,7.747,0.0,False
Setzu,2025,12,0,7.747,0.0,False
Seui,2025,1,28,147.781,0.19,True
Seui,2025,2,28,147.781,0.19,True
Seui,2025,3,28,147.781,0.19,True
Seui,2025,4,28,147.781,0.19,True
Seui,2025,5,28,147.781,0.19,True
Seui,2025,6,28,147.781,0.19,True
Seui,2025,7,28,147.781,0.19,True
Seui,2025,8,28,147.781,0.19,True
Seui,2025,9,28,147.781,0.19,True
Seui,2025,10,28,147.781,0.19,True
Seui,2025,11,28,147.781,0.19,True
Seui,2025,12,28,147.781,0.19,True
Seulo,2025,1,97,59.068,1.64,True
Seulo,2025,2,97,59.068,1.64,True
Seulo,2025,3,97,59.068,1.64,True
Seulo,2025,4,97,59.068,1.64,True
Seulo,2025,5,97,59.068,1.64,True
Seulo,2025,6,97,59.068,1.64,True
Seulo,2025,7,97,59.068,1.64,True
Seulo,2025,8,97,59.068,1.64,True
Seulo,2025,9,97,59.068,1.64,True
Seulo,2025,10,97,59.068,1.64,True
Seulo,2025,11,97,59.068,1.64,True
Seulo,2025,12,97,59.068,1.64,True
Siamaggiore,2025,1,56,13.132,4.26,True
Siamaggiore,2025,2,56,13.132,4.26,True
Siamaggiore,2025,3,56,13.132,4.26,True
Siamaggiore,2025,4,56,13.132,4.26,True
Siamaggiore,2025,5,56,13.132,4.26,True
Siamaggiore,2025,6,56,13.132,4.26,True
Siamaggiore,2025,7,56,13.132,4.26,True
Siamaggiore,2025,8,56,13.132,4.26,True
Siamaggiore,2025,9,56,13.132,4.26,True
Siamaggiore,2025,10,56,13.132,4.26,True
Siamaggiore,2025,11,56,13.132,4.26,True
Siamaggiore,2025,12,56,13.132,4.26,True
Siamanna,2025,1,17,28.345,0.6,True
Siamanna,2025,2,17,28.345,0.6,True
Siamanna,2025,3,17,28.345,0.6,True
Siamanna,2025,4,17,28.345,0.6,True
Siamanna,2025,5,17,28.345,0.6,True
Siamanna,2025,6,17,28.345,0.6,True
Siamanna,2025,7,17,28.345,0.6,True
Siamanna,2025,8,17,28.345,0.6,True
Siamanna,2025,9,17,28.345,0.6,True
Siamanna,2025,10,17,28.345,0.6,True
Siamanna,2025,11,17,28.345,0.6,True
Siamanna,2025,12,17,28.345,0.6,True
Siapiccia,2025,1,4,17.831,0.22,True
Siapiccia,2025,2,4,17.831,0.22,True
Siapiccia,2025,3,4,17.831,0.22,True
Siapiccia,2025,4,4,17.831,0.22,True
Siapiccia,2025,5,4,17.831,0.22,True
Siapiccia,2025,6,4,17.831,0.22,True
Siapiccia,2025,7,4,17.831,0.22,True
Siapiccia,2025,8,4,17.831,0.22,True
Siapiccia,2025,9,4,17.831,0.22,True
Siapiccia,2025,10,4,17.831,0.22,True
Siapiccia,2025,11,4,17.831,0.22,True
Siapiccia,2025,12,4,17.831,0.22,True
Siddi,2025,1,10,11.187,0.89,True
Siddi,2025,2,10,11.187,0.89,True
Siddi,2025,3,10,11.187,0.89,True
Siddi,2025,4,10,11.187,0.89,True
Siddi,2025,5,10,11.187,0.89,True
Siddi,2025,6,10,11.187,0.89,True
Siddi,2025,7,10,11.187,0.89,True
Siddi,2025,8,10,11.187,0.89,True
Siddi,2025,9,10,11.187,0.89,True
Siddi,2025,10,10,11.187,0.89,True
Siddi,2025,11,10,11.187,0.89,True
Siddi,2025,12,10,11.187,0.89,True
Silanus,2025,1,18,48.151,0.37,True
Silanus,2025,2,18,48.151,0.37,True
Silanus,2025,3,18,48.151,0.37,True
Silanus,2025,4,18,48.151,0.37,True
Silanus,2025,5,18,48.151,0.37,True
Silanus,2025,6,18,48.151,0.37,True
Silanus,2025,7,18,48.151,0.37,True
Silanus,2025,8,18,48.151,0.37,True
Silanus,2025,9,18,48.151,0.37,True
Silanus,2025,10,18,48.151,0.37,True
Silanus,2025,11,18,48.151,0.37,True
Silanus,2025,12,18,48.151,0.37,True
Siligo,2025,1,0,43.186,0.0,False
Siligo,2025,2,0,43.186,0.0,False
Siligo,2025,3,0,43.186,0.0,False
Siligo,2025,4,0,43.186,0.0,False
Siligo,2025,5,0,43.186,0.0,False
Siligo,2025,6,0,43.186,0.0,False
Siligo,2025,7,0,43.186,0.0,False
Siligo,2025,8,0,43.186,0.0,False
Siligo,2025,9,0,43.186,0.0,False
Siligo,2025,10,0,43.186,0.0,False
Siligo,2025,11,0,43.186,0.0,False
Siligo,2025,12,0,43.186,0.0,False
Siliqua,2025,1,33,189.783,0.17,True
Siliqua,2025,2,33,189.783,0.17,True
Siliqua,2025,3,33,189.783,0.17,True
Siliqua,2025,4,33,189.783,0.17,True
Siliqua,2025,5,33,189.783,0.17,True
Siliqua,2025,6,33,189.783,0.17,True
Siliqua,2025,7,33,189.783,0.17,True
Siliqua,2025,8,33,189.783,0.17,True
Siliqua,2025,9,33,189.783,0.17,True
Siliqua,2025,10,33,189.783,0.17,True
Siliqua,2025,11,33,189.783,0.17,True
Siliqua,2025,12,33,189.783,0.17,True
Silius,2025,1,2,38.347,0.05,True
Silius,2025,2,2,38.347,0.05,True
Silius,2025,3,2,38.347,0.05,True
Silius,2025,4,2,38.347,0.05,True
Silius,2025,5,2,38.347,0.05,True
Silius,2025,6,2,38.347,0.05,True
Silius,2025,7,2,38.347,0.05,True
Silius,2025,8,2,38.347,0.05,True
Silius,2025,9,2,38.347,0.05,True
Silius,2025,10,2,38.347,0.05,True
Silius,2025,11,2,38.347,0.05,True
Silius,2025,12,2,38.347,0.05,True
Simala,2025,1,0,13.346,0.0,False
Simala,2025,2,0,13.346,0.0,False
Simala,2025,3,0,13.346,0.0,False
Simala,2025,4,0,13.346,0.0,False
Simala,2025,5,0,13.346,0.0,False
Simala,2025,6,0,13.346,0.0,False
Simala,2025,7,0,13.346,0.0,False
Simala,2025,8,0,13.346,0.0,False
Simala,2025,9,0,13.346,0.0,False
Simala,2025,10,0,13.346,0.0,False
Simala,2025,11,0,13.346,0.0,False
Simala,2025,12,0,13.346,0.0,False
Simaxis,2025,1,52,27.735,1.87,True
Simaxis,2025,2,52,27.735,1.87,True
Simaxis,2025,3,52,27.735,1.87,True
Simaxis,2025,4,52,27.735,1.87,True
Simaxis,2025,5,52,27.735,1.87,True
Simaxis,2025,6,52,27.735,1.87,True
Simaxis,2025,7,52,27.735,1.87,True
Simaxis,2025,8,52,27.735,1.87,True
Simaxis,2025,9,52,27.735,1.87,True
Simaxis,2025,10,52,27.735,1.87,True
Simaxis,2025,11,52,27.735,1.87,True
Simaxis,2025,12,52,27.735,1.87,True
Sindia,2025,1,65,58.819,1.11,True
Sindia,2025,2,65,58.819,1.11,True
Sindia,2025,3,65,58.819,1.11,True
Sindia,2025,4,65,58.819,1.11,True
Sindia,2025,5,65,58.819,1.11,True
Sindia,2025,6,65,58.819,1.11,True
Sindia,2025,7,65,58.819,1.11,True
Sindia,2025,8,65,58.819,1.11,True
Sindia,2025,9,65,58.819,1.11,True
Sindia,2025,10,65,58.819,1.11,True
Sindia,2025,11,65,58.819,1.11,True
Sindia,2025,12,65,58.819,1.11,True
Sini,2025,1,14,8.852,1.58,True
Sini,2025,2,14,8.852,1.58,True
Sini,2025,3,14,8.852,1.58,True
Sini,2025,4,14,8.852,1.58,True
Sini,2025,5,14,8.852,1.58,True
Sini,2025,6,14,8.852,1.58,True
Sini,2025,7,14,8.852,1.58,True
Sini,2025,8,14,8.852,1.58,True
Sini,2025,9,14,8.852,1.58,True
Sini,2025,10,14,8.852,1.58,True
Sini,2025,11,14,8.852,1.58,True
Sini,2025,12,14,8.852,1.58,True
Siniscola,2025,1,7102,196.825,36.08,True
Siniscola,2025,2,7102,196.825,36.08,True
Siniscola,2025,3,7102,196.825,36.08,True
Siniscola,2025,4,7102,196.825,36.08,True
Siniscola,2025,5,7102,196.825,36.08,True
Siniscola,2025,6,7102,196.825,36.08,True
Siniscola,2025,7,7102,196.825,36.08,True
Siniscola,2025,8,7102,196.825,36.08,True
Siniscola,2025,9,7102,196.825,36.08,True
Siniscola,2025,10,7102,196.825,36.08,True
Siniscola,2025,11,7102,196.825,36.08,True
Siniscola,2025,12,7102,196.825,36.08,True
Sinnai,2025,1,2285,224.089,10.2,True
Sinnai,2025,2,2285,224.089,10.2,True
Sinnai,2025,3,2285,224.089,10.2,True
Sinnai,2025,4,2285,224.089,10.2,True
Sinnai,2025,5,2285,224.089,10.2,True
Sinnai,2025,6,2285,224.089,10.2,True
Sinnai,2025,7,2285,224.089,10.2,True
Sinnai,2025,8,2285,224.089,10.2,True
Sinnai,2025,9,2285,224.089,10.2,True
Sinnai,2025,10,2285,224.089,10.2,True
Sinnai,2025,11,2285,224.089,10.2,True
Sinnai,2025,12,2285,224.089,10.2,True
Siris,2025,1,0,6.069,0.0,False
Siris,2025,2,0,6.069,0.0,False
Siris,2025,3,0,6.069,0.0,False
Siris,2025,4,0,6.069,0.0,False
Siris,2025,5,0,6.069,0.0,False
Siris,2025,6,0,6.069,0.0,False
Siris,2025,7,0,6.069,0.0,False
Siris,2025,8,0,6.069,0.0,False
Siris,2025,9,0,6.069,0.0,False
Siris,2025,10,0,6.069,0.0,False
Siris,2025,11,0,6.069,0.0,False
Siris,2025,12,0,6.069,0.0,False
Siurgus Donigala,2025,1,6,76.12,0.08,True
Siurgus Donigala,2025,2,6,76.12,0.08,True
Siurgus Donigala,2025,3,6,76.12,0.08,True
Siurgus Donigala,2025,4,6,76.12,0.08,True
Siurgus Donigala,2025,5,6,76.12,0.08,True
Siurgus Donigala,2025,6,6,76.12,0.08,True
Siurgus Donigala,2025,7,6,76.12,0.08,True
Siurgus Donigala,2025,8,6,76.12,0.08,True
Siurgus Donigala,2025,9,6,76.12,0.08,True
Siurgus Donigala,2025,10,6,76.12,0.08,True
Siurgus Donigala,2025,11,6,76.12,0.08,True
Siurgus Donigala,2025,12,6,76.12,0.08,True
Soddì,2025,1,0,5.493,0.0,False
Soddì,2025,2,0,5.493,0.0,False
Soddì,2025,3,0,5.493,0.0,False
Soddì,2025,4,0,5.493,0.0,False
Soddì,2025,5,0,5.493,0.0,False
Soddì,2025,6,0,5.493,0.0,False
Soddì,2025,7,0,5.493,0.0,False
Soddì,2025,8,0,5.493,0.0,False
Soddì,2025,9,0,5.493,0.0,False
Soddì,2025,10,0,5.493,0.0,False
Soddì,2025,11,0,5.493,0.0,False
Soddì,2025,12,0,5.493,0.0,False
Solarussa,2025,1,63,31.765,1.98,True
Solarussa,2025,2,63,31.765,1.98,True
Solarussa,2025,3,63,31.765,1.98,True
Solarussa,2025,4,63,31.765,1.98,True
Solarussa,2025,5,63,31.765,1.98,True
Solarussa,2025,6,63,31.765,1.98,True
Solarussa,2025,7,63,31.765,1.98,True
Solarussa,2025,8,63,31.765,1.98,True
Solarussa,2025,9,63,31.765,1.98,True
Solarussa,2025,10,63,31.765,1.98,True
Solarussa,2025,11,63,31.765,1.98,True
Solarussa,2025,12,63,31.765,1.98,True
Soleminis,2025,1,57,12.875,4.43,True
Soleminis,2025,2,57,12.875,4.43,True
Soleminis,2025,3,57,12.875,4.43,True
Soleminis,2025,4,57,12.875,4.43,True
Soleminis,2025,5,57,12.875,4.43,True
Soleminis,2025,6,57,12.875,4.43,True
Soleminis,2025,7,57,12.875,4.43,True
Soleminis,2025,8,57,12.875,4.43,True
Soleminis,2025,9,57,12.875,4.43,True
Soleminis,2025,10,57,12.875,4.43,True
Soleminis,2025,11,57,12.875,4.43,True
Soleminis,2025,12,57,12.875,4.43,True
Sorgono,2025,1,91,55.987,1.63,True
Sorgono,2025,2,91,55.987,1.63,True
Sorgono,2025,3,91,55.987,1.63,True
Sorgono,2025,4,91,55.987,1.63,True
Sorgono,2025,5,91,55.987,1.63,True
Sorgono,2025,6,91,55.987,1.63,True
Sorgono,2025,7,91,55.987,1.63,True
Sorgono,2025,8,91,55.987,1.63,True
Sorgono,2025,9,91,55.987,1.63,True
Sorgono,2025,10,91,55.987,1.63,True
Sorgono,2025,11,91,55.987,1.63,True
Sorgono,2025,12,91,55.987,1.63,True
Sorradile,2025,1,25,26.483,0.94,True
Sorradile,2025,2,25,26.483,0.94,True
Sorradile,2025,3,25,26.483,0.94,True
Sorradile,2025,4,25,26.483,0.94,True
Sorradile,2025,5,25,26.483,0.94,True
Sorradile,2025,6,25,26.483,0.94,True
Sorradile,2025,7,25,26.483,0.94,True
Sorradile,2025,8,25,26.483,0.94,True
Sorradile,2025,9,25,26.483,0.94,True
Sorradile,2025,10,25,26.483,0.94,True
Sorradile,2025,11,25,26.483,0.94,True
Sorradile,2025,12,25,26.483,0.94,True
Sorso,2025,1,5307,67.006,79.2,True
Sorso,2025,2,5307,67.006,79.2,True
Sorso,2025,3,5307,67.006,79.2,True
Sorso,2025,4,5307,67.006,79.2,True
Sorso,2025,5,5307,67.006,79.2,True
Sorso,2025,6,5307,67.006,79.2,True
Sorso,2025,7,5307,67.006,79.2,True
Sorso,2025,8,5307,67.006,79.2,True
Sorso,2025,9,5307,67.006,79.2,True
Sorso,2025,10,5307,67.006,79.2,True
Sorso,2025,11,5307,67.006,79.2,True
Sorso,2025,12,5307,67.006,79.2,True
Stintino,2025,1,10007,59.093,169.34,True
Stintino,2025,2,10007,59.093,169.34,True
Stintino,2025,3,10007,59.093,169.34,True
Stintino,2025,4,10007,59.093,169.34,True
Stintino,2025,5,10007,59.093,169.34,True
Stintino,2025,6,10007,59.093,169.34,True
Stintino,2025,7,10007,59.093,169.34,True
Stintino,2025,8,10007,59.093,169.34,True
Stintino,2025,9,10007,59.093,169.34,True
Stintino,2025,10,10007,59.093,169.34,True
Stintino,2025,11,10007,59.093,169.34,True
Stintino,2025,12,10007,59.093,169.34,True
Suelli,2025,1,8,19.283,0.41,True
Suelli,2025,2,8,19.283,0.41,True
Suelli,2025,3,8,19.283,0.41,True
Suelli,2025,4,8,19.283,0.41,True
Suelli,2025,5,8,19.283,0.41,True
Suelli,2025,6,8,19.283,0.41,True
Suelli,2025,7,8,19.283,0.41,True
Suelli,2025,8,8,19.283,0.41,True
Suelli,2025,9,8,19.283,0.41,True
Suelli,2025,10,8,19.283,0.41,True
Suelli,2025,11,8,19.283,0.41,True
Suelli,2025,12,8,19.283,0.41,True
Suni,2025,1,106,47.301,2.24,True
Suni,2025,2,106,47.301,2.24,True
Suni,2025,3,106,47.301,2.24,True
Suni,2025,4,106,47.301,2.24,True
Suni,2025,5,106,47.301,2.24,True
Suni,2025,6,106,47.301,2.24,True
Suni,2025,7,106,47.301,2.24,True
Suni,2025,8,106,47.301,2.24,True
Suni,2025,9,106,47.301,2.24,True
Suni,2025,10,106,47.301,2.24,True
Suni,2025,11,106,47.301,2.24,True
Suni,2025,12,106,47.301,2.24,True
Tadasuni,2025,1,0,5.15,0.0,False
Tadasuni,2025,2,0,5.15,0.0,False
Tadasuni,2025,3,0,5.15,0.0,False
Tadasuni,2025,4,0,5.15,0.0,False
Tadasuni,2025,5,0,5.15,0.0,False
Tadasuni,2025,6,0,5.15,0.0,False
Tadasuni,2025,7,0,5.15,0.0,False
Tadasuni,2025,8,0,5.15,0.0,False
Tadasuni,2025,9,0,5.15,0.0,False
Tadasuni,2025,10,0,5.15,0.0,False
Tadasuni,2025,11,0,5.15,0.0,False
Tadasuni,2025,12,0,5.15,0.0,False
Talana,2025,1,56,118.701,0.47,True
Talana,2025,2,56,118.701,0.47,True
Talana,2025,3,56,118.701,0.47,True
Talana,2025,4,56,118.701,0.47,True
Talana,2025,5,56,118.701,0.47,True
Talana,2025,6,56,118.701,0.47,True
Talana,2025,7,56,118.701,0.47,True
Talana,2025,8,56,118.701,0.47,True
Talana,2025,9,56,118.701,0.47,True
Talana,2025,10,56,118.701,0.47,True
Talana,2025,11,56,118.701,0.47,True
Talana,2025,12,56,118.701,0.47,True
Telti,2025,1,316,83.358,3.79,True
Telti,2025,2,316,83.358,3.79,True
Telti,2025,3,316,83.358,3.79,True
Telti,2025,4,316,83.358,3.79,True
Telti,2025,5,316,83.358,3.79,True
Telti,2025,6,316,83.358,3.79,True
Telti,2025,7,316,83.358,3.79,True
Telti,2025,8,316,83.358,3.79,True
Telti,2025,9,316,83.358,3.79,True
Telti,2025,10,316,83.358,3.79,True
Telti,2025,11,316,83.358,3.79,True
Telti,2025,12,316,83.358,3.79,True
Tempio Pausania,2025,1,1439,210.556,6.83,True
Tempio Pausania,2025,2,1439,210.556,6.83,True
Tempio Pausania,2025,3,1439,210.556,6.83,True
Tempio Pausania,2025,4,1439,210.556,6.83,True
Tempio Pausania,2025,5,1439,210.556,6.83,True
Tempio Pausania,2025,6,1439,210.556,6.83,True
Tempio Pausania,2025,7,1439,210.556,6.83,True
Tempio Pausania,2025,8,1439,210.556,6.83,True
Tempio Pausania,2025,9,1439,210.556,6.83,True
Tempio Pausania,2025,10,1439,210.556,6.83,True
Tempio Pausania,2025,11,1439,210.556,6.83,True
Tempio Pausania,2025,12,1439,210.556,6.83,True
Tergu,2025,1,374,36.725,10.18,True
Tergu,2025,2,374,36.725,10.18,True
Tergu,2025,3,374,36.725,10.18,True
Tergu,2025,4,374,36.725,10.18,True
Tergu,2025,5,374,36.725,10.18,True
Tergu,2025,6,374,36.725,10.18,True
Tergu,2025,7,374,36.725,10.18,True
Tergu,2025,8,374,36.725,10.18,True
Tergu,2025,9,374,36.725,10.18,True
Tergu,2025,10,374,36.725,10.18,True
Tergu,2025,11,374,36.725,10.18,True
Tergu,2025,12,374,36.725,10.18,True
Terralba,2025,1,215,49.734,4.32,True
Terralba,2025,2,215,49.734,4.32,True
Terralba,2025,3,215,49.734,4.32,True
Terralba,2025,4,215,49.734,4.32,True
Terralba,2025,5,215,49.734,4.32,True
Terralba,2025,6,215,49.734,4.32,True
Terralba,2025,7,215,49.734,4.32,True
Terralba,2025,8,215,49.734,4.32,True
Terralba,2025,9,215,49.734,4.32,True
Terralba,2025,10,215,49.734,4.32,True
Terralba,2025,11,215,49.734,4.32,True
Terralba,2025,12,215,49.734,4.32,True
Tertenia,2025,1,2318,117.726,19.69,True
Tertenia,2025,2,2318,117.726,19.69,True
Tertenia,2025,3,2318,117.726,19.69,True
Tertenia,2025,4,2318,117.726,19.69,True
Tertenia,2025,5,2318,117.726,19.69,True
Tertenia,2025,6,2318,117.726,19.69,True
Tertenia,2025,7,2318,117.726,19.69,True
Tertenia,2025,8,2318,117.726,19.69,True
Tertenia,2025,9,2318,117.726,19.69,True
Tertenia,2025,10,2318,117.726,19.69,True
Tertenia,2025,11,2318,117.726,19.69,True
Tertenia,2025,12,2318,117.726,19.69,True
Teti,2025,1,35,44.134,0.79,True
Teti,2025,2,35,44.134,0.79,True
Teti,2025,3,35,44.134,0.79,True
Teti,2025,4,35,44.134,0.79,True
Teti,2025,5,35,44.134,0.79,True
Teti,2025,6,35,44.134,0.79,True
Teti,2025,7,35,44.134,0.79,True
Teti,2025,8,35,44.134,0.79,True
Teti,2025,9,35,44.134,0.79,True
Teti,2025,10,35,44.134,0.79,True
Teti,2025,11,35,44.134,0.79,True
Teti,2025,12,35,44.134,0.79,True
Teulada,2025,1,2658,246.566,10.78,True
Teulada,2025,2,2658,246.566,10.78,True
Teulada,2025,3,2658,246.566,10.78,True
Teulada,2025,4,2658,246.566,10.78,True
Teulada,2025,5,2658,246.566,10.78,True
Teulada,2025,6,2658,246.566,10.78,True
Teulada,2025,7,2658,246.566,10.78,True
Teulada,2025,8,2658,246.566,10.78,True
Teulada,2025,9,2658,246.566,10.78,True
Teulada,2025,10,2658,246.566,10.78,True
Teulada,2025,11,2658,246.566,10.78,True
Teulada,2025,12,2658,246.566,10.78,True
Thiesi,2025,1,59,63.114,0.93,True
Thiesi,2025,2,59,63.114,0.93,True
Thiesi,2025,3,59,63.114,0.93,True
Thiesi,2025,4,59,63.114,0.93,True
Thiesi,2025,5,59,63.114,0.93,True
Thiesi,2025,6,59,63.114,0.93,True
Thiesi,2025,7,59,63.114,0.93,True
Thiesi,2025,8,59,63.114,0.93,True
Thiesi,2025,9,59,63.114,0.93,True
Thiesi,2025,10,59,63.114,0.93,True
Thiesi,2025,11,59,63.114,0.93,True
Thiesi,2025,12,59,63.114,0.93,True
Tiana,2025,1,7,19.063,0.37,True
Tiana,2025,2,7,19.063,0.37,True
Tiana,2025,3,7,19.063,0.37,True
Tiana,2025,4,7,19.063,0.37,True
Tiana,2025,5,7,19.063,0.37,True
Tiana,2025,6,7,19.063,0.37,True
Tiana,2025,7,7,19.063,0.37,True
Tiana,2025,8,7,19.063,0.37,True
Tiana,2025,9,7,19.063,0.37,True
Tiana,2025,10,7,19.063,0.37,True
Tiana,2025,11,7,19.063,0.37,True
Tiana,2025,12,7,19.063,0.37,True
Tinnura,2025,1,13,3.827,3.4,True
Tinnura,2025,2,13,3.827,3.4,True
Tinnura,2025,3,13,3.827,3.4,True
Tinnura,2025,4,13,3.827,3.4,True
Tinnura,2025,5,13,3.827,3.4,True
Tinnura,2025,6,13,3.827,3.4,True
Tinnura,2025,7,13,3.827,3.4,True
Tinnura,2025,8,13,3.827,3.4,True
Tinnura,2025,9,13,3.827,3.4,True
Tinnura,2025,10,13,3.827,3.4,True
Tinnura,2025,11,13,3.827,3.4,True
Tinnura,2025,12,13,3.827,3.4,True
Tissi,2025,1,18,10.22,1.76,True
Tissi,2025,2,18,10.22,1.76,True
Tissi,2025,3,18,10.22,1.76,True
Tissi,2025,4,18,10.22,1.76,True
Tissi,2025,5,18,10.22,1.76,True
Tissi,2025,6,18,10.22,1.76,True
Tissi,2025,7,18,10.22,1.76,True
Tissi,2025,8,18,10.22,1.76,True
Tissi,2025,9,18,10.22,1.76,True
Tissi,2025,10,18,10.22,1.76,True
Tissi,2025,11,18,10.22,1.76,True
Tissi,2025,12,18,10.22,1.76,True
Tonara,2025,1,319,52.217,6.11,True
Tonara,2025,2,319,52.217,6.11,True
Tonara,2025,3,319,52.217,6.11,True
Tonara,2025,4,319,52.217,6.11,True
Tonara,2025,5,319,52.217,6.11,True
Tonara,2025,6,319,52.217,6.11,True
Tonara,2025,7,319,52.217,6.11,True
Tonara,2025,8,319,52.217,6.11,True
Tonara,2025,9,319,52.217,6.11,True
Tonara,2025,10,319,52.217,6.11,True
Tonara,2025,11,319,52.217,6.11,True
Tonara,2025,12,319,52.217,6.11,True
Torpè,2025,1,548,92.36,5.93,True
Torpè,2025,2,548,92.36,5.93,True
Torpè,2025,3,548,92.36,5.93,True
Torpè,2025,4,548,92.36,5.93,True
Torpè,2025,5,548,92.36,5.93,True
Torpè,2025,6,548,92.36,5.93,True
Torpè,2025,7,548,92.36,5.93,True
Torpè,2025,8,548,92.36,5.93,True
Torpè,2025,9,548,92.36,5.93,True
Torpè,2025,10,548,92.36,5.93,True
Torpè,2025,11,548,92.36,5.93,True
Torpè,2025,12,548,92.36,5.93,True
Torralba,2025,1,10,36.339,0.28,True
Torralba,2025,2,10,36.339,0.28,True
Torralba,2025,3,10,36.339,0.28,True
Torralba,2025,4,10,36.339,0.28,True
Torralba,2025,5,10,36.339,0.28,True
Torralba,2025,6,10,36.339,0.28,True
Torralba,2025,7,10,36.339,0.28,True
Torralba,2025,8,10,36.339,0.28,True
Torralba,2025,9,10,36.339,0.28,True
Torralba,2025,10,10,36.339,0.28,True
Torralba,2025,11,10,36.339,0.28,True
Torralba,2025,12,10,36.339,0.28,True
Tortolì,2025,1,9512,40.416,235.35,True
Tortolì,2025,2,9512,40.416,235.35,True
Tortolì,2025,3,9512,40.416,235.35,True
Tortolì,2025,4,9512,40.416,235.35,True
Tortolì,2025,5,9512,40.416,235.35,True
Tortolì,2025,6,9512,40.416,235.35,True
Tortolì,2025,7,9512,40.416,235.35,True
Tortolì,2025,8,9512,40.416,235.35,True
Tortolì,2025,9,9512,40.416,235.35,True
Tortolì,2025,10,9512,40.416,235.35,True
Tortolì,2025,11,9512,40.416,235.35,True
Tortolì,2025,12,9512,40.416,235.35,True
Tramatza,2025,1,53,16.948,3.13,True
Tramatza,2025,2,53,16.948,3.13,True
Tramatza,2025,3,53,16.948,3.13,True
Tramatza,2025,4,53,16.948,3.13,True
Tramatza,2025,5,53,16.948,3.13,True
Tramatza,2025,6,53,16.948,3.13,True
Tramatza,2025,7,53,16.948,3.13,True
Tramatza,2025,8,53,16.948,3.13,True
Tramatza,2025,9,53,16.948,3.13,True
Tramatza,2025,10,53,16.948,3.13,True
Tramatza,2025,11,53,16.948,3.13,True
Tramatza,2025,12,53,16.948,3.13,True
Tratalias,2025,1,108,30.975,3.49,True
Tratalias,2025,2,108,30.975,3.49,True
Tratalias,2025,3,108,30.975,3.49,True
Tratalias,2025,4,108,30.975,3.49,True
Tratalias,2025,5,108,30.975,3.49,True
Tratalias,2025,6,108,30.975,3.49,True
Tratalias,2025,7,108,30.975,3.49,True
Tratalias,2025,8,108,30.975,3.49,True
Tratalias,2025,9,108,30.975,3.49,True
Tratalias,2025,10,108,30.975,3.49,True
Tratalias,2025,11,108,30.975,3.49,True
Tratalias,2025,12,108,30.975,3.49,True
Tresnuraghes,2025,1,842,31.4,26.82,True
Tresnuraghes,2025,2,842,31.4,26.82,True
Tresnuraghes,2025,3,842,31.4,26.82,True
Tresnuraghes,2025,4,842,31.4,26.82,True
Tresnuraghes,2025,5,842,31.4,26.82,True
Tresnuraghes,2025,6,842,31.4,26.82,True
Tresnuraghes,2025,7,842,31.4,26.82,True
Tresnuraghes,2025,8,842,31.4,26.82,True
Tresnuraghes,2025,9,842,31.4,26.82,True
Tresnuraghes,2025,10,842,31.4,26.82,True
Tresnuraghes,2025,11,842,31.4,26.82,True
Tresnuraghes,2025,12,842,31.4,26.82,True
Triei,2025,1,131,32.849,3.99,True
Triei,2025,2,131,32.849,3.99,True
Triei,2025,3,131,32.849,3.99,True
Triei,2025,4,131,32.849,3.99,True
Triei,2025,5,131,32.849,3.99,True
Triei,2025,6,131,32.849,3.99,True
Triei,2025,7,131,32.849,3.99,True
Triei,2025,8,131,32.849,3.99,True
Triei,2025,9,131,32.849,3.99,True
Triei,2025,10,131,32.849,3.99,True
Triei,2025,11,131,32.849,3.99,True
Triei,2025,12,131,32.849,3.99,True
Trinità D'Agultu E Vignola,2025,1,9228,134.092,68.82,True
Trinità D'Agultu E Vignola,2025,2,9228,134.092,68.82,True
Trinità D'Agultu E Vignola,2025,3,9228,134.092,68.82,True
Trinità D'Agultu E Vignola,2025,4,9228,134.092,68.82,True
Trinità D'Agultu E Vignola,2025,5,9228,134.092,68.82,True
Trinità D'Agultu E Vignola,2025,6,9228,134.092,68.82,True
Trinità D'Agultu E Vignola,2025,7,9228,134.092,68.82,True
Trinità D'Agultu E Vignola,2025,8,9228,134.092,68.82,True
Trinità D'Agultu E Vignola,2025,9,9228,134.092,68.82,True
Trinità D'Agultu E Vignola,2025,10,9228,134.092,68.82,True
Trinità D'Agultu E Vignola,2025,11,9228,134.092,68.82,True
Trinità D'Agultu E Vignola,2025,12,9228,134.092,68.82,True
Tuili,2025,1,70,24.449,2.86,True
Tuili,2025,2,70,24.449,2.86,True
Tuili,2025,3,70,24.449,2.86,True
Tuili,2025,4,70,24.449,2.86,True
Tuili,2025,5,70,24.449,2.86,True
Tuili,2025,6,70,24.449,2.86,True
Tuili,2025,7,70,24.449,2.86,True
Tuili,2025,8,70,24.449,2.86,True
Tuili,2025,9,70,24.449,2.86,True
Tuili,2025,10,70,24.449,2.86,True
Tuili,2025,11,70,24.449,2.86,True
Tuili,2025,12,70,24.449,2.86,True
Tula,2025,1,50,66.278,0.75,True
Tula,2025,2,50,66.278,0.75,True
Tula,2025,3,50,66.278,0.75,True
Tula,2025,4,50,66.278,0.75,True
Tula,2025,5,50,66.278,0.75,True
Tula,2025,6,50,66.278,0.75,True
Tula,2025,7,50,66.278,0.75,True
Tula,2025,8,50,66.278,0.75,True
Tula,2025,9,50,66.278,0.75,True
Tula,2025,10,50,66.278,0.75,True
Tula,2025,11,50,66.278,0.75,True
Tula,2025,12,50,66.278,0.75,True
Turri,2025,1,21,9.423,2.23,True
Turri,2025,2,21,9.423,2.23,True
Turri,2025,3,21,9.423,2.23,True
Turri,2025,4,21,9.423,2.23,True
Turri,2025,5,21,9.423,2.23,True
Turri,2025,6,21,9.423,2.23,True
Turri,2025,7,21,9.423,2.23,True
Turri,2025,8,21,9.423,2.23,True
Turri,2025,9,21,9.423,2.23,True
Turri,2025,10,21,9.423,2.23,True
Turri,2025,11,21,9.423,2.23,True
Turri,2025,12,21,9.423,2.23,True
Ulassai,2025,1,244,122.361,1.99,True
Ulassai,2025,2,244,122.361,1.99,True
Ulassai,2025,3,244,122.361,1.99,True
Ulassai,2025,4,244,122.361,1.99,True
Ulassai,2025,5,244,122.361,1.99,True
Ulassai,2025,6,244,122.361,1.99,True
Ulassai,2025,7,244,122.361,1.99,True
Ulassai,2025,8,244,122.361,1.99,True
Ulassai,2025,9,244,122.361,1.99,True
Ulassai,2025,10,244,122.361,1.99,True
Ulassai,2025,11,244,122.361,1.99,True
Ulassai,2025,12,244,122.361,1.99,True
Ulà Tirso,2025,1,21,19.183,1.09,True
Ulà Tirso,2025,2,21,19.183,1.09,True
Ulà Tirso,2025,3,21,19.183,1.09,True
Ulà Tirso,2025,4,21,19.183,1.09,True
Ulà Tirso,2025,5,21,19.183,1.09,True
Ulà Tirso,2025,6,21,19.183,1.09,True
Ulà Tirso,2025,7,21,19.183,1.09,True
Ulà Tirso,2025,8,21,19.183,1.09,True
Ulà Tirso,2025,9,21,19.183,1.09,True
Ulà Tirso,2025,10,21,19.183,1.09,True
Ulà Tirso,2025,11,21,19.183,1.09,True
Ulà Tirso,2025,12,21,19.183,1.09,True
Uras,2025,1,35,39.267,0.89,True
Uras,2025,2,35,39.267,0.89,True
Uras,2025,3,35,39.267,0.89,True
Uras,2025,4,35,39.267,0.89,True
Uras,2025,5,35,39.267,0.89,True
Uras,2025,6,35,39.267,0.89,True
Uras,2025,7,35,39.267,0.89,True
Uras,2025,8,35,39.267,0.89,True
Uras,2025,9,35,39.267,0.89,True
Uras,2025,10,35,39.267,0.89,True
Uras,2025,11,35,39.267,0.89,True
Uras,2025,12,35,39.267,0.89,True
Uri,2025,1,99,56.764,1.74,True
Uri,2025,2,99,56.764,1.74,True
Uri,2025,3,99,56.764,1.74,True
Uri,2025,4,99,56.764,1.74,True
Uri,2025,5,99,56.764,1.74,True
Uri,2025,6,99,56.764,1.74,True
Uri,2025,7,99,56.764,1.74,True
Uri,2025,8,99,56.764,1.74,True
Uri,2025,9,99,56.764,1.74,True
Uri,2025,10,99,56.764,1.74,True
Uri,2025,11,99,56.764,1.74,True
Uri,2025,12,99,56.764,1.74,True
Urzulei,2025,1,208,129.632,1.6,True
Urzulei,2025,2,208,129.632,1.6,True
Urzulei,2025,3,208,129.632,1.6,True
Urzulei,2025,4,208,129.632,1.6,True
Urzulei,2025,5,208,129.632,1.6,True
Urzulei,2025,6,208,129.632,1.6,True
Urzulei,2025,7,208,129.632,1.6,True
Urzulei,2025,8,208,129.632,1.6,True
Urzulei,2025,9,208,129.632,1.6,True
Urzulei,2025,10,208,129.632,1.6,True
Urzulei,2025,11,208,129.632,1.6,True
Urzulei,2025,12,208,129.632,1.6,True
Usellus,2025,1,10,35.117,0.28,True
Usellus,2025,2,10,35.117,0.28,True
Usellus,2025,3,10,35.117,0.28,True
Usellus,2025,4,10,35.117,0.28,True
Usellus,2025,5,10,35.117,0.28,True
Usellus,2025,6,10,35.117,0.28,True
Usellus,2025,7,10,35.117,0.28,True
Usellus,2025,8,10,35.117,0.28,True
Usellus,2025,9,10,35.117,0.28,True
Usellus,2025,10,10,35.117,0.28,True
Usellus,2025,11,10,35.117,0.28,True
Usellus,2025,12,10,35.117,0.28,True
Usini,2025,1,38,30.606,1.24,True
Usini,2025,2,38,30.606,1.24,True
Usini,2025,3,38,30.606,1.24,True
Usini,2025,4,38,30.606,1.24,True
Usini,2025,5,38,30.606,1.24,True
Usini,2025,6,38,30.606,1.24,True
Usini,2025,7,38,30.606,1.24,True
Usini,2025,8,38,30.606,1.24,True
Usini,2025,9,38,30.606,1.24,True
Usini,2025,10,38,30.606,1.24,True
Usini,2025,11,38,30.606,1.24,True
Usini,2025,12,38,30.606,1.24,True
Ussana,2025,1,58,32.8,1.77,True
Ussana,2025,2,58,32.8,1.77,True
Ussana,2025,3,58,32.8,1.77,True
Ussana,2025,4,58,32.8,1.77,True
Ussana,2025,5,58,32.8,1.77,True
Ussana,2025,6,58,32.8,1.77,True
Ussana,2025,7,58,32.8,1.77,True
Ussana,2025,8,58,32.8,1.77,True
Ussana,2025,9,58,32.8,1.77,True
Ussana,2025,10,58,32.8,1.77,True
Ussana,2025,11,58,32.8,1.77,True
Ussana,2025,12,58,32.8,1.77,True
Ussaramanna,2025,1,0,9.546,0.0,False
Ussaramanna,2025,2,0,9.546,0.0,False
Ussaramanna,2025,3,0,9.546,0.0,False
Ussaramanna,2025,4,0,9.546,0.0,False
Ussaramanna,2025,5,0,9.546,0.0,False
Ussaramanna,2025,6,0,9.546,0.0,False
Ussaramanna,2025,7,0,9.546,0.0,False
Ussaramanna,2025,8,0,9.546,0.0,False
Ussaramanna,2025,9,0,9.546,0.0,False
Ussaramanna,2025,10,0,9.546,0.0,False
Ussaramanna,2025,11,0,9.546,0.0,False
Ussaramanna,2025,12,0,9.546,0.0,False
Ussassai,2025,1,34,47.43,0.72,True
Ussassai,2025,2,34,47.43,0.72,True
Ussassai,2025,3,34,47.43,0.72,True
Ussassai,2025,4,34,47.43,0.72,True
Ussassai,2025,5,34,47.43,0.72,True
Ussassai,2025,6,34,47.43,0.72,True
Ussassai,2025,7,34,47.43,0.72,True
Ussassai,2025,8,34,47.43,0.72,True
Ussassai,2025,9,34,47.43,0.72,True
Ussassai,2025,10,34,47.43,0.72,True
Ussassai,2025,11,34,47.43,0.72,True
Ussassai,2025,12,34,47.43,0.72,True
Uta,2025,1,192,134.56,1.43,True
Uta,2025,2,192,134.56,1.43,True
Uta,2025,3,192,134.56,1.43,True
Uta,2025,4,192,134.56,1.43,True
Uta,2025,5,192,134.56,1.43,True
Uta,2025,6,192,134.56,1.43,True
Uta,2025,7,192,134.56,1.43,True
Uta,2025,8,192,134.56,1.43,True
Uta,2025,9,192,134.56,1.43,True
Uta,2025,10,192,134.56,1.43,True
Uta,2025,11,192,134.56,1.43,True
Uta,2025,12,192,134.56,1.43,True
Valledoria,2025,1,6222,25.374,245.21,True
Valledoria,2025,2,6222,25.374,245.21,True
Valledoria,2025,3,6222,25.374,245.21,True
Valledoria,2025,4,6222,25.374,245.21,True
Valledoria,2025,5,6222,25.374,245.21,True
Valledoria,2025,6,6222,25.374,245.21,True
Valledoria,2025,7,6222,25.374,245.21,True
Valledoria,2025,8,6222,25.374,245.21,True
Valledoria,2025,9,6222,25.374,245.21,True
Valledoria,2025,10,6222,25.374,245.21,True
Valledoria,2025,11,6222,25.374,245.21,True
Valledoria,2025,12,6222,25.374,245.21,True
Vallermosa,2025,1,88,61.567,1.43,True
Vallermosa,2025,2,88,61.567,1.43,True
Vallermosa,2025,3,88,61.567,1.43,True
Vallermosa,2025,4,88,61.567,1.43,True
Vallermosa,2025,5,88,61.567,1.43,True
Vallermosa,2025,6,88,61.567,1.43,True
Vallermosa,2025,7,88,61.567,1.43,True
Vallermosa,2025,8,88,61.567,1.43,True
Vallermosa,2025,9,88,61.567,1.43,True
Vallermosa,2025,10,88,61.567,1.43,True
Vallermosa,2025,11,88,61.567,1.43,True
Vallermosa,2025,12,88,61.567,1.43,True
Viddalba,2025,1,590,50.366,11.71,True
Viddalba,2025,2,590,50.366,11.71,True
Viddalba,2025,3,590,50.366,11.71,True
Viddalba,2025,4,590,50.366,11.71,True
Viddalba,2025,5,590,50.366,11.71,True
Viddalba,2025,6,590,50.366,11.71,True
Viddalba,2025,7,590,50.366,11.71,True
Viddalba,2025,8,590,50.366,11.71,True
Viddalba,2025,9,590,50.366,11.71,True
Viddalba,2025,10,590,50.366,11.71,True
Viddalba,2025,11,590,50.366,11.71,True
Viddalba,2025,12,590,50.366,11.71,True
Villa San Pietro,2025,1,375,40.276,9.31,True
Villa San Pietro,2025,2,375,40.276,9.31,True
Villa San Pietro,2025,3,375,40.276,9.31,True
Villa San Pietro,2025,4,375,40.276,9.31,True
Villa San Pietro,2025,5,375,40.276,9.31,True
Villa San Pietro,2025,6,375,40.276,9.31,True
Villa San Pietro,2025,7,375,40.276,9.31,True
Villa San Pietro,2025,8,375,40.276,9.31,True
Villa San Pietro,2025,9,375,40.276,9.31,True
Villa San Pietro,2025,10,375,40.276,9.31,True
Villa San Pietro,2025,11,375,40.276,9.31,True
Villa San Pietro,2025,12,375,40.276,9.31,True
Villa Sant'Antonio,2025,1,0,18.693,0.0,False
Villa Sant'Antonio,2025,2,0,18.693,0.0,False
Villa Sant'Antonio,2025,3,0,18.693,0.0,False
Villa Sant'Antonio,2025,4,0,18.693,0.0,False
Villa Sant'Antonio,2025,5,0,18.693,0.0,False
Villa Sant'Antonio,2025,6,0,18.693,0.0,False
Villa Sant'Antonio,2025,7,0,18.693,0.0,False
Villa Sant'Antonio,2025,8,0,18.693,0.0,False
Villa Sant'Antonio,2025,9,0,18.693,0.0,False
Villa Sant'Antonio,2025,10,0,18.693,0.0,False
Villa Sant'Antonio,2025,11,0,18.693,0.0,False
Villa Sant'Antonio,2025,12,0,18.693,0.0,False
Villa Verde,2025,1,4,17.679,0.23,True
Villa Verde,2025,2,4,17.679,0.23,True
Villa Verde,2025,3,4,17.679,0.23,True
Villa Verde,2025,4,4,17.679,0.23,True
Villa Verde,2025,5,4,17.679,0.23,True
Villa Verde,2025,6,4,17.679,0.23,True
Villa Verde,2025,7,4,17.679,0.23,True
Villa Verde,2025,8,4,17.679,0.23,True
Villa Verde,2025,9,4,17.679,0.23,True
Villa Verde,2025,10,4,17.679,0.23,True
Villa Verde,2025,11,4,17.679,0.23,True
Villa Verde,2025,12,4,17.679,0.23,True
Villacidro,2025,1,152,183.509,0.83,True
Villacidro,2025,2,152,183.509,0.83,True
Villacidro,2025,3,152,183.509,0.83,True
Villacidro,2025,4,152,183.509,0.83,True
Villacidro,2025,5,152,183.509,0.83,True
Villacidro,2025,6,152,183.509,0.83,True
Villacidro,2025,7,152,183.509,0.83,True
Villacidro,2025,8,152,183.509,0.83,True
Villacidro,2025,9,152,183.509,0.83,True
Villacidro,2025,10,152,183.509,0.83,True
Villacidro,2025,11,152,183.509,0.83,True
Villacidro,2025,12,152,183.509,0.83,True
Villagrande Strisaili,2025,1,169,210.239,0.8,True
Villagrande Strisaili,2025,2,169,210.239,0.8,True
Villagrande Strisaili,2025,3,169,210.239,0.8,True
Villagrande Strisaili,2025,4,169,210.239,0.8,True
Villagrande Strisaili,2025,5,169,210.239,0.8,True
Villagrande Strisaili,2025,6,169,210.239,0.8,True
Villagrande Strisaili,2025,7,169,210.239,0.8,True
Villagrande Strisaili,2025,8,169,210.239,0.8,True
Villagrande Strisaili,2025,9,169,210.239,0.8,True
Villagrande Strisaili,2025,10,169,210.239,0.8,True
Villagrande Strisaili,2025,11,169,210.239,0.8,True
Villagrande Strisaili,2025,12,169,210.239,0.8,True
Villamar,2025,1,15,38.207,0.39,True
Villamar,2025,2,15,38.207,0.39,True
Villamar,2025,3,15,38.207,0.39,True
Villamar,2025,4,15,38.207,0.39,True
Villamar,2025,5,15,38.207,0.39,True
Villamar,2025,6,15,38.207,0.39,True
Villamar,2025,7,15,38.207,0.39,True
Villamar,2025,8,15,38.207,0.39,True
Villamar,2025,9,15,38.207,0.39,True
Villamar,2025,10,15,38.207,0.39,True
Villamar,2025,11,15,38.207,0.39,True
Villamar,2025,12,15,38.207,0.39,True
Villamassargia,2025,1,133,91.426,1.45,True
Villamassargia,2025,2,133,91.426,1.45,True
Villamassargia,2025,3,133,91.426,1.45,True
Villamassargia,2025,4,133,91.426,1.45,True
Villamassargia,2025,5,133,91.426,1.45,True
Villamassargia,2025,6,133,91.426,1.45,True
Villamassargia,2025,7,133,91.426,1.45,True
Villamassargia,2025,8,133,91.426,1.45,True
Villamassargia,2025,9,133,91.426,1.45,True
Villamassargia,2025,10,133,91.426,1.45,True
Villamassargia,2025,11,133,91.426,1.45,True
Villamassargia,2025,12,133,91.426,1.45,True
Villanova Monteleone,2025,1,160,202.6,0.79,True
Villanova Monteleone,2025,2,160,202.6,0.79,True
Villanova Monteleone,2025,3,160,202.6,0.79,True
Villanova Monteleone,2025,4,160,202.6,0.79,True
Villanova Monteleone,2025,5,160,202.6,0.79,True
Villanova Monteleone,2025,6,160,202.6,0.79,True
Villanova Monteleone,2025,7,160,202.6,0.79,True
Villanova Monteleone,2025,8,160,202.6,0.79,True
Villanova Monteleone,2025,9,160,202.6,0.79,True
Villanova Monteleone,2025,10,160,202.6,0.79,True
Villanova Monteleone,2025,11,160,202.6,0.79,True
Villanova Monteleone,2025,12,160,202.6,0.79,True
Villanova Truschedu,2025,1,2,16.618,0.12,True
Villanova Truschedu,2025,2,2,16.618,0.12,True
Villanova Truschedu,2025,3,2,16.618,0.12,True
Villanova Truschedu,2025,4,2,16.618,0.12,True
Villanova Truschedu,2025,5,2,16.618,0.12,True
Villanova Truschedu,2025,6,2,16.618,0.12,True
Villanova Truschedu,2025,7,2,16.618,0.12,True
Villanova Truschedu,2025,8,2,16.618,0.12,True
Villanova Truschedu,2025,9,2,16.618,0.12,True
Villanova Truschedu,2025,10,2,16.618,0.12,True
Villanova Truschedu,2025,11,2,16.618,0.12,True
Villanova Truschedu,2025,12,2,16.618,0.12,True
Villanova Tulo,2025,1,7,40.731,0.17,True
Villanova Tulo,2025,2,7,40.731,0.17,True
Villanova Tulo,2025,3,7,40.731,0.17,True
Villanova Tulo,2025,4,7,40.731,0.17,True
Villanova Tulo,2025,5,7,40.731,0.17,True
Villanova Tulo,2025,6,7,40.731,0.17,True
Villanova Tulo,2025,7,7,40.731,0.17,True
Villanova Tulo,2025,8,7,40.731,0.17,True
Villanova Tulo,2025,9,7,40.731,0.17,True
Villanova Tulo,2025,10,7,40.731,0.17,True
Villanova Tulo,2025,11,7,40.731,0.17,True
Villanova Tulo,2025,12,7,40.731,0.17,True
Villanovaforru,2025,1,84,10.77,7.8,True
Villanovaforru,2025,2,84,10.77,7.8,True
Villanovaforru,2025,3,84,10.77,7.8,True
Villanovaforru,2025,4,84,10.77,7.8,True
Villanovaforru,2025,5,84,10.77,7.8,True
Villanovaforru,2025,6,84,10.77,7.8,True
Villanovaforru,2025,7,84,10.77,7.8,True
Villanovaforru,2025,8,84,10.77,7.8,True
Villanovaforru,2025,9,84,10.77,7.8,True
Villanovaforru,2025,10,84,10.77,7.8,True
Villanovaforru,2025,11,84,10.77,7.8,True
Villanovaforru,2025,12,84,10.77,7.8,True
Villanovafranca,2025,1,23,27.724,0.83,True
Villanovafranca,2025,2,23,27.724,0.83,True
Villanovafranca,2025,3,23,27.724,0.83,True
Villanovafranca,2025,4,23,27.724,0.83,True
Villanovafranca,2025,5,23,27.724,0.83,True
Villanovafranca,2025,6,23,27.724,0.83,True
Villanovafranca,2025,7,23,27.724,0.83,True
Villanovafranca,2025,8,23,27.724,0.83,True
Villanovafranca,2025,9,23,27.724,0.83,True
Villanovafranca,2025,10,23,27.724,0.83,True
Villanovafranca,2025,11,23,27.724,0.83,True
Villanovafranca,2025,12,23,27.724,0.83,True
Villaperuccio,2025,1,20,36.698,0.54,True
Villaperuccio,2025,2,20,36.698,0.54,True
Villaperuccio,2025,3,20,36.698,0.54,True
Villaperuccio,2025,4,20,36.698,0.54,True
Villaperuccio,2025,5,20,36.698,0.54,True
Villaperuccio,2025,6,20,36.698,0.54,True
Villaperuccio,2025,7,20,36.698,0.54,True
Villaperuccio,2025,8,20,36.698,0.54,True
Villaperuccio,2025,9,20,36.698,0.54,True
Villaperuccio,2025,10,20,36.698,0.54,True
Villaperuccio,2025,11,20,36.698,0.54,True
Villaperuccio,2025,12,20,36.698,0.54,True
Villaputzu,2025,1,1258,180.687,6.96,True
Villaputzu,2025,2,1258,180.687,6.96,True
Villaputzu,2025,3,1258,180.687,6.96,True
Villaputzu,2025,4,1258,180.687,6.96,True
Villaputzu,2025,5,1258,180.687,6.96,True
Villaputzu,2025,6,1258,180.687,6.96,True
Villaputzu,2025,7,1258,180.687,6.96,True
Villaputzu,2025,8,1258,180.687,6.96,True
Villaputzu,2025,9,1258,180.687,6.96,True
Villaputzu,2025,10,1258,180.687,6.96,True
Villaputzu,2025,11,1258,180.687,6.96,True
Villaputzu,2025,12,1258,180.687,6.96,True
Villasalto,2025,1,17,130.342,0.13,True
Villasalto,2025,2,17,130.342,0.13,True
Villasalto,2025,3,17,130.342,0.13,True
Villasalto,2025,4,17,130.342,0.13,True
Villasalto,2025,5,17,130.342,0.13,True
Villasalto,2025,6,17,130.342,0.13,True
Villasalto,2025,7,17,130.342,0.13,True
Villasalto,2025,8,17,130.342,0.13,True
Villasalto,2025,9,17,130.342,0.13,True
Villasalto,2025,10,17,130.342,0.13,True
Villasalto,2025,11,17,130.342,0.13,True
Villasalto,2025,12,17,130.342,0.13,True
Villasimius,2025,1,17027,58.173,292.7,True
Villasimius,2025,2,17027,58.173,292.7,True
Villasimius,2025,3,17027,58.173,292.7,True
Villasimius,2025,4,17027,58.173,292.7,True
Villasimius,2025,5,17027,58.173,292.7,True
Villasimius,2025,6,17027,58.173,292.7,True
Villasimius,2025,7,17027,58.173,292.7,True
Villasimius,2025,8,17027,58.173,292.7,True
Villasimius,2025,9,17027,58.173,292.7,True
Villasimius,2025,10,17027,58.173,292.7,True
Villasimius,2025,11,17027,58.173,292.7,True
Villasimius,2025,12,17027,58.173,292.7,True
Villasor,2025,1,39,86.793,0.45,True
Villasor,2025,2,39,86.793,0.45,True
Villasor,2025,3,39,86.793,0.45,True
Villasor,2025,4,39,86.793,0.45,True
Villasor,2025,5,39,86.793,0.45,True
Villasor,2025,6,39,86.793,0.45,True
Villasor,2025,7,39,86.793,0.45,True
Villasor,2025,8,39,86.793,0.45,True
Villasor,2025,9,39,86.793,0.45,True
Villasor,2025,10,39,86.793,0.45,True
Villasor,2025,11,39,86.793,0.45,True
Villasor,2025,12,39,86.793,0.45,True
Villaspeciosa,2025,1,20,27.063,0.74,True
Villaspeciosa,2025,2,20,27.063,0.74,True
Villaspeciosa,2025,3,20,27.063,0.74,True
Villaspeciosa,2025,4,20,27.063,0.74,True
Villaspeciosa,2025,5,20,27.063,0.74,True
Villaspeciosa,2025,6,20,27.063,0.74,True
Villaspeciosa,2025,7,20,27.063,0.74,True
Villaspeciosa,2025,8,20,27.063,0.74,True
Villaspeciosa,2025,9,20,27.063,0.74,True
Villaspeciosa,2025,10,20,27.063,0.74,True
Villaspeciosa,2025,11,20,27.063,0.74,True
Villaspeciosa,2025,12,20,27.063,0.74,True
Villaurbana,2025,1,56,58.733,0.95,True
Villaurbana,2025,2,56,58.733,0.95,True
Villaurbana,2025,3,56,58.733,0.95,True
Villaurbana,2025,4,56,58.733,0.95,True
Villaurbana,2025,5,56,58.733,0.95,True
Villaurbana,2025,6,56,58.733,0.95,True
Villaurbana,2025,7,56,58.733,0.95,True
Villaurbana,2025,8,56,58.733,0.95,True
Villaurbana,2025,9,56,58.733,0.95,True
Villaurbana,2025,10,56,58.733,0.95,True
Villaurbana,2025,11,56,58.733,0.95,True
Villaurbana,2025,12,56,58.733,0.95,True
Zeddiani,2025,1,17,12.052,1.41,True
Zeddiani,2025,2,17,12.052,1.41,True
Zeddiani,2025,3,17,12.052,1.41,True
Zeddiani,2025,4,17,12.052,1.41,True
Zeddiani,2025,5,17,12.052,1.41,True
Zeddiani,2025,6,17,12.052,1.41,True
Zeddiani,2025,7,17,12.052,1.41,True
Zeddiani,2025,8,17,12.052,1.41,True
Zeddiani,2025,9,17,12.052,1.41,True
Zeddiani,2025,10,17,12.052,1.41,True
Zeddiani,2025,11,17,12.052,1.41,True
Zeddiani,2025,12,17,12.052,1.41,True
Zerfaliu,2025,1,0,15.751,0.0,False
Zerfaliu,2025,2,0,15.751,0.0,False
Zerfaliu,2025,3,0,15.751,0.0,False
Zerfaliu,2025,4,0,15.751,0.0,False
Zerfaliu,2025,5,0,15.751,0.0,False
Zerfaliu,2025,6,0,15.751,0.0,False
Zerfaliu,2025,7,0,15.751,0.0,False
Zerfaliu,2025,8,0,15.751,0.0,False
Zerfaliu,2025,9,0,15.751,0.0,False
Zerfaliu,2025,10,0,15.751,0.0,False
Zerfaliu,2025,11,0,15.751,0.0,False
Zerfaliu,2025,12,0,15.751,0.0,False
