comune,anno,mese,presenze_mese,presenze_stimate,superficie_kmq,densita_turistica,n_mesi_con_dati,copertura_sufficiente
Abbasanta,2022,1,71.43,True,39.816,1.79,12,True
Abbasanta,2022,2,165.2,True,39.816,4.15,12,True
Abbasanta,2022,3,85.98,True,39.816,2.16,12,True
Abbasanta,2022,4,456.19,True,39.816,11.46,12,True
Abbasanta,2022,5,821.85,True,39.816,20.64,12,True
Abbasanta,2022,6,1249.68,True,39.816,31.39,12,True
Abbasanta,2022,7,1297.84,True,39.816,32.6,12,True
Abbasanta,2022,8,1629.76,True,39.816,40.93,12,True
Abbasanta,2022,9,1252.15,True,39.816,31.45,12,True
Abbasanta,2022,10,182.85,True,39.816,4.59,12,True
Abbasanta,2022,11,80.66,True,39.816,2.03,12,True
Abbasanta,2022,12,91.42,True,39.816,2.3,12,True
Aggius,2022,1,8.02,True,86.445,0.09,12,True
Aggius,2022,2,7.21,True,86.445,0.08,12,True
Aggius,2022,3,9.65,True,86.445,0.11,12,True
Aggius,2022,4,18.88,True,86.445,0.22,12,True
Aggius,2022,5,23.79,True,86.445,0.28,12,True
Aggius,2022,6,42.52,True,86.445,0.49,12,True
Aggius,2022,7,215.4,True,86.445,2.49,12,True
Aggius,2022,8,384.72,True,86.445,4.45,12,True
Aggius,2022,9,36.96,True,86.445,0.43,12,True
Aggius,2022,10,20.53,True,86.445,0.24,12,True
Aggius,2022,11,9.06,True,86.445,0.1,12,True
Aggius,2022,12,10.27,True,86.445,0.12,12,True
Aglientu,2022,1,2.67,True,148.358,0.02,12,True
Aglientu,2022,2,2.4,True,148.358,0.02,12,True
Aglientu,2022,3,3.22,True,148.358,0.02,12,True
Aglientu,2022,4,3691.29,True,148.358,24.88,12,True
Aglientu,2022,5,11052.93,True,148.358,74.5,12,True
Aglientu,2022,6,43395.17,True,148.358,292.5,12,True
Aglientu,2022,7,102732.47,True,148.358,692.46,12,True
Aglientu,2022,8,114575.24,True,148.358,772.29,12,True
Aglientu,2022,9,46445.32,True,148.358,313.06,12,True
Aglientu,2022,10,9527.84,True,148.358,64.22,12,True
Aglientu,2022,11,3.02,True,148.358,0.02,12,True
Aglientu,2022,12,3.42,True,148.358,0.02,12,True
Ales,2022,1,9.0,False,22.204,0.41,11,True
Ales,2022,3,22.0,False,22.204,0.99,11,True
Ales,2022,4,102.0,False,22.204,4.59,11,True
Ales,2022,5,60.0,False,22.204,2.7,11,True
Ales,2022,6,103.0,False,22.204,4.64,11,True
Ales,2022,7,125.0,False,22.204,5.63,11,True
Ales,2022,8,232.0,False,22.204,10.45,11,True
Ales,2022,9,112.0,False,22.204,5.04,11,True
Ales,2022,10,73.0,False,22.204,3.29,11,True
Ales,2022,11,26.0,False,22.204,1.17,11,True
Ales,2022,12,35.0,False,22.204,1.58,11,True
Alghero,2022,1,5909.0,False,225.428,26.21,12,True
Alghero,2022,2,7038.0,False,225.428,31.22,12,True
Alghero,2022,3,10622.0,False,225.428,47.12,12,True
Alghero,2022,4,50635.0,False,225.428,224.62,12,True
Alghero,2022,5,100803.0,False,225.428,447.16,12,True
Alghero,2022,6,190100.0,False,225.428,843.28,12,True
Alghero,2022,7,281730.0,False,225.428,1249.76,12,True
Alghero,2022,8,321518.0,False,225.428,1426.26,12,True
Alghero,2022,9,215379.0,False,225.428,955.42,12,True
Alghero,2022,10,86231.0,False,225.428,382.52,12,True
Alghero,2022,11,11036.0,False,225.428,48.96,12,True
Alghero,2022,12,10720.0,False,225.428,47.55,12,True
Arborea,2022,1,280.0,False,94.668,2.96,12,True
Arborea,2022,2,394.0,False,94.668,4.16,12,True
Arborea,2022,3,814.0,False,94.668,8.6,12,True
Arborea,2022,4,2767.0,False,94.668,29.23,12,True
Arborea,2022,5,5892.0,False,94.668,62.24,12,True
Arborea,2022,6,12283.0,False,94.668,129.75,12,True
Arborea,2022,7,20359.0,False,94.668,215.06,12,True
Arborea,2022,8,27557.0,False,94.668,291.09,12,True
Arborea,2022,9,12706.0,False,94.668,134.22,12,True
Arborea,2022,10,8769.0,False,94.668,92.63,12,True
Arborea,2022,11,513.0,False,94.668,5.42,12,True
Arborea,2022,12,138.0,False,94.668,1.46,12,True
Arbus,2022,1,160.0,False,269.273,0.59,12,True
Arbus,2022,2,165.0,False,269.273,0.61,12,True
Arbus,2022,3,145.0,False,269.273,0.54,12,True
Arbus,2022,4,1270.0,False,269.273,4.72,12,True
Arbus,2022,5,2077.0,False,269.273,7.71,12,True
Arbus,2022,6,6256.0,False,269.273,23.23,12,True
Arbus,2022,7,11739.0,False,269.273,43.6,12,True
Arbus,2022,8,15338.0,False,269.273,56.96,12,True
Arbus,2022,9,8570.0,False,269.273,31.83,12,True
Arbus,2022,10,3289.0,False,269.273,12.21,12,True
Arbus,2022,11,898.0,False,269.273,3.33,12,True
Arbus,2022,12,348.0,False,269.273,1.29,12,True
Aritzo,2022,1,40.0,False,75.183,0.53,12,True
Aritzo,2022,2,9.0,False,75.183,0.12,12,True
Aritzo,2022,3,13.0,False,75.183,0.17,12,True
Aritzo,2022,4,71.0,False,75.183,0.94,12,True
Aritzo,2022,5,413.0,False,75.183,5.49,12,True
Aritzo,2022,6,398.0,False,75.183,5.29,12,True
Aritzo,2022,7,448.0,False,75.183,5.96,12,True
Aritzo,2022,8,1302.0,False,75.183,17.32,12,True
Aritzo,2022,9,639.0,False,75.183,8.5,12,True
Aritzo,2022,10,433.0,False,75.183,5.76,12,True
Aritzo,2022,11,58.0,False,75.183,0.77,12,True
Aritzo,2022,12,133.0,False,75.183,1.77,12,True
Arzachena,2022,1,1265.0,False,231.32,5.47,12,True
Arzachena,2022,2,1883.0,False,231.32,8.14,12,True
Arzachena,2022,3,3409.0,False,231.32,14.74,12,True
Arzachena,2022,4,24196.0,False,231.32,104.6,12,True
Arzachena,2022,5,85959.0,False,231.32,371.6,12,True
Arzachena,2022,6,190899.0,False,231.32,825.26,12,True
Arzachena,2022,7,279552.0,False,231.32,1208.51,12,True
Arzachena,2022,8,301763.0,False,231.32,1304.53,12,True
Arzachena,2022,9,221684.0,False,231.32,958.34,12,True
Arzachena,2022,10,76594.0,False,231.32,331.12,12,True
Arzachena,2022,11,14488.0,False,231.32,62.63,12,True
Arzachena,2022,12,1052.0,False,231.32,4.55,12,True
Assemini,2022,1,1245.0,False,118.322,10.52,12,True
Assemini,2022,2,2002.0,False,118.322,16.92,12,True
Assemini,2022,3,1915.0,False,118.322,16.18,12,True
Assemini,2022,4,1039.0,False,118.322,8.78,12,True
Assemini,2022,5,2448.0,False,118.322,20.69,12,True
Assemini,2022,6,2531.0,False,118.322,21.39,12,True
Assemini,2022,7,3171.0,False,118.322,26.8,12,True
Assemini,2022,8,4487.0,False,118.322,37.92,12,True
Assemini,2022,9,2993.0,False,118.322,25.3,12,True
Assemini,2022,10,2206.0,False,118.322,18.64,12,True
Assemini,2022,11,2250.0,False,118.322,19.02,12,True
Assemini,2022,12,1642.0,False,118.322,13.88,12,True
Atzara,2022,1,17.0,False,35.952,0.47,11,True
Atzara,2022,2,7.0,False,35.952,0.19,11,True
Atzara,2022,3,27.0,False,35.952,0.75,11,True
Atzara,2022,4,39.0,False,35.952,1.08,11,True
Atzara,2022,5,32.0,False,35.952,0.89,11,True
Atzara,2022,7,40.0,False,35.952,1.11,11,True
Atzara,2022,8,93.0,False,35.952,2.59,11,True
Atzara,2022,9,68.0,False,35.952,1.89,11,True
Atzara,2022,10,56.0,False,35.952,1.56,11,True
Atzara,2022,11,54.0,False,35.952,1.5,11,True
Atzara,2022,12,21.0,False,35.952,0.58,11,True
Badesi,2022,1,101.0,False,31.463,3.21,10,True
Badesi,2022,2,222.0,False,31.463,7.06,10,True
Badesi,2022,3,172.0,False,31.463,5.47,10,True
Badesi,2022,4,1483.0,False,31.463,47.13,10,True
Badesi,2022,5,3911.0,False,31.463,124.3,10,True
Badesi,2022,6,58282.0,False,31.463,1852.4,10,True
Badesi,2022,7,91946.0,False,31.463,2922.35,10,True
Badesi,2022,8,102766.0,False,31.463,3266.25,10,True
Badesi,2022,9,56814.0,False,31.463,1805.74,10,True
Badesi,2022,10,19968.0,False,31.463,634.65,10,True
Baratili San Pietro,2022,1,0.99,True,6.002,0.16,12,True
Baratili San Pietro,2022,2,0.89,True,6.002,0.15,12,True
Baratili San Pietro,2022,3,1.19,True,6.002,0.2,12,True
Baratili San Pietro,2022,4,23.32,True,6.002,3.89,12,True
Baratili San Pietro,2022,5,63.93,True,6.002,10.65,12,True
Baratili San Pietro,2022,6,204.23,True,6.002,34.03,12,True
Baratili San Pietro,2022,7,666.55,True,6.002,111.05,12,True
Baratili San Pietro,2022,8,998.47,True,6.002,166.36,12,True
Baratili San Pietro,2022,9,270.54,True,6.002,45.07,12,True
Baratili San Pietro,2022,10,113.52,True,6.002,18.91,12,True
Baratili San Pietro,2022,11,1.11,True,6.002,0.18,12,True
Baratili San Pietro,2022,12,1.26,True,6.002,0.21,12,True
Bari Sardo,2022,1,681.0,False,37.625,18.1,12,True
Bari Sardo,2022,2,476.0,False,37.625,12.65,12,True
Bari Sardo,2022,3,646.0,False,37.625,17.17,12,True
Bari Sardo,2022,4,2538.0,False,37.625,67.46,12,True
Bari Sardo,2022,5,11840.0,False,37.625,314.68,12,True
Bari Sardo,2022,6,29951.0,False,37.625,796.04,12,True
Bari Sardo,2022,7,47957.0,False,37.625,1274.6,12,True
Bari Sardo,2022,8,55548.0,False,37.625,1476.36,12,True
Bari Sardo,2022,9,35136.0,False,37.625,933.85,12,True
Bari Sardo,2022,10,11410.0,False,37.625,303.26,12,True
Bari Sardo,2022,11,787.0,False,37.625,20.92,12,True
Bari Sardo,2022,12,248.0,False,37.625,6.59,12,True
Barumini,2022,1,71.0,False,26.173,2.71,11,True
Barumini,2022,2,46.0,False,26.173,1.76,11,True
Barumini,2022,3,109.0,False,26.173,4.16,11,True
Barumini,2022,4,204.0,False,26.173,7.79,11,True
Barumini,2022,5,239.0,False,26.173,9.13,11,True
Barumini,2022,6,122.0,False,26.173,4.66,11,True
Barumini,2022,7,148.0,False,26.173,5.65,11,True
Barumini,2022,8,286.0,False,26.173,10.93,11,True
Barumini,2022,9,348.0,False,26.173,13.3,11,True
Barumini,2022,10,306.0,False,26.173,11.69,11,True
Barumini,2022,12,108.0,False,26.173,4.13,11,True
Bauladu,2022,1,2.73,True,23.9,0.11,12,True
Bauladu,2022,2,2.45,True,23.9,0.1,12,True
Bauladu,2022,3,35.28,True,23.9,1.48,12,True
Bauladu,2022,4,6.42,True,23.9,0.27,12,True
Bauladu,2022,5,48.08,True,23.9,2.01,12,True
Bauladu,2022,6,58.45,True,23.9,2.45,12,True
Bauladu,2022,7,224.86,True,23.9,9.41,12,True
Bauladu,2022,8,355.63,True,23.9,14.88,12,True
Bauladu,2022,9,150.56,True,23.9,6.3,12,True
Bauladu,2022,10,51.98,True,23.9,2.17,12,True
Bauladu,2022,11,3.08,True,23.9,0.13,12,True
Bauladu,2022,12,3.49,True,23.9,0.15,12,True
Baunei,2022,1,69.0,False,212.11,0.33,12,True
Baunei,2022,2,131.0,False,212.11,0.62,12,True
Baunei,2022,3,279.0,False,212.11,1.32,12,True
Baunei,2022,4,2244.0,False,212.11,10.58,12,True
Baunei,2022,5,6076.0,False,212.11,28.65,12,True
Baunei,2022,6,9853.0,False,212.11,46.45,12,True
Baunei,2022,7,13687.0,False,212.11,64.53,12,True
Baunei,2022,8,17252.0,False,212.11,81.34,12,True
Baunei,2022,9,10957.0,False,212.11,51.66,12,True
Baunei,2022,10,4939.0,False,212.11,23.29,12,True
Baunei,2022,11,222.0,False,212.11,1.05,12,True
Baunei,2022,12,184.0,False,212.11,0.87,12,True
Belvì,2022,1,48.0,False,18.286,2.62,10,True
Belvì,2022,2,58.0,False,18.286,3.17,10,True
Belvì,2022,3,61.0,False,18.286,3.34,10,True
Belvì,2022,4,16.0,False,18.286,0.87,10,True
Belvì,2022,5,11.0,False,18.286,0.6,10,True
Belvì,2022,7,15.0,False,18.286,0.82,10,True
Belvì,2022,8,94.0,False,18.286,5.14,10,True
Belvì,2022,9,21.0,False,18.286,1.15,10,True
Belvì,2022,10,38.0,False,18.286,2.08,10,True
Belvì,2022,12,11.0,False,18.286,0.6,10,True
Berchidda,2022,1,1.51,True,202.262,0.01,12,True
Berchidda,2022,2,1.35,True,202.262,0.01,12,True
Berchidda,2022,3,1.81,True,202.262,0.01,12,True
Berchidda,2022,4,3.54,True,202.262,0.02,12,True
Berchidda,2022,5,68.46,True,202.262,0.34,12,True
Berchidda,2022,6,159.98,True,202.262,0.79,12,True
Berchidda,2022,7,246.52,True,202.262,1.22,12,True
Berchidda,2022,8,357.4,True,202.262,1.77,12,True
Berchidda,2022,9,189.94,True,202.262,0.94,12,True
Berchidda,2022,10,56.85,True,202.262,0.28,12,True
Berchidda,2022,11,1.7,True,202.262,0.01,12,True
Berchidda,2022,12,1.93,True,202.262,0.01,12,True
Bitti,2022,1,10.0,False,215.633,0.05,12,True
Bitti,2022,2,2.0,False,215.633,0.01,12,True
Bitti,2022,3,7.0,False,215.633,0.03,12,True
Bitti,2022,4,109.0,False,215.633,0.51,12,True
Bitti,2022,5,340.0,False,215.633,1.58,12,True
Bitti,2022,6,364.0,False,215.633,1.69,12,True
Bitti,2022,7,443.0,False,215.633,2.05,12,True
Bitti,2022,8,678.0,False,215.633,3.14,12,True
Bitti,2022,9,488.0,False,215.633,2.26,12,True
Bitti,2022,10,297.0,False,215.633,1.38,12,True
Bitti,2022,11,14.0,False,215.633,0.06,12,True
Bitti,2022,12,41.0,False,215.633,0.19,12,True
Bolotana,2022,1,8.0,False,108.415,0.07,11,True
Bolotana,2022,2,19.0,False,108.415,0.18,11,True
Bolotana,2022,3,75.0,False,108.415,0.69,11,True
Bolotana,2022,4,34.0,False,108.415,0.31,11,True
Bolotana,2022,5,79.0,False,108.415,0.73,11,True
Bolotana,2022,6,46.0,False,108.415,0.42,11,True
Bolotana,2022,7,28.0,False,108.415,0.26,11,True
Bolotana,2022,8,141.0,False,108.415,1.3,11,True
Bolotana,2022,9,83.0,False,108.415,0.77,11,True
Bolotana,2022,10,81.0,False,108.415,0.75,11,True
Bolotana,2022,12,19.0,False,108.415,0.18,11,True
Bonarcado,2022,1,32.52,True,28.186,1.15,12,True
Bonarcado,2022,2,29.23,True,28.186,1.04,12,True
Bonarcado,2022,3,39.15,True,28.186,1.39,12,True
Bonarcado,2022,4,76.58,True,28.186,2.72,12,True
Bonarcado,2022,5,96.46,True,28.186,3.42,12,True
Bonarcado,2022,6,172.41,True,28.186,6.12,12,True
Bonarcado,2022,7,394.98,True,28.186,14.01,12,True
Bonarcado,2022,8,1277.21,True,28.186,45.31,12,True
Bonarcado,2022,9,907.86,True,28.186,32.21,12,True
Bonarcado,2022,10,373.25,True,28.186,13.24,12,True
Bonarcado,2022,11,36.72,True,28.186,1.3,12,True
Bonarcado,2022,12,41.63,True,28.186,1.48,12,True
Bosa,2022,1,1305.0,False,128.395,10.16,12,True
Bosa,2022,2,1587.0,False,128.395,12.36,12,True
Bosa,2022,3,2269.0,False,128.395,17.67,12,True
Bosa,2022,4,5411.0,False,128.395,42.14,12,True
Bosa,2022,5,7292.0,False,128.395,56.79,12,True
Bosa,2022,6,11046.0,False,128.395,86.03,12,True
Bosa,2022,7,18450.0,False,128.395,143.7,12,True
Bosa,2022,8,24577.0,False,128.395,191.42,12,True
Bosa,2022,9,13392.0,False,128.395,104.3,12,True
Bosa,2022,10,5341.0,False,128.395,41.6,12,True
Bosa,2022,11,1234.0,False,128.395,9.61,12,True
Bosa,2022,12,722.0,False,128.395,5.62,12,True
Budoni,2022,3,24.0,False,56.222,0.43,10,True
Budoni,2022,4,7546.0,False,56.222,134.22,10,True
Budoni,2022,5,46951.0,False,56.222,835.1,10,True
Budoni,2022,6,114356.0,False,56.222,2034.01,10,True
Budoni,2022,7,173159.0,False,56.222,3079.92,10,True
Budoni,2022,8,194635.0,False,56.222,3461.9,10,True
Budoni,2022,9,107833.0,False,56.222,1917.99,10,True
Budoni,2022,10,19567.0,False,56.222,348.03,10,True
Budoni,2022,11,158.0,False,56.222,2.81,10,True
Budoni,2022,12,7.0,False,56.222,0.12,10,True
Buggerru,2022,1,48.0,False,48.323,0.99,12,True
Buggerru,2022,2,43.0,False,48.323,0.89,12,True
Buggerru,2022,3,136.0,False,48.323,2.81,12,True
Buggerru,2022,4,519.0,False,48.323,10.74,12,True
Buggerru,2022,5,765.0,False,48.323,15.83,12,True
Buggerru,2022,6,2098.0,False,48.323,43.42,12,True
Buggerru,2022,7,3068.0,False,48.323,63.49,12,True
Buggerru,2022,8,4224.0,False,48.323,87.41,12,True
Buggerru,2022,9,2203.0,False,48.323,45.59,12,True
Buggerru,2022,10,1050.0,False,48.323,21.73,12,True
Buggerru,2022,11,44.0,False,48.323,0.91,12,True
Buggerru,2022,12,39.0,False,48.323,0.81,12,True
Busachi,2022,1,3.06,True,58.91,0.05,12,True
Busachi,2022,2,2.75,True,58.91,0.05,12,True
Busachi,2022,3,5.69,True,58.91,0.1,12,True
Busachi,2022,4,7.21,True,58.91,0.12,12,True
Busachi,2022,5,11.08,True,58.91,0.19,12,True
Busachi,2022,6,16.24,True,58.91,0.28,12,True
Busachi,2022,7,23.45,True,58.91,0.4,12,True
Busachi,2022,8,23.19,True,58.91,0.39,12,True
Busachi,2022,9,14.11,True,58.91,0.24,12,True
Busachi,2022,10,7.84,True,58.91,0.13,12,True
Busachi,2022,11,3.46,True,58.91,0.06,12,True
Busachi,2022,12,3.92,True,58.91,0.07,12,True
Cabras,2022,1,326.0,False,101.983,3.2,12,True
Cabras,2022,2,307.0,False,101.983,3.01,12,True
Cabras,2022,3,299.0,False,101.983,2.93,12,True
Cabras,2022,4,2683.0,False,101.983,26.31,12,True
Cabras,2022,5,4735.0,False,101.983,46.43,12,True
Cabras,2022,6,10375.0,False,101.983,101.73,12,True
Cabras,2022,7,19253.0,False,101.983,188.79,12,True
Cabras,2022,8,27151.0,False,101.983,266.23,12,True
Cabras,2022,9,14592.0,False,101.983,143.08,12,True
Cabras,2022,10,5146.0,False,101.983,50.46,12,True
Cabras,2022,11,3044.0,False,101.983,29.85,12,True
Cabras,2022,12,2891.0,False,101.983,28.35,12,True
Cagliari,2022,1,22269.0,False,84.916,262.25,12,True
Cagliari,2022,2,28694.0,False,84.916,337.91,12,True
Cagliari,2022,3,35251.0,False,84.916,415.13,12,True
Cagliari,2022,4,55550.0,False,84.916,654.18,12,True
Cagliari,2022,5,75619.0,False,84.916,890.52,12,True
Cagliari,2022,6,86649.0,False,84.916,1020.41,12,True
Cagliari,2022,7,107343.0,False,84.916,1264.11,12,True
Cagliari,2022,8,123235.0,False,84.916,1451.26,12,True
Cagliari,2022,9,93935.0,False,84.916,1106.21,12,True
Cagliari,2022,10,73091.0,False,84.916,860.74,12,True
Cagliari,2022,11,36082.0,False,84.916,424.91,12,True
Cagliari,2022,12,33612.0,False,84.916,395.83,12,True
Calangianus,2022,1,2.91,True,126.989,0.02,12,True
Calangianus,2022,2,2.61,True,126.989,0.02,12,True
Calangianus,2022,3,3.5,True,126.989,0.03,12,True
Calangianus,2022,4,6.84,True,126.989,0.05,12,True
Calangianus,2022,5,8.62,True,126.989,0.07,12,True
Calangianus,2022,6,15.41,True,126.989,0.12,12,True
Calangianus,2022,7,130.26,True,126.989,1.03,12,True
Calangianus,2022,8,241.01,True,126.989,1.9,12,True
Calangianus,2022,9,188.4,True,126.989,1.48,12,True
Calangianus,2022,10,239.44,True,126.989,1.89,12,True
Calangianus,2022,11,7.28,True,126.989,0.06,12,True
Calangianus,2022,12,3.72,True,126.989,0.03,12,True
Calasetta,2022,1,36.0,False,31.213,1.15,12,True
Calasetta,2022,2,29.0,False,31.213,0.93,12,True
Calasetta,2022,3,71.0,False,31.213,2.27,12,True
Calasetta,2022,4,561.0,False,31.213,17.97,12,True
Calasetta,2022,5,2300.0,False,31.213,73.69,12,True
Calasetta,2022,6,7011.0,False,31.213,224.62,12,True
Calasetta,2022,7,11824.0,False,31.213,378.82,12,True
Calasetta,2022,8,15304.0,False,31.213,490.31,12,True
Calasetta,2022,9,6035.0,False,31.213,193.35,12,True
Calasetta,2022,10,937.0,False,31.213,30.02,12,True
Calasetta,2022,11,73.0,False,31.213,2.34,12,True
Calasetta,2022,12,9.0,False,31.213,0.29,12,True
Capoterra,2022,1,262.0,False,68.327,3.83,12,True
Capoterra,2022,2,517.0,False,68.327,7.57,12,True
Capoterra,2022,3,507.0,False,68.327,7.42,12,True
Capoterra,2022,4,3216.0,False,68.327,47.07,12,True
Capoterra,2022,5,4343.0,False,68.327,63.56,12,True
Capoterra,2022,6,6463.0,False,68.327,94.59,12,True
Capoterra,2022,7,9652.0,False,68.327,141.26,12,True
Capoterra,2022,8,11439.0,False,68.327,167.42,12,True
Capoterra,2022,9,6437.0,False,68.327,94.21,12,True
Capoterra,2022,10,4866.0,False,68.327,71.22,12,True
Capoterra,2022,11,585.0,False,68.327,8.56,12,True
Capoterra,2022,12,511.0,False,68.327,7.48,12,True
Carbonia,2022,1,589.0,False,146.006,4.03,12,True
Carbonia,2022,2,569.0,False,146.006,3.9,12,True
Carbonia,2022,3,1056.0,False,146.006,7.23,12,True
Carbonia,2022,4,1763.0,False,146.006,12.07,12,True
Carbonia,2022,5,3184.0,False,146.006,21.81,12,True
Carbonia,2022,6,3323.0,False,146.006,22.76,12,True
Carbonia,2022,7,5318.0,False,146.006,36.42,12,True
Carbonia,2022,8,6574.0,False,146.006,45.03,12,True
Carbonia,2022,9,3403.0,False,146.006,23.31,12,True
Carbonia,2022,10,2430.0,False,146.006,16.64,12,True
Carbonia,2022,11,1064.0,False,146.006,7.29,12,True
Carbonia,2022,12,1094.0,False,146.006,7.49,12,True
Cardedu,2022,1,1.53,True,33.459,0.05,12,True
Cardedu,2022,2,1.38,True,33.459,0.04,12,True
Cardedu,2022,3,70.84,True,33.459,2.12,12,True
Cardedu,2022,4,3095.61,True,33.459,92.52,12,True
Cardedu,2022,5,10640.54,True,33.459,318.02,12,True
Cardedu,2022,6,27086.12,True,33.459,809.53,12,True
Cardedu,2022,7,37733.72,True,33.459,1127.76,12,True
Cardedu,2022,8,39491.59,True,33.459,1180.3,12,True
Cardedu,2022,9,24032.06,True,33.459,718.25,12,True
Cardedu,2022,10,11138.92,True,33.459,332.91,12,True
Cardedu,2022,11,22.73,True,33.459,0.68,12,True
Cardedu,2022,12,1.96,True,33.459,0.06,12,True
Carloforte,2022,1,228.0,False,51.041,4.47,12,True
Carloforte,2022,2,256.0,False,51.041,5.02,12,True
Carloforte,2022,3,281.0,False,51.041,5.51,12,True
Carloforte,2022,4,1919.0,False,51.041,37.6,12,True
Carloforte,2022,5,2600.0,False,51.041,50.94,12,True
Carloforte,2022,6,6604.0,False,51.041,129.39,12,True
Carloforte,2022,7,10013.0,False,51.041,196.18,12,True
Carloforte,2022,8,12541.0,False,51.041,245.7,12,True
Carloforte,2022,9,6998.0,False,51.041,137.11,12,True
Carloforte,2022,10,2733.0,False,51.041,53.55,12,True
Carloforte,2022,11,168.0,False,51.041,3.29,12,True
Carloforte,2022,12,208.0,False,51.041,4.08,12,True
Castelsardo,2022,1,186.0,False,43.788,4.25,12,True
Castelsardo,2022,2,155.0,False,43.788,3.54,12,True
Castelsardo,2022,3,217.0,False,43.788,4.96,12,True
Castelsardo,2022,4,5750.0,False,43.788,131.31,12,True
Castelsardo,2022,5,8637.0,False,43.788,197.25,12,True
Castelsardo,2022,6,19541.0,False,43.788,446.26,12,True
Castelsardo,2022,7,33782.0,False,43.788,771.49,12,True
Castelsardo,2022,8,38882.0,False,43.788,887.96,12,True
Castelsardo,2022,9,24001.0,False,43.788,548.12,12,True
Castelsardo,2022,10,8138.0,False,43.788,185.85,12,True
Castelsardo,2022,11,306.0,False,43.788,6.99,12,True
Castelsardo,2022,12,360.0,False,43.788,8.22,12,True
Castiadas,2022,1,8.0,False,104.03,0.08,11,True
Castiadas,2022,3,96.0,False,104.03,0.92,11,True
Castiadas,2022,4,758.0,False,104.03,7.29,11,True
Castiadas,2022,5,15134.0,False,104.03,145.48,11,True
Castiadas,2022,6,72276.0,False,104.03,694.76,11,True
Castiadas,2022,7,91746.0,False,104.03,881.92,11,True
Castiadas,2022,8,94799.0,False,104.03,911.27,11,True
Castiadas,2022,9,56728.0,False,104.03,545.3,11,True
Castiadas,2022,10,10725.0,False,104.03,103.1,11,True
Castiadas,2022,11,97.0,False,104.03,0.93,11,True
Castiadas,2022,12,100.0,False,104.03,0.96,11,True
Collinas,2022,1,2.44,True,20.668,0.12,12,True
Collinas,2022,2,2.19,True,20.668,0.11,12,True
Collinas,2022,3,2.94,True,20.668,0.14,12,True
Collinas,2022,4,5.74,True,20.668,0.28,12,True
Collinas,2022,5,7.24,True,20.668,0.35,12,True
Collinas,2022,6,14.93,True,20.668,0.72,12,True
Collinas,2022,7,79.68,True,20.668,3.86,12,True
Collinas,2022,8,130.47,True,20.668,6.31,12,True
Collinas,2022,9,11.24,True,20.668,0.54,12,True
Collinas,2022,10,6.25,True,20.668,0.3,12,True
Collinas,2022,11,2.75,True,20.668,0.13,12,True
Collinas,2022,12,3.12,True,20.668,0.15,12,True
Cuglieri,2022,1,38.0,False,120.214,0.32,12,True
Cuglieri,2022,2,14.0,False,120.214,0.12,12,True
Cuglieri,2022,3,73.0,False,120.214,0.61,12,True
Cuglieri,2022,4,5028.0,False,120.214,41.83,12,True
Cuglieri,2022,5,7732.0,False,120.214,64.32,12,True
Cuglieri,2022,6,24569.0,False,120.214,204.38,12,True
Cuglieri,2022,7,36108.0,False,120.214,300.36,12,True
Cuglieri,2022,8,38755.0,False,120.214,322.38,12,True
Cuglieri,2022,9,21124.0,False,120.214,175.72,12,True
Cuglieri,2022,10,4015.0,False,120.214,33.4,12,True
Cuglieri,2022,11,107.0,False,120.214,0.89,12,True
Cuglieri,2022,12,75.0,False,120.214,0.62,12,True
Decimomannu,2022,1,62.0,False,27.995,2.21,12,True
Decimomannu,2022,2,30.0,False,27.995,1.07,12,True
Decimomannu,2022,3,15.0,False,27.995,0.54,12,True
Decimomannu,2022,4,64.0,False,27.995,2.29,12,True
Decimomannu,2022,5,78.0,False,27.995,2.79,12,True
Decimomannu,2022,6,92.0,False,27.995,3.29,12,True
Decimomannu,2022,7,128.0,False,27.995,4.57,12,True
Decimomannu,2022,8,175.0,False,27.995,6.25,12,True
Decimomannu,2022,9,118.0,False,27.995,4.22,12,True
Decimomannu,2022,10,110.0,False,27.995,3.93,12,True
Decimomannu,2022,11,52.0,False,27.995,1.86,12,True
Decimomannu,2022,12,22.0,False,27.995,0.79,12,True
Desulo,2022,1,17.0,False,74.491,0.23,12,True
Desulo,2022,2,9.0,False,74.491,0.12,12,True
Desulo,2022,3,6.0,False,74.491,0.08,12,True
Desulo,2022,4,40.0,False,74.491,0.54,12,True
Desulo,2022,5,31.0,False,74.491,0.42,12,True
Desulo,2022,6,38.0,False,74.491,0.51,12,True
Desulo,2022,7,39.0,False,74.491,0.52,12,True
Desulo,2022,8,127.0,False,74.491,1.7,12,True
Desulo,2022,9,76.0,False,74.491,1.02,12,True
Desulo,2022,10,69.0,False,74.491,0.93,12,True
Desulo,2022,11,20.0,False,74.491,0.27,12,True
Desulo,2022,12,33.0,False,74.491,0.44,12,True
Dolianova,2022,1,26.78,True,84.404,0.32,12,True
Dolianova,2022,2,35.7,True,84.404,0.42,12,True
Dolianova,2022,3,12.94,True,84.404,0.15,12,True
Dolianova,2022,4,91.83,True,84.404,1.09,12,True
Dolianova,2022,5,21.31,True,84.404,0.25,12,True
Dolianova,2022,6,70.13,True,84.404,0.83,12,True
Dolianova,2022,7,5.96,True,84.404,0.07,12,True
Dolianova,2022,8,217.89,True,84.404,2.58,12,True
Dolianova,2022,9,64.59,True,84.404,0.77,12,True
Dolianova,2022,10,24.99,True,84.404,0.3,12,True
Dolianova,2022,11,0.88,True,84.404,0.01,12,True
Dolianova,2022,12,1.0,True,84.404,0.01,12,True
Domus De Maria,2022,1,28.0,False,97.732,0.29,11,True
Domus De Maria,2022,2,114.0,False,97.732,1.17,11,True
Domus De Maria,2022,3,144.0,False,97.732,1.47,11,True
Domus De Maria,2022,4,1958.0,False,97.732,20.03,11,True
Domus De Maria,2022,5,8277.0,False,97.732,84.69,11,True
Domus De Maria,2022,6,29408.0,False,97.732,300.9,11,True
Domus De Maria,2022,7,48909.0,False,97.732,500.44,11,True
Domus De Maria,2022,8,53819.0,False,97.732,550.68,11,True
Domus De Maria,2022,9,30495.0,False,97.732,312.03,11,True
Domus De Maria,2022,10,14068.0,False,97.732,143.94,11,True
Domus De Maria,2022,11,1070.0,False,97.732,10.95,11,True
Domusnovas,2022,1,12.0,False,79.929,0.15,10,True
Domusnovas,2022,4,6.0,False,79.929,0.08,10,True
Domusnovas,2022,5,28.0,False,79.929,0.35,10,True
Domusnovas,2022,6,20.0,False,79.929,0.25,10,True
Domusnovas,2022,7,56.0,False,79.929,0.7,10,True
Domusnovas,2022,8,157.0,False,79.929,1.96,10,True
Domusnovas,2022,9,32.0,False,79.929,0.4,10,True
Domusnovas,2022,10,11.0,False,79.929,0.14,10,True
Domusnovas,2022,11,1.0,False,79.929,0.01,10,True
Domusnovas,2022,12,2.0,False,79.929,0.03,10,True
Dorgali,2022,1,200.0,False,226.456,0.88,12,True
Dorgali,2022,2,219.0,False,226.456,0.97,12,True
Dorgali,2022,3,556.0,False,226.456,2.46,12,True
Dorgali,2022,4,11819.0,False,226.456,52.19,12,True
Dorgali,2022,5,28399.0,False,226.456,125.41,12,True
Dorgali,2022,6,73319.0,False,226.456,323.77,12,True
Dorgali,2022,7,117874.0,False,226.456,520.52,12,True
Dorgali,2022,8,123482.0,False,226.456,545.28,12,True
Dorgali,2022,9,74904.0,False,226.456,330.77,12,True
Dorgali,2022,10,27603.0,False,226.456,121.89,12,True
Dorgali,2022,11,6323.0,False,226.456,27.92,12,True
Dorgali,2022,12,5808.0,False,226.456,25.65,12,True
Elini,2022,1,5.04,True,11.015,0.46,12,True
Elini,2022,2,4.53,True,11.015,0.41,12,True
Elini,2022,3,6.06,True,11.015,0.55,12,True
Elini,2022,4,11.86,True,11.015,1.08,12,True
Elini,2022,5,14.93,True,11.015,1.36,12,True
Elini,2022,6,26.69,True,11.015,2.42,12,True
Elini,2022,7,38.55,True,11.015,3.5,12,True
Elini,2022,8,130.12,True,11.015,11.81,12,True
Elini,2022,9,23.2,True,11.015,2.11,12,True
Elini,2022,10,12.89,True,11.015,1.17,12,True
Elini,2022,11,5.69,True,11.015,0.52,12,True
Elini,2022,12,6.44,True,11.015,0.58,12,True
Elmas,2022,1,710.0,False,14.008,50.69,12,True
Elmas,2022,2,825.0,False,14.008,58.89,12,True
Elmas,2022,3,970.0,False,14.008,69.25,12,True
Elmas,2022,4,910.0,False,14.008,64.96,12,True
Elmas,2022,5,1194.0,False,14.008,85.24,12,True
Elmas,2022,6,1086.0,False,14.008,77.53,12,True
Elmas,2022,7,1081.0,False,14.008,77.17,12,True
Elmas,2022,8,1306.0,False,14.008,93.23,12,True
Elmas,2022,9,1149.0,False,14.008,82.02,12,True
Elmas,2022,10,1005.0,False,14.008,71.74,12,True
Elmas,2022,11,859.0,False,14.008,61.32,12,True
Elmas,2022,12,905.0,False,14.008,64.61,12,True
Fluminimaggiore,2022,2,5.0,False,108.336,0.05,9,False
Fluminimaggiore,2022,3,13.0,False,108.336,0.12,9,False
Fluminimaggiore,2022,4,57.0,False,108.336,0.53,9,False
Fluminimaggiore,2022,5,211.0,False,108.336,1.95,9,False
Fluminimaggiore,2022,6,681.0,False,108.336,6.29,9,False
Fluminimaggiore,2022,7,823.0,False,108.336,7.6,9,False
Fluminimaggiore,2022,8,1150.0,False,108.336,10.62,9,False
Fluminimaggiore,2022,9,675.0,False,108.336,6.23,9,False
Fluminimaggiore,2022,10,191.0,False,108.336,1.76,9,False
Flussio,2022,7,143.0,False,6.716,21.29,3,False
Flussio,2022,8,424.0,False,6.716,63.13,3,False
Flussio,2022,9,116.0,False,6.716,17.27,3,False
Fonni,2022,1,225.0,False,111.944,2.01,12,True
Fonni,2022,2,29.0,False,111.944,0.26,12,True
Fonni,2022,3,28.0,False,111.944,0.25,12,True
Fonni,2022,4,188.0,False,111.944,1.68,12,True
Fonni,2022,5,292.0,False,111.944,2.61,12,True
Fonni,2022,6,280.0,False,111.944,2.5,12,True
Fonni,2022,7,297.0,False,111.944,2.65,12,True
Fonni,2022,8,400.0,False,111.944,3.57,12,True
Fonni,2022,9,348.0,False,111.944,3.11,12,True
Fonni,2022,10,258.0,False,111.944,2.3,12,True
Fonni,2022,11,18.0,False,111.944,0.16,12,True
Fonni,2022,12,391.0,False,111.944,3.49,12,True
Gairo,2022,1,20.12,True,77.953,0.26,12,True
Gairo,2022,2,18.08,True,77.953,0.23,12,True
Gairo,2022,3,24.21,True,77.953,0.31,12,True
Gairo,2022,4,47.36,True,77.953,0.61,12,True
Gairo,2022,5,993.66,True,77.953,12.75,12,True
Gairo,2022,6,2116.64,True,77.953,27.15,12,True
Gairo,2022,7,3563.0,True,77.953,45.71,12,True
Gairo,2022,8,4598.28,True,77.953,58.99,12,True
Gairo,2022,9,1704.69,True,77.953,21.87,12,True
Gairo,2022,10,738.49,True,77.953,9.47,12,True
Gairo,2022,11,22.71,True,77.953,0.29,12,True
Gairo,2022,12,25.75,True,77.953,0.33,12,True
Galtellì,2022,1,181.0,False,56.245,3.22,12,True
Galtellì,2022,2,295.0,False,56.245,5.24,12,True
Galtellì,2022,3,353.0,False,56.245,6.28,12,True
Galtellì,2022,4,443.0,False,56.245,7.88,12,True
Galtellì,2022,5,426.0,False,56.245,7.57,12,True
Galtellì,2022,6,1068.0,False,56.245,18.99,12,True
Galtellì,2022,7,2308.0,False,56.245,41.03,12,True
Galtellì,2022,8,2728.0,False,56.245,48.5,12,True
Galtellì,2022,9,1272.0,False,56.245,22.62,12,True
Galtellì,2022,10,606.0,False,56.245,10.77,12,True
Galtellì,2022,11,268.0,False,56.245,4.76,12,True
Galtellì,2022,12,268.0,False,56.245,4.76,12,True
Gavoi,2022,1,100.0,False,38.142,2.62,12,True
Gavoi,2022,2,32.0,False,38.142,0.84,12,True
Gavoi,2022,3,64.0,False,38.142,1.68,12,True
Gavoi,2022,4,70.0,False,38.142,1.84,12,True
Gavoi,2022,5,76.0,False,38.142,1.99,12,True
Gavoi,2022,6,134.0,False,38.142,3.51,12,True
Gavoi,2022,7,79.0,False,38.142,2.07,12,True
Gavoi,2022,8,193.0,False,38.142,5.06,12,True
Gavoi,2022,9,100.0,False,38.142,2.62,12,True
Gavoi,2022,10,87.0,False,38.142,2.28,12,True
Gavoi,2022,11,64.0,False,38.142,1.68,12,True
Gavoi,2022,12,124.0,False,38.142,3.25,12,True
Gesturi,2022,1,0.49,True,46.929,0.01,12,True
Gesturi,2022,2,0.44,True,46.929,0.01,12,True
Gesturi,2022,3,10.59,True,46.929,0.23,12,True
Gesturi,2022,4,5.16,True,46.929,0.11,12,True
Gesturi,2022,5,17.46,True,46.929,0.37,12,True
Gesturi,2022,6,55.61,True,46.929,1.18,12,True
Gesturi,2022,7,44.78,True,46.929,0.95,12,True
Gesturi,2022,8,143.73,True,46.929,3.06,12,True
Gesturi,2022,9,113.27,True,46.929,2.41,12,True
Gesturi,2022,10,23.26,True,46.929,0.5,12,True
Gesturi,2022,11,0.56,True,46.929,0.01,12,True
Gesturi,2022,12,0.63,True,46.929,0.01,12,True
Ghilarza,2022,1,21.0,False,54.779,0.38,12,True
Ghilarza,2022,2,61.0,False,54.779,1.11,12,True
Ghilarza,2022,3,27.0,False,54.779,0.49,12,True
Ghilarza,2022,4,78.0,False,54.779,1.42,12,True
Ghilarza,2022,5,104.0,False,54.779,1.9,12,True
Ghilarza,2022,6,195.0,False,54.779,3.56,12,True
Ghilarza,2022,7,169.0,False,54.779,3.09,12,True
Ghilarza,2022,8,427.0,False,54.779,7.79,12,True
Ghilarza,2022,9,198.0,False,54.779,3.61,12,True
Ghilarza,2022,10,161.0,False,54.779,2.94,12,True
Ghilarza,2022,11,135.0,False,54.779,2.46,12,True
Ghilarza,2022,12,38.0,False,54.779,0.69,12,True
Giba,2022,1,1.38,True,30.255,0.05,12,True
Giba,2022,2,1.24,True,30.255,0.04,12,True
Giba,2022,3,1.66,True,30.255,0.05,12,True
Giba,2022,4,3.24,True,30.255,0.11,12,True
Giba,2022,5,42.08,True,30.255,1.39,12,True
Giba,2022,6,176.29,True,30.255,5.83,12,True
Giba,2022,7,373.53,True,30.255,12.35,12,True
Giba,2022,8,568.41,True,30.255,18.79,12,True
Giba,2022,9,333.34,True,30.255,11.02,12,True
Giba,2022,10,3.52,True,30.255,0.12,12,True
Giba,2022,11,1.55,True,30.255,0.05,12,True
Giba,2022,12,1.76,True,30.255,0.06,12,True
Girasole,2022,2,92.0,False,13.1,7.02,10,True
Girasole,2022,3,103.0,False,13.1,7.86,10,True
Girasole,2022,4,131.0,False,13.1,10.0,10,True
Girasole,2022,5,220.0,False,13.1,16.79,10,True
Girasole,2022,6,330.0,False,13.1,25.19,10,True
Girasole,2022,7,682.0,False,13.1,52.06,10,True
Girasole,2022,8,820.0,False,13.1,62.6,10,True
Girasole,2022,9,438.0,False,13.1,33.44,10,True
Girasole,2022,10,211.0,False,13.1,16.11,10,True
Girasole,2022,11,66.0,False,13.1,5.04,10,True
Golfo Aranci,2022,3,124.0,False,37.27,3.33,10,True
Golfo Aranci,2022,4,4276.0,False,37.27,114.73,10,True
Golfo Aranci,2022,5,14216.0,False,37.27,381.43,10,True
Golfo Aranci,2022,6,49742.0,False,37.27,1334.64,10,True
Golfo Aranci,2022,7,69940.0,False,37.27,1876.58,10,True
Golfo Aranci,2022,8,71880.0,False,37.27,1928.63,10,True
Golfo Aranci,2022,9,49047.0,False,37.27,1315.99,10,True
Golfo Aranci,2022,10,12993.0,False,37.27,348.62,10,True
Golfo Aranci,2022,11,145.0,False,37.27,3.89,10,True
Golfo Aranci,2022,12,23.0,False,37.27,0.62,10,True
Gonnesa,2022,1,225.0,False,48.321,4.66,12,True
Gonnesa,2022,2,233.0,False,48.321,4.82,12,True
Gonnesa,2022,3,251.0,False,48.321,5.19,12,True
Gonnesa,2022,4,425.0,False,48.321,8.8,12,True
Gonnesa,2022,5,617.0,False,48.321,12.77,12,True
Gonnesa,2022,6,1171.0,False,48.321,24.23,12,True
Gonnesa,2022,7,2062.0,False,48.321,42.67,12,True
Gonnesa,2022,8,2801.0,False,48.321,57.97,12,True
Gonnesa,2022,9,1327.0,False,48.321,27.46,12,True
Gonnesa,2022,10,933.0,False,48.321,19.31,12,True
Gonnesa,2022,11,203.0,False,48.321,4.2,12,True
Gonnesa,2022,12,158.0,False,48.321,3.27,12,True
Gonnosfanadiga,2022,1,0.96,True,125.011,0.01,12,True
Gonnosfanadiga,2022,2,0.86,True,125.011,0.01,12,True
Gonnosfanadiga,2022,3,9.16,True,125.011,0.07,12,True
Gonnosfanadiga,2022,4,9.26,True,125.011,0.07,12,True
Gonnosfanadiga,2022,5,54.85,True,125.011,0.44,12,True
Gonnosfanadiga,2022,6,106.09,True,125.011,0.85,12,True
Gonnosfanadiga,2022,7,130.35,True,125.011,1.04,12,True
Gonnosfanadiga,2022,8,210.27,True,125.011,1.68,12,True
Gonnosfanadiga,2022,9,66.43,True,125.011,0.53,12,True
Gonnosfanadiga,2022,10,2.46,True,125.011,0.02,12,True
Gonnosfanadiga,2022,11,1.08,True,125.011,0.01,12,True
Gonnosfanadiga,2022,12,1.23,True,125.011,0.01,12,True
Guspini,2022,1,231.0,False,175.298,1.32,12,True
Guspini,2022,2,208.0,False,175.298,1.19,12,True
Guspini,2022,3,225.0,False,175.298,1.28,12,True
Guspini,2022,4,467.0,False,175.298,2.66,12,True
Guspini,2022,5,1030.0,False,175.298,5.88,12,True
Guspini,2022,6,1113.0,False,175.298,6.35,12,True
Guspini,2022,7,1371.0,False,175.298,7.82,12,True
Guspini,2022,8,2456.0,False,175.298,14.01,12,True
Guspini,2022,9,1034.0,False,175.298,5.9,12,True
Guspini,2022,10,537.0,False,175.298,3.06,12,True
Guspini,2022,11,270.0,False,175.298,1.54,12,True
Guspini,2022,12,305.0,False,175.298,1.74,12,True
Iglesias,2022,1,930.0,False,208.23,4.47,12,True
Iglesias,2022,2,836.0,False,208.23,4.01,12,True
Iglesias,2022,3,885.0,False,208.23,4.25,12,True
Iglesias,2022,4,2898.0,False,208.23,13.92,12,True
Iglesias,2022,5,3443.0,False,208.23,16.53,12,True
Iglesias,2022,6,4176.0,False,208.23,20.05,12,True
Iglesias,2022,7,7418.0,False,208.23,35.62,12,True
Iglesias,2022,8,11295.0,False,208.23,54.24,12,True
Iglesias,2022,9,5603.0,False,208.23,26.91,12,True
Iglesias,2022,10,2950.0,False,208.23,14.17,12,True
Iglesias,2022,11,1214.0,False,208.23,5.83,12,True
Iglesias,2022,12,1017.0,False,208.23,4.88,12,True
Ilbono,2022,1,5.01,True,30.694,0.16,12,True
Ilbono,2022,2,4.5,True,30.694,0.15,12,True
Ilbono,2022,3,6.03,True,30.694,0.2,12,True
Ilbono,2022,4,11.8,True,30.694,0.38,12,True
Ilbono,2022,5,14.86,True,30.694,0.48,12,True
Ilbono,2022,6,98.56,True,30.694,3.21,12,True
Ilbono,2022,7,205.35,True,30.694,6.69,12,True
Ilbono,2022,8,644.92,True,30.694,21.01,12,True
Ilbono,2022,9,231.08,True,30.694,7.53,12,True
Ilbono,2022,10,12.82,True,30.694,0.42,12,True
Ilbono,2022,11,5.66,True,30.694,0.18,12,True
Ilbono,2022,12,6.41,True,30.694,0.21,12,True
Irgoli,2022,1,1.0,False,75.192,0.01,11,True
Irgoli,2022,2,3.0,False,75.192,0.04,11,True
Irgoli,2022,4,83.0,False,75.192,1.1,11,True
Irgoli,2022,5,35.0,False,75.192,0.47,11,True
Irgoli,2022,6,380.0,False,75.192,5.05,11,True
Irgoli,2022,7,1093.0,False,75.192,14.54,11,True
Irgoli,2022,8,1083.0,False,75.192,14.4,11,True
Irgoli,2022,9,354.0,False,75.192,4.71,11,True
Irgoli,2022,10,46.0,False,75.192,0.61,11,True
Irgoli,2022,11,8.0,False,75.192,0.11,11,True
Irgoli,2022,12,13.0,False,75.192,0.17,11,True
Isili,2022,1,136.0,False,67.716,2.01,12,True
Isili,2022,2,74.0,False,67.716,1.09,12,True
Isili,2022,3,62.0,False,67.716,0.92,12,True
Isili,2022,4,36.0,False,67.716,0.53,12,True
Isili,2022,5,95.0,False,67.716,1.4,12,True
Isili,2022,6,289.0,False,67.716,4.27,12,True
Isili,2022,7,120.0,False,67.716,1.77,12,True
Isili,2022,8,130.0,False,67.716,1.92,12,True
Isili,2022,9,113.0,False,67.716,1.67,12,True
Isili,2022,10,148.0,False,67.716,2.19,12,True
Isili,2022,11,69.0,False,67.716,1.02,12,True
Isili,2022,12,80.0,False,67.716,1.18,12,True
Jerzu,2022,1,48.0,False,102.246,0.47,11,True
Jerzu,2022,2,54.0,False,102.246,0.53,11,True
Jerzu,2022,3,242.0,False,102.246,2.37,11,True
Jerzu,2022,4,228.0,False,102.246,2.23,11,True
Jerzu,2022,5,78.0,False,102.246,0.76,11,True
Jerzu,2022,6,288.0,False,102.246,2.82,11,True
Jerzu,2022,7,437.0,False,102.246,4.27,11,True
Jerzu,2022,8,670.0,False,102.246,6.55,11,True
Jerzu,2022,9,304.0,False,102.246,2.97,11,True
Jerzu,2022,10,219.0,False,102.246,2.14,11,True
Jerzu,2022,11,86.0,False,102.246,0.84,11,True
La Maddalena,2022,1,131.0,False,52.963,2.47,12,True
La Maddalena,2022,2,463.0,False,52.963,8.74,12,True
La Maddalena,2022,3,682.0,False,52.963,12.88,12,True
La Maddalena,2022,4,6354.0,False,52.963,119.97,12,True
La Maddalena,2022,5,15164.0,False,52.963,286.31,12,True
La Maddalena,2022,6,38784.0,False,52.963,732.28,12,True
La Maddalena,2022,7,61892.0,False,52.963,1168.59,12,True
La Maddalena,2022,8,80130.0,False,52.963,1512.94,12,True
La Maddalena,2022,9,57664.0,False,52.963,1088.76,12,True
La Maddalena,2022,10,34620.0,False,52.963,653.66,12,True
La Maddalena,2022,11,779.0,False,52.963,14.71,12,True
La Maddalena,2022,12,653.0,False,52.963,12.33,12,True
Laconi,2022,1,253.0,False,124.646,2.03,12,True
Laconi,2022,2,239.0,False,124.646,1.92,12,True
Laconi,2022,3,165.0,False,124.646,1.32,12,True
Laconi,2022,4,228.0,False,124.646,1.83,12,True
Laconi,2022,5,234.0,False,124.646,1.88,12,True
Laconi,2022,6,119.0,False,124.646,0.95,12,True
Laconi,2022,7,185.0,False,124.646,1.48,12,True
Laconi,2022,8,272.0,False,124.646,2.18,12,True
Laconi,2022,9,224.0,False,124.646,1.8,12,True
Laconi,2022,10,322.0,False,124.646,2.58,12,True
Laconi,2022,11,123.0,False,124.646,0.99,12,True
Laconi,2022,12,132.0,False,124.646,1.06,12,True
Lanusei,2022,1,50.0,False,53.025,0.94,12,True
Lanusei,2022,2,87.0,False,53.025,1.64,12,True
Lanusei,2022,3,140.0,False,53.025,2.64,12,True
Lanusei,2022,4,157.0,False,53.025,2.96,12,True
Lanusei,2022,5,207.0,False,53.025,3.9,12,True
Lanusei,2022,6,250.0,False,53.025,4.71,12,True
Lanusei,2022,7,1262.0,False,53.025,23.8,12,True
Lanusei,2022,8,2518.0,False,53.025,47.49,12,True
Lanusei,2022,9,1401.0,False,53.025,26.42,12,True
Lanusei,2022,10,50.0,False,53.025,0.94,12,True
Lanusei,2022,11,31.0,False,53.025,0.58,12,True
Lanusei,2022,12,33.0,False,53.025,0.62,12,True
Loceri,2022,1,0.73,True,19.431,0.04,12,True
Loceri,2022,2,0.65,True,19.431,0.03,12,True
Loceri,2022,3,104.87,True,19.431,5.4,12,True
Loceri,2022,4,131.71,True,19.431,6.78,12,True
Loceri,2022,5,93.16,True,19.431,4.79,12,True
Loceri,2022,6,379.85,True,19.431,19.55,12,True
Loceri,2022,7,954.56,True,19.431,49.13,12,True
Loceri,2022,8,1257.5,True,19.431,64.72,12,True
Loceri,2022,9,559.35,True,19.431,28.79,12,True
Loceri,2022,10,108.86,True,19.431,5.6,12,True
Loceri,2022,11,0.82,True,19.431,0.04,12,True
Loceri,2022,12,117.93,True,19.431,6.07,12,True
Loculi,2022,8,14.0,False,38.205,0.37,2,False
Loculi,2022,9,1.0,False,38.205,0.03,2,False
Loiri Porto San Paolo,2022,2,118.0,False,118.516,1.0,11,True
Loiri Porto San Paolo,2022,3,170.0,False,118.516,1.43,11,True
Loiri Porto San Paolo,2022,4,6671.0,False,118.516,56.29,11,True
Loiri Porto San Paolo,2022,5,12341.0,False,118.516,104.13,11,True
Loiri Porto San Paolo,2022,6,25830.0,False,118.516,217.95,11,True
Loiri Porto San Paolo,2022,7,35363.0,False,118.516,298.38,11,True
Loiri Porto San Paolo,2022,8,35214.0,False,118.516,297.12,11,True
Loiri Porto San Paolo,2022,9,26239.0,False,118.516,221.4,11,True
Loiri Porto San Paolo,2022,10,14119.0,False,118.516,119.13,11,True
Loiri Porto San Paolo,2022,11,187.0,False,118.516,1.58,11,True
Loiri Porto San Paolo,2022,12,28.0,False,118.516,0.24,11,True
Lotzorai,2022,2,27.0,False,16.898,1.6,10,True
Lotzorai,2022,3,69.0,False,16.898,4.08,10,True
Lotzorai,2022,4,1863.0,False,16.898,110.25,10,True
Lotzorai,2022,5,3113.0,False,16.898,184.22,10,True
Lotzorai,2022,6,12445.0,False,16.898,736.48,10,True
Lotzorai,2022,7,24999.0,False,16.898,1479.41,10,True
Lotzorai,2022,8,30101.0,False,16.898,1781.34,10,True
Lotzorai,2022,9,13481.0,False,16.898,797.79,10,True
Lotzorai,2022,10,3298.0,False,16.898,195.17,10,True
Lotzorai,2022,11,61.0,False,16.898,3.61,10,True
Lula,2022,1,6.49,True,148.352,0.04,12,True
Lula,2022,2,0.44,True,148.352,0.0,12,True
Lula,2022,3,0.59,True,148.352,0.0,12,True
Lula,2022,4,3.16,True,148.352,0.02,12,True
Lula,2022,5,1.46,True,148.352,0.01,12,True
Lula,2022,6,2.61,True,148.352,0.02,12,True
Lula,2022,7,3.78,True,148.352,0.03,12,True
Lula,2022,8,3.73,True,148.352,0.03,12,True
Lula,2022,9,2.27,True,148.352,0.02,12,True
Lula,2022,10,1.26,True,148.352,0.01,12,True
Lula,2022,11,0.56,True,148.352,0.0,12,True
Lula,2022,12,0.63,True,148.352,0.0,12,True
Luogosanto,2022,1,1.14,True,134.812,0.01,12,True
Luogosanto,2022,2,1.03,True,134.812,0.01,12,True
Luogosanto,2022,3,1.37,True,134.812,0.01,12,True
Luogosanto,2022,4,53.69,True,134.812,0.4,12,True
Luogosanto,2022,5,429.39,True,134.812,3.19,12,True
Luogosanto,2022,6,1091.05,True,134.812,8.09,12,True
Luogosanto,2022,7,1685.74,True,134.812,12.5,12,True
Luogosanto,2022,8,1835.65,True,134.812,13.62,12,True
Luogosanto,2022,9,1481.26,True,134.812,10.99,12,True
Luogosanto,2022,10,89.92,True,134.812,0.67,12,True
Luogosanto,2022,11,1.29,True,134.812,0.01,12,True
Luogosanto,2022,12,1.46,True,134.812,0.01,12,True
Macomer,2022,1,811.0,False,122.658,6.61,12,True
Macomer,2022,2,822.0,False,122.658,6.7,12,True
Macomer,2022,3,933.0,False,122.658,7.61,12,True
Macomer,2022,4,914.0,False,122.658,7.45,12,True
Macomer,2022,5,886.0,False,122.658,7.22,12,True
Macomer,2022,6,967.0,False,122.658,7.88,12,True
Macomer,2022,7,1040.0,False,122.658,8.48,12,True
Macomer,2022,8,994.0,False,122.658,8.1,12,True
Macomer,2022,9,783.0,False,122.658,6.38,12,True
Macomer,2022,10,1011.0,False,122.658,8.24,12,True
Macomer,2022,11,718.0,False,122.658,5.85,12,True
Macomer,2022,12,828.0,False,122.658,6.75,12,True
Magomadas,2022,1,5.0,False,9.034,0.55,11,True
Magomadas,2022,2,3.0,False,9.034,0.33,11,True
Magomadas,2022,3,10.0,False,9.034,1.11,11,True
Magomadas,2022,4,341.0,False,9.034,37.75,11,True
Magomadas,2022,5,578.0,False,9.034,63.98,11,True
Magomadas,2022,6,1275.0,False,9.034,141.13,11,True
Magomadas,2022,7,2464.0,False,9.034,272.75,11,True
Magomadas,2022,8,2591.0,False,9.034,286.81,11,True
Magomadas,2022,9,1452.0,False,9.034,160.73,11,True
Magomadas,2022,10,575.0,False,9.034,63.65,11,True
Magomadas,2022,11,67.0,False,9.034,7.42,11,True
Mamoiada,2022,1,22.0,False,49.119,0.45,12,True
Mamoiada,2022,2,33.0,False,49.119,0.67,12,True
Mamoiada,2022,3,35.0,False,49.119,0.71,12,True
Mamoiada,2022,4,39.0,False,49.119,0.79,12,True
Mamoiada,2022,5,45.0,False,49.119,0.92,12,True
Mamoiada,2022,6,61.0,False,49.119,1.24,12,True
Mamoiada,2022,7,81.0,False,49.119,1.65,12,True
Mamoiada,2022,8,204.0,False,49.119,4.15,12,True
Mamoiada,2022,9,80.0,False,49.119,1.63,12,True
Mamoiada,2022,10,78.0,False,49.119,1.59,12,True
Mamoiada,2022,11,81.0,False,49.119,1.65,12,True
Mamoiada,2022,12,102.0,False,49.119,2.08,12,True
Mandas,2022,1,3.09,True,44.86,0.07,12,True
Mandas,2022,2,23.78,True,44.86,0.53,12,True
Mandas,2022,3,3.72,True,44.86,0.08,12,True
Mandas,2022,4,115.27,True,44.86,2.57,12,True
Mandas,2022,5,178.16,True,44.86,3.97,12,True
Mandas,2022,6,203.37,True,44.86,4.53,12,True
Mandas,2022,7,298.65,True,44.86,6.66,12,True
Mandas,2022,8,268.38,True,44.86,5.98,12,True
Mandas,2022,9,359.23,True,44.86,8.01,12,True
Mandas,2022,10,104.91,True,44.86,2.34,12,True
Mandas,2022,11,3.49,True,44.86,0.08,12,True
Mandas,2022,12,3.95,True,44.86,0.09,12,True
Maracalagonis,2022,1,59.0,False,101.91,0.58,12,True
Maracalagonis,2022,2,84.0,False,101.91,0.82,12,True
Maracalagonis,2022,3,127.0,False,101.91,1.25,12,True
Maracalagonis,2022,4,869.0,False,101.91,8.53,12,True
Maracalagonis,2022,5,4225.0,False,101.91,41.46,12,True
Maracalagonis,2022,6,21598.0,False,101.91,211.93,12,True
Maracalagonis,2022,7,34787.0,False,101.91,341.35,12,True
Maracalagonis,2022,8,36041.0,False,101.91,353.66,12,True
Maracalagonis,2022,9,20979.0,False,101.91,205.86,12,True
Maracalagonis,2022,10,3321.0,False,101.91,32.59,12,True
Maracalagonis,2022,11,244.0,False,101.91,2.39,12,True
Maracalagonis,2022,12,169.0,False,101.91,1.66,12,True
Marrubiu,2022,1,5.0,False,61.384,0.08,11,True
Marrubiu,2022,2,69.0,False,61.384,1.12,11,True
Marrubiu,2022,3,6.0,False,61.384,0.1,11,True
Marrubiu,2022,4,43.0,False,61.384,0.7,11,True
Marrubiu,2022,5,48.0,False,61.384,0.78,11,True
Marrubiu,2022,6,101.0,False,61.384,1.65,11,True
Marrubiu,2022,7,277.0,False,61.384,4.51,11,True
Marrubiu,2022,8,841.0,False,61.384,13.7,11,True
Marrubiu,2022,9,136.0,False,61.384,2.22,11,True
Marrubiu,2022,10,93.0,False,61.384,1.52,11,True
Marrubiu,2022,11,7.0,False,61.384,0.11,11,True
Masainas,2022,4,54.0,False,23.886,2.26,7,False
Masainas,2022,5,40.0,False,23.886,1.67,7,False
Masainas,2022,6,265.0,False,23.886,11.09,7,False
Masainas,2022,7,587.0,False,23.886,24.58,7,False
Masainas,2022,8,706.0,False,23.886,29.56,7,False
Masainas,2022,9,336.0,False,23.886,14.07,7,False
Masainas,2022,10,61.0,False,23.886,2.55,7,False
Meana Sardo,2022,1,1.35,True,73.562,0.02,12,True
Meana Sardo,2022,2,1.21,True,73.562,0.02,12,True
Meana Sardo,2022,3,1.62,True,73.562,0.02,12,True
Meana Sardo,2022,4,3.18,True,73.562,0.04,12,True
Meana Sardo,2022,5,7.0,True,73.562,0.1,12,True
Meana Sardo,2022,6,7.16,True,73.562,0.1,12,True
Meana Sardo,2022,7,24.33,True,73.562,0.33,12,True
Meana Sardo,2022,8,34.22,True,73.562,0.47,12,True
Meana Sardo,2022,9,39.22,True,73.562,0.53,12,True
Meana Sardo,2022,10,39.45,True,73.562,0.54,12,True
Meana Sardo,2022,11,1.52,True,73.562,0.02,12,True
Meana Sardo,2022,12,1.73,True,73.562,0.02,12,True
Milis,2022,1,2.18,True,18.795,0.12,12,True
Milis,2022,2,1.96,True,18.795,0.1,12,True
Milis,2022,3,2.62,True,18.795,0.14,12,True
Milis,2022,4,39.13,True,18.795,2.08,12,True
Milis,2022,5,62.47,True,18.795,3.32,12,True
Milis,2022,6,153.56,True,18.795,8.17,12,True
Milis,2022,7,217.69,True,18.795,11.58,12,True
Milis,2022,8,277.51,True,18.795,14.77,12,True
Milis,2022,9,193.05,True,18.795,10.27,12,True
Milis,2022,10,5.58,True,18.795,0.3,12,True
Milis,2022,11,157.46,True,18.795,8.38,12,True
Milis,2022,12,2.79,True,18.795,0.15,12,True
Modolo,2022,1,0.1,True,2.616,0.04,12,True
Modolo,2022,2,0.09,True,2.616,0.03,12,True
Modolo,2022,3,0.12,True,2.616,0.05,12,True
Modolo,2022,4,46.24,True,2.616,17.68,12,True
Modolo,2022,5,46.31,True,2.616,17.7,12,True
Modolo,2022,6,132.55,True,2.616,50.67,12,True
Modolo,2022,7,359.79,True,2.616,137.53,12,True
Modolo,2022,8,658.79,True,2.616,251.83,12,True
Modolo,2022,9,163.48,True,2.616,62.49,12,True
Modolo,2022,10,0.27,True,2.616,0.1,12,True
Modolo,2022,11,0.12,True,2.616,0.05,12,True
Modolo,2022,12,0.13,True,2.616,0.05,12,True
Monastir,2022,1,272.0,False,31.915,8.52,12,True
Monastir,2022,2,347.0,False,31.915,10.87,12,True
Monastir,2022,3,386.0,False,31.915,12.09,12,True
Monastir,2022,4,573.0,False,31.915,17.95,12,True
Monastir,2022,5,627.0,False,31.915,19.65,12,True
Monastir,2022,6,649.0,False,31.915,20.34,12,True
Monastir,2022,7,967.0,False,31.915,30.3,12,True
Monastir,2022,8,1502.0,False,31.915,47.06,12,True
Monastir,2022,9,993.0,False,31.915,31.11,12,True
Monastir,2022,10,708.0,False,31.915,22.18,12,True
Monastir,2022,11,691.0,False,31.915,21.65,12,True
Monastir,2022,12,550.0,False,31.915,17.23,12,True
Monserrato,2022,1,135.0,False,6.514,20.72,12,True
Monserrato,2022,2,235.0,False,6.514,36.08,12,True
Monserrato,2022,3,309.0,False,6.514,47.44,12,True
Monserrato,2022,4,497.0,False,6.514,76.3,12,True
Monserrato,2022,5,489.0,False,6.514,75.07,12,True
Monserrato,2022,6,656.0,False,6.514,100.71,12,True
Monserrato,2022,7,873.0,False,6.514,134.02,12,True
Monserrato,2022,8,1459.0,False,6.514,223.98,12,True
Monserrato,2022,9,591.0,False,6.514,90.73,12,True
Monserrato,2022,10,322.0,False,6.514,49.43,12,True
Monserrato,2022,11,231.0,False,6.514,35.46,12,True
Monserrato,2022,12,260.0,False,6.514,39.91,12,True
Monti,2022,1,9.01,True,123.717,0.07,12,True
Monti,2022,2,8.09,True,123.717,0.07,12,True
Monti,2022,3,10.84,True,123.717,0.09,12,True
Monti,2022,4,21.21,True,123.717,0.17,12,True
Monti,2022,5,26.71,True,123.717,0.22,12,True
Monti,2022,6,47.75,True,123.717,0.39,12,True
Monti,2022,7,68.95,True,123.717,0.56,12,True
Monti,2022,8,68.18,True,123.717,0.55,12,True
Monti,2022,9,145.5,True,123.717,1.18,12,True
Monti,2022,10,23.06,True,123.717,0.19,12,True
Monti,2022,11,10.17,True,123.717,0.08,12,True
Monti,2022,12,11.53,True,123.717,0.09,12,True
Muravera,2022,1,24.0,False,93.816,0.26,12,True
Muravera,2022,2,175.0,False,93.816,1.87,12,True
Muravera,2022,3,224.0,False,93.816,2.39,12,True
Muravera,2022,4,7167.0,False,93.816,76.39,12,True
Muravera,2022,5,17755.0,False,93.816,189.25,12,True
Muravera,2022,6,101371.0,False,93.816,1080.53,12,True
Muravera,2022,7,179116.0,False,93.816,1909.23,12,True
Muravera,2022,8,195895.0,False,93.816,2088.08,12,True
Muravera,2022,9,116313.0,False,93.816,1239.8,12,True
Muravera,2022,10,30670.0,False,93.816,326.92,12,True
Muravera,2022,11,979.0,False,93.816,10.44,12,True
Muravera,2022,12,49.0,False,93.816,0.52,12,True
Narbolia,2022,1,113.0,False,40.458,2.79,11,True
Narbolia,2022,2,181.0,False,40.458,4.47,11,True
Narbolia,2022,3,294.0,False,40.458,7.27,11,True
Narbolia,2022,4,1760.0,False,40.458,43.5,11,True
Narbolia,2022,5,2963.0,False,40.458,73.24,11,True
Narbolia,2022,6,10341.0,False,40.458,255.6,11,True
Narbolia,2022,7,17893.0,False,40.458,442.26,11,True
Narbolia,2022,8,23944.0,False,40.458,591.82,11,True
Narbolia,2022,9,12901.0,False,40.458,318.87,11,True
Narbolia,2022,10,6264.0,False,40.458,154.83,11,True
Narbolia,2022,11,2453.0,False,40.458,60.63,11,True
Narcao,2022,1,13.08,True,85.327,0.15,12,True
Narcao,2022,2,11.76,True,85.327,0.14,12,True
Narcao,2022,3,15.75,True,85.327,0.18,12,True
Narcao,2022,4,126.8,True,85.327,1.49,12,True
Narcao,2022,5,83.8,True,85.327,0.98,12,True
Narcao,2022,6,87.35,True,85.327,1.02,12,True
Narcao,2022,7,143.15,True,85.327,1.68,12,True
Narcao,2022,8,123.03,True,85.327,1.44,12,True
Narcao,2022,9,66.28,True,85.327,0.78,12,True
Narcao,2022,10,33.49,True,85.327,0.39,12,True
Narcao,2022,11,14.77,True,85.327,0.17,12,True
Narcao,2022,12,16.74,True,85.327,0.2,12,True
Nulvi,2022,1,3.22,True,67.466,0.05,12,True
Nulvi,2022,2,2.89,True,67.466,0.04,12,True
Nulvi,2022,3,3.87,True,67.466,0.06,12,True
Nulvi,2022,4,7.58,True,67.466,0.11,12,True
Nulvi,2022,5,9.55,True,67.466,0.14,12,True
Nulvi,2022,6,17.06,True,67.466,0.25,12,True
Nulvi,2022,7,274.64,True,67.466,4.07,12,True
Nulvi,2022,8,271.37,True,67.466,4.02,12,True
Nulvi,2022,9,169.83,True,67.466,2.52,12,True
Nulvi,2022,10,8.24,True,67.466,0.12,12,True
Nulvi,2022,11,3.63,True,67.466,0.05,12,True
Nulvi,2022,12,4.12,True,67.466,0.06,12,True
Nuoro,2022,1,1885.0,False,192.395,9.8,12,True
Nuoro,2022,2,2107.0,False,192.395,10.95,12,True
Nuoro,2022,3,2596.0,False,192.395,13.49,12,True
Nuoro,2022,4,2743.0,False,192.395,14.26,12,True
Nuoro,2022,5,3702.0,False,192.395,19.24,12,True
Nuoro,2022,6,3704.0,False,192.395,19.25,12,True
Nuoro,2022,7,3969.0,False,192.395,20.63,12,True
Nuoro,2022,8,7284.0,False,192.395,37.86,12,True
Nuoro,2022,9,4652.0,False,192.395,24.18,12,True
Nuoro,2022,10,4505.0,False,192.395,23.42,12,True
Nuoro,2022,11,3396.0,False,192.395,17.65,12,True
Nuoro,2022,12,3099.0,False,192.395,16.11,12,True
Nurachi,2022,1,28.0,False,16.042,1.75,12,True
Nurachi,2022,2,32.0,False,16.042,1.99,12,True
Nurachi,2022,3,58.0,False,16.042,3.62,12,True
Nurachi,2022,4,183.0,False,16.042,11.41,12,True
Nurachi,2022,5,318.0,False,16.042,19.82,12,True
Nurachi,2022,6,666.0,False,16.042,41.52,12,True
Nurachi,2022,7,1525.0,False,16.042,95.06,12,True
Nurachi,2022,8,1809.0,False,16.042,112.77,12,True
Nurachi,2022,9,632.0,False,16.042,39.4,12,True
Nurachi,2022,10,170.0,False,16.042,10.6,12,True
Nurachi,2022,11,22.0,False,16.042,1.37,12,True
Nurachi,2022,12,42.0,False,16.042,2.62,12,True
Nurallao,2022,1,1.82,True,34.882,0.05,12,True
Nurallao,2022,2,1.63,True,34.882,0.05,12,True
Nurallao,2022,3,2.19,True,34.882,0.06,12,True
Nurallao,2022,4,45.28,True,34.882,1.3,12,True
Nurallao,2022,5,76.39,True,34.882,2.19,12,True
Nurallao,2022,6,88.63,True,34.882,2.54,12,True
Nurallao,2022,7,181.91,True,34.882,5.22,12,True
Nurallao,2022,8,186.75,True,34.882,5.35,12,True
Nurallao,2022,9,100.37,True,34.882,2.88,12,True
Nurallao,2022,10,70.65,True,34.882,2.03,12,True
Nurallao,2022,11,2.05,True,34.882,0.06,12,True
Nurallao,2022,12,2.33,True,34.882,0.07,12,True
Nuraminis,2022,1,37.27,True,45.107,0.83,12,True
Nuraminis,2022,2,33.5,True,45.107,0.74,12,True
Nuraminis,2022,3,44.86,True,45.107,0.99,12,True
Nuraminis,2022,4,87.76,True,45.107,1.95,12,True
Nuraminis,2022,5,284.54,True,45.107,6.31,12,True
Nuraminis,2022,6,197.6,True,45.107,4.38,12,True
Nuraminis,2022,7,285.34,True,45.107,6.33,12,True
Nuraminis,2022,8,282.17,True,45.107,6.26,12,True
Nuraminis,2022,9,171.75,True,45.107,3.81,12,True
Nuraminis,2022,10,95.41,True,45.107,2.12,12,True
Nuraminis,2022,11,42.09,True,45.107,0.93,12,True
Nuraminis,2022,12,47.71,True,45.107,1.06,12,True
Olbia,2022,1,5427.0,False,385.439,14.08,12,True
Olbia,2022,2,7313.0,False,385.439,18.97,12,True
Olbia,2022,3,11003.0,False,385.439,28.55,12,True
Olbia,2022,4,33313.0,False,385.439,86.43,12,True
Olbia,2022,5,55483.0,False,385.439,143.95,12,True
Olbia,2022,6,128317.0,False,385.439,332.91,12,True
Olbia,2022,7,179815.0,False,385.439,466.52,12,True
Olbia,2022,8,199689.0,False,385.439,518.08,12,True
Olbia,2022,9,129791.0,False,385.439,336.74,12,True
Olbia,2022,10,55922.0,False,385.439,145.09,12,True
Olbia,2022,11,9193.0,False,385.439,23.85,12,True
Olbia,2022,12,7008.0,False,385.439,18.18,12,True
Oliena,2022,1,1152.0,False,166.001,6.94,11,True
Oliena,2022,2,1104.0,False,166.001,6.65,11,True
Oliena,2022,3,1424.0,False,166.001,8.58,11,True
Oliena,2022,4,2499.0,False,166.001,15.05,11,True
Oliena,2022,5,4288.0,False,166.001,25.83,11,True
Oliena,2022,6,4906.0,False,166.001,29.55,11,True
Oliena,2022,7,5959.0,False,166.001,35.9,11,True
Oliena,2022,8,7167.0,False,166.001,43.17,11,True
Oliena,2022,9,5277.0,False,166.001,31.79,11,True
Oliena,2022,10,4096.0,False,166.001,24.67,11,True
Oliena,2022,11,1844.0,False,166.001,11.11,11,True
Ollolai,2022,1,3.0,False,27.058,0.11,7,False
Ollolai,2022,5,6.0,False,27.058,0.22,7,False
Ollolai,2022,7,110.0,False,27.058,4.07,7,False
Ollolai,2022,8,33.0,False,27.058,1.22,7,False
Ollolai,2022,9,1.0,False,27.058,0.04,7,False
Ollolai,2022,10,6.0,False,27.058,0.22,7,False
Ollolai,2022,11,24.0,False,27.058,0.89,7,False
Olmedo,2022,1,37.0,False,33.719,1.1,11,True
Olmedo,2022,3,70.0,False,33.719,2.08,11,True
Olmedo,2022,4,199.0,False,33.719,5.9,11,True
Olmedo,2022,5,356.0,False,33.719,10.56,11,True
Olmedo,2022,6,517.0,False,33.719,15.33,11,True
Olmedo,2022,7,1280.0,False,33.719,37.96,11,True
Olmedo,2022,8,1526.0,False,33.719,45.26,11,True
Olmedo,2022,9,941.0,False,33.719,27.91,11,True
Olmedo,2022,10,261.0,False,33.719,7.74,11,True
Olmedo,2022,11,38.0,False,33.719,1.13,11,True
Olmedo,2022,12,75.0,False,33.719,2.22,11,True
Onifai,2022,1,4.85,True,43.392,0.11,12,True
Onifai,2022,2,4.36,True,43.392,0.1,12,True
Onifai,2022,3,5.84,True,43.392,0.13,12,True
Onifai,2022,4,11.43,True,43.392,0.26,12,True
Onifai,2022,5,14.4,True,43.392,0.33,12,True
Onifai,2022,6,178.73,True,43.392,4.12,12,True
Onifai,2022,7,415.16,True,43.392,9.57,12,True
Onifai,2022,8,461.74,True,43.392,10.64,12,True
Onifai,2022,9,247.37,True,43.392,5.7,12,True
Onifai,2022,10,42.42,True,43.392,0.98,12,True
Onifai,2022,11,5.48,True,43.392,0.13,12,True
Onifai,2022,12,6.21,True,43.392,0.14,12,True
Orani,2022,1,22.0,False,129.949,0.17,12,True
Orani,2022,2,78.0,False,129.949,0.6,12,True
Orani,2022,3,34.0,False,129.949,0.26,12,True
Orani,2022,4,82.0,False,129.949,0.63,12,True
Orani,2022,5,78.0,False,129.949,0.6,12,True
Orani,2022,6,55.0,False,129.949,0.42,12,True
Orani,2022,7,241.0,False,129.949,1.85,12,True
Orani,2022,8,387.0,False,129.949,2.98,12,True
Orani,2022,9,211.0,False,129.949,1.62,12,True
Orani,2022,10,281.0,False,129.949,2.16,12,True
Orani,2022,11,216.0,False,129.949,1.66,12,True
Orani,2022,12,174.0,False,129.949,1.34,12,True
Orgosolo,2022,1,118.0,False,222.527,0.53,12,True
Orgosolo,2022,2,97.0,False,222.527,0.44,12,True
Orgosolo,2022,3,131.0,False,222.527,0.59,12,True
Orgosolo,2022,4,323.0,False,222.527,1.45,12,True
Orgosolo,2022,5,378.0,False,222.527,1.7,12,True
Orgosolo,2022,6,501.0,False,222.527,2.25,12,True
Orgosolo,2022,7,611.0,False,222.527,2.75,12,True
Orgosolo,2022,8,1350.0,False,222.527,6.07,12,True
Orgosolo,2022,9,655.0,False,222.527,2.94,12,True
Orgosolo,2022,10,401.0,False,222.527,1.8,12,True
Orgosolo,2022,11,151.0,False,222.527,0.68,12,True
Orgosolo,2022,12,80.0,False,222.527,0.36,12,True
Oristano,2022,1,4300.0,False,84.57,50.85,12,True
Oristano,2022,2,3846.0,False,84.57,45.48,12,True
Oristano,2022,3,4952.0,False,84.57,58.56,12,True
Oristano,2022,4,9329.0,False,84.57,110.31,12,True
Oristano,2022,5,15248.0,False,84.57,180.3,12,True
Oristano,2022,6,20159.0,False,84.57,238.37,12,True
Oristano,2022,7,29320.0,False,84.57,346.7,12,True
Oristano,2022,8,39658.0,False,84.57,468.94,12,True
Oristano,2022,9,24391.0,False,84.57,288.41,12,True
Oristano,2022,10,10505.0,False,84.57,124.22,12,True
Oristano,2022,11,5124.0,False,84.57,60.59,12,True
Oristano,2022,12,4906.0,False,84.57,58.01,12,True
Orosei,2022,1,551.0,False,90.981,6.06,12,True
Orosei,2022,2,281.0,False,90.981,3.09,12,True
Orosei,2022,3,661.0,False,90.981,7.27,12,True
Orosei,2022,4,10676.0,False,90.981,117.34,12,True
Orosei,2022,5,31784.0,False,90.981,349.35,12,True
Orosei,2022,6,138383.0,False,90.981,1521.01,12,True
Orosei,2022,7,232713.0,False,90.981,2557.82,12,True
Orosei,2022,8,251900.0,False,90.981,2768.71,12,True
Orosei,2022,9,139326.0,False,90.981,1531.37,12,True
Orosei,2022,10,42811.0,False,90.981,470.55,12,True
Orosei,2022,11,7072.0,False,90.981,77.73,12,True
Orosei,2022,12,6958.0,False,90.981,76.48,12,True
Orroli,2022,1,3.61,True,75.919,0.05,12,True
Orroli,2022,2,3.24,True,75.919,0.04,12,True
Orroli,2022,3,4.34,True,75.919,0.06,12,True
Orroli,2022,4,45.49,True,75.919,0.6,12,True
Orroli,2022,5,73.7,True,75.919,0.97,12,True
Orroli,2022,6,73.13,True,75.919,0.96,12,True
Orroli,2022,7,40.62,True,75.919,0.54,12,True
Orroli,2022,8,27.31,True,75.919,0.36,12,True
Orroli,2022,9,16.62,True,75.919,0.22,12,True
Orroli,2022,10,9.24,True,75.919,0.12,12,True
Orroli,2022,11,4.07,True,75.919,0.05,12,True
Orroli,2022,12,4.62,True,75.919,0.06,12,True
Oschiri,2022,1,34.91,True,215.496,0.16,12,True
Oschiri,2022,2,31.37,True,215.496,0.15,12,True
Oschiri,2022,3,42.02,True,215.496,0.19,12,True
Oschiri,2022,4,82.2,True,215.496,0.38,12,True
Oschiri,2022,5,415.54,True,215.496,1.93,12,True
Oschiri,2022,6,185.07,True,215.496,0.86,12,True
Oschiri,2022,7,267.26,True,215.496,1.24,12,True
Oschiri,2022,8,264.29,True,215.496,1.23,12,True
Oschiri,2022,9,160.87,True,215.496,0.75,12,True
Oschiri,2022,10,89.36,True,215.496,0.41,12,True
Oschiri,2022,11,39.42,True,215.496,0.18,12,True
Oschiri,2022,12,44.68,True,215.496,0.21,12,True
Osilo,2022,1,9.19,True,97.741,0.09,12,True
Osilo,2022,2,8.26,True,97.741,0.08,12,True
Osilo,2022,3,11.06,True,97.741,0.11,12,True
Osilo,2022,4,21.63,True,97.741,0.22,12,True
Osilo,2022,5,86.25,True,97.741,0.88,12,True
Osilo,2022,6,48.71,True,97.741,0.5,12,True
Osilo,2022,7,70.34,True,97.741,0.72,12,True
Osilo,2022,8,257.56,True,97.741,2.64,12,True
Osilo,2022,9,242.34,True,97.741,2.48,12,True
Osilo,2022,10,23.52,True,97.741,0.24,12,True
Osilo,2022,11,10.38,True,97.741,0.11,12,True
Osilo,2022,12,11.76,True,97.741,0.12,12,True
Osini,2022,1,4.7,True,39.55,0.12,12,True
Osini,2022,2,4.22,True,39.55,0.11,12,True
Osini,2022,3,5.65,True,39.55,0.14,12,True
Osini,2022,4,11.06,True,39.55,0.28,12,True
Osini,2022,5,13.93,True,39.55,0.35,12,True
Osini,2022,6,24.91,True,39.55,0.63,12,True
Osini,2022,7,89.97,True,39.55,2.27,12,True
Osini,2022,8,599.57,True,39.55,15.16,12,True
Osini,2022,9,159.65,True,39.55,4.04,12,True
Osini,2022,10,12.03,True,39.55,0.3,12,True
Osini,2022,11,5.3,True,39.55,0.13,12,True
Osini,2022,12,6.01,True,39.55,0.15,12,True
Ozieri,2022,1,298.0,False,252.765,1.18,12,True
Ozieri,2022,2,350.0,False,252.765,1.38,12,True
Ozieri,2022,3,477.0,False,252.765,1.89,12,True
Ozieri,2022,4,412.0,False,252.765,1.63,12,True
Ozieri,2022,5,369.0,False,252.765,1.46,12,True
Ozieri,2022,6,351.0,False,252.765,1.39,12,True
Ozieri,2022,7,453.0,False,252.765,1.79,12,True
Ozieri,2022,8,324.0,False,252.765,1.28,12,True
Ozieri,2022,9,264.0,False,252.765,1.04,12,True
Ozieri,2022,10,262.0,False,252.765,1.04,12,True
Ozieri,2022,11,268.0,False,252.765,1.06,12,True
Ozieri,2022,12,261.0,False,252.765,1.03,12,True
Pabillonis,2022,1,8.31,True,37.608,0.22,12,True
Pabillonis,2022,2,11.46,True,37.608,0.3,12,True
Pabillonis,2022,3,10.0,True,37.608,0.27,12,True
Pabillonis,2022,4,19.56,True,37.608,0.52,12,True
Pabillonis,2022,5,61.63,True,37.608,1.64,12,True
Pabillonis,2022,6,44.03,True,37.608,1.17,12,True
Pabillonis,2022,7,63.59,True,37.608,1.69,12,True
Pabillonis,2022,8,62.88,True,37.608,1.67,12,True
Pabillonis,2022,9,38.27,True,37.608,1.02,12,True
Pabillonis,2022,10,21.26,True,37.608,0.57,12,True
Pabillonis,2022,11,9.38,True,37.608,0.25,12,True
Pabillonis,2022,12,10.63,True,37.608,0.28,12,True
Padru,2022,7,112.0,False,158.056,0.71,2,False
Padru,2022,8,59.0,False,158.056,0.37,2,False
Palau,2022,3,19.0,False,44.722,0.42,10,True
Palau,2022,4,12725.0,False,44.722,284.54,10,True
Palau,2022,5,31391.0,False,44.722,701.91,10,True
Palau,2022,6,96707.0,False,44.722,2162.4,10,True
Palau,2022,7,138537.0,False,44.722,3097.74,10,True
Palau,2022,8,139526.0,False,44.722,3119.85,10,True
Palau,2022,9,92416.0,False,44.722,2066.45,10,True
Palau,2022,10,30344.0,False,44.722,678.5,10,True
Palau,2022,11,360.0,False,44.722,8.05,10,True
Palau,2022,12,7.0,False,44.722,0.16,10,True
Paulilatino,2022,3,12.0,False,104.326,0.12,9,False
Paulilatino,2022,4,65.0,False,104.326,0.62,9,False
Paulilatino,2022,5,51.0,False,104.326,0.49,9,False
Paulilatino,2022,6,145.0,False,104.326,1.39,9,False
Paulilatino,2022,7,230.0,False,104.326,2.2,9,False
Paulilatino,2022,8,442.0,False,104.326,4.24,9,False
Paulilatino,2022,9,253.0,False,104.326,2.43,9,False
Paulilatino,2022,10,198.0,False,104.326,1.9,9,False
Paulilatino,2022,11,21.0,False,104.326,0.2,9,False
Perdasdefogu,2022,1,3.3,True,78.09,0.04,12,True
Perdasdefogu,2022,2,2.96,True,78.09,0.04,12,True
Perdasdefogu,2022,3,3.97,True,78.09,0.05,12,True
Perdasdefogu,2022,4,7.76,True,78.09,0.1,12,True
Perdasdefogu,2022,5,9.78,True,78.09,0.13,12,True
Perdasdefogu,2022,6,17.48,True,78.09,0.22,12,True
Perdasdefogu,2022,7,71.24,True,78.09,0.91,12,True
Perdasdefogu,2022,8,33.95,True,78.09,0.43,12,True
Perdasdefogu,2022,9,15.19,True,78.09,0.19,12,True
Perdasdefogu,2022,10,8.44,True,78.09,0.11,12,True
Perdasdefogu,2022,11,3.72,True,78.09,0.05,12,True
Perdasdefogu,2022,12,4.22,True,78.09,0.05,12,True
Perfugas,2022,1,4.78,True,60.924,0.08,12,True
Perfugas,2022,2,4.29,True,60.924,0.07,12,True
Perfugas,2022,3,5.75,True,60.924,0.09,12,True
Perfugas,2022,4,11.24,True,60.924,0.18,12,True
Perfugas,2022,5,14.16,True,60.924,0.23,12,True
Perfugas,2022,6,25.32,True,60.924,0.42,12,True
Perfugas,2022,7,239.56,True,60.924,3.93,12,True
Perfugas,2022,8,302.16,True,60.924,4.96,12,True
Perfugas,2022,9,22.01,True,60.924,0.36,12,True
Perfugas,2022,10,12.23,True,60.924,0.2,12,True
Perfugas,2022,11,5.39,True,60.924,0.09,12,True
Perfugas,2022,12,6.11,True,60.924,0.1,12,True
Porto Torres,2022,1,2433.0,False,104.514,23.28,12,True
Porto Torres,2022,2,1854.0,False,104.514,17.74,12,True
Porto Torres,2022,3,1794.0,False,104.514,17.17,12,True
Porto Torres,2022,4,2546.0,False,104.514,24.36,12,True
Porto Torres,2022,5,4175.0,False,104.514,39.95,12,True
Porto Torres,2022,6,6053.0,False,104.514,57.92,12,True
Porto Torres,2022,7,9112.0,False,104.514,87.18,12,True
Porto Torres,2022,8,10731.0,False,104.514,102.68,12,True
Porto Torres,2022,9,6463.0,False,104.514,61.84,12,True
Porto Torres,2022,10,2558.0,False,104.514,24.48,12,True
Porto Torres,2022,11,1969.0,False,104.514,18.84,12,True
Porto Torres,2022,12,1440.0,False,104.514,13.78,12,True
Portoscuso,2022,1,143.0,False,38.47,3.72,12,True
Portoscuso,2022,2,281.0,False,38.47,7.3,12,True
Portoscuso,2022,3,227.0,False,38.47,5.9,12,True
Portoscuso,2022,4,570.0,False,38.47,14.82,12,True
Portoscuso,2022,5,882.0,False,38.47,22.93,12,True
Portoscuso,2022,6,3797.0,False,38.47,98.7,12,True
Portoscuso,2022,7,4886.0,False,38.47,127.01,12,True
Portoscuso,2022,8,6143.0,False,38.47,159.68,12,True
Portoscuso,2022,9,2361.0,False,38.47,61.37,12,True
Portoscuso,2022,10,1392.0,False,38.47,36.18,12,True
Portoscuso,2022,11,675.0,False,38.47,17.55,12,True
Portoscuso,2022,12,238.0,False,38.47,6.19,12,True
Posada,2022,1,91.0,False,33.086,2.75,12,True
Posada,2022,2,108.0,False,33.086,3.26,12,True
Posada,2022,3,179.0,False,33.086,5.41,12,True
Posada,2022,4,436.0,False,33.086,13.18,12,True
Posada,2022,5,1125.0,False,33.086,34.0,12,True
Posada,2022,6,4059.0,False,33.086,122.68,12,True
Posada,2022,7,7876.0,False,33.086,238.05,12,True
Posada,2022,8,9298.0,False,33.086,281.03,12,True
Posada,2022,9,4658.0,False,33.086,140.78,12,True
Posada,2022,10,836.0,False,33.086,25.27,12,True
Posada,2022,11,249.0,False,33.086,7.53,12,True
Posada,2022,12,213.0,False,33.086,6.44,12,True
Pula,2022,1,563.0,False,138.805,4.06,12,True
Pula,2022,2,1477.0,False,138.805,10.64,12,True
Pula,2022,3,723.0,False,138.805,5.21,12,True
Pula,2022,4,15039.0,False,138.805,108.35,12,True
Pula,2022,5,27407.0,False,138.805,197.45,12,True
Pula,2022,6,64085.0,False,138.805,461.69,12,True
Pula,2022,7,109305.0,False,138.805,787.47,12,True
Pula,2022,8,123069.0,False,138.805,886.63,12,True
Pula,2022,9,73856.0,False,138.805,532.08,12,True
Pula,2022,10,33153.0,False,138.805,238.85,12,True
Pula,2022,11,1457.0,False,138.805,10.5,12,True
Pula,2022,12,653.0,False,138.805,4.7,12,True
Quartu Sant'Elena,2022,1,1126.0,False,96.155,11.71,12,True
Quartu Sant'Elena,2022,2,2006.0,False,96.155,20.86,12,True
Quartu Sant'Elena,2022,3,2985.0,False,96.155,31.04,12,True
Quartu Sant'Elena,2022,4,10231.0,False,96.155,106.4,12,True
Quartu Sant'Elena,2022,5,17591.0,False,96.155,182.94,12,True
Quartu Sant'Elena,2022,6,30351.0,False,96.155,315.65,12,True
Quartu Sant'Elena,2022,7,47147.0,False,96.155,490.32,12,True
Quartu Sant'Elena,2022,8,52672.0,False,96.155,547.78,12,True
Quartu Sant'Elena,2022,9,32213.0,False,96.155,335.01,12,True
Quartu Sant'Elena,2022,10,18398.0,False,96.155,191.34,12,True
Quartu Sant'Elena,2022,11,3768.0,False,96.155,39.19,12,True
Quartu Sant'Elena,2022,12,2511.0,False,96.155,26.11,12,True
Quartucciu,2022,1,136.0,False,27.749,4.9,12,True
Quartucciu,2022,2,211.0,False,27.749,7.6,12,True
Quartucciu,2022,3,227.0,False,27.749,8.18,12,True
Quartucciu,2022,4,554.0,False,27.749,19.96,12,True
Quartucciu,2022,5,722.0,False,27.749,26.02,12,True
Quartucciu,2022,6,1175.0,False,27.749,42.34,12,True
Quartucciu,2022,7,1734.0,False,27.749,62.49,12,True
Quartucciu,2022,8,2492.0,False,27.749,89.81,12,True
Quartucciu,2022,9,1099.0,False,27.749,39.61,12,True
Quartucciu,2022,10,576.0,False,27.749,20.76,12,True
Quartucciu,2022,11,184.0,False,27.749,6.63,12,True
Quartucciu,2022,12,186.0,False,27.749,6.7,12,True
Riola Sardo,2022,1,169.0,False,47.938,3.53,12,True
Riola Sardo,2022,2,140.0,False,47.938,2.92,12,True
Riola Sardo,2022,3,71.0,False,47.938,1.48,12,True
Riola Sardo,2022,4,285.0,False,47.938,5.95,12,True
Riola Sardo,2022,5,561.0,False,47.938,11.7,12,True
Riola Sardo,2022,6,1008.0,False,47.938,21.03,12,True
Riola Sardo,2022,7,2543.0,False,47.938,53.05,12,True
Riola Sardo,2022,8,3667.0,False,47.938,76.49,12,True
Riola Sardo,2022,9,1561.0,False,47.938,32.56,12,True
Riola Sardo,2022,10,559.0,False,47.938,11.66,12,True
Riola Sardo,2022,11,56.0,False,47.938,1.17,12,True
Riola Sardo,2022,12,169.0,False,47.938,3.53,12,True
San Gavino Monreale,2022,1,25.0,False,87.522,0.29,10,True
San Gavino Monreale,2022,2,2.0,False,87.522,0.02,10,True
San Gavino Monreale,2022,3,25.0,False,87.522,0.29,10,True
San Gavino Monreale,2022,4,1.0,False,87.522,0.01,10,True
San Gavino Monreale,2022,6,10.0,False,87.522,0.11,10,True
San Gavino Monreale,2022,7,70.0,False,87.522,0.8,10,True
San Gavino Monreale,2022,8,77.0,False,87.522,0.88,10,True
San Gavino Monreale,2022,9,168.0,False,87.522,1.92,10,True
San Gavino Monreale,2022,10,48.0,False,87.522,0.55,10,True
San Gavino Monreale,2022,11,71.0,False,87.522,0.81,10,True
San Giovanni Suergiu,2022,1,10.0,False,72.145,0.14,12,True
San Giovanni Suergiu,2022,2,15.0,False,72.145,0.21,12,True
San Giovanni Suergiu,2022,3,78.0,False,72.145,1.08,12,True
San Giovanni Suergiu,2022,4,262.0,False,72.145,3.63,12,True
San Giovanni Suergiu,2022,5,95.0,False,72.145,1.32,12,True
San Giovanni Suergiu,2022,6,619.0,False,72.145,8.58,12,True
San Giovanni Suergiu,2022,7,1271.0,False,72.145,17.62,12,True
San Giovanni Suergiu,2022,8,1891.0,False,72.145,26.21,12,True
San Giovanni Suergiu,2022,9,967.0,False,72.145,13.4,12,True
San Giovanni Suergiu,2022,10,242.0,False,72.145,3.35,12,True
San Giovanni Suergiu,2022,11,31.0,False,72.145,0.43,12,True
San Giovanni Suergiu,2022,12,21.0,False,72.145,0.29,12,True
San Sperate,2022,1,1.51,True,26.214,0.06,12,True
San Sperate,2022,2,1.35,True,26.214,0.05,12,True
San Sperate,2022,3,1.81,True,26.214,0.07,12,True
San Sperate,2022,4,29.54,True,26.214,1.13,12,True
San Sperate,2022,5,25.46,True,26.214,0.97,12,True
San Sperate,2022,6,43.98,True,26.214,1.68,12,True
San Sperate,2022,7,166.52,True,26.214,6.35,12,True
San Sperate,2022,8,241.4,True,26.214,9.21,12,True
San Sperate,2022,9,74.94,True,26.214,2.86,12,True
San Sperate,2022,10,31.85,True,26.214,1.21,12,True
San Sperate,2022,11,1.7,True,26.214,0.06,12,True
San Sperate,2022,12,1.93,True,26.214,0.07,12,True
San Teodoro,2022,1,45.0,False,105.042,0.43,12,True
San Teodoro,2022,2,79.0,False,105.042,0.75,12,True
San Teodoro,2022,3,136.0,False,105.042,1.29,12,True
San Teodoro,2022,4,4704.0,False,105.042,44.78,12,True
San Teodoro,2022,5,38630.0,False,105.042,367.76,12,True
San Teodoro,2022,6,117901.0,False,105.042,1122.42,12,True
San Teodoro,2022,7,180419.0,False,105.042,1717.59,12,True
San Teodoro,2022,8,195326.0,False,105.042,1859.5,12,True
San Teodoro,2022,9,115806.0,False,105.042,1102.47,12,True
San Teodoro,2022,10,33046.0,False,105.042,314.6,12,True
San Teodoro,2022,11,682.0,False,105.042,6.49,12,True
San Teodoro,2022,12,47.0,False,105.042,0.45,12,True
San Vero Milis,2022,1,721.0,False,72.376,9.96,12,True
San Vero Milis,2022,2,323.0,False,72.376,4.46,12,True
San Vero Milis,2022,3,253.0,False,72.376,3.5,12,True
San Vero Milis,2022,4,1122.0,False,72.376,15.5,12,True
San Vero Milis,2022,5,2477.0,False,72.376,34.22,12,True
San Vero Milis,2022,6,6340.0,False,72.376,87.6,12,True
San Vero Milis,2022,7,10260.0,False,72.376,141.76,12,True
San Vero Milis,2022,8,12596.0,False,72.376,174.04,12,True
San Vero Milis,2022,9,6957.0,False,72.376,96.12,12,True
San Vero Milis,2022,10,2314.0,False,72.376,31.97,12,True
San Vero Milis,2022,11,82.0,False,72.376,1.13,12,True
San Vero Milis,2022,12,145.0,False,72.376,2.0,12,True
San Vito,2022,3,39.0,False,231.601,0.17,10,True
San Vito,2022,4,60.0,False,231.601,0.26,10,True
San Vito,2022,5,186.0,False,231.601,0.8,10,True
San Vito,2022,6,322.0,False,231.601,1.39,10,True
San Vito,2022,7,845.0,False,231.601,3.65,10,True
San Vito,2022,8,1205.0,False,231.601,5.2,10,True
San Vito,2022,9,606.0,False,231.601,2.62,10,True
San Vito,2022,10,295.0,False,231.601,1.27,10,True
San Vito,2022,11,49.0,False,231.601,0.21,10,True
San Vito,2022,12,42.0,False,231.601,0.18,10,True
Sanluri,2022,1,170.72,True,84.144,2.03,12,True
Sanluri,2022,2,182.91,True,84.144,2.17,12,True
Sanluri,2022,3,218.37,True,84.144,2.6,12,True
Sanluri,2022,4,500.27,True,84.144,5.95,12,True
Sanluri,2022,5,455.22,True,84.144,5.41,12,True
Sanluri,2022,6,609.96,True,84.144,7.25,12,True
Sanluri,2022,7,212.22,True,84.144,2.52,12,True
Sanluri,2022,8,805.86,True,84.144,9.58,12,True
Sanluri,2022,9,605.74,True,84.144,7.2,12,True
Sanluri,2022,10,70.96,True,84.144,0.84,12,True
Sanluri,2022,11,31.3,True,84.144,0.37,12,True
Sanluri,2022,12,35.48,True,84.144,0.42,12,True
Sant'Anna Arresi,2022,1,39.0,False,36.726,1.06,11,True
Sant'Anna Arresi,2022,2,184.0,False,36.726,5.01,11,True
Sant'Anna Arresi,2022,3,48.0,False,36.726,1.31,11,True
Sant'Anna Arresi,2022,4,1199.0,False,36.726,32.65,11,True
Sant'Anna Arresi,2022,5,2512.0,False,36.726,68.4,11,True
Sant'Anna Arresi,2022,6,11480.0,False,36.726,312.59,11,True
Sant'Anna Arresi,2022,7,18662.0,False,36.726,508.14,11,True
Sant'Anna Arresi,2022,8,22206.0,False,36.726,604.64,11,True
Sant'Anna Arresi,2022,9,13172.0,False,36.726,358.66,11,True
Sant'Anna Arresi,2022,10,2098.0,False,36.726,57.13,11,True
Sant'Anna Arresi,2022,11,80.0,False,36.726,2.18,11,True
Sant'Antioco,2022,1,336.0,False,88.676,3.79,12,True
Sant'Antioco,2022,2,355.0,False,88.676,4.0,12,True
Sant'Antioco,2022,3,587.0,False,88.676,6.62,12,True
Sant'Antioco,2022,4,3078.0,False,88.676,34.71,12,True
Sant'Antioco,2022,5,7421.0,False,88.676,83.69,12,True
Sant'Antioco,2022,6,13734.0,False,88.676,154.88,12,True
Sant'Antioco,2022,7,20563.0,False,88.676,231.89,12,True
Sant'Antioco,2022,8,29592.0,False,88.676,333.71,12,True
Sant'Antioco,2022,9,16214.0,False,88.676,182.85,12,True
Sant'Antioco,2022,10,5003.0,False,88.676,56.42,12,True
Sant'Antioco,2022,11,534.0,False,88.676,6.02,12,True
Sant'Antioco,2022,12,831.0,False,88.676,9.37,12,True
Santa Giusta,2022,1,6.15,True,69.453,0.09,12,True
Santa Giusta,2022,2,5.53,True,69.453,0.08,12,True
Santa Giusta,2022,3,7.4,True,69.453,0.11,12,True
Santa Giusta,2022,4,14.48,True,69.453,0.21,12,True
Santa Giusta,2022,5,18.24,True,69.453,0.26,12,True
Santa Giusta,2022,6,32.61,True,69.453,0.47,12,True
Santa Giusta,2022,7,47.09,True,69.453,0.68,12,True
Santa Giusta,2022,8,450.57,True,69.453,6.49,12,True
Santa Giusta,2022,9,28.35,True,69.453,0.41,12,True
Santa Giusta,2022,10,15.75,True,69.453,0.23,12,True
Santa Giusta,2022,11,6.95,True,69.453,0.1,12,True
Santa Giusta,2022,12,7.87,True,69.453,0.11,12,True
Santa Maria Coghinas,2022,1,62.66,True,23.413,2.68,12,True
Santa Maria Coghinas,2022,2,56.31,True,23.413,2.41,12,True
Santa Maria Coghinas,2022,3,75.42,True,23.413,3.22,12,True
Santa Maria Coghinas,2022,4,147.53,True,23.413,6.3,12,True
Santa Maria Coghinas,2022,5,185.83,True,23.413,7.94,12,True
Santa Maria Coghinas,2022,6,332.17,True,23.413,14.19,12,True
Santa Maria Coghinas,2022,7,1998.68,True,23.413,85.37,12,True
Santa Maria Coghinas,2022,8,2452.34,True,23.413,104.74,12,True
Santa Maria Coghinas,2022,9,1664.72,True,23.413,71.1,12,True
Santa Maria Coghinas,2022,10,1011.39,True,23.413,43.2,12,True
Santa Maria Coghinas,2022,11,70.75,True,23.413,3.02,12,True
Santa Maria Coghinas,2022,12,80.2,True,23.413,3.43,12,True
Santa Teresa Gallura,2022,1,78.0,False,103.396,0.75,12,True
Santa Teresa Gallura,2022,2,65.0,False,103.396,0.63,12,True
Santa Teresa Gallura,2022,3,93.0,False,103.396,0.9,12,True
Santa Teresa Gallura,2022,4,4655.0,False,103.396,45.02,12,True
Santa Teresa Gallura,2022,5,29362.0,False,103.396,283.98,12,True
Santa Teresa Gallura,2022,6,78343.0,False,103.396,757.7,12,True
Santa Teresa Gallura,2022,7,136312.0,False,103.396,1318.35,12,True
Santa Teresa Gallura,2022,8,147080.0,False,103.396,1422.49,12,True
Santa Teresa Gallura,2022,9,75069.0,False,103.396,726.03,12,True
Santa Teresa Gallura,2022,10,8974.0,False,103.396,86.79,12,True
Santa Teresa Gallura,2022,11,120.0,False,103.396,1.16,12,True
Santa Teresa Gallura,2022,12,61.0,False,103.396,0.59,12,True
Santadi,2022,1,3.4,True,116.144,0.03,12,True
Santadi,2022,2,3.06,True,116.144,0.03,12,True
Santadi,2022,3,4.09,True,116.144,0.04,12,True
Santadi,2022,4,8.01,True,116.144,0.07,12,True
Santadi,2022,5,10.08,True,116.144,0.09,12,True
Santadi,2022,6,18.03,True,116.144,0.16,12,True
Santadi,2022,7,26.03,True,116.144,0.22,12,True
Santadi,2022,8,184.74,True,116.144,1.59,12,True
Santadi,2022,9,31.67,True,116.144,0.27,12,True
Santadi,2022,10,54.7,True,116.144,0.47,12,True
Santadi,2022,11,3.84,True,116.144,0.03,12,True
Santadi,2022,12,4.35,True,116.144,0.04,12,True
Santu Lussurgiu,2022,1,127.0,False,99.907,1.27,12,True
Santu Lussurgiu,2022,2,46.0,False,99.907,0.46,12,True
Santu Lussurgiu,2022,3,101.0,False,99.907,1.01,12,True
Santu Lussurgiu,2022,4,525.0,False,99.907,5.25,12,True
Santu Lussurgiu,2022,5,676.0,False,99.907,6.77,12,True
Santu Lussurgiu,2022,6,967.0,False,99.907,9.68,12,True
Santu Lussurgiu,2022,7,917.0,False,99.907,9.18,12,True
Santu Lussurgiu,2022,8,1759.0,False,99.907,17.61,12,True
Santu Lussurgiu,2022,9,853.0,False,99.907,8.54,12,True
Santu Lussurgiu,2022,10,550.0,False,99.907,5.51,12,True
Santu Lussurgiu,2022,11,145.0,False,99.907,1.45,12,True
Santu Lussurgiu,2022,12,282.0,False,99.907,2.82,12,True
Sardara,2022,1,3308.0,False,56.316,58.74,12,True
Sardara,2022,2,3887.0,False,56.316,69.02,12,True
Sardara,2022,3,3338.0,False,56.316,59.27,12,True
Sardara,2022,4,4360.0,False,56.316,77.42,12,True
Sardara,2022,5,2830.0,False,56.316,50.25,12,True
Sardara,2022,6,3862.0,False,56.316,68.58,12,True
Sardara,2022,7,4567.0,False,56.316,81.1,12,True
Sardara,2022,8,6706.0,False,56.316,119.08,12,True
Sardara,2022,9,6345.0,False,56.316,112.67,12,True
Sardara,2022,10,6587.0,False,56.316,116.96,12,True
Sardara,2022,11,5426.0,False,56.316,96.35,12,True
Sardara,2022,12,4038.0,False,56.316,71.7,12,True
Sarroch,2022,1,188.0,False,68.327,2.75,12,True
Sarroch,2022,2,1053.0,False,68.327,15.41,12,True
Sarroch,2022,3,505.0,False,68.327,7.39,12,True
Sarroch,2022,4,490.0,False,68.327,7.17,12,True
Sarroch,2022,5,1276.0,False,68.327,18.67,12,True
Sarroch,2022,6,2030.0,False,68.327,29.71,12,True
Sarroch,2022,7,2788.0,False,68.327,40.8,12,True
Sarroch,2022,8,3505.0,False,68.327,51.3,12,True
Sarroch,2022,9,1615.0,False,68.327,23.64,12,True
Sarroch,2022,10,1000.0,False,68.327,14.64,12,True
Sarroch,2022,11,697.0,False,68.327,10.2,12,True
Sarroch,2022,12,464.0,False,68.327,6.79,12,True
Sassari,2022,1,6606.0,False,547.317,12.07,12,True
Sassari,2022,2,9567.0,False,547.317,17.48,12,True
Sassari,2022,3,12040.0,False,547.317,22.0,12,True
Sassari,2022,4,11765.0,False,547.317,21.5,12,True
Sassari,2022,5,14822.0,False,547.317,27.08,12,True
Sassari,2022,6,17072.0,False,547.317,31.19,12,True
Sassari,2022,7,19095.0,False,547.317,34.89,12,True
Sassari,2022,8,28596.0,False,547.317,52.25,12,True
Sassari,2022,9,18964.0,False,547.317,34.65,12,True
Sassari,2022,10,15711.0,False,547.317,28.71,12,True
Sassari,2022,11,14790.0,False,547.317,27.02,12,True
Sassari,2022,12,13405.0,False,547.317,24.49,12,True
Scano Di Montiferro,2022,1,0.23,True,60.465,0.0,12,True
Scano Di Montiferro,2022,2,0.21,True,60.465,0.0,12,True
Scano Di Montiferro,2022,3,0.28,True,60.465,0.0,12,True
Scano Di Montiferro,2022,4,0.55,True,60.465,0.01,12,True
Scano Di Montiferro,2022,5,8.69,True,60.465,0.14,12,True
Scano Di Montiferro,2022,6,85.24,True,60.465,1.41,12,True
Scano Di Montiferro,2022,7,136.79,True,60.465,2.26,12,True
Scano Di Montiferro,2022,8,325.77,True,60.465,5.39,12,True
Scano Di Montiferro,2022,9,47.08,True,60.465,0.78,12,True
Scano Di Montiferro,2022,10,0.6,True,60.465,0.01,12,True
Scano Di Montiferro,2022,11,0.26,True,60.465,0.0,12,True
Scano Di Montiferro,2022,12,0.3,True,60.465,0.0,12,True
Sedilo,2022,1,14.28,True,68.519,0.21,12,True
Sedilo,2022,2,12.83,True,68.519,0.19,12,True
Sedilo,2022,3,17.18,True,68.519,0.25,12,True
Sedilo,2022,4,82.61,True,68.519,1.21,12,True
Sedilo,2022,5,42.34,True,68.519,0.62,12,True
Sedilo,2022,6,75.68,True,68.519,1.1,12,True
Sedilo,2022,7,109.29,True,68.519,1.6,12,True
Sedilo,2022,8,108.07,True,68.519,1.58,12,True
Sedilo,2022,9,65.78,True,68.519,0.96,12,True
Sedilo,2022,10,36.54,True,68.519,0.53,12,True
Sedilo,2022,11,16.12,True,68.519,0.24,12,True
Sedilo,2022,12,18.27,True,68.519,0.27,12,True
Selargius,2022,1,887.0,False,26.676,33.25,12,True
Selargius,2022,2,1091.0,False,26.676,40.9,12,True
Selargius,2022,3,1524.0,False,26.676,57.13,12,True
Selargius,2022,4,1874.0,False,26.676,70.25,12,True
Selargius,2022,5,2504.0,False,26.676,93.87,12,True
Selargius,2022,6,2697.0,False,26.676,101.1,12,True
Selargius,2022,7,3175.0,False,26.676,119.02,12,True
Selargius,2022,8,3445.0,False,26.676,129.14,12,True
Selargius,2022,9,2614.0,False,26.676,97.99,12,True
Selargius,2022,10,2142.0,False,26.676,80.3,12,True
Selargius,2022,11,1644.0,False,26.676,61.63,12,True
Selargius,2022,12,1302.0,False,26.676,48.81,12,True
Sennariolo,2022,1,5.32,True,15.838,0.34,12,True
Sennariolo,2022,2,4.78,True,15.838,0.3,12,True
Sennariolo,2022,3,6.4,True,15.838,0.4,12,True
Sennariolo,2022,4,12.53,True,15.838,0.79,12,True
Sennariolo,2022,5,15.78,True,15.838,1.0,12,True
Sennariolo,2022,6,132.21,True,15.838,8.35,12,True
Sennariolo,2022,7,388.73,True,15.838,24.54,12,True
Sennariolo,2022,8,378.28,True,15.838,23.88,12,True
Sennariolo,2022,9,24.52,True,15.838,1.55,12,True
Sennariolo,2022,10,13.62,True,15.838,0.86,12,True
Sennariolo,2022,11,6.01,True,15.838,0.38,12,True
Sennariolo,2022,12,6.81,True,15.838,0.43,12,True
Senorbì,2022,1,11.0,False,34.729,0.32,10,True
Senorbì,2022,2,27.0,False,34.729,0.78,10,True
Senorbì,2022,3,97.0,False,34.729,2.79,10,True
Senorbì,2022,4,75.0,False,34.729,2.16,10,True
Senorbì,2022,5,66.0,False,34.729,1.9,10,True
Senorbì,2022,7,79.0,False,34.729,2.27,10,True
Senorbì,2022,8,149.0,False,34.729,4.29,10,True
Senorbì,2022,10,134.0,False,34.729,3.86,10,True
Senorbì,2022,11,161.0,False,34.729,4.64,10,True
Senorbì,2022,12,31.0,False,34.729,0.89,10,True
Serramanna,2022,1,3.63,True,83.934,0.04,12,True
Serramanna,2022,2,3.27,True,83.934,0.04,12,True
Serramanna,2022,3,4.37,True,83.934,0.05,12,True
Serramanna,2022,4,8.56,True,83.934,0.1,12,True
Serramanna,2022,5,10.78,True,83.934,0.13,12,True
Serramanna,2022,6,19.26,True,83.934,0.23,12,True
Serramanna,2022,7,27.82,True,83.934,0.33,12,True
Serramanna,2022,8,155.51,True,83.934,1.85,12,True
Serramanna,2022,9,63.74,True,83.934,0.76,12,True
Serramanna,2022,10,48.3,True,83.934,0.58,12,True
Serramanna,2022,11,4.1,True,83.934,0.05,12,True
Serramanna,2022,12,4.65,True,83.934,0.06,12,True
Sestu,2022,1,163.0,False,48.367,3.37,12,True
Sestu,2022,2,129.0,False,48.367,2.67,12,True
Sestu,2022,3,114.0,False,48.367,2.36,12,True
Sestu,2022,4,145.0,False,48.367,3.0,12,True
Sestu,2022,5,391.0,False,48.367,8.08,12,True
Sestu,2022,6,556.0,False,48.367,11.5,12,True
Sestu,2022,7,743.0,False,48.367,15.36,12,True
Sestu,2022,8,1011.0,False,48.367,20.9,12,True
Sestu,2022,9,568.0,False,48.367,11.74,12,True
Sestu,2022,10,284.0,False,48.367,5.87,12,True
Sestu,2022,11,150.0,False,48.367,3.1,12,True
Sestu,2022,12,151.0,False,48.367,3.12,12,True
Settimo San Pietro,2022,1,2.31,True,23.085,0.1,12,True
Settimo San Pietro,2022,2,2.08,True,23.085,0.09,12,True
Settimo San Pietro,2022,3,2.78,True,23.085,0.12,12,True
Settimo San Pietro,2022,4,5.44,True,23.085,0.24,12,True
Settimo San Pietro,2022,5,10.85,True,23.085,0.47,12,True
Settimo San Pietro,2022,6,36.25,True,23.085,1.57,12,True
Settimo San Pietro,2022,7,127.68,True,23.085,5.53,12,True
Settimo San Pietro,2022,8,152.49,True,23.085,6.61,12,True
Settimo San Pietro,2022,9,10.64,True,23.085,0.46,12,True
Settimo San Pietro,2022,10,5.91,True,23.085,0.26,12,True
Settimo San Pietro,2022,11,2.61,True,23.085,0.11,12,True
Settimo San Pietro,2022,12,2.96,True,23.085,0.13,12,True
Siamaggiore,2022,1,4.49,True,13.132,0.34,12,True
Siamaggiore,2022,2,4.04,True,13.132,0.31,12,True
Siamaggiore,2022,3,5.41,True,13.132,0.41,12,True
Siamaggiore,2022,4,10.57,True,13.132,0.8,12,True
Siamaggiore,2022,5,13.32,True,13.132,1.01,12,True
Siamaggiore,2022,6,236.8,True,13.132,18.03,12,True
Siamaggiore,2022,7,520.38,True,13.132,39.63,12,True
Siamaggiore,2022,8,886.99,True,13.132,67.54,12,True
Siamaggiore,2022,9,395.69,True,13.132,30.13,12,True
Siamaggiore,2022,10,11.49,True,13.132,0.87,12,True
Siamaggiore,2022,11,5.07,True,13.132,0.39,12,True
Siamaggiore,2022,12,5.75,True,13.132,0.44,12,True
Simaxis,2022,1,3.76,True,27.735,0.14,12,True
Simaxis,2022,2,3.38,True,27.735,0.12,12,True
Simaxis,2022,3,4.53,True,27.735,0.16,12,True
Simaxis,2022,4,8.86,True,27.735,0.32,12,True
Simaxis,2022,5,11.16,True,27.735,0.4,12,True
Simaxis,2022,6,19.95,True,27.735,0.72,12,True
Simaxis,2022,7,166.81,True,27.735,6.01,12,True
Simaxis,2022,8,328.49,True,27.735,11.84,12,True
Simaxis,2022,9,163.34,True,27.735,5.89,12,True
Simaxis,2022,10,9.63,True,27.735,0.35,12,True
Simaxis,2022,11,4.25,True,27.735,0.15,12,True
Simaxis,2022,12,4.82,True,27.735,0.17,12,True
Siniscola,2022,1,4.0,False,196.825,0.02,12,True
Siniscola,2022,2,109.0,False,196.825,0.55,12,True
Siniscola,2022,3,172.0,False,196.825,0.87,12,True
Siniscola,2022,4,422.0,False,196.825,2.14,12,True
Siniscola,2022,5,1799.0,False,196.825,9.14,12,True
Siniscola,2022,6,21006.0,False,196.825,106.72,12,True
Siniscola,2022,7,47562.0,False,196.825,241.65,12,True
Siniscola,2022,8,60136.0,False,196.825,305.53,12,True
Siniscola,2022,9,23002.0,False,196.825,116.87,12,True
Siniscola,2022,10,11199.0,False,196.825,56.9,12,True
Siniscola,2022,11,106.0,False,196.825,0.54,12,True
Siniscola,2022,12,48.0,False,196.825,0.24,12,True
Sinnai,2022,1,155.0,False,224.089,0.69,12,True
Sinnai,2022,2,68.0,False,224.089,0.3,12,True
Sinnai,2022,3,153.0,False,224.089,0.68,12,True
Sinnai,2022,4,416.0,False,224.089,1.86,12,True
Sinnai,2022,5,985.0,False,224.089,4.4,12,True
Sinnai,2022,6,3585.0,False,224.089,16.0,12,True
Sinnai,2022,7,6572.0,False,224.089,29.33,12,True
Sinnai,2022,8,9332.0,False,224.089,41.64,12,True
Sinnai,2022,9,3931.0,False,224.089,17.54,12,True
Sinnai,2022,10,1088.0,False,224.089,4.86,12,True
Sinnai,2022,11,118.0,False,224.089,0.53,12,True
Sinnai,2022,12,40.0,False,224.089,0.18,12,True
Solarussa,2022,1,18.4,True,31.765,0.58,12,True
Solarussa,2022,2,16.54,True,31.765,0.52,12,True
Solarussa,2022,3,22.15,True,31.765,0.7,12,True
Solarussa,2022,4,43.33,True,31.765,1.36,12,True
Solarussa,2022,5,54.58,True,31.765,1.72,12,True
Solarussa,2022,6,97.56,True,31.765,3.07,12,True
Solarussa,2022,7,140.88,True,31.765,4.44,12,True
Solarussa,2022,8,326.32,True,31.765,10.27,12,True
Solarussa,2022,9,84.8,True,31.765,2.67,12,True
Solarussa,2022,10,47.11,True,31.765,1.48,12,True
Solarussa,2022,11,20.78,True,31.765,0.65,12,True
Solarussa,2022,12,23.55,True,31.765,0.74,12,True
Sorgono,2022,1,13.0,False,55.987,0.23,12,True
Sorgono,2022,2,3.0,False,55.987,0.05,12,True
Sorgono,2022,3,21.0,False,55.987,0.38,12,True
Sorgono,2022,4,40.0,False,55.987,0.71,12,True
Sorgono,2022,5,95.0,False,55.987,1.7,12,True
Sorgono,2022,6,130.0,False,55.987,2.32,12,True
Sorgono,2022,7,146.0,False,55.987,2.61,12,True
Sorgono,2022,8,211.0,False,55.987,3.77,12,True
Sorgono,2022,9,119.0,False,55.987,2.13,12,True
Sorgono,2022,10,103.0,False,55.987,1.84,12,True
Sorgono,2022,11,19.0,False,55.987,0.34,12,True
Sorgono,2022,12,27.0,False,55.987,0.48,12,True
Sorso,2022,1,96.0,False,67.006,1.43,11,True
Sorso,2022,3,60.0,False,67.006,0.9,11,True
Sorso,2022,4,3382.0,False,67.006,50.47,11,True
Sorso,2022,5,3735.0,False,67.006,55.74,11,True
Sorso,2022,6,23548.0,False,67.006,351.43,11,True
Sorso,2022,7,38147.0,False,67.006,569.31,11,True
Sorso,2022,8,38984.0,False,67.006,581.8,11,True
Sorso,2022,9,20101.0,False,67.006,299.99,11,True
Sorso,2022,10,2295.0,False,67.006,34.25,11,True
Sorso,2022,11,121.0,False,67.006,1.81,11,True
Sorso,2022,12,139.0,False,67.006,2.07,11,True
Stintino,2022,1,549.0,False,59.093,9.29,12,True
Stintino,2022,2,658.0,False,59.093,11.13,12,True
Stintino,2022,3,307.0,False,59.093,5.2,12,True
Stintino,2022,4,2917.0,False,59.093,49.36,12,True
Stintino,2022,5,10619.0,False,59.093,179.7,12,True
Stintino,2022,6,55779.0,False,59.093,943.92,12,True
Stintino,2022,7,90451.0,False,59.093,1530.66,12,True
Stintino,2022,8,101196.0,False,59.093,1712.49,12,True
Stintino,2022,9,50445.0,False,59.093,853.65,12,True
Stintino,2022,10,6217.0,False,59.093,105.21,12,True
Stintino,2022,11,182.0,False,59.093,3.08,12,True
Stintino,2022,12,158.0,False,59.093,2.67,12,True
Suni,2022,1,0.93,True,47.301,0.02,12,True
Suni,2022,2,0.84,True,47.301,0.02,12,True
Suni,2022,3,1.12,True,47.301,0.02,12,True
Suni,2022,4,2.2,True,47.301,0.05,12,True
Suni,2022,5,2.77,True,47.301,0.06,12,True
Suni,2022,6,48.95,True,47.301,1.03,12,True
Suni,2022,7,254.15,True,47.301,5.37,12,True
Suni,2022,8,381.07,True,47.301,8.06,12,True
Suni,2022,9,100.31,True,47.301,2.12,12,True
Suni,2022,10,3.39,True,47.301,0.07,12,True
Suni,2022,11,1.06,True,47.301,0.02,12,True
Suni,2022,12,1.2,True,47.301,0.03,12,True
Telti,2022,1,0.91,True,83.358,0.01,12,True
Telti,2022,2,0.82,True,83.358,0.01,12,True
Telti,2022,3,17.09,True,83.358,0.21,12,True
Telti,2022,4,73.14,True,83.358,0.88,12,True
Telti,2022,5,97.69,True,83.358,1.17,12,True
Telti,2022,6,210.82,True,83.358,2.53,12,True
Telti,2022,7,519.95,True,83.358,6.24,12,True
Telti,2022,8,727.88,True,83.358,8.73,12,True
Telti,2022,9,303.19,True,83.358,3.64,12,True
Telti,2022,10,63.33,True,83.358,0.76,12,True
Telti,2022,11,1.03,True,83.358,0.01,12,True
Telti,2022,12,1.16,True,83.358,0.01,12,True
Tempio Pausania,2022,1,203.0,False,210.556,0.96,12,True
Tempio Pausania,2022,2,329.0,False,210.556,1.56,12,True
Tempio Pausania,2022,3,423.0,False,210.556,2.01,12,True
Tempio Pausania,2022,4,870.0,False,210.556,4.13,12,True
Tempio Pausania,2022,5,2809.0,False,210.556,13.34,12,True
Tempio Pausania,2022,6,4166.0,False,210.556,19.79,12,True
Tempio Pausania,2022,7,5811.0,False,210.556,27.6,12,True
Tempio Pausania,2022,8,6054.0,False,210.556,28.75,12,True
Tempio Pausania,2022,9,2952.0,False,210.556,14.02,12,True
Tempio Pausania,2022,10,1071.0,False,210.556,5.09,12,True
Tempio Pausania,2022,11,403.0,False,210.556,1.91,12,True
Tempio Pausania,2022,12,388.0,False,210.556,1.84,12,True
Tergu,2022,1,17.03,True,36.725,0.46,12,True
Tergu,2022,2,15.3,True,36.725,0.42,12,True
Tergu,2022,3,20.5,True,36.725,0.56,12,True
Tergu,2022,4,40.09,True,36.725,1.09,12,True
Tergu,2022,5,50.5,True,36.725,1.38,12,True
Tergu,2022,6,705.27,True,36.725,19.2,12,True
Tergu,2022,7,965.35,True,36.725,26.29,12,True
Tergu,2022,8,1004.9,True,36.725,27.36,12,True
Tergu,2022,9,549.46,True,36.725,14.96,12,True
Tergu,2022,10,148.59,True,36.725,4.05,12,True
Tergu,2022,11,19.23,True,36.725,0.52,12,True
Tergu,2022,12,21.79,True,36.725,0.59,12,True
Terralba,2022,1,88.0,False,49.734,1.77,11,True
Terralba,2022,2,18.0,False,49.734,0.36,11,True
Terralba,2022,3,33.0,False,49.734,0.66,11,True
Terralba,2022,4,55.0,False,49.734,1.11,11,True
Terralba,2022,5,62.0,False,49.734,1.25,11,True
Terralba,2022,6,85.0,False,49.734,1.71,11,True
Terralba,2022,7,330.0,False,49.734,6.64,11,True
Terralba,2022,8,907.0,False,49.734,18.24,11,True
Terralba,2022,9,444.0,False,49.734,8.93,11,True
Terralba,2022,10,165.0,False,49.734,3.32,11,True
Terralba,2022,12,126.0,False,49.734,2.53,11,True
Tertenia,2022,3,153.0,False,117.726,1.3,10,True
Tertenia,2022,4,82.0,False,117.726,0.7,10,True
Tertenia,2022,5,1154.0,False,117.726,9.8,10,True
Tertenia,2022,6,3901.0,False,117.726,33.14,10,True
Tertenia,2022,7,7828.0,False,117.726,66.49,10,True
Tertenia,2022,8,8747.0,False,117.726,74.3,10,True
Tertenia,2022,9,6034.0,False,117.726,51.25,10,True
Tertenia,2022,10,1015.0,False,117.726,8.62,10,True
Tertenia,2022,11,33.0,False,117.726,0.28,10,True
Tertenia,2022,12,41.0,False,117.726,0.35,10,True
Teulada,2022,1,47.0,False,246.566,0.19,12,True
Teulada,2022,2,94.0,False,246.566,0.38,12,True
Teulada,2022,3,153.0,False,246.566,0.62,12,True
Teulada,2022,4,517.0,False,246.566,2.1,12,True
Teulada,2022,5,1759.0,False,246.566,7.13,12,True
Teulada,2022,6,4845.0,False,246.566,19.65,12,True
Teulada,2022,7,10246.0,False,246.566,41.55,12,True
Teulada,2022,8,12554.0,False,246.566,50.92,12,True
Teulada,2022,9,4633.0,False,246.566,18.79,12,True
Teulada,2022,10,1433.0,False,246.566,5.81,12,True
Teulada,2022,11,185.0,False,246.566,0.75,12,True
Teulada,2022,12,148.0,False,246.566,0.6,12,True
Thiesi,2022,1,54.22,True,63.114,0.86,12,True
Thiesi,2022,2,111.73,True,63.114,1.77,12,True
Thiesi,2022,3,192.27,True,63.114,3.05,12,True
Thiesi,2022,4,234.67,True,63.114,3.72,12,True
Thiesi,2022,5,544.81,True,63.114,8.63,12,True
Thiesi,2022,6,287.45,True,63.114,4.55,12,True
Thiesi,2022,7,415.1,True,63.114,6.58,12,True
Thiesi,2022,8,410.48,True,63.114,6.5,12,True
Thiesi,2022,9,249.85,True,63.114,3.96,12,True
Thiesi,2022,10,138.8,True,63.114,2.2,12,True
Thiesi,2022,11,61.22,True,63.114,0.97,12,True
Thiesi,2022,12,69.4,True,63.114,1.1,12,True
Tonara,2022,1,20.0,False,52.217,0.38,12,True
Tonara,2022,2,5.0,False,52.217,0.1,12,True
Tonara,2022,3,4.0,False,52.217,0.08,12,True
Tonara,2022,4,104.0,False,52.217,1.99,12,True
Tonara,2022,5,96.0,False,52.217,1.84,12,True
Tonara,2022,6,117.0,False,52.217,2.24,12,True
Tonara,2022,7,59.0,False,52.217,1.13,12,True
Tonara,2022,8,162.0,False,52.217,3.1,12,True
Tonara,2022,9,135.0,False,52.217,2.59,12,True
Tonara,2022,10,259.0,False,52.217,4.96,12,True
Tonara,2022,11,140.0,False,52.217,2.68,12,True
Tonara,2022,12,64.0,False,52.217,1.23,12,True
Torpè,2022,4,22.0,False,92.36,0.24,7,False
Torpè,2022,5,4.0,False,92.36,0.04,7,False
Torpè,2022,6,186.0,False,92.36,2.01,7,False
Torpè,2022,7,669.0,False,92.36,7.24,7,False
Torpè,2022,8,1047.0,False,92.36,11.34,7,False
Torpè,2022,9,176.0,False,92.36,1.91,7,False
Torpè,2022,10,3.0,False,92.36,0.03,7,False
Tortolì,2022,1,1111.0,False,40.416,27.49,12,True
Tortolì,2022,2,1538.0,False,40.416,38.05,12,True
Tortolì,2022,3,2273.0,False,40.416,56.24,12,True
Tortolì,2022,4,8399.0,False,40.416,207.81,12,True
Tortolì,2022,5,31802.0,False,40.416,786.87,12,True
Tortolì,2022,6,68387.0,False,40.416,1692.08,12,True
Tortolì,2022,7,167587.0,False,40.416,4146.55,12,True
Tortolì,2022,8,224626.0,False,40.416,5557.85,12,True
Tortolì,2022,9,105779.0,False,40.416,2617.26,12,True
Tortolì,2022,10,25657.0,False,40.416,634.82,12,True
Tortolì,2022,11,3163.0,False,40.416,78.26,12,True
Tortolì,2022,12,1095.0,False,40.416,27.09,12,True
Tramatza,2022,1,23.57,True,16.948,1.39,12,True
Tramatza,2022,2,21.18,True,16.948,1.25,12,True
Tramatza,2022,3,28.37,True,16.948,1.67,12,True
Tramatza,2022,4,55.49,True,16.948,3.27,12,True
Tramatza,2022,5,69.9,True,16.948,4.12,12,True
Tramatza,2022,6,381.94,True,16.948,22.54,12,True
Tramatza,2022,7,559.43,True,16.948,33.01,12,True
Tramatza,2022,8,809.42,True,16.948,47.76,12,True
Tramatza,2022,9,305.6,True,16.948,18.03,12,True
Tramatza,2022,10,230.33,True,16.948,13.59,12,True
Tramatza,2022,11,26.61,True,16.948,1.57,12,True
Tramatza,2022,12,30.16,True,16.948,1.78,12,True
Tratalias,2022,1,8.51,True,30.975,0.27,12,True
Tratalias,2022,2,7.65,True,30.975,0.25,12,True
Tratalias,2022,3,10.25,True,30.975,0.33,12,True
Tratalias,2022,4,20.05,True,30.975,0.65,12,True
Tratalias,2022,5,25.25,True,30.975,0.82,12,True
Tratalias,2022,6,402.13,True,30.975,12.98,12,True
Tratalias,2022,7,746.18,True,30.975,24.09,12,True
Tratalias,2022,8,1479.45,True,30.975,47.76,12,True
Tratalias,2022,9,470.23,True,30.975,15.18,12,True
Tratalias,2022,10,21.79,True,30.975,0.7,12,True
Tratalias,2022,11,9.61,True,30.975,0.31,12,True
Tratalias,2022,12,10.9,True,30.975,0.35,12,True
Tresnuraghes,2022,1,2.0,False,31.4,0.06,11,True
Tresnuraghes,2022,3,57.0,False,31.4,1.82,11,True
Tresnuraghes,2022,4,812.0,False,31.4,25.86,11,True
Tresnuraghes,2022,5,1252.0,False,31.4,39.87,11,True
Tresnuraghes,2022,6,2554.0,False,31.4,81.34,11,True
Tresnuraghes,2022,7,4067.0,False,31.4,129.52,11,True
Tresnuraghes,2022,8,5227.0,False,31.4,166.46,11,True
Tresnuraghes,2022,9,2843.0,False,31.4,90.54,11,True
Tresnuraghes,2022,10,1530.0,False,31.4,48.73,11,True
Tresnuraghes,2022,11,351.0,False,31.4,11.18,11,True
Tresnuraghes,2022,12,286.0,False,31.4,9.11,11,True
Triei,2022,1,3.87,True,32.849,0.12,12,True
Triei,2022,2,3.48,True,32.849,0.11,12,True
Triei,2022,3,4.66,True,32.849,0.14,12,True
Triei,2022,4,9.11,True,32.849,0.28,12,True
Triei,2022,5,11.47,True,32.849,0.35,12,True
Triei,2022,6,204.5,True,32.849,6.23,12,True
Triei,2022,7,527.61,True,32.849,16.06,12,True
Triei,2022,8,833.28,True,32.849,25.37,12,True
Triei,2022,9,247.82,True,32.849,7.54,12,True
Triei,2022,10,70.9,True,32.849,2.16,12,True
Triei,2022,11,4.37,True,32.849,0.13,12,True
Triei,2022,12,4.95,True,32.849,0.15,12,True
Trinità D'Agultu E Vignola,2022,1,3.92,True,134.092,0.03,12,True
Trinità D'Agultu E Vignola,2022,2,3.52,True,134.092,0.03,12,True
Trinità D'Agultu E Vignola,2022,3,4.72,True,134.092,0.04,12,True
Trinità D'Agultu E Vignola,2022,4,268.23,True,134.092,2.0,12,True
Trinità D'Agultu E Vignola,2022,5,3219.62,True,134.092,24.01,12,True
Trinità D'Agultu E Vignola,2022,6,25794.78,True,134.092,192.37,12,True
Trinità D'Agultu E Vignola,2022,7,41974.0,True,134.092,313.02,12,True
Trinità D'Agultu E Vignola,2022,8,41770.67,True,134.092,311.51,12,True
Trinità D'Agultu E Vignola,2022,9,28604.06,True,134.092,213.32,12,True
Trinità D'Agultu E Vignola,2022,10,1523.03,True,134.092,11.36,12,True
Trinità D'Agultu E Vignola,2022,11,4.43,True,134.092,0.03,12,True
Trinità D'Agultu E Vignola,2022,12,5.02,True,134.092,0.04,12,True
Tuili,2022,1,0.05,True,24.449,0.0,12,True
Tuili,2022,2,0.05,True,24.449,0.0,12,True
Tuili,2022,3,0.06,True,24.449,0.0,12,True
Tuili,2022,4,28.12,True,24.449,1.15,12,True
Tuili,2022,5,14.15,True,24.449,0.58,12,True
Tuili,2022,6,14.28,True,24.449,0.58,12,True
Tuili,2022,7,41.4,True,24.449,1.69,12,True
Tuili,2022,8,85.39,True,24.449,3.49,12,True
Tuili,2022,9,18.24,True,24.449,0.75,12,True
Tuili,2022,10,18.13,True,24.449,0.74,12,True
Tuili,2022,11,0.06,True,24.449,0.0,12,True
Tuili,2022,12,0.07,True,24.449,0.0,12,True
Ulassai,2022,1,86.0,False,122.361,0.7,11,True
Ulassai,2022,3,79.0,False,122.361,0.65,11,True
Ulassai,2022,4,761.0,False,122.361,6.22,11,True
Ulassai,2022,5,931.0,False,122.361,7.61,11,True
Ulassai,2022,6,731.0,False,122.361,5.97,11,True
Ulassai,2022,7,839.0,False,122.361,6.86,11,True
Ulassai,2022,8,1516.0,False,122.361,12.39,11,True
Ulassai,2022,9,1198.0,False,122.361,9.79,11,True
Ulassai,2022,10,896.0,False,122.361,7.32,11,True
Ulassai,2022,11,141.0,False,122.361,1.15,11,True
Ulassai,2022,12,263.0,False,122.361,2.15,11,True
Uras,2022,1,45.0,False,39.267,1.15,9,False
Uras,2022,2,14.0,False,39.267,0.36,9,False
Uras,2022,3,24.0,False,39.267,0.61,9,False
Uras,2022,4,127.0,False,39.267,3.23,9,False
Uras,2022,5,167.0,False,39.267,4.25,9,False
Uras,2022,6,128.0,False,39.267,3.26,9,False
Uras,2022,7,176.0,False,39.267,4.48,9,False
Uras,2022,8,321.0,False,39.267,8.17,9,False
Uras,2022,9,117.0,False,39.267,2.98,9,False
Uri,2022,1,21.34,True,56.764,0.38,12,True
Uri,2022,2,19.17,True,56.764,0.34,12,True
Uri,2022,3,25.68,True,56.764,0.45,12,True
Uri,2022,4,50.24,True,56.764,0.89,12,True
Uri,2022,5,63.28,True,56.764,1.11,12,True
Uri,2022,6,113.11,True,56.764,1.99,12,True
Uri,2022,7,163.34,True,56.764,2.88,12,True
Uri,2022,8,678.52,True,56.764,11.95,12,True
Uri,2022,9,311.31,True,56.764,5.48,12,True
Uri,2022,10,54.61,True,56.764,0.96,12,True
Uri,2022,11,24.09,True,56.764,0.42,12,True
Uri,2022,12,27.31,True,56.764,0.48,12,True
Urzulei,2022,1,1.66,True,129.632,0.01,12,True
Urzulei,2022,2,1.49,True,129.632,0.01,12,True
Urzulei,2022,3,2.0,True,129.632,0.02,12,True
Urzulei,2022,4,467.91,True,129.632,3.61,12,True
Urzulei,2022,5,468.93,True,129.632,3.62,12,True
Urzulei,2022,6,380.81,True,129.632,2.94,12,True
Urzulei,2022,7,395.72,True,129.632,3.05,12,True
Urzulei,2022,8,876.58,True,129.632,6.76,12,True
Urzulei,2022,9,420.65,True,129.632,3.24,12,True
Urzulei,2022,10,463.25,True,129.632,3.57,12,True
Urzulei,2022,11,1.88,True,129.632,0.01,12,True
Urzulei,2022,12,2.13,True,129.632,0.02,12,True
Ussassai,2022,1,0.7,True,47.43,0.01,12,True
Ussassai,2022,2,0.63,True,47.43,0.01,12,True
Ussassai,2022,3,0.84,True,47.43,0.02,12,True
Ussassai,2022,4,1.65,True,47.43,0.03,12,True
Ussassai,2022,5,16.08,True,47.43,0.34,12,True
Ussassai,2022,6,13.72,True,47.43,0.29,12,True
Ussassai,2022,7,36.37,True,47.43,0.77,12,True
Ussassai,2022,8,135.31,True,47.43,2.85,12,True
Ussassai,2022,9,120.23,True,47.43,2.53,12,True
Ussassai,2022,10,63.79,True,47.43,1.34,12,True
Ussassai,2022,11,26.79,True,47.43,0.56,12,True
Ussassai,2022,12,39.9,True,47.43,0.84,12,True
Uta,2022,1,5.3,True,134.56,0.04,12,True
Uta,2022,2,4.76,True,134.56,0.04,12,True
Uta,2022,3,6.37,True,134.56,0.05,12,True
Uta,2022,4,25.47,True,134.56,0.19,12,True
Uta,2022,5,167.7,True,134.56,1.25,12,True
Uta,2022,6,361.07,True,134.56,2.68,12,True
Uta,2022,7,394.54,True,134.56,2.93,12,True
Uta,2022,8,534.09,True,134.56,3.97,12,True
Uta,2022,9,110.4,True,134.56,0.82,12,True
Uta,2022,10,106.55,True,134.56,0.79,12,True
Uta,2022,11,221.98,True,134.56,1.65,12,True
Uta,2022,12,159.78,True,134.56,1.19,12,True
Valledoria,2022,1,83.0,False,25.374,3.27,12,True
Valledoria,2022,2,248.0,False,25.374,9.77,12,True
Valledoria,2022,3,341.0,False,25.374,13.44,12,True
Valledoria,2022,4,1547.0,False,25.374,60.97,12,True
Valledoria,2022,5,3764.0,False,25.374,148.34,12,True
Valledoria,2022,6,31714.0,False,25.374,1249.86,12,True
Valledoria,2022,7,59136.0,False,25.374,2330.57,12,True
Valledoria,2022,8,63813.0,False,25.374,2514.9,12,True
Valledoria,2022,9,36525.0,False,25.374,1439.47,12,True
Valledoria,2022,10,5221.0,False,25.374,205.76,12,True
Valledoria,2022,11,236.0,False,25.374,9.3,12,True
Valledoria,2022,12,177.0,False,25.374,6.98,12,True
Vallermosa,2022,1,17.34,True,61.567,0.28,12,True
Vallermosa,2022,2,15.58,True,61.567,0.25,12,True
Vallermosa,2022,3,20.87,True,61.567,0.34,12,True
Vallermosa,2022,4,40.82,True,61.567,0.66,12,True
Vallermosa,2022,5,146.42,True,61.567,2.38,12,True
Vallermosa,2022,6,91.92,True,61.567,1.49,12,True
Vallermosa,2022,7,190.74,True,61.567,3.1,12,True
Vallermosa,2022,8,131.26,True,61.567,2.13,12,True
Vallermosa,2022,9,79.9,True,61.567,1.3,12,True
Vallermosa,2022,10,44.38,True,61.567,0.72,12,True
Vallermosa,2022,11,19.58,True,61.567,0.32,12,True
Vallermosa,2022,12,22.19,True,61.567,0.36,12,True
Viddalba,2022,1,7.29,True,50.366,0.14,12,True
Viddalba,2022,2,6.55,True,50.366,0.13,12,True
Viddalba,2022,3,8.78,True,50.366,0.17,12,True
Viddalba,2022,4,17.17,True,50.366,0.34,12,True
Viddalba,2022,5,21.63,True,50.366,0.43,12,True
Viddalba,2022,6,285.67,True,50.366,5.67,12,True
Viddalba,2022,7,1028.84,True,50.366,20.43,12,True
Viddalba,2022,8,1241.22,True,50.366,24.64,12,True
Viddalba,2022,9,560.61,True,50.366,11.13,12,True
Viddalba,2022,10,283.67,True,50.366,5.63,12,True
Viddalba,2022,11,8.24,True,50.366,0.16,12,True
Viddalba,2022,12,9.34,True,50.366,0.19,12,True
Villa San Pietro,2022,1,2.0,False,40.276,0.05,11,True
Villa San Pietro,2022,2,44.0,False,40.276,1.09,11,True
Villa San Pietro,2022,3,1.0,False,40.276,0.02,11,True
Villa San Pietro,2022,4,33.0,False,40.276,0.82,11,True
Villa San Pietro,2022,5,78.0,False,40.276,1.94,11,True
Villa San Pietro,2022,6,444.0,False,40.276,11.02,11,True
Villa San Pietro,2022,7,1105.0,False,40.276,27.44,11,True
Villa San Pietro,2022,8,1693.0,False,40.276,42.03,11,True
Villa San Pietro,2022,9,321.0,False,40.276,7.97,11,True
Villa San Pietro,2022,10,195.0,False,40.276,4.84,11,True
Villa San Pietro,2022,11,8.0,False,40.276,0.2,11,True
Villacidro,2022,1,140.0,False,183.509,0.76,12,True
Villacidro,2022,2,19.0,False,183.509,0.1,12,True
Villacidro,2022,3,108.0,False,183.509,0.59,12,True
Villacidro,2022,4,133.0,False,183.509,0.72,12,True
Villacidro,2022,5,150.0,False,183.509,0.82,12,True
Villacidro,2022,6,159.0,False,183.509,0.87,12,True
Villacidro,2022,7,238.0,False,183.509,1.3,12,True
Villacidro,2022,8,498.0,False,183.509,2.71,12,True
Villacidro,2022,9,198.0,False,183.509,1.08,12,True
Villacidro,2022,10,130.0,False,183.509,0.71,12,True
Villacidro,2022,11,70.0,False,183.509,0.38,12,True
Villacidro,2022,12,204.0,False,183.509,1.11,12,True
Villagrande Strisaili,2022,1,8.49,True,210.239,0.04,12,True
Villagrande Strisaili,2022,2,7.63,True,210.239,0.04,12,True
Villagrande Strisaili,2022,3,10.22,True,210.239,0.05,12,True
Villagrande Strisaili,2022,4,94.98,True,210.239,0.45,12,True
Villagrande Strisaili,2022,5,628.17,True,210.239,2.99,12,True
Villagrande Strisaili,2022,6,423.0,True,210.239,2.01,12,True
Villagrande Strisaili,2022,7,779.98,True,210.239,3.71,12,True
Villagrande Strisaili,2022,8,881.25,True,210.239,4.19,12,True
Villagrande Strisaili,2022,9,633.11,True,210.239,3.01,12,True
Villagrande Strisaili,2022,10,21.73,True,210.239,0.1,12,True
Villagrande Strisaili,2022,11,29.58,True,210.239,0.14,12,True
Villagrande Strisaili,2022,12,10.86,True,210.239,0.05,12,True
Villamassargia,2022,1,28.0,False,91.426,0.31,9,False
Villamassargia,2022,3,7.0,False,91.426,0.08,9,False
Villamassargia,2022,4,80.0,False,91.426,0.88,9,False
Villamassargia,2022,5,86.0,False,91.426,0.94,9,False
Villamassargia,2022,6,102.0,False,91.426,1.12,9,False
Villamassargia,2022,7,463.0,False,91.426,5.06,9,False
Villamassargia,2022,8,545.0,False,91.426,5.96,9,False
Villamassargia,2022,9,149.0,False,91.426,1.63,9,False
Villamassargia,2022,10,33.0,False,91.426,0.36,9,False
Villanova Monteleone,2022,1,4.44,True,202.6,0.02,12,True
Villanova Monteleone,2022,2,3.99,True,202.6,0.02,12,True
Villanova Monteleone,2022,3,5.34,True,202.6,0.03,12,True
Villanova Monteleone,2022,4,10.45,True,202.6,0.05,12,True
Villanova Monteleone,2022,5,126.16,True,202.6,0.62,12,True
Villanova Monteleone,2022,6,247.53,True,202.6,1.22,12,True
Villanova Monteleone,2022,7,335.98,True,202.6,1.66,12,True
Villanova Monteleone,2022,8,563.6,True,202.6,2.78,12,True
Villanova Monteleone,2022,9,241.45,True,202.6,1.19,12,True
Villanova Monteleone,2022,10,105.36,True,202.6,0.52,12,True
Villanova Monteleone,2022,11,5.01,True,202.6,0.02,12,True
Villanova Monteleone,2022,12,5.68,True,202.6,0.03,12,True
Villanovafranca,2022,1,3.32,True,27.724,0.12,12,True
Villanovafranca,2022,2,2.99,True,27.724,0.11,12,True
Villanovafranca,2022,3,4.0,True,27.724,0.14,12,True
Villanovafranca,2022,4,29.82,True,27.724,1.08,12,True
Villanovafranca,2022,5,83.85,True,27.724,3.02,12,True
Villanovafranca,2022,6,75.61,True,27.724,2.73,12,True
Villanovafranca,2022,7,51.43,True,27.724,1.86,12,True
Villanovafranca,2022,8,260.15,True,27.724,9.38,12,True
Villanovafranca,2022,9,48.31,True,27.724,1.74,12,True
Villanovafranca,2022,10,8.5,True,27.724,0.31,12,True
Villanovafranca,2022,11,35.75,True,27.724,1.29,12,True
Villanovafranca,2022,12,4.25,True,27.724,0.15,12,True
Villaputzu,2022,1,114.0,False,180.687,0.63,12,True
Villaputzu,2022,2,112.0,False,180.687,0.62,12,True
Villaputzu,2022,3,63.0,False,180.687,0.35,12,True
Villaputzu,2022,4,749.0,False,180.687,4.15,12,True
Villaputzu,2022,5,901.0,False,180.687,4.99,12,True
Villaputzu,2022,6,3537.0,False,180.687,19.58,12,True
Villaputzu,2022,7,7105.0,False,180.687,39.32,12,True
Villaputzu,2022,8,10729.0,False,180.687,59.38,12,True
Villaputzu,2022,9,5014.0,False,180.687,27.75,12,True
Villaputzu,2022,10,1623.0,False,180.687,8.98,12,True
Villaputzu,2022,11,49.0,False,180.687,0.27,12,True
Villaputzu,2022,12,52.0,False,180.687,0.29,12,True
Villasimius,2022,1,275.0,False,58.173,4.73,12,True
Villasimius,2022,2,295.0,False,58.173,5.07,12,True
Villasimius,2022,3,533.0,False,58.173,9.16,12,True
Villasimius,2022,4,10356.0,False,58.173,178.02,12,True
Villasimius,2022,5,41514.0,False,58.173,713.63,12,True
Villasimius,2022,6,131458.0,False,58.173,2259.78,12,True
Villasimius,2022,7,194863.0,False,58.173,3349.72,12,True
Villasimius,2022,8,205179.0,False,58.173,3527.05,12,True
Villasimius,2022,9,124677.0,False,58.173,2143.21,12,True
Villasimius,2022,10,42856.0,False,58.173,736.7,12,True
Villasimius,2022,11,989.0,False,58.173,17.0,12,True
Villasimius,2022,12,271.0,False,58.173,4.66,12,True
