comune,anno,mese,densita_turistica,densita_turistica_norm,intensita_turistica_presenze,intensita_turistica_norm,densita_ricettiva,densita_ricettiva_norm,utilizzazione_lorda_pct,utilizzazione_lorda_norm,indice_overtourism,n_indicatori_disponibili
Abbasanta,2024,1,,,,,1.61,0.0079,12.96,0.4375,0.0588,2.0
Abbasanta,2024,2,1.26,0.0007,0.0195,0.0006,1.61,0.0079,12.96,0.4375,0.0062,4.0
Abbasanta,2024,3,5.7,0.0033,0.0884,0.0029,1.61,0.0079,12.96,0.4375,0.0135,4.0
Abbasanta,2024,4,7.43,0.0043,0.1153,0.0038,1.61,0.0079,12.96,0.4375,0.0154,4.0
Abbasanta,2024,5,7.26,0.0042,0.1126,0.0037,1.61,0.0079,12.96,0.4375,0.0152,4.0
Abbasanta,2024,6,7.56,0.0044,0.1173,0.0039,1.61,0.0079,12.96,0.4375,0.0156,4.0
Abbasanta,2024,7,11.15,0.0065,0.173,0.0057,1.61,0.0079,12.96,0.4375,0.0189,4.0
Abbasanta,2024,8,14.59,0.0085,0.2263,0.0075,1.61,0.0079,12.96,0.4375,0.0217,4.0
Abbasanta,2024,9,10.32,0.006,0.1601,0.0053,1.61,0.0079,12.96,0.4375,0.0182,4.0
Abbasanta,2024,10,6.38,0.0037,0.0989,0.0033,1.61,0.0079,12.96,0.4375,0.0143,4.0
Abbasanta,2024,11,2.01,0.0012,0.0312,0.001,1.61,0.0079,12.96,0.4375,0.008,4.0
Abbasanta,2024,12,2.39,0.0014,0.037,0.0012,1.61,0.0079,12.96,0.4375,0.0087,4.0
Aggius,2024,1,0.01,0.0,0.0008,0.0,2.24,0.0109,1.2,0.0405,0.0,4.0
Aggius,2024,2,0.01,0.0,0.0007,0.0,2.24,0.0109,1.2,0.0405,0.0,4.0
Aggius,2024,3,0.02,0.0,0.001,0.0,2.24,0.0109,1.2,0.0405,0.0,4.0
Aggius,2024,4,0.22,0.0001,0.0137,0.0005,2.24,0.0109,1.2,0.0405,0.0022,4.0
Aggius,2024,5,0.63,0.0004,0.0386,0.0013,2.24,0.0109,1.2,0.0405,0.0039,4.0
Aggius,2024,6,0.91,0.0005,0.0559,0.0018,2.24,0.0109,1.2,0.0405,0.0045,4.0
Aggius,2024,7,2.2,0.0013,0.1351,0.0044,2.24,0.0109,1.2,0.0405,0.0071,4.0
Aggius,2024,8,4.59,0.0027,0.2811,0.0093,2.24,0.0109,1.2,0.0405,0.0103,4.0
Aggius,2024,9,1.11,0.0006,0.0678,0.0022,2.24,0.0109,1.2,0.0405,0.0049,4.0
Aggius,2024,10,0.03,0.0,0.0016,0.0001,2.24,0.0109,1.2,0.0405,0.0,4.0
Aggius,2024,11,0.01,0.0,0.0008,0.0,2.24,0.0109,1.2,0.0405,0.0,4.0
Aggius,2024,12,0.11,0.0001,0.0067,0.0002,2.24,0.0109,1.2,0.0405,0.0017,4.0
Aglientu,2024,1,0.36,0.0002,0.0459,0.0015,44.78,0.2186,13.46,0.4544,0.0131,4.0
Aglientu,2024,2,,,,,44.78,0.2186,13.46,0.4544,0.3152,2.0
Aglientu,2024,3,1.01,0.0006,0.1274,0.0042,44.78,0.2186,13.46,0.4544,0.0224,4.0
Aglientu,2024,4,7.77,0.0045,0.9788,0.0322,44.78,0.2186,13.46,0.4544,0.0616,4.0
Aglientu,2024,5,88.63,0.0518,11.1716,0.3679,44.78,0.2186,13.46,0.4544,0.2086,4.0
Aglientu,2024,6,243.84,0.1426,30.7349,1.0,44.78,0.2186,13.46,0.4544,0.345,4.0
Aglientu,2024,7,621.87,0.3636,78.3849,1.0,44.78,0.2186,13.46,0.4544,0.4359,4.0
Aglientu,2024,8,812.64,0.4751,102.4308,1.0,44.78,0.2186,13.46,0.4544,0.4661,4.0
Aglientu,2024,9,348.68,0.2039,43.9507,1.0,44.78,0.2186,13.46,0.4544,0.3772,4.0
Aglientu,2024,10,72.18,0.0422,9.0977,0.2996,44.78,0.2186,13.46,0.4544,0.1883,4.0
Aglientu,2024,11,2.17,0.0013,0.2736,0.009,44.78,0.2186,13.46,0.4544,0.0328,4.0
Aglientu,2024,12,1.38,0.0008,0.1742,0.0057,44.78,0.2186,13.46,0.4544,0.0259,4.0
Aidomaggiore,2024,1,0.01,0.0,0.0014,0.0,0.19,0.0009,7.88,0.266,0.0,4.0
Aidomaggiore,2024,2,0.01,0.0,0.0013,0.0,0.19,0.0009,7.88,0.266,0.0,4.0
Aidomaggiore,2024,3,0.02,0.0,0.0018,0.0001,0.19,0.0009,7.88,0.266,0.0,4.0
Aidomaggiore,2024,4,0.03,0.0,0.0029,0.0001,0.19,0.0009,7.88,0.266,0.0,4.0
Aidomaggiore,2024,5,0.03,0.0,0.0032,0.0001,0.19,0.0009,7.88,0.266,0.0,4.0
Aidomaggiore,2024,6,0.06,0.0,0.0062,0.0002,0.19,0.0009,7.88,0.266,0.0,4.0
Aidomaggiore,2024,7,0.66,0.0004,0.0712,0.0023,0.19,0.0009,7.88,0.266,0.0039,4.0
Aidomaggiore,2024,8,2.5,0.0015,0.2703,0.0089,0.19,0.0009,7.88,0.266,0.0075,4.0
Aidomaggiore,2024,9,1.09,0.0006,0.1173,0.0039,0.19,0.0009,7.88,0.266,0.0049,4.0
Aidomaggiore,2024,10,0.8,0.0005,0.0866,0.0029,0.19,0.0009,7.88,0.266,0.0043,4.0
Aidomaggiore,2024,11,0.35,0.0002,0.0381,0.0013,0.19,0.0009,7.88,0.266,0.0028,4.0
Aidomaggiore,2024,12,0.02,0.0,0.0019,0.0001,0.19,0.0009,7.88,0.266,0.0,4.0
Albagiara,2024,1,,,,,0.44,0.0021,0.0,0.0,0.0,2.0
Albagiara,2024,2,,,,,0.44,0.0021,0.0,0.0,0.0,2.0
Albagiara,2024,3,,,,,0.44,0.0021,0.0,0.0,0.0,2.0
Albagiara,2024,4,,,,,0.44,0.0021,0.0,0.0,0.0,2.0
Albagiara,2024,5,,,,,0.44,0.0021,0.0,0.0,0.0,2.0
Albagiara,2024,6,,,,,0.44,0.0021,0.0,0.0,0.0,2.0
Albagiara,2024,7,,,,,0.44,0.0021,0.0,0.0,0.0,2.0
Albagiara,2024,8,,,,,0.44,0.0021,0.0,0.0,0.0,2.0
Albagiara,2024,9,,,,,0.44,0.0021,0.0,0.0,0.0,2.0
Albagiara,2024,10,,,,,0.44,0.0021,0.0,0.0,0.0,2.0
Albagiara,2024,11,,,,,0.44,0.0021,0.0,0.0,0.0,2.0
Albagiara,2024,12,,,,,0.44,0.0021,0.0,0.0,0.0,2.0
Ales,2024,1,0.75,0.0004,0.0132,0.0004,2.12,0.0104,4.76,0.1607,0.004,4.0
Ales,2024,2,0.93,0.0005,0.0164,0.0005,2.12,0.0104,4.76,0.1607,0.0045,4.0
Ales,2024,3,1.03,0.0006,0.0181,0.0006,2.12,0.0104,4.76,0.1607,0.005,4.0
Ales,2024,4,3.44,0.002,0.0607,0.002,2.12,0.0104,4.76,0.1607,0.009,4.0
Ales,2024,5,1.96,0.0011,0.0346,0.0011,2.12,0.0104,4.76,0.1607,0.0067,4.0
Ales,2024,6,4.76,0.0028,0.0842,0.0028,2.12,0.0104,4.76,0.1607,0.0107,4.0
Ales,2024,7,4.94,0.0029,0.0873,0.0029,2.12,0.0104,4.76,0.1607,0.0109,4.0
Ales,2024,8,10.62,0.0062,0.1876,0.0062,2.12,0.0104,4.76,0.1607,0.0159,4.0
Ales,2024,9,3.38,0.002,0.0598,0.002,2.12,0.0104,4.76,0.1607,0.009,4.0
Ales,2024,10,1.9,0.0011,0.0336,0.0011,2.12,0.0104,4.76,0.1607,0.0067,4.0
Ales,2024,11,3.05,0.0018,0.0538,0.0018,2.12,0.0104,4.76,0.1607,0.0086,4.0
Ales,2024,12,0.04,0.0,0.0007,0.0,2.12,0.0104,4.76,0.1607,0.0,4.0
Alghero,2024,1,38.56,0.0225,0.2056,0.0068,120.36,0.5876,16.05,0.5419,0.0835,4.0
Alghero,2024,2,35.34,0.0207,0.1884,0.0062,120.36,0.5876,16.05,0.5419,0.08,4.0
Alghero,2024,3,68.9,0.0403,0.3674,0.0121,120.36,0.5876,16.05,0.5419,0.1116,4.0
Alghero,2024,4,321.93,0.1882,1.7164,0.0565,120.36,0.5876,16.05,0.5419,0.2412,4.0
Alghero,2024,5,670.72,0.3921,3.5761,0.1178,120.36,0.5876,16.05,0.5419,0.3482,4.0
Alghero,2024,6,1021.08,0.597,5.4441,0.1793,120.36,0.5876,16.05,0.5419,0.4297,4.0
Alghero,2024,7,1426.9,0.8342,7.6078,0.2505,120.36,0.5876,16.05,0.5419,0.5079,4.0
Alghero,2024,8,1612.81,0.9429,8.599,0.2831,120.36,0.5876,16.05,0.5419,0.5399,4.0
Alghero,2024,9,1184.05,0.6922,6.3129,0.2079,120.36,0.5876,16.05,0.5419,0.4627,4.0
Alghero,2024,10,548.69,0.3208,2.9254,0.0963,120.36,0.5876,16.05,0.5419,0.3149,4.0
Alghero,2024,11,59.4,0.0347,0.3167,0.0104,120.36,0.5876,16.05,0.5419,0.1035,4.0
Alghero,2024,12,63.79,0.0373,0.3401,0.0112,120.36,0.5876,16.05,0.5419,0.1074,4.0
Allai,2024,1,0.05,0.0,0.0037,0.0001,1.16,0.0057,0.36,0.0122,0.0,4.0
Allai,2024,2,0.04,0.0,0.0035,0.0001,1.16,0.0057,0.36,0.0122,0.0,4.0
Allai,2024,3,0.06,0.0,0.0048,0.0002,1.16,0.0057,0.36,0.0122,0.0,4.0
Allai,2024,4,0.1,0.0001,0.0078,0.0003,1.16,0.0057,0.36,0.0122,0.0012,4.0
Allai,2024,5,0.11,0.0001,0.0087,0.0003,1.16,0.0057,0.36,0.0122,0.0012,4.0
Allai,2024,6,0.21,0.0001,0.0167,0.0005,1.16,0.0057,0.36,0.0122,0.0014,4.0
Allai,2024,7,0.29,0.0002,0.0226,0.0007,1.16,0.0057,0.36,0.0122,0.0018,4.0
Allai,2024,8,0.29,0.0002,0.023,0.0008,1.16,0.0057,0.36,0.0122,0.0018,4.0
Allai,2024,9,0.16,0.0001,0.0128,0.0004,1.16,0.0057,0.36,0.0122,0.0013,4.0
Allai,2024,10,0.1,0.0001,0.0078,0.0003,1.16,0.0057,0.36,0.0122,0.0012,4.0
Allai,2024,11,0.05,0.0,0.004,0.0001,1.16,0.0057,0.36,0.0122,0.0,4.0
Allai,2024,12,0.06,0.0,0.005,0.0002,1.16,0.0057,0.36,0.0122,0.0,4.0
Alà Dei Sardi,2024,1,0.01,0.0,0.0007,0.0,0.11,0.0005,1.59,0.0537,0.0,4.0
Alà Dei Sardi,2024,2,0.01,0.0,0.0006,0.0,0.11,0.0005,1.59,0.0537,0.0,4.0
Alà Dei Sardi,2024,3,0.01,0.0,0.0009,0.0,0.11,0.0005,1.59,0.0537,0.0,4.0
Alà Dei Sardi,2024,4,0.01,0.0,0.0015,0.0,0.11,0.0005,1.59,0.0537,0.0,4.0
Alà Dei Sardi,2024,5,0.01,0.0,0.0016,0.0001,0.11,0.0005,1.59,0.0537,0.0,4.0
Alà Dei Sardi,2024,6,0.03,0.0,0.0031,0.0001,0.11,0.0005,1.59,0.0537,0.0,4.0
Alà Dei Sardi,2024,7,0.35,0.0002,0.0391,0.0013,0.11,0.0005,1.59,0.0537,0.0016,4.0
Alà Dei Sardi,2024,8,0.04,0.0,0.0043,0.0001,0.11,0.0005,1.59,0.0537,0.0,4.0
Alà Dei Sardi,2024,9,0.12,0.0001,0.0136,0.0004,0.11,0.0005,1.59,0.0537,0.001,4.0
Alà Dei Sardi,2024,10,0.01,0.0,0.0015,0.0,0.11,0.0005,1.59,0.0537,0.0,4.0
Alà Dei Sardi,2024,11,0.01,0.0,0.0008,0.0,0.11,0.0005,1.59,0.0537,0.0,4.0
Alà Dei Sardi,2024,12,0.01,0.0,0.0009,0.0,0.11,0.0005,1.59,0.0537,0.0,4.0
Anela,2024,1,0.17,0.0001,0.0115,0.0004,0.16,0.0008,9.5,0.3207,0.0018,4.0
Anela,2024,2,0.16,0.0001,0.0107,0.0004,0.16,0.0008,9.5,0.3207,0.0018,4.0
Anela,2024,3,0.22,0.0001,0.0146,0.0005,0.16,0.0008,9.5,0.3207,0.0019,4.0
Anela,2024,4,0.37,0.0002,0.0241,0.0008,0.16,0.0008,9.5,0.3207,0.0025,4.0
Anela,2024,5,0.41,0.0002,0.0268,0.0009,0.16,0.0008,9.5,0.3207,0.0026,4.0
Anela,2024,6,0.79,0.0005,0.0516,0.0017,0.16,0.0008,9.5,0.3207,0.0038,4.0
Anela,2024,7,1.06,0.0006,0.0699,0.0023,0.16,0.0008,9.5,0.3207,0.0043,4.0
Anela,2024,8,1.08,0.0006,0.071,0.0023,0.16,0.0008,9.5,0.3207,0.0043,4.0
Anela,2024,9,0.6,0.0004,0.0393,0.0013,0.16,0.0008,9.5,0.3207,0.0034,4.0
Anela,2024,10,0.37,0.0002,0.024,0.0008,0.16,0.0008,9.5,0.3207,0.0025,4.0
Anela,2024,11,0.19,0.0001,0.0124,0.0004,0.16,0.0008,9.5,0.3207,0.0018,4.0
Anela,2024,12,0.24,0.0001,0.0156,0.0005,0.16,0.0008,9.5,0.3207,0.0019,4.0
Arborea,2024,1,2.31,0.0014,0.0587,0.0019,20.4,0.0996,12.47,0.421,0.0183,4.0
Arborea,2024,2,6.59,0.0039,0.1672,0.0055,20.4,0.0996,12.47,0.421,0.0308,4.0
Arborea,2024,3,4.48,0.0026,0.1136,0.0037,20.4,0.0996,12.47,0.421,0.0252,4.0
Arborea,2024,4,18.42,0.0108,0.4672,0.0154,20.4,0.0996,12.47,0.421,0.0514,4.0
Arborea,2024,5,71.29,0.0417,1.8079,0.0595,20.4,0.0996,12.47,0.421,0.101,4.0
Arborea,2024,6,128.1,0.0749,3.2486,0.107,20.4,0.0996,12.47,0.421,0.1354,4.0
Arborea,2024,7,205.22,0.12,5.2044,0.1714,20.4,0.0996,12.47,0.421,0.1714,4.0
Arborea,2024,8,255.73,0.1495,6.4851,0.2135,20.4,0.0996,12.47,0.421,0.1913,4.0
Arborea,2024,9,161.31,0.0943,4.0908,0.1347,20.4,0.0996,12.47,0.421,0.1519,4.0
Arborea,2024,10,65.59,0.0383,1.6633,0.0548,20.4,0.0996,12.47,0.421,0.0969,4.0
Arborea,2024,11,7.46,0.0044,0.1891,0.0062,20.4,0.0996,12.47,0.421,0.0327,4.0
Arborea,2024,12,1.74,0.001,0.0442,0.0015,20.4,0.0996,12.47,0.421,0.0158,4.0
Arbus,2024,1,0.68,0.0004,0.0323,0.0011,7.07,0.0345,10.32,0.3484,0.0085,4.0
Arbus,2024,2,1.01,0.0006,0.0483,0.0016,7.07,0.0345,10.32,0.3484,0.0104,4.0
Arbus,2024,3,2.63,0.0015,0.1253,0.0041,7.07,0.0345,10.32,0.3484,0.0165,4.0
Arbus,2024,4,7.33,0.0043,0.3489,0.0115,7.07,0.0345,10.32,0.3484,0.0278,4.0
Arbus,2024,5,19.92,0.0116,0.948,0.0312,7.07,0.0345,10.32,0.3484,0.0457,4.0
Arbus,2024,6,33.69,0.0197,1.6034,0.0528,7.07,0.0345,10.32,0.3484,0.0595,4.0
Arbus,2024,7,57.12,0.0334,2.7186,0.0895,7.07,0.0345,10.32,0.3484,0.0774,4.0
Arbus,2024,8,72.2,0.0422,3.436,0.1131,7.07,0.0345,10.32,0.3484,0.087,4.0
Arbus,2024,9,47.35,0.0277,2.2536,0.0742,7.07,0.0345,10.32,0.3484,0.0705,4.0
Arbus,2024,10,21.62,0.0126,1.0288,0.0339,7.07,0.0345,10.32,0.3484,0.0476,4.0
Arbus,2024,11,1.86,0.0011,0.0885,0.0029,7.07,0.0345,10.32,0.3484,0.014,4.0
Arbus,2024,12,0.81,0.0005,0.0387,0.0013,7.07,0.0345,10.32,0.3484,0.0094,4.0
Ardara,2024,1,,,,,0.1,0.0005,0.0,0.0,0.0,2.0
Ardara,2024,2,,,,,0.1,0.0005,0.0,0.0,0.0,2.0
Ardara,2024,3,,,,,0.1,0.0005,0.0,0.0,0.0,2.0
Ardara,2024,4,,,,,0.1,0.0005,0.0,0.0,0.0,2.0
Ardara,2024,5,,,,,0.1,0.0005,0.0,0.0,0.0,2.0
Ardara,2024,6,,,,,0.1,0.0005,0.0,0.0,0.0,2.0
Ardara,2024,7,,,,,0.1,0.0005,0.0,0.0,0.0,2.0
Ardara,2024,8,,,,,0.1,0.0005,0.0,0.0,0.0,2.0
Ardara,2024,9,,,,,0.1,0.0005,0.0,0.0,0.0,2.0
Ardara,2024,10,,,,,0.1,0.0005,0.0,0.0,0.0,2.0
Ardara,2024,11,,,,,0.1,0.0005,0.0,0.0,0.0,2.0
Ardara,2024,12,,,,,0.1,0.0005,0.0,0.0,0.0,2.0
Ardauli,2024,1,0.04,0.0,0.0011,0.0,0.19,0.0009,1.78,0.0601,0.0,4.0
Ardauli,2024,2,0.04,0.0,0.001,0.0,0.19,0.0009,1.78,0.0601,0.0,4.0
Ardauli,2024,3,0.05,0.0,0.0013,0.0,0.19,0.0009,1.78,0.0601,0.0,4.0
Ardauli,2024,4,0.08,0.0,0.0022,0.0001,0.19,0.0009,1.78,0.0601,0.0,4.0
Ardauli,2024,5,0.09,0.0001,0.0025,0.0001,0.19,0.0009,1.78,0.0601,0.0009,4.0
Ardauli,2024,6,0.18,0.0001,0.0048,0.0002,0.19,0.0009,1.78,0.0601,0.001,4.0
Ardauli,2024,7,0.24,0.0001,0.0064,0.0002,0.19,0.0009,1.78,0.0601,0.001,4.0
Ardauli,2024,8,0.24,0.0001,0.0065,0.0002,0.19,0.0009,1.78,0.0601,0.001,4.0
Ardauli,2024,9,0.13,0.0001,0.0036,0.0001,0.19,0.0009,1.78,0.0601,0.0009,4.0
Ardauli,2024,10,0.08,0.0,0.0022,0.0001,0.19,0.0009,1.78,0.0601,0.0,4.0
Ardauli,2024,11,0.04,0.0,0.0011,0.0,0.19,0.0009,1.78,0.0601,0.0,4.0
Ardauli,2024,12,0.05,0.0,0.0014,0.0,0.19,0.0009,1.78,0.0601,0.0,4.0
Aritzo,2024,1,0.81,0.0005,0.0503,0.0017,3.44,0.0168,4.09,0.1381,0.0067,4.0
Aritzo,2024,2,0.0,0.0,0.0002,0.0,3.44,0.0168,4.09,0.1381,0.0,4.0
Aritzo,2024,3,0.82,0.0005,0.0504,0.0017,3.44,0.0168,4.09,0.1381,0.0067,4.0
Aritzo,2024,4,3.29,0.0019,0.2034,0.0067,3.44,0.0168,4.09,0.1381,0.0131,4.0
Aritzo,2024,5,3.88,0.0023,0.2396,0.0079,3.44,0.0168,4.09,0.1381,0.0143,4.0
Aritzo,2024,6,3.3,0.0019,0.2039,0.0067,3.44,0.0168,4.09,0.1381,0.0131,4.0
Aritzo,2024,7,3.08,0.0018,0.1902,0.0063,3.44,0.0168,4.09,0.1381,0.0127,4.0
Aritzo,2024,8,15.73,0.0092,0.9717,0.032,3.44,0.0168,4.09,0.1381,0.0287,4.0
Aritzo,2024,9,5.69,0.0033,0.3516,0.0116,3.44,0.0168,4.09,0.1381,0.0173,4.0
Aritzo,2024,10,6.74,0.0039,0.4162,0.0137,3.44,0.0168,4.09,0.1381,0.0188,4.0
Aritzo,2024,11,6.07,0.0035,0.3749,0.0123,3.44,0.0168,4.09,0.1381,0.0178,4.0
Aritzo,2024,12,2.04,0.0012,0.126,0.0041,3.44,0.0168,4.09,0.1381,0.0103,4.0
Armungia,2024,1,0.02,0.0,0.0025,0.0001,0.56,0.0027,1.88,0.0635,0.0,4.0
Armungia,2024,2,0.02,0.0,0.0023,0.0001,0.56,0.0027,1.88,0.0635,0.0,4.0
Armungia,2024,3,0.02,0.0,0.0032,0.0001,0.56,0.0027,1.88,0.0635,0.0,4.0
Armungia,2024,4,0.04,0.0,0.0052,0.0002,0.56,0.0027,1.88,0.0635,0.0,4.0
Armungia,2024,5,0.04,0.0,0.0058,0.0002,0.56,0.0027,1.88,0.0635,0.0,4.0
Armungia,2024,6,0.08,0.0,0.0111,0.0004,0.56,0.0027,1.88,0.0635,0.0,4.0
Armungia,2024,7,0.62,0.0004,0.0853,0.0028,0.56,0.0027,1.88,0.0635,0.0037,4.0
Armungia,2024,8,2.88,0.0017,0.3988,0.0131,0.56,0.0027,1.88,0.0635,0.0079,4.0
Armungia,2024,9,0.06,0.0,0.0085,0.0003,0.56,0.0027,1.88,0.0635,0.0,4.0
Armungia,2024,10,0.04,0.0,0.0052,0.0002,0.56,0.0027,1.88,0.0635,0.0,4.0
Armungia,2024,11,0.02,0.0,0.0027,0.0001,0.56,0.0027,1.88,0.0635,0.0,4.0
Armungia,2024,12,0.02,0.0,0.0034,0.0001,0.56,0.0027,1.88,0.0635,0.0,4.0
Arzachena,2024,1,5.54,0.0032,0.0954,0.0031,101.64,0.4962,13.84,0.4673,0.0389,4.0
Arzachena,2024,2,5.75,0.0034,0.0989,0.0033,101.64,0.4962,13.84,0.4673,0.0402,4.0
Arzachena,2024,3,12.66,0.0074,0.2179,0.0072,101.64,0.4962,13.84,0.4673,0.0593,4.0
Arzachena,2024,4,121.76,0.0712,2.0962,0.069,101.64,0.4962,13.84,0.4673,0.1837,4.0
Arzachena,2024,5,478.2,0.2796,8.233,0.2711,101.64,0.4962,13.84,0.4673,0.3641,4.0
Arzachena,2024,6,848.35,0.496,14.6056,0.4809,101.64,0.4962,13.84,0.4673,0.485,4.0
Arzachena,2024,7,1126.66,0.6587,19.3971,0.6387,101.64,0.4962,13.84,0.4673,0.5589,4.0
Arzachena,2024,8,1249.77,0.7307,21.5165,0.7085,101.64,0.4962,13.84,0.4673,0.5886,4.0
Arzachena,2024,9,927.17,0.5421,15.9626,0.5256,101.64,0.4962,13.84,0.4673,0.507,4.0
Arzachena,2024,10,344.26,0.2013,5.9269,0.1952,101.64,0.4962,13.84,0.4673,0.309,4.0
Arzachena,2024,11,10.44,0.0061,0.1797,0.0059,101.64,0.4962,13.84,0.4673,0.0537,4.0
Arzachena,2024,12,5.53,0.0032,0.0953,0.0031,101.64,0.4962,13.84,0.4673,0.0389,4.0
Arzana,2024,1,0.0,0.0,0.0002,0.0,0.16,0.0008,5.01,0.1691,0.0,4.0
Arzana,2024,2,0.08,0.0,0.006,0.0002,0.16,0.0008,5.01,0.1691,0.0,4.0
Arzana,2024,3,0.17,0.0001,0.0124,0.0004,0.16,0.0008,5.01,0.1691,0.0015,4.0
Arzana,2024,4,0.18,0.0001,0.013,0.0004,0.16,0.0008,5.01,0.1691,0.0015,4.0
Arzana,2024,5,0.21,0.0001,0.0153,0.0005,0.16,0.0008,5.01,0.1691,0.0016,4.0
Arzana,2024,6,0.17,0.0001,0.0124,0.0004,0.16,0.0008,5.01,0.1691,0.0015,4.0
Arzana,2024,7,0.6,0.0004,0.0443,0.0015,0.16,0.0008,5.01,0.1691,0.003,4.0
Arzana,2024,8,0.81,0.0005,0.0596,0.002,0.16,0.0008,5.01,0.1691,0.0034,4.0
Arzana,2024,9,0.22,0.0001,0.0159,0.0005,0.16,0.0008,5.01,0.1691,0.0016,4.0
Arzana,2024,10,0.43,0.0003,0.0315,0.001,0.16,0.0008,5.01,0.1691,0.0025,4.0
Arzana,2024,11,0.05,0.0,0.0038,0.0001,0.16,0.0008,5.01,0.1691,0.0,4.0
Arzana,2024,12,0.0,0.0,0.0002,0.0,0.16,0.0008,5.01,0.1691,0.0,4.0
Assemini,2024,1,16.07,0.0094,0.0738,0.0024,6.08,0.0297,12.08,0.4078,0.0229,4.0
Assemini,2024,2,20.75,0.0121,0.0953,0.0031,6.08,0.0297,12.08,0.4078,0.026,4.0
Assemini,2024,3,16.71,0.0098,0.0767,0.0025,6.08,0.0297,12.08,0.4078,0.0233,4.0
Assemini,2024,4,20.67,0.0121,0.0949,0.0031,6.08,0.0297,12.08,0.4078,0.026,4.0
Assemini,2024,5,24.62,0.0144,0.1131,0.0037,6.08,0.0297,12.08,0.4078,0.0283,4.0
Assemini,2024,6,22.36,0.0131,0.1027,0.0034,6.08,0.0297,12.08,0.4078,0.0271,4.0
Assemini,2024,7,25.9,0.0151,0.1189,0.0039,6.08,0.0297,12.08,0.4078,0.0291,4.0
Assemini,2024,8,34.58,0.0202,0.1588,0.0052,6.08,0.0297,12.08,0.4078,0.0336,4.0
Assemini,2024,9,27.74,0.0162,0.1274,0.0042,6.08,0.0297,12.08,0.4078,0.0301,4.0
Assemini,2024,10,18.85,0.011,0.0866,0.0029,6.08,0.0297,12.08,0.4078,0.0249,4.0
Assemini,2024,11,19.71,0.0115,0.0905,0.003,6.08,0.0297,12.08,0.4078,0.0254,4.0
Assemini,2024,12,20.0,0.0117,0.0918,0.003,6.08,0.0297,12.08,0.4078,0.0255,4.0
Assolo,2024,1,0.14,0.0001,0.0071,0.0002,1.04,0.0051,2.45,0.0827,0.0017,4.0
Assolo,2024,2,0.13,0.0001,0.0066,0.0002,1.04,0.0051,2.45,0.0827,0.0017,4.0
Assolo,2024,3,0.18,0.0001,0.0091,0.0003,1.04,0.0051,2.45,0.0827,0.0019,4.0
Assolo,2024,4,0.3,0.0002,0.015,0.0005,1.04,0.0051,2.45,0.0827,0.0025,4.0
Assolo,2024,5,0.34,0.0002,0.0167,0.0005,1.04,0.0051,2.45,0.0827,0.0025,4.0
Assolo,2024,6,0.65,0.0004,0.0321,0.0011,1.04,0.0051,2.45,0.0827,0.0037,4.0
Assolo,2024,7,0.88,0.0005,0.0435,0.0014,1.04,0.0051,2.45,0.0827,0.0041,4.0
Assolo,2024,8,4.07,0.0024,0.2022,0.0067,1.04,0.0051,2.45,0.0827,0.0091,4.0
Assolo,2024,9,1.96,0.0011,0.0974,0.0032,1.04,0.0051,2.45,0.0827,0.0062,4.0
Assolo,2024,10,0.3,0.0002,0.0149,0.0005,1.04,0.0051,2.45,0.0827,0.0025,4.0
Assolo,2024,11,0.16,0.0001,0.0077,0.0003,1.04,0.0051,2.45,0.0827,0.0019,4.0
Assolo,2024,12,0.19,0.0001,0.0097,0.0003,1.04,0.0051,2.45,0.0827,0.0019,4.0
Asuni,2024,1,,,,,0.0,0.0,,,0.0,1.0
Asuni,2024,2,,,,,0.0,0.0,,,0.0,1.0
Asuni,2024,3,,,,,0.0,0.0,,,0.0,1.0
Asuni,2024,4,,,,,0.0,0.0,,,0.0,1.0
Asuni,2024,5,,,,,0.0,0.0,,,0.0,1.0
Asuni,2024,6,,,,,0.0,0.0,,,0.0,1.0
Asuni,2024,7,,,,,0.0,0.0,,,0.0,1.0
Asuni,2024,8,,,,,0.0,0.0,,,0.0,1.0
Asuni,2024,9,,,,,0.0,0.0,,,0.0,1.0
Asuni,2024,10,,,,,0.0,0.0,,,0.0,1.0
Asuni,2024,11,,,,,0.0,0.0,,,0.0,1.0
Asuni,2024,12,,,,,0.0,0.0,,,0.0,1.0
Atzara,2024,1,0.06,0.0,0.002,0.0001,0.5,0.0024,6.01,0.2029,0.0,4.0
Atzara,2024,2,0.42,0.0002,0.0153,0.0005,0.5,0.0024,6.01,0.2029,0.0026,4.0
Atzara,2024,3,0.39,0.0002,0.0143,0.0005,0.5,0.0024,6.01,0.2029,0.0026,4.0
Atzara,2024,4,0.03,0.0,0.001,0.0,0.5,0.0024,6.01,0.2029,0.0,4.0
Atzara,2024,5,,,,,0.5,0.0024,6.01,0.2029,0.0221,2.0
Atzara,2024,6,0.89,0.0005,0.0327,0.0011,0.5,0.0024,6.01,0.2029,0.004,4.0
Atzara,2024,7,1.0,0.0006,0.0368,0.0012,0.5,0.0024,6.01,0.2029,0.0043,4.0
Atzara,2024,8,3.17,0.0019,0.1166,0.0038,0.5,0.0024,6.01,0.2029,0.0077,4.0
Atzara,2024,9,0.92,0.0005,0.0337,0.0011,0.5,0.0024,6.01,0.2029,0.004,4.0
Atzara,2024,10,1.84,0.0011,0.0675,0.0022,0.5,0.0024,6.01,0.2029,0.0059,4.0
Atzara,2024,11,1.86,0.0011,0.0685,0.0023,0.5,0.0024,6.01,0.2029,0.0059,4.0
Atzara,2024,12,0.42,0.0002,0.0153,0.0005,0.5,0.0024,6.01,0.2029,0.0026,4.0
Austis,2024,1,0.01,0.0,0.0006,0.0,1.38,0.0067,1.24,0.0419,0.0,4.0
Austis,2024,2,0.17,0.0001,0.0113,0.0004,1.38,0.0067,1.24,0.0419,0.0018,4.0
Austis,2024,3,0.01,0.0,0.0007,0.0,1.38,0.0067,1.24,0.0419,0.0,4.0
Austis,2024,4,0.06,0.0,0.0039,0.0001,1.38,0.0067,1.24,0.0419,0.0,4.0
Austis,2024,5,0.34,0.0002,0.023,0.0008,1.38,0.0067,1.24,0.0419,0.0026,4.0
Austis,2024,6,0.29,0.0002,0.0202,0.0007,1.38,0.0067,1.24,0.0419,0.0025,4.0
Austis,2024,7,1.04,0.0006,0.071,0.0023,1.38,0.0067,1.24,0.0419,0.0044,4.0
Austis,2024,8,2.3,0.0013,0.1575,0.0052,1.38,0.0067,1.24,0.0419,0.0066,4.0
Austis,2024,9,0.76,0.0004,0.0519,0.0017,1.38,0.0067,1.24,0.0419,0.0037,4.0
Austis,2024,10,0.77,0.0005,0.0525,0.0017,1.38,0.0067,1.24,0.0419,0.0039,4.0
Austis,2024,11,0.48,0.0003,0.033,0.0011,1.38,0.0067,1.24,0.0419,0.0031,4.0
Austis,2024,12,0.01,0.0,0.0008,0.0,1.38,0.0067,1.24,0.0419,0.0,4.0
Badesi,2024,1,2.35,0.0014,0.0403,0.0013,200.52,0.979,16.28,0.5496,0.0315,4.0
Badesi,2024,2,1.4,0.0008,0.0239,0.0008,200.52,0.979,16.28,0.5496,0.0242,4.0
Badesi,2024,3,6.55,0.0038,0.1121,0.0037,200.52,0.979,16.28,0.5496,0.0524,4.0
Badesi,2024,4,89.09,0.0521,1.525,0.0502,200.52,0.979,16.28,0.5496,0.1937,4.0
Badesi,2024,5,391.51,0.2289,6.7018,0.2207,200.52,0.979,16.28,0.5496,0.406,4.0
Badesi,2024,6,2046.44,1.0,35.031,1.0,200.52,0.979,16.28,0.5496,0.8565,4.0
Badesi,2024,7,2906.75,1.0,49.7579,1.0,200.52,0.979,16.28,0.5496,0.8565,4.0
Badesi,2024,8,3213.08,1.0,55.0016,1.0,200.52,0.979,16.28,0.5496,0.8565,4.0
Badesi,2024,9,2125.1,1.0,36.3776,1.0,200.52,0.979,16.28,0.5496,0.8565,4.0
Badesi,2024,10,1126.4,0.6585,19.2818,0.6349,200.52,0.979,16.28,0.5496,0.6887,4.0
Badesi,2024,11,2.61,0.0015,0.0446,0.0015,200.52,0.979,16.28,0.5496,0.0332,4.0
Badesi,2024,12,2.22,0.0013,0.0381,0.0013,200.52,0.979,16.28,0.5496,0.0309,4.0
Ballao,2024,1,0.0,0.0,0.0,0.0,0.17,0.0008,4.49,0.1516,0.0,4.0
Ballao,2024,2,0.0,0.0,0.0,0.0,0.17,0.0008,4.49,0.1516,0.0,4.0
Ballao,2024,3,0.0,0.0,0.0001,0.0,0.17,0.0008,4.49,0.1516,0.0,4.0
Ballao,2024,4,0.37,0.0002,0.0237,0.0008,0.17,0.0008,4.49,0.1516,0.0021,4.0
Ballao,2024,5,0.24,0.0001,0.0154,0.0005,0.17,0.0008,4.49,0.1516,0.0016,4.0
Ballao,2024,6,0.46,0.0003,0.0294,0.001,0.17,0.0008,4.49,0.1516,0.0025,4.0
Ballao,2024,7,1.2,0.0007,0.0768,0.0025,0.17,0.0008,4.49,0.1516,0.0038,4.0
Ballao,2024,8,0.33,0.0002,0.0211,0.0007,0.17,0.0008,4.49,0.1516,0.002,4.0
Ballao,2024,9,0.24,0.0001,0.0155,0.0005,0.17,0.0008,4.49,0.1516,0.0016,4.0
Ballao,2024,10,0.0,0.0,0.0001,0.0,0.17,0.0008,4.49,0.1516,0.0,4.0
Ballao,2024,11,0.0,0.0,0.0,0.0,0.17,0.0008,4.49,0.1516,0.0,4.0
Ballao,2024,12,0.0,0.0,0.0001,0.0,0.17,0.0008,4.49,0.1516,0.0,4.0
Banari,2024,1,,,,,0.51,0.0025,7.0,0.2363,0.0243,2.0
Banari,2024,2,,,,,0.51,0.0025,7.0,0.2363,0.0243,2.0
Banari,2024,3,0.7,,0.0291,,0.51,0.0025,7.0,0.2363,0.0243,2.0
Banari,2024,4,0.66,,0.0272,,0.51,0.0025,7.0,0.2363,0.0243,2.0
Banari,2024,5,1.26,,0.0524,,0.51,0.0025,7.0,0.2363,0.0243,2.0
Banari,2024,6,1.97,,0.0816,,0.51,0.0025,7.0,0.2363,0.0243,2.0
Banari,2024,7,2.2,,0.0913,,0.51,0.0025,7.0,0.2363,0.0243,2.0
Banari,2024,8,4.59,,0.1903,,0.51,0.0025,7.0,0.2363,0.0243,2.0
Banari,2024,9,1.31,,0.0544,,0.51,0.0025,7.0,0.2363,0.0243,2.0
Banari,2024,10,0.47,,0.0194,,0.51,0.0025,7.0,0.2363,0.0243,2.0
Banari,2024,11,,,,,0.51,0.0025,7.0,0.2363,0.0243,2.0
Banari,2024,12,,,,,0.51,0.0025,7.0,0.2363,0.0243,2.0
Baradili,2024,1,0.26,0.0002,0.0185,0.0006,5.32,0.026,0.51,0.0172,0.0027,4.0
Baradili,2024,2,0.24,0.0001,0.0172,0.0006,5.32,0.026,0.51,0.0172,0.0023,4.0
Baradili,2024,3,0.34,0.0002,0.0236,0.0008,5.32,0.026,0.51,0.0172,0.0029,4.0
Baradili,2024,4,0.55,0.0003,0.039,0.0013,5.32,0.026,0.51,0.0172,0.0036,4.0
Baradili,2024,5,0.61,0.0004,0.0432,0.0014,5.32,0.026,0.51,0.0172,0.004,4.0
Baradili,2024,6,2.6,0.0015,0.1834,0.006,5.32,0.026,0.51,0.0172,0.008,4.0
Baradili,2024,7,1.6,0.0009,0.1129,0.0037,5.32,0.026,0.51,0.0172,0.0062,4.0
Baradili,2024,8,1.63,0.001,0.1146,0.0038,5.32,0.026,0.51,0.0172,0.0064,4.0
Baradili,2024,9,0.9,0.0005,0.0635,0.0021,5.32,0.026,0.51,0.0172,0.0047,4.0
Baradili,2024,10,0.55,0.0003,0.0388,0.0013,5.32,0.026,0.51,0.0172,0.0036,4.0
Baradili,2024,11,0.29,0.0002,0.0201,0.0007,5.32,0.026,0.51,0.0172,0.0028,4.0
Baradili,2024,12,0.36,0.0002,0.0251,0.0008,5.32,0.026,0.51,0.0172,0.0029,4.0
Baratili San Pietro,2024,1,4.0,0.0023,0.0198,0.0007,25.66,0.1253,4.95,0.1671,0.0135,4.0
Baratili San Pietro,2024,2,7.33,0.0043,0.0364,0.0012,25.66,0.1253,4.95,0.1671,0.0181,4.0
Baratili San Pietro,2024,3,5.33,0.0031,0.0264,0.0009,25.66,0.1253,4.95,0.1671,0.0155,4.0
Baratili San Pietro,2024,4,6.83,0.004,0.0339,0.0011,25.66,0.1253,4.95,0.1671,0.0174,4.0
Baratili San Pietro,2024,5,14.5,0.0085,0.0719,0.0024,25.66,0.1253,4.95,0.1671,0.0256,4.0
Baratili San Pietro,2024,6,60.31,0.0353,0.2992,0.0099,25.66,0.1253,4.95,0.1671,0.052,4.0
Baratili San Pietro,2024,7,117.96,0.069,0.5851,0.0193,25.66,0.1253,4.95,0.1671,0.0727,4.0
Baratili San Pietro,2024,8,150.12,0.0878,0.7446,0.0245,25.66,0.1253,4.95,0.1671,0.0819,4.0
Baratili San Pietro,2024,9,75.64,0.0442,0.3752,0.0124,25.66,0.1253,4.95,0.1671,0.0582,4.0
Baratili San Pietro,2024,10,14.83,0.0087,0.0736,0.0024,25.66,0.1253,4.95,0.1671,0.0257,4.0
Baratili San Pietro,2024,11,2.17,0.0013,0.0107,0.0004,25.66,0.1253,4.95,0.1671,0.0102,4.0
Baratili San Pietro,2024,12,4.5,0.0026,0.0223,0.0007,25.66,0.1253,4.95,0.1671,0.014,4.0
Baressa,2024,1,0.96,0.0006,0.0217,0.0007,2.15,0.0105,11.01,0.3717,0.0064,4.0
Baressa,2024,2,,,,,2.15,0.0105,11.01,0.3717,0.0625,2.0
Baressa,2024,3,4.39,0.0026,0.0995,0.0033,2.15,0.0105,11.01,0.3717,0.0135,4.0
Baressa,2024,4,7.42,0.0043,0.1682,0.0055,2.15,0.0105,11.01,0.3717,0.0174,4.0
Baressa,2024,5,7.58,0.0044,0.1718,0.0057,2.15,0.0105,11.01,0.3717,0.0177,4.0
Baressa,2024,6,2.63,0.0015,0.0597,0.002,2.15,0.0105,11.01,0.3717,0.0104,4.0
Baressa,2024,7,13.64,0.008,0.3092,0.0102,2.15,0.0105,11.01,0.3717,0.0238,4.0
Baressa,2024,8,19.62,0.0115,0.4448,0.0146,2.15,0.0105,11.01,0.3717,0.0285,4.0
Baressa,2024,9,15.79,0.0092,0.358,0.0118,2.15,0.0105,11.01,0.3717,0.0255,4.0
Baressa,2024,10,10.37,0.0061,0.2351,0.0077,2.15,0.0105,11.01,0.3717,0.0207,4.0
Baressa,2024,11,4.15,0.0024,0.094,0.0031,2.15,0.0105,11.01,0.3717,0.0131,4.0
Baressa,2024,12,0.0,0.0,0.0,0.0,2.15,0.0105,11.01,0.3717,0.0,4.0
Bari Sardo,2024,1,13.0,0.0076,0.1279,0.0042,86.01,0.4199,19.72,0.6658,0.0547,4.0
Bari Sardo,2024,2,21.85,0.0128,0.215,0.0071,86.01,0.4199,19.72,0.6658,0.071,4.0
Bari Sardo,2024,3,53.18,0.0311,0.5234,0.0172,86.01,0.4199,19.72,0.6658,0.1106,4.0
Bari Sardo,2024,4,116.2,0.0679,1.1436,0.0377,86.01,0.4199,19.72,0.6658,0.1636,4.0
Bari Sardo,2024,5,579.32,0.3387,5.7015,0.1877,86.01,0.4199,19.72,0.6658,0.3651,4.0
Bari Sardo,2024,6,834.45,0.4879,8.2124,0.2704,86.01,0.4199,19.72,0.6658,0.4382,4.0
Bari Sardo,2024,7,1392.0,0.8138,13.6997,0.4511,86.01,0.4199,19.72,0.6658,0.566,4.0
Bari Sardo,2024,8,1577.38,0.9222,15.5242,0.5112,86.01,0.4199,19.72,0.6658,0.6025,4.0
Bari Sardo,2024,9,1069.1,0.625,10.5218,0.3465,86.01,0.4199,19.72,0.6658,0.496,4.0
Bari Sardo,2024,10,478.03,0.2795,4.7047,0.1549,86.01,0.4199,19.72,0.6658,0.3317,4.0
Bari Sardo,2024,11,30.38,0.0178,0.299,0.0098,86.01,0.4199,19.72,0.6658,0.0836,4.0
Bari Sardo,2024,12,25.91,0.0151,0.255,0.0084,86.01,0.4199,19.72,0.6658,0.0772,4.0
Barrali,2024,1,,,,,0.36,0.0018,0.0,0.0,0.0,2.0
Barrali,2024,2,,,,,0.36,0.0018,0.0,0.0,0.0,2.0
Barrali,2024,3,,,,,0.36,0.0018,0.0,0.0,0.0,2.0
Barrali,2024,4,,,,,0.36,0.0018,0.0,0.0,0.0,2.0
Barrali,2024,5,,,,,0.36,0.0018,0.0,0.0,0.0,2.0
Barrali,2024,6,,,,,0.36,0.0018,0.0,0.0,0.0,2.0
Barrali,2024,7,,,,,0.36,0.0018,0.0,0.0,0.0,2.0
Barrali,2024,8,,,,,0.36,0.0018,0.0,0.0,0.0,2.0
Barrali,2024,9,,,,,0.36,0.0018,0.0,0.0,0.0,2.0
Barrali,2024,10,,,,,0.36,0.0018,0.0,0.0,0.0,2.0
Barrali,2024,11,,,,,0.36,0.0018,0.0,0.0,0.0,2.0
Barrali,2024,12,,,,,0.36,0.0018,0.0,0.0,0.0,2.0
Barumini,2024,1,0.99,0.0006,0.0229,0.0008,1.99,0.0097,9.72,0.3282,0.0063,4.0
Barumini,2024,2,1.53,0.0009,0.0352,0.0012,1.99,0.0097,9.72,0.3282,0.0077,4.0
Barumini,2024,3,5.01,0.0029,0.1154,0.0038,1.99,0.0097,9.72,0.3282,0.0137,4.0
Barumini,2024,4,10.47,0.0061,0.2414,0.0079,1.99,0.0097,9.72,0.3282,0.0198,4.0
Barumini,2024,5,7.57,0.0044,0.1744,0.0057,1.99,0.0097,9.72,0.3282,0.0168,4.0
Barumini,2024,6,5.43,0.0032,0.1251,0.0041,1.99,0.0097,9.72,0.3282,0.0143,4.0
Barumini,2024,7,4.66,0.0027,0.1075,0.0035,1.99,0.0097,9.72,0.3282,0.0132,4.0
Barumini,2024,8,10.24,0.006,0.2361,0.0078,1.99,0.0097,9.72,0.3282,0.0196,4.0
Barumini,2024,9,7.11,0.0042,0.1639,0.0054,1.99,0.0097,9.72,0.3282,0.0164,4.0
Barumini,2024,10,9.21,0.0054,0.2123,0.007,1.99,0.0097,9.72,0.3282,0.0186,4.0
Barumini,2024,11,4.78,0.0028,0.1101,0.0036,1.99,0.0097,9.72,0.3282,0.0134,4.0
Barumini,2024,12,3.48,0.002,0.0802,0.0026,1.99,0.0097,9.72,0.3282,0.0113,4.0
Bauladu,2024,1,2.12,0.0012,0.0829,0.0027,1.13,0.0055,10.54,0.3558,0.0089,4.0
Bauladu,2024,2,1.62,0.0009,0.0632,0.0021,1.13,0.0055,10.54,0.3558,0.0078,4.0
Bauladu,2024,3,1.09,0.0006,0.0424,0.0014,1.13,0.0055,10.54,0.3558,0.0064,4.0
Bauladu,2024,4,1.74,0.001,0.0679,0.0022,1.13,0.0055,10.54,0.3558,0.0081,4.0
Bauladu,2024,5,3.59,0.0021,0.1401,0.0046,1.13,0.0055,10.54,0.3558,0.0117,4.0
Bauladu,2024,6,8.76,0.0051,0.342,0.0113,1.13,0.0055,10.54,0.3558,0.0183,4.0
Bauladu,2024,7,6.17,0.0036,0.241,0.0079,1.13,0.0055,10.54,0.3558,0.0154,4.0
Bauladu,2024,8,13.87,0.0081,0.5418,0.0178,1.13,0.0055,10.54,0.3558,0.023,4.0
Bauladu,2024,9,4.37,0.0026,0.1708,0.0056,1.13,0.0055,10.54,0.3558,0.013,4.0
Bauladu,2024,10,0.06,0.0,0.0025,0.0001,1.13,0.0055,10.54,0.3558,0.0,4.0
Bauladu,2024,11,0.03,0.0,0.0013,0.0,1.13,0.0055,10.54,0.3558,0.0,4.0
Bauladu,2024,12,0.04,0.0,0.0017,0.0001,1.13,0.0055,10.54,0.3558,0.0,4.0
Baunei,2024,1,1.81,0.0011,0.1126,0.0037,10.98,0.0536,12.46,0.4207,0.0174,4.0
Baunei,2024,2,1.51,0.0009,0.0941,0.0031,10.98,0.0536,12.46,0.4207,0.0158,4.0
Baunei,2024,3,4.9,0.0029,0.3054,0.0101,10.98,0.0536,12.46,0.4207,0.0285,4.0
Baunei,2024,4,22.89,0.0134,1.4271,0.047,10.98,0.0536,12.46,0.4207,0.0614,4.0
Baunei,2024,5,52.44,0.0307,3.2698,0.1077,10.98,0.0536,12.46,0.4207,0.0929,4.0
Baunei,2024,6,75.45,0.0441,4.704,0.1549,10.98,0.0536,12.46,0.4207,0.1114,4.0
Baunei,2024,7,101.37,0.0593,6.3204,0.2081,10.98,0.0536,12.46,0.4207,0.1292,4.0
Baunei,2024,8,110.71,0.0647,6.9027,0.2273,10.98,0.0536,12.46,0.4207,0.1349,4.0
Baunei,2024,9,81.19,0.0475,5.0623,0.1667,10.98,0.0536,12.46,0.4207,0.1156,4.0
Baunei,2024,10,40.71,0.0238,2.5379,0.0836,10.98,0.0536,12.46,0.4207,0.0818,4.0
Baunei,2024,11,3.5,0.002,0.2184,0.0072,10.98,0.0536,12.46,0.4207,0.0239,4.0
Baunei,2024,12,3.08,0.0018,0.1922,0.0063,10.98,0.0536,12.46,0.4207,0.0225,4.0
Belvì,2024,1,0.39,0.0002,0.0131,0.0004,2.84,0.0139,1.39,0.0469,0.0027,4.0
Belvì,2024,2,0.01,0.0,0.0003,0.0,2.84,0.0139,1.39,0.0469,0.0,4.0
Belvì,2024,3,0.4,0.0002,0.0132,0.0004,2.84,0.0139,1.39,0.0469,0.0027,4.0
Belvì,2024,4,1.55,0.0009,0.0518,0.0017,2.84,0.0139,1.39,0.0469,0.0056,4.0
Belvì,2024,5,1.12,0.0007,0.0373,0.0012,2.84,0.0139,1.39,0.0469,0.0048,4.0
Belvì,2024,6,1.96,0.0011,0.0654,0.0022,2.84,0.0139,1.39,0.0469,0.0063,4.0
Belvì,2024,7,2.96,0.0017,0.0988,0.0033,2.84,0.0139,1.39,0.0469,0.0078,4.0
Belvì,2024,8,1.21,0.0007,0.0404,0.0013,2.84,0.0139,1.39,0.0469,0.0049,4.0
Belvì,2024,9,0.53,0.0003,0.0176,0.0006,2.84,0.0139,1.39,0.0469,0.0033,4.0
Belvì,2024,10,1.33,0.0008,0.0445,0.0015,2.84,0.0139,1.39,0.0469,0.0053,4.0
Belvì,2024,11,1.1,0.0006,0.0369,0.0012,2.84,0.0139,1.39,0.0469,0.0047,4.0
Belvì,2024,12,1.87,0.0011,0.0625,0.0021,2.84,0.0139,1.39,0.0469,0.0062,4.0
Benetutti,2024,1,5.16,0.003,0.2915,0.0096,2.06,0.0101,11.45,0.3866,0.0183,4.0
Benetutti,2024,2,1.05,0.0006,0.0595,0.002,2.06,0.0101,11.45,0.3866,0.0083,4.0
Benetutti,2024,3,2.83,0.0017,0.1599,0.0053,2.06,0.0101,11.45,0.3866,0.0137,4.0
Benetutti,2024,4,4.35,0.0025,0.2458,0.0081,2.06,0.0101,11.45,0.3866,0.0168,4.0
Benetutti,2024,5,3.11,0.0018,0.1761,0.0058,2.06,0.0101,11.45,0.3866,0.0142,4.0
Benetutti,2024,6,8.36,0.0049,0.4724,0.0156,2.06,0.0101,11.45,0.3866,0.0234,4.0
Benetutti,2024,7,9.65,0.0056,0.5457,0.018,2.06,0.0101,11.45,0.3866,0.025,4.0
Benetutti,2024,8,16.74,0.0098,0.9465,0.0312,2.06,0.0101,11.45,0.3866,0.0331,4.0
Benetutti,2024,9,14.46,0.0085,0.8173,0.0269,2.06,0.0101,11.45,0.3866,0.0307,4.0
Benetutti,2024,10,11.36,0.0066,0.6424,0.0212,2.06,0.0101,11.45,0.3866,0.0272,4.0
Benetutti,2024,11,5.43,0.0032,0.3071,0.0101,2.06,0.0101,11.45,0.3866,0.0188,4.0
Benetutti,2024,12,3.66,0.0021,0.2067,0.0068,2.06,0.0101,11.45,0.3866,0.0154,4.0
Berchidda,2024,1,0.8,0.0005,0.0623,0.0021,2.47,0.0121,2.38,0.0804,0.0057,4.0
Berchidda,2024,2,1.53,0.0009,0.12,0.004,2.47,0.0121,2.38,0.0804,0.0077,4.0
Berchidda,2024,3,2.14,0.0013,0.1672,0.0055,2.47,0.0121,2.38,0.0804,0.0091,4.0
Berchidda,2024,4,1.67,0.001,0.1308,0.0043,2.47,0.0121,2.38,0.0804,0.008,4.0
Berchidda,2024,5,2.1,0.0012,0.1641,0.0054,2.47,0.0121,2.38,0.0804,0.0089,4.0
Berchidda,2024,6,2.76,0.0016,0.2163,0.0071,2.47,0.0121,2.38,0.0804,0.0103,4.0
Berchidda,2024,7,2.88,0.0017,0.2252,0.0074,2.47,0.0121,2.38,0.0804,0.0105,4.0
Berchidda,2024,8,4.5,0.0026,0.3526,0.0116,2.47,0.0121,2.38,0.0804,0.0131,4.0
Berchidda,2024,9,1.6,0.0009,0.1254,0.0041,2.47,0.0121,2.38,0.0804,0.0077,4.0
Berchidda,2024,10,1.01,0.0006,0.0793,0.0026,2.47,0.0121,2.38,0.0804,0.0062,4.0
Berchidda,2024,11,0.37,0.0002,0.029,0.001,2.47,0.0121,2.38,0.0804,0.0037,4.0
Berchidda,2024,12,0.14,0.0001,0.0108,0.0004,2.47,0.0121,2.38,0.0804,0.0025,4.0
Bessude,2024,1,,,,,0.98,0.0048,0.0,0.0,0.0,2.0
Bessude,2024,2,,,,,0.98,0.0048,0.0,0.0,0.0,2.0
Bessude,2024,3,,,,,0.98,0.0048,0.0,0.0,0.0,2.0
Bessude,2024,4,,,,,0.98,0.0048,0.0,0.0,0.0,2.0
Bessude,2024,5,,,,,0.98,0.0048,0.0,0.0,0.0,2.0
Bessude,2024,6,,,,,0.98,0.0048,0.0,0.0,0.0,2.0
Bessude,2024,7,,,,,0.98,0.0048,0.0,0.0,0.0,2.0
Bessude,2024,8,,,,,0.98,0.0048,0.0,0.0,0.0,2.0
Bessude,2024,9,,,,,0.98,0.0048,0.0,0.0,0.0,2.0
Bessude,2024,10,,,,,0.98,0.0048,0.0,0.0,0.0,2.0
Bessude,2024,11,,,,,0.98,0.0048,0.0,0.0,0.0,2.0
Bessude,2024,12,,,,,0.98,0.0048,0.0,0.0,0.0,2.0
Bidonì,2024,1,,,,,0.0,0.0,,,0.0,1.0
Bidonì,2024,2,,,,,0.0,0.0,,,0.0,1.0
Bidonì,2024,3,,,,,0.0,0.0,,,0.0,1.0
Bidonì,2024,4,,,,,0.0,0.0,,,0.0,1.0
Bidonì,2024,5,,,,,0.0,0.0,,,0.0,1.0
Bidonì,2024,6,,,,,0.0,0.0,,,0.0,1.0
Bidonì,2024,7,,,,,0.0,0.0,,,0.0,1.0
Bidonì,2024,8,,,,,0.0,0.0,,,0.0,1.0
Bidonì,2024,9,,,,,0.0,0.0,,,0.0,1.0
Bidonì,2024,10,,,,,0.0,0.0,,,0.0,1.0
Bidonì,2024,11,,,,,0.0,0.0,,,0.0,1.0
Bidonì,2024,12,,,,,0.0,0.0,,,0.0,1.0
Birori,2024,1,,,,,0.0,0.0,,,0.0,1.0
Birori,2024,2,,,,,0.0,0.0,,,0.0,1.0
Birori,2024,3,,,,,0.0,0.0,,,0.0,1.0
Birori,2024,4,,,,,0.0,0.0,,,0.0,1.0
Birori,2024,5,,,,,0.0,0.0,,,0.0,1.0
Birori,2024,6,,,,,0.0,0.0,,,0.0,1.0
Birori,2024,7,,,,,0.0,0.0,,,0.0,1.0
Birori,2024,8,,,,,0.0,0.0,,,0.0,1.0
Birori,2024,9,,,,,0.0,0.0,,,0.0,1.0
Birori,2024,10,,,,,0.0,0.0,,,0.0,1.0
Birori,2024,11,,,,,0.0,0.0,,,0.0,1.0
Birori,2024,12,,,,,0.0,0.0,,,0.0,1.0
Bitti,2024,1,0.0,0.0,0.0001,0.0,0.58,0.0028,7.95,0.2684,0.0,4.0
Bitti,2024,2,0.32,0.0002,0.0272,0.0009,0.58,0.0028,7.95,0.2684,0.0034,4.0
Bitti,2024,3,0.08,0.0,0.0068,0.0002,0.58,0.0028,7.95,0.2684,0.0,4.0
Bitti,2024,4,0.74,0.0004,0.063,0.0021,0.58,0.0028,7.95,0.2684,0.005,4.0
Bitti,2024,5,1.95,0.0011,0.1647,0.0054,0.58,0.0028,7.95,0.2684,0.0082,4.0
Bitti,2024,6,2.22,0.0013,0.1877,0.0062,0.58,0.0028,7.95,0.2684,0.0088,4.0
Bitti,2024,7,3.05,0.0018,0.2585,0.0085,0.58,0.0028,7.95,0.2684,0.0104,4.0
Bitti,2024,8,3.16,0.0018,0.2675,0.0088,0.58,0.0028,7.95,0.2684,0.0104,4.0
Bitti,2024,9,2.99,0.0017,0.2535,0.0083,0.58,0.0028,7.95,0.2684,0.0101,4.0
Bitti,2024,10,1.77,0.001,0.1502,0.0049,0.58,0.0028,7.95,0.2684,0.0078,4.0
Bitti,2024,11,0.37,0.0002,0.0315,0.001,0.58,0.0028,7.95,0.2684,0.0035,4.0
Bitti,2024,12,0.3,0.0002,0.0256,0.0008,0.58,0.0028,7.95,0.2684,0.0033,4.0
Bolotana,2024,1,0.01,0.0,0.0002,0.0,1.19,0.0058,1.29,0.0436,0.0,4.0
Bolotana,2024,2,0.39,0.0002,0.0184,0.0006,1.19,0.0058,1.29,0.0436,0.0023,4.0
Bolotana,2024,3,0.17,0.0001,0.0081,0.0003,1.19,0.0058,1.29,0.0436,0.0017,4.0
Bolotana,2024,4,0.54,0.0003,0.0251,0.0008,1.19,0.0058,1.29,0.0436,0.0028,4.0
Bolotana,2024,5,0.49,0.0003,0.023,0.0008,1.19,0.0058,1.29,0.0436,0.0028,4.0
Bolotana,2024,6,0.37,0.0002,0.0175,0.0006,1.19,0.0058,1.29,0.0436,0.0023,4.0
Bolotana,2024,7,0.94,0.0005,0.0442,0.0015,1.19,0.0058,1.29,0.0436,0.0037,4.0
Bolotana,2024,8,1.31,0.0008,0.0615,0.002,1.19,0.0058,1.29,0.0436,0.0045,4.0
Bolotana,2024,9,0.78,0.0005,0.0366,0.0012,1.19,0.0058,1.29,0.0436,0.0035,4.0
Bolotana,2024,10,0.57,0.0003,0.0268,0.0009,1.19,0.0058,1.29,0.0436,0.0029,4.0
Bolotana,2024,11,0.01,0.0,0.0003,0.0,1.19,0.0058,1.29,0.0436,0.0,4.0
Bolotana,2024,12,0.01,0.0,0.0003,0.0,1.19,0.0058,1.29,0.0436,0.0,4.0
Bonarcado,2024,1,0.01,0.0,0.0001,0.0,3.09,0.0151,12.79,0.4318,0.0,4.0
Bonarcado,2024,2,5.79,0.0034,0.1064,0.0035,3.09,0.0151,12.79,0.4318,0.0167,4.0
Bonarcado,2024,3,1.92,0.0011,0.0354,0.0012,3.09,0.0151,12.79,0.4318,0.0096,4.0
Bonarcado,2024,4,19.06,0.0111,0.3505,0.0115,3.09,0.0151,12.79,0.4318,0.0302,4.0
Bonarcado,2024,5,6.75,0.0039,0.1242,0.0041,3.09,0.0151,12.79,0.4318,0.018,4.0
Bonarcado,2024,6,11.27,0.0066,0.2072,0.0068,3.09,0.0151,12.79,0.4318,0.0233,4.0
Bonarcado,2024,7,23.2,0.0136,0.4266,0.014,3.09,0.0151,12.79,0.4318,0.0334,4.0
Bonarcado,2024,8,46.51,0.0272,0.8552,0.0282,3.09,0.0151,12.79,0.4318,0.0473,4.0
Bonarcado,2024,9,11.51,0.0067,0.2117,0.007,3.09,0.0151,12.79,0.4318,0.0235,4.0
Bonarcado,2024,10,11.68,0.0068,0.2148,0.0071,3.09,0.0151,12.79,0.4318,0.0237,4.0
Bonarcado,2024,11,4.94,0.0029,0.0908,0.003,3.09,0.0151,12.79,0.4318,0.0154,4.0
Bonarcado,2024,12,1.46,0.0009,0.0269,0.0009,3.09,0.0151,12.79,0.4318,0.0085,4.0
Bonnanaro,2024,1,,,,,0.91,0.0044,0.0,0.0,0.0,2.0
Bonnanaro,2024,2,,,,,0.91,0.0044,0.0,0.0,0.0,2.0
Bonnanaro,2024,3,,,,,0.91,0.0044,0.0,0.0,0.0,2.0
Bonnanaro,2024,4,,,,,0.91,0.0044,0.0,0.0,0.0,2.0
Bonnanaro,2024,5,,,,,0.91,0.0044,0.0,0.0,0.0,2.0
Bonnanaro,2024,6,,,,,0.91,0.0044,0.0,0.0,0.0,2.0
Bonnanaro,2024,7,,,,,0.91,0.0044,0.0,0.0,0.0,2.0
Bonnanaro,2024,8,,,,,0.91,0.0044,0.0,0.0,0.0,2.0
Bonnanaro,2024,9,,,,,0.91,0.0044,0.0,0.0,0.0,2.0
Bonnanaro,2024,10,,,,,0.91,0.0044,0.0,0.0,0.0,2.0
Bonnanaro,2024,11,,,,,0.91,0.0044,0.0,0.0,0.0,2.0
Bonnanaro,2024,12,,,,,0.91,0.0044,0.0,0.0,0.0,2.0
Bono,2024,1,0.41,0.0002,0.0092,0.0003,1.05,0.0051,1.89,0.0638,0.0021,4.0
Bono,2024,2,0.42,0.0002,0.0095,0.0003,1.05,0.0051,1.89,0.0638,0.0021,4.0
Bono,2024,3,0.4,0.0002,0.009,0.0003,1.05,0.0051,1.89,0.0638,0.0021,4.0
Bono,2024,4,0.52,0.0003,0.0118,0.0004,1.05,0.0051,1.89,0.0638,0.0025,4.0
Bono,2024,5,0.39,0.0002,0.0088,0.0003,1.05,0.0051,1.89,0.0638,0.0021,4.0
Bono,2024,6,0.76,0.0004,0.0173,0.0006,1.05,0.0051,1.89,0.0638,0.003,4.0
Bono,2024,7,0.04,0.0,0.0008,0.0,1.05,0.0051,1.89,0.0638,0.0,4.0
Bono,2024,8,3.01,0.0018,0.0682,0.0022,1.05,0.0051,1.89,0.0638,0.006,4.0
Bono,2024,9,0.23,0.0001,0.0053,0.0002,1.05,0.0051,1.89,0.0638,0.0016,4.0
Bono,2024,10,0.72,0.0004,0.0164,0.0005,1.05,0.0051,1.89,0.0638,0.0028,4.0
Bono,2024,11,0.18,0.0001,0.0041,0.0001,1.05,0.0051,1.89,0.0638,0.0013,4.0
Bono,2024,12,0.12,0.0001,0.0026,0.0001,1.05,0.0051,1.89,0.0638,0.0013,4.0
Bonorva,2024,1,0.0,0.0,0.0001,0.0,0.8,0.0039,1.47,0.0496,0.0,4.0
Bonorva,2024,2,0.08,0.0,0.004,0.0001,0.8,0.0039,1.47,0.0496,0.0,4.0
Bonorva,2024,3,0.13,0.0001,0.0063,0.0002,0.8,0.0039,1.47,0.0496,0.0014,4.0
Bonorva,2024,4,0.15,0.0001,0.0073,0.0002,0.8,0.0039,1.47,0.0496,0.0014,4.0
Bonorva,2024,5,0.28,0.0002,0.0134,0.0004,0.8,0.0039,1.47,0.0496,0.002,4.0
Bonorva,2024,6,0.03,0.0,0.0016,0.0001,0.8,0.0039,1.47,0.0496,0.0,4.0
Bonorva,2024,7,0.86,0.0005,0.0408,0.0013,0.8,0.0039,1.47,0.0496,0.0033,4.0
Bonorva,2024,8,1.88,0.0011,0.0898,0.003,0.8,0.0039,1.47,0.0496,0.005,4.0
Bonorva,2024,9,0.28,0.0002,0.0136,0.0004,0.8,0.0039,1.47,0.0496,0.002,4.0
Bonorva,2024,10,0.01,0.0,0.0003,0.0,0.8,0.0039,1.47,0.0496,0.0,4.0
Bonorva,2024,11,0.27,0.0002,0.0129,0.0004,0.8,0.0039,1.47,0.0496,0.002,4.0
Bonorva,2024,12,0.31,0.0002,0.0146,0.0005,0.8,0.0039,1.47,0.0496,0.0021,4.0
Boroneddu,2024,1,,,,,0.0,0.0,,,0.0,1.0
Boroneddu,2024,2,,,,,0.0,0.0,,,0.0,1.0
Boroneddu,2024,3,,,,,0.0,0.0,,,0.0,1.0
Boroneddu,2024,4,,,,,0.0,0.0,,,0.0,1.0
Boroneddu,2024,5,,,,,0.0,0.0,,,0.0,1.0
Boroneddu,2024,6,,,,,0.0,0.0,,,0.0,1.0
Boroneddu,2024,7,,,,,0.0,0.0,,,0.0,1.0
Boroneddu,2024,8,,,,,0.0,0.0,,,0.0,1.0
Boroneddu,2024,9,,,,,0.0,0.0,,,0.0,1.0
Boroneddu,2024,10,,,,,0.0,0.0,,,0.0,1.0
Boroneddu,2024,11,,,,,0.0,0.0,,,0.0,1.0
Boroneddu,2024,12,,,,,0.0,0.0,,,0.0,1.0
Borore,2024,1,0.01,0.0,0.0003,0.0,0.26,0.0013,0.4,0.0135,0.0,4.0
Borore,2024,2,0.01,0.0,0.0002,0.0,0.26,0.0013,0.4,0.0135,0.0,4.0
Borore,2024,3,0.01,0.0,0.0003,0.0,0.26,0.0013,0.4,0.0135,0.0,4.0
Borore,2024,4,0.02,0.0,0.0005,0.0,0.26,0.0013,0.4,0.0135,0.0,4.0
Borore,2024,5,0.03,0.0,0.0006,0.0,0.26,0.0013,0.4,0.0135,0.0,4.0
Borore,2024,6,0.05,0.0,0.0012,0.0,0.26,0.0013,0.4,0.0135,0.0,4.0
Borore,2024,7,0.07,0.0,0.0016,0.0001,0.26,0.0013,0.4,0.0135,0.0,4.0
Borore,2024,8,0.07,0.0,0.0016,0.0001,0.26,0.0013,0.4,0.0135,0.0,4.0
Borore,2024,9,0.04,0.0,0.0009,0.0,0.26,0.0013,0.4,0.0135,0.0,4.0
Borore,2024,10,0.02,0.0,0.0005,0.0,0.26,0.0013,0.4,0.0135,0.0,4.0
Borore,2024,11,0.01,0.0,0.0003,0.0,0.26,0.0013,0.4,0.0135,0.0,4.0
Borore,2024,12,0.02,0.0,0.0003,0.0,0.26,0.0013,0.4,0.0135,0.0,4.0
Bortigali,2024,1,0.63,0.0004,0.0338,0.0011,0.18,0.0009,14.52,0.4902,0.0037,4.0
Bortigali,2024,2,0.9,0.0005,0.0487,0.0016,0.18,0.0009,14.52,0.4902,0.0043,4.0
Bortigali,2024,3,0.12,0.0001,0.0063,0.0002,0.18,0.0009,14.52,0.4902,0.0017,4.0
Bortigali,2024,4,0.76,0.0004,0.0409,0.0013,0.18,0.0009,14.52,0.4902,0.0039,4.0
Bortigali,2024,5,1.46,0.0009,0.0789,0.0026,0.18,0.0009,14.52,0.4902,0.0057,4.0
Bortigali,2024,6,1.16,0.0007,0.0623,0.0021,0.18,0.0009,14.52,0.4902,0.005,4.0
Bortigali,2024,7,1.3,0.0008,0.0702,0.0023,0.18,0.0009,14.52,0.4902,0.0053,4.0
Bortigali,2024,8,0.57,0.0003,0.0306,0.001,0.18,0.0009,14.52,0.4902,0.0034,4.0
Bortigali,2024,9,0.31,0.0002,0.017,0.0006,0.18,0.0009,14.52,0.4902,0.0027,4.0
Bortigali,2024,10,1.72,0.001,0.0929,0.0031,0.18,0.0009,14.52,0.4902,0.0061,4.0
Bortigali,2024,11,0.1,0.0001,0.0054,0.0002,0.18,0.0009,14.52,0.4902,0.0017,4.0
Bortigali,2024,12,0.42,0.0002,0.0227,0.0007,0.18,0.0009,14.52,0.4902,0.0028,4.0
Bortigiadas,2024,1,0.21,0.0001,0.0219,0.0007,0.78,0.0038,6.88,0.2323,0.0028,4.0
Bortigiadas,2024,2,0.01,0.0,0.0007,0.0,0.78,0.0038,6.88,0.2323,0.0,4.0
Bortigiadas,2024,3,0.26,0.0002,0.0277,0.0009,0.78,0.0038,6.88,0.2323,0.0036,4.0
Bortigiadas,2024,4,1.18,0.0007,0.1257,0.0041,0.78,0.0038,6.88,0.2323,0.0071,4.0
Bortigiadas,2024,5,1.48,0.0009,0.1583,0.0052,0.78,0.0038,6.88,0.2323,0.008,4.0
Bortigiadas,2024,6,1.78,0.001,0.1895,0.0062,0.78,0.0038,6.88,0.2323,0.0086,4.0
Bortigiadas,2024,7,3.66,0.0021,0.391,0.0129,0.78,0.0038,6.88,0.2323,0.0124,4.0
Bortigiadas,2024,8,5.43,0.0032,0.58,0.0191,0.78,0.0038,6.88,0.2323,0.0152,4.0
Bortigiadas,2024,9,2.87,0.0017,0.3058,0.0101,0.78,0.0038,6.88,0.2323,0.0111,4.0
Bortigiadas,2024,10,1.38,0.0008,0.1468,0.0048,0.78,0.0038,6.88,0.2323,0.0076,4.0
Bortigiadas,2024,11,0.79,0.0005,0.084,0.0028,0.78,0.0038,6.88,0.2323,0.0059,4.0
Bortigiadas,2024,12,0.55,0.0003,0.0588,0.0019,0.78,0.0038,6.88,0.2323,0.0047,4.0
Borutta,2024,1,,,,,0.0,0.0,,,0.0,1.0
Borutta,2024,2,,,,,0.0,0.0,,,0.0,1.0
Borutta,2024,3,,,,,0.0,0.0,,,0.0,1.0
Borutta,2024,4,,,,,0.0,0.0,,,0.0,1.0
Borutta,2024,5,,,,,0.0,0.0,,,0.0,1.0
Borutta,2024,6,,,,,0.0,0.0,,,0.0,1.0
Borutta,2024,7,,,,,0.0,0.0,,,0.0,1.0
Borutta,2024,8,,,,,0.0,0.0,,,0.0,1.0
Borutta,2024,9,,,,,0.0,0.0,,,0.0,1.0
Borutta,2024,10,,,,,0.0,0.0,,,0.0,1.0
Borutta,2024,11,,,,,0.0,0.0,,,0.0,1.0
Borutta,2024,12,,,,,0.0,0.0,,,0.0,1.0
Bosa,2024,1,6.28,0.0037,0.1089,0.0036,20.18,0.0985,10.76,0.3633,0.0263,4.0
Bosa,2024,2,9.53,0.0056,0.1655,0.0054,20.18,0.0985,10.76,0.3633,0.0323,4.0
Bosa,2024,3,16.65,0.0097,0.289,0.0095,20.18,0.0985,10.76,0.3633,0.0426,4.0
Bosa,2024,4,56.0,0.0327,0.9719,0.032,20.18,0.0985,10.76,0.3633,0.0782,4.0
Bosa,2024,5,76.07,0.0445,1.3202,0.0435,20.18,0.0985,10.76,0.3633,0.0912,4.0
Bosa,2024,6,94.59,0.0553,1.6417,0.0541,20.18,0.0985,10.76,0.3633,0.1017,4.0
Bosa,2024,7,147.26,0.0861,2.5558,0.0842,20.18,0.0985,10.76,0.3633,0.1269,4.0
Bosa,2024,8,188.01,0.1099,3.263,0.1074,20.18,0.0985,10.76,0.3633,0.1434,4.0
Bosa,2024,9,122.51,0.0716,2.1263,0.07,20.18,0.0985,10.76,0.3633,0.1157,4.0
Bosa,2024,10,57.94,0.0339,1.0055,0.0331,20.18,0.0985,10.76,0.3633,0.0796,4.0
Bosa,2024,11,8.93,0.0052,0.155,0.0051,20.18,0.0985,10.76,0.3633,0.0312,4.0
Bosa,2024,12,8.83,0.0052,0.1533,0.005,20.18,0.0985,10.76,0.3633,0.0311,4.0
Bottidda,2024,1,0.77,0.0005,0.0398,0.0013,0.26,0.0013,17.35,0.5858,0.0047,4.0
Bottidda,2024,2,0.82,0.0005,0.0428,0.0014,0.26,0.0013,17.35,0.5858,0.0048,4.0
Bottidda,2024,3,1.53,0.0009,0.0795,0.0026,0.26,0.0013,17.35,0.5858,0.0065,4.0
Bottidda,2024,4,1.0,0.0006,0.052,0.0017,0.26,0.0013,17.35,0.5858,0.0053,4.0
Bottidda,2024,5,0.71,0.0004,0.0367,0.0012,0.26,0.0013,17.35,0.5858,0.0044,4.0
Bottidda,2024,6,1.41,0.0008,0.0734,0.0024,0.26,0.0013,17.35,0.5858,0.0062,4.0
Bottidda,2024,7,1.35,0.0008,0.0703,0.0023,0.26,0.0013,17.35,0.5858,0.0061,4.0
Bottidda,2024,8,2.5,0.0015,0.13,0.0043,0.26,0.0013,17.35,0.5858,0.0084,4.0
Bottidda,2024,9,3.59,0.0021,0.1865,0.0061,0.26,0.0013,17.35,0.5858,0.0099,4.0
Bottidda,2024,10,2.53,0.0015,0.1315,0.0043,0.26,0.0013,17.35,0.5858,0.0084,4.0
Bottidda,2024,11,0.26,0.0002,0.0138,0.0005,0.26,0.0013,17.35,0.5858,0.003,4.0
Bottidda,2024,12,0.29,0.0002,0.0153,0.0005,0.26,0.0013,17.35,0.5858,0.003,4.0
Buddusò,2024,1,0.01,0.0,0.0003,0.0,0.64,0.0031,0.09,0.003,0.0,4.0
Buddusò,2024,2,0.01,0.0,0.0003,0.0,0.64,0.0031,0.09,0.003,0.0,4.0
Buddusò,2024,3,0.01,0.0,0.0004,0.0,0.64,0.0031,0.09,0.003,0.0,4.0
Buddusò,2024,4,0.01,0.0,0.0007,0.0,0.64,0.0031,0.09,0.003,0.0,4.0
Buddusò,2024,5,0.02,0.0,0.0008,0.0,0.64,0.0031,0.09,0.003,0.0,4.0
Buddusò,2024,6,0.03,0.0,0.0015,0.0,0.64,0.0031,0.09,0.003,0.0,4.0
Buddusò,2024,7,0.04,0.0,0.0021,0.0001,0.64,0.0031,0.09,0.003,0.0,4.0
Buddusò,2024,8,0.04,0.0,0.0021,0.0001,0.64,0.0031,0.09,0.003,0.0,4.0
Buddusò,2024,9,0.02,0.0,0.0012,0.0,0.64,0.0031,0.09,0.003,0.0,4.0
Buddusò,2024,10,0.01,0.0,0.0007,0.0,0.64,0.0031,0.09,0.003,0.0,4.0
Buddusò,2024,11,0.01,0.0,0.0004,0.0,0.64,0.0031,0.09,0.003,0.0,4.0
Buddusò,2024,12,0.01,0.0,0.0005,0.0,0.64,0.0031,0.09,0.003,0.0,4.0
Budoni,2024,1,3.58,0.0021,0.0365,0.0012,234.69,1.0,16.13,0.5446,0.0342,4.0
Budoni,2024,2,1.17,0.0007,0.012,0.0004,234.69,1.0,16.13,0.5446,0.0198,4.0
Budoni,2024,3,13.91,0.0081,0.1421,0.0047,234.69,1.0,16.13,0.5446,0.0675,4.0
Budoni,2024,4,214.52,0.1254,2.1913,0.0722,234.69,1.0,16.13,0.5446,0.265,4.0
Budoni,2024,5,937.44,0.5481,9.5758,0.3153,234.69,1.0,16.13,0.5446,0.5539,4.0
Budoni,2024,6,2280.51,1.0,23.2949,0.767,234.69,1.0,16.13,0.5446,0.8039,4.0
Budoni,2024,7,3310.29,1.0,33.8138,1.0,234.69,1.0,16.13,0.5446,0.8591,4.0
Budoni,2024,8,3269.49,1.0,33.397,1.0,234.69,1.0,16.13,0.5446,0.8591,4.0
Budoni,2024,9,2522.5,1.0,25.7667,0.8484,234.69,1.0,16.13,0.5446,0.8245,4.0
Budoni,2024,10,1245.15,0.728,12.7189,0.4188,234.69,1.0,16.13,0.5446,0.6383,4.0
Budoni,2024,11,9.52,0.0056,0.0972,0.0032,234.69,1.0,16.13,0.5446,0.0559,4.0
Budoni,2024,12,6.31,0.0037,0.0645,0.0021,234.69,1.0,16.13,0.5446,0.0454,4.0
Buggerru,2024,1,0.87,0.0005,0.0409,0.0013,11.28,0.0551,11.31,0.3818,0.0108,4.0
Buggerru,2024,2,0.95,0.0006,0.0448,0.0015,11.28,0.0551,11.31,0.3818,0.0117,4.0
Buggerru,2024,3,5.96,0.0035,0.2807,0.0092,11.28,0.0551,11.31,0.3818,0.0287,4.0
Buggerru,2024,4,10.43,0.0061,0.4912,0.0162,11.28,0.0551,11.31,0.3818,0.038,4.0
Buggerru,2024,5,31.48,0.0184,1.4825,0.0488,11.28,0.0551,11.31,0.3818,0.0659,4.0
Buggerru,2024,6,65.54,0.0383,3.0867,0.1016,11.28,0.0551,11.31,0.3818,0.0951,4.0
Buggerru,2024,7,77.69,0.0454,3.6589,0.1205,11.28,0.0551,11.31,0.3818,0.1036,4.0
Buggerru,2024,8,129.92,0.076,6.1189,0.2015,11.28,0.0551,11.31,0.3818,0.134,4.0
Buggerru,2024,9,83.48,0.0488,3.9318,0.1295,11.28,0.0551,11.31,0.3818,0.1074,4.0
Buggerru,2024,10,51.57,0.0302,2.4288,0.08,11.28,0.0551,11.31,0.3818,0.0844,4.0
Buggerru,2024,11,4.95,0.0029,0.2329,0.0077,11.28,0.0551,11.31,0.3818,0.0262,4.0
Buggerru,2024,12,2.61,0.0015,0.1228,0.004,11.28,0.0551,11.31,0.3818,0.0188,4.0
Bultei,2024,1,0.03,0.0,0.0037,0.0001,0.32,0.0016,1.02,0.0344,0.0,4.0
Bultei,2024,2,0.03,0.0,0.0035,0.0001,0.32,0.0016,1.02,0.0344,0.0,4.0
Bultei,2024,3,0.04,0.0,0.0048,0.0002,0.32,0.0016,1.02,0.0344,0.0,4.0
Bultei,2024,4,0.07,0.0,0.0078,0.0003,0.32,0.0016,1.02,0.0344,0.0,4.0
Bultei,2024,5,0.07,0.0,0.0087,0.0003,0.32,0.0016,1.02,0.0344,0.0,4.0
Bultei,2024,6,0.14,0.0001,0.0168,0.0006,0.32,0.0016,1.02,0.0344,0.0013,4.0
Bultei,2024,7,0.19,0.0001,0.0227,0.0007,0.32,0.0016,1.02,0.0344,0.0014,4.0
Bultei,2024,8,0.38,0.0002,0.0454,0.0015,0.32,0.0016,1.02,0.0344,0.002,4.0
Bultei,2024,9,0.11,0.0001,0.0128,0.0004,0.32,0.0016,1.02,0.0344,0.0012,4.0
Bultei,2024,10,0.06,0.0,0.0078,0.0003,0.32,0.0016,1.02,0.0344,0.0,4.0
Bultei,2024,11,0.03,0.0,0.004,0.0001,0.32,0.0016,1.02,0.0344,0.0,4.0
Bultei,2024,12,0.04,0.0,0.005,0.0002,0.32,0.0016,1.02,0.0344,0.0,4.0
Bulzi,2024,1,,,,,0.09,0.0004,0.0,0.0,0.0,2.0
Bulzi,2024,2,,,,,0.09,0.0004,0.0,0.0,0.0,2.0
Bulzi,2024,3,,,,,0.09,0.0004,0.0,0.0,0.0,2.0
Bulzi,2024,4,,,,,0.09,0.0004,0.0,0.0,0.0,2.0
Bulzi,2024,5,,,,,0.09,0.0004,0.0,0.0,0.0,2.0
Bulzi,2024,6,,,,,0.09,0.0004,0.0,0.0,0.0,2.0
Bulzi,2024,7,,,,,0.09,0.0004,0.0,0.0,0.0,2.0
Bulzi,2024,8,,,,,0.09,0.0004,0.0,0.0,0.0,2.0
Bulzi,2024,9,,,,,0.09,0.0004,0.0,0.0,0.0,2.0
Bulzi,2024,10,,,,,0.09,0.0004,0.0,0.0,0.0,2.0
Bulzi,2024,11,,,,,0.09,0.0004,0.0,0.0,0.0,2.0
Bulzi,2024,12,,,,,0.09,0.0004,0.0,0.0,0.0,2.0
Burcei,2024,1,0.0,0.0,0.0001,0.0,0.2,0.001,4.27,0.1442,0.0,4.0
Burcei,2024,2,0.0,0.0,0.0001,0.0,0.2,0.001,4.27,0.1442,0.0,4.0
Burcei,2024,3,0.0,0.0,0.0002,0.0,0.2,0.001,4.27,0.1442,0.0,4.0
Burcei,2024,4,0.01,0.0,0.0003,0.0,0.2,0.001,4.27,0.1442,0.0,4.0
Burcei,2024,5,0.1,0.0001,0.0038,0.0001,0.2,0.001,4.27,0.1442,0.0011,4.0
Burcei,2024,6,0.29,0.0002,0.0106,0.0003,0.2,0.001,4.27,0.1442,0.0017,4.0
Burcei,2024,7,0.66,0.0004,0.0238,0.0008,0.2,0.001,4.27,0.1442,0.0026,4.0
Burcei,2024,8,1.69,0.001,0.0612,0.002,0.2,0.001,4.27,0.1442,0.0041,4.0
Burcei,2024,9,0.22,0.0001,0.0081,0.0003,0.2,0.001,4.27,0.1442,0.0014,4.0
Burcei,2024,10,0.12,0.0001,0.0045,0.0001,0.2,0.001,4.27,0.1442,0.0011,4.0
Burcei,2024,11,0.0,0.0,0.0002,0.0,0.2,0.001,4.27,0.1442,0.0,4.0
Burcei,2024,12,0.01,0.0,0.0002,0.0,0.2,0.001,4.27,0.1442,0.0,4.0
Burgos,2024,1,,,,,0.0,0.0,,,0.0,1.0
Burgos,2024,2,,,,,0.0,0.0,,,0.0,1.0
Burgos,2024,3,,,,,0.0,0.0,,,0.0,1.0
Burgos,2024,4,,,,,0.0,0.0,,,0.0,1.0
Burgos,2024,5,,,,,0.0,0.0,,,0.0,1.0
Burgos,2024,6,,,,,0.0,0.0,,,0.0,1.0
Burgos,2024,7,,,,,0.0,0.0,,,0.0,1.0
Burgos,2024,8,,,,,0.0,0.0,,,0.0,1.0
Burgos,2024,9,,,,,0.0,0.0,,,0.0,1.0
Burgos,2024,10,,,,,0.0,0.0,,,0.0,1.0
Burgos,2024,11,,,,,0.0,0.0,,,0.0,1.0
Burgos,2024,12,,,,,0.0,0.0,,,0.0,1.0
Busachi,2024,1,0.01,0.0,0.0005,0.0,0.27,0.0013,0.34,0.0115,0.0,4.0
Busachi,2024,2,0.01,0.0,0.0005,0.0,0.27,0.0013,0.34,0.0115,0.0,4.0
Busachi,2024,3,0.01,0.0,0.0007,0.0,0.27,0.0013,0.34,0.0115,0.0,4.0
Busachi,2024,4,0.02,0.0,0.0011,0.0,0.27,0.0013,0.34,0.0115,0.0,4.0
Busachi,2024,5,0.02,0.0,0.0013,0.0,0.27,0.0013,0.34,0.0115,0.0,4.0
Busachi,2024,6,0.05,0.0,0.0025,0.0001,0.27,0.0013,0.34,0.0115,0.0,4.0
Busachi,2024,7,0.06,0.0,0.0033,0.0001,0.27,0.0013,0.34,0.0115,0.0,4.0
Busachi,2024,8,0.06,0.0,0.0034,0.0001,0.27,0.0013,0.34,0.0115,0.0,4.0
Busachi,2024,9,0.04,0.0,0.0019,0.0001,0.27,0.0013,0.34,0.0115,0.0,4.0
Busachi,2024,10,0.02,0.0,0.0011,0.0,0.27,0.0013,0.34,0.0115,0.0,4.0
Busachi,2024,11,0.01,0.0,0.0006,0.0,0.27,0.0013,0.34,0.0115,0.0,4.0
Busachi,2024,12,0.01,0.0,0.0007,0.0,0.27,0.0013,0.34,0.0115,0.0,4.0
Cabras,2024,1,4.84,0.0028,0.0559,0.0018,31.18,0.1522,8.11,0.2738,0.0214,4.0
Cabras,2024,2,6.45,0.0038,0.0745,0.0025,31.18,0.1522,8.11,0.2738,0.0251,4.0
Cabras,2024,3,5.25,0.0031,0.0606,0.002,31.18,0.1522,8.11,0.2738,0.0225,4.0
Cabras,2024,4,28.08,0.0164,0.3243,0.0107,31.18,0.1522,8.11,0.2738,0.052,4.0
Cabras,2024,5,59.02,0.0345,0.6816,0.0224,31.18,0.1522,8.11,0.2738,0.0753,4.0
Cabras,2024,6,125.82,0.0736,1.4531,0.0478,31.18,0.1522,8.11,0.2738,0.11,4.0
Cabras,2024,7,208.63,0.122,2.4094,0.0793,31.18,0.1522,8.11,0.2738,0.1417,4.0
Cabras,2024,8,264.89,0.1549,3.059,0.1007,31.18,0.1522,8.11,0.2738,0.1597,4.0
Cabras,2024,9,153.2,0.0896,1.7692,0.0583,31.18,0.1522,8.11,0.2738,0.1215,4.0
Cabras,2024,10,52.13,0.0305,0.602,0.0198,31.18,0.1522,8.11,0.2738,0.0708,4.0
Cabras,2024,11,5.8,0.0034,0.067,0.0022,31.18,0.1522,8.11,0.2738,0.0236,4.0
Cabras,2024,12,9.3,0.0054,0.1073,0.0035,31.18,0.1522,8.11,0.2738,0.0298,4.0
Cagliari,2024,1,357.41,0.209,0.2059,0.0068,173.25,0.8459,17.96,0.6063,0.1643,4.0
Cagliari,2024,2,410.31,0.2399,0.2364,0.0078,173.25,0.8459,17.96,0.6063,0.176,4.0
Cagliari,2024,3,498.87,0.2917,0.2874,0.0095,173.25,0.8459,17.96,0.6063,0.1942,4.0
Cagliari,2024,4,888.88,0.5197,0.512,0.0169,173.25,0.8459,17.96,0.6063,0.2591,4.0
Cagliari,2024,5,1119.47,0.6545,0.6449,0.0212,173.25,0.8459,17.96,0.6063,0.2904,4.0
Cagliari,2024,6,1308.42,0.765,0.7537,0.0248,173.25,0.8459,17.96,0.6063,0.3141,4.0
Cagliari,2024,7,1571.39,0.9187,0.9052,0.0298,173.25,0.8459,17.96,0.6063,0.3442,4.0
Cagliari,2024,8,1785.45,1.0,1.0285,0.0339,173.25,0.8459,17.96,0.6063,0.3631,4.0
Cagliari,2024,9,1419.1,0.8297,0.8175,0.0269,173.25,0.8459,17.96,0.6063,0.3271,4.0
Cagliari,2024,10,1058.14,0.6186,0.6095,0.0201,173.25,0.8459,17.96,0.6063,0.2826,4.0
Cagliari,2024,11,481.83,0.2817,0.2776,0.0091,173.25,0.8459,17.96,0.6063,0.1904,4.0
Cagliari,2024,12,457.61,0.2675,0.2636,0.0087,173.25,0.8459,17.96,0.6063,0.1859,4.0
Calangianus,2024,1,0.21,0.0001,0.007,0.0002,0.94,0.0046,6.98,0.2357,0.0022,4.0
Calangianus,2024,2,0.2,0.0001,0.0067,0.0002,0.94,0.0046,6.98,0.2357,0.0022,4.0
Calangianus,2024,3,0.23,0.0001,0.0076,0.0003,0.94,0.0046,6.98,0.2357,0.0024,4.0
Calangianus,2024,4,0.61,0.0004,0.0206,0.0007,0.94,0.0046,6.98,0.2357,0.0042,4.0
Calangianus,2024,5,2.89,0.0017,0.097,0.0032,0.94,0.0046,6.98,0.2357,0.0088,4.0
Calangianus,2024,6,3.06,0.0018,0.1026,0.0034,0.94,0.0046,6.98,0.2357,0.009,4.0
Calangianus,2024,7,5.02,0.0029,0.1686,0.0056,0.94,0.0046,6.98,0.2357,0.0115,4.0
Calangianus,2024,8,6.25,0.0037,0.2098,0.0069,0.94,0.0046,6.98,0.2357,0.0129,4.0
Calangianus,2024,9,2.52,0.0015,0.0845,0.0028,0.94,0.0046,6.98,0.2357,0.0082,4.0
Calangianus,2024,10,2.63,0.0015,0.0883,0.0029,0.94,0.0046,6.98,0.2357,0.0083,4.0
Calangianus,2024,11,0.46,0.0003,0.0155,0.0005,0.94,0.0046,6.98,0.2357,0.0036,4.0
Calangianus,2024,12,0.01,0.0,0.0002,0.0,0.94,0.0046,6.98,0.2357,0.0,4.0
Calasetta,2024,1,2.92,0.0017,0.0323,0.0011,89.93,0.4391,5.91,0.1995,0.0201,4.0
Calasetta,2024,2,4.04,0.0024,0.0447,0.0015,89.93,0.4391,5.91,0.1995,0.0237,4.0
Calasetta,2024,3,6.02,0.0035,0.0666,0.0022,89.93,0.4391,5.91,0.1995,0.0287,4.0
Calasetta,2024,4,36.33,0.0212,0.402,0.0132,89.93,0.4391,5.91,0.1995,0.0704,4.0
Calasetta,2024,5,108.86,0.0636,1.2045,0.0397,89.93,0.4391,5.91,0.1995,0.122,4.0
Calasetta,2024,6,285.36,0.1668,3.1574,0.104,89.93,0.4391,5.91,0.1995,0.1974,4.0
Calasetta,2024,7,473.3,0.2767,5.2368,0.1724,89.93,0.4391,5.91,0.1995,0.2543,4.0
Calasetta,2024,8,587.16,0.3433,6.4966,0.2139,89.93,0.4391,5.91,0.1995,0.2832,4.0
Calasetta,2024,9,329.45,0.1926,3.6452,0.12,89.93,0.4391,5.91,0.1995,0.2121,4.0
Calasetta,2024,10,94.1,0.055,1.0411,0.0343,89.93,0.4391,5.91,0.1995,0.1134,4.0
Calasetta,2024,11,5.16,0.003,0.0571,0.0019,89.93,0.4391,5.91,0.1995,0.0266,4.0
Calasetta,2024,12,5.77,0.0034,0.0638,0.0021,89.93,0.4391,5.91,0.1995,0.0281,4.0
Capoterra,2024,1,10.17,0.0059,0.03,0.001,19.14,0.0934,12.97,0.4379,0.0222,4.0
Capoterra,2024,2,12.02,0.007,0.0355,0.0012,19.14,0.0934,12.97,0.4379,0.0242,4.0
Capoterra,2024,3,16.13,0.0094,0.0476,0.0016,19.14,0.0934,12.97,0.4379,0.028,4.0
Capoterra,2024,4,67.1,0.0392,0.1982,0.0065,19.14,0.0934,12.97,0.4379,0.0568,4.0
Capoterra,2024,5,90.61,0.053,0.2677,0.0088,19.14,0.0934,12.97,0.4379,0.0661,4.0
Capoterra,2024,6,123.07,0.072,0.3636,0.012,19.14,0.0934,12.97,0.4379,0.0771,4.0
Capoterra,2024,7,163.17,0.0954,0.482,0.0159,19.14,0.0934,12.97,0.4379,0.0887,4.0
Capoterra,2024,8,197.45,0.1154,0.5833,0.0192,19.14,0.0934,12.97,0.4379,0.0976,4.0
Capoterra,2024,9,125.78,0.0735,0.3716,0.0122,19.14,0.0934,12.97,0.4379,0.0778,4.0
Capoterra,2024,10,81.51,0.0477,0.2408,0.0079,19.14,0.0934,12.97,0.4379,0.0627,4.0
Capoterra,2024,11,10.82,0.0063,0.0319,0.0011,19.14,0.0934,12.97,0.4379,0.0231,4.0
Capoterra,2024,12,8.46,0.0049,0.025,0.0008,19.14,0.0934,12.97,0.4379,0.02,4.0
Carbonia,2024,1,9.37,0.0055,0.0527,0.0017,5.03,0.0246,17.11,0.5777,0.0191,4.0
Carbonia,2024,2,10.86,0.0063,0.0611,0.002,5.03,0.0246,17.11,0.5777,0.0206,4.0
Carbonia,2024,3,10.35,0.0061,0.0582,0.0019,5.03,0.0246,17.11,0.5777,0.0201,4.0
Carbonia,2024,4,18.56,0.0109,0.1043,0.0034,5.03,0.0246,17.11,0.5777,0.0269,4.0
Carbonia,2024,5,18.56,0.0109,0.1043,0.0034,5.03,0.0246,17.11,0.5777,0.0269,4.0
Carbonia,2024,6,26.33,0.0154,0.148,0.0049,5.03,0.0246,17.11,0.5777,0.0322,4.0
Carbonia,2024,7,38.92,0.0228,0.2188,0.0072,5.03,0.0246,17.11,0.5777,0.0391,4.0
Carbonia,2024,8,48.83,0.0285,0.2745,0.009,5.03,0.0246,17.11,0.5777,0.0437,4.0
Carbonia,2024,9,54.27,0.0317,0.3051,0.01,5.03,0.0246,17.11,0.5777,0.0461,4.0
Carbonia,2024,10,42.29,0.0247,0.2378,0.0078,5.03,0.0246,17.11,0.5777,0.0407,4.0
Carbonia,2024,11,23.99,0.014,0.1349,0.0044,5.03,0.0246,17.11,0.5777,0.0306,4.0
Carbonia,2024,12,11.57,0.0068,0.0651,0.0021,5.03,0.0246,17.11,0.5777,0.0212,4.0
Cardedu,2024,1,0.3,0.0002,0.0051,0.0002,54.69,0.267,23.17,0.7822,0.0096,4.0
Cardedu,2024,2,,,,,54.69,0.267,23.17,0.7822,0.457,2.0
Cardedu,2024,3,9.0,0.0053,0.1526,0.005,54.69,0.267,23.17,0.7822,0.0485,4.0
Cardedu,2024,4,103.5,0.0605,1.7552,0.0578,54.69,0.267,23.17,0.7822,0.1644,4.0
Cardedu,2024,5,461.73,0.2699,7.8302,0.2578,54.69,0.267,23.17,0.7822,0.3472,4.0
Cardedu,2024,6,875.79,0.512,14.852,0.489,54.69,0.267,23.17,0.7822,0.4782,4.0
Cardedu,2024,7,1238.92,0.7243,21.0101,0.6918,54.69,0.267,23.17,0.7822,0.5688,4.0
Cardedu,2024,8,1370.15,0.8011,23.2357,0.7651,54.69,0.267,23.17,0.7822,0.5981,4.0
Cardedu,2024,9,831.23,0.486,14.0963,0.4642,54.69,0.267,23.17,0.7822,0.4659,4.0
Cardedu,2024,10,386.44,0.2259,6.5535,0.2158,54.69,0.267,23.17,0.7822,0.3177,4.0
Cardedu,2024,11,14.32,0.0084,0.2428,0.008,54.69,0.267,23.17,0.7822,0.0612,4.0
Cardedu,2024,12,6.61,0.0039,0.112,0.0037,54.69,0.267,23.17,0.7822,0.0417,4.0
Cargeghe,2024,1,,,,,0.0,0.0,,,0.0,1.0
Cargeghe,2024,2,,,,,0.0,0.0,,,0.0,1.0
Cargeghe,2024,3,,,,,0.0,0.0,,,0.0,1.0
Cargeghe,2024,4,,,,,0.0,0.0,,,0.0,1.0
Cargeghe,2024,5,,,,,0.0,0.0,,,0.0,1.0
Cargeghe,2024,6,,,,,0.0,0.0,,,0.0,1.0
Cargeghe,2024,7,,,,,0.0,0.0,,,0.0,1.0
Cargeghe,2024,8,,,,,0.0,0.0,,,0.0,1.0
Cargeghe,2024,9,,,,,0.0,0.0,,,0.0,1.0
Cargeghe,2024,10,,,,,0.0,0.0,,,0.0,1.0
Cargeghe,2024,11,,,,,0.0,0.0,,,0.0,1.0
Cargeghe,2024,12,,,,,0.0,0.0,,,0.0,1.0
Carloforte,2024,1,4.17,0.0024,0.036,0.0012,42.18,0.2059,5.76,0.1945,0.0184,4.0
Carloforte,2024,2,8.03,0.0047,0.0693,0.0023,42.18,0.2059,5.76,0.1945,0.0257,4.0
Carloforte,2024,3,15.3,0.0089,0.1319,0.0043,42.18,0.2059,5.76,0.1945,0.0352,4.0
Carloforte,2024,4,30.27,0.0177,0.261,0.0086,42.18,0.2059,5.76,0.1945,0.0497,4.0
Carloforte,2024,5,75.16,0.0439,0.6481,0.0213,42.18,0.2059,5.76,0.1945,0.0782,4.0
Carloforte,2024,6,116.61,0.0682,1.0056,0.0331,42.18,0.2059,5.76,0.1945,0.0975,4.0
Carloforte,2024,7,188.71,0.1103,1.6273,0.0536,42.18,0.2059,5.76,0.1945,0.124,4.0
Carloforte,2024,8,246.49,0.1441,2.1255,0.07,42.18,0.2059,5.76,0.1945,0.1418,4.0
Carloforte,2024,9,138.18,0.0808,1.1916,0.0392,42.18,0.2059,5.76,0.1945,0.1061,4.0
Carloforte,2024,10,50.65,0.0296,0.4367,0.0144,42.18,0.2059,5.76,0.1945,0.0643,4.0
Carloforte,2024,11,8.58,0.005,0.074,0.0024,42.18,0.2059,5.76,0.1945,0.0263,4.0
Carloforte,2024,12,5.35,0.0031,0.0461,0.0015,42.18,0.2059,5.76,0.1945,0.0208,4.0
Castelsardo,2024,1,4.29,0.0025,0.0334,0.0011,127.04,0.6203,12.34,0.4166,0.029,4.0
Castelsardo,2024,2,2.67,0.0016,0.0208,0.0007,127.04,0.6203,12.34,0.4166,0.0232,4.0
Castelsardo,2024,3,24.32,0.0142,0.1893,0.0062,127.04,0.6203,12.34,0.4166,0.0691,4.0
Castelsardo,2024,4,170.25,0.0995,1.3253,0.0436,127.04,0.6203,12.34,0.4166,0.183,4.0
Castelsardo,2024,5,435.96,0.2549,3.3938,0.1118,127.04,0.6203,12.34,0.4166,0.2929,4.0
Castelsardo,2024,6,702.77,0.4109,5.4708,0.1801,127.04,0.6203,12.34,0.4166,0.3719,4.0
Castelsardo,2024,7,1083.38,0.6334,8.4336,0.2777,127.04,0.6203,12.34,0.4166,0.4617,4.0
Castelsardo,2024,8,1154.86,0.6752,8.99,0.296,127.04,0.6203,12.34,0.4166,0.4767,4.0
Castelsardo,2024,9,1011.3,0.5913,7.8725,0.2592,127.04,0.6203,12.34,0.4166,0.4461,4.0
Castelsardo,2024,10,624.3,0.365,4.8599,0.16,127.04,0.6203,12.34,0.4166,0.3505,4.0
Castelsardo,2024,11,248.74,0.1454,1.9364,0.0638,127.04,0.6203,12.34,0.4166,0.2213,4.0
Castelsardo,2024,12,260.19,0.1521,2.0254,0.0667,127.04,0.6203,12.34,0.4166,0.2263,4.0
Castiadas,2024,1,0.28,0.0002,0.0171,0.0006,42.44,0.2072,21.02,0.7097,0.0115,4.0
Castiadas,2024,2,0.0,0.0,0.0001,0.0,42.44,0.2072,21.02,0.7097,0.0,4.0
Castiadas,2024,3,3.8,0.0022,0.2315,0.0076,42.44,0.2072,21.02,0.7097,0.0396,4.0
Castiadas,2024,4,15.71,0.0092,0.9574,0.0315,42.44,0.2072,21.02,0.7097,0.0808,4.0
Castiadas,2024,5,167.44,0.0979,10.2046,0.336,42.44,0.2072,21.02,0.7097,0.2637,4.0
Castiadas,2024,6,698.34,0.4083,42.5592,1.0,42.44,0.2072,21.02,0.7097,0.495,4.0
Castiadas,2024,7,784.54,0.4587,47.8124,1.0,42.44,0.2072,21.02,0.7097,0.5096,4.0
Castiadas,2024,8,836.03,0.4888,50.9501,1.0,42.44,0.2072,21.02,0.7097,0.5178,4.0
Castiadas,2024,9,628.76,0.3676,38.3183,1.0,42.44,0.2072,21.02,0.7097,0.4822,4.0
Castiadas,2024,10,119.77,0.07,7.2989,0.2403,42.44,0.2072,21.02,0.7097,0.223,4.0
Castiadas,2024,11,1.31,0.0008,0.0797,0.0026,42.44,0.2072,21.02,0.7097,0.0235,4.0
Castiadas,2024,12,0.69,0.0004,0.0423,0.0014,42.44,0.2072,21.02,0.7097,0.0169,4.0
Cheremule,2024,1,0.01,0.0,0.0006,0.0,0.61,0.003,11.23,0.3791,0.0,4.0
Cheremule,2024,2,0.01,0.0,0.0005,0.0,0.61,0.003,11.23,0.3791,0.0,4.0
Cheremule,2024,3,1.51,0.0009,0.0949,0.0031,0.61,0.003,11.23,0.3791,0.0075,4.0
Cheremule,2024,4,1.52,0.0009,0.0953,0.0031,0.61,0.003,11.23,0.3791,0.0075,4.0
Cheremule,2024,5,2.9,0.0017,0.1819,0.006,0.61,0.003,11.23,0.3791,0.0104,4.0
Cheremule,2024,6,1.62,0.0009,0.1017,0.0033,0.61,0.003,11.23,0.3791,0.0076,4.0
Cheremule,2024,7,3.74,0.0022,0.2349,0.0077,0.61,0.003,11.23,0.3791,0.0118,4.0
Cheremule,2024,8,4.88,0.0029,0.3062,0.0101,0.61,0.003,11.23,0.3791,0.0135,4.0
Cheremule,2024,9,4.28,0.0025,0.2691,0.0089,0.61,0.003,11.23,0.3791,0.0126,4.0
Cheremule,2024,10,4.44,0.0026,0.2785,0.0092,0.61,0.003,11.23,0.3791,0.0128,4.0
Cheremule,2024,11,0.01,0.0,0.0006,0.0,0.61,0.003,11.23,0.3791,0.0,4.0
Cheremule,2024,12,0.01,0.0,0.0007,0.0,0.61,0.003,11.23,0.3791,0.0,4.0
Chiaramonti,2024,1,0.0,0.0,0.0002,0.0,0.37,0.0018,7.02,0.237,0.0,4.0
Chiaramonti,2024,2,0.0,0.0,0.0002,0.0,0.37,0.0018,7.02,0.237,0.0,4.0
Chiaramonti,2024,3,0.0,0.0,0.0002,0.0,0.37,0.0018,7.02,0.237,0.0,4.0
Chiaramonti,2024,4,0.31,0.0002,0.02,0.0007,0.37,0.0018,7.02,0.237,0.0028,4.0
Chiaramonti,2024,5,1.42,0.0008,0.0921,0.003,0.37,0.0018,7.02,0.237,0.0057,4.0
Chiaramonti,2024,6,1.17,0.0007,0.0754,0.0025,0.37,0.0018,7.02,0.237,0.0052,4.0
Chiaramonti,2024,7,0.96,0.0006,0.0619,0.002,0.37,0.0018,7.02,0.237,0.0048,4.0
Chiaramonti,2024,8,2.89,0.0017,0.1871,0.0062,0.37,0.0018,7.02,0.237,0.0082,4.0
Chiaramonti,2024,9,0.95,0.0006,0.0615,0.002,0.37,0.0018,7.02,0.237,0.0048,4.0
Chiaramonti,2024,10,1.89,0.0011,0.1222,0.004,0.37,0.0018,7.02,0.237,0.0066,4.0
Chiaramonti,2024,11,0.0,0.0,0.0002,0.0,0.37,0.0018,7.02,0.237,0.0,4.0
Chiaramonti,2024,12,0.0,0.0,0.0002,0.0,0.37,0.0018,7.02,0.237,0.0,4.0
Codrongianos,2024,1,0.21,0.0001,0.0052,0.0002,1.47,0.0072,3.89,0.1313,0.0021,4.0
Codrongianos,2024,2,0.02,0.0,0.0004,0.0,1.47,0.0072,3.89,0.1313,0.0,4.0
Codrongianos,2024,3,0.02,0.0,0.0006,0.0,1.47,0.0072,3.89,0.1313,0.0,4.0
Codrongianos,2024,4,0.04,0.0,0.0009,0.0,1.47,0.0072,3.89,0.1313,0.0,4.0
Codrongianos,2024,5,0.76,0.0004,0.0184,0.0006,1.47,0.0072,3.89,0.1313,0.0039,4.0
Codrongianos,2024,6,2.73,0.0016,0.0659,0.0022,1.47,0.0072,3.89,0.1313,0.0076,4.0
Codrongianos,2024,7,3.44,0.002,0.0832,0.0027,1.47,0.0072,3.89,0.1313,0.0085,4.0
Codrongianos,2024,8,8.02,0.0047,0.1937,0.0064,1.47,0.0072,3.89,0.1313,0.013,4.0
Codrongianos,2024,9,3.07,0.0018,0.0741,0.0024,1.47,0.0072,3.89,0.1313,0.008,4.0
Codrongianos,2024,10,1.61,0.0009,0.0388,0.0013,1.47,0.0072,3.89,0.1313,0.0058,4.0
Codrongianos,2024,11,0.02,0.0,0.0005,0.0,1.47,0.0072,3.89,0.1313,0.0,4.0
Codrongianos,2024,12,0.94,0.0005,0.0227,0.0007,1.47,0.0072,3.89,0.1313,0.0043,4.0
Collinas,2024,1,0.06,0.0,0.0015,0.0,0.77,0.0038,4.93,0.1664,0.0,4.0
Collinas,2024,2,0.05,0.0,0.0014,0.0,0.77,0.0038,4.93,0.1664,0.0,4.0
Collinas,2024,3,0.07,0.0,0.002,0.0001,0.77,0.0038,4.93,0.1664,0.0,4.0
Collinas,2024,4,1.57,0.0009,0.043,0.0014,0.77,0.0038,4.93,0.1664,0.0053,4.0
Collinas,2024,5,5.26,0.0031,0.144,0.0047,0.77,0.0038,4.93,0.1664,0.0098,4.0
Collinas,2024,6,1.42,0.0008,0.0388,0.0013,0.77,0.0038,4.93,0.1664,0.0051,4.0
Collinas,2024,7,2.09,0.0012,0.0572,0.0019,0.77,0.0038,4.93,0.1664,0.0062,4.0
Collinas,2024,8,2.96,0.0017,0.0811,0.0027,0.77,0.0038,4.93,0.1664,0.0073,4.0
Collinas,2024,9,0.19,0.0001,0.0053,0.0002,0.77,0.0038,4.93,0.1664,0.0019,4.0
Collinas,2024,10,0.12,0.0001,0.0032,0.0001,0.77,0.0038,4.93,0.1664,0.0016,4.0
Collinas,2024,11,0.06,0.0,0.0017,0.0001,0.77,0.0038,4.93,0.1664,0.0,4.0
Collinas,2024,12,0.08,0.0,0.0021,0.0001,0.77,0.0038,4.93,0.1664,0.0,4.0
Cossoine,2024,1,0.02,0.0,0.0009,0.0,0.85,0.0041,4.15,0.1401,0.0,4.0
Cossoine,2024,2,0.02,0.0,0.0008,0.0,0.85,0.0041,4.15,0.1401,0.0,4.0
Cossoine,2024,3,0.02,0.0,0.0012,0.0,0.85,0.0041,4.15,0.1401,0.0,4.0
Cossoine,2024,4,0.04,0.0,0.0019,0.0001,0.85,0.0041,4.15,0.1401,0.0,4.0
Cossoine,2024,5,0.04,0.0,0.0021,0.0001,0.85,0.0041,4.15,0.1401,0.0,4.0
Cossoine,2024,6,1.36,0.0008,0.0705,0.0023,0.85,0.0041,4.15,0.1401,0.0057,4.0
Cossoine,2024,7,3.11,0.0018,0.1609,0.0053,0.85,0.0041,4.15,0.1401,0.0086,4.0
Cossoine,2024,8,5.13,0.003,0.2659,0.0088,0.85,0.0041,4.15,0.1401,0.0111,4.0
Cossoine,2024,9,0.67,0.0004,0.035,0.0012,0.85,0.0041,4.15,0.1401,0.0041,4.0
Cossoine,2024,10,1.01,0.0006,0.0524,0.0017,0.85,0.0041,4.15,0.1401,0.0049,4.0
Cossoine,2024,11,1.38,0.0008,0.0714,0.0024,0.85,0.0041,4.15,0.1401,0.0058,4.0
Cossoine,2024,12,0.02,0.0,0.0012,0.0,0.85,0.0041,4.15,0.1401,0.0,4.0
Cuglieri,2024,1,0.74,0.0004,0.0364,0.0012,19.51,0.0953,16.46,0.5557,0.0126,4.0
Cuglieri,2024,2,1.13,0.0007,0.0556,0.0018,19.51,0.0953,16.46,0.5557,0.0161,4.0
Cuglieri,2024,3,1.68,0.001,0.0826,0.0027,19.51,0.0953,16.46,0.5557,0.0194,4.0
Cuglieri,2024,4,31.0,0.0181,1.5237,0.0502,19.51,0.0953,16.46,0.5557,0.0833,4.0
Cuglieri,2024,5,99.5,0.0582,4.89,0.161,19.51,0.0953,16.46,0.5557,0.1493,4.0
Cuglieri,2024,6,177.08,0.1035,8.7028,0.2866,19.51,0.0953,16.46,0.5557,0.1991,4.0
Cuglieri,2024,7,284.25,0.1662,13.9702,0.46,19.51,0.0953,16.46,0.5557,0.2522,4.0
Cuglieri,2024,8,341.09,0.1994,16.7637,0.552,19.51,0.0953,16.46,0.5557,0.2763,4.0
Cuglieri,2024,9,177.96,0.104,8.7461,0.288,19.51,0.0953,16.46,0.5557,0.1996,4.0
Cuglieri,2024,10,54.84,0.0321,2.6954,0.0888,19.51,0.0953,16.46,0.5557,0.1108,4.0
Cuglieri,2024,11,1.41,0.0008,0.0691,0.0023,19.51,0.0953,16.46,0.5557,0.0177,4.0
Cuglieri,2024,12,1.12,0.0007,0.0552,0.0018,19.51,0.0953,16.46,0.5557,0.0161,4.0
Curcuris,2024,1,,,,,0.0,0.0,,,0.0,1.0
Curcuris,2024,2,,,,,0.0,0.0,,,0.0,1.0
Curcuris,2024,3,,,,,0.0,0.0,,,0.0,1.0
Curcuris,2024,4,,,,,0.0,0.0,,,0.0,1.0
Curcuris,2024,5,,,,,0.0,0.0,,,0.0,1.0
Curcuris,2024,6,,,,,0.0,0.0,,,0.0,1.0
Curcuris,2024,7,,,,,0.0,0.0,,,0.0,1.0
Curcuris,2024,8,,,,,0.0,0.0,,,0.0,1.0
Curcuris,2024,9,,,,,0.0,0.0,,,0.0,1.0
Curcuris,2024,10,,,,,0.0,0.0,,,0.0,1.0
Curcuris,2024,11,,,,,0.0,0.0,,,0.0,1.0
Curcuris,2024,12,,,,,0.0,0.0,,,0.0,1.0
Decimomannu,2024,1,1.64,0.001,0.0055,0.0002,4.54,0.0222,4.08,0.1377,0.005,4.0
Decimomannu,2024,2,2.18,0.0013,0.0073,0.0002,4.54,0.0222,4.08,0.1377,0.0053,4.0
Decimomannu,2024,3,2.04,0.0012,0.0068,0.0002,4.54,0.0222,4.08,0.1377,0.0052,4.0
Decimomannu,2024,4,3.61,0.0021,0.012,0.0004,4.54,0.0222,4.08,0.1377,0.0071,4.0
Decimomannu,2024,5,2.64,0.0015,0.0088,0.0003,4.54,0.0222,4.08,0.1377,0.0061,4.0
Decimomannu,2024,6,4.68,0.0027,0.0156,0.0005,4.54,0.0222,4.08,0.1377,0.008,4.0
Decimomannu,2024,7,10.04,0.0059,0.0335,0.0011,4.54,0.0222,4.08,0.1377,0.0119,4.0
Decimomannu,2024,8,18.32,0.0107,0.0612,0.002,4.54,0.0222,4.08,0.1377,0.016,4.0
Decimomannu,2024,9,10.43,0.0061,0.0348,0.0011,4.54,0.0222,4.08,0.1377,0.012,4.0
Decimomannu,2024,10,5.29,0.0031,0.0177,0.0006,4.54,0.0222,4.08,0.1377,0.0087,4.0
Decimomannu,2024,11,3.36,0.002,0.0112,0.0004,4.54,0.0222,4.08,0.1377,0.007,4.0
Decimomannu,2024,12,3.39,0.002,0.0113,0.0004,4.54,0.0222,4.08,0.1377,0.007,4.0
Decimoputzu,2024,1,,,,,0.2,0.001,0.0,0.0,0.0,2.0
Decimoputzu,2024,2,,,,,0.2,0.001,0.0,0.0,0.0,2.0
Decimoputzu,2024,3,,,,,0.2,0.001,0.0,0.0,0.0,2.0
Decimoputzu,2024,4,,,,,0.2,0.001,0.0,0.0,0.0,2.0
Decimoputzu,2024,5,,,,,0.2,0.001,0.0,0.0,0.0,2.0
Decimoputzu,2024,6,,,,,0.2,0.001,0.0,0.0,0.0,2.0
Decimoputzu,2024,7,,,,,0.2,0.001,0.0,0.0,0.0,2.0
Decimoputzu,2024,8,,,,,0.2,0.001,0.0,0.0,0.0,2.0
Decimoputzu,2024,9,,,,,0.2,0.001,0.0,0.0,0.0,2.0
Decimoputzu,2024,10,,,,,0.2,0.001,0.0,0.0,0.0,2.0
Decimoputzu,2024,11,,,,,0.2,0.001,0.0,0.0,0.0,2.0
Decimoputzu,2024,12,,,,,0.2,0.001,0.0,0.0,0.0,2.0
Desulo,2024,1,0.62,0.0004,0.0225,0.0007,1.22,0.006,2.41,0.0814,0.0034,4.0
Desulo,2024,2,0.28,0.0002,0.0103,0.0003,1.22,0.006,2.41,0.0814,0.0023,4.0
Desulo,2024,3,0.54,0.0003,0.0196,0.0006,1.22,0.006,2.41,0.0814,0.0031,4.0
Desulo,2024,4,0.47,0.0003,0.0171,0.0006,1.22,0.006,2.41,0.0814,0.0031,4.0
Desulo,2024,5,1.32,0.0008,0.048,0.0016,1.22,0.006,2.41,0.0814,0.005,4.0
Desulo,2024,6,0.79,0.0005,0.0289,0.001,1.22,0.006,2.41,0.0814,0.004,4.0
Desulo,2024,7,1.01,0.0006,0.0367,0.0012,1.22,0.006,2.41,0.0814,0.0043,4.0
Desulo,2024,8,2.42,0.0014,0.0881,0.0029,1.22,0.006,2.41,0.0814,0.0067,4.0
Desulo,2024,9,0.77,0.0005,0.0279,0.0009,1.22,0.006,2.41,0.0814,0.0039,4.0
Desulo,2024,10,1.1,0.0006,0.0402,0.0013,1.22,0.006,2.41,0.0814,0.0044,4.0
Desulo,2024,11,0.35,0.0002,0.0127,0.0004,1.22,0.006,2.41,0.0814,0.0025,4.0
Desulo,2024,12,1.09,0.0006,0.0397,0.0013,1.22,0.006,2.41,0.0814,0.0044,4.0
Dolianova,2024,1,0.24,0.0001,0.0022,0.0001,2.1,0.0103,2.28,0.077,0.0017,4.0
Dolianova,2024,2,0.01,0.0,0.0001,0.0,2.1,0.0103,2.28,0.077,0.0,4.0
Dolianova,2024,3,0.01,0.0,0.0001,0.0,2.1,0.0103,2.28,0.077,0.0,4.0
Dolianova,2024,4,0.13,0.0001,0.0012,0.0,2.1,0.0103,2.28,0.077,0.0,4.0
Dolianova,2024,5,1.13,0.0007,0.0102,0.0003,2.1,0.0103,2.28,0.077,0.0036,4.0
Dolianova,2024,6,1.74,0.001,0.0156,0.0005,2.1,0.0103,2.28,0.077,0.0045,4.0
Dolianova,2024,7,3.62,0.0021,0.0326,0.0011,2.1,0.0103,2.28,0.077,0.0065,4.0
Dolianova,2024,8,6.21,0.0036,0.0559,0.0018,2.1,0.0103,2.28,0.077,0.0085,4.0
Dolianova,2024,9,1.41,0.0008,0.0127,0.0004,2.1,0.0103,2.28,0.077,0.004,4.0
Dolianova,2024,10,1.45,0.0008,0.013,0.0004,2.1,0.0103,2.28,0.077,0.004,4.0
Dolianova,2024,11,0.77,0.0005,0.0069,0.0002,2.1,0.0103,2.28,0.077,0.003,4.0
Dolianova,2024,12,0.78,0.0005,0.007,0.0002,2.1,0.0103,2.28,0.077,0.003,4.0
Domus De Maria,2024,1,0.3,0.0002,0.0179,0.0006,47.0,0.2295,13.45,0.4541,0.0106,4.0
Domus De Maria,2024,2,0.01,0.0,0.0008,0.0,47.0,0.2295,13.45,0.4541,0.0,4.0
Domus De Maria,2024,3,2.04,0.0012,0.1216,0.004,47.0,0.2295,13.45,0.4541,0.0266,4.0
Domus De Maria,2024,4,44.64,0.0261,2.657,0.0875,47.0,0.2295,13.45,0.4541,0.1242,4.0
Domus De Maria,2024,5,186.6,0.1091,11.1067,0.3657,47.0,0.2295,13.45,0.4541,0.2539,4.0
Domus De Maria,2024,6,347.13,0.2029,20.6615,0.6803,47.0,0.2295,13.45,0.4541,0.3463,4.0
Domus De Maria,2024,7,501.73,0.2933,29.8631,0.9833,47.0,0.2295,13.45,0.4541,0.4164,4.0
Domus De Maria,2024,8,596.54,0.3488,35.5063,1.0,47.0,0.2295,13.45,0.4541,0.4366,4.0
Domus De Maria,2024,9,416.19,0.2433,24.7714,0.8157,47.0,0.2295,13.45,0.4541,0.3792,4.0
Domus De Maria,2024,10,204.75,0.1197,12.1869,0.4013,47.0,0.2295,13.45,0.4541,0.266,4.0
Domus De Maria,2024,11,5.07,0.003,0.3017,0.0099,47.0,0.2295,13.45,0.4541,0.0419,4.0
Domus De Maria,2024,12,1.64,0.001,0.0973,0.0032,47.0,0.2295,13.45,0.4541,0.024,4.0
Domusnovas,2024,1,0.79,0.0005,0.0109,0.0004,2.0,0.0098,2.08,0.0702,0.0034,4.0
Domusnovas,2024,2,0.36,0.0002,0.005,0.0002,2.0,0.0098,2.08,0.0702,0.0023,4.0
Domusnovas,2024,3,1.14,0.0007,0.0157,0.0005,2.0,0.0098,2.08,0.0702,0.0039,4.0
Domusnovas,2024,4,1.35,0.0008,0.0186,0.0006,2.0,0.0098,2.08,0.0702,0.0043,4.0
Domusnovas,2024,5,1.21,0.0007,0.0167,0.0005,2.0,0.0098,2.08,0.0702,0.0039,4.0
Domusnovas,2024,6,1.24,0.0007,0.0171,0.0006,2.0,0.0098,2.08,0.0702,0.0041,4.0
Domusnovas,2024,7,2.21,0.0013,0.0305,0.001,2.0,0.0098,2.08,0.0702,0.0055,4.0
Domusnovas,2024,8,4.2,0.0025,0.0579,0.0019,2.0,0.0098,2.08,0.0702,0.0076,4.0
Domusnovas,2024,9,1.43,0.0008,0.0197,0.0006,2.0,0.0098,2.08,0.0702,0.0043,4.0
Domusnovas,2024,10,0.81,0.0005,0.0112,0.0004,2.0,0.0098,2.08,0.0702,0.0034,4.0
Domusnovas,2024,11,0.24,0.0001,0.0033,0.0001,2.0,0.0098,2.08,0.0702,0.0016,4.0
Domusnovas,2024,12,0.19,0.0001,0.0026,0.0001,2.0,0.0098,2.08,0.0702,0.0016,4.0
Donori,2024,1,,,,,0.4,0.002,0.0,0.0,0.0,2.0
Donori,2024,2,,,,,0.4,0.002,0.0,0.0,0.0,2.0
Donori,2024,3,,,,,0.4,0.002,0.0,0.0,0.0,2.0
Donori,2024,4,,,,,0.4,0.002,0.0,0.0,0.0,2.0
Donori,2024,5,,,,,0.4,0.002,0.0,0.0,0.0,2.0
Donori,2024,6,,,,,0.4,0.002,0.0,0.0,0.0,2.0
Donori,2024,7,,,,,0.4,0.002,0.0,0.0,0.0,2.0
Donori,2024,8,,,,,0.4,0.002,0.0,0.0,0.0,2.0
Donori,2024,9,,,,,0.4,0.002,0.0,0.0,0.0,2.0
Donori,2024,10,,,,,0.4,0.002,0.0,0.0,0.0,2.0
Donori,2024,11,,,,,0.4,0.002,0.0,0.0,0.0,2.0
Donori,2024,12,,,,,0.4,0.002,0.0,0.0,0.0,2.0
Dorgali,2024,1,1.49,0.0009,0.0406,0.0013,33.13,0.1618,18.56,0.6266,0.0186,4.0
Dorgali,2024,2,1.85,0.0011,0.0505,0.0017,33.13,0.1618,18.56,0.6266,0.0209,4.0
Dorgali,2024,3,11.29,0.0066,0.3072,0.0101,33.13,0.1618,18.56,0.6266,0.051,4.0
Dorgali,2024,4,81.03,0.0474,2.2055,0.0726,33.13,0.1618,18.56,0.6266,0.1367,4.0
Dorgali,2024,5,156.03,0.0912,4.2468,0.1398,33.13,0.1618,18.56,0.6266,0.1896,4.0
Dorgali,2024,6,305.51,0.1786,8.3154,0.2738,33.13,0.1618,18.56,0.6266,0.2654,4.0
Dorgali,2024,7,479.0,0.28,13.0376,0.4293,33.13,0.1618,18.56,0.6266,0.3323,4.0
Dorgali,2024,8,543.83,0.3179,14.8022,0.4874,33.13,0.1618,18.56,0.6266,0.354,4.0
Dorgali,2024,9,411.73,0.2407,11.2065,0.369,33.13,0.1618,18.56,0.6266,0.308,4.0
Dorgali,2024,10,237.22,0.1387,6.4569,0.2126,33.13,0.1618,18.56,0.6266,0.2338,4.0
Dorgali,2024,11,10.56,0.0062,0.2875,0.0095,33.13,0.1618,18.56,0.6266,0.0494,4.0
Dorgali,2024,12,5.29,0.0031,0.1439,0.0047,33.13,0.1618,18.56,0.6266,0.0349,4.0
Dualchi,2024,1,,,,,0.26,0.0013,0.0,0.0,0.0,2.0
Dualchi,2024,2,,,,,0.26,0.0013,0.0,0.0,0.0,2.0
Dualchi,2024,3,,,,,0.26,0.0013,0.0,0.0,0.0,2.0
Dualchi,2024,4,,,,,0.26,0.0013,0.0,0.0,0.0,2.0
Dualchi,2024,5,,,,,0.26,0.0013,0.0,0.0,0.0,2.0
Dualchi,2024,6,,,,,0.26,0.0013,0.0,0.0,0.0,2.0
Dualchi,2024,7,,,,,0.26,0.0013,0.0,0.0,0.0,2.0
Dualchi,2024,8,,,,,0.26,0.0013,0.0,0.0,0.0,2.0
Dualchi,2024,9,,,,,0.26,0.0013,0.0,0.0,0.0,2.0
Dualchi,2024,10,,,,,0.26,0.0013,0.0,0.0,0.0,2.0
Dualchi,2024,11,,,,,0.26,0.0013,0.0,0.0,0.0,2.0
Dualchi,2024,12,,,,,0.26,0.0013,0.0,0.0,0.0,2.0
Elini,2024,1,0.3,0.0002,0.0059,0.0002,1.63,0.008,3.33,0.1124,0.0024,4.0
Elini,2024,2,0.28,0.0002,0.0055,0.0002,1.63,0.008,3.33,0.1124,0.0024,4.0
Elini,2024,3,0.38,0.0002,0.0076,0.0003,1.63,0.008,3.33,0.1124,0.0027,4.0
Elini,2024,4,0.63,0.0004,0.0125,0.0004,1.63,0.008,3.33,0.1124,0.0035,4.0
Elini,2024,5,0.69,0.0004,0.0139,0.0005,1.63,0.008,3.33,0.1124,0.0037,4.0
Elini,2024,6,1.34,0.0008,0.0267,0.0009,1.63,0.008,3.33,0.1124,0.005,4.0
Elini,2024,7,8.53,0.005,0.1705,0.0056,1.63,0.008,3.33,0.1124,0.0126,4.0
Elini,2024,8,5.38,0.0031,0.1075,0.0035,1.63,0.008,3.33,0.1124,0.0099,4.0
Elini,2024,9,1.02,0.0006,0.0204,0.0007,1.63,0.008,3.33,0.1124,0.0044,4.0
Elini,2024,10,0.62,0.0004,0.0124,0.0004,1.63,0.008,3.33,0.1124,0.0035,4.0
Elini,2024,11,0.32,0.0002,0.0064,0.0002,1.63,0.008,3.33,0.1124,0.0024,4.0
Elini,2024,12,0.4,0.0002,0.0081,0.0003,1.63,0.008,3.33,0.1124,0.0027,4.0
Elmas,2024,1,35.55,0.0208,0.0523,0.0017,14.99,0.0732,15.71,0.5304,0.0342,4.0
Elmas,2024,2,57.4,0.0336,0.0844,0.0028,14.99,0.0732,15.71,0.5304,0.0437,4.0
Elmas,2024,3,33.48,0.0196,0.0493,0.0016,14.99,0.0732,15.71,0.5304,0.0332,4.0
Elmas,2024,4,71.89,0.042,0.1058,0.0035,14.99,0.0732,15.71,0.5304,0.0489,4.0
Elmas,2024,5,77.96,0.0456,0.1147,0.0038,14.99,0.0732,15.71,0.5304,0.0509,4.0
Elmas,2024,6,91.88,0.0537,0.1352,0.0045,14.99,0.0732,15.71,0.5304,0.0553,4.0
Elmas,2024,7,108.22,0.0633,0.1592,0.0052,14.99,0.0732,15.71,0.5304,0.0598,4.0
Elmas,2024,8,115.01,0.0672,0.1692,0.0056,14.99,0.0732,15.71,0.5304,0.0618,4.0
Elmas,2024,9,100.87,0.059,0.1484,0.0049,14.99,0.0732,15.71,0.5304,0.0579,4.0
Elmas,2024,10,67.96,0.0397,0.1,0.0033,14.99,0.0732,15.71,0.5304,0.0475,4.0
Elmas,2024,11,60.89,0.0356,0.0896,0.003,14.99,0.0732,15.71,0.5304,0.0451,4.0
Elmas,2024,12,38.34,0.0224,0.0564,0.0019,14.99,0.0732,15.71,0.5304,0.0359,4.0
Erula,2024,1,,,,,0.05,0.0002,0.0,0.0,0.0,2.0
Erula,2024,2,,,,,0.05,0.0002,0.0,0.0,0.0,2.0
Erula,2024,3,,,,,0.05,0.0002,0.0,0.0,0.0,2.0
Erula,2024,4,,,,,0.05,0.0002,0.0,0.0,0.0,2.0
Erula,2024,5,,,,,0.05,0.0002,0.0,0.0,0.0,2.0
Erula,2024,6,,,,,0.05,0.0002,0.0,0.0,0.0,2.0
Erula,2024,7,,,,,0.05,0.0002,0.0,0.0,0.0,2.0
Erula,2024,8,,,,,0.05,0.0002,0.0,0.0,0.0,2.0
Erula,2024,9,,,,,0.05,0.0002,0.0,0.0,0.0,2.0
Erula,2024,10,,,,,0.05,0.0002,0.0,0.0,0.0,2.0
Erula,2024,11,,,,,0.05,0.0002,0.0,0.0,0.0,2.0
Erula,2024,12,,,,,0.05,0.0002,0.0,0.0,0.0,2.0
Escalaplano,2024,1,0.05,0.0,0.0024,0.0001,0.31,0.0015,1.49,0.0503,0.0,4.0
Escalaplano,2024,2,0.05,0.0,0.0022,0.0001,0.31,0.0015,1.49,0.0503,0.0,4.0
Escalaplano,2024,3,0.07,0.0,0.003,0.0001,0.31,0.0015,1.49,0.0503,0.0,4.0
Escalaplano,2024,4,0.11,0.0001,0.005,0.0002,0.31,0.0015,1.49,0.0503,0.0011,4.0
Escalaplano,2024,5,0.12,0.0001,0.0055,0.0002,0.31,0.0015,1.49,0.0503,0.0011,4.0
Escalaplano,2024,6,0.23,0.0001,0.0107,0.0004,0.31,0.0015,1.49,0.0503,0.0013,4.0
Escalaplano,2024,7,0.32,0.0002,0.0145,0.0005,0.31,0.0015,1.49,0.0503,0.0017,4.0
Escalaplano,2024,8,0.32,0.0002,0.0147,0.0005,0.31,0.0015,1.49,0.0503,0.0017,4.0
Escalaplano,2024,9,0.18,0.0001,0.0081,0.0003,0.31,0.0015,1.49,0.0503,0.0012,4.0
Escalaplano,2024,10,0.11,0.0001,0.005,0.0002,0.31,0.0015,1.49,0.0503,0.0011,4.0
Escalaplano,2024,11,0.06,0.0,0.0026,0.0001,0.31,0.0015,1.49,0.0503,0.0,4.0
Escalaplano,2024,12,0.07,0.0,0.0032,0.0001,0.31,0.0015,1.49,0.0503,0.0,4.0
Escolca,2024,1,0.73,0.0004,0.0201,0.0007,0.61,0.003,7.52,0.2539,0.0038,4.0
Escolca,2024,2,0.05,0.0,0.0014,0.0,0.61,0.003,7.52,0.2539,0.0,4.0
Escolca,2024,3,0.07,0.0,0.002,0.0001,0.61,0.003,7.52,0.2539,0.0,4.0
Escolca,2024,4,0.12,0.0001,0.0033,0.0001,0.61,0.003,7.52,0.2539,0.0017,4.0
Escolca,2024,5,2.3,0.0013,0.063,0.0021,0.61,0.003,7.52,0.2539,0.0068,4.0
Escolca,2024,6,1.95,0.0011,0.0533,0.0018,0.61,0.003,7.52,0.2539,0.0062,4.0
Escolca,2024,7,2.44,0.0014,0.0669,0.0022,0.61,0.003,7.52,0.2539,0.007,4.0
Escolca,2024,8,3.53,0.0021,0.0968,0.0032,0.61,0.003,7.52,0.2539,0.0085,4.0
Escolca,2024,9,3.92,0.0023,0.1073,0.0035,0.61,0.003,7.52,0.2539,0.0088,4.0
Escolca,2024,10,0.66,0.0004,0.0181,0.0006,0.61,0.003,7.52,0.2539,0.0037,4.0
Escolca,2024,11,0.87,0.0005,0.0239,0.0008,0.61,0.003,7.52,0.2539,0.0042,4.0
Escolca,2024,12,0.08,0.0,0.0021,0.0001,0.61,0.003,7.52,0.2539,0.0,4.0
Esporlatu,2024,1,,,,,0.0,0.0,,,0.0,1.0
Esporlatu,2024,2,,,,,0.0,0.0,,,0.0,1.0
Esporlatu,2024,3,,,,,0.0,0.0,,,0.0,1.0
Esporlatu,2024,4,,,,,0.0,0.0,,,0.0,1.0
Esporlatu,2024,5,,,,,0.0,0.0,,,0.0,1.0
Esporlatu,2024,6,,,,,0.0,0.0,,,0.0,1.0
Esporlatu,2024,7,,,,,0.0,0.0,,,0.0,1.0
Esporlatu,2024,8,,,,,0.0,0.0,,,0.0,1.0
Esporlatu,2024,9,,,,,0.0,0.0,,,0.0,1.0
Esporlatu,2024,10,,,,,0.0,0.0,,,0.0,1.0
Esporlatu,2024,11,,,,,0.0,0.0,,,0.0,1.0
Esporlatu,2024,12,,,,,0.0,0.0,,,0.0,1.0
Esterzili,2024,1,0.0,0.0,0.0006,0.0,0.09,0.0004,0.3,0.0101,0.0,4.0
Esterzili,2024,2,0.0,0.0,0.0005,0.0,0.09,0.0004,0.3,0.0101,0.0,4.0
Esterzili,2024,3,0.0,0.0,0.0007,0.0,0.09,0.0004,0.3,0.0101,0.0,4.0
Esterzili,2024,4,0.01,0.0,0.0012,0.0,0.09,0.0004,0.3,0.0101,0.0,4.0
Esterzili,2024,5,0.01,0.0,0.0013,0.0,0.09,0.0004,0.3,0.0101,0.0,4.0
Esterzili,2024,6,0.01,0.0,0.0025,0.0001,0.09,0.0004,0.3,0.0101,0.0,4.0
Esterzili,2024,7,0.02,0.0,0.0034,0.0001,0.09,0.0004,0.3,0.0101,0.0,4.0
Esterzili,2024,8,0.02,0.0,0.0034,0.0001,0.09,0.0004,0.3,0.0101,0.0,4.0
Esterzili,2024,9,0.01,0.0,0.0019,0.0001,0.09,0.0004,0.3,0.0101,0.0,4.0
Esterzili,2024,10,0.01,0.0,0.0012,0.0,0.09,0.0004,0.3,0.0101,0.0,4.0
Esterzili,2024,11,0.0,0.0,0.0006,0.0,0.09,0.0004,0.3,0.0101,0.0,4.0
Esterzili,2024,12,0.0,0.0,0.0008,0.0,0.09,0.0004,0.3,0.0101,0.0,4.0
Florinas,2024,1,0.03,0.0,0.0007,0.0,0.44,0.0021,3.99,0.1347,0.0,4.0
Florinas,2024,2,0.03,0.0,0.0007,0.0,0.44,0.0021,3.99,0.1347,0.0,4.0
Florinas,2024,3,0.04,0.0,0.0009,0.0,0.44,0.0021,3.99,0.1347,0.0,4.0
Florinas,2024,4,0.06,0.0,0.0015,0.0,0.44,0.0021,3.99,0.1347,0.0,4.0
Florinas,2024,5,0.07,0.0,0.0017,0.0001,0.44,0.0021,3.99,0.1347,0.0,4.0
Florinas,2024,6,1.04,0.0006,0.0261,0.0009,0.44,0.0021,3.99,0.1347,0.0035,4.0
Florinas,2024,7,1.94,0.0011,0.0487,0.0016,0.44,0.0021,3.99,0.1347,0.0047,4.0
Florinas,2024,8,1.55,0.0009,0.0391,0.0013,0.44,0.0021,3.99,0.1347,0.0043,4.0
Florinas,2024,9,1.09,0.0006,0.0274,0.0009,0.44,0.0021,3.99,0.1347,0.0035,4.0
Florinas,2024,10,0.06,0.0,0.0015,0.0,0.44,0.0021,3.99,0.1347,0.0,4.0
Florinas,2024,11,0.47,0.0003,0.0119,0.0004,0.44,0.0021,3.99,0.1347,0.0024,4.0
Florinas,2024,12,0.04,0.0,0.001,0.0,0.44,0.0021,3.99,0.1347,0.0,4.0
Fluminimaggiore,2024,1,0.3,0.0002,0.0122,0.0004,3.66,0.0179,5.12,0.1729,0.004,4.0
Fluminimaggiore,2024,2,0.39,0.0002,0.016,0.0005,3.66,0.0179,5.12,0.1729,0.0042,4.0
Fluminimaggiore,2024,3,0.51,0.0003,0.0209,0.0007,3.66,0.0179,5.12,0.1729,0.005,4.0
Fluminimaggiore,2024,4,1.98,0.0012,0.0817,0.0027,3.66,0.0179,5.12,0.1729,0.01,4.0
Fluminimaggiore,2024,5,4.12,0.0024,0.1695,0.0056,3.66,0.0179,5.12,0.1729,0.0143,4.0
Fluminimaggiore,2024,6,8.12,0.0047,0.3345,0.011,3.66,0.0179,5.12,0.1729,0.02,4.0
Fluminimaggiore,2024,7,13.62,0.008,0.561,0.0185,3.66,0.0179,5.12,0.1729,0.026,4.0
Fluminimaggiore,2024,8,21.63,0.0126,0.8905,0.0293,3.66,0.0179,5.12,0.1729,0.0327,4.0
Fluminimaggiore,2024,9,9.9,0.0058,0.4078,0.0134,3.66,0.0179,5.12,0.1729,0.0221,4.0
Fluminimaggiore,2024,10,5.58,0.0033,0.23,0.0076,3.66,0.0179,5.12,0.1729,0.0167,4.0
Fluminimaggiore,2024,11,1.46,0.0009,0.0601,0.002,3.66,0.0179,5.12,0.1729,0.0086,4.0
Fluminimaggiore,2024,12,0.82,0.0005,0.0338,0.0011,3.66,0.0179,5.12,0.1729,0.0064,4.0
Flussio,2024,1,0.06,0.0,0.0009,0.0,6.4,0.0312,7.23,0.2441,0.0,4.0
Flussio,2024,2,0.05,0.0,0.0009,0.0,6.4,0.0312,7.23,0.2441,0.0,4.0
Flussio,2024,3,0.07,0.0,0.0012,0.0,6.4,0.0312,7.23,0.2441,0.0,4.0
Flussio,2024,4,9.35,0.0055,0.1577,0.0052,6.4,0.0312,7.23,0.2441,0.0216,4.0
Flussio,2024,5,9.66,0.0056,0.163,0.0054,6.4,0.0312,7.23,0.2441,0.0219,4.0
Flussio,2024,6,15.59,0.0091,0.263,0.0087,6.4,0.0312,7.23,0.2441,0.0279,4.0
Flussio,2024,7,29.07,0.017,0.4906,0.0162,6.4,0.0312,7.23,0.2441,0.0381,4.0
Flussio,2024,8,82.53,0.0483,1.3927,0.0459,6.4,0.0312,7.23,0.2441,0.0641,4.0
Flussio,2024,9,18.8,0.011,0.3173,0.0104,6.4,0.0312,7.23,0.2441,0.0306,4.0
Flussio,2024,10,3.69,0.0022,0.0623,0.0021,6.4,0.0312,7.23,0.2441,0.0137,4.0
Flussio,2024,11,0.06,0.0,0.001,0.0,6.4,0.0312,7.23,0.2441,0.0,4.0
Flussio,2024,12,0.07,0.0,0.0013,0.0,6.4,0.0312,7.23,0.2441,0.0,4.0
Fonni,2024,1,2.3,0.0013,0.071,0.0023,3.02,0.0147,2.92,0.0986,0.0081,4.0
Fonni,2024,2,1.96,0.0011,0.0605,0.002,3.02,0.0147,2.92,0.0986,0.0075,4.0
Fonni,2024,3,0.85,0.0005,0.0262,0.0009,3.02,0.0147,2.92,0.0986,0.0051,4.0
Fonni,2024,4,1.16,0.0007,0.0359,0.0012,3.02,0.0147,2.92,0.0986,0.0059,4.0
Fonni,2024,5,6.07,0.0035,0.1878,0.0062,3.02,0.0147,2.92,0.0986,0.0133,4.0
Fonni,2024,6,2.15,0.0013,0.0666,0.0022,3.02,0.0147,2.92,0.0986,0.008,4.0
Fonni,2024,7,3.56,0.0021,0.1099,0.0036,3.02,0.0147,2.92,0.0986,0.0102,4.0
Fonni,2024,8,3.11,0.0018,0.0961,0.0032,3.02,0.0147,2.92,0.0986,0.0096,4.0
Fonni,2024,9,5.82,0.0034,0.1801,0.0059,3.02,0.0147,2.92,0.0986,0.0131,4.0
Fonni,2024,10,1.22,0.0007,0.0378,0.0012,3.02,0.0147,2.92,0.0986,0.0059,4.0
Fonni,2024,11,1.96,0.0011,0.0605,0.002,3.02,0.0147,2.92,0.0986,0.0075,4.0
Fonni,2024,12,1.98,0.0012,0.0613,0.002,3.02,0.0147,2.92,0.0986,0.0077,4.0
Fordongianus,2024,1,118.77,0.0694,5.6982,0.1876,5.4,0.0264,55.54,1.0,0.1362,4.0
Fordongianus,2024,2,108.77,0.0636,5.2184,0.1718,5.4,0.0264,55.54,1.0,0.1303,4.0
Fordongianus,2024,3,113.5,0.0664,5.4454,0.1793,5.4,0.0264,55.54,1.0,0.1331,4.0
Fordongianus,2024,4,89.64,0.0524,4.3006,0.1416,5.4,0.0264,55.54,1.0,0.1183,4.0
Fordongianus,2024,5,65.96,0.0386,3.1644,0.1042,5.4,0.0264,55.54,1.0,0.1015,4.0
Fordongianus,2024,6,31.2,0.0182,1.4969,0.0493,5.4,0.0264,55.54,1.0,0.0698,4.0
Fordongianus,2024,7,0.43,0.0003,0.0209,0.0007,5.4,0.0264,55.54,1.0,0.0086,4.0
Fordongianus,2024,8,59.92,0.035,2.8748,0.0947,5.4,0.0264,55.54,1.0,0.0967,4.0
Fordongianus,2024,9,109.97,0.0643,5.2761,0.1737,5.4,0.0264,55.54,1.0,0.131,4.0
Fordongianus,2024,10,130.18,0.0761,6.2454,0.2056,5.4,0.0264,55.54,1.0,0.1426,4.0
Fordongianus,2024,11,134.14,0.0784,6.4356,0.2119,5.4,0.0264,55.54,1.0,0.1447,4.0
Fordongianus,2024,12,131.48,0.0769,6.308,0.2077,5.4,0.0264,55.54,1.0,0.1433,4.0
Furtei,2024,1,0.32,0.0002,0.0055,0.0002,0.31,0.0015,7.05,0.238,0.0019,4.0
Furtei,2024,2,0.01,0.0,0.0001,0.0,0.31,0.0015,7.05,0.238,0.0,4.0
Furtei,2024,3,0.48,0.0003,0.0082,0.0003,0.31,0.0015,7.05,0.238,0.0024,4.0
Furtei,2024,4,0.41,0.0002,0.007,0.0002,0.31,0.0015,7.05,0.238,0.0019,4.0
Furtei,2024,5,0.83,0.0005,0.0143,0.0005,0.31,0.0015,7.05,0.238,0.0031,4.0
Furtei,2024,6,0.66,0.0004,0.0113,0.0004,0.31,0.0015,7.05,0.238,0.0027,4.0
Furtei,2024,7,0.36,0.0002,0.0062,0.0002,0.31,0.0015,7.05,0.238,0.0019,4.0
Furtei,2024,8,3.35,0.002,0.0574,0.0019,0.31,0.0015,7.05,0.238,0.0061,4.0
Furtei,2024,9,0.61,0.0004,0.0105,0.0003,0.31,0.0015,7.05,0.238,0.0026,4.0
Furtei,2024,10,0.48,0.0003,0.0083,0.0003,0.31,0.0015,7.05,0.238,0.0024,4.0
Furtei,2024,11,0.47,0.0003,0.0081,0.0003,0.31,0.0015,7.05,0.238,0.0024,4.0
Furtei,2024,12,0.01,0.0,0.0002,0.0,0.31,0.0015,7.05,0.238,0.0,4.0
Gadoni,2024,1,0.29,0.0002,0.0191,0.0006,0.98,0.0048,3.8,0.1283,0.0029,4.0
Gadoni,2024,2,0.36,0.0002,0.0236,0.0008,0.98,0.0048,3.8,0.1283,0.0032,4.0
Gadoni,2024,3,0.02,0.0,0.0011,0.0,0.98,0.0048,3.8,0.1283,0.0,4.0
Gadoni,2024,4,0.49,0.0003,0.0323,0.0011,0.98,0.0048,3.8,0.1283,0.0038,4.0
Gadoni,2024,5,1.24,0.0007,0.0826,0.0027,0.98,0.0048,3.8,0.1283,0.0058,4.0
Gadoni,2024,6,0.88,0.0005,0.0587,0.0019,0.98,0.0048,3.8,0.1283,0.0049,4.0
Gadoni,2024,7,1.36,0.0008,0.0905,0.003,0.98,0.0048,3.8,0.1283,0.0062,4.0
Gadoni,2024,8,3.42,0.002,0.2274,0.0075,0.98,0.0048,3.8,0.1283,0.0098,4.0
Gadoni,2024,9,1.03,0.0006,0.0684,0.0023,0.98,0.0048,3.8,0.1283,0.0054,4.0
Gadoni,2024,10,2.27,0.0013,0.1508,0.005,0.98,0.0048,3.8,0.1283,0.008,4.0
Gadoni,2024,11,1.5,0.0009,0.0998,0.0033,0.98,0.0048,3.8,0.1283,0.0065,4.0
Gadoni,2024,12,0.77,0.0005,0.0514,0.0017,0.98,0.0048,3.8,0.1283,0.0048,4.0
Gairo,2024,1,4.18,0.0024,0.2587,0.0085,5.66,0.0276,11.88,0.4011,0.0218,4.0
Gairo,2024,2,2.01,0.0012,0.1246,0.0041,5.66,0.0276,11.88,0.4011,0.0153,4.0
Gairo,2024,3,14.68,0.0086,0.9079,0.0299,5.66,0.0276,11.88,0.4011,0.0411,4.0
Gairo,2024,4,14.24,0.0083,0.881,0.029,5.66,0.0276,11.88,0.4011,0.0404,4.0
Gairo,2024,5,25.85,0.0151,1.5992,0.0527,5.66,0.0276,11.88,0.4011,0.0545,4.0
Gairo,2024,6,26.85,0.0157,1.6611,0.0547,5.66,0.0276,11.88,0.4011,0.0555,4.0
Gairo,2024,7,44.33,0.0259,2.7429,0.0903,5.66,0.0276,11.88,0.4011,0.0713,4.0
Gairo,2024,8,34.64,0.0203,2.1429,0.0706,5.66,0.0276,11.88,0.4011,0.0631,4.0
Gairo,2024,9,35.77,0.0209,2.2127,0.0729,5.66,0.0276,11.88,0.4011,0.0641,4.0
Gairo,2024,10,32.52,0.019,2.0119,0.0662,5.66,0.0276,11.88,0.4011,0.0611,4.0
Gairo,2024,11,5.49,0.0032,0.3397,0.0112,5.66,0.0276,11.88,0.4011,0.0251,4.0
Gairo,2024,12,4.68,0.0027,0.2897,0.0095,5.66,0.0276,11.88,0.4011,0.0231,4.0
Galtellì,2024,1,2.99,0.0017,0.071,0.0023,6.12,0.0299,9.94,0.3356,0.0141,4.0
Galtellì,2024,2,2.77,0.0016,0.066,0.0022,6.12,0.0299,9.94,0.3356,0.0137,4.0
Galtellì,2024,3,3.47,0.002,0.0825,0.0027,6.12,0.0299,9.94,0.3356,0.0153,4.0
Galtellì,2024,4,12.73,0.0074,0.3027,0.01,6.12,0.0299,9.94,0.3356,0.0294,4.0
Galtellì,2024,5,18.31,0.0107,0.4355,0.0143,6.12,0.0299,9.94,0.3356,0.0352,4.0
Galtellì,2024,6,26.78,0.0157,0.6368,0.021,6.12,0.0299,9.94,0.3356,0.0426,4.0
Galtellì,2024,7,42.74,0.025,1.0165,0.0335,6.12,0.0299,9.94,0.3356,0.0538,4.0
Galtellì,2024,8,51.77,0.0303,1.2313,0.0405,6.12,0.0299,9.94,0.3356,0.0592,4.0
Galtellì,2024,9,33.25,0.0194,0.7907,0.026,6.12,0.0299,9.94,0.3356,0.0474,4.0
Galtellì,2024,10,21.73,0.0127,0.5167,0.017,6.12,0.0299,9.94,0.3356,0.0384,4.0
Galtellì,2024,11,3.4,0.002,0.0808,0.0027,6.12,0.0299,9.94,0.3356,0.0153,4.0
Galtellì,2024,12,1.92,0.0011,0.0457,0.0015,6.12,0.0299,9.94,0.3356,0.0113,4.0
Gavoi,2024,1,1.84,0.0011,0.0286,0.0009,9.25,0.0452,0.83,0.028,0.0059,4.0
Gavoi,2024,2,1.31,0.0008,0.0204,0.0007,9.25,0.0452,0.83,0.028,0.0052,4.0
Gavoi,2024,3,1.31,0.0008,0.0204,0.0007,9.25,0.0452,0.83,0.028,0.0052,4.0
Gavoi,2024,4,2.54,0.0015,0.0396,0.0013,9.25,0.0452,0.83,0.028,0.007,4.0
Gavoi,2024,5,1.31,0.0008,0.0204,0.0007,9.25,0.0452,0.83,0.028,0.0052,4.0
Gavoi,2024,6,2.04,0.0012,0.0318,0.001,9.25,0.0452,0.83,0.028,0.0062,4.0
Gavoi,2024,7,5.01,0.0029,0.0779,0.0026,9.25,0.0452,0.83,0.028,0.0099,4.0
Gavoi,2024,8,3.75,0.0022,0.0583,0.0019,9.25,0.0452,0.83,0.028,0.0085,4.0
Gavoi,2024,9,1.84,0.0011,0.0286,0.0009,9.25,0.0452,0.83,0.028,0.0059,4.0
Gavoi,2024,10,2.23,0.0013,0.0347,0.0011,9.25,0.0452,0.83,0.028,0.0065,4.0
Gavoi,2024,11,2.75,0.0016,0.0428,0.0014,9.25,0.0452,0.83,0.028,0.0073,4.0
Gavoi,2024,12,2.07,0.0012,0.0322,0.0011,9.25,0.0452,0.83,0.028,0.0064,4.0
Genoni,2024,1,0.0,0.0,0.0003,0.0,0.35,0.0017,2.5,0.0844,0.0,4.0
Genoni,2024,2,0.0,0.0,0.0002,0.0,0.35,0.0017,2.5,0.0844,0.0,4.0
Genoni,2024,3,0.01,0.0,0.0003,0.0,0.35,0.0017,2.5,0.0844,0.0,4.0
Genoni,2024,4,0.01,0.0,0.0005,0.0,0.35,0.0017,2.5,0.0844,0.0,4.0
Genoni,2024,5,0.01,0.0,0.0006,0.0,0.35,0.0017,2.5,0.0844,0.0,4.0
Genoni,2024,6,0.36,0.0002,0.0213,0.0007,0.35,0.0017,2.5,0.0844,0.0021,4.0
Genoni,2024,7,0.3,0.0002,0.0176,0.0006,0.35,0.0017,2.5,0.0844,0.002,4.0
Genoni,2024,8,0.69,0.0004,0.0405,0.0013,0.35,0.0017,2.5,0.0844,0.0029,4.0
Genoni,2024,9,1.03,0.0006,0.06,0.002,0.35,0.0017,2.5,0.0844,0.0036,4.0
Genoni,2024,10,0.72,0.0004,0.0422,0.0014,0.35,0.0017,2.5,0.0844,0.003,4.0
Genoni,2024,11,0.0,0.0,0.0003,0.0,0.35,0.0017,2.5,0.0844,0.0,4.0
Genoni,2024,12,0.01,0.0,0.0003,0.0,0.35,0.0017,2.5,0.0844,0.0,4.0
Genuri,2024,1,,,,,0.39,0.0019,0.0,0.0,0.0,2.0
Genuri,2024,2,,,,,0.39,0.0019,0.0,0.0,0.0,2.0
Genuri,2024,3,,,,,0.39,0.0019,0.0,0.0,0.0,2.0
Genuri,2024,4,,,,,0.39,0.0019,0.0,0.0,0.0,2.0
Genuri,2024,5,,,,,0.39,0.0019,0.0,0.0,0.0,2.0
Genuri,2024,6,,,,,0.39,0.0019,0.0,0.0,0.0,2.0
Genuri,2024,7,,,,,0.39,0.0019,0.0,0.0,0.0,2.0
Genuri,2024,8,,,,,0.39,0.0019,0.0,0.0,0.0,2.0
Genuri,2024,9,,,,,0.39,0.0019,0.0,0.0,0.0,2.0
Genuri,2024,10,,,,,0.39,0.0019,0.0,0.0,0.0,2.0
Genuri,2024,11,,,,,0.39,0.0019,0.0,0.0,0.0,2.0
Genuri,2024,12,,,,,0.39,0.0019,0.0,0.0,0.0,2.0
Gergei,2024,1,0.01,0.0,0.0002,0.0,1.57,0.0077,3.11,0.105,0.0,4.0
Gergei,2024,2,0.01,0.0,0.0002,0.0,1.57,0.0077,3.11,0.105,0.0,4.0
Gergei,2024,3,0.01,0.0,0.0003,0.0,1.57,0.0077,3.11,0.105,0.0,4.0
Gergei,2024,4,1.28,0.0007,0.0423,0.0014,1.57,0.0077,3.11,0.105,0.0053,4.0
Gergei,2024,5,2.11,0.0012,0.0696,0.0023,1.57,0.0077,3.11,0.105,0.0069,4.0
Gergei,2024,6,2.65,0.0015,0.0873,0.0029,1.57,0.0077,3.11,0.105,0.0077,4.0
Gergei,2024,7,3.74,0.0022,0.1231,0.0041,1.57,0.0077,3.11,0.105,0.0092,4.0
Gergei,2024,8,3.74,0.0022,0.1231,0.0041,1.57,0.0077,3.11,0.105,0.0092,4.0
Gergei,2024,9,3.59,0.0021,0.1179,0.0039,1.57,0.0077,3.11,0.105,0.009,4.0
Gergei,2024,10,0.68,0.0004,0.0223,0.0007,1.57,0.0077,3.11,0.105,0.0039,4.0
Gergei,2024,11,0.01,0.0,0.0002,0.0,1.57,0.0077,3.11,0.105,0.0,4.0
Gergei,2024,12,0.01,0.0,0.0003,0.0,1.57,0.0077,3.11,0.105,0.0,4.0
Gesico,2024,1,,,,,0.0,0.0,,,0.0,1.0
Gesico,2024,2,,,,,0.0,0.0,,,0.0,1.0
Gesico,2024,3,,,,,0.0,0.0,,,0.0,1.0
Gesico,2024,4,,,,,0.0,0.0,,,0.0,1.0
Gesico,2024,5,,,,,0.0,0.0,,,0.0,1.0
Gesico,2024,6,,,,,0.0,0.0,,,0.0,1.0
Gesico,2024,7,,,,,0.0,0.0,,,0.0,1.0
Gesico,2024,8,,,,,0.0,0.0,,,0.0,1.0
Gesico,2024,9,,,,,0.0,0.0,,,0.0,1.0
Gesico,2024,10,,,,,0.0,0.0,,,0.0,1.0
Gesico,2024,11,,,,,0.0,0.0,,,0.0,1.0
Gesico,2024,12,,,,,0.0,0.0,,,0.0,1.0
Gesturi,2024,1,0.03,0.0,0.0012,0.0,0.87,0.0042,5.73,0.1935,0.0,4.0
Gesturi,2024,2,0.03,0.0,0.0011,0.0,0.87,0.0042,5.73,0.1935,0.0,4.0
Gesturi,2024,3,0.04,0.0,0.0015,0.0,0.87,0.0042,5.73,0.1935,0.0,4.0
Gesturi,2024,4,0.7,0.0004,0.0289,0.001,0.87,0.0042,5.73,0.1935,0.0042,4.0
Gesturi,2024,5,3.33,0.0019,0.1375,0.0045,0.87,0.0042,5.73,0.1935,0.0091,4.0
Gesturi,2024,6,0.81,0.0005,0.0335,0.0011,0.87,0.0042,5.73,0.1935,0.0046,4.0
Gesturi,2024,7,2.24,0.0013,0.0927,0.0031,0.87,0.0042,5.73,0.1935,0.0076,4.0
Gesturi,2024,8,2.33,0.0014,0.0963,0.0032,0.87,0.0042,5.73,0.1935,0.0078,4.0
Gesturi,2024,9,4.23,0.0025,0.1749,0.0058,0.87,0.0042,5.73,0.1935,0.0104,4.0
Gesturi,2024,10,3.64,0.0021,0.1504,0.005,0.87,0.0042,5.73,0.1935,0.0096,4.0
Gesturi,2024,11,0.86,0.0005,0.0356,0.0012,0.87,0.0042,5.73,0.1935,0.0047,4.0
Gesturi,2024,12,0.04,0.0,0.0016,0.0001,0.87,0.0042,5.73,0.1935,0.0,4.0
Ghilarza,2024,1,2.03,0.0012,0.0269,0.0009,1.46,0.0071,10.24,0.3457,0.0072,4.0
Ghilarza,2024,2,2.56,0.0015,0.034,0.0011,1.46,0.0071,10.24,0.3457,0.008,4.0
Ghilarza,2024,3,3.27,0.0019,0.0434,0.0014,1.46,0.0071,10.24,0.3457,0.009,4.0
Ghilarza,2024,4,4.8,0.0028,0.0638,0.0021,1.46,0.0071,10.24,0.3457,0.011,4.0
Ghilarza,2024,5,4.4,0.0026,0.0585,0.0019,1.46,0.0071,10.24,0.3457,0.0105,4.0
Ghilarza,2024,6,3.78,0.0022,0.0502,0.0017,1.46,0.0071,10.24,0.3457,0.0098,4.0
Ghilarza,2024,7,6.9,0.004,0.0917,0.003,1.46,0.0071,10.24,0.3457,0.0131,4.0
Ghilarza,2024,8,10.97,0.0064,0.1458,0.0048,1.46,0.0071,10.24,0.3457,0.0166,4.0
Ghilarza,2024,9,5.4,0.0032,0.0718,0.0024,1.46,0.0071,10.24,0.3457,0.0117,4.0
Ghilarza,2024,10,3.21,0.0019,0.0427,0.0014,1.46,0.0071,10.24,0.3457,0.009,4.0
Ghilarza,2024,11,3.43,0.002,0.0456,0.0015,1.46,0.0071,10.24,0.3457,0.0093,4.0
Ghilarza,2024,12,3.83,0.0022,0.051,0.0017,1.46,0.0071,10.24,0.3457,0.0098,4.0
Giave,2024,1,,,,,0.32,0.0016,0.0,0.0,0.0,2.0
Giave,2024,2,,,,,0.32,0.0016,0.0,0.0,0.0,2.0
Giave,2024,3,,,,,0.32,0.0016,0.0,0.0,0.0,2.0
Giave,2024,4,,,,,0.32,0.0016,0.0,0.0,0.0,2.0
Giave,2024,5,,,,,0.32,0.0016,0.0,0.0,0.0,2.0
Giave,2024,6,,,,,0.32,0.0016,0.0,0.0,0.0,2.0
Giave,2024,7,,,,,0.32,0.0016,0.0,0.0,0.0,2.0
Giave,2024,8,,,,,0.32,0.0016,0.0,0.0,0.0,2.0
Giave,2024,9,,,,,0.32,0.0016,0.0,0.0,0.0,2.0
Giave,2024,10,,,,,0.32,0.0016,0.0,0.0,0.0,2.0
Giave,2024,11,,,,,0.32,0.0016,0.0,0.0,0.0,2.0
Giave,2024,12,,,,,0.32,0.0016,0.0,0.0,0.0,2.0
Giba,2024,1,1.22,0.0007,0.0193,0.0006,6.41,0.0313,5.31,0.1793,0.007,4.0
Giba,2024,2,1.75,0.001,0.0277,0.0009,6.41,0.0313,5.31,0.1793,0.0084,4.0
Giba,2024,3,2.21,0.0013,0.035,0.0012,6.41,0.0313,5.31,0.1793,0.0097,4.0
Giba,2024,4,4.99,0.0029,0.0789,0.0026,6.41,0.0313,5.31,0.1793,0.0143,4.0
Giba,2024,5,8.56,0.005,0.1353,0.0045,6.41,0.0313,5.31,0.1793,0.0189,4.0
Giba,2024,6,11.57,0.0068,0.1829,0.006,6.41,0.0313,5.31,0.1793,0.0219,4.0
Giba,2024,7,17.98,0.0105,0.2842,0.0094,6.41,0.0313,5.31,0.1793,0.0273,4.0
Giba,2024,8,46.08,0.0269,0.7283,0.024,6.41,0.0313,5.31,0.1793,0.0436,4.0
Giba,2024,9,19.7,0.0115,0.3114,0.0103,6.41,0.0313,5.31,0.1793,0.0286,4.0
Giba,2024,10,6.18,0.0036,0.0977,0.0032,6.41,0.0313,5.31,0.1793,0.0159,4.0
Giba,2024,11,2.38,0.0014,0.0376,0.0012,6.41,0.0313,5.31,0.1793,0.0099,4.0
Giba,2024,12,1.69,0.001,0.0266,0.0009,6.41,0.0313,5.31,0.1793,0.0084,4.0
Girasole,2024,1,24.27,0.0142,0.2328,0.0077,15.5,0.0757,11.38,0.3842,0.0422,4.0
Girasole,2024,2,17.48,0.0102,0.1676,0.0055,15.5,0.0757,11.38,0.3842,0.0357,4.0
Girasole,2024,3,16.26,0.0095,0.1559,0.0051,15.5,0.0757,11.38,0.3842,0.0345,4.0
Girasole,2024,4,35.42,0.0207,0.3397,0.0112,15.5,0.0757,11.38,0.3842,0.051,4.0
Girasole,2024,5,39.69,0.0232,0.3807,0.0125,15.5,0.0757,11.38,0.3842,0.0539,4.0
Girasole,2024,6,68.09,0.0398,0.653,0.0215,15.5,0.0757,11.38,0.3842,0.0706,4.0
Girasole,2024,7,149.47,0.0874,1.4334,0.0472,15.5,0.0757,11.38,0.3842,0.1047,4.0
Girasole,2024,8,153.28,0.0896,1.47,0.0484,15.5,0.0757,11.38,0.3842,0.106,4.0
Girasole,2024,9,94.58,0.0553,0.907,0.0299,15.5,0.0757,11.38,0.3842,0.0833,4.0
Girasole,2024,10,31.76,0.0186,0.3045,0.01,15.5,0.0757,11.38,0.3842,0.0482,4.0
Girasole,2024,11,10.15,0.0059,0.0974,0.0032,15.5,0.0757,11.38,0.3842,0.0272,4.0
Girasole,2024,12,3.36,0.002,0.0322,0.0011,15.5,0.0757,11.38,0.3842,0.0159,4.0
Golfo Aranci,2024,1,2.28,0.0013,0.0358,0.0012,175.61,0.8574,9.81,0.3312,0.0258,4.0
Golfo Aranci,2024,2,1.61,0.0009,0.0253,0.0008,175.61,0.8574,9.81,0.3312,0.0213,4.0
Golfo Aranci,2024,3,11.03,0.0064,0.1731,0.0057,175.61,0.8574,9.81,0.3312,0.0567,4.0
Golfo Aranci,2024,4,152.4,0.0891,2.3916,0.0787,175.61,0.8574,9.81,0.3312,0.2112,4.0
Golfo Aranci,2024,5,478.94,0.28,7.5158,0.2475,175.61,0.8574,9.81,0.3312,0.3745,4.0
Golfo Aranci,2024,6,1106.31,0.6468,17.3608,0.5717,175.61,0.8574,9.81,0.3312,0.5692,4.0
Golfo Aranci,2024,7,1437.27,0.8403,22.5545,0.7427,175.61,0.8574,9.81,0.3312,0.6488,4.0
Golfo Aranci,2024,8,1461.79,0.8546,22.9394,0.7553,175.61,0.8574,9.81,0.3312,0.6543,4.0
Golfo Aranci,2024,9,1125.73,0.6582,17.6657,0.5817,175.61,0.8574,9.81,0.3312,0.5742,4.0
Golfo Aranci,2024,10,478.05,0.2795,7.5019,0.247,175.61,0.8574,9.81,0.3312,0.3742,4.0
Golfo Aranci,2024,11,18.76,0.011,0.2943,0.0097,175.61,0.8574,9.81,0.3312,0.0742,4.0
Golfo Aranci,2024,12,16.82,0.0098,0.264,0.0087,175.61,0.8574,9.81,0.3312,0.0701,4.0
Goni,2024,1,,,,,0.32,0.0016,0.0,0.0,0.0,2.0
Goni,2024,2,,,,,0.32,0.0016,0.0,0.0,0.0,2.0
Goni,2024,3,,,,,0.32,0.0016,0.0,0.0,0.0,2.0
Goni,2024,4,,,,,0.32,0.0016,0.0,0.0,0.0,2.0
Goni,2024,5,,,,,0.32,0.0016,0.0,0.0,0.0,2.0
Goni,2024,6,,,,,0.32,0.0016,0.0,0.0,0.0,2.0
Goni,2024,7,,,,,0.32,0.0016,0.0,0.0,0.0,2.0
Goni,2024,8,,,,,0.32,0.0016,0.0,0.0,0.0,2.0
Goni,2024,9,,,,,0.32,0.0016,0.0,0.0,0.0,2.0
Goni,2024,10,,,,,0.32,0.0016,0.0,0.0,0.0,2.0
Goni,2024,11,,,,,0.32,0.0016,0.0,0.0,0.0,2.0
Goni,2024,12,,,,,0.32,0.0016,0.0,0.0,0.0,2.0
Gonnesa,2024,1,3.99,0.0023,0.0424,0.0014,11.15,0.0544,7.99,0.2698,0.0147,4.0
Gonnesa,2024,2,4.72,0.0028,0.05,0.0016,11.15,0.0544,7.99,0.2698,0.016,4.0
Gonnesa,2024,3,5.3,0.0031,0.0562,0.0019,11.15,0.0544,7.99,0.2698,0.0171,4.0
Gonnesa,2024,4,13.99,0.0082,0.1483,0.0049,11.15,0.0544,7.99,0.2698,0.0277,4.0
Gonnesa,2024,5,21.34,0.0125,0.2262,0.0074,11.15,0.0544,7.99,0.2698,0.0341,4.0
Gonnesa,2024,6,39.22,0.0229,0.4158,0.0137,11.15,0.0544,7.99,0.2698,0.0463,4.0
Gonnesa,2024,7,64.26,0.0376,0.6814,0.0224,11.15,0.0544,7.99,0.2698,0.0593,4.0
Gonnesa,2024,8,84.19,0.0492,0.8927,0.0294,11.15,0.0544,7.99,0.2698,0.0679,4.0
Gonnesa,2024,9,49.85,0.0291,0.5286,0.0174,11.15,0.0544,7.99,0.2698,0.0522,4.0
Gonnesa,2024,10,27.75,0.0162,0.2943,0.0097,11.15,0.0544,7.99,0.2698,0.039,4.0
Gonnesa,2024,11,5.32,0.0031,0.0564,0.0019,11.15,0.0544,7.99,0.2698,0.0171,4.0
Gonnesa,2024,12,5.46,0.0032,0.0579,0.0019,11.15,0.0544,7.99,0.2698,0.0173,4.0
Gonnoscodina,2024,1,,,,,0.0,0.0,,,0.0,1.0
Gonnoscodina,2024,2,,,,,0.0,0.0,,,0.0,1.0
Gonnoscodina,2024,3,,,,,0.0,0.0,,,0.0,1.0
Gonnoscodina,2024,4,,,,,0.0,0.0,,,0.0,1.0
Gonnoscodina,2024,5,,,,,0.0,0.0,,,0.0,1.0
Gonnoscodina,2024,6,,,,,0.0,0.0,,,0.0,1.0
Gonnoscodina,2024,7,,,,,0.0,0.0,,,0.0,1.0
Gonnoscodina,2024,8,,,,,0.0,0.0,,,0.0,1.0
Gonnoscodina,2024,9,,,,,0.0,0.0,,,0.0,1.0
Gonnoscodina,2024,10,,,,,0.0,0.0,,,0.0,1.0
Gonnoscodina,2024,11,,,,,0.0,0.0,,,0.0,1.0
Gonnoscodina,2024,12,,,,,0.0,0.0,,,0.0,1.0
Gonnosfanadiga,2024,1,0.4,0.0002,0.0082,0.0003,0.46,0.0022,8.75,0.2954,0.0025,4.0
Gonnosfanadiga,2024,2,0.24,0.0001,0.0049,0.0002,0.46,0.0022,8.75,0.2954,0.0019,4.0
Gonnosfanadiga,2024,3,0.22,0.0001,0.0046,0.0002,0.46,0.0022,8.75,0.2954,0.0019,4.0
Gonnosfanadiga,2024,4,0.31,0.0002,0.0064,0.0002,0.46,0.0022,8.75,0.2954,0.0023,4.0
Gonnosfanadiga,2024,5,0.77,0.0005,0.0158,0.0005,0.46,0.0022,8.75,0.2954,0.0036,4.0
Gonnosfanadiga,2024,6,1.66,0.001,0.0342,0.0011,0.46,0.0022,8.75,0.2954,0.0052,4.0
Gonnosfanadiga,2024,7,2.99,0.0017,0.0614,0.002,0.46,0.0022,8.75,0.2954,0.0069,4.0
Gonnosfanadiga,2024,8,4.22,0.0025,0.0865,0.0028,0.46,0.0022,8.75,0.2954,0.0082,4.0
Gonnosfanadiga,2024,9,1.63,0.001,0.0335,0.0011,0.46,0.0022,8.75,0.2954,0.0052,4.0
Gonnosfanadiga,2024,10,1.16,0.0007,0.0238,0.0008,0.46,0.0022,8.75,0.2954,0.0044,4.0
Gonnosfanadiga,2024,11,0.55,0.0003,0.0113,0.0004,0.46,0.0022,8.75,0.2954,0.003,4.0
Gonnosfanadiga,2024,12,0.41,0.0002,0.0084,0.0003,0.46,0.0022,8.75,0.2954,0.0025,4.0
Gonnosnò,2024,1,0.14,0.0001,0.0033,0.0001,0.26,0.0013,4.93,0.1664,0.0012,4.0
Gonnosnò,2024,2,0.13,0.0001,0.0031,0.0001,0.26,0.0013,4.93,0.1664,0.0012,4.0
Gonnosnò,2024,3,0.18,0.0001,0.0042,0.0001,0.26,0.0013,4.93,0.1664,0.0012,4.0
Gonnosnò,2024,4,0.3,0.0002,0.0069,0.0002,0.26,0.0013,4.93,0.1664,0.0017,4.0
Gonnosnò,2024,5,0.34,0.0002,0.0077,0.0003,0.26,0.0013,4.93,0.1664,0.0019,4.0
Gonnosnò,2024,6,0.65,0.0004,0.0148,0.0005,0.26,0.0013,4.93,0.1664,0.0026,4.0
Gonnosnò,2024,7,0.88,0.0005,0.02,0.0007,0.26,0.0013,4.93,0.1664,0.0029,4.0
Gonnosnò,2024,8,0.89,0.0005,0.0204,0.0007,0.26,0.0013,4.93,0.1664,0.0029,4.0
Gonnosnò,2024,9,0.49,0.0003,0.0113,0.0004,0.26,0.0013,4.93,0.1664,0.0023,4.0
Gonnosnò,2024,10,0.3,0.0002,0.0069,0.0002,0.26,0.0013,4.93,0.1664,0.0017,4.0
Gonnosnò,2024,11,0.16,0.0001,0.0036,0.0001,0.26,0.0013,4.93,0.1664,0.0012,4.0
Gonnosnò,2024,12,0.2,0.0001,0.0045,0.0001,0.26,0.0013,4.93,0.1664,0.0012,4.0
Gonnostramatza,2024,1,0.02,0.0,0.0004,0.0,1.85,0.009,2.62,0.0885,0.0,4.0
Gonnostramatza,2024,2,0.02,0.0,0.0004,0.0,1.85,0.009,2.62,0.0885,0.0,4.0
Gonnostramatza,2024,3,0.02,0.0,0.0005,0.0,1.85,0.009,2.62,0.0885,0.0,4.0
Gonnostramatza,2024,4,0.04,0.0,0.0008,0.0,1.85,0.009,2.62,0.0885,0.0,4.0
Gonnostramatza,2024,5,0.04,0.0,0.0009,0.0,1.85,0.009,2.62,0.0885,0.0,4.0
Gonnostramatza,2024,6,3.0,0.0018,0.0671,0.0022,1.85,0.009,2.62,0.0885,0.0075,4.0
Gonnostramatza,2024,7,4.32,0.0025,0.0966,0.0032,1.85,0.009,2.62,0.0885,0.0089,4.0
Gonnostramatza,2024,8,6.57,0.0038,0.1469,0.0048,1.85,0.009,2.62,0.0885,0.011,4.0
Gonnostramatza,2024,9,1.35,0.0008,0.0302,0.001,1.85,0.009,2.62,0.0885,0.005,4.0
Gonnostramatza,2024,10,2.34,0.0014,0.0523,0.0017,1.85,0.009,2.62,0.0885,0.0066,4.0
Gonnostramatza,2024,11,0.02,0.0,0.0004,0.0,1.85,0.009,2.62,0.0885,0.0,4.0
Gonnostramatza,2024,12,0.02,0.0,0.0005,0.0,1.85,0.009,2.62,0.0885,0.0,4.0
Guamaggiore,2024,1,0.02,0.0,0.0004,0.0,0.42,0.0021,0.47,0.0159,0.0,4.0
Guamaggiore,2024,2,0.02,0.0,0.0004,0.0,0.42,0.0021,0.47,0.0159,0.0,4.0
Guamaggiore,2024,3,0.03,0.0,0.0005,0.0,0.42,0.0021,0.47,0.0159,0.0,4.0
Guamaggiore,2024,4,0.05,0.0,0.0009,0.0,0.42,0.0021,0.47,0.0159,0.0,4.0
Guamaggiore,2024,5,0.05,0.0,0.001,0.0,0.42,0.0021,0.47,0.0159,0.0,4.0
Guamaggiore,2024,6,0.1,0.0001,0.0019,0.0001,0.42,0.0021,0.47,0.0159,0.0008,4.0
Guamaggiore,2024,7,0.13,0.0001,0.0025,0.0001,0.42,0.0021,0.47,0.0159,0.0008,4.0
Guamaggiore,2024,8,0.14,0.0001,0.0026,0.0001,0.42,0.0021,0.47,0.0159,0.0008,4.0
Guamaggiore,2024,9,0.08,0.0,0.0014,0.0,0.42,0.0021,0.47,0.0159,0.0,4.0
Guamaggiore,2024,10,0.05,0.0,0.0009,0.0,0.42,0.0021,0.47,0.0159,0.0,4.0
Guamaggiore,2024,11,0.02,0.0,0.0004,0.0,0.42,0.0021,0.47,0.0159,0.0,4.0
Guamaggiore,2024,12,0.03,0.0,0.0006,0.0,0.42,0.0021,0.47,0.0159,0.0,4.0
Guasila,2024,1,0.03,0.0,0.0006,0.0,0.42,0.0021,1.1,0.0371,0.0,4.0
Guasila,2024,2,0.03,0.0,0.0005,0.0,0.42,0.0021,1.1,0.0371,0.0,4.0
Guasila,2024,3,0.04,0.0,0.0008,0.0,0.42,0.0021,1.1,0.0371,0.0,4.0
Guasila,2024,4,0.07,0.0,0.0012,0.0,0.42,0.0021,1.1,0.0371,0.0,4.0
Guasila,2024,5,0.08,0.0,0.0014,0.0,0.42,0.0021,1.1,0.0371,0.0,4.0
Guasila,2024,6,0.15,0.0001,0.0027,0.0001,0.42,0.0021,1.1,0.0371,0.0009,4.0
Guasila,2024,7,0.46,0.0003,0.0081,0.0003,0.42,0.0021,1.1,0.0371,0.0016,4.0
Guasila,2024,8,0.48,0.0003,0.0085,0.0003,0.42,0.0021,1.1,0.0371,0.0016,4.0
Guasila,2024,9,0.16,0.0001,0.0028,0.0001,0.42,0.0021,1.1,0.0371,0.0009,4.0
Guasila,2024,10,0.07,0.0,0.0012,0.0,0.42,0.0021,1.1,0.0371,0.0,4.0
Guasila,2024,11,0.04,0.0,0.0006,0.0,0.42,0.0021,1.1,0.0371,0.0,4.0
Guasila,2024,12,0.05,0.0,0.0008,0.0,0.42,0.0021,1.1,0.0371,0.0,4.0
Guspini,2024,1,0.24,0.0001,0.0039,0.0001,1.81,0.0088,7.95,0.2684,0.0022,4.0
Guspini,2024,2,0.29,0.0002,0.0046,0.0002,1.81,0.0088,7.95,0.2684,0.0031,4.0
Guspini,2024,3,2.31,0.0014,0.0373,0.0012,1.81,0.0088,7.95,0.2684,0.0079,4.0
Guspini,2024,4,0.59,0.0003,0.0096,0.0003,1.81,0.0088,7.95,0.2684,0.0038,4.0
Guspini,2024,5,3.45,0.002,0.0557,0.0018,1.81,0.0088,7.95,0.2684,0.0096,4.0
Guspini,2024,6,6.12,0.0036,0.0987,0.0032,1.81,0.0088,7.95,0.2684,0.0128,4.0
Guspini,2024,7,9.52,0.0056,0.1536,0.0051,1.81,0.0088,7.95,0.2684,0.0161,4.0
Guspini,2024,8,14.28,0.0083,0.2306,0.0076,1.81,0.0088,7.95,0.2684,0.0196,4.0
Guspini,2024,9,8.79,0.0051,0.1419,0.0047,1.81,0.0088,7.95,0.2684,0.0154,4.0
Guspini,2024,10,2.73,0.0016,0.0441,0.0015,1.81,0.0088,7.95,0.2684,0.0087,4.0
Guspini,2024,11,2.49,0.0015,0.0403,0.0013,1.81,0.0088,7.95,0.2684,0.0082,4.0
Guspini,2024,12,1.87,0.0011,0.0301,0.001,1.81,0.0088,7.95,0.2684,0.0071,4.0
Iglesias,2024,1,3.67,0.0021,0.0307,0.001,9.89,0.0483,8.92,0.3011,0.0132,4.0
Iglesias,2024,2,5.09,0.003,0.0425,0.0014,9.89,0.0483,8.92,0.3011,0.0157,4.0
Iglesias,2024,3,12.41,0.0073,0.1037,0.0034,9.89,0.0483,8.92,0.3011,0.0245,4.0
Iglesias,2024,4,19.8,0.0116,0.1655,0.0054,9.89,0.0483,8.92,0.3011,0.0309,4.0
Iglesias,2024,5,26.19,0.0153,0.219,0.0072,9.89,0.0483,8.92,0.3011,0.0356,4.0
Iglesias,2024,6,32.66,0.0191,0.273,0.009,9.89,0.0483,8.92,0.3011,0.0398,4.0
Iglesias,2024,7,55.65,0.0325,0.4653,0.0153,9.89,0.0483,8.92,0.3011,0.0519,4.0
Iglesias,2024,8,74.15,0.0434,0.6199,0.0204,9.89,0.0483,8.92,0.3011,0.0599,4.0
Iglesias,2024,9,43.68,0.0255,0.3651,0.012,9.89,0.0483,8.92,0.3011,0.0459,4.0
Iglesias,2024,10,24.62,0.0144,0.2058,0.0068,9.89,0.0483,8.92,0.3011,0.0345,4.0
Iglesias,2024,11,10.86,0.0063,0.0908,0.003,9.89,0.0483,8.92,0.3011,0.0229,4.0
Iglesias,2024,12,13.19,0.0077,0.1103,0.0036,9.89,0.0483,8.92,0.3011,0.0252,4.0
Ilbono,2024,1,0.94,0.0005,0.0147,0.0005,5.21,0.0254,6.06,0.2046,0.006,4.0
Ilbono,2024,2,1.21,0.0007,0.0188,0.0006,5.21,0.0254,6.06,0.2046,0.0068,4.0
Ilbono,2024,3,1.89,0.0011,0.0294,0.001,5.21,0.0254,6.06,0.2046,0.0087,4.0
Ilbono,2024,4,3.55,0.0021,0.0553,0.0018,5.21,0.0254,6.06,0.2046,0.0118,4.0
Ilbono,2024,5,6.16,0.0036,0.0959,0.0032,5.21,0.0254,6.06,0.2046,0.0156,4.0
Ilbono,2024,6,8.08,0.0047,0.1258,0.0041,5.21,0.0254,6.06,0.2046,0.0178,4.0
Ilbono,2024,7,22.87,0.0134,0.3562,0.0117,5.21,0.0254,6.06,0.2046,0.03,4.0
Ilbono,2024,8,54.83,0.0321,0.8539,0.0281,5.21,0.0254,6.06,0.2046,0.0465,4.0
Ilbono,2024,9,13.13,0.0077,0.2045,0.0067,5.21,0.0254,6.06,0.2046,0.0228,4.0
Ilbono,2024,10,1.37,0.0008,0.0213,0.0007,5.21,0.0254,6.06,0.2046,0.0073,4.0
Ilbono,2024,11,0.68,0.0004,0.0107,0.0004,5.21,0.0254,6.06,0.2046,0.0054,4.0
Ilbono,2024,12,0.52,0.0003,0.0081,0.0003,5.21,0.0254,6.06,0.2046,0.0047,4.0
Illorai,2024,1,,,,,0.0,0.0,,,0.0,1.0
Illorai,2024,2,,,,,0.0,0.0,,,0.0,1.0
Illorai,2024,3,,,,,0.0,0.0,,,0.0,1.0
Illorai,2024,4,,,,,0.0,0.0,,,0.0,1.0
Illorai,2024,5,,,,,0.0,0.0,,,0.0,1.0
Illorai,2024,6,,,,,0.0,0.0,,,0.0,1.0
Illorai,2024,7,,,,,0.0,0.0,,,0.0,1.0
Illorai,2024,8,,,,,0.0,0.0,,,0.0,1.0
Illorai,2024,9,,,,,0.0,0.0,,,0.0,1.0
Illorai,2024,10,,,,,0.0,0.0,,,0.0,1.0
Illorai,2024,11,,,,,0.0,0.0,,,0.0,1.0
Illorai,2024,12,,,,,0.0,0.0,,,0.0,1.0
Irgoli,2024,1,0.36,0.0002,0.0123,0.0004,2.71,0.0132,4.53,0.1529,0.0036,4.0
Irgoli,2024,2,0.01,0.0,0.0005,0.0,2.71,0.0132,4.53,0.1529,0.0,4.0
Irgoli,2024,3,0.02,0.0,0.0006,0.0,2.71,0.0132,4.53,0.1529,0.0,4.0
Irgoli,2024,4,0.51,0.0003,0.0174,0.0006,2.71,0.0132,4.53,0.1529,0.0044,4.0
Irgoli,2024,5,0.79,0.0005,0.027,0.0009,2.71,0.0132,4.53,0.1529,0.0055,4.0
Irgoli,2024,6,5.98,0.0035,0.2038,0.0067,2.71,0.0132,4.53,0.1529,0.0147,4.0
Irgoli,2024,7,13.14,0.0077,0.4474,0.0147,2.71,0.0132,4.53,0.1529,0.0219,4.0
Irgoli,2024,8,16.22,0.0095,0.5525,0.0182,2.71,0.0132,4.53,0.1529,0.0243,4.0
Irgoli,2024,9,6.34,0.0037,0.2159,0.0071,2.71,0.0132,4.53,0.1529,0.0152,4.0
Irgoli,2024,10,1.16,0.0007,0.0396,0.0013,2.71,0.0132,4.53,0.1529,0.0065,4.0
Irgoli,2024,11,0.14,0.0001,0.0046,0.0002,2.71,0.0132,4.53,0.1529,0.0025,4.0
Irgoli,2024,12,0.19,0.0001,0.0066,0.0002,2.71,0.0132,4.53,0.1529,0.0025,4.0
Isili,2024,1,1.99,0.0012,0.0553,0.0018,0.84,0.0041,7.58,0.2559,0.0069,4.0
Isili,2024,2,1.51,0.0009,0.0418,0.0014,0.84,0.0041,7.58,0.2559,0.006,4.0
Isili,2024,3,1.82,0.0011,0.0503,0.0017,0.84,0.0041,7.58,0.2559,0.0067,4.0
Isili,2024,4,1.3,0.0008,0.036,0.0012,0.84,0.0041,7.58,0.2559,0.0056,4.0
Isili,2024,5,1.59,0.0009,0.0442,0.0015,0.84,0.0041,7.58,0.2559,0.0061,4.0
Isili,2024,6,3.15,0.0018,0.0872,0.0029,0.84,0.0041,7.58,0.2559,0.0086,4.0
Isili,2024,7,1.93,0.0011,0.0536,0.0018,0.84,0.0041,7.58,0.2559,0.0068,4.0
Isili,2024,8,1.0,0.0006,0.0278,0.0009,0.84,0.0041,7.58,0.2559,0.0049,4.0
Isili,2024,9,2.48,0.0014,0.0688,0.0023,0.84,0.0041,7.58,0.2559,0.0076,4.0
Isili,2024,10,2.53,0.0015,0.07,0.0023,0.84,0.0041,7.58,0.2559,0.0078,4.0
Isili,2024,11,2.75,0.0016,0.0761,0.0025,0.84,0.0041,7.58,0.2559,0.008,4.0
Isili,2024,12,1.23,0.0007,0.034,0.0011,0.84,0.0041,7.58,0.2559,0.0053,4.0
Ittireddu,2024,1,,,,,0.46,0.0022,0.0,0.0,0.0,2.0
Ittireddu,2024,2,,,,,0.46,0.0022,0.0,0.0,0.0,2.0
Ittireddu,2024,3,,,,,0.46,0.0022,0.0,0.0,0.0,2.0
Ittireddu,2024,4,,,,,0.46,0.0022,0.0,0.0,0.0,2.0
Ittireddu,2024,5,,,,,0.46,0.0022,0.0,0.0,0.0,2.0
Ittireddu,2024,6,,,,,0.46,0.0022,0.0,0.0,0.0,2.0
Ittireddu,2024,7,,,,,0.46,0.0022,0.0,0.0,0.0,2.0
Ittireddu,2024,8,,,,,0.46,0.0022,0.0,0.0,0.0,2.0
Ittireddu,2024,9,,,,,0.46,0.0022,0.0,0.0,0.0,2.0
Ittireddu,2024,10,,,,,0.46,0.0022,0.0,0.0,0.0,2.0
Ittireddu,2024,11,,,,,0.46,0.0022,0.0,0.0,0.0,2.0
Ittireddu,2024,12,,,,,0.46,0.0022,0.0,0.0,0.0,2.0
Ittiri,2024,1,0.02,0.0,0.0003,0.0,0.4,0.002,5.33,0.1799,0.0,4.0
Ittiri,2024,2,0.02,0.0,0.0003,0.0,0.4,0.002,5.33,0.1799,0.0,4.0
Ittiri,2024,3,0.5,0.0003,0.0071,0.0002,0.4,0.002,5.33,0.1799,0.0022,4.0
Ittiri,2024,4,0.48,0.0003,0.0068,0.0002,0.4,0.002,5.33,0.1799,0.0022,4.0
Ittiri,2024,5,1.11,0.0006,0.0157,0.0005,0.4,0.002,5.33,0.1799,0.0032,4.0
Ittiri,2024,6,0.7,0.0004,0.0099,0.0003,0.4,0.002,5.33,0.1799,0.0026,4.0
Ittiri,2024,7,1.27,0.0007,0.0178,0.0006,0.4,0.002,5.33,0.1799,0.0035,4.0
Ittiri,2024,8,1.6,0.0009,0.0225,0.0007,0.4,0.002,5.33,0.1799,0.0039,4.0
Ittiri,2024,9,1.09,0.0006,0.0154,0.0005,0.4,0.002,5.33,0.1799,0.0032,4.0
Ittiri,2024,10,0.5,0.0003,0.0071,0.0002,0.4,0.002,5.33,0.1799,0.0022,4.0
Ittiri,2024,11,0.02,0.0,0.0003,0.0,0.4,0.002,5.33,0.1799,0.0,4.0
Ittiri,2024,12,0.5,0.0003,0.0071,0.0002,0.4,0.002,5.33,0.1799,0.0022,4.0
Jerzu,2024,1,0.54,0.0003,0.0187,0.0006,2.48,0.0121,5.87,0.1982,0.0046,4.0
Jerzu,2024,2,0.6,0.0004,0.0207,0.0007,2.48,0.0121,5.87,0.1982,0.0051,4.0
Jerzu,2024,3,1.45,0.0008,0.0502,0.0017,2.48,0.0121,5.87,0.1982,0.0076,4.0
Jerzu,2024,4,2.69,0.0016,0.0933,0.0031,2.48,0.0121,5.87,0.1982,0.0104,4.0
Jerzu,2024,5,4.92,0.0029,0.1707,0.0056,2.48,0.0121,5.87,0.1982,0.014,4.0
Jerzu,2024,6,4.0,0.0023,0.1388,0.0046,2.48,0.0121,5.87,0.1982,0.0126,4.0
Jerzu,2024,7,6.59,0.0039,0.2287,0.0075,2.48,0.0121,5.87,0.1982,0.0163,4.0
Jerzu,2024,8,12.12,0.0071,0.4204,0.0138,2.48,0.0121,5.87,0.1982,0.022,4.0
Jerzu,2024,9,7.75,0.0045,0.2687,0.0088,2.48,0.0121,5.87,0.1982,0.0176,4.0
Jerzu,2024,10,8.18,0.0048,0.2837,0.0093,2.48,0.0121,5.87,0.1982,0.0181,4.0
Jerzu,2024,11,2.24,0.0013,0.0777,0.0026,2.48,0.0121,5.87,0.1982,0.0095,4.0
Jerzu,2024,12,2.15,0.0013,0.0747,0.0025,2.48,0.0121,5.87,0.1982,0.0094,4.0
La Maddalena,2024,1,20.11,0.0118,0.1006,0.0033,147.93,0.7222,11.88,0.4011,0.058,4.0
La Maddalena,2024,2,7.06,0.0041,0.0353,0.0012,147.93,0.7222,11.88,0.4011,0.0346,4.0
La Maddalena,2024,3,31.74,0.0186,0.1589,0.0052,147.93,0.7222,11.88,0.4011,0.0728,4.0
La Maddalena,2024,4,125.63,0.0734,0.6288,0.0207,147.93,0.7222,11.88,0.4011,0.1448,4.0
La Maddalena,2024,5,388.76,0.2273,1.9458,0.0641,147.93,0.7222,11.88,0.4011,0.2549,4.0
La Maddalena,2024,6,889.45,0.52,4.4517,0.1466,147.93,0.7222,11.88,0.4011,0.3855,4.0
La Maddalena,2024,7,1394.43,0.8152,6.9791,0.2298,147.93,0.7222,11.88,0.4011,0.4826,4.0
La Maddalena,2024,8,1668.45,0.9755,8.3506,0.275,147.93,0.7222,11.88,0.4011,0.528,4.0
La Maddalena,2024,9,1245.42,0.7281,6.2333,0.2052,147.93,0.7222,11.88,0.4011,0.4561,4.0
La Maddalena,2024,10,539.23,0.3153,2.6988,0.0889,147.93,0.7222,11.88,0.4011,0.3002,4.0
La Maddalena,2024,11,60.85,0.0356,0.3046,0.01,147.93,0.7222,11.88,0.4011,0.1008,4.0
La Maddalena,2024,12,41.01,0.024,0.2053,0.0068,147.93,0.7222,11.88,0.4011,0.0829,4.0
Laconi,2024,1,0.69,0.0004,0.0521,0.0017,0.68,0.0033,3.81,0.1286,0.0041,4.0
Laconi,2024,2,0.03,0.0,0.0021,0.0001,0.68,0.0033,3.81,0.1286,0.0,4.0
Laconi,2024,3,1.23,0.0007,0.0929,0.0031,0.68,0.0033,3.81,0.1286,0.0055,4.0
Laconi,2024,4,0.82,0.0005,0.062,0.002,0.68,0.0033,3.81,0.1286,0.0045,4.0
Laconi,2024,5,0.44,0.0003,0.0333,0.0011,0.68,0.0033,3.81,0.1286,0.0034,4.0
Laconi,2024,6,0.38,0.0002,0.0285,0.0009,0.68,0.0033,3.81,0.1286,0.003,4.0
Laconi,2024,7,0.77,0.0005,0.0583,0.0019,0.68,0.0033,3.81,0.1286,0.0045,4.0
Laconi,2024,8,1.03,0.0006,0.078,0.0026,0.68,0.0033,3.81,0.1286,0.0051,4.0
Laconi,2024,9,0.34,0.0002,0.0255,0.0008,0.68,0.0033,3.81,0.1286,0.0029,4.0
Laconi,2024,10,1.32,0.0008,0.1002,0.0033,0.68,0.0033,3.81,0.1286,0.0058,4.0
Laconi,2024,11,1.52,0.0009,0.1156,0.0038,0.68,0.0033,3.81,0.1286,0.0062,4.0
Laconi,2024,12,0.93,0.0005,0.0706,0.0023,0.68,0.0033,3.81,0.1286,0.0047,4.0
Laerru,2024,1,0.16,0.0001,0.0039,0.0001,0.45,0.0022,10.62,0.3585,0.0017,4.0
Laerru,2024,2,0.15,0.0001,0.0036,0.0001,0.45,0.0022,10.62,0.3585,0.0017,4.0
Laerru,2024,3,0.2,0.0001,0.005,0.0002,0.45,0.0022,10.62,0.3585,0.002,4.0
Laerru,2024,4,0.34,0.0002,0.0082,0.0003,0.45,0.0022,10.62,0.3585,0.0026,4.0
Laerru,2024,5,1.26,0.0007,0.031,0.001,0.45,0.0022,10.62,0.3585,0.0048,4.0
Laerru,2024,6,3.34,0.002,0.082,0.0027,0.45,0.0022,10.62,0.3585,0.0081,4.0
Laerru,2024,7,3.75,0.0022,0.0919,0.003,0.45,0.0022,10.62,0.3585,0.0085,4.0
Laerru,2024,8,6.84,0.004,0.1677,0.0055,0.45,0.0022,10.62,0.3585,0.0115,4.0
Laerru,2024,9,0.55,0.0003,0.0134,0.0004,0.45,0.0022,10.62,0.3585,0.0031,4.0
Laerru,2024,10,0.33,0.0002,0.0082,0.0003,0.45,0.0022,10.62,0.3585,0.0026,4.0
Laerru,2024,11,0.17,0.0001,0.0042,0.0001,0.45,0.0022,10.62,0.3585,0.0017,4.0
Laerru,2024,12,0.22,0.0001,0.0053,0.0002,0.45,0.0022,10.62,0.3585,0.002,4.0
Lanusei,2024,1,1.72,0.001,0.0181,0.0006,7.69,0.0375,4.97,0.1678,0.0078,4.0
Lanusei,2024,2,1.79,0.001,0.0189,0.0006,7.69,0.0375,4.97,0.1678,0.0078,4.0
Lanusei,2024,3,3.19,0.0019,0.0336,0.0011,7.69,0.0375,4.97,0.1678,0.0107,4.0
Lanusei,2024,4,4.04,0.0024,0.0426,0.0014,7.69,0.0375,4.97,0.1678,0.0121,4.0
Lanusei,2024,5,5.17,0.003,0.0545,0.0018,7.69,0.0375,4.97,0.1678,0.0136,4.0
Lanusei,2024,6,8.98,0.0053,0.0947,0.0031,7.69,0.0375,4.97,0.1678,0.0179,4.0
Lanusei,2024,7,26.35,0.0154,0.2781,0.0092,7.69,0.0375,4.97,0.1678,0.0307,4.0
Lanusei,2024,8,60.95,0.0356,0.6433,0.0212,7.69,0.0375,4.97,0.1678,0.0467,4.0
Lanusei,2024,9,14.3,0.0084,0.1509,0.005,7.69,0.0375,4.97,0.1678,0.0227,4.0
Lanusei,2024,10,4.58,0.0027,0.0484,0.0016,7.69,0.0375,4.97,0.1678,0.0128,4.0
Lanusei,2024,11,3.38,0.002,0.0356,0.0012,7.69,0.0375,4.97,0.1678,0.0111,4.0
Lanusei,2024,12,5.07,0.003,0.0535,0.0018,7.69,0.0375,4.97,0.1678,0.0136,4.0
Las Plassas,2024,1,0.01,0.0,0.0004,0.0,0.63,0.0031,1.02,0.0344,0.0,4.0
Las Plassas,2024,2,0.01,0.0,0.0004,0.0,0.63,0.0031,1.02,0.0344,0.0,4.0
Las Plassas,2024,3,0.01,0.0,0.0006,0.0,0.63,0.0031,1.02,0.0344,0.0,4.0
Las Plassas,2024,4,0.02,0.0,0.001,0.0,0.63,0.0031,1.02,0.0344,0.0,4.0
Las Plassas,2024,5,0.02,0.0,0.0011,0.0,0.63,0.0031,1.02,0.0344,0.0,4.0
Las Plassas,2024,6,0.04,0.0,0.002,0.0001,0.63,0.0031,1.02,0.0344,0.0,4.0
Las Plassas,2024,7,0.05,0.0,0.0027,0.0001,0.63,0.0031,1.02,0.0344,0.0,4.0
Las Plassas,2024,8,0.5,0.0003,0.0272,0.0009,0.63,0.0031,1.02,0.0344,0.0023,4.0
Las Plassas,2024,9,1.29,0.0008,0.0699,0.0023,0.63,0.0031,1.02,0.0344,0.0037,4.0
Las Plassas,2024,10,0.38,0.0002,0.0204,0.0007,0.63,0.0031,1.02,0.0344,0.002,4.0
Las Plassas,2024,11,0.01,0.0,0.0005,0.0,0.63,0.0031,1.02,0.0344,0.0,4.0
Las Plassas,2024,12,0.01,0.0,0.0006,0.0,0.63,0.0031,1.02,0.0344,0.0,4.0
Lei,2024,1,,,,,0.0,0.0,,,0.0,1.0
Lei,2024,2,,,,,0.0,0.0,,,0.0,1.0
Lei,2024,3,,,,,0.0,0.0,,,0.0,1.0
Lei,2024,4,,,,,0.0,0.0,,,0.0,1.0
Lei,2024,5,,,,,0.0,0.0,,,0.0,1.0
Lei,2024,6,,,,,0.0,0.0,,,0.0,1.0
Lei,2024,7,,,,,0.0,0.0,,,0.0,1.0
Lei,2024,8,,,,,0.0,0.0,,,0.0,1.0
Lei,2024,9,,,,,0.0,0.0,,,0.0,1.0
Lei,2024,10,,,,,0.0,0.0,,,0.0,1.0
Lei,2024,11,,,,,0.0,0.0,,,0.0,1.0
Lei,2024,12,,,,,0.0,0.0,,,0.0,1.0
Loceri,2024,1,0.21,0.0001,0.0032,0.0001,10.29,0.0502,6.43,0.2171,0.0032,4.0
Loceri,2024,2,0.2,0.0001,0.003,0.0001,10.29,0.0502,6.43,0.2171,0.0032,4.0
Loceri,2024,3,4.13,0.0024,0.0616,0.002,10.29,0.0502,6.43,0.2171,0.0151,4.0
Loceri,2024,4,13.06,0.0076,0.1948,0.0064,10.29,0.0502,6.43,0.2171,0.027,4.0
Loceri,2024,5,13.42,0.0078,0.2001,0.0066,10.29,0.0502,6.43,0.2171,0.0274,4.0
Loceri,2024,6,27.21,0.0159,0.4058,0.0134,10.29,0.0502,6.43,0.2171,0.039,4.0
Loceri,2024,7,69.24,0.0405,1.0325,0.034,10.29,0.0502,6.43,0.2171,0.0622,4.0
Loceri,2024,8,80.22,0.0469,1.1963,0.0394,10.29,0.0502,6.43,0.2171,0.067,4.0
Loceri,2024,9,25.75,0.0151,0.384,0.0126,10.29,0.0502,6.43,0.2171,0.0379,4.0
Loceri,2024,10,7.04,0.0041,0.1049,0.0035,10.29,0.0502,6.43,0.2171,0.0199,4.0
Loceri,2024,11,0.23,0.0001,0.0035,0.0001,10.29,0.0502,6.43,0.2171,0.0032,4.0
Loceri,2024,12,0.7,0.0004,0.0105,0.0003,10.29,0.0502,6.43,0.2171,0.006,4.0
Loculi,2024,1,0.0,0.0,0.0002,0.0,2.12,0.0104,3.02,0.102,0.0,4.0
Loculi,2024,2,0.0,0.0,0.0002,0.0,2.12,0.0104,3.02,0.102,0.0,4.0
Loculi,2024,3,0.0,0.0,0.0003,0.0,2.12,0.0104,3.02,0.102,0.0,4.0
Loculi,2024,4,0.95,0.0006,0.0742,0.0024,2.12,0.0104,3.02,0.102,0.0063,4.0
Loculi,2024,5,0.9,0.0005,0.0701,0.0023,2.12,0.0104,3.02,0.102,0.0059,4.0
Loculi,2024,6,2.68,0.0016,0.2097,0.0069,2.12,0.0104,3.02,0.102,0.0104,4.0
Loculi,2024,7,4.29,0.0025,0.3349,0.011,2.12,0.0104,3.02,0.102,0.0131,4.0
Loculi,2024,8,10.91,0.0064,0.8523,0.0281,2.12,0.0104,3.02,0.102,0.0209,4.0
Loculi,2024,9,2.31,0.0014,0.1808,0.006,2.12,0.0104,3.02,0.102,0.0097,4.0
Loculi,2024,10,1.29,0.0008,0.1007,0.0033,2.12,0.0104,3.02,0.102,0.0073,4.0
Loculi,2024,11,0.0,0.0,0.0003,0.0,2.12,0.0104,3.02,0.102,0.0,4.0
Loculi,2024,12,0.0,0.0,0.0003,0.0,2.12,0.0104,3.02,0.102,0.0,4.0
Lodine,2024,1,,,,,1.54,0.0075,0.0,0.0,0.0,2.0
Lodine,2024,2,,,,,1.54,0.0075,0.0,0.0,0.0,2.0
Lodine,2024,3,,,,,1.54,0.0075,0.0,0.0,0.0,2.0
Lodine,2024,4,,,,,1.54,0.0075,0.0,0.0,0.0,2.0
Lodine,2024,5,,,,,1.54,0.0075,0.0,0.0,0.0,2.0
Lodine,2024,6,,,,,1.54,0.0075,0.0,0.0,0.0,2.0
Lodine,2024,7,,,,,1.54,0.0075,0.0,0.0,0.0,2.0
Lodine,2024,8,,,,,1.54,0.0075,0.0,0.0,0.0,2.0
Lodine,2024,9,,,,,1.54,0.0075,0.0,0.0,0.0,2.0
Lodine,2024,10,,,,,1.54,0.0075,0.0,0.0,0.0,2.0
Lodine,2024,11,,,,,1.54,0.0075,0.0,0.0,0.0,2.0
Lodine,2024,12,,,,,1.54,0.0075,0.0,0.0,0.0,2.0
Lodè,2024,1,0.02,0.0,0.0014,0.0,0.28,0.0014,1.78,0.0601,0.0,4.0
Lodè,2024,2,0.02,0.0,0.0013,0.0,0.28,0.0014,1.78,0.0601,0.0,4.0
Lodè,2024,3,0.02,0.0,0.0017,0.0001,0.28,0.0014,1.78,0.0601,0.0,4.0
Lodè,2024,4,0.03,0.0,0.0029,0.0001,0.28,0.0014,1.78,0.0601,0.0,4.0
Lodè,2024,5,0.04,0.0,0.0032,0.0001,0.28,0.0014,1.78,0.0601,0.0,4.0
Lodè,2024,6,0.12,0.0001,0.0095,0.0003,0.28,0.0014,1.78,0.0601,0.0013,4.0
Lodè,2024,7,0.45,0.0003,0.0372,0.0012,0.28,0.0014,1.78,0.0601,0.0023,4.0
Lodè,2024,8,0.82,0.0005,0.0675,0.0022,0.28,0.0014,1.78,0.0601,0.0031,4.0
Lodè,2024,9,0.21,0.0001,0.0174,0.0006,0.28,0.0014,1.78,0.0601,0.0015,4.0
Lodè,2024,10,0.03,0.0,0.0029,0.0001,0.28,0.0014,1.78,0.0601,0.0,4.0
Lodè,2024,11,0.02,0.0,0.0015,0.0,0.28,0.0014,1.78,0.0601,0.0,4.0
Lodè,2024,12,0.02,0.0,0.0019,0.0001,0.28,0.0014,1.78,0.0601,0.0,4.0
Loiri Porto San Paolo,2024,1,0.71,0.0004,0.0225,0.0007,40.77,0.1991,8.44,0.2849,0.0112,4.0
Loiri Porto San Paolo,2024,2,1.06,0.0006,0.0337,0.0011,40.77,0.1991,8.44,0.2849,0.0139,4.0
Loiri Porto San Paolo,2024,3,3.21,0.0019,0.1016,0.0033,40.77,0.1991,8.44,0.2849,0.0244,4.0
Loiri Porto San Paolo,2024,4,36.92,0.0216,1.1697,0.0385,40.77,0.1991,8.44,0.2849,0.0829,4.0
Loiri Porto San Paolo,2024,5,103.88,0.0607,3.2911,0.1084,40.77,0.1991,8.44,0.2849,0.139,4.0
Loiri Porto San Paolo,2024,6,198.03,0.1158,6.2737,0.2066,40.77,0.1991,8.44,0.2849,0.1919,4.0
Loiri Porto San Paolo,2024,7,295.31,0.1727,9.3555,0.3081,40.77,0.1991,8.44,0.2849,0.2344,4.0
Loiri Porto San Paolo,2024,8,321.0,0.1877,10.1695,0.3349,40.77,0.1991,8.44,0.2849,0.2444,4.0
Loiri Porto San Paolo,2024,9,201.12,0.1176,6.3716,0.2098,40.77,0.1991,8.44,0.2849,0.1934,4.0
Loiri Porto San Paolo,2024,10,88.59,0.0518,2.8065,0.0924,40.77,0.1991,8.44,0.2849,0.1284,4.0
Loiri Porto San Paolo,2024,11,3.48,0.002,0.1101,0.0036,40.77,0.1991,8.44,0.2849,0.0253,4.0
Loiri Porto San Paolo,2024,12,2.01,0.0012,0.0636,0.0021,40.77,0.1991,8.44,0.2849,0.0194,4.0
Lotzorai,2024,1,22.37,0.0131,0.1786,0.0059,156.88,0.7659,12.13,0.4095,0.0702,4.0
Lotzorai,2024,2,18.05,0.0106,0.1441,0.0047,156.88,0.7659,12.13,0.4095,0.0629,4.0
Lotzorai,2024,3,4.68,0.0027,0.0373,0.0012,156.88,0.7659,12.13,0.4095,0.0317,4.0
Lotzorai,2024,4,123.39,0.0721,0.9853,0.0324,156.88,0.7659,12.13,0.4095,0.1645,4.0
Lotzorai,2024,5,558.88,0.3267,4.4631,0.147,156.88,0.7659,12.13,0.4095,0.3503,4.0
Lotzorai,2024,6,1054.5,0.6165,8.4211,0.2773,156.88,0.7659,12.13,0.4095,0.4812,4.0
Lotzorai,2024,7,1535.92,0.898,12.2656,0.4039,156.88,0.7659,12.13,0.4095,0.5808,4.0
Lotzorai,2024,8,1901.05,1.0,15.1815,0.4999,156.88,0.7659,12.13,0.4095,0.6293,4.0
Lotzorai,2024,9,1267.96,0.7413,10.1257,0.3334,156.88,0.7659,12.13,0.4095,0.5277,4.0
Lotzorai,2024,10,453.84,0.2653,3.6243,0.1193,156.88,0.7659,12.13,0.4095,0.3156,4.0
Lotzorai,2024,11,3.31,0.0019,0.0265,0.0009,156.88,0.7659,12.13,0.4095,0.0271,4.0
Lotzorai,2024,12,2.01,0.0012,0.0161,0.0005,156.88,0.7659,12.13,0.4095,0.0208,4.0
Lula,2024,1,0.03,0.0,0.0035,0.0001,0.26,0.0013,1.52,0.0513,0.0,4.0
Lula,2024,2,0.03,0.0,0.0033,0.0001,0.26,0.0013,1.52,0.0513,0.0,4.0
Lula,2024,3,0.04,0.0,0.0045,0.0001,0.26,0.0013,1.52,0.0513,0.0,4.0
Lula,2024,4,0.06,0.0,0.0074,0.0002,0.26,0.0013,1.52,0.0513,0.0,4.0
Lula,2024,5,0.07,0.0,0.0082,0.0003,0.26,0.0013,1.52,0.0513,0.0,4.0
Lula,2024,6,0.13,0.0001,0.0159,0.0005,0.26,0.0013,1.52,0.0513,0.0014,4.0
Lula,2024,7,0.26,0.0002,0.0312,0.001,0.26,0.0013,1.52,0.0513,0.0019,4.0
Lula,2024,8,0.41,0.0002,0.0492,0.0016,0.26,0.0013,1.52,0.0513,0.0021,4.0
Lula,2024,9,0.19,0.0001,0.0226,0.0007,0.26,0.0013,1.52,0.0513,0.0015,4.0
Lula,2024,10,0.06,0.0,0.0074,0.0002,0.26,0.0013,1.52,0.0513,0.0,4.0
Lula,2024,11,0.03,0.0,0.0038,0.0001,0.26,0.0013,1.52,0.0513,0.0,4.0
Lula,2024,12,0.11,0.0001,0.0128,0.0004,0.26,0.0013,1.52,0.0513,0.0013,4.0
Lunamatrona,2024,1,0.11,0.0001,0.0014,0.0,13.14,0.0642,0.22,0.0074,0.0,4.0
Lunamatrona,2024,2,0.1,0.0001,0.0013,0.0,13.14,0.0642,0.22,0.0074,0.0,4.0
Lunamatrona,2024,3,0.14,0.0001,0.0018,0.0001,13.14,0.0642,0.22,0.0074,0.0015,4.0
Lunamatrona,2024,4,0.23,0.0001,0.0029,0.0001,13.14,0.0642,0.22,0.0074,0.0015,4.0
Lunamatrona,2024,5,0.25,0.0001,0.0032,0.0001,13.14,0.0642,0.22,0.0074,0.0015,4.0
Lunamatrona,2024,6,0.48,0.0003,0.0063,0.0002,13.14,0.0642,0.22,0.0074,0.0023,4.0
Lunamatrona,2024,7,3.11,0.0018,0.0404,0.0013,13.14,0.0642,0.22,0.0074,0.0058,4.0
Lunamatrona,2024,8,2.49,0.0015,0.0324,0.0011,13.14,0.0642,0.22,0.0074,0.0053,4.0
Lunamatrona,2024,9,2.97,0.0017,0.0386,0.0013,13.14,0.0642,0.22,0.0074,0.0057,4.0
Lunamatrona,2024,10,0.22,0.0001,0.0029,0.0001,13.14,0.0642,0.22,0.0074,0.0015,4.0
Lunamatrona,2024,11,0.12,0.0001,0.0015,0.0,13.14,0.0642,0.22,0.0074,0.0,4.0
Lunamatrona,2024,12,0.15,0.0001,0.0019,0.0001,13.14,0.0642,0.22,0.0074,0.0015,4.0
Luogosanto,2024,1,0.01,0.0,0.0007,0.0,2.78,0.0136,8.09,0.2731,0.0,4.0
Luogosanto,2024,2,0.01,0.0,0.0007,0.0,2.78,0.0136,8.09,0.2731,0.0,4.0
Luogosanto,2024,3,0.01,0.0,0.0009,0.0,2.78,0.0136,8.09,0.2731,0.0,4.0
Luogosanto,2024,4,1.42,0.0008,0.1064,0.0035,2.78,0.0136,8.09,0.2731,0.0101,4.0
Luogosanto,2024,5,7.92,0.0046,0.5927,0.0195,2.78,0.0136,8.09,0.2731,0.024,4.0
Luogosanto,2024,6,10.68,0.0062,0.7991,0.0263,2.78,0.0136,8.09,0.2731,0.0279,4.0
Luogosanto,2024,7,17.6,0.0103,1.3164,0.0433,2.78,0.0136,8.09,0.2731,0.0359,4.0
Luogosanto,2024,8,22.75,0.0133,1.7021,0.056,2.78,0.0136,8.09,0.2731,0.0408,4.0
Luogosanto,2024,9,13.76,0.008,1.0297,0.0339,2.78,0.0136,8.09,0.2731,0.0317,4.0
Luogosanto,2024,10,7.61,0.0044,0.5692,0.0187,2.78,0.0136,8.09,0.2731,0.0235,4.0
Luogosanto,2024,11,0.01,0.0,0.0008,0.0,2.78,0.0136,8.09,0.2731,0.0,4.0
Luogosanto,2024,12,0.31,0.0002,0.0232,0.0008,2.78,0.0136,8.09,0.2731,0.0049,4.0
Luras,2024,1,0.01,0.0,0.0004,0.0,1.24,0.0061,2.01,0.0679,0.0,4.0
Luras,2024,2,0.01,0.0,0.0004,0.0,1.24,0.0061,2.01,0.0679,0.0,4.0
Luras,2024,3,0.01,0.0,0.0005,0.0,1.24,0.0061,2.01,0.0679,0.0,4.0
Luras,2024,4,0.02,0.0,0.0008,0.0,1.24,0.0061,2.01,0.0679,0.0,4.0
Luras,2024,5,0.02,0.0,0.0009,0.0,1.24,0.0061,2.01,0.0679,0.0,4.0
Luras,2024,6,0.73,0.0004,0.027,0.0009,1.24,0.0061,2.01,0.0679,0.0035,4.0
Luras,2024,7,2.93,0.0017,0.1089,0.0036,1.24,0.0061,2.01,0.0679,0.0071,4.0
Luras,2024,8,2.17,0.0013,0.0807,0.0027,1.24,0.0061,2.01,0.0679,0.0062,4.0
Luras,2024,9,1.12,0.0007,0.0418,0.0014,1.24,0.0061,2.01,0.0679,0.0045,4.0
Luras,2024,10,0.66,0.0004,0.0244,0.0008,1.24,0.0061,2.01,0.0679,0.0034,4.0
Luras,2024,11,0.41,0.0002,0.0152,0.0005,1.24,0.0061,2.01,0.0679,0.0025,4.0
Luras,2024,12,0.98,0.0006,0.0363,0.0012,1.24,0.0061,2.01,0.0679,0.0042,4.0
Macomer,2024,1,7.85,0.0046,0.1051,0.0035,0.77,0.0038,33.3,1.0,0.0157,4.0
Macomer,2024,2,6.64,0.0039,0.0888,0.0029,0.77,0.0038,33.3,1.0,0.0144,4.0
Macomer,2024,3,7.52,0.0044,0.1006,0.0033,0.77,0.0038,33.3,1.0,0.0153,4.0
Macomer,2024,4,8.2,0.0048,0.1098,0.0036,0.77,0.0038,33.3,1.0,0.016,4.0
Macomer,2024,5,7.96,0.0047,0.1065,0.0035,0.77,0.0038,33.3,1.0,0.0158,4.0
Macomer,2024,6,8.51,0.005,0.1139,0.0038,0.77,0.0038,33.3,1.0,0.0164,4.0
Macomer,2024,7,7.67,0.0045,0.1027,0.0034,0.77,0.0038,33.3,1.0,0.0155,4.0
Macomer,2024,8,7.58,0.0044,0.1015,0.0033,0.77,0.0038,33.3,1.0,0.0153,4.0
Macomer,2024,9,7.88,0.0046,0.1054,0.0035,0.77,0.0038,33.3,1.0,0.0157,4.0
Macomer,2024,10,9.17,0.0054,0.1227,0.004,0.77,0.0038,33.3,1.0,0.0169,4.0
Macomer,2024,11,8.58,0.005,0.1148,0.0038,0.77,0.0038,33.3,1.0,0.0164,4.0
Macomer,2024,12,6.6,0.0039,0.0883,0.0029,0.77,0.0038,33.3,1.0,0.0144,4.0
Magomadas,2024,1,1.66,0.001,0.0248,0.0008,45.38,0.2216,8.13,0.2745,0.0149,4.0
Magomadas,2024,2,4.76,0.0028,0.0712,0.0023,45.38,0.2216,8.13,0.2745,0.025,4.0
Magomadas,2024,3,14.94,0.0087,0.2235,0.0074,45.38,0.2216,8.13,0.2745,0.0445,4.0
Magomadas,2024,4,66.19,0.0387,0.9901,0.0326,45.38,0.2216,8.13,0.2745,0.0936,4.0
Magomadas,2024,5,88.0,0.0514,1.3162,0.0433,45.38,0.2216,8.13,0.2745,0.1079,4.0
Magomadas,2024,6,189.73,0.1109,2.8377,0.0934,45.38,0.2216,8.13,0.2745,0.1584,4.0
Magomadas,2024,7,298.1,0.1743,4.4586,0.1468,45.38,0.2216,8.13,0.2745,0.1986,4.0
Magomadas,2024,8,367.83,0.215,5.5017,0.1812,45.38,0.2216,8.13,0.2745,0.2206,4.0
Magomadas,2024,9,201.02,0.1175,3.0066,0.099,45.38,0.2216,8.13,0.2745,0.1631,4.0
Magomadas,2024,10,96.97,0.0567,1.4503,0.0478,45.38,0.2216,8.13,0.2745,0.1133,4.0
Magomadas,2024,11,8.08,0.0047,0.1209,0.004,45.38,0.2216,8.13,0.2745,0.0327,4.0
Magomadas,2024,12,8.86,0.0052,0.1325,0.0044,45.38,0.2216,8.13,0.2745,0.0343,4.0
Mamoiada,2024,1,3.6,0.0021,0.0741,0.0024,3.77,0.0184,4.23,0.1428,0.0107,4.0
Mamoiada,2024,2,2.81,0.0016,0.0578,0.0019,3.77,0.0184,4.23,0.1428,0.0095,4.0
Mamoiada,2024,3,1.95,0.0011,0.0402,0.0013,3.77,0.0184,4.23,0.1428,0.0078,4.0
Mamoiada,2024,4,2.61,0.0015,0.0536,0.0018,3.77,0.0184,4.23,0.1428,0.0092,4.0
Mamoiada,2024,5,3.89,0.0023,0.0799,0.0026,3.77,0.0184,4.23,0.1428,0.0112,4.0
Mamoiada,2024,6,4.85,0.0028,0.0996,0.0033,3.77,0.0184,4.23,0.1428,0.0125,4.0
Mamoiada,2024,7,9.96,0.0058,0.2047,0.0067,3.77,0.0184,4.23,0.1428,0.0179,4.0
Mamoiada,2024,8,14.9,0.0087,0.3064,0.0101,3.77,0.0184,4.23,0.1428,0.0219,4.0
Mamoiada,2024,9,5.25,0.0031,0.108,0.0036,3.77,0.0184,4.23,0.1428,0.0131,4.0
Mamoiada,2024,10,4.46,0.0026,0.0917,0.003,3.77,0.0184,4.23,0.1428,0.012,4.0
Mamoiada,2024,11,2.87,0.0017,0.059,0.0019,3.77,0.0184,4.23,0.1428,0.0096,4.0
Mamoiada,2024,12,0.94,0.0005,0.0193,0.0006,3.77,0.0184,4.23,0.1428,0.0053,4.0
Mandas,2024,1,0.01,0.0,0.0001,0.0,1.16,0.0057,6.56,0.2215,0.0,4.0
Mandas,2024,2,0.52,0.0003,0.0118,0.0004,1.16,0.0057,6.56,0.2215,0.0035,4.0
Mandas,2024,3,0.43,0.0003,0.0098,0.0003,1.16,0.0057,6.56,0.2215,0.0033,4.0
Mandas,2024,4,2.33,0.0014,0.0531,0.0017,1.16,0.0057,6.56,0.2215,0.0074,4.0
Mandas,2024,5,7.35,0.0043,0.1675,0.0055,1.16,0.0057,6.56,0.2215,0.0131,4.0
Mandas,2024,6,4.33,0.0025,0.0986,0.0032,1.16,0.0057,6.56,0.2215,0.01,4.0
Mandas,2024,7,5.21,0.003,0.1186,0.0039,1.16,0.0057,6.56,0.2215,0.011,4.0
Mandas,2024,8,2.78,0.0016,0.0633,0.0021,1.16,0.0057,6.56,0.2215,0.0081,4.0
Mandas,2024,9,2.36,0.0014,0.0538,0.0018,1.16,0.0057,6.56,0.2215,0.0075,4.0
Mandas,2024,10,1.64,0.001,0.0374,0.0012,1.16,0.0057,6.56,0.2215,0.0062,4.0
Mandas,2024,11,0.83,0.0005,0.0189,0.0006,1.16,0.0057,6.56,0.2215,0.0044,4.0
Mandas,2024,12,0.01,0.0,0.0002,0.0,1.16,0.0057,6.56,0.2215,0.0,4.0
Mara,2024,1,0.02,0.0,0.0009,0.0,0.32,0.0016,3.06,0.1033,0.0,4.0
Mara,2024,2,0.02,0.0,0.0008,0.0,0.32,0.0016,3.06,0.1033,0.0,4.0
Mara,2024,3,0.03,0.0,0.0011,0.0,0.32,0.0016,3.06,0.1033,0.0,4.0
Mara,2024,4,0.05,0.0,0.0019,0.0001,0.32,0.0016,3.06,0.1033,0.0,4.0
Mara,2024,5,0.06,0.0,0.002,0.0001,0.32,0.0016,3.06,0.1033,0.0,4.0
Mara,2024,6,0.11,0.0001,0.0039,0.0001,0.32,0.0016,3.06,0.1033,0.0011,4.0
Mara,2024,7,1.44,0.0008,0.0508,0.0017,0.32,0.0016,3.06,0.1033,0.0039,4.0
Mara,2024,8,1.66,0.001,0.0585,0.0019,0.32,0.0016,3.06,0.1033,0.0042,4.0
Mara,2024,9,0.09,0.0001,0.003,0.0001,0.32,0.0016,3.06,0.1033,0.0011,4.0
Mara,2024,10,0.05,0.0,0.0018,0.0001,0.32,0.0016,3.06,0.1033,0.0,4.0
Mara,2024,11,0.03,0.0,0.0009,0.0,0.32,0.0016,3.06,0.1033,0.0,4.0
Mara,2024,12,0.03,0.0,0.0012,0.0,0.32,0.0016,3.06,0.1033,0.0,4.0
Maracalagonis,2024,1,1.21,0.0007,0.0155,0.0005,32.52,0.1588,10.83,0.3656,0.0119,4.0
Maracalagonis,2024,2,1.07,0.0006,0.0137,0.0005,32.52,0.1588,10.83,0.3656,0.0115,4.0
Maracalagonis,2024,3,3.39,0.002,0.0435,0.0014,32.52,0.1588,10.83,0.3656,0.0201,4.0
Maracalagonis,2024,4,9.08,0.0053,0.1166,0.0038,32.52,0.1588,10.83,0.3656,0.0329,4.0
Maracalagonis,2024,5,57.34,0.0335,0.7366,0.0243,32.52,0.1588,10.83,0.3656,0.0829,4.0
Maracalagonis,2024,6,216.51,0.1266,2.7811,0.0916,32.52,0.1588,10.83,0.3656,0.1611,4.0
Maracalagonis,2024,7,338.08,0.1977,4.3426,0.143,32.52,0.1588,10.83,0.3656,0.2013,4.0
Maracalagonis,2024,8,368.52,0.2155,4.7336,0.1559,32.52,0.1588,10.83,0.3656,0.2102,4.0
Maracalagonis,2024,9,243.85,0.1426,3.1322,0.1031,32.52,0.1588,10.83,0.3656,0.1709,4.0
Maracalagonis,2024,10,41.89,0.0245,0.5381,0.0177,32.52,0.1588,10.83,0.3656,0.0708,4.0
Maracalagonis,2024,11,1.67,0.001,0.0214,0.0007,32.52,0.1588,10.83,0.3656,0.0142,4.0
Maracalagonis,2024,12,2.47,0.0014,0.0318,0.001,32.52,0.1588,10.83,0.3656,0.0169,4.0
Marrubiu,2024,1,0.12,0.0001,0.0015,0.0,2.66,0.013,2.92,0.0986,0.0,4.0
Marrubiu,2024,2,0.99,0.0006,0.0134,0.0004,2.66,0.013,2.92,0.0986,0.0042,4.0
Marrubiu,2024,3,0.0,0.0,0.0,0.0,2.66,0.013,2.92,0.0986,0.0,4.0
Marrubiu,2024,4,0.96,0.0006,0.013,0.0004,2.66,0.013,2.92,0.0986,0.0042,4.0
Marrubiu,2024,5,2.54,0.0015,0.0342,0.0011,2.66,0.013,2.92,0.0986,0.0068,4.0
Marrubiu,2024,6,2.17,0.0013,0.0292,0.001,2.66,0.013,2.92,0.0986,0.0064,4.0
Marrubiu,2024,7,6.05,0.0035,0.0815,0.0027,2.66,0.013,2.92,0.0986,0.0105,4.0
Marrubiu,2024,8,10.24,0.006,0.1378,0.0045,2.66,0.013,2.92,0.0986,0.0136,4.0
Marrubiu,2024,9,3.42,0.002,0.0461,0.0015,2.66,0.013,2.92,0.0986,0.0079,4.0
Marrubiu,2024,10,0.83,0.0005,0.0112,0.0004,2.66,0.013,2.92,0.0986,0.004,4.0
Marrubiu,2024,11,0.25,0.0001,0.0033,0.0001,2.66,0.013,2.92,0.0986,0.0019,4.0
Marrubiu,2024,12,0.69,0.0004,0.0092,0.0003,2.66,0.013,2.92,0.0986,0.0035,4.0
Martis,2024,1,0.03,0.0,0.0015,0.0,2.49,0.0122,3.97,0.134,0.0,4.0
Martis,2024,2,0.03,0.0,0.0014,0.0,2.49,0.0122,3.97,0.134,0.0,4.0
Martis,2024,3,0.04,0.0,0.0019,0.0001,2.49,0.0122,3.97,0.134,0.0,4.0
Martis,2024,4,0.5,0.0003,0.0249,0.0008,2.49,0.0122,3.97,0.134,0.0045,4.0
Martis,2024,5,3.09,0.0018,0.1538,0.0051,2.49,0.0122,3.97,0.134,0.0111,4.0
Martis,2024,6,3.81,0.0022,0.1897,0.0062,2.49,0.0122,3.97,0.134,0.0122,4.0
Martis,2024,7,8.05,0.0047,0.4012,0.0132,2.49,0.0122,3.97,0.134,0.0178,4.0
Martis,2024,8,13.39,0.0078,0.6671,0.022,2.49,0.0122,3.97,0.134,0.023,4.0
Martis,2024,9,5.61,0.0033,0.2796,0.0092,2.49,0.0122,3.97,0.134,0.0149,4.0
Martis,2024,10,1.5,0.0009,0.075,0.0025,2.49,0.0122,3.97,0.134,0.0078,4.0
Martis,2024,11,0.03,0.0,0.0016,0.0001,2.49,0.0122,3.97,0.134,0.0,4.0
Martis,2024,12,0.04,0.0,0.002,0.0001,2.49,0.0122,3.97,0.134,0.0,4.0
Masainas,2024,1,0.03,0.0,0.0006,0.0,7.12,0.0348,4.04,0.1364,0.0,4.0
Masainas,2024,2,0.03,0.0,0.0006,0.0,7.12,0.0348,4.04,0.1364,0.0,4.0
Masainas,2024,3,0.96,0.0006,0.0191,0.0006,7.12,0.0348,4.04,0.1364,0.0064,4.0
Masainas,2024,4,1.15,0.0007,0.023,0.0008,7.12,0.0348,4.04,0.1364,0.0072,4.0
Masainas,2024,5,3.92,0.0023,0.0782,0.0026,7.12,0.0348,4.04,0.1364,0.013,4.0
Masainas,2024,6,16.08,0.0094,0.3207,0.0106,7.12,0.0348,4.04,0.1364,0.0262,4.0
Masainas,2024,7,34.47,0.0202,0.6873,0.0226,7.12,0.0348,4.04,0.1364,0.0384,4.0
Masainas,2024,8,29.83,0.0174,0.5947,0.0196,7.12,0.0348,4.04,0.1364,0.0357,4.0
Masainas,2024,9,14.96,0.0087,0.2984,0.0098,7.12,0.0348,4.04,0.1364,0.0252,4.0
Masainas,2024,10,3.33,0.0019,0.0664,0.0022,7.12,0.0348,4.04,0.1364,0.0119,4.0
Masainas,2024,11,0.03,0.0,0.0006,0.0,7.12,0.0348,4.04,0.1364,0.0,4.0
Masainas,2024,12,0.04,0.0,0.0008,0.0,7.12,0.0348,4.04,0.1364,0.0,4.0
Masullas,2024,1,0.05,0.0,0.0009,0.0,0.48,0.0023,3.07,0.1036,0.0,4.0
Masullas,2024,2,0.04,0.0,0.0008,0.0,0.48,0.0023,3.07,0.1036,0.0,4.0
Masullas,2024,3,0.06,0.0,0.0011,0.0,0.48,0.0023,3.07,0.1036,0.0,4.0
Masullas,2024,4,0.1,0.0001,0.0019,0.0001,0.48,0.0023,3.07,0.1036,0.0012,4.0
Masullas,2024,5,0.11,0.0001,0.0021,0.0001,0.48,0.0023,3.07,0.1036,0.0012,4.0
Masullas,2024,6,0.22,0.0001,0.004,0.0001,0.48,0.0023,3.07,0.1036,0.0012,4.0
Masullas,2024,7,0.29,0.0002,0.0055,0.0002,0.48,0.0023,3.07,0.1036,0.0018,4.0
Masullas,2024,8,0.3,0.0002,0.0055,0.0002,0.48,0.0023,3.07,0.1036,0.0018,4.0
Masullas,2024,9,1.71,0.001,0.0321,0.0011,0.48,0.0023,3.07,0.1036,0.004,4.0
Masullas,2024,10,0.85,0.0005,0.0159,0.0005,0.48,0.0023,3.07,0.1036,0.0028,4.0
Masullas,2024,11,0.8,0.0005,0.015,0.0005,0.48,0.0023,3.07,0.1036,0.0028,4.0
Masullas,2024,12,0.87,0.0005,0.0162,0.0005,0.48,0.0023,3.07,0.1036,0.0028,4.0
Meana Sardo,2024,1,0.14,0.0001,0.0063,0.0002,0.64,0.0031,1.92,0.0648,0.0014,4.0
Meana Sardo,2024,2,0.11,0.0001,0.0051,0.0002,0.64,0.0031,1.92,0.0648,0.0014,4.0
Meana Sardo,2024,3,0.26,0.0002,0.012,0.0004,0.64,0.0031,1.92,0.0648,0.002,4.0
Meana Sardo,2024,4,0.2,0.0001,0.0095,0.0003,0.64,0.0031,1.92,0.0648,0.0016,4.0
Meana Sardo,2024,5,0.18,0.0001,0.0082,0.0003,0.64,0.0031,1.92,0.0648,0.0016,4.0
Meana Sardo,2024,6,0.27,0.0002,0.0127,0.0004,0.64,0.0031,1.92,0.0648,0.002,4.0
Meana Sardo,2024,7,0.68,0.0004,0.0317,0.001,0.64,0.0031,1.92,0.0648,0.003,4.0
Meana Sardo,2024,8,0.98,0.0006,0.0456,0.0015,0.64,0.0031,1.92,0.0648,0.0037,4.0
Meana Sardo,2024,9,0.52,0.0003,0.0241,0.0008,0.64,0.0031,1.92,0.0648,0.0026,4.0
Meana Sardo,2024,10,0.6,0.0004,0.0279,0.0009,0.64,0.0031,1.92,0.0648,0.0029,4.0
Meana Sardo,2024,11,0.38,0.0002,0.0177,0.0006,0.64,0.0031,1.92,0.0648,0.0022,4.0
Meana Sardo,2024,12,0.16,0.0001,0.0076,0.0003,0.64,0.0031,1.92,0.0648,0.0016,4.0
Milis,2024,1,1.06,0.0006,0.0142,0.0005,3.88,0.0189,7.11,0.24,0.0061,4.0
Milis,2024,2,0.04,0.0,0.0006,0.0,3.88,0.0189,7.11,0.24,0.0,4.0
Milis,2024,3,0.06,0.0,0.0008,0.0,3.88,0.0189,7.11,0.24,0.0,4.0
Milis,2024,4,9.62,0.0056,0.1296,0.0043,3.88,0.0189,7.11,0.24,0.0182,4.0
Milis,2024,5,8.41,0.0049,0.1133,0.0037,3.88,0.0189,7.11,0.24,0.0169,4.0
Milis,2024,6,11.54,0.0067,0.1555,0.0051,3.88,0.0189,7.11,0.24,0.0198,4.0
Milis,2024,7,17.52,0.0102,0.236,0.0078,3.88,0.0189,7.11,0.24,0.0245,4.0
Milis,2024,8,25.13,0.0147,0.3386,0.0111,3.88,0.0189,7.11,0.24,0.0293,4.0
Milis,2024,9,8.62,0.005,0.1161,0.0038,3.88,0.0189,7.11,0.24,0.0171,4.0
Milis,2024,10,6.53,0.0038,0.088,0.0029,3.88,0.0189,7.11,0.24,0.015,4.0
Milis,2024,11,4.41,0.0026,0.0595,0.002,3.88,0.0189,7.11,0.24,0.0124,4.0
Milis,2024,12,7.83,0.0046,0.1055,0.0035,3.88,0.0189,7.11,0.24,0.0164,4.0
Modolo,2024,1,0.26,0.0002,0.0039,0.0001,29.82,0.1456,5.93,0.2002,0.0049,4.0
Modolo,2024,2,0.24,0.0001,0.0036,0.0001,29.82,0.1456,5.93,0.2002,0.0041,4.0
Modolo,2024,3,0.33,0.0002,0.005,0.0002,29.82,0.1456,5.93,0.2002,0.0058,4.0
Modolo,2024,4,29.98,0.0175,0.4482,0.0148,29.82,0.1456,5.93,0.2002,0.0524,4.0
Modolo,2024,5,41.13,0.024,0.6148,0.0202,29.82,0.1456,5.93,0.2002,0.0613,4.0
Modolo,2024,6,62.71,0.0367,0.9374,0.0309,29.82,0.1456,5.93,0.2002,0.0758,4.0
Modolo,2024,7,159.46,0.0932,2.3837,0.0785,29.82,0.1456,5.93,0.2002,0.1208,4.0
Modolo,2024,8,241.28,0.1411,3.6069,0.1188,29.82,0.1456,5.93,0.2002,0.1487,4.0
Modolo,2024,9,95.69,0.0559,1.4305,0.0471,29.82,0.1456,5.93,0.2002,0.0936,4.0
Modolo,2024,10,13.54,0.0079,0.2024,0.0067,29.82,0.1456,5.93,0.2002,0.0352,4.0
Modolo,2024,11,0.28,0.0002,0.0042,0.0001,29.82,0.1456,5.93,0.2002,0.0049,4.0
Modolo,2024,12,0.35,0.0002,0.0053,0.0002,29.82,0.1456,5.93,0.2002,0.0058,4.0
Mogorella,2024,1,,,,,0.0,0.0,,,0.0,1.0
Mogorella,2024,2,,,,,0.0,0.0,,,0.0,1.0
Mogorella,2024,3,,,,,0.0,0.0,,,0.0,1.0
Mogorella,2024,4,,,,,0.0,0.0,,,0.0,1.0
Mogorella,2024,5,,,,,0.0,0.0,,,0.0,1.0
Mogorella,2024,6,,,,,0.0,0.0,,,0.0,1.0
Mogorella,2024,7,,,,,0.0,0.0,,,0.0,1.0
Mogorella,2024,8,,,,,0.0,0.0,,,0.0,1.0
Mogorella,2024,9,,,,,0.0,0.0,,,0.0,1.0
Mogorella,2024,10,,,,,0.0,0.0,,,0.0,1.0
Mogorella,2024,11,,,,,0.0,0.0,,,0.0,1.0
Mogorella,2024,12,,,,,0.0,0.0,,,0.0,1.0
Mogoro,2024,1,0.06,0.0,0.0007,0.0,1.05,0.0051,1.91,0.0645,0.0,4.0
Mogoro,2024,2,0.05,0.0,0.0006,0.0,1.05,0.0051,1.91,0.0645,0.0,4.0
Mogoro,2024,3,0.07,0.0,0.0009,0.0,1.05,0.0051,1.91,0.0645,0.0,4.0
Mogoro,2024,4,0.12,0.0001,0.0015,0.0,1.05,0.0051,1.91,0.0645,0.0,4.0
Mogoro,2024,5,0.13,0.0001,0.0016,0.0001,1.05,0.0051,1.91,0.0645,0.0013,4.0
Mogoro,2024,6,1.33,0.0008,0.0168,0.0006,1.05,0.0051,1.91,0.0645,0.0035,4.0
Mogoro,2024,7,1.52,0.0009,0.0192,0.0006,1.05,0.0051,1.91,0.0645,0.0037,4.0
Mogoro,2024,8,3.25,0.0019,0.041,0.0014,1.05,0.0051,1.91,0.0645,0.0054,4.0
Mogoro,2024,9,0.52,0.0003,0.0065,0.0002,1.05,0.0051,1.91,0.0645,0.0021,4.0
Mogoro,2024,10,0.12,0.0001,0.0015,0.0,1.05,0.0051,1.91,0.0645,0.0,4.0
Mogoro,2024,11,0.06,0.0,0.0008,0.0,1.05,0.0051,1.91,0.0645,0.0,4.0
Mogoro,2024,12,0.07,0.0,0.0009,0.0,1.05,0.0051,1.91,0.0645,0.0,4.0
Monastir,2024,1,11.84,0.0069,0.0801,0.0026,2.57,0.0125,22.03,0.7438,0.0202,4.0
Monastir,2024,2,13.19,0.0077,0.0892,0.0029,2.57,0.0125,22.03,0.7438,0.0213,4.0
Monastir,2024,3,10.94,0.0064,0.074,0.0024,2.57,0.0125,22.03,0.7438,0.0194,4.0
Monastir,2024,4,15.64,0.0091,0.1058,0.0035,2.57,0.0125,22.03,0.7438,0.0233,4.0
Monastir,2024,5,20.65,0.0121,0.1397,0.0046,2.57,0.0125,22.03,0.7438,0.0268,4.0
Monastir,2024,6,18.27,0.0107,0.1236,0.0041,2.57,0.0125,22.03,0.7438,0.0253,4.0
Monastir,2024,7,32.21,0.0188,0.2179,0.0072,2.57,0.0125,22.03,0.7438,0.0335,4.0
Monastir,2024,8,31.55,0.0184,0.2134,0.007,2.57,0.0125,22.03,0.7438,0.0331,4.0
Monastir,2024,9,14.1,0.0082,0.0954,0.0031,2.57,0.0125,22.03,0.7438,0.022,4.0
Monastir,2024,10,18.2,0.0106,0.1231,0.0041,2.57,0.0125,22.03,0.7438,0.0252,4.0
Monastir,2024,11,11.75,0.0069,0.0795,0.0026,2.57,0.0125,22.03,0.7438,0.0202,4.0
Monastir,2024,12,8.27,0.0048,0.056,0.0018,2.57,0.0125,22.03,0.7438,0.0168,4.0
Monserrato,2024,1,38.53,0.0225,0.0133,0.0004,54.34,0.2653,7.31,0.2468,0.0277,4.0
Monserrato,2024,2,50.97,0.0298,0.0176,0.0006,54.34,0.2653,7.31,0.2468,0.0329,4.0
Monserrato,2024,3,43.75,0.0256,0.0151,0.0005,54.34,0.2653,7.31,0.2468,0.0303,4.0
Monserrato,2024,4,79.37,0.0464,0.0275,0.0009,54.34,0.2653,7.31,0.2468,0.0407,4.0
Monserrato,2024,5,91.34,0.0534,0.0316,0.001,54.34,0.2653,7.31,0.2468,0.0432,4.0
Monserrato,2024,6,142.31,0.0832,0.0492,0.0016,54.34,0.2653,7.31,0.2468,0.0543,4.0
Monserrato,2024,7,259.29,0.1516,0.0897,0.003,54.34,0.2653,7.31,0.2468,0.0739,4.0
Monserrato,2024,8,321.0,0.1877,0.1111,0.0037,54.34,0.2653,7.31,0.2468,0.0821,4.0
Monserrato,2024,9,195.43,0.1143,0.0676,0.0022,54.34,0.2653,7.31,0.2468,0.0637,4.0
Monserrato,2024,10,110.68,0.0647,0.0383,0.0013,54.34,0.2653,7.31,0.2468,0.0484,4.0
Monserrato,2024,11,53.73,0.0314,0.0186,0.0006,54.34,0.2653,7.31,0.2468,0.0333,4.0
Monserrato,2024,12,64.32,0.0376,0.0223,0.0007,54.34,0.2653,7.31,0.2468,0.0362,4.0
Monteleone Rocca Doria,2024,1,,,,,0.81,0.004,0.0,0.0,0.0,2.0
Monteleone Rocca Doria,2024,2,,,,,0.81,0.004,0.0,0.0,0.0,2.0
Monteleone Rocca Doria,2024,3,,,,,0.81,0.004,0.0,0.0,0.0,2.0
Monteleone Rocca Doria,2024,4,,,,,0.81,0.004,0.0,0.0,0.0,2.0
Monteleone Rocca Doria,2024,5,,,,,0.81,0.004,0.0,0.0,0.0,2.0
Monteleone Rocca Doria,2024,6,,,,,0.81,0.004,0.0,0.0,0.0,2.0
Monteleone Rocca Doria,2024,7,,,,,0.81,0.004,0.0,0.0,0.0,2.0
Monteleone Rocca Doria,2024,8,,,,,0.81,0.004,0.0,0.0,0.0,2.0
Monteleone Rocca Doria,2024,9,,,,,0.81,0.004,0.0,0.0,0.0,2.0
Monteleone Rocca Doria,2024,10,,,,,0.81,0.004,0.0,0.0,0.0,2.0
Monteleone Rocca Doria,2024,11,,,,,0.81,0.004,0.0,0.0,0.0,2.0
Monteleone Rocca Doria,2024,12,,,,,0.81,0.004,0.0,0.0,0.0,2.0
Monti,2024,1,0.01,0.0,0.0007,0.0,0.93,0.0045,2.65,0.0895,0.0,4.0
Monti,2024,2,0.01,0.0,0.0006,0.0,0.93,0.0045,2.65,0.0895,0.0,4.0
Monti,2024,3,0.02,0.0,0.0009,0.0,0.93,0.0045,2.65,0.0895,0.0,4.0
Monti,2024,4,0.03,0.0,0.0014,0.0,0.93,0.0045,2.65,0.0895,0.0,4.0
Monti,2024,5,0.24,0.0001,0.0127,0.0004,0.93,0.0045,2.65,0.0895,0.002,4.0
Monti,2024,6,1.1,0.0006,0.058,0.0019,0.93,0.0045,2.65,0.0895,0.0046,4.0
Monti,2024,7,2.95,0.0017,0.1554,0.0051,0.93,0.0045,2.65,0.0895,0.0077,4.0
Monti,2024,8,3.16,0.0018,0.1665,0.0055,0.93,0.0045,2.65,0.0895,0.0079,4.0
Monti,2024,9,1.42,0.0008,0.0747,0.0025,0.93,0.0045,2.65,0.0895,0.0053,4.0
Monti,2024,10,0.03,0.0,0.0014,0.0,0.93,0.0045,2.65,0.0895,0.0,4.0
Monti,2024,11,0.01,0.0,0.0007,0.0,0.93,0.0045,2.65,0.0895,0.0,4.0
Monti,2024,12,0.02,0.0,0.0009,0.0,0.93,0.0045,2.65,0.0895,0.0,4.0
Montresta,2024,1,,,,,0.0,0.0,,,0.0,1.0
Montresta,2024,2,,,,,0.0,0.0,,,0.0,1.0
Montresta,2024,3,,,,,0.0,0.0,,,0.0,1.0
Montresta,2024,4,,,,,0.0,0.0,,,0.0,1.0
Montresta,2024,5,,,,,0.0,0.0,,,0.0,1.0
Montresta,2024,6,,,,,0.0,0.0,,,0.0,1.0
Montresta,2024,7,,,,,0.0,0.0,,,0.0,1.0
Montresta,2024,8,,,,,0.0,0.0,,,0.0,1.0
Montresta,2024,9,,,,,0.0,0.0,,,0.0,1.0
Montresta,2024,10,,,,,0.0,0.0,,,0.0,1.0
Montresta,2024,11,,,,,0.0,0.0,,,0.0,1.0
Montresta,2024,12,,,,,0.0,0.0,,,0.0,1.0
Mores,2024,1,0.0,0.0,0.0001,0.0,0.5,0.0024,16.53,0.5581,0.0,4.0
Mores,2024,2,0.0,0.0,0.0001,0.0,0.5,0.0024,16.53,0.5581,0.0,4.0
Mores,2024,3,0.38,0.0002,0.0213,0.0007,0.5,0.0024,16.53,0.5581,0.0037,4.0
Mores,2024,4,1.58,0.0009,0.0879,0.0029,0.5,0.0024,16.53,0.5581,0.0077,4.0
Mores,2024,5,2.2,0.0013,0.1226,0.004,0.5,0.0024,16.53,0.5581,0.0091,4.0
Mores,2024,6,2.91,0.0017,0.1622,0.0053,0.5,0.0024,16.53,0.5581,0.0105,4.0
Mores,2024,7,5.18,0.003,0.2889,0.0095,0.5,0.0024,16.53,0.5581,0.014,4.0
Mores,2024,8,9.93,0.0058,0.5539,0.0182,0.5,0.0024,16.53,0.5581,0.0194,4.0
Mores,2024,9,6.0,0.0035,0.3347,0.011,0.5,0.0024,16.53,0.5581,0.0151,4.0
Mores,2024,10,1.75,0.001,0.0979,0.0032,0.5,0.0024,16.53,0.5581,0.0081,4.0
Mores,2024,11,0.0,0.0,0.0001,0.0,0.5,0.0024,16.53,0.5581,0.0,4.0
Mores,2024,12,0.0,0.0,0.0001,0.0,0.5,0.0024,16.53,0.5581,0.0,4.0
Morgongiori,2024,1,,,,,0.0,0.0,,,0.0,1.0
Morgongiori,2024,2,,,,,0.0,0.0,,,0.0,1.0
Morgongiori,2024,3,,,,,0.0,0.0,,,0.0,1.0
Morgongiori,2024,4,,,,,0.0,0.0,,,0.0,1.0
Morgongiori,2024,5,,,,,0.0,0.0,,,0.0,1.0
Morgongiori,2024,6,,,,,0.0,0.0,,,0.0,1.0
Morgongiori,2024,7,,,,,0.0,0.0,,,0.0,1.0
Morgongiori,2024,8,,,,,0.0,0.0,,,0.0,1.0
Morgongiori,2024,9,,,,,0.0,0.0,,,0.0,1.0
Morgongiori,2024,10,,,,,0.0,0.0,,,0.0,1.0
Morgongiori,2024,11,,,,,0.0,0.0,,,0.0,1.0
Morgongiori,2024,12,,,,,0.0,0.0,,,0.0,1.0
Muravera,2024,1,2.17,0.0013,0.0401,0.0013,119.48,0.5833,18.6,0.628,0.0281,4.0
Muravera,2024,2,1.71,0.001,0.0315,0.001,119.48,0.5833,18.6,0.628,0.0246,4.0
Muravera,2024,3,17.66,0.0103,0.3259,0.0107,119.48,0.5833,18.6,0.628,0.0797,4.0
Muravera,2024,4,116.14,0.0679,2.1428,0.0706,119.48,0.5833,18.6,0.628,0.2047,4.0
Muravera,2024,5,436.66,0.2553,8.0562,0.2653,119.48,0.5833,18.6,0.628,0.3969,4.0
Muravera,2024,6,1476.86,0.8634,27.2474,0.8972,119.48,0.5833,18.6,0.628,0.7299,4.0
Muravera,2024,7,2042.3,1.0,37.6794,1.0,119.48,0.5833,18.6,0.628,0.778,4.0
Muravera,2024,8,2170.72,1.0,40.0488,1.0,119.48,0.5833,18.6,0.628,0.778,4.0
Muravera,2024,9,1378.42,0.8059,25.4313,0.8374,119.48,0.5833,18.6,0.628,0.7051,4.0
Muravera,2024,10,449.19,0.2626,8.2873,0.2729,119.48,0.5833,18.6,0.628,0.4025,4.0
Muravera,2024,11,10.99,0.0064,0.2028,0.0067,119.48,0.5833,18.6,0.628,0.063,4.0
Muravera,2024,12,7.65,0.0045,0.1412,0.0046,119.48,0.5833,18.6,0.628,0.0525,4.0
Muros,2024,1,,,,,1.05,0.0051,0.0,0.0,0.0,2.0
Muros,2024,2,,,,,1.05,0.0051,0.0,0.0,0.0,2.0
Muros,2024,3,,,,,1.05,0.0051,0.0,0.0,0.0,2.0
Muros,2024,4,,,,,1.05,0.0051,0.0,0.0,0.0,2.0
Muros,2024,5,,,,,1.05,0.0051,0.0,0.0,0.0,2.0
Muros,2024,6,,,,,1.05,0.0051,0.0,0.0,0.0,2.0
Muros,2024,7,,,,,1.05,0.0051,0.0,0.0,0.0,2.0
Muros,2024,8,,,,,1.05,0.0051,0.0,0.0,0.0,2.0
Muros,2024,9,,,,,1.05,0.0051,0.0,0.0,0.0,2.0
Muros,2024,10,,,,,1.05,0.0051,0.0,0.0,0.0,2.0
Muros,2024,11,,,,,1.05,0.0051,0.0,0.0,0.0,2.0
Muros,2024,12,,,,,1.05,0.0051,0.0,0.0,0.0,2.0
Musei,2024,1,0.01,0.0,0.0001,0.0,0.49,0.0024,7.4,0.2498,0.0,4.0
Musei,2024,2,0.01,0.0,0.0001,0.0,0.49,0.0024,7.4,0.2498,0.0,4.0
Musei,2024,3,0.01,0.0,0.0001,0.0,0.49,0.0024,7.4,0.2498,0.0,4.0
Musei,2024,4,0.84,0.0005,0.0115,0.0004,0.49,0.0024,7.4,0.2498,0.0033,4.0
Musei,2024,5,2.06,0.0012,0.0282,0.0009,0.49,0.0024,7.4,0.2498,0.005,4.0
Musei,2024,6,1.88,0.0011,0.0257,0.0008,0.49,0.0024,7.4,0.2498,0.0048,4.0
Musei,2024,7,1.4,0.0008,0.0192,0.0006,0.49,0.0024,7.4,0.2498,0.0041,4.0
Musei,2024,8,2.91,0.0017,0.0399,0.0013,0.49,0.0024,7.4,0.2498,0.006,4.0
Musei,2024,9,2.16,0.0013,0.0297,0.001,0.49,0.0024,7.4,0.2498,0.0053,4.0
Musei,2024,10,0.65,0.0004,0.0089,0.0003,0.49,0.0024,7.4,0.2498,0.0029,4.0
Musei,2024,11,0.44,0.0003,0.0061,0.0002,0.49,0.0024,7.4,0.2498,0.0024,4.0
Musei,2024,12,0.79,0.0005,0.0108,0.0004,0.49,0.0024,7.4,0.2498,0.0033,4.0
Narbolia,2024,1,1.56,0.0009,0.0385,0.0013,52.72,0.2574,10.6,0.3579,0.0181,4.0
Narbolia,2024,2,0.32,0.0002,0.008,0.0003,52.72,0.2574,10.6,0.3579,0.0086,4.0
Narbolia,2024,3,0.0,0.0,0.0001,0.0,52.72,0.2574,10.6,0.3579,0.0,4.0
Narbolia,2024,4,1.24,0.0007,0.0306,0.001,52.72,0.2574,10.6,0.3579,0.0159,4.0
Narbolia,2024,5,122.65,0.0717,3.0258,0.0996,52.72,0.2574,10.6,0.3579,0.1602,4.0
Narbolia,2024,6,219.45,0.1283,5.4138,0.1783,52.72,0.2574,10.6,0.3579,0.2143,4.0
Narbolia,2024,7,457.78,0.2676,11.2931,0.3719,52.72,0.2574,10.6,0.3579,0.3094,4.0
Narbolia,2024,8,723.66,0.4231,17.8523,0.5878,52.72,0.2574,10.6,0.3579,0.3891,4.0
Narbolia,2024,9,328.85,0.1923,8.1125,0.2671,52.72,0.2574,10.6,0.3579,0.2623,4.0
Narbolia,2024,10,161.83,0.0946,3.9922,0.1315,52.72,0.2574,10.6,0.3579,0.184,4.0
Narbolia,2024,11,14.39,0.0084,0.355,0.0117,52.72,0.2574,10.6,0.3579,0.0549,4.0
Narbolia,2024,12,8.33,0.0049,0.2056,0.0068,52.72,0.2574,10.6,0.3579,0.0419,4.0
Narcao,2024,1,0.0,0.0,0.0001,0.0,0.81,0.004,0.05,0.0017,0.0,4.0
Narcao,2024,2,0.0,0.0,0.0001,0.0,0.81,0.004,0.05,0.0017,0.0,4.0
Narcao,2024,3,0.01,0.0,0.0002,0.0,0.81,0.004,0.05,0.0017,0.0,4.0
Narcao,2024,4,0.01,0.0,0.0003,0.0,0.81,0.004,0.05,0.0017,0.0,4.0
Narcao,2024,5,0.01,0.0,0.0003,0.0,0.81,0.004,0.05,0.0017,0.0,4.0
Narcao,2024,6,0.02,0.0,0.0006,0.0,0.81,0.004,0.05,0.0017,0.0,4.0
Narcao,2024,7,0.03,0.0,0.0007,0.0,0.81,0.004,0.05,0.0017,0.0,4.0
Narcao,2024,8,0.03,0.0,0.0008,0.0,0.81,0.004,0.05,0.0017,0.0,4.0
Narcao,2024,9,0.01,0.0,0.0004,0.0,0.81,0.004,0.05,0.0017,0.0,4.0
Narcao,2024,10,0.01,0.0,0.0003,0.0,0.81,0.004,0.05,0.0017,0.0,4.0
Narcao,2024,11,0.0,0.0,0.0001,0.0,0.81,0.004,0.05,0.0017,0.0,4.0
Narcao,2024,12,0.01,0.0,0.0002,0.0,0.81,0.004,0.05,0.0017,0.0,4.0
Neoneli,2024,1,,,,,0.0,0.0,,,0.0,1.0
Neoneli,2024,2,,,,,0.0,0.0,,,0.0,1.0
Neoneli,2024,3,,,,,0.0,0.0,,,0.0,1.0
Neoneli,2024,4,,,,,0.0,0.0,,,0.0,1.0
Neoneli,2024,5,,,,,0.0,0.0,,,0.0,1.0
Neoneli,2024,6,,,,,0.0,0.0,,,0.0,1.0
Neoneli,2024,7,,,,,0.0,0.0,,,0.0,1.0
Neoneli,2024,8,,,,,0.0,0.0,,,0.0,1.0
Neoneli,2024,9,,,,,0.0,0.0,,,0.0,1.0
Neoneli,2024,10,,,,,0.0,0.0,,,0.0,1.0
Neoneli,2024,11,,,,,0.0,0.0,,,0.0,1.0
Neoneli,2024,12,,,,,0.0,0.0,,,0.0,1.0
Noragugume,2024,1,,,,,0.0,0.0,,,0.0,1.0
Noragugume,2024,2,,,,,0.0,0.0,,,0.0,1.0
Noragugume,2024,3,,,,,0.0,0.0,,,0.0,1.0
Noragugume,2024,4,,,,,0.0,0.0,,,0.0,1.0
Noragugume,2024,5,,,,,0.0,0.0,,,0.0,1.0
Noragugume,2024,6,,,,,0.0,0.0,,,0.0,1.0
Noragugume,2024,7,,,,,0.0,0.0,,,0.0,1.0
Noragugume,2024,8,,,,,0.0,0.0,,,0.0,1.0
Noragugume,2024,9,,,,,0.0,0.0,,,0.0,1.0
Noragugume,2024,10,,,,,0.0,0.0,,,0.0,1.0
Noragugume,2024,11,,,,,0.0,0.0,,,0.0,1.0
Noragugume,2024,12,,,,,0.0,0.0,,,0.0,1.0
Norbello,2024,1,,,,,7.76,0.0379,4.07,0.1374,0.0722,2.0
Norbello,2024,2,,,,,7.76,0.0379,4.07,0.1374,0.0722,2.0
Norbello,2024,3,,,,,7.76,0.0379,4.07,0.1374,0.0722,2.0
Norbello,2024,4,,,,,7.76,0.0379,4.07,0.1374,0.0722,2.0
Norbello,2024,5,5.9,,0.1383,,7.76,0.0379,4.07,0.1374,0.0722,2.0
Norbello,2024,6,13.85,,0.3247,,7.76,0.0379,4.07,0.1374,0.0722,2.0
Norbello,2024,7,45.59,,1.0687,,7.76,0.0379,4.07,0.1374,0.0722,2.0
Norbello,2024,8,49.96,,1.1713,,7.76,0.0379,4.07,0.1374,0.0722,2.0
Norbello,2024,9,,,,,7.76,0.0379,4.07,0.1374,0.0722,2.0
Norbello,2024,10,,,,,7.76,0.0379,4.07,0.1374,0.0722,2.0
Norbello,2024,11,,,,,7.76,0.0379,4.07,0.1374,0.0722,2.0
Norbello,2024,12,,,,,7.76,0.0379,4.07,0.1374,0.0722,2.0
Nughedu San Nicolò,2024,1,,,,,1.64,0.008,0.76,0.0257,0.0143,2.0
Nughedu San Nicolò,2024,2,,,,,1.64,0.008,0.76,0.0257,0.0143,2.0
Nughedu San Nicolò,2024,3,,,,,1.64,0.008,0.76,0.0257,0.0143,2.0
Nughedu San Nicolò,2024,4,0.04,,0.0041,,1.64,0.008,0.76,0.0257,0.0143,2.0
Nughedu San Nicolò,2024,5,0.16,,0.0152,,1.64,0.008,0.76,0.0257,0.0143,2.0
Nughedu San Nicolò,2024,6,1.24,,0.1159,,1.64,0.008,0.76,0.0257,0.0143,2.0
Nughedu San Nicolò,2024,7,0.77,,0.0717,,1.64,0.008,0.76,0.0257,0.0143,2.0
Nughedu San Nicolò,2024,8,1.39,,0.1297,,1.64,0.008,0.76,0.0257,0.0143,2.0
Nughedu San Nicolò,2024,9,0.67,,0.0621,,1.64,0.008,0.76,0.0257,0.0143,2.0
Nughedu San Nicolò,2024,10,0.28,,0.0262,,1.64,0.008,0.76,0.0257,0.0143,2.0
Nughedu San Nicolò,2024,11,,,,,1.64,0.008,0.76,0.0257,0.0143,2.0
Nughedu San Nicolò,2024,12,,,,,1.64,0.008,0.76,0.0257,0.0143,2.0
Nughedu Santa Vittoria,2024,1,0.0,0.0,0.0001,0.0,0.14,0.0007,8.08,0.2728,0.0,4.0
Nughedu Santa Vittoria,2024,2,0.0,0.0,0.0001,0.0,0.14,0.0007,8.08,0.2728,0.0,4.0
Nughedu Santa Vittoria,2024,3,0.46,0.0003,0.0308,0.001,0.14,0.0007,8.08,0.2728,0.0028,4.0
Nughedu Santa Vittoria,2024,4,0.25,0.0001,0.0168,0.0006,0.14,0.0007,8.08,0.2728,0.0018,4.0
Nughedu Santa Vittoria,2024,5,0.39,0.0002,0.0262,0.0009,0.14,0.0007,8.08,0.2728,0.0024,4.0
Nughedu Santa Vittoria,2024,6,0.71,0.0004,0.0477,0.0016,0.14,0.0007,8.08,0.2728,0.0033,4.0
Nughedu Santa Vittoria,2024,7,0.36,0.0002,0.0244,0.0008,0.14,0.0007,8.08,0.2728,0.0024,4.0
Nughedu Santa Vittoria,2024,8,0.96,0.0006,0.0644,0.0021,0.14,0.0007,8.08,0.2728,0.0039,4.0
Nughedu Santa Vittoria,2024,9,0.29,0.0002,0.0193,0.0006,0.14,0.0007,8.08,0.2728,0.0022,4.0
Nughedu Santa Vittoria,2024,10,0.36,0.0002,0.0238,0.0008,0.14,0.0007,8.08,0.2728,0.0024,4.0
Nughedu Santa Vittoria,2024,11,0.35,0.0002,0.0237,0.0008,0.14,0.0007,8.08,0.2728,0.0024,4.0
Nughedu Santa Vittoria,2024,12,0.0,0.0,0.0002,0.0,0.14,0.0007,8.08,0.2728,0.0,4.0
Nule,2024,1,,,,,0.0,0.0,,,0.0,1.0
Nule,2024,2,,,,,0.0,0.0,,,0.0,1.0
Nule,2024,3,,,,,0.0,0.0,,,0.0,1.0
Nule,2024,4,,,,,0.0,0.0,,,0.0,1.0
Nule,2024,5,,,,,0.0,0.0,,,0.0,1.0
Nule,2024,6,,,,,0.0,0.0,,,0.0,1.0
Nule,2024,7,,,,,0.0,0.0,,,0.0,1.0
Nule,2024,8,,,,,0.0,0.0,,,0.0,1.0
Nule,2024,9,,,,,0.0,0.0,,,0.0,1.0
Nule,2024,10,,,,,0.0,0.0,,,0.0,1.0
Nule,2024,11,,,,,0.0,0.0,,,0.0,1.0
Nule,2024,12,,,,,0.0,0.0,,,0.0,1.0
Nulvi,2024,1,,,,,3.11,0.0152,3.67,0.1239,0.0434,2.0
Nulvi,2024,2,,,,,3.11,0.0152,3.67,0.1239,0.0434,2.0
Nulvi,2024,3,0.07,,0.0019,,3.11,0.0152,3.67,0.1239,0.0434,2.0
Nulvi,2024,4,0.59,,0.0155,,3.11,0.0152,3.67,0.1239,0.0434,2.0
Nulvi,2024,5,2.42,,0.063,,3.11,0.0152,3.67,0.1239,0.0434,2.0
Nulvi,2024,6,4.24,,0.1105,,3.11,0.0152,3.67,0.1239,0.0434,2.0
Nulvi,2024,7,8.55,,0.223,,3.11,0.0152,3.67,0.1239,0.0434,2.0
Nulvi,2024,8,17.31,,0.4513,,3.11,0.0152,3.67,0.1239,0.0434,2.0
Nulvi,2024,9,5.51,,0.1437,,3.11,0.0152,3.67,0.1239,0.0434,2.0
Nulvi,2024,10,2.8,,0.073,,3.11,0.0152,3.67,0.1239,0.0434,2.0
Nulvi,2024,11,0.18,,0.0046,,3.11,0.0152,3.67,0.1239,0.0434,2.0
Nulvi,2024,12,,,,,3.11,0.0152,3.67,0.1239,0.0434,2.0
Nuoro,2024,1,15.63,0.0091,0.0895,0.0029,4.59,0.0224,17.2,0.5807,0.0242,4.0
Nuoro,2024,2,19.28,0.0113,0.1103,0.0036,4.59,0.0224,17.2,0.5807,0.027,4.0
Nuoro,2024,3,18.7,0.0109,0.107,0.0035,4.59,0.0224,17.2,0.5807,0.0265,4.0
Nuoro,2024,4,23.07,0.0135,0.132,0.0043,4.59,0.0224,17.2,0.5807,0.0295,4.0
Nuoro,2024,5,22.91,0.0134,0.1311,0.0043,4.59,0.0224,17.2,0.5807,0.0294,4.0
Nuoro,2024,6,22.34,0.0131,0.1279,0.0042,4.59,0.0224,17.2,0.5807,0.0291,4.0
Nuoro,2024,7,31.12,0.0182,0.1781,0.0059,4.59,0.0224,17.2,0.5807,0.0344,4.0
Nuoro,2024,8,39.17,0.0229,0.2241,0.0074,4.59,0.0224,17.2,0.5807,0.0385,4.0
Nuoro,2024,9,28.78,0.0168,0.1647,0.0054,4.59,0.0224,17.2,0.5807,0.033,4.0
Nuoro,2024,10,27.26,0.0159,0.156,0.0051,4.59,0.0224,17.2,0.5807,0.032,4.0
Nuoro,2024,11,23.33,0.0136,0.1335,0.0044,4.59,0.0224,17.2,0.5807,0.0297,4.0
Nuoro,2024,12,16.79,0.0098,0.0961,0.0032,4.59,0.0224,17.2,0.5807,0.0253,4.0
Nurachi,2024,1,0.08,0.0,0.0007,0.0,15.46,0.0755,6.82,0.2302,0.0,4.0
Nurachi,2024,2,1.69,0.001,0.0164,0.0005,15.46,0.0755,6.82,0.2302,0.0097,4.0
Nurachi,2024,3,3.84,0.0022,0.0371,0.0012,15.46,0.0755,6.82,0.2302,0.0146,4.0
Nurachi,2024,4,16.37,0.0096,0.1582,0.0052,15.46,0.0755,6.82,0.2302,0.0305,4.0
Nurachi,2024,5,18.44,0.0108,0.1782,0.0059,15.46,0.0755,6.82,0.2302,0.0324,4.0
Nurachi,2024,6,47.78,0.0279,0.4618,0.0152,15.46,0.0755,6.82,0.2302,0.0521,4.0
Nurachi,2024,7,84.19,0.0492,0.8136,0.0268,15.46,0.0755,6.82,0.2302,0.0692,4.0
Nurachi,2024,8,125.15,0.0732,1.2094,0.0398,15.46,0.0755,6.82,0.2302,0.0844,4.0
Nurachi,2024,9,62.04,0.0363,0.5995,0.0197,15.46,0.0755,6.82,0.2302,0.0594,4.0
Nurachi,2024,10,13.75,0.008,0.1329,0.0044,15.46,0.0755,6.82,0.2302,0.028,4.0
Nurachi,2024,11,2.83,0.0017,0.0273,0.0009,15.46,0.0755,6.82,0.2302,0.0128,4.0
Nurachi,2024,12,8.46,0.0049,0.0817,0.0027,15.46,0.0755,6.82,0.2302,0.0219,4.0
Nuragus,2024,1,0.48,0.0003,0.0115,0.0004,0.46,0.0022,1.4,0.0473,0.0019,4.0
Nuragus,2024,2,0.02,0.0,0.0004,0.0,0.46,0.0022,1.4,0.0473,0.0,4.0
Nuragus,2024,3,0.02,0.0,0.0005,0.0,0.46,0.0022,1.4,0.0473,0.0,4.0
Nuragus,2024,4,0.04,0.0,0.0009,0.0,0.46,0.0022,1.4,0.0473,0.0,4.0
Nuragus,2024,5,0.04,0.0,0.001,0.0,0.46,0.0022,1.4,0.0473,0.0,4.0
Nuragus,2024,6,0.08,0.0,0.0019,0.0001,0.46,0.0022,1.4,0.0473,0.0,4.0
Nuragus,2024,7,0.11,0.0001,0.0025,0.0001,0.46,0.0022,1.4,0.0473,0.001,4.0
Nuragus,2024,8,1.19,0.0007,0.0283,0.0009,0.46,0.0022,1.4,0.0473,0.0028,4.0
Nuragus,2024,9,0.06,0.0,0.0014,0.0,0.46,0.0022,1.4,0.0473,0.0,4.0
Nuragus,2024,10,0.29,0.0002,0.007,0.0002,0.46,0.0022,1.4,0.0473,0.0014,4.0
Nuragus,2024,11,0.02,0.0,0.0005,0.0,0.46,0.0022,1.4,0.0473,0.0,4.0
Nuragus,2024,12,0.02,0.0,0.0006,0.0,0.46,0.0022,1.4,0.0473,0.0,4.0
Nurallao,2024,1,0.6,0.0004,0.0185,0.0006,0.66,0.0032,6.41,0.2164,0.0036,4.0
Nurallao,2024,2,0.22,0.0001,0.0069,0.0002,0.66,0.0032,6.41,0.2164,0.0019,4.0
Nurallao,2024,3,0.98,0.0006,0.0302,0.001,0.66,0.0032,6.41,0.2164,0.0045,4.0
Nurallao,2024,4,2.66,0.0016,0.0824,0.0027,0.66,0.0032,6.41,0.2164,0.0074,4.0
Nurallao,2024,5,1.55,0.0009,0.0479,0.0016,0.66,0.0032,6.41,0.2164,0.0056,4.0
Nurallao,2024,6,0.94,0.0005,0.0291,0.001,0.66,0.0032,6.41,0.2164,0.0043,4.0
Nurallao,2024,7,2.44,0.0014,0.0756,0.0025,0.66,0.0032,6.41,0.2164,0.007,4.0
Nurallao,2024,8,3.79,0.0022,0.1174,0.0039,0.66,0.0032,6.41,0.2164,0.0088,4.0
Nurallao,2024,9,0.71,0.0004,0.0221,0.0007,0.66,0.0032,6.41,0.2164,0.0037,4.0
Nurallao,2024,10,0.05,0.0,0.0015,0.0,0.66,0.0032,6.41,0.2164,0.0,4.0
Nurallao,2024,11,1.46,0.0009,0.0452,0.0015,0.66,0.0032,6.41,0.2164,0.0055,4.0
Nurallao,2024,12,0.03,0.0,0.001,0.0,0.66,0.0032,6.41,0.2164,0.0,4.0
Nuraminis,2024,1,4.35,0.0025,0.0842,0.0028,0.82,0.004,18.54,0.6259,0.0115,4.0
Nuraminis,2024,2,4.21,0.0025,0.0816,0.0027,0.82,0.004,18.54,0.6259,0.0114,4.0
Nuraminis,2024,3,4.37,0.0026,0.0846,0.0028,0.82,0.004,18.54,0.6259,0.0116,4.0
Nuraminis,2024,4,3.28,0.0019,0.0636,0.0021,0.82,0.004,18.54,0.6259,0.01,4.0
Nuraminis,2024,5,5.74,0.0034,0.1113,0.0037,0.82,0.004,18.54,0.6259,0.0133,4.0
Nuraminis,2024,6,5.03,0.0029,0.0975,0.0032,0.82,0.004,18.54,0.6259,0.0123,4.0
Nuraminis,2024,7,6.45,0.0038,0.125,0.0041,0.82,0.004,18.54,0.6259,0.0141,4.0
Nuraminis,2024,8,4.26,0.0025,0.0825,0.0027,0.82,0.004,18.54,0.6259,0.0114,4.0
Nuraminis,2024,9,3.86,0.0023,0.0747,0.0025,0.82,0.004,18.54,0.6259,0.011,4.0
Nuraminis,2024,10,5.7,0.0033,0.1104,0.0036,0.82,0.004,18.54,0.6259,0.0131,4.0
Nuraminis,2024,11,3.52,0.0021,0.0683,0.0022,0.82,0.004,18.54,0.6259,0.0104,4.0
Nuraminis,2024,12,4.74,0.0028,0.0919,0.003,0.82,0.004,18.54,0.6259,0.012,4.0
Nureci,2024,1,0.07,0.0,0.0028,0.0001,0.61,0.003,12.33,0.4163,0.0,4.0
Nureci,2024,2,0.06,0.0,0.0026,0.0001,0.61,0.003,12.33,0.4163,0.0,4.0
Nureci,2024,3,0.08,0.0,0.0036,0.0001,0.61,0.003,12.33,0.4163,0.0,4.0
Nureci,2024,4,2.04,0.0012,0.0868,0.0029,0.61,0.003,12.33,0.4163,0.0081,4.0
Nureci,2024,5,4.12,0.0024,0.1748,0.0058,0.61,0.003,12.33,0.4163,0.0115,4.0
Nureci,2024,6,1.82,0.0011,0.0773,0.0025,0.61,0.003,12.33,0.4163,0.0077,4.0
Nureci,2024,7,2.23,0.0013,0.0947,0.0031,0.61,0.003,12.33,0.4163,0.0084,4.0
Nureci,2024,8,5.82,0.0034,0.2471,0.0081,0.61,0.003,12.33,0.4163,0.0136,4.0
Nureci,2024,9,3.2,0.0019,0.1358,0.0045,0.61,0.003,12.33,0.4163,0.0102,4.0
Nureci,2024,10,3.95,0.0023,0.1677,0.0055,0.61,0.003,12.33,0.4163,0.0112,4.0
Nureci,2024,11,2.89,0.0017,0.1228,0.004,0.61,0.003,12.33,0.4163,0.0096,4.0
Nureci,2024,12,1.16,0.0007,0.0491,0.0016,0.61,0.003,12.33,0.4163,0.0061,4.0
Nurri,2024,1,0.01,0.0,0.0003,0.0,0.35,0.0017,9.53,0.3217,0.0,4.0
Nurri,2024,2,0.01,0.0,0.0002,0.0,0.35,0.0017,9.53,0.3217,0.0,4.0
Nurri,2024,3,1.19,0.0007,0.0435,0.0014,0.35,0.0017,9.53,0.3217,0.0048,4.0
Nurri,2024,4,1.54,0.0009,0.0566,0.0019,0.35,0.0017,9.53,0.3217,0.0055,4.0
Nurri,2024,5,3.43,0.002,0.1255,0.0041,0.35,0.0017,9.53,0.3217,0.0082,4.0
Nurri,2024,6,0.36,0.0002,0.0131,0.0004,0.35,0.0017,9.53,0.3217,0.0026,4.0
Nurri,2024,7,0.69,0.0004,0.0254,0.0008,0.35,0.0017,9.53,0.3217,0.0036,4.0
Nurri,2024,8,2.36,0.0014,0.0864,0.0028,0.35,0.0017,9.53,0.3217,0.0068,4.0
Nurri,2024,9,0.47,0.0003,0.0173,0.0006,0.35,0.0017,9.53,0.3217,0.0031,4.0
Nurri,2024,10,1.06,0.0006,0.0387,0.0013,0.35,0.0017,9.53,0.3217,0.0045,4.0
Nurri,2024,11,0.13,0.0001,0.0047,0.0002,0.35,0.0017,9.53,0.3217,0.0018,4.0
Nurri,2024,12,1.0,0.0006,0.0365,0.0012,0.35,0.0017,9.53,0.3217,0.0045,4.0
Nuxis,2024,1,0.0,0.0,0.0002,0.0,0.41,0.002,0.87,0.0294,0.0,4.0
Nuxis,2024,2,0.0,0.0,0.0002,0.0,0.41,0.002,0.87,0.0294,0.0,4.0
Nuxis,2024,3,0.01,0.0,0.0002,0.0,0.41,0.002,0.87,0.0294,0.0,4.0
Nuxis,2024,4,0.01,0.0,0.0004,0.0,0.41,0.002,0.87,0.0294,0.0,4.0
Nuxis,2024,5,0.01,0.0,0.0004,0.0,0.41,0.002,0.87,0.0294,0.0,4.0
Nuxis,2024,6,0.02,0.0,0.0008,0.0,0.41,0.002,0.87,0.0294,0.0,4.0
Nuxis,2024,7,0.02,0.0,0.0011,0.0,0.41,0.002,0.87,0.0294,0.0,4.0
Nuxis,2024,8,0.2,0.0001,0.0088,0.0003,0.41,0.002,0.87,0.0294,0.0012,4.0
Nuxis,2024,9,0.58,0.0003,0.0252,0.0008,0.41,0.002,0.87,0.0294,0.0019,4.0
Nuxis,2024,10,0.41,0.0002,0.018,0.0006,0.41,0.002,0.87,0.0294,0.0016,4.0
Nuxis,2024,11,0.0,0.0,0.0002,0.0,0.41,0.002,0.87,0.0294,0.0,4.0
Nuxis,2024,12,0.01,0.0,0.0002,0.0,0.41,0.002,0.87,0.0294,0.0,4.0
Olbia,2024,1,37.91,0.0222,0.2377,0.0078,64.29,0.3139,11.94,0.4031,0.0684,4.0
Olbia,2024,2,42.73,0.025,0.2679,0.0088,64.29,0.3139,11.94,0.4031,0.0726,4.0
Olbia,2024,3,54.77,0.032,0.3433,0.0113,64.29,0.3139,11.94,0.4031,0.0822,4.0
Olbia,2024,4,101.11,0.0591,0.6339,0.0209,64.29,0.3139,11.94,0.4031,0.1118,4.0
Olbia,2024,5,231.21,0.1352,1.4495,0.0477,64.29,0.3139,11.94,0.4031,0.169,4.0
Olbia,2024,6,436.97,0.2555,2.7395,0.0902,64.29,0.3139,11.94,0.4031,0.2324,4.0
Olbia,2024,7,570.58,0.3336,3.5771,0.1178,64.29,0.3139,11.94,0.4031,0.2655,4.0
Olbia,2024,8,609.09,0.3561,3.8185,0.1257,64.29,0.3139,11.94,0.4031,0.2743,4.0
Olbia,2024,9,420.4,0.2458,2.6356,0.0868,64.29,0.3139,11.94,0.4031,0.2279,4.0
Olbia,2024,10,214.92,0.1257,1.3474,0.0444,64.29,0.3139,11.94,0.4031,0.163,4.0
Olbia,2024,11,49.73,0.0291,0.3117,0.0103,64.29,0.3139,11.94,0.4031,0.0785,4.0
Olbia,2024,12,32.29,0.0189,0.2024,0.0067,64.29,0.3139,11.94,0.4031,0.0633,4.0
Oliena,2024,1,1.6,0.0009,0.0407,0.0013,2.57,0.0125,20.1,0.6786,0.01,4.0
Oliena,2024,2,0.89,0.0005,0.0225,0.0007,2.57,0.0125,20.1,0.6786,0.0074,4.0
Oliena,2024,3,2.76,0.0016,0.0701,0.0023,2.57,0.0125,20.1,0.6786,0.0133,4.0
Oliena,2024,4,16.05,0.0094,0.408,0.0134,2.57,0.0125,20.1,0.6786,0.0322,4.0
Oliena,2024,5,21.99,0.0129,0.5591,0.0184,2.57,0.0125,20.1,0.6786,0.0377,4.0
Oliena,2024,6,25.34,0.0148,0.6443,0.0212,2.57,0.0125,20.1,0.6786,0.0404,4.0
Oliena,2024,7,27.31,0.016,0.6943,0.0229,2.57,0.0125,20.1,0.6786,0.042,4.0
Oliena,2024,8,35.25,0.0206,0.896,0.0295,2.57,0.0125,20.1,0.6786,0.0476,4.0
Oliena,2024,9,29.07,0.017,0.7389,0.0243,2.57,0.0125,20.1,0.6786,0.0433,4.0
Oliena,2024,10,23.14,0.0135,0.5882,0.0194,2.57,0.0125,20.1,0.6786,0.0386,4.0
Oliena,2024,11,4.07,0.0024,0.1034,0.0034,2.57,0.0125,20.1,0.6786,0.0162,4.0
Oliena,2024,12,0.79,0.0005,0.0201,0.0007,2.57,0.0125,20.1,0.6786,0.0074,4.0
Ollastra,2024,1,,,,,0.0,0.0,,,0.0,1.0
Ollastra,2024,2,,,,,0.0,0.0,,,0.0,1.0
Ollastra,2024,3,,,,,0.0,0.0,,,0.0,1.0
Ollastra,2024,4,,,,,0.0,0.0,,,0.0,1.0
Ollastra,2024,5,,,,,0.0,0.0,,,0.0,1.0
Ollastra,2024,6,,,,,0.0,0.0,,,0.0,1.0
Ollastra,2024,7,,,,,0.0,0.0,,,0.0,1.0
Ollastra,2024,8,,,,,0.0,0.0,,,0.0,1.0
Ollastra,2024,9,,,,,0.0,0.0,,,0.0,1.0
Ollastra,2024,10,,,,,0.0,0.0,,,0.0,1.0
Ollastra,2024,11,,,,,0.0,0.0,,,0.0,1.0
Ollastra,2024,12,,,,,0.0,0.0,,,0.0,1.0
Ollolai,2024,1,0.03,0.0,0.0007,0.0,1.48,0.0072,1.03,0.0348,0.0,4.0
Ollolai,2024,2,0.03,0.0,0.0006,0.0,1.48,0.0072,1.03,0.0348,0.0,4.0
Ollolai,2024,3,0.04,0.0,0.0009,0.0,1.48,0.0072,1.03,0.0348,0.0,4.0
Ollolai,2024,4,0.06,0.0,0.0015,0.0,1.48,0.0072,1.03,0.0348,0.0,4.0
Ollolai,2024,5,0.07,0.0,0.0016,0.0001,1.48,0.0072,1.03,0.0348,0.0,4.0
Ollolai,2024,6,0.13,0.0001,0.0031,0.0001,1.48,0.0072,1.03,0.0348,0.0013,4.0
Ollolai,2024,7,0.18,0.0001,0.0042,0.0001,1.48,0.0072,1.03,0.0348,0.0013,4.0
Ollolai,2024,8,0.18,0.0001,0.0043,0.0001,1.48,0.0072,1.03,0.0348,0.0013,4.0
Ollolai,2024,9,0.1,0.0001,0.0024,0.0001,1.48,0.0072,1.03,0.0348,0.0013,4.0
Ollolai,2024,10,1.73,0.001,0.0405,0.0013,1.48,0.0072,1.03,0.0348,0.0042,4.0
Ollolai,2024,11,2.58,0.0015,0.0605,0.002,1.48,0.0072,1.03,0.0348,0.0052,4.0
Ollolai,2024,12,0.45,0.0003,0.0105,0.0003,1.48,0.0072,1.03,0.0348,0.0022,4.0
Olmedo,2024,1,0.99,0.0006,0.0079,0.0003,13.88,0.0678,5.11,0.1725,0.0068,4.0
Olmedo,2024,2,0.01,0.0,0.0001,0.0,13.88,0.0678,5.11,0.1725,0.0,4.0
Olmedo,2024,3,1.73,0.001,0.0139,0.0005,13.88,0.0678,5.11,0.1725,0.0087,4.0
Olmedo,2024,4,7.76,0.0045,0.0622,0.002,13.88,0.0678,5.11,0.1725,0.018,4.0
Olmedo,2024,5,18.55,0.0108,0.1487,0.0049,13.88,0.0678,5.11,0.1725,0.028,4.0
Olmedo,2024,6,28.48,0.0167,0.2282,0.0075,13.88,0.0678,5.11,0.1725,0.0348,4.0
Olmedo,2024,7,55.09,0.0322,0.4415,0.0145,13.88,0.0678,5.11,0.1725,0.0483,4.0
Olmedo,2024,8,92.55,0.0541,0.7416,0.0244,13.88,0.0678,5.11,0.1725,0.0627,4.0
Olmedo,2024,9,36.95,0.0216,0.2961,0.0097,13.88,0.0678,5.11,0.1725,0.0396,4.0
Olmedo,2024,10,12.27,0.0072,0.0983,0.0032,13.88,0.0678,5.11,0.1725,0.0228,4.0
Olmedo,2024,11,2.35,0.0014,0.0188,0.0006,13.88,0.0678,5.11,0.1725,0.01,4.0
Olmedo,2024,12,2.15,0.0013,0.0172,0.0006,13.88,0.0678,5.11,0.1725,0.0098,4.0
Olzai,2024,1,,,,,0.0,0.0,,,0.0,1.0
Olzai,2024,2,,,,,0.0,0.0,,,0.0,1.0
Olzai,2024,3,,,,,0.0,0.0,,,0.0,1.0
Olzai,2024,4,,,,,0.0,0.0,,,0.0,1.0
Olzai,2024,5,,,,,0.0,0.0,,,0.0,1.0
Olzai,2024,6,,,,,0.0,0.0,,,0.0,1.0
Olzai,2024,7,,,,,0.0,0.0,,,0.0,1.0
Olzai,2024,8,,,,,0.0,0.0,,,0.0,1.0
Olzai,2024,9,,,,,0.0,0.0,,,0.0,1.0
Olzai,2024,10,,,,,0.0,0.0,,,0.0,1.0
Olzai,2024,11,,,,,0.0,0.0,,,0.0,1.0
Olzai,2024,12,,,,,0.0,0.0,,,0.0,1.0
Onanì,2024,1,,,,,0.0,0.0,,,0.0,1.0
Onanì,2024,2,,,,,0.0,0.0,,,0.0,1.0
Onanì,2024,3,,,,,0.0,0.0,,,0.0,1.0
Onanì,2024,4,,,,,0.0,0.0,,,0.0,1.0
Onanì,2024,5,,,,,0.0,0.0,,,0.0,1.0
Onanì,2024,6,,,,,0.0,0.0,,,0.0,1.0
Onanì,2024,7,,,,,0.0,0.0,,,0.0,1.0
Onanì,2024,8,,,,,0.0,0.0,,,0.0,1.0
Onanì,2024,9,,,,,0.0,0.0,,,0.0,1.0
Onanì,2024,10,,,,,0.0,0.0,,,0.0,1.0
Onanì,2024,11,,,,,0.0,0.0,,,0.0,1.0
Onanì,2024,12,,,,,0.0,0.0,,,0.0,1.0
Onifai,2024,1,0.74,0.0004,0.0446,0.0015,1.98,0.0097,6.86,0.2316,0.0061,4.0
Onifai,2024,2,0.25,0.0001,0.0153,0.0005,1.98,0.0097,6.86,0.2316,0.0033,4.0
Onifai,2024,3,0.78,0.0005,0.0474,0.0016,1.98,0.0097,6.86,0.2316,0.0065,4.0
Onifai,2024,4,1.47,0.0009,0.0891,0.0029,1.98,0.0097,6.86,0.2316,0.0088,4.0
Onifai,2024,5,1.87,0.0011,0.1128,0.0037,1.98,0.0097,6.86,0.2316,0.0098,4.0
Onifai,2024,6,4.59,0.0027,0.2772,0.0091,1.98,0.0097,6.86,0.2316,0.0153,4.0
Onifai,2024,7,14.43,0.0084,0.8719,0.0287,1.98,0.0097,6.86,0.2316,0.0271,4.0
Onifai,2024,8,16.82,0.0098,1.0167,0.0335,1.98,0.0097,6.86,0.2316,0.0293,4.0
Onifai,2024,9,5.51,0.0032,0.3329,0.011,1.98,0.0097,6.86,0.2316,0.0168,4.0
Onifai,2024,10,1.84,0.0011,0.1114,0.0037,1.98,0.0097,6.86,0.2316,0.0098,4.0
Onifai,2024,11,1.18,0.0007,0.071,0.0023,1.98,0.0097,6.86,0.2316,0.0078,4.0
Onifai,2024,12,0.14,0.0001,0.0084,0.0003,1.98,0.0097,6.86,0.2316,0.0029,4.0
Oniferi,2024,1,,,,,0.0,0.0,,,0.0,1.0
Oniferi,2024,2,,,,,0.0,0.0,,,0.0,1.0
Oniferi,2024,3,,,,,0.0,0.0,,,0.0,1.0
Oniferi,2024,4,,,,,0.0,0.0,,,0.0,1.0
Oniferi,2024,5,,,,,0.0,0.0,,,0.0,1.0
Oniferi,2024,6,,,,,0.0,0.0,,,0.0,1.0
Oniferi,2024,7,,,,,0.0,0.0,,,0.0,1.0
Oniferi,2024,8,,,,,0.0,0.0,,,0.0,1.0
Oniferi,2024,9,,,,,0.0,0.0,,,0.0,1.0
Oniferi,2024,10,,,,,0.0,0.0,,,0.0,1.0
Oniferi,2024,11,,,,,0.0,0.0,,,0.0,1.0
Oniferi,2024,12,,,,,0.0,0.0,,,0.0,1.0
Orani,2024,1,0.39,0.0002,0.0191,0.0006,0.45,0.0022,6.07,0.2049,0.0027,4.0
Orani,2024,2,0.85,0.0005,0.0413,0.0014,0.45,0.0022,6.07,0.2049,0.0042,4.0
Orani,2024,3,0.63,0.0004,0.0308,0.001,0.45,0.0022,6.07,0.2049,0.0037,4.0
Orani,2024,4,0.44,0.0003,0.0214,0.0007,0.45,0.0022,6.07,0.2049,0.0031,4.0
Orani,2024,5,0.85,0.0005,0.0417,0.0014,0.45,0.0022,6.07,0.2049,0.0042,4.0
Orani,2024,6,0.71,0.0004,0.0345,0.0011,0.45,0.0022,6.07,0.2049,0.0038,4.0
Orani,2024,7,1.16,0.0007,0.0567,0.0019,0.45,0.0022,6.07,0.2049,0.0049,4.0
Orani,2024,8,1.19,0.0007,0.0582,0.0019,0.45,0.0022,6.07,0.2049,0.0049,4.0
Orani,2024,9,0.78,0.0005,0.0383,0.0013,0.45,0.0022,6.07,0.2049,0.0041,4.0
Orani,2024,10,0.85,0.0005,0.0417,0.0014,0.45,0.0022,6.07,0.2049,0.0042,4.0
Orani,2024,11,1.19,0.0007,0.0578,0.0019,0.45,0.0022,6.07,0.2049,0.0049,4.0
Orani,2024,12,0.85,0.0005,0.0413,0.0014,0.45,0.0022,6.07,0.2049,0.0042,4.0
Orgosolo,2024,1,0.97,0.0006,0.0551,0.0018,1.13,0.0055,5.92,0.1999,0.0059,4.0
Orgosolo,2024,2,1.24,0.0007,0.0709,0.0023,1.13,0.0055,5.92,0.1999,0.0065,4.0
Orgosolo,2024,3,0.45,0.0003,0.0256,0.0008,1.13,0.0055,5.92,0.1999,0.004,4.0
Orgosolo,2024,4,1.73,0.001,0.0986,0.0032,1.13,0.0055,5.92,0.1999,0.0077,4.0
Orgosolo,2024,5,2.77,0.0016,0.158,0.0052,1.13,0.0055,5.92,0.1999,0.0098,4.0
Orgosolo,2024,6,2.32,0.0014,0.1324,0.0044,1.13,0.0055,5.92,0.1999,0.0091,4.0
Orgosolo,2024,7,3.28,0.0019,0.1867,0.0061,1.13,0.0055,5.92,0.1999,0.0106,4.0
Orgosolo,2024,8,5.39,0.0032,0.307,0.0101,1.13,0.0055,5.92,0.1999,0.0137,4.0
Orgosolo,2024,9,2.53,0.0015,0.1444,0.0048,1.13,0.0055,5.92,0.1999,0.0094,4.0
Orgosolo,2024,10,2.34,0.0014,0.1332,0.0044,1.13,0.0055,5.92,0.1999,0.0091,4.0
Orgosolo,2024,11,0.66,0.0004,0.0376,0.0012,1.13,0.0055,5.92,0.1999,0.0048,4.0
Orgosolo,2024,12,0.78,0.0005,0.0446,0.0015,1.13,0.0055,5.92,0.1999,0.0054,4.0
Oristano,2024,1,64.44,0.0377,0.1799,0.0059,37.57,0.1834,17.48,0.5901,0.07,4.0
Oristano,2024,2,87.75,0.0513,0.245,0.0081,37.57,0.1834,17.48,0.5901,0.0819,4.0
Oristano,2024,3,77.77,0.0455,0.2172,0.0072,37.57,0.1834,17.48,0.5901,0.0772,4.0
Oristano,2024,4,149.11,0.0872,0.4164,0.0137,37.57,0.1834,17.48,0.5901,0.1066,4.0
Oristano,2024,5,207.31,0.1212,0.5789,0.0191,37.57,0.1834,17.48,0.5901,0.1258,4.0
Oristano,2024,6,274.87,0.1607,0.7675,0.0253,37.57,0.1834,17.48,0.5901,0.1448,4.0
Oristano,2024,7,379.56,0.2219,1.0598,0.0349,37.57,0.1834,17.48,0.5901,0.1701,4.0
Oristano,2024,8,511.58,0.2991,1.4285,0.047,37.57,0.1834,17.48,0.5901,0.1975,4.0
Oristano,2024,9,324.55,0.1897,0.9062,0.0298,37.57,0.1834,17.48,0.5901,0.1573,4.0
Oristano,2024,10,176.56,0.1032,0.493,0.0162,37.57,0.1834,17.48,0.5901,0.116,4.0
Oristano,2024,11,67.8,0.0396,0.1893,0.0062,37.57,0.1834,17.48,0.5901,0.0718,4.0
Oristano,2024,12,74.87,0.0438,0.2091,0.0069,37.57,0.1834,17.48,0.5901,0.0756,4.0
Orosei,2024,1,5.09,0.003,0.0678,0.0022,134.83,0.6583,19.44,0.6563,0.0411,4.0
Orosei,2024,2,4.81,0.0028,0.0641,0.0021,134.83,0.6583,19.44,0.6563,0.0399,4.0
Orosei,2024,3,36.37,0.0213,0.4843,0.0159,134.83,0.6583,19.44,0.6563,0.11,4.0
Orosei,2024,4,156.27,0.0914,2.0808,0.0685,134.83,0.6583,19.44,0.6563,0.2281,4.0
Orosei,2024,5,505.47,0.2955,6.7303,0.2216,134.83,0.6583,19.44,0.6563,0.4101,4.0
Orosei,2024,6,1517.25,0.8871,20.2021,0.6652,134.83,0.6583,19.44,0.6563,0.7106,4.0
Orosei,2024,7,2402.42,1.0,31.9881,1.0,134.83,0.6583,19.44,0.6563,0.8107,4.0
Orosei,2024,8,2638.12,1.0,35.1264,1.0,134.83,0.6583,19.44,0.6563,0.8107,4.0
Orosei,2024,9,1767.4,1.0,23.5329,0.7749,134.83,0.6583,19.44,0.6563,0.7607,4.0
Orosei,2024,10,518.4,0.3031,6.9025,0.2273,134.83,0.6583,19.44,0.6563,0.4154,4.0
Orosei,2024,11,8.87,0.0052,0.1181,0.0039,134.83,0.6583,19.44,0.6563,0.0544,4.0
Orosei,2024,12,7.58,0.0044,0.101,0.0033,134.83,0.6583,19.44,0.6563,0.05,4.0
Orotelli,2024,1,,,,,0.15,0.0007,0.0,0.0,0.0,2.0
Orotelli,2024,2,,,,,0.15,0.0007,0.0,0.0,0.0,2.0
Orotelli,2024,3,,,,,0.15,0.0007,0.0,0.0,0.0,2.0
Orotelli,2024,4,,,,,0.15,0.0007,0.0,0.0,0.0,2.0
Orotelli,2024,5,,,,,0.15,0.0007,0.0,0.0,0.0,2.0
Orotelli,2024,6,,,,,0.15,0.0007,0.0,0.0,0.0,2.0
Orotelli,2024,7,,,,,0.15,0.0007,0.0,0.0,0.0,2.0
Orotelli,2024,8,,,,,0.15,0.0007,0.0,0.0,0.0,2.0
Orotelli,2024,9,,,,,0.15,0.0007,0.0,0.0,0.0,2.0
Orotelli,2024,10,,,,,0.15,0.0007,0.0,0.0,0.0,2.0
Orotelli,2024,11,,,,,0.15,0.0007,0.0,0.0,0.0,2.0
Orotelli,2024,12,,,,,0.15,0.0007,0.0,0.0,0.0,2.0
Orroli,2024,1,0.37,0.0002,0.0143,0.0005,1.22,0.006,2.18,0.0736,0.0026,4.0
Orroli,2024,2,0.28,0.0002,0.0107,0.0004,1.22,0.006,2.18,0.0736,0.0024,4.0
Orroli,2024,3,0.36,0.0002,0.0138,0.0005,1.22,0.006,2.18,0.0736,0.0026,4.0
Orroli,2024,4,0.43,0.0003,0.0169,0.0006,1.22,0.006,2.18,0.0736,0.003,4.0
Orroli,2024,5,1.74,0.001,0.0675,0.0022,1.22,0.006,2.18,0.0736,0.0056,4.0
Orroli,2024,6,0.67,0.0004,0.0261,0.0009,1.22,0.006,2.18,0.0736,0.0036,4.0
Orroli,2024,7,0.5,0.0003,0.0194,0.0006,1.22,0.006,2.18,0.0736,0.003,4.0
Orroli,2024,8,2.77,0.0016,0.1074,0.0035,1.22,0.006,2.18,0.0736,0.0071,4.0
Orroli,2024,9,1.03,0.0006,0.0399,0.0013,1.22,0.006,2.18,0.0736,0.0043,4.0
Orroli,2024,10,1.17,0.0007,0.0455,0.0015,1.22,0.006,2.18,0.0736,0.0046,4.0
Orroli,2024,11,0.17,0.0001,0.0066,0.0002,1.22,0.006,2.18,0.0736,0.0017,4.0
Orroli,2024,12,0.28,0.0002,0.0107,0.0004,1.22,0.006,2.18,0.0736,0.0024,4.0
Ortacesus,2024,1,,,,,0.0,0.0,,,0.0,1.0
Ortacesus,2024,2,,,,,0.0,0.0,,,0.0,1.0
Ortacesus,2024,3,,,,,0.0,0.0,,,0.0,1.0
Ortacesus,2024,4,,,,,0.0,0.0,,,0.0,1.0
Ortacesus,2024,5,,,,,0.0,0.0,,,0.0,1.0
Ortacesus,2024,6,,,,,0.0,0.0,,,0.0,1.0
Ortacesus,2024,7,,,,,0.0,0.0,,,0.0,1.0
Ortacesus,2024,8,,,,,0.0,0.0,,,0.0,1.0
Ortacesus,2024,9,,,,,0.0,0.0,,,0.0,1.0
Ortacesus,2024,10,,,,,0.0,0.0,,,0.0,1.0
Ortacesus,2024,11,,,,,0.0,0.0,,,0.0,1.0
Ortacesus,2024,12,,,,,0.0,0.0,,,0.0,1.0
Ortueri,2024,1,0.03,0.0,0.0011,0.0,0.75,0.0037,2.38,0.0804,0.0,4.0
Ortueri,2024,2,0.03,0.0,0.001,0.0,0.75,0.0037,2.38,0.0804,0.0,4.0
Ortueri,2024,3,0.04,0.0,0.0014,0.0,0.75,0.0037,2.38,0.0804,0.0,4.0
Ortueri,2024,4,1.84,0.0011,0.0712,0.0023,0.75,0.0037,2.38,0.0804,0.0052,4.0
Ortueri,2024,5,0.81,0.0005,0.0315,0.001,0.75,0.0037,2.38,0.0804,0.0035,4.0
Ortueri,2024,6,0.13,0.0001,0.005,0.0002,0.75,0.0037,2.38,0.0804,0.0016,4.0
Ortueri,2024,7,0.17,0.0001,0.0068,0.0002,0.75,0.0037,2.38,0.0804,0.0016,4.0
Ortueri,2024,8,0.69,0.0004,0.0268,0.0009,0.75,0.0037,2.38,0.0804,0.0032,4.0
Ortueri,2024,9,1.21,0.0007,0.0467,0.0015,0.75,0.0037,2.38,0.0804,0.0042,4.0
Ortueri,2024,10,1.04,0.0006,0.0402,0.0013,0.75,0.0037,2.38,0.0804,0.0039,4.0
Ortueri,2024,11,0.47,0.0003,0.0182,0.0006,0.75,0.0037,2.38,0.0804,0.0027,4.0
Ortueri,2024,12,0.04,0.0,0.0015,0.0,0.75,0.0037,2.38,0.0804,0.0,4.0
Orune,2024,1,0.0,0.0,0.0002,0.0,0.12,0.0006,0.26,0.0088,0.0,4.0
Orune,2024,2,0.0,0.0,0.0002,0.0,0.12,0.0006,0.26,0.0088,0.0,4.0
Orune,2024,3,0.0,0.0,0.0003,0.0,0.12,0.0006,0.26,0.0088,0.0,4.0
Orune,2024,4,0.01,0.0,0.0005,0.0,0.12,0.0006,0.26,0.0088,0.0,4.0
Orune,2024,5,0.01,0.0,0.0005,0.0,0.12,0.0006,0.26,0.0088,0.0,4.0
Orune,2024,6,0.02,0.0,0.001,0.0,0.12,0.0006,0.26,0.0088,0.0,4.0
Orune,2024,7,0.02,0.0,0.0013,0.0,0.12,0.0006,0.26,0.0088,0.0,4.0
Orune,2024,8,0.02,0.0,0.0014,0.0,0.12,0.0006,0.26,0.0088,0.0,4.0
Orune,2024,9,0.01,0.0,0.0008,0.0,0.12,0.0006,0.26,0.0088,0.0,4.0
Orune,2024,10,0.01,0.0,0.0005,0.0,0.12,0.0006,0.26,0.0088,0.0,4.0
Orune,2024,11,0.0,0.0,0.0002,0.0,0.12,0.0006,0.26,0.0088,0.0,4.0
Orune,2024,12,0.0,0.0,0.0003,0.0,0.12,0.0006,0.26,0.0088,0.0,4.0
Oschiri,2024,1,0.01,0.0,0.0008,0.0,0.26,0.0013,2.72,0.0918,0.0,4.0
Oschiri,2024,2,0.01,0.0,0.0008,0.0,0.26,0.0013,2.72,0.0918,0.0,4.0
Oschiri,2024,3,0.01,0.0,0.001,0.0,0.26,0.0013,2.72,0.0918,0.0,4.0
Oschiri,2024,4,0.12,0.0001,0.0084,0.0003,0.26,0.0013,2.72,0.0918,0.0014,4.0
Oschiri,2024,5,0.23,0.0001,0.0167,0.0005,0.26,0.0013,2.72,0.0918,0.0016,4.0
Oschiri,2024,6,0.27,0.0002,0.0198,0.0007,0.26,0.0013,2.72,0.0918,0.002,4.0
Oschiri,2024,7,0.34,0.0002,0.0245,0.0008,0.26,0.0013,2.72,0.0918,0.0021,4.0
Oschiri,2024,8,1.02,0.0006,0.074,0.0024,0.26,0.0013,2.72,0.0918,0.0036,4.0
Oschiri,2024,9,0.22,0.0001,0.0159,0.0005,0.26,0.0013,2.72,0.0918,0.0016,4.0
Oschiri,2024,10,0.18,0.0001,0.0128,0.0004,0.26,0.0013,2.72,0.0918,0.0015,4.0
Oschiri,2024,11,0.07,0.0,0.0049,0.0002,0.26,0.0013,2.72,0.0918,0.0,4.0
Oschiri,2024,12,0.06,0.0,0.0045,0.0001,0.26,0.0013,2.72,0.0918,0.0,4.0
Osidda,2024,1,0.04,0.0,0.0052,0.0002,1.0,0.0049,0.4,0.0135,0.0,4.0
Osidda,2024,2,0.04,0.0,0.0049,0.0002,1.0,0.0049,0.4,0.0135,0.0,4.0
Osidda,2024,3,0.06,0.0,0.0067,0.0002,1.0,0.0049,0.4,0.0135,0.0,4.0
Osidda,2024,4,0.1,0.0001,0.011,0.0004,1.0,0.0049,0.4,0.0135,0.0013,4.0
Osidda,2024,5,0.11,0.0001,0.0122,0.0004,1.0,0.0049,0.4,0.0135,0.0013,4.0
Osidda,2024,6,0.2,0.0001,0.0236,0.0008,1.0,0.0049,0.4,0.0135,0.0015,4.0
Osidda,2024,7,0.28,0.0002,0.0319,0.0011,1.0,0.0049,0.4,0.0135,0.002,4.0
Osidda,2024,8,0.28,0.0002,0.0324,0.0011,1.0,0.0049,0.4,0.0135,0.002,4.0
Osidda,2024,9,0.15,0.0001,0.0179,0.0006,1.0,0.0049,0.4,0.0135,0.0014,4.0
Osidda,2024,10,0.09,0.0001,0.0109,0.0004,1.0,0.0049,0.4,0.0135,0.0013,4.0
Osidda,2024,11,0.05,0.0,0.0057,0.0002,1.0,0.0049,0.4,0.0135,0.0,4.0
Osidda,2024,12,0.06,0.0,0.0071,0.0002,1.0,0.0049,0.4,0.0135,0.0,4.0
Osilo,2024,1,0.01,0.0,0.0003,0.0,0.76,0.0037,3.04,0.1026,0.0,4.0
Osilo,2024,2,0.01,0.0,0.0002,0.0,0.76,0.0037,3.04,0.1026,0.0,4.0
Osilo,2024,3,0.01,0.0,0.0003,0.0,0.76,0.0037,3.04,0.1026,0.0,4.0
Osilo,2024,4,0.02,0.0,0.0006,0.0,0.76,0.0037,3.04,0.1026,0.0,4.0
Osilo,2024,5,0.41,0.0002,0.0142,0.0005,0.76,0.0037,3.04,0.1026,0.0025,4.0
Osilo,2024,6,1.57,0.0009,0.0549,0.0018,0.76,0.0037,3.04,0.1026,0.005,4.0
Osilo,2024,7,1.59,0.0009,0.0557,0.0018,0.76,0.0037,3.04,0.1026,0.005,4.0
Osilo,2024,8,3.7,0.0022,0.1296,0.0043,0.76,0.0037,3.04,0.1026,0.0077,4.0
Osilo,2024,9,1.06,0.0006,0.0371,0.0012,0.76,0.0037,3.04,0.1026,0.0041,4.0
Osilo,2024,10,0.02,0.0,0.0006,0.0,0.76,0.0037,3.04,0.1026,0.0,4.0
Osilo,2024,11,0.01,0.0,0.0003,0.0,0.76,0.0037,3.04,0.1026,0.0,4.0
Osilo,2024,12,0.01,0.0,0.0004,0.0,0.76,0.0037,3.04,0.1026,0.0,4.0
Osini,2024,1,0.02,0.0,0.0012,0.0,1.54,0.0075,6.08,0.2053,0.0,4.0
Osini,2024,2,0.02,0.0,0.0011,0.0,1.54,0.0075,6.08,0.2053,0.0,4.0
Osini,2024,3,0.03,0.0,0.0015,0.0,1.54,0.0075,6.08,0.2053,0.0,4.0
Osini,2024,4,3.76,0.0022,0.2122,0.007,1.54,0.0075,6.08,0.2053,0.0124,4.0
Osini,2024,5,5.56,0.0033,0.3138,0.0103,1.54,0.0075,6.08,0.2053,0.0151,4.0
Osini,2024,6,3.56,0.0021,0.2008,0.0066,1.54,0.0075,6.08,0.2053,0.0121,4.0
Osini,2024,7,1.97,0.0012,0.1114,0.0037,1.54,0.0075,6.08,0.2053,0.0091,4.0
Osini,2024,8,9.79,0.0057,0.5523,0.0182,1.54,0.0075,6.08,0.2053,0.02,4.0
Osini,2024,9,3.51,0.0021,0.1981,0.0065,1.54,0.0075,6.08,0.2053,0.012,4.0
Osini,2024,10,3.41,0.002,0.1922,0.0063,1.54,0.0075,6.08,0.2053,0.0118,4.0
Osini,2024,11,1.64,0.001,0.0926,0.003,1.54,0.0075,6.08,0.2053,0.0082,4.0
Osini,2024,12,0.96,0.0006,0.0544,0.0018,1.54,0.0075,6.08,0.2053,0.0064,4.0
Ossi,2024,1,0.97,0.0006,0.0054,0.0002,2.09,0.0102,3.0,0.1013,0.0033,4.0
Ossi,2024,2,0.7,0.0004,0.0039,0.0001,2.09,0.0102,3.0,0.1013,0.0025,4.0
Ossi,2024,3,1.01,0.0006,0.0056,0.0002,2.09,0.0102,3.0,0.1013,0.0033,4.0
Ossi,2024,4,1.01,0.0006,0.0056,0.0002,2.09,0.0102,3.0,0.1013,0.0033,4.0
Ossi,2024,5,1.55,0.0009,0.0086,0.0003,2.09,0.0102,3.0,0.1013,0.0041,4.0
Ossi,2024,6,2.39,0.0014,0.0133,0.0004,2.09,0.0102,3.0,0.1013,0.0049,4.0
Ossi,2024,7,2.9,0.0017,0.0161,0.0005,2.09,0.0102,3.0,0.1013,0.0054,4.0
Ossi,2024,8,4.8,0.0028,0.0266,0.0009,2.09,0.0102,3.0,0.1013,0.0071,4.0
Ossi,2024,9,3.68,0.0022,0.0204,0.0007,2.09,0.0102,3.0,0.1013,0.0063,4.0
Ossi,2024,10,2.9,0.0017,0.0161,0.0005,2.09,0.0102,3.0,0.1013,0.0054,4.0
Ossi,2024,11,0.01,0.0,0.0,0.0,2.09,0.0102,3.0,0.1013,0.0,4.0
Ossi,2024,12,0.94,0.0005,0.0052,0.0002,2.09,0.0102,3.0,0.1013,0.0032,4.0
Ottana,2024,1,0.29,0.0002,0.006,0.0002,1.28,0.0062,5.96,0.2012,0.0027,4.0
Ottana,2024,2,1.39,0.0008,0.029,0.001,1.28,0.0062,5.96,0.2012,0.0056,4.0
Ottana,2024,3,3.57,0.0021,0.0746,0.0025,1.28,0.0062,5.96,0.2012,0.009,4.0
Ottana,2024,4,1.61,0.0009,0.0336,0.0011,1.28,0.0062,5.96,0.2012,0.0059,4.0
Ottana,2024,5,,,,,1.28,0.0062,5.96,0.2012,0.0353,2.0
Ottana,2024,6,1.24,0.0007,0.0258,0.0008,1.28,0.0062,5.96,0.2012,0.0051,4.0
Ottana,2024,7,0.99,0.0006,0.0207,0.0007,1.28,0.0062,5.96,0.2012,0.0048,4.0
Ottana,2024,8,1.63,0.001,0.0341,0.0011,1.28,0.0062,5.96,0.2012,0.0061,4.0
Ottana,2024,9,5.95,0.0035,0.1243,0.0041,1.28,0.0062,5.96,0.2012,0.0116,4.0
Ottana,2024,10,0.53,0.0003,0.011,0.0004,1.28,0.0062,5.96,0.2012,0.0035,4.0
Ottana,2024,11,6.22,0.0036,0.1298,0.0043,1.28,0.0062,5.96,0.2012,0.0118,4.0
Ottana,2024,12,4.41,0.0026,0.092,0.003,1.28,0.0062,5.96,0.2012,0.0099,4.0
Ovodda,2024,1,0.12,0.0001,0.0034,0.0001,0.32,0.0016,4.76,0.1607,0.0013,4.0
Ovodda,2024,2,0.12,0.0001,0.0032,0.0001,0.32,0.0016,4.76,0.1607,0.0013,4.0
Ovodda,2024,3,0.16,0.0001,0.0044,0.0001,0.32,0.0016,4.76,0.1607,0.0013,4.0
Ovodda,2024,4,0.26,0.0002,0.0072,0.0002,0.32,0.0016,4.76,0.1607,0.0018,4.0
Ovodda,2024,5,0.29,0.0002,0.008,0.0003,0.32,0.0016,4.76,0.1607,0.002,4.0
Ovodda,2024,6,0.56,0.0003,0.0155,0.0005,0.32,0.0016,4.76,0.1607,0.0025,4.0
Ovodda,2024,7,0.76,0.0004,0.021,0.0007,0.32,0.0016,4.76,0.1607,0.0029,4.0
Ovodda,2024,8,1.04,0.0006,0.0287,0.0009,0.32,0.0016,4.76,0.1607,0.0034,4.0
Ovodda,2024,9,0.43,0.0003,0.0118,0.0004,0.32,0.0016,4.76,0.1607,0.0024,4.0
Ovodda,2024,10,0.26,0.0002,0.0072,0.0002,0.32,0.0016,4.76,0.1607,0.0018,4.0
Ovodda,2024,11,0.14,0.0001,0.0037,0.0001,0.32,0.0016,4.76,0.1607,0.0013,4.0
Ovodda,2024,12,1.39,0.0008,0.0384,0.0013,0.32,0.0016,4.76,0.1607,0.004,4.0
Ozieri,2024,1,1.66,0.001,0.0429,0.0014,0.61,0.003,6.35,0.2144,0.0055,4.0
Ozieri,2024,2,0.95,0.0006,0.0245,0.0008,0.61,0.003,6.35,0.2144,0.0042,4.0
Ozieri,2024,3,1.14,0.0007,0.0296,0.001,0.61,0.003,6.35,0.2144,0.0046,4.0
Ozieri,2024,4,1.5,0.0009,0.0387,0.0013,0.61,0.003,6.35,0.2144,0.0052,4.0
Ozieri,2024,5,1.74,0.001,0.0452,0.0015,0.61,0.003,6.35,0.2144,0.0056,4.0
Ozieri,2024,6,0.73,0.0004,0.0188,0.0006,0.61,0.003,6.35,0.2144,0.0035,4.0
Ozieri,2024,7,0.89,0.0005,0.0232,0.0008,0.61,0.003,6.35,0.2144,0.004,4.0
Ozieri,2024,8,2.1,0.0012,0.0543,0.0018,0.61,0.003,6.35,0.2144,0.0061,4.0
Ozieri,2024,9,1.07,0.0006,0.0277,0.0009,0.61,0.003,6.35,0.2144,0.0043,4.0
Ozieri,2024,10,1.4,0.0008,0.0362,0.0012,0.61,0.003,6.35,0.2144,0.005,4.0
Ozieri,2024,11,0.35,0.0002,0.0091,0.0003,0.61,0.003,6.35,0.2144,0.0025,4.0
Ozieri,2024,12,0.7,0.0004,0.018,0.0006,0.61,0.003,6.35,0.2144,0.0035,4.0
Pabillonis,2024,1,1.89,0.0011,0.0292,0.001,0.9,0.0044,9.73,0.3285,0.0063,4.0
Pabillonis,2024,2,0.24,0.0001,0.0037,0.0001,0.9,0.0044,9.73,0.3285,0.0019,4.0
Pabillonis,2024,3,0.8,0.0005,0.0124,0.0004,0.9,0.0044,9.73,0.3285,0.0041,4.0
Pabillonis,2024,4,0.3,0.0002,0.0046,0.0002,0.9,0.0044,9.73,0.3285,0.0028,4.0
Pabillonis,2024,5,1.42,0.0008,0.0218,0.0007,0.9,0.0044,9.73,0.3285,0.0053,4.0
Pabillonis,2024,6,2.75,0.0016,0.0424,0.0014,0.9,0.0044,9.73,0.3285,0.0075,4.0
Pabillonis,2024,7,4.46,0.0026,0.0687,0.0023,0.9,0.0044,9.73,0.3285,0.0096,4.0
Pabillonis,2024,8,11.85,0.0069,0.1828,0.006,0.9,0.0044,9.73,0.3285,0.0156,4.0
Pabillonis,2024,9,3.17,0.0019,0.0489,0.0016,0.9,0.0044,9.73,0.3285,0.0081,4.0
Pabillonis,2024,10,3.75,0.0022,0.0579,0.0019,0.9,0.0044,9.73,0.3285,0.0088,4.0
Pabillonis,2024,11,0.0,0.0,0.0,0.0,0.9,0.0044,9.73,0.3285,0.0,4.0
Pabillonis,2024,12,1.49,0.0009,0.023,0.0008,0.9,0.0044,9.73,0.3285,0.0057,4.0
Padria,2024,1,0.05,0.0,0.0044,0.0001,0.12,0.0006,5.53,0.1867,0.0,4.0
Padria,2024,2,0.05,0.0,0.0041,0.0001,0.12,0.0006,5.53,0.1867,0.0,4.0
Padria,2024,3,0.07,0.0,0.0056,0.0002,0.12,0.0006,5.53,0.1867,0.0,4.0
Padria,2024,4,0.11,0.0001,0.0092,0.0003,0.12,0.0006,5.53,0.1867,0.0014,4.0
Padria,2024,5,0.12,0.0001,0.0102,0.0003,0.12,0.0006,5.53,0.1867,0.0014,4.0
Padria,2024,6,0.24,0.0001,0.0197,0.0006,0.12,0.0006,5.53,0.1867,0.0016,4.0
Padria,2024,7,0.32,0.0002,0.0267,0.0009,0.12,0.0006,5.53,0.1867,0.0021,4.0
Padria,2024,8,0.33,0.0002,0.0271,0.0009,0.12,0.0006,5.53,0.1867,0.0021,4.0
Padria,2024,9,0.97,0.0006,0.08,0.0026,0.12,0.0006,5.53,0.1867,0.0036,4.0
Padria,2024,10,0.11,0.0001,0.0092,0.0003,0.12,0.0006,5.53,0.1867,0.0014,4.0
Padria,2024,11,0.06,0.0,0.0048,0.0002,0.12,0.0006,5.53,0.1867,0.0,4.0
Padria,2024,12,0.07,0.0,0.0059,0.0002,0.12,0.0006,5.53,0.1867,0.0,4.0
Padru,2024,1,0.02,0.0,0.0015,0.0,1.46,0.0071,2.75,0.0928,0.0,4.0
Padru,2024,2,0.02,0.0,0.0014,0.0,1.46,0.0071,2.75,0.0928,0.0,4.0
Padru,2024,3,0.03,0.0,0.0019,0.0001,1.46,0.0071,2.75,0.0928,0.0,4.0
Padru,2024,4,0.22,0.0001,0.0166,0.0005,1.46,0.0071,2.75,0.0928,0.0024,4.0
Padru,2024,5,1.69,0.001,0.1275,0.0042,1.46,0.0071,2.75,0.0928,0.0073,4.0
Padru,2024,6,1.16,0.0007,0.0877,0.0029,1.46,0.0071,2.75,0.0928,0.006,4.0
Padru,2024,7,4.18,0.0024,0.316,0.0104,1.46,0.0071,2.75,0.0928,0.0113,4.0
Padru,2024,8,4.23,0.0025,0.32,0.0105,1.46,0.0071,2.75,0.0928,0.0115,4.0
Padru,2024,9,1.98,0.0012,0.1497,0.0049,1.46,0.0071,2.75,0.0928,0.0079,4.0
Padru,2024,10,1.05,0.0006,0.0797,0.0026,1.46,0.0071,2.75,0.0928,0.0057,4.0
Padru,2024,11,0.02,0.0,0.0016,0.0001,1.46,0.0071,2.75,0.0928,0.0,4.0
Padru,2024,12,0.03,0.0,0.002,0.0001,1.46,0.0071,2.75,0.0928,0.0,4.0
Palau,2024,1,3.24,0.0019,0.0353,0.0012,285.92,1.0,15.01,0.5068,0.0328,4.0
Palau,2024,2,1.63,0.001,0.0177,0.0006,285.92,1.0,15.01,0.5068,0.0235,4.0
Palau,2024,3,54.38,0.0318,0.5913,0.0195,285.92,1.0,15.01,0.5068,0.1331,4.0
Palau,2024,4,508.5,0.2973,5.5291,0.1821,285.92,1.0,15.01,0.5068,0.407,4.0
Palau,2024,5,1409.66,0.8242,15.3277,0.5047,285.92,1.0,15.01,0.5068,0.6776,4.0
Palau,2024,6,2393.41,1.0,26.0243,0.8569,285.92,1.0,15.01,0.5068,0.8118,4.0
Palau,2024,7,3439.76,1.0,37.4017,1.0,285.92,1.0,15.01,0.5068,0.8437,4.0
Palau,2024,8,3747.26,1.0,40.7452,1.0,285.92,1.0,15.01,0.5068,0.8437,4.0
Palau,2024,9,2599.53,1.0,28.2655,0.9307,285.92,1.0,15.01,0.5068,0.8287,4.0
Palau,2024,10,1482.74,0.8669,16.1223,0.5309,285.92,1.0,15.01,0.5068,0.695,4.0
Palau,2024,11,15.79,0.0092,0.1717,0.0057,285.92,1.0,15.01,0.5068,0.0718,4.0
Palau,2024,12,6.95,0.0041,0.0756,0.0025,285.92,1.0,15.01,0.5068,0.0477,4.0
Palmas Arborea,2024,1,0.0,0.0,0.0001,0.0,0.91,0.0044,0.09,0.003,0.0,4.0
Palmas Arborea,2024,2,0.0,0.0,0.0001,0.0,0.91,0.0044,0.09,0.003,0.0,4.0
Palmas Arborea,2024,3,0.0,0.0,0.0001,0.0,0.91,0.0044,0.09,0.003,0.0,4.0
Palmas Arborea,2024,4,0.01,0.0,0.0001,0.0,0.91,0.0044,0.09,0.003,0.0,4.0
Palmas Arborea,2024,5,0.01,0.0,0.0001,0.0,0.91,0.0044,0.09,0.003,0.0,4.0
Palmas Arborea,2024,6,0.24,0.0001,0.0063,0.0002,0.91,0.0044,0.09,0.003,0.0007,4.0
Palmas Arborea,2024,7,0.01,0.0,0.0004,0.0,0.91,0.0044,0.09,0.003,0.0,4.0
Palmas Arborea,2024,8,0.01,0.0,0.0004,0.0,0.91,0.0044,0.09,0.003,0.0,4.0
Palmas Arborea,2024,9,0.01,0.0,0.0002,0.0,0.91,0.0044,0.09,0.003,0.0,4.0
Palmas Arborea,2024,10,0.0,0.0,0.0001,0.0,0.91,0.0044,0.09,0.003,0.0,4.0
Palmas Arborea,2024,11,0.0,0.0,0.0001,0.0,0.91,0.0044,0.09,0.003,0.0,4.0
Palmas Arborea,2024,12,0.0,0.0,0.0001,0.0,0.91,0.0044,0.09,0.003,0.0,4.0
Pattada,2024,1,0.0,0.0,0.0001,0.0,0.66,0.0032,0.32,0.0108,0.0,4.0
Pattada,2024,2,0.0,0.0,0.0001,0.0,0.66,0.0032,0.32,0.0108,0.0,4.0
Pattada,2024,3,0.0,0.0,0.0001,0.0,0.66,0.0032,0.32,0.0108,0.0,4.0
Pattada,2024,4,0.0,0.0,0.0002,0.0,0.66,0.0032,0.32,0.0108,0.0,4.0
Pattada,2024,5,0.07,0.0,0.0041,0.0001,0.66,0.0032,0.32,0.0108,0.0,4.0
Pattada,2024,6,0.1,0.0001,0.0057,0.0002,0.66,0.0032,0.32,0.0108,0.0009,4.0
Pattada,2024,7,0.13,0.0001,0.0076,0.0003,0.66,0.0032,0.32,0.0108,0.001,4.0
Pattada,2024,8,0.32,0.0002,0.0186,0.0006,0.66,0.0032,0.32,0.0108,0.0014,4.0
Pattada,2024,9,0.14,0.0001,0.0084,0.0003,0.66,0.0032,0.32,0.0108,0.001,4.0
Pattada,2024,10,0.0,0.0,0.0002,0.0,0.66,0.0032,0.32,0.0108,0.0,4.0
Pattada,2024,11,0.0,0.0,0.0001,0.0,0.66,0.0032,0.32,0.0108,0.0,4.0
Pattada,2024,12,0.0,0.0,0.0001,0.0,0.66,0.0032,0.32,0.0108,0.0,4.0
Pau,2024,1,,,,,0.65,0.0032,0.0,0.0,0.0,2.0
Pau,2024,2,,,,,0.65,0.0032,0.0,0.0,0.0,2.0
Pau,2024,3,,,,,0.65,0.0032,0.0,0.0,0.0,2.0
Pau,2024,4,,,,,0.65,0.0032,0.0,0.0,0.0,2.0
Pau,2024,5,,,,,0.65,0.0032,0.0,0.0,0.0,2.0
Pau,2024,6,,,,,0.65,0.0032,0.0,0.0,0.0,2.0
Pau,2024,7,,,,,0.65,0.0032,0.0,0.0,0.0,2.0
Pau,2024,8,,,,,0.65,0.0032,0.0,0.0,0.0,2.0
Pau,2024,9,,,,,0.65,0.0032,0.0,0.0,0.0,2.0
Pau,2024,10,,,,,0.65,0.0032,0.0,0.0,0.0,2.0
Pau,2024,11,,,,,0.65,0.0032,0.0,0.0,0.0,2.0
Pau,2024,12,,,,,0.65,0.0032,0.0,0.0,0.0,2.0
Pauli Arbarei,2024,1,0.0,0.0,0.0001,0.0,1.77,0.0086,3.59,0.1212,0.0,4.0
Pauli Arbarei,2024,2,0.85,0.0005,0.0239,0.0008,1.77,0.0086,3.59,0.1212,0.0045,4.0
Pauli Arbarei,2024,3,2.36,0.0014,0.0661,0.0022,1.77,0.0086,3.59,0.1212,0.0075,4.0
Pauli Arbarei,2024,4,2.76,0.0016,0.0772,0.0025,1.77,0.0086,3.59,0.1212,0.008,4.0
Pauli Arbarei,2024,5,2.49,0.0015,0.0699,0.0023,1.77,0.0086,3.59,0.1212,0.0077,4.0
Pauli Arbarei,2024,6,1.33,0.0008,0.0371,0.0012,1.77,0.0086,3.59,0.1212,0.0056,4.0
Pauli Arbarei,2024,7,1.46,0.0009,0.041,0.0014,1.77,0.0086,3.59,0.1212,0.006,4.0
Pauli Arbarei,2024,8,3.88,0.0023,0.1088,0.0036,1.77,0.0086,3.59,0.1212,0.0096,4.0
Pauli Arbarei,2024,9,3.41,0.002,0.0956,0.0031,1.77,0.0086,3.59,0.1212,0.009,4.0
Pauli Arbarei,2024,10,2.23,0.0013,0.0625,0.0021,1.77,0.0086,3.59,0.1212,0.0073,4.0
Pauli Arbarei,2024,11,1.84,0.0011,0.0514,0.0017,1.77,0.0086,3.59,0.1212,0.0066,4.0
Pauli Arbarei,2024,12,0.53,0.0003,0.0148,0.0005,1.77,0.0086,3.59,0.1212,0.0035,4.0
Paulilatino,2024,1,1.87,0.0011,0.0926,0.003,0.71,0.0035,11.32,0.3822,0.0082,4.0
Paulilatino,2024,2,2.29,0.0013,0.1135,0.0037,0.71,0.0035,11.32,0.3822,0.009,4.0
Paulilatino,2024,3,2.79,0.0016,0.1382,0.0046,0.71,0.0035,11.32,0.3822,0.01,4.0
Paulilatino,2024,4,4.23,0.0025,0.2095,0.0069,0.71,0.0035,11.32,0.3822,0.0123,4.0
Paulilatino,2024,5,2.63,0.0015,0.1302,0.0043,0.71,0.0035,11.32,0.3822,0.0096,4.0
Paulilatino,2024,6,2.67,0.0016,0.1325,0.0044,0.71,0.0035,11.32,0.3822,0.0099,4.0
Paulilatino,2024,7,4.16,0.0024,0.2062,0.0068,0.71,0.0035,11.32,0.3822,0.0122,4.0
Paulilatino,2024,8,3.42,0.002,0.1696,0.0056,0.71,0.0035,11.32,0.3822,0.0111,4.0
Paulilatino,2024,9,3.02,0.0018,0.1496,0.0049,0.71,0.0035,11.32,0.3822,0.0104,4.0
Paulilatino,2024,10,1.35,0.0008,0.067,0.0022,0.71,0.0035,11.32,0.3822,0.007,4.0
Paulilatino,2024,11,0.46,0.0003,0.0228,0.0008,0.71,0.0035,11.32,0.3822,0.0042,4.0
Paulilatino,2024,12,0.42,0.0002,0.0209,0.0007,0.71,0.0035,11.32,0.3822,0.0037,4.0
Perdasdefogu,2024,1,0.0,0.0,0.0002,0.0,0.15,0.0007,2.58,0.0871,0.0,4.0
Perdasdefogu,2024,2,0.0,0.0,0.0002,0.0,0.15,0.0007,2.58,0.0871,0.0,4.0
Perdasdefogu,2024,3,0.04,0.0,0.002,0.0001,0.15,0.0007,2.58,0.0871,0.0,4.0
Perdasdefogu,2024,4,0.09,0.0001,0.0039,0.0001,0.15,0.0007,2.58,0.0871,0.0009,4.0
Perdasdefogu,2024,5,0.22,0.0001,0.0098,0.0003,0.15,0.0007,2.58,0.0871,0.0012,4.0
Perdasdefogu,2024,6,0.02,0.0,0.001,0.0,0.15,0.0007,2.58,0.0871,0.0,4.0
Perdasdefogu,2024,7,0.31,0.0002,0.0141,0.0005,0.15,0.0007,2.58,0.0871,0.0016,4.0
Perdasdefogu,2024,8,0.32,0.0002,0.0147,0.0005,0.15,0.0007,2.58,0.0871,0.0016,4.0
Perdasdefogu,2024,9,0.17,0.0001,0.0077,0.0003,0.15,0.0007,2.58,0.0871,0.0012,4.0
Perdasdefogu,2024,10,0.15,0.0001,0.0069,0.0002,0.15,0.0007,2.58,0.0871,0.0011,4.0
Perdasdefogu,2024,11,0.11,0.0001,0.0049,0.0002,0.15,0.0007,2.58,0.0871,0.0011,4.0
Perdasdefogu,2024,12,0.01,0.0,0.0003,0.0,0.15,0.0007,2.58,0.0871,0.0,4.0
Perdaxius,2024,1,0.04,0.0,0.0008,0.0,1.18,0.0058,0.45,0.0152,0.0,4.0
Perdaxius,2024,2,0.03,0.0,0.0008,0.0,1.18,0.0058,0.45,0.0152,0.0,4.0
Perdaxius,2024,3,0.05,0.0,0.0011,0.0,1.18,0.0058,0.45,0.0152,0.0,4.0
Perdaxius,2024,4,0.08,0.0,0.0018,0.0001,1.18,0.0058,0.45,0.0152,0.0,4.0
Perdaxius,2024,5,0.08,0.0,0.0019,0.0001,1.18,0.0058,0.45,0.0152,0.0,4.0
Perdaxius,2024,6,0.16,0.0001,0.0037,0.0001,1.18,0.0058,0.45,0.0152,0.001,4.0
Perdaxius,2024,7,0.22,0.0001,0.0051,0.0002,1.18,0.0058,0.45,0.0152,0.0012,4.0
Perdaxius,2024,8,1.0,0.0006,0.0228,0.0008,1.18,0.0058,0.45,0.0152,0.0026,4.0
Perdaxius,2024,9,0.12,0.0001,0.0029,0.0001,1.18,0.0058,0.45,0.0152,0.001,4.0
Perdaxius,2024,10,0.08,0.0,0.0017,0.0001,1.18,0.0058,0.45,0.0152,0.0,4.0
Perdaxius,2024,11,0.04,0.0,0.0009,0.0,1.18,0.0058,0.45,0.0152,0.0,4.0
Perdaxius,2024,12,0.05,0.0,0.0011,0.0,1.18,0.0058,0.45,0.0152,0.0,4.0
Perfugas,2024,1,0.01,0.0,0.0002,0.0,1.36,0.0066,4.92,0.1661,0.0,4.0
Perfugas,2024,2,0.27,0.0002,0.0073,0.0002,1.36,0.0066,4.92,0.1661,0.0026,4.0
Perfugas,2024,3,0.24,0.0001,0.0065,0.0002,1.36,0.0066,4.92,0.1661,0.0022,4.0
Perfugas,2024,4,0.21,0.0001,0.0058,0.0002,1.36,0.0066,4.92,0.1661,0.0022,4.0
Perfugas,2024,5,1.05,0.0006,0.0285,0.0009,1.36,0.0066,4.92,0.1661,0.0049,4.0
Perfugas,2024,6,1.84,0.0011,0.0499,0.0016,1.36,0.0066,4.92,0.1661,0.0066,4.0
Perfugas,2024,7,6.38,0.0037,0.1733,0.0057,1.36,0.0066,4.92,0.1661,0.0123,4.0
Perfugas,2024,8,11.45,0.0067,0.311,0.0102,1.36,0.0066,4.92,0.1661,0.0165,4.0
Perfugas,2024,9,2.26,0.0013,0.0613,0.002,1.36,0.0066,4.92,0.1661,0.0073,4.0
Perfugas,2024,10,0.74,0.0004,0.02,0.0007,1.36,0.0066,4.92,0.1661,0.0042,4.0
Perfugas,2024,11,0.01,0.0,0.0002,0.0,1.36,0.0066,4.92,0.1661,0.0,4.0
Perfugas,2024,12,0.01,0.0,0.0003,0.0,1.36,0.0066,4.92,0.1661,0.0,4.0
Pimentel,2024,1,3.63,0.0021,0.0499,0.0016,1.19,0.0058,21.8,0.736,0.0109,4.0
Pimentel,2024,2,1.52,0.0009,0.0209,0.0007,1.19,0.0058,21.8,0.736,0.0072,4.0
Pimentel,2024,3,4.89,0.0029,0.0672,0.0022,1.19,0.0058,21.8,0.736,0.0128,4.0
Pimentel,2024,4,8.52,0.005,0.1171,0.0039,1.19,0.0058,21.8,0.736,0.017,4.0
Pimentel,2024,5,7.2,0.0042,0.0989,0.0033,1.19,0.0058,21.8,0.736,0.0156,4.0
Pimentel,2024,6,11.69,0.0068,0.1606,0.0053,1.19,0.0058,21.8,0.736,0.0198,4.0
Pimentel,2024,7,11.62,0.0068,0.1597,0.0053,1.19,0.0058,21.8,0.736,0.0198,4.0
Pimentel,2024,8,17.76,0.0104,0.2441,0.008,1.19,0.0058,21.8,0.736,0.0244,4.0
Pimentel,2024,9,12.48,0.0073,0.1715,0.0056,1.19,0.0058,21.8,0.736,0.0204,4.0
Pimentel,2024,10,9.77,0.0057,0.1343,0.0044,1.19,0.0058,21.8,0.736,0.0181,4.0
Pimentel,2024,11,4.03,0.0024,0.0554,0.0018,1.19,0.0058,21.8,0.736,0.0117,4.0
Pimentel,2024,12,1.45,0.0008,0.02,0.0007,1.19,0.0058,21.8,0.736,0.007,4.0
Piscinas,2024,1,,,,,3.15,0.0154,2.77,0.0935,0.0379,2.0
Piscinas,2024,2,,,,,3.15,0.0154,2.77,0.0935,0.0379,2.0
Piscinas,2024,3,,,,,3.15,0.0154,2.77,0.0935,0.0379,2.0
Piscinas,2024,4,,,,,3.15,0.0154,2.77,0.0935,0.0379,2.0
Piscinas,2024,5,2.8,,0.061,,3.15,0.0154,2.77,0.0935,0.0379,2.0
Piscinas,2024,6,4.46,,0.0973,,3.15,0.0154,2.77,0.0935,0.0379,2.0
Piscinas,2024,7,7.91,,0.1725,,3.15,0.0154,2.77,0.0935,0.0379,2.0
Piscinas,2024,8,8.09,,0.1764,,3.15,0.0154,2.77,0.0935,0.0379,2.0
Piscinas,2024,9,6.84,,0.1492,,3.15,0.0154,2.77,0.0935,0.0379,2.0
Piscinas,2024,10,1.72,,0.0376,,3.15,0.0154,2.77,0.0935,0.0379,2.0
Piscinas,2024,11,,,,,3.15,0.0154,2.77,0.0935,0.0379,2.0
Piscinas,2024,12,,,,,3.15,0.0154,2.77,0.0935,0.0379,2.0
Ploaghe,2024,1,0.02,0.0,0.0005,0.0,0.53,0.0026,2.4,0.081,0.0,4.0
Ploaghe,2024,2,0.02,0.0,0.0005,0.0,0.53,0.0026,2.4,0.081,0.0,4.0
Ploaghe,2024,3,0.03,0.0,0.0007,0.0,0.53,0.0026,2.4,0.081,0.0,4.0
Ploaghe,2024,4,0.37,0.0002,0.0085,0.0003,0.53,0.0026,2.4,0.081,0.0019,4.0
Ploaghe,2024,5,0.12,0.0001,0.0027,0.0001,0.53,0.0026,2.4,0.081,0.0012,4.0
Ploaghe,2024,6,0.64,0.0004,0.0145,0.0005,0.53,0.0026,2.4,0.081,0.0025,4.0
Ploaghe,2024,7,0.66,0.0004,0.0149,0.0005,0.53,0.0026,2.4,0.081,0.0025,4.0
Ploaghe,2024,8,1.72,0.001,0.0387,0.0013,0.53,0.0026,2.4,0.081,0.0041,4.0
Ploaghe,2024,9,0.47,0.0003,0.0106,0.0003,0.53,0.0026,2.4,0.081,0.0021,4.0
Ploaghe,2024,10,0.2,0.0001,0.0044,0.0001,0.53,0.0026,2.4,0.081,0.0012,4.0
Ploaghe,2024,11,0.38,0.0002,0.0086,0.0003,0.53,0.0026,2.4,0.081,0.0019,4.0
Ploaghe,2024,12,0.03,0.0,0.0007,0.0,0.53,0.0026,2.4,0.081,0.0,4.0
Pompu,2024,1,0.22,0.0001,0.0055,0.0002,1.3,0.0063,2.5,0.0844,0.0018,4.0
Pompu,2024,2,0.21,0.0001,0.0051,0.0002,1.3,0.0063,2.5,0.0844,0.0018,4.0
Pompu,2024,3,0.29,0.0002,0.007,0.0002,1.3,0.0063,2.5,0.0844,0.0021,4.0
Pompu,2024,4,0.47,0.0003,0.0115,0.0004,1.3,0.0063,2.5,0.0844,0.0028,4.0
Pompu,2024,5,0.52,0.0003,0.0128,0.0004,1.3,0.0063,2.5,0.0844,0.0028,4.0
Pompu,2024,6,1.01,0.0006,0.0246,0.0008,1.3,0.0063,2.5,0.0844,0.004,4.0
Pompu,2024,7,1.36,0.0008,0.0334,0.0011,1.3,0.0063,2.5,0.0844,0.0047,4.0
Pompu,2024,8,1.38,0.0008,0.0339,0.0011,1.3,0.0063,2.5,0.0844,0.0047,4.0
Pompu,2024,9,4.85,0.0028,0.1188,0.0039,1.3,0.0063,2.5,0.0844,0.0087,4.0
Pompu,2024,10,1.03,0.0006,0.0251,0.0008,1.3,0.0063,2.5,0.0844,0.004,4.0
Pompu,2024,11,0.24,0.0001,0.0059,0.0002,1.3,0.0063,2.5,0.0844,0.0018,4.0
Pompu,2024,12,0.3,0.0002,0.0074,0.0002,1.3,0.0063,2.5,0.0844,0.0021,4.0
Porto Torres,2024,1,10.93,0.0064,0.0543,0.0018,15.12,0.0738,8.77,0.2961,0.0224,4.0
Porto Torres,2024,2,14.41,0.0084,0.0716,0.0024,15.12,0.0738,8.77,0.2961,0.0258,4.0
Porto Torres,2024,3,15.68,0.0092,0.0779,0.0026,15.12,0.0738,8.77,0.2961,0.0269,4.0
Porto Torres,2024,4,25.22,0.0147,0.1253,0.0041,15.12,0.0738,8.77,0.2961,0.0339,4.0
Porto Torres,2024,5,35.91,0.021,0.1784,0.0059,15.12,0.0738,8.77,0.2961,0.0406,4.0
Porto Torres,2024,6,52.58,0.0307,0.2612,0.0086,15.12,0.0738,8.77,0.2961,0.049,4.0
Porto Torres,2024,7,94.76,0.0554,0.4707,0.0155,15.12,0.0738,8.77,0.2961,0.0658,4.0
Porto Torres,2024,8,106.35,0.0622,0.5283,0.0174,15.12,0.0738,8.77,0.2961,0.0697,4.0
Porto Torres,2024,9,61.87,0.0362,0.3073,0.0101,15.12,0.0738,8.77,0.2961,0.0532,4.0
Porto Torres,2024,10,27.54,0.0161,0.1368,0.0045,15.12,0.0738,8.77,0.2961,0.0355,4.0
Porto Torres,2024,11,17.52,0.0102,0.087,0.0029,15.12,0.0738,8.77,0.2961,0.0284,4.0
Porto Torres,2024,12,21.39,0.0125,0.1063,0.0035,15.12,0.0738,8.77,0.2961,0.0313,4.0
Portoscuso,2024,1,11.36,0.0066,0.0912,0.003,19.76,0.0965,10.44,0.3525,0.0286,4.0
Portoscuso,2024,2,10.45,0.0061,0.0839,0.0028,19.76,0.0965,10.44,0.3525,0.0276,4.0
Portoscuso,2024,3,13.47,0.0079,0.1081,0.0036,19.76,0.0965,10.44,0.3525,0.0314,4.0
Portoscuso,2024,4,26.23,0.0153,0.2106,0.0069,19.76,0.0965,10.44,0.3525,0.0435,4.0
Portoscuso,2024,5,71.35,0.0417,0.5728,0.0189,19.76,0.0965,10.44,0.3525,0.072,4.0
Portoscuso,2024,6,141.15,0.0825,1.1331,0.0373,19.76,0.0965,10.44,0.3525,0.1011,4.0
Portoscuso,2024,7,143.57,0.0839,1.1525,0.0379,19.76,0.0965,10.44,0.3525,0.102,4.0
Portoscuso,2024,8,189.55,0.1108,1.5217,0.0501,19.76,0.0965,10.44,0.3525,0.1172,4.0
Portoscuso,2024,9,93.35,0.0546,0.7494,0.0247,19.76,0.0965,10.44,0.3525,0.0823,4.0
Portoscuso,2024,10,39.85,0.0233,0.3199,0.0105,19.76,0.0965,10.44,0.3525,0.0537,4.0
Portoscuso,2024,11,5.12,0.003,0.0411,0.0014,19.76,0.0965,10.44,0.3525,0.0194,4.0
Portoscuso,2024,12,7.28,0.0043,0.0584,0.0019,19.76,0.0965,10.44,0.3525,0.023,4.0
Posada,2024,1,5.2,0.003,0.0569,0.0019,61.36,0.2996,3.89,0.1313,0.0218,4.0
Posada,2024,2,8.52,0.005,0.0933,0.0031,61.36,0.2996,3.89,0.1313,0.0279,4.0
Posada,2024,3,7.56,0.0044,0.0827,0.0027,61.36,0.2996,3.89,0.1313,0.0261,4.0
Posada,2024,4,18.35,0.0107,0.2007,0.0066,61.36,0.2996,3.89,0.1313,0.0408,4.0
Posada,2024,5,30.5,0.0178,0.3337,0.011,61.36,0.2996,3.89,0.1313,0.0527,4.0
Posada,2024,6,102.79,0.0601,1.1247,0.037,61.36,0.2996,3.89,0.1313,0.0967,4.0
Posada,2024,7,254.0,0.1485,2.7791,0.0915,61.36,0.2996,3.89,0.1313,0.1521,4.0
Posada,2024,8,263.07,0.1538,2.8783,0.0948,61.36,0.2996,3.89,0.1313,0.1548,4.0
Posada,2024,9,138.25,0.0808,1.5126,0.0498,61.36,0.2996,3.89,0.1313,0.1122,4.0
Posada,2024,10,29.59,0.0173,0.3237,0.0107,61.36,0.2996,3.89,0.1313,0.0519,4.0
Posada,2024,11,6.62,0.0039,0.0724,0.0024,61.36,0.2996,3.89,0.1313,0.0246,4.0
Posada,2024,12,6.04,0.0035,0.0661,0.0022,61.36,0.2996,3.89,0.1313,0.0235,4.0
Pozzomaggiore,2024,1,0.29,0.0002,0.0097,0.0003,0.94,0.0046,4.47,0.1509,0.0025,4.0
Pozzomaggiore,2024,2,0.02,0.0,0.0007,0.0,0.94,0.0046,4.47,0.1509,0.0,4.0
Pozzomaggiore,2024,3,0.93,0.0005,0.0313,0.001,0.94,0.0046,4.47,0.1509,0.0043,4.0
Pozzomaggiore,2024,4,2.14,0.0013,0.0722,0.0024,0.94,0.0046,4.47,0.1509,0.0068,4.0
Pozzomaggiore,2024,5,1.75,0.001,0.0591,0.0019,0.94,0.0046,4.47,0.1509,0.006,4.0
Pozzomaggiore,2024,6,1.1,0.0006,0.0372,0.0012,0.94,0.0046,4.47,0.1509,0.0047,4.0
Pozzomaggiore,2024,7,2.18,0.0013,0.0735,0.0024,0.94,0.0046,4.47,0.1509,0.0068,4.0
Pozzomaggiore,2024,8,3.67,0.0021,0.1236,0.0041,0.94,0.0046,4.47,0.1509,0.0088,4.0
Pozzomaggiore,2024,9,1.89,0.0011,0.0638,0.0021,0.94,0.0046,4.47,0.1509,0.0063,4.0
Pozzomaggiore,2024,10,0.85,0.0005,0.0285,0.0009,0.94,0.0046,4.47,0.1509,0.0042,4.0
Pozzomaggiore,2024,11,0.46,0.0003,0.0154,0.0005,0.94,0.0046,4.47,0.1509,0.0032,4.0
Pozzomaggiore,2024,12,0.03,0.0,0.001,0.0,0.94,0.0046,4.47,0.1509,0.0,4.0
Pula,2024,1,5.78,0.0034,0.1126,0.0037,81.31,0.397,14.62,0.4936,0.0396,4.0
Pula,2024,2,8.49,0.005,0.1654,0.0054,81.31,0.397,14.62,0.4936,0.048,4.0
Pula,2024,3,27.38,0.016,0.5337,0.0176,81.31,0.397,14.62,0.4936,0.0862,4.0
Pula,2024,4,134.33,0.0785,2.6181,0.0862,81.31,0.397,14.62,0.4936,0.1908,4.0
Pula,2024,5,421.35,0.2463,8.2119,0.2704,81.31,0.397,14.62,0.4936,0.338,4.0
Pula,2024,6,688.97,0.4028,13.4278,0.4421,81.31,0.397,14.62,0.4936,0.4322,4.0
Pula,2024,7,935.59,0.547,18.2343,0.6004,81.31,0.397,14.62,0.4936,0.5037,4.0
Pula,2024,8,1022.75,0.5979,19.933,0.6563,81.31,0.397,14.62,0.4936,0.5266,4.0
Pula,2024,9,706.53,0.4131,13.77,0.4534,81.31,0.397,14.62,0.4936,0.4377,4.0
Pula,2024,10,351.99,0.2058,6.8602,0.2259,81.31,0.397,14.62,0.4936,0.3089,4.0
Pula,2024,11,19.6,0.0115,0.3819,0.0126,81.31,0.397,14.62,0.4936,0.073,4.0
Pula,2024,12,14.95,0.0087,0.2914,0.0096,81.31,0.397,14.62,0.4936,0.0636,4.0
Putifigari,2024,1,0.01,0.0,0.0008,0.0,1.12,0.0055,3.23,0.109,0.0,4.0
Putifigari,2024,2,0.01,0.0,0.0008,0.0,1.12,0.0055,3.23,0.109,0.0,4.0
Putifigari,2024,3,0.01,0.0,0.0011,0.0,1.12,0.0055,3.23,0.109,0.0,4.0
Putifigari,2024,4,0.02,0.0,0.0018,0.0001,1.12,0.0055,3.23,0.109,0.0,4.0
Putifigari,2024,5,0.02,0.0,0.002,0.0001,1.12,0.0055,3.23,0.109,0.0,4.0
Putifigari,2024,6,0.73,0.0004,0.0579,0.0019,1.12,0.0055,3.23,0.109,0.0046,4.0
Putifigari,2024,7,3.66,0.0021,0.2908,0.0096,1.12,0.0055,3.23,0.109,0.0105,4.0
Putifigari,2024,8,7.02,0.0041,0.5586,0.0184,1.12,0.0055,3.23,0.109,0.0146,4.0
Putifigari,2024,9,1.61,0.0009,0.1277,0.0042,1.12,0.0055,3.23,0.109,0.0069,4.0
Putifigari,2024,10,0.02,0.0,0.0017,0.0001,1.12,0.0055,3.23,0.109,0.0,4.0
Putifigari,2024,11,0.01,0.0,0.0009,0.0,1.12,0.0055,3.23,0.109,0.0,4.0
Putifigari,2024,12,0.01,0.0,0.0011,0.0,1.12,0.0055,3.23,0.109,0.0,4.0
Quartu Sant'Elena,2024,1,30.93,0.0181,0.0434,0.0014,75.68,0.3695,11.03,0.3724,0.0432,4.0
Quartu Sant'Elena,2024,2,28.07,0.0164,0.0394,0.0013,75.68,0.3695,11.03,0.3724,0.0414,4.0
Quartu Sant'Elena,2024,3,43.93,0.0257,0.0617,0.002,75.68,0.3695,11.03,0.3724,0.0516,4.0
Quartu Sant'Elena,2024,4,116.74,0.0683,0.1638,0.0054,75.68,0.3695,11.03,0.3724,0.0844,4.0
Quartu Sant'Elena,2024,5,289.52,0.1693,0.4064,0.0134,75.68,0.3695,11.03,0.3724,0.1329,4.0
Quartu Sant'Elena,2024,6,402.06,0.2351,0.5643,0.0186,75.68,0.3695,11.03,0.3724,0.1566,4.0
Quartu Sant'Elena,2024,7,611.32,0.3574,0.858,0.0283,75.68,0.3695,11.03,0.3724,0.1931,4.0
Quartu Sant'Elena,2024,8,701.81,0.4103,0.985,0.0324,75.68,0.3695,11.03,0.3724,0.2068,4.0
Quartu Sant'Elena,2024,9,446.85,0.2612,0.6272,0.0207,75.68,0.3695,11.03,0.3724,0.1652,4.0
Quartu Sant'Elena,2024,10,295.31,0.1727,0.4145,0.0136,75.68,0.3695,11.03,0.3724,0.1341,4.0
Quartu Sant'Elena,2024,11,43.67,0.0255,0.0613,0.002,75.68,0.3695,11.03,0.3724,0.0515,4.0
Quartu Sant'Elena,2024,12,35.46,0.0207,0.0498,0.0016,75.68,0.3695,11.03,0.3724,0.0462,4.0
Quartucciu,2024,1,8.0,0.0047,0.0173,0.0006,14.09,0.0688,10.47,0.3535,0.0162,4.0
Quartucciu,2024,2,10.13,0.0059,0.0219,0.0007,14.09,0.0688,10.47,0.3535,0.0178,4.0
Quartucciu,2024,3,21.19,0.0124,0.0458,0.0015,14.09,0.0688,10.47,0.3535,0.0259,4.0
Quartucciu,2024,4,24.29,0.0142,0.0525,0.0017,14.09,0.0688,10.47,0.3535,0.0277,4.0
Quartucciu,2024,5,41.08,0.024,0.0888,0.0029,14.09,0.0688,10.47,0.3535,0.0361,4.0
Quartucciu,2024,6,70.2,0.041,0.1518,0.005,14.09,0.0688,10.47,0.3535,0.0473,4.0
Quartucciu,2024,7,110.89,0.0648,0.2398,0.0079,14.09,0.0688,10.47,0.3535,0.0594,4.0
Quartucciu,2024,8,130.49,0.0763,0.2822,0.0093,14.09,0.0688,10.47,0.3535,0.0645,4.0
Quartucciu,2024,9,69.12,0.0404,0.1495,0.0049,14.09,0.0688,10.47,0.3535,0.0468,4.0
Quartucciu,2024,10,31.28,0.0183,0.0676,0.0022,14.09,0.0688,10.47,0.3535,0.0315,4.0
Quartucciu,2024,11,7.86,0.0046,0.017,0.0006,14.09,0.0688,10.47,0.3535,0.0161,4.0
Quartucciu,2024,12,14.09,0.0082,0.0305,0.001,14.09,0.0688,10.47,0.3535,0.0211,4.0
Riola Sardo,2024,1,8.11,0.0047,0.1935,0.0064,8.39,0.041,8.28,0.2795,0.0242,4.0
Riola Sardo,2024,2,5.55,0.0032,0.1323,0.0044,8.39,0.041,8.28,0.2795,0.02,4.0
Riola Sardo,2024,3,1.42,0.0008,0.0338,0.0011,8.39,0.041,8.28,0.2795,0.01,4.0
Riola Sardo,2024,4,7.07,0.0041,0.1687,0.0056,8.39,0.041,8.28,0.2795,0.0226,4.0
Riola Sardo,2024,5,12.7,0.0074,0.303,0.01,8.39,0.041,8.28,0.2795,0.0303,4.0
Riola Sardo,2024,6,27.29,0.016,0.6507,0.0214,8.39,0.041,8.28,0.2795,0.0445,4.0
Riola Sardo,2024,7,51.94,0.0304,1.2388,0.0408,8.39,0.041,8.28,0.2795,0.0614,4.0
Riola Sardo,2024,8,85.63,0.0501,2.0423,0.0672,8.39,0.041,8.28,0.2795,0.0788,4.0
Riola Sardo,2024,9,38.38,0.0224,0.9154,0.0301,8.39,0.041,8.28,0.2795,0.0527,4.0
Riola Sardo,2024,10,11.14,0.0065,0.2657,0.0087,8.39,0.041,8.28,0.2795,0.0284,4.0
Riola Sardo,2024,11,2.02,0.0012,0.0483,0.0016,8.39,0.041,8.28,0.2795,0.0122,4.0
Riola Sardo,2024,12,2.02,0.0012,0.0483,0.0016,8.39,0.041,8.28,0.2795,0.0122,4.0
Romana,2024,1,,,,,0.0,0.0,,,0.0,1.0
Romana,2024,2,,,,,0.0,0.0,,,0.0,1.0
Romana,2024,3,,,,,0.0,0.0,,,0.0,1.0
Romana,2024,4,,,,,0.0,0.0,,,0.0,1.0
Romana,2024,5,,,,,0.0,0.0,,,0.0,1.0
Romana,2024,6,,,,,0.0,0.0,,,0.0,1.0
Romana,2024,7,,,,,0.0,0.0,,,0.0,1.0
Romana,2024,8,,,,,0.0,0.0,,,0.0,1.0
Romana,2024,9,,,,,0.0,0.0,,,0.0,1.0
Romana,2024,10,,,,,0.0,0.0,,,0.0,1.0
Romana,2024,11,,,,,0.0,0.0,,,0.0,1.0
Romana,2024,12,,,,,0.0,0.0,,,0.0,1.0
Ruinas,2024,1,0.02,0.0,0.001,0.0,0.59,0.0029,3.97,0.134,0.0,4.0
Ruinas,2024,2,0.02,0.0,0.0009,0.0,0.59,0.0029,3.97,0.134,0.0,4.0
Ruinas,2024,3,0.02,0.0,0.0012,0.0,0.59,0.0029,3.97,0.134,0.0,4.0
Ruinas,2024,4,0.27,0.0002,0.0139,0.0005,0.59,0.0029,3.97,0.134,0.0025,4.0
Ruinas,2024,5,1.68,0.001,0.0875,0.0029,0.59,0.0029,3.97,0.134,0.0058,4.0
Ruinas,2024,6,1.06,0.0006,0.0555,0.0018,0.59,0.0029,3.97,0.134,0.0045,4.0
Ruinas,2024,7,1.78,0.001,0.0928,0.0031,0.59,0.0029,3.97,0.134,0.0059,4.0
Ruinas,2024,8,2.24,0.0013,0.1168,0.0038,0.59,0.0029,3.97,0.134,0.0066,4.0
Ruinas,2024,9,1.08,0.0006,0.0562,0.0019,0.59,0.0029,3.97,0.134,0.0046,4.0
Ruinas,2024,10,0.33,0.0002,0.0173,0.0006,0.59,0.0029,3.97,0.134,0.0026,4.0
Ruinas,2024,11,0.02,0.0,0.001,0.0,0.59,0.0029,3.97,0.134,0.0,4.0
Ruinas,2024,12,0.02,0.0,0.0013,0.0,0.59,0.0029,3.97,0.134,0.0,4.0
Sadali,2024,1,0.01,0.0,0.0005,0.0,1.07,0.0052,7.1,0.2397,0.0,4.0
Sadali,2024,2,0.37,0.0002,0.0229,0.0008,1.07,0.0052,7.1,0.2397,0.0038,4.0
Sadali,2024,3,0.96,0.0006,0.0593,0.002,1.07,0.0052,7.1,0.2397,0.0062,4.0
Sadali,2024,4,1.8,0.0011,0.1109,0.0037,1.07,0.0052,7.1,0.2397,0.0084,4.0
Sadali,2024,5,1.5,0.0009,0.0923,0.003,1.07,0.0052,7.1,0.2397,0.0076,4.0
Sadali,2024,6,2.27,0.0013,0.1396,0.0046,1.07,0.0052,7.1,0.2397,0.0093,4.0
Sadali,2024,7,2.12,0.0012,0.1305,0.0043,1.07,0.0052,7.1,0.2397,0.009,4.0
Sadali,2024,8,4.68,0.0027,0.2876,0.0095,1.07,0.0052,7.1,0.2397,0.0134,4.0
Sadali,2024,9,5.14,0.003,0.3161,0.0104,1.07,0.0052,7.1,0.2397,0.014,4.0
Sadali,2024,10,6.46,0.0038,0.3976,0.0131,1.07,0.0052,7.1,0.2397,0.0158,4.0
Sadali,2024,11,2.16,0.0013,0.1328,0.0044,1.07,0.0052,7.1,0.2397,0.0092,4.0
Sadali,2024,12,0.36,0.0002,0.0219,0.0007,1.07,0.0052,7.1,0.2397,0.0036,4.0
Sagama,2024,1,0.03,0.0,0.0016,0.0001,2.78,0.0136,0.62,0.0209,0.0,4.0
Sagama,2024,2,0.02,0.0,0.0015,0.0,2.78,0.0136,0.62,0.0209,0.0,4.0
Sagama,2024,3,0.03,0.0,0.0021,0.0001,2.78,0.0136,0.62,0.0209,0.0,4.0
Sagama,2024,4,0.39,0.0002,0.0247,0.0008,2.78,0.0136,0.62,0.0209,0.0026,4.0
Sagama,2024,5,0.06,0.0,0.0038,0.0001,2.78,0.0136,0.62,0.0209,0.0,4.0
Sagama,2024,6,0.12,0.0001,0.0074,0.0002,2.78,0.0136,0.62,0.0209,0.0015,4.0
Sagama,2024,7,0.16,0.0001,0.01,0.0003,2.78,0.0136,0.62,0.0209,0.0017,4.0
Sagama,2024,8,3.62,0.0021,0.2282,0.0075,2.78,0.0136,0.62,0.0209,0.0082,4.0
Sagama,2024,9,1.78,0.001,0.112,0.0037,2.78,0.0136,0.62,0.0209,0.0057,4.0
Sagama,2024,10,0.05,0.0,0.0035,0.0001,2.78,0.0136,0.62,0.0209,0.0,4.0
Sagama,2024,11,0.03,0.0,0.0018,0.0001,2.78,0.0136,0.62,0.0209,0.0,4.0
Sagama,2024,12,0.04,0.0,0.0022,0.0001,2.78,0.0136,0.62,0.0209,0.0,4.0
Samassi,2024,1,,,,,0.55,0.0027,0.0,0.0,0.0,2.0
Samassi,2024,2,,,,,0.55,0.0027,0.0,0.0,0.0,2.0
Samassi,2024,3,,,,,0.55,0.0027,0.0,0.0,0.0,2.0
Samassi,2024,4,,,,,0.55,0.0027,0.0,0.0,0.0,2.0
Samassi,2024,5,,,,,0.55,0.0027,0.0,0.0,0.0,2.0
Samassi,2024,6,,,,,0.55,0.0027,0.0,0.0,0.0,2.0
Samassi,2024,7,,,,,0.55,0.0027,0.0,0.0,0.0,2.0
Samassi,2024,8,,,,,0.55,0.0027,0.0,0.0,0.0,2.0
Samassi,2024,9,,,,,0.55,0.0027,0.0,0.0,0.0,2.0
Samassi,2024,10,,,,,0.55,0.0027,0.0,0.0,0.0,2.0
Samassi,2024,11,,,,,0.55,0.0027,0.0,0.0,0.0,2.0
Samassi,2024,12,,,,,0.55,0.0027,0.0,0.0,0.0,2.0
Samatzai,2024,1,,,,,0.13,0.0006,0.0,0.0,0.0,2.0
Samatzai,2024,2,,,,,0.13,0.0006,0.0,0.0,0.0,2.0
Samatzai,2024,3,,,,,0.13,0.0006,0.0,0.0,0.0,2.0
Samatzai,2024,4,,,,,0.13,0.0006,0.0,0.0,0.0,2.0
Samatzai,2024,5,,,,,0.13,0.0006,0.0,0.0,0.0,2.0
Samatzai,2024,6,,,,,0.13,0.0006,0.0,0.0,0.0,2.0
Samatzai,2024,7,,,,,0.13,0.0006,0.0,0.0,0.0,2.0
Samatzai,2024,8,,,,,0.13,0.0006,0.0,0.0,0.0,2.0
Samatzai,2024,9,,,,,0.13,0.0006,0.0,0.0,0.0,2.0
Samatzai,2024,10,,,,,0.13,0.0006,0.0,0.0,0.0,2.0
Samatzai,2024,11,,,,,0.13,0.0006,0.0,0.0,0.0,2.0
Samatzai,2024,12,,,,,0.13,0.0006,0.0,0.0,0.0,2.0
Samugheo,2024,1,0.01,0.0,0.0002,0.0,0.81,0.004,1.75,0.0591,0.0,4.0
Samugheo,2024,2,0.4,0.0002,0.012,0.0004,0.81,0.004,1.75,0.0591,0.0021,4.0
Samugheo,2024,3,0.16,0.0001,0.0047,0.0002,0.81,0.004,1.75,0.0591,0.0015,4.0
Samugheo,2024,4,0.15,0.0001,0.0045,0.0001,0.81,0.004,1.75,0.0591,0.0012,4.0
Samugheo,2024,5,0.42,0.0002,0.0127,0.0004,0.81,0.004,1.75,0.0591,0.0021,4.0
Samugheo,2024,6,0.82,0.0005,0.0246,0.0008,0.81,0.004,1.75,0.0591,0.0031,4.0
Samugheo,2024,7,0.47,0.0003,0.0142,0.0005,0.81,0.004,1.75,0.0591,0.0024,4.0
Samugheo,2024,8,1.05,0.0006,0.0316,0.001,0.81,0.004,1.75,0.0591,0.0035,4.0
Samugheo,2024,9,0.83,0.0005,0.0251,0.0008,0.81,0.004,1.75,0.0591,0.0031,4.0
Samugheo,2024,10,0.22,0.0001,0.0067,0.0002,0.81,0.004,1.75,0.0591,0.0015,4.0
Samugheo,2024,11,0.33,0.0002,0.0098,0.0003,0.81,0.004,1.75,0.0591,0.0019,4.0
Samugheo,2024,12,0.32,0.0002,0.0095,0.0003,0.81,0.004,1.75,0.0591,0.0019,4.0
San Basilio,2024,1,,,,,0.13,0.0006,0.0,0.0,0.0,2.0
San Basilio,2024,2,,,,,0.13,0.0006,0.0,0.0,0.0,2.0
San Basilio,2024,3,,,,,0.13,0.0006,0.0,0.0,0.0,2.0
San Basilio,2024,4,,,,,0.13,0.0006,0.0,0.0,0.0,2.0
San Basilio,2024,5,,,,,0.13,0.0006,0.0,0.0,0.0,2.0
San Basilio,2024,6,,,,,0.13,0.0006,0.0,0.0,0.0,2.0
San Basilio,2024,7,,,,,0.13,0.0006,0.0,0.0,0.0,2.0
San Basilio,2024,8,,,,,0.13,0.0006,0.0,0.0,0.0,2.0
San Basilio,2024,9,,,,,0.13,0.0006,0.0,0.0,0.0,2.0
San Basilio,2024,10,,,,,0.13,0.0006,0.0,0.0,0.0,2.0
San Basilio,2024,11,,,,,0.13,0.0006,0.0,0.0,0.0,2.0
San Basilio,2024,12,,,,,0.13,0.0006,0.0,0.0,0.0,2.0
San Gavino Monreale,2024,1,0.97,0.0006,0.0107,0.0004,0.61,0.003,6.18,0.2086,0.0035,4.0
San Gavino Monreale,2024,2,0.87,0.0005,0.0095,0.0003,0.61,0.003,6.18,0.2086,0.0031,4.0
San Gavino Monreale,2024,3,1.3,0.0008,0.0143,0.0005,0.61,0.003,6.18,0.2086,0.004,4.0
San Gavino Monreale,2024,4,1.09,0.0006,0.0119,0.0004,0.61,0.003,6.18,0.2086,0.0035,4.0
San Gavino Monreale,2024,5,0.98,0.0006,0.0108,0.0004,0.61,0.003,6.18,0.2086,0.0035,4.0
San Gavino Monreale,2024,6,0.97,0.0006,0.0107,0.0004,0.61,0.003,6.18,0.2086,0.0035,4.0
San Gavino Monreale,2024,7,1.86,0.0011,0.0205,0.0007,0.61,0.003,6.18,0.2086,0.0047,4.0
San Gavino Monreale,2024,8,0.89,0.0005,0.0098,0.0003,0.61,0.003,6.18,0.2086,0.0031,4.0
San Gavino Monreale,2024,9,2.25,0.0013,0.0248,0.0008,0.61,0.003,6.18,0.2086,0.0051,4.0
San Gavino Monreale,2024,10,1.12,0.0007,0.0123,0.0004,0.61,0.003,6.18,0.2086,0.0036,4.0
San Gavino Monreale,2024,11,0.71,0.0004,0.0078,0.0003,0.61,0.003,6.18,0.2086,0.0029,4.0
San Gavino Monreale,2024,12,0.64,0.0004,0.007,0.0002,0.61,0.003,6.18,0.2086,0.0027,4.0
San Giovanni Suergiu,2024,1,0.49,0.0003,0.0062,0.0002,5.68,0.0277,8.9,0.3005,0.0047,4.0
San Giovanni Suergiu,2024,2,0.19,0.0001,0.0025,0.0001,5.68,0.0277,8.9,0.3005,0.003,4.0
San Giovanni Suergiu,2024,3,1.3,0.0008,0.0167,0.0005,5.68,0.0277,8.9,0.3005,0.0076,4.0
San Giovanni Suergiu,2024,4,11.12,0.0065,0.1427,0.0047,5.68,0.0277,8.9,0.3005,0.0225,4.0
San Giovanni Suergiu,2024,5,13.72,0.008,0.1761,0.0058,5.68,0.0277,8.9,0.3005,0.0249,4.0
San Giovanni Suergiu,2024,6,21.46,0.0125,0.2754,0.0091,5.68,0.0277,8.9,0.3005,0.0312,4.0
San Giovanni Suergiu,2024,7,38.31,0.0224,0.4917,0.0162,5.68,0.0277,8.9,0.3005,0.0417,4.0
San Giovanni Suergiu,2024,8,48.03,0.0281,0.6164,0.0203,5.68,0.0277,8.9,0.3005,0.0467,4.0
San Giovanni Suergiu,2024,9,27.49,0.0161,0.3528,0.0116,5.68,0.0277,8.9,0.3005,0.0353,4.0
San Giovanni Suergiu,2024,10,17.6,0.0103,0.2259,0.0074,5.68,0.0277,8.9,0.3005,0.0282,4.0
San Giovanni Suergiu,2024,11,3.88,0.0023,0.0498,0.0016,5.68,0.0277,8.9,0.3005,0.0132,4.0
San Giovanni Suergiu,2024,12,0.98,0.0006,0.0126,0.0004,5.68,0.0277,8.9,0.3005,0.0067,4.0
San Nicolò D'Arcidano,2024,1,0.06,0.0,0.0007,0.0,1.38,0.0067,3.92,0.1323,0.0,4.0
San Nicolò D'Arcidano,2024,2,0.06,0.0,0.0007,0.0,1.38,0.0067,3.92,0.1323,0.0,4.0
San Nicolò D'Arcidano,2024,3,0.36,0.0002,0.0042,0.0001,1.38,0.0067,3.92,0.1323,0.0021,4.0
San Nicolò D'Arcidano,2024,4,0.84,0.0005,0.0097,0.0003,1.38,0.0067,3.92,0.1323,0.0034,4.0
San Nicolò D'Arcidano,2024,5,1.28,0.0007,0.0147,0.0005,1.38,0.0067,3.92,0.1323,0.0042,4.0
San Nicolò D'Arcidano,2024,6,1.63,0.001,0.0187,0.0006,1.38,0.0067,3.92,0.1323,0.0048,4.0
San Nicolò D'Arcidano,2024,7,4.06,0.0024,0.0468,0.0015,1.38,0.0067,3.92,0.1323,0.0075,4.0
San Nicolò D'Arcidano,2024,8,8.25,0.0048,0.095,0.0031,1.38,0.0067,3.92,0.1323,0.0107,4.0
San Nicolò D'Arcidano,2024,9,2.66,0.0016,0.0306,0.001,1.38,0.0067,3.92,0.1323,0.0061,4.0
San Nicolò D'Arcidano,2024,10,0.41,0.0002,0.0048,0.0002,1.38,0.0067,3.92,0.1323,0.0024,4.0
San Nicolò D'Arcidano,2024,11,0.07,0.0,0.0008,0.0,1.38,0.0067,3.92,0.1323,0.0,4.0
San Nicolò D'Arcidano,2024,12,0.08,0.0,0.001,0.0,1.38,0.0067,3.92,0.1323,0.0,4.0
San Nicolò Gerrei,2024,1,,,,,0.09,0.0004,0.0,0.0,0.0,2.0
San Nicolò Gerrei,2024,2,,,,,0.09,0.0004,0.0,0.0,0.0,2.0
San Nicolò Gerrei,2024,3,,,,,0.09,0.0004,0.0,0.0,0.0,2.0
San Nicolò Gerrei,2024,4,,,,,0.09,0.0004,0.0,0.0,0.0,2.0
San Nicolò Gerrei,2024,5,,,,,0.09,0.0004,0.0,0.0,0.0,2.0
San Nicolò Gerrei,2024,6,,,,,0.09,0.0004,0.0,0.0,0.0,2.0
San Nicolò Gerrei,2024,7,,,,,0.09,0.0004,0.0,0.0,0.0,2.0
San Nicolò Gerrei,2024,8,,,,,0.09,0.0004,0.0,0.0,0.0,2.0
San Nicolò Gerrei,2024,9,,,,,0.09,0.0004,0.0,0.0,0.0,2.0
San Nicolò Gerrei,2024,10,,,,,0.09,0.0004,0.0,0.0,0.0,2.0
San Nicolò Gerrei,2024,11,,,,,0.09,0.0004,0.0,0.0,0.0,2.0
San Nicolò Gerrei,2024,12,,,,,0.09,0.0004,0.0,0.0,0.0,2.0
San Sperate,2024,1,0.42,0.0002,0.0013,0.0,4.04,0.0197,4.81,0.1624,0.0,4.0
San Sperate,2024,2,0.0,0.0,0.0,0.0,4.04,0.0197,4.81,0.1624,0.0,4.0
San Sperate,2024,3,3.25,0.0019,0.01,0.0003,4.04,0.0197,4.81,0.1624,0.0065,4.0
San Sperate,2024,4,3.86,0.0023,0.0119,0.0004,4.04,0.0197,4.81,0.1624,0.0074,4.0
San Sperate,2024,5,3.25,0.0019,0.01,0.0003,4.04,0.0197,4.81,0.1624,0.0065,4.0
San Sperate,2024,6,9.48,0.0055,0.0293,0.001,4.04,0.0197,4.81,0.1624,0.0115,4.0
San Sperate,2024,7,15.32,0.009,0.0473,0.0016,4.04,0.0197,4.81,0.1624,0.0147,4.0
San Sperate,2024,8,18.18,0.0106,0.0561,0.0018,4.04,0.0197,4.81,0.1624,0.0157,4.0
San Sperate,2024,9,7.26,0.0042,0.0224,0.0007,4.04,0.0197,4.81,0.1624,0.0098,4.0
San Sperate,2024,10,4.13,0.0024,0.0127,0.0004,4.04,0.0197,4.81,0.1624,0.0074,4.0
San Sperate,2024,11,3.55,0.0021,0.011,0.0004,4.04,0.0197,4.81,0.1624,0.0072,4.0
San Sperate,2024,12,2.33,0.0014,0.0072,0.0002,4.04,0.0197,4.81,0.1624,0.0055,4.0
San Teodoro,2024,1,1.16,0.0007,0.0239,0.0008,178.35,0.8708,13.07,0.4413,0.0215,4.0
San Teodoro,2024,2,0.81,0.0005,0.0166,0.0005,178.35,0.8708,13.07,0.4413,0.0176,4.0
San Teodoro,2024,3,5.62,0.0033,0.1154,0.0038,178.35,0.8708,13.07,0.4413,0.0469,4.0
San Teodoro,2024,4,96.89,0.0566,1.9904,0.0655,178.35,0.8708,13.07,0.4413,0.1943,4.0
San Teodoro,2024,5,595.83,0.3483,12.2408,0.4031,178.35,0.8708,13.07,0.4413,0.482,4.0
San Teodoro,2024,6,1400.67,0.8189,28.7755,0.9475,178.35,0.8708,13.07,0.4413,0.739,4.0
San Teodoro,2024,7,2055.99,1.0,42.2384,1.0,178.35,0.8708,13.07,0.4413,0.7873,4.0
San Teodoro,2024,8,2266.92,1.0,46.5719,1.0,178.35,0.8708,13.07,0.4413,0.7873,4.0
San Teodoro,2024,9,1611.07,0.9419,33.098,1.0,178.35,0.8708,13.07,0.4413,0.7756,4.0
San Teodoro,2024,10,451.73,0.2641,9.2805,0.3056,178.35,0.8708,13.07,0.4413,0.4197,4.0
San Teodoro,2024,11,16.49,0.0096,0.3387,0.0112,178.35,0.8708,13.07,0.4413,0.0802,4.0
San Teodoro,2024,12,6.85,0.004,0.1408,0.0046,178.35,0.8708,13.07,0.4413,0.0516,4.0
San Vero Milis,2024,1,3.45,0.002,0.1038,0.0034,17.75,0.0867,10.37,0.3501,0.0213,4.0
San Vero Milis,2024,2,2.51,0.0015,0.0756,0.0025,17.75,0.0867,10.37,0.3501,0.0184,4.0
San Vero Milis,2024,3,3.37,0.002,0.1013,0.0033,17.75,0.0867,10.37,0.3501,0.0212,4.0
San Vero Milis,2024,4,22.09,0.0129,0.664,0.0219,17.75,0.0867,10.37,0.3501,0.0541,4.0
San Vero Milis,2024,5,54.73,0.032,1.6449,0.0542,17.75,0.0867,10.37,0.3501,0.0852,4.0
San Vero Milis,2024,6,94.16,0.0551,2.8301,0.0932,17.75,0.0867,10.37,0.3501,0.1117,4.0
San Vero Milis,2024,7,155.41,0.0909,4.6711,0.1538,17.75,0.0867,10.37,0.3501,0.1435,4.0
San Vero Milis,2024,8,182.89,0.1069,5.4971,0.181,17.75,0.0867,10.37,0.3501,0.1557,4.0
San Vero Milis,2024,9,106.1,0.062,3.189,0.105,17.75,0.0867,10.37,0.3501,0.1186,4.0
San Vero Milis,2024,10,42.47,0.0248,1.2766,0.042,17.75,0.0867,10.37,0.3501,0.075,4.0
San Vero Milis,2024,11,1.34,0.0008,0.0403,0.0013,17.75,0.0867,10.37,0.3501,0.0133,4.0
San Vero Milis,2024,12,3.65,0.0021,0.1096,0.0036,17.75,0.0867,10.37,0.3501,0.0219,4.0
San Vito,2024,1,0.08,0.0,0.0056,0.0002,1.08,0.0053,7.97,0.2691,0.0,4.0
San Vito,2024,2,0.05,0.0,0.0035,0.0001,1.08,0.0053,7.97,0.2691,0.0,4.0
San Vito,2024,3,0.46,0.0003,0.031,0.001,1.08,0.0053,7.97,0.2691,0.0045,4.0
San Vito,2024,4,1.32,0.0008,0.0895,0.0029,1.08,0.0053,7.97,0.2691,0.0076,4.0
San Vito,2024,5,2.53,0.0015,0.1717,0.0057,1.08,0.0053,7.97,0.2691,0.0105,4.0
San Vito,2024,6,3.47,0.002,0.2349,0.0077,1.08,0.0053,7.97,0.2691,0.0122,4.0
San Vito,2024,7,7.25,0.0042,0.4912,0.0162,1.08,0.0053,7.97,0.2691,0.0176,4.0
San Vito,2024,8,9.76,0.0057,0.6612,0.0218,1.08,0.0053,7.97,0.2691,0.0205,4.0
San Vito,2024,9,4.92,0.0029,0.3332,0.011,1.08,0.0053,7.97,0.2691,0.0146,4.0
San Vito,2024,10,1.27,0.0007,0.086,0.0028,1.08,0.0053,7.97,0.2691,0.0073,4.0
San Vito,2024,11,0.15,0.0001,0.0102,0.0003,1.08,0.0053,7.97,0.2691,0.0026,4.0
San Vito,2024,12,0.27,0.0002,0.0184,0.0006,1.08,0.0053,7.97,0.2691,0.0036,4.0
Sanluri,2024,1,2.56,0.0015,0.0266,0.0009,0.69,0.0034,23.59,0.7964,0.0078,4.0
Sanluri,2024,2,2.85,0.0017,0.0297,0.001,0.69,0.0034,23.59,0.7964,0.0082,4.0
Sanluri,2024,3,3.78,0.0022,0.0394,0.0013,0.69,0.0034,23.59,0.7964,0.0094,4.0
Sanluri,2024,4,4.78,0.0028,0.0498,0.0016,0.69,0.0034,23.59,0.7964,0.0105,4.0
Sanluri,2024,5,5.56,0.0033,0.058,0.0019,0.69,0.0034,23.59,0.7964,0.0114,4.0
Sanluri,2024,6,5.51,0.0032,0.0575,0.0019,0.69,0.0034,23.59,0.7964,0.0113,4.0
Sanluri,2024,7,6.13,0.0036,0.0639,0.0021,0.69,0.0034,23.59,0.7964,0.012,4.0
Sanluri,2024,8,7.08,0.0041,0.0739,0.0024,0.69,0.0034,23.59,0.7964,0.0128,4.0
Sanluri,2024,9,5.94,0.0035,0.062,0.002,0.69,0.0034,23.59,0.7964,0.0117,4.0
Sanluri,2024,10,5.8,0.0034,0.0605,0.002,0.69,0.0034,23.59,0.7964,0.0116,4.0
Sanluri,2024,11,4.88,0.0029,0.0509,0.0017,0.69,0.0034,23.59,0.7964,0.0107,4.0
Sanluri,2024,12,4.47,0.0026,0.0466,0.0015,0.69,0.0034,23.59,0.7964,0.0101,4.0
Sant'Andrea Frius,2024,1,,,,,0.06,0.0003,0.0,0.0,0.0,2.0
Sant'Andrea Frius,2024,2,,,,,0.06,0.0003,0.0,0.0,0.0,2.0
Sant'Andrea Frius,2024,3,,,,,0.06,0.0003,0.0,0.0,0.0,2.0
Sant'Andrea Frius,2024,4,,,,,0.06,0.0003,0.0,0.0,0.0,2.0
Sant'Andrea Frius,2024,5,,,,,0.06,0.0003,0.0,0.0,0.0,2.0
Sant'Andrea Frius,2024,6,,,,,0.06,0.0003,0.0,0.0,0.0,2.0
Sant'Andrea Frius,2024,7,,,,,0.06,0.0003,0.0,0.0,0.0,2.0
Sant'Andrea Frius,2024,8,,,,,0.06,0.0003,0.0,0.0,0.0,2.0
Sant'Andrea Frius,2024,9,,,,,0.06,0.0003,0.0,0.0,0.0,2.0
Sant'Andrea Frius,2024,10,,,,,0.06,0.0003,0.0,0.0,0.0,2.0
Sant'Andrea Frius,2024,11,,,,,0.06,0.0003,0.0,0.0,0.0,2.0
Sant'Andrea Frius,2024,12,,,,,0.06,0.0003,0.0,0.0,0.0,2.0
Sant'Anna Arresi,2024,1,2.12,0.0012,0.0295,0.001,57.18,0.2792,10.15,0.3427,0.0184,4.0
Sant'Anna Arresi,2024,2,1.74,0.001,0.0242,0.0008,57.18,0.2792,10.15,0.3427,0.0166,4.0
Sant'Anna Arresi,2024,3,3.7,0.0022,0.0515,0.0017,57.18,0.2792,10.15,0.3427,0.0245,4.0
Sant'Anna Arresi,2024,4,13.59,0.0079,0.1889,0.0062,57.18,0.2792,10.15,0.3427,0.0465,4.0
Sant'Anna Arresi,2024,5,51.63,0.0302,0.7176,0.0236,57.18,0.2792,10.15,0.3427,0.0909,4.0
Sant'Anna Arresi,2024,6,421.12,0.2462,5.8539,0.1928,57.18,0.2792,10.15,0.3427,0.2596,4.0
Sant'Anna Arresi,2024,7,504.96,0.2952,7.0193,0.2311,57.18,0.2792,10.15,0.3427,0.2842,4.0
Sant'Anna Arresi,2024,8,653.87,0.3823,9.0893,0.2993,57.18,0.2792,10.15,0.3427,0.3235,4.0
Sant'Anna Arresi,2024,9,354.82,0.2074,4.9322,0.1624,57.18,0.2792,10.15,0.3427,0.2383,4.0
Sant'Anna Arresi,2024,10,106.25,0.0621,1.4769,0.0486,57.18,0.2792,10.15,0.3427,0.1304,4.0
Sant'Anna Arresi,2024,11,2.59,0.0015,0.036,0.0012,57.18,0.2792,10.15,0.3427,0.0204,4.0
Sant'Anna Arresi,2024,12,1.06,0.0006,0.0148,0.0005,57.18,0.2792,10.15,0.3427,0.013,4.0
Sant'Antioco,2024,1,4.08,0.0024,0.0341,0.0011,40.92,0.1998,9.96,0.3363,0.0205,4.0
Sant'Antioco,2024,2,5.32,0.0031,0.0445,0.0015,40.92,0.1998,9.96,0.3363,0.0236,4.0
Sant'Antioco,2024,3,22.35,0.0131,0.187,0.0062,40.92,0.1998,9.96,0.3363,0.0483,4.0
Sant'Antioco,2024,4,69.75,0.0408,0.5834,0.0192,40.92,0.1998,9.96,0.3363,0.0852,4.0
Sant'Antioco,2024,5,141.36,0.0826,1.1824,0.0389,40.92,0.1998,9.96,0.3363,0.1212,4.0
Sant'Antioco,2024,6,188.34,0.1101,1.5754,0.0519,40.92,0.1998,9.96,0.3363,0.14,4.0
Sant'Antioco,2024,7,293.54,0.1716,2.4554,0.0809,40.92,0.1998,9.96,0.3363,0.1748,4.0
Sant'Antioco,2024,8,378.34,0.2212,3.1648,0.1042,40.92,0.1998,9.96,0.3363,0.1984,4.0
Sant'Antioco,2024,9,227.16,0.1328,1.9002,0.0626,40.92,0.1998,9.96,0.3363,0.1537,4.0
Sant'Antioco,2024,10,128.91,0.0754,1.0783,0.0355,40.92,0.1998,9.96,0.3363,0.1158,4.0
Sant'Antioco,2024,11,13.17,0.0077,0.1102,0.0036,40.92,0.1998,9.96,0.3363,0.0369,4.0
Sant'Antioco,2024,12,15.42,0.009,0.129,0.0042,40.92,0.1998,9.96,0.3363,0.0399,4.0
Sant'Antonio Di Gallura,2024,1,0.0,0.0,0.0,0.0,2.69,0.0131,16.38,0.553,0.0,4.0
Sant'Antonio Di Gallura,2024,2,0.0,0.0,0.0,0.0,2.69,0.0131,16.38,0.553,0.0,4.0
Sant'Antonio Di Gallura,2024,3,0.0,0.0,0.0001,0.0,2.69,0.0131,16.38,0.553,0.0,4.0
Sant'Antonio Di Gallura,2024,4,4.29,0.0025,0.2447,0.0081,2.69,0.0131,16.38,0.553,0.0196,4.0
Sant'Antonio Di Gallura,2024,5,18.41,0.0108,1.0492,0.0345,2.69,0.0131,16.38,0.553,0.0405,4.0
Sant'Antonio Di Gallura,2024,6,25.89,0.0151,1.4753,0.0486,2.69,0.0131,16.38,0.553,0.048,4.0
Sant'Antonio Di Gallura,2024,7,32.13,0.0188,1.8307,0.0603,2.69,0.0131,16.38,0.553,0.0535,4.0
Sant'Antonio Di Gallura,2024,8,38.24,0.0224,2.179,0.0717,2.69,0.0131,16.38,0.553,0.0584,4.0
Sant'Antonio Di Gallura,2024,9,29.71,0.0174,1.6925,0.0557,2.69,0.0131,16.38,0.553,0.0515,4.0
Sant'Antonio Di Gallura,2024,10,12.34,0.0072,0.703,0.0231,2.69,0.0131,16.38,0.553,0.0331,4.0
Sant'Antonio Di Gallura,2024,11,0.0,0.0,0.0,0.0,2.69,0.0131,16.38,0.553,0.0,4.0
Sant'Antonio Di Gallura,2024,12,0.0,0.0,0.0001,0.0,2.69,0.0131,16.38,0.553,0.0,4.0
Santa Giusta,2024,1,0.29,0.0002,0.0043,0.0001,1.07,0.0052,9.22,0.3113,0.0024,4.0
Santa Giusta,2024,2,1.31,0.0008,0.0198,0.0007,1.07,0.0052,9.22,0.3113,0.0055,4.0
Santa Giusta,2024,3,2.26,0.0013,0.0341,0.0011,1.07,0.0052,9.22,0.3113,0.0069,4.0
Santa Giusta,2024,4,1.8,0.0011,0.0272,0.0009,1.07,0.0052,9.22,0.3113,0.0063,4.0
Santa Giusta,2024,5,2.29,0.0013,0.0346,0.0011,1.07,0.0052,9.22,0.3113,0.0069,4.0
Santa Giusta,2024,6,2.92,0.0017,0.0441,0.0015,1.07,0.0052,9.22,0.3113,0.008,4.0
Santa Giusta,2024,7,7.49,0.0044,0.113,0.0037,1.07,0.0052,9.22,0.3113,0.0127,4.0
Santa Giusta,2024,8,8.62,0.005,0.1302,0.0043,1.07,0.0052,9.22,0.3113,0.0137,4.0
Santa Giusta,2024,9,5.87,0.0034,0.0887,0.0029,1.07,0.0052,9.22,0.3113,0.0112,4.0
Santa Giusta,2024,10,1.86,0.0011,0.028,0.0009,1.07,0.0052,9.22,0.3113,0.0063,4.0
Santa Giusta,2024,11,0.43,0.0003,0.0065,0.0002,1.07,0.0052,9.22,0.3113,0.0031,4.0
Santa Giusta,2024,12,0.72,0.0004,0.0109,0.0004,1.07,0.0052,9.22,0.3113,0.004,4.0
Santa Maria Coghinas,2024,1,15.21,0.0089,0.2732,0.009,16.61,0.0811,14.09,0.4757,0.0419,4.0
Santa Maria Coghinas,2024,2,21.95,0.0128,0.3945,0.013,16.61,0.0811,14.09,0.4757,0.0503,4.0
Santa Maria Coghinas,2024,3,20.76,0.0121,0.373,0.0123,16.61,0.0811,14.09,0.4757,0.049,4.0
Santa Maria Coghinas,2024,4,26.31,0.0154,0.4728,0.0156,16.61,0.0811,14.09,0.4757,0.0552,4.0
Santa Maria Coghinas,2024,5,40.96,0.0239,0.736,0.0242,16.61,0.0811,14.09,0.4757,0.0687,4.0
Santa Maria Coghinas,2024,6,85.04,0.0497,1.528,0.0503,16.61,0.0811,14.09,0.4757,0.0991,4.0
Santa Maria Coghinas,2024,7,186.09,0.1088,3.3438,0.1101,16.61,0.0811,14.09,0.4757,0.1466,4.0
Santa Maria Coghinas,2024,8,249.35,0.1458,4.4804,0.1475,16.61,0.0811,14.09,0.4757,0.1697,4.0
Santa Maria Coghinas,2024,9,113.06,0.0661,2.0315,0.0669,16.61,0.0811,14.09,0.4757,0.1143,4.0
Santa Maria Coghinas,2024,10,49.08,0.0287,0.8818,0.029,16.61,0.0811,14.09,0.4757,0.0753,4.0
Santa Maria Coghinas,2024,11,28.62,0.0167,0.5142,0.0169,16.61,0.0811,14.09,0.4757,0.0574,4.0
Santa Maria Coghinas,2024,12,18.32,0.0107,0.3292,0.0108,16.61,0.0811,14.09,0.4757,0.046,4.0
Santa Teresa Gallura,2024,1,0.44,0.0003,0.0091,0.0003,125.13,0.6109,8.8,0.2971,0.0113,4.0
Santa Teresa Gallura,2024,2,0.92,0.0005,0.0188,0.0006,125.13,0.6109,8.8,0.2971,0.0153,4.0
Santa Teresa Gallura,2024,3,10.52,0.0062,0.2157,0.0071,125.13,0.6109,8.8,0.2971,0.0532,4.0
Santa Teresa Gallura,2024,4,60.8,0.0355,1.2462,0.041,125.13,0.6109,8.8,0.2971,0.1275,4.0
Santa Teresa Gallura,2024,5,262.97,0.1537,5.3906,0.1775,125.13,0.6109,8.8,0.2971,0.2653,4.0
Santa Teresa Gallura,2024,6,604.59,0.3535,12.3933,0.4081,125.13,0.6109,8.8,0.2971,0.4023,4.0
Santa Teresa Gallura,2024,7,934.91,0.5466,19.1646,0.631,125.13,0.6109,8.8,0.2971,0.5002,4.0
Santa Teresa Gallura,2024,8,1180.02,0.6899,24.1889,0.7965,125.13,0.6109,8.8,0.2971,0.562,4.0
Santa Teresa Gallura,2024,9,794.51,0.4645,16.2865,0.5363,125.13,0.6109,8.8,0.2971,0.4611,4.0
Santa Teresa Gallura,2024,10,148.27,0.0867,3.0395,0.1001,125.13,0.6109,8.8,0.2971,0.1992,4.0
Santa Teresa Gallura,2024,11,12.02,0.007,0.2464,0.0081,125.13,0.6109,8.8,0.2971,0.0566,4.0
Santa Teresa Gallura,2024,12,10.75,0.0063,0.2203,0.0073,125.13,0.6109,8.8,0.2971,0.0538,4.0
Santadi,2024,1,0.0,0.0,0.0001,0.0,1.02,0.005,1.71,0.0577,0.0,4.0
Santadi,2024,2,0.0,0.0,0.0001,0.0,1.02,0.005,1.71,0.0577,0.0,4.0
Santadi,2024,3,0.0,0.0,0.0001,0.0,1.02,0.005,1.71,0.0577,0.0,4.0
Santadi,2024,4,0.0,0.0,0.0001,0.0,1.02,0.005,1.71,0.0577,0.0,4.0
Santadi,2024,5,0.27,0.0002,0.0102,0.0003,1.02,0.005,1.71,0.0577,0.002,4.0
Santadi,2024,6,0.59,0.0003,0.0223,0.0007,1.02,0.005,1.71,0.0577,0.0028,4.0
Santadi,2024,7,2.16,0.0013,0.0809,0.0027,1.02,0.005,1.71,0.0577,0.0056,4.0
Santadi,2024,8,2.79,0.0016,0.1048,0.0035,1.02,0.005,1.71,0.0577,0.0063,4.0
Santadi,2024,9,0.35,0.0002,0.0132,0.0004,1.02,0.005,1.71,0.0577,0.0022,4.0
Santadi,2024,10,0.2,0.0001,0.0076,0.0003,1.02,0.005,1.71,0.0577,0.0017,4.0
Santadi,2024,11,0.0,0.0,0.0001,0.0,1.02,0.005,1.71,0.0577,0.0,4.0
Santadi,2024,12,0.0,0.0,0.0001,0.0,1.02,0.005,1.71,0.0577,0.0,4.0
Santu Lussurgiu,2024,1,0.57,0.0003,0.0259,0.0009,2.59,0.0126,8.74,0.2951,0.0056,4.0
Santu Lussurgiu,2024,2,3.01,0.0018,0.137,0.0045,2.59,0.0126,8.74,0.2951,0.0132,4.0
Santu Lussurgiu,2024,3,3.01,0.0018,0.137,0.0045,2.59,0.0126,8.74,0.2951,0.0132,4.0
Santu Lussurgiu,2024,4,5.27,0.0031,0.2399,0.0079,2.59,0.0126,8.74,0.2951,0.0174,4.0
Santu Lussurgiu,2024,5,7.84,0.0046,0.3564,0.0117,2.59,0.0126,8.74,0.2951,0.0212,4.0
Santu Lussurgiu,2024,6,8.88,0.0052,0.4037,0.0133,2.59,0.0126,8.74,0.2951,0.0225,4.0
Santu Lussurgiu,2024,7,11.79,0.0069,0.5362,0.0177,2.59,0.0126,8.74,0.2951,0.026,4.0
Santu Lussurgiu,2024,8,17.53,0.0102,0.797,0.0262,2.59,0.0126,8.74,0.2951,0.0316,4.0
Santu Lussurgiu,2024,9,12.09,0.0071,0.5498,0.0181,2.59,0.0126,8.74,0.2951,0.0263,4.0
Santu Lussurgiu,2024,10,9.51,0.0056,0.4324,0.0142,2.59,0.0126,8.74,0.2951,0.0233,4.0
Santu Lussurgiu,2024,11,1.93,0.0011,0.0878,0.0029,2.59,0.0126,8.74,0.2951,0.0104,4.0
Santu Lussurgiu,2024,12,1.29,0.0008,0.0587,0.0019,2.59,0.0126,8.74,0.2951,0.0087,4.0
Sardara,2024,1,78.11,0.0457,1.1647,0.0384,6.98,0.0341,31.45,1.0,0.088,4.0
Sardara,2024,2,81.18,0.0475,1.2105,0.0399,6.98,0.0341,31.45,1.0,0.0897,4.0
Sardara,2024,3,75.43,0.0441,1.1247,0.037,6.98,0.0341,31.45,1.0,0.0864,4.0
Sardara,2024,4,60.78,0.0355,0.9063,0.0298,6.98,0.0341,31.45,1.0,0.0775,4.0
Sardara,2024,5,55.6,0.0325,0.829,0.0273,6.98,0.0341,31.45,1.0,0.0742,4.0
Sardara,2024,6,61.78,0.0361,0.9211,0.0303,6.98,0.0341,31.45,1.0,0.0781,4.0
Sardara,2024,7,55.61,0.0325,0.8292,0.0273,6.98,0.0341,31.45,1.0,0.0742,4.0
Sardara,2024,8,92.53,0.0541,1.3797,0.0454,6.98,0.0341,31.45,1.0,0.0957,4.0
Sardara,2024,9,105.67,0.0618,1.5756,0.0519,6.98,0.0341,31.45,1.0,0.1023,4.0
Sardara,2024,10,45.99,0.0269,0.6857,0.0226,6.98,0.0341,31.45,1.0,0.0675,4.0
Sardara,2024,11,43.93,0.0257,0.655,0.0216,6.98,0.0341,31.45,1.0,0.066,4.0
Sardara,2024,12,44.39,0.026,0.6619,0.0218,6.98,0.0341,31.45,1.0,0.0663,4.0
Sarroch,2024,1,2.8,0.0016,0.0381,0.0013,11.4,0.0557,7.16,0.2417,0.0129,4.0
Sarroch,2024,2,4.2,0.0025,0.0573,0.0019,11.4,0.0557,7.16,0.2417,0.0159,4.0
Sarroch,2024,3,5.05,0.003,0.0689,0.0023,11.4,0.0557,7.16,0.2417,0.0175,4.0
Sarroch,2024,4,11.68,0.0068,0.1593,0.0052,11.4,0.0557,7.16,0.2417,0.0263,4.0
Sarroch,2024,5,27.05,0.0158,0.369,0.0122,11.4,0.0557,7.16,0.2417,0.0401,4.0
Sarroch,2024,6,36.57,0.0214,0.499,0.0164,11.4,0.0557,7.16,0.2417,0.0466,4.0
Sarroch,2024,7,62.89,0.0368,0.858,0.0283,11.4,0.0557,7.16,0.2417,0.0612,4.0
Sarroch,2024,8,67.4,0.0394,0.9195,0.0303,11.4,0.0557,7.16,0.2417,0.0633,4.0
Sarroch,2024,9,40.12,0.0235,0.5473,0.018,11.4,0.0557,7.16,0.2417,0.0489,4.0
Sarroch,2024,10,24.32,0.0142,0.3319,0.0109,11.4,0.0557,7.16,0.2417,0.038,4.0
Sarroch,2024,11,8.39,0.0049,0.1144,0.0038,11.4,0.0557,7.16,0.2417,0.0224,4.0
Sarroch,2024,12,7.67,0.0045,0.1046,0.0034,11.4,0.0557,7.16,0.2417,0.0213,4.0
Sarule,2024,1,0.14,0.0001,0.0048,0.0002,0.27,0.0013,8.75,0.2954,0.0017,4.0
Sarule,2024,2,0.13,0.0001,0.0044,0.0001,0.27,0.0013,8.75,0.2954,0.0014,4.0
Sarule,2024,3,0.17,0.0001,0.0061,0.0002,0.27,0.0013,8.75,0.2954,0.0017,4.0
Sarule,2024,4,0.28,0.0002,0.01,0.0003,0.27,0.0013,8.75,0.2954,0.0022,4.0
Sarule,2024,5,0.32,0.0002,0.0111,0.0004,0.27,0.0013,8.75,0.2954,0.0024,4.0
Sarule,2024,6,0.61,0.0004,0.0214,0.0007,0.27,0.0013,8.75,0.2954,0.0032,4.0
Sarule,2024,7,1.91,0.0011,0.0672,0.0022,0.27,0.0013,8.75,0.2954,0.0055,4.0
Sarule,2024,8,2.09,0.0012,0.0737,0.0024,0.27,0.0013,8.75,0.2954,0.0058,4.0
Sarule,2024,9,1.05,0.0006,0.0371,0.0012,0.27,0.0013,8.75,0.2954,0.0041,4.0
Sarule,2024,10,1.01,0.0006,0.0354,0.0012,0.27,0.0013,8.75,0.2954,0.0041,4.0
Sarule,2024,11,0.62,0.0004,0.0219,0.0007,0.27,0.0013,8.75,0.2954,0.0032,4.0
Sarule,2024,12,0.18,0.0001,0.0065,0.0002,0.27,0.0013,8.75,0.2954,0.0017,4.0
Sassari,2024,1,19.25,0.0113,0.087,0.0029,7.05,0.0344,17.73,0.5986,0.0287,4.0
Sassari,2024,2,23.89,0.014,0.108,0.0036,7.05,0.0344,17.73,0.5986,0.0319,4.0
Sassari,2024,3,25.74,0.015,0.1163,0.0038,7.05,0.0344,17.73,0.5986,0.0329,4.0
Sassari,2024,4,28.05,0.0164,0.1268,0.0042,7.05,0.0344,17.73,0.5986,0.0345,4.0
Sassari,2024,5,35.52,0.0208,0.1605,0.0053,7.05,0.0344,17.73,0.5986,0.0388,4.0
Sassari,2024,6,40.84,0.0239,0.1846,0.0061,7.05,0.0344,17.73,0.5986,0.0416,4.0
Sassari,2024,7,48.4,0.0283,0.2188,0.0072,7.05,0.0344,17.73,0.5986,0.0453,4.0
Sassari,2024,8,66.51,0.0389,0.3006,0.0099,7.05,0.0344,17.73,0.5986,0.0531,4.0
Sassari,2024,9,48.87,0.0286,0.2209,0.0073,7.05,0.0344,17.73,0.5986,0.0455,4.0
Sassari,2024,10,45.22,0.0264,0.2044,0.0067,7.05,0.0344,17.73,0.5986,0.0437,4.0
Sassari,2024,11,37.11,0.0217,0.1677,0.0055,7.05,0.0344,17.73,0.5986,0.0396,4.0
Sassari,2024,12,36.87,0.0216,0.1667,0.0055,7.05,0.0344,17.73,0.5986,0.0395,4.0
Scano Di Montiferro,2024,1,0.29,0.0002,0.0126,0.0004,2.76,0.0135,4.97,0.1678,0.0037,4.0
Scano Di Montiferro,2024,2,0.62,0.0004,0.027,0.0009,2.76,0.0135,4.97,0.1678,0.0053,4.0
Scano Di Montiferro,2024,3,0.01,0.0,0.0004,0.0,2.76,0.0135,4.97,0.1678,0.0,4.0
Scano Di Montiferro,2024,4,1.9,0.0011,0.0831,0.0027,2.76,0.0135,4.97,0.1678,0.0091,4.0
Scano Di Montiferro,2024,5,2.32,0.0014,0.1012,0.0033,2.76,0.0135,4.97,0.1678,0.0101,4.0
Scano Di Montiferro,2024,6,5.31,0.0031,0.232,0.0076,2.76,0.0135,4.97,0.1678,0.0152,4.0
Scano Di Montiferro,2024,7,16.17,0.0095,0.7065,0.0233,2.76,0.0135,4.97,0.1678,0.0266,4.0
Scano Di Montiferro,2024,8,15.23,0.0089,0.6654,0.0219,2.76,0.0135,4.97,0.1678,0.0258,4.0
Scano Di Montiferro,2024,9,7.04,0.0041,0.3075,0.0101,2.76,0.0135,4.97,0.1678,0.0175,4.0
Scano Di Montiferro,2024,10,1.24,0.0007,0.0542,0.0018,2.76,0.0135,4.97,0.1678,0.0073,4.0
Scano Di Montiferro,2024,11,0.01,0.0,0.0004,0.0,2.76,0.0135,4.97,0.1678,0.0,4.0
Scano Di Montiferro,2024,12,0.01,0.0,0.0005,0.0,2.76,0.0135,4.97,0.1678,0.0,4.0
Sedilo,2024,1,0.67,0.0004,0.0238,0.0008,0.72,0.0035,8.92,0.3011,0.0043,4.0
Sedilo,2024,2,1.44,0.0008,0.0512,0.0017,0.72,0.0035,8.92,0.3011,0.0062,4.0
Sedilo,2024,3,0.74,0.0004,0.0264,0.0009,0.72,0.0035,8.92,0.3011,0.0044,4.0
Sedilo,2024,4,1.78,0.001,0.0631,0.0021,0.72,0.0035,8.92,0.3011,0.0069,4.0
Sedilo,2024,5,1.53,0.0009,0.0543,0.0018,0.72,0.0035,8.92,0.3011,0.0064,4.0
Sedilo,2024,6,2.07,0.0012,0.0734,0.0024,0.72,0.0035,8.92,0.3011,0.0074,4.0
Sedilo,2024,7,2.92,0.0017,0.1034,0.0034,0.72,0.0035,8.92,0.3011,0.0088,4.0
Sedilo,2024,8,6.39,0.0037,0.2265,0.0075,0.72,0.0035,8.92,0.3011,0.0131,4.0
Sedilo,2024,9,1.77,0.001,0.0626,0.0021,0.72,0.0035,8.92,0.3011,0.0069,4.0
Sedilo,2024,10,1.74,0.001,0.0615,0.002,0.72,0.0035,8.92,0.3011,0.0068,4.0
Sedilo,2024,11,0.95,0.0006,0.0336,0.0011,0.72,0.0035,8.92,0.3011,0.0051,4.0
Sedilo,2024,12,1.27,0.0007,0.045,0.0015,0.72,0.0035,8.92,0.3011,0.0058,4.0
Sedini,2024,1,0.01,0.0,0.0003,0.0,2.0,0.0098,2.94,0.0993,0.0,4.0
Sedini,2024,2,0.01,0.0,0.0003,0.0,2.0,0.0098,2.94,0.0993,0.0,4.0
Sedini,2024,3,0.01,0.0,0.0004,0.0,2.0,0.0098,2.94,0.0993,0.0,4.0
Sedini,2024,4,0.02,0.0,0.0006,0.0,2.0,0.0098,2.94,0.0993,0.0,4.0
Sedini,2024,5,0.02,0.0,0.0007,0.0,2.0,0.0098,2.94,0.0993,0.0,4.0
Sedini,2024,6,2.58,0.0015,0.0856,0.0028,2.0,0.0098,2.94,0.0993,0.008,4.0
Sedini,2024,7,7.83,0.0046,0.2594,0.0085,2.0,0.0098,2.94,0.0993,0.014,4.0
Sedini,2024,8,9.46,0.0055,0.3134,0.0103,2.0,0.0098,2.94,0.0993,0.0153,4.0
Sedini,2024,9,1.44,0.0008,0.0476,0.0016,2.0,0.0098,2.94,0.0993,0.0059,4.0
Sedini,2024,10,0.02,0.0,0.0006,0.0,2.0,0.0098,2.94,0.0993,0.0,4.0
Sedini,2024,11,0.01,0.0,0.0003,0.0,2.0,0.0098,2.94,0.0993,0.0,4.0
Sedini,2024,12,0.01,0.0,0.0004,0.0,2.0,0.0098,2.94,0.0993,0.0,4.0
Segariu,2024,1,,,,,0.0,0.0,,,0.0,1.0
Segariu,2024,2,,,,,0.0,0.0,,,0.0,1.0
Segariu,2024,3,,,,,0.0,0.0,,,0.0,1.0
Segariu,2024,4,,,,,0.0,0.0,,,0.0,1.0
Segariu,2024,5,,,,,0.0,0.0,,,0.0,1.0
Segariu,2024,6,,,,,0.0,0.0,,,0.0,1.0
Segariu,2024,7,,,,,0.0,0.0,,,0.0,1.0
Segariu,2024,8,,,,,0.0,0.0,,,0.0,1.0
Segariu,2024,9,,,,,0.0,0.0,,,0.0,1.0
Segariu,2024,10,,,,,0.0,0.0,,,0.0,1.0
Segariu,2024,11,,,,,0.0,0.0,,,0.0,1.0
Segariu,2024,12,,,,,0.0,0.0,,,0.0,1.0
Selargius,2024,1,42.44,0.0248,0.0398,0.0013,16.53,0.0807,18.85,0.6364,0.0359,4.0
Selargius,2024,2,69.2,0.0405,0.0649,0.0021,16.53,0.0807,18.85,0.6364,0.0457,4.0
Selargius,2024,3,68.11,0.0398,0.0639,0.0021,16.53,0.0807,18.85,0.6364,0.0455,4.0
Selargius,2024,4,92.18,0.0539,0.0865,0.0028,16.53,0.0807,18.85,0.6364,0.0528,4.0
Selargius,2024,5,105.0,0.0614,0.0985,0.0032,16.53,0.0807,18.85,0.6364,0.0564,4.0
Selargius,2024,6,116.4,0.0681,0.1092,0.0036,16.53,0.0807,18.85,0.6364,0.0596,4.0
Selargius,2024,7,148.07,0.0866,0.1389,0.0046,16.53,0.0807,18.85,0.6364,0.0673,4.0
Selargius,2024,8,169.93,0.0993,0.1594,0.0052,16.53,0.0807,18.85,0.6364,0.0718,4.0
Selargius,2024,9,125.51,0.0734,0.1177,0.0039,16.53,0.0807,18.85,0.6364,0.0619,4.0
Selargius,2024,10,90.64,0.053,0.085,0.0028,16.53,0.0807,18.85,0.6364,0.0525,4.0
Selargius,2024,11,62.45,0.0365,0.0586,0.0019,16.53,0.0807,18.85,0.6364,0.0434,4.0
Selargius,2024,12,47.2,0.0276,0.0443,0.0015,16.53,0.0807,18.85,0.6364,0.0382,4.0
Selegas,2024,1,,,,,0.69,0.0034,0.0,0.0,0.0,2.0
Selegas,2024,2,,,,,0.69,0.0034,0.0,0.0,0.0,2.0
Selegas,2024,3,,,,,0.69,0.0034,0.0,0.0,0.0,2.0
Selegas,2024,4,,,,,0.69,0.0034,0.0,0.0,0.0,2.0
Selegas,2024,5,,,,,0.69,0.0034,0.0,0.0,0.0,2.0
Selegas,2024,6,,,,,0.69,0.0034,0.0,0.0,0.0,2.0
Selegas,2024,7,,,,,0.69,0.0034,0.0,0.0,0.0,2.0
Selegas,2024,8,,,,,0.69,0.0034,0.0,0.0,0.0,2.0
Selegas,2024,9,,,,,0.69,0.0034,0.0,0.0,0.0,2.0
Selegas,2024,10,,,,,0.69,0.0034,0.0,0.0,0.0,2.0
Selegas,2024,11,,,,,0.69,0.0034,0.0,0.0,0.0,2.0
Selegas,2024,12,,,,,0.69,0.0034,0.0,0.0,0.0,2.0
Semestene,2024,1,,,,,0.0,0.0,,,0.0,1.0
Semestene,2024,2,,,,,0.0,0.0,,,0.0,1.0
Semestene,2024,3,,,,,0.0,0.0,,,0.0,1.0
Semestene,2024,4,,,,,0.0,0.0,,,0.0,1.0
Semestene,2024,5,,,,,0.0,0.0,,,0.0,1.0
Semestene,2024,6,,,,,0.0,0.0,,,0.0,1.0
Semestene,2024,7,,,,,0.0,0.0,,,0.0,1.0
Semestene,2024,8,,,,,0.0,0.0,,,0.0,1.0
Semestene,2024,9,,,,,0.0,0.0,,,0.0,1.0
Semestene,2024,10,,,,,0.0,0.0,,,0.0,1.0
Semestene,2024,11,,,,,0.0,0.0,,,0.0,1.0
Semestene,2024,12,,,,,0.0,0.0,,,0.0,1.0
Seneghe,2024,1,0.04,0.0,0.0015,0.0,1.52,0.0074,1.58,0.0533,0.0,4.0
Seneghe,2024,2,0.04,0.0,0.0014,0.0,1.52,0.0074,1.58,0.0533,0.0,4.0
Seneghe,2024,3,0.05,0.0,0.0019,0.0001,1.52,0.0074,1.58,0.0533,0.0,4.0
Seneghe,2024,4,0.09,0.0001,0.0031,0.0001,1.52,0.0074,1.58,0.0533,0.0014,4.0
Seneghe,2024,5,0.1,0.0001,0.0035,0.0001,1.52,0.0074,1.58,0.0533,0.0014,4.0
Seneghe,2024,6,0.19,0.0001,0.0067,0.0002,1.52,0.0074,1.58,0.0533,0.0017,4.0
Seneghe,2024,7,2.57,0.0015,0.0918,0.003,1.52,0.0074,1.58,0.0533,0.0065,4.0
Seneghe,2024,8,4.58,0.0027,0.1635,0.0054,1.52,0.0074,1.58,0.0533,0.0087,4.0
Seneghe,2024,9,0.96,0.0006,0.0341,0.0011,1.52,0.0074,1.58,0.0533,0.004,4.0
Seneghe,2024,10,0.09,0.0001,0.0031,0.0001,1.52,0.0074,1.58,0.0533,0.0014,4.0
Seneghe,2024,11,0.05,0.0,0.0016,0.0001,1.52,0.0074,1.58,0.0533,0.0,4.0
Seneghe,2024,12,0.06,0.0,0.002,0.0001,1.52,0.0074,1.58,0.0533,0.0,4.0
Senis,2024,1,,,,,0.0,0.0,,,0.0,1.0
Senis,2024,2,,,,,0.0,0.0,,,0.0,1.0
Senis,2024,3,,,,,0.0,0.0,,,0.0,1.0
Senis,2024,4,,,,,0.0,0.0,,,0.0,1.0
Senis,2024,5,,,,,0.0,0.0,,,0.0,1.0
Senis,2024,6,,,,,0.0,0.0,,,0.0,1.0
Senis,2024,7,,,,,0.0,0.0,,,0.0,1.0
Senis,2024,8,,,,,0.0,0.0,,,0.0,1.0
Senis,2024,9,,,,,0.0,0.0,,,0.0,1.0
Senis,2024,10,,,,,0.0,0.0,,,0.0,1.0
Senis,2024,11,,,,,0.0,0.0,,,0.0,1.0
Senis,2024,12,,,,,0.0,0.0,,,0.0,1.0
Sennariolo,2024,1,0.02,0.0,0.0022,0.0001,4.17,0.0204,6.06,0.2046,0.0,4.0
Sennariolo,2024,2,0.02,0.0,0.0021,0.0001,4.17,0.0204,6.06,0.2046,0.0,4.0
Sennariolo,2024,3,0.03,0.0,0.0028,0.0001,4.17,0.0204,6.06,0.2046,0.0,4.0
Sennariolo,2024,4,1.31,0.0008,0.1354,0.0045,4.17,0.0204,6.06,0.2046,0.0111,4.0
Sennariolo,2024,5,1.63,0.001,0.1686,0.0056,4.17,0.0204,6.06,0.2046,0.0124,4.0
Sennariolo,2024,6,12.98,0.0076,1.3433,0.0442,4.17,0.0204,6.06,0.2046,0.0344,4.0
Sennariolo,2024,7,25.2,0.0147,2.6083,0.0859,4.17,0.0204,6.06,0.2046,0.0479,4.0
Sennariolo,2024,8,42.56,0.0249,4.4059,0.1451,4.17,0.0204,6.06,0.2046,0.0623,4.0
Sennariolo,2024,9,8.41,0.0049,0.8703,0.0287,4.17,0.0204,6.06,0.2046,0.0277,4.0
Sennariolo,2024,10,0.04,0.0,0.0046,0.0002,4.17,0.0204,6.06,0.2046,0.0,4.0
Sennariolo,2024,11,0.02,0.0,0.0024,0.0001,4.17,0.0204,6.06,0.2046,0.0,4.0
Sennariolo,2024,12,0.03,0.0,0.003,0.0001,4.17,0.0204,6.06,0.2046,0.0,4.0
Sennori,2024,1,0.03,0.0,0.0001,0.0,5.27,0.0257,4.28,0.1445,0.0,4.0
Sennori,2024,2,0.03,0.0,0.0001,0.0,5.27,0.0257,4.28,0.1445,0.0,4.0
Sennori,2024,3,0.04,0.0,0.0002,0.0,5.27,0.0257,4.28,0.1445,0.0,4.0
Sennori,2024,4,0.06,0.0,0.0003,0.0,5.27,0.0257,4.28,0.1445,0.0,4.0
Sennori,2024,5,0.07,0.0,0.0003,0.0,5.27,0.0257,4.28,0.1445,0.0,4.0
Sennori,2024,6,5.47,0.0032,0.0248,0.0008,5.27,0.0257,4.28,0.1445,0.0099,4.0
Sennori,2024,7,19.86,0.0116,0.0901,0.003,5.27,0.0257,4.28,0.1445,0.019,4.0
Sennori,2024,8,34.94,0.0204,0.1585,0.0052,5.27,0.0257,4.28,0.1445,0.0251,4.0
Sennori,2024,9,9.55,0.0056,0.0433,0.0014,5.27,0.0257,4.28,0.1445,0.0131,4.0
Sennori,2024,10,3.92,0.0023,0.0178,0.0006,5.27,0.0257,4.28,0.1445,0.0085,4.0
Sennori,2024,11,4.73,0.0028,0.0214,0.0007,5.27,0.0257,4.28,0.1445,0.0092,4.0
Sennori,2024,12,3.74,0.0022,0.017,0.0006,5.27,0.0257,4.28,0.1445,0.0084,4.0
Senorbì,2024,1,1.12,0.0007,0.0081,0.0003,2.48,0.0121,6.32,0.2134,0.0048,4.0
Senorbì,2024,2,2.39,0.0014,0.0173,0.0006,2.48,0.0121,6.32,0.2134,0.0068,4.0
Senorbì,2024,3,3.54,0.0021,0.0257,0.0008,2.48,0.0121,6.32,0.2134,0.0081,4.0
Senorbì,2024,4,3.2,0.0019,0.0232,0.0008,2.48,0.0121,6.32,0.2134,0.0079,4.0
Senorbì,2024,5,4.69,0.0027,0.034,0.0011,2.48,0.0121,6.32,0.2134,0.0094,4.0
Senorbì,2024,6,4.49,0.0026,0.0325,0.0011,2.48,0.0121,6.32,0.2134,0.0093,4.0
Senorbì,2024,7,2.59,0.0015,0.0188,0.0006,2.48,0.0121,6.32,0.2134,0.0069,4.0
Senorbì,2024,8,7.11,0.0042,0.0515,0.0017,2.48,0.0121,6.32,0.2134,0.0117,4.0
Senorbì,2024,9,9.27,0.0054,0.0672,0.0022,2.48,0.0121,6.32,0.2134,0.0132,4.0
Senorbì,2024,10,10.74,0.0063,0.0778,0.0026,2.48,0.0121,6.32,0.2134,0.0143,4.0
Senorbì,2024,11,4.69,0.0027,0.034,0.0011,2.48,0.0121,6.32,0.2134,0.0094,4.0
Senorbì,2024,12,3.31,0.0019,0.024,0.0008,2.48,0.0121,6.32,0.2134,0.0079,4.0
Serdiana,2024,1,0.02,0.0,0.0004,0.0,0.52,0.0025,1.54,0.052,0.0,4.0
Serdiana,2024,2,0.02,0.0,0.0004,0.0,0.52,0.0025,1.54,0.052,0.0,4.0
Serdiana,2024,3,0.03,0.0,0.0006,0.0,0.52,0.0025,1.54,0.052,0.0,4.0
Serdiana,2024,4,0.04,0.0,0.0009,0.0,0.52,0.0025,1.54,0.052,0.0,4.0
Serdiana,2024,5,0.63,0.0004,0.0131,0.0004,0.52,0.0025,1.54,0.052,0.0021,4.0
Serdiana,2024,6,0.56,0.0003,0.0118,0.0004,0.52,0.0025,1.54,0.052,0.002,4.0
Serdiana,2024,7,0.13,0.0001,0.0026,0.0001,0.52,0.0025,1.54,0.052,0.0011,4.0
Serdiana,2024,8,0.13,0.0001,0.0027,0.0001,0.52,0.0025,1.54,0.052,0.0011,4.0
Serdiana,2024,9,0.74,0.0004,0.0155,0.0005,0.52,0.0025,1.54,0.052,0.0023,4.0
Serdiana,2024,10,0.6,0.0004,0.0126,0.0004,0.52,0.0025,1.54,0.052,0.0021,4.0
Serdiana,2024,11,0.02,0.0,0.0005,0.0,0.52,0.0025,1.54,0.052,0.0,4.0
Serdiana,2024,12,0.03,0.0,0.0006,0.0,0.52,0.0025,1.54,0.052,0.0,4.0
Serramanna,2024,1,0.01,0.0,0.0001,0.0,0.36,0.0018,7.25,0.2448,0.0,4.0
Serramanna,2024,2,0.01,0.0,0.0001,0.0,0.36,0.0018,7.25,0.2448,0.0,4.0
Serramanna,2024,3,0.08,0.0,0.0008,0.0,0.36,0.0018,7.25,0.2448,0.0,4.0
Serramanna,2024,4,0.17,0.0001,0.0017,0.0001,0.36,0.0018,7.25,0.2448,0.0014,4.0
Serramanna,2024,5,0.22,0.0001,0.0022,0.0001,0.36,0.0018,7.25,0.2448,0.0014,4.0
Serramanna,2024,6,1.64,0.001,0.0162,0.0005,0.36,0.0018,7.25,0.2448,0.0039,4.0
Serramanna,2024,7,3.21,0.0019,0.0317,0.001,0.36,0.0018,7.25,0.2448,0.0054,4.0
Serramanna,2024,8,3.33,0.0019,0.0329,0.0011,0.36,0.0018,7.25,0.2448,0.0055,4.0
Serramanna,2024,9,0.72,0.0004,0.0071,0.0002,0.36,0.0018,7.25,0.2448,0.0024,4.0
Serramanna,2024,10,0.03,0.0,0.0003,0.0,0.36,0.0018,7.25,0.2448,0.0,4.0
Serramanna,2024,11,0.02,0.0,0.0002,0.0,0.36,0.0018,7.25,0.2448,0.0,4.0
Serramanna,2024,12,0.02,0.0,0.0002,0.0,0.36,0.0018,7.25,0.2448,0.0,4.0
Serrenti,2024,1,0.46,0.0003,0.0044,0.0001,0.49,0.0024,1.45,0.049,0.0014,4.0
Serrenti,2024,2,0.06,0.0,0.0006,0.0,0.49,0.0024,1.45,0.049,0.0,4.0
Serrenti,2024,3,0.08,0.0,0.0008,0.0,0.49,0.0024,1.45,0.049,0.0,4.0
Serrenti,2024,4,0.23,0.0001,0.0022,0.0001,0.49,0.0024,1.45,0.049,0.001,4.0
Serrenti,2024,5,0.15,0.0001,0.0014,0.0,0.49,0.0024,1.45,0.049,0.0,4.0
Serrenti,2024,6,0.29,0.0002,0.0028,0.0001,0.49,0.0024,1.45,0.049,0.0012,4.0
Serrenti,2024,7,0.4,0.0002,0.0038,0.0001,0.49,0.0024,1.45,0.049,0.0012,4.0
Serrenti,2024,8,0.4,0.0002,0.0038,0.0001,0.49,0.0024,1.45,0.049,0.0012,4.0
Serrenti,2024,9,0.22,0.0001,0.0021,0.0001,0.49,0.0024,1.45,0.049,0.001,4.0
Serrenti,2024,10,0.14,0.0001,0.0013,0.0,0.49,0.0024,1.45,0.049,0.0,4.0
Serrenti,2024,11,0.07,0.0,0.0007,0.0,0.49,0.0024,1.45,0.049,0.0,4.0
Serrenti,2024,12,0.09,0.0001,0.0008,0.0,0.49,0.0024,1.45,0.049,0.0,4.0
Serri,2024,1,0.06,0.0,0.002,0.0001,1.47,0.0072,5.92,0.1999,0.0,4.0
Serri,2024,2,0.06,0.0,0.0019,0.0001,1.47,0.0072,5.92,0.1999,0.0,4.0
Serri,2024,3,1.91,0.0011,0.0604,0.002,1.47,0.0072,5.92,0.1999,0.0075,4.0
Serri,2024,4,3.85,0.0023,0.1216,0.004,1.47,0.0072,5.92,0.1999,0.0107,4.0
Serri,2024,5,3.39,0.002,0.1071,0.0035,1.47,0.0072,5.92,0.1999,0.01,4.0
Serri,2024,6,3.95,0.0023,0.1247,0.0041,1.47,0.0072,5.92,0.1999,0.0108,4.0
Serri,2024,7,3.58,0.0021,0.113,0.0037,1.47,0.0072,5.92,0.1999,0.0103,4.0
Serri,2024,8,3.69,0.0022,0.1164,0.0038,1.47,0.0072,5.92,0.1999,0.0105,4.0
Serri,2024,9,4.67,0.0027,0.1473,0.0049,1.47,0.0072,5.92,0.1999,0.0117,4.0
Serri,2024,10,3.53,0.0021,0.1116,0.0037,1.47,0.0072,5.92,0.1999,0.0103,4.0
Serri,2024,11,2.06,0.0012,0.065,0.0021,1.47,0.0072,5.92,0.1999,0.0078,4.0
Serri,2024,12,0.92,0.0005,0.0291,0.001,1.47,0.0072,5.92,0.1999,0.0052,4.0
Sestu,2024,1,8.08,0.0047,0.0188,0.0006,5.25,0.0256,8.87,0.2995,0.0121,4.0
Sestu,2024,2,5.35,0.0031,0.0125,0.0004,5.25,0.0256,8.87,0.2995,0.0099,4.0
Sestu,2024,3,7.03,0.0041,0.0164,0.0005,5.25,0.0256,8.87,0.2995,0.0112,4.0
Sestu,2024,4,10.4,0.0061,0.0242,0.0008,5.25,0.0256,8.87,0.2995,0.0139,4.0
Sestu,2024,5,10.09,0.0059,0.0235,0.0008,5.25,0.0256,8.87,0.2995,0.0138,4.0
Sestu,2024,6,19.52,0.0114,0.0454,0.0015,5.25,0.0256,8.87,0.2995,0.019,4.0
Sestu,2024,7,32.67,0.0191,0.076,0.0025,5.25,0.0256,8.87,0.2995,0.0246,4.0
Sestu,2024,8,43.42,0.0254,0.101,0.0033,5.25,0.0256,8.87,0.2995,0.0283,4.0
Sestu,2024,9,18.98,0.0111,0.0442,0.0015,5.25,0.0256,8.87,0.2995,0.0189,4.0
Sestu,2024,10,6.37,0.0037,0.0148,0.0005,5.25,0.0256,8.87,0.2995,0.0109,4.0
Sestu,2024,11,4.03,0.0024,0.0094,0.0003,5.25,0.0256,8.87,0.2995,0.0086,4.0
Sestu,2024,12,4.09,0.0024,0.0095,0.0003,5.25,0.0256,8.87,0.2995,0.0086,4.0
Settimo San Pietro,2024,1,0.43,0.0003,0.0014,0.0,2.34,0.0114,2.42,0.0817,0.0,4.0
Settimo San Pietro,2024,2,1.08,0.0006,0.0036,0.0001,2.34,0.0114,2.42,0.0817,0.0027,4.0
Settimo San Pietro,2024,3,0.82,0.0005,0.0027,0.0001,2.34,0.0114,2.42,0.0817,0.0026,4.0
Settimo San Pietro,2024,4,1.6,0.0009,0.0053,0.0002,2.34,0.0114,2.42,0.0817,0.0036,4.0
Settimo San Pietro,2024,5,0.56,0.0003,0.0019,0.0001,2.34,0.0114,2.42,0.0817,0.0023,4.0
Settimo San Pietro,2024,6,1.65,0.001,0.0055,0.0002,2.34,0.0114,2.42,0.0817,0.0037,4.0
Settimo San Pietro,2024,7,3.9,0.0023,0.0129,0.0004,2.34,0.0114,2.42,0.0817,0.0054,4.0
Settimo San Pietro,2024,8,6.06,0.0035,0.0201,0.0007,2.34,0.0114,2.42,0.0817,0.0069,4.0
Settimo San Pietro,2024,9,0.95,0.0006,0.0032,0.0001,2.34,0.0114,2.42,0.0817,0.0027,4.0
Settimo San Pietro,2024,10,0.91,0.0005,0.003,0.0001,2.34,0.0114,2.42,0.0817,0.0026,4.0
Settimo San Pietro,2024,11,0.91,0.0005,0.003,0.0001,2.34,0.0114,2.42,0.0817,0.0026,4.0
Settimo San Pietro,2024,12,1.78,0.001,0.0059,0.0002,2.34,0.0114,2.42,0.0817,0.0037,4.0
Setzu,2024,1,,,,,0.0,0.0,,,0.0,1.0
Setzu,2024,2,,,,,0.0,0.0,,,0.0,1.0
Setzu,2024,3,,,,,0.0,0.0,,,0.0,1.0
Setzu,2024,4,,,,,0.0,0.0,,,0.0,1.0
Setzu,2024,5,,,,,0.0,0.0,,,0.0,1.0
Setzu,2024,6,,,,,0.0,0.0,,,0.0,1.0
Setzu,2024,7,,,,,0.0,0.0,,,0.0,1.0
Setzu,2024,8,,,,,0.0,0.0,,,0.0,1.0
Setzu,2024,9,,,,,0.0,0.0,,,0.0,1.0
Setzu,2024,10,,,,,0.0,0.0,,,0.0,1.0
Setzu,2024,11,,,,,0.0,0.0,,,0.0,1.0
Setzu,2024,12,,,,,0.0,0.0,,,0.0,1.0
Seui,2024,1,,,,,0.16,0.0008,0.0,0.0,0.0,2.0
Seui,2024,2,,,,,0.16,0.0008,0.0,0.0,0.0,2.0
Seui,2024,3,,,,,0.16,0.0008,0.0,0.0,0.0,2.0
Seui,2024,4,,,,,0.16,0.0008,0.0,0.0,0.0,2.0
Seui,2024,5,,,,,0.16,0.0008,0.0,0.0,0.0,2.0
Seui,2024,6,,,,,0.16,0.0008,0.0,0.0,0.0,2.0
Seui,2024,7,,,,,0.16,0.0008,0.0,0.0,0.0,2.0
Seui,2024,8,,,,,0.16,0.0008,0.0,0.0,0.0,2.0
Seui,2024,9,,,,,0.16,0.0008,0.0,0.0,0.0,2.0
Seui,2024,10,,,,,0.16,0.0008,0.0,0.0,0.0,2.0
Seui,2024,11,,,,,0.16,0.0008,0.0,0.0,0.0,2.0
Seui,2024,12,,,,,0.16,0.0008,0.0,0.0,0.0,2.0
Seulo,2024,1,0.01,0.0,0.0006,0.0,1.42,0.0069,5.08,0.1715,0.0,4.0
Seulo,2024,2,0.01,0.0,0.0006,0.0,1.42,0.0069,5.08,0.1715,0.0,4.0
Seulo,2024,3,1.38,0.0008,0.1055,0.0035,1.42,0.0069,5.08,0.1715,0.0076,4.0
Seulo,2024,4,2.61,0.0015,0.199,0.0066,1.42,0.0069,5.08,0.1715,0.0104,4.0
Seulo,2024,5,3.81,0.0022,0.2909,0.0096,1.42,0.0069,5.08,0.1715,0.0126,4.0
Seulo,2024,6,3.2,0.0019,0.2445,0.0081,1.42,0.0069,5.08,0.1715,0.0116,4.0
Seulo,2024,7,1.98,0.0012,0.1512,0.005,1.42,0.0069,5.08,0.1715,0.0092,4.0
Seulo,2024,8,5.03,0.0029,0.3838,0.0126,1.42,0.0069,5.08,0.1715,0.0144,4.0
Seulo,2024,9,2.4,0.0014,0.1831,0.006,1.42,0.0069,5.08,0.1715,0.01,4.0
Seulo,2024,10,1.34,0.0008,0.1021,0.0034,1.42,0.0069,5.08,0.1715,0.0075,4.0
Seulo,2024,11,4.44,0.0026,0.3392,0.0112,1.42,0.0069,5.08,0.1715,0.0136,4.0
Seulo,2024,12,0.15,0.0001,0.0112,0.0004,1.42,0.0069,5.08,0.1715,0.0026,4.0
Siamaggiore,2024,1,0.08,0.0,0.0011,0.0,3.81,0.0186,18.04,0.609,0.0,4.0
Siamaggiore,2024,2,0.07,0.0,0.0011,0.0,3.81,0.0186,18.04,0.609,0.0,4.0
Siamaggiore,2024,3,0.1,0.0001,0.0015,0.0,3.81,0.0186,18.04,0.609,0.0,4.0
Siamaggiore,2024,4,10.51,0.0061,0.1594,0.0052,3.81,0.0186,18.04,0.609,0.0245,4.0
Siamaggiore,2024,5,23.78,0.0139,0.3606,0.0119,3.81,0.0186,18.04,0.609,0.037,4.0
Siamaggiore,2024,6,34.83,0.0204,0.5282,0.0174,3.81,0.0186,18.04,0.609,0.0448,4.0
Siamaggiore,2024,7,65.11,0.0381,0.9873,0.0325,3.81,0.0186,18.04,0.609,0.0612,4.0
Siamaggiore,2024,8,82.86,0.0484,1.2565,0.0414,3.81,0.0186,18.04,0.609,0.069,4.0
Siamaggiore,2024,9,32.77,0.0192,0.497,0.0164,3.81,0.0186,18.04,0.609,0.0435,4.0
Siamaggiore,2024,10,0.46,0.0003,0.007,0.0002,3.81,0.0186,18.04,0.609,0.0051,4.0
Siamaggiore,2024,11,0.08,0.0,0.0012,0.0,3.81,0.0186,18.04,0.609,0.0,4.0
Siamaggiore,2024,12,0.1,0.0001,0.0015,0.0,3.81,0.0186,18.04,0.609,0.0,4.0
Siamanna,2024,1,0.09,0.0001,0.0032,0.0001,0.6,0.0029,3.51,0.1185,0.0014,4.0
Siamanna,2024,2,0.08,0.0,0.003,0.0001,0.6,0.0029,3.51,0.1185,0.0,4.0
Siamanna,2024,3,0.11,0.0001,0.0041,0.0001,0.6,0.0029,3.51,0.1185,0.0014,4.0
Siamanna,2024,4,0.18,0.0001,0.0068,0.0002,0.6,0.0029,3.51,0.1185,0.0016,4.0
Siamanna,2024,5,0.2,0.0001,0.0076,0.0003,0.6,0.0029,3.51,0.1185,0.0018,4.0
Siamanna,2024,6,0.39,0.0002,0.0146,0.0005,0.6,0.0029,3.51,0.1185,0.0024,4.0
Siamanna,2024,7,2.89,0.0017,0.1089,0.0036,0.6,0.0029,3.51,0.1185,0.0068,4.0
Siamanna,2024,8,0.53,0.0003,0.0201,0.0007,0.6,0.0029,3.51,0.1185,0.0029,4.0
Siamanna,2024,9,0.29,0.0002,0.0111,0.0004,0.6,0.0029,3.51,0.1185,0.0023,4.0
Siamanna,2024,10,2.72,0.0016,0.1025,0.0034,0.6,0.0029,3.51,0.1185,0.0066,4.0
Siamanna,2024,11,0.09,0.0001,0.0035,0.0001,0.6,0.0029,3.51,0.1185,0.0014,4.0
Siamanna,2024,12,0.12,0.0001,0.0044,0.0001,0.6,0.0029,3.51,0.1185,0.0014,4.0
Siapiccia,2024,1,,,,,0.22,0.0011,0.0,0.0,0.0,2.0
Siapiccia,2024,2,,,,,0.22,0.0011,0.0,0.0,0.0,2.0
Siapiccia,2024,3,,,,,0.22,0.0011,0.0,0.0,0.0,2.0
Siapiccia,2024,4,,,,,0.22,0.0011,0.0,0.0,0.0,2.0
Siapiccia,2024,5,,,,,0.22,0.0011,0.0,0.0,0.0,2.0
Siapiccia,2024,6,,,,,0.22,0.0011,0.0,0.0,0.0,2.0
Siapiccia,2024,7,,,,,0.22,0.0011,0.0,0.0,0.0,2.0
Siapiccia,2024,8,,,,,0.22,0.0011,0.0,0.0,0.0,2.0
Siapiccia,2024,9,,,,,0.22,0.0011,0.0,0.0,0.0,2.0
Siapiccia,2024,10,,,,,0.22,0.0011,0.0,0.0,0.0,2.0
Siapiccia,2024,11,,,,,0.22,0.0011,0.0,0.0,0.0,2.0
Siapiccia,2024,12,,,,,0.22,0.0011,0.0,0.0,0.0,2.0
Siddi,2024,1,0.01,0.0,0.0002,0.0,0.89,0.0043,0.69,0.0233,0.0,4.0
Siddi,2024,2,0.01,0.0,0.0002,0.0,0.89,0.0043,0.69,0.0233,0.0,4.0
Siddi,2024,3,0.01,0.0,0.0002,0.0,0.89,0.0043,0.69,0.0233,0.0,4.0
Siddi,2024,4,0.02,0.0,0.0004,0.0,0.89,0.0043,0.69,0.0233,0.0,4.0
Siddi,2024,5,0.02,0.0,0.0004,0.0,0.89,0.0043,0.69,0.0233,0.0,4.0
Siddi,2024,6,0.04,0.0,0.0008,0.0,0.89,0.0043,0.69,0.0233,0.0,4.0
Siddi,2024,7,0.05,0.0,0.001,0.0,0.89,0.0043,0.69,0.0233,0.0,4.0
Siddi,2024,8,0.05,0.0,0.001,0.0,0.89,0.0043,0.69,0.0233,0.0,4.0
Siddi,2024,9,0.03,0.0,0.0006,0.0,0.89,0.0043,0.69,0.0233,0.0,4.0
Siddi,2024,10,0.64,0.0004,0.0129,0.0004,0.89,0.0043,0.69,0.0233,0.002,4.0
Siddi,2024,11,1.35,0.0008,0.027,0.0009,0.89,0.0043,0.69,0.0233,0.0029,4.0
Siddi,2024,12,0.01,0.0,0.0002,0.0,0.89,0.0043,0.69,0.0233,0.0,4.0
Silanus,2024,1,0.01,0.0,0.0003,0.0,0.37,0.0018,0.27,0.0091,0.0,4.0
Silanus,2024,2,0.01,0.0,0.0003,0.0,0.37,0.0018,0.27,0.0091,0.0,4.0
Silanus,2024,3,0.01,0.0,0.0004,0.0,0.37,0.0018,0.27,0.0091,0.0,4.0
Silanus,2024,4,0.02,0.0,0.0006,0.0,0.37,0.0018,0.27,0.0091,0.0,4.0
Silanus,2024,5,0.03,0.0,0.0007,0.0,0.37,0.0018,0.27,0.0091,0.0,4.0
Silanus,2024,6,0.05,0.0,0.0013,0.0,0.37,0.0018,0.27,0.0091,0.0,4.0
Silanus,2024,7,0.07,0.0,0.0017,0.0001,0.37,0.0018,0.27,0.0091,0.0,4.0
Silanus,2024,8,0.07,0.0,0.0018,0.0001,0.37,0.0018,0.27,0.0091,0.0,4.0
Silanus,2024,9,0.04,0.0,0.001,0.0,0.37,0.0018,0.27,0.0091,0.0,4.0
Silanus,2024,10,0.02,0.0,0.0006,0.0,0.37,0.0018,0.27,0.0091,0.0,4.0
Silanus,2024,11,0.01,0.0,0.0003,0.0,0.37,0.0018,0.27,0.0091,0.0,4.0
Silanus,2024,12,0.02,0.0,0.0004,0.0,0.37,0.0018,0.27,0.0091,0.0,4.0
Siligo,2024,1,,,,,0.0,0.0,,,0.0,1.0
Siligo,2024,2,,,,,0.0,0.0,,,0.0,1.0
Siligo,2024,3,,,,,0.0,0.0,,,0.0,1.0
Siligo,2024,4,,,,,0.0,0.0,,,0.0,1.0
Siligo,2024,5,,,,,0.0,0.0,,,0.0,1.0
Siligo,2024,6,,,,,0.0,0.0,,,0.0,1.0
Siligo,2024,7,,,,,0.0,0.0,,,0.0,1.0
Siligo,2024,8,,,,,0.0,0.0,,,0.0,1.0
Siligo,2024,9,,,,,0.0,0.0,,,0.0,1.0
Siligo,2024,10,,,,,0.0,0.0,,,0.0,1.0
Siligo,2024,11,,,,,0.0,0.0,,,0.0,1.0
Siligo,2024,12,,,,,0.0,0.0,,,0.0,1.0
Siliqua,2024,1,0.0,0.0,0.0001,0.0,0.1,0.0005,4.17,0.1408,0.0,4.0
Siliqua,2024,2,0.03,0.0,0.0018,0.0001,0.1,0.0005,4.17,0.1408,0.0,4.0
Siliqua,2024,3,0.06,0.0,0.0032,0.0001,0.1,0.0005,4.17,0.1408,0.0,4.0
Siliqua,2024,4,0.09,0.0001,0.0047,0.0002,0.1,0.0005,4.17,0.1408,0.0011,4.0
Siliqua,2024,5,0.12,0.0001,0.0065,0.0002,0.1,0.0005,4.17,0.1408,0.0011,4.0
Siliqua,2024,6,0.26,0.0002,0.014,0.0005,0.1,0.0005,4.17,0.1408,0.0016,4.0
Siliqua,2024,7,0.3,0.0002,0.0159,0.0005,0.1,0.0005,4.17,0.1408,0.0016,4.0
Siliqua,2024,8,0.38,0.0002,0.0204,0.0007,0.1,0.0005,4.17,0.1408,0.0018,4.0
Siliqua,2024,9,0.27,0.0002,0.0148,0.0005,0.1,0.0005,4.17,0.1408,0.0016,4.0
Siliqua,2024,10,0.0,0.0,0.0002,0.0,0.1,0.0005,4.17,0.1408,0.0,4.0
Siliqua,2024,11,0.0,0.0,0.0001,0.0,0.1,0.0005,4.17,0.1408,0.0,4.0
Siliqua,2024,12,0.0,0.0,0.0001,0.0,0.1,0.0005,4.17,0.1408,0.0,4.0
Silius,2024,1,0.02,0.0,0.0008,0.0,0.05,0.0002,9.73,0.3285,0.0,4.0
Silius,2024,2,0.02,0.0,0.0008,0.0,0.05,0.0002,9.73,0.3285,0.0,4.0
Silius,2024,3,0.03,0.0,0.001,0.0,0.05,0.0002,9.73,0.3285,0.0,4.0
Silius,2024,4,0.05,0.0,0.0017,0.0001,0.05,0.0002,9.73,0.3285,0.0,4.0
Silius,2024,5,0.05,0.0,0.0019,0.0001,0.05,0.0002,9.73,0.3285,0.0,4.0
Silius,2024,6,0.1,0.0001,0.0037,0.0001,0.05,0.0002,9.73,0.3285,0.0009,4.0
Silius,2024,7,0.13,0.0001,0.005,0.0002,0.05,0.0002,9.73,0.3285,0.0011,4.0
Silius,2024,8,1.28,0.0007,0.0484,0.0016,0.05,0.0002,9.73,0.3285,0.0029,4.0
Silius,2024,9,0.07,0.0,0.0028,0.0001,0.05,0.0002,9.73,0.3285,0.0,4.0
Silius,2024,10,0.05,0.0,0.0017,0.0001,0.05,0.0002,9.73,0.3285,0.0,4.0
Silius,2024,11,0.02,0.0,0.0009,0.0,0.05,0.0002,9.73,0.3285,0.0,4.0
Silius,2024,12,0.03,0.0,0.0011,0.0,0.05,0.0002,9.73,0.3285,0.0,4.0
Simala,2024,1,,,,,0.0,0.0,,,0.0,1.0
Simala,2024,2,,,,,0.0,0.0,,,0.0,1.0
Simala,2024,3,,,,,0.0,0.0,,,0.0,1.0
Simala,2024,4,,,,,0.0,0.0,,,0.0,1.0
Simala,2024,5,,,,,0.0,0.0,,,0.0,1.0
Simala,2024,6,,,,,0.0,0.0,,,0.0,1.0
Simala,2024,7,,,,,0.0,0.0,,,0.0,1.0
Simala,2024,8,,,,,0.0,0.0,,,0.0,1.0
Simala,2024,9,,,,,0.0,0.0,,,0.0,1.0
Simala,2024,10,,,,,0.0,0.0,,,0.0,1.0
Simala,2024,11,,,,,0.0,0.0,,,0.0,1.0
Simala,2024,12,,,,,0.0,0.0,,,0.0,1.0
Simaxis,2024,1,0.37,0.0002,0.0049,0.0002,1.19,0.0058,5.67,0.1914,0.0026,4.0
Simaxis,2024,2,0.04,0.0,0.0006,0.0,1.19,0.0058,5.67,0.1914,0.0,4.0
Simaxis,2024,3,0.06,0.0,0.0008,0.0,1.19,0.0058,5.67,0.1914,0.0,4.0
Simaxis,2024,4,0.1,0.0001,0.0013,0.0,1.19,0.0058,5.67,0.1914,0.0,4.0
Simaxis,2024,5,2.13,0.0012,0.0281,0.0009,1.19,0.0058,5.67,0.1914,0.0059,4.0
Simaxis,2024,6,3.5,0.002,0.0462,0.0015,1.19,0.0058,5.67,0.1914,0.0076,4.0
Simaxis,2024,7,4.4,0.0026,0.0581,0.0019,1.19,0.0058,5.67,0.1914,0.0086,4.0
Simaxis,2024,8,8.01,0.0047,0.1058,0.0035,1.19,0.0058,5.67,0.1914,0.0116,4.0
Simaxis,2024,9,3.34,0.002,0.0441,0.0015,1.19,0.0058,5.67,0.1914,0.0076,4.0
Simaxis,2024,10,2.55,0.0015,0.0337,0.0011,1.19,0.0058,5.67,0.1914,0.0065,4.0
Simaxis,2024,11,0.05,0.0,0.0007,0.0,1.19,0.0058,5.67,0.1914,0.0,4.0
Simaxis,2024,12,0.06,0.0,0.0009,0.0,1.19,0.0058,5.67,0.1914,0.0,4.0
Sindia,2024,1,,,,,1.11,0.0054,0.0,0.0,0.0,2.0
Sindia,2024,2,,,,,1.11,0.0054,0.0,0.0,0.0,2.0
Sindia,2024,3,,,,,1.11,0.0054,0.0,0.0,0.0,2.0
Sindia,2024,4,,,,,1.11,0.0054,0.0,0.0,0.0,2.0
Sindia,2024,5,,,,,1.11,0.0054,0.0,0.0,0.0,2.0
Sindia,2024,6,,,,,1.11,0.0054,0.0,0.0,0.0,2.0
Sindia,2024,7,,,,,1.11,0.0054,0.0,0.0,0.0,2.0
Sindia,2024,8,,,,,1.11,0.0054,0.0,0.0,0.0,2.0
Sindia,2024,9,,,,,1.11,0.0054,0.0,0.0,0.0,2.0
Sindia,2024,10,,,,,1.11,0.0054,0.0,0.0,0.0,2.0
Sindia,2024,11,,,,,1.11,0.0054,0.0,0.0,0.0,2.0
Sindia,2024,12,,,,,1.11,0.0054,0.0,0.0,0.0,2.0
Sini,2024,1,0.11,0.0001,0.002,0.0001,0.79,0.0039,1.76,0.0594,0.0012,4.0
Sini,2024,2,0.1,0.0001,0.0019,0.0001,0.79,0.0039,1.76,0.0594,0.0012,4.0
Sini,2024,3,0.14,0.0001,0.0026,0.0001,0.79,0.0039,1.76,0.0594,0.0012,4.0
Sini,2024,4,1.7,0.001,0.0305,0.001,0.79,0.0039,1.76,0.0594,0.0039,4.0
Sini,2024,5,0.26,0.0002,0.0047,0.0002,0.79,0.0039,1.76,0.0594,0.0017,4.0
Sini,2024,6,0.5,0.0003,0.009,0.0003,0.79,0.0039,1.76,0.0594,0.0021,4.0
Sini,2024,7,0.68,0.0004,0.0122,0.0004,0.79,0.0039,1.76,0.0594,0.0025,4.0
Sini,2024,8,0.69,0.0004,0.0124,0.0004,0.79,0.0039,1.76,0.0594,0.0025,4.0
Sini,2024,9,0.38,0.0002,0.0069,0.0002,0.79,0.0039,1.76,0.0594,0.0017,4.0
Sini,2024,10,0.23,0.0001,0.0042,0.0001,0.79,0.0039,1.76,0.0594,0.0012,4.0
Sini,2024,11,0.12,0.0001,0.0022,0.0001,0.79,0.0039,1.76,0.0594,0.0012,4.0
Sini,2024,12,0.15,0.0001,0.0027,0.0001,0.79,0.0039,1.76,0.0594,0.0012,4.0
Siniscola,2024,1,0.73,0.0004,0.0128,0.0004,26.09,0.1274,6.8,0.2296,0.0083,4.0
Siniscola,2024,2,0.77,0.0005,0.0135,0.0004,26.09,0.1274,6.8,0.2296,0.0087,4.0
Siniscola,2024,3,1.19,0.0007,0.021,0.0007,26.09,0.1274,6.8,0.2296,0.0109,4.0
Siniscola,2024,4,5.86,0.0034,0.1031,0.0034,26.09,0.1274,6.8,0.2296,0.0241,4.0
Siniscola,2024,5,33.69,0.0197,0.5926,0.0195,26.09,0.1274,6.8,0.2296,0.0579,4.0
Siniscola,2024,6,84.67,0.0495,1.4894,0.049,26.09,0.1274,6.8,0.2296,0.0918,4.0
Siniscola,2024,7,168.72,0.0986,2.9679,0.0977,26.09,0.1274,6.8,0.2296,0.1296,4.0
Siniscola,2024,8,214.2,0.1252,3.768,0.1241,26.09,0.1274,6.8,0.2296,0.146,4.0
Siniscola,2024,9,106.37,0.0622,1.8712,0.0616,26.09,0.1274,6.8,0.2296,0.1029,4.0
Siniscola,2024,10,26.8,0.0157,0.4714,0.0155,26.09,0.1274,6.8,0.2296,0.0517,4.0
Siniscola,2024,11,2.11,0.0012,0.0372,0.0012,26.09,0.1274,6.8,0.2296,0.0143,4.0
Siniscola,2024,12,2.13,0.0012,0.0375,0.0012,26.09,0.1274,6.8,0.2296,0.0143,4.0
Sinnai,2024,1,0.21,0.0001,0.0027,0.0001,7.57,0.037,5.43,0.1833,0.0029,4.0
Sinnai,2024,2,0.29,0.0002,0.0037,0.0001,7.57,0.037,5.43,0.1833,0.0034,4.0
Sinnai,2024,3,0.97,0.0006,0.0126,0.0004,7.57,0.037,5.43,0.1833,0.0064,4.0
Sinnai,2024,4,3.53,0.0021,0.0458,0.0015,7.57,0.037,5.43,0.1833,0.0121,4.0
Sinnai,2024,5,10.17,0.0059,0.1318,0.0043,7.57,0.037,5.43,0.1833,0.0204,4.0
Sinnai,2024,6,19.93,0.0117,0.2584,0.0085,7.57,0.037,5.43,0.1833,0.0287,4.0
Sinnai,2024,7,36.56,0.0214,0.4742,0.0156,7.57,0.037,5.43,0.1833,0.0388,4.0
Sinnai,2024,8,44.01,0.0257,0.5708,0.0188,7.57,0.037,5.43,0.1833,0.0425,4.0
Sinnai,2024,9,22.06,0.0129,0.2861,0.0094,7.57,0.037,5.43,0.1833,0.0301,4.0
Sinnai,2024,10,11.28,0.0066,0.1463,0.0048,7.57,0.037,5.43,0.1833,0.0215,4.0
Sinnai,2024,11,0.59,0.0003,0.0077,0.0003,7.57,0.037,5.43,0.1833,0.005,4.0
Sinnai,2024,12,0.46,0.0003,0.0059,0.0002,7.57,0.037,5.43,0.1833,0.0045,4.0
Siris,2024,1,,,,,0.0,0.0,,,0.0,1.0
Siris,2024,2,,,,,0.0,0.0,,,0.0,1.0
Siris,2024,3,,,,,0.0,0.0,,,0.0,1.0
Siris,2024,4,,,,,0.0,0.0,,,0.0,1.0
Siris,2024,5,,,,,0.0,0.0,,,0.0,1.0
Siris,2024,6,,,,,0.0,0.0,,,0.0,1.0
Siris,2024,7,,,,,0.0,0.0,,,0.0,1.0
Siris,2024,8,,,,,0.0,0.0,,,0.0,1.0
Siris,2024,9,,,,,0.0,0.0,,,0.0,1.0
Siris,2024,10,,,,,0.0,0.0,,,0.0,1.0
Siris,2024,11,,,,,0.0,0.0,,,0.0,1.0
Siris,2024,12,,,,,0.0,0.0,,,0.0,1.0
Siurgus Donigala,2024,1,0.01,0.0,0.0006,0.0,0.08,0.0004,9.0,0.3038,0.0,4.0
Siurgus Donigala,2024,2,0.01,0.0,0.0005,0.0,0.08,0.0004,9.0,0.3038,0.0,4.0
Siurgus Donigala,2024,3,0.02,0.0,0.0007,0.0,0.08,0.0004,9.0,0.3038,0.0,4.0
Siurgus Donigala,2024,4,0.11,0.0001,0.0044,0.0001,0.08,0.0004,9.0,0.3038,0.001,4.0
Siurgus Donigala,2024,5,0.2,0.0001,0.0084,0.0003,0.08,0.0004,9.0,0.3038,0.0014,4.0
Siurgus Donigala,2024,6,0.18,0.0001,0.0074,0.0002,0.08,0.0004,9.0,0.3038,0.0012,4.0
Siurgus Donigala,2024,7,0.28,0.0002,0.0116,0.0004,0.08,0.0004,9.0,0.3038,0.0018,4.0
Siurgus Donigala,2024,8,1.32,0.0008,0.0547,0.0018,0.08,0.0004,9.0,0.3038,0.0036,4.0
Siurgus Donigala,2024,9,0.4,0.0002,0.0166,0.0005,0.08,0.0004,9.0,0.3038,0.0019,4.0
Siurgus Donigala,2024,10,0.03,0.0,0.0012,0.0,0.08,0.0004,9.0,0.3038,0.0,4.0
Siurgus Donigala,2024,11,0.01,0.0,0.0006,0.0,0.08,0.0004,9.0,0.3038,0.0,4.0
Siurgus Donigala,2024,12,0.02,0.0,0.0008,0.0,0.08,0.0004,9.0,0.3038,0.0,4.0
Soddì,2024,1,,,,,0.0,0.0,,,0.0,1.0
Soddì,2024,2,,,,,0.0,0.0,,,0.0,1.0
Soddì,2024,3,,,,,0.0,0.0,,,0.0,1.0
Soddì,2024,4,,,,,0.0,0.0,,,0.0,1.0
Soddì,2024,5,,,,,0.0,0.0,,,0.0,1.0
Soddì,2024,6,,,,,0.0,0.0,,,0.0,1.0
Soddì,2024,7,,,,,0.0,0.0,,,0.0,1.0
Soddì,2024,8,,,,,0.0,0.0,,,0.0,1.0
Soddì,2024,9,,,,,0.0,0.0,,,0.0,1.0
Soddì,2024,10,,,,,0.0,0.0,,,0.0,1.0
Soddì,2024,11,,,,,0.0,0.0,,,0.0,1.0
Soddì,2024,12,,,,,0.0,0.0,,,0.0,1.0
Solarussa,2024,1,0.02,0.0,0.0003,0.0,1.45,0.0071,11.05,0.3731,0.0,4.0
Solarussa,2024,2,0.36,0.0002,0.0051,0.0002,1.45,0.0071,11.05,0.3731,0.0032,4.0
Solarussa,2024,3,0.56,0.0003,0.0079,0.0003,1.45,0.0071,11.05,0.3731,0.0039,4.0
Solarussa,2024,4,2.53,0.0015,0.0356,0.0012,1.45,0.0071,11.05,0.3731,0.0083,4.0
Solarussa,2024,5,4.39,0.0026,0.0619,0.002,1.45,0.0071,11.05,0.3731,0.0108,4.0
Solarussa,2024,6,5.94,0.0035,0.0837,0.0028,1.45,0.0071,11.05,0.3731,0.0127,4.0
Solarussa,2024,7,10.09,0.0059,0.1423,0.0047,1.45,0.0071,11.05,0.3731,0.0165,4.0
Solarussa,2024,8,13.08,0.0076,0.1845,0.0061,1.45,0.0071,11.05,0.3731,0.0187,4.0
Solarussa,2024,9,8.53,0.005,0.1203,0.004,1.45,0.0071,11.05,0.3731,0.0152,4.0
Solarussa,2024,10,4.92,0.0029,0.0693,0.0023,1.45,0.0071,11.05,0.3731,0.0115,4.0
Solarussa,2024,11,3.64,0.0021,0.0513,0.0017,1.45,0.0071,11.05,0.3731,0.0099,4.0
Solarussa,2024,12,4.37,0.0026,0.0616,0.002,1.45,0.0071,11.05,0.3731,0.0108,4.0
Soleminis,2024,1,1.02,0.0006,0.007,0.0002,3.42,0.0167,2.34,0.079,0.0035,4.0
Soleminis,2024,2,0.01,0.0,0.0001,0.0,3.42,0.0167,2.34,0.079,0.0,4.0
Soleminis,2024,3,0.02,0.0,0.0001,0.0,3.42,0.0167,2.34,0.079,0.0,4.0
Soleminis,2024,4,3.37,0.002,0.0232,0.0008,3.42,0.0167,2.34,0.079,0.0068,4.0
Soleminis,2024,5,2.67,0.0016,0.0184,0.0006,3.42,0.0167,2.34,0.079,0.006,4.0
Soleminis,2024,6,5.35,0.0031,0.0367,0.0012,3.42,0.0167,2.34,0.079,0.0084,4.0
Soleminis,2024,7,7.39,0.0043,0.0508,0.0017,3.42,0.0167,2.34,0.079,0.0099,4.0
Soleminis,2024,8,5.22,0.0031,0.0359,0.0012,3.42,0.0167,2.34,0.079,0.0084,4.0
Soleminis,2024,9,3.0,0.0018,0.0206,0.0007,3.42,0.0167,2.34,0.079,0.0064,4.0
Soleminis,2024,10,1.12,0.0007,0.0077,0.0003,3.42,0.0167,2.34,0.079,0.0041,4.0
Soleminis,2024,11,0.02,0.0,0.0001,0.0,3.42,0.0167,2.34,0.079,0.0,4.0
Soleminis,2024,12,0.02,0.0,0.0001,0.0,3.42,0.0167,2.34,0.079,0.0,4.0
Sorgono,2024,1,0.39,0.0002,0.015,0.0005,1.41,0.0069,2.31,0.078,0.0027,4.0
Sorgono,2024,2,0.64,0.0004,0.0246,0.0008,1.41,0.0069,2.31,0.078,0.0036,4.0
Sorgono,2024,3,0.38,0.0002,0.0144,0.0005,1.41,0.0069,2.31,0.078,0.0027,4.0
Sorgono,2024,4,0.68,0.0004,0.026,0.0009,1.41,0.0069,2.31,0.078,0.0037,4.0
Sorgono,2024,5,0.71,0.0004,0.0274,0.0009,1.41,0.0069,2.31,0.078,0.0037,4.0
Sorgono,2024,6,0.75,0.0004,0.0287,0.0009,1.41,0.0069,2.31,0.078,0.0037,4.0
Sorgono,2024,7,1.13,0.0007,0.0431,0.0014,1.41,0.0069,2.31,0.078,0.0048,4.0
Sorgono,2024,8,1.66,0.001,0.0636,0.0021,1.41,0.0069,2.31,0.078,0.0058,4.0
Sorgono,2024,9,1.48,0.0009,0.0568,0.0019,1.41,0.0069,2.31,0.078,0.0055,4.0
Sorgono,2024,10,2.16,0.0013,0.0828,0.0027,1.41,0.0069,2.31,0.078,0.0066,4.0
Sorgono,2024,11,1.13,0.0007,0.0431,0.0014,1.41,0.0069,2.31,0.078,0.0048,4.0
Sorgono,2024,12,0.77,0.0005,0.0294,0.001,1.41,0.0069,2.31,0.078,0.0041,4.0
Sorradile,2024,1,0.0,0.0,0.0,0.0,1.59,0.0078,0.77,0.026,0.0,4.0
Sorradile,2024,2,0.0,0.0,0.0,0.0,1.59,0.0078,0.77,0.026,0.0,4.0
Sorradile,2024,3,0.0,0.0,0.0,0.0,1.59,0.0078,0.77,0.026,0.0,4.0
Sorradile,2024,4,0.0,0.0,0.0,0.0,1.59,0.0078,0.77,0.026,0.0,4.0
Sorradile,2024,5,0.0,0.0,0.0,0.0,1.59,0.0078,0.77,0.026,0.0,4.0
Sorradile,2024,6,0.0,0.0,0.0,0.0,1.59,0.0078,0.77,0.026,0.0,4.0
Sorradile,2024,7,0.0,0.0,0.0,0.0,1.59,0.0078,0.77,0.026,0.0,4.0
Sorradile,2024,8,0.0,0.0,0.0,0.0,1.59,0.0078,0.77,0.026,0.0,4.0
Sorradile,2024,9,0.0,0.0,0.0,0.0,1.59,0.0078,0.77,0.026,0.0,4.0
Sorradile,2024,10,3.02,0.0018,0.2395,0.0079,1.59,0.0078,0.77,0.026,0.0073,4.0
Sorradile,2024,11,1.43,0.0008,0.1138,0.0037,1.59,0.0078,0.77,0.026,0.0049,4.0
Sorradile,2024,12,0.0,0.0,0.0,0.0,1.59,0.0078,0.77,0.026,0.0,4.0
Sorso,2024,1,0.34,0.0002,0.0016,0.0001,54.5,0.2661,6.33,0.2137,0.0058,4.0
Sorso,2024,2,2.24,0.0013,0.0104,0.0003,54.5,0.2661,6.33,0.2137,0.0122,4.0
Sorso,2024,3,1.72,0.001,0.008,0.0003,54.5,0.2661,6.33,0.2137,0.0114,4.0
Sorso,2024,4,59.61,0.0349,0.2779,0.0092,54.5,0.2661,6.33,0.2137,0.0654,4.0
Sorso,2024,5,93.29,0.0545,0.4349,0.0143,54.5,0.2661,6.33,0.2137,0.0816,4.0
Sorso,2024,6,171.66,0.1004,0.8002,0.0263,54.5,0.2661,6.33,0.2137,0.1107,4.0
Sorso,2024,7,328.94,0.1923,1.5334,0.0505,54.5,0.2661,6.33,0.2137,0.1533,4.0
Sorso,2024,8,410.87,0.2402,1.9153,0.0631,54.5,0.2661,6.33,0.2137,0.1713,4.0
Sorso,2024,9,165.75,0.0969,0.7726,0.0254,54.5,0.2661,6.33,0.2137,0.1088,4.0
Sorso,2024,10,22.89,0.0134,0.1067,0.0035,54.5,0.2661,6.33,0.2137,0.0404,4.0
Sorso,2024,11,0.69,0.0004,0.0032,0.0001,54.5,0.2661,6.33,0.2137,0.0069,4.0
Sorso,2024,12,1.06,0.0006,0.0049,0.0002,54.5,0.2661,6.33,0.2137,0.0091,4.0
Stintino,2024,1,1.3,0.0008,0.0504,0.0017,142.27,0.6946,10.58,0.3572,0.0241,4.0
Stintino,2024,2,2.01,0.0012,0.0778,0.0026,142.27,0.6946,10.58,0.3572,0.0297,4.0
Stintino,2024,3,18.83,0.011,0.7279,0.024,142.27,0.6946,10.58,0.3572,0.09,4.0
Stintino,2024,4,83.72,0.0489,3.2354,0.1065,142.27,0.6946,10.58,0.3572,0.1896,4.0
Stintino,2024,5,219.33,0.1282,8.4768,0.2791,142.27,0.6946,10.58,0.3572,0.307,4.0
Stintino,2024,6,976.21,0.5707,37.7286,1.0,142.27,0.6946,10.58,0.3572,0.6134,4.0
Stintino,2024,7,1528.03,0.8934,59.0556,1.0,142.27,0.6946,10.58,0.3572,0.6862,4.0
Stintino,2024,8,1597.55,0.934,61.7423,1.0,142.27,0.6946,10.58,0.3572,0.6938,4.0
Stintino,2024,9,897.79,0.5249,34.6978,1.0,142.27,0.6946,10.58,0.3572,0.6007,4.0
Stintino,2024,10,163.79,0.0958,6.3303,0.2084,142.27,0.6946,10.58,0.3572,0.2653,4.0
Stintino,2024,11,3.77,0.0022,0.1458,0.0048,142.27,0.6946,10.58,0.3572,0.0402,4.0
Stintino,2024,12,2.66,0.0016,0.1027,0.0034,142.27,0.6946,10.58,0.3572,0.0341,4.0
Suelli,2024,1,,,,,0.41,0.002,0.0,0.0,0.0,2.0
Suelli,2024,2,,,,,0.41,0.002,0.0,0.0,0.0,2.0
Suelli,2024,3,,,,,0.41,0.002,0.0,0.0,0.0,2.0
Suelli,2024,4,,,,,0.41,0.002,0.0,0.0,0.0,2.0
Suelli,2024,5,,,,,0.41,0.002,0.0,0.0,0.0,2.0
Suelli,2024,6,,,,,0.41,0.002,0.0,0.0,0.0,2.0
Suelli,2024,7,,,,,0.41,0.002,0.0,0.0,0.0,2.0
Suelli,2024,8,,,,,0.41,0.002,0.0,0.0,0.0,2.0
Suelli,2024,9,,,,,0.41,0.002,0.0,0.0,0.0,2.0
Suelli,2024,10,,,,,0.41,0.002,0.0,0.0,0.0,2.0
Suelli,2024,11,,,,,0.41,0.002,0.0,0.0,0.0,2.0
Suelli,2024,12,,,,,0.41,0.002,0.0,0.0,0.0,2.0
Suni,2024,1,0.06,0.0,0.0028,0.0001,2.24,0.0109,2.06,0.0695,0.0,4.0
Suni,2024,2,0.14,0.0001,0.0067,0.0002,2.24,0.0109,2.06,0.0695,0.002,4.0
Suni,2024,3,0.07,0.0,0.0035,0.0001,2.24,0.0109,2.06,0.0695,0.0,4.0
Suni,2024,4,0.71,0.0004,0.0344,0.0011,2.24,0.0109,2.06,0.0695,0.0043,4.0
Suni,2024,5,0.85,0.0005,0.0412,0.0014,2.24,0.0109,2.06,0.0695,0.0048,4.0
Suni,2024,6,2.39,0.0014,0.1155,0.0038,2.24,0.0109,2.06,0.0695,0.008,4.0
Suni,2024,7,3.01,0.0018,0.1455,0.0048,2.24,0.0109,2.06,0.0695,0.009,4.0
Suni,2024,8,7.54,0.0044,0.3641,0.012,2.24,0.0109,2.06,0.0695,0.0141,4.0
Suni,2024,9,1.78,0.001,0.086,0.0028,2.24,0.0109,2.06,0.0695,0.0068,4.0
Suni,2024,10,0.12,0.0001,0.0058,0.0002,2.24,0.0109,2.06,0.0695,0.002,4.0
Suni,2024,11,0.06,0.0,0.003,0.0001,2.24,0.0109,2.06,0.0695,0.0,4.0
Suni,2024,12,0.08,0.0,0.0038,0.0001,2.24,0.0109,2.06,0.0695,0.0,4.0
Tadasuni,2024,1,,,,,0.0,0.0,,,0.0,1.0
Tadasuni,2024,2,,,,,0.0,0.0,,,0.0,1.0
Tadasuni,2024,3,,,,,0.0,0.0,,,0.0,1.0
Tadasuni,2024,4,,,,,0.0,0.0,,,0.0,1.0
Tadasuni,2024,5,,,,,0.0,0.0,,,0.0,1.0
Tadasuni,2024,6,,,,,0.0,0.0,,,0.0,1.0
Tadasuni,2024,7,,,,,0.0,0.0,,,0.0,1.0
Tadasuni,2024,8,,,,,0.0,0.0,,,0.0,1.0
Tadasuni,2024,9,,,,,0.0,0.0,,,0.0,1.0
Tadasuni,2024,10,,,,,0.0,0.0,,,0.0,1.0
Tadasuni,2024,11,,,,,0.0,0.0,,,0.0,1.0
Tadasuni,2024,12,,,,,0.0,0.0,,,0.0,1.0
Talana,2024,1,0.01,0.0,0.0013,0.0,0.47,0.0023,1.99,0.0672,0.0,4.0
Talana,2024,2,0.01,0.0,0.0012,0.0,0.47,0.0023,1.99,0.0672,0.0,4.0
Talana,2024,3,0.25,0.0001,0.0309,0.001,0.47,0.0023,1.99,0.0672,0.002,4.0
Talana,2024,4,0.02,0.0,0.0027,0.0001,0.47,0.0023,1.99,0.0672,0.0,4.0
Talana,2024,5,0.4,0.0002,0.05,0.0016,0.47,0.0023,1.99,0.0672,0.0027,4.0
Talana,2024,6,0.57,0.0003,0.0704,0.0023,0.47,0.0023,1.99,0.0672,0.0032,4.0
Talana,2024,7,0.48,0.0003,0.0599,0.002,0.47,0.0023,1.99,0.0672,0.0031,4.0
Talana,2024,8,1.13,0.0007,0.1405,0.0046,0.47,0.0023,1.99,0.0672,0.0047,4.0
Talana,2024,9,0.51,0.0003,0.0628,0.0021,0.47,0.0023,1.99,0.0672,0.0031,4.0
Talana,2024,10,0.02,0.0,0.0026,0.0001,0.47,0.0023,1.99,0.0672,0.0,4.0
Talana,2024,11,0.01,0.0,0.0014,0.0,0.47,0.0023,1.99,0.0672,0.0,4.0
Talana,2024,12,0.01,0.0,0.0017,0.0001,0.47,0.0023,1.99,0.0672,0.0,4.0
Telti,2024,1,0.0,0.0,0.0002,0.0,3.12,0.0152,4.22,0.1425,0.0,4.0
Telti,2024,2,0.11,0.0001,0.0042,0.0001,3.12,0.0152,4.22,0.1425,0.0022,4.0
Telti,2024,3,0.01,0.0,0.0002,0.0,3.12,0.0152,4.22,0.1425,0.0,4.0
Telti,2024,4,1.46,0.0009,0.0549,0.0018,3.12,0.0152,4.22,0.1425,0.0077,4.0
Telti,2024,5,1.39,0.0008,0.0522,0.0017,3.12,0.0152,4.22,0.1425,0.0074,4.0
Telti,2024,6,4.65,0.0027,0.1748,0.0058,3.12,0.0152,4.22,0.1425,0.0136,4.0
Telti,2024,7,12.15,0.0071,0.457,0.015,3.12,0.0152,4.22,0.1425,0.0219,4.0
Telti,2024,8,17.96,0.0105,0.6753,0.0222,3.12,0.0152,4.22,0.1425,0.0267,4.0
Telti,2024,9,7.01,0.0041,0.2635,0.0087,3.12,0.0152,4.22,0.1425,0.0167,4.0
Telti,2024,10,2.84,0.0017,0.1068,0.0035,3.12,0.0152,4.22,0.1425,0.0107,4.0
Telti,2024,11,0.22,0.0001,0.0083,0.0003,3.12,0.0152,4.22,0.1425,0.0028,4.0
Telti,2024,12,0.28,0.0002,0.0106,0.0003,3.12,0.0152,4.22,0.1425,0.0034,4.0
Tempio Pausania,2024,1,3.88,0.0023,0.0623,0.0021,5.79,0.0283,8.53,0.288,0.0141,4.0
Tempio Pausania,2024,2,4.07,0.0024,0.0653,0.0022,5.79,0.0283,8.53,0.288,0.0144,4.0
Tempio Pausania,2024,3,0.99,0.0006,0.0158,0.0005,5.79,0.0283,8.53,0.288,0.007,4.0
Tempio Pausania,2024,4,11.94,0.007,0.1915,0.0063,5.79,0.0283,8.53,0.288,0.0245,4.0
Tempio Pausania,2024,5,15.11,0.0088,0.2423,0.008,5.79,0.0283,8.53,0.288,0.0275,4.0
Tempio Pausania,2024,6,17.75,0.0104,0.2846,0.0094,5.79,0.0283,8.53,0.288,0.0299,4.0
Tempio Pausania,2024,7,31.76,0.0186,0.5093,0.0168,5.79,0.0283,8.53,0.288,0.0399,4.0
Tempio Pausania,2024,8,47.19,0.0276,0.7566,0.0249,5.79,0.0283,8.53,0.288,0.0486,4.0
Tempio Pausania,2024,9,25.14,0.0147,0.4031,0.0133,5.79,0.0283,8.53,0.288,0.0355,4.0
Tempio Pausania,2024,10,13.64,0.008,0.2187,0.0072,5.79,0.0283,8.53,0.288,0.0262,4.0
Tempio Pausania,2024,11,4.78,0.0028,0.0766,0.0025,5.79,0.0283,8.53,0.288,0.0155,4.0
Tempio Pausania,2024,12,3.94,0.0023,0.0632,0.0021,5.79,0.0283,8.53,0.288,0.0141,4.0
Tergu,2024,1,0.05,0.0,0.003,0.0001,8.39,0.041,1.01,0.0341,0.0,4.0
Tergu,2024,2,0.05,0.0,0.0028,0.0001,8.39,0.041,1.01,0.0341,0.0,4.0
Tergu,2024,3,0.06,0.0,0.0039,0.0001,8.39,0.041,1.01,0.0341,0.0,4.0
Tergu,2024,4,1.33,0.0008,0.0804,0.0026,8.39,0.041,1.01,0.0341,0.0073,4.0
Tergu,2024,5,17.95,0.0105,1.0844,0.0357,8.39,0.041,1.01,0.0341,0.0269,4.0
Tergu,2024,6,62.2,0.0364,3.7571,0.1237,8.39,0.041,1.01,0.0341,0.0501,4.0
Tergu,2024,7,88.39,0.0517,5.3393,0.1758,8.39,0.041,1.01,0.0341,0.0597,4.0
Tergu,2024,8,92.89,0.0543,5.611,0.1848,8.39,0.041,1.01,0.0341,0.0612,4.0
Tergu,2024,9,50.57,0.0296,3.0549,0.1006,8.39,0.041,1.01,0.0341,0.0452,4.0
Tergu,2024,10,20.69,0.0121,1.2498,0.0412,8.39,0.041,1.01,0.0341,0.0289,4.0
Tergu,2024,11,0.54,0.0003,0.0329,0.0011,8.39,0.041,1.01,0.0341,0.0046,4.0
Tergu,2024,12,0.07,0.0,0.0041,0.0001,8.39,0.041,1.01,0.0341,0.0,4.0
Terralba,2024,1,4.81,0.0028,0.0248,0.0008,3.52,0.0172,6.6,0.2228,0.0096,4.0
Terralba,2024,2,3.12,0.0018,0.0161,0.0005,3.52,0.0172,6.6,0.2228,0.0077,4.0
Terralba,2024,3,2.43,0.0014,0.0126,0.0004,3.52,0.0172,6.6,0.2228,0.0068,4.0
Terralba,2024,4,2.88,0.0017,0.0148,0.0005,3.52,0.0172,6.6,0.2228,0.0076,4.0
Terralba,2024,5,5.29,0.0031,0.0273,0.0009,3.52,0.0172,6.6,0.2228,0.0102,4.0
Terralba,2024,6,5.69,0.0033,0.0294,0.001,3.52,0.0172,6.6,0.2228,0.0106,4.0
Terralba,2024,7,11.14,0.0065,0.0575,0.0019,3.52,0.0172,6.6,0.2228,0.0147,4.0
Terralba,2024,8,24.53,0.0143,0.1266,0.0042,3.52,0.0172,6.6,0.2228,0.0219,4.0
Terralba,2024,9,10.25,0.006,0.0529,0.0017,3.52,0.0172,6.6,0.2228,0.0141,4.0
Terralba,2024,10,6.09,0.0036,0.0315,0.001,3.52,0.0172,6.6,0.2228,0.0108,4.0
Terralba,2024,11,3.76,0.0022,0.0194,0.0006,3.52,0.0172,6.6,0.2228,0.0084,4.0
Terralba,2024,12,4.77,0.0028,0.0246,0.0008,3.52,0.0172,6.6,0.2228,0.0096,4.0
Tertenia,2024,1,0.01,0.0,0.0002,0.0,15.7,0.0767,8.88,0.2998,0.0,4.0
Tertenia,2024,2,0.01,0.0,0.0002,0.0,15.7,0.0767,8.88,0.2998,0.0,4.0
Tertenia,2024,3,2.01,0.0012,0.0614,0.002,15.7,0.0767,8.88,0.2998,0.0153,4.0
Tertenia,2024,4,10.12,0.0059,0.3085,0.0102,15.7,0.0767,8.88,0.2998,0.0343,4.0
Tertenia,2024,5,42.09,0.0246,1.2829,0.0422,15.7,0.0767,8.88,0.2998,0.0699,4.0
Tertenia,2024,6,69.14,0.0404,2.1075,0.0694,15.7,0.0767,8.88,0.2998,0.0896,4.0
Tertenia,2024,7,130.83,0.0765,3.988,0.1313,15.7,0.0767,8.88,0.2998,0.1233,4.0
Tertenia,2024,8,143.17,0.0837,4.3642,0.1437,15.7,0.0767,8.88,0.2998,0.129,4.0
Tertenia,2024,9,74.87,0.0438,2.2824,0.0752,15.7,0.0767,8.88,0.2998,0.0933,4.0
Tertenia,2024,10,36.39,0.0213,1.1094,0.0365,15.7,0.0767,8.88,0.2998,0.065,4.0
Tertenia,2024,11,0.18,0.0001,0.0054,0.0002,15.7,0.0767,8.88,0.2998,0.0046,4.0
Tertenia,2024,12,0.17,0.0001,0.0052,0.0002,15.7,0.0767,8.88,0.2998,0.0046,4.0
Teti,2024,1,0.04,0.0,0.0029,0.0001,0.63,0.0031,3.31,0.1117,0.0,4.0
Teti,2024,2,0.04,0.0,0.0027,0.0001,0.63,0.0031,3.31,0.1117,0.0,4.0
Teti,2024,3,1.09,0.0006,0.082,0.0027,0.63,0.0031,3.31,0.1117,0.0049,4.0
Teti,2024,4,1.53,0.0009,0.115,0.0038,0.63,0.0031,3.31,0.1117,0.0059,4.0
Teti,2024,5,0.09,0.0001,0.0069,0.0002,0.63,0.0031,3.31,0.1117,0.0016,4.0
Teti,2024,6,1.22,0.0007,0.0915,0.003,0.63,0.0031,3.31,0.1117,0.0052,4.0
Teti,2024,7,2.48,0.0014,0.1863,0.0061,0.63,0.0031,3.31,0.1117,0.0074,4.0
Teti,2024,8,0.24,0.0001,0.0182,0.0006,0.63,0.0031,3.31,0.1117,0.0021,4.0
Teti,2024,9,0.13,0.0001,0.0101,0.0003,0.63,0.0031,3.31,0.1117,0.0018,4.0
Teti,2024,10,0.69,0.0004,0.0521,0.0017,0.63,0.0031,3.31,0.1117,0.0039,4.0
Teti,2024,11,0.04,0.0,0.0032,0.0001,0.63,0.0031,3.31,0.1117,0.0,4.0
Teti,2024,12,0.05,0.0,0.004,0.0001,0.63,0.0031,3.31,0.1117,0.0,4.0
Teulada,2024,1,0.19,0.0001,0.0149,0.0005,6.3,0.0308,8.74,0.2951,0.0046,4.0
Teulada,2024,2,0.54,0.0003,0.0416,0.0014,6.3,0.0308,8.74,0.2951,0.0079,4.0
Teulada,2024,3,1.05,0.0006,0.0804,0.0026,6.3,0.0308,8.74,0.2951,0.0109,4.0
Teulada,2024,4,3.34,0.002,0.2556,0.0084,6.3,0.0308,8.74,0.2951,0.0198,4.0
Teulada,2024,5,8.44,0.0049,0.646,0.0213,6.3,0.0308,8.74,0.2951,0.0312,4.0
Teulada,2024,6,27.28,0.0159,2.0888,0.0688,6.3,0.0308,8.74,0.2951,0.0562,4.0
Teulada,2024,7,53.56,0.0313,4.1012,0.135,6.3,0.0308,8.74,0.2951,0.0787,4.0
Teulada,2024,8,61.97,0.0362,4.7453,0.1563,6.3,0.0308,8.74,0.2951,0.0847,4.0
Teulada,2024,9,32.29,0.0189,2.4727,0.0814,6.3,0.0308,8.74,0.2951,0.0612,4.0
Teulada,2024,10,9.73,0.0057,0.7453,0.0245,6.3,0.0308,8.74,0.2951,0.0336,4.0
Teulada,2024,11,1.51,0.0009,0.1158,0.0038,6.3,0.0308,8.74,0.2951,0.0133,4.0
Teulada,2024,12,1.26,0.0007,0.0963,0.0032,6.3,0.0308,8.74,0.2951,0.0119,4.0
Thiesi,2024,1,0.35,0.0002,0.0081,0.0003,0.93,0.0045,10.03,0.3386,0.0031,4.0
Thiesi,2024,2,2.34,0.0014,0.0545,0.0018,0.93,0.0045,10.03,0.3386,0.0079,4.0
Thiesi,2024,3,6.05,0.0035,0.1407,0.0046,0.93,0.0045,10.03,0.3386,0.0125,4.0
Thiesi,2024,4,2.3,0.0013,0.0534,0.0018,0.93,0.0045,10.03,0.3386,0.0077,4.0
Thiesi,2024,5,4.52,0.0026,0.105,0.0035,0.93,0.0045,10.03,0.3386,0.0109,4.0
Thiesi,2024,6,4.26,0.0025,0.0991,0.0033,0.93,0.0045,10.03,0.3386,0.0106,4.0
Thiesi,2024,7,2.96,0.0017,0.0689,0.0023,0.93,0.0045,10.03,0.3386,0.0088,4.0
Thiesi,2024,8,2.03,0.0012,0.0471,0.0016,0.93,0.0045,10.03,0.3386,0.0074,4.0
Thiesi,2024,9,3.23,0.0019,0.0751,0.0025,0.93,0.0045,10.03,0.3386,0.0092,4.0
Thiesi,2024,10,2.46,0.0014,0.0571,0.0019,0.93,0.0045,10.03,0.3386,0.008,4.0
Thiesi,2024,11,2.65,0.0015,0.0615,0.002,0.93,0.0045,10.03,0.3386,0.0082,4.0
Thiesi,2024,12,1.09,0.0006,0.0254,0.0008,0.93,0.0045,10.03,0.3386,0.0052,4.0
Tiana,2024,1,,,,,0.0,0.0,,,0.0,1.0
Tiana,2024,2,,,,,0.0,0.0,,,0.0,1.0
Tiana,2024,3,,,,,0.0,0.0,,,0.0,1.0
Tiana,2024,4,,,,,0.0,0.0,,,0.0,1.0
Tiana,2024,5,,,,,0.0,0.0,,,0.0,1.0
Tiana,2024,6,,,,,0.0,0.0,,,0.0,1.0
Tiana,2024,7,,,,,0.0,0.0,,,0.0,1.0
Tiana,2024,8,,,,,0.0,0.0,,,0.0,1.0
Tiana,2024,9,,,,,0.0,0.0,,,0.0,1.0
Tiana,2024,10,,,,,0.0,0.0,,,0.0,1.0
Tiana,2024,11,,,,,0.0,0.0,,,0.0,1.0
Tiana,2024,12,,,,,0.0,0.0,,,0.0,1.0
Tinnura,2024,1,0.49,0.0003,0.0076,0.0003,2.09,0.0102,4.01,0.1354,0.0033,4.0
Tinnura,2024,2,0.46,0.0003,0.0071,0.0002,2.09,0.0102,4.01,0.1354,0.003,4.0
Tinnura,2024,3,0.63,0.0004,0.0097,0.0003,2.09,0.0102,4.01,0.1354,0.0036,4.0
Tinnura,2024,4,1.04,0.0006,0.016,0.0005,2.09,0.0102,4.01,0.1354,0.0045,4.0
Tinnura,2024,5,1.15,0.0007,0.0177,0.0006,2.09,0.0102,4.01,0.1354,0.0049,4.0
Tinnura,2024,6,2.21,0.0013,0.0342,0.0011,2.09,0.0102,4.01,0.1354,0.0067,4.0
Tinnura,2024,7,3.0,0.0018,0.0462,0.0015,2.09,0.0102,4.01,0.1354,0.0078,4.0
Tinnura,2024,8,3.05,0.0018,0.047,0.0015,2.09,0.0102,4.01,0.1354,0.0078,4.0
Tinnura,2024,9,11.62,0.0068,0.1793,0.0059,2.09,0.0102,4.01,0.1354,0.0153,4.0
Tinnura,2024,10,5.73,0.0034,0.0885,0.0029,2.09,0.0102,4.01,0.1354,0.0108,4.0
Tinnura,2024,11,0.53,0.0003,0.0082,0.0003,2.09,0.0102,4.01,0.1354,0.0033,4.0
Tinnura,2024,12,0.67,0.0004,0.0103,0.0003,2.09,0.0102,4.01,0.1354,0.0036,4.0
Tissi,2024,1,0.17,0.0001,0.0007,0.0,1.76,0.0086,6.01,0.2029,0.0,4.0
Tissi,2024,2,0.15,0.0001,0.0007,0.0,1.76,0.0086,6.01,0.2029,0.0,4.0
Tissi,2024,3,0.21,0.0001,0.0009,0.0,1.76,0.0086,6.01,0.2029,0.0,4.0
Tissi,2024,4,0.35,0.0002,0.0015,0.0,1.76,0.0086,6.01,0.2029,0.0,4.0
Tissi,2024,5,0.39,0.0002,0.0017,0.0001,1.76,0.0086,6.01,0.2029,0.0024,4.0
Tissi,2024,6,3.88,0.0023,0.0169,0.0006,1.76,0.0086,6.01,0.2029,0.007,4.0
Tissi,2024,7,10.11,0.0059,0.0441,0.0015,1.76,0.0086,6.01,0.2029,0.0111,4.0
Tissi,2024,8,14.73,0.0086,0.0643,0.0021,1.76,0.0086,6.01,0.2029,0.0133,4.0
Tissi,2024,9,7.52,0.0044,0.0328,0.0011,1.76,0.0086,6.01,0.2029,0.0096,4.0
Tissi,2024,10,0.74,0.0004,0.0032,0.0001,1.76,0.0086,6.01,0.2029,0.0029,4.0
Tissi,2024,11,0.18,0.0001,0.0008,0.0,1.76,0.0086,6.01,0.2029,0.0,4.0
Tissi,2024,12,0.23,0.0001,0.001,0.0,1.76,0.0086,6.01,0.2029,0.0,4.0
Tonara,2024,1,0.82,0.0005,0.0243,0.0008,5.71,0.0279,0.73,0.0246,0.0041,4.0
Tonara,2024,2,0.01,0.0,0.0004,0.0,5.71,0.0279,0.73,0.0246,0.0,4.0
Tonara,2024,3,0.17,0.0001,0.0051,0.0002,5.71,0.0279,0.73,0.0246,0.0019,4.0
Tonara,2024,4,0.49,0.0003,0.0146,0.0005,5.71,0.0279,0.73,0.0246,0.0032,4.0
Tonara,2024,5,2.41,0.0014,0.0716,0.0024,5.71,0.0279,0.73,0.0246,0.0069,4.0
Tonara,2024,6,2.0,0.0012,0.0595,0.002,5.71,0.0279,0.73,0.0246,0.0064,4.0
Tonara,2024,7,1.53,0.0009,0.0454,0.0015,5.71,0.0279,0.73,0.0246,0.0055,4.0
Tonara,2024,8,1.8,0.0011,0.0534,0.0018,5.71,0.0279,0.73,0.0246,0.0061,4.0
Tonara,2024,9,1.49,0.0009,0.0442,0.0015,5.71,0.0279,0.73,0.0246,0.0055,4.0
Tonara,2024,10,3.73,0.0022,0.1108,0.0036,5.71,0.0279,0.73,0.0246,0.0086,4.0
Tonara,2024,11,0.72,0.0004,0.0215,0.0007,5.71,0.0279,0.73,0.0246,0.0037,4.0
Tonara,2024,12,0.02,0.0,0.0006,0.0,5.71,0.0279,0.73,0.0246,0.0,4.0
Torpè,2024,1,0.0,0.0,0.0,0.0,3.91,0.0191,5.74,0.1938,0.0,4.0
Torpè,2024,2,0.0,0.0,0.0,0.0,3.91,0.0191,5.74,0.1938,0.0,4.0
Torpè,2024,3,0.0,0.0,0.0,0.0,3.91,0.0191,5.74,0.1938,0.0,4.0
Torpè,2024,4,0.41,0.0002,0.0139,0.0005,3.91,0.0191,5.74,0.1938,0.0044,4.0
Torpè,2024,5,2.56,0.0015,0.0865,0.0028,3.91,0.0191,5.74,0.1938,0.0112,4.0
Torpè,2024,6,10.43,0.0061,0.3528,0.0116,3.91,0.0191,5.74,0.1938,0.0226,4.0
Torpè,2024,7,20.65,0.0121,0.6986,0.023,3.91,0.0191,5.74,0.1938,0.0319,4.0
Torpè,2024,8,31.58,0.0185,1.0686,0.0352,3.91,0.0191,5.74,0.1938,0.0394,4.0
Torpè,2024,9,12.25,0.0072,0.4143,0.0136,3.91,0.0191,5.74,0.1938,0.0245,4.0
Torpè,2024,10,3.12,0.0018,0.1055,0.0035,3.91,0.0191,5.74,0.1938,0.0124,4.0
Torpè,2024,11,0.18,0.0001,0.0062,0.0002,3.91,0.0191,5.74,0.1938,0.0029,4.0
Torpè,2024,12,0.68,0.0004,0.0231,0.0008,3.91,0.0191,5.74,0.1938,0.0059,4.0
Torralba,2024,1,0.67,0.0004,0.0278,0.0009,0.06,0.0003,40.0,1.0,0.0032,4.0
Torralba,2024,2,0.99,0.0006,0.0412,0.0014,0.06,0.0003,40.0,1.0,0.004,4.0
Torralba,2024,3,0.91,0.0005,0.038,0.0013,0.06,0.0003,40.0,1.0,0.0037,4.0
Torralba,2024,4,0.19,0.0001,0.0079,0.0003,0.06,0.0003,40.0,1.0,0.0017,4.0
Torralba,2024,5,0.49,0.0003,0.0202,0.0007,0.06,0.0003,40.0,1.0,0.0028,4.0
Torralba,2024,6,1.64,0.001,0.0683,0.0022,0.06,0.0003,40.0,1.0,0.0051,4.0
Torralba,2024,7,1.26,0.0007,0.0526,0.0017,0.06,0.0003,40.0,1.0,0.0043,4.0
Torralba,2024,8,1.16,0.0007,0.0484,0.0016,0.06,0.0003,40.0,1.0,0.0043,4.0
Torralba,2024,9,0.31,0.0002,0.0128,0.0004,0.06,0.0003,40.0,1.0,0.0022,4.0
Torralba,2024,10,0.19,0.0001,0.0078,0.0003,0.06,0.0003,40.0,1.0,0.0017,4.0
Torralba,2024,11,0.1,0.0001,0.0041,0.0001,0.06,0.0003,40.0,1.0,0.0013,4.0
Torralba,2024,12,0.12,0.0001,0.0051,0.0002,0.06,0.0003,40.0,1.0,0.0016,4.0
Tortolì,2024,1,46.81,0.0274,0.172,0.0057,215.68,1.0,19.42,0.6556,0.1006,4.0
Tortolì,2024,2,39.42,0.023,0.1448,0.0048,215.68,1.0,19.42,0.6556,0.0922,4.0
Tortolì,2024,3,65.35,0.0382,0.2401,0.0079,215.68,1.0,19.42,0.6556,0.1186,4.0
Tortolì,2024,4,222.56,0.1301,0.8177,0.0269,215.68,1.0,19.42,0.6556,0.2189,4.0
Tortolì,2024,5,1208.31,0.7064,4.4395,0.1462,215.68,1.0,19.42,0.6556,0.5101,4.0
Tortolì,2024,6,2472.54,1.0,9.0845,0.2991,215.68,1.0,19.42,0.6556,0.6654,4.0
Tortolì,2024,7,3936.26,1.0,14.4625,0.4762,215.68,1.0,19.42,0.6556,0.7475,4.0
Tortolì,2024,8,4798.05,1.0,17.6289,0.5805,215.68,1.0,19.42,0.6556,0.7854,4.0
Tortolì,2024,9,1726.67,1.0,6.3441,0.2089,215.68,1.0,19.42,0.6556,0.6083,4.0
Tortolì,2024,10,668.2,0.3907,2.4551,0.0808,215.68,1.0,19.42,0.6556,0.3793,4.0
Tortolì,2024,11,61.88,0.0362,0.2274,0.0075,215.68,1.0,19.42,0.6556,0.1155,4.0
Tortolì,2024,12,43.18,0.0252,0.1586,0.0052,215.68,1.0,19.42,0.6556,0.0963,4.0
Tramatza,2024,1,26.49,0.0155,0.4875,0.0161,3.25,0.0159,23.35,0.7883,0.0421,4.0
Tramatza,2024,2,21.06,0.0123,0.3876,0.0128,3.25,0.0159,23.35,0.7883,0.0375,4.0
Tramatza,2024,3,12.98,0.0076,0.2389,0.0079,3.25,0.0159,23.35,0.7883,0.0295,4.0
Tramatza,2024,4,7.26,0.0042,0.1336,0.0044,3.25,0.0159,23.35,0.7883,0.0219,4.0
Tramatza,2024,5,14.46,0.0085,0.266,0.0088,3.25,0.0159,23.35,0.7883,0.0311,4.0
Tramatza,2024,6,11.39,0.0067,0.2096,0.0069,3.25,0.0159,23.35,0.7883,0.0276,4.0
Tramatza,2024,7,22.95,0.0134,0.4224,0.0139,3.25,0.0159,23.35,0.7883,0.0391,4.0
Tramatza,2024,8,44.02,0.0257,0.81,0.0267,3.25,0.0159,23.35,0.7883,0.0542,4.0
Tramatza,2024,9,32.45,0.019,0.5972,0.0197,3.25,0.0159,23.35,0.7883,0.0465,4.0
Tramatza,2024,10,36.35,0.0213,0.6688,0.022,3.25,0.0159,23.35,0.7883,0.0492,4.0
Tramatza,2024,11,24.01,0.014,0.4419,0.0146,3.25,0.0159,23.35,0.7883,0.04,4.0
Tramatza,2024,12,23.13,0.0135,0.4256,0.014,3.25,0.0159,23.35,0.7883,0.0392,4.0
Tratalias,2024,1,0.03,0.0,0.001,0.0,2.52,0.0123,9.48,0.3201,0.0,4.0
Tratalias,2024,2,0.22,0.0001,0.007,0.0002,2.52,0.0123,9.48,0.3201,0.003,4.0
Tratalias,2024,3,0.04,0.0,0.0013,0.0,2.52,0.0123,9.48,0.3201,0.0,4.0
Tratalias,2024,4,1.94,0.0011,0.0608,0.002,2.52,0.0123,9.48,0.3201,0.0096,4.0
Tratalias,2024,5,5.79,0.0034,0.1815,0.006,2.52,0.0123,9.48,0.3201,0.0168,4.0
Tratalias,2024,6,7.31,0.0043,0.2292,0.0075,2.52,0.0123,9.48,0.3201,0.0189,4.0
Tratalias,2024,7,13.24,0.0077,0.415,0.0137,2.52,0.0123,9.48,0.3201,0.0254,4.0
Tratalias,2024,8,40.65,0.0238,1.2744,0.042,2.52,0.0123,9.48,0.3201,0.0445,4.0
Tratalias,2024,9,12.96,0.0076,0.4063,0.0134,2.52,0.0123,9.48,0.3201,0.0252,4.0
Tratalias,2024,10,4.1,0.0024,0.1286,0.0042,2.52,0.0123,9.48,0.3201,0.0141,4.0
Tratalias,2024,11,0.78,0.0005,0.0244,0.0008,2.52,0.0123,9.48,0.3201,0.0063,4.0
Tratalias,2024,12,0.04,0.0,0.0014,0.0,2.52,0.0123,9.48,0.3201,0.0,4.0
Tresnuraghes,2024,1,1.27,0.0007,0.0396,0.0013,22.99,0.1122,11.59,0.3913,0.0141,4.0
Tresnuraghes,2024,2,2.52,0.0015,0.0781,0.0026,22.99,0.1122,11.59,0.3913,0.0203,4.0
Tresnuraghes,2024,3,8.76,0.0051,0.272,0.009,22.99,0.1122,11.59,0.3913,0.0377,4.0
Tresnuraghes,2024,4,54.75,0.032,1.7003,0.056,22.99,0.1122,11.59,0.3913,0.0942,4.0
Tresnuraghes,2024,5,93.85,0.0549,2.9149,0.096,22.99,0.1122,11.59,0.3913,0.1233,4.0
Tresnuraghes,2024,6,131.27,0.0767,4.0772,0.1343,22.99,0.1122,11.59,0.3913,0.1458,4.0
Tresnuraghes,2024,7,204.14,0.1193,6.3403,0.2088,22.99,0.1122,11.59,0.3913,0.1819,4.0
Tresnuraghes,2024,8,227.71,0.1331,7.0722,0.2329,22.99,0.1122,11.59,0.3913,0.1921,4.0
Tresnuraghes,2024,9,151.88,0.0888,4.7171,0.1553,22.99,0.1122,11.59,0.3913,0.1569,4.0
Tresnuraghes,2024,10,92.39,0.054,2.8694,0.0945,22.99,0.1122,11.59,0.3913,0.1223,4.0
Tresnuraghes,2024,11,3.28,0.0019,0.1019,0.0034,22.99,0.1122,11.59,0.3913,0.0231,4.0
Tresnuraghes,2024,12,0.99,0.0006,0.0307,0.001,22.99,0.1122,11.59,0.3913,0.0127,4.0
Triei,2024,1,0.02,0.0,0.0007,0.0,3.2,0.0156,8.25,0.2785,0.0,4.0
Triei,2024,2,0.02,0.0,0.0007,0.0,3.2,0.0156,8.25,0.2785,0.0,4.0
Triei,2024,3,3.26,0.0019,0.1013,0.0033,3.2,0.0156,8.25,0.2785,0.0128,4.0
Triei,2024,4,2.67,0.0016,0.083,0.0027,3.2,0.0156,8.25,0.2785,0.0117,4.0
Triei,2024,5,7.21,0.0042,0.2242,0.0074,3.2,0.0156,8.25,0.2785,0.0192,4.0
Triei,2024,6,15.42,0.009,0.4796,0.0158,3.2,0.0156,8.25,0.2785,0.028,4.0
Triei,2024,7,23.89,0.014,0.7431,0.0245,3.2,0.0156,8.25,0.2785,0.0349,4.0
Triei,2024,8,21.36,0.0125,0.6646,0.0219,3.2,0.0156,8.25,0.2785,0.033,4.0
Triei,2024,9,14.11,0.0082,0.4391,0.0145,3.2,0.0156,8.25,0.2785,0.0268,4.0
Triei,2024,10,8.24,0.0048,0.2563,0.0084,3.2,0.0156,8.25,0.2785,0.0205,4.0
Triei,2024,11,0.03,0.0,0.0008,0.0,3.2,0.0156,8.25,0.2785,0.0,4.0
Triei,2024,12,0.03,0.0,0.001,0.0,3.2,0.0156,8.25,0.2785,0.0,4.0
Trinità D'Agultu E Vignola,2024,1,0.13,0.0001,0.0072,0.0002,54.2,0.2646,10.97,0.3704,0.0067,4.0
Trinità D'Agultu E Vignola,2024,2,0.2,0.0001,0.0115,0.0004,54.2,0.2646,10.97,0.3704,0.0079,4.0
Trinità D'Agultu E Vignola,2024,3,0.67,0.0004,0.0383,0.0013,54.2,0.2646,10.97,0.3704,0.015,4.0
Trinità D'Agultu E Vignola,2024,4,7.52,0.0044,0.4292,0.0141,54.2,0.2646,10.97,0.3704,0.0497,4.0
Trinità D'Agultu E Vignola,2024,5,109.94,0.0643,6.2705,0.2065,54.2,0.2646,10.97,0.3704,0.1899,4.0
Trinità D'Agultu E Vignola,2024,6,365.23,0.2135,20.8311,0.6859,54.2,0.2646,10.97,0.3704,0.3461,4.0
Trinità D'Agultu E Vignola,2024,7,477.58,0.2792,27.239,0.8969,54.2,0.2646,10.97,0.3704,0.3958,4.0
Trinità D'Agultu E Vignola,2024,8,470.34,0.275,26.8265,0.8833,54.2,0.2646,10.97,0.3704,0.3928,4.0
Trinità D'Agultu E Vignola,2024,9,532.86,0.3115,30.3922,1.0,54.2,0.2646,10.97,0.3704,0.418,4.0
Trinità D'Agultu E Vignola,2024,10,584.88,0.3419,33.3594,1.0,54.2,0.2646,10.97,0.3704,0.4278,4.0
Trinità D'Agultu E Vignola,2024,11,2.75,0.0016,0.157,0.0052,54.2,0.2646,10.97,0.3704,0.0301,4.0
Trinità D'Agultu E Vignola,2024,12,2.3,0.0013,0.131,0.0043,54.2,0.2646,10.97,0.3704,0.0272,4.0
Tuili,2024,1,0.02,0.0,0.0004,0.0,2.13,0.0104,1.16,0.0392,0.0,4.0
Tuili,2024,2,0.02,0.0,0.0004,0.0,2.13,0.0104,1.16,0.0392,0.0,4.0
Tuili,2024,3,1.78,0.001,0.0475,0.0016,2.13,0.0104,1.16,0.0392,0.0051,4.0
Tuili,2024,4,1.34,0.0008,0.0359,0.0012,2.13,0.0104,1.16,0.0392,0.0044,4.0
Tuili,2024,5,0.69,0.0004,0.0185,0.0006,2.13,0.0104,1.16,0.0392,0.0031,4.0
Tuili,2024,6,0.69,0.0004,0.0184,0.0006,2.13,0.0104,1.16,0.0392,0.0031,4.0
Tuili,2024,7,0.96,0.0006,0.0256,0.0008,2.13,0.0104,1.16,0.0392,0.0037,4.0
Tuili,2024,8,2.15,0.0013,0.0573,0.0019,2.13,0.0104,1.16,0.0392,0.0056,4.0
Tuili,2024,9,1.28,0.0007,0.0343,0.0011,2.13,0.0104,1.16,0.0392,0.0042,4.0
Tuili,2024,10,0.03,0.0,0.0009,0.0,2.13,0.0104,1.16,0.0392,0.0,4.0
Tuili,2024,11,0.02,0.0,0.0005,0.0,2.13,0.0104,1.16,0.0392,0.0,4.0
Tuili,2024,12,0.02,0.0,0.0006,0.0,2.13,0.0104,1.16,0.0392,0.0,4.0
Tula,2024,1,0.0,0.0,0.0001,0.0,0.75,0.0037,7.04,0.2377,0.0,4.0
Tula,2024,2,0.11,0.0001,0.005,0.0002,0.75,0.0037,7.04,0.2377,0.002,4.0
Tula,2024,3,0.89,0.0005,0.0414,0.0014,0.75,0.0037,7.04,0.2377,0.005,4.0
Tula,2024,4,0.84,0.0005,0.0387,0.0013,0.75,0.0037,7.04,0.2377,0.0049,4.0
Tula,2024,5,1.14,0.0007,0.0527,0.0017,0.75,0.0037,7.04,0.2377,0.0057,4.0
Tula,2024,6,4.01,0.0023,0.1858,0.0061,0.75,0.0037,7.04,0.2377,0.0105,4.0
Tula,2024,7,3.2,0.0019,0.1482,0.0049,0.75,0.0037,7.04,0.2377,0.0095,4.0
Tula,2024,8,3.2,0.0019,0.1483,0.0049,0.75,0.0037,7.04,0.2377,0.0095,4.0
Tula,2024,9,3.86,0.0023,0.1786,0.0059,0.75,0.0037,7.04,0.2377,0.0105,4.0
Tula,2024,10,1.45,0.0008,0.0674,0.0022,0.75,0.0037,7.04,0.2377,0.0063,4.0
Tula,2024,11,0.38,0.0002,0.0176,0.0006,0.75,0.0037,7.04,0.2377,0.0032,4.0
Tula,2024,12,0.29,0.0002,0.0135,0.0004,0.75,0.0037,7.04,0.2377,0.0029,4.0
Turri,2024,1,5.52,0.0032,0.1387,0.0046,2.23,0.0109,20.76,0.7009,0.0183,4.0
Turri,2024,2,2.76,0.0016,0.0693,0.0023,2.23,0.0109,20.76,0.7009,0.0129,4.0
Turri,2024,3,9.34,0.0055,0.2347,0.0077,2.23,0.0109,20.76,0.7009,0.0238,4.0
Turri,2024,4,22.5,0.0132,0.5653,0.0186,2.23,0.0109,20.76,0.7009,0.037,4.0
Turri,2024,5,17.4,0.0102,0.4373,0.0144,2.23,0.0109,20.76,0.7009,0.0325,4.0
Turri,2024,6,14.75,0.0086,0.3707,0.0122,2.23,0.0109,20.76,0.7009,0.0299,4.0
Turri,2024,7,12.31,0.0072,0.3093,0.0102,2.23,0.0109,20.76,0.7009,0.0274,4.0
Turri,2024,8,21.86,0.0128,0.5493,0.0181,2.23,0.0109,20.76,0.7009,0.0365,4.0
Turri,2024,9,22.18,0.013,0.5573,0.0184,2.23,0.0109,20.76,0.7009,0.0368,4.0
Turri,2024,10,15.71,0.0092,0.3947,0.013,2.23,0.0109,20.76,0.7009,0.0309,4.0
Turri,2024,11,17.3,0.0101,0.4347,0.0143,2.23,0.0109,20.76,0.7009,0.0324,4.0
Turri,2024,12,7.22,0.0042,0.1813,0.006,2.23,0.0109,20.76,0.7009,0.0209,4.0
Ulassai,2024,1,0.65,0.0004,0.0588,0.0019,1.71,0.0083,11.83,0.3994,0.0071,4.0
Ulassai,2024,2,0.38,0.0002,0.0338,0.0011,1.71,0.0083,11.83,0.3994,0.0052,4.0
Ulassai,2024,3,2.7,0.0016,0.2425,0.008,1.71,0.0083,11.83,0.3994,0.0144,4.0
Ulassai,2024,4,5.92,0.0035,0.532,0.0175,1.71,0.0083,11.83,0.3994,0.0212,4.0
Ulassai,2024,5,8.72,0.0051,0.784,0.0258,1.71,0.0083,11.83,0.3994,0.0257,4.0
Ulassai,2024,6,6.1,0.0036,0.5481,0.018,1.71,0.0083,11.83,0.3994,0.0215,4.0
Ulassai,2024,7,7.29,0.0043,0.6554,0.0216,1.71,0.0083,11.83,0.3994,0.0236,4.0
Ulassai,2024,8,11.85,0.0069,1.0654,0.0351,1.71,0.0083,11.83,0.3994,0.0299,4.0
Ulassai,2024,9,9.76,0.0057,0.8773,0.0289,1.71,0.0083,11.83,0.3994,0.0272,4.0
Ulassai,2024,10,11.53,0.0067,1.0367,0.0341,1.71,0.0083,11.83,0.3994,0.0295,4.0
Ulassai,2024,11,4.2,0.0025,0.3777,0.0124,1.71,0.0083,11.83,0.3994,0.0179,4.0
Ulassai,2024,12,4.67,0.0027,0.4195,0.0138,1.71,0.0083,11.83,0.3994,0.0187,4.0
Ulà Tirso,2024,1,0.02,0.0,0.0009,0.0,0.78,0.0038,2.39,0.0807,0.0,4.0
Ulà Tirso,2024,2,0.02,0.0,0.0008,0.0,0.78,0.0038,2.39,0.0807,0.0,4.0
Ulà Tirso,2024,3,1.12,0.0007,0.0476,0.0016,0.78,0.0038,2.39,0.0807,0.0043,4.0
Ulà Tirso,2024,4,0.3,0.0002,0.0129,0.0004,0.78,0.0038,2.39,0.0807,0.0022,4.0
Ulà Tirso,2024,5,0.05,0.0,0.0021,0.0001,0.78,0.0038,2.39,0.0807,0.0,4.0
Ulà Tirso,2024,6,0.62,0.0004,0.0261,0.0009,0.78,0.0038,2.39,0.0807,0.0032,4.0
Ulà Tirso,2024,7,1.48,0.0009,0.0629,0.0021,0.78,0.0038,2.39,0.0807,0.0049,4.0
Ulà Tirso,2024,8,0.13,0.0001,0.0055,0.0002,0.78,0.0038,2.39,0.0807,0.0016,4.0
Ulà Tirso,2024,9,0.75,0.0004,0.0318,0.001,0.78,0.0038,2.39,0.0807,0.0033,4.0
Ulà Tirso,2024,10,1.19,0.0007,0.0505,0.0017,0.78,0.0038,2.39,0.0807,0.0044,4.0
Ulà Tirso,2024,11,0.7,0.0004,0.0297,0.001,0.78,0.0038,2.39,0.0807,0.0033,4.0
Ulà Tirso,2024,12,0.45,0.0003,0.0189,0.0006,0.78,0.0038,2.39,0.0807,0.0027,4.0
Uras,2024,1,0.0,0.0,0.0,0.0,0.89,0.0043,5.06,0.1708,0.0,4.0
Uras,2024,2,0.69,0.0004,0.0102,0.0003,0.89,0.0043,5.06,0.1708,0.0031,4.0
Uras,2024,3,0.49,0.0003,0.0072,0.0002,0.89,0.0043,5.06,0.1708,0.0026,4.0
Uras,2024,4,1.05,0.0006,0.0155,0.0005,0.89,0.0043,5.06,0.1708,0.0039,4.0
Uras,2024,5,1.54,0.0009,0.0226,0.0007,0.89,0.0043,5.06,0.1708,0.0046,4.0
Uras,2024,6,3.04,0.0018,0.0448,0.0015,0.89,0.0043,5.06,0.1708,0.0067,4.0
Uras,2024,7,3.1,0.0018,0.0456,0.0015,0.89,0.0043,5.06,0.1708,0.0067,4.0
Uras,2024,8,3.05,0.0018,0.0449,0.0015,0.89,0.0043,5.06,0.1708,0.0067,4.0
Uras,2024,9,2.1,0.0012,0.0309,0.001,0.89,0.0043,5.06,0.1708,0.0054,4.0
Uras,2024,10,0.59,0.0003,0.0087,0.0003,0.89,0.0043,5.06,0.1708,0.0029,4.0
Uras,2024,11,0.26,0.0002,0.0038,0.0001,0.89,0.0043,5.06,0.1708,0.002,4.0
Uras,2024,12,0.54,0.0003,0.0079,0.0003,0.89,0.0043,5.06,0.1708,0.0029,4.0
Uri,2024,1,0.65,0.0004,0.013,0.0004,1.53,0.0075,7.23,0.2441,0.0041,4.0
Uri,2024,2,0.6,0.0004,0.012,0.0004,1.53,0.0075,7.23,0.2441,0.0041,4.0
Uri,2024,3,1.11,0.0006,0.0222,0.0007,1.53,0.0075,7.23,0.2441,0.0053,4.0
Uri,2024,4,0.74,0.0004,0.0148,0.0005,1.53,0.0075,7.23,0.2441,0.0044,4.0
Uri,2024,5,2.01,0.0012,0.0401,0.0013,1.53,0.0075,7.23,0.2441,0.0073,4.0
Uri,2024,6,2.47,0.0014,0.0493,0.0016,1.53,0.0075,7.23,0.2441,0.008,4.0
Uri,2024,7,5.39,0.0032,0.1077,0.0035,1.53,0.0075,7.23,0.2441,0.012,4.0
Uri,2024,8,16.95,0.0099,0.3385,0.0111,1.53,0.0075,7.23,0.2441,0.0212,4.0
Uri,2024,9,5.64,0.0033,0.1126,0.0037,1.53,0.0075,7.23,0.2441,0.0122,4.0
Uri,2024,10,1.62,0.0009,0.0324,0.0011,1.53,0.0075,7.23,0.2441,0.0065,4.0
Uri,2024,11,1.3,0.0008,0.026,0.0009,1.53,0.0075,7.23,0.2441,0.006,4.0
Uri,2024,12,1.99,0.0012,0.0398,0.0013,1.53,0.0075,7.23,0.2441,0.0073,4.0
Urzulei,2024,1,0.79,0.0005,0.0952,0.0031,1.47,0.0072,6.71,0.2265,0.0071,4.0
Urzulei,2024,2,0.39,0.0002,0.0476,0.0016,1.47,0.0072,6.71,0.2265,0.0048,4.0
Urzulei,2024,3,1.1,0.0006,0.1326,0.0044,1.47,0.0072,6.71,0.2265,0.0081,4.0
Urzulei,2024,4,3.23,0.0019,0.3912,0.0129,1.47,0.0072,6.71,0.2265,0.0141,4.0
Urzulei,2024,5,4.67,0.0027,0.5658,0.0186,1.47,0.0072,6.71,0.2265,0.0169,4.0
Urzulei,2024,6,3.69,0.0022,0.4463,0.0147,1.47,0.0072,6.71,0.2265,0.0152,4.0
Urzulei,2024,7,3.98,0.0023,0.4818,0.0159,1.47,0.0072,6.71,0.2265,0.0156,4.0
Urzulei,2024,8,7.17,0.0042,0.8674,0.0286,1.47,0.0072,6.71,0.2265,0.021,4.0
Urzulei,2024,9,5.2,0.003,0.6293,0.0207,1.47,0.0072,6.71,0.2265,0.0178,4.0
Urzulei,2024,10,4.32,0.0025,0.5229,0.0172,1.47,0.0072,6.71,0.2265,0.0163,4.0
Urzulei,2024,11,1.13,0.0007,0.1373,0.0045,1.47,0.0072,6.71,0.2265,0.0085,4.0
Urzulei,2024,12,0.44,0.0003,0.0532,0.0018,1.47,0.0072,6.71,0.2265,0.0054,4.0
Usellus,2024,1,0.01,0.0,0.0004,0.0,0.28,0.0014,0.25,0.0084,0.0,4.0
Usellus,2024,2,0.01,0.0,0.0004,0.0,0.28,0.0014,0.25,0.0084,0.0,4.0
Usellus,2024,3,0.01,0.0,0.0005,0.0,0.28,0.0014,0.25,0.0084,0.0,4.0
Usellus,2024,4,0.02,0.0,0.0009,0.0,0.28,0.0014,0.25,0.0084,0.0,4.0
Usellus,2024,5,0.02,0.0,0.0009,0.0,0.28,0.0014,0.25,0.0084,0.0,4.0
Usellus,2024,6,0.04,0.0,0.0018,0.0001,0.28,0.0014,0.25,0.0084,0.0,4.0
Usellus,2024,7,0.05,0.0,0.0024,0.0001,0.28,0.0014,0.25,0.0084,0.0,4.0
Usellus,2024,8,0.05,0.0,0.0025,0.0001,0.28,0.0014,0.25,0.0084,0.0,4.0
Usellus,2024,9,0.03,0.0,0.0014,0.0,0.28,0.0014,0.25,0.0084,0.0,4.0
Usellus,2024,10,0.02,0.0,0.0008,0.0,0.28,0.0014,0.25,0.0084,0.0,4.0
Usellus,2024,11,0.01,0.0,0.0004,0.0,0.28,0.0014,0.25,0.0084,0.0,4.0
Usellus,2024,12,0.01,0.0,0.0005,0.0,0.28,0.0014,0.25,0.0084,0.0,4.0
Usini,2024,1,0.26,0.0002,0.0019,0.0001,0.72,0.0035,4.07,0.1374,0.0018,4.0
Usini,2024,2,0.42,0.0002,0.0031,0.0001,0.72,0.0035,4.07,0.1374,0.0018,4.0
Usini,2024,3,0.2,0.0001,0.0014,0.0,0.72,0.0035,4.07,0.1374,0.0,4.0
Usini,2024,4,0.49,0.0003,0.0036,0.0001,0.72,0.0035,4.07,0.1374,0.0019,4.0
Usini,2024,5,0.95,0.0006,0.0069,0.0002,0.72,0.0035,4.07,0.1374,0.0028,4.0
Usini,2024,6,0.98,0.0006,0.0072,0.0002,0.72,0.0035,4.07,0.1374,0.0028,4.0
Usini,2024,7,2.74,0.0016,0.0201,0.0007,0.72,0.0035,4.07,0.1374,0.0048,4.0
Usini,2024,8,3.46,0.002,0.0253,0.0008,0.72,0.0035,4.07,0.1374,0.0053,4.0
Usini,2024,9,0.42,0.0002,0.0031,0.0001,0.72,0.0035,4.07,0.1374,0.0018,4.0
Usini,2024,10,0.39,0.0002,0.0029,0.0001,0.72,0.0035,4.07,0.1374,0.0018,4.0
Usini,2024,11,,,,,0.72,0.0035,4.07,0.1374,0.0219,2.0
Usini,2024,12,0.36,0.0002,0.0026,0.0001,0.72,0.0035,4.07,0.1374,0.0018,4.0
Ussana,2024,1,0.04,0.0,0.0003,0.0,1.1,0.0054,6.86,0.2316,0.0,4.0
Ussana,2024,2,0.03,0.0,0.0003,0.0,1.1,0.0054,6.86,0.2316,0.0,4.0
Ussana,2024,3,0.47,0.0003,0.0039,0.0001,1.1,0.0054,6.86,0.2316,0.0025,4.0
Ussana,2024,4,0.08,0.0,0.0006,0.0,1.1,0.0054,6.86,0.2316,0.0,4.0
Ussana,2024,5,0.08,0.0,0.0007,0.0,1.1,0.0054,6.86,0.2316,0.0,4.0
Ussana,2024,6,3.58,0.0021,0.0292,0.001,1.1,0.0054,6.86,0.2316,0.0072,4.0
Ussana,2024,7,5.28,0.0031,0.0431,0.0014,1.1,0.0054,6.86,0.2316,0.0086,4.0
Ussana,2024,8,8.85,0.0052,0.0723,0.0024,1.1,0.0054,6.86,0.2316,0.0112,4.0
Ussana,2024,9,4.88,0.0029,0.0398,0.0013,1.1,0.0054,6.86,0.2316,0.0083,4.0
Ussana,2024,10,2.3,0.0013,0.0188,0.0006,1.1,0.0054,6.86,0.2316,0.0056,4.0
Ussana,2024,11,0.77,0.0005,0.0063,0.0002,1.1,0.0054,6.86,0.2316,0.0033,4.0
Ussana,2024,12,1.12,0.0007,0.0091,0.0003,1.1,0.0054,6.86,0.2316,0.004,4.0
Ussaramanna,2024,1,,,,,0.0,0.0,,,0.0,1.0
Ussaramanna,2024,2,,,,,0.0,0.0,,,0.0,1.0
Ussaramanna,2024,3,,,,,0.0,0.0,,,0.0,1.0
Ussaramanna,2024,4,,,,,0.0,0.0,,,0.0,1.0
Ussaramanna,2024,5,,,,,0.0,0.0,,,0.0,1.0
Ussaramanna,2024,6,,,,,0.0,0.0,,,0.0,1.0
Ussaramanna,2024,7,,,,,0.0,0.0,,,0.0,1.0
Ussaramanna,2024,8,,,,,0.0,0.0,,,0.0,1.0
Ussaramanna,2024,9,,,,,0.0,0.0,,,0.0,1.0
Ussaramanna,2024,10,,,,,0.0,0.0,,,0.0,1.0
Ussaramanna,2024,11,,,,,0.0,0.0,,,0.0,1.0
Ussaramanna,2024,12,,,,,0.0,0.0,,,0.0,1.0
Ussassai,2024,1,0.27,0.0002,0.0292,0.001,0.55,0.0027,3.11,0.105,0.0027,4.0
Ussassai,2024,2,0.08,0.0,0.009,0.0003,0.55,0.0027,3.11,0.105,0.0,4.0
Ussassai,2024,3,0.36,0.0002,0.0382,0.0013,0.55,0.0027,3.11,0.105,0.0029,4.0
Ussassai,2024,4,0.51,0.0003,0.0539,0.0018,0.55,0.0027,3.11,0.105,0.0035,4.0
Ussassai,2024,5,0.7,0.0004,0.0742,0.0024,0.55,0.0027,3.11,0.105,0.0041,4.0
Ussassai,2024,6,0.53,0.0003,0.0562,0.0019,0.55,0.0027,3.11,0.105,0.0036,4.0
Ussassai,2024,7,0.27,0.0002,0.0292,0.001,0.55,0.0027,3.11,0.105,0.0027,4.0
Ussassai,2024,8,1.5,0.0009,0.1596,0.0053,0.55,0.0027,3.11,0.105,0.0061,4.0
Ussassai,2024,9,0.84,0.0005,0.0899,0.003,0.55,0.0027,3.11,0.105,0.0045,4.0
Ussassai,2024,10,0.51,0.0003,0.0539,0.0018,0.55,0.0027,3.11,0.105,0.0035,4.0
Ussassai,2024,11,0.34,0.0002,0.036,0.0012,0.55,0.0027,3.11,0.105,0.0029,4.0
Ussassai,2024,12,0.32,0.0002,0.0337,0.0011,0.55,0.0027,3.11,0.105,0.0028,4.0
Uta,2024,1,0.8,0.0005,0.0121,0.0004,1.23,0.006,5.88,0.1985,0.0039,4.0
Uta,2024,2,1.23,0.0007,0.0187,0.0006,1.23,0.006,5.88,0.1985,0.0047,4.0
Uta,2024,3,1.26,0.0007,0.0191,0.0006,1.23,0.006,5.88,0.1985,0.0047,4.0
Uta,2024,4,1.2,0.0007,0.0181,0.0006,1.23,0.006,5.88,0.1985,0.0047,4.0
Uta,2024,5,2.03,0.0012,0.0307,0.001,1.23,0.006,5.88,0.1985,0.0061,4.0
Uta,2024,6,4.28,0.0025,0.0648,0.0021,1.23,0.006,5.88,0.1985,0.0089,4.0
Uta,2024,7,3.13,0.0018,0.0473,0.0016,1.23,0.006,5.88,0.1985,0.0077,4.0
Uta,2024,8,3.75,0.0022,0.0568,0.0019,1.23,0.006,5.88,0.1985,0.0084,4.0
Uta,2024,9,2.7,0.0016,0.0408,0.0013,1.23,0.006,5.88,0.1985,0.0071,4.0
Uta,2024,10,3.23,0.0019,0.0488,0.0016,1.23,0.006,5.88,0.1985,0.0078,4.0
Uta,2024,11,2.33,0.0014,0.0352,0.0012,1.23,0.006,5.88,0.1985,0.0067,4.0
Uta,2024,12,0.39,0.0002,0.0058,0.0002,1.23,0.006,5.88,0.1985,0.0026,4.0
Valledoria,2024,1,6.66,0.0039,0.0392,0.0013,217.07,1.0,9.58,0.3234,0.0358,4.0
Valledoria,2024,2,7.96,0.0047,0.0468,0.0015,217.07,1.0,9.58,0.3234,0.0389,4.0
Valledoria,2024,3,18.56,0.0109,0.1092,0.0036,217.07,1.0,9.58,0.3234,0.0597,4.0
Valledoria,2024,4,120.6,0.0705,0.7093,0.0234,217.07,1.0,9.58,0.3234,0.152,4.0
Valledoria,2024,5,542.01,0.3169,3.188,0.105,217.07,1.0,9.58,0.3234,0.3221,4.0
Valledoria,2024,6,1011.82,0.5916,5.9513,0.196,217.07,1.0,9.58,0.3234,0.4401,4.0
Valledoria,2024,7,1995.43,1.0,11.7367,0.3865,217.07,1.0,9.58,0.3234,0.5946,4.0
Valledoria,2024,8,2311.07,1.0,13.5932,0.4476,217.07,1.0,9.58,0.3234,0.6168,4.0
Valledoria,2024,9,1229.05,0.7186,7.229,0.238,217.07,1.0,9.58,0.3234,0.485,4.0
Valledoria,2024,10,324.51,0.1897,1.9087,0.0628,217.07,1.0,9.58,0.3234,0.2491,4.0
Valledoria,2024,11,9.18,0.0054,0.054,0.0018,217.07,1.0,9.58,0.3234,0.0421,4.0
Valledoria,2024,12,9.69,0.0057,0.057,0.0019,217.07,1.0,9.58,0.3234,0.0433,4.0
Vallermosa,2024,1,2.31,0.0014,0.0796,0.0026,1.43,0.007,4.08,0.1377,0.0077,4.0
Vallermosa,2024,2,1.58,0.0009,0.0544,0.0018,1.43,0.007,4.08,0.1377,0.0063,4.0
Vallermosa,2024,3,1.1,0.0006,0.0381,0.0013,1.43,0.007,4.08,0.1377,0.0052,4.0
Vallermosa,2024,4,3.52,0.0021,0.1217,0.004,1.43,0.007,4.08,0.1377,0.0095,4.0
Vallermosa,2024,5,2.52,0.0015,0.0869,0.0029,1.43,0.007,4.08,0.1377,0.008,4.0
Vallermosa,2024,6,2.83,0.0017,0.0976,0.0032,1.43,0.007,4.08,0.1377,0.0085,4.0
Vallermosa,2024,7,1.56,0.0009,0.0538,0.0018,1.43,0.007,4.08,0.1377,0.0063,4.0
Vallermosa,2024,8,1.01,0.0006,0.0348,0.0011,1.43,0.007,4.08,0.1377,0.005,4.0
Vallermosa,2024,9,2.26,0.0013,0.078,0.0026,1.43,0.007,4.08,0.1377,0.0076,4.0
Vallermosa,2024,10,0.89,0.0005,0.0308,0.001,1.43,0.007,4.08,0.1377,0.0047,4.0
Vallermosa,2024,11,0.71,0.0004,0.0247,0.0008,1.43,0.007,4.08,0.1377,0.0042,4.0
Vallermosa,2024,12,0.97,0.0006,0.0337,0.0011,1.43,0.007,4.08,0.1377,0.005,4.0
Viddalba,2024,1,0.01,0.0,0.0003,0.0,9.31,0.0455,5.09,0.1718,0.0,4.0
Viddalba,2024,2,0.01,0.0,0.0003,0.0,9.31,0.0455,5.09,0.1718,0.0,4.0
Viddalba,2024,3,1.12,0.0007,0.0355,0.0012,9.31,0.0455,5.09,0.1718,0.009,4.0
Viddalba,2024,4,9.01,0.0053,0.2846,0.0094,9.31,0.0455,5.09,0.1718,0.025,4.0
Viddalba,2024,5,8.24,0.0048,0.2602,0.0086,9.31,0.0455,5.09,0.1718,0.0238,4.0
Viddalba,2024,6,14.31,0.0084,0.452,0.0149,9.31,0.0455,5.09,0.1718,0.0315,4.0
Viddalba,2024,7,48.44,0.0283,1.5295,0.0504,9.31,0.0455,5.09,0.1718,0.0578,4.0
Viddalba,2024,8,71.07,0.0416,2.2443,0.0739,9.31,0.0455,5.09,0.1718,0.07,4.0
Viddalba,2024,9,16.07,0.0094,0.5075,0.0167,9.31,0.0455,5.09,0.1718,0.0333,4.0
Viddalba,2024,10,4.23,0.0025,0.1335,0.0044,9.31,0.0455,5.09,0.1718,0.0171,4.0
Viddalba,2024,11,0.01,0.0,0.0003,0.0,9.31,0.0455,5.09,0.1718,0.0,4.0
Viddalba,2024,12,0.61,0.0004,0.0192,0.0006,9.31,0.0455,5.09,0.1718,0.0066,4.0
Villa San Pietro,2024,1,0.02,0.0,0.0004,0.0,7.27,0.0355,6.28,0.212,0.0,4.0
Villa San Pietro,2024,2,0.02,0.0,0.0004,0.0,7.27,0.0355,6.28,0.212,0.0,4.0
Villa San Pietro,2024,3,1.0,0.0006,0.0186,0.0006,7.27,0.0355,6.28,0.212,0.0072,4.0
Villa San Pietro,2024,4,2.68,0.0016,0.05,0.0016,7.27,0.0355,6.28,0.212,0.0118,4.0
Villa San Pietro,2024,5,8.47,0.005,0.158,0.0052,7.27,0.0355,6.28,0.212,0.021,4.0
Villa San Pietro,2024,6,20.41,0.0119,0.3807,0.0125,7.27,0.0355,6.28,0.212,0.0325,4.0
Villa San Pietro,2024,7,46.19,0.027,0.8617,0.0284,7.27,0.0355,6.28,0.212,0.049,4.0
Villa San Pietro,2024,8,55.68,0.0326,1.0387,0.0342,7.27,0.0355,6.28,0.212,0.0538,4.0
Villa San Pietro,2024,9,24.88,0.0145,0.4641,0.0153,7.27,0.0355,6.28,0.212,0.0359,4.0
Villa San Pietro,2024,10,7.35,0.0043,0.137,0.0045,7.27,0.0355,6.28,0.212,0.0195,4.0
Villa San Pietro,2024,11,0.02,0.0,0.0004,0.0,7.27,0.0355,6.28,0.212,0.0,4.0
Villa San Pietro,2024,12,0.03,0.0,0.0006,0.0,7.27,0.0355,6.28,0.212,0.0,4.0
Villa Sant'Antonio,2024,1,,,,,0.0,0.0,,,0.0,1.0
Villa Sant'Antonio,2024,2,,,,,0.0,0.0,,,0.0,1.0
Villa Sant'Antonio,2024,3,,,,,0.0,0.0,,,0.0,1.0
Villa Sant'Antonio,2024,4,,,,,0.0,0.0,,,0.0,1.0
Villa Sant'Antonio,2024,5,,,,,0.0,0.0,,,0.0,1.0
Villa Sant'Antonio,2024,6,,,,,0.0,0.0,,,0.0,1.0
Villa Sant'Antonio,2024,7,,,,,0.0,0.0,,,0.0,1.0
Villa Sant'Antonio,2024,8,,,,,0.0,0.0,,,0.0,1.0
Villa Sant'Antonio,2024,9,,,,,0.0,0.0,,,0.0,1.0
Villa Sant'Antonio,2024,10,,,,,0.0,0.0,,,0.0,1.0
Villa Sant'Antonio,2024,11,,,,,0.0,0.0,,,0.0,1.0
Villa Sant'Antonio,2024,12,,,,,0.0,0.0,,,0.0,1.0
Villa Verde,2024,1,,,,,0.0,0.0,,,0.0,1.0
Villa Verde,2024,2,,,,,0.0,0.0,,,0.0,1.0
Villa Verde,2024,3,,,,,0.0,0.0,,,0.0,1.0
Villa Verde,2024,4,,,,,0.0,0.0,,,0.0,1.0
Villa Verde,2024,5,,,,,0.0,0.0,,,0.0,1.0
Villa Verde,2024,6,,,,,0.0,0.0,,,0.0,1.0
Villa Verde,2024,7,,,,,0.0,0.0,,,0.0,1.0
Villa Verde,2024,8,,,,,0.0,0.0,,,0.0,1.0
Villa Verde,2024,9,,,,,0.0,0.0,,,0.0,1.0
Villa Verde,2024,10,,,,,0.0,0.0,,,0.0,1.0
Villa Verde,2024,11,,,,,0.0,0.0,,,0.0,1.0
Villa Verde,2024,12,,,,,0.0,0.0,,,0.0,1.0
Villacidro,2024,1,0.39,0.0002,0.0054,0.0002,0.58,0.0028,8.22,0.2775,0.0024,4.0
Villacidro,2024,2,0.62,0.0004,0.0086,0.0003,0.58,0.0028,8.22,0.2775,0.0031,4.0
Villacidro,2024,3,1.15,0.0007,0.0161,0.0005,0.58,0.0028,8.22,0.2775,0.0041,4.0
Villacidro,2024,4,1.23,0.0007,0.0172,0.0006,0.58,0.0028,8.22,0.2775,0.0043,4.0
Villacidro,2024,5,1.4,0.0008,0.0195,0.0006,0.58,0.0028,8.22,0.2775,0.0044,4.0
Villacidro,2024,6,1.18,0.0007,0.0165,0.0005,0.58,0.0028,8.22,0.2775,0.0041,4.0
Villacidro,2024,7,2.55,0.0015,0.0357,0.0012,0.58,0.0028,8.22,0.2775,0.0061,4.0
Villacidro,2024,8,2.94,0.0017,0.0412,0.0014,0.58,0.0028,8.22,0.2775,0.0066,4.0
Villacidro,2024,9,2.2,0.0013,0.0308,0.001,0.58,0.0028,8.22,0.2775,0.0056,4.0
Villacidro,2024,10,1.44,0.0008,0.0201,0.0007,0.58,0.0028,8.22,0.2775,0.0046,4.0
Villacidro,2024,11,1.16,0.0007,0.0162,0.0005,0.58,0.0028,8.22,0.2775,0.0041,4.0
Villacidro,2024,12,1.24,0.0007,0.0173,0.0006,0.58,0.0028,8.22,0.2775,0.0043,4.0
Villagrande Strisaili,2024,1,0.0,0.0,0.0001,0.0,0.74,0.0036,0.56,0.0189,0.0,4.0
Villagrande Strisaili,2024,2,0.0,0.0,0.0001,0.0,0.74,0.0036,0.56,0.0189,0.0,4.0
Villagrande Strisaili,2024,3,0.04,0.0,0.0029,0.0001,0.74,0.0036,0.56,0.0189,0.0,4.0
Villagrande Strisaili,2024,4,0.04,0.0,0.0031,0.0001,0.74,0.0036,0.56,0.0189,0.0,4.0
Villagrande Strisaili,2024,5,0.14,0.0001,0.01,0.0003,0.74,0.0036,0.56,0.0189,0.0012,4.0
Villagrande Strisaili,2024,6,0.2,0.0001,0.0144,0.0005,0.74,0.0036,0.56,0.0189,0.0014,4.0
Villagrande Strisaili,2024,7,0.16,0.0001,0.0112,0.0004,0.74,0.0036,0.56,0.0189,0.0013,4.0
Villagrande Strisaili,2024,8,0.71,0.0004,0.0514,0.0017,0.74,0.0036,0.56,0.0189,0.0026,4.0
Villagrande Strisaili,2024,9,0.16,0.0001,0.0115,0.0004,0.74,0.0036,0.56,0.0189,0.0013,4.0
Villagrande Strisaili,2024,10,0.06,0.0,0.0044,0.0001,0.74,0.0036,0.56,0.0189,0.0,4.0
Villagrande Strisaili,2024,11,0.0,0.0,0.0002,0.0,0.74,0.0036,0.56,0.0189,0.0,4.0
Villagrande Strisaili,2024,12,0.0,0.0,0.0002,0.0,0.74,0.0036,0.56,0.0189,0.0,4.0
Villamar,2024,1,0.09,0.0001,0.0015,0.0,0.31,0.0015,2.63,0.0888,0.0,4.0
Villamar,2024,2,0.09,0.0001,0.0014,0.0,0.31,0.0015,2.63,0.0888,0.0,4.0
Villamar,2024,3,0.12,0.0001,0.0019,0.0001,0.31,0.0015,2.63,0.0888,0.0011,4.0
Villamar,2024,4,0.2,0.0001,0.0031,0.0001,0.31,0.0015,2.63,0.0888,0.0011,4.0
Villamar,2024,5,0.22,0.0001,0.0034,0.0001,0.31,0.0015,2.63,0.0888,0.0011,4.0
Villamar,2024,6,0.42,0.0002,0.0066,0.0002,0.31,0.0015,2.63,0.0888,0.0015,4.0
Villamar,2024,7,0.57,0.0003,0.0089,0.0003,0.31,0.0015,2.63,0.0888,0.0019,4.0
Villamar,2024,8,0.58,0.0003,0.0091,0.0003,0.31,0.0015,2.63,0.0888,0.0019,4.0
Villamar,2024,9,0.32,0.0002,0.005,0.0002,0.31,0.0015,2.63,0.0888,0.0015,4.0
Villamar,2024,10,0.19,0.0001,0.0031,0.0001,0.31,0.0015,2.63,0.0888,0.0011,4.0
Villamar,2024,11,0.1,0.0001,0.0016,0.0001,0.31,0.0015,2.63,0.0888,0.0011,4.0
Villamar,2024,12,0.13,0.0001,0.002,0.0001,0.31,0.0015,2.63,0.0888,0.0011,4.0
Villamassargia,2024,1,0.01,0.0,0.0001,0.0,1.08,0.0053,4.56,0.154,0.0,4.0
Villamassargia,2024,2,0.01,0.0,0.0001,0.0,1.08,0.0053,4.56,0.154,0.0,4.0
Villamassargia,2024,3,0.17,0.0001,0.0047,0.0002,1.08,0.0053,4.56,0.154,0.002,4.0
Villamassargia,2024,4,0.34,0.0002,0.0093,0.0003,1.08,0.0053,4.56,0.154,0.0026,4.0
Villamassargia,2024,5,1.29,0.0008,0.0355,0.0012,1.08,0.0053,4.56,0.154,0.0053,4.0
Villamassargia,2024,6,0.95,0.0006,0.0262,0.0009,1.08,0.0053,4.56,0.154,0.0046,4.0
Villamassargia,2024,7,3.58,0.0021,0.0983,0.0032,1.08,0.0053,4.56,0.154,0.0086,4.0
Villamassargia,2024,8,8.72,0.0051,0.2396,0.0079,1.08,0.0053,4.56,0.154,0.0135,4.0
Villamassargia,2024,9,1.47,0.0009,0.0405,0.0013,1.08,0.0053,4.56,0.154,0.0056,4.0
Villamassargia,2024,10,0.72,0.0004,0.0199,0.0007,1.08,0.0053,4.56,0.154,0.0039,4.0
Villamassargia,2024,11,0.34,0.0002,0.0095,0.0003,1.08,0.0053,4.56,0.154,0.0026,4.0
Villamassargia,2024,12,0.43,0.0003,0.0119,0.0004,1.08,0.0053,4.56,0.154,0.0031,4.0
Villanova Monteleone,2024,1,,,,,0.68,0.0033,5.27,0.1779,0.0242,2.0
Villanova Monteleone,2024,2,,,,,0.68,0.0033,5.27,0.1779,0.0242,2.0
Villanova Monteleone,2024,3,0.08,0.0,0.0077,0.0003,0.68,0.0033,5.27,0.1779,0.0,4.0
Villanova Monteleone,2024,4,0.78,0.0005,0.0762,0.0025,0.68,0.0033,5.27,0.1779,0.0052,4.0
Villanova Monteleone,2024,5,0.7,0.0004,0.0685,0.0023,0.68,0.0033,5.27,0.1779,0.0048,4.0
Villanova Monteleone,2024,6,1.15,0.0007,0.1119,0.0037,0.68,0.0033,5.27,0.1779,0.0062,4.0
Villanova Monteleone,2024,7,2.49,0.0015,0.2435,0.008,0.68,0.0033,5.27,0.1779,0.0092,4.0
Villanova Monteleone,2024,8,4.7,0.0027,0.459,0.0151,0.68,0.0033,5.27,0.1779,0.0124,4.0
Villanova Monteleone,2024,9,2.16,0.0013,0.2112,0.007,0.68,0.0033,5.27,0.1779,0.0085,4.0
Villanova Monteleone,2024,10,0.79,0.0005,0.0776,0.0026,0.68,0.0033,5.27,0.1779,0.0053,4.0
Villanova Monteleone,2024,11,0.18,0.0001,0.0174,0.0006,0.68,0.0033,5.27,0.1779,0.0024,4.0
Villanova Monteleone,2024,12,0.07,0.0,0.0072,0.0002,0.68,0.0033,5.27,0.1779,0.0,4.0
Villanova Truschedu,2024,1,,,,,0.12,0.0006,0.0,0.0,0.0,2.0
Villanova Truschedu,2024,2,,,,,0.12,0.0006,0.0,0.0,0.0,2.0
Villanova Truschedu,2024,3,,,,,0.12,0.0006,0.0,0.0,0.0,2.0
Villanova Truschedu,2024,4,,,,,0.12,0.0006,0.0,0.0,0.0,2.0
Villanova Truschedu,2024,5,,,,,0.12,0.0006,0.0,0.0,0.0,2.0
Villanova Truschedu,2024,6,,,,,0.12,0.0006,0.0,0.0,0.0,2.0
Villanova Truschedu,2024,7,,,,,0.12,0.0006,0.0,0.0,0.0,2.0
Villanova Truschedu,2024,8,,,,,0.12,0.0006,0.0,0.0,0.0,2.0
Villanova Truschedu,2024,9,,,,,0.12,0.0006,0.0,0.0,0.0,2.0
Villanova Truschedu,2024,10,,,,,0.12,0.0006,0.0,0.0,0.0,2.0
Villanova Truschedu,2024,11,,,,,0.12,0.0006,0.0,0.0,0.0,2.0
Villanova Truschedu,2024,12,,,,,0.12,0.0006,0.0,0.0,0.0,2.0
Villanova Tulo,2024,1,0.03,0.0,0.0012,0.0,0.07,0.0003,5.48,0.185,0.0,4.0
Villanova Tulo,2024,2,0.03,0.0,0.0011,0.0,0.07,0.0003,5.48,0.185,0.0,4.0
Villanova Tulo,2024,3,0.04,0.0,0.0015,0.0,0.07,0.0003,5.48,0.185,0.0,4.0
Villanova Tulo,2024,4,0.06,0.0,0.0025,0.0001,0.07,0.0003,5.48,0.185,0.0,4.0
Villanova Tulo,2024,5,0.07,0.0,0.0027,0.0001,0.07,0.0003,5.48,0.185,0.0,4.0
Villanova Tulo,2024,6,0.13,0.0001,0.0052,0.0002,0.07,0.0003,5.48,0.185,0.001,4.0
Villanova Tulo,2024,7,0.35,0.0002,0.0141,0.0005,0.07,0.0003,5.48,0.185,0.0015,4.0
Villanova Tulo,2024,8,0.55,0.0003,0.0221,0.0007,0.07,0.0003,5.48,0.185,0.0018,4.0
Villanova Tulo,2024,9,0.1,0.0001,0.004,0.0001,0.07,0.0003,5.48,0.185,0.0009,4.0
Villanova Tulo,2024,10,0.06,0.0,0.0024,0.0001,0.07,0.0003,5.48,0.185,0.0,4.0
Villanova Tulo,2024,11,0.03,0.0,0.0013,0.0,0.07,0.0003,5.48,0.185,0.0,4.0
Villanova Tulo,2024,12,0.04,0.0,0.0016,0.0001,0.07,0.0003,5.48,0.185,0.0,4.0
Villanovaforru,2024,1,0.08,0.0,0.0013,0.0,7.34,0.0358,0.4,0.0135,0.0,4.0
Villanovaforru,2024,2,0.07,0.0,0.0012,0.0,7.34,0.0358,0.4,0.0135,0.0,4.0
Villanovaforru,2024,3,0.1,0.0001,0.0017,0.0001,7.34,0.0358,0.4,0.0135,0.0015,4.0
Villanovaforru,2024,4,0.17,0.0001,0.0028,0.0001,7.34,0.0358,0.4,0.0135,0.0015,4.0
Villanovaforru,2024,5,2.32,0.0014,0.0382,0.0013,7.34,0.0358,0.4,0.0135,0.0054,4.0
Villanovaforru,2024,6,0.36,0.0002,0.0059,0.0002,7.34,0.0358,0.4,0.0135,0.0021,4.0
Villanovaforru,2024,7,0.49,0.0003,0.008,0.0003,7.34,0.0358,0.4,0.0135,0.0026,4.0
Villanovaforru,2024,8,6.44,0.0038,0.1059,0.0035,7.34,0.0358,0.4,0.0135,0.009,4.0
Villanovaforru,2024,9,0.27,0.0002,0.0045,0.0001,7.34,0.0358,0.4,0.0135,0.0018,4.0
Villanovaforru,2024,10,0.17,0.0001,0.0028,0.0001,7.34,0.0358,0.4,0.0135,0.0015,4.0
Villanovaforru,2024,11,0.09,0.0001,0.0014,0.0,7.34,0.0358,0.4,0.0135,0.0,4.0
Villanovaforru,2024,12,0.11,0.0001,0.0018,0.0001,7.34,0.0358,0.4,0.0135,0.0015,4.0
Villanovafranca,2024,1,0.47,0.0003,0.0112,0.0004,0.79,0.0039,9.44,0.3187,0.0035,4.0
Villanovafranca,2024,2,0.47,0.0003,0.0112,0.0004,0.79,0.0039,9.44,0.3187,0.0035,4.0
Villanovafranca,2024,3,0.76,0.0004,0.0181,0.0006,0.79,0.0039,9.44,0.3187,0.0042,4.0
Villanovafranca,2024,4,2.92,0.0017,0.0696,0.0023,0.79,0.0039,9.44,0.3187,0.0083,4.0
Villanovafranca,2024,5,3.21,0.0019,0.0765,0.0025,0.79,0.0039,9.44,0.3187,0.0088,4.0
Villanovafranca,2024,6,2.02,0.0012,0.0482,0.0016,0.79,0.0039,9.44,0.3187,0.007,4.0
Villanovafranca,2024,7,2.89,0.0017,0.0688,0.0023,0.79,0.0039,9.44,0.3187,0.0083,4.0
Villanovafranca,2024,8,7.68,0.0045,0.1831,0.006,0.79,0.0039,9.44,0.3187,0.0135,4.0
Villanovafranca,2024,9,2.56,0.0015,0.061,0.002,0.79,0.0039,9.44,0.3187,0.0078,4.0
Villanovafranca,2024,10,2.92,0.0017,0.0696,0.0023,0.79,0.0039,9.44,0.3187,0.0083,4.0
Villanovafranca,2024,11,0.58,0.0003,0.0138,0.0005,0.79,0.0039,9.44,0.3187,0.0037,4.0
Villanovafranca,2024,12,0.87,0.0005,0.0206,0.0007,0.79,0.0039,9.44,0.3187,0.0046,4.0
Villaperuccio,2024,1,0.01,0.0,0.0004,0.0,0.38,0.0019,1.74,0.0587,0.0,4.0
Villaperuccio,2024,2,0.01,0.0,0.0004,0.0,0.38,0.0019,1.74,0.0587,0.0,4.0
Villaperuccio,2024,3,0.01,0.0,0.0005,0.0,0.38,0.0019,1.74,0.0587,0.0,4.0
Villaperuccio,2024,4,0.02,0.0,0.0009,0.0,0.38,0.0019,1.74,0.0587,0.0,4.0
Villaperuccio,2024,5,0.19,0.0001,0.007,0.0002,0.38,0.0019,1.74,0.0587,0.0012,4.0
Villaperuccio,2024,6,0.05,0.0,0.0019,0.0001,0.38,0.0019,1.74,0.0587,0.0,4.0
Villaperuccio,2024,7,0.92,0.0005,0.0334,0.0011,0.38,0.0019,1.74,0.0587,0.0028,4.0
Villaperuccio,2024,8,1.11,0.0006,0.0404,0.0013,0.38,0.0019,1.74,0.0587,0.0031,4.0
Villaperuccio,2024,9,0.04,0.0,0.0015,0.0,0.38,0.0019,1.74,0.0587,0.0,4.0
Villaperuccio,2024,10,0.02,0.0,0.0009,0.0,0.38,0.0019,1.74,0.0587,0.0,4.0
Villaperuccio,2024,11,0.01,0.0,0.0005,0.0,0.38,0.0019,1.74,0.0587,0.0,4.0
Villaperuccio,2024,12,0.02,0.0,0.0006,0.0,0.38,0.0019,1.74,0.0587,0.0,4.0
Villaputzu,2024,1,0.46,0.0003,0.0189,0.0006,5.68,0.0277,8.2,0.2768,0.0061,4.0
Villaputzu,2024,2,0.28,0.0002,0.0115,0.0004,5.68,0.0277,8.2,0.2768,0.005,4.0
Villaputzu,2024,3,0.86,0.0005,0.0352,0.0012,5.68,0.0277,8.2,0.2768,0.0082,4.0
Villaputzu,2024,4,3.55,0.0021,0.1447,0.0048,5.68,0.0277,8.2,0.2768,0.0167,4.0
Villaputzu,2024,5,7.06,0.0041,0.2875,0.0095,5.68,0.0277,8.2,0.2768,0.0234,4.0
Villaputzu,2024,6,18.22,0.0107,0.742,0.0244,5.68,0.0277,8.2,0.2768,0.0376,4.0
Villaputzu,2024,7,43.09,0.0252,1.7544,0.0578,5.68,0.0277,8.2,0.2768,0.0578,4.0
Villaputzu,2024,8,59.6,0.0348,2.4265,0.0799,5.68,0.0277,8.2,0.2768,0.068,4.0
Villaputzu,2024,9,26.84,0.0157,1.0928,0.036,5.68,0.0277,8.2,0.2768,0.0456,4.0
Villaputzu,2024,10,8.88,0.0052,0.3616,0.0119,5.68,0.0277,8.2,0.2768,0.0262,4.0
Villaputzu,2024,11,0.64,0.0004,0.0259,0.0009,5.68,0.0277,8.2,0.2768,0.0072,4.0
Villaputzu,2024,12,0.46,0.0003,0.0189,0.0006,5.68,0.0277,8.2,0.2768,0.0061,4.0
Villasalto,2024,1,,,,,0.03,0.0001,0.0,0.0,0.0,2.0
Villasalto,2024,2,,,,,0.03,0.0001,0.0,0.0,0.0,2.0
Villasalto,2024,3,,,,,0.03,0.0001,0.0,0.0,0.0,2.0
Villasalto,2024,4,,,,,0.03,0.0001,0.0,0.0,0.0,2.0
Villasalto,2024,5,,,,,0.03,0.0001,0.0,0.0,0.0,2.0
Villasalto,2024,6,,,,,0.03,0.0001,0.0,0.0,0.0,2.0
Villasalto,2024,7,,,,,0.03,0.0001,0.0,0.0,0.0,2.0
Villasalto,2024,8,,,,,0.03,0.0001,0.0,0.0,0.0,2.0
Villasalto,2024,9,,,,,0.03,0.0001,0.0,0.0,0.0,2.0
Villasalto,2024,10,,,,,0.03,0.0001,0.0,0.0,0.0,2.0
Villasalto,2024,11,,,,,0.03,0.0001,0.0,0.0,0.0,2.0
Villasalto,2024,12,,,,,0.03,0.0001,0.0,0.0,0.0,2.0
Villasimius,2024,1,9.75,0.0057,0.1524,0.005,246.39,1.0,15.76,0.5321,0.0624,4.0
Villasimius,2024,2,10.26,0.006,0.1604,0.0053,246.39,1.0,15.76,0.5321,0.0641,4.0
Villasimius,2024,3,24.98,0.0146,0.3905,0.0129,246.39,1.0,15.76,0.5321,0.1001,4.0
Villasimius,2024,4,178.61,0.1044,2.7923,0.0919,246.39,1.0,15.76,0.5321,0.2673,4.0
Villasimius,2024,5,943.19,0.5514,14.7455,0.4855,246.39,1.0,15.76,0.5321,0.6143,4.0
Villasimius,2024,6,2331.51,1.0,36.4501,1.0,246.39,1.0,15.76,0.5321,0.8541,4.0
Villasimius,2024,7,3472.54,1.0,54.2886,1.0,246.39,1.0,15.76,0.5321,0.8541,4.0
Villasimius,2024,8,3731.87,1.0,58.3429,1.0,246.39,1.0,15.76,0.5321,0.8541,4.0
Villasimius,2024,9,2487.82,1.0,38.8938,1.0,246.39,1.0,15.76,0.5321,0.8541,4.0
Villasimius,2024,10,940.83,0.5501,14.7087,0.4843,246.39,1.0,15.76,0.5321,0.6136,4.0
Villasimius,2024,11,15.06,0.0088,0.2354,0.0078,246.39,1.0,15.76,0.5321,0.0777,4.0
Villasimius,2024,12,25.17,0.0147,0.3934,0.013,246.39,1.0,15.76,0.5321,0.1004,4.0
Villasor,2024,1,0.22,0.0001,0.0028,0.0001,0.37,0.0018,6.3,0.2127,0.0014,4.0
Villasor,2024,2,0.02,0.0,0.0002,0.0,0.37,0.0018,6.3,0.2127,0.0,4.0
Villasor,2024,3,0.02,0.0,0.0003,0.0,0.37,0.0018,6.3,0.2127,0.0,4.0
Villasor,2024,4,0.04,0.0,0.0005,0.0,0.37,0.0018,6.3,0.2127,0.0,4.0
Villasor,2024,5,0.04,0.0,0.0006,0.0,0.37,0.0018,6.3,0.2127,0.0,4.0
Villasor,2024,6,0.34,0.0002,0.0045,0.0001,0.37,0.0018,6.3,0.2127,0.0017,4.0
Villasor,2024,7,0.79,0.0005,0.0103,0.0003,0.37,0.0018,6.3,0.2127,0.0028,4.0
Villasor,2024,8,1.43,0.0008,0.0188,0.0006,0.37,0.0018,6.3,0.2127,0.0037,4.0
Villasor,2024,9,0.62,0.0004,0.0081,0.0003,0.37,0.0018,6.3,0.2127,0.0026,4.0
Villasor,2024,10,1.7,0.001,0.0223,0.0007,0.37,0.0018,6.3,0.2127,0.004,4.0
Villasor,2024,11,1.65,0.001,0.0216,0.0007,0.37,0.0018,6.3,0.2127,0.004,4.0
Villasor,2024,12,1.62,0.0009,0.0213,0.0007,0.37,0.0018,6.3,0.2127,0.0039,4.0
Villaspeciosa,2024,1,0.23,0.0001,0.0024,0.0001,0.3,0.0015,22.53,0.7606,0.0018,4.0
Villaspeciosa,2024,2,0.22,0.0001,0.0022,0.0001,0.3,0.0015,22.53,0.7606,0.0018,4.0
Villaspeciosa,2024,3,0.3,0.0002,0.0031,0.0001,0.3,0.0015,22.53,0.7606,0.0022,4.0
Villaspeciosa,2024,4,2.82,0.0016,0.0291,0.001,0.3,0.0015,22.53,0.7606,0.0065,4.0
Villaspeciosa,2024,5,3.64,0.0021,0.0377,0.0012,0.3,0.0015,22.53,0.7606,0.0073,4.0
Villaspeciosa,2024,6,3.37,0.002,0.0349,0.0011,0.3,0.0015,22.53,0.7606,0.0071,4.0
Villaspeciosa,2024,7,3.63,0.0021,0.0375,0.0012,0.3,0.0015,22.53,0.7606,0.0073,4.0
Villaspeciosa,2024,8,4.87,0.0028,0.0504,0.0017,0.3,0.0015,22.53,0.7606,0.0086,4.0
Villaspeciosa,2024,9,3.57,0.0021,0.0369,0.0012,0.3,0.0015,22.53,0.7606,0.0073,4.0
Villaspeciosa,2024,10,0.48,0.0003,0.005,0.0002,0.3,0.0015,22.53,0.7606,0.0029,4.0
Villaspeciosa,2024,11,0.25,0.0001,0.0026,0.0001,0.3,0.0015,22.53,0.7606,0.0018,4.0
Villaspeciosa,2024,12,0.94,0.0005,0.0098,0.0003,0.3,0.0015,22.53,0.7606,0.0036,4.0
Villaurbana,2024,1,0.02,0.0,0.0006,0.0,0.95,0.0046,1.12,0.0378,0.0,4.0
Villaurbana,2024,2,0.01,0.0,0.0006,0.0,0.95,0.0046,1.12,0.0378,0.0,4.0
Villaurbana,2024,3,0.02,0.0,0.0008,0.0,0.95,0.0046,1.12,0.0378,0.0,4.0
Villaurbana,2024,4,0.03,0.0,0.0013,0.0,0.95,0.0046,1.12,0.0378,0.0,4.0
Villaurbana,2024,5,0.04,0.0,0.0014,0.0,0.95,0.0046,1.12,0.0378,0.0,4.0
Villaurbana,2024,6,0.07,0.0,0.0028,0.0001,0.95,0.0046,1.12,0.0378,0.0,4.0
Villaurbana,2024,7,0.09,0.0001,0.0038,0.0001,0.95,0.0046,1.12,0.0378,0.0011,4.0
Villaurbana,2024,8,3.5,0.002,0.1419,0.0047,0.95,0.0046,1.12,0.0378,0.0064,4.0
Villaurbana,2024,9,0.05,0.0,0.0021,0.0001,0.95,0.0046,1.12,0.0378,0.0,4.0
Villaurbana,2024,10,0.03,0.0,0.0013,0.0,0.95,0.0046,1.12,0.0378,0.0,4.0
Villaurbana,2024,11,0.02,0.0,0.0007,0.0,0.95,0.0046,1.12,0.0378,0.0,4.0
Villaurbana,2024,12,0.02,0.0,0.0008,0.0,0.95,0.0046,1.12,0.0378,0.0,4.0
Zeddiani,2024,1,0.17,0.0001,0.0018,0.0001,0.75,0.0037,2.01,0.0679,0.0013,4.0
Zeddiani,2024,2,0.16,0.0001,0.0017,0.0001,0.75,0.0037,2.01,0.0679,0.0013,4.0
Zeddiani,2024,3,0.22,0.0001,0.0023,0.0001,0.75,0.0037,2.01,0.0679,0.0013,4.0
Zeddiani,2024,4,0.36,0.0002,0.0038,0.0001,0.75,0.0037,2.01,0.0679,0.0015,4.0
Zeddiani,2024,5,0.39,0.0002,0.0042,0.0001,0.75,0.0037,2.01,0.0679,0.0015,4.0
Zeddiani,2024,6,0.76,0.0004,0.0081,0.0003,0.75,0.0037,2.01,0.0679,0.0023,4.0
Zeddiani,2024,7,1.03,0.0006,0.011,0.0004,0.75,0.0037,2.01,0.0679,0.0028,4.0
Zeddiani,2024,8,1.05,0.0006,0.0112,0.0004,0.75,0.0037,2.01,0.0679,0.0028,4.0
Zeddiani,2024,9,0.58,0.0003,0.0062,0.0002,0.75,0.0037,2.01,0.0679,0.002,4.0
Zeddiani,2024,10,0.35,0.0002,0.0038,0.0001,0.75,0.0037,2.01,0.0679,0.0015,4.0
Zeddiani,2024,11,0.18,0.0001,0.002,0.0001,0.75,0.0037,2.01,0.0679,0.0013,4.0
Zeddiani,2024,12,0.23,0.0001,0.0025,0.0001,0.75,0.0037,2.01,0.0679,0.0013,4.0
Zerfaliu,2024,1,,,,,0.0,0.0,,,0.0,1.0
Zerfaliu,2024,2,,,,,0.0,0.0,,,0.0,1.0
Zerfaliu,2024,3,,,,,0.0,0.0,,,0.0,1.0
Zerfaliu,2024,4,,,,,0.0,0.0,,,0.0,1.0
Zerfaliu,2024,5,,,,,0.0,0.0,,,0.0,1.0
Zerfaliu,2024,6,,,,,0.0,0.0,,,0.0,1.0
Zerfaliu,2024,7,,,,,0.0,0.0,,,0.0,1.0
Zerfaliu,2024,8,,,,,0.0,0.0,,,0.0,1.0
Zerfaliu,2024,9,,,,,0.0,0.0,,,0.0,1.0
Zerfaliu,2024,10,,,,,0.0,0.0,,,0.0,1.0
Zerfaliu,2024,11,,,,,0.0,0.0,,,0.0,1.0
Zerfaliu,2024,12,,,,,0.0,0.0,,,0.0,1.0
