comune,anno,mese,popolazione_residente,presenze_mese,intensita_turistica_presenze,arrivi_mese,intensita_turistica_arrivi_vs_residenti,n_mesi_con_dati,copertura_sufficiente
Abbasanta,2023,1,2585,124.0,0.048,66.0,0.0255,12,True
Abbasanta,2023,2,2585,101.0,0.0391,67.0,0.0259,12,True
Abbasanta,2023,3,2585,119.0,0.046,80.0,0.0309,12,True
Abbasanta,2023,4,2585,110.0,0.0426,69.0,0.0267,12,True
Abbasanta,2023,5,2585,93.0,0.036,74.0,0.0286,12,True
Abbasanta,2023,6,2585,96.0,0.0371,49.0,0.019,12,True
Abbasanta,2023,7,2585,151.0,0.0584,84.0,0.0325,12,True
Abbasanta,2023,8,2585,43.0,0.0166,15.0,0.0058,12,True
Abbasanta,2023,9,2585,102.0,0.0395,23.0,0.0089,12,True
Abbasanta,2023,10,2585,391.0,0.1513,27.0,0.0104,12,True
Abbasanta,2023,11,2585,15.0,0.0058,8.0,0.0031,12,True
Abbasanta,2023,12,2585,26.0,0.0101,12.0,0.0046,12,True
Aggius,2023,1,1411,8.22,0.0058,6.16,0.0044,12,True
Aggius,2023,2,1411,0.18,0.0001,0.14,0.0001,12,True
Aggius,2023,3,1411,0.23,0.0002,0.17,0.0001,12,True
Aggius,2023,4,1411,0.5,0.0004,0.38,0.0003,12,True
Aggius,2023,5,1411,0.65,0.0005,0.49,0.0003,12,True
Aggius,2023,6,1411,51.09,0.0362,14.82,0.0105,12,True
Aggius,2023,7,1411,193.53,0.1372,41.15,0.0292,12,True
Aggius,2023,8,1411,473.51,0.3356,119.13,0.0844,12,True
Aggius,2023,9,1411,94.94,0.0673,46.71,0.0331,12,True
Aggius,2023,10,1411,9.55,0.0068,7.41,0.0053,12,True
Aggius,2023,11,1411,0.26,0.0002,0.2,0.0001,12,True
Aggius,2023,12,1411,0.34,0.0002,0.26,0.0002,12,True
Aglientu,2023,1,1168,1.16,0.001,0.11,0.0001,12,True
Aglientu,2023,2,1168,0.99,0.0008,0.09,0.0001,12,True
Aglientu,2023,3,1168,1.22,0.001,0.11,0.0001,12,True
Aglientu,2023,4,1168,814.71,0.6975,168.25,0.144,12,True
Aglientu,2023,5,1168,10451.5,8.9482,2802.33,2.3993,12,True
Aglientu,2023,6,1168,27468.84,23.5178,4259.54,3.6469,12,True
Aglientu,2023,7,1168,67818.21,58.0635,8310.76,7.1154,12,True
Aglientu,2023,8,1168,87033.11,74.5146,9347.75,8.0032,12,True
Aglientu,2023,9,1168,37226.06,31.8716,5786.47,4.9542,12,True
Aglientu,2023,10,1168,9709.96,8.3133,1773.28,1.5182,12,True
Aglientu,2023,11,1168,1.4,0.0012,0.13,0.0001,12,True
Aglientu,2023,12,1168,17.84,0.0153,8.17,0.007,12,True
Ales,2023,1,1267,0.43,0.0003,0.38,0.0003,12,True
Ales,2023,2,1267,0.37,0.0003,0.32,0.0003,12,True
Ales,2023,3,1267,34.45,0.0272,22.4,0.0177,12,True
Ales,2023,4,1267,78.01,0.0616,73.88,0.0583,12,True
Ales,2023,5,1267,97.3,0.0768,40.14,0.0317,12,True
Ales,2023,6,1267,49.17,0.0388,30.9,0.0244,12,True
Ales,2023,7,1267,70.06,0.0553,47.67,0.0376,12,True
Ales,2023,8,1267,230.02,0.1815,83.64,0.066,12,True
Ales,2023,9,1267,97.88,0.0773,44.65,0.0352,12,True
Ales,2023,10,1267,42.1,0.0332,24.97,0.0197,12,True
Ales,2023,11,1267,27.52,0.0217,19.46,0.0154,12,True
Ales,2023,12,1267,30.68,0.0242,22.6,0.0178,12,True
Alghero,2023,1,42420,9738.0,0.2296,4398.0,0.1037,12,True
Alghero,2023,2,42420,8410.0,0.1983,3889.0,0.0917,12,True
Alghero,2023,3,42420,16207.0,0.3821,7389.0,0.1742,12,True
Alghero,2023,4,42420,60450.0,1.425,25359.0,0.5978,12,True
Alghero,2023,5,42420,109042.0,2.5705,38862.0,0.9161,12,True
Alghero,2023,6,42420,199732.0,4.7084,55330.0,1.3043,12,True
Alghero,2023,7,42420,282242.0,6.6535,63184.0,1.4895,12,True
Alghero,2023,8,42420,317583.0,7.4866,67182.0,1.5837,12,True
Alghero,2023,9,42420,235610.0,5.5542,65584.0,1.5461,12,True
Alghero,2023,10,42420,105310.0,2.4826,32809.0,0.7734,12,True
Alghero,2023,11,42420,12442.0,0.2933,5033.0,0.1186,12,True
Alghero,2023,12,42420,16797.0,0.396,7130.0,0.1681,12,True
Alà Dei Sardi,2023,1,1765,3.35,0.0019,0.54,0.0003,12,True
Alà Dei Sardi,2023,2,1765,2.84,0.0016,0.46,0.0003,12,True
Alà Dei Sardi,2023,3,1765,3.51,0.002,0.57,0.0003,12,True
Alà Dei Sardi,2023,4,1765,7.8,0.0044,1.26,0.0007,12,True
Alà Dei Sardi,2023,5,1765,10.09,0.0057,1.63,0.0009,12,True
Alà Dei Sardi,2023,6,1765,67.85,0.0384,15.72,0.0089,12,True
Alà Dei Sardi,2023,7,1765,91.68,0.0519,14.82,0.0084,12,True
Alà Dei Sardi,2023,8,1765,23.39,0.0133,3.77,0.0021,12,True
Alà Dei Sardi,2023,9,1765,14.59,0.0083,2.35,0.0013,12,True
Alà Dei Sardi,2023,10,1765,8.55,0.0048,1.38,0.0008,12,True
Alà Dei Sardi,2023,11,1765,4.04,0.0023,0.65,0.0004,12,True
Alà Dei Sardi,2023,12,1765,5.3,0.003,0.85,0.0005,12,True
Arborea,2023,1,3746,334.0,0.0892,159.0,0.0424,12,True
Arborea,2023,2,3746,418.0,0.1116,260.0,0.0694,12,True
Arborea,2023,3,3746,687.0,0.1834,306.0,0.0817,12,True
Arborea,2023,4,3746,4860.0,1.2974,2554.0,0.6818,12,True
Arborea,2023,5,3746,8872.0,2.3684,3802.0,1.0149,12,True
Arborea,2023,6,3746,12388.0,3.307,4551.0,1.2149,12,True
Arborea,2023,7,3746,25750.0,6.874,7129.0,1.9031,12,True
Arborea,2023,8,3746,36551.0,9.7573,7868.0,2.1004,12,True
Arborea,2023,9,3746,24323.0,6.4931,6838.0,1.8254,12,True
Arborea,2023,10,3746,12031.0,3.2117,3724.0,0.9941,12,True
Arborea,2023,11,3746,540.0,0.1442,268.0,0.0715,12,True
Arborea,2023,12,3746,195.0,0.0521,96.0,0.0256,12,True
Arbus,2023,1,5741,388.0,0.0676,96.0,0.0167,12,True
Arbus,2023,2,5741,556.0,0.0968,148.0,0.0258,12,True
Arbus,2023,3,5741,729.0,0.127,194.0,0.0338,12,True
Arbus,2023,4,5741,1992.0,0.347,702.0,0.1223,12,True
Arbus,2023,5,5741,3249.0,0.5659,1345.0,0.2343,12,True
Arbus,2023,6,5741,6699.0,1.1669,2640.0,0.4599,12,True
Arbus,2023,7,5741,11223.0,1.9549,3355.0,0.5844,12,True
Arbus,2023,8,5741,15423.0,2.6865,4298.0,0.7487,12,True
Arbus,2023,9,5741,9179.0,1.5989,3753.0,0.6537,12,True
Arbus,2023,10,5741,4693.0,0.8175,1964.0,0.3421,12,True
Arbus,2023,11,5741,478.0,0.0833,142.0,0.0247,12,True
Arbus,2023,12,5741,105.0,0.0183,24.0,0.0042,12,True
Aritzo,2023,1,1201,120.16,0.1,82.11,0.0684,12,True
Aritzo,2023,2,1201,58.14,0.0484,53.09,0.0442,12,True
Aritzo,2023,3,1201,0.17,0.0001,0.11,0.0001,12,True
Aritzo,2023,4,1201,208.38,0.1735,143.25,0.1193,12,True
Aritzo,2023,5,1201,217.49,0.1811,144.33,0.1202,12,True
Aritzo,2023,6,1201,368.82,0.3071,201.54,0.1678,12,True
Aritzo,2023,7,1201,522.15,0.4348,197.76,0.1647,12,True
Aritzo,2023,8,1201,885.13,0.737,340.75,0.2837,12,True
Aritzo,2023,9,1201,706.71,0.5884,421.47,0.3509,12,True
Aritzo,2023,10,1201,374.41,0.3117,303.28,0.2525,12,True
Aritzo,2023,11,1201,97.2,0.0809,85.13,0.0709,12,True
Aritzo,2023,12,1201,102.26,0.0851,88.17,0.0734,12,True
Armungia,2023,1,418,0.38,0.0009,0.24,0.0006,12,True
Armungia,2023,2,418,0.32,0.0008,0.21,0.0005,12,True
Armungia,2023,3,418,0.4,0.001,0.25,0.0006,12,True
Armungia,2023,4,418,0.88,0.0021,0.57,0.0014,12,True
Armungia,2023,5,418,1.14,0.0027,0.73,0.0017,12,True
Armungia,2023,6,418,1.9,0.0045,1.22,0.0029,12,True
Armungia,2023,7,418,2.67,0.0064,1.72,0.0041,12,True
Armungia,2023,8,418,2.64,0.0063,1.7,0.0041,12,True
Armungia,2023,9,418,1.65,0.0039,1.06,0.0025,12,True
Armungia,2023,10,418,0.97,0.0023,0.62,0.0015,12,True
Armungia,2023,11,418,0.46,0.0011,0.29,0.0007,12,True
Armungia,2023,12,418,0.6,0.0014,0.38,0.0009,12,True
Arzachena,2023,1,13399,778.0,0.0581,322.0,0.024,12,True
Arzachena,2023,2,13399,838.0,0.0625,381.0,0.0284,12,True
Arzachena,2023,3,13399,1790.0,0.1336,720.0,0.0537,12,True
Arzachena,2023,4,13399,26650.0,1.989,9864.0,0.7362,12,True
Arzachena,2023,5,13399,91827.0,6.8533,24260.0,1.8106,12,True
Arzachena,2023,6,13399,187617.0,14.0023,41150.0,3.0711,12,True
Arzachena,2023,7,13399,255458.0,19.0655,48272.0,3.6027,12,True
Arzachena,2023,8,13399,275239.0,20.5418,46898.0,3.5001,12,True
Arzachena,2023,9,13399,201911.0,15.0691,41820.0,3.1211,12,True
Arzachena,2023,10,13399,71043.0,5.3021,15020.0,1.121,12,True
Arzachena,2023,11,13399,2305.0,0.172,664.0,0.0496,12,True
Arzachena,2023,12,13399,1057.0,0.0789,321.0,0.024,12,True
Arzana,2023,1,2232,0.46,0.0002,0.32,0.0001,12,True
Arzana,2023,2,2232,0.39,0.0002,0.27,0.0001,12,True
Arzana,2023,3,2232,0.48,0.0002,0.34,0.0002,12,True
Arzana,2023,4,2232,1.07,0.0005,0.76,0.0003,12,True
Arzana,2023,5,2232,1.38,0.0006,0.98,0.0004,12,True
Arzana,2023,6,2232,2.31,0.001,1.63,0.0007,12,True
Arzana,2023,7,2232,3.25,0.0015,2.29,0.001,12,True
Arzana,2023,8,2232,63.21,0.0283,29.26,0.0131,12,True
Arzana,2023,9,2232,23.0,0.0103,19.41,0.0087,12,True
Arzana,2023,10,2232,1.17,0.0005,0.83,0.0004,12,True
Arzana,2023,11,2232,0.55,0.0002,0.39,0.0002,12,True
Arzana,2023,12,2232,0.73,0.0003,0.51,0.0002,12,True
Assemini,2023,1,25926,1466.0,0.0565,643.0,0.0248,12,True
Assemini,2023,2,25926,1586.0,0.0612,746.0,0.0288,12,True
Assemini,2023,3,25926,1530.0,0.059,762.0,0.0294,12,True
Assemini,2023,4,25926,1207.0,0.0466,813.0,0.0314,12,True
Assemini,2023,5,25926,1703.0,0.0657,1093.0,0.0422,12,True
Assemini,2023,6,25926,2701.0,0.1042,1100.0,0.0424,12,True
Assemini,2023,7,25926,3256.0,0.1256,1250.0,0.0482,12,True
Assemini,2023,8,25926,3354.0,0.1294,1212.0,0.0467,12,True
Assemini,2023,9,25926,2776.0,0.1071,1324.0,0.0511,12,True
Assemini,2023,10,25926,2198.0,0.0848,1085.0,0.0418,12,True
Assemini,2023,11,25926,1927.0,0.0743,832.0,0.0321,12,True
Assemini,2023,12,25926,1411.0,0.0544,658.0,0.0254,12,True
Atzara,2023,1,1002,0.78,0.0008,0.7,0.0007,12,True
Atzara,2023,2,1002,31.66,0.0316,19.6,0.0196,12,True
Atzara,2023,3,1002,0.82,0.0008,0.74,0.0007,12,True
Atzara,2023,4,1002,1.83,0.0018,1.64,0.0016,12,True
Atzara,2023,5,1002,2.36,0.0024,2.12,0.0021,12,True
Atzara,2023,6,1002,8.94,0.0089,7.53,0.0075,12,True
Atzara,2023,7,1002,19.54,0.0195,17.97,0.0179,12,True
Atzara,2023,8,1002,91.47,0.0913,57.9,0.0578,12,True
Atzara,2023,9,1002,57.41,0.0573,27.06,0.027,12,True
Atzara,2023,10,1002,104.0,0.1038,61.79,0.0617,12,True
Atzara,2023,11,1002,72.95,0.0728,42.85,0.0428,12,True
Atzara,2023,12,1002,35.24,0.0352,19.11,0.0191,12,True
Austis,2023,1,744,16.62,0.0223,6.14,0.0083,12,True
Austis,2023,2,744,0.53,0.0007,0.11,0.0001,12,True
Austis,2023,3,744,0.65,0.0009,0.14,0.0002,12,True
Austis,2023,4,744,1.45,0.0019,0.31,0.0004,12,True
Austis,2023,5,744,1.87,0.0025,0.41,0.0006,12,True
Austis,2023,6,744,3.13,0.0042,0.68,0.0009,12,True
Austis,2023,7,744,4.39,0.0059,0.96,0.0013,12,True
Austis,2023,8,744,148.34,0.1994,34.94,0.047,12,True
Austis,2023,9,744,56.71,0.0762,27.59,0.0371,12,True
Austis,2023,10,744,59.59,0.0801,44.34,0.0596,12,True
Austis,2023,11,744,51.75,0.0696,40.16,0.054,12,True
Austis,2023,12,744,33.98,0.0457,23.21,0.0312,12,True
Badesi,2023,1,1822,45.0,0.0247,31.0,0.017,12,True
Badesi,2023,2,1822,9.0,0.0049,7.0,0.0038,12,True
Badesi,2023,3,1822,6.0,0.0033,6.0,0.0033,12,True
Badesi,2023,4,1822,1715.0,0.9413,369.0,0.2025,12,True
Badesi,2023,5,1822,7203.0,3.9533,1824.0,1.0011,12,True
Badesi,2023,6,1822,55307.0,30.3551,8927.0,4.8996,12,True
Badesi,2023,7,1822,89351.0,49.0401,12790.0,7.0198,12,True
Badesi,2023,8,1822,94413.0,51.8183,11859.0,6.5088,12,True
Badesi,2023,9,1822,43286.0,23.7574,6417.0,3.522,12,True
Badesi,2023,10,1822,1560.0,0.8562,220.0,0.1207,12,True
Badesi,2023,11,1822,128.0,0.0703,27.0,0.0148,12,True
Badesi,2023,12,1822,54.0,0.0296,23.0,0.0126,12,True
Ballao,2023,1,719,0.03,0.0,0.03,0.0,12,True
Ballao,2023,2,719,0.02,0.0,0.02,0.0,12,True
Ballao,2023,3,719,0.03,0.0,0.03,0.0,12,True
Ballao,2023,4,719,55.06,0.0766,26.06,0.0362,12,True
Ballao,2023,5,719,77.08,0.1072,22.08,0.0307,12,True
Ballao,2023,6,719,49.14,0.0683,19.14,0.0266,12,True
Ballao,2023,7,719,62.19,0.0865,20.19,0.0281,12,True
Ballao,2023,8,719,53.19,0.074,36.19,0.0503,12,True
Ballao,2023,9,719,11.12,0.0155,9.12,0.0127,12,True
Ballao,2023,10,719,0.07,0.0001,0.07,0.0001,12,True
Ballao,2023,11,719,0.03,0.0,0.03,0.0,12,True
Ballao,2023,12,719,0.04,0.0001,0.04,0.0001,12,True
Banari,2023,1,515,2.27,0.0044,2.22,0.0043,12,True
Banari,2023,2,515,0.23,0.0004,0.18,0.0003,12,True
Banari,2023,3,515,0.28,0.0005,0.23,0.0004,12,True
Banari,2023,4,515,8.63,0.0168,4.5,0.0087,12,True
Banari,2023,5,515,0.81,0.0016,0.65,0.0013,12,True
Banari,2023,6,515,9.36,0.0182,5.09,0.0099,12,True
Banari,2023,7,515,61.91,0.1202,20.53,0.0399,12,True
Banari,2023,8,515,87.89,0.1707,36.51,0.0709,12,True
Banari,2023,9,515,30.18,0.0586,20.94,0.0407,12,True
Banari,2023,10,515,0.69,0.0013,0.55,0.0011,12,True
Banari,2023,11,515,0.33,0.0006,0.26,0.0005,12,True
Banari,2023,12,515,27.43,0.0533,11.34,0.022,12,True
Baradili,2023,1,78,0.81,0.0104,0.43,0.0055,12,True
Baradili,2023,2,78,0.69,0.0088,0.37,0.0047,12,True
Baradili,2023,3,78,0.85,0.0109,0.45,0.0058,12,True
Baradili,2023,4,78,1.89,0.0242,1.01,0.0129,12,True
Baradili,2023,5,78,2.44,0.0313,1.3,0.0167,12,True
Baradili,2023,6,78,4.08,0.0523,2.17,0.0278,12,True
Baradili,2023,7,78,5.73,0.0735,3.06,0.0392,12,True
Baradili,2023,8,78,5.66,0.0726,3.02,0.0387,12,True
Baradili,2023,9,78,13.53,0.1735,5.88,0.0754,12,True
Baradili,2023,10,78,2.07,0.0265,1.1,0.0141,12,True
Baradili,2023,11,78,0.98,0.0126,0.52,0.0067,12,True
Baradili,2023,12,78,1.28,0.0164,0.68,0.0087,12,True
Baratili San Pietro,2023,3,1220,18.0,0.0148,5.0,0.0041,7,False
Baratili San Pietro,2023,5,1220,45.0,0.0369,13.0,0.0107,7,False
Baratili San Pietro,2023,6,1220,219.0,0.1795,34.0,0.0279,7,False
Baratili San Pietro,2023,7,1220,555.0,0.4549,78.0,0.0639,7,False
Baratili San Pietro,2023,8,1220,635.0,0.5205,96.0,0.0787,7,False
Baratili San Pietro,2023,9,1220,233.0,0.191,33.0,0.027,7,False
Baratili San Pietro,2023,10,1220,24.0,0.0197,8.0,0.0066,7,False
Baressa,2023,1,559,8.86,0.0158,4.86,0.0087,12,True
Baressa,2023,2,559,0.73,0.0013,0.73,0.0013,12,True
Baressa,2023,3,559,27.91,0.0499,26.91,0.0481,12,True
Baressa,2023,4,559,177.01,0.3167,148.01,0.2648,12,True
Baressa,2023,5,559,134.6,0.2408,96.6,0.1728,12,True
Baressa,2023,6,559,181.35,0.3244,119.35,0.2135,12,True
Baressa,2023,7,559,87.11,0.1558,50.11,0.0896,12,True
Baressa,2023,8,559,225.04,0.4026,90.04,0.1611,12,True
Baressa,2023,9,559,124.77,0.2232,66.77,0.1194,12,True
Baressa,2023,10,559,65.21,0.1167,41.21,0.0737,12,True
Baressa,2023,11,559,45.04,0.0806,26.04,0.0466,12,True
Baressa,2023,12,559,1.37,0.0025,1.37,0.0025,12,True
Bari Sardo,2023,1,3837,1084.0,0.2825,169.0,0.044,12,True
Bari Sardo,2023,2,3837,2094.0,0.5457,238.0,0.062,12,True
Bari Sardo,2023,3,3837,2278.0,0.5937,308.0,0.0803,12,True
Bari Sardo,2023,4,3837,5291.0,1.3789,1436.0,0.3743,12,True
Bari Sardo,2023,5,3837,12853.0,3.3498,2965.0,0.7727,12,True
Bari Sardo,2023,6,3837,26177.0,6.8223,4905.0,1.2783,12,True
Bari Sardo,2023,7,3837,45326.0,11.8129,7160.0,1.866,12,True
Bari Sardo,2023,8,3837,52275.0,13.6239,7697.0,2.006,12,True
Bari Sardo,2023,9,3837,31547.0,8.2218,5875.0,1.5311,12,True
Bari Sardo,2023,10,3837,13423.0,3.4983,2764.0,0.7204,12,True
Bari Sardo,2023,11,3837,773.0,0.2015,177.0,0.0461,12,True
Bari Sardo,2023,12,3837,696.0,0.1814,213.0,0.0555,12,True
Barumini,2023,1,1157,67.0,0.0579,61.0,0.0527,12,True
Barumini,2023,2,1157,16.0,0.0138,14.0,0.0121,12,True
Barumini,2023,3,1157,67.0,0.0579,66.0,0.057,12,True
Barumini,2023,4,1157,175.0,0.1513,145.0,0.1253,12,True
Barumini,2023,5,1157,434.0,0.3751,235.0,0.2031,12,True
Barumini,2023,6,1157,290.0,0.2506,208.0,0.1798,12,True
Barumini,2023,7,1157,180.0,0.1556,130.0,0.1124,12,True
Barumini,2023,8,1157,300.0,0.2593,220.0,0.1901,12,True
Barumini,2023,9,1157,372.0,0.3215,269.0,0.2325,12,True
Barumini,2023,10,1157,235.0,0.2031,200.0,0.1729,12,True
Barumini,2023,11,1157,175.0,0.1513,73.0,0.0631,12,True
Barumini,2023,12,1157,54.0,0.0467,44.0,0.038,12,True
Bauladu,2023,1,632,21.41,0.0339,7.62,0.0121,12,True
Bauladu,2023,2,632,3.73,0.0059,0.53,0.0008,12,True
Bauladu,2023,3,632,4.61,0.0073,0.65,0.001,12,True
Bauladu,2023,4,632,10.26,0.0162,1.45,0.0023,12,True
Bauladu,2023,5,632,13.27,0.021,1.87,0.003,12,True
Bauladu,2023,6,632,52.15,0.0825,14.13,0.0224,12,True
Bauladu,2023,7,632,236.13,0.3736,45.39,0.0718,12,True
Bauladu,2023,8,632,380.75,0.6025,76.34,0.1208,12,True
Bauladu,2023,9,632,117.18,0.1854,15.71,0.0249,12,True
Bauladu,2023,10,632,11.24,0.0178,1.59,0.0025,12,True
Bauladu,2023,11,632,5.32,0.0084,0.75,0.0012,12,True
Bauladu,2023,12,632,6.96,0.011,0.98,0.0016,12,True
Baunei,2023,1,3437,271.0,0.0788,47.0,0.0137,12,True
Baunei,2023,2,3437,259.0,0.0754,30.0,0.0087,12,True
Baunei,2023,3,3437,488.0,0.142,77.0,0.0224,12,True
Baunei,2023,4,3437,3204.0,0.9322,1145.0,0.3331,12,True
Baunei,2023,5,3437,7761.0,2.2581,2679.0,0.7795,12,True
Baunei,2023,6,3437,11946.0,3.4757,3708.0,1.0788,12,True
Baunei,2023,7,3437,17777.0,5.1722,4504.0,1.3104,12,True
Baunei,2023,8,3437,20252.0,5.8923,4922.0,1.4321,12,True
Baunei,2023,9,3437,13775.0,4.0079,3875.0,1.1274,12,True
Baunei,2023,10,3437,5143.0,1.4964,1469.0,0.4274,12,True
Baunei,2023,11,3437,735.0,0.2138,129.0,0.0375,12,True
Baunei,2023,12,3437,500.0,0.1455,81.0,0.0236,12,True
Belvì,2023,1,555,8.73,0.0157,8.49,0.0153,12,True
Belvì,2023,2,555,22.62,0.0408,13.41,0.0242,12,True
Belvì,2023,3,555,0.76,0.0014,0.51,0.0009,12,True
Belvì,2023,4,555,1.7,0.0031,1.13,0.002,12,True
Belvì,2023,5,555,16.2,0.0292,5.47,0.0099,12,True
Belvì,2023,6,555,17.67,0.0318,8.45,0.0152,12,True
Belvì,2023,7,555,14.16,0.0255,11.44,0.0206,12,True
Belvì,2023,8,555,34.09,0.0614,15.4,0.0277,12,True
Belvì,2023,9,555,29.18,0.0526,11.12,0.02,12,True
Belvì,2023,10,555,46.86,0.0844,12.24,0.0221,12,True
Belvì,2023,11,555,0.88,0.0016,0.59,0.0011,12,True
Belvì,2023,12,555,1.15,0.0021,0.77,0.0014,12,True
Benetutti,2023,1,1683,234.05,0.1391,158.05,0.0939,12,True
Benetutti,2023,2,1683,13.05,0.0078,9.05,0.0054,12,True
Benetutti,2023,3,1683,0.06,0.0,0.06,0.0,12,True
Benetutti,2023,4,1683,466.13,0.277,256.13,0.1522,12,True
Benetutti,2023,5,1683,143.16,0.0851,115.16,0.0684,12,True
Benetutti,2023,6,1683,686.27,0.4078,241.27,0.1434,12,True
Benetutti,2023,7,1683,877.38,0.5213,305.38,0.1814,12,True
Benetutti,2023,8,1683,1490.38,0.8855,423.38,0.2516,12,True
Benetutti,2023,9,1683,1122.24,0.6668,263.24,0.1564,12,True
Benetutti,2023,10,1683,984.14,0.5848,320.14,0.1902,12,True
Benetutti,2023,11,1683,235.07,0.1397,125.07,0.0743,12,True
Benetutti,2023,12,1683,398.09,0.2365,261.09,0.1551,12,True
Berchidda,2023,1,2605,117.0,0.0449,41.0,0.0157,12,True
Berchidda,2023,2,2605,49.0,0.0188,17.0,0.0065,12,True
Berchidda,2023,3,2605,111.0,0.0426,63.0,0.0242,12,True
Berchidda,2023,4,2605,206.0,0.0791,96.0,0.0369,12,True
Berchidda,2023,5,2605,169.0,0.0649,108.0,0.0415,12,True
Berchidda,2023,6,2605,401.0,0.1539,176.0,0.0676,12,True
Berchidda,2023,7,2605,468.0,0.1797,157.0,0.0603,12,True
Berchidda,2023,8,2605,696.0,0.2672,303.0,0.1163,12,True
Berchidda,2023,9,2605,296.0,0.1136,135.0,0.0518,12,True
Berchidda,2023,10,2605,334.0,0.1282,127.0,0.0488,12,True
Berchidda,2023,11,2605,55.0,0.0211,19.0,0.0073,12,True
Berchidda,2023,12,2605,212.0,0.0814,117.0,0.0449,12,True
Bessude,2023,1,383,0.51,0.0013,0.11,0.0003,12,True
Bessude,2023,2,383,0.44,0.0011,0.09,0.0002,12,True
Bessude,2023,3,383,0.54,0.0014,0.11,0.0003,12,True
Bessude,2023,4,383,1.2,0.0031,0.25,0.0007,12,True
Bessude,2023,5,383,1.55,0.004,0.33,0.0009,12,True
Bessude,2023,6,383,2.58,0.0067,0.54,0.0014,12,True
Bessude,2023,7,383,3.63,0.0095,0.76,0.002,12,True
Bessude,2023,8,383,3.58,0.0093,0.75,0.002,12,True
Bessude,2023,9,383,2.24,0.0058,0.47,0.0012,12,True
Bessude,2023,10,383,1.31,0.0034,0.28,0.0007,12,True
Bessude,2023,11,383,0.62,0.0016,0.13,0.0003,12,True
Bessude,2023,12,383,0.81,0.0021,0.17,0.0004,12,True
Bitti,2023,1,2584,24.0,0.0093,13.0,0.005,12,True
Bitti,2023,2,2584,36.0,0.0139,22.0,0.0085,12,True
Bitti,2023,3,2584,21.0,0.0081,9.0,0.0035,12,True
Bitti,2023,4,2584,216.0,0.0836,141.0,0.0546,12,True
Bitti,2023,5,2584,333.0,0.1289,236.0,0.0913,12,True
Bitti,2023,6,2584,348.0,0.1347,183.0,0.0708,12,True
Bitti,2023,7,2584,257.0,0.0995,156.0,0.0604,12,True
Bitti,2023,8,2584,434.0,0.168,142.0,0.055,12,True
Bitti,2023,9,2584,586.0,0.2268,303.0,0.1173,12,True
Bitti,2023,10,2584,278.0,0.1076,172.0,0.0666,12,True
Bitti,2023,11,2584,65.0,0.0252,33.0,0.0128,12,True
Bitti,2023,12,2584,50.0,0.0193,27.0,0.0104,12,True
Bolotana,2023,1,2362,21.05,0.0089,16.05,0.0068,12,True
Bolotana,2023,2,2362,12.05,0.0051,3.05,0.0013,12,True
Bolotana,2023,3,2362,7.06,0.003,6.06,0.0026,12,True
Bolotana,2023,4,2362,47.13,0.02,26.13,0.0111,12,True
Bolotana,2023,5,2362,23.16,0.0098,14.16,0.006,12,True
Bolotana,2023,6,2362,28.27,0.012,26.27,0.0111,12,True
Bolotana,2023,7,2362,74.38,0.0315,38.38,0.0162,12,True
Bolotana,2023,8,2362,104.38,0.0442,47.38,0.0201,12,True
Bolotana,2023,9,2362,71.24,0.0302,33.24,0.0141,12,True
Bolotana,2023,10,2362,32.14,0.0136,24.14,0.0102,12,True
Bolotana,2023,11,2362,0.07,0.0,0.07,0.0,12,True
Bolotana,2023,12,2362,35.09,0.0149,9.09,0.0038,12,True
Bonarcado,2023,1,1525,21.62,0.0142,9.16,0.006,12,True
Bonarcado,2023,2,1525,22.53,0.0148,20.14,0.0132,12,True
Bonarcado,2023,3,1525,71.65,0.047,66.17,0.0434,12,True
Bonarcado,2023,4,1525,147.45,0.0967,107.38,0.0704,12,True
Bonarcado,2023,5,1525,116.87,0.0766,70.49,0.0462,12,True
Bonarcado,2023,6,1525,147.13,0.0965,83.82,0.055,12,True
Bonarcado,2023,7,1525,503.39,0.3301,201.15,0.1319,12,True
Bonarcado,2023,8,1525,133.34,0.0874,30.13,0.0198,12,True
Bonarcado,2023,9,1525,2.71,0.0018,0.71,0.0005,12,True
Bonarcado,2023,10,1525,1.59,0.001,0.41,0.0003,12,True
Bonarcado,2023,11,1525,0.75,0.0005,0.2,0.0001,12,True
Bonarcado,2023,12,1525,8.98,0.0059,3.26,0.0021,12,True
Bono,2023,1,3319,0.76,0.0002,0.43,0.0001,12,True
Bono,2023,2,3319,0.64,0.0002,0.37,0.0001,12,True
Bono,2023,3,3319,42.79,0.0129,22.45,0.0068,12,True
Bono,2023,4,3319,1.76,0.0005,1.01,0.0003,12,True
Bono,2023,5,3319,29.28,0.0088,23.3,0.007,12,True
Bono,2023,6,3319,3.8,0.0011,2.17,0.0007,12,True
Bono,2023,7,3319,32.35,0.0097,13.06,0.0039,12,True
Bono,2023,8,3319,37.28,0.0112,23.02,0.0069,12,True
Bono,2023,9,3319,47.29,0.0142,21.88,0.0066,12,True
Bono,2023,10,3319,1.93,0.0006,1.1,0.0003,12,True
Bono,2023,11,3319,7.91,0.0024,7.52,0.0023,12,True
Bono,2023,12,3319,1.2,0.0004,0.68,0.0002,12,True
Bonorva,2023,1,3178,25.0,0.0079,3.0,0.0009,11,True
Bonorva,2023,2,3178,38.0,0.012,8.0,0.0025,11,True
Bonorva,2023,3,3178,9.0,0.0028,4.0,0.0013,11,True
Bonorva,2023,4,3178,11.0,0.0035,9.0,0.0028,11,True
Bonorva,2023,5,3178,9.0,0.0028,3.0,0.0009,11,True
Bonorva,2023,6,3178,21.0,0.0066,17.0,0.0053,11,True
Bonorva,2023,7,3178,31.0,0.0098,16.0,0.005,11,True
Bonorva,2023,8,3178,44.0,0.0138,28.0,0.0088,11,True
Bonorva,2023,9,3178,25.0,0.0079,20.0,0.0063,11,True
Bonorva,2023,11,3178,15.0,0.0047,9.0,0.0028,11,True
Bonorva,2023,12,3178,40.0,0.0126,16.0,0.005,11,True
Bortigali,2023,1,1229,43.38,0.0353,17.32,0.0141,12,True
Bortigali,2023,2,1229,46.32,0.0377,18.27,0.0149,12,True
Bortigali,2023,3,1229,50.4,0.041,8.34,0.0068,12,True
Bortigali,2023,4,1229,48.88,0.0398,18.76,0.0153,12,True
Bortigali,2023,5,1229,1.14,0.0009,0.98,0.0008,12,True
Bortigali,2023,6,1229,15.9,0.0129,10.63,0.0086,12,True
Bortigali,2023,7,1229,2.67,0.0022,2.29,0.0019,12,True
Bortigali,2023,8,1229,13.64,0.0111,9.26,0.0075,12,True
Bortigali,2023,9,1229,12.65,0.0103,7.41,0.006,12,True
Bortigali,2023,10,1229,29.97,0.0244,13.83,0.0113,12,True
Bortigali,2023,11,1229,33.46,0.0272,18.39,0.015,12,True
Bortigali,2023,12,1229,13.6,0.0111,10.51,0.0086,12,True
Bortigiadas,2023,1,714,10.05,0.0141,3.03,0.0042,12,True
Bortigiadas,2023,2,714,12.05,0.0169,12.02,0.0168,12,True
Bortigiadas,2023,3,714,0.06,0.0001,0.03,0.0,12,True
Bortigiadas,2023,4,714,0.13,0.0002,0.06,0.0001,12,True
Bortigiadas,2023,5,714,22.16,0.031,22.08,0.0309,12,True
Bortigiadas,2023,6,714,63.27,0.0886,36.14,0.0506,12,True
Bortigiadas,2023,7,714,183.38,0.2568,89.19,0.1249,12,True
Bortigiadas,2023,8,714,323.38,0.4529,151.19,0.2118,12,True
Bortigiadas,2023,9,714,138.24,0.1936,84.12,0.1178,12,True
Bortigiadas,2023,10,714,84.14,0.1178,59.07,0.0827,12,True
Bortigiadas,2023,11,714,36.07,0.0505,20.03,0.0281,12,True
Bortigiadas,2023,12,714,54.09,0.0758,27.04,0.0379,12,True
Bosa,2023,1,7488,1779.0,0.2376,550.0,0.0735,12,True
Bosa,2023,2,7488,1816.0,0.2425,652.0,0.0871,12,True
Bosa,2023,3,7488,1740.0,0.2324,763.0,0.1019,12,True
Bosa,2023,4,7488,6684.0,0.8926,4458.0,0.5954,12,True
Bosa,2023,5,7488,9230.0,1.2326,4950.0,0.6611,12,True
Bosa,2023,6,7488,12810.0,1.7107,5545.0,0.7405,12,True
Bosa,2023,7,7488,19468.0,2.5999,6974.0,0.9314,12,True
Bosa,2023,8,7488,24931.0,3.3295,8250.0,1.1018,12,True
Bosa,2023,9,7488,15758.0,2.1044,6783.0,0.9058,12,True
Bosa,2023,10,7488,8031.0,1.0725,3637.0,0.4857,12,True
Bosa,2023,11,7488,1551.0,0.2071,717.0,0.0958,12,True
Bosa,2023,12,7488,1204.0,0.1608,451.0,0.0602,12,True
Bottidda,2023,1,648,20.05,0.0309,13.41,0.0207,12,True
Bottidda,2023,2,648,20.89,0.0322,18.34,0.0283,12,True
Bottidda,2023,3,648,1.1,0.0017,0.42,0.0006,12,True
Bottidda,2023,4,648,12.45,0.0192,7.94,0.0123,12,True
Bottidda,2023,5,648,35.17,0.0543,25.22,0.0389,12,True
Bottidda,2023,6,648,62.3,0.0961,24.04,0.0371,12,True
Bottidda,2023,7,648,41.45,0.064,20.87,0.0322,12,True
Bottidda,2023,8,648,102.36,0.158,66.83,0.1031,12,True
Bottidda,2023,9,648,74.59,0.1151,27.76,0.0428,12,True
Bottidda,2023,10,648,27.69,0.0427,14.03,0.0217,12,True
Bottidda,2023,11,648,1.27,0.002,0.49,0.0008,12,True
Bottidda,2023,12,648,15.67,0.0242,10.64,0.0164,12,True
Budoni,2023,2,5434,21.0,0.0039,10.0,0.0018,11,True
Budoni,2023,3,5434,145.0,0.0267,18.0,0.0033,11,True
Budoni,2023,4,5434,5318.0,0.9787,1436.0,0.2643,11,True
Budoni,2023,5,5434,40690.0,7.488,8572.0,1.5775,11,True
Budoni,2023,6,5434,133453.0,24.5589,23242.0,4.2771,11,True
Budoni,2023,7,5434,173443.0,31.9181,28440.0,5.2337,11,True
Budoni,2023,8,5434,179261.0,32.9888,26945.0,4.9586,11,True
Budoni,2023,9,5434,116802.0,21.4947,18708.0,3.4428,11,True
Budoni,2023,10,5434,19865.0,3.6557,2882.0,0.5304,11,True
Budoni,2023,11,5434,203.0,0.0374,49.0,0.009,11,True
Budoni,2023,12,5434,87.0,0.016,75.0,0.0138,11,True
Buggerru,2023,1,1052,36.0,0.0342,4.0,0.0038,12,True
Buggerru,2023,2,1052,7.0,0.0067,5.0,0.0048,12,True
Buggerru,2023,3,1052,211.0,0.2006,76.0,0.0722,12,True
Buggerru,2023,4,1052,699.0,0.6644,363.0,0.3451,12,True
Buggerru,2023,5,1052,1096.0,1.0418,546.0,0.519,12,True
Buggerru,2023,6,1052,2178.0,2.0703,941.0,0.8945,12,True
Buggerru,2023,7,1052,3345.0,3.1797,1037.0,0.9857,12,True
Buggerru,2023,8,1052,4665.0,4.4344,1331.0,1.2652,12,True
Buggerru,2023,9,1052,2409.0,2.2899,1109.0,1.0542,12,True
Buggerru,2023,10,1052,1091.0,1.0371,531.0,0.5048,12,True
Buggerru,2023,11,1052,37.0,0.0352,23.0,0.0219,12,True
Buggerru,2023,12,1052,109.0,0.1036,55.0,0.0523,12,True
Burcei,2023,1,2629,4.27,0.0016,1.62,0.0006,12,True
Burcei,2023,2,2629,3.62,0.0014,1.37,0.0005,12,True
Burcei,2023,3,2629,4.47,0.0017,1.7,0.0006,12,True
Burcei,2023,4,2629,9.94,0.0038,3.78,0.0014,12,True
Burcei,2023,5,2629,12.86,0.0049,4.88,0.0019,12,True
Burcei,2023,6,2629,34.47,0.0131,21.15,0.008,12,True
Burcei,2023,7,2629,166.18,0.0632,87.46,0.0333,12,True
Burcei,2023,8,2629,256.8,0.0977,115.32,0.0439,12,True
Burcei,2023,9,2629,56.59,0.0215,35.06,0.0133,12,True
Burcei,2023,10,2629,10.89,0.0041,4.14,0.0016,12,True
Burcei,2023,11,2629,5.15,0.002,1.96,0.0007,12,True
Burcei,2023,12,2629,6.75,0.0026,2.56,0.001,12,True
Busachi,2023,1,1153,0.54,0.0005,0.38,0.0003,12,True
Busachi,2023,2,1153,0.46,0.0004,0.32,0.0003,12,True
Busachi,2023,3,1153,0.57,0.0005,0.4,0.0003,12,True
Busachi,2023,4,1153,1.26,0.0011,0.88,0.0008,12,True
Busachi,2023,5,1153,1.63,0.0014,1.14,0.001,12,True
Busachi,2023,6,1153,2.72,0.0024,1.9,0.0016,12,True
Busachi,2023,7,1153,3.82,0.0033,2.67,0.0023,12,True
Busachi,2023,8,1153,3.77,0.0033,2.64,0.0023,12,True
Busachi,2023,9,1153,2.35,0.002,1.65,0.0014,12,True
Busachi,2023,10,1153,1.38,0.0012,0.97,0.0008,12,True
Busachi,2023,11,1153,0.65,0.0006,0.46,0.0004,12,True
Busachi,2023,12,1153,0.85,0.0007,0.6,0.0005,12,True
Cabras,2023,1,8749,271.0,0.031,106.0,0.0121,12,True
Cabras,2023,2,8749,625.0,0.0714,316.0,0.0361,12,True
Cabras,2023,3,8749,651.0,0.0744,294.0,0.0336,12,True
Cabras,2023,4,8749,2764.0,0.3159,1466.0,0.1676,12,True
Cabras,2023,5,8749,6028.0,0.689,2985.0,0.3412,12,True
Cabras,2023,6,8749,12650.0,1.4459,4569.0,0.5222,12,True
Cabras,2023,7,8749,23029.0,2.6322,6116.0,0.6991,12,True
Cabras,2023,8,8749,27081.0,3.0953,6416.0,0.7333,12,True
Cabras,2023,9,8749,15041.0,1.7192,5314.0,0.6074,12,True
Cabras,2023,10,8749,6006.0,0.6865,2065.0,0.236,12,True
Cabras,2023,11,8749,401.0,0.0458,173.0,0.0198,12,True
Cabras,2023,12,8749,309.0,0.0353,172.0,0.0197,12,True
Cagliari,2023,1,148296,29716.0,0.2004,15256.0,0.1029,12,True
Cagliari,2023,2,148296,31891.0,0.215,17385.0,0.1172,12,True
Cagliari,2023,3,148296,45480.0,0.3067,23732.0,0.16,12,True
Cagliari,2023,4,148296,67188.0,0.4531,30525.0,0.2058,12,True
Cagliari,2023,5,148296,85094.0,0.5738,36692.0,0.2474,12,True
Cagliari,2023,6,148296,95153.0,0.6416,40568.0,0.2736,12,True
Cagliari,2023,7,148296,116452.0,0.7853,42921.0,0.2894,12,True
Cagliari,2023,8,148296,133329.0,0.8991,43982.0,0.2966,12,True
Cagliari,2023,9,148296,106165.0,0.7159,43405.0,0.2927,12,True
Cagliari,2023,10,148296,81121.0,0.547,35242.0,0.2376,12,True
Cagliari,2023,11,148296,37167.0,0.2506,19220.0,0.1296,12,True
Cagliari,2023,12,148296,35323.0,0.2382,19587.0,0.1321,12,True
Calangianus,2023,1,3815,7.76,0.002,6.22,0.0016,12,True
Calangianus,2023,2,3815,22.64,0.0059,8.18,0.0021,12,True
Calangianus,2023,3,3815,0.79,0.0002,0.23,0.0001,12,True
Calangianus,2023,4,3815,22.76,0.006,8.5,0.0022,12,True
Calangianus,2023,5,3815,143.28,0.0376,58.65,0.0154,12,True
Calangianus,2023,6,3815,253.8,0.0665,66.09,0.0173,12,True
Calangianus,2023,7,3815,698.35,0.1831,136.53,0.0358,12,True
Calangianus,2023,8,3815,858.28,0.225,170.51,0.0447,12,True
Calangianus,2023,9,3815,341.29,0.0895,79.94,0.021,12,True
Calangianus,2023,10,3815,172.93,0.0453,43.55,0.0114,12,True
Calangianus,2023,11,3815,0.91,0.0002,0.26,0.0001,12,True
Calangianus,2023,12,3815,1.2,0.0003,0.34,0.0001,12,True
Calasetta,2023,1,2779,26.0,0.0094,13.0,0.0047,12,True
Calasetta,2023,2,2779,31.0,0.0112,15.0,0.0054,12,True
Calasetta,2023,3,2779,34.0,0.0122,19.0,0.0068,12,True
Calasetta,2023,4,2779,807.0,0.2904,463.0,0.1666,12,True
Calasetta,2023,5,2779,1765.0,0.6351,836.0,0.3008,12,True
Calasetta,2023,6,2779,7246.0,2.6074,1959.0,0.7049,12,True
Calasetta,2023,7,2779,13182.0,4.7434,2618.0,0.9421,12,True
Calasetta,2023,8,2779,17876.0,6.4325,2912.0,1.0479,12,True
Calasetta,2023,9,2779,9196.0,3.3091,2380.0,0.8564,12,True
Calasetta,2023,10,2779,2007.0,0.7222,696.0,0.2504,12,True
Calasetta,2023,11,2779,57.0,0.0205,22.0,0.0079,12,True
Calasetta,2023,12,2779,73.0,0.0263,30.0,0.0108,12,True
Capoterra,2023,1,23181,770.0,0.0332,179.0,0.0077,12,True
Capoterra,2023,2,23181,860.0,0.0371,188.0,0.0081,12,True
Capoterra,2023,3,23181,774.0,0.0334,219.0,0.0094,12,True
Capoterra,2023,4,23181,4673.0,0.2016,1601.0,0.0691,12,True
Capoterra,2023,5,23181,6233.0,0.2689,1974.0,0.0852,12,True
Capoterra,2023,6,23181,7698.0,0.3321,2148.0,0.0927,12,True
Capoterra,2023,7,23181,10675.0,0.4605,2533.0,0.1093,12,True
Capoterra,2023,8,23181,12168.0,0.5249,2502.0,0.1079,12,True
Capoterra,2023,9,23181,7838.0,0.3381,2322.0,0.1002,12,True
Capoterra,2023,10,23181,5912.0,0.255,1629.0,0.0703,12,True
Capoterra,2023,11,23181,979.0,0.0422,262.0,0.0113,12,True
Capoterra,2023,12,23181,563.0,0.0243,169.0,0.0073,12,True
Carbonia,2023,1,26309,1032.0,0.0392,485.0,0.0184,12,True
Carbonia,2023,2,26309,1203.0,0.0457,535.0,0.0203,12,True
Carbonia,2023,3,26309,3495.0,0.1328,1442.0,0.0548,12,True
Carbonia,2023,4,26309,2066.0,0.0785,1084.0,0.0412,12,True
Carbonia,2023,5,26309,2303.0,0.0875,966.0,0.0367,12,True
Carbonia,2023,6,26309,2688.0,0.1022,1141.0,0.0434,12,True
Carbonia,2023,7,26309,4558.0,0.1732,1394.0,0.053,12,True
Carbonia,2023,8,26309,6904.0,0.2624,1664.0,0.0632,12,True
Carbonia,2023,9,26309,3743.0,0.1423,1577.0,0.0599,12,True
Carbonia,2023,10,26309,2329.0,0.0885,986.0,0.0375,12,True
Carbonia,2023,11,26309,1392.0,0.0529,736.0,0.028,12,True
Carbonia,2023,12,26309,1526.0,0.058,608.0,0.0231,12,True
Cardedu,2023,1,1943,0.14,0.0001,0.14,0.0001,12,True
Cardedu,2023,2,1943,0.11,0.0001,0.11,0.0001,12,True
Cardedu,2023,3,1943,129.14,0.0665,51.14,0.0263,12,True
Cardedu,2023,4,1943,1636.31,0.8422,820.31,0.4222,12,True
Cardedu,2023,5,1943,10369.41,5.3368,2715.41,1.3975,12,True
Cardedu,2023,6,1943,26067.68,13.4162,5014.68,2.5809,12,True
Cardedu,2023,7,1943,37557.96,19.3299,6170.96,3.176,12,True
Cardedu,2023,8,1943,40004.94,20.5893,6053.94,3.1158,12,True
Cardedu,2023,9,1943,24936.59,12.8341,4622.59,2.3791,12,True
Cardedu,2023,10,1943,9792.34,5.0398,2242.34,1.1541,12,True
Cardedu,2023,11,1943,123.16,0.0634,45.16,0.0232,12,True
Cardedu,2023,12,1943,64.21,0.033,24.21,0.0125,12,True
Carloforte,2023,1,5937,201.0,0.0339,82.0,0.0138,12,True
Carloforte,2023,2,5937,171.0,0.0288,81.0,0.0136,12,True
Carloforte,2023,3,5937,299.0,0.0504,222.0,0.0374,12,True
Carloforte,2023,4,5937,2423.0,0.4081,1427.0,0.2404,12,True
Carloforte,2023,5,5937,2448.0,0.4123,1424.0,0.2399,12,True
Carloforte,2023,6,5937,5515.0,0.9289,2167.0,0.365,12,True
Carloforte,2023,7,5937,8319.0,1.4012,2487.0,0.4189,12,True
Carloforte,2023,8,5937,10821.0,1.8226,2790.0,0.4699,12,True
Carloforte,2023,9,5937,6331.0,1.0664,2409.0,0.4058,12,True
Carloforte,2023,10,5937,2769.0,0.4664,1353.0,0.2279,12,True
Carloforte,2023,11,5937,364.0,0.0613,87.0,0.0147,12,True
Carloforte,2023,12,5937,161.0,0.0271,61.0,0.0103,12,True
Castelsardo,2023,1,5674,119.0,0.021,41.0,0.0072,12,True
Castelsardo,2023,2,5674,104.0,0.0183,55.0,0.0097,12,True
Castelsardo,2023,3,5674,135.0,0.0238,58.0,0.0102,12,True
Castelsardo,2023,4,5674,7553.0,1.3312,2767.0,0.4877,12,True
Castelsardo,2023,5,5674,13698.0,2.4142,4718.0,0.8315,12,True
Castelsardo,2023,6,5674,25168.0,4.4357,6567.0,1.1574,12,True
Castelsardo,2023,7,5674,38576.0,6.7987,8596.0,1.515,12,True
Castelsardo,2023,8,5674,42745.0,7.5335,9351.0,1.648,12,True
Castelsardo,2023,9,5674,28926.0,5.098,7817.0,1.3777,12,True
Castelsardo,2023,10,5674,12780.0,2.2524,3703.0,0.6526,12,True
Castelsardo,2023,11,5674,173.0,0.0305,74.0,0.013,12,True
Castelsardo,2023,12,5674,703.0,0.1239,239.0,0.0421,12,True
Castiadas,2023,1,1698,37.0,0.0218,10.0,0.0059,12,True
Castiadas,2023,2,1698,15.0,0.0088,6.0,0.0035,12,True
Castiadas,2023,3,1698,17.0,0.01,7.0,0.0041,12,True
Castiadas,2023,4,1698,1047.0,0.6166,296.0,0.1743,12,True
Castiadas,2023,5,1698,12617.0,7.4305,3159.0,1.8604,12,True
Castiadas,2023,6,1698,46354.0,27.2992,7640.0,4.4994,12,True
Castiadas,2023,7,1698,56179.0,33.0854,7706.0,4.5383,12,True
Castiadas,2023,8,1698,68713.0,40.467,8507.0,5.01,12,True
Castiadas,2023,9,1698,48402.0,28.5053,7421.0,4.3704,12,True
Castiadas,2023,10,1698,10502.0,6.1849,1820.0,1.0718,12,True
Castiadas,2023,11,1698,217.0,0.1278,28.0,0.0165,12,True
Castiadas,2023,12,1698,29.0,0.0171,15.0,0.0088,12,True
Chiaramonti,2023,1,1531,6.49,0.0042,0.27,0.0002,12,True
Chiaramonti,2023,2,1531,5.5,0.0036,0.23,0.0002,12,True
Chiaramonti,2023,3,1531,6.79,0.0044,0.28,0.0002,12,True
Chiaramonti,2023,4,1531,15.1,0.0099,0.63,0.0004,12,True
Chiaramonti,2023,5,1531,19.54,0.0128,0.81,0.0005,12,True
Chiaramonti,2023,6,1531,32.61,0.0213,1.36,0.0009,12,True
Chiaramonti,2023,7,1531,45.84,0.0299,1.91,0.0012,12,True
Chiaramonti,2023,8,1531,95.27,0.0622,13.89,0.0091,12,True
Chiaramonti,2023,9,1531,40.24,0.0263,9.18,0.006,12,True
Chiaramonti,2023,10,1531,16.54,0.0108,0.69,0.0005,12,True
Chiaramonti,2023,11,1531,7.83,0.0051,0.33,0.0002,12,True
Chiaramonti,2023,12,1531,10.25,0.0067,0.43,0.0003,12,True
Codrongianos,2023,1,1279,1.3,0.001,0.24,0.0002,12,True
Codrongianos,2023,2,1279,1.1,0.0009,0.21,0.0002,12,True
Codrongianos,2023,3,1279,1.36,0.0011,0.25,0.0002,12,True
Codrongianos,2023,4,1279,3.02,0.0024,0.57,0.0004,12,True
Codrongianos,2023,5,1279,3.91,0.0031,0.73,0.0006,12,True
Codrongianos,2023,6,1279,6.52,0.0051,1.22,0.001,12,True
Codrongianos,2023,7,1279,31.17,0.0244,7.72,0.006,12,True
Codrongianos,2023,8,1279,123.05,0.0962,20.7,0.0162,12,True
Codrongianos,2023,9,1279,5.65,0.0044,1.06,0.0008,12,True
Codrongianos,2023,10,1279,3.31,0.0026,0.62,0.0005,12,True
Codrongianos,2023,11,1279,1.57,0.0012,0.29,0.0002,12,True
Codrongianos,2023,12,1279,2.05,0.0016,0.38,0.0003,12,True
Collinas,2023,1,775,1.08,0.0014,0.32,0.0004,12,True
Collinas,2023,2,775,0.92,0.0012,0.27,0.0003,12,True
Collinas,2023,3,775,1.13,0.0015,0.34,0.0004,12,True
Collinas,2023,4,775,2.52,0.0033,0.76,0.001,12,True
Collinas,2023,5,775,3.26,0.0042,0.98,0.0013,12,True
Collinas,2023,6,775,21.43,0.0277,5.63,0.0073,12,True
Collinas,2023,7,775,48.64,0.0628,11.29,0.0146,12,True
Collinas,2023,8,775,46.55,0.0601,11.26,0.0145,12,True
Collinas,2023,9,775,30.71,0.0396,8.41,0.0109,12,True
Collinas,2023,10,775,23.76,0.0307,7.83,0.0101,12,True
Collinas,2023,11,775,1.3,0.0017,0.39,0.0005,12,True
Collinas,2023,12,775,1.71,0.0022,0.51,0.0007,12,True
Cossoine,2023,1,761,0.19,0.0002,0.08,0.0001,12,True
Cossoine,2023,2,761,0.16,0.0002,0.07,0.0001,12,True
Cossoine,2023,3,761,0.2,0.0003,0.08,0.0001,12,True
Cossoine,2023,4,761,0.44,0.0006,0.19,0.0002,12,True
Cossoine,2023,5,761,15.57,0.0205,6.24,0.0082,12,True
Cossoine,2023,6,761,42.95,0.0564,8.41,0.0111,12,True
Cossoine,2023,7,761,52.34,0.0688,14.57,0.0191,12,True
Cossoine,2023,8,761,89.32,0.1174,22.57,0.0297,12,True
Cossoine,2023,9,761,52.82,0.0694,8.35,0.011,12,True
Cossoine,2023,10,761,38.48,0.0506,15.21,0.02,12,True
Cossoine,2023,11,761,30.23,0.0397,6.1,0.008,12,True
Cossoine,2023,12,761,0.3,0.0004,0.13,0.0002,12,True
Cuglieri,2023,1,2468,47.0,0.019,14.0,0.0057,12,True
Cuglieri,2023,2,2468,39.0,0.0158,12.0,0.0049,12,True
Cuglieri,2023,3,2468,159.0,0.0644,37.0,0.015,12,True
Cuglieri,2023,4,2468,3858.0,1.5632,1614.0,0.654,12,True
Cuglieri,2023,5,2468,8164.0,3.3079,2309.0,0.9356,12,True
Cuglieri,2023,6,2468,20045.0,8.122,5093.0,2.0636,12,True
Cuglieri,2023,7,2468,31868.0,12.9125,6095.0,2.4696,12,True
Cuglieri,2023,8,2468,37359.0,15.1374,5688.0,2.3047,12,True
Cuglieri,2023,9,2468,19942.0,8.0802,4670.0,1.8922,12,True
Cuglieri,2023,10,2468,4619.0,1.8716,1263.0,0.5118,12,True
Cuglieri,2023,11,2468,118.0,0.0478,42.0,0.017,12,True
Cuglieri,2023,12,2468,56.0,0.0227,37.0,0.015,12,True
Decimomannu,2023,1,8390,46.0,0.0055,23.0,0.0027,12,True
Decimomannu,2023,2,8390,71.0,0.0085,34.0,0.0041,12,True
Decimomannu,2023,3,8390,26.0,0.0031,21.0,0.0025,12,True
Decimomannu,2023,4,8390,67.0,0.008,38.0,0.0045,12,True
Decimomannu,2023,5,8390,147.0,0.0175,61.0,0.0073,12,True
Decimomannu,2023,6,8390,97.0,0.0116,38.0,0.0045,12,True
Decimomannu,2023,7,8390,299.0,0.0356,84.0,0.01,12,True
Decimomannu,2023,8,8390,496.0,0.0591,112.0,0.0133,12,True
Decimomannu,2023,9,8390,202.0,0.0241,60.0,0.0072,12,True
Decimomannu,2023,10,8390,90.0,0.0107,46.0,0.0055,12,True
Decimomannu,2023,11,8390,106.0,0.0126,20.0,0.0024,12,True
Decimomannu,2023,12,8390,21.0,0.0025,8.0,0.001,12,True
Decimoputzu,2023,1,4175,0.59,0.0001,0.14,0.0,12,True
Decimoputzu,2023,2,4175,0.5,0.0001,0.11,0.0,12,True
Decimoputzu,2023,3,4175,0.62,0.0001,0.14,0.0,12,True
Decimoputzu,2023,4,4175,1.38,0.0003,0.31,0.0001,12,True
Decimoputzu,2023,5,4175,1.79,0.0004,0.41,0.0001,12,True
Decimoputzu,2023,6,4175,2.99,0.0007,0.68,0.0002,12,True
Decimoputzu,2023,7,4175,4.2,0.001,0.96,0.0002,12,True
Decimoputzu,2023,8,4175,4.15,0.001,0.94,0.0002,12,True
Decimoputzu,2023,9,4175,2.59,0.0006,0.59,0.0001,12,True
Decimoputzu,2023,10,4175,1.52,0.0004,0.34,0.0001,12,True
Decimoputzu,2023,11,4175,0.72,0.0002,0.16,0.0,12,True
Decimoputzu,2023,12,4175,0.94,0.0002,0.21,0.0001,12,True
Desulo,2023,1,2078,36.0,0.0173,32.0,0.0154,12,True
Desulo,2023,2,2078,27.0,0.013,25.0,0.012,12,True
Desulo,2023,3,2078,35.0,0.0168,6.0,0.0029,12,True
Desulo,2023,4,2078,68.0,0.0327,20.0,0.0096,12,True
Desulo,2023,5,2078,42.0,0.0202,7.0,0.0034,12,True
Desulo,2023,6,2078,46.0,0.0221,13.0,0.0063,12,True
Desulo,2023,7,2078,46.0,0.0221,14.0,0.0067,12,True
Desulo,2023,8,2078,107.0,0.0515,40.0,0.0192,12,True
Desulo,2023,9,2078,98.0,0.0472,33.0,0.0159,12,True
Desulo,2023,10,2078,78.0,0.0375,33.0,0.0159,12,True
Desulo,2023,11,2078,58.0,0.0279,14.0,0.0067,12,True
Desulo,2023,12,2078,32.0,0.0154,30.0,0.0144,12,True
Dolianova,2023,1,9448,0.16,0.0,0.05,0.0,12,True
Dolianova,2023,2,9448,0.14,0.0,0.05,0.0,12,True
Dolianova,2023,3,9448,11.17,0.0012,5.06,0.0005,12,True
Dolianova,2023,4,9448,21.38,0.0023,5.13,0.0005,12,True
Dolianova,2023,5,9448,52.49,0.0056,18.16,0.0019,12,True
Dolianova,2023,6,9448,49.82,0.0053,9.27,0.001,12,True
Dolianova,2023,7,9448,133.15,0.0141,31.38,0.0033,12,True
Dolianova,2023,8,9448,170.13,0.018,45.38,0.0048,12,True
Dolianova,2023,9,9448,41.71,0.0044,26.24,0.0028,12,True
Dolianova,2023,10,9448,55.41,0.0059,21.14,0.0022,12,True
Dolianova,2023,11,9448,6.2,0.0007,3.07,0.0003,12,True
Dolianova,2023,12,9448,53.26,0.0056,12.09,0.0013,12,True
Domus De Maria,2023,1,1641,65.0,0.0396,37.0,0.0225,12,True
Domus De Maria,2023,2,1641,419.0,0.2553,134.0,0.0817,12,True
Domus De Maria,2023,3,1641,563.0,0.3431,168.0,0.1024,12,True
Domus De Maria,2023,4,1641,4289.0,2.6137,1419.0,0.8647,12,True
Domus De Maria,2023,5,1641,11424.0,6.9616,3700.0,2.2547,12,True
Domus De Maria,2023,6,1641,34420.0,20.975,7308.0,4.4534,12,True
Domus De Maria,2023,7,1641,54826.0,33.4101,9188.0,5.599,12,True
Domus De Maria,2023,8,1641,58095.0,35.4022,8619.0,5.2523,12,True
Domus De Maria,2023,9,1641,37825.0,23.05,8009.0,4.8806,12,True
Domus De Maria,2023,10,1641,15202.0,9.2639,3704.0,2.2572,12,True
Domus De Maria,2023,11,1641,1801.0,1.0975,516.0,0.3144,12,True
Domus De Maria,2023,12,1641,82.0,0.05,30.0,0.0183,12,True
Domusnovas,2023,1,5871,8.27,0.0014,4.11,0.0007,12,True
Domusnovas,2023,2,5871,0.23,0.0,0.09,0.0,12,True
Domusnovas,2023,3,5871,6.28,0.0011,4.11,0.0007,12,True
Domusnovas,2023,4,5871,36.63,0.0062,15.25,0.0026,12,True
Domusnovas,2023,5,5871,72.81,0.0124,20.33,0.0035,12,True
Domusnovas,2023,6,5871,80.36,0.0137,31.54,0.0054,12,True
Domusnovas,2023,7,5871,198.91,0.0339,37.76,0.0064,12,True
Domusnovas,2023,8,5871,359.89,0.0613,110.75,0.0189,12,True
Domusnovas,2023,9,5871,165.18,0.0281,39.47,0.0067,12,True
Domusnovas,2023,10,5871,80.69,0.0137,16.28,0.0028,12,True
Domusnovas,2023,11,5871,59.33,0.0101,18.13,0.0031,12,True
Domusnovas,2023,12,5871,81.43,0.0139,24.17,0.0041,12,True
Dorgali,2023,1,8354,1550.0,0.1855,283.0,0.0339,12,True
Dorgali,2023,2,8354,1124.0,0.1345,104.0,0.0124,12,True
Dorgali,2023,3,8354,1737.0,0.2079,378.0,0.0452,12,True
Dorgali,2023,4,8354,15212.0,1.8209,5665.0,0.6781,12,True
Dorgali,2023,5,8354,31343.0,3.7519,10698.0,1.2806,12,True
Dorgali,2023,6,8354,66317.0,7.9384,17678.0,2.1161,12,True
Dorgali,2023,7,8354,97578.0,11.6804,22752.0,2.7235,12,True
Dorgali,2023,8,8354,105495.0,12.6281,24096.0,2.8844,12,True
Dorgali,2023,9,8354,66331.0,7.94,18870.0,2.2588,12,True
Dorgali,2023,10,8354,27570.0,3.3002,8106.0,0.9703,12,True
Dorgali,2023,11,8354,1168.0,0.1398,349.0,0.0418,12,True
Dorgali,2023,12,8354,405.0,0.0485,165.0,0.0198,12,True
Elini,2023,1,556,0.32,0.0006,0.08,0.0001,12,True
Elini,2023,2,556,0.27,0.0005,0.07,0.0001,12,True
Elini,2023,3,556,0.34,0.0006,0.08,0.0001,12,True
Elini,2023,4,556,0.76,0.0014,0.19,0.0003,12,True
Elini,2023,5,556,0.98,0.0018,0.24,0.0004,12,True
Elini,2023,6,556,1.63,0.0029,0.41,0.0007,12,True
Elini,2023,7,556,62.29,0.112,7.57,0.0136,12,True
Elini,2023,8,556,105.26,0.1893,17.57,0.0316,12,True
Elini,2023,9,556,28.41,0.0511,1.35,0.0024,12,True
Elini,2023,10,556,0.83,0.0015,0.21,0.0004,12,True
Elini,2023,11,556,0.39,0.0007,0.1,0.0002,12,True
Elini,2023,12,556,0.51,0.0009,0.13,0.0002,12,True
Elmas,2023,1,9448,769.0,0.0814,389.0,0.0412,12,True
Elmas,2023,2,9448,677.0,0.0717,299.0,0.0316,12,True
Elmas,2023,3,9448,681.0,0.0721,386.0,0.0409,12,True
Elmas,2023,4,9448,969.0,0.1026,565.0,0.0598,12,True
Elmas,2023,5,9448,1498.0,0.1586,747.0,0.0791,12,True
Elmas,2023,6,9448,1184.0,0.1253,582.0,0.0616,12,True
Elmas,2023,7,9448,1463.0,0.1548,850.0,0.09,12,True
Elmas,2023,8,9448,1445.0,0.1529,858.0,0.0908,12,True
Elmas,2023,9,9448,1391.0,0.1472,790.0,0.0836,12,True
Elmas,2023,10,9448,1059.0,0.1121,639.0,0.0676,12,True
Elmas,2023,11,9448,759.0,0.0803,364.0,0.0385,12,True
Elmas,2023,12,9448,472.0,0.05,247.0,0.0261,12,True
Escalaplano,2023,1,2063,2.24,0.0011,0.68,0.0003,12,True
Escalaplano,2023,2,2063,1.9,0.0009,0.57,0.0003,12,True
Escalaplano,2023,3,2063,2.35,0.0011,0.71,0.0003,12,True
Escalaplano,2023,4,2063,5.22,0.0025,1.57,0.0008,12,True
Escalaplano,2023,5,2063,6.76,0.0033,2.04,0.001,12,True
Escalaplano,2023,6,2063,11.28,0.0055,3.4,0.0016,12,True
Escalaplano,2023,7,2063,25.85,0.0125,11.78,0.0057,12,True
Escalaplano,2023,8,2063,15.66,0.0076,4.72,0.0023,12,True
Escalaplano,2023,9,2063,20.77,0.0101,11.94,0.0058,12,True
Escalaplano,2023,10,2063,5.72,0.0028,1.72,0.0008,12,True
Escalaplano,2023,11,2063,2.71,0.0013,0.82,0.0004,12,True
Escalaplano,2023,12,2063,3.55,0.0017,1.07,0.0005,12,True
Escolca,2023,1,544,1.0,0.0018,0.73,0.0013,12,True
Escolca,2023,2,544,19.85,0.0365,9.62,0.0177,12,True
Escolca,2023,3,544,16.05,0.0295,11.76,0.0216,12,True
Escolca,2023,4,544,61.33,0.1127,41.7,0.0767,12,True
Escolca,2023,5,544,41.01,0.0754,22.2,0.0408,12,True
Escolca,2023,6,544,27.03,0.0497,23.67,0.0435,12,True
Escolca,2023,7,544,41.07,0.0755,23.16,0.0426,12,True
Escolca,2023,8,544,33.98,0.0625,18.09,0.0333,12,True
Escolca,2023,9,544,37.35,0.0687,23.18,0.0426,12,True
Escolca,2023,10,544,22.55,0.0415,15.86,0.0292,12,True
Escolca,2023,11,544,1.21,0.0022,0.88,0.0016,12,True
Escolca,2023,12,544,1.58,0.0029,1.15,0.0021,12,True
Esterzili,2023,1,563,0.38,0.0007,0.32,0.0006,12,True
Esterzili,2023,2,563,0.32,0.0006,0.27,0.0005,12,True
Esterzili,2023,3,563,0.4,0.0007,0.34,0.0006,12,True
Esterzili,2023,4,563,0.88,0.0016,0.76,0.0013,12,True
Esterzili,2023,5,563,1.14,0.002,0.98,0.0017,12,True
Esterzili,2023,6,563,1.9,0.0034,1.63,0.0029,12,True
Esterzili,2023,7,563,2.67,0.0047,2.29,0.0041,12,True
Esterzili,2023,8,563,2.64,0.0047,2.26,0.004,12,True
Esterzili,2023,9,563,7.65,0.0136,6.41,0.0114,12,True
Esterzili,2023,10,563,0.97,0.0017,0.83,0.0015,12,True
Esterzili,2023,11,563,0.46,0.0008,0.39,0.0007,12,True
Esterzili,2023,12,563,0.6,0.0011,0.51,0.0009,12,True
Fluminimaggiore,2023,1,2645,0.68,0.0003,0.27,0.0001,12,True
Fluminimaggiore,2023,2,2645,0.57,0.0002,0.23,0.0001,12,True
Fluminimaggiore,2023,3,2645,24.71,0.0093,16.28,0.0062,12,True
Fluminimaggiore,2023,4,2645,127.57,0.0482,54.63,0.0207,12,True
Fluminimaggiore,2023,5,2645,251.04,0.0949,80.81,0.0306,12,True
Fluminimaggiore,2023,6,2645,513.4,0.1941,149.36,0.0565,12,True
Fluminimaggiore,2023,7,2645,748.78,0.2831,200.91,0.076,12,True
Fluminimaggiore,2023,8,2645,1232.72,0.4661,345.89,0.1308,12,True
Fluminimaggiore,2023,9,2645,725.94,0.2745,282.18,0.1067,12,True
Fluminimaggiore,2023,10,2645,256.72,0.0971,84.69,0.032,12,True
Fluminimaggiore,2023,11,2645,0.82,0.0003,0.33,0.0001,12,True
Fluminimaggiore,2023,12,2645,30.07,0.0114,7.43,0.0028,12,True
Flussio,2023,1,412,1.35,0.0033,0.05,0.0001,12,True
Flussio,2023,2,412,1.15,0.0028,0.05,0.0001,12,True
Flussio,2023,3,412,1.42,0.0034,0.06,0.0001,12,True
Flussio,2023,4,412,40.15,0.0975,12.13,0.0294,12,True
Flussio,2023,5,412,4.07,0.0099,0.16,0.0004,12,True
Flussio,2023,6,412,82.79,0.2009,11.27,0.0274,12,True
Flussio,2023,7,412,179.55,0.4358,27.38,0.0665,12,True
Flussio,2023,8,412,289.43,0.7025,29.38,0.0713,12,True
Flussio,2023,9,412,114.88,0.2788,21.24,0.0516,12,True
Flussio,2023,10,412,3.45,0.0084,0.14,0.0003,12,True
Flussio,2023,11,412,1.63,0.004,0.07,0.0002,12,True
Flussio,2023,12,412,2.14,0.0052,0.09,0.0002,12,True
Fonni,2023,1,3644,328.0,0.09,315.0,0.0864,12,True
Fonni,2023,2,3644,419.0,0.115,404.0,0.1109,12,True
Fonni,2023,3,3644,4.0,0.0011,4.0,0.0011,12,True
Fonni,2023,4,3644,185.0,0.0508,169.0,0.0464,12,True
Fonni,2023,5,3644,388.0,0.1065,322.0,0.0884,12,True
Fonni,2023,6,3644,245.0,0.0672,243.0,0.0667,12,True
Fonni,2023,7,3644,182.0,0.0499,180.0,0.0494,12,True
Fonni,2023,8,3644,850.0,0.2333,413.0,0.1133,12,True
Fonni,2023,9,3644,634.0,0.174,587.0,0.1611,12,True
Fonni,2023,10,3644,747.0,0.205,362.0,0.0993,12,True
Fonni,2023,11,3644,97.0,0.0266,97.0,0.0266,12,True
Fonni,2023,12,3644,383.0,0.1051,302.0,0.0829,12,True
Fordongianus,2023,1,831,4651.0,5.5969,3201.0,3.852,12,True
Fordongianus,2023,2,831,4308.0,5.1841,3056.0,3.6775,12,True
Fordongianus,2023,3,831,4887.0,5.8809,3438.0,4.1372,12,True
Fordongianus,2023,4,831,3349.0,4.0301,2320.0,2.7918,12,True
Fordongianus,2023,5,831,2773.0,3.3369,1907.0,2.2948,12,True
Fordongianus,2023,6,831,1659.0,1.9964,1105.0,1.3297,12,True
Fordongianus,2023,7,831,23.0,0.0277,7.0,0.0084,12,True
Fordongianus,2023,8,831,2581.0,3.1059,1483.0,1.7846,12,True
Fordongianus,2023,9,831,4194.0,5.0469,2079.0,2.5018,12,True
Fordongianus,2023,10,831,4752.0,5.7184,2363.0,2.8436,12,True
Fordongianus,2023,11,831,5105.0,6.1432,2586.0,3.1119,12,True
Fordongianus,2023,12,831,5213.0,6.2732,2821.0,3.3947,12,True
Furtei,2023,1,1519,0.73,0.0005,0.35,0.0002,12,True
Furtei,2023,2,1519,0.62,0.0004,0.3,0.0002,12,True
Furtei,2023,3,1519,0.76,0.0005,0.37,0.0002,12,True
Furtei,2023,4,1519,33.7,0.0222,12.82,0.0084,12,True
Furtei,2023,5,1519,2.2,0.0014,1.06,0.0007,12,True
Furtei,2023,6,1519,11.67,0.0077,8.77,0.0058,12,True
Furtei,2023,7,1519,31.16,0.0205,16.48,0.0108,12,True
Furtei,2023,8,1519,59.09,0.0389,23.45,0.0154,12,True
Furtei,2023,9,1519,24.18,0.0159,6.53,0.0043,12,True
Furtei,2023,10,1519,1.86,0.0012,0.9,0.0006,12,True
Furtei,2023,11,1519,0.88,0.0006,0.42,0.0003,12,True
Furtei,2023,12,1519,1.15,0.0008,0.56,0.0004,12,True
Gadoni,2023,1,678,75.43,0.1113,50.32,0.0742,12,True
Gadoni,2023,2,678,2.06,0.003,1.97,0.0029,12,True
Gadoni,2023,3,678,2.55,0.0038,2.43,0.0036,12,True
Gadoni,2023,4,678,72.66,0.1072,47.41,0.0699,12,True
Gadoni,2023,5,678,7.33,0.0108,7.0,0.0103,12,True
Gadoni,2023,6,678,12.23,0.018,11.68,0.0172,12,True
Gadoni,2023,7,678,82.19,0.1212,60.43,0.0891,12,True
Gadoni,2023,8,678,112.98,0.1666,90.22,0.1331,12,True
Gadoni,2023,9,678,79.59,0.1174,71.12,0.1049,12,True
Gadoni,2023,10,678,72.2,0.1065,69.93,0.1031,12,True
Gadoni,2023,11,678,2.93,0.0043,2.8,0.0041,12,True
Gadoni,2023,12,678,32.84,0.0484,27.67,0.0408,12,True
Gairo,2023,1,1293,206.0,0.1593,56.0,0.0433,12,True
Gairo,2023,2,1293,367.0,0.2838,40.0,0.0309,12,True
Gairo,2023,3,1293,445.0,0.3442,152.0,0.1176,12,True
Gairo,2023,4,1293,1549.0,1.198,672.0,0.5197,12,True
Gairo,2023,5,1293,1409.0,1.0897,620.0,0.4795,12,True
Gairo,2023,6,1293,2209.0,1.7084,628.0,0.4857,12,True
Gairo,2023,7,1293,3042.0,2.3527,729.0,0.5638,12,True
Gairo,2023,8,1293,4295.0,3.3217,1059.0,0.819,12,True
Gairo,2023,9,1293,2136.0,1.652,919.0,0.7108,12,True
Gairo,2023,10,1293,1611.0,1.2459,682.0,0.5275,12,True
Gairo,2023,11,1293,205.0,0.1585,92.0,0.0712,12,True
Gairo,2023,12,1293,436.0,0.3372,97.0,0.075,12,True
Galtellì,2023,1,2356,251.0,0.1065,158.0,0.0671,12,True
Galtellì,2023,2,2356,312.0,0.1324,133.0,0.0565,12,True
Galtellì,2023,3,2356,252.0,0.107,138.0,0.0586,12,True
Galtellì,2023,4,2356,587.0,0.2492,353.0,0.1498,12,True
Galtellì,2023,5,2356,878.0,0.3727,412.0,0.1749,12,True
Galtellì,2023,6,2356,1437.0,0.6099,525.0,0.2228,12,True
Galtellì,2023,7,2356,2525.0,1.0717,753.0,0.3196,12,True
Galtellì,2023,8,2356,3201.0,1.3587,785.0,0.3332,12,True
Galtellì,2023,9,2356,1625.0,0.6897,558.0,0.2368,12,True
Galtellì,2023,10,2356,826.0,0.3506,358.0,0.152,12,True
Galtellì,2023,11,2356,199.0,0.0845,83.0,0.0352,12,True
Galtellì,2023,12,2356,173.0,0.0734,114.0,0.0484,12,True
Gavoi,2023,1,2488,129.0,0.0518,124.0,0.0498,12,True
Gavoi,2023,2,2488,76.0,0.0305,68.0,0.0273,12,True
Gavoi,2023,3,2488,16.0,0.0064,10.0,0.004,12,True
Gavoi,2023,4,2488,138.0,0.0555,51.0,0.0205,12,True
Gavoi,2023,5,2488,21.0,0.0084,20.0,0.008,12,True
Gavoi,2023,6,2488,17.0,0.0068,14.0,0.0056,12,True
Gavoi,2023,7,2488,193.0,0.0776,70.0,0.0281,12,True
Gavoi,2023,8,2488,132.0,0.0531,48.0,0.0193,12,True
Gavoi,2023,9,2488,125.0,0.0502,62.0,0.0249,12,True
Gavoi,2023,10,2488,92.0,0.037,53.0,0.0213,12,True
Gavoi,2023,11,2488,73.0,0.0293,55.0,0.0221,12,True
Gavoi,2023,12,2488,88.0,0.0354,59.0,0.0237,12,True
Genoni,2023,1,764,0.86,0.0011,0.65,0.0009,12,True
Genoni,2023,2,764,0.73,0.001,0.55,0.0007,12,True
Genoni,2023,3,764,0.91,0.0012,0.68,0.0009,12,True
Genoni,2023,4,764,36.01,0.0471,19.51,0.0255,12,True
Genoni,2023,5,764,7.6,0.0099,6.95,0.0091,12,True
Genoni,2023,6,764,33.35,0.0437,25.26,0.0331,12,True
Genoni,2023,7,764,54.11,0.0708,28.58,0.0374,12,True
Genoni,2023,8,764,35.04,0.0459,22.53,0.0295,12,True
Genoni,2023,9,764,21.77,0.0285,16.82,0.022,12,True
Genoni,2023,10,764,27.21,0.0356,18.65,0.0244,12,True
Genoni,2023,11,764,1.04,0.0014,0.78,0.001,12,True
Genoni,2023,12,764,1.37,0.0018,1.03,0.0013,12,True
Gergei,2023,1,1125,0.11,0.0001,0.05,0.0,12,True
Gergei,2023,2,1125,0.09,0.0001,0.05,0.0,12,True
Gergei,2023,3,1125,0.11,0.0001,0.06,0.0001,12,True
Gergei,2023,4,1125,39.25,0.0349,22.13,0.0197,12,True
Gergei,2023,5,1125,67.33,0.0598,40.16,0.0357,12,True
Gergei,2023,6,1125,57.54,0.0511,41.27,0.0367,12,True
Gergei,2023,7,1125,63.76,0.0567,36.38,0.0323,12,True
Gergei,2023,8,1125,79.75,0.0709,35.38,0.0314,12,True
Gergei,2023,9,1125,57.47,0.0511,39.24,0.0349,12,True
Gergei,2023,10,1125,20.28,0.018,16.14,0.0143,12,True
Gergei,2023,11,1125,0.13,0.0001,0.07,0.0001,12,True
Gergei,2023,12,1125,0.17,0.0002,0.09,0.0001,12,True
Gesturi,2023,1,1152,0.76,0.0007,0.24,0.0002,12,True
Gesturi,2023,2,1152,0.64,0.0006,0.21,0.0002,12,True
Gesturi,2023,3,1152,0.79,0.0007,0.25,0.0002,12,True
Gesturi,2023,4,1152,40.76,0.0354,18.57,0.0161,12,True
Gesturi,2023,5,1152,2.28,0.002,0.73,0.0006,12,True
Gesturi,2023,6,1152,44.8,0.0389,24.22,0.021,12,True
Gesturi,2023,7,1152,135.35,0.1175,42.72,0.0371,12,True
Gesturi,2023,8,1152,156.28,0.1357,26.7,0.0232,12,True
Gesturi,2023,9,1152,87.29,0.0758,37.06,0.0322,12,True
Gesturi,2023,10,1152,28.93,0.0251,20.62,0.0179,12,True
Gesturi,2023,11,1152,0.91,0.0008,0.29,0.0003,12,True
Gesturi,2023,12,1152,1.2,0.001,0.38,0.0003,12,True
Ghilarza,2023,1,4181,56.0,0.0134,31.0,0.0074,12,True
Ghilarza,2023,2,4181,76.0,0.0182,42.0,0.01,12,True
Ghilarza,2023,3,4181,97.0,0.0232,35.0,0.0084,12,True
Ghilarza,2023,4,4181,80.0,0.0191,29.0,0.0069,12,True
Ghilarza,2023,5,4181,31.0,0.0074,20.0,0.0048,12,True
Ghilarza,2023,6,4181,115.0,0.0275,54.0,0.0129,12,True
Ghilarza,2023,7,4181,167.0,0.0399,54.0,0.0129,12,True
Ghilarza,2023,8,4181,406.0,0.0971,148.0,0.0354,12,True
Ghilarza,2023,9,4181,256.0,0.0612,82.0,0.0196,12,True
Ghilarza,2023,10,4181,158.0,0.0378,64.0,0.0153,12,True
Ghilarza,2023,11,4181,58.0,0.0139,42.0,0.01,12,True
Ghilarza,2023,12,4181,111.0,0.0265,45.0,0.0108,12,True
Giba,2023,1,1920,14.0,0.0073,6.0,0.0031,12,True
Giba,2023,2,1920,39.0,0.0203,19.0,0.0099,12,True
Giba,2023,3,1920,23.0,0.012,9.0,0.0047,12,True
Giba,2023,4,1920,41.0,0.0214,19.0,0.0099,12,True
Giba,2023,5,1920,103.0,0.0536,39.0,0.0203,12,True
Giba,2023,6,1920,181.0,0.0943,47.0,0.0245,12,True
Giba,2023,7,1920,478.0,0.249,128.0,0.0667,12,True
Giba,2023,8,1920,777.0,0.4047,174.0,0.0906,12,True
Giba,2023,9,1920,355.0,0.1849,107.0,0.0557,12,True
Giba,2023,10,1920,179.0,0.0932,72.0,0.0375,12,True
Giba,2023,11,1920,65.0,0.0339,24.0,0.0125,12,True
Giba,2023,12,1920,58.0,0.0302,23.0,0.012,12,True
Girasole,2023,1,1353,75.0,0.0554,53.0,0.0392,12,True
Girasole,2023,2,1353,58.0,0.0429,27.0,0.02,12,True
Girasole,2023,3,1353,97.0,0.0717,57.0,0.0421,12,True
Girasole,2023,4,1353,145.0,0.1072,89.0,0.0658,12,True
Girasole,2023,5,1353,81.0,0.0599,41.0,0.0303,12,True
Girasole,2023,6,1353,347.0,0.2565,124.0,0.0916,12,True
Girasole,2023,7,1353,1372.0,1.014,239.0,0.1766,12,True
Girasole,2023,8,1353,1567.0,1.1582,276.0,0.204,12,True
Girasole,2023,9,1353,1192.0,0.881,282.0,0.2084,12,True
Girasole,2023,10,1353,337.0,0.2491,114.0,0.0843,12,True
Girasole,2023,11,1353,152.0,0.1123,32.0,0.0237,12,True
Girasole,2023,12,1353,197.0,0.1456,62.0,0.0458,12,True
Golfo Aranci,2023,1,2376,109.0,0.0459,13.0,0.0055,12,True
Golfo Aranci,2023,2,2376,113.0,0.0476,17.0,0.0072,12,True
Golfo Aranci,2023,3,2376,131.0,0.0551,15.0,0.0063,12,True
Golfo Aranci,2023,4,2376,3796.0,1.5976,949.0,0.3994,12,True
Golfo Aranci,2023,5,2376,16838.0,7.0867,4086.0,1.7197,12,True
Golfo Aranci,2023,6,2376,41499.0,17.4659,7838.0,3.2988,12,True
Golfo Aranci,2023,7,2376,63334.0,26.6557,10481.0,4.4112,12,True
Golfo Aranci,2023,8,2376,63232.0,26.6128,9134.0,3.8443,12,True
Golfo Aranci,2023,9,2376,43993.0,18.5156,7925.0,3.3354,12,True
Golfo Aranci,2023,10,2376,15271.0,6.4272,2596.0,1.0926,12,True
Golfo Aranci,2023,11,2376,177.0,0.0745,20.0,0.0084,12,True
Golfo Aranci,2023,12,2376,79.0,0.0332,63.0,0.0265,12,True
Gonnesa,2023,1,4618,216.0,0.0468,87.0,0.0188,12,True
Gonnesa,2023,2,4618,200.0,0.0433,65.0,0.0141,12,True
Gonnesa,2023,3,4618,155.0,0.0336,74.0,0.016,12,True
Gonnesa,2023,4,4618,733.0,0.1587,311.0,0.0673,12,True
Gonnesa,2023,5,4618,830.0,0.1797,301.0,0.0652,12,True
Gonnesa,2023,6,4618,2024.0,0.4383,487.0,0.1055,12,True
Gonnesa,2023,7,4618,3026.0,0.6553,654.0,0.1416,12,True
Gonnesa,2023,8,4618,4066.0,0.8805,806.0,0.1745,12,True
Gonnesa,2023,9,4618,1800.0,0.3898,544.0,0.1178,12,True
Gonnesa,2023,10,4618,1088.0,0.2356,283.0,0.0613,12,True
Gonnesa,2023,11,4618,367.0,0.0795,92.0,0.0199,12,True
Gonnesa,2023,12,4618,307.0,0.0665,50.0,0.0108,12,True
Gonnosfanadiga,2023,1,6163,8.0,0.0013,3.0,0.0005,12,True
Gonnosfanadiga,2023,2,6163,16.0,0.0026,12.0,0.0019,12,True
Gonnosfanadiga,2023,3,6163,4.0,0.0006,4.0,0.0006,12,True
Gonnosfanadiga,2023,4,6163,24.0,0.0039,17.0,0.0028,12,True
Gonnosfanadiga,2023,5,6163,41.0,0.0067,20.0,0.0032,12,True
Gonnosfanadiga,2023,6,6163,64.0,0.0104,28.0,0.0045,12,True
Gonnosfanadiga,2023,7,6163,89.0,0.0144,36.0,0.0058,12,True
Gonnosfanadiga,2023,8,6163,225.0,0.0365,100.0,0.0162,12,True
Gonnosfanadiga,2023,9,6163,333.0,0.054,110.0,0.0178,12,True
Gonnosfanadiga,2023,10,6163,69.0,0.0112,28.0,0.0045,12,True
Gonnosfanadiga,2023,11,6163,15.0,0.0024,4.0,0.0006,12,True
Gonnosfanadiga,2023,12,6163,57.0,0.0092,19.0,0.0031,12,True
Gonnostramatza,2023,1,808,0.81,0.001,0.08,0.0001,12,True
Gonnostramatza,2023,2,808,0.69,0.0009,0.07,0.0001,12,True
Gonnostramatza,2023,3,808,0.85,0.0011,0.08,0.0001,12,True
Gonnostramatza,2023,4,808,1.89,0.0023,0.19,0.0002,12,True
Gonnostramatza,2023,5,808,2.44,0.003,0.24,0.0003,12,True
Gonnostramatza,2023,6,808,4.08,0.005,0.41,0.0005,12,True
Gonnostramatza,2023,7,808,5.73,0.0071,0.57,0.0007,12,True
Gonnostramatza,2023,8,808,88.66,0.1097,13.57,0.0168,12,True
Gonnostramatza,2023,9,808,3.53,0.0044,0.35,0.0004,12,True
Gonnostramatza,2023,10,808,2.07,0.0026,0.21,0.0003,12,True
Gonnostramatza,2023,11,808,0.98,0.0012,0.1,0.0001,12,True
Gonnostramatza,2023,12,808,1.28,0.0016,0.13,0.0002,12,True
Guspini,2023,1,10996,340.0,0.0309,202.0,0.0184,12,True
Guspini,2023,2,10996,261.0,0.0237,148.0,0.0135,12,True
Guspini,2023,3,10996,303.0,0.0276,125.0,0.0114,12,True
Guspini,2023,4,10996,400.0,0.0364,238.0,0.0216,12,True
Guspini,2023,5,10996,815.0,0.0741,466.0,0.0424,12,True
Guspini,2023,6,10996,1116.0,0.1015,544.0,0.0495,12,True
Guspini,2023,7,10996,1556.0,0.1415,599.0,0.0545,12,True
Guspini,2023,8,10996,2371.0,0.2156,812.0,0.0738,12,True
Guspini,2023,9,10996,1337.0,0.1216,636.0,0.0578,12,True
Guspini,2023,10,10996,258.0,0.0235,147.0,0.0134,12,True
Guspini,2023,11,10996,219.0,0.0199,83.0,0.0075,12,True
Guspini,2023,12,10996,166.0,0.0151,68.0,0.0062,12,True
Iglesias,2023,1,25135,943.0,0.0375,398.0,0.0158,12,True
Iglesias,2023,2,25135,1155.0,0.046,455.0,0.0181,12,True
Iglesias,2023,3,25135,1593.0,0.0634,554.0,0.022,12,True
Iglesias,2023,4,25135,3754.0,0.1494,1766.0,0.0703,12,True
Iglesias,2023,5,25135,3914.0,0.1557,1805.0,0.0718,12,True
Iglesias,2023,6,25135,4904.0,0.1951,1775.0,0.0706,12,True
Iglesias,2023,7,25135,8817.0,0.3508,2447.0,0.0974,12,True
Iglesias,2023,8,25135,12918.0,0.5139,3345.0,0.1331,12,True
Iglesias,2023,9,25135,6598.0,0.2625,2548.0,0.1014,12,True
Iglesias,2023,10,25135,3931.0,0.1564,1609.0,0.064,12,True
Iglesias,2023,11,25135,1937.0,0.0771,808.0,0.0321,12,True
Iglesias,2023,12,25135,1447.0,0.0576,662.0,0.0263,12,True
Ilbono,2023,1,1986,5.0,0.0025,2.0,0.001,12,True
Ilbono,2023,2,1986,6.0,0.003,6.0,0.003,12,True
Ilbono,2023,3,1986,15.0,0.0076,9.0,0.0045,12,True
Ilbono,2023,4,1986,176.0,0.0886,70.0,0.0352,12,True
Ilbono,2023,5,1986,119.0,0.0599,60.0,0.0302,12,True
Ilbono,2023,6,1986,239.0,0.1203,89.0,0.0448,12,True
Ilbono,2023,7,1986,322.0,0.1621,125.0,0.0629,12,True
Ilbono,2023,8,1986,1491.0,0.7508,403.0,0.2029,12,True
Ilbono,2023,9,1986,420.0,0.2115,157.0,0.0791,12,True
Ilbono,2023,10,1986,92.0,0.0463,37.0,0.0186,12,True
Ilbono,2023,11,1986,20.0,0.0101,12.0,0.006,12,True
Ilbono,2023,12,1986,27.0,0.0136,25.0,0.0126,12,True
Irgoli,2023,1,2201,10.59,0.0048,8.32,0.0038,12,True
Irgoli,2023,2,2201,0.5,0.0002,0.27,0.0001,12,True
Irgoli,2023,3,2201,0.62,0.0003,0.34,0.0002,12,True
Irgoli,2023,4,2201,11.38,0.0052,9.76,0.0044,12,True
Irgoli,2023,5,2201,103.79,0.0472,33.98,0.0154,12,True
Irgoli,2023,6,2201,317.99,0.1445,63.63,0.0289,12,True
Irgoli,2023,7,2201,1551.2,0.7048,300.29,0.1364,12,True
Irgoli,2023,8,2201,1685.15,0.7656,306.26,0.1391,12,True
Irgoli,2023,9,2201,458.59,0.2084,71.41,0.0324,12,True
Irgoli,2023,10,2201,69.52,0.0316,17.83,0.0081,12,True
Irgoli,2023,11,2201,55.72,0.0253,10.39,0.0047,12,True
Irgoli,2023,12,2201,0.94,0.0004,0.51,0.0002,12,True
Isili,2023,1,2452,41.0,0.0167,22.0,0.009,12,True
Isili,2023,2,2452,33.0,0.0135,17.0,0.0069,12,True
Isili,2023,3,2452,88.0,0.0359,30.0,0.0122,12,True
Isili,2023,4,2452,45.0,0.0184,25.0,0.0102,12,True
Isili,2023,5,2452,116.0,0.0473,43.0,0.0175,12,True
Isili,2023,6,2452,85.0,0.0347,36.0,0.0147,12,True
Isili,2023,7,2452,74.0,0.0302,33.0,0.0135,12,True
Isili,2023,8,2452,107.0,0.0436,46.0,0.0188,12,True
Isili,2023,9,2452,62.0,0.0253,35.0,0.0143,12,True
Isili,2023,10,2452,102.0,0.0416,41.0,0.0167,12,True
Isili,2023,11,2452,42.0,0.0171,29.0,0.0118,12,True
Isili,2023,12,2452,57.0,0.0232,37.0,0.0151,12,True
Ittiri,2023,1,8043,4.41,0.0005,1.51,0.0002,12,True
Ittiri,2023,2,8043,19.73,0.0025,12.28,0.0015,12,True
Ittiri,2023,3,8043,4.61,0.0006,1.59,0.0002,12,True
Ittiri,2023,4,8043,38.26,0.0048,19.52,0.0024,12,True
Ittiri,2023,5,8043,13.27,0.0016,4.56,0.0006,12,True
Ittiri,2023,6,8043,22.15,0.0028,7.61,0.0009,12,True
Ittiri,2023,7,8043,130.13,0.0162,38.7,0.0048,12,True
Ittiri,2023,8,8043,30.75,0.0038,10.56,0.0013,12,True
Ittiri,2023,9,8043,19.18,0.0024,6.59,0.0008,12,True
Ittiri,2023,10,8043,11.24,0.0014,3.86,0.0005,12,True
Ittiri,2023,11,8043,5.32,0.0007,1.83,0.0002,12,True
Ittiri,2023,12,8043,6.96,0.0009,2.39,0.0003,12,True
Jerzu,2023,1,3003,32.0,0.0107,15.0,0.005,12,True
Jerzu,2023,2,3003,84.0,0.028,36.0,0.012,12,True
Jerzu,2023,3,3003,57.0,0.019,37.0,0.0123,12,True
Jerzu,2023,4,3003,130.0,0.0433,82.0,0.0273,12,True
Jerzu,2023,5,3003,380.0,0.1265,129.0,0.043,12,True
Jerzu,2023,6,3003,308.0,0.1026,74.0,0.0246,12,True
Jerzu,2023,7,3003,383.0,0.1275,71.0,0.0236,12,True
Jerzu,2023,8,3003,764.0,0.2544,140.0,0.0466,12,True
Jerzu,2023,9,3003,328.0,0.1092,75.0,0.025,12,True
Jerzu,2023,10,3003,337.0,0.1122,118.0,0.0393,12,True
Jerzu,2023,11,3003,43.0,0.0143,31.0,0.0103,12,True
Jerzu,2023,12,3003,63.0,0.021,42.0,0.014,12,True
La Maddalena,2023,1,10609,348.0,0.0328,145.0,0.0137,12,True
La Maddalena,2023,2,10609,372.0,0.0351,239.0,0.0225,12,True
La Maddalena,2023,3,10609,609.0,0.0574,326.0,0.0307,12,True
La Maddalena,2023,4,10609,7147.0,0.6737,3444.0,0.3246,12,True
La Maddalena,2023,5,10609,11867.0,1.1186,5458.0,0.5145,12,True
La Maddalena,2023,6,10609,32799.0,3.0916,11160.0,1.0519,12,True
La Maddalena,2023,7,10609,53285.0,5.0226,14450.0,1.3621,12,True
La Maddalena,2023,8,10609,64251.0,6.0563,16687.0,1.5729,12,True
La Maddalena,2023,9,10609,37891.0,3.5716,12859.0,1.2121,12,True
La Maddalena,2023,10,10609,10532.0,0.9927,4397.0,0.4145,12,True
La Maddalena,2023,11,10609,639.0,0.0602,349.0,0.0329,12,True
La Maddalena,2023,12,10609,519.0,0.0489,347.0,0.0327,12,True
Laconi,2023,1,1674,186.0,0.1111,162.0,0.0968,12,True
Laconi,2023,2,1674,155.0,0.0926,155.0,0.0926,12,True
Laconi,2023,3,1674,150.0,0.0896,146.0,0.0872,12,True
Laconi,2023,4,1674,176.0,0.1051,130.0,0.0777,12,True
Laconi,2023,5,1674,80.0,0.0478,69.0,0.0412,12,True
Laconi,2023,6,1674,66.0,0.0394,41.0,0.0245,12,True
Laconi,2023,7,1674,109.0,0.0651,28.0,0.0167,12,True
Laconi,2023,8,1674,107.0,0.0639,53.0,0.0317,12,True
Laconi,2023,9,1674,151.0,0.0902,64.0,0.0382,12,True
Laconi,2023,10,1674,103.0,0.0615,91.0,0.0544,12,True
Laconi,2023,11,1674,109.0,0.0651,107.0,0.0639,12,True
Laconi,2023,12,1674,124.0,0.0741,114.0,0.0681,12,True
Lanusei,2023,1,5049,64.0,0.0127,44.0,0.0087,12,True
Lanusei,2023,2,5049,90.0,0.0178,47.0,0.0093,12,True
Lanusei,2023,3,5049,114.0,0.0226,75.0,0.0149,12,True
Lanusei,2023,4,5049,41.0,0.0081,32.0,0.0063,12,True
Lanusei,2023,5,5049,172.0,0.0341,102.0,0.0202,12,True
Lanusei,2023,6,5049,348.0,0.0689,129.0,0.0255,12,True
Lanusei,2023,7,5049,1253.0,0.2482,211.0,0.0418,12,True
Lanusei,2023,8,5049,1257.0,0.249,389.0,0.077,12,True
Lanusei,2023,9,5049,403.0,0.0798,143.0,0.0283,12,True
Lanusei,2023,10,5049,179.0,0.0355,107.0,0.0212,12,True
Lanusei,2023,11,5049,115.0,0.0228,80.0,0.0158,12,True
Lanusei,2023,12,5049,102.0,0.0202,63.0,0.0125,12,True
Las Plassas,2023,1,210,1.0,0.0048,0.41,0.002,12,True
Las Plassas,2023,2,210,0.85,0.004,0.34,0.0016,12,True
Las Plassas,2023,3,210,1.05,0.005,0.42,0.002,12,True
Las Plassas,2023,4,210,2.33,0.0111,0.94,0.0045,12,True
Las Plassas,2023,5,210,6.01,0.0286,4.22,0.0201,12,True
Las Plassas,2023,6,210,5.03,0.024,2.04,0.0097,12,True
Las Plassas,2023,7,210,20.07,0.0956,11.87,0.0565,12,True
Las Plassas,2023,8,210,6.98,0.0332,2.83,0.0135,12,True
Las Plassas,2023,9,210,4.35,0.0207,1.76,0.0084,12,True
Las Plassas,2023,10,210,2.55,0.0121,1.03,0.0049,12,True
Las Plassas,2023,11,210,1.21,0.0058,0.49,0.0023,12,True
Las Plassas,2023,12,210,1.58,0.0075,0.64,0.003,12,True
Loceri,2023,1,1287,26.38,0.0205,4.62,0.0036,12,True
Loceri,2023,2,1287,1.17,0.0009,0.53,0.0004,12,True
Loceri,2023,3,1287,1.44,0.0011,0.65,0.0005,12,True
Loceri,2023,4,1287,33.21,0.0258,23.45,0.0182,12,True
Loceri,2023,5,1287,37.15,0.0289,19.87,0.0154,12,True
Loceri,2023,6,1287,339.93,0.2641,122.13,0.0949,12,True
Loceri,2023,7,1287,896.74,0.6968,286.39,0.2225,12,True
Loceri,2023,8,1287,1426.62,1.1085,374.34,0.2909,12,True
Loceri,2023,9,1287,530.0,0.4118,143.71,0.1117,12,True
Loceri,2023,10,1287,180.52,0.1403,27.59,0.0214,12,True
Loceri,2023,11,1287,1.66,0.0013,0.75,0.0006,12,True
Loceri,2023,12,1287,2.18,0.0017,0.98,0.0008,12,True
Loculi,2023,1,491,2.95,0.006,0.38,0.0008,12,True
Loculi,2023,2,491,2.5,0.0051,0.32,0.0007,12,True
Loculi,2023,3,491,3.09,0.0063,0.4,0.0008,12,True
Loculi,2023,4,491,6.86,0.014,0.88,0.0018,12,True
Loculi,2023,5,491,8.87,0.0181,1.14,0.0023,12,True
Loculi,2023,6,491,64.81,0.132,12.9,0.0263,12,True
Loculi,2023,7,491,250.82,0.5108,38.67,0.0788,12,True
Loculi,2023,8,491,343.56,0.6997,63.64,0.1296,12,True
Loculi,2023,9,491,136.82,0.2787,18.65,0.038,12,True
Loculi,2023,10,491,7.51,0.0153,0.97,0.002,12,True
Loculi,2023,11,491,3.55,0.0072,0.46,0.0009,12,True
Loculi,2023,12,491,4.66,0.0095,0.6,0.0012,12,True
Lodine,2023,1,305,0.65,0.0021,0.24,0.0008,12,True
Lodine,2023,2,305,0.55,0.0018,0.21,0.0007,12,True
Lodine,2023,3,305,0.68,0.0022,0.25,0.0008,12,True
Lodine,2023,4,305,1.51,0.005,0.57,0.0019,12,True
Lodine,2023,5,305,1.95,0.0064,0.73,0.0024,12,True
Lodine,2023,6,305,3.26,0.0107,1.22,0.004,12,True
Lodine,2023,7,305,4.58,0.015,1.72,0.0056,12,True
Lodine,2023,8,305,4.53,0.0149,1.7,0.0056,12,True
Lodine,2023,9,305,2.82,0.0092,1.06,0.0035,12,True
Lodine,2023,10,305,1.65,0.0054,0.62,0.002,12,True
Lodine,2023,11,305,0.78,0.0026,0.29,0.001,12,True
Lodine,2023,12,305,1.03,0.0034,0.38,0.0012,12,True
Lodè,2023,1,1509,1.81,0.0012,1.03,0.0007,12,True
Lodè,2023,2,1509,1.53,0.001,0.87,0.0006,12,True
Lodè,2023,3,1509,1.9,0.0013,1.08,0.0007,12,True
Lodè,2023,4,1509,4.22,0.0028,2.39,0.0016,12,True
Lodè,2023,5,1509,5.45,0.0036,3.09,0.002,12,True
Lodè,2023,6,1509,9.1,0.006,5.16,0.0034,12,True
Lodè,2023,7,1509,66.8,0.0443,25.26,0.0167,12,True
Lodè,2023,8,1509,59.64,0.0395,34.17,0.0226,12,True
Lodè,2023,9,1509,7.88,0.0052,4.47,0.003,12,True
Lodè,2023,10,1509,4.62,0.0031,2.62,0.0017,12,True
Lodè,2023,11,1509,2.18,0.0014,1.24,0.0008,12,True
Lodè,2023,12,1509,2.86,0.0019,1.62,0.0011,12,True
Loiri Porto San Paolo,2023,1,3689,65.0,0.0176,28.0,0.0076,12,True
Loiri Porto San Paolo,2023,2,3689,112.0,0.0304,17.0,0.0046,12,True
Loiri Porto San Paolo,2023,3,3689,195.0,0.0529,39.0,0.0106,12,True
Loiri Porto San Paolo,2023,4,3689,4521.0,1.2255,1165.0,0.3158,12,True
Loiri Porto San Paolo,2023,5,3689,9549.0,2.5885,2330.0,0.6316,12,True
Loiri Porto San Paolo,2023,6,3689,33692.0,9.1331,8562.0,2.321,12,True
Loiri Porto San Paolo,2023,7,3689,26117.0,7.0797,4538.0,1.2301,12,True
Loiri Porto San Paolo,2023,8,3689,28009.0,7.5926,4729.0,1.2819,12,True
Loiri Porto San Paolo,2023,9,3689,17201.0,4.6628,3475.0,0.942,12,True
Loiri Porto San Paolo,2023,10,3689,6693.0,1.8143,1353.0,0.3668,12,True
Loiri Porto San Paolo,2023,11,3689,127.0,0.0344,45.0,0.0122,12,True
Loiri Porto San Paolo,2023,12,3689,129.0,0.035,50.0,0.0136,12,True
Lotzorai,2023,1,2126,30.0,0.0141,14.0,0.0066,12,True
Lotzorai,2023,2,2126,54.0,0.0254,14.0,0.0066,12,True
Lotzorai,2023,3,2126,85.0,0.04,45.0,0.0212,12,True
Lotzorai,2023,4,2126,1380.0,0.6491,593.0,0.2789,12,True
Lotzorai,2023,5,2126,3598.0,1.6924,1407.0,0.6618,12,True
Lotzorai,2023,6,2126,8882.0,4.1778,2360.0,1.1101,12,True
Lotzorai,2023,7,2126,19053.0,8.9619,3302.0,1.5532,12,True
Lotzorai,2023,8,2126,22400.0,10.5362,3618.0,1.7018,12,True
Lotzorai,2023,9,2126,12843.0,6.0409,3825.0,1.7992,12,True
Lotzorai,2023,10,2126,6434.0,3.0263,1960.0,0.9219,12,True
Lotzorai,2023,11,2126,225.0,0.1058,60.0,0.0282,12,True
Lotzorai,2023,12,2126,187.0,0.088,55.0,0.0259,12,True
Lula,2023,1,1256,0.43,0.0003,0.3,0.0002,12,True
Lula,2023,2,1256,0.37,0.0003,0.25,0.0002,12,True
Lula,2023,3,1256,0.45,0.0004,0.31,0.0002,12,True
Lula,2023,4,1256,13.01,0.0104,6.69,0.0053,12,True
Lula,2023,5,1256,9.3,0.0074,4.9,0.0039,12,True
Lula,2023,6,1256,17.17,0.0137,10.49,0.0084,12,True
Lula,2023,7,1256,95.06,0.0757,40.1,0.0319,12,True
Lula,2023,8,1256,77.02,0.0613,24.08,0.0192,12,True
Lula,2023,9,1256,1.88,0.0015,1.29,0.001,12,True
Lula,2023,10,1256,1.1,0.0009,0.76,0.0006,12,True
Lula,2023,11,1256,66.52,0.053,10.36,0.0082,12,True
Lula,2023,12,1256,0.68,0.0005,0.47,0.0004,12,True
Lunamatrona,2023,1,1619,3.03,0.0019,3.03,0.0019,12,True
Lunamatrona,2023,2,1619,0.02,0.0,0.02,0.0,12,True
Lunamatrona,2023,3,1619,9.03,0.0056,3.03,0.0019,12,True
Lunamatrona,2023,4,1619,0.06,0.0,0.06,0.0,12,True
Lunamatrona,2023,5,1619,0.08,0.0,0.08,0.0,12,True
Lunamatrona,2023,6,1619,30.14,0.0186,7.14,0.0044,12,True
Lunamatrona,2023,7,1619,28.19,0.0174,4.19,0.0026,12,True
Lunamatrona,2023,8,1619,0.19,0.0001,0.19,0.0001,12,True
Lunamatrona,2023,9,1619,0.12,0.0001,0.12,0.0001,12,True
Lunamatrona,2023,10,1619,0.07,0.0,0.07,0.0,12,True
Lunamatrona,2023,11,1619,0.03,0.0,0.03,0.0,12,True
Lunamatrona,2023,12,1619,0.04,0.0,0.04,0.0,12,True
Luogosanto,2023,1,1825,7.38,0.004,2.11,0.0012,12,True
Luogosanto,2023,2,1825,0.32,0.0002,0.09,0.0,12,True
Luogosanto,2023,3,1825,0.4,0.0002,0.11,0.0001,12,True
Luogosanto,2023,4,1825,195.88,0.1073,72.25,0.0396,12,True
Luogosanto,2023,5,1825,319.14,0.1749,121.33,0.0665,12,True
Luogosanto,2023,6,1825,1104.9,0.6054,376.54,0.2063,12,True
Luogosanto,2023,7,1825,2345.67,1.2853,622.76,0.3412,12,True
Luogosanto,2023,8,1825,2191.64,1.2009,599.75,0.3286,12,True
Luogosanto,2023,9,1825,1270.65,0.6962,328.47,0.18,12,True
Luogosanto,2023,10,1825,255.97,0.1403,68.28,0.0374,12,True
Luogosanto,2023,11,1825,0.46,0.0003,0.13,0.0001,12,True
Luogosanto,2023,12,1825,0.6,0.0003,0.17,0.0001,12,True
Luras,2023,1,2387,12.35,0.0052,5.32,0.0022,12,True
Luras,2023,2,2387,10.15,0.0043,3.27,0.0014,12,True
Luras,2023,3,2387,1.42,0.0006,0.34,0.0001,12,True
Luras,2023,4,2387,3.15,0.0013,0.76,0.0003,12,True
Luras,2023,5,2387,13.07,0.0055,5.98,0.0025,12,True
Luras,2023,6,2387,18.79,0.0079,4.63,0.0019,12,True
Luras,2023,7,2387,9.55,0.004,2.29,0.001,12,True
Luras,2023,8,2387,87.43,0.0366,24.26,0.0102,12,True
Luras,2023,9,2387,102.88,0.0431,27.41,0.0115,12,True
Luras,2023,10,2387,3.45,0.0014,0.83,0.0003,12,True
Luras,2023,11,2387,1.63,0.0007,0.39,0.0002,12,True
Luras,2023,12,2387,2.14,0.0009,0.51,0.0002,12,True
Macomer,2023,1,9352,804.0,0.086,97.0,0.0104,12,True
Macomer,2023,2,9352,857.0,0.0916,125.0,0.0134,12,True
Macomer,2023,3,9352,833.0,0.0891,112.0,0.012,12,True
Macomer,2023,4,9352,352.0,0.0376,72.0,0.0077,12,True
Macomer,2023,5,9352,843.0,0.0901,107.0,0.0114,12,True
Macomer,2023,6,9352,832.0,0.089,98.0,0.0105,12,True
Macomer,2023,7,9352,894.0,0.0956,113.0,0.0121,12,True
Macomer,2023,8,9352,923.0,0.0987,113.0,0.0121,12,True
Macomer,2023,9,9352,856.0,0.0915,115.0,0.0123,12,True
Macomer,2023,10,9352,852.0,0.0911,120.0,0.0128,12,True
Macomer,2023,11,9352,830.0,0.0888,143.0,0.0153,12,True
Macomer,2023,12,9352,850.0,0.0909,106.0,0.0113,12,True
Magomadas,2023,1,602,0.05,0.0001,0.05,0.0001,12,True
Magomadas,2023,2,602,0.05,0.0001,0.05,0.0001,12,True
Magomadas,2023,3,602,16.06,0.0267,8.06,0.0134,12,True
Magomadas,2023,4,602,432.13,0.7178,174.13,0.2893,12,True
Magomadas,2023,5,602,700.16,1.1631,193.16,0.3209,12,True
Magomadas,2023,6,602,1441.27,2.3941,298.27,0.4955,12,True
Magomadas,2023,7,602,2450.38,4.0704,454.38,0.7548,12,True
Magomadas,2023,8,602,2589.38,4.3013,520.38,0.8644,12,True
Magomadas,2023,9,602,1544.24,2.5652,309.24,0.5137,12,True
Magomadas,2023,10,602,822.14,1.3657,155.14,0.2577,12,True
Magomadas,2023,11,602,78.07,0.1297,10.07,0.0167,12,True
Magomadas,2023,12,602,22.09,0.0367,12.09,0.0201,12,True
Mamoiada,2023,1,2384,88.0,0.0369,65.0,0.0273,12,True
Mamoiada,2023,2,2384,152.0,0.0638,82.0,0.0344,12,True
Mamoiada,2023,3,2384,79.0,0.0331,51.0,0.0214,12,True
Mamoiada,2023,4,2384,107.0,0.0449,57.0,0.0239,12,True
Mamoiada,2023,5,2384,197.0,0.0826,86.0,0.0361,12,True
Mamoiada,2023,6,2384,232.0,0.0973,106.0,0.0445,12,True
Mamoiada,2023,7,2384,167.0,0.0701,91.0,0.0382,12,True
Mamoiada,2023,8,2384,619.0,0.2596,256.0,0.1074,12,True
Mamoiada,2023,9,2384,207.0,0.0868,111.0,0.0466,12,True
Mamoiada,2023,10,2384,153.0,0.0642,81.0,0.034,12,True
Mamoiada,2023,11,2384,141.0,0.0591,76.0,0.0319,12,True
Mamoiada,2023,12,2384,142.0,0.0596,89.0,0.0373,12,True
Mandas,2023,1,2004,25.97,0.013,13.08,0.0065,12,True
Mandas,2023,2,2004,0.82,0.0004,0.07,0.0,12,True
Mandas,2023,3,2004,22.02,0.011,6.08,0.003,12,True
Mandas,2023,4,2004,62.27,0.0311,39.19,0.0196,12,True
Mandas,2023,5,2004,189.93,0.0948,76.24,0.038,12,True
Mandas,2023,6,2004,235.89,0.1177,100.41,0.0501,12,True
Mandas,2023,7,2004,182.88,0.0913,61.57,0.0307,12,True
Mandas,2023,8,2004,266.79,0.1331,140.57,0.0701,12,True
Mandas,2023,9,2004,287.24,0.1433,165.35,0.0825,12,True
Mandas,2023,10,2004,201.48,0.1005,113.21,0.0565,12,True
Mandas,2023,11,2004,97.17,0.0485,40.1,0.02,12,True
Mandas,2023,12,2004,23.54,0.0117,6.13,0.0031,12,True
Mara,2023,1,530,0.62,0.0012,0.41,0.0008,12,True
Mara,2023,2,530,0.53,0.001,0.34,0.0006,12,True
Mara,2023,3,530,0.65,0.0012,0.42,0.0008,12,True
Mara,2023,4,530,1.45,0.0027,0.94,0.0018,12,True
Mara,2023,5,530,1.87,0.0035,1.22,0.0023,12,True
Mara,2023,6,530,24.13,0.0455,15.04,0.0284,12,True
Mara,2023,7,530,49.39,0.0932,30.87,0.0582,12,True
Mara,2023,8,530,126.34,0.2384,56.83,0.1072,12,True
Mara,2023,9,530,101.71,0.1919,23.76,0.0448,12,True
Mara,2023,10,530,26.59,0.0502,5.03,0.0095,12,True
Mara,2023,11,530,0.75,0.0014,0.49,0.0009,12,True
Mara,2023,12,530,0.98,0.0018,0.64,0.0012,12,True
Maracalagonis,2023,1,7940,124.0,0.0156,19.0,0.0024,12,True
Maracalagonis,2023,2,7940,80.0,0.0101,18.0,0.0023,12,True
Maracalagonis,2023,3,7940,89.0,0.0112,29.0,0.0037,12,True
Maracalagonis,2023,4,7940,1024.0,0.129,202.0,0.0254,12,True
Maracalagonis,2023,5,7940,3377.0,0.4253,695.0,0.0875,12,True
Maracalagonis,2023,6,7940,21966.0,2.7665,3228.0,0.4065,12,True
Maracalagonis,2023,7,7940,33825.0,4.2601,4859.0,0.612,12,True
Maracalagonis,2023,8,7940,39415.0,4.9641,4587.0,0.5777,12,True
Maracalagonis,2023,9,7940,21828.0,2.7491,2524.0,0.3179,12,True
Maracalagonis,2023,10,7940,4797.0,0.6042,668.0,0.0841,12,True
Maracalagonis,2023,11,7940,242.0,0.0305,25.0,0.0031,12,True
Maracalagonis,2023,12,7940,174.0,0.0219,48.0,0.006,12,True
Marrubiu,2023,1,4611,0.95,0.0002,0.08,0.0,12,True
Marrubiu,2023,2,4611,59.8,0.013,27.07,0.0059,12,True
Marrubiu,2023,3,4611,48.99,0.0106,19.08,0.0041,12,True
Marrubiu,2023,4,4611,28.2,0.0061,16.19,0.0035,12,True
Marrubiu,2023,5,4611,8.85,0.0019,5.24,0.0011,12,True
Marrubiu,2023,6,4611,91.76,0.0199,27.41,0.0059,12,True
Marrubiu,2023,7,4611,303.69,0.0659,63.57,0.0138,12,True
Marrubiu,2023,8,4611,481.6,0.1044,90.57,0.0196,12,True
Marrubiu,2023,9,4611,205.12,0.0445,39.35,0.0085,12,True
Marrubiu,2023,10,4611,28.41,0.0062,10.21,0.0022,12,True
Marrubiu,2023,11,4611,5.14,0.0011,4.1,0.0009,12,True
Marrubiu,2023,12,4611,67.49,0.0146,15.13,0.0033,12,True
Martis,2023,5,467,20.0,0.0428,7.0,0.015,7,False
Martis,2023,6,467,52.0,0.1113,14.0,0.03,7,False
Martis,2023,7,467,88.0,0.1884,34.0,0.0728,7,False
Martis,2023,8,467,178.0,0.3812,54.0,0.1156,7,False
Martis,2023,9,467,80.0,0.1713,32.0,0.0685,7,False
Martis,2023,10,467,19.0,0.0407,9.0,0.0193,7,False
Martis,2023,11,467,16.0,0.0343,12.0,0.0257,7,False
Masainas,2023,1,1228,0.51,0.0004,0.0,0.0,12,True
Masainas,2023,2,1228,0.44,0.0004,0.0,0.0,12,True
Masainas,2023,3,1228,0.54,0.0004,0.0,0.0,12,True
Masainas,2023,4,1228,35.2,0.0287,9.0,0.0073,12,True
Masainas,2023,5,1228,166.55,0.1356,21.0,0.0171,12,True
Masainas,2023,6,1228,311.58,0.2537,50.0,0.0407,12,True
Masainas,2023,7,1228,749.63,0.6104,102.0,0.0831,12,True
Masainas,2023,8,1228,624.58,0.5086,70.0,0.057,12,True
Masainas,2023,9,1228,301.24,0.2453,43.0,0.035,12,True
Masainas,2023,10,1228,81.31,0.0662,12.0,0.0098,12,True
Masainas,2023,11,1228,0.62,0.0005,0.0,0.0,12,True
Masainas,2023,12,1228,0.81,0.0007,0.0,0.0,12,True
Meana Sardo,2023,1,1599,6.24,0.0039,5.24,0.0033,12,True
Meana Sardo,2023,2,1599,5.21,0.0033,5.21,0.0033,12,True
Meana Sardo,2023,3,1599,4.25,0.0027,4.25,0.0027,12,True
Meana Sardo,2023,4,1599,0.57,0.0004,0.57,0.0004,12,True
Meana Sardo,2023,5,1599,46.73,0.0292,19.73,0.0123,12,True
Meana Sardo,2023,6,1599,16.22,0.0101,10.22,0.0064,12,True
Meana Sardo,2023,7,1599,49.72,0.0311,25.72,0.0161,12,True
Meana Sardo,2023,8,1599,48.7,0.0305,28.7,0.0179,12,True
Meana Sardo,2023,9,1599,36.06,0.0226,18.06,0.0113,12,True
Meana Sardo,2023,10,1599,39.62,0.0248,35.62,0.0223,12,True
Meana Sardo,2023,11,1599,34.29,0.0214,20.29,0.0127,12,True
Meana Sardo,2023,12,1599,21.38,0.0134,10.38,0.0065,12,True
Milis,2023,1,1396,0.49,0.0004,0.0,0.0,12,True
Milis,2023,2,1396,0.41,0.0003,0.0,0.0,12,True
Milis,2023,3,1396,43.51,0.0312,5.0,0.0036,12,True
Milis,2023,4,1396,124.13,0.0889,15.0,0.0107,12,True
Milis,2023,5,1396,125.47,0.0899,15.0,0.0107,12,True
Milis,2023,6,1396,134.45,0.0963,22.0,0.0158,12,True
Milis,2023,7,1396,196.44,0.1407,34.0,0.0244,12,True
Milis,2023,8,1396,499.4,0.3577,60.0,0.043,12,True
Milis,2023,9,1396,111.12,0.0796,14.0,0.01,12,True
Milis,2023,10,1396,81.24,0.0582,7.0,0.005,12,True
Milis,2023,11,1396,44.59,0.0319,2.0,0.0014,12,True
Milis,2023,12,1396,58.77,0.0421,4.0,0.0029,12,True
Modolo,2023,1,170,0.0,0.0,0.0,0.0,12,True
Modolo,2023,2,170,0.0,0.0,0.0,0.0,12,True
Modolo,2023,3,170,0.0,0.0,0.0,0.0,12,True
Modolo,2023,4,170,46.0,0.2706,38.0,0.2235,12,True
Modolo,2023,5,170,22.0,0.1294,10.0,0.0588,12,True
Modolo,2023,6,170,74.0,0.4353,27.0,0.1588,12,True
Modolo,2023,7,170,253.0,1.4882,69.0,0.4059,12,True
Modolo,2023,8,170,534.0,3.1412,168.0,0.9882,12,True
Modolo,2023,9,170,259.0,1.5235,81.0,0.4765,12,True
Modolo,2023,10,170,60.0,0.3529,14.0,0.0824,12,True
Modolo,2023,11,170,0.0,0.0,0.0,0.0,12,True
Modolo,2023,12,170,0.0,0.0,0.0,0.0,12,True
Mogoro,2023,1,3907,1.7,0.0004,0.16,0.0,12,True
Mogoro,2023,2,3907,1.44,0.0004,0.14,0.0,12,True
Mogoro,2023,3,3907,1.78,0.0005,0.17,0.0,12,True
Mogoro,2023,4,3907,28.96,0.0074,7.38,0.0019,12,True
Mogoro,2023,5,3907,40.13,0.0103,10.49,0.0027,12,True
Mogoro,2023,6,3907,41.56,0.0106,12.82,0.0033,12,True
Mogoro,2023,7,3907,136.03,0.0348,30.15,0.0077,12,True
Mogoro,2023,8,3907,201.88,0.0517,36.13,0.0092,12,True
Mogoro,2023,9,3907,37.41,0.0096,6.71,0.0017,12,True
Mogoro,2023,10,3907,4.34,0.0011,0.41,0.0001,12,True
Mogoro,2023,11,3907,2.05,0.0005,0.2,0.0001,12,True
Mogoro,2023,12,3907,2.69,0.0007,0.26,0.0001,12,True
Monastir,2023,1,4452,524.0,0.1177,228.0,0.0512,12,True
Monastir,2023,2,4452,568.0,0.1276,198.0,0.0445,12,True
Monastir,2023,3,4452,610.0,0.137,283.0,0.0636,12,True
Monastir,2023,4,4452,549.0,0.1233,309.0,0.0694,12,True
Monastir,2023,5,4452,736.0,0.1653,395.0,0.0887,12,True
Monastir,2023,6,4452,891.0,0.2001,432.0,0.097,12,True
Monastir,2023,7,4452,1071.0,0.2406,467.0,0.1049,12,True
Monastir,2023,8,4452,1158.0,0.2601,444.0,0.0997,12,True
Monastir,2023,9,4452,553.0,0.1242,283.0,0.0636,12,True
Monastir,2023,10,4452,674.0,0.1514,313.0,0.0703,12,True
Monastir,2023,11,4452,502.0,0.1128,216.0,0.0485,12,True
Monastir,2023,12,4452,276.0,0.062,146.0,0.0328,12,True
Monserrato,2023,1,18968,274.0,0.0144,107.0,0.0056,12,True
Monserrato,2023,2,18968,126.0,0.0066,88.0,0.0046,12,True
Monserrato,2023,3,18968,190.0,0.01,103.0,0.0054,12,True
Monserrato,2023,4,18968,280.0,0.0148,129.0,0.0068,12,True
Monserrato,2023,5,18968,554.0,0.0292,216.0,0.0114,12,True
Monserrato,2023,6,18968,809.0,0.0427,219.0,0.0115,12,True
Monserrato,2023,7,18968,1163.0,0.0613,339.0,0.0179,12,True
Monserrato,2023,8,18968,1886.0,0.0994,352.0,0.0186,12,True
Monserrato,2023,9,18968,1182.0,0.0623,404.0,0.0213,12,True
Monserrato,2023,10,18968,585.0,0.0308,242.0,0.0128,12,True
Monserrato,2023,11,18968,258.0,0.0136,118.0,0.0062,12,True
Monserrato,2023,12,18968,368.0,0.0194,151.0,0.008,12,True
Monti,2023,1,2334,0.54,0.0002,0.16,0.0001,12,True
Monti,2023,2,2334,0.46,0.0002,0.14,0.0001,12,True
Monti,2023,3,2334,0.57,0.0002,0.17,0.0001,12,True
Monti,2023,4,2334,1.26,0.0005,0.38,0.0002,12,True
Monti,2023,5,2334,1.63,0.0007,0.49,0.0002,12,True
Monti,2023,6,2334,66.72,0.0286,47.82,0.0205,12,True
Monti,2023,7,2334,172.82,0.074,115.15,0.0493,12,True
Monti,2023,8,2334,161.77,0.0693,71.13,0.0305,12,True
Monti,2023,9,2334,105.35,0.0451,46.71,0.02,12,True
Monti,2023,10,2334,1.38,0.0006,0.41,0.0002,12,True
Monti,2023,11,2334,0.65,0.0003,0.2,0.0001,12,True
Monti,2023,12,2334,0.85,0.0004,0.26,0.0001,12,True
Mores,2023,3,1722,113.0,0.0656,66.0,0.0383,8,False
Mores,2023,4,1722,163.0,0.0947,105.0,0.061,8,False
Mores,2023,5,1722,228.0,0.1324,137.0,0.0796,8,False
Mores,2023,6,1722,314.0,0.1823,155.0,0.09,8,False
Mores,2023,7,1722,486.0,0.2822,159.0,0.0923,8,False
Mores,2023,8,1722,567.0,0.3293,163.0,0.0947,8,False
Mores,2023,9,1722,365.0,0.212,210.0,0.122,8,False
Mores,2023,10,1722,140.0,0.0813,104.0,0.0604,8,False
Muravera,2023,1,5172,70.0,0.0135,12.0,0.0023,12,True
Muravera,2023,2,5172,54.0,0.0104,9.0,0.0017,12,True
Muravera,2023,3,5172,137.0,0.0265,44.0,0.0085,12,True
Muravera,2023,4,5172,10099.0,1.9526,3074.0,0.5944,12,True
Muravera,2023,5,5172,24755.0,4.7863,6524.0,1.2614,12,True
Muravera,2023,6,5172,108948.0,21.065,18018.0,3.4838,12,True
Muravera,2023,7,5172,172107.0,33.2767,23725.0,4.5872,12,True
Muravera,2023,8,5172,186263.0,36.0137,21924.0,4.239,12,True
Muravera,2023,9,5172,123654.0,23.9084,18924.0,3.6589,12,True
Muravera,2023,10,5172,34424.0,6.6558,5239.0,1.013,12,True
Muravera,2023,11,5172,1084.0,0.2096,218.0,0.0422,12,True
Muravera,2023,12,5172,94.0,0.0182,32.0,0.0062,12,True
Musei,2023,11,1508,9.0,0.006,5.0,0.0033,2,False
Musei,2023,12,1508,7.0,0.0046,7.0,0.0046,2,False
Narbolia,2023,1,1666,138.27,0.083,95.05,0.0571,12,True
Narbolia,2023,2,1666,112.23,0.0674,58.05,0.0348,12,True
Narbolia,2023,3,1666,364.28,0.2187,223.06,0.1339,12,True
Narbolia,2023,4,1666,2152.63,1.2921,1082.13,0.6495,12,True
Narbolia,2023,5,1666,4366.81,2.6211,1794.16,1.0769,12,True
Narbolia,2023,6,1666,10174.36,6.1071,3151.27,1.8915,12,True
Narbolia,2023,7,1666,24110.91,14.4723,5429.38,3.2589,12,True
Narbolia,2023,8,1666,30126.89,18.0834,5456.38,3.2751,12,True
Narbolia,2023,9,1666,18260.18,10.9605,5691.24,3.4161,12,True
Narbolia,2023,10,1666,8339.69,5.0058,2561.14,1.5373,12,True
Narbolia,2023,11,1666,446.33,0.2679,208.07,0.1249,12,True
Narbolia,2023,12,1666,0.43,0.0003,0.09,0.0001,12,True
Narcao,2023,1,3052,1.22,0.0004,1.0,0.0003,12,True
Narcao,2023,2,3052,27.03,0.0089,21.85,0.0072,12,True
Narcao,2023,3,3052,27.27,0.0089,25.05,0.0082,12,True
Narcao,2023,4,3052,92.83,0.0304,57.33,0.0188,12,True
Narcao,2023,5,3052,32.66,0.0107,28.01,0.0092,12,True
Narcao,2023,6,3052,52.11,0.0171,49.03,0.0161,12,True
Narcao,2023,7,3052,159.6,0.0523,63.07,0.0207,12,True
Narcao,2023,8,3052,164.49,0.0539,102.98,0.0337,12,True
Narcao,2023,9,3052,155.29,0.0509,69.35,0.0227,12,True
Narcao,2023,10,3052,45.1,0.0148,29.55,0.0097,12,True
Narcao,2023,11,3052,1.47,0.0005,1.21,0.0004,12,True
Narcao,2023,12,3052,1.92,0.0006,1.58,0.0005,12,True
Norbello,2023,5,1125,51.0,0.0453,18.0,0.016,5,False
Norbello,2023,6,1125,443.0,0.3938,138.0,0.1227,5,False
Norbello,2023,7,1125,692.0,0.6151,139.0,0.1236,5,False
Norbello,2023,8,1125,1016.0,0.9031,202.0,0.1796,5,False
Norbello,2023,9,1125,382.0,0.3396,58.0,0.0516,5,False
Nughedu San Nicolò,2023,1,748,0.22,0.0003,0.22,0.0003,12,True
Nughedu San Nicolò,2023,2,748,0.18,0.0002,0.18,0.0002,12,True
Nughedu San Nicolò,2023,3,748,0.23,0.0003,0.23,0.0003,12,True
Nughedu San Nicolò,2023,4,748,0.5,0.0007,0.5,0.0007,12,True
Nughedu San Nicolò,2023,5,748,0.65,0.0009,0.65,0.0009,12,True
Nughedu San Nicolò,2023,6,748,119.09,0.1592,64.09,0.0857,12,True
Nughedu San Nicolò,2023,7,748,75.53,0.101,42.53,0.0569,12,True
Nughedu San Nicolò,2023,8,748,180.51,0.2413,92.51,0.1237,12,True
Nughedu San Nicolò,2023,9,748,49.94,0.0668,33.94,0.0454,12,True
Nughedu San Nicolò,2023,10,748,0.55,0.0007,0.55,0.0007,12,True
Nughedu San Nicolò,2023,11,748,0.26,0.0003,0.26,0.0003,12,True
Nughedu San Nicolò,2023,12,748,0.34,0.0005,0.34,0.0005,12,True
Nughedu Santa Vittoria,2023,1,433,0.89,0.0021,0.35,0.0008,12,True
Nughedu Santa Vittoria,2023,2,433,0.76,0.0018,0.3,0.0007,12,True
Nughedu Santa Vittoria,2023,3,433,0.93,0.0021,0.37,0.0009,12,True
Nughedu Santa Vittoria,2023,4,433,11.08,0.0256,6.82,0.0158,12,True
Nughedu Santa Vittoria,2023,5,433,19.69,0.0455,14.06,0.0325,12,True
Nughedu Santa Vittoria,2023,6,433,4.48,0.0103,1.77,0.0041,12,True
Nughedu Santa Vittoria,2023,7,433,6.3,0.0145,2.48,0.0057,12,True
Nughedu Santa Vittoria,2023,8,433,27.23,0.0629,17.45,0.0403,12,True
Nughedu Santa Vittoria,2023,9,433,32.88,0.0759,14.53,0.0336,12,True
Nughedu Santa Vittoria,2023,10,433,8.27,0.0191,6.9,0.0159,12,True
Nughedu Santa Vittoria,2023,11,433,22.08,0.051,9.42,0.0218,12,True
Nughedu Santa Vittoria,2023,12,433,1.41,0.0033,0.56,0.0013,12,True
Nulvi,2023,1,2638,0.22,0.0001,0.11,0.0,12,True
Nulvi,2023,2,2638,0.18,0.0001,0.09,0.0,12,True
Nulvi,2023,3,2638,0.23,0.0001,0.11,0.0,12,True
Nulvi,2023,4,2638,0.5,0.0002,0.25,0.0001,12,True
Nulvi,2023,5,2638,75.65,0.0287,20.33,0.0077,12,True
Nulvi,2023,6,2638,475.09,0.1801,64.54,0.0245,12,True
Nulvi,2023,7,2638,706.53,0.2678,109.76,0.0416,12,True
Nulvi,2023,8,2638,394.51,0.1495,57.75,0.0219,12,True
Nulvi,2023,9,2638,337.94,0.1281,36.47,0.0138,12,True
Nulvi,2023,10,2638,91.55,0.0347,11.28,0.0043,12,True
Nulvi,2023,11,2638,0.26,0.0001,0.13,0.0,12,True
Nulvi,2023,12,2638,0.34,0.0001,0.17,0.0001,12,True
Nuoro,2023,1,33923,3695.0,0.1089,1542.0,0.0455,12,True
Nuoro,2023,2,33923,4672.0,0.1377,2042.0,0.0602,12,True
Nuoro,2023,3,33923,5186.0,0.1529,2090.0,0.0616,12,True
Nuoro,2023,4,33923,4600.0,0.1356,2056.0,0.0606,12,True
Nuoro,2023,5,33923,4794.0,0.1413,2312.0,0.0682,12,True
Nuoro,2023,6,33923,4632.0,0.1365,2294.0,0.0676,12,True
Nuoro,2023,7,33923,5437.0,0.1603,2196.0,0.0647,12,True
Nuoro,2023,8,33923,8451.0,0.2491,3150.0,0.0929,12,True
Nuoro,2023,9,33923,6049.0,0.1783,3025.0,0.0892,12,True
Nuoro,2023,10,33923,4885.0,0.144,2525.0,0.0744,12,True
Nuoro,2023,11,33923,4134.0,0.1219,2140.0,0.0631,12,True
Nuoro,2023,12,33923,2403.0,0.0708,1394.0,0.0411,12,True
Nurachi,2023,1,1683,87.0,0.0517,9.0,0.0053,12,True
Nurachi,2023,2,1683,119.0,0.0707,31.0,0.0184,12,True
Nurachi,2023,3,1683,71.0,0.0422,17.0,0.0101,12,True
Nurachi,2023,4,1683,137.0,0.0814,34.0,0.0202,12,True
Nurachi,2023,5,1683,281.0,0.167,69.0,0.041,12,True
Nurachi,2023,6,1683,548.0,0.3256,111.0,0.066,12,True
Nurachi,2023,7,1683,1505.0,0.8942,222.0,0.1319,12,True
Nurachi,2023,8,1683,1920.0,1.1408,292.0,0.1735,12,True
Nurachi,2023,9,1683,692.0,0.4112,145.0,0.0862,12,True
Nurachi,2023,10,1683,222.0,0.1319,35.0,0.0208,12,True
Nurachi,2023,11,1683,26.0,0.0154,6.0,0.0036,12,True
Nurachi,2023,12,1683,22.0,0.0131,9.0,0.0053,12,True
Nuragus,2023,1,839,0.86,0.001,0.65,0.0008,12,True
Nuragus,2023,2,839,0.73,0.0009,0.55,0.0007,12,True
Nuragus,2023,3,839,0.91,0.0011,0.68,0.0008,12,True
Nuragus,2023,4,839,2.01,0.0024,1.51,0.0018,12,True
Nuragus,2023,5,839,2.6,0.0031,1.95,0.0023,12,True
Nuragus,2023,6,839,4.35,0.0052,3.26,0.0039,12,True
Nuragus,2023,7,839,36.11,0.043,24.58,0.0293,12,True
Nuragus,2023,8,839,34.04,0.0406,30.53,0.0364,12,True
Nuragus,2023,9,839,27.77,0.0331,20.82,0.0248,12,True
Nuragus,2023,10,839,2.21,0.0026,1.65,0.002,12,True
Nuragus,2023,11,839,1.04,0.0012,0.78,0.0009,12,True
Nuragus,2023,12,839,1.37,0.0016,1.03,0.0012,12,True
Nurallao,2023,1,1149,24.65,0.0215,12.57,0.0109,12,True
Nurallao,2023,2,1149,0.55,0.0005,0.48,0.0004,12,True
Nurallao,2023,3,1149,0.68,0.0006,0.59,0.0005,12,True
Nurallao,2023,4,1149,54.51,0.0474,34.32,0.0299,12,True
Nurallao,2023,5,1149,67.95,0.0591,53.71,0.0467,12,True
Nurallao,2023,6,1149,66.26,0.0577,39.85,0.0347,12,True
Nurallao,2023,7,1149,101.58,0.0884,51.01,0.0444,12,True
Nurallao,2023,8,1149,127.53,0.111,66.96,0.0583,12,True
Nurallao,2023,9,1149,80.82,0.0703,39.47,0.0344,12,True
Nurallao,2023,10,1149,56.65,0.0493,33.45,0.0291,12,True
Nurallao,2023,11,1149,0.78,0.0007,0.68,0.0006,12,True
Nurallao,2023,12,1149,45.03,0.0392,26.9,0.0234,12,True
Nuraminis,2023,1,2311,281.0,0.1216,74.0,0.032,12,True
Nuraminis,2023,2,2311,266.0,0.1151,58.0,0.0251,12,True
Nuraminis,2023,3,2311,258.0,0.1116,59.0,0.0255,12,True
Nuraminis,2023,4,2311,187.0,0.0809,68.0,0.0294,12,True
Nuraminis,2023,5,2311,396.0,0.1714,94.0,0.0407,12,True
Nuraminis,2023,6,2311,286.0,0.1238,110.0,0.0476,12,True
Nuraminis,2023,7,2311,253.0,0.1095,85.0,0.0368,12,True
Nuraminis,2023,8,2311,326.0,0.1411,102.0,0.0441,12,True
Nuraminis,2023,9,2311,362.0,0.1566,106.0,0.0459,12,True
Nuraminis,2023,10,2311,194.0,0.0839,77.0,0.0333,12,True
Nuraminis,2023,11,2311,105.0,0.0454,43.0,0.0186,12,True
Nuraminis,2023,12,2311,142.0,0.0614,46.0,0.0199,12,True
Nureci,2023,1,314,0.38,0.0012,0.32,0.001,12,True
Nureci,2023,2,314,0.32,0.001,0.27,0.0009,12,True
Nureci,2023,3,314,0.4,0.0013,0.34,0.0011,12,True
Nureci,2023,4,314,0.88,0.0028,0.76,0.0024,12,True
Nureci,2023,5,314,11.14,0.0355,8.98,0.0286,12,True
Nureci,2023,6,314,21.9,0.0697,14.63,0.0466,12,True
Nureci,2023,7,314,22.67,0.0722,19.29,0.0614,12,True
Nureci,2023,8,314,79.64,0.2536,53.26,0.1696,12,True
Nureci,2023,9,314,37.65,0.1199,29.41,0.0937,12,True
Nureci,2023,10,314,33.97,0.1082,25.83,0.0823,12,True
Nureci,2023,11,314,0.46,0.0015,0.39,0.0012,12,True
Nureci,2023,12,314,16.6,0.0529,12.51,0.0398,12,True
Nurri,2023,1,2027,0.86,0.0004,0.43,0.0002,12,True
Nurri,2023,2,2027,0.73,0.0004,0.37,0.0002,12,True
Nurri,2023,3,2027,25.91,0.0128,11.45,0.0056,12,True
Nurri,2023,4,2027,146.01,0.072,83.01,0.041,12,True
Nurri,2023,5,2027,62.6,0.0309,59.3,0.0293,12,True
Nurri,2023,6,2027,85.35,0.0421,45.17,0.0223,12,True
Nurri,2023,7,2027,350.11,0.1727,41.06,0.0203,12,True
Nurri,2023,8,2027,84.04,0.0415,28.02,0.0138,12,True
Nurri,2023,9,2027,92.77,0.0458,54.88,0.0271,12,True
Nurri,2023,10,2027,40.21,0.0198,33.1,0.0163,12,True
Nurri,2023,11,2027,45.04,0.0222,19.52,0.0096,12,True
Nurri,2023,12,2027,1.37,0.0007,0.68,0.0003,12,True
Nuxis,2023,1,1437,4.92,0.0034,0.51,0.0004,12,True
Nuxis,2023,2,1437,4.17,0.0029,0.44,0.0003,12,True
Nuxis,2023,3,1437,5.15,0.0036,0.54,0.0004,12,True
Nuxis,2023,4,1437,11.45,0.008,1.2,0.0008,12,True
Nuxis,2023,5,1437,14.82,0.0103,1.55,0.0011,12,True
Nuxis,2023,6,1437,24.73,0.0172,2.58,0.0018,12,True
Nuxis,2023,7,1437,34.76,0.0242,3.63,0.0025,12,True
Nuxis,2023,8,1437,34.33,0.0239,3.58,0.0025,12,True
Nuxis,2023,9,1437,21.41,0.0149,2.24,0.0016,12,True
Nuxis,2023,10,1437,12.55,0.0087,1.31,0.0009,12,True
Nuxis,2023,11,1437,5.93,0.0041,0.62,0.0004,12,True
Nuxis,2023,12,1437,7.77,0.0054,0.81,0.0006,12,True
Olbia,2023,1,61172,7779.0,0.1272,4303.0,0.0703,12,True
Olbia,2023,2,61172,8967.0,0.1466,5064.0,0.0828,12,True
Olbia,2023,3,61172,13236.0,0.2164,7160.0,0.117,12,True
Olbia,2023,4,61172,34506.0,0.5641,15671.0,0.2562,12,True
Olbia,2023,5,61172,66732.0,1.0909,25904.0,0.4235,12,True
Olbia,2023,6,61172,137928.0,2.2548,41197.0,0.6735,12,True
Olbia,2023,7,61172,194565.0,3.1806,53399.0,0.8729,12,True
Olbia,2023,8,61172,205941.0,3.3666,54185.0,0.8858,12,True
Olbia,2023,9,61172,131830.0,2.1551,40498.0,0.662,12,True
Olbia,2023,10,61172,53436.0,0.8735,19177.0,0.3135,12,True
Olbia,2023,11,61172,8393.0,0.1372,5038.0,0.0824,12,True
Olbia,2023,12,61172,7449.0,0.1218,5009.0,0.0819,12,True
Oliena,2023,1,6607,705.0,0.1067,189.0,0.0286,12,True
Oliena,2023,2,6607,1039.0,0.1573,165.0,0.025,12,True
Oliena,2023,3,6607,286.0,0.0433,171.0,0.0259,12,True
Oliena,2023,4,6607,2997.0,0.4536,1219.0,0.1845,12,True
Oliena,2023,5,6607,3366.0,0.5095,1612.0,0.244,12,True
Oliena,2023,6,6607,3720.0,0.563,1642.0,0.2485,12,True
Oliena,2023,7,6607,4452.0,0.6738,1822.0,0.2758,12,True
Oliena,2023,8,6607,5541.0,0.8387,2081.0,0.315,12,True
Oliena,2023,9,6607,4503.0,0.6815,2194.0,0.3321,12,True
Oliena,2023,10,6607,3524.0,0.5334,1861.0,0.2817,12,True
Oliena,2023,11,6607,694.0,0.105,484.0,0.0733,12,True
Oliena,2023,12,6607,205.0,0.031,132.0,0.02,12,True
Ollastra,2023,1,1129,1.73,0.0015,0.3,0.0003,12,True
Ollastra,2023,2,1129,1.47,0.0013,0.25,0.0002,12,True
Ollastra,2023,3,1129,1.81,0.0016,0.31,0.0003,12,True
Ollastra,2023,4,1129,4.03,0.0036,0.69,0.0006,12,True
Ollastra,2023,5,1129,5.21,0.0046,0.9,0.0008,12,True
Ollastra,2023,6,1129,8.7,0.0077,1.49,0.0013,12,True
Ollastra,2023,7,1129,38.22,0.0339,8.1,0.0072,12,True
Ollastra,2023,8,1129,12.07,0.0107,2.08,0.0018,12,True
Ollastra,2023,9,1129,29.53,0.0262,10.29,0.0091,12,True
Ollastra,2023,10,1129,4.41,0.0039,0.76,0.0007,12,True
Ollastra,2023,11,1129,2.09,0.0019,0.36,0.0003,12,True
Ollastra,2023,12,1129,2.73,0.0024,0.47,0.0004,12,True
Ollolai,2023,1,1174,0.35,0.0003,0.22,0.0002,12,True
Ollolai,2023,2,1174,0.3,0.0003,0.18,0.0002,12,True
Ollolai,2023,3,1174,0.37,0.0003,0.23,0.0002,12,True
Ollolai,2023,4,1174,0.82,0.0007,0.5,0.0004,12,True
Ollolai,2023,5,1174,1.06,0.0009,0.65,0.0006,12,True
Ollolai,2023,6,1174,1.77,0.0015,1.09,0.0009,12,True
Ollolai,2023,7,1174,71.48,0.0609,16.53,0.0141,12,True
Ollolai,2023,8,1174,51.45,0.0438,9.51,0.0081,12,True
Ollolai,2023,9,1174,1.53,0.0013,0.94,0.0008,12,True
Ollolai,2023,10,1174,0.9,0.0008,0.55,0.0005,12,True
Ollolai,2023,11,1174,0.42,0.0004,0.26,0.0002,12,True
Ollolai,2023,12,1174,0.56,0.0005,0.34,0.0003,12,True
Olmedo,2023,1,4187,107.0,0.0256,18.0,0.0043,12,True
Olmedo,2023,2,4187,52.0,0.0124,10.0,0.0024,12,True
Olmedo,2023,3,4187,71.0,0.017,13.0,0.0031,12,True
Olmedo,2023,4,4187,218.0,0.0521,78.0,0.0186,12,True
Olmedo,2023,5,4187,473.0,0.113,126.0,0.0301,12,True
Olmedo,2023,6,4187,778.0,0.1858,247.0,0.059,12,True
Olmedo,2023,7,4187,1461.0,0.3489,399.0,0.0953,12,True
Olmedo,2023,8,4187,1630.0,0.3893,477.0,0.1139,12,True
Olmedo,2023,9,4187,855.0,0.2042,265.0,0.0633,12,True
Olmedo,2023,10,4187,368.0,0.0879,102.0,0.0244,12,True
Olmedo,2023,11,4187,46.0,0.011,16.0,0.0038,12,True
Olmedo,2023,12,4187,62.0,0.0148,35.0,0.0084,12,True
Onifai,2023,1,709,5.22,0.0074,3.11,0.0044,12,True
Onifai,2023,2,709,0.18,0.0003,0.09,0.0001,12,True
Onifai,2023,3,709,0.23,0.0003,0.11,0.0002,12,True
Onifai,2023,4,709,73.5,0.1037,66.25,0.0934,12,True
Onifai,2023,5,709,43.65,0.0616,29.33,0.0414,12,True
Onifai,2023,6,709,115.09,0.1623,63.54,0.0896,12,True
Onifai,2023,7,709,367.53,0.5184,108.76,0.1534,12,True
Onifai,2023,8,709,499.51,0.7045,136.75,0.1929,12,True
Onifai,2023,9,709,150.94,0.2129,74.47,0.105,12,True
Onifai,2023,10,709,43.55,0.0614,27.28,0.0385,12,True
Onifai,2023,11,709,29.26,0.0413,21.13,0.0298,12,True
Onifai,2023,12,709,38.34,0.0541,19.17,0.027,12,True
Orani,2023,1,2702,192.0,0.0711,32.0,0.0118,12,True
Orani,2023,2,2702,193.0,0.0714,30.0,0.0111,12,True
Orani,2023,3,2702,177.0,0.0655,9.0,0.0033,12,True
Orani,2023,4,2702,182.0,0.0674,20.0,0.0074,12,True
Orani,2023,5,2702,194.0,0.0718,29.0,0.0107,12,True
Orani,2023,6,2702,264.0,0.0977,53.0,0.0196,12,True
Orani,2023,7,2702,140.0,0.0518,44.0,0.0163,12,True
Orani,2023,8,2702,167.0,0.0618,100.0,0.037,12,True
Orani,2023,9,2702,157.0,0.0581,68.0,0.0252,12,True
Orani,2023,10,2702,121.0,0.0448,92.0,0.034,12,True
Orani,2023,11,2702,90.0,0.0333,47.0,0.0174,12,True
Orani,2023,12,2702,98.0,0.0363,46.0,0.017,12,True
Orgosolo,2023,1,3948,207.0,0.0524,139.0,0.0352,12,True
Orgosolo,2023,2,3948,214.0,0.0542,177.0,0.0448,12,True
Orgosolo,2023,3,3948,64.0,0.0162,43.0,0.0109,12,True
Orgosolo,2023,4,3948,247.0,0.0626,142.0,0.036,12,True
Orgosolo,2023,5,3948,322.0,0.0816,223.0,0.0565,12,True
Orgosolo,2023,6,3948,326.0,0.0826,185.0,0.0469,12,True
Orgosolo,2023,7,3948,391.0,0.099,239.0,0.0605,12,True
Orgosolo,2023,8,3948,1143.0,0.2895,716.0,0.1814,12,True
Orgosolo,2023,9,3948,705.0,0.1786,499.0,0.1264,12,True
Orgosolo,2023,10,3948,607.0,0.1537,489.0,0.1239,12,True
Orgosolo,2023,11,3948,246.0,0.0623,197.0,0.0499,12,True
Orgosolo,2023,12,3948,118.0,0.0299,75.0,0.019,12,True
Oristano,2023,1,30447,6213.0,0.2041,2503.0,0.0822,12,True
Oristano,2023,2,30447,7217.0,0.237,3612.0,0.1186,12,True
Oristano,2023,3,30447,8800.0,0.289,4637.0,0.1523,12,True
Oristano,2023,4,30447,10950.0,0.3596,6378.0,0.2095,12,True
Oristano,2023,5,30447,16371.0,0.5377,8580.0,0.2818,12,True
Oristano,2023,6,30447,21617.0,0.71,9059.0,0.2975,12,True
Oristano,2023,7,30447,31107.0,1.0217,10169.0,0.334,12,True
Oristano,2023,8,30447,43152.0,1.4173,11712.0,0.3847,12,True
Oristano,2023,9,30447,27743.0,0.9112,11368.0,0.3734,12,True
Oristano,2023,10,30447,10729.0,0.3524,5872.0,0.1929,12,True
Oristano,2023,11,30447,5054.0,0.166,2954.0,0.097,12,True
Oristano,2023,12,30447,5019.0,0.1648,2760.0,0.0906,12,True
Orosei,2023,1,6799,331.0,0.0487,207.0,0.0304,12,True
Orosei,2023,2,6799,561.0,0.0825,159.0,0.0234,12,True
Orosei,2023,3,6799,880.0,0.1294,316.0,0.0465,12,True
Orosei,2023,4,6799,19301.0,2.8388,5187.0,0.7629,12,True
Orosei,2023,5,6799,55452.0,8.1559,12149.0,1.7869,12,True
Orosei,2023,6,6799,132429.0,19.4777,23326.0,3.4308,12,True
Orosei,2023,7,6799,191865.0,28.2196,30263.0,4.4511,12,True
Orosei,2023,8,6799,200740.0,29.5249,29186.0,4.2927,12,True
Orosei,2023,9,6799,124377.0,18.2934,23404.0,3.4423,12,True
Orosei,2023,10,6799,41918.0,6.1653,9377.0,1.3792,12,True
Orosei,2023,11,6799,534.0,0.0785,171.0,0.0252,12,True
Orosei,2023,12,6799,397.0,0.0584,199.0,0.0293,12,True
Orroli,2023,5,1968,28.0,0.0142,26.0,0.0132,8,False
Orroli,2023,6,1968,62.0,0.0315,54.0,0.0274,8,False
Orroli,2023,7,1968,23.0,0.0117,13.0,0.0066,8,False
Orroli,2023,8,1968,99.0,0.0503,53.0,0.0269,8,False
Orroli,2023,9,1968,110.0,0.0559,88.0,0.0447,8,False
Orroli,2023,10,1968,70.0,0.0356,55.0,0.0279,8,False
Orroli,2023,11,1968,60.0,0.0305,42.0,0.0213,8,False
Orroli,2023,12,1968,56.0,0.0285,48.0,0.0244,8,False
Ortueri,2023,1,1029,18.3,0.0178,10.89,0.0106,12,True
Ortueri,2023,2,1029,1.95,0.0019,0.76,0.0007,12,True
Ortueri,2023,3,1029,2.41,0.0023,0.93,0.0009,12,True
Ortueri,2023,4,1029,5.35,0.0052,2.08,0.002,12,True
Ortueri,2023,5,1029,6.92,0.0067,2.69,0.0026,12,True
Ortueri,2023,6,1029,41.55,0.0404,10.48,0.0102,12,True
Ortueri,2023,7,1029,22.24,0.0216,12.3,0.012,12,True
Ortueri,2023,8,1029,24.03,0.0234,14.23,0.0138,12,True
Ortueri,2023,9,1029,62.0,0.0603,15.88,0.0154,12,True
Ortueri,2023,10,1029,14.86,0.0144,9.27,0.009,12,True
Ortueri,2023,11,1029,7.77,0.0076,5.08,0.0049,12,True
Ortueri,2023,12,1029,3.63,0.0035,1.41,0.0014,12,True
Oschiri,2023,1,3016,1.89,0.0006,0.76,0.0003,12,True
Oschiri,2023,2,3016,1.6,0.0005,0.64,0.0002,12,True
Oschiri,2023,3,3016,1.98,0.0007,0.79,0.0003,12,True
Oschiri,2023,4,3016,4.41,0.0015,1.76,0.0006,12,True
Oschiri,2023,5,3016,38.7,0.0128,23.28,0.0077,12,True
Oschiri,2023,6,3016,39.51,0.0131,20.8,0.0069,12,True
Oschiri,2023,7,3016,49.37,0.0164,31.35,0.0104,12,True
Oschiri,2023,8,3016,154.2,0.0511,107.28,0.0356,12,True
Oschiri,2023,9,3016,35.24,0.0117,20.29,0.0067,12,True
Oschiri,2023,10,3016,4.83,0.0016,1.93,0.0006,12,True
Oschiri,2023,11,3016,9.28,0.0031,7.91,0.0026,12,True
Oschiri,2023,12,3016,2.99,0.001,1.2,0.0004,12,True
Osidda,2023,1,217,0.54,0.0025,0.49,0.0023,12,True
Osidda,2023,2,217,0.46,0.0021,0.41,0.0019,12,True
Osidda,2023,3,217,0.57,0.0026,0.51,0.0024,12,True
Osidda,2023,4,217,1.26,0.0058,1.13,0.0052,12,True
Osidda,2023,5,217,1.63,0.0075,1.47,0.0068,12,True
Osidda,2023,6,217,2.72,0.0125,2.45,0.0113,12,True
Osidda,2023,7,217,12.82,0.0591,12.44,0.0573,12,True
Osidda,2023,8,217,11.77,0.0542,11.4,0.0525,12,True
Osidda,2023,9,217,2.35,0.0108,2.12,0.0098,12,True
Osidda,2023,10,217,1.38,0.0064,1.24,0.0057,12,True
Osidda,2023,11,217,0.65,0.003,0.59,0.0027,12,True
Osidda,2023,12,217,0.85,0.0039,0.77,0.0035,12,True
Osilo,2023,1,2800,2.86,0.001,0.65,0.0002,12,True
Osilo,2023,2,2800,2.43,0.0009,0.55,0.0002,12,True
Osilo,2023,3,2800,3.0,0.0011,0.68,0.0002,12,True
Osilo,2023,4,2800,6.67,0.0024,1.51,0.0005,12,True
Osilo,2023,5,2800,8.63,0.0031,1.95,0.0007,12,True
Osilo,2023,6,2800,14.4,0.0051,3.26,0.0012,12,True
Osilo,2023,7,2800,43.25,0.0154,11.58,0.0041,12,True
Osilo,2023,8,2800,20.0,0.0071,4.53,0.0016,12,True
Osilo,2023,9,2800,12.47,0.0045,2.82,0.001,12,True
Osilo,2023,10,2800,7.31,0.0026,1.65,0.0006,12,True
Osilo,2023,11,2800,3.46,0.0012,0.78,0.0003,12,True
Osilo,2023,12,2800,4.53,0.0016,1.03,0.0004,12,True
Osini,2023,1,714,0.49,0.0007,0.49,0.0007,12,True
Osini,2023,2,714,0.41,0.0006,0.41,0.0006,12,True
Osini,2023,3,714,0.51,0.0007,0.51,0.0007,12,True
Osini,2023,4,714,77.13,0.108,53.13,0.0744,12,True
Osini,2023,5,714,61.47,0.0861,54.47,0.0763,12,True
Osini,2023,6,714,108.45,0.1519,76.45,0.1071,12,True
Osini,2023,7,714,55.44,0.0776,38.44,0.0538,12,True
Osini,2023,8,714,409.4,0.5734,254.4,0.3563,12,True
Osini,2023,9,714,129.12,0.1808,111.12,0.1556,12,True
Osini,2023,10,714,47.24,0.0662,40.24,0.0564,12,True
Osini,2023,11,714,0.59,0.0008,0.59,0.0008,12,True
Osini,2023,12,714,36.77,0.0515,31.77,0.0445,12,True
Ossi,2023,1,5474,0.51,0.0001,0.41,0.0001,12,True
Ossi,2023,2,5474,4.44,0.0008,4.34,0.0008,12,True
Ossi,2023,3,5474,19.54,0.0036,12.42,0.0023,12,True
Ossi,2023,4,5474,58.2,0.0106,34.94,0.0064,12,True
Ossi,2023,5,5474,59.55,0.0109,28.22,0.0052,12,True
Ossi,2023,6,5474,79.58,0.0145,29.04,0.0053,12,True
Ossi,2023,7,5474,81.63,0.0149,26.87,0.0049,12,True
Ossi,2023,8,5474,66.58,0.0122,33.83,0.0062,12,True
Ossi,2023,9,5474,76.24,0.0139,38.76,0.0071,12,True
Ossi,2023,10,5474,56.31,0.0103,25.03,0.0046,12,True
Ossi,2023,11,5474,4.62,0.0008,4.49,0.0008,12,True
Ossi,2023,12,5474,21.81,0.004,9.64,0.0018,12,True
Ottana,2023,1,2173,195.16,0.0898,112.05,0.0516,12,True
Ottana,2023,2,2173,201.14,0.0926,120.05,0.0552,12,True
Ottana,2023,3,2173,660.17,0.3038,121.06,0.0557,12,True
Ottana,2023,4,2173,370.38,0.1704,129.13,0.0594,12,True
Ottana,2023,5,2173,404.49,0.1861,144.16,0.0663,12,True
Ottana,2023,6,2173,318.82,0.1467,135.27,0.0623,12,True
Ottana,2023,7,2173,252.15,0.116,143.38,0.066,12,True
Ottana,2023,8,2173,224.13,0.1031,87.38,0.0402,12,True
Ottana,2023,9,2173,201.71,0.0928,85.24,0.0392,12,True
Ottana,2023,10,2173,25.41,0.0117,21.14,0.0097,12,True
Ottana,2023,11,2173,0.2,0.0001,0.07,0.0,12,True
Ottana,2023,12,2173,0.26,0.0001,0.09,0.0,12,True
Ovodda,2023,1,1522,3.7,0.0024,1.0,0.0007,12,True
Ovodda,2023,2,1522,3.14,0.0021,0.85,0.0006,12,True
Ovodda,2023,3,1522,3.88,0.0025,1.05,0.0007,12,True
Ovodda,2023,4,1522,8.62,0.0057,2.33,0.0015,12,True
Ovodda,2023,5,1522,11.15,0.0073,3.01,0.002,12,True
Ovodda,2023,6,1522,18.61,0.0122,5.03,0.0033,12,True
Ovodda,2023,7,1522,26.17,0.0172,7.07,0.0046,12,True
Ovodda,2023,8,1522,25.84,0.017,6.98,0.0046,12,True
Ovodda,2023,9,1522,16.12,0.0106,4.35,0.0029,12,True
Ovodda,2023,10,1522,9.44,0.0062,2.55,0.0017,12,True
Ovodda,2023,11,1522,4.47,0.0029,1.21,0.0008,12,True
Ovodda,2023,12,1522,15.85,0.0104,6.58,0.0043,12,True
Ozieri,2023,1,9853,320.0,0.0325,91.0,0.0092,12,True
Ozieri,2023,2,9853,309.0,0.0314,98.0,0.0099,12,True
Ozieri,2023,3,9853,197.0,0.02,66.0,0.0067,12,True
Ozieri,2023,4,9853,410.0,0.0416,142.0,0.0144,12,True
Ozieri,2023,5,9853,566.0,0.0574,145.0,0.0147,12,True
Ozieri,2023,6,9853,541.0,0.0549,197.0,0.02,12,True
Ozieri,2023,7,9853,457.0,0.0464,154.0,0.0156,12,True
Ozieri,2023,8,9853,507.0,0.0515,206.0,0.0209,12,True
Ozieri,2023,9,9853,490.0,0.0497,199.0,0.0202,12,True
Ozieri,2023,10,9853,555.0,0.0563,161.0,0.0163,12,True
Ozieri,2023,11,9853,678.0,0.0688,124.0,0.0126,12,True
Ozieri,2023,12,9853,302.0,0.0307,135.0,0.0137,12,True
Pabillonis,2023,1,2481,0.11,0.0,0.08,0.0,12,True
Pabillonis,2023,2,2481,23.09,0.0093,5.07,0.002,12,True
Pabillonis,2023,3,2481,22.11,0.0089,6.08,0.0025,12,True
Pabillonis,2023,4,2481,21.25,0.0086,11.19,0.0045,12,True
Pabillonis,2023,5,2481,108.33,0.0437,18.24,0.0074,12,True
Pabillonis,2023,6,2481,0.54,0.0002,0.41,0.0002,12,True
Pabillonis,2023,7,2481,101.76,0.041,21.57,0.0087,12,True
Pabillonis,2023,8,2481,168.75,0.068,33.57,0.0135,12,True
Pabillonis,2023,9,2481,80.47,0.0324,28.35,0.0114,12,True
Pabillonis,2023,10,2481,98.28,0.0396,16.21,0.0065,12,True
Pabillonis,2023,11,2481,74.13,0.0299,6.1,0.0025,12,True
Pabillonis,2023,12,2481,33.17,0.0134,10.13,0.0041,12,True
Padria,2023,1,598,2.0,0.0033,0.27,0.0005,12,True
Padria,2023,2,598,1.7,0.0028,0.23,0.0004,12,True
Padria,2023,3,598,2.1,0.0035,0.28,0.0005,12,True
Padria,2023,4,598,4.66,0.0078,0.63,0.0011,12,True
Padria,2023,5,598,6.02,0.0101,0.81,0.0014,12,True
Padria,2023,6,598,10.05,0.0168,1.36,0.0023,12,True
Padria,2023,7,598,14.13,0.0236,1.91,0.0032,12,True
Padria,2023,8,598,13.96,0.0233,1.89,0.0032,12,True
Padria,2023,9,598,26.71,0.0447,5.18,0.0087,12,True
Padria,2023,10,598,5.1,0.0085,0.69,0.0012,12,True
Padria,2023,11,598,2.41,0.004,0.33,0.0006,12,True
Padria,2023,12,598,3.16,0.0053,0.43,0.0007,12,True
Padru,2023,1,2072,0.3,0.0001,0.19,0.0001,12,True
Padru,2023,2,2072,0.25,0.0001,0.16,0.0001,12,True
Padru,2023,3,2072,0.31,0.0001,0.2,0.0001,12,True
Padru,2023,4,2072,0.69,0.0003,0.44,0.0002,12,True
Padru,2023,5,2072,18.9,0.0091,4.57,0.0022,12,True
Padru,2023,6,2072,74.49,0.036,15.95,0.0077,12,True
Padru,2023,7,2072,302.1,0.1458,49.34,0.0238,12,True
Padru,2023,8,2072,445.08,0.2148,73.32,0.0354,12,True
Padru,2023,9,2072,200.29,0.0967,45.82,0.0221,12,True
Padru,2023,10,2072,91.76,0.0443,16.48,0.008,12,True
Padru,2023,11,2072,0.36,0.0002,0.23,0.0001,12,True
Padru,2023,12,2072,0.47,0.0002,0.3,0.0001,12,True
Palau,2023,1,4053,55.0,0.0136,6.0,0.0015,12,True
Palau,2023,2,4053,68.0,0.0168,17.0,0.0042,12,True
Palau,2023,3,4053,162.0,0.04,76.0,0.0188,12,True
Palau,2023,4,4053,21455.0,5.2936,6370.0,1.5717,12,True
Palau,2023,5,4053,46642.0,11.508,13006.0,3.209,12,True
Palau,2023,6,4053,100335.0,24.7557,20110.0,4.9618,12,True
Palau,2023,7,4053,136854.0,33.7661,23385.0,5.7698,12,True
Palau,2023,8,4053,151678.0,37.4236,23614.0,5.8263,12,True
Palau,2023,9,4053,95079.0,23.4589,20043.0,4.9452,12,True
Palau,2023,10,4053,42749.0,10.5475,8563.0,2.1128,12,True
Palau,2023,11,4053,853.0,0.2105,97.0,0.0239,12,True
Palau,2023,12,4053,144.0,0.0355,41.0,0.0101,12,True
Pattada,2023,1,2859,0.27,0.0001,0.27,0.0001,12,True
Pattada,2023,2,2859,0.23,0.0001,0.23,0.0001,12,True
Pattada,2023,3,2859,7.28,0.0025,6.28,0.0022,12,True
Pattada,2023,4,2859,23.63,0.0083,21.63,0.0076,12,True
Pattada,2023,5,2859,20.81,0.0073,20.81,0.0073,12,True
Pattada,2023,6,2859,33.36,0.0117,19.36,0.0068,12,True
Pattada,2023,7,2859,38.91,0.0136,9.91,0.0035,12,True
Pattada,2023,8,2859,43.89,0.0154,21.89,0.0077,12,True
Pattada,2023,9,2859,12.18,0.0043,12.18,0.0043,12,True
Pattada,2023,10,2859,0.69,0.0002,0.69,0.0002,12,True
Pattada,2023,11,2859,25.33,0.0089,12.33,0.0043,12,True
Pattada,2023,12,2859,0.43,0.0002,0.43,0.0002,12,True
Pauli Arbarei,2023,1,567,18.7,0.033,2.51,0.0044,12,True
Pauli Arbarei,2023,2,567,5.6,0.0099,5.44,0.0096,12,True
Pauli Arbarei,2023,3,567,22.74,0.0401,16.54,0.0292,12,True
Pauli Arbarei,2023,4,567,70.64,0.1246,64.2,0.1132,12,True
Pauli Arbarei,2023,5,567,96.12,0.1695,22.55,0.0398,12,True
Pauli Arbarei,2023,6,567,46.53,0.0821,30.58,0.0539,12,True
Pauli Arbarei,2023,7,567,39.97,0.0705,31.63,0.0558,12,True
Pauli Arbarei,2023,8,567,102.9,0.1815,54.58,0.0963,12,True
Pauli Arbarei,2023,9,567,62.06,0.1095,37.24,0.0657,12,True
Pauli Arbarei,2023,10,567,72.79,0.1284,42.31,0.0746,12,True
Pauli Arbarei,2023,11,567,15.85,0.028,15.62,0.0275,12,True
Pauli Arbarei,2023,12,567,1.11,0.002,0.81,0.0014,12,True
Paulilatino,2023,1,2116,1.49,0.0007,0.46,0.0002,12,True
Paulilatino,2023,2,2116,1.26,0.0006,0.39,0.0002,12,True
Paulilatino,2023,3,2116,1.56,0.0007,0.48,0.0002,12,True
Paulilatino,2023,4,2116,45.46,0.0215,11.07,0.0052,12,True
Paulilatino,2023,5,2116,144.48,0.0683,54.38,0.0257,12,True
Paulilatino,2023,6,2116,258.47,0.1222,101.31,0.0479,12,True
Paulilatino,2023,7,2116,233.51,0.1104,99.25,0.0469,12,True
Paulilatino,2023,8,2116,504.38,0.2384,162.21,0.0767,12,True
Paulilatino,2023,9,2116,130.47,0.0617,45.0,0.0213,12,True
Paulilatino,2023,10,2116,116.79,0.0552,23.17,0.0109,12,True
Paulilatino,2023,11,2116,50.79,0.024,9.55,0.0045,12,True
Paulilatino,2023,12,2116,30.35,0.0143,14.73,0.007,12,True
Perdasdefogu,2023,1,1724,1.54,0.0009,0.46,0.0003,12,True
Perdasdefogu,2023,2,1724,61.31,0.0356,2.39,0.0014,12,True
Perdasdefogu,2023,3,1724,21.61,0.0125,4.48,0.0026,12,True
Perdasdefogu,2023,4,1724,3.59,0.0021,1.07,0.0006,12,True
Perdasdefogu,2023,5,1724,10.64,0.0062,6.38,0.0037,12,True
Perdasdefogu,2023,6,1724,7.74,0.0045,2.31,0.0013,12,True
Perdasdefogu,2023,7,1724,47.89,0.0278,36.25,0.021,12,True
Perdasdefogu,2023,8,1724,14.75,0.0086,7.21,0.0042,12,True
Perdasdefogu,2023,9,1724,6.71,0.0039,2.0,0.0012,12,True
Perdasdefogu,2023,10,1724,17.93,0.0104,8.17,0.0047,12,True
Perdasdefogu,2023,11,1724,1.86,0.0011,0.55,0.0003,12,True
Perdasdefogu,2023,12,1724,2.43,0.0014,0.73,0.0004,12,True
Perdaxius,2023,8,1305,10.0,0.0077,3.0,0.0023,1,False
Perfugas,2023,1,2253,17.68,0.0078,13.24,0.0059,12,True
Perfugas,2023,2,2253,13.57,0.006,9.21,0.0041,12,True
Perfugas,2023,3,2253,0.71,0.0003,0.25,0.0001,12,True
Perfugas,2023,4,2253,39.57,0.0176,16.57,0.0074,12,True
Perfugas,2023,5,2253,56.04,0.0249,18.73,0.0083,12,True
Perfugas,2023,6,2253,85.4,0.0379,40.22,0.0179,12,True
Perfugas,2023,7,2253,298.78,0.1326,61.72,0.0274,12,True
Perfugas,2023,8,2253,297.72,0.1321,52.7,0.0234,12,True
Perfugas,2023,9,2253,106.94,0.0475,49.06,0.0218,12,True
Perfugas,2023,10,2253,18.72,0.0083,5.62,0.0025,12,True
Perfugas,2023,11,2253,0.82,0.0004,0.29,0.0001,12,True
Perfugas,2023,12,2253,1.07,0.0005,0.38,0.0002,12,True
Pimentel,2023,9,1121,19.0,0.0169,15.0,0.0134,4,False
Pimentel,2023,10,1121,43.0,0.0384,19.0,0.0169,4,False
Pimentel,2023,11,1121,30.0,0.0268,12.0,0.0107,4,False
Pimentel,2023,12,1121,63.0,0.0562,11.0,0.0098,4,False
Piscinas,2023,1,794,0.27,0.0003,0.16,0.0002,12,True
Piscinas,2023,2,794,0.23,0.0003,0.14,0.0002,12,True
Piscinas,2023,3,794,0.28,0.0004,0.17,0.0002,12,True
Piscinas,2023,4,794,0.63,0.0008,0.38,0.0005,12,True
Piscinas,2023,5,794,0.81,0.001,0.49,0.0006,12,True
Piscinas,2023,6,794,87.36,0.11,17.82,0.0224,12,True
Piscinas,2023,7,794,128.91,0.1624,17.15,0.0216,12,True
Piscinas,2023,8,794,142.89,0.18,51.13,0.0644,12,True
Piscinas,2023,9,794,95.18,0.1199,26.71,0.0336,12,True
Piscinas,2023,10,794,11.69,0.0147,3.41,0.0043,12,True
Piscinas,2023,11,794,0.33,0.0004,0.2,0.0003,12,True
Piscinas,2023,12,794,0.43,0.0005,0.26,0.0003,12,True
Ploaghe,2023,1,4285,1.73,0.0004,0.46,0.0001,12,True
Ploaghe,2023,2,4285,1.47,0.0003,0.39,0.0001,12,True
Ploaghe,2023,3,4285,1.81,0.0004,0.48,0.0001,12,True
Ploaghe,2023,4,4285,4.03,0.0009,1.07,0.0002,12,True
Ploaghe,2023,5,4285,18.21,0.0042,8.38,0.002,12,True
Ploaghe,2023,6,4285,8.7,0.002,2.31,0.0005,12,True
Ploaghe,2023,7,4285,62.22,0.0145,23.25,0.0054,12,True
Ploaghe,2023,8,4285,63.07,0.0147,19.21,0.0045,12,True
Ploaghe,2023,9,4285,48.53,0.0113,21.0,0.0049,12,True
Ploaghe,2023,10,4285,41.41,0.0097,12.17,0.0028,12,True
Ploaghe,2023,11,4285,2.09,0.0005,0.55,0.0001,12,True
Ploaghe,2023,12,4285,2.73,0.0006,0.73,0.0002,12,True
Porto Torres,2023,1,21202,1786.0,0.0842,583.0,0.0275,12,True
Porto Torres,2023,2,21202,1696.0,0.08,506.0,0.0239,12,True
Porto Torres,2023,3,21202,2341.0,0.1104,645.0,0.0304,12,True
Porto Torres,2023,4,21202,2824.0,0.1332,1295.0,0.0611,12,True
Porto Torres,2023,5,21202,4505.0,0.2125,2022.0,0.0954,12,True
Porto Torres,2023,6,21202,6053.0,0.2855,2893.0,0.1364,12,True
Porto Torres,2023,7,21202,8851.0,0.4175,3838.0,0.181,12,True
Porto Torres,2023,8,21202,11003.0,0.519,4834.0,0.228,12,True
Porto Torres,2023,9,21202,6305.0,0.2974,3065.0,0.1446,12,True
Porto Torres,2023,10,21202,3139.0,0.1481,1275.0,0.0601,12,True
Porto Torres,2023,11,21202,1498.0,0.0707,549.0,0.0259,12,True
Porto Torres,2023,12,21202,1273.0,0.06,475.0,0.0224,12,True
Portoscuso,2023,1,4834,149.0,0.0308,62.0,0.0128,12,True
Portoscuso,2023,2,4834,245.0,0.0507,88.0,0.0182,12,True
Portoscuso,2023,3,4834,160.0,0.0331,40.0,0.0083,12,True
Portoscuso,2023,4,4834,736.0,0.1523,272.0,0.0563,12,True
Portoscuso,2023,5,4834,2218.0,0.4588,813.0,0.1682,12,True
Portoscuso,2023,6,4834,4423.0,0.915,1386.0,0.2867,12,True
Portoscuso,2023,7,4834,4919.0,1.0176,1181.0,0.2443,12,True
Portoscuso,2023,8,4834,6667.0,1.3792,1634.0,0.338,12,True
Portoscuso,2023,9,4834,4275.0,0.8844,1362.0,0.2818,12,True
Portoscuso,2023,10,4834,1788.0,0.3699,575.0,0.1189,12,True
Portoscuso,2023,11,4834,722.0,0.1494,122.0,0.0252,12,True
Portoscuso,2023,12,4834,674.0,0.1394,66.0,0.0137,12,True
Posada,2023,1,3029,308.0,0.1017,99.0,0.0327,12,True
Posada,2023,2,3029,250.0,0.0825,116.0,0.0383,12,True
Posada,2023,3,3029,473.0,0.1562,117.0,0.0386,12,True
Posada,2023,4,3029,502.0,0.1657,300.0,0.099,12,True
Posada,2023,5,3029,987.0,0.3259,365.0,0.1205,12,True
Posada,2023,6,3029,3176.0,1.0485,1010.0,0.3334,12,True
Posada,2023,7,3029,7005.0,2.3126,1814.0,0.5989,12,True
Posada,2023,8,3029,8681.0,2.866,2020.0,0.6669,12,True
Posada,2023,9,3029,3393.0,1.1202,953.0,0.3146,12,True
Posada,2023,10,3029,850.0,0.2806,281.0,0.0928,12,True
Posada,2023,11,3029,318.0,0.105,117.0,0.0386,12,True
Posada,2023,12,3029,248.0,0.0819,115.0,0.038,12,True
Pozzomaggiore,2023,1,2378,0.65,0.0003,0.38,0.0002,12,True
Pozzomaggiore,2023,2,2378,9.55,0.004,3.32,0.0014,12,True
Pozzomaggiore,2023,3,2378,16.68,0.007,9.4,0.004,12,True
Pozzomaggiore,2023,4,2378,1.51,0.0006,0.88,0.0004,12,True
Pozzomaggiore,2023,5,2378,1.95,0.0008,1.14,0.0005,12,True
Pozzomaggiore,2023,6,2378,40.26,0.0169,13.9,0.0058,12,True
Pozzomaggiore,2023,7,2378,58.58,0.0246,19.67,0.0083,12,True
Pozzomaggiore,2023,8,2378,138.53,0.0583,41.64,0.0175,12,True
Pozzomaggiore,2023,9,2378,87.82,0.0369,24.65,0.0104,12,True
Pozzomaggiore,2023,10,2378,12.65,0.0053,5.97,0.0025,12,True
Pozzomaggiore,2023,11,2378,0.78,0.0003,0.46,0.0002,12,True
Pozzomaggiore,2023,12,2378,1.03,0.0004,0.6,0.0003,12,True
Pula,2023,1,7135,801.0,0.1123,233.0,0.0327,12,True
Pula,2023,2,7135,1461.0,0.2048,442.0,0.0619,12,True
Pula,2023,3,7135,2947.0,0.413,942.0,0.132,12,True
Pula,2023,4,7135,21200.0,2.9713,6996.0,0.9805,12,True
Pula,2023,5,7135,45658.0,6.3992,13411.0,1.8796,12,True
Pula,2023,6,7135,84193.0,11.8,18362.0,2.5735,12,True
Pula,2023,7,7135,105418.0,14.7748,19719.0,2.7637,12,True
Pula,2023,8,7135,114567.0,16.057,18275.0,2.5613,12,True
Pula,2023,9,7135,75349.0,10.5605,17968.0,2.5183,12,True
Pula,2023,10,7135,35836.0,5.0226,9342.0,1.3093,12,True
Pula,2023,11,7135,1615.0,0.2263,468.0,0.0656,12,True
Pula,2023,12,7135,1050.0,0.1472,302.0,0.0423,12,True
Putifigari,2023,1,674,0.41,0.0006,0.19,0.0003,12,True
Putifigari,2023,2,674,0.34,0.0005,0.16,0.0002,12,True
Putifigari,2023,3,674,0.42,0.0006,0.2,0.0003,12,True
Putifigari,2023,4,674,0.94,0.0014,0.44,0.0007,12,True
Putifigari,2023,5,674,1.22,0.0018,0.57,0.0008,12,True
Putifigari,2023,6,674,77.04,0.1143,28.95,0.043,12,True
Putifigari,2023,7,674,367.87,0.5458,53.34,0.0791,12,True
Putifigari,2023,8,674,478.83,0.7104,83.32,0.1236,12,True
Putifigari,2023,9,674,51.76,0.0768,19.82,0.0294,12,True
Putifigari,2023,10,674,1.03,0.0015,0.48,0.0007,12,True
Putifigari,2023,11,674,0.49,0.0007,0.23,0.0003,12,True
Putifigari,2023,12,674,25.64,0.038,19.3,0.0286,12,True
Quartu Sant'Elena,2023,1,68755,2209.0,0.0321,768.0,0.0112,12,True
Quartu Sant'Elena,2023,2,68755,1799.0,0.0262,869.0,0.0126,12,True
Quartu Sant'Elena,2023,3,68755,3113.0,0.0453,1245.0,0.0181,12,True
Quartu Sant'Elena,2023,4,68755,10223.0,0.1487,3646.0,0.053,12,True
Quartu Sant'Elena,2023,5,68755,22305.0,0.3244,6362.0,0.0925,12,True
Quartu Sant'Elena,2023,6,68755,32600.0,0.4741,8682.0,0.1263,12,True
Quartu Sant'Elena,2023,7,68755,49205.0,0.7157,10601.0,0.1542,12,True
Quartu Sant'Elena,2023,8,68755,57684.0,0.839,10339.0,0.1504,12,True
Quartu Sant'Elena,2023,9,68755,34692.0,0.5046,8780.0,0.1277,12,True
Quartu Sant'Elena,2023,10,68755,24358.0,0.3543,6370.0,0.0926,12,True
Quartu Sant'Elena,2023,11,68755,3675.0,0.0535,1376.0,0.02,12,True
Quartu Sant'Elena,2023,12,68755,2967.0,0.0432,1243.0,0.0181,12,True
Quartucciu,2023,1,12852,134.0,0.0104,67.0,0.0052,12,True
Quartucciu,2023,2,12852,272.0,0.0212,127.0,0.0099,12,True
Quartucciu,2023,3,12852,218.0,0.017,106.0,0.0082,12,True
Quartucciu,2023,4,12852,679.0,0.0528,312.0,0.0243,12,True
Quartucciu,2023,5,12852,869.0,0.0676,354.0,0.0275,12,True
Quartucciu,2023,6,12852,1268.0,0.0987,487.0,0.0379,12,True
Quartucciu,2023,7,12852,2242.0,0.1744,753.0,0.0586,12,True
Quartucciu,2023,8,12852,3396.0,0.2642,842.0,0.0655,12,True
Quartucciu,2023,9,12852,1610.0,0.1253,557.0,0.0433,12,True
Quartucciu,2023,10,12852,683.0,0.0531,236.0,0.0184,12,True
Quartucciu,2023,11,12852,210.0,0.0163,108.0,0.0084,12,True
Quartucciu,2023,12,12852,259.0,0.0202,160.0,0.0124,12,True
Riola Sardo,2023,1,2040,353.0,0.173,55.0,0.027,12,True
Riola Sardo,2023,2,2040,113.0,0.0554,39.0,0.0191,12,True
Riola Sardo,2023,3,2040,207.0,0.1015,77.0,0.0377,12,True
Riola Sardo,2023,4,2040,125.0,0.0613,67.0,0.0328,12,True
Riola Sardo,2023,5,2040,464.0,0.2275,185.0,0.0907,12,True
Riola Sardo,2023,6,2040,1188.0,0.5824,387.0,0.1897,12,True
Riola Sardo,2023,7,2040,2396.0,1.1745,597.0,0.2926,12,True
Riola Sardo,2023,8,2040,3994.0,1.9578,772.0,0.3784,12,True
Riola Sardo,2023,9,2040,1757.0,0.8613,564.0,0.2765,12,True
Riola Sardo,2023,10,2040,374.0,0.1833,161.0,0.0789,12,True
Riola Sardo,2023,11,2040,153.0,0.075,39.0,0.0191,12,True
Riola Sardo,2023,12,2040,237.0,0.1162,81.0,0.0397,12,True
Ruinas,2023,1,600,0.14,0.0002,0.14,0.0002,12,True
Ruinas,2023,2,600,0.11,0.0002,0.11,0.0002,12,True
Ruinas,2023,3,600,0.14,0.0002,0.14,0.0002,12,True
Ruinas,2023,4,600,5.31,0.0088,5.31,0.0088,12,True
Ruinas,2023,5,600,28.41,0.0474,17.41,0.029,12,True
Ruinas,2023,6,600,23.68,0.0395,9.68,0.0161,12,True
Ruinas,2023,7,600,79.96,0.1333,18.96,0.0316,12,True
Ruinas,2023,8,600,51.94,0.0866,25.94,0.0432,12,True
Ruinas,2023,9,600,29.59,0.0493,6.59,0.011,12,True
Ruinas,2023,10,600,0.34,0.0006,0.34,0.0006,12,True
Ruinas,2023,11,600,0.16,0.0003,0.16,0.0003,12,True
Ruinas,2023,12,600,0.21,0.0004,0.21,0.0004,12,True
Sadali,2023,1,843,0.95,0.0011,0.78,0.0009,12,True
Sadali,2023,2,843,0.8,0.0009,0.66,0.0008,12,True
Sadali,2023,3,843,0.99,0.0012,0.82,0.001,12,True
Sadali,2023,4,843,140.2,0.1663,110.83,0.1315,12,True
Sadali,2023,5,843,39.85,0.0473,33.36,0.0396,12,True
Sadali,2023,6,843,74.76,0.0887,64.94,0.077,12,True
Sadali,2023,7,843,96.69,0.1147,66.54,0.0789,12,True
Sadali,2023,8,843,204.6,0.2427,165.47,0.1963,12,True
Sadali,2023,9,843,118.12,0.1401,77.41,0.0918,12,True
Sadali,2023,10,843,145.41,0.1725,128.0,0.1518,12,True
Sadali,2023,11,843,58.14,0.069,57.95,0.0687,12,True
Sadali,2023,12,843,1.49,0.0018,1.24,0.0015,12,True
Sagama,2023,1,191,0.35,0.0018,0.22,0.0012,12,True
Sagama,2023,2,191,0.3,0.0016,0.18,0.0009,12,True
Sagama,2023,3,191,0.37,0.0019,0.23,0.0012,12,True
Sagama,2023,4,191,11.82,0.0619,10.5,0.055,12,True
Sagama,2023,5,191,11.06,0.0579,8.65,0.0453,12,True
Sagama,2023,6,191,12.77,0.0669,10.09,0.0528,12,True
Sagama,2023,7,191,34.48,0.1805,16.53,0.0865,12,True
Sagama,2023,8,191,52.45,0.2746,26.51,0.1388,12,True
Sagama,2023,9,191,23.53,0.1232,16.94,0.0887,12,True
Sagama,2023,10,191,7.9,0.0414,4.55,0.0238,12,True
Sagama,2023,11,191,0.42,0.0022,0.26,0.0014,12,True
Sagama,2023,12,191,0.56,0.0029,0.34,0.0018,12,True
Samugheo,2023,1,2757,2.24,0.0008,0.54,0.0002,12,True
Samugheo,2023,2,2757,1.9,0.0007,0.46,0.0002,12,True
Samugheo,2023,3,2757,2.35,0.0009,0.57,0.0002,12,True
Samugheo,2023,4,2757,5.22,0.0019,1.26,0.0005,12,True
Samugheo,2023,5,2757,6.76,0.0025,1.63,0.0006,12,True
Samugheo,2023,6,2757,11.28,0.0041,2.72,0.001,12,True
Samugheo,2023,7,2757,60.85,0.0221,17.82,0.0065,12,True
Samugheo,2023,8,2757,60.66,0.022,16.77,0.0061,12,True
Samugheo,2023,9,2757,23.77,0.0086,11.35,0.0041,12,True
Samugheo,2023,10,2757,5.72,0.0021,1.38,0.0005,12,True
Samugheo,2023,11,2757,2.71,0.001,0.65,0.0002,12,True
Samugheo,2023,12,2757,3.55,0.0013,0.85,0.0003,12,True
San Gavino Monreale,2023,1,8072,26.0,0.0032,16.0,0.002,12,True
San Gavino Monreale,2023,2,8072,57.0,0.0071,27.0,0.0033,12,True
San Gavino Monreale,2023,3,8072,45.0,0.0056,30.0,0.0037,12,True
San Gavino Monreale,2023,4,8072,117.0,0.0145,59.0,0.0073,12,True
San Gavino Monreale,2023,5,8072,110.0,0.0136,48.0,0.0059,12,True
San Gavino Monreale,2023,6,8072,115.0,0.0142,60.0,0.0074,12,True
San Gavino Monreale,2023,7,8072,224.0,0.0278,62.0,0.0077,12,True
San Gavino Monreale,2023,8,8072,102.0,0.0126,40.0,0.005,12,True
San Gavino Monreale,2023,9,8072,127.0,0.0157,38.0,0.0047,12,True
San Gavino Monreale,2023,10,8072,90.0,0.0111,41.0,0.0051,12,True
San Gavino Monreale,2023,11,8072,120.0,0.0149,46.0,0.0057,12,True
San Gavino Monreale,2023,12,8072,103.0,0.0128,37.0,0.0046,12,True
San Giovanni Suergiu,2023,1,5644,32.0,0.0057,18.0,0.0032,12,True
San Giovanni Suergiu,2023,2,5644,23.0,0.0041,10.0,0.0018,12,True
San Giovanni Suergiu,2023,3,5644,46.0,0.0082,22.0,0.0039,12,True
San Giovanni Suergiu,2023,4,5644,899.0,0.1593,143.0,0.0253,12,True
San Giovanni Suergiu,2023,5,5644,840.0,0.1488,140.0,0.0248,12,True
San Giovanni Suergiu,2023,6,5644,1416.0,0.2509,276.0,0.0489,12,True
San Giovanni Suergiu,2023,7,5644,2360.0,0.4181,430.0,0.0762,12,True
San Giovanni Suergiu,2023,8,5644,3444.0,0.6102,536.0,0.095,12,True
San Giovanni Suergiu,2023,9,5644,1845.0,0.3269,325.0,0.0576,12,True
San Giovanni Suergiu,2023,10,5644,887.0,0.1572,151.0,0.0268,12,True
San Giovanni Suergiu,2023,11,5644,70.0,0.0124,14.0,0.0025,12,True
San Giovanni Suergiu,2023,12,5644,25.0,0.0044,17.0,0.003,12,True
San Nicolò D'Arcidano,2023,1,2490,1.7,0.0007,0.35,0.0001,12,True
San Nicolò D'Arcidano,2023,2,2490,1.44,0.0006,0.3,0.0001,12,True
San Nicolò D'Arcidano,2023,3,2490,1.78,0.0007,0.37,0.0001,12,True
San Nicolò D'Arcidano,2023,4,2490,3.96,0.0016,0.82,0.0003,12,True
San Nicolò D'Arcidano,2023,5,2490,5.13,0.0021,1.06,0.0004,12,True
San Nicolò D'Arcidano,2023,6,2490,8.56,0.0034,1.77,0.0007,12,True
San Nicolò D'Arcidano,2023,7,2490,85.03,0.0341,21.48,0.0086,12,True
San Nicolò D'Arcidano,2023,8,2490,159.88,0.0642,15.45,0.0062,12,True
San Nicolò D'Arcidano,2023,9,2490,66.41,0.0267,16.53,0.0066,12,True
San Nicolò D'Arcidano,2023,10,2490,4.34,0.0017,0.9,0.0004,12,True
San Nicolò D'Arcidano,2023,11,2490,2.05,0.0008,0.42,0.0002,12,True
San Nicolò D'Arcidano,2023,12,2490,2.69,0.0011,0.56,0.0002,12,True
San Sperate,2023,1,8419,8.0,0.001,4.0,0.0005,12,True
San Sperate,2023,2,8419,10.0,0.0012,6.0,0.0007,12,True
San Sperate,2023,3,8419,14.0,0.0017,7.0,0.0008,12,True
San Sperate,2023,4,8419,18.0,0.0021,10.0,0.0012,12,True
San Sperate,2023,5,8419,84.0,0.01,23.0,0.0027,12,True
San Sperate,2023,6,8419,84.0,0.01,36.0,0.0043,12,True
San Sperate,2023,7,8419,270.0,0.0321,65.0,0.0077,12,True
San Sperate,2023,8,8419,451.0,0.0536,114.0,0.0135,12,True
San Sperate,2023,9,8419,222.0,0.0264,80.0,0.0095,12,True
San Sperate,2023,10,8419,290.0,0.0344,83.0,0.0099,12,True
San Sperate,2023,11,8419,128.0,0.0152,26.0,0.0031,12,True
San Sperate,2023,12,8419,24.0,0.0029,15.0,0.0018,12,True
San Teodoro,2023,1,5035,92.0,0.0183,19.0,0.0038,12,True
San Teodoro,2023,2,5035,27.0,0.0054,7.0,0.0014,12,True
San Teodoro,2023,3,5035,148.0,0.0294,53.0,0.0105,12,True
San Teodoro,2023,4,5035,8053.0,1.5994,3283.0,0.652,12,True
San Teodoro,2023,5,5035,33983.0,6.7494,9417.0,1.8703,12,True
San Teodoro,2023,6,5035,125101.0,24.8463,24406.0,4.8473,12,True
San Teodoro,2023,7,5035,192417.0,38.2159,32620.0,6.4786,12,True
San Teodoro,2023,8,5035,199129.0,39.549,28611.0,5.6824,12,True
San Teodoro,2023,9,5035,102613.0,20.3799,19535.0,3.8798,12,True
San Teodoro,2023,10,5035,21952.0,4.3599,4233.0,0.8407,12,True
San Teodoro,2023,11,5035,167.0,0.0332,55.0,0.0109,12,True
San Teodoro,2023,12,5035,70.0,0.0139,52.0,0.0103,12,True
San Vero Milis,2023,1,2423,279.0,0.1151,42.0,0.0173,12,True
San Vero Milis,2023,2,2423,88.0,0.0363,36.0,0.0149,12,True
San Vero Milis,2023,3,2423,329.0,0.1358,104.0,0.0429,12,True
San Vero Milis,2023,4,2423,1433.0,0.5914,491.0,0.2026,12,True
San Vero Milis,2023,5,2423,3435.0,1.4177,1173.0,0.4841,12,True
San Vero Milis,2023,6,2423,6153.0,2.5394,1621.0,0.669,12,True
San Vero Milis,2023,7,2423,11132.0,4.5943,2396.0,0.9889,12,True
San Vero Milis,2023,8,2423,13008.0,5.3686,2348.0,0.969,12,True
San Vero Milis,2023,9,2423,7078.0,2.9212,1903.0,0.7854,12,True
San Vero Milis,2023,10,2423,3440.0,1.4197,836.0,0.345,12,True
San Vero Milis,2023,11,2423,180.0,0.0743,37.0,0.0153,12,True
San Vero Milis,2023,12,2423,57.0,0.0235,13.0,0.0054,12,True
San Vito,2023,1,3428,0.16,0.0,0.11,0.0,12,True
San Vito,2023,2,3428,15.14,0.0044,7.09,0.0021,12,True
San Vito,2023,3,3428,42.17,0.0123,14.11,0.0041,12,True
San Vito,2023,4,3428,246.38,0.0719,104.25,0.0304,12,True
San Vito,2023,5,3428,334.49,0.0976,128.33,0.0374,12,True
San Vito,2023,6,3428,607.82,0.1773,195.54,0.057,12,True
San Vito,2023,7,3428,1030.15,0.3005,288.76,0.0842,12,True
San Vito,2023,8,3428,1693.13,0.4939,415.75,0.1213,12,True
San Vito,2023,9,3428,752.71,0.2196,275.47,0.0804,12,True
San Vito,2023,10,3428,333.41,0.0973,134.28,0.0392,12,True
San Vito,2023,11,3428,127.2,0.0371,54.13,0.0158,12,True
San Vito,2023,12,3428,21.26,0.0062,12.17,0.0036,12,True
Sanluri,2023,1,8132,96.0,0.0118,33.0,0.0041,12,True
Sanluri,2023,2,8132,55.0,0.0068,28.0,0.0034,12,True
Sanluri,2023,3,8132,70.0,0.0086,35.0,0.0043,12,True
Sanluri,2023,4,8132,373.0,0.0459,207.0,0.0255,12,True
Sanluri,2023,5,8132,278.0,0.0342,126.0,0.0155,12,True
Sanluri,2023,6,8132,271.0,0.0333,149.0,0.0183,12,True
Sanluri,2023,7,8132,331.0,0.0407,177.0,0.0218,12,True
Sanluri,2023,8,8132,456.0,0.0561,153.0,0.0188,12,True
Sanluri,2023,9,8132,460.0,0.0566,237.0,0.0291,12,True
Sanluri,2023,10,8132,481.0,0.0591,223.0,0.0274,12,True
Sanluri,2023,11,8132,254.0,0.0312,146.0,0.018,12,True
Sanluri,2023,12,8132,213.0,0.0262,129.0,0.0159,12,True
Sant'Anna Arresi,2023,1,2620,0.16,0.0001,0.05,0.0,12,True
Sant'Anna Arresi,2023,2,2620,26.14,0.01,8.05,0.0031,12,True
Sant'Anna Arresi,2023,3,2620,36.17,0.0138,15.06,0.0057,12,True
Sant'Anna Arresi,2023,4,2620,445.38,0.17,106.13,0.0405,12,True
Sant'Anna Arresi,2023,5,2620,2085.49,0.796,646.16,0.2466,12,True
Sant'Anna Arresi,2023,6,2620,13112.82,5.0049,2504.27,0.9558,12,True
Sant'Anna Arresi,2023,7,2620,18536.15,7.0749,3082.38,1.1765,12,True
Sant'Anna Arresi,2023,8,2620,23369.13,8.9195,3305.38,1.2616,12,True
Sant'Anna Arresi,2023,9,2620,14319.71,5.4655,2600.24,0.9925,12,True
Sant'Anna Arresi,2023,10,2620,2401.41,0.9166,655.14,0.2501,12,True
Sant'Anna Arresi,2023,11,2620,139.2,0.0531,10.07,0.0038,12,True
Sant'Anna Arresi,2023,12,2620,14.26,0.0054,11.09,0.0042,12,True
Sant'Antioco,2023,1,10668,482.0,0.0452,182.0,0.0171,12,True
Sant'Antioco,2023,2,10668,434.0,0.0407,187.0,0.0175,12,True
Sant'Antioco,2023,3,10668,1788.0,0.1676,1113.0,0.1043,12,True
Sant'Antioco,2023,4,10668,4585.0,0.4298,2307.0,0.2163,12,True
Sant'Antioco,2023,5,10668,5953.0,0.558,2787.0,0.2612,12,True
Sant'Antioco,2023,6,10668,10165.0,0.9528,3711.0,0.3479,12,True
Sant'Antioco,2023,7,10668,16693.0,1.5648,4394.0,0.4119,12,True
Sant'Antioco,2023,8,10668,21073.0,1.9753,5050.0,0.4734,12,True
Sant'Antioco,2023,9,10668,11212.0,1.051,3845.0,0.3604,12,True
Sant'Antioco,2023,10,10668,5048.0,0.4732,2170.0,0.2034,12,True
Sant'Antioco,2023,11,10668,644.0,0.0604,267.0,0.025,12,True
Sant'Antioco,2023,12,10668,694.0,0.0651,361.0,0.0338,12,True
Sant'Antonio Di Gallura,2023,4,1432,202.0,0.1411,90.0,0.0628,7,False
Sant'Antonio Di Gallura,2023,5,1432,1176.0,0.8212,366.0,0.2556,7,False
Sant'Antonio Di Gallura,2023,6,1432,1785.0,1.2465,505.0,0.3527,7,False
Sant'Antonio Di Gallura,2023,7,1432,2174.0,1.5182,663.0,0.463,7,False
Sant'Antonio Di Gallura,2023,8,1432,2253.0,1.5733,686.0,0.4791,7,False
Sant'Antonio Di Gallura,2023,9,1432,2052.0,1.433,525.0,0.3666,7,False
Sant'Antonio Di Gallura,2023,10,1432,289.0,0.2018,75.0,0.0524,7,False
Santa Giusta,2023,1,4643,0.59,0.0001,0.11,0.0,12,True
Santa Giusta,2023,2,4643,37.5,0.0081,15.09,0.0033,12,True
Santa Giusta,2023,3,4643,14.62,0.0031,14.11,0.003,12,True
Santa Giusta,2023,4,4643,41.38,0.0089,33.25,0.0072,12,True
Santa Giusta,2023,5,4643,52.79,0.0114,41.33,0.0089,12,True
Santa Giusta,2023,6,4643,127.99,0.0276,62.54,0.0135,12,True
Santa Giusta,2023,7,4643,351.2,0.0756,123.76,0.0267,12,True
Santa Giusta,2023,8,4643,585.15,0.126,172.75,0.0372,12,True
Santa Giusta,2023,9,4643,147.59,0.0318,66.47,0.0143,12,True
Santa Giusta,2023,10,4643,53.52,0.0115,32.28,0.007,12,True
Santa Giusta,2023,11,4643,0.72,0.0002,0.13,0.0,12,True
Santa Giusta,2023,12,4643,46.94,0.0101,17.17,0.0037,12,True
Santa Maria Coghinas,2023,1,1303,104.0,0.0798,46.0,0.0353,12,True
Santa Maria Coghinas,2023,2,1303,189.0,0.145,92.0,0.0706,12,True
Santa Maria Coghinas,2023,3,1303,242.0,0.1857,47.0,0.0361,12,True
Santa Maria Coghinas,2023,4,1303,576.0,0.4421,134.0,0.1028,12,True
Santa Maria Coghinas,2023,5,1303,312.0,0.2394,144.0,0.1105,12,True
Santa Maria Coghinas,2023,6,1303,1051.0,0.8066,252.0,0.1934,12,True
Santa Maria Coghinas,2023,7,1303,2681.0,2.0576,542.0,0.416,12,True
Santa Maria Coghinas,2023,8,1303,3611.0,2.7713,720.0,0.5526,12,True
Santa Maria Coghinas,2023,9,1303,1503.0,1.1535,350.0,0.2686,12,True
Santa Maria Coghinas,2023,10,1303,731.0,0.561,190.0,0.1458,12,True
Santa Maria Coghinas,2023,11,1303,439.0,0.3369,103.0,0.079,12,True
Santa Maria Coghinas,2023,12,1303,365.0,0.2801,128.0,0.0982,12,True
Santa Teresa Gallura,2023,1,5036,183.0,0.0363,81.0,0.0161,12,True
Santa Teresa Gallura,2023,2,5036,216.0,0.0429,90.0,0.0179,12,True
Santa Teresa Gallura,2023,3,5036,169.0,0.0336,98.0,0.0195,12,True
Santa Teresa Gallura,2023,4,5036,7094.0,1.4087,2275.0,0.4517,12,True
Santa Teresa Gallura,2023,5,5036,21145.0,4.1988,6076.0,1.2065,12,True
Santa Teresa Gallura,2023,6,5036,76752.0,15.2407,17322.0,3.4396,12,True
Santa Teresa Gallura,2023,7,5036,136654.0,27.1354,23843.0,4.7345,12,True
Santa Teresa Gallura,2023,8,5036,135363.0,26.8791,22747.0,4.5169,12,True
Santa Teresa Gallura,2023,9,5036,81698.0,16.2228,17088.0,3.3932,12,True
Santa Teresa Gallura,2023,10,5036,10306.0,2.0465,2451.0,0.4867,12,True
Santa Teresa Gallura,2023,11,5036,370.0,0.0735,75.0,0.0149,12,True
Santa Teresa Gallura,2023,12,5036,34.0,0.0068,29.0,0.0058,12,True
Santadi,2023,1,3170,0.14,0.0,0.05,0.0,12,True
Santadi,2023,2,3170,0.11,0.0,0.05,0.0,12,True
Santadi,2023,3,3170,0.14,0.0,0.06,0.0,12,True
Santadi,2023,4,3170,45.31,0.0143,20.13,0.0064,12,True
Santadi,2023,5,3170,12.41,0.0039,4.16,0.0013,12,True
Santadi,2023,6,3170,49.68,0.0157,34.27,0.0108,12,True
Santadi,2023,7,3170,261.96,0.0826,80.38,0.0254,12,True
Santadi,2023,8,3170,398.94,0.1258,132.38,0.0418,12,True
Santadi,2023,9,3170,108.59,0.0343,35.24,0.0111,12,True
Santadi,2023,10,3170,54.34,0.0171,19.14,0.006,12,True
Santadi,2023,11,3170,0.16,0.0001,0.07,0.0,12,True
Santadi,2023,12,3170,0.21,0.0001,0.09,0.0,12,True
Santu Lussurgiu,2023,1,2217,178.0,0.0803,136.0,0.0613,12,True
Santu Lussurgiu,2023,2,2217,243.0,0.1096,214.0,0.0965,12,True
Santu Lussurgiu,2023,3,2217,183.0,0.0825,167.0,0.0753,12,True
Santu Lussurgiu,2023,4,2217,639.0,0.2882,455.0,0.2052,12,True
Santu Lussurgiu,2023,5,2217,623.0,0.281,392.0,0.1768,12,True
Santu Lussurgiu,2023,6,2217,873.0,0.3938,484.0,0.2183,12,True
Santu Lussurgiu,2023,7,2217,1004.0,0.4529,504.0,0.2273,12,True
Santu Lussurgiu,2023,8,2217,1734.0,0.7821,720.0,0.3248,12,True
Santu Lussurgiu,2023,9,2217,993.0,0.4479,591.0,0.2666,12,True
Santu Lussurgiu,2023,10,2217,689.0,0.3108,435.0,0.1962,12,True
Santu Lussurgiu,2023,11,2217,881.0,0.3974,110.0,0.0496,12,True
Santu Lussurgiu,2023,12,2217,65.0,0.0293,42.0,0.0189,12,True
Sardara,2023,1,3811,2153.0,0.5649,1475.0,0.387,12,True
Sardara,2023,2,3811,3801.0,0.9974,3200.0,0.8397,12,True
Sardara,2023,3,3811,3257.0,0.8546,2815.0,0.7387,12,True
Sardara,2023,4,3811,5607.0,1.4713,3980.0,1.0443,12,True
Sardara,2023,5,3811,3702.0,0.9714,2731.0,0.7166,12,True
Sardara,2023,6,3811,5044.0,1.3235,2720.0,0.7137,12,True
Sardara,2023,7,3811,5156.0,1.3529,2815.0,0.7387,12,True
Sardara,2023,8,3811,6472.0,1.6982,2916.0,0.7652,12,True
Sardara,2023,9,3811,6223.0,1.6329,3336.0,0.8754,12,True
Sardara,2023,10,3811,5291.0,1.3883,2655.0,0.6967,12,True
Sardara,2023,11,3811,4563.0,1.1973,2991.0,0.7848,12,True
Sardara,2023,12,3811,2080.0,0.5458,1239.0,0.3251,12,True
Sarroch,2023,1,5048,263.0,0.0521,43.0,0.0085,12,True
Sarroch,2023,2,5048,542.0,0.1074,63.0,0.0125,12,True
Sarroch,2023,3,5048,574.0,0.1137,43.0,0.0085,12,True
Sarroch,2023,4,5048,750.0,0.1486,156.0,0.0309,12,True
Sarroch,2023,5,5048,1889.0,0.3742,212.0,0.042,12,True
Sarroch,2023,6,5048,2334.0,0.4624,376.0,0.0745,12,True
Sarroch,2023,7,5048,3148.0,0.6236,595.0,0.1179,12,True
Sarroch,2023,8,5048,3419.0,0.6773,552.0,0.1094,12,True
Sarroch,2023,9,5048,1859.0,0.3683,329.0,0.0652,12,True
Sarroch,2023,10,5048,1446.0,0.2865,195.0,0.0386,12,True
Sarroch,2023,11,5048,445.0,0.0882,84.0,0.0166,12,True
Sarroch,2023,12,5048,185.0,0.0366,48.0,0.0095,12,True
Sarule,2023,1,1527,5.38,0.0035,1.81,0.0012,12,True
Sarule,2023,2,1527,29.56,0.0194,5.53,0.0036,12,True
Sarule,2023,3,1527,5.63,0.0037,1.9,0.0012,12,True
Sarule,2023,4,1527,12.52,0.0082,4.22,0.0028,12,True
Sarule,2023,5,1527,16.2,0.0106,5.45,0.0036,12,True
Sarule,2023,6,1527,27.04,0.0177,9.1,0.006,12,True
Sarule,2023,7,1527,76.01,0.0498,46.8,0.0306,12,True
Sarule,2023,8,1527,86.54,0.0567,43.64,0.0286,12,True
Sarule,2023,9,1527,71.41,0.0468,32.88,0.0215,12,True
Sarule,2023,10,1527,36.72,0.024,24.62,0.0161,12,True
Sarule,2023,11,1527,6.49,0.0043,2.18,0.0014,12,True
Sarule,2023,12,1527,8.5,0.0056,2.86,0.0019,12,True
Sassari,2023,1,121409,11561.0,0.0952,4476.0,0.0369,12,True
Sassari,2023,2,121409,12862.0,0.1059,5367.0,0.0442,12,True
Sassari,2023,3,121409,16806.0,0.1384,7187.0,0.0592,12,True
Sassari,2023,4,121409,12685.0,0.1045,5146.0,0.0424,12,True
Sassari,2023,5,121409,15687.0,0.1292,6567.0,0.0541,12,True
Sassari,2023,6,121409,20148.0,0.166,7832.0,0.0645,12,True
Sassari,2023,7,121409,23360.0,0.1924,8994.0,0.0741,12,True
Sassari,2023,8,121409,31315.0,0.2579,10707.0,0.0882,12,True
Sassari,2023,9,121409,21682.0,0.1786,8296.0,0.0683,12,True
Sassari,2023,10,121409,18331.0,0.151,6689.0,0.0551,12,True
Sassari,2023,11,121409,15582.0,0.1283,5383.0,0.0443,12,True
Sassari,2023,12,121409,15093.0,0.1243,5041.0,0.0415,12,True
Scano Di Montiferro,2023,1,1404,0.51,0.0004,0.08,0.0001,12,True
Scano Di Montiferro,2023,2,1404,0.44,0.0003,0.07,0.0,12,True
Scano Di Montiferro,2023,3,1404,0.54,0.0004,0.08,0.0001,12,True
Scano Di Montiferro,2023,4,1404,1.2,0.0009,0.19,0.0001,12,True
Scano Di Montiferro,2023,5,1404,1.55,0.0011,0.24,0.0002,12,True
Scano Di Montiferro,2023,6,1404,34.58,0.0246,14.41,0.0103,12,True
Scano Di Montiferro,2023,7,1404,318.63,0.2269,47.57,0.0339,12,True
Scano Di Montiferro,2023,8,1404,568.58,0.405,93.57,0.0666,12,True
Scano Di Montiferro,2023,9,1404,139.24,0.0992,20.35,0.0145,12,True
Scano Di Montiferro,2023,10,1404,32.31,0.023,7.21,0.0051,12,True
Scano Di Montiferro,2023,11,1404,0.62,0.0004,0.1,0.0001,12,True
Scano Di Montiferro,2023,12,1404,34.81,0.0248,5.13,0.0037,12,True
Sedilo,2023,1,1955,0.3,0.0002,0.16,0.0001,12,True
Sedilo,2023,2,1955,28.25,0.0145,25.14,0.0129,12,True
Sedilo,2023,3,1955,44.31,0.0227,18.17,0.0093,12,True
Sedilo,2023,4,1955,0.69,0.0004,0.38,0.0002,12,True
Sedilo,2023,5,1955,47.9,0.0245,37.49,0.0192,12,True
Sedilo,2023,6,1955,132.49,0.0678,71.82,0.0367,12,True
Sedilo,2023,7,1955,155.1,0.0793,85.15,0.0436,12,True
Sedilo,2023,8,1955,363.08,0.1857,168.13,0.086,12,True
Sedilo,2023,9,1955,164.29,0.084,97.71,0.05,12,True
Sedilo,2023,10,1955,138.76,0.071,108.41,0.0555,12,True
Sedilo,2023,11,1955,46.36,0.0237,32.2,0.0165,12,True
Sedilo,2023,12,1955,9.47,0.0048,8.26,0.0042,12,True
Sedini,2023,6,1247,17.0,0.0136,9.0,0.0072,5,False
Sedini,2023,7,1247,135.0,0.1083,33.0,0.0265,5,False
Sedini,2023,8,1247,205.0,0.1644,44.0,0.0353,5,False
Sedini,2023,9,1247,53.0,0.0425,15.0,0.012,5,False
Sedini,2023,10,1247,14.0,0.0112,10.0,0.008,5,False
Selargius,2023,1,28504,926.0,0.0325,543.0,0.019,12,True
Selargius,2023,2,28504,1287.0,0.0452,724.0,0.0254,12,True
Selargius,2023,3,28504,1791.0,0.0628,856.0,0.03,12,True
Selargius,2023,4,28504,2083.0,0.0731,1197.0,0.042,12,True
Selargius,2023,5,28504,2584.0,0.0907,1527.0,0.0536,12,True
Selargius,2023,6,28504,2822.0,0.099,1463.0,0.0513,12,True
Selargius,2023,7,28504,3575.0,0.1254,1803.0,0.0633,12,True
Selargius,2023,8,28504,4395.0,0.1542,1911.0,0.067,12,True
Selargius,2023,9,28504,3192.0,0.112,1770.0,0.0621,12,True
Selargius,2023,10,28504,2285.0,0.0802,1329.0,0.0466,12,True
Selargius,2023,11,28504,1422.0,0.0499,762.0,0.0267,12,True
Selargius,2023,12,28504,1063.0,0.0373,721.0,0.0253,12,True
Seneghe,2023,1,1643,3.89,0.0024,0.41,0.0002,12,True
Seneghe,2023,2,1643,3.3,0.002,0.34,0.0002,12,True
Seneghe,2023,3,1643,4.08,0.0025,0.42,0.0003,12,True
Seneghe,2023,4,1643,9.06,0.0055,0.94,0.0006,12,True
Seneghe,2023,5,1643,11.72,0.0071,1.22,0.0007,12,True
Seneghe,2023,6,1643,19.57,0.0119,2.04,0.0012,12,True
Seneghe,2023,7,1643,140.5,0.0855,17.87,0.0109,12,True
Seneghe,2023,8,1643,131.16,0.0798,14.83,0.009,12,True
Seneghe,2023,9,1643,16.94,0.0103,1.76,0.0011,12,True
Seneghe,2023,10,1643,9.93,0.006,1.03,0.0006,12,True
Seneghe,2023,11,1643,4.7,0.0029,0.49,0.0003,12,True
Seneghe,2023,12,1643,6.15,0.0037,0.64,0.0004,12,True
Sennariolo,2023,1,156,0.24,0.0015,0.22,0.0014,12,True
Sennariolo,2023,2,156,0.21,0.0013,0.18,0.0012,12,True
Sennariolo,2023,3,156,0.25,0.0016,0.23,0.0015,12,True
Sennariolo,2023,4,156,11.57,0.0742,11.5,0.0737,12,True
Sennariolo,2023,5,156,0.73,0.0047,0.65,0.0042,12,True
Sennariolo,2023,6,156,132.22,0.8476,54.09,0.3467,12,True
Sennariolo,2023,7,156,343.72,2.2033,76.53,0.4906,12,True
Sennariolo,2023,8,156,356.7,2.2865,76.51,0.4904,12,True
Sennariolo,2023,9,156,65.06,0.4171,24.94,0.1599,12,True
Sennariolo,2023,10,156,0.62,0.004,0.55,0.0035,12,True
Sennariolo,2023,11,156,0.29,0.0019,0.26,0.0017,12,True
Sennariolo,2023,12,156,0.38,0.0024,0.34,0.0022,12,True
Sennori,2023,1,6876,0.49,0.0001,0.16,0.0,12,True
Sennori,2023,2,6876,0.41,0.0001,0.14,0.0,12,True
Sennori,2023,3,6876,0.51,0.0001,0.17,0.0,12,True
Sennori,2023,4,6876,1.13,0.0002,0.38,0.0001,12,True
Sennori,2023,5,6876,1.47,0.0002,0.49,0.0001,12,True
Sennori,2023,6,6876,2.45,0.0004,0.82,0.0001,12,True
Sennori,2023,7,6876,116.44,0.0169,31.15,0.0045,12,True
Sennori,2023,8,6876,355.4,0.0517,99.13,0.0144,12,True
Sennori,2023,9,6876,107.12,0.0156,18.71,0.0027,12,True
Sennori,2023,10,6876,1.24,0.0002,0.41,0.0001,12,True
Sennori,2023,11,6876,0.59,0.0001,0.2,0.0,12,True
Sennori,2023,12,6876,0.77,0.0001,0.26,0.0,12,True
Senorbì,2023,1,4793,117.0,0.0244,39.0,0.0081,12,True
Senorbì,2023,2,4793,63.0,0.0131,27.0,0.0056,12,True
Senorbì,2023,3,4793,73.0,0.0152,33.0,0.0069,12,True
Senorbì,2023,4,4793,51.0,0.0106,13.0,0.0027,12,True
Senorbì,2023,5,4793,106.0,0.0221,35.0,0.0073,12,True
Senorbì,2023,6,4793,186.0,0.0388,30.0,0.0063,12,True
Senorbì,2023,7,4793,156.0,0.0325,37.0,0.0077,12,True
Senorbì,2023,8,4793,173.0,0.0361,37.0,0.0077,12,True
Senorbì,2023,9,4793,279.0,0.0582,51.0,0.0106,12,True
Senorbì,2023,10,4793,129.0,0.0269,34.0,0.0071,12,True
Senorbì,2023,11,4793,159.0,0.0332,33.0,0.0069,12,True
Senorbì,2023,12,4793,48.0,0.01,17.0,0.0035,12,True
Serdiana,2023,1,2659,0.49,0.0002,0.32,0.0001,12,True
Serdiana,2023,2,2659,0.41,0.0002,0.27,0.0001,12,True
Serdiana,2023,3,2659,0.51,0.0002,0.34,0.0001,12,True
Serdiana,2023,4,2659,17.13,0.0064,9.76,0.0037,12,True
Serdiana,2023,5,2659,1.47,0.0006,0.98,0.0004,12,True
Serdiana,2023,6,2659,2.45,0.0009,1.63,0.0006,12,True
Serdiana,2023,7,2659,13.44,0.0051,12.29,0.0046,12,True
Serdiana,2023,8,2659,27.4,0.0103,16.26,0.0061,12,True
Serdiana,2023,9,2659,44.12,0.0166,11.41,0.0043,12,True
Serdiana,2023,10,2659,1.24,0.0005,0.83,0.0003,12,True
Serdiana,2023,11,2659,16.59,0.0062,14.39,0.0054,12,True
Serdiana,2023,12,2659,0.77,0.0003,0.51,0.0002,12,True
Serramanna,2023,1,8610,0.43,0.0,0.19,0.0,12,True
Serramanna,2023,2,8610,0.37,0.0,0.16,0.0,12,True
Serramanna,2023,3,8610,28.45,0.0033,8.2,0.001,12,True
Serramanna,2023,4,8610,46.01,0.0053,8.44,0.001,12,True
Serramanna,2023,5,8610,16.3,0.0019,7.57,0.0009,12,True
Serramanna,2023,6,8610,78.17,0.0091,22.95,0.0027,12,True
Serramanna,2023,7,8610,80.06,0.0093,15.34,0.0018,12,True
Serramanna,2023,8,8610,202.02,0.0235,28.32,0.0033,12,True
Serramanna,2023,9,8610,99.88,0.0116,21.82,0.0025,12,True
Serramanna,2023,10,8610,131.1,0.0152,12.48,0.0014,12,True
Serramanna,2023,11,8610,0.52,0.0001,0.23,0.0,12,True
Serramanna,2023,12,8610,0.68,0.0001,0.3,0.0,12,True
Serrenti,2023,1,4541,1.05,0.0002,0.24,0.0001,12,True
Serrenti,2023,2,4541,0.89,0.0002,0.21,0.0,12,True
Serrenti,2023,3,4541,1.1,0.0002,0.25,0.0001,12,True
Serrenti,2023,4,4541,2.45,0.0005,0.57,0.0001,12,True
Serrenti,2023,5,4541,15.17,0.0033,6.73,0.0015,12,True
Serrenti,2023,6,4541,5.3,0.0012,1.22,0.0003,12,True
Serrenti,2023,7,4541,7.45,0.0016,1.72,0.0004,12,True
Serrenti,2023,8,4541,7.36,0.0016,1.7,0.0004,12,True
Serrenti,2023,9,4541,44.59,0.0098,9.06,0.002,12,True
Serrenti,2023,10,4541,2.69,0.0006,0.62,0.0001,12,True
Serrenti,2023,11,4541,1.27,0.0003,0.29,0.0001,12,True
Serrenti,2023,12,4541,1.67,0.0004,0.38,0.0001,12,True
Serri,2023,1,613,0.11,0.0002,0.05,0.0001,12,True
Serri,2023,2,613,0.09,0.0001,0.05,0.0001,12,True
Serri,2023,3,613,23.11,0.0377,20.06,0.0327,12,True
Serri,2023,4,613,58.25,0.095,39.13,0.0638,12,True
Serri,2023,5,613,48.33,0.0788,34.16,0.0557,12,True
Serri,2023,6,613,55.54,0.0906,18.27,0.0298,12,True
Serri,2023,7,613,56.76,0.0926,13.38,0.0218,12,True
Serri,2023,8,613,90.75,0.148,42.38,0.0691,12,True
Serri,2023,9,613,99.47,0.1623,72.24,0.1178,12,True
Serri,2023,10,613,52.28,0.0853,39.14,0.0638,12,True
Serri,2023,11,613,38.13,0.0622,17.07,0.0278,12,True
Serri,2023,12,613,36.17,0.059,19.09,0.0311,12,True
Sestu,2023,1,20811,87.0,0.0042,43.0,0.0021,12,True
Sestu,2023,2,20811,99.0,0.0048,48.0,0.0023,12,True
Sestu,2023,3,20811,208.0,0.01,39.0,0.0019,12,True
Sestu,2023,4,20811,303.0,0.0146,118.0,0.0057,12,True
Sestu,2023,5,20811,350.0,0.0168,144.0,0.0069,12,True
Sestu,2023,6,20811,573.0,0.0275,259.0,0.0124,12,True
Sestu,2023,7,20811,972.0,0.0467,313.0,0.015,12,True
Sestu,2023,8,20811,1220.0,0.0586,354.0,0.017,12,True
Sestu,2023,9,20811,870.0,0.0418,357.0,0.0172,12,True
Sestu,2023,10,20811,497.0,0.0239,191.0,0.0092,12,True
Sestu,2023,11,20811,277.0,0.0133,91.0,0.0044,12,True
Sestu,2023,12,20811,361.0,0.0173,120.0,0.0058,12,True
Settimo San Pietro,2023,1,6913,38.14,0.0055,13.38,0.0019,12,True
Settimo San Pietro,2023,2,6913,52.96,0.0077,14.32,0.0021,12,True
Settimo San Pietro,2023,3,6913,17.19,0.0025,5.4,0.0008,12,True
Settimo San Pietro,2023,4,6913,2.64,0.0004,0.88,0.0001,12,True
Settimo San Pietro,2023,5,6913,3.42,0.0005,1.14,0.0002,12,True
Settimo San Pietro,2023,6,6913,5.71,0.0008,1.9,0.0003,12,True
Settimo San Pietro,2023,7,6913,8.02,0.0012,2.67,0.0004,12,True
Settimo San Pietro,2023,8,6913,105.92,0.0153,38.64,0.0056,12,True
Settimo San Pietro,2023,9,6913,54.94,0.0079,21.65,0.0031,12,True
Settimo San Pietro,2023,10,6913,2.9,0.0004,0.97,0.0001,12,True
Settimo San Pietro,2023,11,6913,1.37,0.0002,0.46,0.0001,12,True
Settimo San Pietro,2023,12,6913,17.79,0.0026,10.6,0.0015,12,True
Seulo,2023,1,782,0.05,0.0001,0.05,0.0001,12,True
Seulo,2023,2,782,0.05,0.0001,0.05,0.0001,12,True
Seulo,2023,3,782,25.06,0.032,12.06,0.0154,12,True
Seulo,2023,4,782,153.13,0.1958,81.13,0.1037,12,True
Seulo,2023,5,782,126.16,0.1613,45.16,0.0577,12,True
Seulo,2023,6,782,117.27,0.15,59.27,0.0758,12,True
Seulo,2023,7,782,0.38,0.0005,0.38,0.0005,12,True
Seulo,2023,8,782,121.38,0.1552,49.38,0.0631,12,True
Seulo,2023,9,782,148.24,0.1896,69.24,0.0885,12,True
Seulo,2023,10,782,32.14,0.0411,29.14,0.0373,12,True
Seulo,2023,11,782,8.07,0.0103,8.07,0.0103,12,True
Seulo,2023,12,782,19.09,0.0244,17.09,0.0219,12,True
Siamaggiore,2023,1,870,0.38,0.0004,0.05,0.0001,12,True
Siamaggiore,2023,2,870,52.32,0.0601,26.05,0.0299,12,True
Siamaggiore,2023,3,870,0.4,0.0005,0.06,0.0001,12,True
Siamaggiore,2023,4,870,113.88,0.1309,31.13,0.0358,12,True
Siamaggiore,2023,5,870,156.14,0.1795,59.16,0.068,12,True
Siamaggiore,2023,6,870,349.9,0.4022,111.27,0.1279,12,True
Siamaggiore,2023,7,870,598.67,0.6881,180.38,0.2073,12,True
Siamaggiore,2023,8,870,916.64,1.0536,224.38,0.2579,12,True
Siamaggiore,2023,9,870,525.65,0.6042,137.24,0.1577,12,True
Siamaggiore,2023,10,870,196.97,0.2264,59.14,0.068,12,True
Siamaggiore,2023,11,870,41.46,0.0477,3.07,0.0035,12,True
Siamaggiore,2023,12,870,0.6,0.0007,0.09,0.0001,12,True
Siamanna,2023,1,766,5.27,0.0069,1.05,0.0014,12,True
Siamanna,2023,2,766,4.47,0.0058,0.89,0.0012,12,True
Siamanna,2023,3,766,5.52,0.0072,1.1,0.0014,12,True
Siamanna,2023,4,766,12.27,0.016,2.45,0.0032,12,True
Siamanna,2023,5,766,15.87,0.0207,3.17,0.0041,12,True
Siamanna,2023,6,766,26.49,0.0346,5.3,0.0069,12,True
Siamanna,2023,7,766,69.25,0.0904,12.45,0.0163,12,True
Siamanna,2023,8,766,36.78,0.048,7.36,0.0096,12,True
Siamanna,2023,9,766,22.94,0.0299,4.59,0.006,12,True
Siamanna,2023,10,766,13.44,0.0175,2.69,0.0035,12,True
Siamanna,2023,11,766,6.36,0.0083,1.27,0.0017,12,True
Siamanna,2023,12,766,8.33,0.0109,1.67,0.0022,12,True
Siliqua,2023,1,3565,0.51,0.0001,0.19,0.0001,12,True
Siliqua,2023,2,3565,0.44,0.0001,0.16,0.0,12,True
Siliqua,2023,3,3565,0.54,0.0002,0.2,0.0001,12,True
Siliqua,2023,4,3565,1.2,0.0003,0.44,0.0001,12,True
Siliqua,2023,5,3565,1.55,0.0004,0.57,0.0002,12,True
Siliqua,2023,6,3565,16.58,0.0047,7.95,0.0022,12,True
Siliqua,2023,7,3565,67.63,0.019,28.34,0.0079,12,True
Siliqua,2023,8,3565,102.58,0.0288,45.32,0.0127,12,True
Siliqua,2023,9,3565,54.24,0.0152,18.82,0.0053,12,True
Siliqua,2023,10,3565,20.31,0.0057,11.48,0.0032,12,True
Siliqua,2023,11,3565,0.62,0.0002,0.23,0.0001,12,True
Siliqua,2023,12,3565,0.81,0.0002,0.3,0.0001,12,True
Simaxis,2023,1,2136,0.57,0.0003,0.41,0.0002,12,True
Simaxis,2023,2,2136,12.48,0.0058,8.34,0.0039,12,True
Simaxis,2023,3,2136,23.59,0.011,10.42,0.0049,12,True
Simaxis,2023,4,2136,1.32,0.0006,0.94,0.0004,12,True
Simaxis,2023,5,2136,15.71,0.0074,10.22,0.0048,12,True
Simaxis,2023,6,2136,106.85,0.05,32.04,0.015,12,True
Simaxis,2023,7,2136,148.01,0.0693,38.87,0.0182,12,True
Simaxis,2023,8,2136,283.96,0.1329,56.83,0.0266,12,True
Simaxis,2023,9,2136,110.47,0.0517,37.76,0.0177,12,True
Simaxis,2023,10,2136,45.45,0.0213,23.03,0.0108,12,True
Simaxis,2023,11,2136,0.68,0.0003,0.49,0.0002,12,True
Simaxis,2023,12,2136,0.9,0.0004,0.64,0.0003,12,True
Sindia,2023,1,1586,1.08,0.0007,0.24,0.0002,12,True
Sindia,2023,2,1586,0.92,0.0006,0.21,0.0001,12,True
Sindia,2023,3,1586,1.13,0.0007,0.25,0.0002,12,True
Sindia,2023,4,1586,2.52,0.0016,0.57,0.0004,12,True
Sindia,2023,5,1586,3.26,0.0021,0.73,0.0005,12,True
Sindia,2023,6,1586,5.43,0.0034,1.22,0.0008,12,True
Sindia,2023,7,1586,7.64,0.0048,1.72,0.0011,12,True
Sindia,2023,8,1586,90.55,0.0571,9.7,0.0061,12,True
Sindia,2023,9,1586,4.71,0.003,1.06,0.0007,12,True
Sindia,2023,10,1586,2.76,0.0017,0.62,0.0004,12,True
Sindia,2023,11,1586,1.3,0.0008,0.29,0.0002,12,True
Sindia,2023,12,1586,1.71,0.0011,0.38,0.0002,12,True
Sini,2023,1,441,0.54,0.0012,0.46,0.001,12,True
Sini,2023,2,441,0.46,0.001,0.39,0.0009,12,True
Sini,2023,3,441,0.57,0.0013,0.48,0.0011,12,True
Sini,2023,4,441,1.26,0.0029,1.07,0.0024,12,True
Sini,2023,5,441,1.63,0.0037,1.38,0.0031,12,True
Sini,2023,6,441,10.72,0.0243,10.31,0.0234,12,True
Sini,2023,7,441,11.82,0.0268,9.25,0.021,12,True
Sini,2023,8,441,3.77,0.0085,3.21,0.0073,12,True
Sini,2023,9,441,16.35,0.0371,16.0,0.0363,12,True
Sini,2023,10,441,1.38,0.0031,1.17,0.0027,12,True
Sini,2023,11,441,0.65,0.0015,0.55,0.0012,12,True
Sini,2023,12,441,0.85,0.0019,0.73,0.0017,12,True
Siniscola,2023,1,11194,55.0,0.0049,20.0,0.0018,12,True
Siniscola,2023,2,11194,42.0,0.0038,28.0,0.0025,12,True
Siniscola,2023,3,11194,66.0,0.0059,28.0,0.0025,12,True
Siniscola,2023,4,11194,751.0,0.0671,237.0,0.0212,12,True
Siniscola,2023,5,11194,4912.0,0.4388,1535.0,0.1371,12,True
Siniscola,2023,6,11194,25591.0,2.2861,4588.0,0.4099,12,True
Siniscola,2023,7,11194,56765.0,5.071,8699.0,0.7771,12,True
Siniscola,2023,8,11194,68470.0,6.1167,9280.0,0.829,12,True
Siniscola,2023,9,11194,31452.0,2.8097,5259.0,0.4698,12,True
Siniscola,2023,10,11194,6323.0,0.5649,1408.0,0.1258,12,True
Siniscola,2023,11,11194,160.0,0.0143,43.0,0.0038,12,True
Siniscola,2023,12,11194,104.0,0.0093,50.0,0.0045,12,True
Sinnai,2023,1,17227,41.0,0.0024,12.0,0.0007,12,True
Sinnai,2023,2,17227,25.0,0.0015,6.0,0.0003,12,True
Sinnai,2023,3,17227,59.0,0.0034,24.0,0.0014,12,True
Sinnai,2023,4,17227,612.0,0.0355,280.0,0.0163,12,True
Sinnai,2023,5,17227,1135.0,0.0659,375.0,0.0218,12,True
Sinnai,2023,6,17227,3886.0,0.2256,885.0,0.0514,12,True
Sinnai,2023,7,17227,6684.0,0.388,1220.0,0.0708,12,True
Sinnai,2023,8,17227,9407.0,0.5461,1595.0,0.0926,12,True
Sinnai,2023,9,17227,4120.0,0.2392,882.0,0.0512,12,True
Sinnai,2023,10,17227,1876.0,0.1089,417.0,0.0242,12,True
Sinnai,2023,11,17227,214.0,0.0124,48.0,0.0028,12,True
Sinnai,2023,12,17227,164.0,0.0095,62.0,0.0036,12,True
Siurgus Donigala,2023,1,1824,0.05,0.0,0.05,0.0,12,True
Siurgus Donigala,2023,2,1824,0.05,0.0,0.05,0.0,12,True
Siurgus Donigala,2023,3,1824,3.06,0.0017,3.06,0.0017,12,True
Siurgus Donigala,2023,4,1824,29.13,0.016,15.13,0.0083,12,True
Siurgus Donigala,2023,5,1824,23.16,0.0127,5.16,0.0028,12,True
Siurgus Donigala,2023,6,1824,37.27,0.0204,11.27,0.0062,12,True
Siurgus Donigala,2023,7,1824,30.38,0.0167,13.38,0.0073,12,True
Siurgus Donigala,2023,8,1824,96.38,0.0528,38.38,0.021,12,True
Siurgus Donigala,2023,9,1824,25.24,0.0138,12.24,0.0067,12,True
Siurgus Donigala,2023,10,1824,23.14,0.0127,10.14,0.0056,12,True
Siurgus Donigala,2023,11,1824,0.07,0.0,0.07,0.0,12,True
Siurgus Donigala,2023,12,1824,0.09,0.0,0.09,0.0,12,True
Solarussa,2023,1,2283,0.14,0.0001,0.14,0.0001,12,True
Solarussa,2023,2,2283,0.11,0.0,0.11,0.0,12,True
Solarussa,2023,3,2283,58.14,0.0255,21.14,0.0093,12,True
Solarussa,2023,4,2283,112.31,0.0492,59.31,0.026,12,True
Solarussa,2023,5,2283,162.41,0.0711,84.41,0.037,12,True
Solarussa,2023,6,2283,123.68,0.0542,69.68,0.0305,12,True
Solarussa,2023,7,2283,213.96,0.0937,74.96,0.0328,12,True
Solarussa,2023,8,2283,286.94,0.1257,92.94,0.0407,12,True
Solarussa,2023,9,2283,166.59,0.073,72.59,0.0318,12,True
Solarussa,2023,10,2283,112.34,0.0492,54.34,0.0238,12,True
Solarussa,2023,11,2283,32.16,0.0141,23.16,0.0101,12,True
Solarussa,2023,12,2283,11.21,0.0049,7.21,0.0032,12,True
Soleminis,2023,1,1869,2.19,0.0012,0.16,0.0001,12,True
Soleminis,2023,2,1869,1.86,0.001,0.14,0.0001,12,True
Soleminis,2023,3,1869,2.29,0.0012,0.17,0.0001,12,True
Soleminis,2023,4,1869,5.1,0.0027,0.38,0.0002,12,True
Soleminis,2023,5,1869,6.59,0.0035,0.49,0.0003,12,True
Soleminis,2023,6,1869,79.01,0.0423,28.82,0.0154,12,True
Soleminis,2023,7,1869,98.47,0.0527,26.15,0.014,12,True
Soleminis,2023,8,1869,113.28,0.0606,36.13,0.0193,12,True
Soleminis,2023,9,1869,64.53,0.0345,32.71,0.0175,12,True
Soleminis,2023,10,1869,55.58,0.0297,14.41,0.0077,12,True
Soleminis,2023,11,1869,2.64,0.0014,0.2,0.0001,12,True
Soleminis,2023,12,1869,26.46,0.0142,7.26,0.0039,12,True
Sorgono,2023,1,1491,31.0,0.0208,30.0,0.0201,12,True
Sorgono,2023,2,1491,40.0,0.0268,35.0,0.0235,12,True
Sorgono,2023,3,1491,44.0,0.0295,29.0,0.0195,12,True
Sorgono,2023,4,1491,23.0,0.0154,18.0,0.0121,12,True
Sorgono,2023,5,1491,97.0,0.0651,42.0,0.0282,12,True
Sorgono,2023,6,1491,93.0,0.0624,63.0,0.0423,12,True
Sorgono,2023,7,1491,163.0,0.1093,65.0,0.0436,12,True
Sorgono,2023,8,1491,173.0,0.116,86.0,0.0577,12,True
Sorgono,2023,9,1491,156.0,0.1046,74.0,0.0496,12,True
Sorgono,2023,10,1491,96.0,0.0644,70.0,0.0469,12,True
Sorgono,2023,11,1491,53.0,0.0355,36.0,0.0241,12,True
Sorgono,2023,12,1491,29.0,0.0195,22.0,0.0148,12,True
Sorso,2023,1,14434,113.0,0.0078,32.0,0.0022,12,True
Sorso,2023,2,14434,68.0,0.0047,23.0,0.0016,12,True
Sorso,2023,3,14434,108.0,0.0075,23.0,0.0016,12,True
Sorso,2023,4,14434,796.0,0.0551,295.0,0.0204,12,True
Sorso,2023,5,14434,4372.0,0.3029,921.0,0.0638,12,True
Sorso,2023,6,14434,10129.0,0.7017,2549.0,0.1766,12,True
Sorso,2023,7,14434,19102.0,1.3234,3620.0,0.2508,12,True
Sorso,2023,8,14434,21371.0,1.4806,3728.0,0.2583,12,True
Sorso,2023,9,14434,9731.0,0.6742,2235.0,0.1548,12,True
Sorso,2023,10,14434,1350.0,0.0935,282.0,0.0195,12,True
Sorso,2023,11,14434,93.0,0.0064,5.0,0.0003,12,True
Sorso,2023,12,14434,117.0,0.0081,36.0,0.0025,12,True
Stintino,2023,1,1535,50.0,0.0326,29.0,0.0189,12,True
Stintino,2023,2,1535,82.0,0.0534,68.0,0.0443,12,True
Stintino,2023,3,1535,284.0,0.185,138.0,0.0899,12,True
Stintino,2023,4,1535,3804.0,2.4782,1627.0,1.0599,12,True
Stintino,2023,5,1535,10443.0,6.8033,3625.0,2.3616,12,True
Stintino,2023,6,1535,53286.0,34.714,11084.0,7.2208,12,True
Stintino,2023,7,1535,90490.0,58.9511,14724.0,9.5922,12,True
Stintino,2023,8,1535,107937.0,70.3173,15905.0,10.3616,12,True
Stintino,2023,9,1535,49717.0,32.3889,10154.0,6.615,12,True
Stintino,2023,10,1535,8603.0,5.6046,2927.0,1.9068,12,True
Stintino,2023,11,1535,241.0,0.157,52.0,0.0339,12,True
Stintino,2023,12,1535,233.0,0.1518,78.0,0.0508,12,True
Suni,2023,1,977,0.11,0.0001,0.05,0.0001,12,True
Suni,2023,2,977,0.09,0.0001,0.05,0.0001,12,True
Suni,2023,3,977,0.11,0.0001,0.06,0.0001,12,True
Suni,2023,4,977,24.25,0.0248,15.13,0.0155,12,True
Suni,2023,5,977,22.33,0.0229,9.16,0.0094,12,True
Suni,2023,6,977,54.54,0.0558,25.27,0.0259,12,True
Suni,2023,7,977,169.76,0.1738,36.38,0.0372,12,True
Suni,2023,8,977,535.75,0.5484,165.38,0.1693,12,True
Suni,2023,9,977,47.47,0.0486,13.24,0.0136,12,True
Suni,2023,10,977,0.28,0.0003,0.14,0.0001,12,True
Suni,2023,11,977,0.13,0.0001,0.07,0.0001,12,True
Suni,2023,12,977,0.17,0.0002,0.09,0.0001,12,True
Talana,2023,1,955,3.92,0.0041,0.22,0.0002,12,True
Talana,2023,2,955,3.32,0.0035,0.18,0.0002,12,True
Talana,2023,3,955,4.11,0.0043,0.23,0.0002,12,True
Talana,2023,4,955,55.13,0.0577,11.5,0.012,12,True
Talana,2023,5,955,103.8,0.1087,30.65,0.0321,12,True
Talana,2023,6,955,57.7,0.0604,15.09,0.0158,12,True
Talana,2023,7,955,141.7,0.1484,31.53,0.033,12,True
Talana,2023,8,955,171.35,0.1794,27.51,0.0288,12,True
Talana,2023,9,955,21.06,0.0221,4.94,0.0052,12,True
Talana,2023,10,955,9.99,0.0105,0.55,0.0006,12,True
Talana,2023,11,955,4.73,0.005,0.26,0.0003,12,True
Talana,2023,12,955,6.19,0.0065,0.34,0.0004,12,True
Telti,2023,1,2231,0.27,0.0001,0.16,0.0001,12,True
Telti,2023,2,2231,0.23,0.0001,0.14,0.0001,12,True
Telti,2023,3,2231,0.28,0.0001,0.17,0.0001,12,True
Telti,2023,4,2231,26.63,0.0119,11.38,0.0051,12,True
Telti,2023,5,2231,98.81,0.0443,14.49,0.0065,12,True
Telti,2023,6,2231,209.36,0.0938,61.82,0.0277,12,True
Telti,2023,7,2231,578.91,0.2595,183.15,0.0821,12,True
Telti,2023,8,2231,886.89,0.3975,256.13,0.1148,12,True
Telti,2023,9,2231,427.18,0.1915,105.71,0.0474,12,True
Telti,2023,10,2231,60.69,0.0272,14.41,0.0065,12,True
Telti,2023,11,2231,0.33,0.0001,0.2,0.0001,12,True
Telti,2023,12,2231,26.43,0.0118,17.26,0.0077,12,True
Tempio Pausania,2023,1,13238,600.0,0.0453,367.0,0.0277,12,True
Tempio Pausania,2023,2,13238,1099.0,0.083,679.0,0.0513,12,True
Tempio Pausania,2023,3,13238,686.0,0.0518,359.0,0.0271,12,True
Tempio Pausania,2023,4,13238,2780.0,0.21,1299.0,0.0981,12,True
Tempio Pausania,2023,5,13238,3874.0,0.2926,1825.0,0.1379,12,True
Tempio Pausania,2023,6,13238,4356.0,0.3291,1797.0,0.1357,12,True
Tempio Pausania,2023,7,13238,7049.0,0.5325,2285.0,0.1726,12,True
Tempio Pausania,2023,8,13238,9606.0,0.7256,3135.0,0.2368,12,True
Tempio Pausania,2023,9,13238,5333.0,0.4029,2144.0,0.162,12,True
Tempio Pausania,2023,10,13238,1972.0,0.149,1043.0,0.0788,12,True
Tempio Pausania,2023,11,13238,492.0,0.0372,187.0,0.0141,12,True
Tempio Pausania,2023,12,13238,541.0,0.0409,236.0,0.0178,12,True
Tergu,2023,4,607,20.0,0.0329,18.0,0.0297,8,False
Tergu,2023,5,607,45.0,0.0741,22.0,0.0362,8,False
Tergu,2023,6,607,1212.0,1.9967,230.0,0.3789,8,False
Tergu,2023,7,607,2076.0,3.4201,371.0,0.6112,8,False
Tergu,2023,8,607,3005.0,4.9506,521.0,0.8583,8,False
Tergu,2023,9,607,1874.0,3.0873,340.0,0.5601,8,False
Tergu,2023,10,607,799.0,1.3163,180.0,0.2965,8,False
Tergu,2023,11,607,19.0,0.0313,3.0,0.0049,8,False
Terralba,2023,1,9734,194.0,0.0199,87.0,0.0089,12,True
Terralba,2023,2,9734,167.0,0.0172,82.0,0.0084,12,True
Terralba,2023,3,9734,193.0,0.0198,109.0,0.0112,12,True
Terralba,2023,4,9734,271.0,0.0278,130.0,0.0134,12,True
Terralba,2023,5,9734,270.0,0.0277,159.0,0.0163,12,True
Terralba,2023,6,9734,283.0,0.0291,141.0,0.0145,12,True
Terralba,2023,7,9734,451.0,0.0463,169.0,0.0174,12,True
Terralba,2023,8,9734,598.0,0.0614,241.0,0.0248,12,True
Terralba,2023,9,9734,441.0,0.0453,202.0,0.0208,12,True
Terralba,2023,10,9734,272.0,0.0279,147.0,0.0151,12,True
Terralba,2023,11,9734,271.0,0.0278,78.0,0.008,12,True
Terralba,2023,12,9734,178.0,0.0183,59.0,0.0061,12,True
Tertenia,2023,1,3867,41.0,0.0106,25.0,0.0065,12,True
Tertenia,2023,2,3867,17.0,0.0044,11.0,0.0028,12,True
Tertenia,2023,3,3867,77.0,0.0199,28.0,0.0072,12,True
Tertenia,2023,4,3867,417.0,0.1078,120.0,0.031,12,True
Tertenia,2023,5,3867,1826.0,0.4722,441.0,0.114,12,True
Tertenia,2023,6,3867,5501.0,1.4225,968.0,0.2503,12,True
Tertenia,2023,7,3867,12002.0,3.1037,2075.0,0.5366,12,True
Tertenia,2023,8,3867,14372.0,3.7166,2485.0,0.6426,12,True
Tertenia,2023,9,3867,7528.0,1.9467,1460.0,0.3776,12,True
Tertenia,2023,10,3867,3368.0,0.871,562.0,0.1453,12,True
Tertenia,2023,11,3867,51.0,0.0132,15.0,0.0039,12,True
Tertenia,2023,12,3867,54.0,0.014,23.0,0.0059,12,True
Teti,2023,1,595,2.84,0.0048,0.78,0.0013,12,True
Teti,2023,2,595,2.41,0.0041,0.66,0.0011,12,True
Teti,2023,3,595,2.97,0.005,0.82,0.0014,12,True
Teti,2023,4,595,6.61,0.0111,1.83,0.0031,12,True
Teti,2023,5,595,8.55,0.0144,2.36,0.004,12,True
Teti,2023,6,595,14.27,0.024,3.94,0.0066,12,True
Teti,2023,7,595,20.06,0.0337,5.54,0.0093,12,True
Teti,2023,8,595,19.81,0.0333,5.47,0.0092,12,True
Teti,2023,9,595,12.35,0.0208,3.41,0.0057,12,True
Teti,2023,10,595,7.24,0.0122,2.0,0.0034,12,True
Teti,2023,11,595,3.42,0.0057,0.95,0.0016,12,True
Teti,2023,12,595,4.48,0.0075,1.24,0.0021,12,True
Teulada,2023,1,3256,62.0,0.019,42.0,0.0129,12,True
Teulada,2023,2,3256,32.0,0.0098,23.0,0.0071,12,True
Teulada,2023,3,3256,553.0,0.1698,95.0,0.0292,12,True
Teulada,2023,4,3256,463.0,0.1422,152.0,0.0467,12,True
Teulada,2023,5,3256,1606.0,0.4932,548.0,0.1683,12,True
Teulada,2023,6,3256,4816.0,1.4791,1287.0,0.3953,12,True
Teulada,2023,7,3256,10810.0,3.32,2184.0,0.6708,12,True
Teulada,2023,8,3256,13569.0,4.1674,2631.0,0.808,12,True
Teulada,2023,9,3256,6606.0,2.0289,1858.0,0.5706,12,True
Teulada,2023,10,3256,1533.0,0.4708,609.0,0.187,12,True
Teulada,2023,11,3256,367.0,0.1127,61.0,0.0187,12,True
Teulada,2023,12,3256,160.0,0.0491,51.0,0.0157,12,True
Thiesi,2023,1,2777,157.0,0.0565,48.0,0.0173,12,True
Thiesi,2023,2,2777,140.0,0.0504,65.0,0.0234,12,True
Thiesi,2023,3,2777,95.0,0.0342,43.0,0.0155,12,True
Thiesi,2023,4,2777,80.0,0.0288,58.0,0.0209,12,True
Thiesi,2023,5,2777,252.0,0.0907,146.0,0.0526,12,True
Thiesi,2023,6,2777,168.0,0.0605,97.0,0.0349,12,True
Thiesi,2023,7,2777,113.0,0.0407,81.0,0.0292,12,True
Thiesi,2023,8,2777,220.0,0.0792,115.0,0.0414,12,True
Thiesi,2023,9,2777,146.0,0.0526,99.0,0.0356,12,True
Thiesi,2023,10,2777,168.0,0.0605,105.0,0.0378,12,True
Thiesi,2023,11,2777,201.0,0.0724,102.0,0.0367,12,True
Thiesi,2023,12,2777,114.0,0.0411,24.0,0.0086,12,True
Tissi,2023,1,2339,0.51,0.0002,0.05,0.0,12,True
Tissi,2023,2,2339,0.44,0.0002,0.05,0.0,12,True
Tissi,2023,3,2339,0.54,0.0002,0.06,0.0,12,True
Tissi,2023,4,2339,1.2,0.0005,0.13,0.0001,12,True
Tissi,2023,5,2339,1.55,0.0007,0.16,0.0001,12,True
Tissi,2023,6,2339,2.58,0.0011,0.27,0.0001,12,True
Tissi,2023,7,2339,28.63,0.0122,12.38,0.0053,12,True
Tissi,2023,8,2339,37.58,0.0161,10.38,0.0044,12,True
Tissi,2023,9,2339,2.24,0.001,0.24,0.0001,12,True
Tissi,2023,10,2339,1.31,0.0006,0.14,0.0001,12,True
Tissi,2023,11,2339,0.62,0.0003,0.07,0.0,12,True
Tissi,2023,12,2339,0.81,0.0003,0.09,0.0,12,True
Tonara,2023,1,1755,21.62,0.0123,20.57,0.0117,12,True
Tonara,2023,2,1755,0.53,0.0003,0.48,0.0003,12,True
Tonara,2023,3,1755,0.65,0.0004,0.59,0.0003,12,True
Tonara,2023,4,1755,106.45,0.0607,92.32,0.0526,12,True
Tonara,2023,5,1755,113.87,0.0649,61.71,0.0352,12,True
Tonara,2023,6,1755,92.13,0.0525,52.85,0.0301,12,True
Tonara,2023,7,1755,97.39,0.0555,61.01,0.0348,12,True
Tonara,2023,8,1755,141.34,0.0805,88.96,0.0507,12,True
Tonara,2023,9,1755,148.71,0.0847,82.47,0.047,12,True
Tonara,2023,10,1755,155.59,0.0887,122.45,0.0698,12,True
Tonara,2023,11,1755,106.75,0.0608,93.68,0.0534,12,True
Tonara,2023,12,1755,29.98,0.0171,29.9,0.017,12,True
Torpè,2023,1,2705,0.35,0.0001,0.14,0.0001,12,True
Torpè,2023,2,2705,0.3,0.0001,0.11,0.0,12,True
Torpè,2023,3,2705,0.37,0.0001,0.14,0.0001,12,True
Torpè,2023,4,2705,11.82,0.0044,4.31,0.0016,12,True
Torpè,2023,5,2705,20.06,0.0074,10.41,0.0038,12,True
Torpè,2023,6,2705,312.77,0.1156,83.68,0.0309,12,True
Torpè,2023,7,2705,828.48,0.3063,152.96,0.0565,12,True
Torpè,2023,8,2705,1304.45,0.4822,285.94,0.1057,12,True
Torpè,2023,9,2705,409.53,0.1514,104.59,0.0387,12,True
Torpè,2023,10,2705,30.9,0.0114,12.34,0.0046,12,True
Torpè,2023,11,2705,59.42,0.022,3.16,0.0012,12,True
Torpè,2023,12,2705,0.56,0.0002,0.21,0.0001,12,True
Torralba,2023,1,888,0.35,0.0004,0.24,0.0003,12,True
Torralba,2023,2,888,0.3,0.0003,0.21,0.0002,12,True
Torralba,2023,3,888,0.37,0.0004,0.25,0.0003,12,True
Torralba,2023,4,888,17.82,0.0201,11.57,0.013,12,True
Torralba,2023,5,888,11.06,0.0125,7.73,0.0087,12,True
Torralba,2023,6,888,1.77,0.002,1.22,0.0014,12,True
Torralba,2023,7,888,12.48,0.0141,7.72,0.0087,12,True
Torralba,2023,8,888,18.45,0.0208,10.7,0.012,12,True
Torralba,2023,9,888,17.53,0.0197,14.06,0.0158,12,True
Torralba,2023,10,888,5.9,0.0066,5.62,0.0063,12,True
Torralba,2023,11,888,0.42,0.0005,0.29,0.0003,12,True
Torralba,2023,12,888,0.56,0.0006,0.38,0.0004,12,True
Tortolì,2023,1,10985,1674.0,0.1524,467.0,0.0425,12,True
Tortolì,2023,2,10985,1268.0,0.1154,403.0,0.0367,12,True
Tortolì,2023,3,10985,1617.0,0.1472,612.0,0.0557,12,True
Tortolì,2023,4,10985,8195.0,0.746,3198.0,0.2911,12,True
Tortolì,2023,5,10985,52564.0,4.7851,13814.0,1.2575,12,True
Tortolì,2023,6,10985,94084.0,8.5648,19205.0,1.7483,12,True
Tortolì,2023,7,10985,166976.0,15.2004,28543.0,2.5984,12,True
Tortolì,2023,8,10985,168178.0,15.3098,26394.0,2.4027,12,True
Tortolì,2023,9,10985,113121.0,10.2978,23451.0,2.1348,12,True
Tortolì,2023,10,10985,23177.0,2.1099,5722.0,0.5209,12,True
Tortolì,2023,11,10985,2613.0,0.2379,796.0,0.0725,12,True
Tortolì,2023,12,10985,1503.0,0.1368,583.0,0.0531,12,True
Tramatza,2023,1,932,128.0,0.1373,42.0,0.0451,12,True
Tramatza,2023,2,932,172.0,0.1845,89.0,0.0955,12,True
Tramatza,2023,3,932,211.0,0.2264,78.0,0.0837,12,True
Tramatza,2023,4,932,22.0,0.0236,6.0,0.0064,12,True
Tramatza,2023,5,932,44.0,0.0472,16.0,0.0172,12,True
Tramatza,2023,6,932,46.0,0.0494,24.0,0.0258,12,True
Tramatza,2023,7,932,149.0,0.1599,91.0,0.0976,12,True
Tramatza,2023,8,932,659.0,0.7071,287.0,0.3079,12,True
Tramatza,2023,9,932,239.0,0.2564,157.0,0.1685,12,True
Tramatza,2023,10,932,129.0,0.1384,78.0,0.0837,12,True
Tramatza,2023,11,932,219.0,0.235,79.0,0.0848,12,True
Tramatza,2023,12,932,105.0,0.1127,58.0,0.0622,12,True
Tratalias,2023,1,1021,16.05,0.0157,11.0,0.0108,12,True
Tratalias,2023,2,1021,0.05,0.0,0.0,0.0,12,True
Tratalias,2023,3,1021,23.06,0.0226,19.0,0.0186,12,True
Tratalias,2023,4,1021,71.13,0.0697,45.0,0.0441,12,True
Tratalias,2023,5,1021,72.16,0.0707,36.0,0.0353,12,True
Tratalias,2023,6,1021,370.27,0.3627,112.0,0.1097,12,True
Tratalias,2023,7,1021,573.38,0.5616,111.0,0.1087,12,True
Tratalias,2023,8,1021,1410.38,1.3814,226.0,0.2214,12,True
Tratalias,2023,9,1021,416.24,0.4077,104.0,0.1019,12,True
Tratalias,2023,10,1021,106.14,0.104,50.0,0.049,12,True
Tratalias,2023,11,1021,0.07,0.0001,0.0,0.0,12,True
Tratalias,2023,12,1021,0.09,0.0001,0.0,0.0,12,True
Tresnuraghes,2023,1,1020,26.0,0.0255,20.0,0.0196,12,True
Tresnuraghes,2023,2,1020,107.0,0.1049,87.0,0.0853,12,True
Tresnuraghes,2023,3,1020,242.0,0.2373,99.0,0.0971,12,True
Tresnuraghes,2023,4,1020,1655.0,1.6225,641.0,0.6284,12,True
Tresnuraghes,2023,5,1020,2003.0,1.9637,703.0,0.6892,12,True
Tresnuraghes,2023,6,1020,3062.0,3.002,856.0,0.8392,12,True
Tresnuraghes,2023,7,1020,5188.0,5.0863,1285.0,1.2598,12,True
Tresnuraghes,2023,8,1020,5901.0,5.7853,1437.0,1.4088,12,True
Tresnuraghes,2023,9,1020,3647.0,3.5755,1086.0,1.0647,12,True
Tresnuraghes,2023,10,1020,1802.0,1.7667,509.0,0.499,12,True
Tresnuraghes,2023,11,1020,112.0,0.1098,25.0,0.0245,12,True
Tresnuraghes,2023,12,1020,83.0,0.0814,30.0,0.0294,12,True
Triei,2023,1,1056,0.11,0.0001,0.11,0.0001,12,True
Triei,2023,2,1056,0.09,0.0001,0.09,0.0001,12,True
Triei,2023,3,1056,0.11,0.0001,0.11,0.0001,12,True
Triei,2023,4,1056,260.25,0.2464,80.25,0.076,12,True
Triei,2023,5,1056,230.33,0.2181,82.33,0.078,12,True
Triei,2023,6,1056,326.54,0.3092,139.54,0.1321,12,True
Triei,2023,7,1056,583.76,0.5528,197.76,0.1873,12,True
Triei,2023,8,1056,623.75,0.5907,178.75,0.1693,12,True
Triei,2023,9,1056,384.47,0.3641,133.47,0.1264,12,True
Triei,2023,10,1056,113.28,0.1073,58.28,0.0552,12,True
Triei,2023,11,1056,28.13,0.0266,13.13,0.0124,12,True
Triei,2023,12,1056,0.17,0.0002,0.17,0.0002,12,True
Trinità D'Agultu E Vignola,2023,1,2239,33.0,0.0147,18.0,0.008,12,True
Trinità D'Agultu E Vignola,2023,2,2239,19.0,0.0085,11.0,0.0049,12,True
Trinità D'Agultu E Vignola,2023,3,2239,53.0,0.0237,24.0,0.0107,12,True
Trinità D'Agultu E Vignola,2023,4,2239,477.0,0.213,135.0,0.0603,12,True
Trinità D'Agultu E Vignola,2023,5,2239,5747.0,2.5668,1444.0,0.6449,12,True
Trinità D'Agultu E Vignola,2023,6,2239,19932.0,8.9022,3368.0,1.5042,12,True
Trinità D'Agultu E Vignola,2023,7,2239,31024.0,13.8562,4752.0,2.1224,12,True
Trinità D'Agultu E Vignola,2023,8,2239,29427.0,13.1429,4245.0,1.8959,12,True
Trinità D'Agultu E Vignola,2023,9,2239,22925.0,10.2389,3643.0,1.6271,12,True
Trinità D'Agultu E Vignola,2023,10,2239,3873.0,1.7298,651.0,0.2908,12,True
Trinità D'Agultu E Vignola,2023,11,2239,72.0,0.0322,5.0,0.0022,12,True
Trinità D'Agultu E Vignola,2023,12,2239,34.0,0.0152,8.0,0.0036,12,True
Tuili,2023,1,930,0.35,0.0004,0.3,0.0003,12,True
Tuili,2023,2,930,0.3,0.0003,0.25,0.0003,12,True
Tuili,2023,3,930,0.37,0.0004,0.31,0.0003,12,True
Tuili,2023,4,930,0.82,0.0009,0.69,0.0007,12,True
Tuili,2023,5,930,7.06,0.0076,5.9,0.0063,12,True
Tuili,2023,6,930,1.77,0.0019,1.49,0.0016,12,True
Tuili,2023,7,930,20.48,0.022,16.1,0.0173,12,True
Tuili,2023,8,930,46.45,0.0499,30.08,0.0323,12,True
Tuili,2023,9,930,52.53,0.0565,43.29,0.0465,12,True
Tuili,2023,10,930,27.9,0.03,27.76,0.0298,12,True
Tuili,2023,11,930,0.42,0.0005,0.36,0.0004,12,True
Tuili,2023,12,930,0.56,0.0006,0.47,0.0005,12,True
Tula,2023,1,1439,17.41,0.0121,5.22,0.0036,12,True
Tula,2023,2,1439,36.34,0.0253,11.18,0.0078,12,True
Tula,2023,3,1439,63.42,0.0441,27.23,0.0189,12,True
Tula,2023,4,1439,114.94,0.0799,56.5,0.0393,12,True
Tula,2023,5,1439,166.22,0.1155,63.65,0.0442,12,True
Tula,2023,6,1439,160.04,0.1112,84.09,0.0584,12,True
Tula,2023,7,1439,258.87,0.1799,113.53,0.0789,12,True
Tula,2023,8,1439,388.83,0.2702,158.51,0.1102,12,True
Tula,2023,9,1439,232.76,0.1618,92.94,0.0646,12,True
Tula,2023,10,1439,124.03,0.0862,53.55,0.0372,12,True
Tula,2023,11,1439,28.49,0.0198,13.26,0.0092,12,True
Tula,2023,12,1439,0.64,0.0004,0.34,0.0002,12,True
Turri,2023,1,376,32.0,0.0851,30.0,0.0798,12,True
Turri,2023,2,376,100.0,0.266,22.0,0.0585,12,True
Turri,2023,3,376,163.0,0.4335,71.0,0.1888,12,True
Turri,2023,4,376,189.0,0.5027,83.0,0.2207,12,True
Turri,2023,5,376,267.0,0.7101,123.0,0.3271,12,True
Turri,2023,6,376,296.0,0.7872,169.0,0.4495,12,True
Turri,2023,7,376,279.0,0.742,112.0,0.2979,12,True
Turri,2023,8,376,248.0,0.6596,116.0,0.3085,12,True
Turri,2023,9,376,259.0,0.6888,173.0,0.4601,12,True
Turri,2023,10,376,257.0,0.6835,122.0,0.3245,12,True
Turri,2023,11,376,84.0,0.2234,46.0,0.1223,12,True
Turri,2023,12,376,36.0,0.0957,32.0,0.0851,12,True
Ulassai,2023,1,1371,55.0,0.0401,34.0,0.0248,12,True
Ulassai,2023,2,1371,45.0,0.0328,15.0,0.0109,12,True
Ulassai,2023,3,1371,104.0,0.0759,19.0,0.0139,12,True
Ulassai,2023,4,1371,535.0,0.3902,198.0,0.1444,12,True
Ulassai,2023,5,1371,385.0,0.2808,123.0,0.0897,12,True
Ulassai,2023,6,1371,462.0,0.337,129.0,0.0941,12,True
Ulassai,2023,7,1371,502.0,0.3662,135.0,0.0985,12,True
Ulassai,2023,8,1371,1096.0,0.7994,315.0,0.2298,12,True
Ulassai,2023,9,1371,1014.0,0.7396,303.0,0.221,12,True
Ulassai,2023,10,1371,1031.0,0.752,244.0,0.178,12,True
Ulassai,2023,11,1371,469.0,0.3421,84.0,0.0613,12,True
Ulassai,2023,12,1371,239.0,0.1743,95.0,0.0693,12,True
Ulà Tirso,2023,1,463,1.32,0.0029,0.68,0.0015,12,True
Ulà Tirso,2023,2,463,1.12,0.0024,0.57,0.0012,12,True
Ulà Tirso,2023,3,463,1.39,0.003,0.71,0.0015,12,True
Ulà Tirso,2023,4,463,3.08,0.0067,1.57,0.0034,12,True
Ulà Tirso,2023,5,463,3.99,0.0086,2.04,0.0044,12,True
Ulà Tirso,2023,6,463,6.66,0.0144,3.4,0.0073,12,True
Ulà Tirso,2023,7,463,9.36,0.0202,4.78,0.0103,12,True
Ulà Tirso,2023,8,463,43.24,0.0934,27.72,0.0599,12,True
Ulà Tirso,2023,9,463,13.77,0.0297,10.94,0.0236,12,True
Ulà Tirso,2023,10,463,3.38,0.0073,1.72,0.0037,12,True
Ulà Tirso,2023,11,463,1.6,0.0035,0.82,0.0018,12,True
Ulà Tirso,2023,12,463,14.09,0.0304,10.07,0.0217,12,True
Uras,2023,1,2675,16.0,0.006,8.0,0.003,11,True
Uras,2023,2,2675,24.0,0.009,17.0,0.0064,11,True
Uras,2023,3,2675,23.0,0.0086,22.0,0.0082,11,True
Uras,2023,4,2675,71.0,0.0265,41.0,0.0153,11,True
Uras,2023,5,2675,63.0,0.0236,33.0,0.0123,11,True
Uras,2023,6,2675,56.0,0.0209,38.0,0.0142,11,True
Uras,2023,7,2675,90.0,0.0336,38.0,0.0142,11,True
Uras,2023,8,2675,246.0,0.092,73.0,0.0273,11,True
Uras,2023,9,2675,76.0,0.0284,24.0,0.009,11,True
Uras,2023,10,2675,30.0,0.0112,14.0,0.0052,11,True
Uras,2023,11,2675,17.0,0.0064,5.0,0.0019,11,True
Uri,2023,1,2826,43.86,0.0155,19.62,0.0069,12,True
Uri,2023,2,2826,1.58,0.0006,0.53,0.0002,12,True
Uri,2023,3,2826,1.95,0.0007,0.65,0.0002,12,True
Uri,2023,4,2826,38.34,0.0136,16.45,0.0058,12,True
Uri,2023,5,2826,16.62,0.0059,12.87,0.0046,12,True
Uri,2023,6,2826,65.38,0.0231,27.13,0.0096,12,True
Uri,2023,7,2826,495.18,0.1752,138.39,0.049,12,True
Uri,2023,8,2826,821.02,0.2905,310.34,0.1098,12,True
Uri,2023,9,2826,286.12,0.1012,136.71,0.0484,12,True
Uri,2023,10,2826,106.76,0.0378,56.59,0.02,12,True
Uri,2023,11,2826,103.25,0.0365,56.75,0.0201,12,True
Uri,2023,12,2826,75.95,0.0269,42.98,0.0152,12,True
Urzulei,2023,3,1094,13.0,0.0119,5.0,0.0046,10,True
Urzulei,2023,4,1094,422.0,0.3857,251.0,0.2294,10,True
Urzulei,2023,5,1094,304.0,0.2779,175.0,0.16,10,True
Urzulei,2023,6,1094,401.0,0.3665,243.0,0.2221,10,True
Urzulei,2023,7,1094,434.0,0.3967,264.0,0.2413,10,True
Urzulei,2023,8,1094,548.0,0.5009,264.0,0.2413,10,True
Urzulei,2023,9,1094,522.0,0.4771,324.0,0.2962,10,True
Urzulei,2023,10,1094,468.0,0.4278,319.0,0.2916,10,True
Urzulei,2023,11,1094,134.0,0.1225,88.0,0.0804,10,True
Urzulei,2023,12,1094,19.0,0.0174,13.0,0.0119,10,True
Usini,2023,1,4219,7.05,0.0017,5.03,0.0012,12,True
Usini,2023,2,4219,0.05,0.0,0.02,0.0,12,True
Usini,2023,3,4219,0.06,0.0,0.03,0.0,12,True
Usini,2023,4,4219,22.13,0.0052,8.06,0.0019,12,True
Usini,2023,5,4219,24.16,0.0057,9.08,0.0022,12,True
Usini,2023,6,4219,38.27,0.0091,17.14,0.0041,12,True
Usini,2023,7,4219,63.38,0.015,48.19,0.0114,12,True
Usini,2023,8,4219,90.38,0.0214,46.19,0.0109,12,True
Usini,2023,9,4219,32.24,0.0076,19.12,0.0045,12,True
Usini,2023,10,4219,35.14,0.0083,13.07,0.0031,12,True
Usini,2023,11,4219,9.07,0.0021,5.03,0.0012,12,True
Usini,2023,12,4219,15.09,0.0036,14.04,0.0033,12,True
Ussana,2023,1,4027,69.62,0.0173,7.35,0.0018,12,True
Ussana,2023,2,4027,31.22,0.0078,7.3,0.0018,12,True
Ussana,2023,3,4027,20.75,0.0052,7.37,0.0018,12,True
Ussana,2023,4,4027,6.1,0.0015,0.82,0.0002,12,True
Ussana,2023,5,4027,7.9,0.002,1.06,0.0003,12,True
Ussana,2023,6,4027,55.18,0.0137,11.77,0.0029,12,True
Ussana,2023,7,4027,206.53,0.0513,29.48,0.0073,12,True
Ussana,2023,8,4027,207.3,0.0515,32.45,0.0081,12,True
Ussana,2023,9,4027,108.41,0.0269,14.53,0.0036,12,True
Ussana,2023,10,4027,68.69,0.0171,13.9,0.0035,12,True
Ussana,2023,11,4027,3.16,0.0008,0.42,0.0001,12,True
Ussana,2023,12,4027,48.14,0.012,9.56,0.0024,12,True
Ussassai,2023,1,448,13.0,0.029,13.0,0.029,12,True
Ussassai,2023,2,448,28.0,0.0625,25.0,0.0558,12,True
Ussassai,2023,3,448,21.0,0.0469,15.0,0.0335,12,True
Ussassai,2023,4,448,45.0,0.1004,39.0,0.0871,12,True
Ussassai,2023,5,448,24.0,0.0536,13.0,0.029,12,True
Ussassai,2023,6,448,26.0,0.058,17.0,0.0379,12,True
Ussassai,2023,7,448,21.0,0.0469,16.0,0.0357,12,True
Ussassai,2023,8,448,131.0,0.2924,114.0,0.2545,12,True
Ussassai,2023,9,448,51.0,0.1138,45.0,0.1004,12,True
Ussassai,2023,10,448,19.0,0.0424,15.0,0.0335,12,True
Ussassai,2023,11,448,19.0,0.0424,15.0,0.0335,12,True
Ussassai,2023,12,448,17.0,0.0379,17.0,0.0379,12,True
Uta,2023,1,8814,114.7,0.013,10.03,0.0011,12,True
Uta,2023,2,8814,0.6,0.0001,0.02,0.0,12,True
Uta,2023,3,8814,138.74,0.0157,11.03,0.0013,12,True
Uta,2023,4,8814,194.64,0.0221,24.06,0.0027,12,True
Uta,2023,5,8814,80.12,0.0091,16.08,0.0018,12,True
Uta,2023,6,8814,52.53,0.006,24.14,0.0027,12,True
Uta,2023,7,8814,66.97,0.0076,22.19,0.0025,12,True
Uta,2023,8,8814,291.9,0.0331,62.19,0.0071,12,True
Uta,2023,9,8814,18.06,0.002,2.12,0.0002,12,True
Uta,2023,10,8814,109.79,0.0125,10.07,0.0011,12,True
Uta,2023,11,8814,70.85,0.008,8.03,0.0009,12,True
Uta,2023,12,8814,89.11,0.0101,11.04,0.0013,12,True
Valledoria,2023,1,4301,153.0,0.0356,75.0,0.0174,12,True
Valledoria,2023,2,4301,152.0,0.0353,76.0,0.0177,12,True
Valledoria,2023,3,4301,301.0,0.07,147.0,0.0342,12,True
Valledoria,2023,4,4301,436.0,0.1014,157.0,0.0365,12,True
Valledoria,2023,5,4301,5720.0,1.3299,1601.0,0.3722,12,True
Valledoria,2023,6,4301,29536.0,6.8672,6207.0,1.4432,12,True
Valledoria,2023,7,4301,48959.0,11.3832,7676.0,1.7847,12,True
Valledoria,2023,8,4301,53886.0,12.5287,7331.0,1.7045,12,True
Valledoria,2023,9,4301,32491.0,7.5543,6481.0,1.5069,12,True
Valledoria,2023,10,4301,5980.0,1.3904,1330.0,0.3092,12,True
Valledoria,2023,11,4301,249.0,0.0579,54.0,0.0126,12,True
Valledoria,2023,12,4301,99.0,0.023,67.0,0.0156,12,True
Vallermosa,2023,1,1806,2.73,0.0015,0.24,0.0001,12,True
Vallermosa,2023,2,1806,2.31,0.0013,0.21,0.0001,12,True
Vallermosa,2023,3,1806,2.86,0.0016,0.25,0.0001,12,True
Vallermosa,2023,4,1806,6.36,0.0035,0.57,0.0003,12,True
Vallermosa,2023,5,1806,48.22,0.0267,6.73,0.0037,12,True
Vallermosa,2023,6,1806,85.72,0.0475,7.22,0.004,12,True
Vallermosa,2023,7,1806,19.29,0.0107,1.72,0.001,12,True
Vallermosa,2023,8,1806,105.05,0.0582,19.7,0.0109,12,True
Vallermosa,2023,9,1806,125.88,0.0697,27.06,0.015,12,True
Vallermosa,2023,10,1806,93.96,0.052,24.62,0.0136,12,True
Vallermosa,2023,11,1806,83.29,0.0461,20.29,0.0112,12,True
Vallermosa,2023,12,1806,127.31,0.0705,16.38,0.0091,12,True
Viddalba,2023,1,1596,2.81,0.0018,0.05,0.0,12,True
Viddalba,2023,2,1596,2.38,0.0015,0.05,0.0,12,True
Viddalba,2023,3,1596,16.94,0.0106,3.06,0.0019,12,True
Viddalba,2023,4,1596,129.55,0.0812,19.13,0.012,12,True
Viddalba,2023,5,1596,303.47,0.1901,34.16,0.0214,12,True
Viddalba,2023,6,1596,596.13,0.3735,73.27,0.0459,12,True
Viddalba,2023,7,1596,1846.86,1.1572,276.38,0.1732,12,True
Viddalba,2023,8,1596,2716.62,1.7021,336.38,0.2108,12,True
Viddalba,2023,9,1596,747.24,0.4682,68.24,0.0428,12,True
Viddalba,2023,10,1596,330.17,0.2069,38.14,0.0239,12,True
Viddalba,2023,11,1596,3.39,0.0021,0.07,0.0,12,True
Viddalba,2023,12,1596,40.44,0.0253,5.09,0.0032,12,True
Villa San Pietro,2023,1,2156,47.08,0.0218,12.35,0.0057,12,True
Villa San Pietro,2023,2,2156,16.92,0.0078,3.3,0.0015,12,True
Villa San Pietro,2023,3,2156,1.13,0.0005,0.37,0.0002,12,True
Villa San Pietro,2023,4,2156,126.52,0.0587,38.82,0.018,12,True
Villa San Pietro,2023,5,2156,213.26,0.0989,64.06,0.0297,12,True
Villa San Pietro,2023,6,2156,577.43,0.2678,136.77,0.0634,12,True
Villa San Pietro,2023,7,2156,1467.64,0.6807,293.48,0.1361,12,True
Villa San Pietro,2023,8,2156,1639.55,0.7605,275.45,0.1278,12,True
Villa San Pietro,2023,9,2156,630.71,0.2925,147.53,0.0684,12,True
Villa San Pietro,2023,10,2156,177.76,0.0824,34.9,0.0162,12,True
Villa San Pietro,2023,11,2156,1.3,0.0006,0.42,0.0002,12,True
Villa San Pietro,2023,12,2156,1.71,0.0008,0.56,0.0003,12,True
Villacidro,2023,1,13210,71.0,0.0054,26.0,0.002,12,True
Villacidro,2023,2,13210,65.0,0.0049,36.0,0.0027,12,True
Villacidro,2023,3,13210,62.0,0.0047,35.0,0.0026,12,True
Villacidro,2023,4,13210,156.0,0.0118,111.0,0.0084,12,True
Villacidro,2023,5,13210,153.0,0.0116,92.0,0.007,12,True
Villacidro,2023,6,13210,174.0,0.0132,81.0,0.0061,12,True
Villacidro,2023,7,13210,191.0,0.0145,52.0,0.0039,12,True
Villacidro,2023,8,13210,413.0,0.0313,120.0,0.0091,12,True
Villacidro,2023,9,13210,197.0,0.0149,60.0,0.0045,12,True
Villacidro,2023,10,13210,210.0,0.0159,85.0,0.0064,12,True
Villacidro,2023,11,13210,68.0,0.0051,27.0,0.002,12,True
Villacidro,2023,12,13210,179.0,0.0136,58.0,0.0044,12,True
Villagrande Strisaili,2023,1,2947,0.41,0.0001,0.38,0.0001,12,True
Villagrande Strisaili,2023,2,2947,11.34,0.0038,5.32,0.0018,12,True
Villagrande Strisaili,2023,3,2947,15.42,0.0052,15.4,0.0052,12,True
Villagrande Strisaili,2023,4,2947,192.94,0.0655,111.88,0.038,12,True
Villagrande Strisaili,2023,5,2947,571.22,0.1938,311.14,0.1056,12,True
Villagrande Strisaili,2023,6,2947,383.04,0.13,192.9,0.0655,12,True
Villagrande Strisaili,2023,7,2947,529.87,0.1798,310.67,0.1054,12,True
Villagrande Strisaili,2023,8,2947,994.83,0.3376,401.64,0.1363,12,True
Villagrande Strisaili,2023,9,2947,785.76,0.2666,488.65,0.1658,12,True
Villagrande Strisaili,2023,10,2947,30.03,0.0102,14.97,0.0051,12,True
Villagrande Strisaili,2023,11,2947,0.49,0.0002,0.46,0.0002,12,True
Villagrande Strisaili,2023,12,2947,0.64,0.0002,0.6,0.0002,12,True
Villamar,2023,1,2438,1.54,0.0006,0.27,0.0001,12,True
Villamar,2023,2,2438,70.31,0.0288,5.23,0.0021,12,True
Villamar,2023,3,2438,1.61,0.0007,0.28,0.0001,12,True
Villamar,2023,4,2438,3.59,0.0015,0.63,0.0003,12,True
Villamar,2023,5,2438,4.64,0.0019,0.81,0.0003,12,True
Villamar,2023,6,2438,7.74,0.0032,1.36,0.0006,12,True
Villamar,2023,7,2438,10.89,0.0045,1.91,0.0008,12,True
Villamar,2023,8,2438,10.75,0.0044,1.89,0.0008,12,True
Villamar,2023,9,2438,14.71,0.006,4.18,0.0017,12,True
Villamar,2023,10,2438,3.93,0.0016,0.69,0.0003,12,True
Villamar,2023,11,2438,10.86,0.0045,4.33,0.0018,12,True
Villamar,2023,12,2438,2.43,0.001,0.43,0.0002,12,True
Villamassargia,2023,1,3367,0.84,0.0002,0.11,0.0,12,True
Villamassargia,2023,2,3367,16.71,0.005,4.09,0.0012,12,True
Villamassargia,2023,3,3367,0.88,0.0003,0.11,0.0,12,True
Villamassargia,2023,4,3367,19.95,0.0059,9.25,0.0027,12,True
Villamassargia,2023,5,3367,60.52,0.018,11.33,0.0034,12,True
Villamassargia,2023,6,3367,83.21,0.0247,18.54,0.0055,12,True
Villamassargia,2023,7,3367,201.92,0.06,54.76,0.0163,12,True
Villamassargia,2023,8,3367,418.85,0.1244,131.75,0.0391,12,True
Villamassargia,2023,9,3367,78.65,0.0234,36.47,0.0108,12,True
Villamassargia,2023,10,3367,32.14,0.0095,24.28,0.0072,12,True
Villamassargia,2023,11,3367,49.01,0.0146,16.13,0.0048,12,True
Villamassargia,2023,12,3367,1.32,0.0004,0.17,0.0001,12,True
Villanova Monteleone,2023,1,2098,0.43,0.0002,0.38,0.0002,12,True
Villanova Monteleone,2023,2,2098,0.37,0.0002,0.32,0.0002,12,True
Villanova Monteleone,2023,3,2098,9.45,0.0045,9.4,0.0045,12,True
Villanova Monteleone,2023,4,2098,209.01,0.0996,98.88,0.0471,12,True
Villanova Monteleone,2023,5,2098,140.3,0.0669,36.14,0.0172,12,True
Villanova Monteleone,2023,6,2098,348.17,0.166,126.9,0.0605,12,True
Villanova Monteleone,2023,7,2098,789.06,0.3761,192.67,0.0918,12,True
Villanova Monteleone,2023,8,2098,890.02,0.4242,263.64,0.1257,12,True
Villanova Monteleone,2023,9,2098,321.88,0.1534,73.65,0.0351,12,True
Villanova Monteleone,2023,10,2098,78.1,0.0372,21.97,0.0105,12,True
Villanova Monteleone,2023,11,2098,0.52,0.0002,0.46,0.0002,12,True
Villanova Monteleone,2023,12,2098,0.68,0.0003,0.6,0.0003,12,True
Villanova Tulo,2023,1,1005,1.19,0.0012,0.57,0.0006,12,True
Villanova Tulo,2023,2,1005,1.01,0.001,0.48,0.0005,12,True
Villanova Tulo,2023,3,1005,1.25,0.0012,0.59,0.0006,12,True
Villanova Tulo,2023,4,1005,6.77,0.0067,5.32,0.0053,12,True
Villanova Tulo,2023,5,1005,3.58,0.0036,1.71,0.0017,12,True
Villanova Tulo,2023,6,1005,5.98,0.006,2.85,0.0028,12,True
Villanova Tulo,2023,7,1005,8.4,0.0084,4.01,0.004,12,True
Villanova Tulo,2023,8,1005,8.3,0.0083,3.96,0.0039,12,True
Villanova Tulo,2023,9,1005,5.18,0.0052,2.47,0.0025,12,True
Villanova Tulo,2023,10,1005,3.03,0.003,1.45,0.0014,12,True
Villanova Tulo,2023,11,1005,1.43,0.0014,0.68,0.0007,12,True
Villanova Tulo,2023,12,1005,1.88,0.0019,0.9,0.0009,12,True
Villanovaforru,2023,10,583,10.0,0.0172,5.0,0.0086,1,False
Villanovafranca,2023,1,1190,16.0,0.0134,7.0,0.0059,12,True
Villanovafranca,2023,2,1190,13.0,0.0109,3.0,0.0025,12,True
Villanovafranca,2023,3,1190,34.0,0.0286,5.0,0.0042,12,True
Villanovafranca,2023,4,1190,39.0,0.0328,16.0,0.0134,12,True
Villanovafranca,2023,5,1190,111.0,0.0933,19.0,0.016,12,True
Villanovafranca,2023,6,1190,155.0,0.1303,32.0,0.0269,12,True
Villanovafranca,2023,7,1190,175.0,0.1471,25.0,0.021,12,True
Villanovafranca,2023,8,1190,251.0,0.2109,70.0,0.0588,12,True
Villanovafranca,2023,9,1190,96.0,0.0807,46.0,0.0387,12,True
Villanovafranca,2023,10,1190,198.0,0.1664,30.0,0.0252,12,True
Villanovafranca,2023,11,1190,175.0,0.1471,18.0,0.0151,12,True
Villanovafranca,2023,12,1190,22.0,0.0185,13.0,0.0109,12,True
Villaperuccio,2023,1,1007,8.59,0.0085,8.27,0.0082,12,True
Villaperuccio,2023,2,1007,0.5,0.0005,0.23,0.0002,12,True
Villaperuccio,2023,3,1007,11.62,0.0115,7.28,0.0072,12,True
Villaperuccio,2023,4,1007,22.38,0.0222,11.63,0.0115,12,True
Villaperuccio,2023,5,1007,10.79,0.0107,3.81,0.0038,12,True
Villaperuccio,2023,6,1007,20.99,0.0208,9.36,0.0093,12,True
Villaperuccio,2023,7,1007,4.2,0.0042,1.91,0.0019,12,True
Villaperuccio,2023,8,1007,80.15,0.0796,10.89,0.0108,12,True
Villaperuccio,2023,9,1007,2.59,0.0026,1.18,0.0012,12,True
Villaperuccio,2023,10,1007,1.52,0.0015,0.69,0.0007,12,True
Villaperuccio,2023,11,1007,0.72,0.0007,0.33,0.0003,12,True
Villaperuccio,2023,12,1007,0.94,0.0009,0.43,0.0004,12,True
Villaputzu,2023,1,4435,87.0,0.0196,29.0,0.0065,12,True
Villaputzu,2023,2,4435,84.0,0.0189,30.0,0.0068,12,True
Villaputzu,2023,3,4435,190.0,0.0428,42.0,0.0095,12,True
Villaputzu,2023,4,4435,927.0,0.209,282.0,0.0636,12,True
Villaputzu,2023,5,4435,1680.0,0.3788,358.0,0.0807,12,True
Villaputzu,2023,6,4435,3458.0,0.7797,649.0,0.1463,12,True
Villaputzu,2023,7,4435,7742.0,1.7457,1143.0,0.2577,12,True
Villaputzu,2023,8,4435,9289.0,2.0945,1163.0,0.2622,12,True
Villaputzu,2023,9,4435,4828.0,1.0886,673.0,0.1517,12,True
Villaputzu,2023,10,4435,2192.0,0.4943,392.0,0.0884,12,True
Villaputzu,2023,11,4435,204.0,0.046,53.0,0.012,12,True
Villaputzu,2023,12,4435,91.0,0.0205,44.0,0.0099,12,True
Villasimius,2023,1,3689,415.0,0.1125,111.0,0.0301,12,True
Villasimius,2023,2,3689,574.0,0.1556,141.0,0.0382,12,True
Villasimius,2023,3,3689,1227.0,0.3326,368.0,0.0998,12,True
Villasimius,2023,4,3689,10765.0,2.9181,3473.0,0.9414,12,True
Villasimius,2023,5,3689,39198.0,10.6256,11177.0,3.0298,12,True
Villasimius,2023,6,3689,130088.0,35.2638,25953.0,7.0352,12,True
Villasimius,2023,7,3689,188865.0,51.1968,30377.0,8.2345,12,True
Villasimius,2023,8,3689,201585.0,54.6449,28521.0,7.7314,12,True
Villasimius,2023,9,3689,125283.0,33.9612,25208.0,6.8333,12,True
Villasimius,2023,10,3689,38072.0,10.3204,7639.0,2.0708,12,True
Villasimius,2023,11,3689,1070.0,0.2901,295.0,0.08,12,True
Villasimius,2023,12,3689,481.0,0.1304,166.0,0.045,12,True
Villasor,2023,7,6618,140.0,0.0212,12.0,0.0018,5,False
Villasor,2023,8,6618,175.0,0.0264,35.0,0.0053,5,False
Villasor,2023,9,6618,119.0,0.018,19.0,0.0029,5,False
Villasor,2023,10,6618,71.0,0.0107,13.0,0.002,5,False
Villasor,2023,11,6618,11.0,0.0017,10.0,0.0015,5,False
Villaspeciosa,2023,1,2575,3.78,0.0015,0.68,0.0003,12,True
Villaspeciosa,2023,2,2575,3.21,0.0012,0.57,0.0002,12,True
Villaspeciosa,2023,3,2575,3.96,0.0015,0.71,0.0003,12,True
Villaspeciosa,2023,4,2575,8.81,0.0034,1.57,0.0006,12,True
Villaspeciosa,2023,5,2575,11.4,0.0044,2.04,0.0008,12,True
Villaspeciosa,2023,6,2575,19.02,0.0074,3.4,0.0013,12,True
Villaspeciosa,2023,7,2575,26.74,0.0104,4.78,0.0019,12,True
Villaspeciosa,2023,8,2575,26.41,0.0103,4.72,0.0018,12,True
Villaspeciosa,2023,9,2575,16.47,0.0064,2.94,0.0011,12,True
Villaspeciosa,2023,10,2575,9.65,0.0037,1.72,0.0007,12,True
Villaspeciosa,2023,11,2575,4.57,0.0018,0.82,0.0003,12,True
Villaspeciosa,2023,12,2575,5.98,0.0023,1.07,0.0004,12,True
Villaurbana,2023,1,1468,1.3,0.0009,0.19,0.0001,12,True
Villaurbana,2023,2,1468,1.1,0.0007,0.16,0.0001,12,True
Villaurbana,2023,3,1468,1.36,0.0009,0.2,0.0001,12,True
Villaurbana,2023,4,1468,3.02,0.0021,0.44,0.0003,12,True
Villaurbana,2023,5,1468,3.91,0.0027,0.57,0.0004,12,True
Villaurbana,2023,6,1468,6.52,0.0044,0.95,0.0006,12,True
Villaurbana,2023,7,1468,9.17,0.0062,1.34,0.0009,12,True
Villaurbana,2023,8,1468,97.05,0.0661,13.32,0.0091,12,True
Villaurbana,2023,9,1468,5.65,0.0038,0.82,0.0006,12,True
Villaurbana,2023,10,1468,3.31,0.0023,0.48,0.0003,12,True
Villaurbana,2023,11,1468,1.57,0.0011,0.23,0.0002,12,True
Villaurbana,2023,12,1468,2.05,0.0014,0.3,0.0002,12,True
Zeddiani,2023,1,1130,0.14,0.0001,0.08,0.0001,12,True
Zeddiani,2023,2,1130,0.11,0.0001,0.07,0.0001,12,True
Zeddiani,2023,3,1130,0.14,0.0001,0.08,0.0001,12,True
Zeddiani,2023,4,1130,0.31,0.0003,0.19,0.0002,12,True
Zeddiani,2023,5,1130,0.41,0.0004,0.24,0.0002,12,True
Zeddiani,2023,6,1130,10.68,0.0095,4.41,0.0039,12,True
Zeddiani,2023,7,1130,0.96,0.0008,0.57,0.0005,12,True
Zeddiani,2023,8,1130,46.94,0.0415,15.57,0.0138,12,True
Zeddiani,2023,9,1130,0.59,0.0005,0.35,0.0003,12,True
Zeddiani,2023,10,1130,0.34,0.0003,0.21,0.0002,12,True
Zeddiani,2023,11,1130,0.16,0.0001,0.1,0.0001,12,True
Zeddiani,2023,12,1130,0.21,0.0002,0.13,0.0001,12,True
