comune,anno,mese,densita_turistica,densita_turistica_norm,intensita_turistica_presenze,intensita_turistica_norm,densita_ricettiva,densita_ricettiva_norm,utilizzazione_lorda_pct,utilizzazione_lorda_norm,indice_overtourism,n_indicatori_disponibili
Abbasanta,2023,1,3.11,0.0018,0.048,0.0016,1.48,0.0072,6.37,0.2151,0.0082,4.0
Abbasanta,2023,2,2.54,0.0015,0.0391,0.0013,1.48,0.0072,6.37,0.2151,0.0074,4.0
Abbasanta,2023,3,2.99,0.0017,0.046,0.0015,1.48,0.0072,6.37,0.2151,0.0079,4.0
Abbasanta,2023,4,2.76,0.0016,0.0426,0.0014,1.48,0.0072,6.37,0.2151,0.0077,4.0
Abbasanta,2023,5,2.34,0.0014,0.036,0.0012,1.48,0.0072,6.37,0.2151,0.0071,4.0
Abbasanta,2023,6,2.41,0.0014,0.0371,0.0012,1.48,0.0072,6.37,0.2151,0.0071,4.0
Abbasanta,2023,7,3.79,0.0022,0.0584,0.0019,1.48,0.0072,6.37,0.2151,0.009,4.0
Abbasanta,2023,8,1.08,0.0006,0.0166,0.0005,1.48,0.0072,6.37,0.2151,0.0046,4.0
Abbasanta,2023,9,2.56,0.0015,0.0395,0.0013,1.48,0.0072,6.37,0.2151,0.0074,4.0
Abbasanta,2023,10,9.82,0.0057,0.1513,0.005,1.48,0.0072,6.37,0.2151,0.0145,4.0
Abbasanta,2023,11,0.38,0.0002,0.0058,0.0002,1.48,0.0072,6.37,0.2151,0.0028,4.0
Abbasanta,2023,12,0.65,0.0004,0.0101,0.0003,1.48,0.0072,6.37,0.2151,0.0037,4.0
Aggius,2023,1,0.1,0.0001,0.0058,0.0002,1.54,0.0075,1.72,0.0581,0.0017,4.0
Aggius,2023,2,0.0,0.0,0.0001,0.0,1.54,0.0075,1.72,0.0581,0.0,4.0
Aggius,2023,3,0.0,0.0,0.0002,0.0,1.54,0.0075,1.72,0.0581,0.0,4.0
Aggius,2023,4,0.01,0.0,0.0004,0.0,1.54,0.0075,1.72,0.0581,0.0,4.0
Aggius,2023,5,0.01,0.0,0.0005,0.0,1.54,0.0075,1.72,0.0581,0.0,4.0
Aggius,2023,6,0.59,0.0003,0.0362,0.0012,1.54,0.0075,1.72,0.0581,0.0035,4.0
Aggius,2023,7,2.24,0.0013,0.1372,0.0045,1.54,0.0075,1.72,0.0581,0.0071,4.0
Aggius,2023,8,5.48,0.0032,0.3356,0.0111,1.54,0.0075,1.72,0.0581,0.0112,4.0
Aggius,2023,9,1.1,0.0006,0.0673,0.0022,1.54,0.0075,1.72,0.0581,0.0049,4.0
Aggius,2023,10,0.11,0.0001,0.0068,0.0002,1.54,0.0075,1.72,0.0581,0.0017,4.0
Aggius,2023,11,0.0,0.0,0.0002,0.0,1.54,0.0075,1.72,0.0581,0.0,4.0
Aggius,2023,12,0.0,0.0,0.0002,0.0,1.54,0.0075,1.72,0.0581,0.0,4.0
Aglientu,2023,1,0.01,0.0,0.001,0.0,38.03,0.1857,11.68,0.3943,0.0,4.0
Aglientu,2023,2,0.01,0.0,0.0008,0.0,38.03,0.1857,11.68,0.3943,0.0,4.0
Aglientu,2023,3,0.01,0.0,0.001,0.0,38.03,0.1857,11.68,0.3943,0.0,4.0
Aglientu,2023,4,5.49,0.0032,0.6975,0.023,38.03,0.1857,11.68,0.3943,0.0482,4.0
Aglientu,2023,5,70.45,0.0412,8.9482,0.2946,38.03,0.1857,11.68,0.3943,0.1727,4.0
Aglientu,2023,6,185.15,0.1082,23.5178,0.7744,38.03,0.1857,11.68,0.3943,0.2799,4.0
Aglientu,2023,7,457.13,0.2673,58.0635,1.0,38.03,0.1857,11.68,0.3943,0.374,4.0
Aglientu,2023,8,586.64,0.343,74.5146,1.0,38.03,0.1857,11.68,0.3943,0.3981,4.0
Aglientu,2023,9,250.92,0.1467,31.8716,1.0,38.03,0.1857,11.68,0.3943,0.3219,4.0
Aglientu,2023,10,65.45,0.0383,8.3133,0.2737,38.03,0.1857,11.68,0.3943,0.1664,4.0
Aglientu,2023,11,0.01,0.0,0.0012,0.0,38.03,0.1857,11.68,0.3943,0.0,4.0
Aglientu,2023,12,0.12,0.0001,0.0153,0.0005,38.03,0.1857,11.68,0.3943,0.0078,4.0
Aidomaggiore,2023,1,,,,,0.19,0.0009,0.0,0.0,0.0,2.0
Aidomaggiore,2023,2,,,,,0.19,0.0009,0.0,0.0,0.0,2.0
Aidomaggiore,2023,3,,,,,0.19,0.0009,0.0,0.0,0.0,2.0
Aidomaggiore,2023,4,,,,,0.19,0.0009,0.0,0.0,0.0,2.0
Aidomaggiore,2023,5,,,,,0.19,0.0009,0.0,0.0,0.0,2.0
Aidomaggiore,2023,6,,,,,0.19,0.0009,0.0,0.0,0.0,2.0
Aidomaggiore,2023,7,,,,,0.19,0.0009,0.0,0.0,0.0,2.0
Aidomaggiore,2023,8,,,,,0.19,0.0009,0.0,0.0,0.0,2.0
Aidomaggiore,2023,9,,,,,0.19,0.0009,0.0,0.0,0.0,2.0
Aidomaggiore,2023,10,,,,,0.19,0.0009,0.0,0.0,0.0,2.0
Aidomaggiore,2023,11,,,,,0.19,0.0009,0.0,0.0,0.0,2.0
Aidomaggiore,2023,12,,,,,0.19,0.0009,0.0,0.0,0.0,2.0
Albagiara,2023,1,,,,,0.0,0.0,,,0.0,1.0
Albagiara,2023,2,,,,,0.0,0.0,,,0.0,1.0
Albagiara,2023,3,,,,,0.0,0.0,,,0.0,1.0
Albagiara,2023,4,,,,,0.0,0.0,,,0.0,1.0
Albagiara,2023,5,,,,,0.0,0.0,,,0.0,1.0
Albagiara,2023,6,,,,,0.0,0.0,,,0.0,1.0
Albagiara,2023,7,,,,,0.0,0.0,,,0.0,1.0
Albagiara,2023,8,,,,,0.0,0.0,,,0.0,1.0
Albagiara,2023,9,,,,,0.0,0.0,,,0.0,1.0
Albagiara,2023,10,,,,,0.0,0.0,,,0.0,1.0
Albagiara,2023,11,,,,,0.0,0.0,,,0.0,1.0
Albagiara,2023,12,,,,,0.0,0.0,,,0.0,1.0
Ales,2023,1,0.02,0.0,0.0003,0.0,2.12,0.0104,4.42,0.1492,0.0,4.0
Ales,2023,2,0.02,0.0,0.0003,0.0,2.12,0.0104,4.42,0.1492,0.0,4.0
Ales,2023,3,1.55,0.0009,0.0272,0.0009,2.12,0.0104,4.42,0.1492,0.006,4.0
Ales,2023,4,3.51,0.0021,0.0616,0.002,2.12,0.0104,4.42,0.1492,0.009,4.0
Ales,2023,5,4.38,0.0026,0.0768,0.0025,2.12,0.0104,4.42,0.1492,0.01,4.0
Ales,2023,6,2.21,0.0013,0.0388,0.0013,2.12,0.0104,4.42,0.1492,0.0072,4.0
Ales,2023,7,3.16,0.0018,0.0553,0.0018,2.12,0.0104,4.42,0.1492,0.0084,4.0
Ales,2023,8,10.36,0.0061,0.1815,0.006,2.12,0.0104,4.42,0.1492,0.0154,4.0
Ales,2023,9,4.41,0.0026,0.0773,0.0025,2.12,0.0104,4.42,0.1492,0.01,4.0
Ales,2023,10,1.9,0.0011,0.0332,0.0011,2.12,0.0104,4.42,0.1492,0.0066,4.0
Ales,2023,11,1.24,0.0007,0.0217,0.0007,2.12,0.0104,4.42,0.1492,0.0053,4.0
Ales,2023,12,1.38,0.0008,0.0242,0.0008,2.12,0.0104,4.42,0.1492,0.0056,4.0
Alghero,2023,1,43.2,0.0253,0.2296,0.0076,103.77,0.5066,16.09,0.5432,0.0853,4.0
Alghero,2023,2,37.31,0.0218,0.1983,0.0065,103.77,0.5066,16.09,0.5432,0.079,4.0
Alghero,2023,3,71.89,0.042,0.3821,0.0126,103.77,0.5066,16.09,0.5432,0.1099,4.0
Alghero,2023,4,268.16,0.1568,1.425,0.0469,103.77,0.5066,16.09,0.5432,0.2121,4.0
Alghero,2023,5,483.71,0.2828,2.5705,0.0846,103.77,0.5066,16.09,0.5432,0.2849,4.0
Alghero,2023,6,886.01,0.518,4.7084,0.155,103.77,0.5066,16.09,0.5432,0.3855,4.0
Alghero,2023,7,1252.03,0.732,6.6535,0.2191,103.77,0.5066,16.09,0.5432,0.4583,4.0
Alghero,2023,8,1408.8,0.8236,7.4866,0.2465,103.77,0.5066,16.09,0.5432,0.4862,4.0
Alghero,2023,9,1045.17,0.6111,5.5542,0.1829,103.77,0.5066,16.09,0.5432,0.4188,4.0
Alghero,2023,10,467.16,0.2731,2.4826,0.0817,103.77,0.5066,16.09,0.5432,0.2799,4.0
Alghero,2023,11,55.19,0.0323,0.2933,0.0097,103.77,0.5066,16.09,0.5432,0.0964,4.0
Alghero,2023,12,74.51,0.0436,0.396,0.013,103.77,0.5066,16.09,0.5432,0.1118,4.0
Allai,2023,1,,,,,0.95,0.0046,0.0,0.0,0.0,2.0
Allai,2023,2,,,,,0.95,0.0046,0.0,0.0,0.0,2.0
Allai,2023,3,,,,,0.95,0.0046,0.0,0.0,0.0,2.0
Allai,2023,4,,,,,0.95,0.0046,0.0,0.0,0.0,2.0
Allai,2023,5,,,,,0.95,0.0046,0.0,0.0,0.0,2.0
Allai,2023,6,,,,,0.95,0.0046,0.0,0.0,0.0,2.0
Allai,2023,7,,,,,0.95,0.0046,0.0,0.0,0.0,2.0
Allai,2023,8,,,,,0.95,0.0046,0.0,0.0,0.0,2.0
Allai,2023,9,,,,,0.95,0.0046,0.0,0.0,0.0,2.0
Allai,2023,10,,,,,0.95,0.0046,0.0,0.0,0.0,2.0
Allai,2023,11,,,,,0.95,0.0046,0.0,0.0,0.0,2.0
Allai,2023,12,,,,,0.95,0.0046,0.0,0.0,0.0,2.0
Alà Dei Sardi,2023,1,0.02,0.0,0.0019,0.0001,0.11,0.0005,3.17,0.107,0.0,4.0
Alà Dei Sardi,2023,2,0.01,0.0,0.0016,0.0001,0.11,0.0005,3.17,0.107,0.0,4.0
Alà Dei Sardi,2023,3,0.02,0.0,0.002,0.0001,0.11,0.0005,3.17,0.107,0.0,4.0
Alà Dei Sardi,2023,4,0.04,0.0,0.0044,0.0001,0.11,0.0005,3.17,0.107,0.0,4.0
Alà Dei Sardi,2023,5,0.05,0.0,0.0057,0.0002,0.11,0.0005,3.17,0.107,0.0,4.0
Alà Dei Sardi,2023,6,0.34,0.0002,0.0384,0.0013,0.11,0.0005,3.17,0.107,0.0019,4.0
Alà Dei Sardi,2023,7,0.46,0.0003,0.0519,0.0017,0.11,0.0005,3.17,0.107,0.0023,4.0
Alà Dei Sardi,2023,8,0.12,0.0001,0.0133,0.0004,0.11,0.0005,3.17,0.107,0.0012,4.0
Alà Dei Sardi,2023,9,0.07,0.0,0.0083,0.0003,0.11,0.0005,3.17,0.107,0.0,4.0
Alà Dei Sardi,2023,10,0.04,0.0,0.0048,0.0002,0.11,0.0005,3.17,0.107,0.0,4.0
Alà Dei Sardi,2023,11,0.02,0.0,0.0023,0.0001,0.11,0.0005,3.17,0.107,0.0,4.0
Alà Dei Sardi,2023,12,0.03,0.0,0.003,0.0001,0.11,0.0005,3.17,0.107,0.0,4.0
Anela,2023,1,,,,,0.16,0.0008,0.0,0.0,0.0,2.0
Anela,2023,2,,,,,0.16,0.0008,0.0,0.0,0.0,2.0
Anela,2023,3,,,,,0.16,0.0008,0.0,0.0,0.0,2.0
Anela,2023,4,,,,,0.16,0.0008,0.0,0.0,0.0,2.0
Anela,2023,5,,,,,0.16,0.0008,0.0,0.0,0.0,2.0
Anela,2023,6,,,,,0.16,0.0008,0.0,0.0,0.0,2.0
Anela,2023,7,,,,,0.16,0.0008,0.0,0.0,0.0,2.0
Anela,2023,8,,,,,0.16,0.0008,0.0,0.0,0.0,2.0
Anela,2023,9,,,,,0.16,0.0008,0.0,0.0,0.0,2.0
Anela,2023,10,,,,,0.16,0.0008,0.0,0.0,0.0,2.0
Anela,2023,11,,,,,0.16,0.0008,0.0,0.0,0.0,2.0
Anela,2023,12,,,,,0.16,0.0008,0.0,0.0,0.0,2.0
Arborea,2023,1,3.53,0.0021,0.0892,0.0029,19.89,0.0971,18.47,0.6236,0.0246,4.0
Arborea,2023,2,4.42,0.0026,0.1116,0.0037,19.89,0.0971,18.47,0.6236,0.0276,4.0
Arborea,2023,3,7.26,0.0042,0.1834,0.006,19.89,0.0971,18.47,0.6236,0.0351,4.0
Arborea,2023,4,51.34,0.03,1.2974,0.0427,19.89,0.0971,18.47,0.6236,0.0938,4.0
Arborea,2023,5,93.72,0.0548,2.3684,0.078,19.89,0.0971,18.47,0.6236,0.1268,4.0
Arborea,2023,6,130.86,0.0765,3.307,0.1089,19.89,0.0971,18.47,0.6236,0.1499,4.0
Arborea,2023,7,272.0,0.159,6.874,0.2263,19.89,0.0971,18.47,0.6236,0.216,4.0
Arborea,2023,8,386.1,0.2257,9.7573,0.3213,19.89,0.0971,18.47,0.6236,0.2574,4.0
Arborea,2023,9,256.93,0.1502,6.4931,0.2138,19.89,0.0971,18.47,0.6236,0.21,4.0
Arborea,2023,10,127.09,0.0743,3.2117,0.1058,19.89,0.0971,18.47,0.6236,0.1477,4.0
Arborea,2023,11,5.7,0.0033,0.1442,0.0047,19.89,0.0971,18.47,0.6236,0.0311,4.0
Arborea,2023,12,2.06,0.0012,0.0521,0.0017,19.89,0.0971,18.47,0.6236,0.0187,4.0
Arbus,2023,1,1.44,0.0008,0.0676,0.0022,5.6,0.0273,9.95,0.3359,0.0113,4.0
Arbus,2023,2,2.06,0.0012,0.0968,0.0032,5.6,0.0273,9.95,0.3359,0.0137,4.0
Arbus,2023,3,2.71,0.0016,0.127,0.0042,5.6,0.0273,9.95,0.3359,0.0158,4.0
Arbus,2023,4,7.4,0.0043,0.347,0.0114,5.6,0.0273,9.95,0.3359,0.0259,4.0
Arbus,2023,5,12.07,0.0071,0.5659,0.0186,5.6,0.0273,9.95,0.3359,0.0332,4.0
Arbus,2023,6,24.88,0.0145,1.1669,0.0384,5.6,0.0273,9.95,0.3359,0.0475,4.0
Arbus,2023,7,41.68,0.0244,1.9549,0.0644,5.6,0.0273,9.95,0.3359,0.0616,4.0
Arbus,2023,8,57.28,0.0335,2.6865,0.0885,5.6,0.0273,9.95,0.3359,0.0722,4.0
Arbus,2023,9,34.09,0.0199,1.5989,0.0526,5.6,0.0273,9.95,0.3359,0.0557,4.0
Arbus,2023,10,17.43,0.0102,0.8175,0.0269,5.6,0.0273,9.95,0.3359,0.0398,4.0
Arbus,2023,11,1.78,0.001,0.0833,0.0027,5.6,0.0273,9.95,0.3359,0.0125,4.0
Arbus,2023,12,0.39,0.0002,0.0183,0.0006,5.6,0.0273,9.95,0.3359,0.0058,4.0
Ardara,2023,1,,,,,0.1,0.0005,0.0,0.0,0.0,2.0
Ardara,2023,2,,,,,0.1,0.0005,0.0,0.0,0.0,2.0
Ardara,2023,3,,,,,0.1,0.0005,0.0,0.0,0.0,2.0
Ardara,2023,4,,,,,0.1,0.0005,0.0,0.0,0.0,2.0
Ardara,2023,5,,,,,0.1,0.0005,0.0,0.0,0.0,2.0
Ardara,2023,6,,,,,0.1,0.0005,0.0,0.0,0.0,2.0
Ardara,2023,7,,,,,0.1,0.0005,0.0,0.0,0.0,2.0
Ardara,2023,8,,,,,0.1,0.0005,0.0,0.0,0.0,2.0
Ardara,2023,9,,,,,0.1,0.0005,0.0,0.0,0.0,2.0
Ardara,2023,10,,,,,0.1,0.0005,0.0,0.0,0.0,2.0
Ardara,2023,11,,,,,0.1,0.0005,0.0,0.0,0.0,2.0
Ardara,2023,12,,,,,0.1,0.0005,0.0,0.0,0.0,2.0
Ardauli,2023,1,,,,,0.19,0.0009,0.0,0.0,0.0,2.0
Ardauli,2023,2,,,,,0.19,0.0009,0.0,0.0,0.0,2.0
Ardauli,2023,3,,,,,0.19,0.0009,0.0,0.0,0.0,2.0
Ardauli,2023,4,,,,,0.19,0.0009,0.0,0.0,0.0,2.0
Ardauli,2023,5,,,,,0.19,0.0009,0.0,0.0,0.0,2.0
Ardauli,2023,6,,,,,0.19,0.0009,0.0,0.0,0.0,2.0
Ardauli,2023,7,,,,,0.19,0.0009,0.0,0.0,0.0,2.0
Ardauli,2023,8,,,,,0.19,0.0009,0.0,0.0,0.0,2.0
Ardauli,2023,9,,,,,0.19,0.0009,0.0,0.0,0.0,2.0
Ardauli,2023,10,,,,,0.19,0.0009,0.0,0.0,0.0,2.0
Ardauli,2023,11,,,,,0.19,0.0009,0.0,0.0,0.0,2.0
Ardauli,2023,12,,,,,0.19,0.0009,0.0,0.0,0.0,2.0
Aritzo,2023,1,1.6,0.0009,0.1,0.0033,3.42,0.0167,3.9,0.1317,0.009,4.0
Aritzo,2023,2,0.77,0.0005,0.0484,0.0016,3.42,0.0167,3.9,0.1317,0.0065,4.0
Aritzo,2023,3,0.0,0.0,0.0001,0.0,3.42,0.0167,3.9,0.1317,0.0,4.0
Aritzo,2023,4,2.77,0.0016,0.1735,0.0057,3.42,0.0167,3.9,0.1317,0.0119,4.0
Aritzo,2023,5,2.89,0.0017,0.1811,0.006,3.42,0.0167,3.9,0.1317,0.0122,4.0
Aritzo,2023,6,4.91,0.0029,0.3071,0.0101,3.42,0.0167,3.9,0.1317,0.0159,4.0
Aritzo,2023,7,6.95,0.0041,0.4348,0.0143,3.42,0.0167,3.9,0.1317,0.0189,4.0
Aritzo,2023,8,11.77,0.0069,0.737,0.0243,3.42,0.0167,3.9,0.1317,0.0246,4.0
Aritzo,2023,9,9.4,0.0055,0.5884,0.0194,3.42,0.0167,3.9,0.1317,0.022,4.0
Aritzo,2023,10,4.98,0.0029,0.3117,0.0103,3.42,0.0167,3.9,0.1317,0.016,4.0
Aritzo,2023,11,1.29,0.0008,0.0809,0.0027,3.42,0.0167,3.9,0.1317,0.0083,4.0
Aritzo,2023,12,1.36,0.0008,0.0851,0.0028,3.42,0.0167,3.9,0.1317,0.0084,4.0
Armungia,2023,1,0.01,0.0,0.0009,0.0,0.38,0.0019,0.18,0.0061,0.0,4.0
Armungia,2023,2,0.01,0.0,0.0008,0.0,0.38,0.0019,0.18,0.0061,0.0,4.0
Armungia,2023,3,0.01,0.0,0.001,0.0,0.38,0.0019,0.18,0.0061,0.0,4.0
Armungia,2023,4,0.02,0.0,0.0021,0.0001,0.38,0.0019,0.18,0.0061,0.0,4.0
Armungia,2023,5,0.02,0.0,0.0027,0.0001,0.38,0.0019,0.18,0.0061,0.0,4.0
Armungia,2023,6,0.03,0.0,0.0045,0.0001,0.38,0.0019,0.18,0.0061,0.0,4.0
Armungia,2023,7,0.05,0.0,0.0064,0.0002,0.38,0.0019,0.18,0.0061,0.0,4.0
Armungia,2023,8,0.05,0.0,0.0063,0.0002,0.38,0.0019,0.18,0.0061,0.0,4.0
Armungia,2023,9,0.03,0.0,0.0039,0.0001,0.38,0.0019,0.18,0.0061,0.0,4.0
Armungia,2023,10,0.02,0.0,0.0023,0.0001,0.38,0.0019,0.18,0.0061,0.0,4.0
Armungia,2023,11,0.01,0.0,0.0011,0.0,0.38,0.0019,0.18,0.0061,0.0,4.0
Armungia,2023,12,0.01,0.0,0.0014,0.0,0.38,0.0019,0.18,0.0061,0.0,4.0
Arzachena,2023,1,3.36,0.002,0.0581,0.0019,87.63,0.4278,15.09,0.5095,0.0302,4.0
Arzachena,2023,2,3.62,0.0021,0.0625,0.0021,87.63,0.4278,15.09,0.5095,0.0313,4.0
Arzachena,2023,3,7.74,0.0045,0.1336,0.0044,87.63,0.4278,15.09,0.5095,0.0456,4.0
Arzachena,2023,4,115.21,0.0674,1.989,0.0655,87.63,0.4278,15.09,0.5095,0.1761,4.0
Arzachena,2023,5,396.97,0.2321,6.8533,0.2257,87.63,0.4278,15.09,0.5095,0.3269,4.0
Arzachena,2023,6,811.07,0.4742,14.0023,0.4611,87.63,0.4278,15.09,0.5095,0.4672,4.0
Arzachena,2023,7,1104.35,0.6457,19.0655,0.6278,87.63,0.4278,15.09,0.5095,0.5452,4.0
Arzachena,2023,8,1189.86,0.6956,20.5418,0.6764,87.63,0.4278,15.09,0.5095,0.5659,4.0
Arzachena,2023,9,872.86,0.5103,15.0691,0.4962,87.63,0.4278,15.09,0.5095,0.4847,4.0
Arzachena,2023,10,307.12,0.1796,5.3021,0.1746,87.63,0.4278,15.09,0.5095,0.2875,4.0
Arzachena,2023,11,9.96,0.0058,0.172,0.0057,87.63,0.4278,15.09,0.5095,0.0518,4.0
Arzachena,2023,12,4.57,0.0027,0.0789,0.0026,87.63,0.4278,15.09,0.5095,0.0352,4.0
Arzana,2023,1,0.0,0.0,0.0002,0.0,0.08,0.0004,2.07,0.0699,0.0,4.0
Arzana,2023,2,0.0,0.0,0.0002,0.0,0.08,0.0004,2.07,0.0699,0.0,4.0
Arzana,2023,3,0.0,0.0,0.0002,0.0,0.08,0.0004,2.07,0.0699,0.0,4.0
Arzana,2023,4,0.01,0.0,0.0005,0.0,0.08,0.0004,2.07,0.0699,0.0,4.0
Arzana,2023,5,0.01,0.0,0.0006,0.0,0.08,0.0004,2.07,0.0699,0.0,4.0
Arzana,2023,6,0.01,0.0,0.001,0.0,0.08,0.0004,2.07,0.0699,0.0,4.0
Arzana,2023,7,0.02,0.0,0.0015,0.0,0.08,0.0004,2.07,0.0699,0.0,4.0
Arzana,2023,8,0.39,0.0002,0.0283,0.0009,0.08,0.0004,2.07,0.0699,0.0015,4.0
Arzana,2023,9,0.14,0.0001,0.0103,0.0003,0.08,0.0004,2.07,0.0699,0.001,4.0
Arzana,2023,10,0.01,0.0,0.0005,0.0,0.08,0.0004,2.07,0.0699,0.0,4.0
Arzana,2023,11,0.0,0.0,0.0002,0.0,0.08,0.0004,2.07,0.0699,0.0,4.0
Arzana,2023,12,0.0,0.0,0.0003,0.0,0.08,0.0004,2.07,0.0699,0.0,4.0
Assemini,2023,1,12.39,0.0072,0.0565,0.0019,5.0,0.0244,11.62,0.3923,0.019,4.0
Assemini,2023,2,13.4,0.0078,0.0612,0.002,5.0,0.0244,11.62,0.3923,0.0197,4.0
Assemini,2023,3,12.93,0.0076,0.059,0.0019,5.0,0.0244,11.62,0.3923,0.0193,4.0
Assemini,2023,4,10.2,0.006,0.0466,0.0015,5.0,0.0244,11.62,0.3923,0.0171,4.0
Assemini,2023,5,14.39,0.0084,0.0657,0.0022,5.0,0.0244,11.62,0.3923,0.0205,4.0
Assemini,2023,6,22.83,0.0133,0.1042,0.0034,5.0,0.0244,11.62,0.3923,0.0256,4.0
Assemini,2023,7,27.52,0.0161,0.1256,0.0041,5.0,0.0244,11.62,0.3923,0.0282,4.0
Assemini,2023,8,28.35,0.0166,0.1294,0.0043,5.0,0.0244,11.62,0.3923,0.0288,4.0
Assemini,2023,9,23.46,0.0137,0.1071,0.0035,5.0,0.0244,11.62,0.3923,0.026,4.0
Assemini,2023,10,18.58,0.0109,0.0848,0.0028,5.0,0.0244,11.62,0.3923,0.0232,4.0
Assemini,2023,11,16.29,0.0095,0.0743,0.0024,5.0,0.0244,11.62,0.3923,0.0216,4.0
Assemini,2023,12,11.93,0.007,0.0544,0.0018,5.0,0.0244,11.62,0.3923,0.0186,4.0
Assolo,2023,1,,,,,1.1,0.0054,0.0,0.0,0.0,2.0
Assolo,2023,2,,,,,1.1,0.0054,0.0,0.0,0.0,2.0
Assolo,2023,3,,,,,1.1,0.0054,0.0,0.0,0.0,2.0
Assolo,2023,4,,,,,1.1,0.0054,0.0,0.0,0.0,2.0
Assolo,2023,5,,,,,1.1,0.0054,0.0,0.0,0.0,2.0
Assolo,2023,6,,,,,1.1,0.0054,0.0,0.0,0.0,2.0
Assolo,2023,7,,,,,1.1,0.0054,0.0,0.0,0.0,2.0
Assolo,2023,8,,,,,1.1,0.0054,0.0,0.0,0.0,2.0
Assolo,2023,9,,,,,1.1,0.0054,0.0,0.0,0.0,2.0
Assolo,2023,10,,,,,1.1,0.0054,0.0,0.0,0.0,2.0
Assolo,2023,11,,,,,1.1,0.0054,0.0,0.0,0.0,2.0
Assolo,2023,12,,,,,1.1,0.0054,0.0,0.0,0.0,2.0
Asuni,2023,1,,,,,0.0,0.0,,,0.0,1.0
Asuni,2023,2,,,,,0.0,0.0,,,0.0,1.0
Asuni,2023,3,,,,,0.0,0.0,,,0.0,1.0
Asuni,2023,4,,,,,0.0,0.0,,,0.0,1.0
Asuni,2023,5,,,,,0.0,0.0,,,0.0,1.0
Asuni,2023,6,,,,,0.0,0.0,,,0.0,1.0
Asuni,2023,7,,,,,0.0,0.0,,,0.0,1.0
Asuni,2023,8,,,,,0.0,0.0,,,0.0,1.0
Asuni,2023,9,,,,,0.0,0.0,,,0.0,1.0
Asuni,2023,10,,,,,0.0,0.0,,,0.0,1.0
Asuni,2023,11,,,,,0.0,0.0,,,0.0,1.0
Asuni,2023,12,,,,,0.0,0.0,,,0.0,1.0
Atzara,2023,1,0.02,0.0,0.0008,0.0,0.83,0.0041,3.9,0.1317,0.0,4.0
Atzara,2023,2,0.88,0.0005,0.0316,0.001,0.83,0.0041,3.9,0.1317,0.0041,4.0
Atzara,2023,3,0.02,0.0,0.0008,0.0,0.83,0.0041,3.9,0.1317,0.0,4.0
Atzara,2023,4,0.05,0.0,0.0018,0.0001,0.83,0.0041,3.9,0.1317,0.0,4.0
Atzara,2023,5,0.07,0.0,0.0024,0.0001,0.83,0.0041,3.9,0.1317,0.0,4.0
Atzara,2023,6,0.25,0.0001,0.0089,0.0003,0.83,0.0041,3.9,0.1317,0.002,4.0
Atzara,2023,7,0.54,0.0003,0.0195,0.0006,0.83,0.0041,3.9,0.1317,0.0031,4.0
Atzara,2023,8,2.54,0.0015,0.0913,0.003,0.83,0.0041,3.9,0.1317,0.007,4.0
Atzara,2023,9,1.6,0.0009,0.0573,0.0019,0.83,0.0041,3.9,0.1317,0.0055,4.0
Atzara,2023,10,2.89,0.0017,0.1038,0.0034,0.83,0.0041,3.9,0.1317,0.0075,4.0
Atzara,2023,11,2.03,0.0012,0.0728,0.0024,0.83,0.0041,3.9,0.1317,0.0063,4.0
Atzara,2023,12,0.98,0.0006,0.0352,0.0012,0.83,0.0041,3.9,0.1317,0.0044,4.0
Austis,2023,1,0.33,0.0002,0.0223,0.0007,1.34,0.0065,1.53,0.0517,0.0026,4.0
Austis,2023,2,0.01,0.0,0.0007,0.0,1.34,0.0065,1.53,0.0517,0.0,4.0
Austis,2023,3,0.01,0.0,0.0009,0.0,1.34,0.0065,1.53,0.0517,0.0,4.0
Austis,2023,4,0.03,0.0,0.0019,0.0001,1.34,0.0065,1.53,0.0517,0.0,4.0
Austis,2023,5,0.04,0.0,0.0025,0.0001,1.34,0.0065,1.53,0.0517,0.0,4.0
Austis,2023,6,0.06,0.0,0.0042,0.0001,1.34,0.0065,1.53,0.0517,0.0,4.0
Austis,2023,7,0.09,0.0001,0.0059,0.0002,1.34,0.0065,1.53,0.0517,0.0016,4.0
Austis,2023,8,2.92,0.0017,0.1994,0.0066,1.34,0.0065,1.53,0.0517,0.0078,4.0
Austis,2023,9,1.12,0.0007,0.0762,0.0025,1.34,0.0065,1.53,0.0517,0.0049,4.0
Austis,2023,10,1.17,0.0007,0.0801,0.0026,1.34,0.0065,1.53,0.0517,0.005,4.0
Austis,2023,11,1.02,0.0006,0.0696,0.0023,1.34,0.0065,1.53,0.0517,0.0046,4.0
Austis,2023,12,0.67,0.0004,0.0457,0.0015,1.34,0.0065,1.53,0.0517,0.0038,4.0
Badesi,2023,1,1.43,0.0008,0.0247,0.0008,178.02,0.8692,14.34,0.4841,0.0228,4.0
Badesi,2023,2,0.29,0.0002,0.0049,0.0002,178.02,0.8692,14.34,0.4841,0.0114,4.0
Badesi,2023,3,0.19,0.0001,0.0033,0.0001,178.02,0.8692,14.34,0.4841,0.0081,4.0
Badesi,2023,4,54.51,0.0319,0.9413,0.031,178.02,0.8692,14.34,0.4841,0.1428,4.0
Badesi,2023,5,228.94,0.1338,3.9533,0.1302,178.02,0.8692,14.34,0.4841,0.2926,4.0
Badesi,2023,6,1757.84,1.0,30.3551,0.9995,178.02,0.8692,14.34,0.4841,0.8053,4.0
Badesi,2023,7,2839.88,1.0,49.0401,1.0,178.02,0.8692,14.34,0.4841,0.8054,4.0
Badesi,2023,8,3000.76,1.0,51.8183,1.0,178.02,0.8692,14.34,0.4841,0.8054,4.0
Badesi,2023,9,1375.77,0.8043,23.7574,0.7823,178.02,0.8692,14.34,0.4841,0.7173,4.0
Badesi,2023,10,49.58,0.029,0.8562,0.0282,178.02,0.8692,14.34,0.4841,0.1362,4.0
Badesi,2023,11,4.07,0.0024,0.0703,0.0023,178.02,0.8692,14.34,0.4841,0.039,4.0
Badesi,2023,12,1.72,0.001,0.0296,0.001,178.02,0.8692,14.34,0.4841,0.0255,4.0
Ballao,2023,1,0.0,0.0,0.0,0.0,0.17,0.0008,10.55,0.3562,0.0,4.0
Ballao,2023,2,0.0,0.0,0.0,0.0,0.17,0.0008,10.55,0.3562,0.0,4.0
Ballao,2023,3,0.0,0.0,0.0,0.0,0.17,0.0008,10.55,0.3562,0.0,4.0
Ballao,2023,4,1.19,0.0007,0.0766,0.0025,0.17,0.0008,10.55,0.3562,0.0047,4.0
Ballao,2023,5,1.67,0.001,0.1072,0.0035,0.17,0.0008,10.55,0.3562,0.0056,4.0
Ballao,2023,6,1.07,0.0006,0.0683,0.0022,0.17,0.0008,10.55,0.3562,0.0044,4.0
Ballao,2023,7,1.35,0.0008,0.0865,0.0028,0.17,0.0008,10.55,0.3562,0.005,4.0
Ballao,2023,8,1.15,0.0007,0.074,0.0024,0.17,0.0008,10.55,0.3562,0.0047,4.0
Ballao,2023,9,0.24,0.0001,0.0155,0.0005,0.17,0.0008,10.55,0.3562,0.0019,4.0
Ballao,2023,10,0.0,0.0,0.0001,0.0,0.17,0.0008,10.55,0.3562,0.0,4.0
Ballao,2023,11,0.0,0.0,0.0,0.0,0.17,0.0008,10.55,0.3562,0.0,4.0
Ballao,2023,12,0.0,0.0,0.0001,0.0,0.17,0.0008,10.55,0.3562,0.0,4.0
Banari,2023,1,0.11,0.0001,0.0044,0.0001,0.51,0.0025,5.73,0.1935,0.0015,4.0
Banari,2023,2,0.01,0.0,0.0004,0.0,0.51,0.0025,5.73,0.1935,0.0,4.0
Banari,2023,3,0.01,0.0,0.0005,0.0,0.51,0.0025,5.73,0.1935,0.0,4.0
Banari,2023,4,0.4,0.0002,0.0168,0.0006,0.51,0.0025,5.73,0.1935,0.0028,4.0
Banari,2023,5,0.04,0.0,0.0016,0.0001,0.51,0.0025,5.73,0.1935,0.0,4.0
Banari,2023,6,0.44,0.0003,0.0182,0.0006,0.51,0.0025,5.73,0.1935,0.0031,4.0
Banari,2023,7,2.9,0.0017,0.1202,0.004,0.51,0.0025,5.73,0.1935,0.0076,4.0
Banari,2023,8,4.11,0.0024,0.1707,0.0056,0.51,0.0025,5.73,0.1935,0.009,4.0
Banari,2023,9,1.41,0.0008,0.0586,0.0019,0.51,0.0025,5.73,0.1935,0.0052,4.0
Banari,2023,10,0.03,0.0,0.0013,0.0,0.51,0.0025,5.73,0.1935,0.0,4.0
Banari,2023,11,0.02,0.0,0.0006,0.0,0.51,0.0025,5.73,0.1935,0.0,4.0
Banari,2023,12,1.28,0.0007,0.0533,0.0018,0.51,0.0025,5.73,0.1935,0.005,4.0
Baradili,2023,1,0.14,0.0001,0.0104,0.0003,4.26,0.0208,0.46,0.0155,0.0018,4.0
Baradili,2023,2,0.12,0.0001,0.0088,0.0003,4.26,0.0208,0.46,0.0155,0.0018,4.0
Baradili,2023,3,0.15,0.0001,0.0109,0.0004,4.26,0.0208,0.46,0.0155,0.0019,4.0
Baradili,2023,4,0.34,0.0002,0.0242,0.0008,4.26,0.0208,0.46,0.0155,0.0027,4.0
Baradili,2023,5,0.43,0.0003,0.0313,0.001,4.26,0.0208,0.46,0.0155,0.0031,4.0
Baradili,2023,6,0.72,0.0004,0.0523,0.0017,4.26,0.0208,0.46,0.0155,0.0038,4.0
Baradili,2023,7,1.02,0.0006,0.0735,0.0024,4.26,0.0208,0.46,0.0155,0.0046,4.0
Baradili,2023,8,1.0,0.0006,0.0726,0.0024,4.26,0.0208,0.46,0.0155,0.0046,4.0
Baradili,2023,9,2.4,0.0014,0.1735,0.0057,4.26,0.0208,0.46,0.0155,0.0071,4.0
Baradili,2023,10,0.37,0.0002,0.0265,0.0009,4.26,0.0208,0.46,0.0155,0.0028,4.0
Baradili,2023,11,0.17,0.0001,0.0126,0.0004,4.26,0.0208,0.46,0.0155,0.0019,4.0
Baradili,2023,12,0.23,0.0001,0.0164,0.0005,4.26,0.0208,0.46,0.0155,0.002,4.0
Baratili San Pietro,2023,1,,,,,15.66,0.0765,5.04,0.1702,0.1141,2.0
Baratili San Pietro,2023,2,,,,,15.66,0.0765,5.04,0.1702,0.1141,2.0
Baratili San Pietro,2023,3,3.0,,0.0148,,15.66,0.0765,5.04,0.1702,0.1141,2.0
Baratili San Pietro,2023,4,,,,,15.66,0.0765,5.04,0.1702,0.1141,2.0
Baratili San Pietro,2023,5,7.5,,0.0369,,15.66,0.0765,5.04,0.1702,0.1141,2.0
Baratili San Pietro,2023,6,36.49,,0.1795,,15.66,0.0765,5.04,0.1702,0.1141,2.0
Baratili San Pietro,2023,7,92.47,,0.4549,,15.66,0.0765,5.04,0.1702,0.1141,2.0
Baratili San Pietro,2023,8,105.8,,0.5205,,15.66,0.0765,5.04,0.1702,0.1141,2.0
Baratili San Pietro,2023,9,38.82,,0.191,,15.66,0.0765,5.04,0.1702,0.1141,2.0
Baratili San Pietro,2023,10,4.0,,0.0197,,15.66,0.0765,5.04,0.1702,0.1141,2.0
Baratili San Pietro,2023,11,,,,,15.66,0.0765,5.04,0.1702,0.1141,2.0
Baratili San Pietro,2023,12,,,,,15.66,0.0765,5.04,0.1702,0.1141,2.0
Baressa,2023,1,0.71,0.0004,0.0158,0.0005,2.15,0.0105,10.95,0.3697,0.0053,4.0
Baressa,2023,2,0.06,0.0,0.0013,0.0,2.15,0.0105,10.95,0.3697,0.0,4.0
Baressa,2023,3,2.23,0.0013,0.0499,0.0016,2.15,0.0105,10.95,0.3697,0.0095,4.0
Baressa,2023,4,14.12,0.0083,0.3167,0.0104,2.15,0.0105,10.95,0.3697,0.0241,4.0
Baressa,2023,5,10.74,0.0063,0.2408,0.0079,2.15,0.0105,10.95,0.3697,0.021,4.0
Baressa,2023,6,14.47,0.0085,0.3244,0.0107,2.15,0.0105,10.95,0.3697,0.0244,4.0
Baressa,2023,7,6.95,0.0041,0.1558,0.0051,2.15,0.0105,10.95,0.3697,0.0169,4.0
Baressa,2023,8,17.95,0.0105,0.4026,0.0133,2.15,0.0105,10.95,0.3697,0.0271,4.0
Baressa,2023,9,9.95,0.0058,0.2232,0.0073,2.15,0.0105,10.95,0.3697,0.0201,4.0
Baressa,2023,10,5.2,0.003,0.1167,0.0038,2.15,0.0105,10.95,0.3697,0.0145,4.0
Baressa,2023,11,3.59,0.0021,0.0806,0.0027,2.15,0.0105,10.95,0.3697,0.0122,4.0
Baressa,2023,12,0.11,0.0001,0.0025,0.0001,2.15,0.0105,10.95,0.3697,0.0025,4.0
Bari Sardo,2023,1,28.81,0.0168,0.2825,0.0093,78.19,0.3817,18.05,0.6094,0.0776,4.0
Bari Sardo,2023,2,55.65,0.0325,0.5457,0.018,78.19,0.3817,18.05,0.6094,0.108,4.0
Bari Sardo,2023,3,60.54,0.0354,0.5937,0.0195,78.19,0.3817,18.05,0.6094,0.1126,4.0
Bari Sardo,2023,4,140.62,0.0822,1.3789,0.0454,78.19,0.3817,18.05,0.6094,0.1716,4.0
Bari Sardo,2023,5,341.61,0.1997,3.3498,0.1103,78.19,0.3817,18.05,0.6094,0.2675,4.0
Bari Sardo,2023,6,695.73,0.4068,6.8223,0.2246,78.19,0.3817,18.05,0.6094,0.3818,4.0
Bari Sardo,2023,7,1204.68,0.7043,11.8129,0.389,78.19,0.3817,18.05,0.6094,0.5024,4.0
Bari Sardo,2023,8,1389.37,0.8123,13.6239,0.4486,78.19,0.3817,18.05,0.6094,0.5396,4.0
Bari Sardo,2023,9,838.46,0.4902,8.2218,0.2707,78.19,0.3817,18.05,0.6094,0.4192,4.0
Bari Sardo,2023,10,356.76,0.2086,3.4983,0.1152,78.19,0.3817,18.05,0.6094,0.2734,4.0
Bari Sardo,2023,11,20.54,0.012,0.2015,0.0066,78.19,0.3817,18.05,0.6094,0.0655,4.0
Bari Sardo,2023,12,18.5,0.0108,0.1814,0.006,78.19,0.3817,18.05,0.6094,0.0623,4.0
Barrali,2023,1,,,,,0.0,0.0,,,0.0,1.0
Barrali,2023,2,,,,,0.0,0.0,,,0.0,1.0
Barrali,2023,3,,,,,0.0,0.0,,,0.0,1.0
Barrali,2023,4,,,,,0.0,0.0,,,0.0,1.0
Barrali,2023,5,,,,,0.0,0.0,,,0.0,1.0
Barrali,2023,6,,,,,0.0,0.0,,,0.0,1.0
Barrali,2023,7,,,,,0.0,0.0,,,0.0,1.0
Barrali,2023,8,,,,,0.0,0.0,,,0.0,1.0
Barrali,2023,9,,,,,0.0,0.0,,,0.0,1.0
Barrali,2023,10,,,,,0.0,0.0,,,0.0,1.0
Barrali,2023,11,,,,,0.0,0.0,,,0.0,1.0
Barrali,2023,12,,,,,0.0,0.0,,,0.0,1.0
Barumini,2023,1,2.56,0.0015,0.0579,0.0019,1.83,0.0089,13.5,0.4558,0.0104,4.0
Barumini,2023,2,0.61,0.0004,0.0138,0.0005,1.83,0.0089,13.5,0.4558,0.0053,4.0
Barumini,2023,3,2.56,0.0015,0.0579,0.0019,1.83,0.0089,13.5,0.4558,0.0104,4.0
Barumini,2023,4,6.69,0.0039,0.1513,0.005,1.83,0.0089,13.5,0.4558,0.0168,4.0
Barumini,2023,5,16.58,0.0097,0.3751,0.0124,1.83,0.0089,13.5,0.4558,0.0264,4.0
Barumini,2023,6,11.08,0.0065,0.2506,0.0083,1.83,0.0089,13.5,0.4558,0.0216,4.0
Barumini,2023,7,6.88,0.004,0.1556,0.0051,1.83,0.0089,13.5,0.4558,0.017,4.0
Barumini,2023,8,11.46,0.0067,0.2593,0.0085,1.83,0.0089,13.5,0.4558,0.0219,4.0
Barumini,2023,9,14.21,0.0083,0.3215,0.0106,1.83,0.0089,13.5,0.4558,0.0244,4.0
Barumini,2023,10,8.98,0.0053,0.2031,0.0067,1.83,0.0089,13.5,0.4558,0.0195,4.0
Barumini,2023,11,6.69,0.0039,0.1513,0.005,1.83,0.0089,13.5,0.4558,0.0168,4.0
Barumini,2023,12,2.06,0.0012,0.0467,0.0015,1.83,0.0089,13.5,0.4558,0.0092,4.0
Bauladu,2023,1,0.9,0.0005,0.0339,0.0011,1.17,0.0057,8.44,0.2849,0.0055,4.0
Bauladu,2023,2,0.16,0.0001,0.0059,0.0002,1.17,0.0057,8.44,0.2849,0.0024,4.0
Bauladu,2023,3,0.19,0.0001,0.0073,0.0002,1.17,0.0057,8.44,0.2849,0.0024,4.0
Bauladu,2023,4,0.43,0.0003,0.0162,0.0005,1.17,0.0057,8.44,0.2849,0.004,4.0
Bauladu,2023,5,0.56,0.0003,0.021,0.0007,1.17,0.0057,8.44,0.2849,0.0043,4.0
Bauladu,2023,6,2.18,0.0013,0.0825,0.0027,1.17,0.0057,8.44,0.2849,0.0087,4.0
Bauladu,2023,7,9.88,0.0058,0.3736,0.0123,1.17,0.0057,8.44,0.2849,0.0184,4.0
Bauladu,2023,8,15.93,0.0093,0.6025,0.0198,1.17,0.0057,8.44,0.2849,0.0234,4.0
Bauladu,2023,9,4.9,0.0029,0.1854,0.0061,1.17,0.0057,8.44,0.2849,0.013,4.0
Bauladu,2023,10,0.47,0.0003,0.0178,0.0006,1.17,0.0057,8.44,0.2849,0.0041,4.0
Bauladu,2023,11,0.22,0.0001,0.0084,0.0003,1.17,0.0057,8.44,0.2849,0.0026,4.0
Bauladu,2023,12,0.29,0.0002,0.011,0.0004,1.17,0.0057,8.44,0.2849,0.0034,4.0
Baunei,2023,1,1.28,0.0007,0.0788,0.0026,8.39,0.041,12.64,0.4267,0.0134,4.0
Baunei,2023,2,1.22,0.0007,0.0754,0.0025,8.39,0.041,12.64,0.4267,0.0132,4.0
Baunei,2023,3,2.3,0.0013,0.142,0.0047,8.39,0.041,12.64,0.4267,0.0181,4.0
Baunei,2023,4,15.11,0.0088,0.9322,0.0307,8.39,0.041,12.64,0.4267,0.0466,4.0
Baunei,2023,5,36.59,0.0214,2.2581,0.0744,8.39,0.041,12.64,0.4267,0.0726,4.0
Baunei,2023,6,56.32,0.0329,3.4757,0.1144,8.39,0.041,12.64,0.4267,0.0901,4.0
Baunei,2023,7,83.81,0.049,5.1722,0.1703,8.39,0.041,12.64,0.4267,0.1099,4.0
Baunei,2023,8,95.48,0.0558,5.8923,0.194,8.39,0.041,12.64,0.4267,0.1173,4.0
Baunei,2023,9,64.94,0.038,4.0079,0.132,8.39,0.041,12.64,0.4267,0.0968,4.0
Baunei,2023,10,24.25,0.0142,1.4964,0.0493,8.39,0.041,12.64,0.4267,0.0592,4.0
Baunei,2023,11,3.47,0.002,0.2138,0.007,8.39,0.041,12.64,0.4267,0.0222,4.0
Baunei,2023,12,2.36,0.0014,0.1455,0.0048,8.39,0.041,12.64,0.4267,0.0185,4.0
Belvì,2023,1,0.48,0.0003,0.0157,0.0005,2.52,0.0123,1.16,0.0392,0.0029,4.0
Belvì,2023,2,1.24,0.0007,0.0408,0.0013,2.52,0.0123,1.16,0.0392,0.0046,4.0
Belvì,2023,3,0.04,0.0,0.0014,0.0,2.52,0.0123,1.16,0.0392,0.0,4.0
Belvì,2023,4,0.09,0.0001,0.0031,0.0001,2.52,0.0123,1.16,0.0392,0.0015,4.0
Belvì,2023,5,0.89,0.0005,0.0292,0.001,2.52,0.0123,1.16,0.0392,0.0039,4.0
Belvì,2023,6,0.97,0.0006,0.0318,0.001,2.52,0.0123,1.16,0.0392,0.0041,4.0
Belvì,2023,7,0.77,0.0005,0.0255,0.0008,2.52,0.0123,1.16,0.0392,0.0037,4.0
Belvì,2023,8,1.86,0.0011,0.0614,0.002,2.52,0.0123,1.16,0.0392,0.0057,4.0
Belvì,2023,9,1.6,0.0009,0.0526,0.0017,2.52,0.0123,1.16,0.0392,0.0052,4.0
Belvì,2023,10,2.56,0.0015,0.0844,0.0028,2.52,0.0123,1.16,0.0392,0.0067,4.0
Belvì,2023,11,0.05,0.0,0.0016,0.0001,2.52,0.0123,1.16,0.0392,0.0,4.0
Belvì,2023,12,0.06,0.0,0.0021,0.0001,2.52,0.0123,1.16,0.0392,0.0,4.0
Benetutti,2023,1,2.49,0.0015,0.1391,0.0046,2.08,0.0102,9.3,0.314,0.0122,4.0
Benetutti,2023,2,0.14,0.0001,0.0078,0.0003,2.08,0.0102,9.3,0.314,0.0031,4.0
Benetutti,2023,3,0.0,0.0,0.0,0.0,2.08,0.0102,9.3,0.314,0.0,4.0
Benetutti,2023,4,4.96,0.0029,0.277,0.0091,2.08,0.0102,9.3,0.314,0.0171,4.0
Benetutti,2023,5,1.52,0.0009,0.0851,0.0028,2.08,0.0102,9.3,0.314,0.0095,4.0
Benetutti,2023,6,7.3,0.0043,0.4078,0.0134,2.08,0.0102,9.3,0.314,0.0207,4.0
Benetutti,2023,7,9.33,0.0055,0.5213,0.0172,2.08,0.0102,9.3,0.314,0.0235,4.0
Benetutti,2023,8,15.84,0.0093,0.8855,0.0292,2.08,0.0102,9.3,0.314,0.0305,4.0
Benetutti,2023,9,11.93,0.007,0.6668,0.022,2.08,0.0102,9.3,0.314,0.0265,4.0
Benetutti,2023,10,10.46,0.0061,0.5848,0.0193,2.08,0.0102,9.3,0.314,0.0248,4.0
Benetutti,2023,11,2.5,0.0015,0.1397,0.0046,2.08,0.0102,9.3,0.314,0.0122,4.0
Benetutti,2023,12,4.23,0.0025,0.2365,0.0078,2.08,0.0102,9.3,0.314,0.0158,4.0
Berchidda,2023,1,0.58,0.0003,0.0449,0.0015,2.24,0.0109,1.88,0.0635,0.0042,4.0
Berchidda,2023,2,0.24,0.0001,0.0188,0.0006,2.24,0.0109,1.88,0.0635,0.0025,4.0
Berchidda,2023,3,0.55,0.0003,0.0426,0.0014,2.24,0.0109,1.88,0.0635,0.0041,4.0
Berchidda,2023,4,1.02,0.0006,0.0791,0.0026,2.24,0.0109,1.88,0.0635,0.0057,4.0
Berchidda,2023,5,0.84,0.0005,0.0649,0.0021,2.24,0.0109,1.88,0.0635,0.0052,4.0
Berchidda,2023,6,1.98,0.0012,0.1539,0.0051,2.24,0.0109,1.88,0.0635,0.0081,4.0
Berchidda,2023,7,2.31,0.0014,0.1797,0.0059,2.24,0.0109,1.88,0.0635,0.0087,4.0
Berchidda,2023,8,3.44,0.002,0.2672,0.0088,2.24,0.0109,1.88,0.0635,0.0105,4.0
Berchidda,2023,9,1.46,0.0009,0.1136,0.0037,2.24,0.0109,1.88,0.0635,0.0069,4.0
Berchidda,2023,10,1.65,0.001,0.1282,0.0042,2.24,0.0109,1.88,0.0635,0.0073,4.0
Berchidda,2023,11,0.27,0.0002,0.0211,0.0007,2.24,0.0109,1.88,0.0635,0.0031,4.0
Berchidda,2023,12,1.05,0.0006,0.0814,0.0027,2.24,0.0109,1.88,0.0635,0.0058,4.0
Bessude,2023,1,0.02,0.0,0.0013,0.0,0.98,0.0048,0.2,0.0068,0.0,4.0
Bessude,2023,2,0.02,0.0,0.0011,0.0,0.98,0.0048,0.2,0.0068,0.0,4.0
Bessude,2023,3,0.02,0.0,0.0014,0.0,0.98,0.0048,0.2,0.0068,0.0,4.0
Bessude,2023,4,0.05,0.0,0.0031,0.0001,0.98,0.0048,0.2,0.0068,0.0,4.0
Bessude,2023,5,0.06,0.0,0.004,0.0001,0.98,0.0048,0.2,0.0068,0.0,4.0
Bessude,2023,6,0.1,0.0001,0.0067,0.0002,0.98,0.0048,0.2,0.0068,0.0009,4.0
Bessude,2023,7,0.14,0.0001,0.0095,0.0003,0.98,0.0048,0.2,0.0068,0.001,4.0
Bessude,2023,8,0.13,0.0001,0.0093,0.0003,0.98,0.0048,0.2,0.0068,0.001,4.0
Bessude,2023,9,0.08,0.0,0.0058,0.0002,0.98,0.0048,0.2,0.0068,0.0,4.0
Bessude,2023,10,0.05,0.0,0.0034,0.0001,0.98,0.0048,0.2,0.0068,0.0,4.0
Bessude,2023,11,0.02,0.0,0.0016,0.0001,0.98,0.0048,0.2,0.0068,0.0,4.0
Bessude,2023,12,0.03,0.0,0.0021,0.0001,0.98,0.0048,0.2,0.0068,0.0,4.0
Bidonì,2023,1,,,,,0.0,0.0,,,0.0,1.0
Bidonì,2023,2,,,,,0.0,0.0,,,0.0,1.0
Bidonì,2023,3,,,,,0.0,0.0,,,0.0,1.0
Bidonì,2023,4,,,,,0.0,0.0,,,0.0,1.0
Bidonì,2023,5,,,,,0.0,0.0,,,0.0,1.0
Bidonì,2023,6,,,,,0.0,0.0,,,0.0,1.0
Bidonì,2023,7,,,,,0.0,0.0,,,0.0,1.0
Bidonì,2023,8,,,,,0.0,0.0,,,0.0,1.0
Bidonì,2023,9,,,,,0.0,0.0,,,0.0,1.0
Bidonì,2023,10,,,,,0.0,0.0,,,0.0,1.0
Bidonì,2023,11,,,,,0.0,0.0,,,0.0,1.0
Bidonì,2023,12,,,,,0.0,0.0,,,0.0,1.0
Birori,2023,1,,,,,0.0,0.0,,,0.0,1.0
Birori,2023,2,,,,,0.0,0.0,,,0.0,1.0
Birori,2023,3,,,,,0.0,0.0,,,0.0,1.0
Birori,2023,4,,,,,0.0,0.0,,,0.0,1.0
Birori,2023,5,,,,,0.0,0.0,,,0.0,1.0
Birori,2023,6,,,,,0.0,0.0,,,0.0,1.0
Birori,2023,7,,,,,0.0,0.0,,,0.0,1.0
Birori,2023,8,,,,,0.0,0.0,,,0.0,1.0
Birori,2023,9,,,,,0.0,0.0,,,0.0,1.0
Birori,2023,10,,,,,0.0,0.0,,,0.0,1.0
Birori,2023,11,,,,,0.0,0.0,,,0.0,1.0
Birori,2023,12,,,,,0.0,0.0,,,0.0,1.0
Bitti,2023,1,0.11,0.0001,0.0093,0.0003,0.49,0.0024,6.84,0.2309,0.002,4.0
Bitti,2023,2,0.17,0.0001,0.0139,0.0005,0.49,0.0024,6.84,0.2309,0.0023,4.0
Bitti,2023,3,0.1,0.0001,0.0081,0.0003,0.49,0.0024,6.84,0.2309,0.002,4.0
Bitti,2023,4,1.0,0.0006,0.0836,0.0028,0.49,0.0024,6.84,0.2309,0.0055,4.0
Bitti,2023,5,1.54,0.0009,0.1289,0.0042,0.49,0.0024,6.84,0.2309,0.0068,4.0
Bitti,2023,6,1.61,0.0009,0.1347,0.0044,0.49,0.0024,6.84,0.2309,0.0068,4.0
Bitti,2023,7,1.19,0.0007,0.0995,0.0033,0.49,0.0024,6.84,0.2309,0.006,4.0
Bitti,2023,8,2.01,0.0012,0.168,0.0055,0.49,0.0024,6.84,0.2309,0.0078,4.0
Bitti,2023,9,2.72,0.0016,0.2268,0.0075,0.49,0.0024,6.84,0.2309,0.009,4.0
Bitti,2023,10,1.29,0.0008,0.1076,0.0035,0.49,0.0024,6.84,0.2309,0.0063,4.0
Bitti,2023,11,0.3,0.0002,0.0252,0.0008,0.49,0.0024,6.84,0.2309,0.0031,4.0
Bitti,2023,12,0.23,0.0001,0.0193,0.0006,0.49,0.0024,6.84,0.2309,0.0024,4.0
Bolotana,2023,1,0.19,0.0001,0.0089,0.0003,1.25,0.0061,0.93,0.0314,0.0015,4.0
Bolotana,2023,2,0.11,0.0001,0.0051,0.0002,1.25,0.0061,0.93,0.0314,0.0014,4.0
Bolotana,2023,3,0.07,0.0,0.003,0.0001,1.25,0.0061,0.93,0.0314,0.0,4.0
Bolotana,2023,4,0.43,0.0003,0.02,0.0007,1.25,0.0061,0.93,0.0314,0.0025,4.0
Bolotana,2023,5,0.21,0.0001,0.0098,0.0003,1.25,0.0061,0.93,0.0314,0.0015,4.0
Bolotana,2023,6,0.26,0.0002,0.012,0.0004,1.25,0.0061,0.93,0.0314,0.002,4.0
Bolotana,2023,7,0.69,0.0004,0.0315,0.001,1.25,0.0061,0.93,0.0314,0.003,4.0
Bolotana,2023,8,0.96,0.0006,0.0442,0.0015,1.25,0.0061,0.93,0.0314,0.0036,4.0
Bolotana,2023,9,0.66,0.0004,0.0302,0.001,1.25,0.0061,0.93,0.0314,0.003,4.0
Bolotana,2023,10,0.3,0.0002,0.0136,0.0004,1.25,0.0061,0.93,0.0314,0.002,4.0
Bolotana,2023,11,0.0,0.0,0.0,0.0,1.25,0.0061,0.93,0.0314,0.0,4.0
Bolotana,2023,12,0.32,0.0002,0.0149,0.0005,1.25,0.0061,0.93,0.0314,0.0021,4.0
Bonarcado,2023,1,0.77,0.0005,0.0142,0.0005,2.66,0.013,4.3,0.1452,0.0047,4.0
Bonarcado,2023,2,0.8,0.0005,0.0148,0.0005,2.66,0.013,4.3,0.1452,0.0047,4.0
Bonarcado,2023,3,2.54,0.0015,0.047,0.0015,2.66,0.013,4.3,0.1452,0.0081,4.0
Bonarcado,2023,4,5.23,0.0031,0.0967,0.0032,2.66,0.013,4.3,0.1452,0.0117,4.0
Bonarcado,2023,5,4.15,0.0024,0.0766,0.0025,2.66,0.013,4.3,0.1452,0.0103,4.0
Bonarcado,2023,6,5.22,0.0031,0.0965,0.0032,2.66,0.013,4.3,0.1452,0.0117,4.0
Bonarcado,2023,7,17.86,0.0104,0.3301,0.0109,2.66,0.013,4.3,0.1452,0.0215,4.0
Bonarcado,2023,8,4.73,0.0028,0.0874,0.0029,2.66,0.013,4.3,0.1452,0.0111,4.0
Bonarcado,2023,9,0.1,0.0001,0.0018,0.0001,2.66,0.013,4.3,0.1452,0.0021,4.0
Bonarcado,2023,10,0.06,0.0,0.001,0.0,2.66,0.013,4.3,0.1452,0.0,4.0
Bonarcado,2023,11,0.03,0.0,0.0005,0.0,2.66,0.013,4.3,0.1452,0.0,4.0
Bonarcado,2023,12,0.32,0.0002,0.0059,0.0002,2.66,0.013,4.3,0.1452,0.0029,4.0
Bonnanaro,2023,1,,,,,0.64,0.0031,0.0,0.0,0.0,2.0
Bonnanaro,2023,2,,,,,0.64,0.0031,0.0,0.0,0.0,2.0
Bonnanaro,2023,3,,,,,0.64,0.0031,0.0,0.0,0.0,2.0
Bonnanaro,2023,4,,,,,0.64,0.0031,0.0,0.0,0.0,2.0
Bonnanaro,2023,5,,,,,0.64,0.0031,0.0,0.0,0.0,2.0
Bonnanaro,2023,6,,,,,0.64,0.0031,0.0,0.0,0.0,2.0
Bonnanaro,2023,7,,,,,0.64,0.0031,0.0,0.0,0.0,2.0
Bonnanaro,2023,8,,,,,0.64,0.0031,0.0,0.0,0.0,2.0
Bonnanaro,2023,9,,,,,0.64,0.0031,0.0,0.0,0.0,2.0
Bonnanaro,2023,10,,,,,0.64,0.0031,0.0,0.0,0.0,2.0
Bonnanaro,2023,11,,,,,0.64,0.0031,0.0,0.0,0.0,2.0
Bonnanaro,2023,12,,,,,0.64,0.0031,0.0,0.0,0.0,2.0
Bono,2023,1,0.01,0.0,0.0002,0.0,0.75,0.0037,1.01,0.0341,0.0,4.0
Bono,2023,2,0.01,0.0,0.0002,0.0,0.75,0.0037,1.01,0.0341,0.0,4.0
Bono,2023,3,0.57,0.0003,0.0129,0.0004,0.75,0.0037,1.01,0.0341,0.002,4.0
Bono,2023,4,0.02,0.0,0.0005,0.0,0.75,0.0037,1.01,0.0341,0.0,4.0
Bono,2023,5,0.39,0.0002,0.0088,0.0003,0.75,0.0037,1.01,0.0341,0.0017,4.0
Bono,2023,6,0.05,0.0,0.0011,0.0,0.75,0.0037,1.01,0.0341,0.0,4.0
Bono,2023,7,0.43,0.0003,0.0097,0.0003,0.75,0.0037,1.01,0.0341,0.0018,4.0
Bono,2023,8,0.5,0.0003,0.0112,0.0004,0.75,0.0037,1.01,0.0341,0.002,4.0
Bono,2023,9,0.63,0.0004,0.0142,0.0005,0.75,0.0037,1.01,0.0341,0.0022,4.0
Bono,2023,10,0.03,0.0,0.0006,0.0,0.75,0.0037,1.01,0.0341,0.0,4.0
Bono,2023,11,0.11,0.0001,0.0024,0.0001,0.75,0.0037,1.01,0.0341,0.0011,4.0
Bono,2023,12,0.02,0.0,0.0004,0.0,0.75,0.0037,1.01,0.0341,0.0,4.0
Bonorva,2023,1,0.17,0.0001,0.0079,0.0003,0.37,0.0018,1.33,0.0449,0.0012,4.0
Bonorva,2023,2,0.25,0.0001,0.012,0.0004,0.37,0.0018,1.33,0.0449,0.0013,4.0
Bonorva,2023,3,0.06,0.0,0.0028,0.0001,0.37,0.0018,1.33,0.0449,0.0,4.0
Bonorva,2023,4,0.07,0.0,0.0035,0.0001,0.37,0.0018,1.33,0.0449,0.0,4.0
Bonorva,2023,5,0.06,0.0,0.0028,0.0001,0.37,0.0018,1.33,0.0449,0.0,4.0
Bonorva,2023,6,0.14,0.0001,0.0066,0.0002,0.37,0.0018,1.33,0.0449,0.0011,4.0
Bonorva,2023,7,0.21,0.0001,0.0098,0.0003,0.37,0.0018,1.33,0.0449,0.0012,4.0
Bonorva,2023,8,0.29,0.0002,0.0138,0.0005,0.37,0.0018,1.33,0.0449,0.0017,4.0
Bonorva,2023,9,0.17,0.0001,0.0079,0.0003,0.37,0.0018,1.33,0.0449,0.0012,4.0
Bonorva,2023,10,,,,,0.37,0.0018,1.33,0.0449,0.009,2.0
Bonorva,2023,11,0.1,0.0001,0.0047,0.0002,0.37,0.0018,1.33,0.0449,0.0011,4.0
Bonorva,2023,12,0.27,0.0002,0.0126,0.0004,0.37,0.0018,1.33,0.0449,0.0016,4.0
Boroneddu,2023,1,,,,,0.0,0.0,,,0.0,1.0
Boroneddu,2023,2,,,,,0.0,0.0,,,0.0,1.0
Boroneddu,2023,3,,,,,0.0,0.0,,,0.0,1.0
Boroneddu,2023,4,,,,,0.0,0.0,,,0.0,1.0
Boroneddu,2023,5,,,,,0.0,0.0,,,0.0,1.0
Boroneddu,2023,6,,,,,0.0,0.0,,,0.0,1.0
Boroneddu,2023,7,,,,,0.0,0.0,,,0.0,1.0
Boroneddu,2023,8,,,,,0.0,0.0,,,0.0,1.0
Boroneddu,2023,9,,,,,0.0,0.0,,,0.0,1.0
Boroneddu,2023,10,,,,,0.0,0.0,,,0.0,1.0
Boroneddu,2023,11,,,,,0.0,0.0,,,0.0,1.0
Boroneddu,2023,12,,,,,0.0,0.0,,,0.0,1.0
Borore,2023,1,,,,,0.09,0.0004,0.0,0.0,0.0,2.0
Borore,2023,2,,,,,0.09,0.0004,0.0,0.0,0.0,2.0
Borore,2023,3,,,,,0.09,0.0004,0.0,0.0,0.0,2.0
Borore,2023,4,,,,,0.09,0.0004,0.0,0.0,0.0,2.0
Borore,2023,5,,,,,0.09,0.0004,0.0,0.0,0.0,2.0
Borore,2023,6,,,,,0.09,0.0004,0.0,0.0,0.0,2.0
Borore,2023,7,,,,,0.09,0.0004,0.0,0.0,0.0,2.0
Borore,2023,8,,,,,0.09,0.0004,0.0,0.0,0.0,2.0
Borore,2023,9,,,,,0.09,0.0004,0.0,0.0,0.0,2.0
Borore,2023,10,,,,,0.09,0.0004,0.0,0.0,0.0,2.0
Borore,2023,11,,,,,0.09,0.0004,0.0,0.0,0.0,2.0
Borore,2023,12,,,,,0.09,0.0004,0.0,0.0,0.0,2.0
Bortigali,2023,1,0.64,0.0004,0.0353,0.0012,0.09,0.0004,14.25,0.4811,0.0031,4.0
Bortigali,2023,2,0.69,0.0004,0.0377,0.0012,0.09,0.0004,14.25,0.4811,0.0031,4.0
Bortigali,2023,3,0.75,0.0004,0.041,0.0014,0.09,0.0004,14.25,0.4811,0.0032,4.0
Bortigali,2023,4,0.73,0.0004,0.0398,0.0013,0.09,0.0004,14.25,0.4811,0.0032,4.0
Bortigali,2023,5,0.02,0.0,0.0009,0.0,0.09,0.0004,14.25,0.4811,0.0,4.0
Bortigali,2023,6,0.24,0.0001,0.0129,0.0004,0.09,0.0004,14.25,0.4811,0.0017,4.0
Bortigali,2023,7,0.04,0.0,0.0022,0.0001,0.09,0.0004,14.25,0.4811,0.0,4.0
Bortigali,2023,8,0.2,0.0001,0.0111,0.0004,0.09,0.0004,14.25,0.4811,0.0017,4.0
Bortigali,2023,9,0.19,0.0001,0.0103,0.0003,0.09,0.0004,14.25,0.4811,0.0016,4.0
Bortigali,2023,10,0.45,0.0003,0.0244,0.0008,0.09,0.0004,14.25,0.4811,0.0026,4.0
Bortigali,2023,11,0.5,0.0003,0.0272,0.0009,0.09,0.0004,14.25,0.4811,0.0027,4.0
Bortigali,2023,12,0.2,0.0001,0.0111,0.0004,0.09,0.0004,14.25,0.4811,0.0017,4.0
Bortigiadas,2023,1,0.13,0.0001,0.0141,0.0005,0.56,0.0027,6.05,0.2043,0.0023,4.0
Bortigiadas,2023,2,0.16,0.0001,0.0169,0.0006,0.56,0.0027,6.05,0.2043,0.0024,4.0
Bortigiadas,2023,3,0.0,0.0,0.0001,0.0,0.56,0.0027,6.05,0.2043,0.0,4.0
Bortigiadas,2023,4,0.0,0.0,0.0002,0.0,0.56,0.0027,6.05,0.2043,0.0,4.0
Bortigiadas,2023,5,0.29,0.0002,0.031,0.001,0.56,0.0027,6.05,0.2043,0.0032,4.0
Bortigiadas,2023,6,0.84,0.0005,0.0886,0.0029,0.56,0.0027,6.05,0.2043,0.0053,4.0
Bortigiadas,2023,7,2.42,0.0014,0.2568,0.0085,0.56,0.0027,6.05,0.2043,0.009,4.0
Bortigiadas,2023,8,4.27,0.0025,0.4529,0.0149,0.56,0.0027,6.05,0.2043,0.012,4.0
Bortigiadas,2023,9,1.83,0.0011,0.1936,0.0064,0.56,0.0027,6.05,0.2043,0.0079,4.0
Bortigiadas,2023,10,1.11,0.0006,0.1178,0.0039,0.56,0.0027,6.05,0.2043,0.006,4.0
Bortigiadas,2023,11,0.48,0.0003,0.0505,0.0017,0.56,0.0027,6.05,0.2043,0.0041,4.0
Bortigiadas,2023,12,0.71,0.0004,0.0758,0.0025,0.56,0.0027,6.05,0.2043,0.0048,4.0
Borutta,2023,1,,,,,0.0,0.0,,,0.0,1.0
Borutta,2023,2,,,,,0.0,0.0,,,0.0,1.0
Borutta,2023,3,,,,,0.0,0.0,,,0.0,1.0
Borutta,2023,4,,,,,0.0,0.0,,,0.0,1.0
Borutta,2023,5,,,,,0.0,0.0,,,0.0,1.0
Borutta,2023,6,,,,,0.0,0.0,,,0.0,1.0
Borutta,2023,7,,,,,0.0,0.0,,,0.0,1.0
Borutta,2023,8,,,,,0.0,0.0,,,0.0,1.0
Borutta,2023,9,,,,,0.0,0.0,,,0.0,1.0
Borutta,2023,10,,,,,0.0,0.0,,,0.0,1.0
Borutta,2023,11,,,,,0.0,0.0,,,0.0,1.0
Borutta,2023,12,,,,,0.0,0.0,,,0.0,1.0
Bosa,2023,1,13.86,0.0081,0.2376,0.0078,15.47,0.0755,14.49,0.4892,0.0391,4.0
Bosa,2023,2,14.14,0.0083,0.2425,0.008,15.47,0.0755,14.49,0.4892,0.0396,4.0
Bosa,2023,3,13.55,0.0079,0.2324,0.0077,15.47,0.0755,14.49,0.4892,0.0387,4.0
Bosa,2023,4,52.06,0.0304,0.8926,0.0294,15.47,0.0755,14.49,0.4892,0.0758,4.0
Bosa,2023,5,71.89,0.042,1.2326,0.0406,15.47,0.0755,14.49,0.4892,0.0891,4.0
Bosa,2023,6,99.77,0.0583,1.7107,0.0563,15.47,0.0755,14.49,0.4892,0.1049,4.0
Bosa,2023,7,151.63,0.0886,2.5999,0.0856,15.47,0.0755,14.49,0.4892,0.1294,4.0
Bosa,2023,8,194.17,0.1135,3.3295,0.1096,15.47,0.0755,14.49,0.4892,0.1464,4.0
Bosa,2023,9,122.73,0.0718,2.1044,0.0693,15.47,0.0755,14.49,0.4892,0.1164,4.0
Bosa,2023,10,62.55,0.0366,1.0725,0.0353,15.47,0.0755,14.49,0.4892,0.0831,4.0
Bosa,2023,11,12.08,0.0071,0.2071,0.0068,15.47,0.0755,14.49,0.4892,0.0365,4.0
Bosa,2023,12,9.38,0.0055,0.1608,0.0053,15.47,0.0755,14.49,0.4892,0.0322,4.0
Bottidda,2023,1,0.59,0.0003,0.0309,0.001,0.38,0.0019,8.75,0.2954,0.0036,4.0
Bottidda,2023,2,0.61,0.0004,0.0322,0.0011,0.38,0.0019,8.75,0.2954,0.004,4.0
Bottidda,2023,3,0.03,0.0,0.0017,0.0001,0.38,0.0019,8.75,0.2954,0.0,4.0
Bottidda,2023,4,0.37,0.0002,0.0192,0.0006,0.38,0.0019,8.75,0.2954,0.0029,4.0
Bottidda,2023,5,1.03,0.0006,0.0543,0.0018,0.38,0.0019,8.75,0.2954,0.005,4.0
Bottidda,2023,6,1.83,0.0011,0.0961,0.0032,0.38,0.0019,8.75,0.2954,0.0067,4.0
Bottidda,2023,7,1.22,0.0007,0.064,0.0021,0.38,0.0019,8.75,0.2954,0.0054,4.0
Bottidda,2023,8,3.01,0.0018,0.158,0.0052,0.38,0.0019,8.75,0.2954,0.0085,4.0
Bottidda,2023,9,2.2,0.0013,0.1151,0.0038,0.38,0.0019,8.75,0.2954,0.0073,4.0
Bottidda,2023,10,0.81,0.0005,0.0427,0.0014,0.38,0.0019,8.75,0.2954,0.0045,4.0
Bottidda,2023,11,0.04,0.0,0.002,0.0001,0.38,0.0019,8.75,0.2954,0.0,4.0
Bottidda,2023,12,0.46,0.0003,0.0242,0.0008,0.38,0.0019,8.75,0.2954,0.0034,4.0
Buddusò,2023,1,,,,,0.79,0.0039,0.0,0.0,0.0,2.0
Buddusò,2023,2,,,,,0.79,0.0039,0.0,0.0,0.0,2.0
Buddusò,2023,3,,,,,0.79,0.0039,0.0,0.0,0.0,2.0
Buddusò,2023,4,,,,,0.79,0.0039,0.0,0.0,0.0,2.0
Buddusò,2023,5,,,,,0.79,0.0039,0.0,0.0,0.0,2.0
Buddusò,2023,6,,,,,0.79,0.0039,0.0,0.0,0.0,2.0
Buddusò,2023,7,,,,,0.79,0.0039,0.0,0.0,0.0,2.0
Buddusò,2023,8,,,,,0.79,0.0039,0.0,0.0,0.0,2.0
Buddusò,2023,9,,,,,0.79,0.0039,0.0,0.0,0.0,2.0
Buddusò,2023,10,,,,,0.79,0.0039,0.0,0.0,0.0,2.0
Buddusò,2023,11,,,,,0.79,0.0039,0.0,0.0,0.0,2.0
Buddusò,2023,12,,,,,0.79,0.0039,0.0,0.0,0.0,2.0
Budoni,2023,1,,,,,201.63,0.9844,16.18,0.5463,0.7333,2.0
Budoni,2023,2,0.37,0.0002,0.0039,0.0001,201.63,0.9844,16.18,0.5463,0.0102,4.0
Budoni,2023,3,2.58,0.0015,0.0267,0.0009,201.63,0.9844,16.18,0.5463,0.0292,4.0
Budoni,2023,4,94.59,0.0553,0.9787,0.0322,201.63,0.9844,16.18,0.5463,0.1759,4.0
Budoni,2023,5,723.74,0.4231,7.488,0.2466,201.63,0.9844,16.18,0.5463,0.4867,4.0
Budoni,2023,6,2373.68,1.0,24.5589,0.8087,201.63,0.9844,16.18,0.5463,0.8121,4.0
Budoni,2023,7,3084.97,1.0,31.9181,1.0,201.63,0.9844,16.18,0.5463,0.8563,4.0
Budoni,2023,8,3188.45,1.0,32.9888,1.0,201.63,0.9844,16.18,0.5463,0.8563,4.0
Budoni,2023,9,2077.51,1.0,21.4947,0.7078,201.63,0.9844,16.18,0.5463,0.7855,4.0
Budoni,2023,10,353.33,0.2066,3.6557,0.1204,201.63,0.9844,16.18,0.5463,0.3401,4.0
Budoni,2023,11,3.61,0.0021,0.0374,0.0012,201.63,0.9844,16.18,0.5463,0.0341,4.0
Budoni,2023,12,1.55,0.0009,0.016,0.0005,201.63,0.9844,16.18,0.5463,0.0222,4.0
Buggerru,2023,1,0.74,0.0004,0.0342,0.0011,9.02,0.044,9.98,0.3369,0.009,4.0
Buggerru,2023,2,0.14,0.0001,0.0067,0.0002,9.02,0.044,9.98,0.3369,0.0041,4.0
Buggerru,2023,3,4.37,0.0026,0.2006,0.0066,9.02,0.044,9.98,0.3369,0.0225,4.0
Buggerru,2023,4,14.47,0.0085,0.6644,0.0219,9.02,0.044,9.98,0.3369,0.0408,4.0
Buggerru,2023,5,22.68,0.0133,1.0418,0.0343,9.02,0.044,9.98,0.3369,0.051,4.0
Buggerru,2023,6,45.07,0.0263,2.0703,0.0682,9.02,0.044,9.98,0.3369,0.0718,4.0
Buggerru,2023,7,69.22,0.0405,3.1797,0.1047,9.02,0.044,9.98,0.3369,0.089,4.0
Buggerru,2023,8,96.54,0.0564,4.4344,0.146,9.02,0.044,9.98,0.3369,0.1051,4.0
Buggerru,2023,9,49.85,0.0291,2.2899,0.0754,9.02,0.044,9.98,0.3369,0.0755,4.0
Buggerru,2023,10,22.58,0.0132,1.0371,0.0341,9.02,0.044,9.98,0.3369,0.0508,4.0
Buggerru,2023,11,0.77,0.0005,0.0352,0.0012,9.02,0.044,9.98,0.3369,0.0097,4.0
Buggerru,2023,12,2.26,0.0013,0.1036,0.0034,9.02,0.044,9.98,0.3369,0.016,4.0
Bultei,2023,1,,,,,0.32,0.0016,0.0,0.0,0.0,2.0
Bultei,2023,2,,,,,0.32,0.0016,0.0,0.0,0.0,2.0
Bultei,2023,3,,,,,0.32,0.0016,0.0,0.0,0.0,2.0
Bultei,2023,4,,,,,0.32,0.0016,0.0,0.0,0.0,2.0
Bultei,2023,5,,,,,0.32,0.0016,0.0,0.0,0.0,2.0
Bultei,2023,6,,,,,0.32,0.0016,0.0,0.0,0.0,2.0
Bultei,2023,7,,,,,0.32,0.0016,0.0,0.0,0.0,2.0
Bultei,2023,8,,,,,0.32,0.0016,0.0,0.0,0.0,2.0
Bultei,2023,9,,,,,0.32,0.0016,0.0,0.0,0.0,2.0
Bultei,2023,10,,,,,0.32,0.0016,0.0,0.0,0.0,2.0
Bultei,2023,11,,,,,0.32,0.0016,0.0,0.0,0.0,2.0
Bultei,2023,12,,,,,0.32,0.0016,0.0,0.0,0.0,2.0
Bulzi,2023,1,,,,,0.09,0.0004,0.0,0.0,0.0,2.0
Bulzi,2023,2,,,,,0.09,0.0004,0.0,0.0,0.0,2.0
Bulzi,2023,3,,,,,0.09,0.0004,0.0,0.0,0.0,2.0
Bulzi,2023,4,,,,,0.09,0.0004,0.0,0.0,0.0,2.0
Bulzi,2023,5,,,,,0.09,0.0004,0.0,0.0,0.0,2.0
Bulzi,2023,6,,,,,0.09,0.0004,0.0,0.0,0.0,2.0
Bulzi,2023,7,,,,,0.09,0.0004,0.0,0.0,0.0,2.0
Bulzi,2023,8,,,,,0.09,0.0004,0.0,0.0,0.0,2.0
Bulzi,2023,9,,,,,0.09,0.0004,0.0,0.0,0.0,2.0
Bulzi,2023,10,,,,,0.09,0.0004,0.0,0.0,0.0,2.0
Bulzi,2023,11,,,,,0.09,0.0004,0.0,0.0,0.0,2.0
Bulzi,2023,12,,,,,0.09,0.0004,0.0,0.0,0.0,2.0
Burcei,2023,1,0.05,0.0,0.0016,0.0001,0.16,0.0008,10.45,0.3528,0.0,4.0
Burcei,2023,2,0.04,0.0,0.0014,0.0,0.16,0.0008,10.45,0.3528,0.0,4.0
Burcei,2023,3,0.05,0.0,0.0017,0.0001,0.16,0.0008,10.45,0.3528,0.0,4.0
Burcei,2023,4,0.1,0.0001,0.0038,0.0001,0.16,0.0008,10.45,0.3528,0.0013,4.0
Burcei,2023,5,0.14,0.0001,0.0049,0.0002,0.16,0.0008,10.45,0.3528,0.0015,4.0
Burcei,2023,6,0.36,0.0002,0.0131,0.0004,0.16,0.0008,10.45,0.3528,0.0022,4.0
Burcei,2023,7,1.75,0.001,0.0632,0.0021,0.16,0.0008,10.45,0.3528,0.0049,4.0
Burcei,2023,8,2.71,0.0016,0.0977,0.0032,0.16,0.0008,10.45,0.3528,0.0062,4.0
Burcei,2023,9,0.6,0.0004,0.0215,0.0007,0.16,0.0008,10.45,0.3528,0.003,4.0
Burcei,2023,10,0.11,0.0001,0.0041,0.0001,0.16,0.0008,10.45,0.3528,0.0013,4.0
Burcei,2023,11,0.05,0.0,0.002,0.0001,0.16,0.0008,10.45,0.3528,0.0,4.0
Burcei,2023,12,0.07,0.0,0.0026,0.0001,0.16,0.0008,10.45,0.3528,0.0,4.0
Burgos,2023,1,,,,,0.5,0.0024,0.0,0.0,0.0,2.0
Burgos,2023,2,,,,,0.5,0.0024,0.0,0.0,0.0,2.0
Burgos,2023,3,,,,,0.5,0.0024,0.0,0.0,0.0,2.0
Burgos,2023,4,,,,,0.5,0.0024,0.0,0.0,0.0,2.0
Burgos,2023,5,,,,,0.5,0.0024,0.0,0.0,0.0,2.0
Burgos,2023,6,,,,,0.5,0.0024,0.0,0.0,0.0,2.0
Burgos,2023,7,,,,,0.5,0.0024,0.0,0.0,0.0,2.0
Burgos,2023,8,,,,,0.5,0.0024,0.0,0.0,0.0,2.0
Burgos,2023,9,,,,,0.5,0.0024,0.0,0.0,0.0,2.0
Burgos,2023,10,,,,,0.5,0.0024,0.0,0.0,0.0,2.0
Burgos,2023,11,,,,,0.5,0.0024,0.0,0.0,0.0,2.0
Burgos,2023,12,,,,,0.5,0.0024,0.0,0.0,0.0,2.0
Busachi,2023,1,0.01,0.0,0.0005,0.0,0.27,0.0013,0.34,0.0115,0.0,4.0
Busachi,2023,2,0.01,0.0,0.0004,0.0,0.27,0.0013,0.34,0.0115,0.0,4.0
Busachi,2023,3,0.01,0.0,0.0005,0.0,0.27,0.0013,0.34,0.0115,0.0,4.0
Busachi,2023,4,0.02,0.0,0.0011,0.0,0.27,0.0013,0.34,0.0115,0.0,4.0
Busachi,2023,5,0.03,0.0,0.0014,0.0,0.27,0.0013,0.34,0.0115,0.0,4.0
Busachi,2023,6,0.05,0.0,0.0024,0.0001,0.27,0.0013,0.34,0.0115,0.0,4.0
Busachi,2023,7,0.06,0.0,0.0033,0.0001,0.27,0.0013,0.34,0.0115,0.0,4.0
Busachi,2023,8,0.06,0.0,0.0033,0.0001,0.27,0.0013,0.34,0.0115,0.0,4.0
Busachi,2023,9,0.04,0.0,0.002,0.0001,0.27,0.0013,0.34,0.0115,0.0,4.0
Busachi,2023,10,0.02,0.0,0.0012,0.0,0.27,0.0013,0.34,0.0115,0.0,4.0
Busachi,2023,11,0.01,0.0,0.0006,0.0,0.27,0.0013,0.34,0.0115,0.0,4.0
Busachi,2023,12,0.01,0.0,0.0007,0.0,0.27,0.0013,0.34,0.0115,0.0,4.0
Cabras,2023,1,2.66,0.0016,0.031,0.001,27.38,0.1337,9.31,0.3143,0.0161,4.0
Cabras,2023,2,6.13,0.0036,0.0714,0.0024,27.38,0.1337,9.31,0.3143,0.0245,4.0
Cabras,2023,3,6.38,0.0037,0.0744,0.0024,27.38,0.1337,9.31,0.3143,0.0247,4.0
Cabras,2023,4,27.1,0.0158,0.3159,0.0104,27.38,0.1337,9.31,0.3143,0.0513,4.0
Cabras,2023,5,59.11,0.0346,0.689,0.0227,27.38,0.1337,9.31,0.3143,0.0758,4.0
Cabras,2023,6,124.04,0.0725,1.4459,0.0476,27.38,0.1337,9.31,0.3143,0.1097,4.0
Cabras,2023,7,225.81,0.132,2.6322,0.0867,27.38,0.1337,9.31,0.3143,0.1481,4.0
Cabras,2023,8,265.54,0.1552,3.0953,0.1019,27.38,0.1337,9.31,0.3143,0.1606,4.0
Cabras,2023,9,147.49,0.0862,1.7192,0.0566,27.38,0.1337,9.31,0.3143,0.1197,4.0
Cabras,2023,10,58.89,0.0344,0.6865,0.0226,27.38,0.1337,9.31,0.3143,0.0756,4.0
Cabras,2023,11,3.93,0.0023,0.0458,0.0015,27.38,0.1337,9.31,0.3143,0.0195,4.0
Cabras,2023,12,3.03,0.0018,0.0353,0.0012,27.38,0.1337,9.31,0.3143,0.0174,4.0
Cagliari,2023,1,349.95,0.2046,0.2004,0.0066,129.99,0.6347,21.45,0.7242,0.1578,4.0
Cagliari,2023,2,375.56,0.2196,0.215,0.0071,129.99,0.6347,21.45,0.7242,0.1636,4.0
Cagliari,2023,3,535.59,0.3131,0.3067,0.0101,129.99,0.6347,21.45,0.7242,0.1953,4.0
Cagliari,2023,4,791.23,0.4626,0.4531,0.0149,129.99,0.6347,21.45,0.7242,0.2372,4.0
Cagliari,2023,5,1002.1,0.5859,0.5738,0.0189,129.99,0.6347,21.45,0.7242,0.2671,4.0
Cagliari,2023,6,1120.55,0.6551,0.6416,0.0211,129.99,0.6347,21.45,0.7242,0.2823,4.0
Cagliari,2023,7,1371.38,0.8018,0.7853,0.0259,129.99,0.6347,21.45,0.7242,0.3126,4.0
Cagliari,2023,8,1570.13,0.918,0.8991,0.0296,129.99,0.6347,21.45,0.7242,0.3343,4.0
Cagliari,2023,9,1250.24,0.7309,0.7159,0.0236,129.99,0.6347,21.45,0.7242,0.2984,4.0
Cagliari,2023,10,955.31,0.5585,0.547,0.018,129.99,0.6347,21.45,0.7242,0.2607,4.0
Cagliari,2023,11,437.69,0.2559,0.2506,0.0083,129.99,0.6347,21.45,0.7242,0.1768,4.0
Cagliari,2023,12,415.98,0.2432,0.2382,0.0078,129.99,0.6347,21.45,0.7242,0.1718,4.0
Calangianus,2023,1,0.06,0.0,0.002,0.0001,0.78,0.0038,6.98,0.2357,0.0,4.0
Calangianus,2023,2,0.18,0.0001,0.0059,0.0002,0.78,0.0038,6.98,0.2357,0.0021,4.0
Calangianus,2023,3,0.01,0.0,0.0002,0.0,0.78,0.0038,6.98,0.2357,0.0,4.0
Calangianus,2023,4,0.18,0.0001,0.006,0.0002,0.78,0.0038,6.98,0.2357,0.0021,4.0
Calangianus,2023,5,1.13,0.0007,0.0376,0.0012,0.78,0.0038,6.98,0.2357,0.0052,4.0
Calangianus,2023,6,2.0,0.0012,0.0665,0.0022,0.78,0.0038,6.98,0.2357,0.007,4.0
Calangianus,2023,7,5.5,0.0032,0.1831,0.006,0.78,0.0038,6.98,0.2357,0.0115,4.0
Calangianus,2023,8,6.76,0.004,0.225,0.0074,0.78,0.0038,6.98,0.2357,0.0128,4.0
Calangianus,2023,9,2.69,0.0016,0.0895,0.0029,0.78,0.0038,6.98,0.2357,0.008,4.0
Calangianus,2023,10,1.36,0.0008,0.0453,0.0015,0.78,0.0038,6.98,0.2357,0.0057,4.0
Calangianus,2023,11,0.01,0.0,0.0002,0.0,0.78,0.0038,6.98,0.2357,0.0,4.0
Calangianus,2023,12,0.01,0.0,0.0003,0.0,0.78,0.0038,6.98,0.2357,0.0,4.0
Calasetta,2023,1,0.83,0.0005,0.0094,0.0003,76.54,0.3737,6.0,0.2026,0.0103,4.0
Calasetta,2023,2,0.99,0.0006,0.0112,0.0004,76.54,0.3737,6.0,0.2026,0.0116,4.0
Calasetta,2023,3,1.09,0.0006,0.0122,0.0004,76.54,0.3737,6.0,0.2026,0.0116,4.0
Calasetta,2023,4,25.85,0.0151,0.2904,0.0096,76.54,0.3737,6.0,0.2026,0.0576,4.0
Calasetta,2023,5,56.55,0.0331,0.6351,0.0209,76.54,0.3737,6.0,0.2026,0.0851,4.0
Calasetta,2023,6,232.15,0.1357,2.6074,0.0859,76.54,0.3737,6.0,0.2026,0.1724,4.0
Calasetta,2023,7,422.32,0.2469,4.7434,0.1562,76.54,0.3737,6.0,0.2026,0.2325,4.0
Calasetta,2023,8,572.71,0.3348,6.4325,0.2118,76.54,0.3737,6.0,0.2026,0.2707,4.0
Calasetta,2023,9,294.62,0.1722,3.3091,0.109,76.54,0.3737,6.0,0.2026,0.1942,4.0
Calasetta,2023,10,64.3,0.0376,0.7222,0.0238,76.54,0.3737,6.0,0.2026,0.0907,4.0
Calasetta,2023,11,1.83,0.0011,0.0205,0.0007,76.54,0.3737,6.0,0.2026,0.0155,4.0
Calasetta,2023,12,2.34,0.0014,0.0263,0.0009,76.54,0.3737,6.0,0.2026,0.0176,4.0
Capoterra,2023,1,11.27,0.0066,0.0332,0.0011,13.95,0.0681,17.0,0.5739,0.0231,4.0
Capoterra,2023,2,12.59,0.0074,0.0371,0.0012,13.95,0.0681,17.0,0.5739,0.0243,4.0
Capoterra,2023,3,11.33,0.0066,0.0334,0.0011,13.95,0.0681,17.0,0.5739,0.0231,4.0
Capoterra,2023,4,68.39,0.04,0.2016,0.0066,13.95,0.0681,17.0,0.5739,0.0567,4.0
Capoterra,2023,5,91.22,0.0533,0.2689,0.0089,13.95,0.0681,17.0,0.5739,0.0656,4.0
Capoterra,2023,6,112.66,0.0659,0.3321,0.0109,13.95,0.0681,17.0,0.5739,0.0728,4.0
Capoterra,2023,7,156.23,0.0913,0.4605,0.0152,13.95,0.0681,17.0,0.5739,0.0858,4.0
Capoterra,2023,8,178.08,0.1041,0.5249,0.0173,13.95,0.0681,17.0,0.5739,0.0916,4.0
Capoterra,2023,9,114.71,0.0671,0.3381,0.0111,13.95,0.0681,17.0,0.5739,0.0735,4.0
Capoterra,2023,10,86.53,0.0506,0.255,0.0084,13.95,0.0681,17.0,0.5739,0.0638,4.0
Capoterra,2023,11,14.33,0.0084,0.0422,0.0014,13.95,0.0681,17.0,0.5739,0.026,4.0
Capoterra,2023,12,8.24,0.0048,0.0243,0.0008,13.95,0.0681,17.0,0.5739,0.0197,4.0
Carbonia,2023,1,7.07,0.0041,0.0392,0.0013,3.67,0.0179,16.99,0.5736,0.0153,4.0
Carbonia,2023,2,8.24,0.0048,0.0457,0.0015,3.67,0.0179,16.99,0.5736,0.0165,4.0
Carbonia,2023,3,23.94,0.014,0.1328,0.0044,3.67,0.0179,16.99,0.5736,0.0282,4.0
Carbonia,2023,4,14.15,0.0083,0.0785,0.0026,3.67,0.0179,16.99,0.5736,0.0217,4.0
Carbonia,2023,5,15.77,0.0092,0.0875,0.0029,3.67,0.0179,16.99,0.5736,0.0229,4.0
Carbonia,2023,6,18.41,0.0108,0.1022,0.0034,3.67,0.0179,16.99,0.5736,0.0248,4.0
Carbonia,2023,7,31.22,0.0183,0.1732,0.0057,3.67,0.0179,16.99,0.5736,0.0322,4.0
Carbonia,2023,8,47.29,0.0276,0.2624,0.0086,3.67,0.0179,16.99,0.5736,0.0395,4.0
Carbonia,2023,9,25.64,0.015,0.1423,0.0047,3.67,0.0179,16.99,0.5736,0.0292,4.0
Carbonia,2023,10,15.95,0.0093,0.0885,0.0029,3.67,0.0179,16.99,0.5736,0.0229,4.0
Carbonia,2023,11,9.53,0.0056,0.0529,0.0017,3.67,0.0179,16.99,0.5736,0.0177,4.0
Carbonia,2023,12,10.45,0.0061,0.058,0.0019,3.67,0.0179,16.99,0.5736,0.0186,4.0
Cardedu,2023,1,0.0,0.0,0.0001,0.0,49.4,0.2412,21.64,0.7306,0.0,4.0
Cardedu,2023,2,0.0,0.0,0.0001,0.0,49.4,0.2412,21.64,0.7306,0.0,4.0
Cardedu,2023,3,3.86,0.0023,0.0665,0.0022,49.4,0.2412,21.64,0.7306,0.0307,4.0
Cardedu,2023,4,48.9,0.0286,0.8422,0.0277,49.4,0.2412,21.64,0.7306,0.1087,4.0
Cardedu,2023,5,309.91,0.1812,5.3368,0.1757,49.4,0.2412,21.64,0.7306,0.2737,4.0
Cardedu,2023,6,779.09,0.4555,13.4162,0.4418,49.4,0.2412,21.64,0.7306,0.434,4.0
Cardedu,2023,7,1122.51,0.6563,19.3299,0.6365,49.4,0.2412,21.64,0.7306,0.5209,4.0
Cardedu,2023,8,1195.64,0.699,20.5893,0.678,49.4,0.2412,21.64,0.7306,0.5376,4.0
Cardedu,2023,9,745.29,0.4357,12.8341,0.4226,49.4,0.2412,21.64,0.7306,0.4244,4.0
Cardedu,2023,10,292.67,0.1711,5.0398,0.1659,49.4,0.2412,21.64,0.7306,0.2659,4.0
Cardedu,2023,11,3.68,0.0022,0.0634,0.0021,49.4,0.2412,21.64,0.7306,0.03,4.0
Cardedu,2023,12,1.92,0.0011,0.033,0.0011,49.4,0.2412,21.64,0.7306,0.0215,4.0
Cargeghe,2023,1,,,,,0.0,0.0,,,0.0,1.0
Cargeghe,2023,2,,,,,0.0,0.0,,,0.0,1.0
Cargeghe,2023,3,,,,,0.0,0.0,,,0.0,1.0
Cargeghe,2023,4,,,,,0.0,0.0,,,0.0,1.0
Cargeghe,2023,5,,,,,0.0,0.0,,,0.0,1.0
Cargeghe,2023,6,,,,,0.0,0.0,,,0.0,1.0
Cargeghe,2023,7,,,,,0.0,0.0,,,0.0,1.0
Cargeghe,2023,8,,,,,0.0,0.0,,,0.0,1.0
Cargeghe,2023,9,,,,,0.0,0.0,,,0.0,1.0
Cargeghe,2023,10,,,,,0.0,0.0,,,0.0,1.0
Cargeghe,2023,11,,,,,0.0,0.0,,,0.0,1.0
Cargeghe,2023,12,,,,,0.0,0.0,,,0.0,1.0
Carloforte,2023,1,3.94,0.0023,0.0339,0.0011,31.09,0.1518,6.87,0.2319,0.0173,4.0
Carloforte,2023,2,3.35,0.002,0.0288,0.0009,31.09,0.1518,6.87,0.2319,0.0159,4.0
Carloforte,2023,3,5.86,0.0034,0.0504,0.0017,31.09,0.1518,6.87,0.2319,0.0212,4.0
Carloforte,2023,4,47.47,0.0278,0.4081,0.0134,31.09,0.1518,6.87,0.2319,0.0602,4.0
Carloforte,2023,5,47.96,0.028,0.4123,0.0136,31.09,0.1518,6.87,0.2319,0.0605,4.0
Carloforte,2023,6,108.05,0.0632,0.9289,0.0306,31.09,0.1518,6.87,0.2319,0.0908,4.0
Carloforte,2023,7,162.99,0.0953,1.4012,0.0461,31.09,0.1518,6.87,0.2319,0.1115,4.0
Carloforte,2023,8,212.01,0.124,1.8226,0.06,31.09,0.1518,6.87,0.2319,0.1272,4.0
Carloforte,2023,9,124.04,0.0725,1.0664,0.0351,31.09,0.1518,6.87,0.2319,0.0973,4.0
Carloforte,2023,10,54.25,0.0317,0.4664,0.0154,31.09,0.1518,6.87,0.2319,0.0644,4.0
Carloforte,2023,11,7.13,0.0042,0.0613,0.002,31.09,0.1518,6.87,0.2319,0.0233,4.0
Carloforte,2023,12,3.15,0.0018,0.0271,0.0009,31.09,0.1518,6.87,0.2319,0.0155,4.0
Castelsardo,2023,1,2.72,0.0016,0.021,0.0007,96.9,0.4731,11.02,0.372,0.0211,4.0
Castelsardo,2023,2,2.38,0.0014,0.0183,0.0006,96.9,0.4731,11.02,0.372,0.0196,4.0
Castelsardo,2023,3,3.08,0.0018,0.0238,0.0008,96.9,0.4731,11.02,0.372,0.0224,4.0
Castelsardo,2023,4,172.49,0.1008,1.3312,0.0438,96.9,0.4731,11.02,0.372,0.167,4.0
Castelsardo,2023,5,312.83,0.1829,2.4142,0.0795,96.9,0.4731,11.02,0.372,0.2249,4.0
Castelsardo,2023,6,574.77,0.336,4.4357,0.1461,96.9,0.4731,11.02,0.372,0.3049,4.0
Castelsardo,2023,7,880.97,0.5151,6.7987,0.2239,96.9,0.4731,11.02,0.372,0.3775,4.0
Castelsardo,2023,8,976.18,0.5707,7.5335,0.2481,96.9,0.4731,11.02,0.372,0.3973,4.0
Castelsardo,2023,9,660.59,0.3862,5.098,0.1679,96.9,0.4731,11.02,0.372,0.3268,4.0
Castelsardo,2023,10,291.86,0.1706,2.2524,0.0742,96.9,0.4731,11.02,0.372,0.2173,4.0
Castelsardo,2023,11,3.95,0.0023,0.0305,0.001,96.9,0.4731,11.02,0.372,0.0252,4.0
Castelsardo,2023,12,16.05,0.0094,0.1239,0.0041,96.9,0.4731,11.02,0.372,0.051,4.0
Castiadas,2023,1,0.36,0.0002,0.0218,0.0007,35.63,0.174,18.04,0.609,0.011,4.0
Castiadas,2023,2,0.14,0.0001,0.0088,0.0003,35.63,0.174,18.04,0.609,0.0075,4.0
Castiadas,2023,3,0.16,0.0001,0.01,0.0003,35.63,0.174,18.04,0.609,0.0075,4.0
Castiadas,2023,4,10.06,0.0059,0.6166,0.0203,35.63,0.174,18.04,0.609,0.0597,4.0
Castiadas,2023,5,121.28,0.0709,7.4305,0.2447,35.63,0.174,18.04,0.609,0.2071,4.0
Castiadas,2023,6,445.58,0.2605,27.2992,0.8989,35.63,0.174,18.04,0.609,0.3969,4.0
Castiadas,2023,7,540.03,0.3157,33.0854,1.0,35.63,0.174,18.04,0.609,0.4277,4.0
Castiadas,2023,8,660.51,0.3862,40.467,1.0,35.63,0.174,18.04,0.609,0.4498,4.0
Castiadas,2023,9,465.27,0.272,28.5053,0.9386,35.63,0.174,18.04,0.609,0.4056,4.0
Castiadas,2023,10,100.95,0.059,6.1849,0.2037,35.63,0.174,18.04,0.609,0.1889,4.0
Castiadas,2023,11,2.09,0.0012,0.1278,0.0042,35.63,0.174,18.04,0.609,0.027,4.0
Castiadas,2023,12,0.28,0.0002,0.0171,0.0006,35.63,0.174,18.04,0.609,0.0106,4.0
Cheremule,2023,1,,,,,0.85,0.0041,0.0,0.0,0.0,2.0
Cheremule,2023,2,,,,,0.85,0.0041,0.0,0.0,0.0,2.0
Cheremule,2023,3,,,,,0.85,0.0041,0.0,0.0,0.0,2.0
Cheremule,2023,4,,,,,0.85,0.0041,0.0,0.0,0.0,2.0
Cheremule,2023,5,,,,,0.85,0.0041,0.0,0.0,0.0,2.0
Cheremule,2023,6,,,,,0.85,0.0041,0.0,0.0,0.0,2.0
Cheremule,2023,7,,,,,0.85,0.0041,0.0,0.0,0.0,2.0
Cheremule,2023,8,,,,,0.85,0.0041,0.0,0.0,0.0,2.0
Cheremule,2023,9,,,,,0.85,0.0041,0.0,0.0,0.0,2.0
Cheremule,2023,10,,,,,0.85,0.0041,0.0,0.0,0.0,2.0
Cheremule,2023,11,,,,,0.85,0.0041,0.0,0.0,0.0,2.0
Cheremule,2023,12,,,,,0.85,0.0041,0.0,0.0,0.0,2.0
Chiaramonti,2023,1,0.07,0.0,0.0042,0.0001,0.26,0.0013,3.18,0.1074,0.0,4.0
Chiaramonti,2023,2,0.06,0.0,0.0036,0.0001,0.26,0.0013,3.18,0.1074,0.0,4.0
Chiaramonti,2023,3,0.07,0.0,0.0044,0.0001,0.26,0.0013,3.18,0.1074,0.0,4.0
Chiaramonti,2023,4,0.15,0.0001,0.0099,0.0003,0.26,0.0013,3.18,0.1074,0.0014,4.0
Chiaramonti,2023,5,0.2,0.0001,0.0128,0.0004,0.26,0.0013,3.18,0.1074,0.0015,4.0
Chiaramonti,2023,6,0.33,0.0002,0.0213,0.0007,0.26,0.0013,3.18,0.1074,0.0021,4.0
Chiaramonti,2023,7,0.46,0.0003,0.0299,0.001,0.26,0.0013,3.18,0.1074,0.0025,4.0
Chiaramonti,2023,8,0.97,0.0006,0.0622,0.002,0.26,0.0013,3.18,0.1074,0.0036,4.0
Chiaramonti,2023,9,0.41,0.0002,0.0263,0.0009,0.26,0.0013,3.18,0.1074,0.0022,4.0
Chiaramonti,2023,10,0.17,0.0001,0.0108,0.0004,0.26,0.0013,3.18,0.1074,0.0015,4.0
Chiaramonti,2023,11,0.08,0.0,0.0051,0.0002,0.26,0.0013,3.18,0.1074,0.0,4.0
Chiaramonti,2023,12,0.1,0.0001,0.0067,0.0002,0.26,0.0013,3.18,0.1074,0.0013,4.0
Codrongianos,2023,1,0.04,0.0,0.001,0.0,0.69,0.0034,2.4,0.081,0.0,4.0
Codrongianos,2023,2,0.04,0.0,0.0009,0.0,0.69,0.0034,2.4,0.081,0.0,4.0
Codrongianos,2023,3,0.04,0.0,0.0011,0.0,0.69,0.0034,2.4,0.081,0.0,4.0
Codrongianos,2023,4,0.1,0.0001,0.0024,0.0001,0.69,0.0034,2.4,0.081,0.0013,4.0
Codrongianos,2023,5,0.13,0.0001,0.0031,0.0001,0.69,0.0034,2.4,0.081,0.0013,4.0
Codrongianos,2023,6,0.21,0.0001,0.0051,0.0002,0.69,0.0034,2.4,0.081,0.0015,4.0
Codrongianos,2023,7,1.02,0.0006,0.0244,0.0008,0.69,0.0034,2.4,0.081,0.0034,4.0
Codrongianos,2023,8,4.02,0.0024,0.0962,0.0032,0.69,0.0034,2.4,0.081,0.0068,4.0
Codrongianos,2023,9,0.18,0.0001,0.0044,0.0001,0.69,0.0034,2.4,0.081,0.0013,4.0
Codrongianos,2023,10,0.11,0.0001,0.0026,0.0001,0.69,0.0034,2.4,0.081,0.0013,4.0
Codrongianos,2023,11,0.05,0.0,0.0012,0.0,0.69,0.0034,2.4,0.081,0.0,4.0
Codrongianos,2023,12,0.07,0.0,0.0016,0.0001,0.69,0.0034,2.4,0.081,0.0,4.0
Collinas,2023,1,0.05,0.0,0.0014,0.0,0.53,0.0026,4.56,0.154,0.0,4.0
Collinas,2023,2,0.04,0.0,0.0012,0.0,0.53,0.0026,4.56,0.154,0.0,4.0
Collinas,2023,3,0.05,0.0,0.0015,0.0,0.53,0.0026,4.56,0.154,0.0,4.0
Collinas,2023,4,0.12,0.0001,0.0033,0.0001,0.53,0.0026,4.56,0.154,0.0014,4.0
Collinas,2023,5,0.16,0.0001,0.0042,0.0001,0.53,0.0026,4.56,0.154,0.0014,4.0
Collinas,2023,6,1.04,0.0006,0.0277,0.0009,0.53,0.0026,4.56,0.154,0.0038,4.0
Collinas,2023,7,2.35,0.0014,0.0628,0.0021,0.53,0.0026,4.56,0.154,0.0059,4.0
Collinas,2023,8,2.25,0.0013,0.0601,0.002,0.53,0.0026,4.56,0.154,0.0057,4.0
Collinas,2023,9,1.49,0.0009,0.0396,0.0013,0.53,0.0026,4.56,0.154,0.0047,4.0
Collinas,2023,10,1.15,0.0007,0.0307,0.001,0.53,0.0026,4.56,0.154,0.0041,4.0
Collinas,2023,11,0.06,0.0,0.0017,0.0001,0.53,0.0026,4.56,0.154,0.0,4.0
Collinas,2023,12,0.08,0.0,0.0022,0.0001,0.53,0.0026,4.56,0.154,0.0,4.0
Cossoine,2023,1,0.0,0.0,0.0002,0.0,0.64,0.0031,3.54,0.1195,0.0,4.0
Cossoine,2023,2,0.0,0.0,0.0002,0.0,0.64,0.0031,3.54,0.1195,0.0,4.0
Cossoine,2023,3,0.01,0.0,0.0003,0.0,0.64,0.0031,3.54,0.1195,0.0,4.0
Cossoine,2023,4,0.01,0.0,0.0006,0.0,0.64,0.0031,3.54,0.1195,0.0,4.0
Cossoine,2023,5,0.4,0.0002,0.0205,0.0007,0.64,0.0031,3.54,0.1195,0.0027,4.0
Cossoine,2023,6,1.1,0.0006,0.0564,0.0019,0.64,0.0031,3.54,0.1195,0.0045,4.0
Cossoine,2023,7,1.34,0.0008,0.0688,0.0023,0.64,0.0031,3.54,0.1195,0.0051,4.0
Cossoine,2023,8,2.29,0.0013,0.1174,0.0039,0.64,0.0031,3.54,0.1195,0.0066,4.0
Cossoine,2023,9,1.35,0.0008,0.0694,0.0023,0.64,0.0031,3.54,0.1195,0.0051,4.0
Cossoine,2023,10,0.99,0.0006,0.0506,0.0017,0.64,0.0031,3.54,0.1195,0.0044,4.0
Cossoine,2023,11,0.77,0.0005,0.0397,0.0013,0.64,0.0031,3.54,0.1195,0.0039,4.0
Cossoine,2023,12,0.01,0.0,0.0004,0.0,0.64,0.0031,3.54,0.1195,0.0,4.0
Cuglieri,2023,1,0.39,0.0002,0.019,0.0006,17.27,0.0843,16.66,0.5625,0.0087,4.0
Cuglieri,2023,2,0.32,0.0002,0.0158,0.0005,17.27,0.0843,16.66,0.5625,0.0083,4.0
Cuglieri,2023,3,1.32,0.0008,0.0644,0.0021,17.27,0.0843,16.66,0.5625,0.0168,4.0
Cuglieri,2023,4,32.09,0.0188,1.5632,0.0515,17.27,0.0843,16.66,0.5625,0.0823,4.0
Cuglieri,2023,5,67.91,0.0397,3.3079,0.1089,17.27,0.0843,16.66,0.5625,0.1197,4.0
Cuglieri,2023,6,166.74,0.0975,8.122,0.2674,17.27,0.0843,16.66,0.5625,0.1875,4.0
Cuglieri,2023,7,265.09,0.155,12.9125,0.4252,17.27,0.0843,16.66,0.5625,0.2364,4.0
Cuglieri,2023,8,310.77,0.1817,15.1374,0.4984,17.27,0.0843,16.66,0.5625,0.256,4.0
Cuglieri,2023,9,165.89,0.097,8.0802,0.2661,17.27,0.0843,16.66,0.5625,0.187,4.0
Cuglieri,2023,10,38.42,0.0225,1.8716,0.0616,17.27,0.0843,16.66,0.5625,0.09,4.0
Cuglieri,2023,11,0.98,0.0006,0.0478,0.0016,17.27,0.0843,16.66,0.5625,0.0146,4.0
Cuglieri,2023,12,0.47,0.0003,0.0227,0.0007,17.27,0.0843,16.66,0.5625,0.01,4.0
Curcuris,2023,1,,,,,0.0,0.0,,,0.0,1.0
Curcuris,2023,2,,,,,0.0,0.0,,,0.0,1.0
Curcuris,2023,3,,,,,0.0,0.0,,,0.0,1.0
Curcuris,2023,4,,,,,0.0,0.0,,,0.0,1.0
Curcuris,2023,5,,,,,0.0,0.0,,,0.0,1.0
Curcuris,2023,6,,,,,0.0,0.0,,,0.0,1.0
Curcuris,2023,7,,,,,0.0,0.0,,,0.0,1.0
Curcuris,2023,8,,,,,0.0,0.0,,,0.0,1.0
Curcuris,2023,9,,,,,0.0,0.0,,,0.0,1.0
Curcuris,2023,10,,,,,0.0,0.0,,,0.0,1.0
Curcuris,2023,11,,,,,0.0,0.0,,,0.0,1.0
Curcuris,2023,12,,,,,0.0,0.0,,,0.0,1.0
Decimomannu,2023,1,1.64,0.001,0.0055,0.0002,2.64,0.0129,6.18,0.2086,0.0048,4.0
Decimomannu,2023,2,2.54,0.0015,0.0085,0.0003,2.64,0.0129,6.18,0.2086,0.0059,4.0
Decimomannu,2023,3,0.93,0.0005,0.0031,0.0001,2.64,0.0129,6.18,0.2086,0.0034,4.0
Decimomannu,2023,4,2.39,0.0014,0.008,0.0003,2.64,0.0129,6.18,0.2086,0.0058,4.0
Decimomannu,2023,5,5.25,0.0031,0.0175,0.0006,2.64,0.0129,6.18,0.2086,0.0084,4.0
Decimomannu,2023,6,3.46,0.002,0.0116,0.0004,2.64,0.0129,6.18,0.2086,0.0068,4.0
Decimomannu,2023,7,10.68,0.0062,0.0356,0.0012,2.64,0.0129,6.18,0.2086,0.0119,4.0
Decimomannu,2023,8,17.72,0.0104,0.0591,0.0019,2.64,0.0129,6.18,0.2086,0.0152,4.0
Decimomannu,2023,9,7.22,0.0042,0.0241,0.0008,2.64,0.0129,6.18,0.2086,0.0098,4.0
Decimomannu,2023,10,3.21,0.0019,0.0107,0.0004,2.64,0.0129,6.18,0.2086,0.0067,4.0
Decimomannu,2023,11,3.79,0.0022,0.0126,0.0004,2.64,0.0129,6.18,0.2086,0.007,4.0
Decimomannu,2023,12,0.75,0.0004,0.0025,0.0001,2.64,0.0129,6.18,0.2086,0.0032,4.0
Decimoputzu,2023,1,0.01,0.0,0.0001,0.0,0.2,0.001,0.67,0.0226,0.0,4.0
Decimoputzu,2023,2,0.01,0.0,0.0001,0.0,0.2,0.001,0.67,0.0226,0.0,4.0
Decimoputzu,2023,3,0.01,0.0,0.0001,0.0,0.2,0.001,0.67,0.0226,0.0,4.0
Decimoputzu,2023,4,0.03,0.0,0.0003,0.0,0.2,0.001,0.67,0.0226,0.0,4.0
Decimoputzu,2023,5,0.04,0.0,0.0004,0.0,0.2,0.001,0.67,0.0226,0.0,4.0
Decimoputzu,2023,6,0.07,0.0,0.0007,0.0,0.2,0.001,0.67,0.0226,0.0,4.0
Decimoputzu,2023,7,0.09,0.0001,0.001,0.0,0.2,0.001,0.67,0.0226,0.0,4.0
Decimoputzu,2023,8,0.09,0.0001,0.001,0.0,0.2,0.001,0.67,0.0226,0.0,4.0
Decimoputzu,2023,9,0.06,0.0,0.0006,0.0,0.2,0.001,0.67,0.0226,0.0,4.0
Decimoputzu,2023,10,0.03,0.0,0.0004,0.0,0.2,0.001,0.67,0.0226,0.0,4.0
Decimoputzu,2023,11,0.02,0.0,0.0002,0.0,0.2,0.001,0.67,0.0226,0.0,4.0
Decimoputzu,2023,12,0.02,0.0,0.0002,0.0,0.2,0.001,0.67,0.0226,0.0,4.0
Desulo,2023,1,0.48,0.0003,0.0173,0.0006,1.22,0.006,2.03,0.0685,0.0029,4.0
Desulo,2023,2,0.36,0.0002,0.013,0.0004,1.22,0.006,2.03,0.0685,0.0024,4.0
Desulo,2023,3,0.47,0.0003,0.0168,0.0006,1.22,0.006,2.03,0.0685,0.0029,4.0
Desulo,2023,4,0.91,0.0005,0.0327,0.0011,1.22,0.006,2.03,0.0685,0.0039,4.0
Desulo,2023,5,0.56,0.0003,0.0202,0.0007,1.22,0.006,2.03,0.0685,0.003,4.0
Desulo,2023,6,0.62,0.0004,0.0221,0.0007,1.22,0.006,2.03,0.0685,0.0033,4.0
Desulo,2023,7,0.62,0.0004,0.0221,0.0007,1.22,0.006,2.03,0.0685,0.0033,4.0
Desulo,2023,8,1.44,0.0008,0.0515,0.0017,1.22,0.006,2.03,0.0685,0.0049,4.0
Desulo,2023,9,1.32,0.0008,0.0472,0.0016,1.22,0.006,2.03,0.0685,0.0048,4.0
Desulo,2023,10,1.05,0.0006,0.0375,0.0012,1.22,0.006,2.03,0.0685,0.0041,4.0
Desulo,2023,11,0.78,0.0005,0.0279,0.0009,1.22,0.006,2.03,0.0685,0.0037,4.0
Desulo,2023,12,0.43,0.0003,0.0154,0.0005,1.22,0.006,2.03,0.0685,0.0028,4.0
Dolianova,2023,1,0.0,0.0,0.0,0.0,1.78,0.0087,1.09,0.0368,0.0,4.0
Dolianova,2023,2,0.0,0.0,0.0,0.0,1.78,0.0087,1.09,0.0368,0.0,4.0
Dolianova,2023,3,0.13,0.0001,0.0012,0.0,1.78,0.0087,1.09,0.0368,0.0,4.0
Dolianova,2023,4,0.25,0.0001,0.0023,0.0001,1.78,0.0087,1.09,0.0368,0.0013,4.0
Dolianova,2023,5,0.62,0.0004,0.0056,0.0002,1.78,0.0087,1.09,0.0368,0.0022,4.0
Dolianova,2023,6,0.59,0.0003,0.0053,0.0002,1.78,0.0087,1.09,0.0368,0.0021,4.0
Dolianova,2023,7,1.58,0.0009,0.0141,0.0005,1.78,0.0087,1.09,0.0368,0.0035,4.0
Dolianova,2023,8,2.02,0.0012,0.018,0.0006,1.78,0.0087,1.09,0.0368,0.0039,4.0
Dolianova,2023,9,0.49,0.0003,0.0044,0.0001,1.78,0.0087,1.09,0.0368,0.0018,4.0
Dolianova,2023,10,0.66,0.0004,0.0059,0.0002,1.78,0.0087,1.09,0.0368,0.0022,4.0
Dolianova,2023,11,0.07,0.0,0.0007,0.0,1.78,0.0087,1.09,0.0368,0.0,4.0
Dolianova,2023,12,0.63,0.0004,0.0056,0.0002,1.78,0.0087,1.09,0.0368,0.0022,4.0
Domus De Maria,2023,1,0.67,0.0004,0.0396,0.0013,40.18,0.1962,15.28,0.5159,0.0151,4.0
Domus De Maria,2023,2,4.29,0.0025,0.2553,0.0084,40.18,0.1962,15.28,0.5159,0.0382,4.0
Domus De Maria,2023,3,5.76,0.0034,0.3431,0.0113,40.18,0.1962,15.28,0.5159,0.0444,4.0
Domus De Maria,2023,4,43.89,0.0257,2.6137,0.0861,40.18,0.1962,15.28,0.5159,0.1223,4.0
Domus De Maria,2023,5,116.89,0.0683,6.9616,0.2292,40.18,0.1962,15.28,0.5159,0.1995,4.0
Domus De Maria,2023,6,352.19,0.2059,20.975,0.6907,40.18,0.1962,15.28,0.5159,0.3464,4.0
Domus De Maria,2023,7,560.98,0.328,33.4101,1.0,40.18,0.1962,15.28,0.5159,0.4269,4.0
Domus De Maria,2023,8,594.43,0.3475,35.4022,1.0,40.18,0.1962,15.28,0.5159,0.4331,4.0
Domus De Maria,2023,9,387.03,0.2263,23.05,0.759,40.18,0.1962,15.28,0.5159,0.3631,4.0
Domus De Maria,2023,10,155.55,0.0909,9.2639,0.305,40.18,0.1962,15.28,0.5159,0.2302,4.0
Domus De Maria,2023,11,18.43,0.0108,1.0975,0.0361,40.18,0.1962,15.28,0.5159,0.0793,4.0
Domus De Maria,2023,12,0.84,0.0005,0.05,0.0016,40.18,0.1962,15.28,0.5159,0.0169,4.0
Domusnovas,2023,1,0.1,0.0001,0.0014,0.0,1.35,0.0066,2.92,0.0986,0.0,4.0
Domusnovas,2023,2,0.0,0.0,0.0,0.0,1.35,0.0066,2.92,0.0986,0.0,4.0
Domusnovas,2023,3,0.08,0.0,0.0011,0.0,1.35,0.0066,2.92,0.0986,0.0,4.0
Domusnovas,2023,4,0.46,0.0003,0.0062,0.0002,1.35,0.0066,2.92,0.0986,0.0025,4.0
Domusnovas,2023,5,0.91,0.0005,0.0124,0.0004,1.35,0.0066,2.92,0.0986,0.0034,4.0
Domusnovas,2023,6,1.01,0.0006,0.0137,0.0005,1.35,0.0066,2.92,0.0986,0.0037,4.0
Domusnovas,2023,7,2.49,0.0015,0.0339,0.0011,1.35,0.0066,2.92,0.0986,0.0057,4.0
Domusnovas,2023,8,4.5,0.0026,0.0613,0.002,1.35,0.0066,2.92,0.0986,0.0076,4.0
Domusnovas,2023,9,2.07,0.0012,0.0281,0.0009,1.35,0.0066,2.92,0.0986,0.0051,4.0
Domusnovas,2023,10,1.01,0.0006,0.0137,0.0005,1.35,0.0066,2.92,0.0986,0.0037,4.0
Domusnovas,2023,11,0.74,0.0004,0.0101,0.0003,1.35,0.0066,2.92,0.0986,0.003,4.0
Domusnovas,2023,12,1.02,0.0006,0.0139,0.0005,1.35,0.0066,2.92,0.0986,0.0037,4.0
Donori,2023,1,,,,,0.0,0.0,,,0.0,1.0
Donori,2023,2,,,,,0.0,0.0,,,0.0,1.0
Donori,2023,3,,,,,0.0,0.0,,,0.0,1.0
Donori,2023,4,,,,,0.0,0.0,,,0.0,1.0
Donori,2023,5,,,,,0.0,0.0,,,0.0,1.0
Donori,2023,6,,,,,0.0,0.0,,,0.0,1.0
Donori,2023,7,,,,,0.0,0.0,,,0.0,1.0
Donori,2023,8,,,,,0.0,0.0,,,0.0,1.0
Donori,2023,9,,,,,0.0,0.0,,,0.0,1.0
Donori,2023,10,,,,,0.0,0.0,,,0.0,1.0
Donori,2023,11,,,,,0.0,0.0,,,0.0,1.0
Donori,2023,12,,,,,0.0,0.0,,,0.0,1.0
Dorgali,2023,1,6.84,0.004,0.1855,0.0061,29.24,0.1428,17.21,0.581,0.0377,4.0
Dorgali,2023,2,4.96,0.0029,0.1345,0.0044,29.24,0.1428,17.21,0.581,0.0321,4.0
Dorgali,2023,3,7.67,0.0045,0.2079,0.0068,29.24,0.1428,17.21,0.581,0.0399,4.0
Dorgali,2023,4,67.17,0.0393,1.8209,0.06,29.24,0.1428,17.21,0.581,0.1183,4.0
Dorgali,2023,5,138.41,0.0809,3.7519,0.1235,29.24,0.1428,17.21,0.581,0.1697,4.0
Dorgali,2023,6,292.85,0.1712,7.9384,0.2614,29.24,0.1428,17.21,0.581,0.2468,4.0
Dorgali,2023,7,430.89,0.2519,11.6804,0.3846,29.24,0.1428,17.21,0.581,0.2994,4.0
Dorgali,2023,8,465.85,0.2724,12.6281,0.4158,29.24,0.1428,17.21,0.581,0.3114,4.0
Dorgali,2023,9,292.91,0.1712,7.94,0.2614,29.24,0.1428,17.21,0.581,0.2468,4.0
Dorgali,2023,10,121.75,0.0712,3.3002,0.1087,29.24,0.1428,17.21,0.581,0.1592,4.0
Dorgali,2023,11,5.16,0.003,0.1398,0.0046,29.24,0.1428,17.21,0.581,0.0327,4.0
Dorgali,2023,12,1.79,0.001,0.0485,0.0016,29.24,0.1428,17.21,0.581,0.0191,4.0
Dualchi,2023,1,,,,,0.0,0.0,,,0.0,1.0
Dualchi,2023,2,,,,,0.0,0.0,,,0.0,1.0
Dualchi,2023,3,,,,,0.0,0.0,,,0.0,1.0
Dualchi,2023,4,,,,,0.0,0.0,,,0.0,1.0
Dualchi,2023,5,,,,,0.0,0.0,,,0.0,1.0
Dualchi,2023,6,,,,,0.0,0.0,,,0.0,1.0
Dualchi,2023,7,,,,,0.0,0.0,,,0.0,1.0
Dualchi,2023,8,,,,,0.0,0.0,,,0.0,1.0
Dualchi,2023,9,,,,,0.0,0.0,,,0.0,1.0
Dualchi,2023,10,,,,,0.0,0.0,,,0.0,1.0
Dualchi,2023,11,,,,,0.0,0.0,,,0.0,1.0
Dualchi,2023,12,,,,,0.0,0.0,,,0.0,1.0
Elini,2023,1,0.03,0.0,0.0006,0.0,1.63,0.008,3.07,0.1036,0.0,4.0
Elini,2023,2,0.02,0.0,0.0005,0.0,1.63,0.008,3.07,0.1036,0.0,4.0
Elini,2023,3,0.03,0.0,0.0006,0.0,1.63,0.008,3.07,0.1036,0.0,4.0
Elini,2023,4,0.07,0.0,0.0014,0.0,1.63,0.008,3.07,0.1036,0.0,4.0
Elini,2023,5,0.09,0.0001,0.0018,0.0001,1.63,0.008,3.07,0.1036,0.0017,4.0
Elini,2023,6,0.15,0.0001,0.0029,0.0001,1.63,0.008,3.07,0.1036,0.0017,4.0
Elini,2023,7,5.66,0.0033,0.112,0.0037,1.63,0.008,3.07,0.1036,0.01,4.0
Elini,2023,8,9.56,0.0056,0.1893,0.0062,1.63,0.008,3.07,0.1036,0.013,4.0
Elini,2023,9,2.58,0.0015,0.0511,0.0017,1.63,0.008,3.07,0.1036,0.0068,4.0
Elini,2023,10,0.08,0.0,0.0015,0.0,1.63,0.008,3.07,0.1036,0.0,4.0
Elini,2023,11,0.04,0.0,0.0007,0.0,1.63,0.008,3.07,0.1036,0.0,4.0
Elini,2023,12,0.05,0.0,0.0009,0.0,1.63,0.008,3.07,0.1036,0.0,4.0
Elmas,2023,1,54.9,0.0321,0.0814,0.0027,11.14,0.0544,21.72,0.7333,0.0431,4.0
Elmas,2023,2,48.33,0.0283,0.0717,0.0024,11.14,0.0544,21.72,0.7333,0.0406,4.0
Elmas,2023,3,48.62,0.0284,0.0721,0.0024,11.14,0.0544,21.72,0.7333,0.0406,4.0
Elmas,2023,4,69.17,0.0404,0.1026,0.0034,11.14,0.0544,21.72,0.7333,0.0484,4.0
Elmas,2023,5,106.94,0.0625,0.1586,0.0052,11.14,0.0544,21.72,0.7333,0.06,4.0
Elmas,2023,6,84.52,0.0494,0.1253,0.0041,11.14,0.0544,21.72,0.7333,0.0533,4.0
Elmas,2023,7,104.44,0.0611,0.1548,0.0051,11.14,0.0544,21.72,0.7333,0.0594,4.0
Elmas,2023,8,103.16,0.0603,0.1529,0.005,11.14,0.0544,21.72,0.7333,0.0589,4.0
Elmas,2023,9,99.3,0.0581,0.1472,0.0048,11.14,0.0544,21.72,0.7333,0.0578,4.0
Elmas,2023,10,75.6,0.0442,0.1121,0.0037,11.14,0.0544,21.72,0.7333,0.0505,4.0
Elmas,2023,11,54.18,0.0317,0.0803,0.0026,11.14,0.0544,21.72,0.7333,0.0426,4.0
Elmas,2023,12,33.7,0.0197,0.05,0.0016,11.14,0.0544,21.72,0.7333,0.0335,4.0
Erula,2023,1,,,,,0.13,0.0006,0.0,0.0,0.0,2.0
Erula,2023,2,,,,,0.13,0.0006,0.0,0.0,0.0,2.0
Erula,2023,3,,,,,0.13,0.0006,0.0,0.0,0.0,2.0
Erula,2023,4,,,,,0.13,0.0006,0.0,0.0,0.0,2.0
Erula,2023,5,,,,,0.13,0.0006,0.0,0.0,0.0,2.0
Erula,2023,6,,,,,0.13,0.0006,0.0,0.0,0.0,2.0
Erula,2023,7,,,,,0.13,0.0006,0.0,0.0,0.0,2.0
Erula,2023,8,,,,,0.13,0.0006,0.0,0.0,0.0,2.0
Erula,2023,9,,,,,0.13,0.0006,0.0,0.0,0.0,2.0
Erula,2023,10,,,,,0.13,0.0006,0.0,0.0,0.0,2.0
Erula,2023,11,,,,,0.13,0.0006,0.0,0.0,0.0,2.0
Erula,2023,12,,,,,0.13,0.0006,0.0,0.0,0.0,2.0
Escalaplano,2023,1,0.02,0.0,0.0011,0.0,0.18,0.0009,1.68,0.0567,0.0,4.0
Escalaplano,2023,2,0.02,0.0,0.0009,0.0,0.18,0.0009,1.68,0.0567,0.0,4.0
Escalaplano,2023,3,0.03,0.0,0.0011,0.0,0.18,0.0009,1.68,0.0567,0.0,4.0
Escalaplano,2023,4,0.06,0.0,0.0025,0.0001,0.18,0.0009,1.68,0.0567,0.0,4.0
Escalaplano,2023,5,0.07,0.0,0.0033,0.0001,0.18,0.0009,1.68,0.0567,0.0,4.0
Escalaplano,2023,6,0.12,0.0001,0.0055,0.0002,0.18,0.0009,1.68,0.0567,0.001,4.0
Escalaplano,2023,7,0.28,0.0002,0.0125,0.0004,0.18,0.0009,1.68,0.0567,0.0014,4.0
Escalaplano,2023,8,0.17,0.0001,0.0076,0.0003,0.18,0.0009,1.68,0.0567,0.0011,4.0
Escalaplano,2023,9,0.22,0.0001,0.0101,0.0003,0.18,0.0009,1.68,0.0567,0.0011,4.0
Escalaplano,2023,10,0.06,0.0,0.0028,0.0001,0.18,0.0009,1.68,0.0567,0.0,4.0
Escalaplano,2023,11,0.03,0.0,0.0013,0.0,0.18,0.0009,1.68,0.0567,0.0,4.0
Escalaplano,2023,12,0.04,0.0,0.0017,0.0001,0.18,0.0009,1.68,0.0567,0.0,4.0
Escolca,2023,1,0.07,0.0,0.0018,0.0001,0.61,0.003,9.25,0.3123,0.0,4.0
Escolca,2023,2,1.34,0.0008,0.0365,0.0012,0.61,0.003,9.25,0.3123,0.0055,4.0
Escolca,2023,3,1.09,0.0006,0.0295,0.001,0.61,0.003,9.25,0.3123,0.0049,4.0
Escolca,2023,4,4.15,0.0024,0.1127,0.0037,0.61,0.003,9.25,0.3123,0.0096,4.0
Escolca,2023,5,2.78,0.0016,0.0754,0.0025,0.61,0.003,9.25,0.3123,0.0078,4.0
Escolca,2023,6,1.83,0.0011,0.0497,0.0016,0.61,0.003,9.25,0.3123,0.0064,4.0
Escolca,2023,7,2.78,0.0016,0.0755,0.0025,0.61,0.003,9.25,0.3123,0.0078,4.0
Escolca,2023,8,2.3,0.0013,0.0625,0.0021,0.61,0.003,9.25,0.3123,0.0071,4.0
Escolca,2023,9,2.53,0.0015,0.0687,0.0023,0.61,0.003,9.25,0.3123,0.0075,4.0
Escolca,2023,10,1.53,0.0009,0.0415,0.0014,0.61,0.003,9.25,0.3123,0.0059,4.0
Escolca,2023,11,0.08,0.0,0.0022,0.0001,0.61,0.003,9.25,0.3123,0.0,4.0
Escolca,2023,12,0.11,0.0001,0.0029,0.0001,0.61,0.003,9.25,0.3123,0.0017,4.0
Esporlatu,2023,1,,,,,0.0,0.0,,,0.0,1.0
Esporlatu,2023,2,,,,,0.0,0.0,,,0.0,1.0
Esporlatu,2023,3,,,,,0.0,0.0,,,0.0,1.0
Esporlatu,2023,4,,,,,0.0,0.0,,,0.0,1.0
Esporlatu,2023,5,,,,,0.0,0.0,,,0.0,1.0
Esporlatu,2023,6,,,,,0.0,0.0,,,0.0,1.0
Esporlatu,2023,7,,,,,0.0,0.0,,,0.0,1.0
Esporlatu,2023,8,,,,,0.0,0.0,,,0.0,1.0
Esporlatu,2023,9,,,,,0.0,0.0,,,0.0,1.0
Esporlatu,2023,10,,,,,0.0,0.0,,,0.0,1.0
Esporlatu,2023,11,,,,,0.0,0.0,,,0.0,1.0
Esporlatu,2023,12,,,,,0.0,0.0,,,0.0,1.0
Esterzili,2023,1,0.0,0.0,0.0007,0.0,0.03,0.0001,1.83,0.0618,0.0,4.0
Esterzili,2023,2,0.0,0.0,0.0006,0.0,0.03,0.0001,1.83,0.0618,0.0,4.0
Esterzili,2023,3,0.0,0.0,0.0007,0.0,0.03,0.0001,1.83,0.0618,0.0,4.0
Esterzili,2023,4,0.01,0.0,0.0016,0.0001,0.03,0.0001,1.83,0.0618,0.0,4.0
Esterzili,2023,5,0.01,0.0,0.002,0.0001,0.03,0.0001,1.83,0.0618,0.0,4.0
Esterzili,2023,6,0.02,0.0,0.0034,0.0001,0.03,0.0001,1.83,0.0618,0.0,4.0
Esterzili,2023,7,0.03,0.0,0.0047,0.0002,0.03,0.0001,1.83,0.0618,0.0,4.0
Esterzili,2023,8,0.03,0.0,0.0047,0.0002,0.03,0.0001,1.83,0.0618,0.0,4.0
Esterzili,2023,9,0.08,0.0,0.0136,0.0004,0.03,0.0001,1.83,0.0618,0.0,4.0
Esterzili,2023,10,0.01,0.0,0.0017,0.0001,0.03,0.0001,1.83,0.0618,0.0,4.0
Esterzili,2023,11,0.0,0.0,0.0008,0.0,0.03,0.0001,1.83,0.0618,0.0,4.0
Esterzili,2023,12,0.01,0.0,0.0011,0.0,0.03,0.0001,1.83,0.0618,0.0,4.0
Florinas,2023,1,,,,,0.33,0.0016,0.0,0.0,0.0,2.0
Florinas,2023,2,,,,,0.33,0.0016,0.0,0.0,0.0,2.0
Florinas,2023,3,,,,,0.33,0.0016,0.0,0.0,0.0,2.0
Florinas,2023,4,,,,,0.33,0.0016,0.0,0.0,0.0,2.0
Florinas,2023,5,,,,,0.33,0.0016,0.0,0.0,0.0,2.0
Florinas,2023,6,,,,,0.33,0.0016,0.0,0.0,0.0,2.0
Florinas,2023,7,,,,,0.33,0.0016,0.0,0.0,0.0,2.0
Florinas,2023,8,,,,,0.33,0.0016,0.0,0.0,0.0,2.0
Florinas,2023,9,,,,,0.33,0.0016,0.0,0.0,0.0,2.0
Florinas,2023,10,,,,,0.33,0.0016,0.0,0.0,0.0,2.0
Florinas,2023,11,,,,,0.33,0.0016,0.0,0.0,0.0,2.0
Florinas,2023,12,,,,,0.33,0.0016,0.0,0.0,0.0,2.0
Fluminimaggiore,2023,1,0.01,0.0,0.0003,0.0,2.71,0.0132,3.65,0.1232,0.0,4.0
Fluminimaggiore,2023,2,0.01,0.0,0.0002,0.0,2.71,0.0132,3.65,0.1232,0.0,4.0
Fluminimaggiore,2023,3,0.23,0.0001,0.0093,0.0003,2.71,0.0132,3.65,0.1232,0.0026,4.0
Fluminimaggiore,2023,4,1.18,0.0007,0.0482,0.0016,2.71,0.0132,3.65,0.1232,0.0065,4.0
Fluminimaggiore,2023,5,2.32,0.0014,0.0949,0.0031,2.71,0.0132,3.65,0.1232,0.0092,4.0
Fluminimaggiore,2023,6,4.74,0.0028,0.1941,0.0064,2.71,0.0132,3.65,0.1232,0.0131,4.0
Fluminimaggiore,2023,7,6.91,0.004,0.2831,0.0093,2.71,0.0132,3.65,0.1232,0.0157,4.0
Fluminimaggiore,2023,8,11.38,0.0067,0.4661,0.0153,2.71,0.0132,3.65,0.1232,0.0202,4.0
Fluminimaggiore,2023,9,6.7,0.0039,0.2745,0.009,2.71,0.0132,3.65,0.1232,0.0155,4.0
Fluminimaggiore,2023,10,2.37,0.0014,0.0971,0.0032,2.71,0.0132,3.65,0.1232,0.0092,4.0
Fluminimaggiore,2023,11,0.01,0.0,0.0003,0.0,2.71,0.0132,3.65,0.1232,0.0,4.0
Fluminimaggiore,2023,12,0.28,0.0002,0.0114,0.0004,2.71,0.0132,3.65,0.1232,0.0034,4.0
Flussio,2023,1,0.2,0.0001,0.0033,0.0001,4.47,0.0218,6.59,0.2225,0.0026,4.0
Flussio,2023,2,0.17,0.0001,0.0028,0.0001,4.47,0.0218,6.59,0.2225,0.0026,4.0
Flussio,2023,3,0.21,0.0001,0.0034,0.0001,4.47,0.0218,6.59,0.2225,0.0026,4.0
Flussio,2023,4,5.98,0.0035,0.0975,0.0032,4.47,0.0218,6.59,0.2225,0.0153,4.0
Flussio,2023,5,0.61,0.0004,0.0099,0.0003,4.47,0.0218,6.59,0.2225,0.0049,4.0
Flussio,2023,6,12.33,0.0072,0.2009,0.0066,4.47,0.0218,6.59,0.2225,0.0219,4.0
Flussio,2023,7,26.73,0.0156,0.4358,0.0143,4.47,0.0218,6.59,0.2225,0.0323,4.0
Flussio,2023,8,43.1,0.0252,0.7025,0.0231,4.47,0.0218,6.59,0.2225,0.041,4.0
Flussio,2023,9,17.11,0.01,0.2788,0.0092,4.47,0.0218,6.59,0.2225,0.0258,4.0
Flussio,2023,10,0.51,0.0003,0.0084,0.0003,4.47,0.0218,6.59,0.2225,0.0046,4.0
Flussio,2023,11,0.24,0.0001,0.004,0.0001,4.47,0.0218,6.59,0.2225,0.0026,4.0
Flussio,2023,12,0.32,0.0002,0.0052,0.0002,4.47,0.0218,6.59,0.2225,0.0037,4.0
Fonni,2023,1,2.93,0.0017,0.09,0.003,2.33,0.0114,4.68,0.158,0.0098,4.0
Fonni,2023,2,3.74,0.0022,0.115,0.0038,2.33,0.0114,4.68,0.158,0.0111,4.0
Fonni,2023,3,0.04,0.0,0.0011,0.0,2.33,0.0114,4.68,0.158,0.0,4.0
Fonni,2023,4,1.65,0.001,0.0508,0.0017,2.33,0.0114,4.68,0.158,0.0074,4.0
Fonni,2023,5,3.47,0.002,0.1065,0.0035,2.33,0.0114,4.68,0.158,0.0106,4.0
Fonni,2023,6,2.19,0.0013,0.0672,0.0022,2.33,0.0114,4.68,0.158,0.0085,4.0
Fonni,2023,7,1.63,0.001,0.0499,0.0016,2.33,0.0114,4.68,0.158,0.0073,4.0
Fonni,2023,8,7.59,0.0044,0.2333,0.0077,2.33,0.0114,4.68,0.158,0.0157,4.0
Fonni,2023,9,5.66,0.0033,0.174,0.0057,2.33,0.0114,4.68,0.158,0.0136,4.0
Fonni,2023,10,6.67,0.0039,0.205,0.0068,2.33,0.0114,4.68,0.158,0.0148,4.0
Fonni,2023,11,0.87,0.0005,0.0266,0.0009,2.33,0.0114,4.68,0.158,0.0053,4.0
Fonni,2023,12,3.42,0.002,0.1051,0.0035,2.33,0.0114,4.68,0.158,0.0106,4.0
Fordongianus,2023,1,118.95,0.0695,5.5969,0.1843,5.4,0.0264,56.48,1.0,0.1356,4.0
Fordongianus,2023,2,110.18,0.0644,5.1841,0.1707,5.4,0.0264,56.48,1.0,0.1305,4.0
Fordongianus,2023,3,124.99,0.0731,5.8809,0.1936,5.4,0.0264,56.48,1.0,0.139,4.0
Fordongianus,2023,4,85.65,0.0501,4.0301,0.1327,5.4,0.0264,56.48,1.0,0.1151,4.0
Fordongianus,2023,5,70.92,0.0415,3.3369,0.1099,5.4,0.0264,56.48,1.0,0.1048,4.0
Fordongianus,2023,6,42.43,0.0248,1.9964,0.0657,5.4,0.0264,56.48,1.0,0.081,4.0
Fordongianus,2023,7,0.59,0.0003,0.0277,0.0009,5.4,0.0264,56.48,1.0,0.0092,4.0
Fordongianus,2023,8,66.01,0.0386,3.1059,0.1023,5.4,0.0264,56.48,1.0,0.101,4.0
Fordongianus,2023,9,107.26,0.0627,5.0469,0.1662,5.4,0.0264,56.48,1.0,0.1288,4.0
Fordongianus,2023,10,121.53,0.0711,5.7184,0.1883,5.4,0.0264,56.48,1.0,0.1371,4.0
Fordongianus,2023,11,130.56,0.0763,6.1432,0.2023,5.4,0.0264,56.48,1.0,0.1421,4.0
Fordongianus,2023,12,133.32,0.0779,6.2732,0.2066,5.4,0.0264,56.48,1.0,0.1436,4.0
Furtei,2023,1,0.03,0.0,0.0005,0.0,0.31,0.0015,5.75,0.1941,0.0,4.0
Furtei,2023,2,0.02,0.0,0.0004,0.0,0.31,0.0015,5.75,0.1941,0.0,4.0
Furtei,2023,3,0.03,0.0,0.0005,0.0,0.31,0.0015,5.75,0.1941,0.0,4.0
Furtei,2023,4,1.31,0.0008,0.0222,0.0007,0.31,0.0015,5.75,0.1941,0.0036,4.0
Furtei,2023,5,0.09,0.0001,0.0014,0.0,0.31,0.0015,5.75,0.1941,0.0,4.0
Furtei,2023,6,0.45,0.0003,0.0077,0.0003,0.31,0.0015,5.75,0.1941,0.0023,4.0
Furtei,2023,7,1.21,0.0007,0.0205,0.0007,0.31,0.0015,5.75,0.1941,0.0035,4.0
Furtei,2023,8,2.29,0.0013,0.0389,0.0013,0.31,0.0015,5.75,0.1941,0.0047,4.0
Furtei,2023,9,0.94,0.0005,0.0159,0.0005,0.31,0.0015,5.75,0.1941,0.0029,4.0
Furtei,2023,10,0.07,0.0,0.0012,0.0,0.31,0.0015,5.75,0.1941,0.0,4.0
Furtei,2023,11,0.03,0.0,0.0006,0.0,0.31,0.0015,5.75,0.1941,0.0,4.0
Furtei,2023,12,0.04,0.0,0.0008,0.0,0.31,0.0015,5.75,0.1941,0.0,4.0
Gadoni,2023,1,1.73,0.001,0.1113,0.0037,0.62,0.003,5.63,0.1901,0.0068,4.0
Gadoni,2023,2,0.05,0.0,0.003,0.0001,0.62,0.003,5.63,0.1901,0.0,4.0
Gadoni,2023,3,0.06,0.0,0.0038,0.0001,0.62,0.003,5.63,0.1901,0.0,4.0
Gadoni,2023,4,1.66,0.001,0.1072,0.0035,0.62,0.003,5.63,0.1901,0.0067,4.0
Gadoni,2023,5,0.17,0.0001,0.0108,0.0004,0.62,0.003,5.63,0.1901,0.0022,4.0
Gadoni,2023,6,0.28,0.0002,0.018,0.0006,0.62,0.003,5.63,0.1901,0.0029,4.0
Gadoni,2023,7,1.88,0.0011,0.1212,0.004,0.62,0.003,5.63,0.1901,0.0071,4.0
Gadoni,2023,8,2.59,0.0015,0.1666,0.0055,0.62,0.003,5.63,0.1901,0.0083,4.0
Gadoni,2023,9,1.82,0.0011,0.1174,0.0039,0.62,0.003,5.63,0.1901,0.007,4.0
Gadoni,2023,10,1.65,0.001,0.1065,0.0035,0.62,0.003,5.63,0.1901,0.0067,4.0
Gadoni,2023,11,0.07,0.0,0.0043,0.0001,0.62,0.003,5.63,0.1901,0.0,4.0
Gadoni,2023,12,0.75,0.0004,0.0484,0.0016,0.62,0.003,5.63,0.1901,0.0044,4.0
Gairo,2023,1,2.64,0.0015,0.1593,0.0052,5.43,0.0265,11.6,0.3916,0.0169,4.0
Gairo,2023,2,4.71,0.0028,0.2838,0.0093,5.43,0.0265,11.6,0.3916,0.0228,4.0
Gairo,2023,3,5.71,0.0033,0.3442,0.0113,5.43,0.0265,11.6,0.3916,0.0249,4.0
Gairo,2023,4,19.87,0.0116,1.198,0.0394,5.43,0.0265,11.6,0.3916,0.0467,4.0
Gairo,2023,5,18.07,0.0106,1.0897,0.0359,5.43,0.0265,11.6,0.3916,0.0446,4.0
Gairo,2023,6,28.34,0.0166,1.7084,0.0563,5.43,0.0265,11.6,0.3916,0.0558,4.0
Gairo,2023,7,39.02,0.0228,2.3527,0.0775,5.43,0.0265,11.6,0.3916,0.0654,4.0
Gairo,2023,8,55.1,0.0322,3.3217,0.1094,5.43,0.0265,11.6,0.3916,0.0778,4.0
Gairo,2023,9,27.4,0.016,1.652,0.0544,5.43,0.0265,11.6,0.3916,0.0548,4.0
Gairo,2023,10,20.67,0.0121,1.2459,0.041,5.43,0.0265,11.6,0.3916,0.0476,4.0
Gairo,2023,11,2.63,0.0015,0.1585,0.0052,5.43,0.0265,11.6,0.3916,0.0169,4.0
Gairo,2023,12,5.59,0.0033,0.3372,0.0111,5.43,0.0265,11.6,0.3916,0.0248,4.0
Galtellì,2023,1,4.46,0.0026,0.1065,0.0035,5.48,0.0268,10.91,0.3683,0.0173,4.0
Galtellì,2023,2,5.55,0.0032,0.1324,0.0044,5.48,0.0268,10.91,0.3683,0.0193,4.0
Galtellì,2023,3,4.48,0.0026,0.107,0.0035,5.48,0.0268,10.91,0.3683,0.0173,4.0
Galtellì,2023,4,10.44,0.0061,0.2492,0.0082,5.48,0.0268,10.91,0.3683,0.0265,4.0
Galtellì,2023,5,15.61,0.0091,0.3727,0.0123,5.48,0.0268,10.91,0.3683,0.0324,4.0
Galtellì,2023,6,25.55,0.0149,0.6099,0.0201,5.48,0.0268,10.91,0.3683,0.0415,4.0
Galtellì,2023,7,44.89,0.0262,1.0717,0.0353,5.48,0.0268,10.91,0.3683,0.055,4.0
Galtellì,2023,8,56.91,0.0333,1.3587,0.0447,5.48,0.0268,10.91,0.3683,0.0619,4.0
Galtellì,2023,9,28.89,0.0169,0.6897,0.0227,5.48,0.0268,10.91,0.3683,0.0441,4.0
Galtellì,2023,10,14.69,0.0086,0.3506,0.0115,5.48,0.0268,10.91,0.3683,0.0314,4.0
Galtellì,2023,11,3.54,0.0021,0.0845,0.0028,5.48,0.0268,10.91,0.3683,0.0155,4.0
Galtellì,2023,12,3.08,0.0018,0.0734,0.0024,5.48,0.0268,10.91,0.3683,0.0144,4.0
Gavoi,2023,1,3.38,0.002,0.0518,0.0017,9.75,0.0476,0.81,0.0273,0.0082,4.0
Gavoi,2023,2,1.99,0.0012,0.0305,0.001,9.75,0.0476,0.81,0.0273,0.0063,4.0
Gavoi,2023,3,0.42,0.0002,0.0064,0.0002,9.75,0.0476,0.81,0.0273,0.0027,4.0
Gavoi,2023,4,3.62,0.0021,0.0555,0.0018,9.75,0.0476,0.81,0.0273,0.0084,4.0
Gavoi,2023,5,0.55,0.0003,0.0084,0.0003,9.75,0.0476,0.81,0.0273,0.0033,4.0
Gavoi,2023,6,0.45,0.0003,0.0068,0.0002,9.75,0.0476,0.81,0.0273,0.003,4.0
Gavoi,2023,7,5.06,0.003,0.0776,0.0026,9.75,0.0476,0.81,0.0273,0.01,4.0
Gavoi,2023,8,3.46,0.002,0.0531,0.0017,9.75,0.0476,0.81,0.0273,0.0082,4.0
Gavoi,2023,9,3.28,0.0019,0.0502,0.0017,9.75,0.0476,0.81,0.0273,0.008,4.0
Gavoi,2023,10,2.41,0.0014,0.037,0.0012,9.75,0.0476,0.81,0.0273,0.0068,4.0
Gavoi,2023,11,1.91,0.0011,0.0293,0.001,9.75,0.0476,0.81,0.0273,0.0061,4.0
Gavoi,2023,12,2.31,0.0014,0.0354,0.0012,9.75,0.0476,0.81,0.0273,0.0068,4.0
Genoni,2023,1,0.02,0.0,0.0011,0.0,0.14,0.0007,10.05,0.3393,0.0,4.0
Genoni,2023,2,0.02,0.0,0.001,0.0,0.14,0.0007,10.05,0.3393,0.0,4.0
Genoni,2023,3,0.02,0.0,0.0012,0.0,0.14,0.0007,10.05,0.3393,0.0,4.0
Genoni,2023,4,0.83,0.0005,0.0471,0.0016,0.14,0.0007,10.05,0.3393,0.0037,4.0
Genoni,2023,5,0.17,0.0001,0.0099,0.0003,0.14,0.0007,10.05,0.3393,0.0016,4.0
Genoni,2023,6,0.77,0.0005,0.0437,0.0014,0.14,0.0007,10.05,0.3393,0.0036,4.0
Genoni,2023,7,1.24,0.0007,0.0708,0.0023,0.14,0.0007,10.05,0.3393,0.0044,4.0
Genoni,2023,8,0.81,0.0005,0.0459,0.0015,0.14,0.0007,10.05,0.3393,0.0037,4.0
Genoni,2023,9,0.5,0.0003,0.0285,0.0009,0.14,0.0007,10.05,0.3393,0.0028,4.0
Genoni,2023,10,0.63,0.0004,0.0356,0.0012,0.14,0.0007,10.05,0.3393,0.0033,4.0
Genoni,2023,11,0.02,0.0,0.0014,0.0,0.14,0.0007,10.05,0.3393,0.0,4.0
Genoni,2023,12,0.03,0.0,0.0018,0.0001,0.14,0.0007,10.05,0.3393,0.0,4.0
Genuri,2023,1,,,,,0.39,0.0019,0.0,0.0,0.0,2.0
Genuri,2023,2,,,,,0.39,0.0019,0.0,0.0,0.0,2.0
Genuri,2023,3,,,,,0.39,0.0019,0.0,0.0,0.0,2.0
Genuri,2023,4,,,,,0.39,0.0019,0.0,0.0,0.0,2.0
Genuri,2023,5,,,,,0.39,0.0019,0.0,0.0,0.0,2.0
Genuri,2023,6,,,,,0.39,0.0019,0.0,0.0,0.0,2.0
Genuri,2023,7,,,,,0.39,0.0019,0.0,0.0,0.0,2.0
Genuri,2023,8,,,,,0.39,0.0019,0.0,0.0,0.0,2.0
Genuri,2023,9,,,,,0.39,0.0019,0.0,0.0,0.0,2.0
Genuri,2023,10,,,,,0.39,0.0019,0.0,0.0,0.0,2.0
Genuri,2023,11,,,,,0.39,0.0019,0.0,0.0,0.0,2.0
Genuri,2023,12,,,,,0.39,0.0019,0.0,0.0,0.0,2.0
Gergei,2023,1,0.0,0.0,0.0001,0.0,1.08,0.0053,2.71,0.0915,0.0,4.0
Gergei,2023,2,0.0,0.0,0.0001,0.0,1.08,0.0053,2.71,0.0915,0.0,4.0
Gergei,2023,3,0.0,0.0,0.0001,0.0,1.08,0.0053,2.71,0.0915,0.0,4.0
Gergei,2023,4,1.08,0.0006,0.0349,0.0011,1.08,0.0053,2.71,0.0915,0.0042,4.0
Gergei,2023,5,1.86,0.0011,0.0598,0.002,1.08,0.0053,2.71,0.0915,0.0057,4.0
Gergei,2023,6,1.59,0.0009,0.0511,0.0017,1.08,0.0053,2.71,0.0915,0.0052,4.0
Gergei,2023,7,1.76,0.001,0.0567,0.0019,1.08,0.0053,2.71,0.0915,0.0055,4.0
Gergei,2023,8,2.2,0.0013,0.0709,0.0023,1.08,0.0053,2.71,0.0915,0.0062,4.0
Gergei,2023,9,1.59,0.0009,0.0511,0.0017,1.08,0.0053,2.71,0.0915,0.0052,4.0
Gergei,2023,10,0.56,0.0003,0.018,0.0006,1.08,0.0053,2.71,0.0915,0.0031,4.0
Gergei,2023,11,0.0,0.0,0.0001,0.0,1.08,0.0053,2.71,0.0915,0.0,4.0
Gergei,2023,12,0.0,0.0,0.0002,0.0,1.08,0.0053,2.71,0.0915,0.0,4.0
Gesico,2023,1,,,,,0.0,0.0,,,0.0,1.0
Gesico,2023,2,,,,,0.0,0.0,,,0.0,1.0
Gesico,2023,3,,,,,0.0,0.0,,,0.0,1.0
Gesico,2023,4,,,,,0.0,0.0,,,0.0,1.0
Gesico,2023,5,,,,,0.0,0.0,,,0.0,1.0
Gesico,2023,6,,,,,0.0,0.0,,,0.0,1.0
Gesico,2023,7,,,,,0.0,0.0,,,0.0,1.0
Gesico,2023,8,,,,,0.0,0.0,,,0.0,1.0
Gesico,2023,9,,,,,0.0,0.0,,,0.0,1.0
Gesico,2023,10,,,,,0.0,0.0,,,0.0,1.0
Gesico,2023,11,,,,,0.0,0.0,,,0.0,1.0
Gesico,2023,12,,,,,0.0,0.0,,,0.0,1.0
Gesturi,2023,1,0.02,0.0,0.0007,0.0,0.4,0.002,7.21,0.2434,0.0,4.0
Gesturi,2023,2,0.01,0.0,0.0006,0.0,0.4,0.002,7.21,0.2434,0.0,4.0
Gesturi,2023,3,0.02,0.0,0.0007,0.0,0.4,0.002,7.21,0.2434,0.0,4.0
Gesturi,2023,4,0.87,0.0005,0.0354,0.0012,0.4,0.002,7.21,0.2434,0.0041,4.0
Gesturi,2023,5,0.05,0.0,0.002,0.0001,0.4,0.002,7.21,0.2434,0.0,4.0
Gesturi,2023,6,0.95,0.0006,0.0389,0.0013,0.4,0.002,7.21,0.2434,0.0044,4.0
Gesturi,2023,7,2.88,0.0017,0.1175,0.0039,0.4,0.002,7.21,0.2434,0.0075,4.0
Gesturi,2023,8,3.33,0.0019,0.1357,0.0045,0.4,0.002,7.21,0.2434,0.008,4.0
Gesturi,2023,9,1.86,0.0011,0.0758,0.0025,0.4,0.002,7.21,0.2434,0.006,4.0
Gesturi,2023,10,0.62,0.0004,0.0251,0.0008,0.4,0.002,7.21,0.2434,0.0035,4.0
Gesturi,2023,11,0.02,0.0,0.0008,0.0,0.4,0.002,7.21,0.2434,0.0,4.0
Gesturi,2023,12,0.03,0.0,0.001,0.0,0.4,0.002,7.21,0.2434,0.0,4.0
Ghilarza,2023,1,1.02,0.0006,0.0134,0.0004,1.3,0.0063,6.22,0.21,0.0042,4.0
Ghilarza,2023,2,1.39,0.0008,0.0182,0.0006,1.3,0.0063,6.22,0.21,0.005,4.0
Ghilarza,2023,3,1.77,0.001,0.0232,0.0008,1.3,0.0063,6.22,0.21,0.0057,4.0
Ghilarza,2023,4,1.46,0.0009,0.0191,0.0006,1.3,0.0063,6.22,0.21,0.0052,4.0
Ghilarza,2023,5,0.57,0.0003,0.0074,0.0002,1.3,0.0063,6.22,0.21,0.003,4.0
Ghilarza,2023,6,2.1,0.0012,0.0275,0.0009,1.3,0.0063,6.22,0.21,0.0061,4.0
Ghilarza,2023,7,3.05,0.0018,0.0399,0.0013,1.3,0.0063,6.22,0.21,0.0075,4.0
Ghilarza,2023,8,7.41,0.0043,0.0971,0.0032,1.3,0.0063,6.22,0.21,0.0116,4.0
Ghilarza,2023,9,4.67,0.0027,0.0612,0.002,1.3,0.0063,6.22,0.21,0.0092,4.0
Ghilarza,2023,10,2.88,0.0017,0.0378,0.0012,1.3,0.0063,6.22,0.21,0.0072,4.0
Ghilarza,2023,11,1.06,0.0006,0.0139,0.0005,1.3,0.0063,6.22,0.21,0.0045,4.0
Ghilarza,2023,12,2.03,0.0012,0.0265,0.0009,1.3,0.0063,6.22,0.21,0.0061,4.0
Giave,2023,1,,,,,0.15,0.0007,0.0,0.0,0.0,2.0
Giave,2023,2,,,,,0.15,0.0007,0.0,0.0,0.0,2.0
Giave,2023,3,,,,,0.15,0.0007,0.0,0.0,0.0,2.0
Giave,2023,4,,,,,0.15,0.0007,0.0,0.0,0.0,2.0
Giave,2023,5,,,,,0.15,0.0007,0.0,0.0,0.0,2.0
Giave,2023,6,,,,,0.15,0.0007,0.0,0.0,0.0,2.0
Giave,2023,7,,,,,0.15,0.0007,0.0,0.0,0.0,2.0
Giave,2023,8,,,,,0.15,0.0007,0.0,0.0,0.0,2.0
Giave,2023,9,,,,,0.15,0.0007,0.0,0.0,0.0,2.0
Giave,2023,10,,,,,0.15,0.0007,0.0,0.0,0.0,2.0
Giave,2023,11,,,,,0.15,0.0007,0.0,0.0,0.0,2.0
Giave,2023,12,,,,,0.15,0.0007,0.0,0.0,0.0,2.0
Giba,2023,1,0.46,0.0003,0.0073,0.0002,5.06,0.0247,4.14,0.1398,0.0038,4.0
Giba,2023,2,1.29,0.0008,0.0203,0.0007,5.06,0.0247,4.14,0.1398,0.0066,4.0
Giba,2023,3,0.76,0.0004,0.012,0.0004,5.06,0.0247,4.14,0.1398,0.0048,4.0
Giba,2023,4,1.36,0.0008,0.0214,0.0007,5.06,0.0247,4.14,0.1398,0.0066,4.0
Giba,2023,5,3.4,0.002,0.0536,0.0018,5.06,0.0247,4.14,0.1398,0.0106,4.0
Giba,2023,6,5.98,0.0035,0.0943,0.0031,5.06,0.0247,4.14,0.1398,0.0139,4.0
Giba,2023,7,15.8,0.0092,0.249,0.0082,5.06,0.0247,4.14,0.1398,0.0226,4.0
Giba,2023,8,25.68,0.015,0.4047,0.0133,5.06,0.0247,4.14,0.1398,0.0288,4.0
Giba,2023,9,11.73,0.0069,0.1849,0.0061,5.06,0.0247,4.14,0.1398,0.0195,4.0
Giba,2023,10,5.92,0.0035,0.0932,0.0031,5.06,0.0247,4.14,0.1398,0.0139,4.0
Giba,2023,11,2.15,0.0013,0.0339,0.0011,5.06,0.0247,4.14,0.1398,0.0084,4.0
Giba,2023,12,1.92,0.0011,0.0302,0.001,5.06,0.0247,4.14,0.1398,0.0079,4.0
Girasole,2023,1,5.73,0.0034,0.0554,0.0018,10.76,0.0525,10.92,0.3687,0.0186,4.0
Girasole,2023,2,4.43,0.0026,0.0429,0.0014,10.76,0.0525,10.92,0.3687,0.0163,4.0
Girasole,2023,3,7.4,0.0043,0.0717,0.0024,10.76,0.0525,10.92,0.3687,0.0211,4.0
Girasole,2023,4,11.07,0.0065,0.1072,0.0035,10.76,0.0525,10.92,0.3687,0.0258,4.0
Girasole,2023,5,6.18,0.0036,0.0599,0.002,10.76,0.0525,10.92,0.3687,0.0193,4.0
Girasole,2023,6,26.49,0.0155,0.2565,0.0084,10.76,0.0525,10.92,0.3687,0.0398,4.0
Girasole,2023,7,104.73,0.0612,1.014,0.0334,10.76,0.0525,10.92,0.3687,0.0793,4.0
Girasole,2023,8,119.62,0.0699,1.1582,0.0381,10.76,0.0525,10.92,0.3687,0.0847,4.0
Girasole,2023,9,90.99,0.0532,0.881,0.029,10.76,0.0525,10.92,0.3687,0.0739,4.0
Girasole,2023,10,25.73,0.015,0.2491,0.0082,10.76,0.0525,10.92,0.3687,0.0393,4.0
Girasole,2023,11,11.6,0.0068,0.1123,0.0037,10.76,0.0525,10.92,0.3687,0.0264,4.0
Girasole,2023,12,15.04,0.0088,0.1456,0.0048,10.76,0.0525,10.92,0.3687,0.0301,4.0
Golfo Aranci,2023,1,2.92,0.0017,0.0459,0.0015,146.71,0.7163,12.45,0.4203,0.0296,4.0
Golfo Aranci,2023,2,3.03,0.0018,0.0476,0.0016,146.71,0.7163,12.45,0.4203,0.0305,4.0
Golfo Aranci,2023,3,3.51,0.0021,0.0551,0.0018,146.71,0.7163,12.45,0.4203,0.0327,4.0
Golfo Aranci,2023,4,101.85,0.0595,1.5976,0.0526,146.71,0.7163,12.45,0.4203,0.1752,4.0
Golfo Aranci,2023,5,451.78,0.2641,7.0867,0.2333,146.71,0.7163,12.45,0.4203,0.369,4.0
Golfo Aranci,2023,6,1113.47,0.651,17.4659,0.5751,146.71,0.7163,12.45,0.4203,0.5794,4.0
Golfo Aranci,2023,7,1699.33,0.9935,26.6557,0.8777,146.71,0.7163,12.45,0.4203,0.7158,4.0
Golfo Aranci,2023,8,1696.59,0.9919,26.6128,0.8763,146.71,0.7163,12.45,0.4203,0.7152,4.0
Golfo Aranci,2023,9,1180.39,0.6901,18.5156,0.6097,146.71,0.7163,12.45,0.4203,0.5966,4.0
Golfo Aranci,2023,10,409.74,0.2396,6.4272,0.2116,146.71,0.7163,12.45,0.4203,0.3515,4.0
Golfo Aranci,2023,11,4.75,0.0028,0.0745,0.0025,146.71,0.7163,12.45,0.4203,0.0381,4.0
Golfo Aranci,2023,12,2.12,0.0012,0.0332,0.0011,146.71,0.7163,12.45,0.4203,0.0251,4.0
Goni,2023,1,,,,,0.0,0.0,,,0.0,1.0
Goni,2023,2,,,,,0.0,0.0,,,0.0,1.0
Goni,2023,3,,,,,0.0,0.0,,,0.0,1.0
Goni,2023,4,,,,,0.0,0.0,,,0.0,1.0
Goni,2023,5,,,,,0.0,0.0,,,0.0,1.0
Goni,2023,6,,,,,0.0,0.0,,,0.0,1.0
Goni,2023,7,,,,,0.0,0.0,,,0.0,1.0
Goni,2023,8,,,,,0.0,0.0,,,0.0,1.0
Goni,2023,9,,,,,0.0,0.0,,,0.0,1.0
Goni,2023,10,,,,,0.0,0.0,,,0.0,1.0
Goni,2023,11,,,,,0.0,0.0,,,0.0,1.0
Goni,2023,12,,,,,0.0,0.0,,,0.0,1.0
Gonnesa,2023,1,4.47,0.0026,0.0468,0.0015,8.13,0.0397,10.33,0.3488,0.0152,4.0
Gonnesa,2023,2,4.14,0.0024,0.0433,0.0014,8.13,0.0397,10.33,0.3488,0.0147,4.0
Gonnesa,2023,3,3.21,0.0019,0.0336,0.0011,8.13,0.0397,10.33,0.3488,0.013,4.0
Gonnesa,2023,4,15.17,0.0089,0.1587,0.0052,8.13,0.0397,10.33,0.3488,0.0283,4.0
Gonnesa,2023,5,17.18,0.01,0.1797,0.0059,8.13,0.0397,10.33,0.3488,0.0301,4.0
Gonnesa,2023,6,41.89,0.0245,0.4383,0.0144,8.13,0.0397,10.33,0.3488,0.047,4.0
Gonnesa,2023,7,62.62,0.0366,0.6553,0.0216,8.13,0.0397,10.33,0.3488,0.0575,4.0
Gonnesa,2023,8,84.15,0.0492,0.8805,0.029,8.13,0.0397,10.33,0.3488,0.0667,4.0
Gonnesa,2023,9,37.25,0.0218,0.3898,0.0128,8.13,0.0397,10.33,0.3488,0.0443,4.0
Gonnesa,2023,10,22.52,0.0132,0.2356,0.0078,8.13,0.0397,10.33,0.3488,0.0346,4.0
Gonnesa,2023,11,7.6,0.0044,0.0795,0.0026,8.13,0.0397,10.33,0.3488,0.02,4.0
Gonnesa,2023,12,6.35,0.0037,0.0665,0.0022,8.13,0.0397,10.33,0.3488,0.0183,4.0
Gonnoscodina,2023,1,,,,,0.0,0.0,,,0.0,1.0
Gonnoscodina,2023,2,,,,,0.0,0.0,,,0.0,1.0
Gonnoscodina,2023,3,,,,,0.0,0.0,,,0.0,1.0
Gonnoscodina,2023,4,,,,,0.0,0.0,,,0.0,1.0
Gonnoscodina,2023,5,,,,,0.0,0.0,,,0.0,1.0
Gonnoscodina,2023,6,,,,,0.0,0.0,,,0.0,1.0
Gonnoscodina,2023,7,,,,,0.0,0.0,,,0.0,1.0
Gonnoscodina,2023,8,,,,,0.0,0.0,,,0.0,1.0
Gonnoscodina,2023,9,,,,,0.0,0.0,,,0.0,1.0
Gonnoscodina,2023,10,,,,,0.0,0.0,,,0.0,1.0
Gonnoscodina,2023,11,,,,,0.0,0.0,,,0.0,1.0
Gonnoscodina,2023,12,,,,,0.0,0.0,,,0.0,1.0
Gonnosfanadiga,2023,1,0.06,0.0,0.0013,0.0,0.37,0.0018,5.63,0.1901,0.0,4.0
Gonnosfanadiga,2023,2,0.13,0.0001,0.0026,0.0001,0.37,0.0018,5.63,0.1901,0.0014,4.0
Gonnosfanadiga,2023,3,0.03,0.0,0.0006,0.0,0.37,0.0018,5.63,0.1901,0.0,4.0
Gonnosfanadiga,2023,4,0.19,0.0001,0.0039,0.0001,0.37,0.0018,5.63,0.1901,0.0014,4.0
Gonnosfanadiga,2023,5,0.33,0.0002,0.0067,0.0002,0.37,0.0018,5.63,0.1901,0.0019,4.0
Gonnosfanadiga,2023,6,0.51,0.0003,0.0104,0.0003,0.37,0.0018,5.63,0.1901,0.0024,4.0
Gonnosfanadiga,2023,7,0.71,0.0004,0.0144,0.0005,0.37,0.0018,5.63,0.1901,0.0029,4.0
Gonnosfanadiga,2023,8,1.8,0.0011,0.0365,0.0012,0.37,0.0018,5.63,0.1901,0.0046,4.0
Gonnosfanadiga,2023,9,2.66,0.0016,0.054,0.0018,0.37,0.0018,5.63,0.1901,0.0056,4.0
Gonnosfanadiga,2023,10,0.55,0.0003,0.0112,0.0004,0.37,0.0018,5.63,0.1901,0.0025,4.0
Gonnosfanadiga,2023,11,0.12,0.0001,0.0024,0.0001,0.37,0.0018,5.63,0.1901,0.0014,4.0
Gonnosfanadiga,2023,12,0.46,0.0003,0.0092,0.0003,0.37,0.0018,5.63,0.1901,0.0024,4.0
Gonnosnò,2023,1,,,,,0.26,0.0013,0.0,0.0,0.0,2.0
Gonnosnò,2023,2,,,,,0.26,0.0013,0.0,0.0,0.0,2.0
Gonnosnò,2023,3,,,,,0.26,0.0013,0.0,0.0,0.0,2.0
Gonnosnò,2023,4,,,,,0.26,0.0013,0.0,0.0,0.0,2.0
Gonnosnò,2023,5,,,,,0.26,0.0013,0.0,0.0,0.0,2.0
Gonnosnò,2023,6,,,,,0.26,0.0013,0.0,0.0,0.0,2.0
Gonnosnò,2023,7,,,,,0.26,0.0013,0.0,0.0,0.0,2.0
Gonnosnò,2023,8,,,,,0.26,0.0013,0.0,0.0,0.0,2.0
Gonnosnò,2023,9,,,,,0.26,0.0013,0.0,0.0,0.0,2.0
Gonnosnò,2023,10,,,,,0.26,0.0013,0.0,0.0,0.0,2.0
Gonnosnò,2023,11,,,,,0.26,0.0013,0.0,0.0,0.0,2.0
Gonnosnò,2023,12,,,,,0.26,0.0013,0.0,0.0,0.0,2.0
Gonnostramatza,2023,1,0.05,0.0,0.001,0.0,1.74,0.0085,1.0,0.0338,0.0,4.0
Gonnostramatza,2023,2,0.04,0.0,0.0009,0.0,1.74,0.0085,1.0,0.0338,0.0,4.0
Gonnostramatza,2023,3,0.05,0.0,0.0011,0.0,1.74,0.0085,1.0,0.0338,0.0,4.0
Gonnostramatza,2023,4,0.11,0.0001,0.0023,0.0001,1.74,0.0085,1.0,0.0338,0.0013,4.0
Gonnostramatza,2023,5,0.14,0.0001,0.003,0.0001,1.74,0.0085,1.0,0.0338,0.0013,4.0
Gonnostramatza,2023,6,0.23,0.0001,0.005,0.0002,1.74,0.0085,1.0,0.0338,0.0015,4.0
Gonnostramatza,2023,7,0.32,0.0002,0.0071,0.0002,1.74,0.0085,1.0,0.0338,0.0018,4.0
Gonnostramatza,2023,8,4.98,0.0029,0.1097,0.0036,1.74,0.0085,1.0,0.0338,0.0074,4.0
Gonnostramatza,2023,9,0.2,0.0001,0.0044,0.0001,1.74,0.0085,1.0,0.0338,0.0013,4.0
Gonnostramatza,2023,10,0.12,0.0001,0.0026,0.0001,1.74,0.0085,1.0,0.0338,0.0013,4.0
Gonnostramatza,2023,11,0.06,0.0,0.0012,0.0,1.74,0.0085,1.0,0.0338,0.0,4.0
Gonnostramatza,2023,12,0.07,0.0,0.0016,0.0001,1.74,0.0085,1.0,0.0338,0.0,4.0
Guamaggiore,2023,1,,,,,0.42,0.0021,0.0,0.0,0.0,2.0
Guamaggiore,2023,2,,,,,0.42,0.0021,0.0,0.0,0.0,2.0
Guamaggiore,2023,3,,,,,0.42,0.0021,0.0,0.0,0.0,2.0
Guamaggiore,2023,4,,,,,0.42,0.0021,0.0,0.0,0.0,2.0
Guamaggiore,2023,5,,,,,0.42,0.0021,0.0,0.0,0.0,2.0
Guamaggiore,2023,6,,,,,0.42,0.0021,0.0,0.0,0.0,2.0
Guamaggiore,2023,7,,,,,0.42,0.0021,0.0,0.0,0.0,2.0
Guamaggiore,2023,8,,,,,0.42,0.0021,0.0,0.0,0.0,2.0
Guamaggiore,2023,9,,,,,0.42,0.0021,0.0,0.0,0.0,2.0
Guamaggiore,2023,10,,,,,0.42,0.0021,0.0,0.0,0.0,2.0
Guamaggiore,2023,11,,,,,0.42,0.0021,0.0,0.0,0.0,2.0
Guamaggiore,2023,12,,,,,0.42,0.0021,0.0,0.0,0.0,2.0
Guasila,2023,1,,,,,0.28,0.0014,0.0,0.0,0.0,2.0
Guasila,2023,2,,,,,0.28,0.0014,0.0,0.0,0.0,2.0
Guasila,2023,3,,,,,0.28,0.0014,0.0,0.0,0.0,2.0
Guasila,2023,4,,,,,0.28,0.0014,0.0,0.0,0.0,2.0
Guasila,2023,5,,,,,0.28,0.0014,0.0,0.0,0.0,2.0
Guasila,2023,6,,,,,0.28,0.0014,0.0,0.0,0.0,2.0
Guasila,2023,7,,,,,0.28,0.0014,0.0,0.0,0.0,2.0
Guasila,2023,8,,,,,0.28,0.0014,0.0,0.0,0.0,2.0
Guasila,2023,9,,,,,0.28,0.0014,0.0,0.0,0.0,2.0
Guasila,2023,10,,,,,0.28,0.0014,0.0,0.0,0.0,2.0
Guasila,2023,11,,,,,0.28,0.0014,0.0,0.0,0.0,2.0
Guasila,2023,12,,,,,0.28,0.0014,0.0,0.0,0.0,2.0
Guspini,2023,1,1.94,0.0011,0.0309,0.001,1.85,0.009,7.71,0.2603,0.0071,4.0
Guspini,2023,2,1.49,0.0009,0.0237,0.0008,1.85,0.009,7.71,0.2603,0.0064,4.0
Guspini,2023,3,1.73,0.001,0.0276,0.0009,1.85,0.009,7.71,0.2603,0.0068,4.0
Guspini,2023,4,2.28,0.0013,0.0364,0.0012,1.85,0.009,7.71,0.2603,0.0078,4.0
Guspini,2023,5,4.65,0.0027,0.0741,0.0024,1.85,0.009,7.71,0.2603,0.0111,4.0
Guspini,2023,6,6.37,0.0037,0.1015,0.0033,1.85,0.009,7.71,0.2603,0.013,4.0
Guspini,2023,7,8.88,0.0052,0.1415,0.0047,1.85,0.009,7.71,0.2603,0.0155,4.0
Guspini,2023,8,13.53,0.0079,0.2156,0.0071,1.85,0.009,7.71,0.2603,0.019,4.0
Guspini,2023,9,7.63,0.0045,0.1216,0.004,1.85,0.009,7.71,0.2603,0.0143,4.0
Guspini,2023,10,1.47,0.0009,0.0235,0.0008,1.85,0.009,7.71,0.2603,0.0064,4.0
Guspini,2023,11,1.25,0.0007,0.0199,0.0007,1.85,0.009,7.71,0.2603,0.0058,4.0
Guspini,2023,12,0.95,0.0006,0.0151,0.0005,1.85,0.009,7.71,0.2603,0.0051,4.0
Iglesias,2023,1,4.53,0.0026,0.0375,0.0012,6.93,0.0338,9.86,0.3329,0.0137,4.0
Iglesias,2023,2,5.55,0.0032,0.046,0.0015,6.93,0.0338,9.86,0.3329,0.0152,4.0
Iglesias,2023,3,7.65,0.0045,0.0634,0.0021,6.93,0.0338,9.86,0.3329,0.0181,4.0
Iglesias,2023,4,18.03,0.0105,0.1494,0.0049,6.93,0.0338,9.86,0.3329,0.0276,4.0
Iglesias,2023,5,18.8,0.011,0.1557,0.0051,6.93,0.0338,9.86,0.3329,0.0282,4.0
Iglesias,2023,6,23.55,0.0138,0.1951,0.0064,6.93,0.0338,9.86,0.3329,0.0316,4.0
Iglesias,2023,7,42.34,0.0248,0.3508,0.0116,6.93,0.0338,9.86,0.3329,0.0424,4.0
Iglesias,2023,8,62.04,0.0363,0.5139,0.0169,6.93,0.0338,9.86,0.3329,0.0513,4.0
Iglesias,2023,9,31.69,0.0185,0.2625,0.0086,6.93,0.0338,9.86,0.3329,0.0366,4.0
Iglesias,2023,10,18.88,0.011,0.1564,0.0051,6.93,0.0338,9.86,0.3329,0.0282,4.0
Iglesias,2023,11,9.3,0.0054,0.0771,0.0025,6.93,0.0338,9.86,0.3329,0.0197,4.0
Iglesias,2023,12,6.95,0.0041,0.0576,0.0019,6.93,0.0338,9.86,0.3329,0.0172,4.0
Ilbono,2023,1,0.16,0.0001,0.0025,0.0001,4.4,0.0215,5.95,0.2009,0.0026,4.0
Ilbono,2023,2,0.2,0.0001,0.003,0.0001,4.4,0.0215,5.95,0.2009,0.0026,4.0
Ilbono,2023,3,0.49,0.0003,0.0076,0.0003,4.4,0.0215,5.95,0.2009,0.0044,4.0
Ilbono,2023,4,5.73,0.0034,0.0886,0.0029,4.4,0.0215,5.95,0.2009,0.0144,4.0
Ilbono,2023,5,3.88,0.0023,0.0599,0.002,4.4,0.0215,5.95,0.2009,0.0119,4.0
Ilbono,2023,6,7.79,0.0046,0.1203,0.004,4.4,0.0215,5.95,0.2009,0.0168,4.0
Ilbono,2023,7,10.49,0.0061,0.1621,0.0053,4.4,0.0215,5.95,0.2009,0.0193,4.0
Ilbono,2023,8,48.58,0.0284,0.7508,0.0247,4.4,0.0215,5.95,0.2009,0.0417,4.0
Ilbono,2023,9,13.68,0.008,0.2115,0.007,4.4,0.0215,5.95,0.2009,0.0222,4.0
Ilbono,2023,10,3.0,0.0018,0.0463,0.0015,4.4,0.0215,5.95,0.2009,0.0104,4.0
Ilbono,2023,11,0.65,0.0004,0.0101,0.0003,4.4,0.0215,5.95,0.2009,0.0048,4.0
Ilbono,2023,12,0.88,0.0005,0.0136,0.0004,4.4,0.0215,5.95,0.2009,0.0054,4.0
Illorai,2023,1,,,,,0.0,0.0,,,0.0,1.0
Illorai,2023,2,,,,,0.0,0.0,,,0.0,1.0
Illorai,2023,3,,,,,0.0,0.0,,,0.0,1.0
Illorai,2023,4,,,,,0.0,0.0,,,0.0,1.0
Illorai,2023,5,,,,,0.0,0.0,,,0.0,1.0
Illorai,2023,6,,,,,0.0,0.0,,,0.0,1.0
Illorai,2023,7,,,,,0.0,0.0,,,0.0,1.0
Illorai,2023,8,,,,,0.0,0.0,,,0.0,1.0
Illorai,2023,9,,,,,0.0,0.0,,,0.0,1.0
Illorai,2023,10,,,,,0.0,0.0,,,0.0,1.0
Illorai,2023,11,,,,,0.0,0.0,,,0.0,1.0
Illorai,2023,12,,,,,0.0,0.0,,,0.0,1.0
Irgoli,2023,1,0.14,0.0001,0.0048,0.0002,2.95,0.0144,5.26,0.1776,0.0027,4.0
Irgoli,2023,2,0.01,0.0,0.0002,0.0,2.95,0.0144,5.26,0.1776,0.0,4.0
Irgoli,2023,3,0.01,0.0,0.0003,0.0,2.95,0.0144,5.26,0.1776,0.0,4.0
Irgoli,2023,4,0.15,0.0001,0.0052,0.0002,2.95,0.0144,5.26,0.1776,0.0027,4.0
Irgoli,2023,5,1.38,0.0008,0.0472,0.0016,2.95,0.0144,5.26,0.1776,0.0076,4.0
Irgoli,2023,6,4.23,0.0025,0.1445,0.0048,2.95,0.0144,5.26,0.1776,0.0132,4.0
Irgoli,2023,7,20.63,0.0121,0.7048,0.0232,2.95,0.0144,5.26,0.1776,0.0291,4.0
Irgoli,2023,8,22.41,0.0131,0.7656,0.0252,2.95,0.0144,5.26,0.1776,0.0303,4.0
Irgoli,2023,9,6.1,0.0036,0.2084,0.0069,2.95,0.0144,5.26,0.1776,0.0159,4.0
Irgoli,2023,10,0.92,0.0005,0.0316,0.001,2.95,0.0144,5.26,0.1776,0.006,4.0
Irgoli,2023,11,0.74,0.0004,0.0253,0.0008,2.95,0.0144,5.26,0.1776,0.0053,4.0
Irgoli,2023,12,0.01,0.0,0.0004,0.0,2.95,0.0144,5.26,0.1776,0.0,4.0
Isili,2023,1,0.61,0.0004,0.0167,0.0005,0.59,0.0029,5.84,0.1972,0.0033,4.0
Isili,2023,2,0.49,0.0003,0.0135,0.0004,0.59,0.0029,5.84,0.1972,0.0029,4.0
Isili,2023,3,1.3,0.0008,0.0359,0.0012,0.59,0.0029,5.84,0.1972,0.0048,4.0
Isili,2023,4,0.66,0.0004,0.0184,0.0006,0.59,0.0029,5.84,0.1972,0.0034,4.0
Isili,2023,5,1.71,0.001,0.0473,0.0016,0.59,0.0029,5.84,0.1972,0.0055,4.0
Isili,2023,6,1.26,0.0007,0.0347,0.0011,0.59,0.0029,5.84,0.1972,0.0046,4.0
Isili,2023,7,1.09,0.0006,0.0302,0.001,0.59,0.0029,5.84,0.1972,0.0043,4.0
Isili,2023,8,1.58,0.0009,0.0436,0.0014,0.59,0.0029,5.84,0.1972,0.0052,4.0
Isili,2023,9,0.92,0.0005,0.0253,0.0008,0.59,0.0029,5.84,0.1972,0.0039,4.0
Isili,2023,10,1.51,0.0009,0.0416,0.0014,0.59,0.0029,5.84,0.1972,0.0052,4.0
Isili,2023,11,0.62,0.0004,0.0171,0.0006,0.59,0.0029,5.84,0.1972,0.0034,4.0
Isili,2023,12,0.84,0.0005,0.0232,0.0008,0.59,0.0029,5.84,0.1972,0.0039,4.0
Ittireddu,2023,1,,,,,0.84,0.0041,0.0,0.0,0.0,2.0
Ittireddu,2023,2,,,,,0.84,0.0041,0.0,0.0,0.0,2.0
Ittireddu,2023,3,,,,,0.84,0.0041,0.0,0.0,0.0,2.0
Ittireddu,2023,4,,,,,0.84,0.0041,0.0,0.0,0.0,2.0
Ittireddu,2023,5,,,,,0.84,0.0041,0.0,0.0,0.0,2.0
Ittireddu,2023,6,,,,,0.84,0.0041,0.0,0.0,0.0,2.0
Ittireddu,2023,7,,,,,0.84,0.0041,0.0,0.0,0.0,2.0
Ittireddu,2023,8,,,,,0.84,0.0041,0.0,0.0,0.0,2.0
Ittireddu,2023,9,,,,,0.84,0.0041,0.0,0.0,0.0,2.0
Ittireddu,2023,10,,,,,0.84,0.0041,0.0,0.0,0.0,2.0
Ittireddu,2023,11,,,,,0.84,0.0041,0.0,0.0,0.0,2.0
Ittireddu,2023,12,,,,,0.84,0.0041,0.0,0.0,0.0,2.0
Ittiri,2023,1,0.04,0.0,0.0005,0.0,0.47,0.0023,1.58,0.0533,0.0,4.0
Ittiri,2023,2,0.18,0.0001,0.0025,0.0001,0.47,0.0023,1.58,0.0533,0.0011,4.0
Ittiri,2023,3,0.04,0.0,0.0006,0.0,0.47,0.0023,1.58,0.0533,0.0,4.0
Ittiri,2023,4,0.34,0.0002,0.0048,0.0002,0.47,0.0023,1.58,0.0533,0.0015,4.0
Ittiri,2023,5,0.12,0.0001,0.0016,0.0001,0.47,0.0023,1.58,0.0533,0.0011,4.0
Ittiri,2023,6,0.2,0.0001,0.0028,0.0001,0.47,0.0023,1.58,0.0533,0.0011,4.0
Ittiri,2023,7,1.16,0.0007,0.0162,0.0005,0.47,0.0023,1.58,0.0533,0.0026,4.0
Ittiri,2023,8,0.27,0.0002,0.0038,0.0001,0.47,0.0023,1.58,0.0533,0.0013,4.0
Ittiri,2023,9,0.17,0.0001,0.0024,0.0001,0.47,0.0023,1.58,0.0533,0.0011,4.0
Ittiri,2023,10,0.1,0.0001,0.0014,0.0,0.47,0.0023,1.58,0.0533,0.0,4.0
Ittiri,2023,11,0.05,0.0,0.0007,0.0,0.47,0.0023,1.58,0.0533,0.0,4.0
Ittiri,2023,12,0.06,0.0,0.0009,0.0,0.47,0.0023,1.58,0.0533,0.0,4.0
Jerzu,2023,1,0.31,0.0002,0.0107,0.0004,1.08,0.0053,7.25,0.2448,0.0032,4.0
Jerzu,2023,2,0.82,0.0005,0.028,0.0009,1.08,0.0053,7.25,0.2448,0.0049,4.0
Jerzu,2023,3,0.56,0.0003,0.019,0.0006,1.08,0.0053,7.25,0.2448,0.0039,4.0
Jerzu,2023,4,1.27,0.0007,0.0433,0.0014,1.08,0.0053,7.25,0.2448,0.006,4.0
Jerzu,2023,5,3.72,0.0022,0.1265,0.0042,1.08,0.0053,7.25,0.2448,0.0105,4.0
Jerzu,2023,6,3.01,0.0018,0.1026,0.0034,1.08,0.0053,7.25,0.2448,0.0094,4.0
Jerzu,2023,7,3.75,0.0022,0.1275,0.0042,1.08,0.0053,7.25,0.2448,0.0105,4.0
Jerzu,2023,8,7.47,0.0044,0.2544,0.0084,1.08,0.0053,7.25,0.2448,0.0148,4.0
Jerzu,2023,9,3.21,0.0019,0.1092,0.0036,1.08,0.0053,7.25,0.2448,0.0097,4.0
Jerzu,2023,10,3.3,0.0019,0.1122,0.0037,1.08,0.0053,7.25,0.2448,0.0098,4.0
Jerzu,2023,11,0.42,0.0002,0.0143,0.0005,1.08,0.0053,7.25,0.2448,0.0034,4.0
Jerzu,2023,12,0.62,0.0004,0.021,0.0007,1.08,0.0053,7.25,0.2448,0.0044,4.0
La Maddalena,2023,1,6.57,0.0038,0.0328,0.0011,120.1,0.5864,9.49,0.3204,0.0298,4.0
La Maddalena,2023,2,7.02,0.0041,0.0351,0.0012,120.1,0.5864,9.49,0.3204,0.031,4.0
La Maddalena,2023,3,11.5,0.0067,0.0574,0.0019,120.1,0.5864,9.49,0.3204,0.0393,4.0
La Maddalena,2023,4,134.94,0.0789,0.6737,0.0222,120.1,0.5864,9.49,0.3204,0.1347,4.0
La Maddalena,2023,5,224.06,0.131,1.1186,0.0368,120.1,0.5864,9.49,0.3204,0.1735,4.0
La Maddalena,2023,6,619.28,0.3621,3.0916,0.1018,120.1,0.5864,9.49,0.3204,0.2885,4.0
La Maddalena,2023,7,1006.08,0.5882,5.0226,0.1654,120.1,0.5864,9.49,0.3204,0.3677,4.0
La Maddalena,2023,8,1213.13,0.7093,6.0563,0.1994,120.1,0.5864,9.49,0.3204,0.4037,4.0
La Maddalena,2023,9,715.42,0.4183,3.5716,0.1176,120.1,0.5864,9.49,0.3204,0.3101,4.0
La Maddalena,2023,10,198.86,0.1163,0.9927,0.0327,120.1,0.5864,9.49,0.3204,0.1635,4.0
La Maddalena,2023,11,12.07,0.0071,0.0602,0.002,120.1,0.5864,9.49,0.3204,0.0404,4.0
La Maddalena,2023,12,9.8,0.0057,0.0489,0.0016,120.1,0.5864,9.49,0.3204,0.0362,4.0
Laconi,2023,1,1.49,0.0009,0.1111,0.0037,0.74,0.0036,4.51,0.1523,0.0065,4.0
Laconi,2023,2,1.24,0.0007,0.0926,0.003,0.74,0.0036,4.51,0.1523,0.0058,4.0
Laconi,2023,3,1.2,0.0007,0.0896,0.003,0.74,0.0036,4.51,0.1523,0.0058,4.0
Laconi,2023,4,1.41,0.0008,0.1051,0.0035,0.74,0.0036,4.51,0.1523,0.0063,4.0
Laconi,2023,5,0.64,0.0004,0.0478,0.0016,0.74,0.0036,4.51,0.1523,0.0043,4.0
Laconi,2023,6,0.53,0.0003,0.0394,0.0013,0.74,0.0036,4.51,0.1523,0.0038,4.0
Laconi,2023,7,0.87,0.0005,0.0651,0.0021,0.74,0.0036,4.51,0.1523,0.0049,4.0
Laconi,2023,8,0.86,0.0005,0.0639,0.0021,0.74,0.0036,4.51,0.1523,0.0049,4.0
Laconi,2023,9,1.21,0.0007,0.0902,0.003,0.74,0.0036,4.51,0.1523,0.0058,4.0
Laconi,2023,10,0.83,0.0005,0.0615,0.002,0.74,0.0036,4.51,0.1523,0.0048,4.0
Laconi,2023,11,0.87,0.0005,0.0651,0.0021,0.74,0.0036,4.51,0.1523,0.0049,4.0
Laconi,2023,12,0.99,0.0006,0.0741,0.0024,0.74,0.0036,4.51,0.1523,0.0053,4.0
Laerru,2023,1,,,,,0.0,0.0,,,0.0,1.0
Laerru,2023,2,,,,,0.0,0.0,,,0.0,1.0
Laerru,2023,3,,,,,0.0,0.0,,,0.0,1.0
Laerru,2023,4,,,,,0.0,0.0,,,0.0,1.0
Laerru,2023,5,,,,,0.0,0.0,,,0.0,1.0
Laerru,2023,6,,,,,0.0,0.0,,,0.0,1.0
Laerru,2023,7,,,,,0.0,0.0,,,0.0,1.0
Laerru,2023,8,,,,,0.0,0.0,,,0.0,1.0
Laerru,2023,9,,,,,0.0,0.0,,,0.0,1.0
Laerru,2023,10,,,,,0.0,0.0,,,0.0,1.0
Laerru,2023,11,,,,,0.0,0.0,,,0.0,1.0
Laerru,2023,12,,,,,0.0,0.0,,,0.0,1.0
Lanusei,2023,1,1.21,0.0007,0.0127,0.0004,7.41,0.0362,2.88,0.0972,0.0056,4.0
Lanusei,2023,2,1.7,0.001,0.0178,0.0006,7.41,0.0362,2.88,0.0972,0.0068,4.0
Lanusei,2023,3,2.15,0.0013,0.0226,0.0007,7.41,0.0362,2.88,0.0972,0.0075,4.0
Lanusei,2023,4,0.77,0.0005,0.0081,0.0003,7.41,0.0362,2.88,0.0972,0.0048,4.0
Lanusei,2023,5,3.24,0.0019,0.0341,0.0011,7.41,0.0362,2.88,0.0972,0.0093,4.0
Lanusei,2023,6,6.56,0.0038,0.0689,0.0023,7.41,0.0362,2.88,0.0972,0.0132,4.0
Lanusei,2023,7,23.63,0.0138,0.2482,0.0082,7.41,0.0362,2.88,0.0972,0.0251,4.0
Lanusei,2023,8,23.71,0.0139,0.249,0.0082,7.41,0.0362,2.88,0.0972,0.0252,4.0
Lanusei,2023,9,7.6,0.0044,0.0798,0.0026,7.41,0.0362,2.88,0.0972,0.0142,4.0
Lanusei,2023,10,3.38,0.002,0.0355,0.0012,7.41,0.0362,2.88,0.0972,0.0096,4.0
Lanusei,2023,11,2.17,0.0013,0.0228,0.0008,7.41,0.0362,2.88,0.0972,0.0078,4.0
Lanusei,2023,12,1.92,0.0011,0.0202,0.0007,7.41,0.0362,2.88,0.0972,0.0072,4.0
Las Plassas,2023,1,0.09,0.0001,0.0048,0.0002,0.27,0.0013,4.84,0.1634,0.0014,4.0
Las Plassas,2023,2,0.08,0.0,0.004,0.0001,0.27,0.0013,4.84,0.1634,0.0,4.0
Las Plassas,2023,3,0.09,0.0001,0.005,0.0002,0.27,0.0013,4.84,0.1634,0.0014,4.0
Las Plassas,2023,4,0.21,0.0001,0.0111,0.0004,0.27,0.0013,4.84,0.1634,0.0017,4.0
Las Plassas,2023,5,0.54,0.0003,0.0286,0.0009,0.27,0.0013,4.84,0.1634,0.0028,4.0
Las Plassas,2023,6,0.45,0.0003,0.024,0.0008,0.27,0.0013,4.84,0.1634,0.0027,4.0
Las Plassas,2023,7,1.81,0.0011,0.0956,0.0031,0.27,0.0013,4.84,0.1634,0.0052,4.0
Las Plassas,2023,8,0.63,0.0004,0.0332,0.0011,0.27,0.0013,4.84,0.1634,0.0031,4.0
Las Plassas,2023,9,0.39,0.0002,0.0207,0.0007,0.27,0.0013,4.84,0.1634,0.0023,4.0
Las Plassas,2023,10,0.23,0.0001,0.0121,0.0004,0.27,0.0013,4.84,0.1634,0.0017,4.0
Las Plassas,2023,11,0.11,0.0001,0.0058,0.0002,0.27,0.0013,4.84,0.1634,0.0014,4.0
Las Plassas,2023,12,0.14,0.0001,0.0075,0.0002,0.27,0.0013,4.84,0.1634,0.0014,4.0
Lei,2023,1,,,,,0.0,0.0,,,0.0,1.0
Lei,2023,2,,,,,0.0,0.0,,,0.0,1.0
Lei,2023,3,,,,,0.0,0.0,,,0.0,1.0
Lei,2023,4,,,,,0.0,0.0,,,0.0,1.0
Lei,2023,5,,,,,0.0,0.0,,,0.0,1.0
Lei,2023,6,,,,,0.0,0.0,,,0.0,1.0
Lei,2023,7,,,,,0.0,0.0,,,0.0,1.0
Lei,2023,8,,,,,0.0,0.0,,,0.0,1.0
Lei,2023,9,,,,,0.0,0.0,,,0.0,1.0
Lei,2023,10,,,,,0.0,0.0,,,0.0,1.0
Lei,2023,11,,,,,0.0,0.0,,,0.0,1.0
Lei,2023,12,,,,,0.0,0.0,,,0.0,1.0
Loceri,2023,1,1.36,0.0008,0.0205,0.0007,6.38,0.0311,7.68,0.2593,0.0082,4.0
Loceri,2023,2,0.06,0.0,0.0009,0.0,6.38,0.0311,7.68,0.2593,0.0,4.0
Loceri,2023,3,0.07,0.0,0.0011,0.0,6.38,0.0311,7.68,0.2593,0.0,4.0
Loceri,2023,4,1.71,0.001,0.0258,0.0008,6.38,0.0311,7.68,0.2593,0.009,4.0
Loceri,2023,5,1.91,0.0011,0.0289,0.001,6.38,0.0311,7.68,0.2593,0.0097,4.0
Loceri,2023,6,17.49,0.0102,0.2641,0.0087,6.38,0.0311,7.68,0.2593,0.0291,4.0
Loceri,2023,7,46.15,0.027,0.6968,0.0229,6.38,0.0311,7.68,0.2593,0.0473,4.0
Loceri,2023,8,73.42,0.0429,1.1085,0.0365,6.38,0.0311,7.68,0.2593,0.0596,4.0
Loceri,2023,9,27.28,0.0159,0.4118,0.0136,6.38,0.0311,7.68,0.2593,0.0363,4.0
Loceri,2023,10,9.29,0.0054,0.1403,0.0046,6.38,0.0311,7.68,0.2593,0.0212,4.0
Loceri,2023,11,0.09,0.0001,0.0013,0.0,6.38,0.0311,7.68,0.2593,0.0,4.0
Loceri,2023,12,0.11,0.0001,0.0017,0.0001,6.38,0.0311,7.68,0.2593,0.003,4.0
Loculi,2023,1,0.08,0.0,0.006,0.0002,1.54,0.0075,3.88,0.131,0.0,4.0
Loculi,2023,2,0.07,0.0,0.0051,0.0002,1.54,0.0075,3.88,0.131,0.0,4.0
Loculi,2023,3,0.08,0.0,0.0063,0.0002,1.54,0.0075,3.88,0.131,0.0,4.0
Loculi,2023,4,0.18,0.0001,0.014,0.0005,1.54,0.0075,3.88,0.131,0.0026,4.0
Loculi,2023,5,0.23,0.0001,0.0181,0.0006,1.54,0.0075,3.88,0.131,0.0028,4.0
Loculi,2023,6,1.7,0.001,0.132,0.0043,1.54,0.0075,3.88,0.131,0.0081,4.0
Loculi,2023,7,6.57,0.0038,0.5108,0.0168,1.54,0.0075,3.88,0.131,0.0158,4.0
Loculi,2023,8,8.99,0.0053,0.6997,0.023,1.54,0.0075,3.88,0.131,0.0186,4.0
Loculi,2023,9,3.58,0.0021,0.2787,0.0092,1.54,0.0075,3.88,0.131,0.0117,4.0
Loculi,2023,10,0.2,0.0001,0.0153,0.0005,1.54,0.0075,3.88,0.131,0.0026,4.0
Loculi,2023,11,0.09,0.0001,0.0072,0.0002,1.54,0.0075,3.88,0.131,0.0021,4.0
Loculi,2023,12,0.12,0.0001,0.0095,0.0003,1.54,0.0075,3.88,0.131,0.0023,4.0
Lodine,2023,1,0.08,0.0,0.0021,0.0001,1.54,0.0075,0.55,0.0186,0.0,4.0
Lodine,2023,2,0.07,0.0,0.0018,0.0001,1.54,0.0075,0.55,0.0186,0.0,4.0
Lodine,2023,3,0.09,0.0001,0.0022,0.0001,1.54,0.0075,0.55,0.0186,0.0011,4.0
Lodine,2023,4,0.19,0.0001,0.005,0.0002,1.54,0.0075,0.55,0.0186,0.0013,4.0
Lodine,2023,5,0.25,0.0001,0.0064,0.0002,1.54,0.0075,0.55,0.0186,0.0013,4.0
Lodine,2023,6,0.42,0.0002,0.0107,0.0004,1.54,0.0075,0.55,0.0186,0.0018,4.0
Lodine,2023,7,0.59,0.0003,0.015,0.0005,1.54,0.0075,0.55,0.0186,0.0021,4.0
Lodine,2023,8,0.58,0.0003,0.0149,0.0005,1.54,0.0075,0.55,0.0186,0.0021,4.0
Lodine,2023,9,0.36,0.0002,0.0092,0.0003,1.54,0.0075,0.55,0.0186,0.0017,4.0
Lodine,2023,10,0.21,0.0001,0.0054,0.0002,1.54,0.0075,0.55,0.0186,0.0013,4.0
Lodine,2023,11,0.1,0.0001,0.0026,0.0001,1.54,0.0075,0.55,0.0186,0.0011,4.0
Lodine,2023,12,0.13,0.0001,0.0034,0.0001,1.54,0.0075,0.55,0.0186,0.0011,4.0
Lodè,2023,1,0.01,0.0,0.0012,0.0,0.37,0.0018,1.0,0.0338,0.0,4.0
Lodè,2023,2,0.01,0.0,0.001,0.0,0.37,0.0018,1.0,0.0338,0.0,4.0
Lodè,2023,3,0.02,0.0,0.0013,0.0,0.37,0.0018,1.0,0.0338,0.0,4.0
Lodè,2023,4,0.03,0.0,0.0028,0.0001,0.37,0.0018,1.0,0.0338,0.0,4.0
Lodè,2023,5,0.04,0.0,0.0036,0.0001,0.37,0.0018,1.0,0.0338,0.0,4.0
Lodè,2023,6,0.07,0.0,0.006,0.0002,0.37,0.0018,1.0,0.0338,0.0,4.0
Lodè,2023,7,0.54,0.0003,0.0443,0.0015,0.37,0.0018,1.0,0.0338,0.0023,4.0
Lodè,2023,8,0.48,0.0003,0.0395,0.0013,0.37,0.0018,1.0,0.0338,0.0022,4.0
Lodè,2023,9,0.06,0.0,0.0052,0.0002,0.37,0.0018,1.0,0.0338,0.0,4.0
Lodè,2023,10,0.04,0.0,0.0031,0.0001,0.37,0.0018,1.0,0.0338,0.0,4.0
Lodè,2023,11,0.02,0.0,0.0014,0.0,0.37,0.0018,1.0,0.0338,0.0,4.0
Lodè,2023,12,0.02,0.0,0.0019,0.0001,0.37,0.0018,1.0,0.0338,0.0,4.0
Loiri Porto San Paolo,2023,1,0.55,0.0003,0.0176,0.0006,31.76,0.1551,9.2,0.3106,0.0096,4.0
Loiri Porto San Paolo,2023,2,0.95,0.0006,0.0304,0.001,31.76,0.1551,9.2,0.3106,0.013,4.0
Loiri Porto San Paolo,2023,3,1.65,0.001,0.0529,0.0017,31.76,0.1551,9.2,0.3106,0.0169,4.0
Loiri Porto San Paolo,2023,4,38.15,0.0223,1.2255,0.0404,31.76,0.1551,9.2,0.3106,0.0812,4.0
Loiri Porto San Paolo,2023,5,80.57,0.0471,2.5885,0.0852,31.76,0.1551,9.2,0.3106,0.1179,4.0
Loiri Porto San Paolo,2023,6,284.28,0.1662,9.1331,0.3007,31.76,0.1551,9.2,0.3106,0.2215,4.0
Loiri Porto San Paolo,2023,7,220.37,0.1288,7.0797,0.2331,31.76,0.1551,9.2,0.3106,0.195,4.0
Loiri Porto San Paolo,2023,8,236.33,0.1382,7.5926,0.25,31.76,0.1551,9.2,0.3106,0.202,4.0
Loiri Porto San Paolo,2023,9,145.14,0.0849,4.6628,0.1535,31.76,0.1551,9.2,0.3106,0.1583,4.0
Loiri Porto San Paolo,2023,10,56.47,0.033,1.8143,0.0597,31.76,0.1551,9.2,0.3106,0.0987,4.0
Loiri Porto San Paolo,2023,11,1.07,0.0006,0.0344,0.0011,31.76,0.1551,9.2,0.3106,0.0134,4.0
Loiri Porto San Paolo,2023,12,1.09,0.0006,0.035,0.0012,31.76,0.1551,9.2,0.3106,0.0136,4.0
Lotzorai,2023,1,1.78,0.001,0.0141,0.0005,139.42,0.6807,8.74,0.2951,0.0178,4.0
Lotzorai,2023,2,3.2,0.0019,0.0254,0.0008,139.42,0.6807,8.74,0.2951,0.0235,4.0
Lotzorai,2023,3,5.03,0.0029,0.04,0.0013,139.42,0.6807,8.74,0.2951,0.0295,4.0
Lotzorai,2023,4,81.67,0.0477,0.6491,0.0214,139.42,0.6807,8.74,0.2951,0.1197,4.0
Lotzorai,2023,5,212.92,0.1245,1.6924,0.0557,139.42,0.6807,8.74,0.2951,0.1932,4.0
Lotzorai,2023,6,525.62,0.3073,4.1778,0.1376,139.42,0.6807,8.74,0.2951,0.3036,4.0
Lotzorai,2023,7,1127.53,0.6592,8.9619,0.2951,139.42,0.6807,8.74,0.2951,0.4446,4.0
Lotzorai,2023,8,1325.6,0.775,10.5362,0.3469,139.42,0.6807,8.74,0.2951,0.4821,4.0
Lotzorai,2023,9,760.03,0.4443,6.0409,0.1989,139.42,0.6807,8.74,0.2951,0.365,4.0
Lotzorai,2023,10,380.76,0.2226,3.0263,0.0996,139.42,0.6807,8.74,0.2951,0.2583,4.0
Lotzorai,2023,11,13.32,0.0078,0.1058,0.0035,139.42,0.6807,8.74,0.2951,0.0484,4.0
Lotzorai,2023,12,11.07,0.0065,0.088,0.0029,139.42,0.6807,8.74,0.2951,0.0441,4.0
Lula,2023,1,0.0,0.0,0.0003,0.0,0.35,0.0017,1.49,0.0503,0.0,4.0
Lula,2023,2,0.0,0.0,0.0003,0.0,0.35,0.0017,1.49,0.0503,0.0,4.0
Lula,2023,3,0.0,0.0,0.0004,0.0,0.35,0.0017,1.49,0.0503,0.0,4.0
Lula,2023,4,0.09,0.0001,0.0104,0.0003,0.35,0.0017,1.49,0.0503,0.0013,4.0
Lula,2023,5,0.06,0.0,0.0074,0.0002,0.35,0.0017,1.49,0.0503,0.0,4.0
Lula,2023,6,0.12,0.0001,0.0137,0.0005,0.35,0.0017,1.49,0.0503,0.0014,4.0
Lula,2023,7,0.64,0.0004,0.0757,0.0025,0.35,0.0017,1.49,0.0503,0.003,4.0
Lula,2023,8,0.52,0.0003,0.0613,0.002,0.35,0.0017,1.49,0.0503,0.0027,4.0
Lula,2023,9,0.01,0.0,0.0015,0.0,0.35,0.0017,1.49,0.0503,0.0,4.0
Lula,2023,10,0.01,0.0,0.0009,0.0,0.35,0.0017,1.49,0.0503,0.0,4.0
Lula,2023,11,0.45,0.0003,0.053,0.0017,0.35,0.0017,1.49,0.0503,0.0026,4.0
Lula,2023,12,0.0,0.0,0.0005,0.0,0.35,0.0017,1.49,0.0503,0.0,4.0
Lunamatrona,2023,1,0.15,0.0001,0.0019,0.0001,12.66,0.0618,0.07,0.0024,0.0011,4.0
Lunamatrona,2023,2,0.0,0.0,0.0,0.0,12.66,0.0618,0.07,0.0024,0.0,4.0
Lunamatrona,2023,3,0.43,0.0003,0.0056,0.0002,12.66,0.0618,0.07,0.0024,0.0017,4.0
Lunamatrona,2023,4,0.0,0.0,0.0,0.0,12.66,0.0618,0.07,0.0024,0.0,4.0
Lunamatrona,2023,5,0.0,0.0,0.0,0.0,12.66,0.0618,0.07,0.0024,0.0,4.0
Lunamatrona,2023,6,1.45,0.0008,0.0186,0.0006,12.66,0.0618,0.07,0.0024,0.0029,4.0
Lunamatrona,2023,7,1.36,0.0008,0.0174,0.0006,12.66,0.0618,0.07,0.0024,0.0029,4.0
Lunamatrona,2023,8,0.01,0.0,0.0001,0.0,12.66,0.0618,0.07,0.0024,0.0,4.0
Lunamatrona,2023,9,0.01,0.0,0.0001,0.0,12.66,0.0618,0.07,0.0024,0.0,4.0
Lunamatrona,2023,10,0.0,0.0,0.0,0.0,12.66,0.0618,0.07,0.0024,0.0,4.0
Lunamatrona,2023,11,0.0,0.0,0.0,0.0,12.66,0.0618,0.07,0.0024,0.0,4.0
Lunamatrona,2023,12,0.0,0.0,0.0,0.0,12.66,0.0618,0.07,0.0024,0.0,4.0
Luogosanto,2023,1,0.05,0.0,0.004,0.0001,2.63,0.0128,5.94,0.2005,0.0,4.0
Luogosanto,2023,2,0.0,0.0,0.0002,0.0,2.63,0.0128,5.94,0.2005,0.0,4.0
Luogosanto,2023,3,0.0,0.0,0.0002,0.0,2.63,0.0128,5.94,0.2005,0.0,4.0
Luogosanto,2023,4,1.45,0.0008,0.1073,0.0035,2.63,0.0128,5.94,0.2005,0.0092,4.0
Luogosanto,2023,5,2.37,0.0014,0.1749,0.0058,2.63,0.0128,5.94,0.2005,0.012,4.0
Luogosanto,2023,6,8.2,0.0048,0.6054,0.0199,2.63,0.0128,5.94,0.2005,0.0223,4.0
Luogosanto,2023,7,17.4,0.0102,1.2853,0.0423,2.63,0.0128,5.94,0.2005,0.0324,4.0
Luogosanto,2023,8,16.26,0.0095,1.2009,0.0395,2.63,0.0128,5.94,0.2005,0.0313,4.0
Luogosanto,2023,9,9.43,0.0055,0.6962,0.0229,2.63,0.0128,5.94,0.2005,0.0238,4.0
Luogosanto,2023,10,1.9,0.0011,0.1403,0.0046,2.63,0.0128,5.94,0.2005,0.0107,4.0
Luogosanto,2023,11,0.0,0.0,0.0003,0.0,2.63,0.0128,5.94,0.2005,0.0,4.0
Luogosanto,2023,12,0.0,0.0,0.0003,0.0,2.63,0.0128,5.94,0.2005,0.0,4.0
Luras,2023,1,0.14,0.0001,0.0052,0.0002,0.83,0.0041,1.0,0.0338,0.0013,4.0
Luras,2023,2,0.12,0.0001,0.0043,0.0001,0.83,0.0041,1.0,0.0338,0.0011,4.0
Luras,2023,3,0.02,0.0,0.0006,0.0,0.83,0.0041,1.0,0.0338,0.0,4.0
Luras,2023,4,0.04,0.0,0.0013,0.0,0.83,0.0041,1.0,0.0338,0.0,4.0
Luras,2023,5,0.15,0.0001,0.0055,0.0002,0.83,0.0041,1.0,0.0338,0.0013,4.0
Luras,2023,6,0.21,0.0001,0.0079,0.0003,0.83,0.0041,1.0,0.0338,0.0014,4.0
Luras,2023,7,0.11,0.0001,0.004,0.0001,0.83,0.0041,1.0,0.0338,0.0011,4.0
Luras,2023,8,0.99,0.0006,0.0366,0.0012,0.83,0.0041,1.0,0.0338,0.0032,4.0
Luras,2023,9,1.17,0.0007,0.0431,0.0014,0.83,0.0041,1.0,0.0338,0.0034,4.0
Luras,2023,10,0.04,0.0,0.0014,0.0,0.83,0.0041,1.0,0.0338,0.0,4.0
Luras,2023,11,0.02,0.0,0.0007,0.0,0.83,0.0041,1.0,0.0338,0.0,4.0
Luras,2023,12,0.02,0.0,0.0009,0.0,0.83,0.0041,1.0,0.0338,0.0,4.0
Macomer,2023,1,6.55,0.0038,0.086,0.0028,0.66,0.0032,30.7,1.0,0.0136,4.0
Macomer,2023,2,6.99,0.0041,0.0916,0.003,0.66,0.0032,30.7,1.0,0.0141,4.0
Macomer,2023,3,6.79,0.004,0.0891,0.0029,0.66,0.0032,30.7,1.0,0.0139,4.0
Macomer,2023,4,2.87,0.0017,0.0376,0.0012,0.66,0.0032,30.7,1.0,0.009,4.0
Macomer,2023,5,6.87,0.004,0.0901,0.003,0.66,0.0032,30.7,1.0,0.014,4.0
Macomer,2023,6,6.78,0.004,0.089,0.0029,0.66,0.0032,30.7,1.0,0.0139,4.0
Macomer,2023,7,7.29,0.0043,0.0956,0.0031,0.66,0.0032,30.7,1.0,0.0144,4.0
Macomer,2023,8,7.52,0.0044,0.0987,0.0032,0.66,0.0032,30.7,1.0,0.0146,4.0
Macomer,2023,9,6.98,0.0041,0.0915,0.003,0.66,0.0032,30.7,1.0,0.0141,4.0
Macomer,2023,10,6.95,0.0041,0.0911,0.003,0.66,0.0032,30.7,1.0,0.0141,4.0
Macomer,2023,11,6.77,0.004,0.0888,0.0029,0.66,0.0032,30.7,1.0,0.0139,4.0
Macomer,2023,12,6.93,0.0041,0.0909,0.003,0.66,0.0032,30.7,1.0,0.0141,4.0
Magomadas,2023,1,0.01,0.0,0.0001,0.0,37.64,0.1838,8.14,0.2748,0.0,4.0
Magomadas,2023,2,0.01,0.0,0.0001,0.0,37.64,0.1838,8.14,0.2748,0.0,4.0
Magomadas,2023,3,1.78,0.001,0.0267,0.0009,37.64,0.1838,8.14,0.2748,0.0146,4.0
Magomadas,2023,4,47.83,0.028,0.7178,0.0236,37.64,0.1838,8.14,0.2748,0.076,4.0
Magomadas,2023,5,77.5,0.0453,1.1631,0.0383,37.64,0.1838,8.14,0.2748,0.0968,4.0
Magomadas,2023,6,159.54,0.0933,2.3941,0.0788,37.64,0.1838,8.14,0.2748,0.1388,4.0
Magomadas,2023,7,271.24,0.1586,4.0704,0.134,37.64,0.1838,8.14,0.2748,0.181,4.0
Magomadas,2023,8,286.63,0.1676,4.3013,0.1416,37.64,0.1838,8.14,0.2748,0.1861,4.0
Magomadas,2023,9,170.94,0.0999,2.5652,0.0845,37.64,0.1838,8.14,0.2748,0.1437,4.0
Magomadas,2023,10,91.01,0.0532,1.3657,0.045,37.64,0.1838,8.14,0.2748,0.1049,4.0
Magomadas,2023,11,8.64,0.0051,0.1297,0.0043,37.64,0.1838,8.14,0.2748,0.0324,4.0
Magomadas,2023,12,2.45,0.0014,0.0367,0.0012,37.64,0.1838,8.14,0.2748,0.0171,4.0
Mamoiada,2023,1,1.79,0.001,0.0369,0.0012,3.56,0.0174,3.58,0.1209,0.0071,4.0
Mamoiada,2023,2,3.09,0.0018,0.0638,0.0021,3.56,0.0174,3.58,0.1209,0.0094,4.0
Mamoiada,2023,3,1.61,0.0009,0.0331,0.0011,3.56,0.0174,3.58,0.1209,0.0068,4.0
Mamoiada,2023,4,2.18,0.0013,0.0449,0.0015,3.56,0.0174,3.58,0.1209,0.008,4.0
Mamoiada,2023,5,4.01,0.0023,0.0826,0.0027,3.56,0.0174,3.58,0.1209,0.0107,4.0
Mamoiada,2023,6,4.72,0.0028,0.0973,0.0032,3.56,0.0174,3.58,0.1209,0.0117,4.0
Mamoiada,2023,7,3.4,0.002,0.0701,0.0023,3.56,0.0174,3.58,0.1209,0.0099,4.0
Mamoiada,2023,8,12.6,0.0074,0.2596,0.0085,3.56,0.0174,3.58,0.1209,0.0191,4.0
Mamoiada,2023,9,4.21,0.0025,0.0868,0.0029,3.56,0.0174,3.58,0.1209,0.0111,4.0
Mamoiada,2023,10,3.11,0.0018,0.0642,0.0021,3.56,0.0174,3.58,0.1209,0.0094,4.0
Mamoiada,2023,11,2.87,0.0017,0.0591,0.0019,3.56,0.0174,3.58,0.1209,0.0091,4.0
Mamoiada,2023,12,2.89,0.0017,0.0596,0.002,3.56,0.0174,3.58,0.1209,0.0092,4.0
Mandas,2023,1,0.58,0.0003,0.013,0.0004,0.71,0.0035,13.66,0.4612,0.0037,4.0
Mandas,2023,2,0.02,0.0,0.0004,0.0,0.71,0.0035,13.66,0.4612,0.0,4.0
Mandas,2023,3,0.49,0.0003,0.011,0.0004,0.71,0.0035,13.66,0.4612,0.0037,4.0
Mandas,2023,4,1.39,0.0008,0.0311,0.001,0.71,0.0035,13.66,0.4612,0.006,4.0
Mandas,2023,5,4.23,0.0025,0.0948,0.0031,0.71,0.0035,13.66,0.4612,0.0106,4.0
Mandas,2023,6,5.26,0.0031,0.1177,0.0039,0.71,0.0035,13.66,0.4612,0.0118,4.0
Mandas,2023,7,4.08,0.0024,0.0913,0.003,0.71,0.0035,13.66,0.4612,0.0104,4.0
Mandas,2023,8,5.95,0.0035,0.1331,0.0044,0.71,0.0035,13.66,0.4612,0.0126,4.0
Mandas,2023,9,6.4,0.0037,0.1433,0.0047,0.71,0.0035,13.66,0.4612,0.0129,4.0
Mandas,2023,10,4.49,0.0026,0.1005,0.0033,0.71,0.0035,13.66,0.4612,0.0108,4.0
Mandas,2023,11,2.17,0.0013,0.0485,0.0016,0.71,0.0035,13.66,0.4612,0.0076,4.0
Mandas,2023,12,0.52,0.0003,0.0117,0.0004,0.71,0.0035,13.66,0.4612,0.0037,4.0
Mara,2023,1,0.03,0.0,0.0012,0.0,0.32,0.0016,15.3,0.5165,0.0,4.0
Mara,2023,2,0.03,0.0,0.001,0.0,0.32,0.0016,15.3,0.5165,0.0,4.0
Mara,2023,3,0.03,0.0,0.0012,0.0,0.32,0.0016,15.3,0.5165,0.0,4.0
Mara,2023,4,0.08,0.0,0.0027,0.0001,0.32,0.0016,15.3,0.5165,0.0,4.0
Mara,2023,5,0.1,0.0001,0.0035,0.0001,0.32,0.0016,15.3,0.5165,0.0017,4.0
Mara,2023,6,1.29,0.0008,0.0455,0.0015,0.32,0.0016,15.3,0.5165,0.0056,4.0
Mara,2023,7,2.65,0.0015,0.0932,0.0031,0.32,0.0016,15.3,0.5165,0.0079,4.0
Mara,2023,8,6.78,0.004,0.2384,0.0078,0.32,0.0016,15.3,0.5165,0.0127,4.0
Mara,2023,9,5.45,0.0032,0.1919,0.0063,0.32,0.0016,15.3,0.5165,0.0114,4.0
Mara,2023,10,1.43,0.0008,0.0502,0.0017,0.32,0.0016,15.3,0.5165,0.0058,4.0
Mara,2023,11,0.04,0.0,0.0014,0.0,0.32,0.0016,15.3,0.5165,0.0,4.0
Mara,2023,12,0.05,0.0,0.0018,0.0001,0.32,0.0016,15.3,0.5165,0.0,4.0
Maracalagonis,2023,1,1.22,0.0007,0.0156,0.0005,24.52,0.1197,13.92,0.47,0.0118,4.0
Maracalagonis,2023,2,0.79,0.0005,0.0101,0.0003,24.52,0.1197,13.92,0.47,0.0096,4.0
Maracalagonis,2023,3,0.87,0.0005,0.0112,0.0004,24.52,0.1197,13.92,0.47,0.0103,4.0
Maracalagonis,2023,4,10.05,0.0059,0.129,0.0042,24.52,0.1197,13.92,0.47,0.0344,4.0
Maracalagonis,2023,5,33.14,0.0194,0.4253,0.014,24.52,0.1197,13.92,0.47,0.0625,4.0
Maracalagonis,2023,6,215.54,0.126,2.7665,0.0911,24.52,0.1197,13.92,0.47,0.1594,4.0
Maracalagonis,2023,7,331.91,0.194,4.2601,0.1403,24.52,0.1197,13.92,0.47,0.1978,4.0
Maracalagonis,2023,8,386.76,0.2261,4.9641,0.1635,24.52,0.1197,13.92,0.47,0.2136,4.0
Maracalagonis,2023,9,214.19,0.1252,2.7491,0.0905,24.52,0.1197,13.92,0.47,0.1589,4.0
Maracalagonis,2023,10,47.07,0.0275,0.6042,0.0199,24.52,0.1197,13.92,0.47,0.0745,4.0
Maracalagonis,2023,11,2.37,0.0014,0.0305,0.001,24.52,0.1197,13.92,0.47,0.0168,4.0
Maracalagonis,2023,12,1.71,0.001,0.0219,0.0007,24.52,0.1197,13.92,0.47,0.0141,4.0
Marrubiu,2023,1,0.02,0.0,0.0002,0.0,2.04,0.01,2.92,0.0986,0.0,4.0
Marrubiu,2023,2,0.97,0.0006,0.013,0.0004,2.04,0.01,2.92,0.0986,0.0039,4.0
Marrubiu,2023,3,0.8,0.0005,0.0106,0.0003,2.04,0.01,2.92,0.0986,0.0035,4.0
Marrubiu,2023,4,0.46,0.0003,0.0061,0.0002,2.04,0.01,2.92,0.0986,0.0028,4.0
Marrubiu,2023,5,0.14,0.0001,0.0019,0.0001,2.04,0.01,2.92,0.0986,0.0018,4.0
Marrubiu,2023,6,1.49,0.0009,0.0199,0.0007,2.04,0.01,2.92,0.0986,0.005,4.0
Marrubiu,2023,7,4.95,0.0029,0.0659,0.0022,2.04,0.01,2.92,0.0986,0.0089,4.0
Marrubiu,2023,8,7.85,0.0046,0.1044,0.0034,2.04,0.01,2.92,0.0986,0.0111,4.0
Marrubiu,2023,9,3.34,0.002,0.0445,0.0015,2.04,0.01,2.92,0.0986,0.0074,4.0
Marrubiu,2023,10,0.46,0.0003,0.0062,0.0002,2.04,0.01,2.92,0.0986,0.0028,4.0
Marrubiu,2023,11,0.08,0.0,0.0011,0.0,2.04,0.01,2.92,0.0986,0.0,4.0
Marrubiu,2023,12,1.1,0.0006,0.0146,0.0005,2.04,0.01,2.92,0.0986,0.0041,4.0
Martis,2023,1,,,,,2.1,0.0103,2.59,0.0874,0.03,2.0
Martis,2023,2,,,,,2.1,0.0103,2.59,0.0874,0.03,2.0
Martis,2023,3,,,,,2.1,0.0103,2.59,0.0874,0.03,2.0
Martis,2023,4,,,,,2.1,0.0103,2.59,0.0874,0.03,2.0
Martis,2023,5,0.87,,0.0428,,2.1,0.0103,2.59,0.0874,0.03,2.0
Martis,2023,6,2.27,,0.1113,,2.1,0.0103,2.59,0.0874,0.03,2.0
Martis,2023,7,3.85,,0.1884,,2.1,0.0103,2.59,0.0874,0.03,2.0
Martis,2023,8,7.78,,0.3812,,2.1,0.0103,2.59,0.0874,0.03,2.0
Martis,2023,9,3.5,,0.1713,,2.1,0.0103,2.59,0.0874,0.03,2.0
Martis,2023,10,0.83,,0.0407,,2.1,0.0103,2.59,0.0874,0.03,2.0
Martis,2023,11,0.7,,0.0343,,2.1,0.0103,2.59,0.0874,0.03,2.0
Martis,2023,12,,,,,2.1,0.0103,2.59,0.0874,0.03,2.0
Masainas,2023,1,0.02,0.0,0.0004,0.0,3.22,0.0157,8.09,0.2731,0.0,4.0
Masainas,2023,2,0.02,0.0,0.0004,0.0,3.22,0.0157,8.09,0.2731,0.0,4.0
Masainas,2023,3,0.02,0.0,0.0004,0.0,3.22,0.0157,8.09,0.2731,0.0,4.0
Masainas,2023,4,1.47,0.0009,0.0287,0.0009,3.22,0.0157,8.09,0.2731,0.0077,4.0
Masainas,2023,5,6.97,0.0041,0.1356,0.0045,3.22,0.0157,8.09,0.2731,0.0168,4.0
Masainas,2023,6,13.04,0.0076,0.2537,0.0084,3.22,0.0157,8.09,0.2731,0.0229,4.0
Masainas,2023,7,31.38,0.0183,0.6104,0.0201,3.22,0.0157,8.09,0.2731,0.0354,4.0
Masainas,2023,8,26.15,0.0153,0.5086,0.0167,3.22,0.0157,8.09,0.2731,0.0324,4.0
Masainas,2023,9,12.61,0.0074,0.2453,0.0081,3.22,0.0157,8.09,0.2731,0.0225,4.0
Masainas,2023,10,3.4,0.002,0.0662,0.0022,3.22,0.0157,8.09,0.2731,0.0117,4.0
Masainas,2023,11,0.03,0.0,0.0005,0.0,3.22,0.0157,8.09,0.2731,0.0,4.0
Masainas,2023,12,0.03,0.0,0.0007,0.0,3.22,0.0157,8.09,0.2731,0.0,4.0
Masullas,2023,1,,,,,0.27,0.0013,0.0,0.0,0.0,2.0
Masullas,2023,2,,,,,0.27,0.0013,0.0,0.0,0.0,2.0
Masullas,2023,3,,,,,0.27,0.0013,0.0,0.0,0.0,2.0
Masullas,2023,4,,,,,0.27,0.0013,0.0,0.0,0.0,2.0
Masullas,2023,5,,,,,0.27,0.0013,0.0,0.0,0.0,2.0
Masullas,2023,6,,,,,0.27,0.0013,0.0,0.0,0.0,2.0
Masullas,2023,7,,,,,0.27,0.0013,0.0,0.0,0.0,2.0
Masullas,2023,8,,,,,0.27,0.0013,0.0,0.0,0.0,2.0
Masullas,2023,9,,,,,0.27,0.0013,0.0,0.0,0.0,2.0
Masullas,2023,10,,,,,0.27,0.0013,0.0,0.0,0.0,2.0
Masullas,2023,11,,,,,0.27,0.0013,0.0,0.0,0.0,2.0
Masullas,2023,12,,,,,0.27,0.0013,0.0,0.0,0.0,2.0
Meana Sardo,2023,1,0.08,0.0,0.0039,0.0001,0.71,0.0035,1.63,0.055,0.0,4.0
Meana Sardo,2023,2,0.07,0.0,0.0033,0.0001,0.71,0.0035,1.63,0.055,0.0,4.0
Meana Sardo,2023,3,0.06,0.0,0.0027,0.0001,0.71,0.0035,1.63,0.055,0.0,4.0
Meana Sardo,2023,4,0.01,0.0,0.0004,0.0,0.71,0.0035,1.63,0.055,0.0,4.0
Meana Sardo,2023,5,0.64,0.0004,0.0292,0.001,0.71,0.0035,1.63,0.055,0.003,4.0
Meana Sardo,2023,6,0.22,0.0001,0.0101,0.0003,0.71,0.0035,1.63,0.055,0.0016,4.0
Meana Sardo,2023,7,0.68,0.0004,0.0311,0.001,0.71,0.0035,1.63,0.055,0.003,4.0
Meana Sardo,2023,8,0.66,0.0004,0.0305,0.001,0.71,0.0035,1.63,0.055,0.003,4.0
Meana Sardo,2023,9,0.49,0.0003,0.0226,0.0007,0.71,0.0035,1.63,0.055,0.0025,4.0
Meana Sardo,2023,10,0.54,0.0003,0.0248,0.0008,0.71,0.0035,1.63,0.055,0.0026,4.0
Meana Sardo,2023,11,0.47,0.0003,0.0214,0.0007,0.71,0.0035,1.63,0.055,0.0025,4.0
Meana Sardo,2023,12,0.29,0.0002,0.0134,0.0004,0.71,0.0035,1.63,0.055,0.002,4.0
Milis,2023,1,0.03,0.0,0.0004,0.0,3.62,0.0177,5.72,0.1931,0.0,4.0
Milis,2023,2,0.02,0.0,0.0003,0.0,3.62,0.0177,5.72,0.1931,0.0,4.0
Milis,2023,3,2.31,0.0014,0.0312,0.001,3.62,0.0177,5.72,0.1931,0.0083,4.0
Milis,2023,4,6.6,0.0039,0.0889,0.0029,3.62,0.0177,5.72,0.1931,0.014,4.0
Milis,2023,5,6.68,0.0039,0.0899,0.003,3.62,0.0177,5.72,0.1931,0.0141,4.0
Milis,2023,6,7.15,0.0042,0.0963,0.0032,3.62,0.0177,5.72,0.1931,0.0146,4.0
Milis,2023,7,10.45,0.0061,0.1407,0.0046,3.62,0.0177,5.72,0.1931,0.0176,4.0
Milis,2023,8,26.57,0.0155,0.3577,0.0118,3.62,0.0177,5.72,0.1931,0.0281,4.0
Milis,2023,9,5.91,0.0035,0.0796,0.0026,3.62,0.0177,5.72,0.1931,0.0133,4.0
Milis,2023,10,4.32,0.0025,0.0582,0.0019,3.62,0.0177,5.72,0.1931,0.0113,4.0
Milis,2023,11,2.37,0.0014,0.0319,0.0011,3.62,0.0177,5.72,0.1931,0.0085,4.0
Milis,2023,12,3.13,0.0018,0.0421,0.0014,3.62,0.0177,5.72,0.1931,0.0096,4.0
Modolo,2023,1,0.0,0.0,0.0,0.0,31.35,0.1531,4.17,0.1408,0.0,4.0
Modolo,2023,2,0.0,0.0,0.0,0.0,31.35,0.1531,4.17,0.1408,0.0,4.0
Modolo,2023,3,0.0,0.0,0.0,0.0,31.35,0.1531,4.17,0.1408,0.0,4.0
Modolo,2023,4,17.58,0.0103,0.2706,0.0089,31.35,0.1531,4.17,0.1408,0.0375,4.0
Modolo,2023,5,8.41,0.0049,0.1294,0.0043,31.35,0.1531,4.17,0.1408,0.026,4.0
Modolo,2023,6,28.29,0.0165,0.4353,0.0143,31.35,0.1531,4.17,0.1408,0.0475,4.0
Modolo,2023,7,96.71,0.0565,1.4882,0.049,31.35,0.1531,4.17,0.1408,0.0879,4.0
Modolo,2023,8,204.13,0.1193,3.1412,0.1034,31.35,0.1531,4.17,0.1408,0.1277,4.0
Modolo,2023,9,99.01,0.0579,1.5235,0.0502,31.35,0.1531,4.17,0.1408,0.089,4.0
Modolo,2023,10,22.94,0.0134,0.3529,0.0116,31.35,0.1531,4.17,0.1408,0.0428,4.0
Modolo,2023,11,0.0,0.0,0.0,0.0,31.35,0.1531,4.17,0.1408,0.0,4.0
Modolo,2023,12,0.0,0.0,0.0,0.0,31.35,0.1531,4.17,0.1408,0.0,4.0
Mogorella,2023,1,,,,,0.0,0.0,,,0.0,1.0
Mogorella,2023,2,,,,,0.0,0.0,,,0.0,1.0
Mogorella,2023,3,,,,,0.0,0.0,,,0.0,1.0
Mogorella,2023,4,,,,,0.0,0.0,,,0.0,1.0
Mogorella,2023,5,,,,,0.0,0.0,,,0.0,1.0
Mogorella,2023,6,,,,,0.0,0.0,,,0.0,1.0
Mogorella,2023,7,,,,,0.0,0.0,,,0.0,1.0
Mogorella,2023,8,,,,,0.0,0.0,,,0.0,1.0
Mogorella,2023,9,,,,,0.0,0.0,,,0.0,1.0
Mogorella,2023,10,,,,,0.0,0.0,,,0.0,1.0
Mogorella,2023,11,,,,,0.0,0.0,,,0.0,1.0
Mogorella,2023,12,,,,,0.0,0.0,,,0.0,1.0
Mogoro,2023,1,0.03,0.0,0.0004,0.0,0.51,0.0025,5.48,0.185,0.0,4.0
Mogoro,2023,2,0.03,0.0,0.0004,0.0,0.51,0.0025,5.48,0.185,0.0,4.0
Mogoro,2023,3,0.04,0.0,0.0005,0.0,0.51,0.0025,5.48,0.185,0.0,4.0
Mogoro,2023,4,0.59,0.0003,0.0074,0.0002,0.51,0.0025,5.48,0.185,0.0023,4.0
Mogoro,2023,5,0.82,0.0005,0.0103,0.0003,0.51,0.0025,5.48,0.185,0.0029,4.0
Mogoro,2023,6,0.85,0.0005,0.0106,0.0003,0.51,0.0025,5.48,0.185,0.0029,4.0
Mogoro,2023,7,2.79,0.0016,0.0348,0.0011,0.51,0.0025,5.48,0.185,0.0053,4.0
Mogoro,2023,8,4.14,0.0024,0.0517,0.0017,0.51,0.0025,5.48,0.185,0.0066,4.0
Mogoro,2023,9,0.77,0.0005,0.0096,0.0003,0.51,0.0025,5.48,0.185,0.0029,4.0
Mogoro,2023,10,0.09,0.0001,0.0011,0.0,0.51,0.0025,5.48,0.185,0.0,4.0
Mogoro,2023,11,0.04,0.0,0.0005,0.0,0.51,0.0025,5.48,0.185,0.0,4.0
Mogoro,2023,12,0.06,0.0,0.0007,0.0,0.51,0.0025,5.48,0.185,0.0,4.0
Monastir,2023,1,16.42,0.0096,0.1177,0.0039,2.44,0.0119,28.49,0.9619,0.0256,4.0
Monastir,2023,2,17.8,0.0104,0.1276,0.0042,2.44,0.0119,28.49,0.9619,0.0266,4.0
Monastir,2023,3,19.11,0.0112,0.137,0.0045,2.44,0.0119,28.49,0.9619,0.0276,4.0
Monastir,2023,4,17.2,0.0101,0.1233,0.0041,2.44,0.0119,28.49,0.9619,0.0262,4.0
Monastir,2023,5,23.06,0.0135,0.1653,0.0054,2.44,0.0119,28.49,0.9619,0.0302,4.0
Monastir,2023,6,27.92,0.0163,0.2001,0.0066,2.44,0.0119,28.49,0.9619,0.0333,4.0
Monastir,2023,7,33.56,0.0196,0.2406,0.0079,2.44,0.0119,28.49,0.9619,0.0365,4.0
Monastir,2023,8,36.28,0.0212,0.2601,0.0086,2.44,0.0119,28.49,0.9619,0.038,4.0
Monastir,2023,9,17.33,0.0101,0.1242,0.0041,2.44,0.0119,28.49,0.9619,0.0262,4.0
Monastir,2023,10,21.12,0.0123,0.1514,0.005,2.44,0.0119,28.49,0.9619,0.029,4.0
Monastir,2023,11,15.73,0.0092,0.1128,0.0037,2.44,0.0119,28.49,0.9619,0.025,4.0
Monastir,2023,12,8.65,0.0051,0.062,0.002,2.44,0.0119,28.49,0.9619,0.0185,4.0
Monserrato,2023,1,42.06,0.0246,0.0144,0.0005,34.69,0.1694,9.3,0.314,0.0284,4.0
Monserrato,2023,2,19.34,0.0113,0.0066,0.0002,34.69,0.1694,9.3,0.314,0.0186,4.0
Monserrato,2023,3,29.17,0.0171,0.01,0.0003,34.69,0.1694,9.3,0.314,0.0229,4.0
Monserrato,2023,4,42.98,0.0251,0.0148,0.0005,34.69,0.1694,9.3,0.314,0.0286,4.0
Monserrato,2023,5,85.05,0.0497,0.0292,0.001,34.69,0.1694,9.3,0.314,0.0403,4.0
Monserrato,2023,6,124.19,0.0726,0.0427,0.0014,34.69,0.1694,9.3,0.314,0.0482,4.0
Monserrato,2023,7,178.54,0.1044,0.0613,0.002,34.69,0.1694,9.3,0.314,0.0577,4.0
Monserrato,2023,8,289.53,0.1693,0.0994,0.0033,34.69,0.1694,9.3,0.314,0.0738,4.0
Monserrato,2023,9,181.46,0.1061,0.0623,0.0021,34.69,0.1694,9.3,0.314,0.0587,4.0
Monserrato,2023,10,89.81,0.0525,0.0308,0.001,34.69,0.1694,9.3,0.314,0.0409,4.0
Monserrato,2023,11,39.61,0.0232,0.0136,0.0004,34.69,0.1694,9.3,0.314,0.0265,4.0
Monserrato,2023,12,56.49,0.033,0.0194,0.0006,34.69,0.1694,9.3,0.314,0.032,4.0
Monteleone Rocca Doria,2023,1,,,,,0.81,0.004,0.0,0.0,0.0,2.0
Monteleone Rocca Doria,2023,2,,,,,0.81,0.004,0.0,0.0,0.0,2.0
Monteleone Rocca Doria,2023,3,,,,,0.81,0.004,0.0,0.0,0.0,2.0
Monteleone Rocca Doria,2023,4,,,,,0.81,0.004,0.0,0.0,0.0,2.0
Monteleone Rocca Doria,2023,5,,,,,0.81,0.004,0.0,0.0,0.0,2.0
Monteleone Rocca Doria,2023,6,,,,,0.81,0.004,0.0,0.0,0.0,2.0
Monteleone Rocca Doria,2023,7,,,,,0.81,0.004,0.0,0.0,0.0,2.0
Monteleone Rocca Doria,2023,8,,,,,0.81,0.004,0.0,0.0,0.0,2.0
Monteleone Rocca Doria,2023,9,,,,,0.81,0.004,0.0,0.0,0.0,2.0
Monteleone Rocca Doria,2023,10,,,,,0.81,0.004,0.0,0.0,0.0,2.0
Monteleone Rocca Doria,2023,11,,,,,0.81,0.004,0.0,0.0,0.0,2.0
Monteleone Rocca Doria,2023,12,,,,,0.81,0.004,0.0,0.0,0.0,2.0
Monti,2023,1,0.0,0.0,0.0002,0.0,0.87,0.0042,1.3,0.0439,0.0,4.0
Monti,2023,2,0.0,0.0,0.0002,0.0,0.87,0.0042,1.3,0.0439,0.0,4.0
Monti,2023,3,0.0,0.0,0.0002,0.0,0.87,0.0042,1.3,0.0439,0.0,4.0
Monti,2023,4,0.01,0.0,0.0005,0.0,0.87,0.0042,1.3,0.0439,0.0,4.0
Monti,2023,5,0.01,0.0,0.0007,0.0,0.87,0.0042,1.3,0.0439,0.0,4.0
Monti,2023,6,0.54,0.0003,0.0286,0.0009,0.87,0.0042,1.3,0.0439,0.0027,4.0
Monti,2023,7,1.4,0.0008,0.074,0.0024,0.87,0.0042,1.3,0.0439,0.0043,4.0
Monti,2023,8,1.31,0.0008,0.0693,0.0023,0.87,0.0042,1.3,0.0439,0.0043,4.0
Monti,2023,9,0.85,0.0005,0.0451,0.0015,0.87,0.0042,1.3,0.0439,0.0034,4.0
Monti,2023,10,0.01,0.0,0.0006,0.0,0.87,0.0042,1.3,0.0439,0.0,4.0
Monti,2023,11,0.01,0.0,0.0003,0.0,0.87,0.0042,1.3,0.0439,0.0,4.0
Monti,2023,12,0.01,0.0,0.0004,0.0,0.87,0.0042,1.3,0.0439,0.0,4.0
Montresta,2023,1,,,,,0.0,0.0,,,0.0,1.0
Montresta,2023,2,,,,,0.0,0.0,,,0.0,1.0
Montresta,2023,3,,,,,0.0,0.0,,,0.0,1.0
Montresta,2023,4,,,,,0.0,0.0,,,0.0,1.0
Montresta,2023,5,,,,,0.0,0.0,,,0.0,1.0
Montresta,2023,6,,,,,0.0,0.0,,,0.0,1.0
Montresta,2023,7,,,,,0.0,0.0,,,0.0,1.0
Montresta,2023,8,,,,,0.0,0.0,,,0.0,1.0
Montresta,2023,9,,,,,0.0,0.0,,,0.0,1.0
Montresta,2023,10,,,,,0.0,0.0,,,0.0,1.0
Montresta,2023,11,,,,,0.0,0.0,,,0.0,1.0
Montresta,2023,12,,,,,0.0,0.0,,,0.0,1.0
Mores,2023,1,,,,,0.27,0.0013,25.04,0.8454,0.0332,2.0
Mores,2023,2,,,,,0.27,0.0013,25.04,0.8454,0.0332,2.0
Mores,2023,3,1.19,,0.0656,,0.27,0.0013,25.04,0.8454,0.0332,2.0
Mores,2023,4,1.72,,0.0947,,0.27,0.0013,25.04,0.8454,0.0332,2.0
Mores,2023,5,2.41,,0.1324,,0.27,0.0013,25.04,0.8454,0.0332,2.0
Mores,2023,6,3.32,,0.1823,,0.27,0.0013,25.04,0.8454,0.0332,2.0
Mores,2023,7,5.13,,0.2822,,0.27,0.0013,25.04,0.8454,0.0332,2.0
Mores,2023,8,5.99,,0.3293,,0.27,0.0013,25.04,0.8454,0.0332,2.0
Mores,2023,9,3.85,,0.212,,0.27,0.0013,25.04,0.8454,0.0332,2.0
Mores,2023,10,1.48,,0.0813,,0.27,0.0013,25.04,0.8454,0.0332,2.0
Mores,2023,11,,,,,0.27,0.0013,25.04,0.8454,0.0332,2.0
Mores,2023,12,,,,,0.27,0.0013,25.04,0.8454,0.0332,2.0
Morgongiori,2023,1,,,,,0.27,0.0013,0.0,0.0,0.0,2.0
Morgongiori,2023,2,,,,,0.27,0.0013,0.0,0.0,0.0,2.0
Morgongiori,2023,3,,,,,0.27,0.0013,0.0,0.0,0.0,2.0
Morgongiori,2023,4,,,,,0.27,0.0013,0.0,0.0,0.0,2.0
Morgongiori,2023,5,,,,,0.27,0.0013,0.0,0.0,0.0,2.0
Morgongiori,2023,6,,,,,0.27,0.0013,0.0,0.0,0.0,2.0
Morgongiori,2023,7,,,,,0.27,0.0013,0.0,0.0,0.0,2.0
Morgongiori,2023,8,,,,,0.27,0.0013,0.0,0.0,0.0,2.0
Morgongiori,2023,9,,,,,0.27,0.0013,0.0,0.0,0.0,2.0
Morgongiori,2023,10,,,,,0.27,0.0013,0.0,0.0,0.0,2.0
Morgongiori,2023,11,,,,,0.27,0.0013,0.0,0.0,0.0,2.0
Morgongiori,2023,12,,,,,0.27,0.0013,0.0,0.0,0.0,2.0
Muravera,2023,1,0.75,0.0004,0.0135,0.0004,105.96,0.5173,18.24,0.6158,0.015,4.0
Muravera,2023,2,0.58,0.0003,0.0104,0.0003,105.96,0.5173,18.24,0.6158,0.013,4.0
Muravera,2023,3,1.46,0.0009,0.0265,0.0009,105.96,0.5173,18.24,0.6158,0.0225,4.0
Muravera,2023,4,107.65,0.0629,1.9526,0.0643,105.96,0.5173,18.24,0.6158,0.1895,4.0
Muravera,2023,5,263.87,0.1543,4.7863,0.1576,105.96,0.5173,18.24,0.6158,0.2967,4.0
Muravera,2023,6,1161.29,0.6789,21.065,0.6936,105.96,0.5173,18.24,0.6158,0.6223,4.0
Muravera,2023,7,1834.52,1.0,33.2767,1.0,105.96,0.5173,18.24,0.6158,0.7513,4.0
Muravera,2023,8,1985.41,1.0,36.0137,1.0,105.96,0.5173,18.24,0.6158,0.7513,4.0
Muravera,2023,9,1318.05,0.7706,23.9084,0.7872,105.96,0.5173,18.24,0.6158,0.663,4.0
Muravera,2023,10,366.93,0.2145,6.6558,0.2192,105.96,0.5173,18.24,0.6158,0.3498,4.0
Muravera,2023,11,11.55,0.0068,0.2096,0.0069,105.96,0.5173,18.24,0.6158,0.0622,4.0
Muravera,2023,12,1.0,0.0006,0.0182,0.0006,105.96,0.5173,18.24,0.6158,0.0184,4.0
Muros,2023,1,,,,,0.17,0.0008,0.0,0.0,0.0,2.0
Muros,2023,2,,,,,0.17,0.0008,0.0,0.0,0.0,2.0
Muros,2023,3,,,,,0.17,0.0008,0.0,0.0,0.0,2.0
Muros,2023,4,,,,,0.17,0.0008,0.0,0.0,0.0,2.0
Muros,2023,5,,,,,0.17,0.0008,0.0,0.0,0.0,2.0
Muros,2023,6,,,,,0.17,0.0008,0.0,0.0,0.0,2.0
Muros,2023,7,,,,,0.17,0.0008,0.0,0.0,0.0,2.0
Muros,2023,8,,,,,0.17,0.0008,0.0,0.0,0.0,2.0
Muros,2023,9,,,,,0.17,0.0008,0.0,0.0,0.0,2.0
Muros,2023,10,,,,,0.17,0.0008,0.0,0.0,0.0,2.0
Muros,2023,11,,,,,0.17,0.0008,0.0,0.0,0.0,2.0
Muros,2023,12,,,,,0.17,0.0008,0.0,0.0,0.0,2.0
Musei,2023,1,,,,,0.29,0.0014,0.73,0.0246,0.0059,2.0
Musei,2023,2,,,,,0.29,0.0014,0.73,0.0246,0.0059,2.0
Musei,2023,3,,,,,0.29,0.0014,0.73,0.0246,0.0059,2.0
Musei,2023,4,,,,,0.29,0.0014,0.73,0.0246,0.0059,2.0
Musei,2023,5,,,,,0.29,0.0014,0.73,0.0246,0.0059,2.0
Musei,2023,6,,,,,0.29,0.0014,0.73,0.0246,0.0059,2.0
Musei,2023,7,,,,,0.29,0.0014,0.73,0.0246,0.0059,2.0
Musei,2023,8,,,,,0.29,0.0014,0.73,0.0246,0.0059,2.0
Musei,2023,9,,,,,0.29,0.0014,0.73,0.0246,0.0059,2.0
Musei,2023,10,,,,,0.29,0.0014,0.73,0.0246,0.0059,2.0
Musei,2023,11,0.44,,0.006,,0.29,0.0014,0.73,0.0246,0.0059,2.0
Musei,2023,12,0.34,,0.0046,,0.29,0.0014,0.73,0.0246,0.0059,2.0
Narbolia,2023,1,3.42,0.002,0.083,0.0027,51.31,0.2505,13.01,0.4392,0.0278,4.0
Narbolia,2023,2,2.77,0.0016,0.0674,0.0022,51.31,0.2505,13.01,0.4392,0.0249,4.0
Narbolia,2023,3,9.0,0.0053,0.2187,0.0072,51.31,0.2505,13.01,0.4392,0.0453,4.0
Narbolia,2023,4,53.21,0.0311,1.2921,0.0425,51.31,0.2505,13.01,0.4392,0.1098,4.0
Narbolia,2023,5,107.93,0.0631,2.6211,0.0863,51.31,0.2505,13.01,0.4392,0.1565,4.0
Narbolia,2023,6,251.48,0.147,6.1071,0.2011,51.31,0.2505,13.01,0.4392,0.2388,4.0
Narbolia,2023,7,595.95,0.3484,14.4723,0.4765,51.31,0.2505,13.01,0.4392,0.3676,4.0
Narbolia,2023,8,744.65,0.4354,18.0834,0.5954,51.31,0.2505,13.01,0.4392,0.411,4.0
Narbolia,2023,9,451.34,0.2639,10.9605,0.3609,51.31,0.2505,13.01,0.4392,0.3199,4.0
Narbolia,2023,10,206.13,0.1205,5.0058,0.1648,51.31,0.2505,13.01,0.4392,0.2162,4.0
Narbolia,2023,11,11.03,0.0064,0.2679,0.0088,51.31,0.2505,13.01,0.4392,0.0499,4.0
Narbolia,2023,12,0.01,0.0,0.0003,0.0,51.31,0.2505,13.01,0.4392,0.0,4.0
Narcao,2023,1,0.01,0.0,0.0004,0.0,0.7,0.0034,3.47,0.1172,0.0,4.0
Narcao,2023,2,0.32,0.0002,0.0089,0.0003,0.7,0.0034,3.47,0.1172,0.0022,4.0
Narcao,2023,3,0.32,0.0002,0.0089,0.0003,0.7,0.0034,3.47,0.1172,0.0022,4.0
Narcao,2023,4,1.09,0.0006,0.0304,0.001,0.7,0.0034,3.47,0.1172,0.0039,4.0
Narcao,2023,5,0.38,0.0002,0.0107,0.0004,0.7,0.0034,3.47,0.1172,0.0024,4.0
Narcao,2023,6,0.61,0.0004,0.0171,0.0006,0.7,0.0034,3.47,0.1172,0.0031,4.0
Narcao,2023,7,1.87,0.0011,0.0523,0.0017,0.7,0.0034,3.47,0.1172,0.0052,4.0
Narcao,2023,8,1.93,0.0011,0.0539,0.0018,0.7,0.0034,3.47,0.1172,0.0053,4.0
Narcao,2023,9,1.82,0.0011,0.0509,0.0017,0.7,0.0034,3.47,0.1172,0.0052,4.0
Narcao,2023,10,0.53,0.0003,0.0148,0.0005,0.7,0.0034,3.47,0.1172,0.0028,4.0
Narcao,2023,11,0.02,0.0,0.0005,0.0,0.7,0.0034,3.47,0.1172,0.0,4.0
Narcao,2023,12,0.02,0.0,0.0006,0.0,0.7,0.0034,3.47,0.1172,0.0,4.0
Neoneli,2023,1,,,,,0.52,0.0025,0.0,0.0,0.0,2.0
Neoneli,2023,2,,,,,0.52,0.0025,0.0,0.0,0.0,2.0
Neoneli,2023,3,,,,,0.52,0.0025,0.0,0.0,0.0,2.0
Neoneli,2023,4,,,,,0.52,0.0025,0.0,0.0,0.0,2.0
Neoneli,2023,5,,,,,0.52,0.0025,0.0,0.0,0.0,2.0
Neoneli,2023,6,,,,,0.52,0.0025,0.0,0.0,0.0,2.0
Neoneli,2023,7,,,,,0.52,0.0025,0.0,0.0,0.0,2.0
Neoneli,2023,8,,,,,0.52,0.0025,0.0,0.0,0.0,2.0
Neoneli,2023,9,,,,,0.52,0.0025,0.0,0.0,0.0,2.0
Neoneli,2023,10,,,,,0.52,0.0025,0.0,0.0,0.0,2.0
Neoneli,2023,11,,,,,0.52,0.0025,0.0,0.0,0.0,2.0
Neoneli,2023,12,,,,,0.52,0.0025,0.0,0.0,0.0,2.0
Noragugume,2023,1,,,,,0.0,0.0,,,0.0,1.0
Noragugume,2023,2,,,,,0.0,0.0,,,0.0,1.0
Noragugume,2023,3,,,,,0.0,0.0,,,0.0,1.0
Noragugume,2023,4,,,,,0.0,0.0,,,0.0,1.0
Noragugume,2023,5,,,,,0.0,0.0,,,0.0,1.0
Noragugume,2023,6,,,,,0.0,0.0,,,0.0,1.0
Noragugume,2023,7,,,,,0.0,0.0,,,0.0,1.0
Noragugume,2023,8,,,,,0.0,0.0,,,0.0,1.0
Noragugume,2023,9,,,,,0.0,0.0,,,0.0,1.0
Noragugume,2023,10,,,,,0.0,0.0,,,0.0,1.0
Noragugume,2023,11,,,,,0.0,0.0,,,0.0,1.0
Noragugume,2023,12,,,,,0.0,0.0,,,0.0,1.0
Norbello,2023,1,,,,,7.76,0.0379,3.47,0.1172,0.0666,2.0
Norbello,2023,2,,,,,7.76,0.0379,3.47,0.1172,0.0666,2.0
Norbello,2023,3,,,,,7.76,0.0379,3.47,0.1172,0.0666,2.0
Norbello,2023,4,,,,,7.76,0.0379,3.47,0.1172,0.0666,2.0
Norbello,2023,5,1.94,,0.0453,,7.76,0.0379,3.47,0.1172,0.0666,2.0
Norbello,2023,6,16.86,,0.3938,,7.76,0.0379,3.47,0.1172,0.0666,2.0
Norbello,2023,7,26.33,,0.6151,,7.76,0.0379,3.47,0.1172,0.0666,2.0
Norbello,2023,8,38.66,,0.9031,,7.76,0.0379,3.47,0.1172,0.0666,2.0
Norbello,2023,9,14.54,,0.3396,,7.76,0.0379,3.47,0.1172,0.0666,2.0
Norbello,2023,10,,,,,7.76,0.0379,3.47,0.1172,0.0666,2.0
Norbello,2023,11,,,,,7.76,0.0379,3.47,0.1172,0.0666,2.0
Norbello,2023,12,,,,,7.76,0.0379,3.47,0.1172,0.0666,2.0
Nughedu San Nicolò,2023,1,0.0,0.0,0.0003,0.0,1.64,0.008,1.06,0.0358,0.0,4.0
Nughedu San Nicolò,2023,2,0.0,0.0,0.0002,0.0,1.64,0.008,1.06,0.0358,0.0,4.0
Nughedu San Nicolò,2023,3,0.0,0.0,0.0003,0.0,1.64,0.008,1.06,0.0358,0.0,4.0
Nughedu San Nicolò,2023,4,0.01,0.0,0.0007,0.0,1.64,0.008,1.06,0.0358,0.0,4.0
Nughedu San Nicolò,2023,5,0.01,0.0,0.0009,0.0,1.64,0.008,1.06,0.0358,0.0,4.0
Nughedu San Nicolò,2023,6,1.76,0.001,0.1592,0.0052,1.64,0.008,1.06,0.0358,0.0062,4.0
Nughedu San Nicolò,2023,7,1.12,0.0007,0.101,0.0033,1.64,0.008,1.06,0.0358,0.0051,4.0
Nughedu San Nicolò,2023,8,2.67,0.0016,0.2413,0.0079,1.64,0.008,1.06,0.0358,0.0078,4.0
Nughedu San Nicolò,2023,9,0.74,0.0004,0.0668,0.0022,1.64,0.008,1.06,0.0358,0.004,4.0
Nughedu San Nicolò,2023,10,0.01,0.0,0.0007,0.0,1.64,0.008,1.06,0.0358,0.0,4.0
Nughedu San Nicolò,2023,11,0.0,0.0,0.0003,0.0,1.64,0.008,1.06,0.0358,0.0,4.0
Nughedu San Nicolò,2023,12,0.01,0.0,0.0005,0.0,1.64,0.008,1.06,0.0358,0.0,4.0
Nughedu Santa Vittoria,2023,1,0.03,0.0,0.0021,0.0001,0.14,0.0007,9.32,0.3147,0.0,4.0
Nughedu Santa Vittoria,2023,2,0.03,0.0,0.0018,0.0001,0.14,0.0007,9.32,0.3147,0.0,4.0
Nughedu Santa Vittoria,2023,3,0.03,0.0,0.0021,0.0001,0.14,0.0007,9.32,0.3147,0.0,4.0
Nughedu Santa Vittoria,2023,4,0.39,0.0002,0.0256,0.0008,0.14,0.0007,9.32,0.3147,0.0024,4.0
Nughedu Santa Vittoria,2023,5,0.69,0.0004,0.0455,0.0015,0.14,0.0007,9.32,0.3147,0.0034,4.0
Nughedu Santa Vittoria,2023,6,0.16,0.0001,0.0103,0.0003,0.14,0.0007,9.32,0.3147,0.0016,4.0
Nughedu Santa Vittoria,2023,7,0.22,0.0001,0.0145,0.0005,0.14,0.0007,9.32,0.3147,0.0018,4.0
Nughedu Santa Vittoria,2023,8,0.95,0.0006,0.0629,0.0021,0.14,0.0007,9.32,0.3147,0.0041,4.0
Nughedu Santa Vittoria,2023,9,1.15,0.0007,0.0759,0.0025,0.14,0.0007,9.32,0.3147,0.0044,4.0
Nughedu Santa Vittoria,2023,10,0.29,0.0002,0.0191,0.0006,0.14,0.0007,9.32,0.3147,0.0023,4.0
Nughedu Santa Vittoria,2023,11,0.77,0.0005,0.051,0.0017,0.14,0.0007,9.32,0.3147,0.0037,4.0
Nughedu Santa Vittoria,2023,12,0.05,0.0,0.0033,0.0001,0.14,0.0007,9.32,0.3147,0.0,4.0
Nule,2023,1,,,,,0.0,0.0,,,0.0,1.0
Nule,2023,2,,,,,0.0,0.0,,,0.0,1.0
Nule,2023,3,,,,,0.0,0.0,,,0.0,1.0
Nule,2023,4,,,,,0.0,0.0,,,0.0,1.0
Nule,2023,5,,,,,0.0,0.0,,,0.0,1.0
Nule,2023,6,,,,,0.0,0.0,,,0.0,1.0
Nule,2023,7,,,,,0.0,0.0,,,0.0,1.0
Nule,2023,8,,,,,0.0,0.0,,,0.0,1.0
Nule,2023,9,,,,,0.0,0.0,,,0.0,1.0
Nule,2023,10,,,,,0.0,0.0,,,0.0,1.0
Nule,2023,11,,,,,0.0,0.0,,,0.0,1.0
Nule,2023,12,,,,,0.0,0.0,,,0.0,1.0
Nulvi,2023,1,0.0,0.0,0.0001,0.0,2.65,0.0129,3.19,0.1077,0.0,4.0
Nulvi,2023,2,0.0,0.0,0.0001,0.0,2.65,0.0129,3.19,0.1077,0.0,4.0
Nulvi,2023,3,0.0,0.0,0.0001,0.0,2.65,0.0129,3.19,0.1077,0.0,4.0
Nulvi,2023,4,0.01,0.0,0.0002,0.0,2.65,0.0129,3.19,0.1077,0.0,4.0
Nulvi,2023,5,1.12,0.0007,0.0287,0.0009,2.65,0.0129,3.19,0.1077,0.0054,4.0
Nulvi,2023,6,7.04,0.0041,0.1801,0.0059,2.65,0.0129,3.19,0.1077,0.0135,4.0
Nulvi,2023,7,10.47,0.0061,0.2678,0.0088,2.65,0.0129,3.19,0.1077,0.0165,4.0
Nulvi,2023,8,5.85,0.0034,0.1495,0.0049,2.65,0.0129,3.19,0.1077,0.0123,4.0
Nulvi,2023,9,5.01,0.0029,0.1281,0.0042,2.65,0.0129,3.19,0.1077,0.0114,4.0
Nulvi,2023,10,1.36,0.0008,0.0347,0.0011,2.65,0.0129,3.19,0.1077,0.0059,4.0
Nulvi,2023,11,0.0,0.0,0.0001,0.0,2.65,0.0129,3.19,0.1077,0.0,4.0
Nulvi,2023,12,0.01,0.0,0.0001,0.0,2.65,0.0129,3.19,0.1077,0.0,4.0
Nuoro,2023,1,19.21,0.0112,0.1089,0.0036,4.24,0.0207,19.81,0.6688,0.0273,4.0
Nuoro,2023,2,24.28,0.0142,0.1377,0.0045,4.24,0.0207,19.81,0.6688,0.0307,4.0
Nuoro,2023,3,26.95,0.0158,0.1529,0.005,4.24,0.0207,19.81,0.6688,0.0323,4.0
Nuoro,2023,4,23.91,0.014,0.1356,0.0045,4.24,0.0207,19.81,0.6688,0.0306,4.0
Nuoro,2023,5,24.92,0.0146,0.1413,0.0047,4.24,0.0207,19.81,0.6688,0.0312,4.0
Nuoro,2023,6,24.08,0.0141,0.1365,0.0045,4.24,0.0207,19.81,0.6688,0.0306,4.0
Nuoro,2023,7,28.26,0.0165,0.1603,0.0053,4.24,0.0207,19.81,0.6688,0.0332,4.0
Nuoro,2023,8,43.93,0.0257,0.2491,0.0082,4.24,0.0207,19.81,0.6688,0.0413,4.0
Nuoro,2023,9,31.44,0.0184,0.1783,0.0059,4.24,0.0207,19.81,0.6688,0.035,4.0
Nuoro,2023,10,25.39,0.0148,0.144,0.0047,4.24,0.0207,19.81,0.6688,0.0313,4.0
Nuoro,2023,11,21.49,0.0126,0.1219,0.004,4.24,0.0207,19.81,0.6688,0.0289,4.0
Nuoro,2023,12,12.49,0.0073,0.0708,0.0023,4.24,0.0207,19.81,0.6688,0.022,4.0
Nurachi,2023,1,5.42,0.0032,0.0517,0.0017,15.27,0.0746,6.3,0.2127,0.0171,4.0
Nurachi,2023,2,7.42,0.0043,0.0707,0.0023,15.27,0.0746,6.3,0.2127,0.0199,4.0
Nurachi,2023,3,4.43,0.0026,0.0422,0.0014,15.27,0.0746,6.3,0.2127,0.0155,4.0
Nurachi,2023,4,8.54,0.005,0.0814,0.0027,15.27,0.0746,6.3,0.2127,0.0215,4.0
Nurachi,2023,5,17.52,0.0102,0.167,0.0055,15.27,0.0746,6.3,0.2127,0.0307,4.0
Nurachi,2023,6,34.16,0.02,0.3256,0.0107,15.27,0.0746,6.3,0.2127,0.0429,4.0
Nurachi,2023,7,93.82,0.0549,0.8942,0.0294,15.27,0.0746,6.3,0.2127,0.0711,4.0
Nurachi,2023,8,119.69,0.07,1.1408,0.0376,15.27,0.0746,6.3,0.2127,0.0804,4.0
Nurachi,2023,9,43.14,0.0252,0.4112,0.0135,15.27,0.0746,6.3,0.2127,0.0482,4.0
Nurachi,2023,10,13.84,0.0081,0.1319,0.0043,15.27,0.0746,6.3,0.2127,0.0273,4.0
Nurachi,2023,11,1.62,0.0009,0.0154,0.0005,15.27,0.0746,6.3,0.2127,0.0092,4.0
Nurachi,2023,12,1.37,0.0008,0.0131,0.0004,15.27,0.0746,6.3,0.2127,0.0084,4.0
Nuragus,2023,1,0.04,0.0,0.001,0.0,0.46,0.0022,3.47,0.1172,0.0,4.0
Nuragus,2023,2,0.04,0.0,0.0009,0.0,0.46,0.0022,3.47,0.1172,0.0,4.0
Nuragus,2023,3,0.05,0.0,0.0011,0.0,0.46,0.0022,3.47,0.1172,0.0,4.0
Nuragus,2023,4,0.1,0.0001,0.0024,0.0001,0.46,0.0022,3.47,0.1172,0.0013,4.0
Nuragus,2023,5,0.13,0.0001,0.0031,0.0001,0.46,0.0022,3.47,0.1172,0.0013,4.0
Nuragus,2023,6,0.22,0.0001,0.0052,0.0002,0.46,0.0022,3.47,0.1172,0.0015,4.0
Nuragus,2023,7,1.85,0.0011,0.043,0.0014,0.46,0.0022,3.47,0.1172,0.0045,4.0
Nuragus,2023,8,1.75,0.001,0.0406,0.0013,0.46,0.0022,3.47,0.1172,0.0043,4.0
Nuragus,2023,9,1.43,0.0008,0.0331,0.0011,0.46,0.0022,3.47,0.1172,0.0039,4.0
Nuragus,2023,10,0.11,0.0001,0.0026,0.0001,0.46,0.0022,3.47,0.1172,0.0013,4.0
Nuragus,2023,11,0.05,0.0,0.0012,0.0,0.46,0.0022,3.47,0.1172,0.0,4.0
Nuragus,2023,12,0.07,0.0,0.0016,0.0001,0.46,0.0022,3.47,0.1172,0.0,4.0
Nurallao,2023,1,0.71,0.0004,0.0215,0.0007,0.66,0.0032,7.47,0.2522,0.0039,4.0
Nurallao,2023,2,0.02,0.0,0.0005,0.0,0.66,0.0032,7.47,0.2522,0.0,4.0
Nurallao,2023,3,0.02,0.0,0.0006,0.0,0.66,0.0032,7.47,0.2522,0.0,4.0
Nurallao,2023,4,1.56,0.0009,0.0474,0.0016,0.66,0.0032,7.47,0.2522,0.0058,4.0
Nurallao,2023,5,1.95,0.0011,0.0591,0.0019,0.66,0.0032,7.47,0.2522,0.0064,4.0
Nurallao,2023,6,1.9,0.0011,0.0577,0.0019,0.66,0.0032,7.47,0.2522,0.0064,4.0
Nurallao,2023,7,2.91,0.0017,0.0884,0.0029,0.66,0.0032,7.47,0.2522,0.0079,4.0
Nurallao,2023,8,3.66,0.0021,0.111,0.0037,0.66,0.0032,7.47,0.2522,0.0089,4.0
Nurallao,2023,9,2.32,0.0014,0.0703,0.0023,0.66,0.0032,7.47,0.2522,0.0071,4.0
Nurallao,2023,10,1.62,0.0009,0.0493,0.0016,0.66,0.0032,7.47,0.2522,0.0058,4.0
Nurallao,2023,11,0.02,0.0,0.0007,0.0,0.66,0.0032,7.47,0.2522,0.0,4.0
Nurallao,2023,12,1.29,0.0008,0.0392,0.0013,0.66,0.0032,7.47,0.2522,0.0054,4.0
Nuraminis,2023,1,6.23,0.0036,0.1216,0.004,0.98,0.0048,19.03,0.6425,0.0145,4.0
Nuraminis,2023,2,5.9,0.0034,0.1151,0.0038,0.98,0.0048,19.03,0.6425,0.0141,4.0
Nuraminis,2023,3,5.72,0.0033,0.1116,0.0037,0.98,0.0048,19.03,0.6425,0.0139,4.0
Nuraminis,2023,4,4.15,0.0024,0.0809,0.0027,0.98,0.0048,19.03,0.6425,0.0119,4.0
Nuraminis,2023,5,8.78,0.0051,0.1714,0.0056,0.98,0.0048,19.03,0.6425,0.0172,4.0
Nuraminis,2023,6,6.34,0.0037,0.1238,0.0041,0.98,0.0048,19.03,0.6425,0.0147,4.0
Nuraminis,2023,7,5.61,0.0033,0.1095,0.0036,0.98,0.0048,19.03,0.6425,0.0138,4.0
Nuraminis,2023,8,7.23,0.0042,0.1411,0.0046,0.98,0.0048,19.03,0.6425,0.0156,4.0
Nuraminis,2023,9,8.03,0.0047,0.1566,0.0052,0.98,0.0048,19.03,0.6425,0.0166,4.0
Nuraminis,2023,10,4.3,0.0025,0.0839,0.0028,0.98,0.0048,19.03,0.6425,0.0121,4.0
Nuraminis,2023,11,2.33,0.0014,0.0454,0.0015,0.98,0.0048,19.03,0.6425,0.009,4.0
Nuraminis,2023,12,3.15,0.0018,0.0614,0.002,0.98,0.0048,19.03,0.6425,0.0103,4.0
Nureci,2023,1,0.03,0.0,0.0012,0.0,0.61,0.003,7.74,0.2613,0.0,4.0
Nureci,2023,2,0.02,0.0,0.001,0.0,0.61,0.003,7.74,0.2613,0.0,4.0
Nureci,2023,3,0.03,0.0,0.0013,0.0,0.61,0.003,7.74,0.2613,0.0,4.0
Nureci,2023,4,0.07,0.0,0.0028,0.0001,0.61,0.003,7.74,0.2613,0.0,4.0
Nureci,2023,5,0.85,0.0005,0.0355,0.0012,0.61,0.003,7.74,0.2613,0.0047,4.0
Nureci,2023,6,1.67,0.001,0.0697,0.0023,0.61,0.003,7.74,0.2613,0.0065,4.0
Nureci,2023,7,1.73,0.001,0.0722,0.0024,0.61,0.003,7.74,0.2613,0.0066,4.0
Nureci,2023,8,6.07,0.0035,0.2536,0.0084,0.61,0.003,7.74,0.2613,0.0123,4.0
Nureci,2023,9,2.87,0.0017,0.1199,0.0039,0.61,0.003,7.74,0.2613,0.0085,4.0
Nureci,2023,10,2.59,0.0015,0.1082,0.0036,0.61,0.003,7.74,0.2613,0.0081,4.0
Nureci,2023,11,0.04,0.0,0.0015,0.0,0.61,0.003,7.74,0.2613,0.0,4.0
Nureci,2023,12,1.26,0.0007,0.0529,0.0017,0.61,0.003,7.74,0.2613,0.0055,4.0
Nurri,2023,1,0.01,0.0,0.0004,0.0,0.35,0.0017,9.85,0.3325,0.0,4.0
Nurri,2023,2,0.01,0.0,0.0004,0.0,0.35,0.0017,9.85,0.3325,0.0,4.0
Nurri,2023,3,0.35,0.0002,0.0128,0.0004,0.35,0.0017,9.85,0.3325,0.0026,4.0
Nurri,2023,4,1.98,0.0012,0.072,0.0024,0.35,0.0017,9.85,0.3325,0.0064,4.0
Nurri,2023,5,0.85,0.0005,0.0309,0.001,0.35,0.0017,9.85,0.3325,0.0041,4.0
Nurri,2023,6,1.15,0.0007,0.0421,0.0014,0.35,0.0017,9.85,0.3325,0.0049,4.0
Nurri,2023,7,4.74,0.0028,0.1727,0.0057,0.35,0.0017,9.85,0.3325,0.0097,4.0
Nurri,2023,8,1.14,0.0007,0.0415,0.0014,0.35,0.0017,9.85,0.3325,0.0049,4.0
Nurri,2023,9,1.25,0.0007,0.0458,0.0015,0.35,0.0017,9.85,0.3325,0.0049,4.0
Nurri,2023,10,0.54,0.0003,0.0198,0.0007,0.35,0.0017,9.85,0.3325,0.0033,4.0
Nurri,2023,11,0.61,0.0004,0.0222,0.0007,0.35,0.0017,9.85,0.3325,0.0035,4.0
Nurri,2023,12,0.02,0.0,0.0007,0.0,0.35,0.0017,9.85,0.3325,0.0,4.0
Nuxis,2023,1,0.08,0.0,0.0034,0.0001,0.13,0.0006,6.23,0.2103,0.0,4.0
Nuxis,2023,2,0.07,0.0,0.0029,0.0001,0.13,0.0006,6.23,0.2103,0.0,4.0
Nuxis,2023,3,0.08,0.0,0.0036,0.0001,0.13,0.0006,6.23,0.2103,0.0,4.0
Nuxis,2023,4,0.19,0.0001,0.008,0.0003,0.13,0.0006,6.23,0.2103,0.0014,4.0
Nuxis,2023,5,0.24,0.0001,0.0103,0.0003,0.13,0.0006,6.23,0.2103,0.0014,4.0
Nuxis,2023,6,0.4,0.0002,0.0172,0.0006,0.13,0.0006,6.23,0.2103,0.002,4.0
Nuxis,2023,7,0.56,0.0003,0.0242,0.0008,0.13,0.0006,6.23,0.2103,0.0023,4.0
Nuxis,2023,8,0.56,0.0003,0.0239,0.0008,0.13,0.0006,6.23,0.2103,0.0023,4.0
Nuxis,2023,9,0.35,0.0002,0.0149,0.0005,0.13,0.0006,6.23,0.2103,0.0019,4.0
Nuxis,2023,10,0.2,0.0001,0.0087,0.0003,0.13,0.0006,6.23,0.2103,0.0014,4.0
Nuxis,2023,11,0.1,0.0001,0.0041,0.0001,0.13,0.0006,6.23,0.2103,0.0011,4.0
Nuxis,2023,12,0.13,0.0001,0.0054,0.0002,0.13,0.0006,6.23,0.2103,0.0013,4.0
Olbia,2023,1,20.18,0.0118,0.1272,0.0042,48.9,0.2387,12.66,0.4274,0.0474,4.0
Olbia,2023,2,23.26,0.0136,0.1466,0.0048,48.9,0.2387,12.66,0.4274,0.0508,4.0
Olbia,2023,3,34.34,0.0201,0.2164,0.0071,48.9,0.2387,12.66,0.4274,0.0618,4.0
Olbia,2023,4,89.52,0.0523,0.5641,0.0186,48.9,0.2387,12.66,0.4274,0.0998,4.0
Olbia,2023,5,173.13,0.1012,1.0909,0.0359,48.9,0.2387,12.66,0.4274,0.1388,4.0
Olbia,2023,6,357.85,0.2092,2.2548,0.0742,48.9,0.2387,12.66,0.4274,0.1995,4.0
Olbia,2023,7,504.79,0.2951,3.1806,0.1047,48.9,0.2387,12.66,0.4274,0.2369,4.0
Olbia,2023,8,534.3,0.3124,3.3666,0.1109,48.9,0.2387,12.66,0.4274,0.2438,4.0
Olbia,2023,9,342.03,0.2,2.1551,0.071,48.9,0.2387,12.66,0.4274,0.1951,4.0
Olbia,2023,10,138.64,0.0811,0.8735,0.0288,48.9,0.2387,12.66,0.4274,0.1242,4.0
Olbia,2023,11,21.78,0.0127,0.1372,0.0045,48.9,0.2387,12.66,0.4274,0.0491,4.0
Olbia,2023,12,19.33,0.0113,0.1218,0.004,48.9,0.2387,12.66,0.4274,0.0463,4.0
Oliena,2023,1,4.25,0.0025,0.1067,0.0035,2.68,0.0131,19.11,0.6452,0.0165,4.0
Oliena,2023,2,6.26,0.0037,0.1573,0.0052,2.68,0.0131,19.11,0.6452,0.0201,4.0
Oliena,2023,3,1.72,0.001,0.0433,0.0014,2.68,0.0131,19.11,0.6452,0.0104,4.0
Oliena,2023,4,18.05,0.0106,0.4536,0.0149,2.68,0.0131,19.11,0.6452,0.034,4.0
Oliena,2023,5,20.28,0.0119,0.5095,0.0168,2.68,0.0131,19.11,0.6452,0.0361,4.0
Oliena,2023,6,22.41,0.0131,0.563,0.0185,2.68,0.0131,19.11,0.6452,0.0378,4.0
Oliena,2023,7,26.82,0.0157,0.6738,0.0222,2.68,0.0131,19.11,0.6452,0.0414,4.0
Oliena,2023,8,33.38,0.0195,0.8387,0.0276,2.68,0.0131,19.11,0.6452,0.0462,4.0
Oliena,2023,9,27.13,0.0159,0.6815,0.0224,2.68,0.0131,19.11,0.6452,0.0417,4.0
Oliena,2023,10,21.23,0.0124,0.5334,0.0176,2.68,0.0131,19.11,0.6452,0.0369,4.0
Oliena,2023,11,4.18,0.0024,0.105,0.0035,2.68,0.0131,19.11,0.6452,0.0163,4.0
Oliena,2023,12,1.23,0.0007,0.031,0.001,2.68,0.0131,19.11,0.6452,0.0088,4.0
Ollastra,2023,1,0.08,0.0,0.0015,0.0,0.28,0.0014,5.11,0.1725,0.0,4.0
Ollastra,2023,2,0.07,0.0,0.0013,0.0,0.28,0.0014,5.11,0.1725,0.0,4.0
Ollastra,2023,3,0.08,0.0,0.0016,0.0001,0.28,0.0014,5.11,0.1725,0.0,4.0
Ollastra,2023,4,0.19,0.0001,0.0036,0.0001,0.28,0.0014,5.11,0.1725,0.0012,4.0
Ollastra,2023,5,0.24,0.0001,0.0046,0.0002,0.28,0.0014,5.11,0.1725,0.0015,4.0
Ollastra,2023,6,0.4,0.0002,0.0077,0.0003,0.28,0.0014,5.11,0.1725,0.002,4.0
Ollastra,2023,7,1.77,0.001,0.0339,0.0011,0.28,0.0014,5.11,0.1725,0.004,4.0
Ollastra,2023,8,0.56,0.0003,0.0107,0.0004,0.28,0.0014,5.11,0.1725,0.0023,4.0
Ollastra,2023,9,1.37,0.0008,0.0262,0.0009,0.28,0.0014,5.11,0.1725,0.0036,4.0
Ollastra,2023,10,0.2,0.0001,0.0039,0.0001,0.28,0.0014,5.11,0.1725,0.0012,4.0
Ollastra,2023,11,0.1,0.0001,0.0019,0.0001,0.28,0.0014,5.11,0.1725,0.0012,4.0
Ollastra,2023,12,0.13,0.0001,0.0024,0.0001,0.28,0.0014,5.11,0.1725,0.0012,4.0
Ollolai,2023,1,0.01,0.0,0.0003,0.0,1.55,0.0076,0.85,0.0287,0.0,4.0
Ollolai,2023,2,0.01,0.0,0.0003,0.0,1.55,0.0076,0.85,0.0287,0.0,4.0
Ollolai,2023,3,0.01,0.0,0.0003,0.0,1.55,0.0076,0.85,0.0287,0.0,4.0
Ollolai,2023,4,0.03,0.0,0.0007,0.0,1.55,0.0076,0.85,0.0287,0.0,4.0
Ollolai,2023,5,0.04,0.0,0.0009,0.0,1.55,0.0076,0.85,0.0287,0.0,4.0
Ollolai,2023,6,0.07,0.0,0.0015,0.0,1.55,0.0076,0.85,0.0287,0.0,4.0
Ollolai,2023,7,2.64,0.0015,0.0609,0.002,1.55,0.0076,0.85,0.0287,0.0051,4.0
Ollolai,2023,8,1.9,0.0011,0.0438,0.0014,1.55,0.0076,0.85,0.0287,0.0043,4.0
Ollolai,2023,9,0.06,0.0,0.0013,0.0,1.55,0.0076,0.85,0.0287,0.0,4.0
Ollolai,2023,10,0.03,0.0,0.0008,0.0,1.55,0.0076,0.85,0.0287,0.0,4.0
Ollolai,2023,11,0.02,0.0,0.0004,0.0,1.55,0.0076,0.85,0.0287,0.0,4.0
Ollolai,2023,12,0.02,0.0,0.0005,0.0,1.55,0.0076,0.85,0.0287,0.0,4.0
Olmedo,2023,1,3.17,0.0019,0.0256,0.0008,9.28,0.0453,5.36,0.181,0.0106,4.0
Olmedo,2023,2,1.54,0.0009,0.0124,0.0004,9.28,0.0453,5.36,0.181,0.0074,4.0
Olmedo,2023,3,2.11,0.0012,0.017,0.0006,9.28,0.0453,5.36,0.181,0.0088,4.0
Olmedo,2023,4,6.47,0.0038,0.0521,0.0017,9.28,0.0453,5.36,0.181,0.0152,4.0
Olmedo,2023,5,14.03,0.0082,0.113,0.0037,9.28,0.0453,5.36,0.181,0.0223,4.0
Olmedo,2023,6,23.07,0.0135,0.1858,0.0061,9.28,0.0453,5.36,0.181,0.0287,4.0
Olmedo,2023,7,43.33,0.0253,0.3489,0.0115,9.28,0.0453,5.36,0.181,0.0393,4.0
Olmedo,2023,8,48.34,0.0283,0.3893,0.0128,9.28,0.0453,5.36,0.181,0.0415,4.0
Olmedo,2023,9,25.36,0.0148,0.2042,0.0067,9.28,0.0453,5.36,0.181,0.03,4.0
Olmedo,2023,10,10.91,0.0064,0.0879,0.0029,9.28,0.0453,5.36,0.181,0.0198,4.0
Olmedo,2023,11,1.36,0.0008,0.011,0.0004,9.28,0.0453,5.36,0.181,0.0072,4.0
Olmedo,2023,12,1.84,0.0011,0.0148,0.0005,9.28,0.0453,5.36,0.181,0.0082,4.0
Olzai,2023,1,,,,,0.14,0.0007,0.0,0.0,0.0,2.0
Olzai,2023,2,,,,,0.14,0.0007,0.0,0.0,0.0,2.0
Olzai,2023,3,,,,,0.14,0.0007,0.0,0.0,0.0,2.0
Olzai,2023,4,,,,,0.14,0.0007,0.0,0.0,0.0,2.0
Olzai,2023,5,,,,,0.14,0.0007,0.0,0.0,0.0,2.0
Olzai,2023,6,,,,,0.14,0.0007,0.0,0.0,0.0,2.0
Olzai,2023,7,,,,,0.14,0.0007,0.0,0.0,0.0,2.0
Olzai,2023,8,,,,,0.14,0.0007,0.0,0.0,0.0,2.0
Olzai,2023,9,,,,,0.14,0.0007,0.0,0.0,0.0,2.0
Olzai,2023,10,,,,,0.14,0.0007,0.0,0.0,0.0,2.0
Olzai,2023,11,,,,,0.14,0.0007,0.0,0.0,0.0,2.0
Olzai,2023,12,,,,,0.14,0.0007,0.0,0.0,0.0,2.0
Onanì,2023,1,,,,,0.0,0.0,,,0.0,1.0
Onanì,2023,2,,,,,0.0,0.0,,,0.0,1.0
Onanì,2023,3,,,,,0.0,0.0,,,0.0,1.0
Onanì,2023,4,,,,,0.0,0.0,,,0.0,1.0
Onanì,2023,5,,,,,0.0,0.0,,,0.0,1.0
Onanì,2023,6,,,,,0.0,0.0,,,0.0,1.0
Onanì,2023,7,,,,,0.0,0.0,,,0.0,1.0
Onanì,2023,8,,,,,0.0,0.0,,,0.0,1.0
Onanì,2023,9,,,,,0.0,0.0,,,0.0,1.0
Onanì,2023,10,,,,,0.0,0.0,,,0.0,1.0
Onanì,2023,11,,,,,0.0,0.0,,,0.0,1.0
Onanì,2023,12,,,,,0.0,0.0,,,0.0,1.0
Onifai,2023,1,0.12,0.0001,0.0074,0.0002,1.31,0.0064,6.57,0.2218,0.0023,4.0
Onifai,2023,2,0.0,0.0,0.0003,0.0,1.31,0.0064,6.57,0.2218,0.0,4.0
Onifai,2023,3,0.01,0.0,0.0003,0.0,1.31,0.0064,6.57,0.2218,0.0,4.0
Onifai,2023,4,1.69,0.001,0.1037,0.0034,1.31,0.0064,6.57,0.2218,0.0083,4.0
Onifai,2023,5,1.01,0.0006,0.0616,0.002,1.31,0.0064,6.57,0.2218,0.0064,4.0
Onifai,2023,6,2.65,0.0015,0.1623,0.0053,1.31,0.0064,6.57,0.2218,0.0103,4.0
Onifai,2023,7,8.47,0.005,0.5184,0.0171,1.31,0.0064,6.57,0.2218,0.0187,4.0
Onifai,2023,8,11.51,0.0067,0.7045,0.0232,1.31,0.0064,6.57,0.2218,0.0217,4.0
Onifai,2023,9,3.48,0.002,0.2129,0.007,1.31,0.0064,6.57,0.2218,0.0119,4.0
Onifai,2023,10,1.0,0.0006,0.0614,0.002,1.31,0.0064,6.57,0.2218,0.0064,4.0
Onifai,2023,11,0.67,0.0004,0.0413,0.0014,1.31,0.0064,6.57,0.2218,0.0053,4.0
Onifai,2023,12,0.88,0.0005,0.0541,0.0018,1.31,0.0064,6.57,0.2218,0.006,4.0
Oniferi,2023,1,,,,,0.34,0.0017,0.0,0.0,0.0,2.0
Oniferi,2023,2,,,,,0.34,0.0017,0.0,0.0,0.0,2.0
Oniferi,2023,3,,,,,0.34,0.0017,0.0,0.0,0.0,2.0
Oniferi,2023,4,,,,,0.34,0.0017,0.0,0.0,0.0,2.0
Oniferi,2023,5,,,,,0.34,0.0017,0.0,0.0,0.0,2.0
Oniferi,2023,6,,,,,0.34,0.0017,0.0,0.0,0.0,2.0
Oniferi,2023,7,,,,,0.34,0.0017,0.0,0.0,0.0,2.0
Oniferi,2023,8,,,,,0.34,0.0017,0.0,0.0,0.0,2.0
Oniferi,2023,9,,,,,0.34,0.0017,0.0,0.0,0.0,2.0
Oniferi,2023,10,,,,,0.34,0.0017,0.0,0.0,0.0,2.0
Oniferi,2023,11,,,,,0.34,0.0017,0.0,0.0,0.0,2.0
Oniferi,2023,12,,,,,0.34,0.0017,0.0,0.0,0.0,2.0
Orani,2023,1,1.48,0.0009,0.0711,0.0023,0.35,0.0017,11.76,0.397,0.0061,4.0
Orani,2023,2,1.49,0.0009,0.0714,0.0024,0.35,0.0017,11.76,0.397,0.0062,4.0
Orani,2023,3,1.36,0.0008,0.0655,0.0022,0.35,0.0017,11.76,0.397,0.0059,4.0
Orani,2023,4,1.4,0.0008,0.0674,0.0022,0.35,0.0017,11.76,0.397,0.0059,4.0
Orani,2023,5,1.49,0.0009,0.0718,0.0024,0.35,0.0017,11.76,0.397,0.0062,4.0
Orani,2023,6,2.03,0.0012,0.0977,0.0032,0.35,0.0017,11.76,0.397,0.0071,4.0
Orani,2023,7,1.08,0.0006,0.0518,0.0017,0.35,0.0017,11.76,0.397,0.0051,4.0
Orani,2023,8,1.29,0.0008,0.0618,0.002,0.35,0.0017,11.76,0.397,0.0057,4.0
Orani,2023,9,1.21,0.0007,0.0581,0.0019,0.35,0.0017,11.76,0.397,0.0055,4.0
Orani,2023,10,0.93,0.0005,0.0448,0.0015,0.35,0.0017,11.76,0.397,0.0047,4.0
Orani,2023,11,0.69,0.0004,0.0333,0.0011,0.35,0.0017,11.76,0.397,0.0042,4.0
Orani,2023,12,0.75,0.0004,0.0363,0.0012,0.35,0.0017,11.76,0.397,0.0042,4.0
Orgosolo,2023,1,0.93,0.0005,0.0524,0.0017,1.03,0.005,5.49,0.1853,0.0053,4.0
Orgosolo,2023,2,0.96,0.0006,0.0542,0.0018,1.03,0.005,5.49,0.1853,0.0056,4.0
Orgosolo,2023,3,0.29,0.0002,0.0162,0.0005,1.03,0.005,5.49,0.1853,0.0031,4.0
Orgosolo,2023,4,1.11,0.0006,0.0626,0.0021,1.03,0.005,5.49,0.1853,0.0058,4.0
Orgosolo,2023,5,1.45,0.0008,0.0816,0.0027,1.03,0.005,5.49,0.1853,0.0067,4.0
Orgosolo,2023,6,1.46,0.0009,0.0826,0.0027,1.03,0.005,5.49,0.1853,0.0069,4.0
Orgosolo,2023,7,1.76,0.001,0.099,0.0033,1.03,0.005,5.49,0.1853,0.0074,4.0
Orgosolo,2023,8,5.14,0.003,0.2895,0.0095,1.03,0.005,5.49,0.1853,0.0127,4.0
Orgosolo,2023,9,3.17,0.0019,0.1786,0.0059,1.03,0.005,5.49,0.1853,0.0101,4.0
Orgosolo,2023,10,2.73,0.0016,0.1537,0.0051,1.03,0.005,5.49,0.1853,0.0093,4.0
Orgosolo,2023,11,1.11,0.0006,0.0623,0.0021,1.03,0.005,5.49,0.1853,0.0058,4.0
Orgosolo,2023,12,0.53,0.0003,0.0299,0.001,1.03,0.005,5.49,0.1853,0.0041,4.0
Oristano,2023,1,73.47,0.043,0.2041,0.0067,36.06,0.1761,17.42,0.5881,0.0739,4.0
Oristano,2023,2,85.34,0.0499,0.237,0.0078,36.06,0.1761,17.42,0.5881,0.0797,4.0
Oristano,2023,3,104.06,0.0608,0.289,0.0095,36.06,0.1761,17.42,0.5881,0.0879,4.0
Oristano,2023,4,129.48,0.0757,0.3596,0.0118,36.06,0.1761,17.42,0.5881,0.0981,4.0
Oristano,2023,5,193.58,0.1132,0.5377,0.0177,36.06,0.1761,17.42,0.5881,0.12,4.0
Oristano,2023,6,255.61,0.1494,0.71,0.0234,36.06,0.1761,17.42,0.5881,0.1379,4.0
Oristano,2023,7,367.83,0.215,1.0217,0.0336,36.06,0.1761,17.42,0.5881,0.1654,4.0
Oristano,2023,8,510.25,0.2983,1.4173,0.0467,36.06,0.1761,17.42,0.5881,0.1949,4.0
Oristano,2023,9,328.05,0.1918,0.9112,0.03,36.06,0.1761,17.42,0.5881,0.1562,4.0
Oristano,2023,10,126.87,0.0742,0.3524,0.0116,36.06,0.1761,17.42,0.5881,0.0972,4.0
Oristano,2023,11,59.76,0.0349,0.166,0.0055,36.06,0.1761,17.42,0.5881,0.0668,4.0
Oristano,2023,12,59.35,0.0347,0.1648,0.0054,36.06,0.1761,17.42,0.5881,0.0664,4.0
Orosei,2023,1,3.64,0.0021,0.0487,0.0016,122.27,0.597,18.93,0.6391,0.0336,4.0
Orosei,2023,2,6.17,0.0036,0.0825,0.0027,122.27,0.597,18.93,0.6391,0.0439,4.0
Orosei,2023,3,9.67,0.0057,0.1294,0.0043,122.27,0.597,18.93,0.6391,0.0553,4.0
Orosei,2023,4,212.14,0.124,2.8388,0.0935,122.27,0.597,18.93,0.6391,0.2579,4.0
Orosei,2023,5,609.49,0.3563,8.1559,0.2686,122.27,0.597,18.93,0.6391,0.4371,4.0
Orosei,2023,6,1455.57,0.851,19.4777,0.6414,122.27,0.597,18.93,0.6391,0.6755,4.0
Orosei,2023,7,2108.85,1.0,28.2196,0.9292,122.27,0.597,18.93,0.6391,0.7716,4.0
Orosei,2023,8,2206.39,1.0,29.5249,0.9722,122.27,0.597,18.93,0.6391,0.7804,4.0
Orosei,2023,9,1367.07,0.7993,18.2934,0.6024,122.27,0.597,18.93,0.6391,0.6547,4.0
Orosei,2023,10,460.73,0.2694,6.1653,0.203,122.27,0.597,18.93,0.6391,0.3801,4.0
Orosei,2023,11,5.87,0.0034,0.0785,0.0026,122.27,0.597,18.93,0.6391,0.0429,4.0
Orosei,2023,12,4.36,0.0025,0.0584,0.0019,122.27,0.597,18.93,0.6391,0.0367,4.0
Orotelli,2023,1,,,,,0.1,0.0005,0.0,0.0,0.0,2.0
Orotelli,2023,2,,,,,0.1,0.0005,0.0,0.0,0.0,2.0
Orotelli,2023,3,,,,,0.1,0.0005,0.0,0.0,0.0,2.0
Orotelli,2023,4,,,,,0.1,0.0005,0.0,0.0,0.0,2.0
Orotelli,2023,5,,,,,0.1,0.0005,0.0,0.0,0.0,2.0
Orotelli,2023,6,,,,,0.1,0.0005,0.0,0.0,0.0,2.0
Orotelli,2023,7,,,,,0.1,0.0005,0.0,0.0,0.0,2.0
Orotelli,2023,8,,,,,0.1,0.0005,0.0,0.0,0.0,2.0
Orotelli,2023,9,,,,,0.1,0.0005,0.0,0.0,0.0,2.0
Orotelli,2023,10,,,,,0.1,0.0005,0.0,0.0,0.0,2.0
Orotelli,2023,11,,,,,0.1,0.0005,0.0,0.0,0.0,2.0
Orotelli,2023,12,,,,,0.1,0.0005,0.0,0.0,0.0,2.0
Orroli,2023,1,,,,,1.12,0.0055,1.64,0.0554,0.0175,2.0
Orroli,2023,2,,,,,1.12,0.0055,1.64,0.0554,0.0175,2.0
Orroli,2023,3,,,,,1.12,0.0055,1.64,0.0554,0.0175,2.0
Orroli,2023,4,,,,,1.12,0.0055,1.64,0.0554,0.0175,2.0
Orroli,2023,5,0.37,,0.0142,,1.12,0.0055,1.64,0.0554,0.0175,2.0
Orroli,2023,6,0.82,,0.0315,,1.12,0.0055,1.64,0.0554,0.0175,2.0
Orroli,2023,7,0.3,,0.0117,,1.12,0.0055,1.64,0.0554,0.0175,2.0
Orroli,2023,8,1.3,,0.0503,,1.12,0.0055,1.64,0.0554,0.0175,2.0
Orroli,2023,9,1.45,,0.0559,,1.12,0.0055,1.64,0.0554,0.0175,2.0
Orroli,2023,10,0.92,,0.0356,,1.12,0.0055,1.64,0.0554,0.0175,2.0
Orroli,2023,11,0.79,,0.0305,,1.12,0.0055,1.64,0.0554,0.0175,2.0
Orroli,2023,12,0.74,,0.0285,,1.12,0.0055,1.64,0.0554,0.0175,2.0
Ortacesus,2023,1,,,,,0.0,0.0,,,0.0,1.0
Ortacesus,2023,2,,,,,0.0,0.0,,,0.0,1.0
Ortacesus,2023,3,,,,,0.0,0.0,,,0.0,1.0
Ortacesus,2023,4,,,,,0.0,0.0,,,0.0,1.0
Ortacesus,2023,5,,,,,0.0,0.0,,,0.0,1.0
Ortacesus,2023,6,,,,,0.0,0.0,,,0.0,1.0
Ortacesus,2023,7,,,,,0.0,0.0,,,0.0,1.0
Ortacesus,2023,8,,,,,0.0,0.0,,,0.0,1.0
Ortacesus,2023,9,,,,,0.0,0.0,,,0.0,1.0
Ortacesus,2023,10,,,,,0.0,0.0,,,0.0,1.0
Ortacesus,2023,11,,,,,0.0,0.0,,,0.0,1.0
Ortacesus,2023,12,,,,,0.0,0.0,,,0.0,1.0
Ortueri,2023,1,0.47,0.0003,0.0178,0.0006,0.44,0.0021,3.4,0.1148,0.0026,4.0
Ortueri,2023,2,0.05,0.0,0.0019,0.0001,0.44,0.0021,3.4,0.1148,0.0,4.0
Ortueri,2023,3,0.06,0.0,0.0023,0.0001,0.44,0.0021,3.4,0.1148,0.0,4.0
Ortueri,2023,4,0.14,0.0001,0.0052,0.0002,0.44,0.0021,3.4,0.1148,0.0015,4.0
Ortueri,2023,5,0.18,0.0001,0.0067,0.0002,0.44,0.0021,3.4,0.1148,0.0015,4.0
Ortueri,2023,6,1.07,0.0006,0.0404,0.0013,0.44,0.0021,3.4,0.1148,0.0037,4.0
Ortueri,2023,7,0.57,0.0003,0.0216,0.0007,0.44,0.0021,3.4,0.1148,0.0027,4.0
Ortueri,2023,8,0.62,0.0004,0.0234,0.0008,0.44,0.0021,3.4,0.1148,0.003,4.0
Ortueri,2023,9,1.6,0.0009,0.0603,0.002,0.44,0.0021,3.4,0.1148,0.0046,4.0
Ortueri,2023,10,0.38,0.0002,0.0144,0.0005,0.44,0.0021,3.4,0.1148,0.0022,4.0
Ortueri,2023,11,0.2,0.0001,0.0076,0.0003,0.44,0.0021,3.4,0.1148,0.0016,4.0
Ortueri,2023,12,0.09,0.0001,0.0035,0.0001,0.44,0.0021,3.4,0.1148,0.0012,4.0
Orune,2023,1,,,,,0.03,0.0001,0.0,0.0,0.0,2.0
Orune,2023,2,,,,,0.03,0.0001,0.0,0.0,0.0,2.0
Orune,2023,3,,,,,0.03,0.0001,0.0,0.0,0.0,2.0
Orune,2023,4,,,,,0.03,0.0001,0.0,0.0,0.0,2.0
Orune,2023,5,,,,,0.03,0.0001,0.0,0.0,0.0,2.0
Orune,2023,6,,,,,0.03,0.0001,0.0,0.0,0.0,2.0
Orune,2023,7,,,,,0.03,0.0001,0.0,0.0,0.0,2.0
Orune,2023,8,,,,,0.03,0.0001,0.0,0.0,0.0,2.0
Orune,2023,9,,,,,0.03,0.0001,0.0,0.0,0.0,2.0
Orune,2023,10,,,,,0.03,0.0001,0.0,0.0,0.0,2.0
Orune,2023,11,,,,,0.03,0.0001,0.0,0.0,0.0,2.0
Orune,2023,12,,,,,0.03,0.0001,0.0,0.0,0.0,2.0
Oschiri,2023,1,0.01,0.0,0.0006,0.0,0.16,0.0008,2.69,0.0908,0.0,4.0
Oschiri,2023,2,0.01,0.0,0.0005,0.0,0.16,0.0008,2.69,0.0908,0.0,4.0
Oschiri,2023,3,0.01,0.0,0.0007,0.0,0.16,0.0008,2.69,0.0908,0.0,4.0
Oschiri,2023,4,0.02,0.0,0.0015,0.0,0.16,0.0008,2.69,0.0908,0.0,4.0
Oschiri,2023,5,0.18,0.0001,0.0128,0.0004,0.16,0.0008,2.69,0.0908,0.0013,4.0
Oschiri,2023,6,0.18,0.0001,0.0131,0.0004,0.16,0.0008,2.69,0.0908,0.0013,4.0
Oschiri,2023,7,0.23,0.0001,0.0164,0.0005,0.16,0.0008,2.69,0.0908,0.0014,4.0
Oschiri,2023,8,0.72,0.0004,0.0511,0.0017,0.16,0.0008,2.69,0.0908,0.0027,4.0
Oschiri,2023,9,0.16,0.0001,0.0117,0.0004,0.16,0.0008,2.69,0.0908,0.0013,4.0
Oschiri,2023,10,0.02,0.0,0.0016,0.0001,0.16,0.0008,2.69,0.0908,0.0,4.0
Oschiri,2023,11,0.04,0.0,0.0031,0.0001,0.16,0.0008,2.69,0.0908,0.0,4.0
Oschiri,2023,12,0.01,0.0,0.001,0.0,0.16,0.0008,2.69,0.0908,0.0,4.0
Osidda,2023,1,0.02,0.0,0.0025,0.0001,0.77,0.0038,0.51,0.0172,0.0,4.0
Osidda,2023,2,0.02,0.0,0.0021,0.0001,0.77,0.0038,0.51,0.0172,0.0,4.0
Osidda,2023,3,0.02,0.0,0.0026,0.0001,0.77,0.0038,0.51,0.0172,0.0,4.0
Osidda,2023,4,0.05,0.0,0.0058,0.0002,0.77,0.0038,0.51,0.0172,0.0,4.0
Osidda,2023,5,0.06,0.0,0.0075,0.0002,0.77,0.0038,0.51,0.0172,0.0,4.0
Osidda,2023,6,0.1,0.0001,0.0125,0.0004,0.77,0.0038,0.51,0.0172,0.0013,4.0
Osidda,2023,7,0.49,0.0003,0.0591,0.0019,0.77,0.0038,0.51,0.0172,0.0025,4.0
Osidda,2023,8,0.45,0.0003,0.0542,0.0018,0.77,0.0038,0.51,0.0172,0.0024,4.0
Osidda,2023,9,0.09,0.0001,0.0108,0.0004,0.77,0.0038,0.51,0.0172,0.0013,4.0
Osidda,2023,10,0.05,0.0,0.0064,0.0002,0.77,0.0038,0.51,0.0172,0.0,4.0
Osidda,2023,11,0.02,0.0,0.003,0.0001,0.77,0.0038,0.51,0.0172,0.0,4.0
Osidda,2023,12,0.03,0.0,0.0039,0.0001,0.77,0.0038,0.51,0.0172,0.0,4.0
Osilo,2023,1,0.03,0.0,0.001,0.0,0.56,0.0027,0.64,0.0216,0.0,4.0
Osilo,2023,2,0.02,0.0,0.0009,0.0,0.56,0.0027,0.64,0.0216,0.0,4.0
Osilo,2023,3,0.03,0.0,0.0011,0.0,0.56,0.0027,0.64,0.0216,0.0,4.0
Osilo,2023,4,0.07,0.0,0.0024,0.0001,0.56,0.0027,0.64,0.0216,0.0,4.0
Osilo,2023,5,0.09,0.0001,0.0031,0.0001,0.56,0.0027,0.64,0.0216,0.0009,4.0
Osilo,2023,6,0.15,0.0001,0.0051,0.0002,0.56,0.0027,0.64,0.0216,0.001,4.0
Osilo,2023,7,0.44,0.0003,0.0154,0.0005,0.56,0.0027,0.64,0.0216,0.0017,4.0
Osilo,2023,8,0.2,0.0001,0.0071,0.0002,0.56,0.0027,0.64,0.0216,0.001,4.0
Osilo,2023,9,0.13,0.0001,0.0045,0.0001,0.56,0.0027,0.64,0.0216,0.0009,4.0
Osilo,2023,10,0.07,0.0,0.0026,0.0001,0.56,0.0027,0.64,0.0216,0.0,4.0
Osilo,2023,11,0.04,0.0,0.0012,0.0,0.56,0.0027,0.64,0.0216,0.0,4.0
Osilo,2023,12,0.05,0.0,0.0016,0.0001,0.56,0.0027,0.64,0.0216,0.0,4.0
Osini,2023,1,0.01,0.0,0.0007,0.0,1.39,0.0068,4.62,0.156,0.0,4.0
Osini,2023,2,0.01,0.0,0.0006,0.0,1.39,0.0068,4.62,0.156,0.0,4.0
Osini,2023,3,0.01,0.0,0.0007,0.0,1.39,0.0068,4.62,0.156,0.0,4.0
Osini,2023,4,1.95,0.0011,0.108,0.0036,1.39,0.0068,4.62,0.156,0.0081,4.0
Osini,2023,5,1.55,0.0009,0.0861,0.0028,1.39,0.0068,4.62,0.156,0.0072,4.0
Osini,2023,6,2.74,0.0016,0.1519,0.005,1.39,0.0068,4.62,0.156,0.0096,4.0
Osini,2023,7,1.4,0.0008,0.0776,0.0026,1.39,0.0068,4.62,0.156,0.0069,4.0
Osini,2023,8,10.35,0.0061,0.5734,0.0189,1.39,0.0068,4.62,0.156,0.0187,4.0
Osini,2023,9,3.26,0.0019,0.1808,0.006,1.39,0.0068,4.62,0.156,0.0105,4.0
Osini,2023,10,1.19,0.0007,0.0662,0.0022,1.39,0.0068,4.62,0.156,0.0064,4.0
Osini,2023,11,0.01,0.0,0.0008,0.0,1.39,0.0068,4.62,0.156,0.0,4.0
Osini,2023,12,0.93,0.0005,0.0515,0.0017,1.39,0.0068,4.62,0.156,0.0055,4.0
Ossi,2023,1,0.02,0.0,0.0001,0.0,0.96,0.0047,5.0,0.1688,0.0,4.0
Ossi,2023,2,0.15,0.0001,0.0008,0.0,0.96,0.0047,5.0,0.1688,0.0,4.0
Ossi,2023,3,0.65,0.0004,0.0036,0.0001,0.96,0.0047,5.0,0.1688,0.0024,4.0
Ossi,2023,4,1.93,0.0011,0.0106,0.0003,0.96,0.0047,5.0,0.1688,0.004,4.0
Ossi,2023,5,1.98,0.0012,0.0109,0.0004,0.96,0.0047,5.0,0.1688,0.0044,4.0
Ossi,2023,6,2.64,0.0015,0.0145,0.0005,0.96,0.0047,5.0,0.1688,0.0049,4.0
Ossi,2023,7,2.71,0.0016,0.0149,0.0005,0.96,0.0047,5.0,0.1688,0.005,4.0
Ossi,2023,8,2.21,0.0013,0.0122,0.0004,0.96,0.0047,5.0,0.1688,0.0045,4.0
Ossi,2023,9,2.53,0.0015,0.0139,0.0005,0.96,0.0047,5.0,0.1688,0.0049,4.0
Ossi,2023,10,1.87,0.0011,0.0103,0.0003,0.96,0.0047,5.0,0.1688,0.004,4.0
Ossi,2023,11,0.15,0.0001,0.0008,0.0,0.96,0.0047,5.0,0.1688,0.0,4.0
Ossi,2023,12,0.72,0.0004,0.004,0.0001,0.96,0.0047,5.0,0.1688,0.0024,4.0
Ottana,2023,1,4.3,0.0025,0.0898,0.003,1.04,0.0051,16.64,0.5618,0.0121,4.0
Ottana,2023,2,4.44,0.0026,0.0926,0.003,1.04,0.0051,16.64,0.5618,0.0122,4.0
Ottana,2023,3,14.56,0.0085,0.3038,0.01,1.04,0.0051,16.64,0.5618,0.0222,4.0
Ottana,2023,4,8.17,0.0048,0.1704,0.0056,1.04,0.0051,16.64,0.5618,0.0167,4.0
Ottana,2023,5,8.92,0.0052,0.1861,0.0061,1.04,0.0051,16.64,0.5618,0.0174,4.0
Ottana,2023,6,7.03,0.0041,0.1467,0.0048,1.04,0.0051,16.64,0.5618,0.0154,4.0
Ottana,2023,7,5.56,0.0033,0.116,0.0038,1.04,0.0051,16.64,0.5618,0.0138,4.0
Ottana,2023,8,4.94,0.0029,0.1031,0.0034,1.04,0.0051,16.64,0.5618,0.013,4.0
Ottana,2023,9,4.45,0.0026,0.0928,0.0031,1.04,0.0051,16.64,0.5618,0.0123,4.0
Ottana,2023,10,0.56,0.0003,0.0117,0.0004,1.04,0.0051,16.64,0.5618,0.0043,4.0
Ottana,2023,11,0.0,0.0,0.0001,0.0,1.04,0.0051,16.64,0.5618,0.0,4.0
Ottana,2023,12,0.01,0.0,0.0001,0.0,1.04,0.0051,16.64,0.5618,0.0,4.0
Ovodda,2023,1,0.09,0.0001,0.0024,0.0001,0.47,0.0023,2.12,0.0716,0.0011,4.0
Ovodda,2023,2,0.08,0.0,0.0021,0.0001,0.47,0.0023,2.12,0.0716,0.0,4.0
Ovodda,2023,3,0.09,0.0001,0.0025,0.0001,0.47,0.0023,2.12,0.0716,0.0011,4.0
Ovodda,2023,4,0.21,0.0001,0.0057,0.0002,0.47,0.0023,2.12,0.0716,0.0013,4.0
Ovodda,2023,5,0.27,0.0002,0.0073,0.0002,0.47,0.0023,2.12,0.0716,0.0016,4.0
Ovodda,2023,6,0.46,0.0003,0.0122,0.0004,0.47,0.0023,2.12,0.0716,0.0021,4.0
Ovodda,2023,7,0.64,0.0004,0.0172,0.0006,0.47,0.0023,2.12,0.0716,0.0025,4.0
Ovodda,2023,8,0.63,0.0004,0.017,0.0006,0.47,0.0023,2.12,0.0716,0.0025,4.0
Ovodda,2023,9,0.39,0.0002,0.0106,0.0003,0.47,0.0023,2.12,0.0716,0.0018,4.0
Ovodda,2023,10,0.23,0.0001,0.0062,0.0002,0.47,0.0023,2.12,0.0716,0.0013,4.0
Ovodda,2023,11,0.11,0.0001,0.0029,0.0001,0.47,0.0023,2.12,0.0716,0.0011,4.0
Ovodda,2023,12,0.39,0.0002,0.0104,0.0003,0.47,0.0023,2.12,0.0716,0.0018,4.0
Ozieri,2023,1,1.27,0.0007,0.0325,0.0011,0.52,0.0025,11.15,0.3764,0.0052,4.0
Ozieri,2023,2,1.22,0.0007,0.0314,0.001,0.52,0.0025,11.15,0.3764,0.0051,4.0
Ozieri,2023,3,0.78,0.0005,0.02,0.0007,0.52,0.0025,11.15,0.3764,0.0043,4.0
Ozieri,2023,4,1.62,0.0009,0.0416,0.0014,0.52,0.0025,11.15,0.3764,0.0059,4.0
Ozieri,2023,5,2.24,0.0013,0.0574,0.0019,0.52,0.0025,11.15,0.3764,0.0069,4.0
Ozieri,2023,6,2.14,0.0013,0.0549,0.0018,0.52,0.0025,11.15,0.3764,0.0069,4.0
Ozieri,2023,7,1.81,0.0011,0.0464,0.0015,0.52,0.0025,11.15,0.3764,0.0063,4.0
Ozieri,2023,8,2.01,0.0012,0.0515,0.0017,0.52,0.0025,11.15,0.3764,0.0066,4.0
Ozieri,2023,9,1.94,0.0011,0.0497,0.0016,0.52,0.0025,11.15,0.3764,0.0064,4.0
Ozieri,2023,10,2.2,0.0013,0.0563,0.0019,0.52,0.0025,11.15,0.3764,0.0069,4.0
Ozieri,2023,11,2.68,0.0016,0.0688,0.0023,0.52,0.0025,11.15,0.3764,0.0077,4.0
Ozieri,2023,12,1.19,0.0007,0.0307,0.001,0.52,0.0025,11.15,0.3764,0.0051,4.0
Pabillonis,2023,1,0.0,0.0,0.0,0.0,0.51,0.0025,10.56,0.3565,0.0,4.0
Pabillonis,2023,2,0.61,0.0004,0.0093,0.0003,0.51,0.0025,10.56,0.3565,0.0032,4.0
Pabillonis,2023,3,0.59,0.0003,0.0089,0.0003,0.51,0.0025,10.56,0.3565,0.003,4.0
Pabillonis,2023,4,0.57,0.0003,0.0086,0.0003,0.51,0.0025,10.56,0.3565,0.003,4.0
Pabillonis,2023,5,2.88,0.0017,0.0437,0.0014,0.51,0.0025,10.56,0.3565,0.0068,4.0
Pabillonis,2023,6,0.01,0.0,0.0002,0.0,0.51,0.0025,10.56,0.3565,0.0,4.0
Pabillonis,2023,7,2.71,0.0016,0.041,0.0014,0.51,0.0025,10.56,0.3565,0.0067,4.0
Pabillonis,2023,8,4.49,0.0026,0.068,0.0022,0.51,0.0025,10.56,0.3565,0.0084,4.0
Pabillonis,2023,9,2.14,0.0013,0.0324,0.0011,0.51,0.0025,10.56,0.3565,0.006,4.0
Pabillonis,2023,10,2.61,0.0015,0.0396,0.0013,0.51,0.0025,10.56,0.3565,0.0065,4.0
Pabillonis,2023,11,1.97,0.0012,0.0299,0.001,0.51,0.0025,10.56,0.3565,0.0057,4.0
Pabillonis,2023,12,0.88,0.0005,0.0134,0.0004,0.51,0.0025,10.56,0.3565,0.0037,4.0
Padria,2023,1,0.04,0.0,0.0033,0.0001,0.45,0.0022,1.15,0.0388,0.0,4.0
Padria,2023,2,0.04,0.0,0.0028,0.0001,0.45,0.0022,1.15,0.0388,0.0,4.0
Padria,2023,3,0.04,0.0,0.0035,0.0001,0.45,0.0022,1.15,0.0388,0.0,4.0
Padria,2023,4,0.1,0.0001,0.0078,0.0003,0.45,0.0022,1.15,0.0388,0.0013,4.0
Padria,2023,5,0.12,0.0001,0.0101,0.0003,0.45,0.0022,1.15,0.0388,0.0013,4.0
Padria,2023,6,0.21,0.0001,0.0168,0.0006,0.45,0.0022,1.15,0.0388,0.0015,4.0
Padria,2023,7,0.29,0.0002,0.0236,0.0008,0.45,0.0022,1.15,0.0388,0.0019,4.0
Padria,2023,8,0.29,0.0002,0.0233,0.0008,0.45,0.0022,1.15,0.0388,0.0019,4.0
Padria,2023,9,0.55,0.0003,0.0447,0.0015,0.45,0.0022,1.15,0.0388,0.0025,4.0
Padria,2023,10,0.11,0.0001,0.0085,0.0003,0.45,0.0022,1.15,0.0388,0.0013,4.0
Padria,2023,11,0.05,0.0,0.004,0.0001,0.45,0.0022,1.15,0.0388,0.0,4.0
Padria,2023,12,0.07,0.0,0.0053,0.0002,0.45,0.0022,1.15,0.0388,0.0,4.0
Padru,2023,1,0.0,0.0,0.0001,0.0,1.57,0.0077,1.25,0.0422,0.0,4.0
Padru,2023,2,0.0,0.0,0.0001,0.0,1.57,0.0077,1.25,0.0422,0.0,4.0
Padru,2023,3,0.0,0.0,0.0001,0.0,1.57,0.0077,1.25,0.0422,0.0,4.0
Padru,2023,4,0.0,0.0,0.0003,0.0,1.57,0.0077,1.25,0.0422,0.0,4.0
Padru,2023,5,0.12,0.0001,0.0091,0.0003,1.57,0.0077,1.25,0.0422,0.0018,4.0
Padru,2023,6,0.47,0.0003,0.036,0.0012,1.57,0.0077,1.25,0.0422,0.0033,4.0
Padru,2023,7,1.91,0.0011,0.1458,0.0048,1.57,0.0077,1.25,0.0422,0.0064,4.0
Padru,2023,8,2.82,0.0016,0.2148,0.0071,1.57,0.0077,1.25,0.0422,0.0078,4.0
Padru,2023,9,1.27,0.0007,0.0967,0.0032,1.57,0.0077,1.25,0.0422,0.0052,4.0
Padru,2023,10,0.58,0.0003,0.0443,0.0015,1.57,0.0077,1.25,0.0422,0.0035,4.0
Padru,2023,11,0.0,0.0,0.0002,0.0,1.57,0.0077,1.25,0.0422,0.0,4.0
Padru,2023,12,0.0,0.0,0.0002,0.0,1.57,0.0077,1.25,0.0422,0.0,4.0
Palau,2023,1,1.23,0.0007,0.0136,0.0004,241.34,1.0,15.13,0.5108,0.0194,4.0
Palau,2023,2,1.52,0.0009,0.0168,0.0006,241.34,1.0,15.13,0.5108,0.0229,4.0
Palau,2023,3,3.62,0.0021,0.04,0.0013,241.34,1.0,15.13,0.5108,0.0344,4.0
Palau,2023,4,479.74,0.2805,5.2936,0.1743,241.34,1.0,15.13,0.5108,0.3975,4.0
Palau,2023,5,1042.93,0.6097,11.508,0.3789,241.34,1.0,15.13,0.5108,0.5861,4.0
Palau,2023,6,2243.53,1.0,24.7557,0.8151,241.34,1.0,15.13,0.5108,0.8033,4.0
Palau,2023,7,3060.1,1.0,33.7661,1.0,241.34,1.0,15.13,0.5108,0.8454,4.0
Palau,2023,8,3391.57,1.0,37.4236,1.0,241.34,1.0,15.13,0.5108,0.8454,4.0
Palau,2023,9,2126.0,1.0,23.4589,0.7724,241.34,1.0,15.13,0.5108,0.7925,4.0
Palau,2023,10,955.88,0.5589,10.5475,0.3473,241.34,1.0,15.13,0.5108,0.5611,4.0
Palau,2023,11,19.07,0.0111,0.2105,0.0069,241.34,1.0,15.13,0.5108,0.0791,4.0
Palau,2023,12,3.22,0.0019,0.0355,0.0012,241.34,1.0,15.13,0.5108,0.0329,4.0
Palmas Arborea,2023,1,,,,,1.32,0.0064,0.0,0.0,0.0,2.0
Palmas Arborea,2023,2,,,,,1.32,0.0064,0.0,0.0,0.0,2.0
Palmas Arborea,2023,3,,,,,1.32,0.0064,0.0,0.0,0.0,2.0
Palmas Arborea,2023,4,,,,,1.32,0.0064,0.0,0.0,0.0,2.0
Palmas Arborea,2023,5,,,,,1.32,0.0064,0.0,0.0,0.0,2.0
Palmas Arborea,2023,6,,,,,1.32,0.0064,0.0,0.0,0.0,2.0
Palmas Arborea,2023,7,,,,,1.32,0.0064,0.0,0.0,0.0,2.0
Palmas Arborea,2023,8,,,,,1.32,0.0064,0.0,0.0,0.0,2.0
Palmas Arborea,2023,9,,,,,1.32,0.0064,0.0,0.0,0.0,2.0
Palmas Arborea,2023,10,,,,,1.32,0.0064,0.0,0.0,0.0,2.0
Palmas Arborea,2023,11,,,,,1.32,0.0064,0.0,0.0,0.0,2.0
Palmas Arborea,2023,12,,,,,1.32,0.0064,0.0,0.0,0.0,2.0
Pattada,2023,1,0.0,0.0,0.0001,0.0,0.64,0.0031,0.54,0.0182,0.0,4.0
Pattada,2023,2,0.0,0.0,0.0001,0.0,0.64,0.0031,0.54,0.0182,0.0,4.0
Pattada,2023,3,0.04,0.0,0.0025,0.0001,0.64,0.0031,0.54,0.0182,0.0,4.0
Pattada,2023,4,0.14,0.0001,0.0083,0.0003,0.64,0.0031,0.54,0.0182,0.0011,4.0
Pattada,2023,5,0.13,0.0001,0.0073,0.0002,0.64,0.0031,0.54,0.0182,0.001,4.0
Pattada,2023,6,0.2,0.0001,0.0117,0.0004,0.64,0.0031,0.54,0.0182,0.0012,4.0
Pattada,2023,7,0.24,0.0001,0.0136,0.0004,0.64,0.0031,0.54,0.0182,0.0012,4.0
Pattada,2023,8,0.27,0.0002,0.0154,0.0005,0.64,0.0031,0.54,0.0182,0.0015,4.0
Pattada,2023,9,0.07,0.0,0.0043,0.0001,0.64,0.0031,0.54,0.0182,0.0,4.0
Pattada,2023,10,0.0,0.0,0.0002,0.0,0.64,0.0031,0.54,0.0182,0.0,4.0
Pattada,2023,11,0.15,0.0001,0.0089,0.0003,0.64,0.0031,0.54,0.0182,0.0011,4.0
Pattada,2023,12,0.0,0.0,0.0002,0.0,0.64,0.0031,0.54,0.0182,0.0,4.0
Pau,2023,1,,,,,0.0,0.0,,,0.0,1.0
Pau,2023,2,,,,,0.0,0.0,,,0.0,1.0
Pau,2023,3,,,,,0.0,0.0,,,0.0,1.0
Pau,2023,4,,,,,0.0,0.0,,,0.0,1.0
Pau,2023,5,,,,,0.0,0.0,,,0.0,1.0
Pau,2023,6,,,,,0.0,0.0,,,0.0,1.0
Pau,2023,7,,,,,0.0,0.0,,,0.0,1.0
Pau,2023,8,,,,,0.0,0.0,,,0.0,1.0
Pau,2023,9,,,,,0.0,0.0,,,0.0,1.0
Pau,2023,10,,,,,0.0,0.0,,,0.0,1.0
Pau,2023,11,,,,,0.0,0.0,,,0.0,1.0
Pau,2023,12,,,,,0.0,0.0,,,0.0,1.0
Pauli Arbarei,2023,1,1.22,0.0007,0.033,0.0011,1.57,0.0077,6.34,0.214,0.006,4.0
Pauli Arbarei,2023,2,0.37,0.0002,0.0099,0.0003,1.57,0.0077,6.34,0.214,0.0032,4.0
Pauli Arbarei,2023,3,1.49,0.0009,0.0401,0.0013,1.57,0.0077,6.34,0.214,0.0066,4.0
Pauli Arbarei,2023,4,4.62,0.0027,0.1246,0.0041,1.57,0.0077,6.34,0.214,0.0116,4.0
Pauli Arbarei,2023,5,6.29,0.0037,0.1695,0.0056,1.57,0.0077,6.34,0.214,0.0136,4.0
Pauli Arbarei,2023,6,3.04,0.0018,0.0821,0.0027,1.57,0.0077,6.34,0.214,0.0095,4.0
Pauli Arbarei,2023,7,2.61,0.0015,0.0705,0.0023,1.57,0.0077,6.34,0.214,0.0087,4.0
Pauli Arbarei,2023,8,6.73,0.0039,0.1815,0.006,1.57,0.0077,6.34,0.214,0.014,4.0
Pauli Arbarei,2023,9,4.06,0.0024,0.1095,0.0036,1.57,0.0077,6.34,0.214,0.0109,4.0
Pauli Arbarei,2023,10,4.76,0.0028,0.1284,0.0042,1.57,0.0077,6.34,0.214,0.0118,4.0
Pauli Arbarei,2023,11,1.04,0.0006,0.028,0.0009,1.57,0.0077,6.34,0.214,0.0055,4.0
Pauli Arbarei,2023,12,0.07,0.0,0.002,0.0001,1.57,0.0077,6.34,0.214,0.0,4.0
Paulilatino,2023,1,0.01,0.0,0.0007,0.0,0.42,0.0021,9.46,0.3194,0.0,4.0
Paulilatino,2023,2,0.01,0.0,0.0006,0.0,0.42,0.0021,9.46,0.3194,0.0,4.0
Paulilatino,2023,3,0.01,0.0,0.0007,0.0,0.42,0.0021,9.46,0.3194,0.0,4.0
Paulilatino,2023,4,0.44,0.0003,0.0215,0.0007,0.42,0.0021,9.46,0.3194,0.0034,4.0
Paulilatino,2023,5,1.38,0.0008,0.0683,0.0022,0.42,0.0021,9.46,0.3194,0.0059,4.0
Paulilatino,2023,6,2.48,0.0014,0.1222,0.004,0.42,0.0021,9.46,0.3194,0.0078,4.0
Paulilatino,2023,7,2.24,0.0013,0.1104,0.0036,0.42,0.0021,9.46,0.3194,0.0075,4.0
Paulilatino,2023,8,4.83,0.0028,0.2384,0.0078,0.42,0.0021,9.46,0.3194,0.011,4.0
Paulilatino,2023,9,1.25,0.0007,0.0617,0.002,0.42,0.0021,9.46,0.3194,0.0055,4.0
Paulilatino,2023,10,1.12,0.0007,0.0552,0.0018,0.42,0.0021,9.46,0.3194,0.0054,4.0
Paulilatino,2023,11,0.49,0.0003,0.024,0.0008,0.42,0.0021,9.46,0.3194,0.0036,4.0
Paulilatino,2023,12,0.29,0.0002,0.0143,0.0005,0.42,0.0021,9.46,0.3194,0.0029,4.0
Perdasdefogu,2023,1,0.02,0.0,0.0009,0.0,0.15,0.0007,4.52,0.1526,0.0,4.0
Perdasdefogu,2023,2,0.79,0.0005,0.0356,0.0012,0.15,0.0007,4.52,0.1526,0.0028,4.0
Perdasdefogu,2023,3,0.28,0.0002,0.0125,0.0004,0.15,0.0007,4.52,0.1526,0.0017,4.0
Perdasdefogu,2023,4,0.05,0.0,0.0021,0.0001,0.15,0.0007,4.52,0.1526,0.0,4.0
Perdasdefogu,2023,5,0.14,0.0001,0.0062,0.0002,0.15,0.0007,4.52,0.1526,0.0012,4.0
Perdasdefogu,2023,6,0.1,0.0001,0.0045,0.0001,0.15,0.0007,4.52,0.1526,0.001,4.0
Perdasdefogu,2023,7,0.61,0.0004,0.0278,0.0009,0.15,0.0007,4.52,0.1526,0.0025,4.0
Perdasdefogu,2023,8,0.19,0.0001,0.0086,0.0003,0.15,0.0007,4.52,0.1526,0.0013,4.0
Perdasdefogu,2023,9,0.09,0.0001,0.0039,0.0001,0.15,0.0007,4.52,0.1526,0.001,4.0
Perdasdefogu,2023,10,0.23,0.0001,0.0104,0.0003,0.15,0.0007,4.52,0.1526,0.0013,4.0
Perdasdefogu,2023,11,0.02,0.0,0.0011,0.0,0.15,0.0007,4.52,0.1526,0.0,4.0
Perdasdefogu,2023,12,0.03,0.0,0.0014,0.0,0.15,0.0007,4.52,0.1526,0.0,4.0
Perdaxius,2023,1,,,,,0.07,0.0003,1.37,0.0463,0.0037,2.0
Perdaxius,2023,2,,,,,0.07,0.0003,1.37,0.0463,0.0037,2.0
Perdaxius,2023,3,,,,,0.07,0.0003,1.37,0.0463,0.0037,2.0
Perdaxius,2023,4,,,,,0.07,0.0003,1.37,0.0463,0.0037,2.0
Perdaxius,2023,5,,,,,0.07,0.0003,1.37,0.0463,0.0037,2.0
Perdaxius,2023,6,,,,,0.07,0.0003,1.37,0.0463,0.0037,2.0
Perdaxius,2023,7,,,,,0.07,0.0003,1.37,0.0463,0.0037,2.0
Perdaxius,2023,8,0.34,,0.0077,,0.07,0.0003,1.37,0.0463,0.0037,2.0
Perdaxius,2023,9,,,,,0.07,0.0003,1.37,0.0463,0.0037,2.0
Perdaxius,2023,10,,,,,0.07,0.0003,1.37,0.0463,0.0037,2.0
Perdaxius,2023,11,,,,,0.07,0.0003,1.37,0.0463,0.0037,2.0
Perdaxius,2023,12,,,,,0.07,0.0003,1.37,0.0463,0.0037,2.0
Perfugas,2023,1,0.29,0.0002,0.0078,0.0003,1.12,0.0055,3.78,0.1276,0.0025,4.0
Perfugas,2023,2,0.22,0.0001,0.006,0.0002,1.12,0.0055,3.78,0.1276,0.0019,4.0
Perfugas,2023,3,0.01,0.0,0.0003,0.0,1.12,0.0055,3.78,0.1276,0.0,4.0
Perfugas,2023,4,0.65,0.0004,0.0176,0.0006,1.12,0.0055,3.78,0.1276,0.0036,4.0
Perfugas,2023,5,0.92,0.0005,0.0249,0.0008,1.12,0.0055,3.78,0.1276,0.0041,4.0
Perfugas,2023,6,1.4,0.0008,0.0379,0.0012,1.12,0.0055,3.78,0.1276,0.0051,4.0
Perfugas,2023,7,4.9,0.0029,0.1326,0.0044,1.12,0.0055,3.78,0.1276,0.0097,4.0
Perfugas,2023,8,4.89,0.0029,0.1321,0.0043,1.12,0.0055,3.78,0.1276,0.0097,4.0
Perfugas,2023,9,1.76,0.001,0.0475,0.0016,1.12,0.0055,3.78,0.1276,0.0058,4.0
Perfugas,2023,10,0.31,0.0002,0.0083,0.0003,1.12,0.0055,3.78,0.1276,0.0025,4.0
Perfugas,2023,11,0.01,0.0,0.0004,0.0,1.12,0.0055,3.78,0.1276,0.0,4.0
Perfugas,2023,12,0.02,0.0,0.0005,0.0,1.12,0.0055,3.78,0.1276,0.0,4.0
Pimentel,2023,1,,,,,0.79,0.0039,3.54,0.1195,0.0216,2.0
Pimentel,2023,2,,,,,0.79,0.0039,3.54,0.1195,0.0216,2.0
Pimentel,2023,3,,,,,0.79,0.0039,3.54,0.1195,0.0216,2.0
Pimentel,2023,4,,,,,0.79,0.0039,3.54,0.1195,0.0216,2.0
Pimentel,2023,5,,,,,0.79,0.0039,3.54,0.1195,0.0216,2.0
Pimentel,2023,6,,,,,0.79,0.0039,3.54,0.1195,0.0216,2.0
Pimentel,2023,7,,,,,0.79,0.0039,3.54,0.1195,0.0216,2.0
Pimentel,2023,8,,,,,0.79,0.0039,3.54,0.1195,0.0216,2.0
Pimentel,2023,9,1.25,,0.0169,,0.79,0.0039,3.54,0.1195,0.0216,2.0
Pimentel,2023,10,2.84,,0.0384,,0.79,0.0039,3.54,0.1195,0.0216,2.0
Pimentel,2023,11,1.98,,0.0268,,0.79,0.0039,3.54,0.1195,0.0216,2.0
Pimentel,2023,12,4.16,,0.0562,,0.79,0.0039,3.54,0.1195,0.0216,2.0
Piscinas,2023,1,0.02,0.0,0.0003,0.0,2.08,0.0102,3.67,0.1239,0.0,4.0
Piscinas,2023,2,0.01,0.0,0.0003,0.0,2.08,0.0102,3.67,0.1239,0.0,4.0
Piscinas,2023,3,0.02,0.0,0.0004,0.0,2.08,0.0102,3.67,0.1239,0.0,4.0
Piscinas,2023,4,0.04,0.0,0.0008,0.0,2.08,0.0102,3.67,0.1239,0.0,4.0
Piscinas,2023,5,0.05,0.0,0.001,0.0,2.08,0.0102,3.67,0.1239,0.0,4.0
Piscinas,2023,6,5.2,0.003,0.11,0.0036,2.08,0.0102,3.67,0.1239,0.0108,4.0
Piscinas,2023,7,7.67,0.0045,0.1624,0.0053,2.08,0.0102,3.67,0.1239,0.0132,4.0
Piscinas,2023,8,8.5,0.005,0.18,0.0059,2.08,0.0102,3.67,0.1239,0.0139,4.0
Piscinas,2023,9,5.66,0.0033,0.1199,0.0039,2.08,0.0102,3.67,0.1239,0.0113,4.0
Piscinas,2023,10,0.7,0.0004,0.0147,0.0005,2.08,0.0102,3.67,0.1239,0.004,4.0
Piscinas,2023,11,0.02,0.0,0.0004,0.0,2.08,0.0102,3.67,0.1239,0.0,4.0
Piscinas,2023,12,0.03,0.0,0.0005,0.0,2.08,0.0102,3.67,0.1239,0.0,4.0
Ploaghe,2023,1,0.02,0.0,0.0004,0.0,0.31,0.0015,2.34,0.079,0.0,4.0
Ploaghe,2023,2,0.02,0.0,0.0003,0.0,0.31,0.0015,2.34,0.079,0.0,4.0
Ploaghe,2023,3,0.02,0.0,0.0004,0.0,0.31,0.0015,2.34,0.079,0.0,4.0
Ploaghe,2023,4,0.04,0.0,0.0009,0.0,0.31,0.0015,2.34,0.079,0.0,4.0
Ploaghe,2023,5,0.19,0.0001,0.0042,0.0001,0.31,0.0015,2.34,0.079,0.001,4.0
Ploaghe,2023,6,0.09,0.0001,0.002,0.0001,0.31,0.0015,2.34,0.079,0.001,4.0
Ploaghe,2023,7,0.65,0.0004,0.0145,0.0005,0.31,0.0015,2.34,0.079,0.0022,4.0
Ploaghe,2023,8,0.66,0.0004,0.0147,0.0005,0.31,0.0015,2.34,0.079,0.0022,4.0
Ploaghe,2023,9,0.51,0.0003,0.0113,0.0004,0.31,0.0015,2.34,0.079,0.0019,4.0
Ploaghe,2023,10,0.43,0.0003,0.0097,0.0003,0.31,0.0015,2.34,0.079,0.0018,4.0
Ploaghe,2023,11,0.02,0.0,0.0005,0.0,0.31,0.0015,2.34,0.079,0.0,4.0
Ploaghe,2023,12,0.03,0.0,0.0006,0.0,0.31,0.0015,2.34,0.079,0.0,4.0
Pompu,2023,1,,,,,1.3,0.0063,0.0,0.0,0.0,2.0
Pompu,2023,2,,,,,1.3,0.0063,0.0,0.0,0.0,2.0
Pompu,2023,3,,,,,1.3,0.0063,0.0,0.0,0.0,2.0
Pompu,2023,4,,,,,1.3,0.0063,0.0,0.0,0.0,2.0
Pompu,2023,5,,,,,1.3,0.0063,0.0,0.0,0.0,2.0
Pompu,2023,6,,,,,1.3,0.0063,0.0,0.0,0.0,2.0
Pompu,2023,7,,,,,1.3,0.0063,0.0,0.0,0.0,2.0
Pompu,2023,8,,,,,1.3,0.0063,0.0,0.0,0.0,2.0
Pompu,2023,9,,,,,1.3,0.0063,0.0,0.0,0.0,2.0
Pompu,2023,10,,,,,1.3,0.0063,0.0,0.0,0.0,2.0
Pompu,2023,11,,,,,1.3,0.0063,0.0,0.0,0.0,2.0
Pompu,2023,12,,,,,1.3,0.0063,0.0,0.0,0.0,2.0
Porto Torres,2023,1,17.09,0.01,0.0842,0.0028,11.61,0.0567,11.58,0.391,0.0281,4.0
Porto Torres,2023,2,16.23,0.0095,0.08,0.0026,11.61,0.0567,11.58,0.391,0.0272,4.0
Porto Torres,2023,3,22.4,0.0131,0.1104,0.0036,11.61,0.0567,11.58,0.391,0.032,4.0
Porto Torres,2023,4,27.02,0.0158,0.1332,0.0044,11.61,0.0567,11.58,0.391,0.0352,4.0
Porto Torres,2023,5,43.1,0.0252,0.2125,0.007,11.61,0.0567,11.58,0.391,0.0445,4.0
Porto Torres,2023,6,57.92,0.0339,0.2855,0.0094,11.61,0.0567,11.58,0.391,0.0516,4.0
Porto Torres,2023,7,84.69,0.0495,0.4175,0.0137,11.61,0.0567,11.58,0.391,0.0623,4.0
Porto Torres,2023,8,105.28,0.0616,0.519,0.0171,11.61,0.0567,11.58,0.391,0.0695,4.0
Porto Torres,2023,9,60.33,0.0353,0.2974,0.0098,11.61,0.0567,11.58,0.391,0.0526,4.0
Porto Torres,2023,10,30.03,0.0176,0.1481,0.0049,11.61,0.0567,11.58,0.391,0.0372,4.0
Porto Torres,2023,11,14.33,0.0084,0.0707,0.0023,11.61,0.0567,11.58,0.391,0.0256,4.0
Porto Torres,2023,12,12.18,0.0071,0.06,0.002,11.61,0.0567,11.58,0.391,0.0237,4.0
Portoscuso,2023,1,3.87,0.0023,0.0308,0.001,16.01,0.0782,12.0,0.4051,0.0164,4.0
Portoscuso,2023,2,6.37,0.0037,0.0507,0.0017,16.01,0.0782,12.0,0.4051,0.0211,4.0
Portoscuso,2023,3,4.16,0.0024,0.0331,0.0011,16.01,0.0782,12.0,0.4051,0.017,4.0
Portoscuso,2023,4,19.13,0.0112,0.1523,0.005,16.01,0.0782,12.0,0.4051,0.0365,4.0
Portoscuso,2023,5,57.66,0.0337,0.4588,0.0151,16.01,0.0782,12.0,0.4051,0.0634,4.0
Portoscuso,2023,6,114.97,0.0672,0.915,0.0301,16.01,0.0782,12.0,0.4051,0.0895,4.0
Portoscuso,2023,7,127.87,0.0748,1.0176,0.0335,16.01,0.0782,12.0,0.4051,0.0944,4.0
Portoscuso,2023,8,173.3,0.1013,1.3792,0.0454,16.01,0.0782,12.0,0.4051,0.1099,4.0
Portoscuso,2023,9,111.13,0.065,0.8844,0.0291,16.01,0.0782,12.0,0.4051,0.088,4.0
Portoscuso,2023,10,46.48,0.0272,0.3699,0.0122,16.01,0.0782,12.0,0.4051,0.0569,4.0
Portoscuso,2023,11,18.77,0.011,0.1494,0.0049,16.01,0.0782,12.0,0.4051,0.0361,4.0
Portoscuso,2023,12,17.52,0.0102,0.1394,0.0046,16.01,0.0782,12.0,0.4051,0.0349,4.0
Posada,2023,1,9.31,0.0054,0.1017,0.0033,48.18,0.2352,4.5,0.1519,0.0282,4.0
Posada,2023,2,7.56,0.0044,0.0825,0.0027,48.18,0.2352,4.5,0.1519,0.0255,4.0
Posada,2023,3,14.3,0.0084,0.1562,0.0051,48.18,0.2352,4.5,0.1519,0.0352,4.0
Posada,2023,4,15.17,0.0089,0.1657,0.0055,48.18,0.2352,4.5,0.1519,0.0364,4.0
Posada,2023,5,29.83,0.0174,0.3259,0.0107,48.18,0.2352,4.5,0.1519,0.0508,4.0
Posada,2023,6,95.99,0.0561,1.0485,0.0345,48.18,0.2352,4.5,0.1519,0.0912,4.0
Posada,2023,7,211.72,0.1238,2.3126,0.0761,48.18,0.2352,4.5,0.1519,0.1354,4.0
Posada,2023,8,262.38,0.1534,2.866,0.0944,48.18,0.2352,4.5,0.1519,0.1508,4.0
Posada,2023,9,102.55,0.06,1.1202,0.0369,48.18,0.2352,4.5,0.1519,0.0943,4.0
Posada,2023,10,25.69,0.015,0.2806,0.0092,48.18,0.2352,4.5,0.1519,0.0471,4.0
Posada,2023,11,9.61,0.0056,0.105,0.0035,48.18,0.2352,4.5,0.1519,0.0289,4.0
Posada,2023,12,7.5,0.0044,0.0819,0.0027,48.18,0.2352,4.5,0.1519,0.0255,4.0
Pozzomaggiore,2023,1,0.01,0.0,0.0003,0.0,0.44,0.0021,2.9,0.0979,0.0,4.0
Pozzomaggiore,2023,2,0.12,0.0001,0.004,0.0001,0.44,0.0021,2.9,0.0979,0.0012,4.0
Pozzomaggiore,2023,3,0.21,0.0001,0.007,0.0002,0.44,0.0021,2.9,0.0979,0.0014,4.0
Pozzomaggiore,2023,4,0.02,0.0,0.0006,0.0,0.44,0.0021,2.9,0.0979,0.0,4.0
Pozzomaggiore,2023,5,0.02,0.0,0.0008,0.0,0.44,0.0021,2.9,0.0979,0.0,4.0
Pozzomaggiore,2023,6,0.51,0.0003,0.0169,0.0006,0.44,0.0021,2.9,0.0979,0.0025,4.0
Pozzomaggiore,2023,7,0.74,0.0004,0.0246,0.0008,0.44,0.0021,2.9,0.0979,0.0028,4.0
Pozzomaggiore,2023,8,1.76,0.001,0.0583,0.0019,0.44,0.0021,2.9,0.0979,0.0044,4.0
Pozzomaggiore,2023,9,1.11,0.0006,0.0369,0.0012,0.44,0.0021,2.9,0.0979,0.0035,4.0
Pozzomaggiore,2023,10,0.16,0.0001,0.0053,0.0002,0.44,0.0021,2.9,0.0979,0.0014,4.0
Pozzomaggiore,2023,11,0.01,0.0,0.0003,0.0,0.44,0.0021,2.9,0.0979,0.0,4.0
Pozzomaggiore,2023,12,0.01,0.0,0.0004,0.0,0.44,0.0021,2.9,0.0979,0.0,4.0
Pula,2023,1,5.77,0.0034,0.1123,0.0037,68.11,0.3325,14.2,0.4794,0.0376,4.0
Pula,2023,2,10.53,0.0062,0.2048,0.0067,68.11,0.3325,14.2,0.4794,0.0507,4.0
Pula,2023,3,21.23,0.0124,0.413,0.0136,68.11,0.3325,14.2,0.4794,0.072,4.0
Pula,2023,4,152.73,0.0893,2.9713,0.0978,68.11,0.3325,14.2,0.4794,0.1932,4.0
Pula,2023,5,328.94,0.1923,6.3992,0.2107,68.11,0.3325,14.2,0.4794,0.2835,4.0
Pula,2023,6,606.56,0.3546,11.8,0.3885,68.11,0.3325,14.2,0.4794,0.385,4.0
Pula,2023,7,759.47,0.444,14.7748,0.4865,68.11,0.3325,14.2,0.4794,0.4308,4.0
Pula,2023,8,825.38,0.4826,16.057,0.5287,68.11,0.3325,14.2,0.4794,0.4491,4.0
Pula,2023,9,542.84,0.3174,10.5605,0.3477,68.11,0.3325,14.2,0.4794,0.3642,4.0
Pula,2023,10,258.18,0.1509,5.0226,0.1654,68.11,0.3325,14.2,0.4794,0.2511,4.0
Pula,2023,11,11.64,0.0068,0.2263,0.0075,68.11,0.3325,14.2,0.4794,0.0534,4.0
Pula,2023,12,7.56,0.0044,0.1472,0.0048,68.11,0.3325,14.2,0.4794,0.0428,4.0
Putifigari,2023,1,0.01,0.0,0.0006,0.0,0.93,0.0045,5.62,0.1897,0.0,4.0
Putifigari,2023,2,0.01,0.0,0.0005,0.0,0.93,0.0045,5.62,0.1897,0.0,4.0
Putifigari,2023,3,0.01,0.0,0.0006,0.0,0.93,0.0045,5.62,0.1897,0.0,4.0
Putifigari,2023,4,0.02,0.0,0.0014,0.0,0.93,0.0045,5.62,0.1897,0.0,4.0
Putifigari,2023,5,0.02,0.0,0.0018,0.0001,0.93,0.0045,5.62,0.1897,0.0,4.0
Putifigari,2023,6,1.46,0.0009,0.1143,0.0038,0.93,0.0045,5.62,0.1897,0.0074,4.0
Putifigari,2023,7,6.95,0.0041,0.5458,0.018,0.93,0.0045,5.62,0.1897,0.0158,4.0
Putifigari,2023,8,9.05,0.0053,0.7104,0.0234,0.93,0.0045,5.62,0.1897,0.018,4.0
Putifigari,2023,9,0.98,0.0006,0.0768,0.0025,0.93,0.0045,5.62,0.1897,0.006,4.0
Putifigari,2023,10,0.02,0.0,0.0015,0.0,0.93,0.0045,5.62,0.1897,0.0,4.0
Putifigari,2023,11,0.01,0.0,0.0007,0.0,0.93,0.0045,5.62,0.1897,0.0,4.0
Putifigari,2023,12,0.48,0.0003,0.038,0.0013,0.93,0.0045,5.62,0.1897,0.0043,4.0
Quartu Sant'Elena,2023,1,22.97,0.0134,0.0321,0.0011,54.64,0.2668,12.77,0.4311,0.0361,4.0
Quartu Sant'Elena,2023,2,18.71,0.0109,0.0262,0.0009,54.64,0.2668,12.77,0.4311,0.0326,4.0
Quartu Sant'Elena,2023,3,32.37,0.0189,0.0453,0.0015,54.64,0.2668,12.77,0.4311,0.0425,4.0
Quartu Sant'Elena,2023,4,106.32,0.0622,0.1487,0.0049,54.64,0.2668,12.77,0.4311,0.0769,4.0
Quartu Sant'Elena,2023,5,231.97,0.1356,0.3244,0.0107,54.64,0.2668,12.77,0.4311,0.1137,4.0
Quartu Sant'Elena,2023,6,339.04,0.1982,0.4741,0.0156,54.64,0.2668,12.77,0.4311,0.1373,4.0
Quartu Sant'Elena,2023,7,511.73,0.2992,0.7157,0.0236,54.64,0.2668,12.77,0.4311,0.1688,4.0
Quartu Sant'Elena,2023,8,599.91,0.3507,0.839,0.0276,54.64,0.2668,12.77,0.4311,0.1827,4.0
Quartu Sant'Elena,2023,9,360.79,0.2109,0.5046,0.0166,54.64,0.2668,12.77,0.4311,0.1417,4.0
Quartu Sant'Elena,2023,10,253.32,0.1481,0.3543,0.0117,54.64,0.2668,12.77,0.4311,0.1188,4.0
Quartu Sant'Elena,2023,11,38.22,0.0223,0.0535,0.0018,54.64,0.2668,12.77,0.4311,0.0464,4.0
Quartu Sant'Elena,2023,12,30.86,0.018,0.0432,0.0014,54.64,0.2668,12.77,0.4311,0.0413,4.0
Quartucciu,2023,1,4.83,0.0028,0.0104,0.0003,10.85,0.053,10.78,0.3639,0.0113,4.0
Quartucciu,2023,2,9.8,0.0057,0.0212,0.0007,10.85,0.053,10.78,0.3639,0.0167,4.0
Quartucciu,2023,3,7.86,0.0046,0.017,0.0006,10.85,0.053,10.78,0.3639,0.0152,4.0
Quartucciu,2023,4,24.47,0.0143,0.0528,0.0017,10.85,0.053,10.78,0.3639,0.0262,4.0
Quartucciu,2023,5,31.32,0.0183,0.0676,0.0022,10.85,0.053,10.78,0.3639,0.0297,4.0
Quartucciu,2023,6,45.7,0.0267,0.0987,0.0032,10.85,0.053,10.78,0.3639,0.0358,4.0
Quartucciu,2023,7,80.8,0.0472,0.1744,0.0057,10.85,0.053,10.78,0.3639,0.0477,4.0
Quartucciu,2023,8,122.38,0.0715,0.2642,0.0087,10.85,0.053,10.78,0.3639,0.0589,4.0
Quartucciu,2023,9,58.02,0.0339,0.1253,0.0041,10.85,0.053,10.78,0.3639,0.0405,4.0
Quartucciu,2023,10,24.61,0.0144,0.0531,0.0017,10.85,0.053,10.78,0.3639,0.0262,4.0
Quartucciu,2023,11,7.57,0.0044,0.0163,0.0005,10.85,0.053,10.78,0.3639,0.0144,4.0
Quartucciu,2023,12,9.33,0.0055,0.0202,0.0007,10.85,0.053,10.78,0.3639,0.0165,4.0
Riola Sardo,2023,1,7.36,0.0043,0.173,0.0057,7.68,0.0375,8.46,0.2856,0.0226,4.0
Riola Sardo,2023,2,2.36,0.0014,0.0554,0.0018,7.68,0.0375,8.46,0.2856,0.0128,4.0
Riola Sardo,2023,3,4.32,0.0025,0.1015,0.0033,7.68,0.0375,8.46,0.2856,0.0172,4.0
Riola Sardo,2023,4,2.61,0.0015,0.0613,0.002,7.68,0.0375,8.46,0.2856,0.0134,4.0
Riola Sardo,2023,5,9.68,0.0057,0.2275,0.0075,7.68,0.0375,8.46,0.2856,0.026,4.0
Riola Sardo,2023,6,24.78,0.0145,0.5824,0.0192,7.68,0.0375,8.46,0.2856,0.0416,4.0
Riola Sardo,2023,7,49.98,0.0292,1.1745,0.0387,7.68,0.0375,8.46,0.2856,0.059,4.0
Riola Sardo,2023,8,83.32,0.0487,1.9578,0.0645,7.68,0.0375,8.46,0.2856,0.0762,4.0
Riola Sardo,2023,9,36.65,0.0214,0.8613,0.0284,7.68,0.0375,8.46,0.2856,0.0505,4.0
Riola Sardo,2023,10,7.8,0.0046,0.1833,0.006,7.68,0.0375,8.46,0.2856,0.0233,4.0
Riola Sardo,2023,11,3.19,0.0019,0.075,0.0025,7.68,0.0375,8.46,0.2856,0.015,4.0
Riola Sardo,2023,12,4.94,0.0029,0.1162,0.0038,7.68,0.0375,8.46,0.2856,0.0185,4.0
Romana,2023,1,,,,,0.93,0.0045,0.0,0.0,0.0,2.0
Romana,2023,2,,,,,0.93,0.0045,0.0,0.0,0.0,2.0
Romana,2023,3,,,,,0.93,0.0045,0.0,0.0,0.0,2.0
Romana,2023,4,,,,,0.93,0.0045,0.0,0.0,0.0,2.0
Romana,2023,5,,,,,0.93,0.0045,0.0,0.0,0.0,2.0
Romana,2023,6,,,,,0.93,0.0045,0.0,0.0,0.0,2.0
Romana,2023,7,,,,,0.93,0.0045,0.0,0.0,0.0,2.0
Romana,2023,8,,,,,0.93,0.0045,0.0,0.0,0.0,2.0
Romana,2023,9,,,,,0.93,0.0045,0.0,0.0,0.0,2.0
Romana,2023,10,,,,,0.93,0.0045,0.0,0.0,0.0,2.0
Romana,2023,11,,,,,0.93,0.0045,0.0,0.0,0.0,2.0
Romana,2023,12,,,,,0.93,0.0045,0.0,0.0,0.0,2.0
Ruinas,2023,1,0.0,0.0,0.0002,0.0,0.2,0.001,10.05,0.3393,0.0,4.0
Ruinas,2023,2,0.0,0.0,0.0002,0.0,0.2,0.001,10.05,0.3393,0.0,4.0
Ruinas,2023,3,0.0,0.0,0.0002,0.0,0.2,0.001,10.05,0.3393,0.0,4.0
Ruinas,2023,4,0.17,0.0001,0.0088,0.0003,0.2,0.001,10.05,0.3393,0.0018,4.0
Ruinas,2023,5,0.93,0.0005,0.0474,0.0016,0.2,0.001,10.05,0.3393,0.0041,4.0
Ruinas,2023,6,0.77,0.0005,0.0395,0.0013,0.2,0.001,10.05,0.3393,0.0039,4.0
Ruinas,2023,7,2.61,0.0015,0.1333,0.0044,0.2,0.001,10.05,0.3393,0.0069,4.0
Ruinas,2023,8,1.7,0.001,0.0866,0.0029,0.2,0.001,10.05,0.3393,0.0056,4.0
Ruinas,2023,9,0.97,0.0006,0.0493,0.0016,0.2,0.001,10.05,0.3393,0.0042,4.0
Ruinas,2023,10,0.01,0.0,0.0006,0.0,0.2,0.001,10.05,0.3393,0.0,4.0
Ruinas,2023,11,0.01,0.0,0.0003,0.0,0.2,0.001,10.05,0.3393,0.0,4.0
Ruinas,2023,12,0.01,0.0,0.0004,0.0,0.2,0.001,10.05,0.3393,0.0,4.0
Sadali,2023,1,0.02,0.0,0.0011,0.0,0.85,0.0041,5.75,0.1941,0.0,4.0
Sadali,2023,2,0.02,0.0,0.0009,0.0,0.85,0.0041,5.75,0.1941,0.0,4.0
Sadali,2023,3,0.02,0.0,0.0012,0.0,0.85,0.0041,5.75,0.1941,0.0,4.0
Sadali,2023,4,2.84,0.0017,0.1663,0.0055,0.85,0.0041,5.75,0.1941,0.0093,4.0
Sadali,2023,5,0.81,0.0005,0.0473,0.0016,0.85,0.0041,5.75,0.1941,0.005,4.0
Sadali,2023,6,1.52,0.0009,0.0887,0.0029,0.85,0.0041,5.75,0.1941,0.0068,4.0
Sadali,2023,7,1.96,0.0011,0.1147,0.0038,0.85,0.0041,5.75,0.1941,0.0076,4.0
Sadali,2023,8,4.15,0.0024,0.2427,0.008,0.85,0.0041,5.75,0.1941,0.0111,4.0
Sadali,2023,9,2.39,0.0014,0.1401,0.0046,0.85,0.0041,5.75,0.1941,0.0085,4.0
Sadali,2023,10,2.95,0.0017,0.1725,0.0057,0.85,0.0041,5.75,0.1941,0.0094,4.0
Sadali,2023,11,1.18,0.0007,0.069,0.0023,0.85,0.0041,5.75,0.1941,0.006,4.0
Sadali,2023,12,0.03,0.0,0.0018,0.0001,0.85,0.0041,5.75,0.1941,0.0,4.0
Sagama,2023,1,0.03,0.0,0.0018,0.0001,2.28,0.0111,1.58,0.0533,0.0,4.0
Sagama,2023,2,0.03,0.0,0.0016,0.0001,2.28,0.0111,1.58,0.0533,0.0,4.0
Sagama,2023,3,0.03,0.0,0.0019,0.0001,2.28,0.0111,1.58,0.0533,0.0,4.0
Sagama,2023,4,1.0,0.0006,0.0619,0.002,2.28,0.0111,1.58,0.0533,0.0052,4.0
Sagama,2023,5,0.93,0.0005,0.0579,0.0019,2.28,0.0111,1.58,0.0533,0.0049,4.0
Sagama,2023,6,1.08,0.0006,0.0669,0.0022,2.28,0.0111,1.58,0.0533,0.0053,4.0
Sagama,2023,7,2.91,0.0017,0.1805,0.0059,2.28,0.0111,1.58,0.0533,0.0088,4.0
Sagama,2023,8,4.43,0.0026,0.2746,0.009,2.28,0.0111,1.58,0.0533,0.0108,4.0
Sagama,2023,9,1.99,0.0012,0.1232,0.0041,2.28,0.0111,1.58,0.0533,0.0073,4.0
Sagama,2023,10,0.67,0.0004,0.0414,0.0014,2.28,0.0111,1.58,0.0533,0.0043,4.0
Sagama,2023,11,0.04,0.0,0.0022,0.0001,2.28,0.0111,1.58,0.0533,0.0,4.0
Sagama,2023,12,0.05,0.0,0.0029,0.0001,2.28,0.0111,1.58,0.0533,0.0,4.0
Samassi,2023,1,,,,,0.4,0.002,0.0,0.0,0.0,2.0
Samassi,2023,2,,,,,0.4,0.002,0.0,0.0,0.0,2.0
Samassi,2023,3,,,,,0.4,0.002,0.0,0.0,0.0,2.0
Samassi,2023,4,,,,,0.4,0.002,0.0,0.0,0.0,2.0
Samassi,2023,5,,,,,0.4,0.002,0.0,0.0,0.0,2.0
Samassi,2023,6,,,,,0.4,0.002,0.0,0.0,0.0,2.0
Samassi,2023,7,,,,,0.4,0.002,0.0,0.0,0.0,2.0
Samassi,2023,8,,,,,0.4,0.002,0.0,0.0,0.0,2.0
Samassi,2023,9,,,,,0.4,0.002,0.0,0.0,0.0,2.0
Samassi,2023,10,,,,,0.4,0.002,0.0,0.0,0.0,2.0
Samassi,2023,11,,,,,0.4,0.002,0.0,0.0,0.0,2.0
Samassi,2023,12,,,,,0.4,0.002,0.0,0.0,0.0,2.0
Samatzai,2023,1,,,,,0.0,0.0,,,0.0,1.0
Samatzai,2023,2,,,,,0.0,0.0,,,0.0,1.0
Samatzai,2023,3,,,,,0.0,0.0,,,0.0,1.0
Samatzai,2023,4,,,,,0.0,0.0,,,0.0,1.0
Samatzai,2023,5,,,,,0.0,0.0,,,0.0,1.0
Samatzai,2023,6,,,,,0.0,0.0,,,0.0,1.0
Samatzai,2023,7,,,,,0.0,0.0,,,0.0,1.0
Samatzai,2023,8,,,,,0.0,0.0,,,0.0,1.0
Samatzai,2023,9,,,,,0.0,0.0,,,0.0,1.0
Samatzai,2023,10,,,,,0.0,0.0,,,0.0,1.0
Samatzai,2023,11,,,,,0.0,0.0,,,0.0,1.0
Samatzai,2023,12,,,,,0.0,0.0,,,0.0,1.0
Samugheo,2023,1,0.03,0.0,0.0008,0.0,0.65,0.0032,0.97,0.0327,0.0,4.0
Samugheo,2023,2,0.02,0.0,0.0007,0.0,0.65,0.0032,0.97,0.0327,0.0,4.0
Samugheo,2023,3,0.03,0.0,0.0009,0.0,0.65,0.0032,0.97,0.0327,0.0,4.0
Samugheo,2023,4,0.06,0.0,0.0019,0.0001,0.65,0.0032,0.97,0.0327,0.0,4.0
Samugheo,2023,5,0.08,0.0,0.0025,0.0001,0.65,0.0032,0.97,0.0327,0.0,4.0
Samugheo,2023,6,0.14,0.0001,0.0041,0.0001,0.65,0.0032,0.97,0.0327,0.001,4.0
Samugheo,2023,7,0.75,0.0004,0.0221,0.0007,0.65,0.0032,0.97,0.0327,0.0023,4.0
Samugheo,2023,8,0.74,0.0004,0.022,0.0007,0.65,0.0032,0.97,0.0327,0.0023,4.0
Samugheo,2023,9,0.29,0.0002,0.0086,0.0003,0.65,0.0032,0.97,0.0327,0.0016,4.0
Samugheo,2023,10,0.07,0.0,0.0021,0.0001,0.65,0.0032,0.97,0.0327,0.0,4.0
Samugheo,2023,11,0.03,0.0,0.001,0.0,0.65,0.0032,0.97,0.0327,0.0,4.0
Samugheo,2023,12,0.04,0.0,0.0013,0.0,0.65,0.0032,0.97,0.0327,0.0,4.0
San Basilio,2023,1,,,,,0.13,0.0006,0.0,0.0,0.0,2.0
San Basilio,2023,2,,,,,0.13,0.0006,0.0,0.0,0.0,2.0
San Basilio,2023,3,,,,,0.13,0.0006,0.0,0.0,0.0,2.0
San Basilio,2023,4,,,,,0.13,0.0006,0.0,0.0,0.0,2.0
San Basilio,2023,5,,,,,0.13,0.0006,0.0,0.0,0.0,2.0
San Basilio,2023,6,,,,,0.13,0.0006,0.0,0.0,0.0,2.0
San Basilio,2023,7,,,,,0.13,0.0006,0.0,0.0,0.0,2.0
San Basilio,2023,8,,,,,0.13,0.0006,0.0,0.0,0.0,2.0
San Basilio,2023,9,,,,,0.13,0.0006,0.0,0.0,0.0,2.0
San Basilio,2023,10,,,,,0.13,0.0006,0.0,0.0,0.0,2.0
San Basilio,2023,11,,,,,0.13,0.0006,0.0,0.0,0.0,2.0
San Basilio,2023,12,,,,,0.13,0.0006,0.0,0.0,0.0,2.0
San Gavino Monreale,2023,1,0.3,0.0002,0.0032,0.0001,0.48,0.0023,8.06,0.2721,0.0019,4.0
San Gavino Monreale,2023,2,0.65,0.0004,0.0071,0.0002,0.48,0.0023,8.06,0.2721,0.0027,4.0
San Gavino Monreale,2023,3,0.51,0.0003,0.0056,0.0002,0.48,0.0023,8.06,0.2721,0.0025,4.0
San Gavino Monreale,2023,4,1.34,0.0008,0.0145,0.0005,0.48,0.0023,8.06,0.2721,0.004,4.0
San Gavino Monreale,2023,5,1.26,0.0007,0.0136,0.0004,0.48,0.0023,8.06,0.2721,0.0036,4.0
San Gavino Monreale,2023,6,1.31,0.0008,0.0142,0.0005,0.48,0.0023,8.06,0.2721,0.004,4.0
San Gavino Monreale,2023,7,2.56,0.0015,0.0278,0.0009,0.48,0.0023,8.06,0.2721,0.0054,4.0
San Gavino Monreale,2023,8,1.17,0.0007,0.0126,0.0004,0.48,0.0023,8.06,0.2721,0.0036,4.0
San Gavino Monreale,2023,9,1.45,0.0008,0.0157,0.0005,0.48,0.0023,8.06,0.2721,0.004,4.0
San Gavino Monreale,2023,10,1.03,0.0006,0.0111,0.0004,0.48,0.0023,8.06,0.2721,0.0035,4.0
San Gavino Monreale,2023,11,1.37,0.0008,0.0149,0.0005,0.48,0.0023,8.06,0.2721,0.004,4.0
San Gavino Monreale,2023,12,1.18,0.0007,0.0128,0.0004,0.48,0.0023,8.06,0.2721,0.0036,4.0
San Giovanni Suergiu,2023,1,0.44,0.0003,0.0057,0.0002,4.77,0.0233,9.47,0.3197,0.0046,4.0
San Giovanni Suergiu,2023,2,0.32,0.0002,0.0041,0.0001,4.77,0.0233,9.47,0.3197,0.0035,4.0
San Giovanni Suergiu,2023,3,0.64,0.0004,0.0082,0.0003,4.77,0.0233,9.47,0.3197,0.0055,4.0
San Giovanni Suergiu,2023,4,12.46,0.0073,0.1593,0.0052,4.77,0.0233,9.47,0.3197,0.0231,4.0
San Giovanni Suergiu,2023,5,11.64,0.0068,0.1488,0.0049,4.77,0.0233,9.47,0.3197,0.0223,4.0
San Giovanni Suergiu,2023,6,19.63,0.0115,0.2509,0.0083,4.77,0.0233,9.47,0.3197,0.029,4.0
San Giovanni Suergiu,2023,7,32.71,0.0191,0.4181,0.0138,4.77,0.0233,9.47,0.3197,0.0374,4.0
San Giovanni Suergiu,2023,8,47.74,0.0279,0.6102,0.0201,4.77,0.0233,9.47,0.3197,0.0452,4.0
San Giovanni Suergiu,2023,9,25.57,0.0149,0.3269,0.0108,4.77,0.0233,9.47,0.3197,0.0331,4.0
San Giovanni Suergiu,2023,10,12.29,0.0072,0.1572,0.0052,4.77,0.0233,9.47,0.3197,0.023,4.0
San Giovanni Suergiu,2023,11,0.97,0.0006,0.0124,0.0004,4.77,0.0233,9.47,0.3197,0.0065,4.0
San Giovanni Suergiu,2023,12,0.35,0.0002,0.0044,0.0001,4.77,0.0233,9.47,0.3197,0.0035,4.0
San Nicolò D'Arcidano,2023,1,0.06,0.0,0.0007,0.0,1.06,0.0052,3.13,0.1057,0.0,4.0
San Nicolò D'Arcidano,2023,2,0.05,0.0,0.0006,0.0,1.06,0.0052,3.13,0.1057,0.0,4.0
San Nicolò D'Arcidano,2023,3,0.06,0.0,0.0007,0.0,1.06,0.0052,3.13,0.1057,0.0,4.0
San Nicolò D'Arcidano,2023,4,0.14,0.0001,0.0016,0.0001,1.06,0.0052,3.13,0.1057,0.0015,4.0
San Nicolò D'Arcidano,2023,5,0.18,0.0001,0.0021,0.0001,1.06,0.0052,3.13,0.1057,0.0015,4.0
San Nicolò D'Arcidano,2023,6,0.3,0.0002,0.0034,0.0001,1.06,0.0052,3.13,0.1057,0.0018,4.0
San Nicolò D'Arcidano,2023,7,3.01,0.0018,0.0341,0.0011,1.06,0.0052,3.13,0.1057,0.0057,4.0
San Nicolò D'Arcidano,2023,8,5.66,0.0033,0.0642,0.0021,1.06,0.0052,3.13,0.1057,0.0079,4.0
San Nicolò D'Arcidano,2023,9,2.35,0.0014,0.0267,0.0009,1.06,0.0052,3.13,0.1057,0.0051,4.0
San Nicolò D'Arcidano,2023,10,0.15,0.0001,0.0017,0.0001,1.06,0.0052,3.13,0.1057,0.0015,4.0
San Nicolò D'Arcidano,2023,11,0.07,0.0,0.0008,0.0,1.06,0.0052,3.13,0.1057,0.0,4.0
San Nicolò D'Arcidano,2023,12,0.1,0.0001,0.0011,0.0,1.06,0.0052,3.13,0.1057,0.0,4.0
San Nicolò Gerrei,2023,1,,,,,0.0,0.0,,,0.0,1.0
San Nicolò Gerrei,2023,2,,,,,0.0,0.0,,,0.0,1.0
San Nicolò Gerrei,2023,3,,,,,0.0,0.0,,,0.0,1.0
San Nicolò Gerrei,2023,4,,,,,0.0,0.0,,,0.0,1.0
San Nicolò Gerrei,2023,5,,,,,0.0,0.0,,,0.0,1.0
San Nicolò Gerrei,2023,6,,,,,0.0,0.0,,,0.0,1.0
San Nicolò Gerrei,2023,7,,,,,0.0,0.0,,,0.0,1.0
San Nicolò Gerrei,2023,8,,,,,0.0,0.0,,,0.0,1.0
San Nicolò Gerrei,2023,9,,,,,0.0,0.0,,,0.0,1.0
San Nicolò Gerrei,2023,10,,,,,0.0,0.0,,,0.0,1.0
San Nicolò Gerrei,2023,11,,,,,0.0,0.0,,,0.0,1.0
San Nicolò Gerrei,2023,12,,,,,0.0,0.0,,,0.0,1.0
San Sperate,2023,1,0.31,0.0002,0.001,0.0,3.09,0.0151,5.42,0.183,0.0,4.0
San Sperate,2023,2,0.38,0.0002,0.0012,0.0,3.09,0.0151,5.42,0.183,0.0,4.0
San Sperate,2023,3,0.53,0.0003,0.0017,0.0001,3.09,0.0151,5.42,0.183,0.003,4.0
San Sperate,2023,4,0.69,0.0004,0.0021,0.0001,3.09,0.0151,5.42,0.183,0.0032,4.0
San Sperate,2023,5,3.2,0.0019,0.01,0.0003,3.09,0.0151,5.42,0.183,0.0063,4.0
San Sperate,2023,6,3.2,0.0019,0.01,0.0003,3.09,0.0151,5.42,0.183,0.0063,4.0
San Sperate,2023,7,10.3,0.006,0.0321,0.0011,3.09,0.0151,5.42,0.183,0.0116,4.0
San Sperate,2023,8,17.2,0.0101,0.0536,0.0018,3.09,0.0151,5.42,0.183,0.015,4.0
San Sperate,2023,9,8.47,0.005,0.0264,0.0009,3.09,0.0151,5.42,0.183,0.0106,4.0
San Sperate,2023,10,11.06,0.0065,0.0344,0.0011,3.09,0.0151,5.42,0.183,0.0119,4.0
San Sperate,2023,11,4.88,0.0029,0.0152,0.0005,3.09,0.0151,5.42,0.183,0.008,4.0
San Sperate,2023,12,0.92,0.0005,0.0029,0.0001,3.09,0.0151,5.42,0.183,0.0034,4.0
San Teodoro,2023,1,0.88,0.0005,0.0183,0.0006,144.34,0.7047,12.36,0.4173,0.0172,4.0
San Teodoro,2023,2,0.26,0.0002,0.0054,0.0002,144.34,0.7047,12.36,0.4173,0.0104,4.0
San Teodoro,2023,3,1.41,0.0008,0.0294,0.001,144.34,0.7047,12.36,0.4173,0.022,4.0
San Teodoro,2023,4,76.66,0.0448,1.5994,0.0527,144.34,0.7047,12.36,0.4173,0.1623,4.0
San Teodoro,2023,5,323.52,0.1891,6.7494,0.2222,144.34,0.7047,12.36,0.4173,0.3334,4.0
San Teodoro,2023,6,1190.96,0.6963,24.8463,0.8181,144.34,0.7047,12.36,0.4173,0.6398,4.0
San Teodoro,2023,7,1831.81,1.0,38.2159,1.0,144.34,0.7047,12.36,0.4173,0.7364,4.0
San Teodoro,2023,8,1895.71,1.0,39.549,1.0,144.34,0.7047,12.36,0.4173,0.7364,4.0
San Teodoro,2023,9,976.88,0.5711,20.3799,0.6711,144.34,0.7047,12.36,0.4173,0.5794,4.0
San Teodoro,2023,10,208.98,0.1222,4.3599,0.1436,144.34,0.7047,12.36,0.4173,0.268,4.0
San Teodoro,2023,11,1.59,0.0009,0.0332,0.0011,144.34,0.7047,12.36,0.4173,0.0232,4.0
San Teodoro,2023,12,0.67,0.0004,0.0139,0.0005,144.34,0.7047,12.36,0.4173,0.0156,4.0
San Vero Milis,2023,1,3.85,0.0023,0.1151,0.0038,15.12,0.0738,11.67,0.394,0.0225,4.0
San Vero Milis,2023,2,1.22,0.0007,0.0363,0.0012,15.12,0.0738,11.67,0.394,0.0125,4.0
San Vero Milis,2023,3,4.55,0.0027,0.1358,0.0045,15.12,0.0738,11.67,0.394,0.0244,4.0
San Vero Milis,2023,4,19.8,0.0116,0.5914,0.0195,15.12,0.0738,11.67,0.394,0.0506,4.0
San Vero Milis,2023,5,47.46,0.0277,1.4177,0.0467,15.12,0.0738,11.67,0.394,0.0783,4.0
San Vero Milis,2023,6,85.01,0.0497,2.5394,0.0836,15.12,0.0738,11.67,0.394,0.1048,4.0
San Vero Milis,2023,7,153.81,0.0899,4.5943,0.1513,15.12,0.0738,11.67,0.394,0.141,4.0
San Vero Milis,2023,8,179.73,0.1051,5.3686,0.1768,15.12,0.0738,11.67,0.394,0.1525,4.0
San Vero Milis,2023,9,97.79,0.0572,2.9212,0.0962,15.12,0.0738,11.67,0.394,0.1125,4.0
San Vero Milis,2023,10,47.53,0.0278,1.4197,0.0467,15.12,0.0738,11.67,0.394,0.0784,4.0
San Vero Milis,2023,11,2.49,0.0015,0.0743,0.0024,15.12,0.0738,11.67,0.394,0.018,4.0
San Vero Milis,2023,12,0.79,0.0005,0.0235,0.0008,15.12,0.0738,11.67,0.394,0.0104,4.0
San Vito,2023,1,0.0,0.0,0.0,0.0,0.6,0.0029,10.18,0.3437,0.0,4.0
San Vito,2023,2,0.07,0.0,0.0044,0.0001,0.6,0.0029,10.18,0.3437,0.0,4.0
San Vito,2023,3,0.18,0.0001,0.0123,0.0004,0.6,0.0029,10.18,0.3437,0.0025,4.0
San Vito,2023,4,1.06,0.0006,0.0719,0.0024,0.6,0.0029,10.18,0.3437,0.0062,4.0
San Vito,2023,5,1.44,0.0008,0.0976,0.0032,0.6,0.0029,10.18,0.3437,0.0071,4.0
San Vito,2023,6,2.62,0.0015,0.1773,0.0058,0.6,0.0029,10.18,0.3437,0.0096,4.0
San Vito,2023,7,4.45,0.0026,0.3005,0.0099,0.6,0.0029,10.18,0.3437,0.0127,4.0
San Vito,2023,8,7.31,0.0043,0.4939,0.0163,0.6,0.0029,10.18,0.3437,0.0163,4.0
San Vito,2023,9,3.25,0.0019,0.2196,0.0072,0.6,0.0029,10.18,0.3437,0.0108,4.0
San Vito,2023,10,1.44,0.0008,0.0973,0.0032,0.6,0.0029,10.18,0.3437,0.0071,4.0
San Vito,2023,11,0.55,0.0003,0.0371,0.0012,0.6,0.0029,10.18,0.3437,0.0044,4.0
San Vito,2023,12,0.09,0.0001,0.0062,0.0002,0.6,0.0029,10.18,0.3437,0.0021,4.0
Sanluri,2023,1,1.14,0.0007,0.0118,0.0004,0.59,0.0029,18.29,0.6175,0.0047,4.0
Sanluri,2023,2,0.65,0.0004,0.0068,0.0002,0.59,0.0029,18.29,0.6175,0.0035,4.0
Sanluri,2023,3,0.83,0.0005,0.0086,0.0003,0.59,0.0029,18.29,0.6175,0.004,4.0
Sanluri,2023,4,4.43,0.0026,0.0459,0.0015,0.59,0.0029,18.29,0.6175,0.0091,4.0
Sanluri,2023,5,3.3,0.0019,0.0342,0.0011,0.59,0.0029,18.29,0.6175,0.0078,4.0
Sanluri,2023,6,3.22,0.0019,0.0333,0.0011,0.59,0.0029,18.29,0.6175,0.0078,4.0
Sanluri,2023,7,3.93,0.0023,0.0407,0.0013,0.59,0.0029,18.29,0.6175,0.0086,4.0
Sanluri,2023,8,5.42,0.0032,0.0561,0.0018,0.59,0.0029,18.29,0.6175,0.0101,4.0
Sanluri,2023,9,5.47,0.0032,0.0566,0.0019,0.59,0.0029,18.29,0.6175,0.0102,4.0
Sanluri,2023,10,5.72,0.0033,0.0591,0.0019,0.59,0.0029,18.29,0.6175,0.0103,4.0
Sanluri,2023,11,3.02,0.0018,0.0312,0.001,0.59,0.0029,18.29,0.6175,0.0075,4.0
Sanluri,2023,12,2.53,0.0015,0.0262,0.0009,0.59,0.0029,18.29,0.6175,0.007,4.0
Sant'Andrea Frius,2023,1,,,,,0.0,0.0,,,0.0,1.0
Sant'Andrea Frius,2023,2,,,,,0.0,0.0,,,0.0,1.0
Sant'Andrea Frius,2023,3,,,,,0.0,0.0,,,0.0,1.0
Sant'Andrea Frius,2023,4,,,,,0.0,0.0,,,0.0,1.0
Sant'Andrea Frius,2023,5,,,,,0.0,0.0,,,0.0,1.0
Sant'Andrea Frius,2023,6,,,,,0.0,0.0,,,0.0,1.0
Sant'Andrea Frius,2023,7,,,,,0.0,0.0,,,0.0,1.0
Sant'Andrea Frius,2023,8,,,,,0.0,0.0,,,0.0,1.0
Sant'Andrea Frius,2023,9,,,,,0.0,0.0,,,0.0,1.0
Sant'Andrea Frius,2023,10,,,,,0.0,0.0,,,0.0,1.0
Sant'Andrea Frius,2023,11,,,,,0.0,0.0,,,0.0,1.0
Sant'Andrea Frius,2023,12,,,,,0.0,0.0,,,0.0,1.0
Sant'Anna Arresi,2023,1,0.0,0.0,0.0001,0.0,42.86,0.2093,12.97,0.4379,0.0,4.0
Sant'Anna Arresi,2023,2,0.71,0.0004,0.01,0.0003,42.86,0.2093,12.97,0.4379,0.0102,4.0
Sant'Anna Arresi,2023,3,0.98,0.0006,0.0138,0.0005,42.86,0.2093,12.97,0.4379,0.0129,4.0
Sant'Anna Arresi,2023,4,12.13,0.0071,0.17,0.0056,42.86,0.2093,12.97,0.4379,0.0437,4.0
Sant'Anna Arresi,2023,5,56.79,0.0332,0.796,0.0262,42.86,0.2093,12.97,0.4379,0.0945,4.0
Sant'Anna Arresi,2023,6,357.04,0.2087,5.0049,0.1648,42.86,0.2093,12.97,0.4379,0.2369,4.0
Sant'Anna Arresi,2023,7,504.71,0.2951,7.0749,0.233,42.86,0.2093,12.97,0.4379,0.2818,4.0
Sant'Anna Arresi,2023,8,636.31,0.372,8.9195,0.2937,42.86,0.2093,12.97,0.4379,0.3163,4.0
Sant'Anna Arresi,2023,9,389.91,0.228,5.4655,0.18,42.86,0.2093,12.97,0.4379,0.2476,4.0
Sant'Anna Arresi,2023,10,65.39,0.0382,0.9166,0.0302,42.86,0.2093,12.97,0.4379,0.1014,4.0
Sant'Anna Arresi,2023,11,3.79,0.0022,0.0531,0.0017,42.86,0.2093,12.97,0.4379,0.0242,4.0
Sant'Anna Arresi,2023,12,0.39,0.0002,0.0054,0.0002,42.86,0.2093,12.97,0.4379,0.0078,4.0
Sant'Antioco,2023,1,5.44,0.0032,0.0452,0.0015,37.02,0.1807,6.57,0.2218,0.0209,4.0
Sant'Antioco,2023,2,4.89,0.0029,0.0407,0.0013,37.02,0.1807,6.57,0.2218,0.0197,4.0
Sant'Antioco,2023,3,20.16,0.0118,0.1676,0.0055,37.02,0.1807,6.57,0.2218,0.0402,4.0
Sant'Antioco,2023,4,51.71,0.0302,0.4298,0.0142,37.02,0.1807,6.57,0.2218,0.0644,4.0
Sant'Antioco,2023,5,67.13,0.0392,0.558,0.0184,37.02,0.1807,6.57,0.2218,0.0733,4.0
Sant'Antioco,2023,6,114.63,0.067,0.9528,0.0314,37.02,0.1807,6.57,0.2218,0.0958,4.0
Sant'Antioco,2023,7,188.25,0.1101,1.5648,0.0515,37.02,0.1807,6.57,0.2218,0.1228,4.0
Sant'Antioco,2023,8,237.64,0.1389,1.9753,0.065,37.02,0.1807,6.57,0.2218,0.1379,4.0
Sant'Antioco,2023,9,126.44,0.0739,1.051,0.0346,37.02,0.1807,6.57,0.2218,0.1006,4.0
Sant'Antioco,2023,10,56.93,0.0333,0.4732,0.0156,37.02,0.1807,6.57,0.2218,0.0675,4.0
Sant'Antioco,2023,11,7.26,0.0042,0.0604,0.002,37.02,0.1807,6.57,0.2218,0.0241,4.0
Sant'Antioco,2023,12,7.83,0.0046,0.0651,0.0021,37.02,0.1807,6.57,0.2218,0.0249,4.0
Sant'Antonio Di Gallura,2023,1,,,,,2.09,0.0102,16.0,0.5402,0.0742,2.0
Sant'Antonio Di Gallura,2023,2,,,,,2.09,0.0102,16.0,0.5402,0.0742,2.0
Sant'Antonio Di Gallura,2023,3,,,,,2.09,0.0102,16.0,0.5402,0.0742,2.0
Sant'Antonio Di Gallura,2023,4,2.48,,0.1411,,2.09,0.0102,16.0,0.5402,0.0742,2.0
Sant'Antonio Di Gallura,2023,5,14.46,,0.8212,,2.09,0.0102,16.0,0.5402,0.0742,2.0
Sant'Antonio Di Gallura,2023,6,21.95,,1.2465,,2.09,0.0102,16.0,0.5402,0.0742,2.0
Sant'Antonio Di Gallura,2023,7,26.74,,1.5182,,2.09,0.0102,16.0,0.5402,0.0742,2.0
Sant'Antonio Di Gallura,2023,8,27.71,,1.5733,,2.09,0.0102,16.0,0.5402,0.0742,2.0
Sant'Antonio Di Gallura,2023,9,25.24,,1.433,,2.09,0.0102,16.0,0.5402,0.0742,2.0
Sant'Antonio Di Gallura,2023,10,3.55,,0.2018,,2.09,0.0102,16.0,0.5402,0.0742,2.0
Sant'Antonio Di Gallura,2023,11,,,,,2.09,0.0102,16.0,0.5402,0.0742,2.0
Sant'Antonio Di Gallura,2023,12,,,,,2.09,0.0102,16.0,0.5402,0.0742,2.0
Santa Giusta,2023,1,0.01,0.0,0.0001,0.0,0.94,0.0046,6.15,0.2076,0.0,4.0
Santa Giusta,2023,2,0.54,0.0003,0.0081,0.0003,0.94,0.0046,6.15,0.2076,0.003,4.0
Santa Giusta,2023,3,0.21,0.0001,0.0031,0.0001,0.94,0.0046,6.15,0.2076,0.0018,4.0
Santa Giusta,2023,4,0.6,0.0004,0.0089,0.0003,0.94,0.0046,6.15,0.2076,0.0033,4.0
Santa Giusta,2023,5,0.76,0.0004,0.0114,0.0004,0.94,0.0046,6.15,0.2076,0.0035,4.0
Santa Giusta,2023,6,1.84,0.0011,0.0276,0.0009,0.94,0.0046,6.15,0.2076,0.0055,4.0
Santa Giusta,2023,7,5.06,0.003,0.0756,0.0025,0.94,0.0046,6.15,0.2076,0.0092,4.0
Santa Giusta,2023,8,8.43,0.0049,0.126,0.0041,0.94,0.0046,6.15,0.2076,0.0118,4.0
Santa Giusta,2023,9,2.13,0.0012,0.0318,0.001,0.94,0.0046,6.15,0.2076,0.0058,4.0
Santa Giusta,2023,10,0.77,0.0005,0.0115,0.0004,0.94,0.0046,6.15,0.2076,0.0037,4.0
Santa Giusta,2023,11,0.01,0.0,0.0002,0.0,0.94,0.0046,6.15,0.2076,0.0,4.0
Santa Giusta,2023,12,0.68,0.0004,0.0101,0.0003,0.94,0.0046,6.15,0.2076,0.0033,4.0
Santa Maria Coghinas,2023,1,4.44,0.0026,0.0798,0.0026,15.63,0.0763,8.84,0.2984,0.0198,4.0
Santa Maria Coghinas,2023,2,8.07,0.0047,0.145,0.0048,15.63,0.0763,8.84,0.2984,0.0268,4.0
Santa Maria Coghinas,2023,3,10.34,0.006,0.1857,0.0061,15.63,0.0763,8.84,0.2984,0.0302,4.0
Santa Maria Coghinas,2023,4,24.6,0.0144,0.4421,0.0146,15.63,0.0763,8.84,0.2984,0.0468,4.0
Santa Maria Coghinas,2023,5,13.33,0.0078,0.2394,0.0079,15.63,0.0763,8.84,0.2984,0.0344,4.0
Santa Maria Coghinas,2023,6,44.89,0.0262,0.8066,0.0266,15.63,0.0763,8.84,0.2984,0.0631,4.0
Santa Maria Coghinas,2023,7,114.51,0.0669,2.0576,0.0678,15.63,0.0763,8.84,0.2984,0.1008,4.0
Santa Maria Coghinas,2023,8,154.23,0.0902,2.7713,0.0913,15.63,0.0763,8.84,0.2984,0.117,4.0
Santa Maria Coghinas,2023,9,64.2,0.0375,1.1535,0.038,15.63,0.0763,8.84,0.2984,0.0755,4.0
Santa Maria Coghinas,2023,10,31.22,0.0183,0.561,0.0185,15.63,0.0763,8.84,0.2984,0.0527,4.0
Santa Maria Coghinas,2023,11,18.75,0.011,0.3369,0.0111,15.63,0.0763,8.84,0.2984,0.0408,4.0
Santa Maria Coghinas,2023,12,15.59,0.0091,0.2801,0.0092,15.63,0.0763,8.84,0.2984,0.0372,4.0
Santa Teresa Gallura,2023,1,1.77,0.001,0.0363,0.0012,105.04,0.5128,11.86,0.4004,0.0223,4.0
Santa Teresa Gallura,2023,2,2.09,0.0012,0.0429,0.0014,105.04,0.5128,11.86,0.4004,0.0242,4.0
Santa Teresa Gallura,2023,3,1.63,0.001,0.0336,0.0011,105.04,0.5128,11.86,0.4004,0.0218,4.0
Santa Teresa Gallura,2023,4,68.61,0.0401,1.4087,0.0464,105.04,0.5128,11.86,0.4004,0.1398,4.0
Santa Teresa Gallura,2023,5,204.51,0.1196,4.1988,0.1383,105.04,0.5128,11.86,0.4004,0.2414,4.0
Santa Teresa Gallura,2023,6,742.31,0.434,15.2407,0.5018,105.04,0.5128,11.86,0.4004,0.4598,4.0
Santa Teresa Gallura,2023,7,1321.66,0.7727,27.1354,0.8935,105.04,0.5128,11.86,0.4004,0.6136,4.0
Santa Teresa Gallura,2023,8,1309.17,0.7654,26.8791,0.8851,105.04,0.5128,11.86,0.4004,0.6107,4.0
Santa Teresa Gallura,2023,9,790.15,0.462,16.2228,0.5342,105.04,0.5128,11.86,0.4004,0.4745,4.0
Santa Teresa Gallura,2023,10,99.68,0.0583,2.0465,0.0674,105.04,0.5128,11.86,0.4004,0.1685,4.0
Santa Teresa Gallura,2023,11,3.58,0.0021,0.0735,0.0024,105.04,0.5128,11.86,0.4004,0.0319,4.0
Santa Teresa Gallura,2023,12,0.33,0.0002,0.0068,0.0002,105.04,0.5128,11.86,0.4004,0.0095,4.0
Santadi,2023,1,0.0,0.0,0.0,0.0,0.82,0.004,2.69,0.0908,0.0,4.0
Santadi,2023,2,0.0,0.0,0.0,0.0,0.82,0.004,2.69,0.0908,0.0,4.0
Santadi,2023,3,0.0,0.0,0.0,0.0,0.82,0.004,2.69,0.0908,0.0,4.0
Santadi,2023,4,0.39,0.0002,0.0143,0.0005,0.82,0.004,2.69,0.0908,0.0025,4.0
Santadi,2023,5,0.11,0.0001,0.0039,0.0001,0.82,0.004,2.69,0.0908,0.0014,4.0
Santadi,2023,6,0.43,0.0003,0.0157,0.0005,0.82,0.004,2.69,0.0908,0.0027,4.0
Santadi,2023,7,2.26,0.0013,0.0826,0.0027,0.82,0.004,2.69,0.0908,0.006,4.0
Santadi,2023,8,3.43,0.002,0.1258,0.0041,0.82,0.004,2.69,0.0908,0.0074,4.0
Santadi,2023,9,0.93,0.0005,0.0343,0.0011,0.82,0.004,2.69,0.0908,0.0038,4.0
Santadi,2023,10,0.47,0.0003,0.0171,0.0006,0.82,0.004,2.69,0.0908,0.0028,4.0
Santadi,2023,11,0.0,0.0,0.0001,0.0,0.82,0.004,2.69,0.0908,0.0,4.0
Santadi,2023,12,0.0,0.0,0.0001,0.0,0.82,0.004,2.69,0.0908,0.0,4.0
Santu Lussurgiu,2023,1,1.78,0.001,0.0803,0.0026,2.25,0.011,9.87,0.3332,0.0099,4.0
Santu Lussurgiu,2023,2,2.43,0.0014,0.1096,0.0036,2.25,0.011,9.87,0.3332,0.0117,4.0
Santu Lussurgiu,2023,3,1.83,0.0011,0.0825,0.0027,2.25,0.011,9.87,0.3332,0.0102,4.0
Santu Lussurgiu,2023,4,6.4,0.0037,0.2882,0.0095,2.25,0.011,9.87,0.3332,0.0189,4.0
Santu Lussurgiu,2023,5,6.24,0.0036,0.281,0.0093,2.25,0.011,9.87,0.3332,0.0187,4.0
Santu Lussurgiu,2023,6,8.74,0.0051,0.3938,0.013,2.25,0.011,9.87,0.3332,0.0222,4.0
Santu Lussurgiu,2023,7,10.05,0.0059,0.4529,0.0149,2.25,0.011,9.87,0.3332,0.0238,4.0
Santu Lussurgiu,2023,8,17.36,0.0101,0.7821,0.0258,2.25,0.011,9.87,0.3332,0.0313,4.0
Santu Lussurgiu,2023,9,9.94,0.0058,0.4479,0.0147,2.25,0.011,9.87,0.3332,0.0236,4.0
Santu Lussurgiu,2023,10,6.9,0.004,0.3108,0.0102,2.25,0.011,9.87,0.3332,0.0197,4.0
Santu Lussurgiu,2023,11,8.82,0.0052,0.3974,0.0131,2.25,0.011,9.87,0.3332,0.0224,4.0
Santu Lussurgiu,2023,12,0.65,0.0004,0.0293,0.001,2.25,0.011,9.87,0.3332,0.0062,4.0
Sardara,2023,1,38.23,0.0224,0.5649,0.0186,6.5,0.0317,39.93,1.0,0.0603,4.0
Sardara,2023,2,67.49,0.0395,0.9974,0.0328,6.5,0.0317,39.93,1.0,0.0801,4.0
Sardara,2023,3,57.83,0.0338,0.8546,0.0281,6.5,0.0317,39.93,1.0,0.0741,4.0
Sardara,2023,4,99.56,0.0582,1.4713,0.0484,6.5,0.0317,39.93,1.0,0.0972,4.0
Sardara,2023,5,65.74,0.0384,0.9714,0.032,6.5,0.0317,39.93,1.0,0.079,4.0
Sardara,2023,6,89.57,0.0524,1.3235,0.0436,6.5,0.0317,39.93,1.0,0.0923,4.0
Sardara,2023,7,91.55,0.0535,1.3529,0.0445,6.5,0.0317,39.93,1.0,0.0932,4.0
Sardara,2023,8,114.92,0.0672,1.6982,0.0559,6.5,0.0317,39.93,1.0,0.1045,4.0
Sardara,2023,9,110.5,0.0646,1.6329,0.0538,6.5,0.0317,39.93,1.0,0.1025,4.0
Sardara,2023,10,93.95,0.0549,1.3883,0.0457,6.5,0.0317,39.93,1.0,0.0944,4.0
Sardara,2023,11,81.02,0.0474,1.1973,0.0394,6.5,0.0317,39.93,1.0,0.0877,4.0
Sardara,2023,12,36.93,0.0216,0.5458,0.018,6.5,0.0317,39.93,1.0,0.0593,4.0
Sarroch,2023,1,3.85,0.0023,0.0521,0.0017,7.71,0.0376,8.76,0.2957,0.0144,4.0
Sarroch,2023,2,7.93,0.0046,0.1074,0.0035,7.71,0.0376,8.76,0.2957,0.0206,4.0
Sarroch,2023,3,8.4,0.0049,0.1137,0.0037,7.71,0.0376,8.76,0.2957,0.0212,4.0
Sarroch,2023,4,10.98,0.0064,0.1486,0.0049,7.71,0.0376,8.76,0.2957,0.0243,4.0
Sarroch,2023,5,27.65,0.0162,0.3742,0.0123,7.71,0.0376,8.76,0.2957,0.0386,4.0
Sarroch,2023,6,34.16,0.02,0.4624,0.0152,7.71,0.0376,8.76,0.2957,0.0429,4.0
Sarroch,2023,7,46.07,0.0269,0.6236,0.0205,7.71,0.0376,8.76,0.2957,0.0498,4.0
Sarroch,2023,8,50.04,0.0293,0.6773,0.0223,7.71,0.0376,8.76,0.2957,0.0519,4.0
Sarroch,2023,9,27.21,0.0159,0.3683,0.0121,7.71,0.0376,8.76,0.2957,0.0382,4.0
Sarroch,2023,10,21.16,0.0124,0.2865,0.0094,7.71,0.0376,8.76,0.2957,0.0337,4.0
Sarroch,2023,11,6.51,0.0038,0.0882,0.0029,7.71,0.0376,8.76,0.2957,0.0187,4.0
Sarroch,2023,12,2.71,0.0016,0.0366,0.0012,7.71,0.0376,8.76,0.2957,0.0121,4.0
Sarule,2023,1,0.1,0.0001,0.0035,0.0001,0.69,0.0034,2.91,0.0982,0.0014,4.0
Sarule,2023,2,0.56,0.0003,0.0194,0.0006,0.69,0.0034,2.91,0.0982,0.0028,4.0
Sarule,2023,3,0.11,0.0001,0.0037,0.0001,0.69,0.0034,2.91,0.0982,0.0014,4.0
Sarule,2023,4,0.24,0.0001,0.0082,0.0003,0.69,0.0034,2.91,0.0982,0.0018,4.0
Sarule,2023,5,0.31,0.0002,0.0106,0.0003,0.69,0.0034,2.91,0.0982,0.0021,4.0
Sarule,2023,6,0.51,0.0003,0.0177,0.0006,0.69,0.0034,2.91,0.0982,0.0028,4.0
Sarule,2023,7,1.45,0.0008,0.0498,0.0016,0.69,0.0034,2.91,0.0982,0.0045,4.0
Sarule,2023,8,1.65,0.001,0.0567,0.0019,0.69,0.0034,2.91,0.0982,0.005,4.0
Sarule,2023,9,1.36,0.0008,0.0468,0.0015,0.69,0.0034,2.91,0.0982,0.0045,4.0
Sarule,2023,10,0.7,0.0004,0.024,0.0008,0.69,0.0034,2.91,0.0982,0.0032,4.0
Sarule,2023,11,0.12,0.0001,0.0043,0.0001,0.69,0.0034,2.91,0.0982,0.0014,4.0
Sarule,2023,12,0.16,0.0001,0.0056,0.0002,0.69,0.0034,2.91,0.0982,0.0016,4.0
Sassari,2023,1,21.12,0.0123,0.0952,0.0031,5.88,0.0287,18.32,0.6185,0.0287,4.0
Sassari,2023,2,23.5,0.0137,0.1059,0.0035,5.88,0.0287,18.32,0.6185,0.0304,4.0
Sassari,2023,3,30.71,0.018,0.1384,0.0046,5.88,0.0287,18.32,0.6185,0.0348,4.0
Sassari,2023,4,23.18,0.0136,0.1045,0.0034,5.88,0.0287,18.32,0.6185,0.0301,4.0
Sassari,2023,5,28.66,0.0168,0.1292,0.0043,5.88,0.0287,18.32,0.6185,0.0337,4.0
Sassari,2023,6,36.81,0.0215,0.166,0.0055,5.88,0.0287,18.32,0.6185,0.0381,4.0
Sassari,2023,7,42.68,0.025,0.1924,0.0063,5.88,0.0287,18.32,0.6185,0.0409,4.0
Sassari,2023,8,57.22,0.0335,0.2579,0.0085,5.88,0.0287,18.32,0.6185,0.0474,4.0
Sassari,2023,9,39.62,0.0232,0.1786,0.0059,5.88,0.0287,18.32,0.6185,0.0395,4.0
Sassari,2023,10,33.49,0.0196,0.151,0.005,5.88,0.0287,18.32,0.6185,0.0363,4.0
Sassari,2023,11,28.47,0.0166,0.1283,0.0042,5.88,0.0287,18.32,0.6185,0.0334,4.0
Sassari,2023,12,27.58,0.0161,0.1243,0.0041,5.88,0.0287,18.32,0.6185,0.0329,4.0
Scano Di Montiferro,2023,1,0.01,0.0,0.0004,0.0,1.8,0.0088,2.85,0.0962,0.0,4.0
Scano Di Montiferro,2023,2,0.01,0.0,0.0003,0.0,1.8,0.0088,2.85,0.0962,0.0,4.0
Scano Di Montiferro,2023,3,0.01,0.0,0.0004,0.0,1.8,0.0088,2.85,0.0962,0.0,4.0
Scano Di Montiferro,2023,4,0.02,0.0,0.0009,0.0,1.8,0.0088,2.85,0.0962,0.0,4.0
Scano Di Montiferro,2023,5,0.03,0.0,0.0011,0.0,1.8,0.0088,2.85,0.0962,0.0,4.0
Scano Di Montiferro,2023,6,0.57,0.0003,0.0246,0.0008,1.8,0.0088,2.85,0.0962,0.0038,4.0
Scano Di Montiferro,2023,7,5.27,0.0031,0.2269,0.0075,1.8,0.0088,2.85,0.0962,0.0118,4.0
Scano Di Montiferro,2023,8,9.4,0.0055,0.405,0.0133,1.8,0.0088,2.85,0.0962,0.0158,4.0
Scano Di Montiferro,2023,9,2.3,0.0013,0.0992,0.0033,1.8,0.0088,2.85,0.0962,0.0078,4.0
Scano Di Montiferro,2023,10,0.53,0.0003,0.023,0.0008,1.8,0.0088,2.85,0.0962,0.0038,4.0
Scano Di Montiferro,2023,11,0.01,0.0,0.0004,0.0,1.8,0.0088,2.85,0.0962,0.0,4.0
Scano Di Montiferro,2023,12,0.58,0.0003,0.0248,0.0008,1.8,0.0088,2.85,0.0962,0.0038,4.0
Sedilo,2023,1,0.0,0.0,0.0002,0.0,0.48,0.0023,9.39,0.317,0.0,4.0
Sedilo,2023,2,0.41,0.0002,0.0145,0.0005,0.48,0.0023,9.39,0.317,0.0029,4.0
Sedilo,2023,3,0.65,0.0004,0.0227,0.0007,0.48,0.0023,9.39,0.317,0.0038,4.0
Sedilo,2023,4,0.01,0.0,0.0004,0.0,0.48,0.0023,9.39,0.317,0.0,4.0
Sedilo,2023,5,0.7,0.0004,0.0245,0.0008,0.48,0.0023,9.39,0.317,0.0039,4.0
Sedilo,2023,6,1.93,0.0011,0.0678,0.0022,0.48,0.0023,9.39,0.317,0.0065,4.0
Sedilo,2023,7,2.26,0.0013,0.0793,0.0026,0.48,0.0023,9.39,0.317,0.007,4.0
Sedilo,2023,8,5.3,0.0031,0.1857,0.0061,0.48,0.0023,9.39,0.317,0.0108,4.0
Sedilo,2023,9,2.4,0.0014,0.084,0.0028,0.48,0.0023,9.39,0.317,0.0073,4.0
Sedilo,2023,10,2.03,0.0012,0.071,0.0023,0.48,0.0023,9.39,0.317,0.0067,4.0
Sedilo,2023,11,0.68,0.0004,0.0237,0.0008,0.48,0.0023,9.39,0.317,0.0039,4.0
Sedilo,2023,12,0.14,0.0001,0.0048,0.0002,0.48,0.0023,9.39,0.317,0.002,4.0
Sedini,2023,1,,,,,1.14,0.0056,2.53,0.0854,0.0219,2.0
Sedini,2023,2,,,,,1.14,0.0056,2.53,0.0854,0.0219,2.0
Sedini,2023,3,,,,,1.14,0.0056,2.53,0.0854,0.0219,2.0
Sedini,2023,4,,,,,1.14,0.0056,2.53,0.0854,0.0219,2.0
Sedini,2023,5,,,,,1.14,0.0056,2.53,0.0854,0.0219,2.0
Sedini,2023,6,0.42,,0.0136,,1.14,0.0056,2.53,0.0854,0.0219,2.0
Sedini,2023,7,3.33,,0.1083,,1.14,0.0056,2.53,0.0854,0.0219,2.0
Sedini,2023,8,5.06,,0.1644,,1.14,0.0056,2.53,0.0854,0.0219,2.0
Sedini,2023,9,1.31,,0.0425,,1.14,0.0056,2.53,0.0854,0.0219,2.0
Sedini,2023,10,0.35,,0.0112,,1.14,0.0056,2.53,0.0854,0.0219,2.0
Sedini,2023,11,,,,,1.14,0.0056,2.53,0.0854,0.0219,2.0
Sedini,2023,12,,,,,1.14,0.0056,2.53,0.0854,0.0219,2.0
Segariu,2023,1,,,,,0.0,0.0,,,0.0,1.0
Segariu,2023,2,,,,,0.0,0.0,,,0.0,1.0
Segariu,2023,3,,,,,0.0,0.0,,,0.0,1.0
Segariu,2023,4,,,,,0.0,0.0,,,0.0,1.0
Segariu,2023,5,,,,,0.0,0.0,,,0.0,1.0
Segariu,2023,6,,,,,0.0,0.0,,,0.0,1.0
Segariu,2023,7,,,,,0.0,0.0,,,0.0,1.0
Segariu,2023,8,,,,,0.0,0.0,,,0.0,1.0
Segariu,2023,9,,,,,0.0,0.0,,,0.0,1.0
Segariu,2023,10,,,,,0.0,0.0,,,0.0,1.0
Segariu,2023,11,,,,,0.0,0.0,,,0.0,1.0
Segariu,2023,12,,,,,0.0,0.0,,,0.0,1.0
Selargius,2023,1,34.71,0.0203,0.0325,0.0011,13.08,0.0639,21.53,0.7269,0.0319,4.0
Selargius,2023,2,48.25,0.0282,0.0452,0.0015,13.08,0.0639,21.53,0.7269,0.0374,4.0
Selargius,2023,3,67.14,0.0393,0.0628,0.0021,13.08,0.0639,21.53,0.7269,0.0442,4.0
Selargius,2023,4,78.09,0.0457,0.0731,0.0024,13.08,0.0639,21.53,0.7269,0.0475,4.0
Selargius,2023,5,96.87,0.0566,0.0907,0.003,13.08,0.0639,21.53,0.7269,0.053,4.0
Selargius,2023,6,105.79,0.0618,0.099,0.0033,13.08,0.0639,21.53,0.7269,0.0555,4.0
Selargius,2023,7,134.02,0.0784,0.1254,0.0041,13.08,0.0639,21.53,0.7269,0.0622,4.0
Selargius,2023,8,164.75,0.0963,0.1542,0.0051,13.08,0.0639,21.53,0.7269,0.0691,4.0
Selargius,2023,9,119.66,0.07,0.112,0.0037,13.08,0.0639,21.53,0.7269,0.0589,4.0
Selargius,2023,10,85.66,0.0501,0.0802,0.0026,13.08,0.0639,21.53,0.7269,0.0496,4.0
Selargius,2023,11,53.31,0.0312,0.0499,0.0016,13.08,0.0639,21.53,0.7269,0.039,4.0
Selargius,2023,12,39.85,0.0233,0.0373,0.0012,13.08,0.0639,21.53,0.7269,0.0338,4.0
Selegas,2023,1,,,,,0.0,0.0,,,0.0,1.0
Selegas,2023,2,,,,,0.0,0.0,,,0.0,1.0
Selegas,2023,3,,,,,0.0,0.0,,,0.0,1.0
Selegas,2023,4,,,,,0.0,0.0,,,0.0,1.0
Selegas,2023,5,,,,,0.0,0.0,,,0.0,1.0
Selegas,2023,6,,,,,0.0,0.0,,,0.0,1.0
Selegas,2023,7,,,,,0.0,0.0,,,0.0,1.0
Selegas,2023,8,,,,,0.0,0.0,,,0.0,1.0
Selegas,2023,9,,,,,0.0,0.0,,,0.0,1.0
Selegas,2023,10,,,,,0.0,0.0,,,0.0,1.0
Selegas,2023,11,,,,,0.0,0.0,,,0.0,1.0
Selegas,2023,12,,,,,0.0,0.0,,,0.0,1.0
Semestene,2023,1,,,,,0.0,0.0,,,0.0,1.0
Semestene,2023,2,,,,,0.0,0.0,,,0.0,1.0
Semestene,2023,3,,,,,0.0,0.0,,,0.0,1.0
Semestene,2023,4,,,,,0.0,0.0,,,0.0,1.0
Semestene,2023,5,,,,,0.0,0.0,,,0.0,1.0
Semestene,2023,6,,,,,0.0,0.0,,,0.0,1.0
Semestene,2023,7,,,,,0.0,0.0,,,0.0,1.0
Semestene,2023,8,,,,,0.0,0.0,,,0.0,1.0
Semestene,2023,9,,,,,0.0,0.0,,,0.0,1.0
Semestene,2023,10,,,,,0.0,0.0,,,0.0,1.0
Semestene,2023,11,,,,,0.0,0.0,,,0.0,1.0
Semestene,2023,12,,,,,0.0,0.0,,,0.0,1.0
Seneghe,2023,1,0.07,0.0,0.0024,0.0001,0.64,0.0031,2.67,0.0901,0.0,4.0
Seneghe,2023,2,0.06,0.0,0.002,0.0001,0.64,0.0031,2.67,0.0901,0.0,4.0
Seneghe,2023,3,0.07,0.0,0.0025,0.0001,0.64,0.0031,2.67,0.0901,0.0,4.0
Seneghe,2023,4,0.16,0.0001,0.0055,0.0002,0.64,0.0031,2.67,0.0901,0.0015,4.0
Seneghe,2023,5,0.2,0.0001,0.0071,0.0002,0.64,0.0031,2.67,0.0901,0.0015,4.0
Seneghe,2023,6,0.34,0.0002,0.0119,0.0004,0.64,0.0031,2.67,0.0901,0.0022,4.0
Seneghe,2023,7,2.43,0.0014,0.0855,0.0028,0.64,0.0031,2.67,0.0901,0.0058,4.0
Seneghe,2023,8,2.27,0.0013,0.0798,0.0026,0.64,0.0031,2.67,0.0901,0.0055,4.0
Seneghe,2023,9,0.29,0.0002,0.0103,0.0003,0.64,0.0031,2.67,0.0901,0.002,4.0
Seneghe,2023,10,0.17,0.0001,0.006,0.0002,0.64,0.0031,2.67,0.0901,0.0015,4.0
Seneghe,2023,11,0.08,0.0,0.0029,0.0001,0.64,0.0031,2.67,0.0901,0.0,4.0
Seneghe,2023,12,0.11,0.0001,0.0037,0.0001,0.64,0.0031,2.67,0.0901,0.0013,4.0
Senis,2023,1,,,,,0.0,0.0,,,0.0,1.0
Senis,2023,2,,,,,0.0,0.0,,,0.0,1.0
Senis,2023,3,,,,,0.0,0.0,,,0.0,1.0
Senis,2023,4,,,,,0.0,0.0,,,0.0,1.0
Senis,2023,5,,,,,0.0,0.0,,,0.0,1.0
Senis,2023,6,,,,,0.0,0.0,,,0.0,1.0
Senis,2023,7,,,,,0.0,0.0,,,0.0,1.0
Senis,2023,8,,,,,0.0,0.0,,,0.0,1.0
Senis,2023,9,,,,,0.0,0.0,,,0.0,1.0
Senis,2023,10,,,,,0.0,0.0,,,0.0,1.0
Senis,2023,11,,,,,0.0,0.0,,,0.0,1.0
Senis,2023,12,,,,,0.0,0.0,,,0.0,1.0
Sennariolo,2023,1,0.02,0.0,0.0015,0.0,4.04,0.0197,3.9,0.1317,0.0,4.0
Sennariolo,2023,2,0.01,0.0,0.0013,0.0,4.04,0.0197,3.9,0.1317,0.0,4.0
Sennariolo,2023,3,0.02,0.0,0.0016,0.0001,4.04,0.0197,3.9,0.1317,0.0,4.0
Sennariolo,2023,4,0.73,0.0004,0.0742,0.0024,4.04,0.0197,3.9,0.1317,0.0071,4.0
Sennariolo,2023,5,0.05,0.0,0.0047,0.0002,4.04,0.0197,3.9,0.1317,0.0,4.0
Sennariolo,2023,6,8.35,0.0049,0.8476,0.0279,4.04,0.0197,3.9,0.1317,0.0244,4.0
Sennariolo,2023,7,21.7,0.0127,2.2033,0.0725,4.04,0.0197,3.9,0.1317,0.0393,4.0
Sennariolo,2023,8,22.52,0.0132,2.2865,0.0753,4.04,0.0197,3.9,0.1317,0.0401,4.0
Sennariolo,2023,9,4.11,0.0024,0.4171,0.0137,4.04,0.0197,3.9,0.1317,0.0171,4.0
Sennariolo,2023,10,0.04,0.0,0.004,0.0001,4.04,0.0197,3.9,0.1317,0.0,4.0
Sennariolo,2023,11,0.02,0.0,0.0019,0.0001,4.04,0.0197,3.9,0.1317,0.0,4.0
Sennariolo,2023,12,0.02,0.0,0.0024,0.0001,4.04,0.0197,3.9,0.1317,0.0,4.0
Sennori,2023,1,0.02,0.0,0.0001,0.0,3.44,0.0168,1.51,0.051,0.0,4.0
Sennori,2023,2,0.01,0.0,0.0001,0.0,3.44,0.0168,1.51,0.051,0.0,4.0
Sennori,2023,3,0.02,0.0,0.0001,0.0,3.44,0.0168,1.51,0.051,0.0,4.0
Sennori,2023,4,0.04,0.0,0.0002,0.0,3.44,0.0168,1.51,0.051,0.0,4.0
Sennori,2023,5,0.05,0.0,0.0002,0.0,3.44,0.0168,1.51,0.051,0.0,4.0
Sennori,2023,6,0.08,0.0,0.0004,0.0,3.44,0.0168,1.51,0.051,0.0,4.0
Sennori,2023,7,3.74,0.0022,0.0169,0.0006,3.44,0.0168,1.51,0.051,0.0058,4.0
Sennori,2023,8,11.43,0.0067,0.0517,0.0017,3.44,0.0168,1.51,0.051,0.0099,4.0
Sennori,2023,9,3.44,0.002,0.0156,0.0005,3.44,0.0168,1.51,0.051,0.0054,4.0
Sennori,2023,10,0.04,0.0,0.0002,0.0,3.44,0.0168,1.51,0.051,0.0,4.0
Sennori,2023,11,0.02,0.0,0.0001,0.0,3.44,0.0168,1.51,0.051,0.0,4.0
Sennori,2023,12,0.02,0.0,0.0001,0.0,3.44,0.0168,1.51,0.051,0.0,4.0
Senorbì,2023,1,3.37,0.002,0.0244,0.0008,2.42,0.0118,5.02,0.1695,0.0075,4.0
Senorbì,2023,2,1.81,0.0011,0.0131,0.0004,2.42,0.0118,5.02,0.1695,0.0054,4.0
Senorbì,2023,3,2.1,0.0012,0.0152,0.0005,2.42,0.0118,5.02,0.1695,0.0059,4.0
Senorbì,2023,4,1.47,0.0009,0.0106,0.0003,2.42,0.0118,5.02,0.1695,0.0048,4.0
Senorbì,2023,5,3.05,0.0018,0.0221,0.0007,2.42,0.0118,5.02,0.1695,0.0071,4.0
Senorbì,2023,6,5.36,0.0031,0.0388,0.0013,2.42,0.0118,5.02,0.1695,0.0095,4.0
Senorbì,2023,7,4.49,0.0026,0.0325,0.0011,2.42,0.0118,5.02,0.1695,0.0087,4.0
Senorbì,2023,8,4.98,0.0029,0.0361,0.0012,2.42,0.0118,5.02,0.1695,0.0091,4.0
Senorbì,2023,9,8.03,0.0047,0.0582,0.0019,2.42,0.0118,5.02,0.1695,0.0116,4.0
Senorbì,2023,10,3.71,0.0022,0.0269,0.0009,2.42,0.0118,5.02,0.1695,0.0079,4.0
Senorbì,2023,11,4.58,0.0027,0.0332,0.0011,2.42,0.0118,5.02,0.1695,0.0088,4.0
Senorbì,2023,12,1.38,0.0008,0.01,0.0003,2.42,0.0118,5.02,0.1695,0.0047,4.0
Serdiana,2023,1,0.01,0.0,0.0002,0.0,0.34,0.0017,1.82,0.0614,0.0,4.0
Serdiana,2023,2,0.01,0.0,0.0002,0.0,0.34,0.0017,1.82,0.0614,0.0,4.0
Serdiana,2023,3,0.01,0.0,0.0002,0.0,0.34,0.0017,1.82,0.0614,0.0,4.0
Serdiana,2023,4,0.31,0.0002,0.0064,0.0002,0.34,0.0017,1.82,0.0614,0.0014,4.0
Serdiana,2023,5,0.03,0.0,0.0006,0.0,0.34,0.0017,1.82,0.0614,0.0,4.0
Serdiana,2023,6,0.04,0.0,0.0009,0.0,0.34,0.0017,1.82,0.0614,0.0,4.0
Serdiana,2023,7,0.24,0.0001,0.0051,0.0002,0.34,0.0017,1.82,0.0614,0.0012,4.0
Serdiana,2023,8,0.49,0.0003,0.0103,0.0003,0.34,0.0017,1.82,0.0614,0.0018,4.0
Serdiana,2023,9,0.8,0.0005,0.0166,0.0005,0.34,0.0017,1.82,0.0614,0.0023,4.0
Serdiana,2023,10,0.02,0.0,0.0005,0.0,0.34,0.0017,1.82,0.0614,0.0,4.0
Serdiana,2023,11,0.3,0.0002,0.0062,0.0002,0.34,0.0017,1.82,0.0614,0.0014,4.0
Serdiana,2023,12,0.01,0.0,0.0003,0.0,0.34,0.0017,1.82,0.0614,0.0,4.0
Serramanna,2023,1,0.01,0.0,0.0,0.0,0.26,0.0013,8.52,0.2876,0.0,4.0
Serramanna,2023,2,0.0,0.0,0.0,0.0,0.26,0.0013,8.52,0.2876,0.0,4.0
Serramanna,2023,3,0.34,0.0002,0.0033,0.0001,0.26,0.0013,8.52,0.2876,0.0017,4.0
Serramanna,2023,4,0.55,0.0003,0.0053,0.0002,0.26,0.0013,8.52,0.2876,0.0022,4.0
Serramanna,2023,5,0.19,0.0001,0.0019,0.0001,0.26,0.0013,8.52,0.2876,0.0014,4.0
Serramanna,2023,6,0.93,0.0005,0.0091,0.0003,0.26,0.0013,8.52,0.2876,0.0027,4.0
Serramanna,2023,7,0.95,0.0006,0.0093,0.0003,0.26,0.0013,8.52,0.2876,0.0029,4.0
Serramanna,2023,8,2.41,0.0014,0.0235,0.0008,0.26,0.0013,8.52,0.2876,0.0045,4.0
Serramanna,2023,9,1.19,0.0007,0.0116,0.0004,0.26,0.0013,8.52,0.2876,0.0032,4.0
Serramanna,2023,10,1.56,0.0009,0.0152,0.0005,0.26,0.0013,8.52,0.2876,0.0036,4.0
Serramanna,2023,11,0.01,0.0,0.0001,0.0,0.26,0.0013,8.52,0.2876,0.0,4.0
Serramanna,2023,12,0.01,0.0,0.0001,0.0,0.26,0.0013,8.52,0.2876,0.0,4.0
Serrenti,2023,1,0.02,0.0,0.0002,0.0,0.49,0.0024,1.19,0.0402,0.0,4.0
Serrenti,2023,2,0.02,0.0,0.0002,0.0,0.49,0.0024,1.19,0.0402,0.0,4.0
Serrenti,2023,3,0.03,0.0,0.0002,0.0,0.49,0.0024,1.19,0.0402,0.0,4.0
Serrenti,2023,4,0.06,0.0,0.0005,0.0,0.49,0.0024,1.19,0.0402,0.0,4.0
Serrenti,2023,5,0.35,0.0002,0.0033,0.0001,0.49,0.0024,1.19,0.0402,0.0012,4.0
Serrenti,2023,6,0.12,0.0001,0.0012,0.0,0.49,0.0024,1.19,0.0402,0.0,4.0
Serrenti,2023,7,0.17,0.0001,0.0016,0.0001,0.49,0.0024,1.19,0.0402,0.001,4.0
Serrenti,2023,8,0.17,0.0001,0.0016,0.0001,0.49,0.0024,1.19,0.0402,0.001,4.0
Serrenti,2023,9,1.04,0.0006,0.0098,0.0003,0.49,0.0024,1.19,0.0402,0.002,4.0
Serrenti,2023,10,0.06,0.0,0.0006,0.0,0.49,0.0024,1.19,0.0402,0.0,4.0
Serrenti,2023,11,0.03,0.0,0.0003,0.0,0.49,0.0024,1.19,0.0402,0.0,4.0
Serrenti,2023,12,0.04,0.0,0.0004,0.0,0.49,0.0024,1.19,0.0402,0.0,4.0
Serri,2023,1,0.01,0.0,0.0002,0.0,1.47,0.0072,5.47,0.1847,0.0,4.0
Serri,2023,2,0.0,0.0,0.0001,0.0,1.47,0.0072,5.47,0.1847,0.0,4.0
Serri,2023,3,1.21,0.0007,0.0377,0.0012,1.47,0.0072,5.47,0.1847,0.0058,4.0
Serri,2023,4,3.05,0.0018,0.095,0.0031,1.47,0.0072,5.47,0.1847,0.0093,4.0
Serri,2023,5,2.53,0.0015,0.0788,0.0026,1.47,0.0072,5.47,0.1847,0.0085,4.0
Serri,2023,6,2.91,0.0017,0.0906,0.003,1.47,0.0072,5.47,0.1847,0.0091,4.0
Serri,2023,7,2.97,0.0017,0.0926,0.003,1.47,0.0072,5.47,0.1847,0.0091,4.0
Serri,2023,8,4.75,0.0028,0.148,0.0049,1.47,0.0072,5.47,0.1847,0.0116,4.0
Serri,2023,9,5.21,0.003,0.1623,0.0053,1.47,0.0072,5.47,0.1847,0.0121,4.0
Serri,2023,10,2.74,0.0016,0.0853,0.0028,1.47,0.0072,5.47,0.1847,0.0088,4.0
Serri,2023,11,2.0,0.0012,0.0622,0.002,1.47,0.0072,5.47,0.1847,0.0075,4.0
Serri,2023,12,1.89,0.0011,0.059,0.0019,1.47,0.0072,5.47,0.1847,0.0073,4.0
Sestu,2023,1,1.8,0.0011,0.0042,0.0001,3.23,0.0158,10.22,0.345,0.0049,4.0
Sestu,2023,2,2.05,0.0012,0.0048,0.0002,3.23,0.0158,10.22,0.345,0.006,4.0
Sestu,2023,3,4.3,0.0025,0.01,0.0003,3.23,0.0158,10.22,0.345,0.008,4.0
Sestu,2023,4,6.26,0.0037,0.0146,0.0005,3.23,0.0158,10.22,0.345,0.01,4.0
Sestu,2023,5,7.24,0.0042,0.0168,0.0006,3.23,0.0158,10.22,0.345,0.0108,4.0
Sestu,2023,6,11.85,0.0069,0.0275,0.0009,3.23,0.0158,10.22,0.345,0.0136,4.0
Sestu,2023,7,20.1,0.0118,0.0467,0.0015,3.23,0.0158,10.22,0.345,0.0176,4.0
Sestu,2023,8,25.22,0.0147,0.0586,0.0019,3.23,0.0158,10.22,0.345,0.0198,4.0
Sestu,2023,9,17.99,0.0105,0.0418,0.0014,3.23,0.0158,10.22,0.345,0.0168,4.0
Sestu,2023,10,10.28,0.006,0.0239,0.0008,3.23,0.0158,10.22,0.345,0.0127,4.0
Sestu,2023,11,5.73,0.0034,0.0133,0.0004,3.23,0.0158,10.22,0.345,0.0093,4.0
Sestu,2023,12,7.46,0.0044,0.0173,0.0006,3.23,0.0158,10.22,0.345,0.011,4.0
Settimo San Pietro,2023,1,1.65,0.001,0.0055,0.0002,1.65,0.0081,2.24,0.0756,0.0033,4.0
Settimo San Pietro,2023,2,2.29,0.0013,0.0077,0.0003,1.65,0.0081,2.24,0.0756,0.0039,4.0
Settimo San Pietro,2023,3,0.74,0.0004,0.0025,0.0001,1.65,0.0081,2.24,0.0756,0.0022,4.0
Settimo San Pietro,2023,4,0.11,0.0001,0.0004,0.0,1.65,0.0081,2.24,0.0756,0.0,4.0
Settimo San Pietro,2023,5,0.15,0.0001,0.0005,0.0,1.65,0.0081,2.24,0.0756,0.0,4.0
Settimo San Pietro,2023,6,0.25,0.0001,0.0008,0.0,1.65,0.0081,2.24,0.0756,0.0,4.0
Settimo San Pietro,2023,7,0.35,0.0002,0.0012,0.0,1.65,0.0081,2.24,0.0756,0.0,4.0
Settimo San Pietro,2023,8,4.59,0.0027,0.0153,0.0005,1.65,0.0081,2.24,0.0756,0.0054,4.0
Settimo San Pietro,2023,9,2.38,0.0014,0.0079,0.0003,1.65,0.0081,2.24,0.0756,0.004,4.0
Settimo San Pietro,2023,10,0.13,0.0001,0.0004,0.0,1.65,0.0081,2.24,0.0756,0.0,4.0
Settimo San Pietro,2023,11,0.06,0.0,0.0002,0.0,1.65,0.0081,2.24,0.0756,0.0,4.0
Settimo San Pietro,2023,12,0.77,0.0005,0.0026,0.0001,1.65,0.0081,2.24,0.0756,0.0024,4.0
Setzu,2023,1,,,,,0.0,0.0,,,0.0,1.0
Setzu,2023,2,,,,,0.0,0.0,,,0.0,1.0
Setzu,2023,3,,,,,0.0,0.0,,,0.0,1.0
Setzu,2023,4,,,,,0.0,0.0,,,0.0,1.0
Setzu,2023,5,,,,,0.0,0.0,,,0.0,1.0
Setzu,2023,6,,,,,0.0,0.0,,,0.0,1.0
Setzu,2023,7,,,,,0.0,0.0,,,0.0,1.0
Setzu,2023,8,,,,,0.0,0.0,,,0.0,1.0
Setzu,2023,9,,,,,0.0,0.0,,,0.0,1.0
Setzu,2023,10,,,,,0.0,0.0,,,0.0,1.0
Setzu,2023,11,,,,,0.0,0.0,,,0.0,1.0
Setzu,2023,12,,,,,0.0,0.0,,,0.0,1.0
Seui,2023,1,,,,,0.11,0.0005,0.0,0.0,0.0,2.0
Seui,2023,2,,,,,0.11,0.0005,0.0,0.0,0.0,2.0
Seui,2023,3,,,,,0.11,0.0005,0.0,0.0,0.0,2.0
Seui,2023,4,,,,,0.11,0.0005,0.0,0.0,0.0,2.0
Seui,2023,5,,,,,0.11,0.0005,0.0,0.0,0.0,2.0
Seui,2023,6,,,,,0.11,0.0005,0.0,0.0,0.0,2.0
Seui,2023,7,,,,,0.11,0.0005,0.0,0.0,0.0,2.0
Seui,2023,8,,,,,0.11,0.0005,0.0,0.0,0.0,2.0
Seui,2023,9,,,,,0.11,0.0005,0.0,0.0,0.0,2.0
Seui,2023,10,,,,,0.11,0.0005,0.0,0.0,0.0,2.0
Seui,2023,11,,,,,0.11,0.0005,0.0,0.0,0.0,2.0
Seui,2023,12,,,,,0.11,0.0005,0.0,0.0,0.0,2.0
Seulo,2023,1,0.0,0.0,0.0001,0.0,0.95,0.0046,3.67,0.1239,0.0,4.0
Seulo,2023,2,0.0,0.0,0.0001,0.0,0.95,0.0046,3.67,0.1239,0.0,4.0
Seulo,2023,3,0.42,0.0002,0.032,0.0011,0.95,0.0046,3.67,0.1239,0.0033,4.0
Seulo,2023,4,2.59,0.0015,0.1958,0.0064,0.95,0.0046,3.67,0.1239,0.0086,4.0
Seulo,2023,5,2.14,0.0013,0.1613,0.0053,0.95,0.0046,3.67,0.1239,0.0079,4.0
Seulo,2023,6,1.99,0.0012,0.15,0.0049,0.95,0.0046,3.67,0.1239,0.0076,4.0
Seulo,2023,7,0.01,0.0,0.0005,0.0,0.95,0.0046,3.67,0.1239,0.0,4.0
Seulo,2023,8,2.05,0.0012,0.1552,0.0051,0.95,0.0046,3.67,0.1239,0.0077,4.0
Seulo,2023,9,2.51,0.0015,0.1896,0.0062,0.95,0.0046,3.67,0.1239,0.0085,4.0
Seulo,2023,10,0.54,0.0003,0.0411,0.0014,0.95,0.0046,3.67,0.1239,0.0039,4.0
Seulo,2023,11,0.14,0.0001,0.0103,0.0003,0.95,0.0046,3.67,0.1239,0.002,4.0
Seulo,2023,12,0.32,0.0002,0.0244,0.0008,0.95,0.0046,3.67,0.1239,0.0031,4.0
Siamaggiore,2023,1,0.03,0.0,0.0004,0.0,4.65,0.0227,13.26,0.4477,0.0,4.0
Siamaggiore,2023,2,3.98,0.0023,0.0601,0.002,4.65,0.0227,13.26,0.4477,0.0147,4.0
Siamaggiore,2023,3,0.03,0.0,0.0005,0.0,4.65,0.0227,13.26,0.4477,0.0,4.0
Siamaggiore,2023,4,8.67,0.0051,0.1309,0.0043,4.65,0.0227,13.26,0.4477,0.0217,4.0
Siamaggiore,2023,5,11.89,0.007,0.1795,0.0059,4.65,0.0227,13.26,0.4477,0.0255,4.0
Siamaggiore,2023,6,26.64,0.0156,0.4022,0.0132,4.65,0.0227,13.26,0.4477,0.038,4.0
Siamaggiore,2023,7,45.59,0.0267,0.6881,0.0227,4.65,0.0227,13.26,0.4477,0.0498,4.0
Siamaggiore,2023,8,69.8,0.0408,1.0536,0.0347,4.65,0.0227,13.26,0.4477,0.0616,4.0
Siamaggiore,2023,9,40.03,0.0234,0.6042,0.0199,4.65,0.0227,13.26,0.4477,0.0466,4.0
Siamaggiore,2023,10,15.0,0.0088,0.2264,0.0075,4.65,0.0227,13.26,0.4477,0.0286,4.0
Siamaggiore,2023,11,3.16,0.0018,0.0477,0.0016,4.65,0.0227,13.26,0.4477,0.0131,4.0
Siamaggiore,2023,12,0.05,0.0,0.0007,0.0,4.65,0.0227,13.26,0.4477,0.0,4.0
Siamanna,2023,1,0.19,0.0001,0.0069,0.0002,0.71,0.0035,3.11,0.105,0.0016,4.0
Siamanna,2023,2,0.16,0.0001,0.0058,0.0002,0.71,0.0035,3.11,0.105,0.0016,4.0
Siamanna,2023,3,0.19,0.0001,0.0072,0.0002,0.71,0.0035,3.11,0.105,0.0016,4.0
Siamanna,2023,4,0.43,0.0003,0.016,0.0005,0.71,0.0035,3.11,0.105,0.0027,4.0
Siamanna,2023,5,0.56,0.0003,0.0207,0.0007,0.71,0.0035,3.11,0.105,0.003,4.0
Siamanna,2023,6,0.93,0.0005,0.0346,0.0011,0.71,0.0035,3.11,0.105,0.0038,4.0
Siamanna,2023,7,2.44,0.0014,0.0904,0.003,0.71,0.0035,3.11,0.105,0.0063,4.0
Siamanna,2023,8,1.3,0.0008,0.048,0.0016,0.71,0.0035,3.11,0.105,0.0047,4.0
Siamanna,2023,9,0.81,0.0005,0.0299,0.001,0.71,0.0035,3.11,0.105,0.0037,4.0
Siamanna,2023,10,0.47,0.0003,0.0175,0.0006,0.71,0.0035,3.11,0.105,0.0029,4.0
Siamanna,2023,11,0.22,0.0001,0.0083,0.0003,0.71,0.0035,3.11,0.105,0.0018,4.0
Siamanna,2023,12,0.29,0.0002,0.0109,0.0004,0.71,0.0035,3.11,0.105,0.0023,4.0
Siapiccia,2023,1,,,,,0.22,0.0011,0.0,0.0,0.0,2.0
Siapiccia,2023,2,,,,,0.22,0.0011,0.0,0.0,0.0,2.0
Siapiccia,2023,3,,,,,0.22,0.0011,0.0,0.0,0.0,2.0
Siapiccia,2023,4,,,,,0.22,0.0011,0.0,0.0,0.0,2.0
Siapiccia,2023,5,,,,,0.22,0.0011,0.0,0.0,0.0,2.0
Siapiccia,2023,6,,,,,0.22,0.0011,0.0,0.0,0.0,2.0
Siapiccia,2023,7,,,,,0.22,0.0011,0.0,0.0,0.0,2.0
Siapiccia,2023,8,,,,,0.22,0.0011,0.0,0.0,0.0,2.0
Siapiccia,2023,9,,,,,0.22,0.0011,0.0,0.0,0.0,2.0
Siapiccia,2023,10,,,,,0.22,0.0011,0.0,0.0,0.0,2.0
Siapiccia,2023,11,,,,,0.22,0.0011,0.0,0.0,0.0,2.0
Siapiccia,2023,12,,,,,0.22,0.0011,0.0,0.0,0.0,2.0
Siddi,2023,1,,,,,0.54,0.0026,0.0,0.0,0.0,2.0
Siddi,2023,2,,,,,0.54,0.0026,0.0,0.0,0.0,2.0
Siddi,2023,3,,,,,0.54,0.0026,0.0,0.0,0.0,2.0
Siddi,2023,4,,,,,0.54,0.0026,0.0,0.0,0.0,2.0
Siddi,2023,5,,,,,0.54,0.0026,0.0,0.0,0.0,2.0
Siddi,2023,6,,,,,0.54,0.0026,0.0,0.0,0.0,2.0
Siddi,2023,7,,,,,0.54,0.0026,0.0,0.0,0.0,2.0
Siddi,2023,8,,,,,0.54,0.0026,0.0,0.0,0.0,2.0
Siddi,2023,9,,,,,0.54,0.0026,0.0,0.0,0.0,2.0
Siddi,2023,10,,,,,0.54,0.0026,0.0,0.0,0.0,2.0
Siddi,2023,11,,,,,0.54,0.0026,0.0,0.0,0.0,2.0
Siddi,2023,12,,,,,0.54,0.0026,0.0,0.0,0.0,2.0
Silanus,2023,1,,,,,0.37,0.0018,0.0,0.0,0.0,2.0
Silanus,2023,2,,,,,0.37,0.0018,0.0,0.0,0.0,2.0
Silanus,2023,3,,,,,0.37,0.0018,0.0,0.0,0.0,2.0
Silanus,2023,4,,,,,0.37,0.0018,0.0,0.0,0.0,2.0
Silanus,2023,5,,,,,0.37,0.0018,0.0,0.0,0.0,2.0
Silanus,2023,6,,,,,0.37,0.0018,0.0,0.0,0.0,2.0
Silanus,2023,7,,,,,0.37,0.0018,0.0,0.0,0.0,2.0
Silanus,2023,8,,,,,0.37,0.0018,0.0,0.0,0.0,2.0
Silanus,2023,9,,,,,0.37,0.0018,0.0,0.0,0.0,2.0
Silanus,2023,10,,,,,0.37,0.0018,0.0,0.0,0.0,2.0
Silanus,2023,11,,,,,0.37,0.0018,0.0,0.0,0.0,2.0
Silanus,2023,12,,,,,0.37,0.0018,0.0,0.0,0.0,2.0
Siligo,2023,1,,,,,0.0,0.0,,,0.0,1.0
Siligo,2023,2,,,,,0.0,0.0,,,0.0,1.0
Siligo,2023,3,,,,,0.0,0.0,,,0.0,1.0
Siligo,2023,4,,,,,0.0,0.0,,,0.0,1.0
Siligo,2023,5,,,,,0.0,0.0,,,0.0,1.0
Siligo,2023,6,,,,,0.0,0.0,,,0.0,1.0
Siligo,2023,7,,,,,0.0,0.0,,,0.0,1.0
Siligo,2023,8,,,,,0.0,0.0,,,0.0,1.0
Siligo,2023,9,,,,,0.0,0.0,,,0.0,1.0
Siligo,2023,10,,,,,0.0,0.0,,,0.0,1.0
Siligo,2023,11,,,,,0.0,0.0,,,0.0,1.0
Siligo,2023,12,,,,,0.0,0.0,,,0.0,1.0
Siliqua,2023,1,0.0,0.0,0.0001,0.0,0.09,0.0004,4.06,0.1371,0.0,4.0
Siliqua,2023,2,0.0,0.0,0.0001,0.0,0.09,0.0004,4.06,0.1371,0.0,4.0
Siliqua,2023,3,0.0,0.0,0.0002,0.0,0.09,0.0004,4.06,0.1371,0.0,4.0
Siliqua,2023,4,0.01,0.0,0.0003,0.0,0.09,0.0004,4.06,0.1371,0.0,4.0
Siliqua,2023,5,0.01,0.0,0.0004,0.0,0.09,0.0004,4.06,0.1371,0.0,4.0
Siliqua,2023,6,0.09,0.0001,0.0047,0.0002,0.09,0.0004,4.06,0.1371,0.001,4.0
Siliqua,2023,7,0.36,0.0002,0.019,0.0006,0.09,0.0004,4.06,0.1371,0.0016,4.0
Siliqua,2023,8,0.54,0.0003,0.0288,0.0009,0.09,0.0004,4.06,0.1371,0.002,4.0
Siliqua,2023,9,0.29,0.0002,0.0152,0.0005,0.09,0.0004,4.06,0.1371,0.0015,4.0
Siliqua,2023,10,0.11,0.0001,0.0057,0.0002,0.09,0.0004,4.06,0.1371,0.001,4.0
Siliqua,2023,11,0.0,0.0,0.0002,0.0,0.09,0.0004,4.06,0.1371,0.0,4.0
Siliqua,2023,12,0.0,0.0,0.0002,0.0,0.09,0.0004,4.06,0.1371,0.0,4.0
Silius,2023,1,,,,,0.05,0.0002,0.0,0.0,0.0,2.0
Silius,2023,2,,,,,0.05,0.0002,0.0,0.0,0.0,2.0
Silius,2023,3,,,,,0.05,0.0002,0.0,0.0,0.0,2.0
Silius,2023,4,,,,,0.05,0.0002,0.0,0.0,0.0,2.0
Silius,2023,5,,,,,0.05,0.0002,0.0,0.0,0.0,2.0
Silius,2023,6,,,,,0.05,0.0002,0.0,0.0,0.0,2.0
Silius,2023,7,,,,,0.05,0.0002,0.0,0.0,0.0,2.0
Silius,2023,8,,,,,0.05,0.0002,0.0,0.0,0.0,2.0
Silius,2023,9,,,,,0.05,0.0002,0.0,0.0,0.0,2.0
Silius,2023,10,,,,,0.05,0.0002,0.0,0.0,0.0,2.0
Silius,2023,11,,,,,0.05,0.0002,0.0,0.0,0.0,2.0
Silius,2023,12,,,,,0.05,0.0002,0.0,0.0,0.0,2.0
Simala,2023,1,,,,,0.0,0.0,,,0.0,1.0
Simala,2023,2,,,,,0.0,0.0,,,0.0,1.0
Simala,2023,3,,,,,0.0,0.0,,,0.0,1.0
Simala,2023,4,,,,,0.0,0.0,,,0.0,1.0
Simala,2023,5,,,,,0.0,0.0,,,0.0,1.0
Simala,2023,6,,,,,0.0,0.0,,,0.0,1.0
Simala,2023,7,,,,,0.0,0.0,,,0.0,1.0
Simala,2023,8,,,,,0.0,0.0,,,0.0,1.0
Simala,2023,9,,,,,0.0,0.0,,,0.0,1.0
Simala,2023,10,,,,,0.0,0.0,,,0.0,1.0
Simala,2023,11,,,,,0.0,0.0,,,0.0,1.0
Simala,2023,12,,,,,0.0,0.0,,,0.0,1.0
Simaxis,2023,1,0.02,0.0,0.0003,0.0,1.69,0.0083,4.37,0.1475,0.0,4.0
Simaxis,2023,2,0.45,0.0003,0.0058,0.0002,1.69,0.0083,4.37,0.1475,0.0029,4.0
Simaxis,2023,3,0.85,0.0005,0.011,0.0004,1.69,0.0083,4.37,0.1475,0.004,4.0
Simaxis,2023,4,0.05,0.0,0.0006,0.0,1.69,0.0083,4.37,0.1475,0.0,4.0
Simaxis,2023,5,0.57,0.0003,0.0074,0.0002,1.69,0.0083,4.37,0.1475,0.0029,4.0
Simaxis,2023,6,3.85,0.0023,0.05,0.0016,1.69,0.0083,4.37,0.1475,0.0082,4.0
Simaxis,2023,7,5.34,0.0031,0.0693,0.0023,1.69,0.0083,4.37,0.1475,0.0097,4.0
Simaxis,2023,8,10.24,0.006,0.1329,0.0044,1.69,0.0083,4.37,0.1475,0.0134,4.0
Simaxis,2023,9,3.98,0.0023,0.0517,0.0017,1.69,0.0083,4.37,0.1475,0.0083,4.0
Simaxis,2023,10,1.64,0.001,0.0213,0.0007,1.69,0.0083,4.37,0.1475,0.0054,4.0
Simaxis,2023,11,0.02,0.0,0.0003,0.0,1.69,0.0083,4.37,0.1475,0.0,4.0
Simaxis,2023,12,0.03,0.0,0.0004,0.0,1.69,0.0083,4.37,0.1475,0.0,4.0
Sindia,2023,1,0.02,0.0,0.0007,0.0,0.6,0.0029,0.96,0.0324,0.0,4.0
Sindia,2023,2,0.02,0.0,0.0006,0.0,0.6,0.0029,0.96,0.0324,0.0,4.0
Sindia,2023,3,0.02,0.0,0.0007,0.0,0.6,0.0029,0.96,0.0324,0.0,4.0
Sindia,2023,4,0.04,0.0,0.0016,0.0001,0.6,0.0029,0.96,0.0324,0.0,4.0
Sindia,2023,5,0.06,0.0,0.0021,0.0001,0.6,0.0029,0.96,0.0324,0.0,4.0
Sindia,2023,6,0.09,0.0001,0.0034,0.0001,0.6,0.0029,0.96,0.0324,0.001,4.0
Sindia,2023,7,0.13,0.0001,0.0048,0.0002,0.6,0.0029,0.96,0.0324,0.0012,4.0
Sindia,2023,8,1.54,0.0009,0.0571,0.0019,0.6,0.0029,0.96,0.0324,0.0036,4.0
Sindia,2023,9,0.08,0.0,0.003,0.0001,0.6,0.0029,0.96,0.0324,0.0,4.0
Sindia,2023,10,0.05,0.0,0.0017,0.0001,0.6,0.0029,0.96,0.0324,0.0,4.0
Sindia,2023,11,0.02,0.0,0.0008,0.0,0.6,0.0029,0.96,0.0324,0.0,4.0
Sindia,2023,12,0.03,0.0,0.0011,0.0,0.6,0.0029,0.96,0.0324,0.0,4.0
Sini,2023,1,0.06,0.0,0.0012,0.0,1.69,0.0083,0.91,0.0307,0.0,4.0
Sini,2023,2,0.05,0.0,0.001,0.0,1.69,0.0083,0.91,0.0307,0.0,4.0
Sini,2023,3,0.06,0.0,0.0013,0.0,1.69,0.0083,0.91,0.0307,0.0,4.0
Sini,2023,4,0.14,0.0001,0.0029,0.0001,1.69,0.0083,0.91,0.0307,0.0013,4.0
Sini,2023,5,0.18,0.0001,0.0037,0.0001,1.69,0.0083,0.91,0.0307,0.0013,4.0
Sini,2023,6,1.21,0.0007,0.0243,0.0008,1.69,0.0083,0.91,0.0307,0.0035,4.0
Sini,2023,7,1.34,0.0008,0.0268,0.0009,1.69,0.0083,0.91,0.0307,0.0037,4.0
Sini,2023,8,0.43,0.0003,0.0085,0.0003,1.69,0.0083,0.91,0.0307,0.0022,4.0
Sini,2023,9,1.85,0.0011,0.0371,0.0012,1.69,0.0083,0.91,0.0307,0.0043,4.0
Sini,2023,10,0.16,0.0001,0.0031,0.0001,1.69,0.0083,0.91,0.0307,0.0013,4.0
Sini,2023,11,0.07,0.0,0.0015,0.0,1.69,0.0083,0.91,0.0307,0.0,4.0
Sini,2023,12,0.1,0.0001,0.0019,0.0001,1.69,0.0083,0.91,0.0307,0.0013,4.0
Siniscola,2023,1,0.28,0.0002,0.0049,0.0002,21.53,0.1051,12.59,0.4251,0.0065,4.0
Siniscola,2023,2,0.21,0.0001,0.0038,0.0001,21.53,0.1051,12.59,0.4251,0.0046,4.0
Siniscola,2023,3,0.34,0.0002,0.0059,0.0002,21.53,0.1051,12.59,0.4251,0.0065,4.0
Siniscola,2023,4,3.82,0.0022,0.0671,0.0022,21.53,0.1051,12.59,0.4251,0.0216,4.0
Siniscola,2023,5,24.96,0.0146,0.4388,0.0144,21.53,0.1051,12.59,0.4251,0.0554,4.0
Siniscola,2023,6,130.02,0.076,2.2861,0.0753,21.53,0.1051,12.59,0.4251,0.1265,4.0
Siniscola,2023,7,288.4,0.1686,5.071,0.167,21.53,0.1051,12.59,0.4251,0.1883,4.0
Siniscola,2023,8,347.87,0.2034,6.1167,0.2014,21.53,0.1051,12.59,0.4251,0.2068,4.0
Siniscola,2023,9,159.8,0.0934,2.8097,0.0925,21.53,0.1051,12.59,0.4251,0.1402,4.0
Siniscola,2023,10,32.12,0.0188,0.5649,0.0186,21.53,0.1051,12.59,0.4251,0.0629,4.0
Siniscola,2023,11,0.81,0.0005,0.0143,0.0005,21.53,0.1051,12.59,0.4251,0.0103,4.0
Siniscola,2023,12,0.53,0.0003,0.0093,0.0003,21.53,0.1051,12.59,0.4251,0.008,4.0
Sinnai,2023,1,0.18,0.0001,0.0024,0.0001,5.07,0.0248,6.81,0.2299,0.0027,4.0
Sinnai,2023,2,0.11,0.0001,0.0015,0.0,5.07,0.0248,6.81,0.2299,0.0,4.0
Sinnai,2023,3,0.26,0.0002,0.0034,0.0001,5.07,0.0248,6.81,0.2299,0.0033,4.0
Sinnai,2023,4,2.73,0.0016,0.0355,0.0012,5.07,0.0248,6.81,0.2299,0.0102,4.0
Sinnai,2023,5,5.06,0.003,0.0659,0.0022,5.07,0.0248,6.81,0.2299,0.0139,4.0
Sinnai,2023,6,17.34,0.0101,0.2256,0.0074,5.07,0.0248,6.81,0.2299,0.0255,4.0
Sinnai,2023,7,29.83,0.0174,0.388,0.0128,5.07,0.0248,6.81,0.2299,0.0336,4.0
Sinnai,2023,8,41.98,0.0245,0.5461,0.018,5.07,0.0248,6.81,0.2299,0.0398,4.0
Sinnai,2023,9,18.39,0.0108,0.2392,0.0079,5.07,0.0248,6.81,0.2299,0.0264,4.0
Sinnai,2023,10,8.37,0.0049,0.1089,0.0036,5.07,0.0248,6.81,0.2299,0.0178,4.0
Sinnai,2023,11,0.95,0.0006,0.0124,0.0004,5.07,0.0248,6.81,0.2299,0.0061,4.0
Sinnai,2023,12,0.73,0.0004,0.0095,0.0003,5.07,0.0248,6.81,0.2299,0.0051,4.0
Siris,2023,1,,,,,0.0,0.0,,,0.0,1.0
Siris,2023,2,,,,,0.0,0.0,,,0.0,1.0
Siris,2023,3,,,,,0.0,0.0,,,0.0,1.0
Siris,2023,4,,,,,0.0,0.0,,,0.0,1.0
Siris,2023,5,,,,,0.0,0.0,,,0.0,1.0
Siris,2023,6,,,,,0.0,0.0,,,0.0,1.0
Siris,2023,7,,,,,0.0,0.0,,,0.0,1.0
Siris,2023,8,,,,,0.0,0.0,,,0.0,1.0
Siris,2023,9,,,,,0.0,0.0,,,0.0,1.0
Siris,2023,10,,,,,0.0,0.0,,,0.0,1.0
Siris,2023,11,,,,,0.0,0.0,,,0.0,1.0
Siris,2023,12,,,,,0.0,0.0,,,0.0,1.0
Siurgus Donigala,2023,1,0.0,0.0,0.0,0.0,0.26,0.0013,3.67,0.1239,0.0,4.0
Siurgus Donigala,2023,2,0.0,0.0,0.0,0.0,0.26,0.0013,3.67,0.1239,0.0,4.0
Siurgus Donigala,2023,3,0.04,0.0,0.0017,0.0001,0.26,0.0013,3.67,0.1239,0.0,4.0
Siurgus Donigala,2023,4,0.38,0.0002,0.016,0.0005,0.26,0.0013,3.67,0.1239,0.002,4.0
Siurgus Donigala,2023,5,0.3,0.0002,0.0127,0.0004,0.26,0.0013,3.67,0.1239,0.0019,4.0
Siurgus Donigala,2023,6,0.49,0.0003,0.0204,0.0007,0.26,0.0013,3.67,0.1239,0.0024,4.0
Siurgus Donigala,2023,7,0.4,0.0002,0.0167,0.0005,0.26,0.0013,3.67,0.1239,0.002,4.0
Siurgus Donigala,2023,8,1.27,0.0007,0.0528,0.0017,0.26,0.0013,3.67,0.1239,0.0037,4.0
Siurgus Donigala,2023,9,0.33,0.0002,0.0138,0.0005,0.26,0.0013,3.67,0.1239,0.002,4.0
Siurgus Donigala,2023,10,0.3,0.0002,0.0127,0.0004,0.26,0.0013,3.67,0.1239,0.0019,4.0
Siurgus Donigala,2023,11,0.0,0.0,0.0,0.0,0.26,0.0013,3.67,0.1239,0.0,4.0
Siurgus Donigala,2023,12,0.0,0.0,0.0,0.0,0.26,0.0013,3.67,0.1239,0.0,4.0
Soddì,2023,1,,,,,0.0,0.0,,,0.0,1.0
Soddì,2023,2,,,,,0.0,0.0,,,0.0,1.0
Soddì,2023,3,,,,,0.0,0.0,,,0.0,1.0
Soddì,2023,4,,,,,0.0,0.0,,,0.0,1.0
Soddì,2023,5,,,,,0.0,0.0,,,0.0,1.0
Soddì,2023,6,,,,,0.0,0.0,,,0.0,1.0
Soddì,2023,7,,,,,0.0,0.0,,,0.0,1.0
Soddì,2023,8,,,,,0.0,0.0,,,0.0,1.0
Soddì,2023,9,,,,,0.0,0.0,,,0.0,1.0
Soddì,2023,10,,,,,0.0,0.0,,,0.0,1.0
Soddì,2023,11,,,,,0.0,0.0,,,0.0,1.0
Soddì,2023,12,,,,,0.0,0.0,,,0.0,1.0
Solarussa,2023,1,0.0,0.0,0.0001,0.0,1.39,0.0068,7.97,0.2691,0.0,4.0
Solarussa,2023,2,0.0,0.0,0.0,0.0,1.39,0.0068,7.97,0.2691,0.0,4.0
Solarussa,2023,3,1.83,0.0011,0.0255,0.0008,1.39,0.0068,7.97,0.2691,0.0063,4.0
Solarussa,2023,4,3.54,0.0021,0.0492,0.0016,1.39,0.0068,7.97,0.2691,0.0089,4.0
Solarussa,2023,5,5.11,0.003,0.0711,0.0023,1.39,0.0068,7.97,0.2691,0.0106,4.0
Solarussa,2023,6,3.89,0.0023,0.0542,0.0018,1.39,0.0068,7.97,0.2691,0.0093,4.0
Solarussa,2023,7,6.74,0.0039,0.0937,0.0031,1.39,0.0068,7.97,0.2691,0.0122,4.0
Solarussa,2023,8,9.03,0.0053,0.1257,0.0041,1.39,0.0068,7.97,0.2691,0.0141,4.0
Solarussa,2023,9,5.24,0.0031,0.073,0.0024,1.39,0.0068,7.97,0.2691,0.0108,4.0
Solarussa,2023,10,3.54,0.0021,0.0492,0.0016,1.39,0.0068,7.97,0.2691,0.0089,4.0
Solarussa,2023,11,1.01,0.0006,0.0141,0.0005,1.39,0.0068,7.97,0.2691,0.0048,4.0
Solarussa,2023,12,0.35,0.0002,0.0049,0.0002,1.39,0.0068,7.97,0.2691,0.0029,4.0
Soleminis,2023,1,0.17,0.0001,0.0012,0.0,1.09,0.0053,8.96,0.3025,0.0,4.0
Soleminis,2023,2,0.14,0.0001,0.001,0.0,1.09,0.0053,8.96,0.3025,0.0,4.0
Soleminis,2023,3,0.18,0.0001,0.0012,0.0,1.09,0.0053,8.96,0.3025,0.0,4.0
Soleminis,2023,4,0.4,0.0002,0.0027,0.0001,1.09,0.0053,8.96,0.3025,0.0024,4.0
Soleminis,2023,5,0.51,0.0003,0.0035,0.0001,1.09,0.0053,8.96,0.3025,0.0026,4.0
Soleminis,2023,6,6.14,0.0036,0.0423,0.0014,1.09,0.0053,8.96,0.3025,0.0095,4.0
Soleminis,2023,7,7.65,0.0045,0.0527,0.0017,1.09,0.0053,8.96,0.3025,0.0105,4.0
Soleminis,2023,8,8.8,0.0051,0.0606,0.002,1.09,0.0053,8.96,0.3025,0.0113,4.0
Soleminis,2023,9,5.01,0.0029,0.0345,0.0011,1.09,0.0053,8.96,0.3025,0.0085,4.0
Soleminis,2023,10,4.32,0.0025,0.0297,0.001,1.09,0.0053,8.96,0.3025,0.008,4.0
Soleminis,2023,11,0.21,0.0001,0.0014,0.0,1.09,0.0053,8.96,0.3025,0.0,4.0
Soleminis,2023,12,2.06,0.0012,0.0142,0.0005,1.09,0.0053,8.96,0.3025,0.0056,4.0
Sorgono,2023,1,0.55,0.0003,0.0208,0.0007,1.55,0.0076,3.14,0.106,0.0036,4.0
Sorgono,2023,2,0.71,0.0004,0.0268,0.0009,1.55,0.0076,3.14,0.106,0.0041,4.0
Sorgono,2023,3,0.79,0.0005,0.0295,0.001,1.55,0.0076,3.14,0.106,0.0045,4.0
Sorgono,2023,4,0.41,0.0002,0.0154,0.0005,1.55,0.0076,3.14,0.106,0.003,4.0
Sorgono,2023,5,1.73,0.001,0.0651,0.0021,1.55,0.0076,3.14,0.106,0.0064,4.0
Sorgono,2023,6,1.66,0.001,0.0624,0.0021,1.55,0.0076,3.14,0.106,0.0064,4.0
Sorgono,2023,7,2.91,0.0017,0.1093,0.0036,1.55,0.0076,3.14,0.106,0.0084,4.0
Sorgono,2023,8,3.09,0.0018,0.116,0.0038,1.55,0.0076,3.14,0.106,0.0086,4.0
Sorgono,2023,9,2.79,0.0016,0.1046,0.0034,1.55,0.0076,3.14,0.106,0.0081,4.0
Sorgono,2023,10,1.71,0.001,0.0644,0.0021,1.55,0.0076,3.14,0.106,0.0064,4.0
Sorgono,2023,11,0.95,0.0006,0.0355,0.0012,1.55,0.0076,3.14,0.106,0.0049,4.0
Sorgono,2023,12,0.52,0.0003,0.0195,0.0006,1.55,0.0076,3.14,0.106,0.0035,4.0
Sorradile,2023,1,,,,,0.53,0.0026,0.0,0.0,0.0,2.0
Sorradile,2023,2,,,,,0.53,0.0026,0.0,0.0,0.0,2.0
Sorradile,2023,3,,,,,0.53,0.0026,0.0,0.0,0.0,2.0
Sorradile,2023,4,,,,,0.53,0.0026,0.0,0.0,0.0,2.0
Sorradile,2023,5,,,,,0.53,0.0026,0.0,0.0,0.0,2.0
Sorradile,2023,6,,,,,0.53,0.0026,0.0,0.0,0.0,2.0
Sorradile,2023,7,,,,,0.53,0.0026,0.0,0.0,0.0,2.0
Sorradile,2023,8,,,,,0.53,0.0026,0.0,0.0,0.0,2.0
Sorradile,2023,9,,,,,0.53,0.0026,0.0,0.0,0.0,2.0
Sorradile,2023,10,,,,,0.53,0.0026,0.0,0.0,0.0,2.0
Sorradile,2023,11,,,,,0.53,0.0026,0.0,0.0,0.0,2.0
Sorradile,2023,12,,,,,0.53,0.0026,0.0,0.0,0.0,2.0
Sorso,2023,1,1.69,0.001,0.0078,0.0003,68.78,0.3358,4.0,0.135,0.0108,4.0
Sorso,2023,2,1.01,0.0006,0.0047,0.0002,68.78,0.3358,4.0,0.135,0.0086,4.0
Sorso,2023,3,1.61,0.0009,0.0075,0.0002,68.78,0.3358,4.0,0.135,0.0095,4.0
Sorso,2023,4,11.88,0.0069,0.0551,0.0018,68.78,0.3358,4.0,0.135,0.0274,4.0
Sorso,2023,5,65.25,0.0381,0.3029,0.01,68.78,0.3358,4.0,0.135,0.0645,4.0
Sorso,2023,6,151.17,0.0884,0.7017,0.0231,68.78,0.3358,4.0,0.135,0.0981,4.0
Sorso,2023,7,285.08,0.1667,1.3234,0.0436,68.78,0.3358,4.0,0.135,0.1347,4.0
Sorso,2023,8,318.94,0.1865,1.4806,0.0488,68.78,0.3358,4.0,0.135,0.1425,4.0
Sorso,2023,9,145.23,0.0849,0.6742,0.0222,68.78,0.3358,4.0,0.135,0.0961,4.0
Sorso,2023,10,20.15,0.0118,0.0935,0.0031,68.78,0.3358,4.0,0.135,0.0359,4.0
Sorso,2023,11,1.39,0.0008,0.0064,0.0002,68.78,0.3358,4.0,0.135,0.0092,4.0
Sorso,2023,12,1.75,0.001,0.0081,0.0003,68.78,0.3358,4.0,0.135,0.0108,4.0
Stintino,2023,1,0.85,0.0005,0.0326,0.0011,122.96,0.6003,12.26,0.4139,0.0192,4.0
Stintino,2023,2,1.39,0.0008,0.0534,0.0018,122.96,0.6003,12.26,0.4139,0.0245,4.0
Stintino,2023,3,4.81,0.0028,0.185,0.0061,122.96,0.6003,12.26,0.4139,0.0454,4.0
Stintino,2023,4,64.37,0.0376,2.4782,0.0816,122.96,0.6003,12.26,0.4139,0.1662,4.0
Stintino,2023,5,176.72,0.1033,6.8033,0.224,122.96,0.6003,12.26,0.4139,0.2754,4.0
Stintino,2023,6,901.73,0.5272,34.714,1.0,122.96,0.6003,12.26,0.4139,0.6016,4.0
Stintino,2023,7,1531.32,0.8953,58.9511,1.0,122.96,0.6003,12.26,0.4139,0.6868,4.0
Stintino,2023,8,1826.56,1.0,70.3173,1.0,122.96,0.6003,12.26,0.4139,0.706,4.0
Stintino,2023,9,841.33,0.4919,32.3889,1.0,122.96,0.6003,12.26,0.4139,0.5913,4.0
Stintino,2023,10,145.58,0.0851,5.6046,0.1845,122.96,0.6003,12.26,0.4139,0.2499,4.0
Stintino,2023,11,4.08,0.0024,0.157,0.0052,122.96,0.6003,12.26,0.4139,0.042,4.0
Stintino,2023,12,3.94,0.0023,0.1518,0.005,122.96,0.6003,12.26,0.4139,0.0411,4.0
Suelli,2023,1,,,,,1.09,0.0053,0.0,0.0,0.0,2.0
Suelli,2023,2,,,,,1.09,0.0053,0.0,0.0,0.0,2.0
Suelli,2023,3,,,,,1.09,0.0053,0.0,0.0,0.0,2.0
Suelli,2023,4,,,,,1.09,0.0053,0.0,0.0,0.0,2.0
Suelli,2023,5,,,,,1.09,0.0053,0.0,0.0,0.0,2.0
Suelli,2023,6,,,,,1.09,0.0053,0.0,0.0,0.0,2.0
Suelli,2023,7,,,,,1.09,0.0053,0.0,0.0,0.0,2.0
Suelli,2023,8,,,,,1.09,0.0053,0.0,0.0,0.0,2.0
Suelli,2023,9,,,,,1.09,0.0053,0.0,0.0,0.0,2.0
Suelli,2023,10,,,,,1.09,0.0053,0.0,0.0,0.0,2.0
Suelli,2023,11,,,,,1.09,0.0053,0.0,0.0,0.0,2.0
Suelli,2023,12,,,,,1.09,0.0053,0.0,0.0,0.0,2.0
Suni,2023,1,0.0,0.0,0.0001,0.0,1.88,0.0092,2.63,0.0888,0.0,4.0
Suni,2023,2,0.0,0.0,0.0001,0.0,1.88,0.0092,2.63,0.0888,0.0,4.0
Suni,2023,3,0.0,0.0,0.0001,0.0,1.88,0.0092,2.63,0.0888,0.0,4.0
Suni,2023,4,0.51,0.0003,0.0248,0.0008,1.88,0.0092,2.63,0.0888,0.0037,4.0
Suni,2023,5,0.47,0.0003,0.0229,0.0008,1.88,0.0092,2.63,0.0888,0.0037,4.0
Suni,2023,6,1.15,0.0007,0.0558,0.0018,1.88,0.0092,2.63,0.0888,0.0057,4.0
Suni,2023,7,3.59,0.0021,0.1738,0.0057,1.88,0.0092,2.63,0.0888,0.0099,4.0
Suni,2023,8,11.33,0.0066,0.5484,0.0181,1.88,0.0092,2.63,0.0888,0.0177,4.0
Suni,2023,9,1.0,0.0006,0.0486,0.0016,1.88,0.0092,2.63,0.0888,0.0053,4.0
Suni,2023,10,0.01,0.0,0.0003,0.0,1.88,0.0092,2.63,0.0888,0.0,4.0
Suni,2023,11,0.0,0.0,0.0001,0.0,1.88,0.0092,2.63,0.0888,0.0,4.0
Suni,2023,12,0.0,0.0,0.0002,0.0,1.88,0.0092,2.63,0.0888,0.0,4.0
Tadasuni,2023,1,,,,,0.0,0.0,,,0.0,1.0
Tadasuni,2023,2,,,,,0.0,0.0,,,0.0,1.0
Tadasuni,2023,3,,,,,0.0,0.0,,,0.0,1.0
Tadasuni,2023,4,,,,,0.0,0.0,,,0.0,1.0
Tadasuni,2023,5,,,,,0.0,0.0,,,0.0,1.0
Tadasuni,2023,6,,,,,0.0,0.0,,,0.0,1.0
Tadasuni,2023,7,,,,,0.0,0.0,,,0.0,1.0
Tadasuni,2023,8,,,,,0.0,0.0,,,0.0,1.0
Tadasuni,2023,9,,,,,0.0,0.0,,,0.0,1.0
Tadasuni,2023,10,,,,,0.0,0.0,,,0.0,1.0
Tadasuni,2023,11,,,,,0.0,0.0,,,0.0,1.0
Tadasuni,2023,12,,,,,0.0,0.0,,,0.0,1.0
Talana,2023,1,0.03,0.0,0.0041,0.0001,0.3,0.0015,4.44,0.1499,0.0,4.0
Talana,2023,2,0.03,0.0,0.0035,0.0001,0.3,0.0015,4.44,0.1499,0.0,4.0
Talana,2023,3,0.03,0.0,0.0043,0.0001,0.3,0.0015,4.44,0.1499,0.0,4.0
Talana,2023,4,0.46,0.0003,0.0577,0.0019,0.3,0.0015,4.44,0.1499,0.0034,4.0
Talana,2023,5,0.87,0.0005,0.1087,0.0036,0.3,0.0015,4.44,0.1499,0.0045,4.0
Talana,2023,6,0.49,0.0003,0.0604,0.002,0.3,0.0015,4.44,0.1499,0.0034,4.0
Talana,2023,7,1.19,0.0007,0.1484,0.0049,0.3,0.0015,4.44,0.1499,0.0053,4.0
Talana,2023,8,1.44,0.0008,0.1794,0.0059,0.3,0.0015,4.44,0.1499,0.0057,4.0
Talana,2023,9,0.18,0.0001,0.0221,0.0007,0.3,0.0015,4.44,0.1499,0.002,4.0
Talana,2023,10,0.08,0.0,0.0105,0.0003,0.3,0.0015,4.44,0.1499,0.0,4.0
Talana,2023,11,0.04,0.0,0.005,0.0002,0.3,0.0015,4.44,0.1499,0.0,4.0
Talana,2023,12,0.05,0.0,0.0065,0.0002,0.3,0.0015,4.44,0.1499,0.0,4.0
Telti,2023,1,0.0,0.0,0.0001,0.0,2.26,0.011,3.38,0.1141,0.0,4.0
Telti,2023,2,0.0,0.0,0.0001,0.0,2.26,0.011,3.38,0.1141,0.0,4.0
Telti,2023,3,0.0,0.0,0.0001,0.0,2.26,0.011,3.38,0.1141,0.0,4.0
Telti,2023,4,0.32,0.0002,0.0119,0.0004,2.26,0.011,3.38,0.1141,0.0032,4.0
Telti,2023,5,1.19,0.0007,0.0443,0.0015,2.26,0.011,3.38,0.1141,0.006,4.0
Telti,2023,6,2.51,0.0015,0.0938,0.0031,2.26,0.011,3.38,0.1141,0.0087,4.0
Telti,2023,7,6.94,0.0041,0.2595,0.0085,2.26,0.011,3.38,0.1141,0.0145,4.0
Telti,2023,8,10.64,0.0062,0.3975,0.0131,2.26,0.011,3.38,0.1141,0.0179,4.0
Telti,2023,9,5.12,0.003,0.1915,0.0063,2.26,0.011,3.38,0.1141,0.0124,4.0
Telti,2023,10,0.73,0.0004,0.0272,0.0009,2.26,0.011,3.38,0.1141,0.0046,4.0
Telti,2023,11,0.0,0.0,0.0001,0.0,2.26,0.011,3.38,0.1141,0.0,4.0
Telti,2023,12,0.32,0.0002,0.0118,0.0004,2.26,0.011,3.38,0.1141,0.0032,4.0
Tempio Pausania,2023,1,2.85,0.0017,0.0453,0.0015,4.83,0.0236,10.35,0.3494,0.012,4.0
Tempio Pausania,2023,2,5.22,0.0031,0.083,0.0027,4.83,0.0236,10.35,0.3494,0.0162,4.0
Tempio Pausania,2023,3,3.26,0.0019,0.0518,0.0017,4.83,0.0236,10.35,0.3494,0.0128,4.0
Tempio Pausania,2023,4,13.2,0.0077,0.21,0.0069,4.83,0.0236,10.35,0.3494,0.0257,4.0
Tempio Pausania,2023,5,18.4,0.0108,0.2926,0.0096,4.83,0.0236,10.35,0.3494,0.0304,4.0
Tempio Pausania,2023,6,20.69,0.0121,0.3291,0.0108,4.83,0.0236,10.35,0.3494,0.0322,4.0
Tempio Pausania,2023,7,33.48,0.0196,0.5325,0.0175,4.83,0.0236,10.35,0.3494,0.041,4.0
Tempio Pausania,2023,8,45.62,0.0267,0.7256,0.0239,4.83,0.0236,10.35,0.3494,0.0479,4.0
Tempio Pausania,2023,9,25.33,0.0148,0.4029,0.0133,4.83,0.0236,10.35,0.3494,0.0357,4.0
Tempio Pausania,2023,10,9.37,0.0055,0.149,0.0049,4.83,0.0236,10.35,0.3494,0.0217,4.0
Tempio Pausania,2023,11,2.34,0.0014,0.0372,0.0012,4.83,0.0236,10.35,0.3494,0.0108,4.0
Tempio Pausania,2023,12,2.57,0.0015,0.0409,0.0013,4.83,0.0236,10.35,0.3494,0.0113,4.0
Tergu,2023,1,,,,,6.54,0.0319,10.33,0.3488,0.1055,2.0
Tergu,2023,2,,,,,6.54,0.0319,10.33,0.3488,0.1055,2.0
Tergu,2023,3,,,,,6.54,0.0319,10.33,0.3488,0.1055,2.0
Tergu,2023,4,0.54,,0.0329,,6.54,0.0319,10.33,0.3488,0.1055,2.0
Tergu,2023,5,1.23,,0.0741,,6.54,0.0319,10.33,0.3488,0.1055,2.0
Tergu,2023,6,33.0,,1.9967,,6.54,0.0319,10.33,0.3488,0.1055,2.0
Tergu,2023,7,56.53,,3.4201,,6.54,0.0319,10.33,0.3488,0.1055,2.0
Tergu,2023,8,81.82,,4.9506,,6.54,0.0319,10.33,0.3488,0.1055,2.0
Tergu,2023,9,51.03,,3.0873,,6.54,0.0319,10.33,0.3488,0.1055,2.0
Tergu,2023,10,21.76,,1.3163,,6.54,0.0319,10.33,0.3488,0.1055,2.0
Tergu,2023,11,0.52,,0.0313,,6.54,0.0319,10.33,0.3488,0.1055,2.0
Tergu,2023,12,,,,,6.54,0.0319,10.33,0.3488,0.1055,2.0
Terralba,2023,1,3.9,0.0023,0.0199,0.0007,2.53,0.0124,7.8,0.2633,0.0085,4.0
Terralba,2023,2,3.36,0.002,0.0172,0.0006,2.53,0.0124,7.8,0.2633,0.0079,4.0
Terralba,2023,3,3.88,0.0023,0.0198,0.0007,2.53,0.0124,7.8,0.2633,0.0085,4.0
Terralba,2023,4,5.45,0.0032,0.0278,0.0009,2.53,0.0124,7.8,0.2633,0.0098,4.0
Terralba,2023,5,5.43,0.0032,0.0277,0.0009,2.53,0.0124,7.8,0.2633,0.0098,4.0
Terralba,2023,6,5.69,0.0033,0.0291,0.001,2.53,0.0124,7.8,0.2633,0.0102,4.0
Terralba,2023,7,9.07,0.0053,0.0463,0.0015,2.53,0.0124,7.8,0.2633,0.0127,4.0
Terralba,2023,8,12.02,0.007,0.0614,0.002,2.53,0.0124,7.8,0.2633,0.0146,4.0
Terralba,2023,9,8.87,0.0052,0.0453,0.0015,2.53,0.0124,7.8,0.2633,0.0126,4.0
Terralba,2023,10,5.47,0.0032,0.0279,0.0009,2.53,0.0124,7.8,0.2633,0.0098,4.0
Terralba,2023,11,5.45,0.0032,0.0278,0.0009,2.53,0.0124,7.8,0.2633,0.0098,4.0
Terralba,2023,12,3.58,0.0021,0.0183,0.0006,2.53,0.0124,7.8,0.2633,0.008,4.0
Tertenia,2023,1,0.35,0.0002,0.0106,0.0003,9.7,0.0474,10.86,0.3666,0.0057,4.0
Tertenia,2023,2,0.14,0.0001,0.0044,0.0001,9.7,0.0474,10.86,0.3666,0.0036,4.0
Tertenia,2023,3,0.65,0.0004,0.0199,0.0007,9.7,0.0474,10.86,0.3666,0.0084,4.0
Tertenia,2023,4,3.54,0.0021,0.1078,0.0035,9.7,0.0474,10.86,0.3666,0.0189,4.0
Tertenia,2023,5,15.51,0.0091,0.4722,0.0155,9.7,0.0474,10.86,0.3666,0.0396,4.0
Tertenia,2023,6,46.73,0.0273,1.4225,0.0468,9.7,0.0474,10.86,0.3666,0.0686,4.0
Tertenia,2023,7,101.95,0.0596,3.1037,0.1022,9.7,0.0474,10.86,0.3666,0.1014,4.0
Tertenia,2023,8,122.08,0.0714,3.7166,0.1224,9.7,0.0474,10.86,0.3666,0.111,4.0
Tertenia,2023,9,63.95,0.0374,1.9467,0.0641,9.7,0.0474,10.86,0.3666,0.0803,4.0
Tertenia,2023,10,28.61,0.0167,0.871,0.0287,9.7,0.0474,10.86,0.3666,0.0537,4.0
Tertenia,2023,11,0.43,0.0003,0.0132,0.0004,9.7,0.0474,10.86,0.3666,0.0068,4.0
Tertenia,2023,12,0.46,0.0003,0.014,0.0005,9.7,0.0474,10.86,0.3666,0.0071,4.0
Teti,2023,1,0.06,0.0,0.0048,0.0002,1.27,0.0062,0.51,0.0172,0.0,4.0
Teti,2023,2,0.05,0.0,0.0041,0.0001,1.27,0.0062,0.51,0.0172,0.0,4.0
Teti,2023,3,0.07,0.0,0.005,0.0002,1.27,0.0062,0.51,0.0172,0.0,4.0
Teti,2023,4,0.15,0.0001,0.0111,0.0004,1.27,0.0062,0.51,0.0172,0.0014,4.0
Teti,2023,5,0.19,0.0001,0.0144,0.0005,1.27,0.0062,0.51,0.0172,0.0015,4.0
Teti,2023,6,0.32,0.0002,0.024,0.0008,1.27,0.0062,0.51,0.0172,0.002,4.0
Teti,2023,7,0.45,0.0003,0.0337,0.0011,1.27,0.0062,0.51,0.0172,0.0024,4.0
Teti,2023,8,0.45,0.0003,0.0333,0.0011,1.27,0.0062,0.51,0.0172,0.0024,4.0
Teti,2023,9,0.28,0.0002,0.0208,0.0007,1.27,0.0062,0.51,0.0172,0.002,4.0
Teti,2023,10,0.16,0.0001,0.0122,0.0004,1.27,0.0062,0.51,0.0172,0.0014,4.0
Teti,2023,11,0.08,0.0,0.0057,0.0002,1.27,0.0062,0.51,0.0172,0.0,4.0
Teti,2023,12,0.1,0.0001,0.0075,0.0002,1.27,0.0062,0.51,0.0172,0.0012,4.0
Teulada,2023,1,0.25,0.0001,0.019,0.0006,4.79,0.0234,9.42,0.318,0.0046,4.0
Teulada,2023,2,0.13,0.0001,0.0098,0.0003,4.79,0.0234,9.42,0.318,0.0039,4.0
Teulada,2023,3,2.24,0.0013,0.1698,0.0056,4.79,0.0234,9.42,0.318,0.0153,4.0
Teulada,2023,4,1.88,0.0011,0.1422,0.0047,4.79,0.0234,9.42,0.318,0.014,4.0
Teulada,2023,5,6.51,0.0038,0.4932,0.0162,4.79,0.0234,9.42,0.318,0.026,4.0
Teulada,2023,6,19.53,0.0114,1.4791,0.0487,4.79,0.0234,9.42,0.318,0.0451,4.0
Teulada,2023,7,43.84,0.0256,3.32,0.1093,4.79,0.0234,9.42,0.318,0.0676,4.0
Teulada,2023,8,55.03,0.0322,4.1674,0.1372,4.79,0.0234,9.42,0.318,0.0757,4.0
Teulada,2023,9,26.79,0.0157,2.0289,0.0668,4.79,0.0234,9.42,0.318,0.0529,4.0
Teulada,2023,10,6.22,0.0036,0.4708,0.0155,4.79,0.0234,9.42,0.318,0.0254,4.0
Teulada,2023,11,1.49,0.0009,0.1127,0.0037,4.79,0.0234,9.42,0.318,0.0125,4.0
Teulada,2023,12,0.65,0.0004,0.0491,0.0016,4.79,0.0234,9.42,0.318,0.0083,4.0
Thiesi,2023,1,2.49,0.0015,0.0565,0.0019,0.89,0.0043,9.07,0.3062,0.0078,4.0
Thiesi,2023,2,2.22,0.0013,0.0504,0.0017,0.89,0.0043,9.07,0.3062,0.0073,4.0
Thiesi,2023,3,1.51,0.0009,0.0342,0.0011,0.89,0.0043,9.07,0.3062,0.006,4.0
Thiesi,2023,4,1.27,0.0007,0.0288,0.0009,0.89,0.0043,9.07,0.3062,0.0054,4.0
Thiesi,2023,5,3.99,0.0023,0.0907,0.003,0.89,0.0043,9.07,0.3062,0.0098,4.0
Thiesi,2023,6,2.66,0.0016,0.0605,0.002,0.89,0.0043,9.07,0.3062,0.0081,4.0
Thiesi,2023,7,1.79,0.001,0.0407,0.0013,0.89,0.0043,9.07,0.3062,0.0064,4.0
Thiesi,2023,8,3.49,0.002,0.0792,0.0026,0.89,0.0043,9.07,0.3062,0.0091,4.0
Thiesi,2023,9,2.31,0.0014,0.0526,0.0017,0.89,0.0043,9.07,0.3062,0.0075,4.0
Thiesi,2023,10,2.66,0.0016,0.0605,0.002,0.89,0.0043,9.07,0.3062,0.0081,4.0
Thiesi,2023,11,3.18,0.0019,0.0724,0.0024,0.89,0.0043,9.07,0.3062,0.0088,4.0
Thiesi,2023,12,1.81,0.0011,0.0411,0.0014,0.89,0.0043,9.07,0.3062,0.0067,4.0
Tiana,2023,1,,,,,0.0,0.0,,,0.0,1.0
Tiana,2023,2,,,,,0.0,0.0,,,0.0,1.0
Tiana,2023,3,,,,,0.0,0.0,,,0.0,1.0
Tiana,2023,4,,,,,0.0,0.0,,,0.0,1.0
Tiana,2023,5,,,,,0.0,0.0,,,0.0,1.0
Tiana,2023,6,,,,,0.0,0.0,,,0.0,1.0
Tiana,2023,7,,,,,0.0,0.0,,,0.0,1.0
Tiana,2023,8,,,,,0.0,0.0,,,0.0,1.0
Tiana,2023,9,,,,,0.0,0.0,,,0.0,1.0
Tiana,2023,10,,,,,0.0,0.0,,,0.0,1.0
Tiana,2023,11,,,,,0.0,0.0,,,0.0,1.0
Tiana,2023,12,,,,,0.0,0.0,,,0.0,1.0
Tinnura,2023,1,,,,,0.0,0.0,,,0.0,1.0
Tinnura,2023,2,,,,,0.0,0.0,,,0.0,1.0
Tinnura,2023,3,,,,,0.0,0.0,,,0.0,1.0
Tinnura,2023,4,,,,,0.0,0.0,,,0.0,1.0
Tinnura,2023,5,,,,,0.0,0.0,,,0.0,1.0
Tinnura,2023,6,,,,,0.0,0.0,,,0.0,1.0
Tinnura,2023,7,,,,,0.0,0.0,,,0.0,1.0
Tinnura,2023,8,,,,,0.0,0.0,,,0.0,1.0
Tinnura,2023,9,,,,,0.0,0.0,,,0.0,1.0
Tinnura,2023,10,,,,,0.0,0.0,,,0.0,1.0
Tinnura,2023,11,,,,,0.0,0.0,,,0.0,1.0
Tinnura,2023,12,,,,,0.0,0.0,,,0.0,1.0
Tissi,2023,1,0.05,0.0,0.0002,0.0,1.17,0.0057,1.78,0.0601,0.0,4.0
Tissi,2023,2,0.04,0.0,0.0002,0.0,1.17,0.0057,1.78,0.0601,0.0,4.0
Tissi,2023,3,0.05,0.0,0.0002,0.0,1.17,0.0057,1.78,0.0601,0.0,4.0
Tissi,2023,4,0.12,0.0001,0.0005,0.0,1.17,0.0057,1.78,0.0601,0.0,4.0
Tissi,2023,5,0.15,0.0001,0.0007,0.0,1.17,0.0057,1.78,0.0601,0.0,4.0
Tissi,2023,6,0.25,0.0001,0.0011,0.0,1.17,0.0057,1.78,0.0601,0.0,4.0
Tissi,2023,7,2.8,0.0016,0.0122,0.0004,1.17,0.0057,1.78,0.0601,0.0038,4.0
Tissi,2023,8,3.68,0.0022,0.0161,0.0005,1.17,0.0057,1.78,0.0601,0.0044,4.0
Tissi,2023,9,0.22,0.0001,0.001,0.0,1.17,0.0057,1.78,0.0601,0.0,4.0
Tissi,2023,10,0.13,0.0001,0.0006,0.0,1.17,0.0057,1.78,0.0601,0.0,4.0
Tissi,2023,11,0.06,0.0,0.0003,0.0,1.17,0.0057,1.78,0.0601,0.0,4.0
Tissi,2023,12,0.08,0.0,0.0003,0.0,1.17,0.0057,1.78,0.0601,0.0,4.0
Tonara,2023,1,0.41,0.0002,0.0123,0.0004,6.24,0.0305,0.85,0.0287,0.0029,4.0
Tonara,2023,2,0.01,0.0,0.0003,0.0,6.24,0.0305,0.85,0.0287,0.0,4.0
Tonara,2023,3,0.01,0.0,0.0004,0.0,6.24,0.0305,0.85,0.0287,0.0,4.0
Tonara,2023,4,2.04,0.0012,0.0607,0.002,6.24,0.0305,0.85,0.0287,0.0068,4.0
Tonara,2023,5,2.18,0.0013,0.0649,0.0021,6.24,0.0305,0.85,0.0287,0.007,4.0
Tonara,2023,6,1.76,0.001,0.0525,0.0017,6.24,0.0305,0.85,0.0287,0.0062,4.0
Tonara,2023,7,1.87,0.0011,0.0555,0.0018,6.24,0.0305,0.85,0.0287,0.0065,4.0
Tonara,2023,8,2.71,0.0016,0.0805,0.0027,6.24,0.0305,0.85,0.0287,0.0078,4.0
Tonara,2023,9,2.85,0.0017,0.0847,0.0028,6.24,0.0305,0.85,0.0287,0.008,4.0
Tonara,2023,10,2.98,0.0017,0.0887,0.0029,6.24,0.0305,0.85,0.0287,0.0081,4.0
Tonara,2023,11,2.04,0.0012,0.0608,0.002,6.24,0.0305,0.85,0.0287,0.0068,4.0
Tonara,2023,12,0.57,0.0003,0.0171,0.0006,6.24,0.0305,0.85,0.0287,0.0035,4.0
Torpè,2023,1,0.0,0.0,0.0001,0.0,2.53,0.0124,3.49,0.1178,0.0,4.0
Torpè,2023,2,0.0,0.0,0.0001,0.0,2.53,0.0124,3.49,0.1178,0.0,4.0
Torpè,2023,3,0.0,0.0,0.0001,0.0,2.53,0.0124,3.49,0.1178,0.0,4.0
Torpè,2023,4,0.13,0.0001,0.0044,0.0001,2.53,0.0124,3.49,0.1178,0.002,4.0
Torpè,2023,5,0.22,0.0001,0.0074,0.0002,2.53,0.0124,3.49,0.1178,0.0023,4.0
Torpè,2023,6,3.39,0.002,0.1156,0.0038,2.53,0.0124,3.49,0.1178,0.0103,4.0
Torpè,2023,7,8.97,0.0052,0.3063,0.0101,2.53,0.0124,3.49,0.1178,0.0166,4.0
Torpè,2023,8,14.12,0.0083,0.4822,0.0159,2.53,0.0124,3.49,0.1178,0.021,4.0
Torpè,2023,9,4.43,0.0026,0.1514,0.005,2.53,0.0124,3.49,0.1178,0.0117,4.0
Torpè,2023,10,0.33,0.0002,0.0114,0.0004,2.53,0.0124,3.49,0.1178,0.0033,4.0
Torpè,2023,11,0.64,0.0004,0.022,0.0007,2.53,0.0124,3.49,0.1178,0.0045,4.0
Torpè,2023,12,0.01,0.0,0.0002,0.0,2.53,0.0124,3.49,0.1178,0.0,4.0
Torralba,2023,1,0.01,0.0,0.0004,0.0,0.06,0.0003,11.92,0.4024,0.0,4.0
Torralba,2023,2,0.01,0.0,0.0003,0.0,0.06,0.0003,11.92,0.4024,0.0,4.0
Torralba,2023,3,0.01,0.0,0.0004,0.0,0.06,0.0003,11.92,0.4024,0.0,4.0
Torralba,2023,4,0.49,0.0003,0.0201,0.0007,0.06,0.0003,11.92,0.4024,0.0022,4.0
Torralba,2023,5,0.3,0.0002,0.0125,0.0004,0.06,0.0003,11.92,0.4024,0.0018,4.0
Torralba,2023,6,0.05,0.0,0.002,0.0001,0.06,0.0003,11.92,0.4024,0.0,4.0
Torralba,2023,7,0.34,0.0002,0.0141,0.0005,0.06,0.0003,11.92,0.4024,0.0019,4.0
Torralba,2023,8,0.51,0.0003,0.0208,0.0007,0.06,0.0003,11.92,0.4024,0.0022,4.0
Torralba,2023,9,0.48,0.0003,0.0197,0.0006,0.06,0.0003,11.92,0.4024,0.0022,4.0
Torralba,2023,10,0.16,0.0001,0.0066,0.0002,0.06,0.0003,11.92,0.4024,0.0012,4.0
Torralba,2023,11,0.01,0.0,0.0005,0.0,0.06,0.0003,11.92,0.4024,0.0,4.0
Torralba,2023,12,0.02,0.0,0.0006,0.0,0.06,0.0003,11.92,0.4024,0.0,4.0
Tortolì,2023,1,41.42,0.0242,0.1524,0.005,196.18,0.9578,21.94,0.7407,0.0963,4.0
Tortolì,2023,2,31.37,0.0183,0.1154,0.0038,196.18,0.9578,21.94,0.7407,0.0838,4.0
Tortolì,2023,3,40.01,0.0234,0.1472,0.0048,196.18,0.9578,21.94,0.7407,0.0945,4.0
Tortolì,2023,4,202.77,0.1185,0.746,0.0246,196.18,0.9578,21.94,0.7407,0.2133,4.0
Tortolì,2023,5,1300.57,0.7604,4.7851,0.1576,196.18,0.9578,21.94,0.7407,0.54,4.0
Tortolì,2023,6,2327.89,1.0,8.5648,0.282,196.18,0.9578,21.94,0.7407,0.6688,4.0
Tortolì,2023,7,4131.43,1.0,15.2004,0.5005,196.18,0.9578,21.94,0.7407,0.7719,4.0
Tortolì,2023,8,4161.17,1.0,15.3098,0.5041,196.18,0.9578,21.94,0.7407,0.7733,4.0
Tortolì,2023,9,2798.92,1.0,10.2978,0.3391,196.18,0.9578,21.94,0.7407,0.7003,4.0
Tortolì,2023,10,573.46,0.3353,2.1099,0.0695,196.18,0.9578,21.94,0.7407,0.3586,4.0
Tortolì,2023,11,64.65,0.0378,0.2379,0.0078,196.18,0.9578,21.94,0.7407,0.1203,4.0
Tortolì,2023,12,37.19,0.0217,0.1368,0.0045,196.18,0.9578,21.94,0.7407,0.0912,4.0
Tramatza,2023,1,7.55,0.0044,0.1373,0.0045,3.13,0.0153,10.97,0.3704,0.0183,4.0
Tramatza,2023,2,10.15,0.0059,0.1845,0.0061,3.13,0.0153,10.97,0.3704,0.0213,4.0
Tramatza,2023,3,12.45,0.0073,0.2264,0.0075,3.13,0.0153,10.97,0.3704,0.0236,4.0
Tramatza,2023,4,1.3,0.0008,0.0236,0.0008,3.13,0.0153,10.97,0.3704,0.0078,4.0
Tramatza,2023,5,2.6,0.0015,0.0472,0.0016,3.13,0.0153,10.97,0.3704,0.0108,4.0
Tramatza,2023,6,2.71,0.0016,0.0494,0.0016,3.13,0.0153,10.97,0.3704,0.011,4.0
Tramatza,2023,7,8.79,0.0051,0.1599,0.0053,3.13,0.0153,10.97,0.3704,0.0198,4.0
Tramatza,2023,8,38.88,0.0227,0.7071,0.0233,3.13,0.0153,10.97,0.3704,0.0416,4.0
Tramatza,2023,9,14.1,0.0082,0.2564,0.0084,3.13,0.0153,10.97,0.3704,0.025,4.0
Tramatza,2023,10,7.61,0.0044,0.1384,0.0046,3.13,0.0153,10.97,0.3704,0.0184,4.0
Tramatza,2023,11,12.92,0.0076,0.235,0.0077,3.13,0.0153,10.97,0.3704,0.024,4.0
Tramatza,2023,12,6.2,0.0036,0.1127,0.0037,3.13,0.0153,10.97,0.3704,0.0166,4.0
Tratalias,2023,1,0.52,0.0003,0.0157,0.0005,2.58,0.0126,10.48,0.3538,0.0051,4.0
Tratalias,2023,2,0.0,0.0,0.0,0.0,2.58,0.0126,10.48,0.3538,0.0,4.0
Tratalias,2023,3,0.74,0.0004,0.0226,0.0007,2.58,0.0126,10.48,0.3538,0.0059,4.0
Tratalias,2023,4,2.3,0.0013,0.0697,0.0023,2.58,0.0126,10.48,0.3538,0.0107,4.0
Tratalias,2023,5,2.33,0.0014,0.0707,0.0023,2.58,0.0126,10.48,0.3538,0.0109,4.0
Tratalias,2023,6,11.95,0.007,0.3627,0.0119,2.58,0.0126,10.48,0.3538,0.0247,4.0
Tratalias,2023,7,18.51,0.0108,0.5616,0.0185,2.58,0.0126,10.48,0.3538,0.0307,4.0
Tratalias,2023,8,45.53,0.0266,1.3814,0.0455,2.58,0.0126,10.48,0.3538,0.0482,4.0
Tratalias,2023,9,13.44,0.0079,0.4077,0.0134,2.58,0.0126,10.48,0.3538,0.0262,4.0
Tratalias,2023,10,3.43,0.002,0.104,0.0034,2.58,0.0126,10.48,0.3538,0.0132,4.0
Tratalias,2023,11,0.0,0.0,0.0001,0.0,2.58,0.0126,10.48,0.3538,0.0,4.0
Tratalias,2023,12,0.0,0.0,0.0001,0.0,2.58,0.0126,10.48,0.3538,0.0,4.0
Tresnuraghes,2023,1,0.83,0.0005,0.0255,0.0008,17.13,0.0836,12.13,0.4095,0.0108,4.0
Tresnuraghes,2023,2,3.41,0.002,0.1049,0.0035,17.13,0.0836,12.13,0.4095,0.0221,4.0
Tresnuraghes,2023,3,7.71,0.0045,0.2373,0.0078,17.13,0.0836,12.13,0.4095,0.0331,4.0
Tresnuraghes,2023,4,52.71,0.0308,1.6225,0.0534,17.13,0.0836,12.13,0.4095,0.0866,4.0
Tresnuraghes,2023,5,63.79,0.0373,1.9637,0.0647,17.13,0.0836,12.13,0.4095,0.0953,4.0
Tresnuraghes,2023,6,97.52,0.057,3.002,0.0988,17.13,0.0836,12.13,0.4095,0.1178,4.0
Tresnuraghes,2023,7,165.22,0.0966,5.0863,0.1675,17.13,0.0836,12.13,0.4095,0.1534,4.0
Tresnuraghes,2023,8,187.93,0.1099,5.7853,0.1905,17.13,0.0836,12.13,0.4095,0.1636,4.0
Tresnuraghes,2023,9,116.15,0.0679,3.5755,0.1177,17.13,0.0836,12.13,0.4095,0.1286,4.0
Tresnuraghes,2023,10,57.39,0.0336,1.7667,0.0582,17.13,0.0836,12.13,0.4095,0.0905,4.0
Tresnuraghes,2023,11,3.57,0.0021,0.1098,0.0036,17.13,0.0836,12.13,0.4095,0.0226,4.0
Tresnuraghes,2023,12,2.64,0.0015,0.0814,0.0027,17.13,0.0836,12.13,0.4095,0.0193,4.0
Triei,2023,1,0.0,0.0,0.0001,0.0,2.25,0.011,9.44,0.3187,0.0,4.0
Triei,2023,2,0.0,0.0,0.0001,0.0,2.25,0.011,9.44,0.3187,0.0,4.0
Triei,2023,3,0.0,0.0,0.0001,0.0,2.25,0.011,9.44,0.3187,0.0,4.0
Triei,2023,4,7.92,0.0046,0.2464,0.0081,2.25,0.011,9.44,0.3187,0.019,4.0
Triei,2023,5,7.01,0.0041,0.2181,0.0072,2.25,0.011,9.44,0.3187,0.0179,4.0
Triei,2023,6,9.94,0.0058,0.3092,0.0102,2.25,0.011,9.44,0.3187,0.0213,4.0
Triei,2023,7,17.77,0.0104,0.5528,0.0182,2.25,0.011,9.44,0.3187,0.0285,4.0
Triei,2023,8,18.99,0.0111,0.5907,0.0195,2.25,0.011,9.44,0.3187,0.0295,4.0
Triei,2023,9,11.7,0.0068,0.3641,0.012,2.25,0.011,9.44,0.3187,0.0231,4.0
Triei,2023,10,3.45,0.002,0.1073,0.0035,2.25,0.011,9.44,0.3187,0.0125,4.0
Triei,2023,11,0.86,0.0005,0.0266,0.0009,2.25,0.011,9.44,0.3187,0.0063,4.0
Triei,2023,12,0.01,0.0,0.0002,0.0,2.25,0.011,9.44,0.3187,0.0,4.0
Trinità D'Agultu E Vignola,2023,1,0.25,0.0001,0.0147,0.0005,37.93,0.1852,4.67,0.1577,0.0062,4.0
Trinità D'Agultu E Vignola,2023,2,0.14,0.0001,0.0085,0.0003,37.93,0.1852,4.67,0.1577,0.0054,4.0
Trinità D'Agultu E Vignola,2023,3,0.4,0.0002,0.0237,0.0008,37.93,0.1852,4.67,0.1577,0.0083,4.0
Trinità D'Agultu E Vignola,2023,4,3.56,0.0021,0.213,0.007,37.93,0.1852,4.67,0.1577,0.0256,4.0
Trinità D'Agultu E Vignola,2023,5,42.86,0.0251,2.5668,0.0845,37.93,0.1852,4.67,0.1577,0.0887,4.0
Trinità D'Agultu E Vignola,2023,6,148.64,0.0869,8.9022,0.2931,37.93,0.1852,4.67,0.1577,0.1651,4.0
Trinità D'Agultu E Vignola,2023,7,231.36,0.1353,13.8562,0.4563,37.93,0.1852,4.67,0.1577,0.2061,4.0
Trinità D'Agultu E Vignola,2023,8,219.45,0.1283,13.1429,0.4328,37.93,0.1852,4.67,0.1577,0.2007,4.0
Trinità D'Agultu E Vignola,2023,9,170.96,0.1,10.2389,0.3371,37.93,0.1852,4.67,0.1577,0.1771,4.0
Trinità D'Agultu E Vignola,2023,10,28.88,0.0169,1.7298,0.057,37.93,0.1852,4.67,0.1577,0.0728,4.0
Trinità D'Agultu E Vignola,2023,11,0.54,0.0003,0.0322,0.0011,37.93,0.1852,4.67,0.1577,0.0099,4.0
Trinità D'Agultu E Vignola,2023,12,0.25,0.0001,0.0152,0.0005,37.93,0.1852,4.67,0.1577,0.0062,4.0
Tuili,2023,1,0.01,0.0,0.0004,0.0,1.84,0.009,0.97,0.0327,0.0,4.0
Tuili,2023,2,0.01,0.0,0.0003,0.0,1.84,0.009,0.97,0.0327,0.0,4.0
Tuili,2023,3,0.02,0.0,0.0004,0.0,1.84,0.009,0.97,0.0327,0.0,4.0
Tuili,2023,4,0.03,0.0,0.0009,0.0,1.84,0.009,0.97,0.0327,0.0,4.0
Tuili,2023,5,0.29,0.0002,0.0076,0.0003,1.84,0.009,0.97,0.0327,0.002,4.0
Tuili,2023,6,0.07,0.0,0.0019,0.0001,1.84,0.009,0.97,0.0327,0.0,4.0
Tuili,2023,7,0.84,0.0005,0.022,0.0007,1.84,0.009,0.97,0.0327,0.0032,4.0
Tuili,2023,8,1.9,0.0011,0.0499,0.0016,1.84,0.009,0.97,0.0327,0.0048,4.0
Tuili,2023,9,2.15,0.0013,0.0565,0.0019,1.84,0.009,0.97,0.0327,0.0052,4.0
Tuili,2023,10,1.14,0.0007,0.03,0.001,1.84,0.009,0.97,0.0327,0.0038,4.0
Tuili,2023,11,0.02,0.0,0.0005,0.0,1.84,0.009,0.97,0.0327,0.0,4.0
Tuili,2023,12,0.02,0.0,0.0006,0.0,1.84,0.009,0.97,0.0327,0.0,4.0
Tula,2023,1,0.26,0.0002,0.0121,0.0004,0.75,0.0037,8.72,0.2944,0.0031,4.0
Tula,2023,2,0.55,0.0003,0.0253,0.0008,0.75,0.0037,8.72,0.2944,0.004,4.0
Tula,2023,3,0.96,0.0006,0.0441,0.0015,0.75,0.0037,8.72,0.2944,0.0056,4.0
Tula,2023,4,1.73,0.001,0.0799,0.0026,0.75,0.0037,8.72,0.2944,0.0073,4.0
Tula,2023,5,2.51,0.0015,0.1155,0.0038,0.75,0.0037,8.72,0.2944,0.0089,4.0
Tula,2023,6,2.41,0.0014,0.1112,0.0037,0.75,0.0037,8.72,0.2944,0.0087,4.0
Tula,2023,7,3.91,0.0023,0.1799,0.0059,0.75,0.0037,8.72,0.2944,0.011,4.0
Tula,2023,8,5.87,0.0034,0.2702,0.0089,0.75,0.0037,8.72,0.2944,0.0135,4.0
Tula,2023,9,3.51,0.0021,0.1618,0.0053,0.75,0.0037,8.72,0.2944,0.0105,4.0
Tula,2023,10,1.87,0.0011,0.0862,0.0028,0.75,0.0037,8.72,0.2944,0.0076,4.0
Tula,2023,11,0.43,0.0003,0.0198,0.0007,0.75,0.0037,8.72,0.2944,0.0039,4.0
Tula,2023,12,0.01,0.0,0.0004,0.0,0.75,0.0037,8.72,0.2944,0.0,4.0
Turri,2023,1,3.4,0.002,0.0851,0.0028,2.23,0.0109,28.83,0.9733,0.0156,4.0
Turri,2023,2,10.61,0.0062,0.266,0.0088,2.23,0.0109,28.83,0.9733,0.0276,4.0
Turri,2023,3,17.3,0.0101,0.4335,0.0143,2.23,0.0109,28.83,0.9733,0.0352,4.0
Turri,2023,4,20.06,0.0117,0.5027,0.0166,2.23,0.0109,28.83,0.9733,0.0379,4.0
Turri,2023,5,28.33,0.0166,0.7101,0.0234,2.23,0.0109,28.83,0.9733,0.0451,4.0
Turri,2023,6,31.41,0.0184,0.7872,0.0259,2.23,0.0109,28.83,0.9733,0.0474,4.0
Turri,2023,7,29.61,0.0173,0.742,0.0244,2.23,0.0109,28.83,0.9733,0.046,4.0
Turri,2023,8,26.32,0.0154,0.6596,0.0217,2.23,0.0109,28.83,0.9733,0.0434,4.0
Turri,2023,9,27.49,0.0161,0.6888,0.0227,2.23,0.0109,28.83,0.9733,0.0444,4.0
Turri,2023,10,27.27,0.0159,0.6835,0.0225,2.23,0.0109,28.83,0.9733,0.0441,4.0
Turri,2023,11,8.91,0.0052,0.2234,0.0074,2.23,0.0109,28.83,0.9733,0.0253,4.0
Turri,2023,12,3.82,0.0022,0.0957,0.0032,2.23,0.0109,28.83,0.9733,0.0165,4.0
Ulassai,2023,1,0.45,0.0003,0.0401,0.0013,1.54,0.0075,8.61,0.2907,0.0054,4.0
Ulassai,2023,2,0.37,0.0002,0.0328,0.0011,1.54,0.0075,8.61,0.2907,0.0047,4.0
Ulassai,2023,3,0.85,0.0005,0.0759,0.0025,1.54,0.0075,8.61,0.2907,0.0072,4.0
Ulassai,2023,4,4.37,0.0026,0.3902,0.0128,1.54,0.0075,8.61,0.2907,0.0164,4.0
Ulassai,2023,5,3.15,0.0018,0.2808,0.0092,1.54,0.0075,8.61,0.2907,0.0138,4.0
Ulassai,2023,6,3.78,0.0022,0.337,0.0111,1.54,0.0075,8.61,0.2907,0.0152,4.0
Ulassai,2023,7,4.1,0.0024,0.3662,0.0121,1.54,0.0075,8.61,0.2907,0.0159,4.0
Ulassai,2023,8,8.96,0.0052,0.7994,0.0263,1.54,0.0075,8.61,0.2907,0.0234,4.0
Ulassai,2023,9,8.29,0.0048,0.7396,0.0244,1.54,0.0075,8.61,0.2907,0.0225,4.0
Ulassai,2023,10,8.43,0.0049,0.752,0.0248,1.54,0.0075,8.61,0.2907,0.0227,4.0
Ulassai,2023,11,3.83,0.0022,0.3421,0.0113,1.54,0.0075,8.61,0.2907,0.0153,4.0
Ulassai,2023,12,1.95,0.0011,0.1743,0.0057,1.54,0.0075,8.61,0.2907,0.0108,4.0
Ulà Tirso,2023,1,0.07,0.0,0.0029,0.0001,0.0,0.0,,,0.0,3.0
Ulà Tirso,2023,2,0.06,0.0,0.0024,0.0001,0.0,0.0,,,0.0,3.0
Ulà Tirso,2023,3,0.07,0.0,0.003,0.0001,0.0,0.0,,,0.0,3.0
Ulà Tirso,2023,4,0.16,0.0001,0.0067,0.0002,0.0,0.0,,,0.0,3.0
Ulà Tirso,2023,5,0.21,0.0001,0.0086,0.0003,0.0,0.0,,,0.0,3.0
Ulà Tirso,2023,6,0.35,0.0002,0.0144,0.0005,0.0,0.0,,,0.0,3.0
Ulà Tirso,2023,7,0.49,0.0003,0.0202,0.0007,0.0,0.0,,,0.0,3.0
Ulà Tirso,2023,8,2.25,0.0013,0.0934,0.0031,0.0,0.0,,,0.0,3.0
Ulà Tirso,2023,9,0.72,0.0004,0.0297,0.001,0.0,0.0,,,0.0,3.0
Ulà Tirso,2023,10,0.18,0.0001,0.0073,0.0002,0.0,0.0,,,0.0,3.0
Ulà Tirso,2023,11,0.08,0.0,0.0035,0.0001,0.0,0.0,,,0.0,3.0
Ulà Tirso,2023,12,0.73,0.0004,0.0304,0.001,0.0,0.0,,,0.0,3.0
Uras,2023,1,0.41,0.0002,0.006,0.0002,0.97,0.0047,5.13,0.1732,0.0024,4.0
Uras,2023,2,0.61,0.0004,0.009,0.0003,0.97,0.0047,5.13,0.1732,0.0031,4.0
Uras,2023,3,0.59,0.0003,0.0086,0.0003,0.97,0.0047,5.13,0.1732,0.0029,4.0
Uras,2023,4,1.81,0.0011,0.0265,0.0009,0.97,0.0047,5.13,0.1732,0.0053,4.0
Uras,2023,5,1.6,0.0009,0.0236,0.0008,0.97,0.0047,5.13,0.1732,0.0049,4.0
Uras,2023,6,1.43,0.0008,0.0209,0.0007,0.97,0.0047,5.13,0.1732,0.0046,4.0
Uras,2023,7,2.29,0.0013,0.0336,0.0011,0.97,0.0047,5.13,0.1732,0.0058,4.0
Uras,2023,8,6.26,0.0037,0.092,0.003,0.97,0.0047,5.13,0.1732,0.0097,4.0
Uras,2023,9,1.94,0.0011,0.0284,0.0009,0.97,0.0047,5.13,0.1732,0.0053,4.0
Uras,2023,10,0.76,0.0004,0.0112,0.0004,0.97,0.0047,5.13,0.1732,0.0034,4.0
Uras,2023,11,0.43,0.0003,0.0064,0.0002,0.97,0.0047,5.13,0.1732,0.0026,4.0
Uras,2023,12,,,,,0.97,0.0047,5.13,0.1732,0.0285,2.0
Uri,2023,1,0.77,0.0005,0.0155,0.0005,1.22,0.006,8.16,0.2755,0.0045,4.0
Uri,2023,2,0.03,0.0,0.0006,0.0,1.22,0.006,8.16,0.2755,0.0,4.0
Uri,2023,3,0.03,0.0,0.0007,0.0,1.22,0.006,8.16,0.2755,0.0,4.0
Uri,2023,4,0.68,0.0004,0.0136,0.0004,1.22,0.006,8.16,0.2755,0.004,4.0
Uri,2023,5,0.29,0.0002,0.0059,0.0002,1.22,0.006,8.16,0.2755,0.0029,4.0
Uri,2023,6,1.15,0.0007,0.0231,0.0008,1.22,0.006,8.16,0.2755,0.0055,4.0
Uri,2023,7,8.72,0.0051,0.1752,0.0058,1.22,0.006,8.16,0.2755,0.0149,4.0
Uri,2023,8,14.46,0.0085,0.2905,0.0096,1.22,0.006,8.16,0.2755,0.0192,4.0
Uri,2023,9,5.04,0.0029,0.1012,0.0033,1.22,0.006,8.16,0.2755,0.0112,4.0
Uri,2023,10,1.88,0.0011,0.0378,0.0012,1.22,0.006,8.16,0.2755,0.0068,4.0
Uri,2023,11,1.82,0.0011,0.0365,0.0012,1.22,0.006,8.16,0.2755,0.0068,4.0
Uri,2023,12,1.34,0.0008,0.0269,0.0009,1.22,0.006,8.16,0.2755,0.0059,4.0
Urzulei,2023,1,,,,,1.16,0.0057,5.96,0.2012,0.0339,2.0
Urzulei,2023,2,,,,,1.16,0.0057,5.96,0.2012,0.0339,2.0
Urzulei,2023,3,0.1,0.0001,0.0119,0.0004,1.16,0.0057,5.96,0.2012,0.0026,4.0
Urzulei,2023,4,3.26,0.0019,0.3857,0.0127,1.16,0.0057,5.96,0.2012,0.0129,4.0
Urzulei,2023,5,2.35,0.0014,0.2779,0.0092,1.16,0.0057,5.96,0.2012,0.011,4.0
Urzulei,2023,6,3.09,0.0018,0.3665,0.0121,1.16,0.0057,5.96,0.2012,0.0126,4.0
Urzulei,2023,7,3.35,0.002,0.3967,0.0131,1.16,0.0057,5.96,0.2012,0.0132,4.0
Urzulei,2023,8,4.23,0.0025,0.5009,0.0165,1.16,0.0057,5.96,0.2012,0.0147,4.0
Urzulei,2023,9,4.03,0.0024,0.4771,0.0157,1.16,0.0057,5.96,0.2012,0.0144,4.0
Urzulei,2023,10,3.61,0.0021,0.4278,0.0141,1.16,0.0057,5.96,0.2012,0.0136,4.0
Urzulei,2023,11,1.03,0.0006,0.1225,0.004,1.16,0.0057,5.96,0.2012,0.0072,4.0
Urzulei,2023,12,0.15,0.0001,0.0174,0.0006,1.16,0.0057,5.96,0.2012,0.0029,4.0
Usellus,2023,1,,,,,0.0,0.0,,,0.0,1.0
Usellus,2023,2,,,,,0.0,0.0,,,0.0,1.0
Usellus,2023,3,,,,,0.0,0.0,,,0.0,1.0
Usellus,2023,4,,,,,0.0,0.0,,,0.0,1.0
Usellus,2023,5,,,,,0.0,0.0,,,0.0,1.0
Usellus,2023,6,,,,,0.0,0.0,,,0.0,1.0
Usellus,2023,7,,,,,0.0,0.0,,,0.0,1.0
Usellus,2023,8,,,,,0.0,0.0,,,0.0,1.0
Usellus,2023,9,,,,,0.0,0.0,,,0.0,1.0
Usellus,2023,10,,,,,0.0,0.0,,,0.0,1.0
Usellus,2023,11,,,,,0.0,0.0,,,0.0,1.0
Usellus,2023,12,,,,,0.0,0.0,,,0.0,1.0
Usini,2023,1,0.23,0.0001,0.0017,0.0001,0.59,0.0029,5.13,0.1732,0.0015,4.0
Usini,2023,2,0.0,0.0,0.0,0.0,0.59,0.0029,5.13,0.1732,0.0,4.0
Usini,2023,3,0.0,0.0,0.0,0.0,0.59,0.0029,5.13,0.1732,0.0,4.0
Usini,2023,4,0.72,0.0004,0.0052,0.0002,0.59,0.0029,5.13,0.1732,0.0025,4.0
Usini,2023,5,0.79,0.0005,0.0057,0.0002,0.59,0.0029,5.13,0.1732,0.0027,4.0
Usini,2023,6,1.25,0.0007,0.0091,0.0003,0.59,0.0029,5.13,0.1732,0.0032,4.0
Usini,2023,7,2.07,0.0012,0.015,0.0005,0.59,0.0029,5.13,0.1732,0.0042,4.0
Usini,2023,8,2.95,0.0017,0.0214,0.0007,0.59,0.0029,5.13,0.1732,0.0049,4.0
Usini,2023,9,1.05,0.0006,0.0076,0.0003,0.59,0.0029,5.13,0.1732,0.0031,4.0
Usini,2023,10,1.15,0.0007,0.0083,0.0003,0.59,0.0029,5.13,0.1732,0.0032,4.0
Usini,2023,11,0.3,0.0002,0.0021,0.0001,0.59,0.0029,5.13,0.1732,0.0018,4.0
Usini,2023,12,0.49,0.0003,0.0036,0.0001,0.59,0.0029,5.13,0.1732,0.002,4.0
Ussana,2023,1,2.12,0.0012,0.0173,0.0006,0.52,0.0025,13.42,0.4531,0.0053,4.0
Ussana,2023,2,0.95,0.0006,0.0078,0.0003,0.52,0.0025,13.42,0.4531,0.0038,4.0
Ussana,2023,3,0.63,0.0004,0.0052,0.0002,0.52,0.0025,13.42,0.4531,0.0031,4.0
Ussana,2023,4,0.19,0.0001,0.0015,0.0,0.52,0.0025,13.42,0.4531,0.0,4.0
Ussana,2023,5,0.24,0.0001,0.002,0.0001,0.52,0.0025,13.42,0.4531,0.0018,4.0
Ussana,2023,6,1.68,0.001,0.0137,0.0005,0.52,0.0025,13.42,0.4531,0.0049,4.0
Ussana,2023,7,6.3,0.0037,0.0513,0.0017,0.52,0.0025,13.42,0.4531,0.0092,4.0
Ussana,2023,8,6.32,0.0037,0.0515,0.0017,0.52,0.0025,13.42,0.4531,0.0092,4.0
Ussana,2023,9,3.31,0.0019,0.0269,0.0009,0.52,0.0025,13.42,0.4531,0.0066,4.0
Ussana,2023,10,2.09,0.0012,0.0171,0.0006,0.52,0.0025,13.42,0.4531,0.0053,4.0
Ussana,2023,11,0.1,0.0001,0.0008,0.0,0.52,0.0025,13.42,0.4531,0.0,4.0
Ussana,2023,12,1.47,0.0009,0.012,0.0004,0.52,0.0025,13.42,0.4531,0.0045,4.0
Ussaramanna,2023,1,,,,,0.0,0.0,,,0.0,1.0
Ussaramanna,2023,2,,,,,0.0,0.0,,,0.0,1.0
Ussaramanna,2023,3,,,,,0.0,0.0,,,0.0,1.0
Ussaramanna,2023,4,,,,,0.0,0.0,,,0.0,1.0
Ussaramanna,2023,5,,,,,0.0,0.0,,,0.0,1.0
Ussaramanna,2023,6,,,,,0.0,0.0,,,0.0,1.0
Ussaramanna,2023,7,,,,,0.0,0.0,,,0.0,1.0
Ussaramanna,2023,8,,,,,0.0,0.0,,,0.0,1.0
Ussaramanna,2023,9,,,,,0.0,0.0,,,0.0,1.0
Ussaramanna,2023,10,,,,,0.0,0.0,,,0.0,1.0
Ussaramanna,2023,11,,,,,0.0,0.0,,,0.0,1.0
Ussaramanna,2023,12,,,,,0.0,0.0,,,0.0,1.0
Ussassai,2023,1,0.27,0.0002,0.029,0.001,0.91,0.0044,2.64,0.0891,0.003,4.0
Ussassai,2023,2,0.59,0.0003,0.0625,0.0021,0.91,0.0044,2.64,0.0891,0.004,4.0
Ussassai,2023,3,0.44,0.0003,0.0469,0.0015,0.91,0.0044,2.64,0.0891,0.0036,4.0
Ussassai,2023,4,0.95,0.0006,0.1004,0.0033,0.91,0.0044,2.64,0.0891,0.0053,4.0
Ussassai,2023,5,0.51,0.0003,0.0536,0.0018,0.91,0.0044,2.64,0.0891,0.0038,4.0
Ussassai,2023,6,0.55,0.0003,0.058,0.0019,0.91,0.0044,2.64,0.0891,0.0039,4.0
Ussassai,2023,7,0.44,0.0003,0.0469,0.0015,0.91,0.0044,2.64,0.0891,0.0036,4.0
Ussassai,2023,8,2.76,0.0016,0.2924,0.0096,0.91,0.0044,2.64,0.0891,0.0088,4.0
Ussassai,2023,9,1.08,0.0006,0.1138,0.0037,0.91,0.0044,2.64,0.0891,0.0054,4.0
Ussassai,2023,10,0.4,0.0002,0.0424,0.0014,0.91,0.0044,2.64,0.0891,0.0032,4.0
Ussassai,2023,11,0.4,0.0002,0.0424,0.0014,0.91,0.0044,2.64,0.0891,0.0032,4.0
Ussassai,2023,12,0.36,0.0002,0.0379,0.0012,0.91,0.0044,2.64,0.0891,0.0031,4.0
Uta,2023,1,0.85,0.0005,0.013,0.0004,0.48,0.0023,5.26,0.1776,0.003,4.0
Uta,2023,2,0.0,0.0,0.0001,0.0,0.48,0.0023,5.26,0.1776,0.0,4.0
Uta,2023,3,1.03,0.0006,0.0157,0.0005,0.48,0.0023,5.26,0.1776,0.0033,4.0
Uta,2023,4,1.45,0.0008,0.0221,0.0007,0.48,0.0023,5.26,0.1776,0.0039,4.0
Uta,2023,5,0.6,0.0004,0.0091,0.0003,0.48,0.0023,5.26,0.1776,0.0026,4.0
Uta,2023,6,0.39,0.0002,0.006,0.0002,0.48,0.0023,5.26,0.1776,0.002,4.0
Uta,2023,7,0.5,0.0003,0.0076,0.0003,0.48,0.0023,5.26,0.1776,0.0025,4.0
Uta,2023,8,2.17,0.0013,0.0331,0.0011,0.48,0.0023,5.26,0.1776,0.0049,4.0
Uta,2023,9,0.13,0.0001,0.002,0.0001,0.48,0.0023,5.26,0.1776,0.0014,4.0
Uta,2023,10,0.82,0.0005,0.0125,0.0004,0.48,0.0023,5.26,0.1776,0.003,4.0
Uta,2023,11,0.53,0.0003,0.008,0.0003,0.48,0.0023,5.26,0.1776,0.0025,4.0
Uta,2023,12,0.66,0.0004,0.0101,0.0003,0.48,0.0023,5.26,0.1776,0.0026,4.0
Valledoria,2023,1,6.03,0.0035,0.0356,0.0012,182.27,0.8899,10.54,0.3558,0.034,4.0
Valledoria,2023,2,5.99,0.0035,0.0353,0.0012,182.27,0.8899,10.54,0.3558,0.034,4.0
Valledoria,2023,3,11.86,0.0069,0.07,0.0023,182.27,0.8899,10.54,0.3558,0.0473,4.0
Valledoria,2023,4,17.18,0.01,0.1014,0.0033,182.27,0.8899,10.54,0.3558,0.0569,4.0
Valledoria,2023,5,225.43,0.1318,1.3299,0.0438,182.27,0.8899,10.54,0.3558,0.2068,4.0
Valledoria,2023,6,1164.03,0.6805,6.8672,0.2261,182.27,0.8899,10.54,0.3558,0.4698,4.0
Valledoria,2023,7,1929.49,1.0,11.3832,0.3748,182.27,0.8899,10.54,0.3558,0.5869,4.0
Valledoria,2023,8,2123.67,1.0,12.5287,0.4125,182.27,0.8899,10.54,0.3558,0.6012,4.0
Valledoria,2023,9,1280.48,0.7486,7.5543,0.2487,182.27,0.8899,10.54,0.3558,0.4927,4.0
Valledoria,2023,10,235.67,0.1378,1.3904,0.0458,182.27,0.8899,10.54,0.3558,0.2114,4.0
Valledoria,2023,11,9.81,0.0057,0.0579,0.0019,182.27,0.8899,10.54,0.3558,0.043,4.0
Valledoria,2023,12,3.9,0.0023,0.023,0.0008,182.27,0.8899,10.54,0.3558,0.0276,4.0
Vallermosa,2023,1,0.04,0.0,0.0015,0.0,0.55,0.0027,5.66,0.1911,0.0,4.0
Vallermosa,2023,2,0.04,0.0,0.0013,0.0,0.55,0.0027,5.66,0.1911,0.0,4.0
Vallermosa,2023,3,0.05,0.0,0.0016,0.0001,0.55,0.0027,5.66,0.1911,0.0,4.0
Vallermosa,2023,4,0.1,0.0001,0.0035,0.0001,0.55,0.0027,5.66,0.1911,0.0015,4.0
Vallermosa,2023,5,0.78,0.0005,0.0267,0.0009,0.55,0.0027,5.66,0.1911,0.0039,4.0
Vallermosa,2023,6,1.39,0.0008,0.0475,0.0016,0.55,0.0027,5.66,0.1911,0.0051,4.0
Vallermosa,2023,7,0.31,0.0002,0.0107,0.0004,0.55,0.0027,5.66,0.1911,0.0025,4.0
Vallermosa,2023,8,1.71,0.001,0.0582,0.0019,0.55,0.0027,5.66,0.1911,0.0056,4.0
Vallermosa,2023,9,2.04,0.0012,0.0697,0.0023,0.55,0.0027,5.66,0.1911,0.0061,4.0
Vallermosa,2023,10,1.53,0.0009,0.052,0.0017,0.55,0.0027,5.66,0.1911,0.0053,4.0
Vallermosa,2023,11,1.35,0.0008,0.0461,0.0015,0.55,0.0027,5.66,0.1911,0.005,4.0
Vallermosa,2023,12,2.07,0.0012,0.0705,0.0023,0.55,0.0027,5.66,0.1911,0.0061,4.0
Viddalba,2023,1,0.06,0.0,0.0018,0.0001,6.04,0.0295,6.07,0.2049,0.0,4.0
Viddalba,2023,2,0.05,0.0,0.0015,0.0,6.04,0.0295,6.07,0.2049,0.0,4.0
Viddalba,2023,3,0.34,0.0002,0.0106,0.0003,6.04,0.0295,6.07,0.2049,0.0044,4.0
Viddalba,2023,4,2.57,0.0015,0.0812,0.0027,6.04,0.0295,6.07,0.2049,0.0125,4.0
Viddalba,2023,5,6.03,0.0035,0.1901,0.0063,6.04,0.0295,6.07,0.2049,0.0191,4.0
Viddalba,2023,6,11.84,0.0069,0.3735,0.0123,6.04,0.0295,6.07,0.2049,0.0268,4.0
Viddalba,2023,7,36.67,0.0214,1.1572,0.0381,6.04,0.0295,6.07,0.2049,0.0471,4.0
Viddalba,2023,8,53.94,0.0315,1.7021,0.056,6.04,0.0295,6.07,0.2049,0.0571,4.0
Viddalba,2023,9,14.84,0.0087,0.4682,0.0154,6.04,0.0295,6.07,0.2049,0.03,4.0
Viddalba,2023,10,6.56,0.0038,0.2069,0.0068,6.04,0.0295,6.07,0.2049,0.0199,4.0
Viddalba,2023,11,0.07,0.0,0.0021,0.0001,6.04,0.0295,6.07,0.2049,0.0,4.0
Viddalba,2023,12,0.8,0.0005,0.0253,0.0008,6.04,0.0295,6.07,0.2049,0.007,4.0
Villa San Pietro,2023,1,1.17,0.0007,0.0218,0.0007,4.72,0.023,7.07,0.2387,0.0072,4.0
Villa San Pietro,2023,2,0.42,0.0002,0.0078,0.0003,4.72,0.023,7.07,0.2387,0.0043,4.0
Villa San Pietro,2023,3,0.03,0.0,0.0005,0.0,4.72,0.023,7.07,0.2387,0.0,4.0
Villa San Pietro,2023,4,3.14,0.0018,0.0587,0.0019,4.72,0.023,7.07,0.2387,0.0117,4.0
Villa San Pietro,2023,5,5.29,0.0031,0.0989,0.0033,4.72,0.023,7.07,0.2387,0.0154,4.0
Villa San Pietro,2023,6,14.34,0.0084,0.2678,0.0088,4.72,0.023,7.07,0.2387,0.0252,4.0
Villa San Pietro,2023,7,36.44,0.0213,0.6807,0.0224,4.72,0.023,7.07,0.2387,0.0402,4.0
Villa San Pietro,2023,8,40.71,0.0238,0.7605,0.025,4.72,0.023,7.07,0.2387,0.0425,4.0
Villa San Pietro,2023,9,15.66,0.0092,0.2925,0.0096,4.72,0.023,7.07,0.2387,0.0264,4.0
Villa San Pietro,2023,10,4.41,0.0026,0.0824,0.0027,4.72,0.023,7.07,0.2387,0.014,4.0
Villa San Pietro,2023,11,0.03,0.0,0.0006,0.0,4.72,0.023,7.07,0.2387,0.0,4.0
Villa San Pietro,2023,12,0.04,0.0,0.0008,0.0,4.72,0.023,7.07,0.2387,0.0,4.0
Villa Sant'Antonio,2023,1,,,,,0.53,0.0026,0.0,0.0,0.0,2.0
Villa Sant'Antonio,2023,2,,,,,0.53,0.0026,0.0,0.0,0.0,2.0
Villa Sant'Antonio,2023,3,,,,,0.53,0.0026,0.0,0.0,0.0,2.0
Villa Sant'Antonio,2023,4,,,,,0.53,0.0026,0.0,0.0,0.0,2.0
Villa Sant'Antonio,2023,5,,,,,0.53,0.0026,0.0,0.0,0.0,2.0
Villa Sant'Antonio,2023,6,,,,,0.53,0.0026,0.0,0.0,0.0,2.0
Villa Sant'Antonio,2023,7,,,,,0.53,0.0026,0.0,0.0,0.0,2.0
Villa Sant'Antonio,2023,8,,,,,0.53,0.0026,0.0,0.0,0.0,2.0
Villa Sant'Antonio,2023,9,,,,,0.53,0.0026,0.0,0.0,0.0,2.0
Villa Sant'Antonio,2023,10,,,,,0.53,0.0026,0.0,0.0,0.0,2.0
Villa Sant'Antonio,2023,11,,,,,0.53,0.0026,0.0,0.0,0.0,2.0
Villa Sant'Antonio,2023,12,,,,,0.53,0.0026,0.0,0.0,0.0,2.0
Villa Verde,2023,1,,,,,0.0,0.0,,,0.0,1.0
Villa Verde,2023,2,,,,,0.0,0.0,,,0.0,1.0
Villa Verde,2023,3,,,,,0.0,0.0,,,0.0,1.0
Villa Verde,2023,4,,,,,0.0,0.0,,,0.0,1.0
Villa Verde,2023,5,,,,,0.0,0.0,,,0.0,1.0
Villa Verde,2023,6,,,,,0.0,0.0,,,0.0,1.0
Villa Verde,2023,7,,,,,0.0,0.0,,,0.0,1.0
Villa Verde,2023,8,,,,,0.0,0.0,,,0.0,1.0
Villa Verde,2023,9,,,,,0.0,0.0,,,0.0,1.0
Villa Verde,2023,10,,,,,0.0,0.0,,,0.0,1.0
Villa Verde,2023,11,,,,,0.0,0.0,,,0.0,1.0
Villa Verde,2023,12,,,,,0.0,0.0,,,0.0,1.0
Villacidro,2023,1,0.39,0.0002,0.0054,0.0002,0.49,0.0024,5.9,0.1992,0.0021,4.0
Villacidro,2023,2,0.35,0.0002,0.0049,0.0002,0.49,0.0024,5.9,0.1992,0.0021,4.0
Villacidro,2023,3,0.34,0.0002,0.0047,0.0002,0.49,0.0024,5.9,0.1992,0.0021,4.0
Villacidro,2023,4,0.85,0.0005,0.0118,0.0004,0.49,0.0024,5.9,0.1992,0.0031,4.0
Villacidro,2023,5,0.83,0.0005,0.0116,0.0004,0.49,0.0024,5.9,0.1992,0.0031,4.0
Villacidro,2023,6,0.95,0.0006,0.0132,0.0004,0.49,0.0024,5.9,0.1992,0.0033,4.0
Villacidro,2023,7,1.04,0.0006,0.0145,0.0005,0.49,0.0024,5.9,0.1992,0.0035,4.0
Villacidro,2023,8,2.25,0.0013,0.0313,0.001,0.49,0.0024,5.9,0.1992,0.005,4.0
Villacidro,2023,9,1.07,0.0006,0.0149,0.0005,0.49,0.0024,5.9,0.1992,0.0035,4.0
Villacidro,2023,10,1.14,0.0007,0.0159,0.0005,0.49,0.0024,5.9,0.1992,0.0036,4.0
Villacidro,2023,11,0.37,0.0002,0.0051,0.0002,0.49,0.0024,5.9,0.1992,0.0021,4.0
Villacidro,2023,12,0.98,0.0006,0.0136,0.0004,0.49,0.0024,5.9,0.1992,0.0033,4.0
Villagrande Strisaili,2023,1,0.0,0.0,0.0001,0.0,0.67,0.0033,6.83,0.2306,0.0,4.0
Villagrande Strisaili,2023,2,0.05,0.0,0.0038,0.0001,0.67,0.0033,6.83,0.2306,0.0,4.0
Villagrande Strisaili,2023,3,0.07,0.0,0.0052,0.0002,0.67,0.0033,6.83,0.2306,0.0,4.0
Villagrande Strisaili,2023,4,0.92,0.0005,0.0655,0.0022,0.67,0.0033,6.83,0.2306,0.0054,4.0
Villagrande Strisaili,2023,5,2.72,0.0016,0.1938,0.0064,0.67,0.0033,6.83,0.2306,0.0094,4.0
Villagrande Strisaili,2023,6,1.82,0.0011,0.13,0.0043,0.67,0.0033,6.83,0.2306,0.0077,4.0
Villagrande Strisaili,2023,7,2.52,0.0015,0.1798,0.0059,0.67,0.0033,6.83,0.2306,0.0091,4.0
Villagrande Strisaili,2023,8,4.73,0.0028,0.3376,0.0111,0.67,0.0033,6.83,0.2306,0.0124,4.0
Villagrande Strisaili,2023,9,3.74,0.0022,0.2666,0.0088,0.67,0.0033,6.83,0.2306,0.011,4.0
Villagrande Strisaili,2023,10,0.14,0.0001,0.0102,0.0003,0.67,0.0033,6.83,0.2306,0.0022,4.0
Villagrande Strisaili,2023,11,0.0,0.0,0.0002,0.0,0.67,0.0033,6.83,0.2306,0.0,4.0
Villagrande Strisaili,2023,12,0.0,0.0,0.0002,0.0,0.67,0.0033,6.83,0.2306,0.0,4.0
Villamar,2023,1,0.04,0.0,0.0006,0.0,0.31,0.0015,3.26,0.1101,0.0,4.0
Villamar,2023,2,1.84,0.0011,0.0288,0.0009,0.31,0.0015,3.26,0.1101,0.0036,4.0
Villamar,2023,3,0.04,0.0,0.0007,0.0,0.31,0.0015,3.26,0.1101,0.0,4.0
Villamar,2023,4,0.09,0.0001,0.0015,0.0,0.31,0.0015,3.26,0.1101,0.0,4.0
Villamar,2023,5,0.12,0.0001,0.0019,0.0001,0.31,0.0015,3.26,0.1101,0.0011,4.0
Villamar,2023,6,0.2,0.0001,0.0032,0.0001,0.31,0.0015,3.26,0.1101,0.0011,4.0
Villamar,2023,7,0.29,0.0002,0.0045,0.0001,0.31,0.0015,3.26,0.1101,0.0013,4.0
Villamar,2023,8,0.28,0.0002,0.0044,0.0001,0.31,0.0015,3.26,0.1101,0.0013,4.0
Villamar,2023,9,0.39,0.0002,0.006,0.0002,0.31,0.0015,3.26,0.1101,0.0016,4.0
Villamar,2023,10,0.1,0.0001,0.0016,0.0001,0.31,0.0015,3.26,0.1101,0.0011,4.0
Villamar,2023,11,0.28,0.0002,0.0045,0.0001,0.31,0.0015,3.26,0.1101,0.0013,4.0
Villamar,2023,12,0.06,0.0,0.001,0.0,0.31,0.0015,3.26,0.1101,0.0,4.0
Villamassargia,2023,1,0.01,0.0,0.0002,0.0,0.84,0.0041,3.43,0.1158,0.0,4.0
Villamassargia,2023,2,0.18,0.0001,0.005,0.0002,0.84,0.0041,3.43,0.1158,0.0018,4.0
Villamassargia,2023,3,0.01,0.0,0.0003,0.0,0.84,0.0041,3.43,0.1158,0.0,4.0
Villamassargia,2023,4,0.22,0.0001,0.0059,0.0002,0.84,0.0041,3.43,0.1158,0.0018,4.0
Villamassargia,2023,5,0.66,0.0004,0.018,0.0006,0.84,0.0041,3.43,0.1158,0.0033,4.0
Villamassargia,2023,6,0.91,0.0005,0.0247,0.0008,0.84,0.0041,3.43,0.1158,0.0037,4.0
Villamassargia,2023,7,2.21,0.0013,0.06,0.002,0.84,0.0041,3.43,0.1158,0.0059,4.0
Villamassargia,2023,8,4.58,0.0027,0.1244,0.0041,0.84,0.0041,3.43,0.1158,0.0085,4.0
Villamassargia,2023,9,0.86,0.0005,0.0234,0.0008,0.84,0.0041,3.43,0.1158,0.0037,4.0
Villamassargia,2023,10,0.35,0.0002,0.0095,0.0003,0.84,0.0041,3.43,0.1158,0.0023,4.0
Villamassargia,2023,11,0.54,0.0003,0.0146,0.0005,0.84,0.0041,3.43,0.1158,0.0029,4.0
Villamassargia,2023,12,0.01,0.0,0.0004,0.0,0.84,0.0041,3.43,0.1158,0.0,4.0
Villanova Monteleone,2023,1,0.0,0.0,0.0002,0.0,0.58,0.0028,6.53,0.2205,0.0,4.0
Villanova Monteleone,2023,2,0.0,0.0,0.0002,0.0,0.58,0.0028,6.53,0.2205,0.0,4.0
Villanova Monteleone,2023,3,0.05,0.0,0.0045,0.0001,0.58,0.0028,6.53,0.2205,0.0,4.0
Villanova Monteleone,2023,4,1.03,0.0006,0.0996,0.0033,0.58,0.0028,6.53,0.2205,0.0059,4.0
Villanova Monteleone,2023,5,0.69,0.0004,0.0669,0.0022,0.58,0.0028,6.53,0.2205,0.0048,4.0
Villanova Monteleone,2023,6,1.72,0.001,0.166,0.0055,0.58,0.0028,6.53,0.2205,0.0076,4.0
Villanova Monteleone,2023,7,3.89,0.0023,0.3761,0.0124,0.58,0.0028,6.53,0.2205,0.0115,4.0
Villanova Monteleone,2023,8,4.39,0.0026,0.4242,0.014,0.58,0.0028,6.53,0.2205,0.0122,4.0
Villanova Monteleone,2023,9,1.59,0.0009,0.1534,0.0051,0.58,0.0028,6.53,0.2205,0.0073,4.0
Villanova Monteleone,2023,10,0.39,0.0002,0.0372,0.0012,0.58,0.0028,6.53,0.2205,0.0035,4.0
Villanova Monteleone,2023,11,0.0,0.0,0.0002,0.0,0.58,0.0028,6.53,0.2205,0.0,4.0
Villanova Monteleone,2023,12,0.0,0.0,0.0003,0.0,0.58,0.0028,6.53,0.2205,0.0,4.0
Villanova Truschedu,2023,1,,,,,0.12,0.0006,0.0,0.0,0.0,2.0
Villanova Truschedu,2023,2,,,,,0.12,0.0006,0.0,0.0,0.0,2.0
Villanova Truschedu,2023,3,,,,,0.12,0.0006,0.0,0.0,0.0,2.0
Villanova Truschedu,2023,4,,,,,0.12,0.0006,0.0,0.0,0.0,2.0
Villanova Truschedu,2023,5,,,,,0.12,0.0006,0.0,0.0,0.0,2.0
Villanova Truschedu,2023,6,,,,,0.12,0.0006,0.0,0.0,0.0,2.0
Villanova Truschedu,2023,7,,,,,0.12,0.0006,0.0,0.0,0.0,2.0
Villanova Truschedu,2023,8,,,,,0.12,0.0006,0.0,0.0,0.0,2.0
Villanova Truschedu,2023,9,,,,,0.12,0.0006,0.0,0.0,0.0,2.0
Villanova Truschedu,2023,10,,,,,0.12,0.0006,0.0,0.0,0.0,2.0
Villanova Truschedu,2023,11,,,,,0.12,0.0006,0.0,0.0,0.0,2.0
Villanova Truschedu,2023,12,,,,,0.12,0.0006,0.0,0.0,0.0,2.0
Villanova Tulo,2023,1,0.03,0.0,0.0012,0.0,0.07,0.0003,4.38,0.1479,0.0,4.0
Villanova Tulo,2023,2,0.02,0.0,0.001,0.0,0.07,0.0003,4.38,0.1479,0.0,4.0
Villanova Tulo,2023,3,0.03,0.0,0.0012,0.0,0.07,0.0003,4.38,0.1479,0.0,4.0
Villanova Tulo,2023,4,0.17,0.0001,0.0067,0.0002,0.07,0.0003,4.38,0.1479,0.001,4.0
Villanova Tulo,2023,5,0.09,0.0001,0.0036,0.0001,0.07,0.0003,4.38,0.1479,0.0008,4.0
Villanova Tulo,2023,6,0.15,0.0001,0.006,0.0002,0.07,0.0003,4.38,0.1479,0.001,4.0
Villanova Tulo,2023,7,0.21,0.0001,0.0084,0.0003,0.07,0.0003,4.38,0.1479,0.0011,4.0
Villanova Tulo,2023,8,0.2,0.0001,0.0083,0.0003,0.07,0.0003,4.38,0.1479,0.0011,4.0
Villanova Tulo,2023,9,0.13,0.0001,0.0052,0.0002,0.07,0.0003,4.38,0.1479,0.001,4.0
Villanova Tulo,2023,10,0.07,0.0,0.003,0.0001,0.07,0.0003,4.38,0.1479,0.0,4.0
Villanova Tulo,2023,11,0.04,0.0,0.0014,0.0,0.07,0.0003,4.38,0.1479,0.0,4.0
Villanova Tulo,2023,12,0.05,0.0,0.0019,0.0001,0.07,0.0003,4.38,0.1479,0.0,4.0
Villanovaforru,2023,1,,,,,7.34,0.0358,0.03,0.001,0.006,2.0
Villanovaforru,2023,2,,,,,7.34,0.0358,0.03,0.001,0.006,2.0
Villanovaforru,2023,3,,,,,7.34,0.0358,0.03,0.001,0.006,2.0
Villanovaforru,2023,4,,,,,7.34,0.0358,0.03,0.001,0.006,2.0
Villanovaforru,2023,5,,,,,7.34,0.0358,0.03,0.001,0.006,2.0
Villanovaforru,2023,6,,,,,7.34,0.0358,0.03,0.001,0.006,2.0
Villanovaforru,2023,7,,,,,7.34,0.0358,0.03,0.001,0.006,2.0
Villanovaforru,2023,8,,,,,7.34,0.0358,0.03,0.001,0.006,2.0
Villanovaforru,2023,9,,,,,7.34,0.0358,0.03,0.001,0.006,2.0
Villanovaforru,2023,10,0.93,,0.0172,,7.34,0.0358,0.03,0.001,0.006,2.0
Villanovaforru,2023,11,,,,,7.34,0.0358,0.03,0.001,0.006,2.0
Villanovaforru,2023,12,,,,,7.34,0.0358,0.03,0.001,0.006,2.0
Villanovafranca,2023,1,0.58,0.0003,0.0134,0.0004,0.58,0.0028,22.0,0.7427,0.004,4.0
Villanovafranca,2023,2,0.47,0.0003,0.0109,0.0004,0.58,0.0028,22.0,0.7427,0.004,4.0
Villanovafranca,2023,3,1.23,0.0007,0.0286,0.0009,0.58,0.0028,22.0,0.7427,0.006,4.0
Villanovafranca,2023,4,1.41,0.0008,0.0328,0.0011,0.58,0.0028,22.0,0.7427,0.0065,4.0
Villanovafranca,2023,5,4.0,0.0023,0.0933,0.0031,0.58,0.0028,22.0,0.7427,0.011,4.0
Villanovafranca,2023,6,5.59,0.0033,0.1303,0.0043,0.58,0.0028,22.0,0.7427,0.0131,4.0
Villanovafranca,2023,7,6.31,0.0037,0.1471,0.0048,0.58,0.0028,22.0,0.7427,0.0139,4.0
Villanovafranca,2023,8,9.05,0.0053,0.2109,0.0069,0.58,0.0028,22.0,0.7427,0.0166,4.0
Villanovafranca,2023,9,3.46,0.002,0.0807,0.0027,0.58,0.0028,22.0,0.7427,0.0103,4.0
Villanovafranca,2023,10,7.14,0.0042,0.1664,0.0055,0.58,0.0028,22.0,0.7427,0.0148,4.0
Villanovafranca,2023,11,6.31,0.0037,0.1471,0.0048,0.58,0.0028,22.0,0.7427,0.0139,4.0
Villanovafranca,2023,12,0.79,0.0005,0.0185,0.0006,0.58,0.0028,22.0,0.7427,0.005,4.0
Villaperuccio,2023,1,0.23,0.0001,0.0085,0.0003,0.38,0.0019,3.23,0.109,0.0016,4.0
Villaperuccio,2023,2,0.01,0.0,0.0005,0.0,0.38,0.0019,3.23,0.109,0.0,4.0
Villaperuccio,2023,3,0.32,0.0002,0.0115,0.0004,0.38,0.0019,3.23,0.109,0.002,4.0
Villaperuccio,2023,4,0.61,0.0004,0.0222,0.0007,0.38,0.0019,3.23,0.109,0.0028,4.0
Villaperuccio,2023,5,0.29,0.0002,0.0107,0.0004,0.38,0.0019,3.23,0.109,0.002,4.0
Villaperuccio,2023,6,0.57,0.0003,0.0208,0.0007,0.38,0.0019,3.23,0.109,0.0026,4.0
Villaperuccio,2023,7,0.11,0.0001,0.0042,0.0001,0.38,0.0019,3.23,0.109,0.0012,4.0
Villaperuccio,2023,8,2.18,0.0013,0.0796,0.0026,0.38,0.0019,3.23,0.109,0.0051,4.0
Villaperuccio,2023,9,0.07,0.0,0.0026,0.0001,0.38,0.0019,3.23,0.109,0.0,4.0
Villaperuccio,2023,10,0.04,0.0,0.0015,0.0,0.38,0.0019,3.23,0.109,0.0,4.0
Villaperuccio,2023,11,0.02,0.0,0.0007,0.0,0.38,0.0019,3.23,0.109,0.0,4.0
Villaperuccio,2023,12,0.03,0.0,0.0009,0.0,0.38,0.0019,3.23,0.109,0.0,4.0
Villaputzu,2023,1,0.48,0.0003,0.0196,0.0006,4.59,0.0224,4.35,0.1469,0.0049,4.0
Villaputzu,2023,2,0.46,0.0003,0.0189,0.0006,4.59,0.0224,4.35,0.1469,0.0049,4.0
Villaputzu,2023,3,1.05,0.0006,0.0428,0.0014,4.59,0.0224,4.35,0.1469,0.0073,4.0
Villaputzu,2023,4,5.13,0.003,0.209,0.0069,4.59,0.0224,4.35,0.1469,0.0162,4.0
Villaputzu,2023,5,9.3,0.0054,0.3788,0.0125,4.59,0.0224,4.35,0.1469,0.0217,4.0
Villaputzu,2023,6,19.14,0.0112,0.7797,0.0257,4.59,0.0224,4.35,0.1469,0.0312,4.0
Villaputzu,2023,7,42.85,0.0251,1.7457,0.0575,4.59,0.0224,4.35,0.1469,0.0467,4.0
Villaputzu,2023,8,51.41,0.0301,2.0945,0.069,4.59,0.0224,4.35,0.1469,0.0511,4.0
Villaputzu,2023,9,26.72,0.0156,1.0886,0.0358,4.59,0.0224,4.35,0.1469,0.0368,4.0
Villaputzu,2023,10,12.13,0.0071,0.4943,0.0163,4.59,0.0224,4.35,0.1469,0.0248,4.0
Villaputzu,2023,11,1.13,0.0007,0.046,0.0015,4.59,0.0224,4.35,0.1469,0.0077,4.0
Villaputzu,2023,12,0.5,0.0003,0.0205,0.0007,4.59,0.0224,4.35,0.1469,0.0051,4.0
Villasalto,2023,1,,,,,0.03,0.0001,0.0,0.0,0.0,2.0
Villasalto,2023,2,,,,,0.03,0.0001,0.0,0.0,0.0,2.0
Villasalto,2023,3,,,,,0.03,0.0001,0.0,0.0,0.0,2.0
Villasalto,2023,4,,,,,0.03,0.0001,0.0,0.0,0.0,2.0
Villasalto,2023,5,,,,,0.03,0.0001,0.0,0.0,0.0,2.0
Villasalto,2023,6,,,,,0.03,0.0001,0.0,0.0,0.0,2.0
Villasalto,2023,7,,,,,0.03,0.0001,0.0,0.0,0.0,2.0
Villasalto,2023,8,,,,,0.03,0.0001,0.0,0.0,0.0,2.0
Villasalto,2023,9,,,,,0.03,0.0001,0.0,0.0,0.0,2.0
Villasalto,2023,10,,,,,0.03,0.0001,0.0,0.0,0.0,2.0
Villasalto,2023,11,,,,,0.03,0.0001,0.0,0.0,0.0,2.0
Villasalto,2023,12,,,,,0.03,0.0001,0.0,0.0,0.0,2.0
Villasimius,2023,1,7.13,0.0042,0.1125,0.0037,204.82,1.0,16.96,0.5726,0.0546,4.0
Villasimius,2023,2,9.87,0.0058,0.1556,0.0051,204.82,1.0,16.96,0.5726,0.0642,4.0
Villasimius,2023,3,21.09,0.0123,0.3326,0.011,204.82,1.0,16.96,0.5726,0.0938,4.0
Villasimius,2023,4,185.05,0.1082,2.9181,0.0961,204.82,1.0,16.96,0.5726,0.2778,4.0
Villasimius,2023,5,673.82,0.3939,10.6256,0.3499,204.82,1.0,16.96,0.5726,0.53,4.0
Villasimius,2023,6,2236.23,1.0,35.2638,1.0,204.82,1.0,16.96,0.5726,0.8699,4.0
Villasimius,2023,7,3246.61,1.0,51.1968,1.0,204.82,1.0,16.96,0.5726,0.8699,4.0
Villasimius,2023,8,3465.27,1.0,54.6449,1.0,204.82,1.0,16.96,0.5726,0.8699,4.0
Villasimius,2023,9,2153.63,1.0,33.9612,1.0,204.82,1.0,16.96,0.5726,0.8699,4.0
Villasimius,2023,10,654.46,0.3826,10.3204,0.3398,204.82,1.0,16.96,0.5726,0.5223,4.0
Villasimius,2023,11,18.39,0.0108,0.2901,0.0096,204.82,1.0,16.96,0.5726,0.0878,4.0
Villasimius,2023,12,8.27,0.0048,0.1304,0.0043,204.82,1.0,16.96,0.5726,0.0586,4.0
Villasor,2023,1,,,,,0.37,0.0018,4.42,0.1492,0.0164,2.0
Villasor,2023,2,,,,,0.37,0.0018,4.42,0.1492,0.0164,2.0
Villasor,2023,3,,,,,0.37,0.0018,4.42,0.1492,0.0164,2.0
Villasor,2023,4,,,,,0.37,0.0018,4.42,0.1492,0.0164,2.0
Villasor,2023,5,,,,,0.37,0.0018,4.42,0.1492,0.0164,2.0
Villasor,2023,6,,,,,0.37,0.0018,4.42,0.1492,0.0164,2.0
Villasor,2023,7,1.61,,0.0212,,0.37,0.0018,4.42,0.1492,0.0164,2.0
Villasor,2023,8,2.02,,0.0264,,0.37,0.0018,4.42,0.1492,0.0164,2.0
Villasor,2023,9,1.37,,0.018,,0.37,0.0018,4.42,0.1492,0.0164,2.0
Villasor,2023,10,0.82,,0.0107,,0.37,0.0018,4.42,0.1492,0.0164,2.0
Villasor,2023,11,0.13,,0.0017,,0.37,0.0018,4.42,0.1492,0.0164,2.0
Villasor,2023,12,,,,,0.37,0.0018,4.42,0.1492,0.0164,2.0
Villaspeciosa,2023,1,0.14,0.0001,0.0015,0.0,0.3,0.0015,4.79,0.1617,0.0,4.0
Villaspeciosa,2023,2,0.12,0.0001,0.0012,0.0,0.3,0.0015,4.79,0.1617,0.0,4.0
Villaspeciosa,2023,3,0.15,0.0001,0.0015,0.0,0.3,0.0015,4.79,0.1617,0.0,4.0
Villaspeciosa,2023,4,0.33,0.0002,0.0034,0.0001,0.3,0.0015,4.79,0.1617,0.0015,4.0
Villaspeciosa,2023,5,0.42,0.0002,0.0044,0.0001,0.3,0.0015,4.79,0.1617,0.0015,4.0
Villaspeciosa,2023,6,0.7,0.0004,0.0074,0.0002,0.3,0.0015,4.79,0.1617,0.0021,4.0
Villaspeciosa,2023,7,0.99,0.0006,0.0104,0.0003,0.3,0.0015,4.79,0.1617,0.0026,4.0
Villaspeciosa,2023,8,0.98,0.0006,0.0103,0.0003,0.3,0.0015,4.79,0.1617,0.0026,4.0
Villaspeciosa,2023,9,0.61,0.0004,0.0064,0.0002,0.3,0.0015,4.79,0.1617,0.0021,4.0
Villaspeciosa,2023,10,0.36,0.0002,0.0037,0.0001,0.3,0.0015,4.79,0.1617,0.0015,4.0
Villaspeciosa,2023,11,0.17,0.0001,0.0018,0.0001,0.3,0.0015,4.79,0.1617,0.0012,4.0
Villaspeciosa,2023,12,0.22,0.0001,0.0023,0.0001,0.3,0.0015,4.79,0.1617,0.0012,4.0
Villaurbana,2023,1,0.02,0.0,0.0009,0.0,0.68,0.0033,0.93,0.0314,0.0,4.0
Villaurbana,2023,2,0.02,0.0,0.0007,0.0,0.68,0.0033,0.93,0.0314,0.0,4.0
Villaurbana,2023,3,0.02,0.0,0.0009,0.0,0.68,0.0033,0.93,0.0314,0.0,4.0
Villaurbana,2023,4,0.05,0.0,0.0021,0.0001,0.68,0.0033,0.93,0.0314,0.0,4.0
Villaurbana,2023,5,0.07,0.0,0.0027,0.0001,0.68,0.0033,0.93,0.0314,0.0,4.0
Villaurbana,2023,6,0.11,0.0001,0.0044,0.0001,0.68,0.0033,0.93,0.0314,0.001,4.0
Villaurbana,2023,7,0.16,0.0001,0.0062,0.0002,0.68,0.0033,0.93,0.0314,0.0012,4.0
Villaurbana,2023,8,1.65,0.001,0.0661,0.0022,0.68,0.0033,0.93,0.0314,0.0039,4.0
Villaurbana,2023,9,0.1,0.0001,0.0038,0.0001,0.68,0.0033,0.93,0.0314,0.001,4.0
Villaurbana,2023,10,0.06,0.0,0.0023,0.0001,0.68,0.0033,0.93,0.0314,0.0,4.0
Villaurbana,2023,11,0.03,0.0,0.0011,0.0,0.68,0.0033,0.93,0.0314,0.0,4.0
Villaurbana,2023,12,0.03,0.0,0.0014,0.0,0.68,0.0033,0.93,0.0314,0.0,4.0
Zeddiani,2023,1,0.01,0.0,0.0001,0.0,1.08,0.0053,1.29,0.0436,0.0,4.0
Zeddiani,2023,2,0.01,0.0,0.0001,0.0,1.08,0.0053,1.29,0.0436,0.0,4.0
Zeddiani,2023,3,0.01,0.0,0.0001,0.0,1.08,0.0053,1.29,0.0436,0.0,4.0
Zeddiani,2023,4,0.03,0.0,0.0003,0.0,1.08,0.0053,1.29,0.0436,0.0,4.0
Zeddiani,2023,5,0.03,0.0,0.0004,0.0,1.08,0.0053,1.29,0.0436,0.0,4.0
Zeddiani,2023,6,0.89,0.0005,0.0095,0.0003,1.08,0.0053,1.29,0.0436,0.0024,4.0
Zeddiani,2023,7,0.08,0.0,0.0008,0.0,1.08,0.0053,1.29,0.0436,0.0,4.0
Zeddiani,2023,8,3.89,0.0023,0.0415,0.0014,1.08,0.0053,1.29,0.0436,0.0052,4.0
Zeddiani,2023,9,0.05,0.0,0.0005,0.0,1.08,0.0053,1.29,0.0436,0.0,4.0
Zeddiani,2023,10,0.03,0.0,0.0003,0.0,1.08,0.0053,1.29,0.0436,0.0,4.0
Zeddiani,2023,11,0.01,0.0,0.0001,0.0,1.08,0.0053,1.29,0.0436,0.0,4.0
Zeddiani,2023,12,0.02,0.0,0.0002,0.0,1.08,0.0053,1.29,0.0436,0.0,4.0
Zerfaliu,2023,1,,,,,1.46,0.0071,0.0,0.0,0.0,2.0
Zerfaliu,2023,2,,,,,1.46,0.0071,0.0,0.0,0.0,2.0
Zerfaliu,2023,3,,,,,1.46,0.0071,0.0,0.0,0.0,2.0
Zerfaliu,2023,4,,,,,1.46,0.0071,0.0,0.0,0.0,2.0
Zerfaliu,2023,5,,,,,1.46,0.0071,0.0,0.0,0.0,2.0
Zerfaliu,2023,6,,,,,1.46,0.0071,0.0,0.0,0.0,2.0
Zerfaliu,2023,7,,,,,1.46,0.0071,0.0,0.0,0.0,2.0
Zerfaliu,2023,8,,,,,1.46,0.0071,0.0,0.0,0.0,2.0
Zerfaliu,2023,9,,,,,1.46,0.0071,0.0,0.0,0.0,2.0
Zerfaliu,2023,10,,,,,1.46,0.0071,0.0,0.0,0.0,2.0
Zerfaliu,2023,11,,,,,1.46,0.0071,0.0,0.0,0.0,2.0
Zerfaliu,2023,12,,,,,1.46,0.0071,0.0,0.0,0.0,2.0
