{"type": "FeatureCollection", "features": [{"type": "Feature", "geometry": {"type": "MultiPolygon", "coordinates": [[[[8.337731387701771, 40.49931329325829], [8.337443751035044, 40.499192464532484], [8.337201600046726, 40.499208953295934], [8.336390043299296, 40.49997300694168], [8.336653971399356, 40.500123496511854], [8.337385065972638, 40.49960329911757], [8.337731387701771, 40.49931329325829]]], [[[8.153139207613911, 40.572066617745854], [8.153297531029843, 40.5716776550382], [8.153455845713724, 40.57102094905087], [8.15233585427165, 40.56961119573525], [8.150098685981948, 40.56902299535045], [8.150053674341624, 40.57013788090459], [8.15008563097467, 40.570576693861454], [8.150390460208367, 40.571189129940386], [8.150635195245558, 40.57161043860229], [8.152333467926983, 40.57213840399985], [8.152883413335198, 40.57227869475034], [8.153012172931142, 40.57222513684307], [8.153139207613911, 40.572066617745854]]], [[[8.300356180937293, 40.571723288143666], [8.30031544405834, 40.57166448508115], [8.299984053990219, 40.571721828330695], [8.299913042429838, 40.57173411662869], [8.299534637010748, 40.57183692486209], [8.299433121841957, 40.572014982687875], [8.299472965654425, 40.57215936428064], [8.299969658929877, 40.57310309432736], [8.300414000516572, 40.5722686673906], [8.300457998795423, 40.571872549140316], [8.300356180937293, 40.571723288143666]]], [[[8.142511192557027, 40.605356272729956], [8.143681708687211, 40.60532892328944], [8.143966852683286, 40.60521392485402], [8.144174009994726, 40.60503528784124], [8.14420587952583, 40.60500780511476], [8.144277586474736, 40.604945968275345], [8.144595949840387, 40.60454293860823], [8.144392127586979, 40.60419009213408], [8.14420193053019, 40.6039274323816], [8.140325008301454, 40.60174332418925], [8.138795064326487, 40.601842282106546], [8.138364034756783, 40.60200910484813], [8.13773117587341, 40.60296985003087], [8.138382017074026, 40.603830109609895], [8.139545726830256, 40.605253140411286], [8.140276525289805, 40.605411728713854], [8.140760979097877, 40.60542434255939], [8.142511192557027, 40.605356272729956]]], [[[8.367878417460572, 40.49643398377335], [8.366386738935969, 40.49568708731698], [8.365775848821666, 40.4953954520982], [8.365199430322164, 40.49520310136046], [8.364391652754128, 40.494986952279724], [8.364328356174324, 40.494973091627706], [8.363900375185958, 40.49489117249083], [8.363424525140601, 40.49493208088166], [8.363136644830567, 40.49495752073495], [8.362179740696702, 40.49506935887209], [8.361742652457234, 40.49527414958973], [8.361480382106407, 40.49539882509274], [8.355180852916089, 40.49888631410038], [8.345996794069476, 40.5012792174313], [8.345116651166819, 40.50085090275181], [8.341336157648941, 40.49967384053313], [8.34048425690764, 40.4994276967417], [8.338047475502558, 40.49987951533349], [8.337873841651138, 40.50000464470346], [8.3377622200579, 40.50008508455204], [8.337641554333192, 40.50035465810342], [8.337404609601506, 40.50167648566234], [8.33880548051411, 40.507217059107965], [8.33186133613185, 40.52203775066838], [8.326750985605438, 40.52992964920009], [8.325932879903565, 40.53130435277406], [8.325681201676296, 40.531927876715066], [8.324026222885829, 40.53642823044557], [8.322390852237797, 40.540968090680195], [8.320144596698846, 40.546336517873435], [8.317973370859011, 40.55111301089274], [8.309434183426863, 40.56067706170637], [8.313099563860566, 40.55997767687451], [8.314724631680258, 40.56052741327529], [8.31494415551843, 40.56106644936356], [8.315568421927225, 40.56310810233376], [8.314243145092048, 40.563818615545046], [8.313999238190478, 40.56386582859588], [8.311275158517567, 40.56523193553515], [8.311219310965818, 40.56547973154684], [8.313391526517554, 40.56532819655155], [8.315405603966704, 40.56519000227884], [8.316710595279106, 40.56510628968166], [8.31685919809028, 40.565302580645], [8.317693220133348, 40.56733201270202], [8.317701085751388, 40.569019639151605], [8.317596622671598, 40.57068753266648], [8.317135585927243, 40.57176218909867], [8.315960579224312, 40.57377020323549], [8.306929163347387, 40.58540820466418], [8.306795052365954, 40.585579240701016], [8.306703946306538, 40.58567666446101], [8.306525466812802, 40.58585464089405], [8.306309942423027, 40.58606955581648], [8.305889500488512, 40.586447648552976], [8.305540079195264, 40.58674959207136], [8.304449877092495, 40.587679938672196], [8.303944002109828, 40.588074707465125], [8.303346787405498, 40.58853287378165], [8.303115698300626, 40.58871015094594], [8.302758889977905, 40.58893136859548], [8.302673194412295, 40.58898449766207], [8.29984939941067, 40.5907286182642], [8.297650019526044, 40.59184585790271], [8.295039954072296, 40.5929808687877], [8.293847897157294, 40.59342421402969], [8.292140424314761, 40.59387521613412], [8.291807731817928, 40.59394412084672], [8.291479122334861, 40.59400681467586], [8.291012851287213, 40.59409577004812], [8.286920619098826, 40.594622708166526], [8.28706800022471, 40.59215185623846], [8.277643428522012, 40.59248257899104], [8.273616174249549, 40.59183572269165], [8.268754856019054, 40.59019699614038], [8.268363762668582, 40.59002898528609], [8.26809483752388, 40.58990115973658], [8.267792992010481, 40.58962021637044], [8.267526433681457, 40.5893322610393], [8.26745054741212, 40.58911219287648], [8.26740499251778, 40.588413729790645], [8.26773568664049, 40.586940651339596], [8.263343440310667, 40.582981549755395], [8.261033270428223, 40.58393410393559], [8.260735232767914, 40.584039175186014], [8.25909322436192, 40.58421782727505], [8.258496644466005, 40.58425442333562], [8.258458219139941, 40.58425655407932], [8.257181722889834, 40.58428776482126], [8.256898216426658, 40.58428031083952], [8.256723986988288, 40.584274903485635], [8.256440495531518, 40.58426610436833], [8.250321039264504, 40.583865139316195], [8.247188019320152, 40.58245623321617], [8.246701662205249, 40.58209947091006], [8.246204229610894, 40.58167732066915], [8.24589615277623, 40.581360005495725], [8.245667867112724, 40.581039832287914], [8.245648557251805, 40.58091808864225], [8.245647874987526, 40.58081453193387], [8.245648612820057, 40.580757687784434], [8.245764223796504, 40.57837838897127], [8.246027948057694, 40.5748836046922], [8.243817482675995, 40.56986931728778], [8.230188154705393, 40.56942232522189], [8.223259467721897, 40.56972371495322], [8.21357992291429, 40.57120278384466], [8.210141102115845, 40.57145390949494], [8.20934555767175, 40.571482790622184], [8.207733774515606, 40.57075095453519], [8.20601133749856, 40.56922889443158], [8.203268120286268, 40.569026947858006], [8.198772673195645, 40.57107814820424], [8.197902906377204, 40.57475765332349], [8.197746409136169, 40.57571824519024], [8.197744472304564, 40.57588038772094], [8.197884980678003, 40.576258602819706], [8.198028258615444, 40.576503958577085], [8.199770494300363, 40.578896588833445], [8.210538015144362, 40.59301540308369], [8.211221887628794, 40.59302214546247], [8.21514420700239, 40.593327859687236], [8.21540845441881, 40.593389661299355], [8.215932003973773, 40.59359023138713], [8.216190607837756, 40.5937090993333], [8.216429945503712, 40.593844390470565], [8.216542802549549, 40.59390967935677], [8.216851899679073, 40.59413248796006], [8.217492780309884, 40.59475669976027], [8.217606260779107, 40.59493651187146], [8.217898994236608, 40.59542331882038], [8.218285864151127, 40.59645292712043], [8.21940936985403, 40.60045136500333], [8.219509237660963, 40.60101057785833], [8.219364170550024, 40.60179672928373], [8.218614377979192, 40.60335506599945], [8.218053994661659, 40.60418079188787], [8.212164072245335, 40.612343925815], [8.211729717342253, 40.61279398865282], [8.209490315818776, 40.61483421088131], [8.206990287472527, 40.61612707572677], [8.205052827746677, 40.616817381878064], [8.20267292349715, 40.61746455881489], [8.2009915943859, 40.61784711375671], [8.197359759061268, 40.618356388230445], [8.19573818746149, 40.61835444635657], [8.194058442618108, 40.618203732212955], [8.193350027072384, 40.618015728681094], [8.191754341717845, 40.617531675109596], [8.19087726638782, 40.61722043869023], [8.190260881795595, 40.61687288627065], [8.189372841176905, 40.615814078099426], [8.189160127076955, 40.61519476628351], [8.189226077055006, 40.61470707651139], [8.190034398951733, 40.612291445236615], [8.188936872013336, 40.606567722882374], [8.182181021278199, 40.59934919755882], [8.173056407636986, 40.5942326240115], [8.170669048907962, 40.589464224483315], [8.173002378824206, 40.58792335698622], [8.17151328531143, 40.58161731151881], [8.16921084115197, 40.58314452317246], [8.169169441245359, 40.58328059436981], [8.169121660161888, 40.58342986700639], [8.168957719929391, 40.58366241409805], [8.168848372922852, 40.58380304029095], [8.168737705685771, 40.5838727463543], [8.168696294778915, 40.5838977403805], [8.168269569005991, 40.58413508843775], [8.168020239355448, 40.58424188153812], [8.167795199888243, 40.58426857580261], [8.167351142050489, 40.584306714978716], [8.16664107696918, 40.58426459628462], [8.166111295128221, 40.58412729305188], [8.16525912760193, 40.58376836999064], [8.164880541956535, 40.58348566609696], [8.164782098177511, 40.5834121537705], [8.164367357865524, 40.58307545501265], [8.162953492773786, 40.580970035521695], [8.161962413007739, 40.57872531903086], [8.16153220440751, 40.57757696882201], [8.16149592641971, 40.57634251557371], [8.16184196837891, 40.57568636368673], [8.1625138330293, 40.57461751479437], [8.163390711419146, 40.57372628052472], [8.163592028079641, 40.573578533526934], [8.163954236769591, 40.57342800760734], [8.164102580119422, 40.57337456374949], [8.164141149646262, 40.57336066936192], [8.165506367675649, 40.56771983679922], [8.164980869832036, 40.56235811451676], [8.164608959520368, 40.56060335836936], [8.16440083137777, 40.56032020541769], [8.164015347570622, 40.56013724186546], [8.163677400743142, 40.56007880537739], [8.163030493962806, 40.560095202701476], [8.161176072259048, 40.56074208776837], [8.160921880973472, 40.56107584931161], [8.157857141740486, 40.56621732621932], [8.157880293616126, 40.5721497313499], [8.153994059212643, 40.578320524440244], [8.149821299575166, 40.585532118232344], [8.147507839557344, 40.59723256156141], [8.146825076593778, 40.60375878444836], [8.147956493245834, 40.606691565300665], [8.146828203192516, 40.6099026933678], [8.145471038926317, 40.61315265514065], [8.143332770305838, 40.61538896799249], [8.143052565748237, 40.62119122311175], [8.143047935856522, 40.62155348890243], [8.143044524307147, 40.62182042129098], [8.143474229797727, 40.62344442284824], [8.143596424610003, 40.623674150283016], [8.144236109905798, 40.6241807762372], [8.146891856976142, 40.62615593151277], [8.147876119786089, 40.626624786421736], [8.147987932525858, 40.62666502434224], [8.148068111762234, 40.62668026756344], [8.14825187466889, 40.62671313989181], [8.148525170405373, 40.62672303785636], [8.148658210102303, 40.6267211584505], [8.148891769575693, 40.62671785768387], [8.149288315628368, 40.626677194693514], [8.14984278774189, 40.6265466928697], [8.15042031710989, 40.626369566061875], [8.151185550815121, 40.62613454269101], [8.153985952409993, 40.626158321579695], [8.157280008748842, 40.626415653544136], [8.159436408921744, 40.6271171492978], [8.159754737932824, 40.62722081255381], [8.160165028732836, 40.62735442194005], [8.161894348963894, 40.62805614429996], [8.162698502122796, 40.62863740206945], [8.162949475926446, 40.628897092926486], [8.163085445355149, 40.629252792155256], [8.163124690286626, 40.62954247743354], [8.162993514653866, 40.629946914241835], [8.162629820552443, 40.6308226157238], [8.162429106677978, 40.63103511422526], [8.176226799021315, 40.636335831260844], [8.180054219777038, 40.63676720715616], [8.18282494726705, 40.6367163392782], [8.185361955694253, 40.63825966152874], [8.186549432019834, 40.63907317662779], [8.189244099375045, 40.64950267724163], [8.192213488101698, 40.66277734800526], [8.196389386026972, 40.670547090807965], [8.198818923917353, 40.67329356161511], [8.19758259518789, 40.67388325053487], [8.196943831910808, 40.674257956721156], [8.196693217479568, 40.674436383766796], [8.196561777882971, 40.67454357163569], [8.196430337864973, 40.67465075934898], [8.196405161182946, 40.67477670380468], [8.196367395969736, 40.67496562092154], [8.196285802183247, 40.6774679262131], [8.197700135674411, 40.67828488599386], [8.198301757166613, 40.67817597561871], [8.199215246926368, 40.67811812888424], [8.200206585658208, 40.67833670200087], [8.201868341754295, 40.678771602810535], [8.20279207091884, 40.67907977152428], [8.204106798149507, 40.679594446908254], [8.204191552699543, 40.679681508387475], [8.20426461595404, 40.67975656182628], [8.204556683093005, 40.6800727478967], [8.204623756608736, 40.68023874137131], [8.204720486657163, 40.680478134029784], [8.205015433258401, 40.682944000106374], [8.20499873592458, 40.68394946323291], [8.204919068564417, 40.68474504346629], [8.20490306694882, 40.6849048341281], [8.204590782430577, 40.68591389113128], [8.2045325897515, 40.68609366036122], [8.204387103684361, 40.68654308415102], [8.204259072628082, 40.68693857734747], [8.203225141490549, 40.68833677635754], [8.201466216587995, 40.689041926436865], [8.200596718675436, 40.689383863105704], [8.200063834714372, 40.68953444317933], [8.19994282124925, 40.68956509233467], [8.199730726492968, 40.68955578121599], [8.19118017109052, 40.69101863106535], [8.178920295542406, 40.6933306009357], [8.178439743883246, 40.69342965374432], [8.175349540543888, 40.694483010607826], [8.174851799846849, 40.694655119412], [8.174754921557026, 40.69471298265613], [8.174562899042755, 40.69492781382175], [8.174330154405988, 40.695205412531784], [8.174226160197907, 40.695332589550816], [8.174183599794674, 40.69545209823944], [8.174140676144349, 40.69557340602572], [8.17408329842783, 40.69830257209348], [8.174366686335862, 40.69931655342721], [8.174449866942746, 40.699388916871634], [8.17469344643974, 40.699694244578794], [8.174913985630903, 40.700047152494186], [8.174948583237663, 40.70012110606659], [8.17503506054625, 40.70031082472753], [8.175249267505231, 40.7010539963685], [8.175173659825756, 40.70165252036447], [8.174658433625309, 40.702542393714516], [8.173114971358205, 40.704820783908865], [8.171709056118178, 40.70651030594781], [8.171060156459456, 40.707289386062754], [8.17091632698922, 40.707432489108086], [8.169491401154312, 40.70873748497998], [8.169109086739793, 40.709018500406756], [8.158838402317434, 40.714146490085454], [8.154114901335523, 40.71705774049371], [8.153104335050887, 40.71925740368235], [8.147439598762059, 40.725233348478135], [8.144740915954785, 40.727111463612815], [8.144560335403993, 40.727229937757706], [8.144310305136566, 40.72733618569925], [8.141873668978409, 40.72804777916598], [8.140462131547718, 40.72788863664697], [8.139439531738986, 40.72764229313174], [8.133117695257415, 40.731175134455476], [8.135431808688255, 40.735370482188536], [8.13974933415036, 40.738779028254484], [8.154061421743366, 40.74909476239289], [8.155644682355886, 40.75116704011181], [8.158024070362238, 40.75763106729923], [8.160598265943532, 40.76229731020448], [8.162507298424117, 40.764046363908605], [8.165965708896628, 40.76719855549523], [8.16649279833822, 40.77163978880758], [8.166624232474629, 40.780871866505], [8.163817852105199, 40.785575262930905], [8.16061764446862, 40.7908875021464], [8.1643118981057, 40.79615289923015], [8.171726782873323, 40.799576389377684], [8.1843603867128, 40.812075595136726], [8.184765975445746, 40.81705533605957], [8.191617890515063, 40.822076129308904], [8.193464249780556, 40.825648195841474], [8.194259075652258, 40.830179565048894], [8.193076615121399, 40.835093561006005], [8.19762875918639, 40.83915279735065], [8.206318381043484, 40.84924428289957], [8.207047065885916, 40.8501900234966], [8.207529621856525, 40.85349827089516], [8.21352561657787, 40.86237754598542], [8.218602035572657, 40.86951055599193], [8.217697620139532, 40.87671102203243], [8.220168056290255, 40.882831686493375], [8.222109879607855, 40.885604969063024], [8.222927568494404, 40.887502130800286], [8.221825485556703, 40.89204843448369], [8.217496894598273, 40.89732948822011], [8.212680143233765, 40.90307091770345], [8.205716660268756, 40.90754527850514], [8.195015704439768, 40.91267780615107], [8.191665451359302, 40.9139155140842], [8.189104908530044, 40.91755935895089], [8.191209891069018, 40.92096271458873], [8.18553959105781, 40.92693428323421], [8.178062045731844, 40.932317635981136], [8.175926813116975, 40.93519851218538], [8.176534210041547, 40.93722227605592], [8.17701615379409, 40.938350132650314], [8.177303683999991, 40.93899176152926], [8.177592761092853, 40.93926969815636], [8.182206318160384, 40.942643403946235], [8.18365113238255, 40.9473513944264], [8.184985951752228, 40.94945072155916], [8.189065933334463, 40.95546986204444], [8.193264175528029, 40.9590575193268], [8.197496009707384, 40.96285244164455], [8.201404403797225, 40.97084273990846], [8.201714461696392, 40.97272757813859], [8.206141160979318, 40.96955126598901], [8.209445229146308, 40.965835613558106], [8.211379452058825, 40.9635517947931], [8.212326392576223, 40.962375951617325], [8.212364347440772, 40.96230416623002], [8.21258870818783, 40.96184886891828], [8.212673370576171, 40.961668945759484], [8.212905448015942, 40.96102666455395], [8.223825992522153, 40.95506053902662], [8.227911440420874, 40.95341366084065], [8.22891014484058, 40.95302707822546], [8.22989344146116, 40.95291225137267], [8.236379938064164, 40.94934313992233], [8.233293384105414, 40.93970434637311], [8.23135211398276, 40.939333905092006], [8.227563470196788, 40.93857481021075], [8.227905752132237, 40.93272590361417], [8.229775946654467, 40.927962300285095], [8.232494095516108, 40.924528626199134], [8.2344185004967, 40.92165705855671], [8.235548813766098, 40.91736686107798], [8.234243944844277, 40.9146565737041], [8.234142497071526, 40.91470094037819], [8.23403567148128, 40.9146967059279], [8.233596503334027, 40.914679296417304], [8.233442358536205, 40.91463230001345], [8.233146872294812, 40.91454115366255], [8.232863489904403, 40.914388052616346], [8.232733889548012, 40.91431320106353], [8.232523909723742, 40.91398750919936], [8.23234944926583, 40.913671061651485], [8.232271017208568, 40.9133778440923], [8.232178743423168, 40.91303034332246], [8.2323227342644, 40.912027393607], [8.232346502266733, 40.91187278180829], [8.23245648939399, 40.91145097874512], [8.232702829992462, 40.910835864755136], [8.2341311686841, 40.90880480408937], [8.23434460892591, 40.908504646281024], [8.234455288933452, 40.90835224145054], [8.235269101096632, 40.907231616586316], [8.23747544347978, 40.90430719059906], [8.238567529693851, 40.9029745237249], [8.247595267526675, 40.89313804752425], [8.264142267473362, 40.87837039873316], [8.264575587296727, 40.87793288078308], [8.264725306219985, 40.87779361719264], [8.265924421931024, 40.87668115040247], [8.266392066290063, 40.87624728508657], [8.26882538223347, 40.8740557132527], [8.27264322019176, 40.871125141840196], [8.27512007240702, 40.86924760273366], [8.27710909633093, 40.867838137235786], [8.27918020287908, 40.86604061819093], [8.28230206736024, 40.86351962135798], [8.285674707823812, 40.86105265366018], [8.287710019578345, 40.8596048080023], [8.289783949250184, 40.85819249355], [8.294958840454079, 40.8549407162983], [8.301554689659069, 40.851163046894975], [8.307683736726693, 40.848543990376484], [8.31263776865779, 40.84563374009732], [8.313725599025924, 40.84489310993666], [8.313856302141707, 40.84480434676307], [8.31474183154144, 40.84448756331793], [8.31551020916746, 40.84431513104176], [8.315553309870287, 40.844305458632576], [8.321446976381727, 40.843764804556386], [8.324924472267588, 40.843552235878995], [8.336073835496979, 40.84250098573104], [8.343139899481836, 40.84145142305114], [8.348371534113559, 40.84329178021229], [8.349594791850404, 40.84825798918965], [8.349712262348918, 40.8487042227213], [8.349862455096961, 40.84927346452746], [8.350147014188074, 40.85035193624327], [8.350444408489176, 40.85042089219319], [8.3522199110378, 40.850832548651205], [8.354412686984944, 40.85134090554309], [8.361099094945248, 40.85275091121962], [8.361493492336809, 40.85282390000118], [8.362513765482719, 40.852915122620274], [8.363794860675005, 40.85283661654224], [8.364657943381664, 40.852782295538475], [8.375703887788973, 40.85191639854963], [8.384247843517208, 40.85121039035591], [8.384723726323775, 40.85115963321961], [8.37593866017796, 40.85170889578538], [8.364808056613422, 40.85259222005759], [8.364529046300685, 40.85261432947432], [8.36406602075921, 40.852649595898626], [8.363472397775723, 40.852694805823575], [8.363150356791772, 40.85271933012194], [8.362345034344312, 40.85272614082219], [8.3622857647973, 40.85272104773684], [8.36191088000734, 40.85268883256398], [8.3616932826578, 40.85264707653567], [8.361101183956206, 40.85253345219386], [8.360581619635754, 40.85243374308975], [8.35222541815727, 40.850503894996976], [8.350186077097822, 40.848707011672545], [8.348108916435123, 40.840587796795965], [8.350112003419301, 40.839667862080404], [8.361398814440538, 40.838410048243695], [8.372235538460075, 40.83774323052555], [8.376898365087895, 40.838945428624434], [8.37909822409817, 40.839418764641835], [8.379207717382721, 40.83908942347078], [8.37926071205267, 40.83895796148735], [8.37929423124406, 40.838874814915044], [8.379619601826143, 40.83864437774775], [8.379762883425357, 40.838542900877236], [8.379951913134706, 40.83851126152877], [8.3801731421171, 40.838474342084396], [8.380382257778315, 40.838439741681476], [8.380459090555455, 40.83843303768325], [8.380901461798974, 40.838409555699045], [8.383892882698254, 40.83829816008371], [8.390626285811063, 40.83834686847886], [8.392427903455602, 40.840092707338115], [8.393068901335262, 40.8408331049717], [8.405415342474452, 40.83993463523909], [8.41753935786614, 40.83993230340577], [8.42239398377977, 40.835140494900976], [8.431170205672352, 40.83051564126006], [8.441827870872283, 40.82502642148361], [8.446799349913128, 40.82270364222545], [8.451894413375868, 40.820908306751065], [8.454968645858514, 40.82018418320979], [8.455604260875475, 40.82003629332443], [8.457465454142126, 40.819735880132306], [8.457812683845727, 40.819688609089646], [8.458806703910511, 40.81957616789682], [8.467012961616067, 40.81950627004556], [8.467300076304662, 40.81937584816306], [8.467554109547642, 40.819325223023114], [8.468663222618497, 40.819135529939395], [8.469328418853735, 40.819109604935], [8.47030946273756, 40.81913409121918], [8.479183027773022, 40.819396320812196], [8.481183276712176, 40.819495744595514], [8.48473885187061, 40.81972910788172], [8.489654238365915, 40.820082711100916], [8.494677672113538, 40.820464033344074], [8.495404942703948, 40.82053289985563], [8.49596187490341, 40.820585633982034], [8.517136093234221, 40.82295194630108], [8.51969455630357, 40.82324269548479], [8.524435975353049, 40.823830183203086], [8.524835130557781, 40.823884752589905], [8.527032405147454, 40.82423947855671], [8.539795701211741, 40.826345010709915], [8.539832710893343, 40.82635231826321], [8.540424862137098, 40.826469242891896], [8.541361352827689, 40.82665415329002], [8.541590604871535, 40.8266995094994], [8.542793395622814, 40.82695055946399], [8.5433687101316, 40.82707074440196], [8.543565982663292, 40.82711331711458], [8.545752914947004, 40.827585412494514], [8.546385945842015, 40.82772237168744], [8.546937987386046, 40.82785509701007], [8.548714008445248, 40.828282080332954], [8.549306021761925, 40.82842440235602], [8.549390383189106, 40.82844468293661], [8.552857693148095, 40.829346192945735], [8.555817426111425, 40.83012446013541], [8.559664908160068, 40.831177867250766], [8.559849198265704, 40.831230368268756], [8.562920328754885, 40.83210523447255], [8.563362776889383, 40.832231265408936], [8.564104060960208, 40.832454549843526], [8.565287759644418, 40.832811083129364], [8.565490468372225, 40.832872138613304], [8.56608775269332, 40.83305568014238], [8.56700408441334, 40.83333725744038], [8.568505699646904, 40.83382708478358], [8.571205651843785, 40.83471587743709], [8.576605295710518, 40.836568621537026], [8.576941288832723, 40.836699348952145], [8.578306121428687, 40.83723036331302], [8.579278667409124, 40.837608736294484], [8.579474252093549, 40.83768542403441], [8.580080757228698, 40.837948686659814], [8.582443859749757, 40.83897512596514], [8.583629486572763, 40.83949016815422], [8.588361347580776, 40.841550875890796], [8.591318717145088, 40.842870012426324], [8.594052638961172, 40.844134195666655], [8.603146159688093, 40.84868507334834], [8.604328904121207, 40.84928577441206], [8.605913341082909, 40.85017039960286], [8.607670212521356, 40.851243880363576], [8.620593154686881, 40.860516179952945], [8.62086219144135, 40.86073673506987], [8.621947339120007, 40.86162865464927], [8.622067623766783, 40.86172868201373], [8.624504546639209, 40.86388909577973], [8.625322065254322, 40.86488492651853], [8.625591478835897, 40.86550737795037], [8.625790613213434, 40.86596745003813], [8.627597677532137, 40.87065538738637], [8.629104142962886, 40.87651148268025], [8.62948733582988, 40.877606902963244], [8.629711072615308, 40.87792291286823], [8.630138670846662, 40.878129224184086], [8.630744657253315, 40.878378904961465], [8.631114118174343, 40.8793621930391], [8.632065271696726, 40.88144257706005], [8.632996566592292, 40.88232498262037], [8.633211142620924, 40.88242520616988], [8.633333968686928, 40.882482574809345], [8.633806117634972, 40.882389950578904], [8.634262259692044, 40.88229859699009], [8.63439857428017, 40.88233080177411], [8.634643890124426, 40.882388760811175], [8.635672860541943, 40.882631862409134], [8.63749244473216, 40.883298603845965], [8.640724565631732, 40.8851317774266], [8.644507160997712, 40.887511561161055], [8.647458347300804, 40.89053613165], [8.650891256760731, 40.89212528164098], [8.66265410804932, 40.89546628170566], [8.66583799085587, 40.89631115170355], [8.670362254562571, 40.89736010361959], [8.68296404129329, 40.902903967658375], [8.689300416970646, 40.90643461859909], [8.690489204847852, 40.90732352493594], [8.690660208844415, 40.907453843839065], [8.690808103469331, 40.9075668441075], [8.69087042465834, 40.9082268693763], [8.691799580867068, 40.91003101437387], [8.694575094317173, 40.912284165451936], [8.699771259297487, 40.9147858956888], [8.702010921603623, 40.91550448623211], [8.702497238771382, 40.915630084154955], [8.70305027902141, 40.915772910975114], [8.70334242980115, 40.9158344692749], [8.70353852935252, 40.91579894014904], [8.703652086119954, 40.91563257927357], [8.703652825299276, 40.91546705356653], [8.703652996265976, 40.915428768500085], [8.70142409798664, 40.9142936057563], [8.705192883165767, 40.91457017794462], [8.711118548335733, 40.918368642839845], [8.716169471047957, 40.91486015188914], [8.716172713304749, 40.91471957365154], [8.716330975429123, 40.91408350999211], [8.716755280450187, 40.91378757256934], [8.716882795012145, 40.91369863537718], [8.71716916257279, 40.91349890567672], [8.718833276081273, 40.91311111581146], [8.726045787758016, 40.9127242319958], [8.726259471465857, 40.91273879695891], [8.7270385258524, 40.91279189572639], [8.728844085175995, 40.91336818253268], [8.729257318016659, 40.91358610355985], [8.72931361288173, 40.913615887627486], [8.729377535144184, 40.91372864124753], [8.72959473922678, 40.914113283414984], [8.729635747687688, 40.91418745890489], [8.729678420463486, 40.91427433015767], [8.729708905423484, 40.91438234157097], [8.730390869141475, 40.915170862177916], [8.732296932782642, 40.91643794182181], [8.734060995520633, 40.916892437562375], [8.73993750659433, 40.91805664880174], [8.757314288585505, 40.91739412146742], [8.762683544438891, 40.91602364958273], [8.768447963750445, 40.915885605747825], [8.769646844767559, 40.91602990642044], [8.769756315387987, 40.916043830353985], [8.770182196734945, 40.916118840280795], [8.770838086405501, 40.916246208494485], [8.771370291253735, 40.916448867433466], [8.771414765637191, 40.916465803932695], [8.772400143314224, 40.9169782214968], [8.77611487797102, 40.91808975574689], [8.780472285525748, 40.91912340113648], [8.781420192939384, 40.91922897257891], [8.781908726059214, 40.919283379232326], [8.782864787572757, 40.91957540557092], [8.78384382321391, 40.91990610837988], [8.789629970427773, 40.9220968693118], [8.79039330143494, 40.92244423497772], [8.791531246358726, 40.92307697784223], [8.793247380359798, 40.924155486140826], [8.794557725911304, 40.925123505013396], [8.802677335113527, 40.93116424794201], [8.80789365683362, 40.934605202776204], [8.812873034530973, 40.93801310922386], [8.81897351552813, 40.94228358632766], [8.824417238014059, 40.946807126447275], [8.835220390249598, 40.95606911127079], [8.8362399578789, 40.95700742007864], [8.837223929308959, 40.95793666118261], [8.840139701243329, 40.960996499457146], [8.84413463410605, 40.9651347755978], [8.849268495710133, 40.970375374915584], [8.853657610450123, 40.97476090037136], [8.859800355386675, 40.98076611600185], [8.86603949390856, 40.98735852270949], [8.870426428132449, 40.9927954711419], [8.876468441838965, 41.00875669256536], [8.876574121211586, 41.009478584145135], [8.876604665655046, 41.00983894298644], [8.876604535110609, 41.00990891600275], [8.876604409363871, 41.00997631717638], [8.876066307388696, 41.01126840947613], [8.875360235239105, 41.01171805546795], [8.872718579523191, 41.013112827807205], [8.871534131786255, 41.013438891281886], [8.871136124512315, 41.01348914164496], [8.870927620503549, 41.01337968465408], [8.87050374469526, 41.01302563949026], [8.87047302906562, 41.01261348180867], [8.87047042872756, 41.01257857204905], [8.870560150101717, 41.01230955507397], [8.870767227759314, 41.01216340480371], [8.87093676868459, 41.01204374763954], [8.871060322719108, 41.01195654584396], [8.871532223600745, 41.011615357728914], [8.872018200904714, 41.01126398598656], [8.87210683528372, 41.01119990080647], [8.872107013830963, 41.011107567665846], [8.871973454870824, 41.01098918743334], [8.871511736753963, 41.011206280720465], [8.871429606344094, 41.01126333097314], [8.87093760159894, 41.01161693202638], [8.870583305810422, 41.01187155922757], [8.870316733331485, 41.01211560571418], [8.869117163861695, 41.01411963174799], [8.869355482290064, 41.014539385776516], [8.869996225941426, 41.01514073369607], [8.87047394754582, 41.01543681652583], [8.87766957924528, 41.017656498734546], [8.878336709170151, 41.017657204825184], [8.87949521521169, 41.01740101134518], [8.879986638209978, 41.01711551251185], [8.882157108186936, 41.01549060962309], [8.882288093183398, 41.015400662239706], [8.882823640183217, 41.01519762410315], [8.884441772760763, 41.01480830394304], [8.884518516430425, 41.01479592790098], [8.884608321119043, 41.01478144615189], [8.884934617891588, 41.01479078055345], [8.885201777670531, 41.01484059211007], [8.885381202435418, 41.01487410105495], [8.885415571539717, 41.01488134089549], [8.885617470227402, 41.01493446467483], [8.88592803201897, 41.01501697147988], [8.88656978929206, 41.01528784938377], [8.886645947712415, 41.01533946028824], [8.887080589774179, 41.01563966849684], [8.887264495656504, 41.0157839790034], [8.8874369074069, 41.015919269777434], [8.887780891445292, 41.01646009335669], [8.888164203320294, 41.017138677844244], [8.888243340997635, 41.01728028348411], [8.888278732239993, 41.017451472872324], [8.88827868657954, 41.017478497456125], [8.887842173582706, 41.01801856156732], [8.88323890623167, 41.022493286059095], [8.88221068425553, 41.02821803077949], [8.885378815072583, 41.027399233599304], [8.889201420143364, 41.02664516358156], [8.892318475979645, 41.02722467921814], [8.89880614169743, 41.0328391982919], [8.903800005755242, 41.03562367847647], [8.90840660838047, 41.036800073126706], [8.914387746328423, 41.03649006046298], [8.916050689857075, 41.03556336536969], [8.921201092839492, 41.03753640169732], [8.921075175755663, 41.0396171883175], [8.921085200088408, 41.03994036077788], [8.922038800659742, 41.04127083159361], [8.923823003346392, 41.04261165700805], [8.926232642365202, 41.04367312493153], [8.928424875994933, 41.043674507237164], [8.92939036857962, 41.043436388098264], [8.945470651513277, 41.056067706606754], [8.949985982670421, 41.059175385829406], [8.951681870354115, 41.0612062090704], [8.95688263080229, 41.06821317190413], [8.966093143151873, 41.07516709248886], [8.969949531752412, 41.0794289699443], [8.973183577167806, 41.081962608651544], [8.977705294018216, 41.084089015692015], [8.981515811631335, 41.08662847487122], [8.981791001046235, 41.09250999184874], [8.990189805794301, 41.10297832948532], [8.990288035477839, 41.10309994595293], [8.991002491231592, 41.10366750830665], [8.991705093131326, 41.10388375306255], [8.994299467524277, 41.104583406622496], [8.996678403152954, 41.10487946186553], [8.997185197773307, 41.1059198268174], [8.999165131716692, 41.108719944929405], [9.008308787896015, 41.12078269710229], [9.011882558649344, 41.12379110237128], [9.015439009299836, 41.12528715995322], [9.017553549361523, 41.12598832331886], [9.021841289651856, 41.126954592584035], [9.03073148495146, 41.13057962590603], [9.039645949857704, 41.13541417833213], [9.040792163034277, 41.136539772355206], [9.041469973038549, 41.137116039397846], [9.042268430026175, 41.13734995601362], [9.046330495356083, 41.13808254242959], [9.047034945013566, 41.13803219938556], [9.050835417533637, 41.13741855833054], [9.051836527573613, 41.13685223447976], [9.05216909121675, 41.13641735620234], [9.057244389298857, 41.12887600462403], [9.057381125998235, 41.1287137928431], [9.058023947229593, 41.12813696100546], [9.058250206673664, 41.12802875127579], [9.060072558338291, 41.12759543232456], [9.060312272830613, 41.127550267788216], [9.060454132424487, 41.127524056611456], [9.060513277276216, 41.12751593183756], [9.063844385440982, 41.12736595264272], [9.064301549166505, 41.12735819829364], [9.064599375584399, 41.1273531457185], [9.07971119939321, 41.12846179548066], [9.091945705368426, 41.13015405978029], [9.104220511847311, 41.13338919718359], [9.107724243932221, 41.13394737606165], [9.108391825282533, 41.13417256669697], [9.108603039373959, 41.13424381313577], [9.10937531970417, 41.13450431346262], [9.110179175272782, 41.13493142597295], [9.110776868495522, 41.13544827913799], [9.110936193987502, 41.135587268268964], [9.120802206292776, 41.14469890413459], [9.121769215571721, 41.145661735731665], [9.122042386915275, 41.145946997790055], [9.12225879793851, 41.14620169311711], [9.12286798004374, 41.14696897211526], [9.123008923786225, 41.14746200639095], [9.12310496708583, 41.14784023638819], [9.123121026041318, 41.148461766993265], [9.123085982137972, 41.14884013877416], [9.122330353182456, 41.149408871220366], [9.120386730622135, 41.14964469631891], [9.119014724498566, 41.15127655838191], [9.118978690657858, 41.15134865869808], [9.118884103388755, 41.15153792253163], [9.118813263952656, 41.1519073208566], [9.1189308072591, 41.15265147996044], [9.118939778373456, 41.152699888681894], [9.11902393945644, 41.1531533507796], [9.119052629832147, 41.153289791372494], [9.119464227473824, 41.15405053455526], [9.120220363959728, 41.15495054099738], [9.1205830885845, 41.1551843678873], [9.123195197367048, 41.15625354684079], [9.124518333848116, 41.15635135709025], [9.12457644513211, 41.15635565232465], [9.12549461840217, 41.15580967580132], [9.12596337010789, 41.15552991911571], [9.126303240321601, 41.1548563247132], [9.131282871316309, 41.15375842522625], [9.139482575815016, 41.15380396223688], [9.149071856418983, 41.15515183251182], [9.159092919304202, 41.16086903441555], [9.16774394705076, 41.16810799705122], [9.168028787216365, 41.168406346520804], [9.168090591068449, 41.168477941768316], [9.168437657116382, 41.16901115243408], [9.170737069125762, 41.17310185661527], [9.171036919021478, 41.17372183060655], [9.17110587907197, 41.17395593336964], [9.171141498755944, 41.17425314044748], [9.17119546577964, 41.174703454645844], [9.171247032526837, 41.17514326456782], [9.171157839233508, 41.17605469444784], [9.171113754963084, 41.17650515420572], [9.171060245429196, 41.17703669951491], [9.169881976235864, 41.177246750589845], [9.16899120177069, 41.177772825727594], [9.162830125701474, 41.182134705005865], [9.158549804255047, 41.18572468621707], [9.156542391908076, 41.191627587803204], [9.155071444588595, 41.193012284641746], [9.154998380530309, 41.193128359217006], [9.154751089292663, 41.19370181688503], [9.154112458266662, 41.19724726771766], [9.154992226844595, 41.20113747888487], [9.15503320132644, 41.201298806909506], [9.155064446020093, 41.20141662535579], [9.155556816770801, 41.20221315670533], [9.15561515716038, 41.20229619484401], [9.15574676331644, 41.202469623825465], [9.156636406941036, 41.20292781741148], [9.156809482086482, 41.202984063319384], [9.15685722733503, 41.2029995792923], [9.158349090892948, 41.203411899116254], [9.159282062323328, 41.20512435376419], [9.16568177372364, 41.21839962708618], [9.165904920576233, 41.21995765912496], [9.167079163684285, 41.228991924477846], [9.166028201536806, 41.23096502842515], [9.163306983569178, 41.23367576395546], [9.163259301579382, 41.23371636697323], [9.16300632313106, 41.23393178640206], [9.162850015265482, 41.234055599107165], [9.162218823168853, 41.23455556278911], [9.161650585709072, 41.234942352567295], [9.160421186554437, 41.235663788606146], [9.159972019427327, 41.23583023747188], [9.158141392351142, 41.23602950601135], [9.157747606425954, 41.23603004615073], [9.1571388332433, 41.235949807749094], [9.156087943416539, 41.23561794876613], [9.155992395417737, 41.235582046784465], [9.152799943908844, 41.234127064696956], [9.15019897914932, 41.23193258279019], [9.147712955973942, 41.23116112796441], [9.143590228379777, 41.232436442693555], [9.140966962266784, 41.234682627160694], [9.138361870113153, 41.238559138850434], [9.141655619441535, 41.24483356295754], [9.143876645597736, 41.246739332887], [9.144239626044037, 41.24694718253909], [9.14560960495913, 41.24714700790895], [9.146054051399204, 41.24708789399563], [9.152779696267922, 41.244648191089496], [9.159525309021125, 41.24081073404294], [9.16537150547613, 41.23641569181586], [9.170387162482731, 41.241605874238395], [9.173774266507397, 41.24530075950893], [9.18095301736443, 41.24802581416924], [9.18593797015342, 41.247689088508075], [9.1944707268315, 41.24590046034231], [9.19485762070379, 41.242053483354304], [9.194901509308, 41.24131022606638], [9.194917354114905, 41.240484020469125], [9.197145804649205, 41.241996230369146], [9.20803103134651, 41.25042637250718], [9.21312321902332, 41.253233113541384], [9.215055328184436, 41.25503895484371], [9.225582441035774, 41.259140833974], [9.229364133535876, 41.25888467545728], [9.235319859291799, 41.258219594286295], [9.235992103662253, 41.256780355109264], [9.235464040244834, 41.25515666197362], [9.234814348334679, 41.253725754644286], [9.234620933026786, 41.24970868549691], [9.23463135383865, 41.24928529859265], [9.236225475706226, 41.246594345566116], [9.2362805352307, 41.24655556372886], [9.236797832062628, 41.24619119764114], [9.237012665965763, 41.246039875157244], [9.23747129060391, 41.24580117629204], [9.237590414270006, 41.24573917637947], [9.238067005488935, 41.245519714842814], [9.23856070589813, 41.24529510122684], [9.23907091592561, 41.24508461154102], [9.239268492568847, 41.24501889517591], [9.239903785059697, 41.245202232288094], [9.241051759579651, 41.245814534475144], [9.261142348315634, 41.24093137457463], [9.271314122386283, 41.2361607537984], [9.27829775816088, 41.23014940175693], [9.279538971291124, 41.22881467075708], [9.279966997462731, 41.228114097109255], [9.280441032227133, 41.22714414205229], [9.281616833296683, 41.22453866818133], [9.281703176002278, 41.22406178919238], [9.281940792268204, 41.219181573188244], [9.281619473605968, 41.21785960513754], [9.2804554829102, 41.21507393697117], [9.276674139580253, 41.20905322594095], [9.270992858879673, 41.19975460420811], [9.269971459519157, 41.19692558492478], [9.269945589453146, 41.1967731109049], [9.269994940070104, 41.196496526927056], [9.270157802936302, 41.1962006096393], [9.270308162286659, 41.195933321594914], [9.271977250293043, 41.19460611791777], [9.272241851000498, 41.19442758812481], [9.272470223164545, 41.194333045910504], [9.27276271290917, 41.194216923365246], [9.274193282392776, 41.19374624319036], [9.2754434969542, 41.193420561055326], [9.276717529159251, 41.19317158533755], [9.277385179849231, 41.19313394756361], [9.278255935836562, 41.19318589460739], [9.279527271132938, 41.19338947483053], [9.279928168423092, 41.19382139928546], [9.279989520625074, 41.19422660386017], [9.279942957476656, 41.19430968539786], [9.278769512653895, 41.198994715097605], [9.280651511290172, 41.20601625851416], [9.286045363062815, 41.21288496743031], [9.285795785351437, 41.21789393400904], [9.286394111878145, 41.219000407942474], [9.286611085736089, 41.219171016952224], [9.28666943919944, 41.219215910203026], [9.287857078060854, 41.21941957033653], [9.289029580060642, 41.219030532309034], [9.2894644752071, 41.21887213894326], [9.289778153133824, 41.21861394985066], [9.29003042162207, 41.218370213684345], [9.293968255053445, 41.21315209577575], [9.296429043522856, 41.20869622242156], [9.298525160239537, 41.20355721325185], [9.295260819013878, 41.20015731342451], [9.291809455933826, 41.198922002484075], [9.2892101816718, 41.19768445112604], [9.288201116279254, 41.196399972156605], [9.28819973639248, 41.196085374144225], [9.288403908329817, 41.19515535681123], [9.28913803011151, 41.194195408686554], [9.290042890734885, 41.193320827222244], [9.290502274063835, 41.193002521237524], [9.301219930361718, 41.19071401747992], [9.301666820881087, 41.190656614952374], [9.301879880224005, 41.190631218244945], [9.303310910253238, 41.190645475181434], [9.303954985837011, 41.190658792476555], [9.304049819224565, 41.19066116706663], [9.30468248577526, 41.190695901526404], [9.305481682979147, 41.19074783113808], [9.305839573786983, 41.19078006829796], [9.306161676644072, 41.19080908096769], [9.306436124706755, 41.19084732474901], [9.308128032614334, 41.191083079872925], [9.308572049996485, 41.19114494745028], [9.31031253738489, 41.191032176044956], [9.310610751326267, 41.19105222370088], [9.310956680103223, 41.19107547830072], [9.311959076128359, 41.19122590127975], [9.314175875928788, 41.19162838639756], [9.315383181352464, 41.191979232118975], [9.315528438835342, 41.19202688429922], [9.316054126614572, 41.19223262323661], [9.316699760649053, 41.19258215579174], [9.317171067901759, 41.192866654833196], [9.31734561903877, 41.19297672277066], [9.317610818954147, 41.19330928376844], [9.31789752219483, 41.193668805829205], [9.318420650698064, 41.19457264901837], [9.318431287795857, 41.194658194802194], [9.318495106186912, 41.19517146496488], [9.318491551015804, 41.195360639191264], [9.318430666824353, 41.19556362162636], [9.318409607637351, 41.19559593899136], [9.31617310955764, 41.19961216569566], [9.31606697602198, 41.19986223278094], [9.316140223151795, 41.200213337403355], [9.316476502330172, 41.20069883713454], [9.316802570075131, 41.20096817510457], [9.319324785131695, 41.20270872910275], [9.319934497079679, 41.20300429587222], [9.320053984054395, 41.203049003377735], [9.320200418051417, 41.203075619135255], [9.320340314660342, 41.20306622218494], [9.32062588064446, 41.20287323761569], [9.322423982783224, 41.19839434773345], [9.321239985354092, 41.19680829261215], [9.319274426175676, 41.19556249988913], [9.32282185273787, 41.19107886249776], [9.329253518772356, 41.18648037038431], [9.331867549903825, 41.18532415623944], [9.332642900270946, 41.18538497409641], [9.332871235586284, 41.18544286502738], [9.333503458510915, 41.185607681825985], [9.334482064216296, 41.18595615041946], [9.335021324822174, 41.186170775099924], [9.336372180300513, 41.18734370968217], [9.341493678629634, 41.192235451989276], [9.338983406292321, 41.19175305430348], [9.338626711625986, 41.19144102353737], [9.338392349676996, 41.191313408095986], [9.338193547176079, 41.19120589792607], [9.338022069675148, 41.19116254988701], [9.337835345193588, 41.191116870028765], [9.33762004063943, 41.19112387989526], [9.337322679375408, 41.1911363885459], [9.33468087196315, 41.192036051722425], [9.33415641219565, 41.19226259235591], [9.33078100888913, 41.194506282261656], [9.331369432947994, 41.19531529750506], [9.33837543176676, 41.20315876755728], [9.341835626129672, 41.20592296036224], [9.348269514286972, 41.207462035921324], [9.350217654737271, 41.207600253308705], [9.350490931271182, 41.2074012492269], [9.35069235318572, 41.207148416876805], [9.350809751542151, 41.20679675423763], [9.350826406301938, 41.20672464126617], [9.350868040655847, 41.20654435838055], [9.350932627187829, 41.205238026037776], [9.351294419402416, 41.2037506319279], [9.351625189856628, 41.203155105766356], [9.35181260044076, 41.20309756475684], [9.352720759883287, 41.20283648179608], [9.353006768407022, 41.20279236755794], [9.353137856610374, 41.202772148291764], [9.354031727577683, 41.20265230210929], [9.354174799027488, 41.20264285430195], [9.354270454851198, 41.202687599575405], [9.356076559872552, 41.20363685844959], [9.359133124725908, 41.206410785752134], [9.362979754982517, 41.20748867157751], [9.363314234575567, 41.20757949731655], [9.363908556058703, 41.207206498472104], [9.364074192885832, 41.206962763721556], [9.364864410307819, 41.20562260091163], [9.366057140170772, 41.20000243487198], [9.365345577787663, 41.196312675350036], [9.365298042670723, 41.19324896696102], [9.366729211262747, 41.189001723358054], [9.36923284802423, 41.184669954508365], [9.369918219781459, 41.18356879651628], [9.370007576634315, 41.18343233486698], [9.37004825914334, 41.18337020621202], [9.37023831963949, 41.18324348533831], [9.370559482640221, 41.183107334492774], [9.372561849515488, 41.18297476467895], [9.37313436268937, 41.18300894212561], [9.373681692101092, 41.18307022311545], [9.375068831155312, 41.18351610690553], [9.37520812724995, 41.18385784985639], [9.375238172381506, 41.18393892418358], [9.375823261437493, 41.18617096419769], [9.375843281357046, 41.18628349697897], [9.375855565685578, 41.18634651233625], [9.375884734617738, 41.18649504693152], [9.376434121334713, 41.18682654295732], [9.377798483169101, 41.18752468784857], [9.379088371815254, 41.18773263454363], [9.380859206188148, 41.18770269427209], [9.381338991382634, 41.187359885852246], [9.383911584304677, 41.18497055770185], [9.385299400885785, 41.18153213502121], [9.385518769818301, 41.180736970209686], [9.406238817587226, 41.17615905644061], [9.406335806991823, 41.176419941639104], [9.40724381954328, 41.17673201048852], [9.409961836407692, 41.177650177696655], [9.411430838558049, 41.177820592384734], [9.418046392089238, 41.178579545995504], [9.420641029961438, 41.178080078864], [9.422616809968353, 41.17756052387366], [9.423275853842483, 41.17720567131042], [9.423774939617394, 41.17344420322084], [9.42397580617161, 41.171580486093426], [9.422545437743763, 41.16664045137207], [9.422290679518866, 41.1662600487282], [9.421846463761092, 41.16584458877911], [9.421608627269888, 41.1656428744777], [9.420737132764906, 41.16499063750513], [9.420373226843255, 41.16480129765886], [9.418176267201101, 41.164010869739364], [9.417623529284505, 41.16388179053986], [9.417008472681506, 41.16387210228444], [9.4164271421165, 41.16420787520184], [9.413932744441903, 41.16375211183157], [9.411190021854793, 41.16288741928896], [9.405929140712072, 41.1597884685041], [9.405548436593353, 41.159420388643035], [9.405388189751212, 41.15900386531664], [9.40541282331648, 41.1578835982586], [9.40556454856245, 41.157072198085], [9.412491233896422, 41.155851089493005], [9.426246469333165, 41.155382142323695], [9.429612348928746, 41.15495566003809], [9.431632035470104, 41.15200879581144], [9.432003499385283, 41.147447255690714], [9.432143098422587, 41.14087095850381], [9.435703988105853, 41.13675894237622], [9.443482787812291, 41.13518890351241], [9.440033425517537, 41.127599440173086], [9.440404207401377, 41.1230940545149], [9.44177194662997, 41.109576890669366], [9.441022052995232, 41.104577183186684], [9.450133651723773, 41.10439112948297], [9.457484982542846, 41.11518157105967], [9.461660209106729, 41.12119123129963], [9.466650349406018, 41.12630114620791], [9.470549171426276, 41.128217487753254], [9.471919921150986, 41.131865805707164], [9.467921884074759, 41.134471867002475], [9.465654598442535, 41.13515442087305], [9.464835564538268, 41.13545499038012], [9.46442062687394, 41.13574942077408], [9.46377260091693, 41.13678343853134], [9.463751174720358, 41.13696368266977], [9.463705109453887, 41.13735120870217], [9.464436730691027, 41.13991655667344], [9.464918907681646, 41.14091449008171], [9.465750775146157, 41.14207314973294], [9.4666628041932, 41.142979256926274], [9.46757576181803, 41.143173728483475], [9.477706775475863, 41.141240500373584], [9.482408077365019, 41.1433637493854], [9.49176582256004, 41.14384663898624], [9.49636637393518, 41.143966529024745], [9.507619247800084, 41.14177811450828], [9.512103168510484, 41.141074707753326], [9.51888948760754, 41.14262972867643], [9.518900483525783, 41.143590991980545], [9.516233304095895, 41.1475149339855], [9.515760882171167, 41.148057523127164], [9.515006377146776, 41.14889581125614], [9.514901324478735, 41.14899112745555], [9.514048024028439, 41.14936231538129], [9.512043862912979, 41.15146419837125], [9.51578746899785, 41.15601136447819], [9.521682178210861, 41.15670995143385], [9.52440607806884, 41.15664609240757], [9.526736962505574, 41.155574474649235], [9.530775158406406, 41.15235814159473], [9.528929199078101, 41.14806987236573], [9.530619395621551, 41.14486429870489], [9.532641999337239, 41.1435690643741], [9.533404963689105, 41.14304084728993], [9.537191853335354, 41.13982544637908], [9.536310832886707, 41.13845134331129], [9.529590363601141, 41.136933076795536], [9.526440725303186, 41.13601603398214], [9.526123013369402, 41.13570764806749], [9.525966826088059, 41.13529926411183], [9.526000812908368, 41.13427980511779], [9.526624780030748, 41.13373535337391], [9.52718126599573, 41.13367160609959], [9.534415978860427, 41.13473988697112], [9.537062088961777, 41.135786007980826], [9.538310226918455, 41.13652333453748], [9.538978869726952, 41.13669586260389], [9.545641542985775, 41.13398464458727], [9.545791577374656, 41.13368667343122], [9.545893061138372, 41.13276343010193], [9.545963209578318, 41.13211398025322], [9.54600344224088, 41.131577819480235], [9.545104699485927, 41.12987057238226], [9.543813820824136, 41.12791844170387], [9.540630185581357, 41.12467607526121], [9.538994158093171, 41.121277126852384], [9.53969496499182, 41.1172151414589], [9.540252640984285, 41.11500233058225], [9.540415207908897, 41.11444407717376], [9.540651790515911, 41.11424479288672], [9.540722974837347, 41.11421067879508], [9.540841616002682, 41.114153821874766], [9.544689099569355, 41.112748473951456], [9.544767141728219, 41.11272975565005], [9.54527157513659, 41.112610599469235], [9.545914195777872, 41.11254450021745], [9.54606892414981, 41.11253144039149], [9.546592618973836, 41.11248723643708], [9.546664162026007, 41.112496822915716], [9.547176884334094, 41.11256553418332], [9.548013434007187, 41.112903859578246], [9.548229688492562, 41.1131280290603], [9.548261824219084, 41.113172916162405], [9.548422499923884, 41.11339734974464], [9.54846776748396, 41.11354126052318], [9.548306621100805, 41.11378524187519], [9.548562434935146, 41.11446862787862], [9.548876306502242, 41.114971576604354], [9.548954700703126, 41.11508830621868], [9.549051145040556, 41.115227169794494], [9.551113166306, 41.116946318966704], [9.55505760572329, 41.119156119436255], [9.557214531973932, 41.1196156723745], [9.561101511996828, 41.119704901816995], [9.5644104108252, 41.11801326368969], [9.565455818372348, 41.11714337713734], [9.566099500977487, 41.11652767686163], [9.566883601534693, 41.11577703862528], [9.568830480191332, 41.109839347210425], [9.567384770290053, 41.10238789887545], [9.565922620011333, 41.09575622739203], [9.562980402272274, 41.08690392967406], [9.561584439162182, 41.08411663720181], [9.552597651856342, 41.0786426959813], [9.549182472309257, 41.0788141710069], [9.544587117793522, 41.08166247860443], [9.541775263983787, 41.08347733096008], [9.542836852506733, 41.084887967905], [9.544208845944679, 41.0870063740051], [9.544417402411115, 41.08742388460235], [9.544629279688179, 41.08821108186223], [9.544570787089867, 41.088411403570326], [9.544278036553102, 41.088926779478996], [9.543685736371165, 41.089342390098146], [9.542707735059222, 41.08976163820802], [9.541250214073521, 41.089103601334834], [9.539358353957272, 41.08772692447883], [9.539014133829166, 41.087309664673654], [9.535212344672784, 41.082486592065926], [9.52984623899632, 41.07393028130424], [9.529758612206397, 41.073781187160925], [9.52950832622424, 41.073355322573455], [9.529318119629155, 41.07299097321373], [9.529194008652464, 41.0727532302142], [9.529071682813557, 41.072342800434456], [9.528998291167847, 41.07209654499381], [9.528929469299722, 41.071826620525705], [9.528814767863835, 41.07137674688391], [9.528654189957281, 41.07074692297171], [9.528648865228298, 41.070476707847504], [9.5286399907885, 41.07002634747636], [9.528634134344886, 41.06972911052744], [9.528680732886155, 41.06957576034541], [9.52893565448023, 41.06873684562096], [9.529285391517924, 41.067950946001886], [9.530531147281398, 41.06671048707553], [9.533889036287196, 41.06504774210064], [9.536281644045449, 41.06510097795127], [9.537908892404449, 41.06546841358429], [9.538808228008731, 41.06556082284248], [9.539503387739284, 41.06560711393233], [9.539729445030726, 41.06559680407218], [9.539943598608371, 41.065587035981075], [9.540644685458773, 41.065448628561136], [9.540964882908522, 41.065282058191606], [9.54118838973761, 41.06498666789057], [9.539804203181008, 41.06186737934538], [9.527817424068676, 41.05690543616219], [9.525825088552661, 41.054788649919324], [9.523253769603219, 41.05185923048217], [9.52416053141529, 41.047662992878124], [9.525325697334587, 41.04436862515446], [9.524999058142102, 41.040766892813174], [9.52402138922837, 41.03593530896563], [9.522578131030015, 41.03137585338926], [9.51387428075946, 41.01767416632322], [9.508063123054852, 41.01577332305908], [9.507758087690787, 41.01554383478195], [9.507416248780219, 41.01501271163974], [9.50609584087612, 41.01151579934139], [9.505652148044184, 41.010225926000615], [9.505282252936711, 41.009111519910775], [9.505970368683167, 41.009028407060185], [9.511841825380458, 41.00843301832143], [9.515481293878738, 41.008700033123745], [9.521110675526318, 41.009845168779215], [9.52533594400949, 41.01273222785441], [9.529094241700752, 41.016868105612396], [9.529202687553003, 41.01702828898376], [9.529720952897142, 41.017883929021565], [9.529914785647078, 41.018881810145], [9.529874675366617, 41.01912521293258], [9.529839873359338, 41.019329180618655], [9.529663000051848, 41.019576589972566], [9.529595515003109, 41.01967035876846], [9.529056230401858, 41.02008825811376], [9.527378185927732, 41.020487875902816], [9.525859718744929, 41.021768331361216], [9.52725071740037, 41.02709701047635], [9.532281363176898, 41.02882145346413], [9.537536473320221, 41.027945801398936], [9.55036010431737, 41.03122614558479], [9.555143024260433, 41.03645377845505], [9.556739535281428, 41.037023232210146], [9.559489407010522, 41.03746005419408], [9.56105117325766, 41.037669405416175], [9.561806962144273, 41.036990120097606], [9.562275491333217, 41.03608702943436], [9.562825351811137, 41.03488064505611], [9.562910937287796, 41.03445346990903], [9.561101091169279, 41.02848657348821], [9.558792366991463, 41.02132961757368], [9.551614583506407, 41.00871008181792], [9.55128557423715, 41.00800023492946], [9.550896729194706, 41.0069389192967], [9.550932060090936, 41.006719178100944], [9.551230516353419, 41.00641372728288], [9.55125483508326, 41.006388838515996], [9.551882537028757, 41.005906153425514], [9.55341122812468, 41.00491919368474], [9.553502927035723, 41.004864616084674], [9.553949079572707, 41.00459907391014], [9.554616619136839, 41.004201759127305], [9.554691338244055, 41.00416380128063], [9.555479564561104, 41.00377197126922], [9.5563335918911, 41.003520129609356], [9.557058344331358, 41.00345016350104], [9.557573690540298, 41.00340041047645], [9.562736880566693, 41.006148688667814], [9.569582358485377, 41.007936952902945], [9.574195316311894, 41.00302717163257], [9.574461907984391, 41.002746592756836], [9.574523338996196, 41.00273463181961], [9.5746459030069, 41.00271076898493], [9.575612868315385, 41.00263725798885], [9.575670104937037, 41.002633609407], [9.575827298808493, 41.002624884454875], [9.575897939218596, 41.002621979536265], [9.575942692138979, 41.002629856085335], [9.576076855919382, 41.00266605790575], [9.576160287480477, 41.00268857121312], [9.576800895048835, 41.00287414806617], [9.576868771822134, 41.00289451187334], [9.578193662809433, 41.00405662879183], [9.578385721208612, 41.00426285131804], [9.578531400128321, 41.004604427908966], [9.578540702756634, 41.00702755964462], [9.580141925353118, 41.01392871554528], [9.580335391016533, 41.01369853640472], [9.581548118611352, 41.01230918253458], [9.581726548515197, 41.012126318335824], [9.58190233962435, 41.012019135679495], [9.58438093236158, 41.010562751823954], [9.584636454630276, 41.010545989970936], [9.585064819024595, 41.01057398298569], [9.585148111418054, 41.01057942629074], [9.58567593466765, 41.010647742452846], [9.585993690934249, 41.01071926017381], [9.586363847211352, 41.01088853090942], [9.5867609996812, 41.01133741218079], [9.59286617140526, 41.018478893381236], [9.594203229438325, 41.021748156843806], [9.606558872271085, 41.018467352252124], [9.608639530087485, 41.0175291149742], [9.611735329378277, 41.01405362550491], [9.622740259930659, 41.00502264462007], [9.623357492140395, 41.004695017417085], [9.630911601586357, 41.002131652176814], [9.63105385139821, 41.00208583361088], [9.634487662165045, 41.00150848150345], [9.638641522325608, 41.00100811255785], [9.642055655173285, 41.00117248664557], [9.64408224826692, 41.001878648770365], [9.64483779106156, 41.00236986953377], [9.645172818659427, 41.00258418874429], [9.646833306397237, 41.003370365850905], [9.647881979040566, 41.003652626486016], [9.650217073970166, 41.004060194784586], [9.650408480587238, 41.00408311082903], [9.650521818905649, 41.00409450704327], [9.650597992786013, 41.004101884490346], [9.65537902516586, 41.0043406125908], [9.658517323439348, 41.002008775855536], [9.65930069657636, 41.00035790027173], [9.660464479306166, 40.999038988522024], [9.661800604052761, 40.99829440396772], [9.664129196441467, 40.99766846123884], [9.66456571535813, 40.996441971864826], [9.664719907932442, 40.995665260472805], [9.66458721109516, 40.99517877779204], [9.66436587562799, 40.99444895756789], [9.66400137700799, 40.99409982408518], [9.662193681535793, 40.99361333776483], [9.653659292656364, 40.98651097306352], [9.64665720876429, 40.985352513350925], [9.638931228933076, 40.98750105764973], [9.630069045951279, 40.99107007654928], [9.623397087081155, 40.99412056284234], [9.622249574480877, 40.99583816415019], [9.621107275884459, 40.99833802723488], [9.62120628188925, 41.00035201766534], [9.617636126454617, 41.00280709334027], [9.61285441052028, 41.00358217567886], [9.611924578615337, 41.00339644256002], [9.611198799461635, 41.00316195165314], [9.609520341987956, 41.00196721441442], [9.603618567796186, 40.9971431916875], [9.5978447350398, 40.99087598864528], [9.59408772244619, 40.98969232649536], [9.593968074312125, 40.98993841433055], [9.593539694619407, 40.990225502868064], [9.593219129380257, 40.99039685277032], [9.593104731492705, 40.990441684215654], [9.592847046583353, 40.99054097285331], [9.592011903769016, 40.99052161924321], [9.591422459881588, 40.99045269199203], [9.589143069646658, 40.989960923261044], [9.588877613263067, 40.98985530829374], [9.586664779927613, 40.988394709678246], [9.584835116486476, 40.986385331031414], [9.583396118332702, 40.9826665456131], [9.582921292187422, 40.979197437521115], [9.58356919006336, 40.975835508740936], [9.585830522861466, 40.97348954538931], [9.591340639508951, 40.96896634733676], [9.592837631263134, 40.96891361900085], [9.593501364262215, 40.96871202410811], [9.593879554214656, 40.968475864672385], [9.593864873171038, 40.96789210223835], [9.593434365854291, 40.96616871572892], [9.593180095826032, 40.96586494545253], [9.590103263849258, 40.96285615980709], [9.587344825644989, 40.96029390195837], [9.581962143992572, 40.95661884065911], [9.580184210438444, 40.95476223019649], [9.576192579044658, 40.947299944818205], [9.574591168501135, 40.94707274435831], [9.57255610076687, 40.946200995516385], [9.571726934324506, 40.94560944959608], [9.56902390697876, 40.943499943753295], [9.568724435267583, 40.94321203257836], [9.568348065963416, 40.942788251463796], [9.568151994721743, 40.942435646040025], [9.567992805254141, 40.94205998298999], [9.56746841582886, 40.94081753681046], [9.567436214762495, 40.94057559986154], [9.567385892984888, 40.94019750288764], [9.567409055350735, 40.93960735172787], [9.567482475264558, 40.93877373163915], [9.567514620993606, 40.938408741113456], [9.567524347798743, 40.93832311555279], [9.567651323307757, 40.93720547364381], [9.567694657414883, 40.93697104697222], [9.567773732333869, 40.93655290159005], [9.567784397746703, 40.93652119219224], [9.567967169793377, 40.93611505118153], [9.567994286980046, 40.93606875019389], [9.568221806723825, 40.93568027605418], [9.5683123868774, 40.93561677261515], [9.568339884904116, 40.935597495396266], [9.568531784265462, 40.93546593027165], [9.570138086595522, 40.93439670873379], [9.570793780024006, 40.93398303864476], [9.571039711956002, 40.93391988996656], [9.57127143734948, 40.93393112854472], [9.574894937351658, 40.933144043347575], [9.575523964557298, 40.92897798474029], [9.57499466361415, 40.92820591902299], [9.573802455348371, 40.927517099002536], [9.573455144424969, 40.92735667844963], [9.570657021696354, 40.92615116166892], [9.56634198060048, 40.92472314858597], [9.562922857364958, 40.92400985989675], [9.561036543402624, 40.92460495235592], [9.558628950613342, 40.92606358741867], [9.55714299348092, 40.92696484239533], [9.547916543680724, 40.926256872685485], [9.545248372634624, 40.92585003227707], [9.543237115791591, 40.92584045693861], [9.539125450982523, 40.925874916352065], [9.539092927682841, 40.92589195896291], [9.537858963027242, 40.92750906769287], [9.536858642034876, 40.92883456054793], [9.536726521641723, 40.92901196245221], [9.536392182590745, 40.92946220415086], [9.535603373001589, 40.931136369291295], [9.53438391587136, 40.93310244072389], [9.532983794553108, 40.93329021088137], [9.527075525685833, 40.93343672776152], [9.521102568994936, 40.93186112828184], [9.508235612658202, 40.92869064542128], [9.507644494447495, 40.927276703799976], [9.508062861285078, 40.92665554314561], [9.509681534830843, 40.92535796948063], [9.510083358064286, 40.925107797739], [9.515016026565688, 40.9256453435183], [9.521617515780356, 40.92513794252982], [9.522372523447515, 40.92502417310025], [9.52373607406854, 40.92476622499836], [9.524310167215047, 40.922268127452234], [9.520486942104954, 40.921642651406465], [9.518245340157222, 40.921895859903444], [9.515552412772776, 40.92230120029913], [9.514933977278778, 40.922783037983585], [9.514975124847282, 40.92322617646475], [9.511500529059132, 40.923742166000956], [9.508419394487415, 40.92394170435536], [9.507273574919317, 40.92341622247379], [9.5028718229774, 40.92092706919052], [9.501502762592416, 40.91971188489546], [9.501472091754511, 40.91893280525792], [9.501480580357429, 40.91881115697088], [9.50153603396937, 40.91801658220713], [9.502124477799478, 40.91366770739357], [9.502135218631423, 40.91361937330342], [9.502151330425221, 40.913571038345545], [9.502253369471138, 40.9133078842034], [9.502403743098881, 40.9129856553949], [9.502521893420264, 40.912883615873284], [9.506948962088028, 40.911445520965536], [9.512479653961753, 40.912818481240755], [9.523385195544837, 40.916232050174045], [9.52853010854686, 40.91553746609591], [9.53779600194549, 40.916395450558504], [9.550965964841991, 40.91993657355492], [9.559904888736623, 40.920830564367], [9.561133844722816, 40.92079190231103], [9.561689544885574, 40.92065100505557], [9.562336741234652, 40.920332095449076], [9.562639500303426, 40.92018198257572], [9.563413880796922, 40.9195960446777], [9.563478708103672, 40.919538337832236], [9.56358892847431, 40.91943491808088], [9.572382825406162, 40.91114986790657], [9.57231746637433, 40.911118458704195], [9.572209958518018, 40.91105458545627], [9.571997069613245, 40.9108791074651], [9.571517073629073, 40.91022475860664], [9.571325294130064, 40.90984398421338], [9.571300163861036, 40.909478149474], [9.571294751457776, 40.90939935351813], [9.571313541801313, 40.909027670067346], [9.571322653503278, 40.908847460385125], [9.571545670482545, 40.90820226509603], [9.571619363152735, 40.908125330042566], [9.573607939571152, 40.906049188151044], [9.574260376166688, 40.90541131031458], [9.575102875254498, 40.904722033578004], [9.575945018768623, 40.90405167079016], [9.576656754279803, 40.903524058468186], [9.577384738745957, 40.90314364468467], [9.5829106832358, 40.90097393317526], [9.5842998085692, 40.900473452638934], [9.58606034794996, 40.89985308286446], [9.587487394307555, 40.89961836371248], [9.588661225907286, 40.89961463021891], [9.590072455319797, 40.89993959765088], [9.591104458984612, 40.90037925112206], [9.591421021973126, 40.90055876306117], [9.591813383367226, 40.90078958305543], [9.591854323949395, 40.9008142890825], [9.592043586609408, 40.90097557918472], [9.592544915688133, 40.901609211943516], [9.59287537939557, 40.90205342194544], [9.601137180037046, 40.9070744137296], [9.604431032986609, 40.90994321184401], [9.606580766154872, 40.912599489048006], [9.606648462746577, 40.91432195717449], [9.607167057178792, 40.91600489324627], [9.60731290099047, 40.91637008374632], [9.607392081388133, 40.91646875798907], [9.607563206156584, 40.916633382179995], [9.608326028262269, 40.917263314974086], [9.609027847872195, 40.9177145258648], [9.610647861175334, 40.91857525176815], [9.612382181730256, 40.919270948222085], [9.618654721049351, 40.92150313391936], [9.621766051512791, 40.921865770289465], [9.62504132454866, 40.919073533085275], [9.630242887090448, 40.91782460697035], [9.639369060121163, 40.919353057716144], [9.63948221183803, 40.91938756890415], [9.639593874799923, 40.91942162431137], [9.64153366504336, 40.91983986490473], [9.643051964318508, 40.920113149390076], [9.644134756008892, 40.920022419270374], [9.644480613765575, 40.91969642287375], [9.644826641424073, 40.918812578399276], [9.645223199605732, 40.91776540638624], [9.64520095110732, 40.91764330734917], [9.641259867357475, 40.913612711342886], [9.629337785831567, 40.90205726037315], [9.619534567931774, 40.89607931729196], [9.61774304337693, 40.88942056135867], [9.62934551793473, 40.88502260204482], [9.633069485241812, 40.88441905034071], [9.634396955873187, 40.88440488562071], [9.63587244280681, 40.883904594168584], [9.63643589559928, 40.88301749513414], [9.638158679796552, 40.878534384021364], [9.640160230439234, 40.8739392026213], [9.640221949715773, 40.87385778576087], [9.6403955741278, 40.87373070582788], [9.640715026189952, 40.87362983982387], [9.642556982103331, 40.87309089818904], [9.644209486028885, 40.874186905481594], [9.648037476033183, 40.87699406197987], [9.647662842150014, 40.877862405354485], [9.646825382222229, 40.87805483435426], [9.645802582954326, 40.87845692938102], [9.645623900643317, 40.87907161878271], [9.646074439881707, 40.88001046074293], [9.647599144142509, 40.880728202134534], [9.647797221244469, 40.88080591188826], [9.64794862838943, 40.88081406974448], [9.648456960565793, 40.88075828887132], [9.653307041078858, 40.879879735524504], [9.654240458805573, 40.879595088686294], [9.657779602292127, 40.87569727203764], [9.656647851366001, 40.873244084622726], [9.653772090903331, 40.86817974742275], [9.65290543650832, 40.86285399719313], [9.658468413498808, 40.85641184044174], [9.664284042268806, 40.85581294646596], [9.664446755501388, 40.85514352378417], [9.664838567027477, 40.853882250739304], [9.664965735949126, 40.85365549027566], [9.66517665771472, 40.85328575308123], [9.666130758068915, 40.853043477390074], [9.667013507479414, 40.85293283058626], [9.667673088798818, 40.853046122789095], [9.671950667864161, 40.85633971887581], [9.673653467259689, 40.8593802231805], [9.676010380656013, 40.861357268056636], [9.677256872065062, 40.86171028796479], [9.677738416595856, 40.8616624177778], [9.681302520271005, 40.861136956650576], [9.683405048617736, 40.86023029554559], [9.6844048155765, 40.85976734652178], [9.684587900364821, 40.85966335481182], [9.686864540460778, 40.85794385952689], [9.686828090922113, 40.856558457111625], [9.686923720505774, 40.85606364707023], [9.68736377747123, 40.85487626183732], [9.687941303619578, 40.85350355625586], [9.688243261046987, 40.852976653310435], [9.688742205211147, 40.85222297590322], [9.689641060237289, 40.85095306466952], [9.69026731570344, 40.85028270346978], [9.692692875340926, 40.84824129369069], [9.695232575474334, 40.84691980983149], [9.70421110927273, 40.842568381931166], [9.716435670820822, 40.84222826926373], [9.724964879977406, 40.84390592142039], [9.72724655486341, 40.84333417071924], [9.725777913146816, 40.83973559130404], [9.725054438955612, 40.83824588650031], [9.724727479456137, 40.838038496925684], [9.71946963810377, 40.83484980866516], [9.7156154199677, 40.83340187092461], [9.708635972006851, 40.83162693577909], [9.701869974190508, 40.83250211768854], [9.699147745211025, 40.83348407707456], [9.698157244374984, 40.83594268006758], [9.69529208947351, 40.83673104078623], [9.689037643704243, 40.83715616706739], [9.688547217268598, 40.837073290273665], [9.687260536863127, 40.83646602599768], [9.686424333871834, 40.835845296377286], [9.68585531129441, 40.83531601844902], [9.685453149745685, 40.83466056915755], [9.685183378677657, 40.8340615346044], [9.683251064671257, 40.828859883769674], [9.682155586975387, 40.82134214384401], [9.68802603315113, 40.817243386539666], [9.691587666408504, 40.8128136245578], [9.691762736799168, 40.81192507379336], [9.691813731485288, 40.811173348145196], [9.691565836969481, 40.81071142760763], [9.691180587264412, 40.810033603475375], [9.690589614865429, 40.80927961257076], [9.688135279153977, 40.80639971419441], [9.687702464770412, 40.80629113951562], [9.68606716995923, 40.80607791760581], [9.685206119034188, 40.80672706806376], [9.685098985626649, 40.80776035501732], [9.685070408477182, 40.80796546502144], [9.685046541216744, 40.808136766281145], [9.684596075724185, 40.80841941433922], [9.684433984558243, 40.808521005719875], [9.683667640023382, 40.80879467377027], [9.683624733723947, 40.80880168433489], [9.681392321123226, 40.809040100191005], [9.680910043054382, 40.80897876222946], [9.680173370722335, 40.808822083249694], [9.678385048739429, 40.80828422723052], [9.678130605829647, 40.8081836699024], [9.678087454359511, 40.80816661558681], [9.677535353961954, 40.80794207862353], [9.677462436029495, 40.8079124221857], [9.676939336957732, 40.80762465383077], [9.676593587351952, 40.80743444609052], [9.67583818187096, 40.8068893625344], [9.675196035341457, 40.80625915700514], [9.675157095672818, 40.80621705686682], [9.674351948984645, 40.805295693084176], [9.673692952733136, 40.80446176298341], [9.67334603105492, 40.80398002691726], [9.673160893694572, 40.80372280238401], [9.673034387250928, 40.803532112520536], [9.672414522728847, 40.80259772835201], [9.67198643287118, 40.801736544611764], [9.671816208785748, 40.801287115653224], [9.671154163081006, 40.79948928996983], [9.670827166882168, 40.79859035250861], [9.670321104631048, 40.795890182810126], [9.67027894016719, 40.79565229701621], [9.670175022697174, 40.79371722017593], [9.67016518239901, 40.79273874020091], [9.670164208705113, 40.79264190567751], [9.670159519625809, 40.79138751197826], [9.670193817756433, 40.79048647246068], [9.67039378485825, 40.78822690263527], [9.670503263919965, 40.787782152088255], [9.67061488251579, 40.78733108303562], [9.670701386715084, 40.78698150433482], [9.671389936840471, 40.78466627838275], [9.671414885958875, 40.784623906847145], [9.672171358330301, 40.78333918171796], [9.672488077083097, 40.78280966877039], [9.672538929989077, 40.78276932246676], [9.672968242579216, 40.78244608135161], [9.680143835044802, 40.77311561667868], [9.683808914614954, 40.76923680384743], [9.686691037168929, 40.76649868312334], [9.68754299355528, 40.76593326505121], [9.707370431204685, 40.75495091586594], [9.715096804894532, 40.75327950572896], [9.715488482794154, 40.7529767557091], [9.715517200045248, 40.752147117147615], [9.715341877286246, 40.7515758213587], [9.717739850637626, 40.75054881217841], [9.71810591700662, 40.74979996528701], [9.718449514851573, 40.74852755354438], [9.715543556636666, 40.743741919009196], [9.712079626035116, 40.73962842377275], [9.712430425536787, 40.73620242267489], [9.715278335068609, 40.72985320584391], [9.714497337115944, 40.72538179300743], [9.713559833827503, 40.718565952409094], [9.715407241880387, 40.70992466740781], [9.715772523494012, 40.70893562210179], [9.717615661474975, 40.70556340511937], [9.718912128955488, 40.70379629414227], [9.720367180744503, 40.7023654480228], [9.721111593579367, 40.70169341188859], [9.72272563958385, 40.700348542105004], [9.72344126953448, 40.69991502416613], [9.730402147230944, 40.69680156470917], [9.737859537326718, 40.694520841166074], [9.739035356119215, 40.693819662820296], [9.742248621659433, 40.69136819183573], [9.745641426469241, 40.68761536396997], [9.746015280245748, 40.68718053806166], [9.746115636013261, 40.68702674490895], [9.750410575253383, 40.677837212636334], [9.750204520588209, 40.66922636550816], [9.748828508944872, 40.660442923883494], [9.74922371742588, 40.65800034339464], [9.747927704015707, 40.65405583367276], [9.746997067123827, 40.6534898068986], [9.746036382813433, 40.652657009267465], [9.745350254947038, 40.65174615786268], [9.744557862342864, 40.65028300375774], [9.74363060025922, 40.64794356668851], [9.743054280799607, 40.64563999979513], [9.742660407106463, 40.64398358174506], [9.742305632202237, 40.64133535348838], [9.741931043598342, 40.636894817192456], [9.741954503784248, 40.63449204248938], [9.742198108186441, 40.63127959161676], [9.743006371938554, 40.627773184335375], [9.743511610118736, 40.625939359819185], [9.74396452761037, 40.62430911786655], [9.74405878687661, 40.62400653952963], [9.746124190565032, 40.62103418981467], [9.746572360815806, 40.62040519229944], [9.746840347433078, 40.620052122386454], [9.747318993849289, 40.619508549063475], [9.74745984845787, 40.619417551255374], [9.74774349654936, 40.61940953782806], [9.747873501797821, 40.61940586458755], [9.748239367056206, 40.619349442477066], [9.748355726243561, 40.61931479865234], [9.748421997846615, 40.619294207694224], [9.748628169785125, 40.61922981040857], [9.749238963183185, 40.61887451224043], [9.749849131730386, 40.61838408502949], [9.750320890469078, 40.61796662362888], [9.75255098740665, 40.61587107869006], [9.752761368958081, 40.61492258382482], [9.752799510214329, 40.6145574071915], [9.752755665003424, 40.61413461902033], [9.75080402638536, 40.60744239793173], [9.750700714460592, 40.60659452683229], [9.750679125527205, 40.60634201085261], [9.750651901615242, 40.6057666061113], [9.750680958906734, 40.60510878483626], [9.750702321321203, 40.60486541186431], [9.750722893233817, 40.60463105275538], [9.751138073490837, 40.60278497423748], [9.7511755738898, 40.60262221896327], [9.751469832321938, 40.601671391484906], [9.751617900031356, 40.60125602944678], [9.751756310546464, 40.60086775538093], [9.754578415576747, 40.596426402305525], [9.755744695439203, 40.59504510303787], [9.757494349555959, 40.593001723907584], [9.758755194082994, 40.59163313620742], [9.762811547940986, 40.58773266575692], [9.763338655942698, 40.58732379202756], [9.763479216758025, 40.58721475881346], [9.76374862361382, 40.58700577808988], [9.767448884923805, 40.584323687489416], [9.76802632247426, 40.583912224590236], [9.768897336480443, 40.58335913307964], [9.769208177623788, 40.58317689004492], [9.771785788304317, 40.58202460017296], [9.772092768433895, 40.58200453116029], [9.772814098459033, 40.58205376005842], [9.772991736920261, 40.5820886065218], [9.773039308013356, 40.58211531356831], [9.77519344667441, 40.58243425208043], [9.77916689693933, 40.58175040708508], [9.781586202888601, 40.58052639725969], [9.78281462326382, 40.57917151252757], [9.79076985623023, 40.569807081484456], [9.792285221197135, 40.56471967563504], [9.793983972575928, 40.55771458724846], [9.794215886111855, 40.55671188875842], [9.794381234878225, 40.55483725590856], [9.79344938418468, 40.55372814205465], [9.792484788132091, 40.55301968727475], [9.791801432244142, 40.552309298020496], [9.791778529519636, 40.55191960882932], [9.791913124417505, 40.5506495571239], [9.792075125727369, 40.5497250896302], [9.792254951265804, 40.54918443612468], [9.792679927743215, 40.54830767276025], [9.792958453811522, 40.547891359700294], [9.79368497901024, 40.5469224351923], [9.794168066661324, 40.54631634839481], [9.795767276382904, 40.5447370035668], [9.796354867787462, 40.54420143927866], [9.797755871540266, 40.54313775053404], [9.798173945489983, 40.54283757385495], [9.798528671832335, 40.54258287759404], [9.798836789988846, 40.542376249244015], [9.80001861181423, 40.54176049552056], [9.807649625857437, 40.53804413275427], [9.813627268792622, 40.537297546832676], [9.822890356904042, 40.53293472419798], [9.823272179605517, 40.53275182951951], [9.824741435966594, 40.53187651034832], [9.826827403439685, 40.53048146052807], [9.827037131541974, 40.53025435777275], [9.827251115248561, 40.530020781950626], [9.827294963602057, 40.52997291851068], [9.827618004498081, 40.52956310516824], [9.828385717717822, 40.528443430451084], [9.826196072472683, 40.51560691454745], [9.825405366405949, 40.5098453419022], [9.82058774479241, 40.49709617745447], [9.81890755898738, 40.492846927106186], [9.816815749042261, 40.48776003509708], [9.812242856389323, 40.480869232110734], [9.810020904085555, 40.476090056313936], [9.808953403702764, 40.47362008676753], [9.80572600173193, 40.46756164102648], [9.796494852714156, 40.449607885541276], [9.79259498969929, 40.44306349204388], [9.782067524460475, 40.43702827963985], [9.7740210576158, 40.42678735084567], [9.772440021030773, 40.41925189626225], [9.77290804749113, 40.41102944624746], [9.769884463440892, 40.40294155094956], [9.764403214363433, 40.39087322439055], [9.755821264810555, 40.382178520298154], [9.755603864439388, 40.381963724954986], [9.755353039422177, 40.381788561350305], [9.754821237437632, 40.38141928680843], [9.754332946876055, 40.38116571607153], [9.754099304787253, 40.381078276159016], [9.752967983734461, 40.38098091851179], [9.751840454028354, 40.38095334462005], [9.750401896680062, 40.380966800410945], [9.749550661161978, 40.381005484455855], [9.742749233585034, 40.38135055294168], [9.735867584091707, 40.37852899323092], [9.730910866531051, 40.37569997079917], [9.730314179016018, 40.37534451274363], [9.72230627368398, 40.37004940599611], [9.718598484530371, 40.36723578325219], [9.709274055261996, 40.36002181959484], [9.698987023659484, 40.3516295033719], [9.694297252129488, 40.347737676881266], [9.688264087752827, 40.34264137196447], [9.684475503533662, 40.3390594283993], [9.682307947884848, 40.33696992340587], [9.68131946029258, 40.3359295679988], [9.679648377859513, 40.333857214500526], [9.679327156357605, 40.33337486175246], [9.6775564044542, 40.33096962238891], [9.675743705081597, 40.32876807848382], [9.663240709071353, 40.31402526928375], [9.659493625636303, 40.30839950250828], [9.655613055217138, 40.302933436494264], [9.65439723187249, 40.301318670581445], [9.647321616430759, 40.29475925963207], [9.646014550393728, 40.29341068413578], [9.645598913677821, 40.29288416476295], [9.641594961228794, 40.28748020594974], [9.63642230314302, 40.28276549942719], [9.63250548172799, 40.2769122579747], [9.632242984912075, 40.276463179943015], [9.631363218153385, 40.274727886903705], [9.631124671641402, 40.27417497948844], [9.631013317423546, 40.273913380591516], [9.627252817661123, 40.26331517156263], [9.623866062271759, 40.252303492816964], [9.623627320792076, 40.25062732598156], [9.623428040187353, 40.24893013043011], [9.623330408965193, 40.24725943977359], [9.623240234583465, 40.24527067451075], [9.623358724351043, 40.240092418424844], [9.62634493620617, 40.22722906626261], [9.626580654649954, 40.226314849585485], [9.626647817825551, 40.22609676128732], [9.626718702837708, 40.22586934341853], [9.627098537121174, 40.22494563570281], [9.627425119511164, 40.22467360568674], [9.627995453078846, 40.22486421835526], [9.628380626307909, 40.22491013963008], [9.628557306903947, 40.224613412861984], [9.628655177793844, 40.22423449083727], [9.628656104584763, 40.22306327855785], [9.628626110000122, 40.22283820917414], [9.628593094187394, 40.22260414681718], [9.627118344814086, 40.21371095769884], [9.626531311747485, 40.21191858074261], [9.626243895555817, 40.20999484625919], [9.626073201055577, 40.20720824735992], [9.62666080371297, 40.203906795382544], [9.628176304848132, 40.19617052112627], [9.629005719666077, 40.19286949586423], [9.629705876789156, 40.190452850935046], [9.63071988489845, 40.187194978533526], [9.633863748849993, 40.18032767592047], [9.634070401560207, 40.179888088753884], [9.634117653460901, 40.179788727137506], [9.634373659426863, 40.179443167158645], [9.634651469000941, 40.17909208141911], [9.634872777210543, 40.178892661474535], [9.63545591010148, 40.178448003775344], [9.636772900290765, 40.17750086145009], [9.637990134039898, 40.17689346526739], [9.646377171239674, 40.16832408367229], [9.650964291917074, 40.15922594045816], [9.653754144148804, 40.148930505424666], [9.656564305049354, 40.1423282137386], [9.662911614509643, 40.137299962075325], [9.672670336638758, 40.12774014037198], [9.678009924986915, 40.1225060566887], [9.680629350619004, 40.119649637172024], [9.682370630792361, 40.11774598664708], [9.684006538256085, 40.11587588692935], [9.684451483079028, 40.11472725723854], [9.685217166503561, 40.11270819045275], [9.68613967165912, 40.11065580976346], [9.688942749051416, 40.10849041632837], [9.7043664482739, 40.10109998611488], [9.719784930744511, 40.09464451664844], [9.72022954328362, 40.094533639398755], [9.720848910439223, 40.09430808983528], [9.720883967921198, 40.094295322276324], [9.72102416051418, 40.09424039338402], [9.721304544999157, 40.09413053329296], [9.7218870665356, 40.09390026859693], [9.72192453967736, 40.093884453059204], [9.723897410783907, 40.09304691910152], [9.728228491942726, 40.09107804834298], [9.732971775202333, 40.08709297444532], [9.735480309218595, 40.07931090757217], [9.735559590920785, 40.07904912900202], [9.735615611795776, 40.078805517185536], [9.735683263805782, 40.07748709545208], [9.73562122886488, 40.0771477373363], [9.73554659959319, 40.07675179354254], [9.735503713616, 40.076580886105745], [9.735460826677109, 40.07640997775268], [9.735415008164727, 40.07623908889017], [9.735350920777483, 40.07600524908396], [9.734299875005602, 40.07423704692245], [9.734113098109184, 40.07404452698537], [9.734003416997595, 40.07393260340585], [9.733846683978976, 40.07380746345486], [9.733766852427085, 40.07374490312854], [9.73301238342577, 40.073380290304264], [9.732635199612828, 40.07320248694319], [9.732331821775352, 40.07320890999101], [9.732224865013661, 40.07321409087301], [9.726908783025399, 40.065157042510265], [9.721540186862338, 40.05200067259178], [9.713975053317158, 40.04269564203735], [9.709080434487234, 40.037545210766666], [9.706092936853377, 40.03427496691227], [9.705258629396242, 40.03236101176007], [9.702833075618232, 40.02385269717786], [9.701268009318962, 40.01437318632969], [9.70167866900019, 40.01183189795903], [9.701688446384205, 40.010498418864444], [9.701645978157403, 40.01012027263357], [9.701636877640235, 40.01003924161591], [9.701575531868224, 40.00976932474856], [9.699237160669638, 40.00221539019614], [9.697679082207454, 39.998882213444745], [9.69418940132422, 39.99304691488134], [9.689863387408925, 39.9880904191628], [9.687987198872028, 39.98554283451683], [9.687338695362115, 39.98496556017458], [9.687096001655544, 39.98398573869173], [9.68698992739117, 39.98249773823296], [9.687335470467385, 39.980051007290825], [9.68756765655722, 39.97907224855086], [9.685961771937883, 39.9671396293664], [9.685206987661417, 39.96399919506393], [9.68507744508577, 39.96040510020461], [9.685056926693695, 39.959522273053864], [9.685075995993675, 39.958413968888024], [9.685413147316408, 39.955330664685505], [9.685816954174001, 39.95239111715356], [9.686002555777362, 39.95120184114838], [9.686183267824232, 39.950388798135236], [9.686809061300181, 39.948583153494404], [9.68709961304476, 39.94805362157317], [9.687119383027667, 39.9480091141697], [9.687172372055198, 39.9478940111348], [9.687930485736064, 39.9466747070616], [9.688504229029826, 39.9457800915038], [9.689085952448721, 39.94488617699135], [9.689311630769277, 39.94453983856225], [9.689787390361825, 39.94397052384086], [9.690201179544623, 39.94351427304553], [9.690697757250827, 39.94298867665866], [9.691045536608623, 39.942653245213386], [9.692178436218732, 39.94170384630387], [9.692609690614058, 39.94135327083705], [9.692736960476193, 39.941250025136476], [9.69290283994723, 39.9411154576089], [9.692956535827912, 39.94107189785654], [9.699738138547573, 39.935912524528], [9.705715420846985, 39.936717576608046], [9.707371273851747, 39.938555378569916], [9.707641600495414, 39.938866588890036], [9.707565518375418, 39.939499308827685], [9.706299619473835, 39.94131572539268], [9.705999356030794, 39.94156869985545], [9.706950107784737, 39.941605224303416], [9.711365683508152, 39.939272208963125], [9.715634164938992, 39.932281436664475], [9.715939634825803, 39.92976471437183], [9.715774713501878, 39.928677809742275], [9.715595236268648, 39.92769319885911], [9.71554489805471, 39.927539499772124], [9.713044906655439, 39.921895667374734], [9.709446950800903, 39.923480926096], [9.696343627511588, 39.920717790508284], [9.69544933804966, 39.920369525436485], [9.695184321152581, 39.92019767762665], [9.69484236363926, 39.91993844465535], [9.69136239288785, 39.91728898462557], [9.690143533925932, 39.916072046712195], [9.689127781801014, 39.91483218947886], [9.687053381324347, 39.91214638005464], [9.686079842953893, 39.91072860353123], [9.684032359494935, 39.907064718697704], [9.683960547205968, 39.90688607275331], [9.68373411056145, 39.9063209193138], [9.6821175797585, 39.900507877818804], [9.681061994756584, 39.89077451020751], [9.682347384041886, 39.88090122963847], [9.682410202837811, 39.87339569004178], [9.682302557956055, 39.873153059130814], [9.682256524574765, 39.87293258952353], [9.68221660440196, 39.87273911268932], [9.682265618025475, 39.87178515218819], [9.68236119605074, 39.87103540692078], [9.68252223850283, 39.87024722661485], [9.68257690509307, 39.87001152334426], [9.683151803970235, 39.86844043023228], [9.683958274536476, 39.866969274991575], [9.684501519617736, 39.86615749266421], [9.685860440493824, 39.86524848285399], [9.689986243233617, 39.86160206241361], [9.693208241246804, 39.85851049943666], [9.69612804228743, 39.854539164798524], [9.696284484851173, 39.85432359449373], [9.696617303589269, 39.85371486352293], [9.69666009002504, 39.853610993497185], [9.696697156725294, 39.853519411285866], [9.696731372046472, 39.85343487301735], [9.69635790777478, 39.851466026929515], [9.696275292605367, 39.85110406300086], [9.696090940672649, 39.850501509587374], [9.694292690261086, 39.84924189891575], [9.693398108823152, 39.84862556977673], [9.69306920231794, 39.84846535857187], [9.692729606151776, 39.848404318480306], [9.692426794554208, 39.84851424450764], [9.690001847090342, 39.84681682210855], [9.685396536443037, 39.8421229596368], [9.68461336217202, 39.84093828195973], [9.684553454633889, 39.84083952710668], [9.684482657056497, 39.84072281660617], [9.684111058786794, 39.83978798246688], [9.68399097184353, 39.839464335553416], [9.683119869844884, 39.83546763855657], [9.679580117495965, 39.82503746245789], [9.677954118436817, 39.82081556903666], [9.67701320822205, 39.81815429867736], [9.676324524797806, 39.81620628636257], [9.676185594338268, 39.815693451828665], [9.675797724464257, 39.81426166295063], [9.673869275118573, 39.80714201801148], [9.673343155047233, 39.804703383437605], [9.672195533272484, 39.79695050370545], [9.671886977115076, 39.794627738397594], [9.67089560409811, 39.78965295124701], [9.67006327063089, 39.7857204126241], [9.669658928661804, 39.78256024260173], [9.669000876294348, 39.77183662078936], [9.669203132625674, 39.76879596555615], [9.6698268801708, 39.766217739635444], [9.67002317283018, 39.76547975265626], [9.670412010277047, 39.765094582650384], [9.670603457095813, 39.76497184180569], [9.673534202076292, 39.75389527296436], [9.673647835295139, 39.75338198548381], [9.674064679940242, 39.75305823839161], [9.674094879806818, 39.753029912839345], [9.67425054162127, 39.75286380814159], [9.674560140504145, 39.75109604919003], [9.674635208330827, 39.75041535757715], [9.67492300310973, 39.74429430590163], [9.675014408201054, 39.74083100548012], [9.675084226180422, 39.72916854760792], [9.67562193881196, 39.72605677432684], [9.674500339765531, 39.72247786353463], [9.675107441717708, 39.7186657759173], [9.676428904744405, 39.71614427863226], [9.676669746968477, 39.71260610855113], [9.676673218708126, 39.711745945730605], [9.676489878379464, 39.71089105841983], [9.667153556554057, 39.701145687102525], [9.664376428572329, 39.700712048067096], [9.663217560479783, 39.700281684150795], [9.662046655814413, 39.6998108315148], [9.66101108459404, 39.69885265070227], [9.66012787091911, 39.69764130889719], [9.659982830939395, 39.697434901440296], [9.65954253776528, 39.696516573461295], [9.65910126973945, 39.694268355723715], [9.659058481426738, 39.69390819455908], [9.6594195875183, 39.69217621073879], [9.659499762250451, 39.692022283361105], [9.659587138311728, 39.69185462496478], [9.659637222666424, 39.69176050943372], [9.659821240425913, 39.69148916148174], [9.659889957273522, 39.691416689615295], [9.659997326486657, 39.69130345314741], [9.660075278150156, 39.6912226068855], [9.660167666447313, 39.69112678828438], [9.660212556200936, 39.691094995659796], [9.660410959642828, 39.690956610974034], [9.663041217174207, 39.68428976154186], [9.66136261656863, 39.6782445411319], [9.65976301071246, 39.67311786950623], [9.657025198830235, 39.66709849663457], [9.652411036890438, 39.66514488465502], [9.651022063569938, 39.66357140301286], [9.649837997106882, 39.66115317677229], [9.64719245831229, 39.651699400845004], [9.647163518877857, 39.65109588155983], [9.647162090728964, 39.65094271636364], [9.647161250649935, 39.65085261955849], [9.647241407832222, 39.65069899975205], [9.647700382157506, 39.649921566938026], [9.647868711943168, 39.64965678578397], [9.647590748553148, 39.6444169631446], [9.648250999447452, 39.64195350172204], [9.64938563518713, 39.63976829366075], [9.6508506905069, 39.63779103675194], [9.652111511890995, 39.63413493266762], [9.651789783889669, 39.632706355330065], [9.652162771494034, 39.62728072682933], [9.653707563038093, 39.615840882802885], [9.6553897738896, 39.611182647796866], [9.655421518062619, 39.60801177591915], [9.657293796040765, 39.59415025637671], [9.657624364452763, 39.58022589239458], [9.656116461539177, 39.570603082075486], [9.65382020478837, 39.56553811006304], [9.651844988871101, 39.55525032615318], [9.651736105875143, 39.55019684983191], [9.65136057661129, 39.54924765757143], [9.650637778343041, 39.54849480860816], [9.648822136021238, 39.54684342949556], [9.64683263823062, 39.54638093185846], [9.646256004902227, 39.54663047028445], [9.644774125444844, 39.546616760067366], [9.64361212795436, 39.546165471145656], [9.642456789583816, 39.545600703576206], [9.642405122599042, 39.54554614643973], [9.641852851868792, 39.54494628626916], [9.641605964314799, 39.54465256137195], [9.641333637679589, 39.54432856618535], [9.641243929885338, 39.54420189369538], [9.640897141364514, 39.54368786160337], [9.63991209254605, 39.54192388469309], [9.639643234789643, 39.54131829276062], [9.639397166458389, 39.54061008225023], [9.639360843515412, 39.54050553693183], [9.6389940067951, 39.539255760191075], [9.638800465703657, 39.5383607879332], [9.638437374307209, 39.53656071407703], [9.638234059738094, 39.53548684178405], [9.637720022255358, 39.53224419034765], [9.633431176473994, 39.517664319755696], [9.632668272407063, 39.514516841115125], [9.63245187153753, 39.51284321390769], [9.632393881286891, 39.51226573928083], [9.632371952565023, 39.51204735679073], [9.632239637058987, 39.510604162256776], [9.632195745054688, 39.510013802261284], [9.632103535603836, 39.50874314384354], [9.632066025058126, 39.50821286131176], [9.632002314435574, 39.50731216852013], [9.631993475058062, 39.507187197279585], [9.631919707497238, 39.50367970624457], [9.631901226713326, 39.501639080874526], [9.632276565551416, 39.499590693944135], [9.63285081652846, 39.49776225687266], [9.633824205217769, 39.49651726037223], [9.63611588823726, 39.49463596660587], [9.641592726461209, 39.49329353197125], [9.644035561427748, 39.48611787305311], [9.642392264838602, 39.48144944962043], [9.642428301992249, 39.47762544968253], [9.643398269773597, 39.47216765050161], [9.64453381919529, 39.46923747391648], [9.645488513763913, 39.464357524971696], [9.645458549337436, 39.46111392728725], [9.640376023984455, 39.45192428297998], [9.640716769401187, 39.44725497836533], [9.64102760009581, 39.444396931203826], [9.639371402753149, 39.439133743044124], [9.635034006014454, 39.43674644855596], [9.634652232754426, 39.43675270416731], [9.634484775551067, 39.43670631315167], [9.634087785032548, 39.43649560505822], [9.63350013702491, 39.43608207084244], [9.631497297991944, 39.43387656848045], [9.631171560883343, 39.433478278558816], [9.628704785165306, 39.42893912321036], [9.625588414567703, 39.422923117155065], [9.623623662040519, 39.41905489024271], [9.62063393839387, 39.41315094950666], [9.619792634637587, 39.41096665468529], [9.616802245098706, 39.40406125905133], [9.615050761313313, 39.40058025743532], [9.613848108397823, 39.39884022175313], [9.61241534660432, 39.397042558466445], [9.611397967422272, 39.3950593794956], [9.607829710973089, 39.38801601384555], [9.606949730052937, 39.385961689455236], [9.606767513405792, 39.38553576344019], [9.604460276736743, 39.37920543715254], [9.6039165620074, 39.37771024881907], [9.603178540957826, 39.375639422185415], [9.603048820435923, 39.37523686946609], [9.601821574678835, 39.3710667800399], [9.601794742142628, 39.37096330135354], [9.601766631600107, 39.37082872618937], [9.598735680066763, 39.35602372335645], [9.59804428727604, 39.352060349801874], [9.597854503470096, 39.3505148635885], [9.597707817617449, 39.34930368544374], [9.597733435709092, 39.344817358827356], [9.59838534641352, 39.336552380329664], [9.59843765582402, 39.33605314538188], [9.599265416364469, 39.331779307128926], [9.59969279839896, 39.330060556216914], [9.600287980047575, 39.32786411709536], [9.601104945207272, 39.3257618935321], [9.603883605819394, 39.320483416619076], [9.60526724231204, 39.31862616800979], [9.606311678483566, 39.31730470804902], [9.608546382403915, 39.3152288719613], [9.611738613788582, 39.31319663286773], [9.624432559470922, 39.306928112793045], [9.625135807682396, 39.30710117327699], [9.625734790704739, 39.30710423133735], [9.626874530077858, 39.30710196086859], [9.627159219693812, 39.307041857523764], [9.627284874675318, 39.30698824314151], [9.631390808518214, 39.30425269931714], [9.632571313004881, 39.302279411328], [9.633926779875011, 39.298987928846024], [9.632670515476667, 39.29698829120923], [9.63118662589049, 39.295562300938606], [9.626366739991235, 39.29637068778293], [9.625034486643905, 39.29666619019397], [9.62446480956604, 39.29685290143659], [9.6240746138963, 39.296987841524086], [9.623622478554084, 39.2971670991658], [9.623463668290228, 39.297240036026515], [9.623228380758073, 39.297352803383376], [9.622769279902059, 39.29772807786206], [9.622732863031493, 39.29796921213804], [9.61389247909261, 39.29730778383861], [9.608412432044238, 39.294903641498586], [9.607215665397856, 39.29433975437103], [9.606807822146768, 39.294071783786315], [9.605842577313933, 39.29341677474411], [9.603944628738478, 39.29210882611172], [9.602617162973292, 39.29102653138326], [9.602367257239786, 39.290799177154916], [9.6008196489252, 39.289312518372455], [9.599343988664124, 39.287768024212404], [9.59672910504138, 39.28493428789742], [9.595517081406548, 39.28358572195197], [9.591190780096724, 39.278429501280385], [9.58985652768921, 39.27675914045743], [9.589176603693465, 39.27586376022893], [9.589006535527968, 39.27562921437319], [9.587966706430562, 39.27416909405989], [9.583559725297953, 39.267433172726044], [9.581955054428299, 39.26478981778048], [9.578283512420143, 39.257922732596015], [9.573284213500134, 39.248024302213096], [9.572081783446759, 39.24533937462687], [9.571905708619719, 39.24488406682731], [9.571638670006497, 39.24406426514933], [9.570687373191987, 39.241115633333834], [9.570531519166664, 39.240465361615676], [9.570399037786197, 39.23839566887242], [9.571506586889821, 39.2369212956862], [9.57141945311928, 39.235054498750316], [9.570340930094583, 39.23303234314067], [9.567995206129284, 39.22411179356564], [9.568740102368768, 39.21377497485401], [9.566985521394624, 39.20829156314938], [9.564646780238254, 39.20596122286504], [9.563319169103606, 39.201309811657424], [9.56325749081364, 39.20084340627243], [9.563199144443882, 39.20039314405998], [9.563136861867926, 39.19991248972304], [9.563088357774932, 39.19949259179462], [9.563036343551953, 39.19904229878736], [9.563023340684373, 39.19892972552293], [9.562987675583761, 39.198591989550835], [9.562983647204785, 39.19849963405169], [9.562959005037227, 39.19620830493456], [9.563057545349587, 39.19473442053018], [9.563268773328463, 39.193560394122976], [9.563677856535165, 39.191841822366406], [9.564472475258984, 39.190064161875334], [9.56503526969556, 39.18906236742887], [9.566487032543426, 39.188268666270005], [9.567355393577285, 39.1877968507903], [9.568885983565007, 39.18699057191721], [9.569891132065115, 39.186538493857], [9.570142097121932, 39.1864636076667], [9.570367606015353, 39.186396493167365], [9.571174404326475, 39.18647476523021], [9.571383257134105, 39.18652860185703], [9.571494101356208, 39.1865581125478], [9.571563118065695, 39.186580003190016], [9.573121041670069, 39.18660308332678], [9.574851453867366, 39.186596663887784], [9.576392100317978, 39.1856086477068], [9.577857129543226, 39.18439971797134], [9.578070454710126, 39.183916920304895], [9.578110148864218, 39.18382646760349], [9.578149662475612, 39.18372981803199], [9.578200826282785, 39.183600547659715], [9.578479022644467, 39.182756647450354], [9.5791118330347, 39.17821425803435], [9.578899255978591, 39.17558637988633], [9.575851614583048, 39.17274501897879], [9.573989472217008, 39.172038579949344], [9.57038378517876, 39.16744420040492], [9.567037018509712, 39.157204007635535], [9.568411861873892, 39.153272843516], [9.56673104905983, 39.148572777028036], [9.56388828331213, 39.14281755345769], [9.56198155442994, 39.13912702305306], [9.561560048081638, 39.13846947525561], [9.55614677745398, 39.1333783488878], [9.550013793535987, 39.13344911253802], [9.541222351934602, 39.132357134009496], [9.534157711189268, 39.12989368052327], [9.532364641322008, 39.12908281272351], [9.531581691418298, 39.12858440851784], [9.529575602984204, 39.127122035866954], [9.529159354895246, 39.12675362121058], [9.528669956367485, 39.126284811840705], [9.5253488664764, 39.12305832468578], [9.524683544721453, 39.12225934057857], [9.521058699978246, 39.117790368871354], [9.520989617327421, 39.11769831478123], [9.520949180651154, 39.117644429805246], [9.520550028312178, 39.11704472653011], [9.520342404129277, 39.116731394075444], [9.519828848402257, 39.115901289343014], [9.519414585039057, 39.115218304752325], [9.51932394646626, 39.11505650962151], [9.519132388693507, 39.11455274555201], [9.518812527229809, 39.11356295614261], [9.518764279280077, 39.113292840399865], [9.51885383725075, 39.11288694478413], [9.52203384407041, 39.09924799007131], [9.523722199283968, 39.09552785039008], [9.523734667711937, 39.095496147289424], [9.523811352680095, 39.09529985033517], [9.523832990652949, 39.09515570297206], [9.52385689564851, 39.09497756623903], [9.523795208409025, 39.09470887370172], [9.523785248493677, 39.09467151143273], [9.523415823159233, 39.09475427065051], [9.52322372991156, 39.094832779972414], [9.52308155203711, 39.094899947113895], [9.516344032282953, 39.09864533211506], [9.511764459991536, 39.10196982129182], [9.502488534078806, 39.10984078425545], [9.504894427532319, 39.11472340027919], [9.507710475837076, 39.11707208208366], [9.508658663204452, 39.11774390025342], [9.50949513435941, 39.121674694759086], [9.50935871223232, 39.12428268051341], [9.509330139211071, 39.12444095361669], [9.509291960790089, 39.124652428704515], [9.509146327846343, 39.124971962876685], [9.508995770858277, 39.1252905010014], [9.508938794510629, 39.12541089643728], [9.507966477678314, 39.12694702803875], [9.50785167012861, 39.12706982045493], [9.507805746533352, 39.127118937211556], [9.506849182778698, 39.12803435289575], [9.506277047134516, 39.12851329681027], [9.506200855516472, 39.128576704405795], [9.505107768588035, 39.12948254746959], [9.503784037905218, 39.13056509248976], [9.502999649292208, 39.13109445686518], [9.502898883029077, 39.13116022110093], [9.502717218880598, 39.13123872531575], [9.502675373052769, 39.131252023215], [9.502533961916805, 39.131296660208754], [9.483834469114235, 39.13535227378492], [9.472685544466488, 39.13231574094091], [9.471959189828027, 39.132097431312935], [9.471193353114224, 39.131833500411474], [9.467930214833004, 39.13018343496037], [9.467529269946725, 39.12880412055809], [9.467816715449107, 39.12783403292227], [9.466007894604775, 39.126849454562446], [9.462130162841417, 39.12702510966715], [9.456301423952395, 39.12993961927691], [9.454999009774394, 39.130028634351476], [9.454077561521366, 39.12992541534949], [9.452675314301274, 39.12969435777129], [9.450506712026314, 39.12910003567362], [9.449896787443564, 39.128690402930246], [9.449453628553053, 39.128318270755294], [9.449302727278846, 39.12769324053613], [9.449063771293632, 39.12708380870719], [9.44712596592699, 39.125794257054324], [9.446487041359205, 39.12543812259807], [9.44471357352032, 39.125345720283576], [9.44367739139394, 39.12567773342015], [9.442240713953558, 39.12653318793199], [9.439847853678005, 39.12349038172662], [9.439369536183174, 39.12249498345424], [9.438993803860575, 39.121973758058424], [9.438917949646275, 39.12196052792163], [9.438785448574736, 39.121938809841254], [9.438660312710859, 39.12192094768499], [9.438452203031565, 39.121939752846046], [9.437654463698625, 39.12201483860557], [9.43751062292764, 39.12207566019948], [9.437314657569065, 39.12215894363366], [9.434411241891379, 39.12510874589401], [9.434020514981228, 39.12553371989415], [9.43393006725819, 39.125876476069735], [9.43389009465558, 39.126196516517936], [9.433886005167345, 39.12623708082657], [9.433818953841014, 39.128508111239555], [9.433910000404481, 39.13014777970306], [9.423726378254056, 39.134757297510035], [9.417240403858996, 39.1360625949714], [9.408520903068219, 39.14319739868233], [9.403496705466058, 39.1446025951199], [9.403086970827754, 39.14377499637496], [9.401456783278393, 39.14122373382747], [9.399473553330752, 39.14170137385235], [9.393582987467155, 39.143909964875725], [9.392405990497766, 39.14450866091564], [9.392265253943206, 39.14458798079084], [9.392189966349635, 39.14467947053289], [9.392060045906625, 39.14523633788703], [9.392032416152526, 39.14563036317595], [9.39202573788222, 39.145843570861466], [9.392132347583807, 39.147788925650424], [9.392351784916228, 39.14918657578859], [9.390387474539773, 39.15747890197662], [9.385238109893004, 39.16030558681946], [9.38426190398922, 39.16270848435676], [9.378704842412542, 39.16717048996675], [9.3715804980538, 39.1733013144734], [9.371551719118226, 39.17333224655611], [9.371348703476786, 39.17352663035819], [9.371227725538908, 39.173636273894914], [9.37116220505505, 39.17368942161951], [9.371056253655443, 39.173775363109094], [9.371004330038843, 39.173807841156], [9.37087163433543, 39.173890840810344], [9.36991665979321, 39.17446269420398], [9.3695228351001, 39.17469822917761], [9.368869268554256, 39.17505544509301], [9.364771106913052, 39.17676657671001], [9.362985081903242, 39.1773343602871], [9.356557256277503, 39.17871559294708], [9.354331458787488, 39.17793191909106], [9.35421605349372, 39.177787466046276], [9.354139236968422, 39.17769371341063], [9.353932595775548, 39.177465687725956], [9.353869181121393, 39.17744660208771], [9.353793179765619, 39.17743055530952], [9.353397176726583, 39.17734817139291], [9.35285917465996, 39.17725042705036], [9.351139296499687, 39.17799114283089], [9.349674212347967, 39.178756975626484], [9.347370427691002, 39.18025518241436], [9.342415465717233, 39.185390330928826], [9.340575257810476, 39.18951270173078], [9.339073204677343, 39.192838651345724], [9.338741031614392, 39.19341843448234], [9.33815802840203, 39.193749143957106], [9.337622172443607, 39.19394524687817], [9.328279011093883, 39.1973165967167], [9.323183800365683, 39.20089361031573], [9.323259591148695, 39.201384539187664], [9.323224509266387, 39.20288697452718], [9.322702773300193, 39.203486681815605], [9.321633298298714, 39.20411123415863], [9.320760769792276, 39.20442887640621], [9.319732520620159, 39.204732108350896], [9.318465915806904, 39.205010891849916], [9.318354413994442, 39.20502976648074], [9.318277193174161, 39.20503832166223], [9.309930414618814, 39.20561689748857], [9.306968940074345, 39.205329101256595], [9.304669142013886, 39.20498228129314], [9.299574294507721, 39.211543244237845], [9.299538452391692, 39.21160137898148], [9.299390227377534, 39.21183983523253], [9.299321195438498, 39.211949386379736], [9.298399469875934, 39.21252770904548], [9.297356813750767, 39.21295380297705], [9.296534056952284, 39.213201946457346], [9.295505009752178, 39.21337049886952], [9.293814002185849, 39.213546436471546], [9.285261287550478, 39.21395106619212], [9.281922306425223, 39.21405074706605], [9.25352334212386, 39.21609475404679], [9.248874591649484, 39.21653042106446], [9.246745731888007, 39.216796590431954], [9.243948423887959, 39.217730720607086], [9.243724430573918, 39.217811048566844], [9.243568270399434, 39.21787557767028], [9.243412211068296, 39.21796939301373], [9.243236629704343, 39.21808464914065], [9.24307127875731, 39.218199883655316], [9.242915388830061, 39.21834325668691], [9.239196138079445, 39.22280563135289], [9.238992003434069, 39.22324655285783], [9.238580056740084, 39.2238995626309], [9.238515239484567, 39.22400219452304], [9.23804368075455, 39.22458730488389], [9.237770800454095, 39.22481240893558], [9.237570956380926, 39.22495027126454], [9.237472251841995, 39.22501805406982], [9.237286657966566, 39.225120931413635], [9.237052453962068, 39.22523855025479], [9.232914177187986, 39.227207921447125], [9.232403721578992, 39.2273733528014], [9.231933523003462, 39.22751395939317], [9.231444500689577, 39.22765567739973], [9.230948387486592, 39.22779043200382], [9.229285141200213, 39.22794671171485], [9.225791300402683, 39.22816524962872], [9.224062572904387, 39.2282143635272], [9.213520793071815, 39.227373464593555], [9.212951515329609, 39.227327198986025], [9.211170946314377, 39.227078134486106], [9.209793483555933, 39.22680579086466], [9.209211784275052, 39.226667167556634], [9.205478588510767, 39.22574118273818], [9.203161039194315, 39.2250649229089], [9.199435710904064, 39.223790683171025], [9.19648907859257, 39.222774076630365], [9.192131567787891, 39.22118866389421], [9.190196323681604, 39.2204168995393], [9.189379394820321, 39.22006300760991], [9.186339345507749, 39.218737412307874], [9.185166444654357, 39.21815444822478], [9.182019802930407, 39.216416831816204], [9.18171940229461, 39.216250937674964], [9.17759407885626, 39.21381972544405], [9.1775262666057, 39.21377062774605], [9.172878211145994, 39.21040505719355], [9.167159820060307, 39.20583579188276], [9.165332094787434, 39.20422479179126], [9.163282634396387, 39.20209909097161], [9.162114349970654, 39.20085269823811], [9.161910074786643, 39.20057096291291], [9.161527706134725, 39.20002823881188], [9.161032750781214, 39.199270109648], [9.160688167912369, 39.19860828735442], [9.159973309345641, 39.1961571920526], [9.15986922927298, 39.19557951326719], [9.159831958507722, 39.195346742371925], [9.159769371281643, 39.19493762752775], [9.159771301244689, 39.1948960019495], [9.159827912548517, 39.193950859030174], [9.159864909745364, 39.19366921927821], [9.160435856643488, 39.19331363071239], [9.162269447583812, 39.19218952021155], [9.164319771299464, 39.19140526862243], [9.167700834043684, 39.19092568868524], [9.16787387342507, 39.19088015445388], [9.16805080563626, 39.19083267156764], [9.168334233177097, 39.190684862325476], [9.169410253940653, 39.18972364984096], [9.169460746019864, 39.18965374344272], [9.169511203208195, 39.18957031868731], [9.169524075741416, 39.18950609889287], [9.16953509335107, 39.18927179992105], [9.169522450205658, 39.188828033711516], [9.16945110467488, 39.18865017362669], [9.164379835119544, 39.18338381381274], [9.160781683955207, 39.18179953069816], [9.158678505874894, 39.181319763751844], [9.149306513209927, 39.18439936169493], [9.139932321941831, 39.18898018798284], [9.137482326764664, 39.191195693075635], [9.131315374951404, 39.196383150395825], [9.125499776102624, 39.19986671955104], [9.12688637242231, 39.20224187258929], [9.12604429127575, 39.20319720701593], [9.123750334175098, 39.20565611877813], [9.117263872552744, 39.20917241775782], [9.11484865692049, 39.21065385696125], [9.110880199576437, 39.21357095874294], [9.107478896820561, 39.21252763040204], [9.102729144020039, 39.21096050076112], [9.098422384553723, 39.21103419576498], [9.092410585889233, 39.209386729339], [9.09332008938205, 39.20798970900898], [9.082871750135682, 39.205682873164136], [9.07740430839826, 39.20011199935979], [9.074023881922221, 39.20075764964287], [9.073831374478228, 39.200781425785515], [9.070291276634057, 39.19896985128447], [9.0678778612247, 39.19758655177214], [9.064993338939242, 39.19558548678119], [9.063344370393901, 39.194280832892055], [9.048275999518921, 39.18146975425814], [9.042806446719586, 39.17670996100831], [9.039252284162973, 39.17337642864007], [9.032960212957452, 39.16616624742529], [9.032670138388612, 39.165858224290076], [9.032630090203346, 39.16581984371909], [9.030644804243266, 39.163839836282904], [9.029110578103584, 39.16219678981378], [9.029039796198997, 39.16211201206711], [9.028907768325393, 39.16195387565295], [9.02888723485246, 39.1619292813261], [9.028325629868823, 39.1612128487725], [9.027980805432447, 39.16076061592603], [9.02717068193235, 39.15969547289167], [9.026037603672771, 39.158012347005325], [9.026290304083235, 39.157776584806534], [9.026473971764705, 39.15758897241377], [9.025598776252071, 39.1560392211784], [9.024777486813651, 39.15507473438052], [9.02311759895652, 39.15349973918692], [9.022686984964336, 39.15308811206151], [9.022414301065405, 39.15282503290801], [9.02224009612198, 39.152651932019886], [9.02191359801982, 39.15231633231955], [9.020485320664626, 39.150821883928415], [9.02014813273298, 39.15038732269206], [9.01923933351244, 39.14917757953119], [9.019065663602353, 39.14888363900145], [9.0189165982454, 39.148631337327586], [9.018204566479126, 39.14740144439255], [9.017993258379326, 39.14695993638705], [9.017603934389559, 39.14613773653097], [9.017563348422623, 39.146050693328576], [9.017490505122023, 39.14589446028308], [9.017425915186093, 39.14575592381602], [9.017404153468473, 39.14549685883976], [9.017392485377181, 39.1451071318266], [9.017328208389534, 39.14254560303132], [9.016728508012795, 39.139907714147334], [9.01449391692548, 39.13206737525988], [9.014455598769825, 39.13193385816513], [9.014302885105943, 39.13142761239838], [9.013935347552788, 39.130431932476846], [9.013899181393667, 39.1303711114978], [9.013784893224726, 39.1301796398211], [9.011971820610972, 39.12742244842875], [9.0096039762953, 39.12448938473258], [9.009074956260198, 39.12374173922626], [9.008859389796799, 39.123093251028884], [9.008849505208396, 39.122368452075534], [9.008920203332726, 39.12127829445191], [9.01022762600891, 39.11886208843734], [9.014199538964062, 39.11149774967716], [9.015834801790513, 39.107237136896956], [9.016416681202289, 39.104934265920974], [9.016406809067172, 39.1045909398861], [9.01542692257473, 39.10150112772805], [9.014809176824917, 39.09735076030949], [9.016258202535976, 39.087457618586605], [9.016297189433352, 39.08730104496777], [9.016353512951511, 39.087108423111715], [9.016516729977663, 39.08666234819469], [9.016612905965554, 39.08655286078834], [9.018308601260955, 39.08546021854715], [9.024352194815673, 39.08242532392028], [9.03097661496996, 39.085223570306894], [9.037372606217316, 39.08802181605101], [9.048851125492297, 39.088764208362704], [9.053933654393372, 39.08522357057807], [9.052334656011611, 39.083339037210735], [9.048508483242863, 39.08705099581736], [9.038172104471236, 39.086365711724916], [9.029491830976538, 39.08282507390101], [9.025151693597186, 39.081054754224546], [9.026962166987275, 39.07580085431714], [9.028029382163004, 39.074034409367194], [9.028477137540659, 39.0735105269076], [9.02884004138634, 39.073088437587124], [9.033680957074228, 39.06790530751614], [9.039201274116742, 39.06298380112614], [9.045710245417702, 39.05597031546156], [9.043484539786517, 39.049138142673115], [9.039144922002027, 39.040394668742735], [9.029515112434774, 39.02943196476019], [9.024376920492942, 39.02017570686072], [9.024704884752346, 39.01768384624599], [9.025076172070975, 39.01398202967013], [9.024829655810212, 39.002743945036926], [9.026962534145694, 39.00075536862604], [9.026305378572033, 38.9997932174903], [9.023130400173157, 38.99723746927568], [9.020119066276537, 38.99686940411477], [9.018237101774371, 38.99671243994436], [9.017564796231747, 38.996226153890454], [9.016330062896303, 38.994643184321276], [9.015792163094735, 38.993889831564054], [9.013958315085931, 38.99039950422328], [9.013823759877356, 38.98973192622131], [9.013786789902483, 38.98813924227362], [9.013982182217276, 38.987481161484205], [9.014348716397862, 38.98715685701123], [9.013688567299084, 38.98573591407161], [9.01262560116213, 38.98655622167503], [9.011921997468344, 38.98694820500624], [9.00799548174745, 38.98682113095166], [9.00043022274306, 38.98615634725377], [8.995598103179317, 38.98101578215525], [8.994076011266236, 38.97573958879709], [8.982821012652673, 38.96822728760772], [8.975277891251473, 38.96186528474725], [8.960580250497987, 38.951755637163394], [8.948921307289583, 38.94387682238062], [8.940341647605443, 38.935919090670616], [8.927638189841907, 38.92952845468467], [8.926727236806745, 38.92907900735573], [8.92573851549598, 38.92853826234633], [8.924997742540269, 38.928099088940115], [8.924406044819735, 38.927715017935576], [8.923835735261198, 38.92733117594266], [8.922142330700515, 38.92607807561895], [8.921393100678335, 38.925504223233744], [8.921214444208417, 38.925363300368744], [8.920947906049983, 38.92514956634053], [8.91864641626987, 38.92328059897764], [8.915506611807391, 38.9205843888762], [8.912038159088123, 38.917091043507696], [8.910878000966909, 38.91546130896823], [8.91011393403739, 38.91439115707086], [8.906829675329412, 38.90923240437581], [8.906378558508509, 38.908412004598596], [8.905908129260817, 38.907922467064004], [8.902683788223921, 38.90525498862984], [8.896313664006648, 38.90146469190238], [8.89155145840075, 38.899078947747014], [8.886416977165904, 38.8972207342893], [8.874285305829407, 38.8905741026474], [8.860832609473345, 38.882413631494586], [8.855197384162482, 38.875838082220746], [8.845873302070824, 38.87636536437816], [8.841043350244286, 38.877545845102745], [8.838812236089835, 38.88038590341847], [8.835419693219837, 38.876963983106954], [8.834600407215769, 38.876695783055325], [8.828991598447953, 38.88121676383146], [8.827079250663337, 38.88398810679178], [8.827832272720077, 38.888055768309094], [8.821858185326247, 38.893245425527326], [8.819289141350252, 38.89458305594846], [8.817711314869868, 38.894946693321266], [8.81756235412365, 38.89498067107406], [8.81734481914936, 38.89502780272573], [8.816741202693255, 38.89512520766021], [8.816498890776929, 38.89512554803402], [8.812010602315686, 38.894919889284274], [8.809380042874198, 38.89352242884242], [8.80700984170498, 38.89841922121299], [8.806962349752695, 38.898857903789086], [8.806137000658369, 38.89956513332444], [8.805982696730025, 38.89965765854871], [8.80277295678054, 38.899484211993745], [8.799894905107939, 38.89771356618251], [8.799601197859198, 38.897286170397216], [8.79897520628192, 38.89520439618555], [8.798926945444958, 38.89475926084432], [8.79892314027718, 38.894723208258355], [8.798891208432508, 38.893779205798346], [8.79889264579865, 38.89341221812917], [8.799014266204903, 38.89307540424064], [8.799258849506638, 38.89272325229669], [8.799443270779673, 38.89250729471822], [8.79951915356543, 38.892418437247194], [8.801527743597031, 38.889149459497936], [8.803413166739002, 38.884773210107994], [8.803390162266748, 38.884754079563265], [8.803103537722514, 38.88451624749837], [8.802963977969444, 38.88440295171079], [8.802802779804836, 38.884275461209356], [8.80245110427427, 38.88401142118262], [8.801777969384196, 38.88385768564478], [8.80051796302711, 38.884122582176836], [8.798873430188296, 38.88573727302915], [8.798628153589839, 38.88617174726749], [8.797821310141858, 38.888413505112084], [8.796927115853393, 38.890456730519574], [8.795222288703378, 38.89259008647383], [8.793734556098638, 38.893892157080245], [8.791035163300833, 38.8955201255019], [8.786761907547358, 38.89775173337642], [8.783465618881932, 38.898170947758054], [8.782671587144497, 38.89914043647828], [8.778573575347464, 38.903740341686536], [8.778431813300422, 38.90733076728195], [8.778626937645727, 38.908921981739354], [8.78181092445126, 38.911617074639416], [8.77482673771899, 38.9153784668413], [8.774979576194333, 38.914921425620335], [8.77494434539136, 38.91466340606057], [8.774839963061188, 38.914540424357206], [8.77473749560936, 38.91441970002283], [8.774472632707221, 38.91428406161539], [8.77444384307169, 38.91426931819519], [8.77225761232264, 38.91450899119665], [8.771201211052343, 38.91472371563743], [8.765959495852666, 38.91589924972641], [8.76117693638173, 38.91722756035992], [8.759950728044686, 38.918079852651964], [8.755422069180819, 38.920526330520744], [8.74892973999356, 38.92352740091448], [8.741450644076918, 38.92657431196641], [8.730288167924604, 38.93222980176781], [8.720299792182944, 38.936500349377404], [8.720497037219223, 38.93111136255116], [8.718591848433563, 38.92613318700048], [8.715645185489322, 38.9242557987304], [8.698334109429696, 38.91723058513468], [8.688334611605367, 38.91450397653945], [8.6841900982435, 38.91094501878701], [8.681841645495217, 38.909463987364475], [8.681644912605345, 38.90934802500294], [8.680490355962238, 38.90910299071426], [8.677755750650798, 38.90854696238831], [8.675662410265167, 38.90826649639471], [8.672703002526516, 38.908188024946604], [8.671520150212551, 38.90831053289548], [8.67012563788735, 38.90900053461137], [8.670080030472624, 38.909033408436514], [8.66955998050549, 38.90941602532803], [8.669336879155217, 38.90958859044302], [8.669245942788184, 38.90965986677285], [8.669184010249186, 38.90971050605552], [8.669120597646339, 38.90977236669203], [8.66877556860936, 38.91011357079584], [8.668710278458816, 38.91017871686428], [8.668668175411085, 38.91022162442552], [8.668629235441408, 38.91026590258098], [8.668215265666143, 38.91075703036806], [8.66801105333974, 38.911131548397904], [8.667831368075367, 38.911461079418764], [8.667168449829012, 38.91232653740719], [8.666972609867184, 38.91247461757712], [8.666345181523736, 38.91294709930071], [8.66605578830865, 38.91292355400944], [8.664902522668521, 38.912828977926694], [8.664632537071624, 38.91280537667321], [8.664539360930748, 38.91275345079498], [8.664510774614358, 38.91273724444962], [8.664116832426231, 38.91250703686252], [8.664112954216147, 38.908915484815665], [8.667908641949275, 38.90385005124145], [8.670280541040796, 38.89969350513538], [8.670366242118556, 38.89951266861474], [8.67041558386486, 38.89940754118784], [8.670473490709737, 38.89928411847043], [8.670605198558722, 38.89900054372562], [8.670764691041365, 38.89848734267509], [8.670276834240973, 38.89719963084646], [8.670257169085595, 38.89716249485691], [8.670212049300131, 38.89711278984568], [8.670163730554147, 38.89705987129631], [8.669745567966697, 38.89661910277253], [8.668961747303191, 38.895938769800075], [8.667679479169912, 38.89510614455072], [8.666972512090082, 38.89478027731889], [8.665587587010645, 38.89415653967536], [8.66545508641948, 38.89412648980091], [8.66533399622297, 38.894101818094995], [8.665124506513687, 38.894064632645545], [8.664653155272148, 38.89400620293814], [8.66455119983471, 38.893999067660374], [8.660759052155713, 38.894823028008126], [8.65813414639648, 38.89711686119669], [8.65812247230874, 38.897195378304], [8.658063174032215, 38.897505783586936], [8.658051227951384, 38.89754889016968], [8.658012753482096, 38.89758900293969], [8.657971299353317, 38.89762282326259], [8.657948249148522, 38.89764094451462], [8.657906228825935, 38.8976735466054], [8.657313166060316, 38.89813261682367], [8.65689908257266, 38.898188718318984], [8.656320037502478, 38.89826694632053], [8.656270860005801, 38.89827334119208], [8.656140627432753, 38.898287545521484], [8.656100188377934, 38.89828996045208], [8.656027985675388, 38.89827591424913], [8.654272678491456, 38.89789899031837], [8.653442790805496, 38.89752049817576], [8.65286748372573, 38.8972581078186], [8.652716467415802, 38.89718923007616], [8.651779413598486, 38.8966209733466], [8.649668981128753, 38.894893480763585], [8.64923362274711, 38.89343908441394], [8.648347871798206, 38.89037479236003], [8.648343945219702, 38.890347746063085], [8.648282736946317, 38.889911263170006], [8.648213355400145, 38.88930202871643], [8.648254472536843, 38.88687400368102], [8.648746461808097, 38.88602770463917], [8.64919307646953, 38.88573847145471], [8.655818716723786, 38.883102221889594], [8.658507690396478, 38.88194997788925], [8.65582571240749, 38.87776868357371], [8.65565631996321, 38.87673750150444], [8.656594534222995, 38.8728247927493], [8.657989735219784, 38.870646990414805], [8.65533296876575, 38.86849895999142], [8.649568596351463, 38.86734614732503], [8.645438767298316, 38.864090901362516], [8.644310576413346, 38.86410211376108], [8.643292006646742, 38.86418372377476], [8.640106327771496, 38.86496672452217], [8.636680701416624, 38.867395968006484], [8.636633996338242, 38.867674550021995], [8.636616772614559, 38.86778326191151], [8.636599060274285, 38.867898277638524], [8.636597796021086, 38.867927660280486], [8.63679055759279, 38.86818698884509], [8.63684498450923, 38.868259546756356], [8.637208424408154, 38.868740314567646], [8.637803776935696, 38.86914021487507], [8.637976677875088, 38.8692563507599], [8.639275083968952, 38.86987317162897], [8.646629273645038, 38.87622955309882], [8.646001434704766, 38.87613865934493], [8.645576248100301, 38.87615539273607], [8.645136247791713, 38.87625318227051], [8.642763380655785, 38.87730253834433], [8.64136397549611, 38.87944427029926], [8.64108030298278, 38.88107905446886], [8.64096728462561, 38.882935774850736], [8.64399464797523, 38.887577072992066], [8.64541005146315, 38.88958910503411], [8.646403861160268, 38.89089045724923], [8.647133782249895, 38.89147620426834], [8.647273799289305, 38.89157326290525], [8.647453563037338, 38.8916967729522], [8.647712937516207, 38.891868622651145], [8.647737755217403, 38.89190134254001], [8.647816634668029, 38.89201221180985], [8.648004017759808, 38.892293187290555], [8.647704088301584, 38.892853987686166], [8.647676717882131, 38.89289934372345], [8.64755073041298, 38.89304877857365], [8.647171817181492, 38.89349820494199], [8.647083717676185, 38.89360269632071], [8.646697120120008, 38.893947340262315], [8.64638733485728, 38.894223502972416], [8.646093695381797, 38.894396083518636], [8.645384075057912, 38.89481314118173], [8.645102176355074, 38.894978815122094], [8.64431673150726, 38.89534236617676], [8.643840307884188, 38.89550751822921], [8.643191969339508, 38.895622941334146], [8.642256143876157, 38.89569104242104], [8.63942817753972, 38.89585371608773], [8.635423828818578, 38.895885530983406], [8.632640140087274, 38.89518358017285], [8.626827492211225, 38.89314659273817], [8.623387196267599, 38.89173314711586], [8.616576165290873, 38.89105635972591], [8.610409961165443, 38.89111390958087], [8.607661576038955, 38.89337214241712], [8.60663850202304, 38.899624851790655], [8.606645856481915, 38.901427155322594], [8.60704626600017, 38.904103758989], [8.612073268500906, 38.91097354676264], [8.616175118561669, 38.91528894769789], [8.620690626460544, 38.92053817770781], [8.620486844604814, 38.93100677052912], [8.622731696832908, 38.934125541838135], [8.62320626915053, 38.93686715600932], [8.622311059196301, 38.94139107888733], [8.622068336817406, 38.94208048944519], [8.621485199473717, 38.943735140150366], [8.621418943163517, 38.943881201061714], [8.62063915291329, 38.94550971933304], [8.619920155323081, 38.946985237906134], [8.619897205969366, 38.94703021925829], [8.619667707335278, 38.94748003790006], [8.619208700151521, 38.94837967367839], [8.619025093775114, 38.9487395276086], [8.618718677293552, 38.94926362187483], [8.617944925185855, 38.950574278659495], [8.616466637253973, 38.95287634509674], [8.615579899386331, 38.954225124969646], [8.612564643709561, 38.95792331030758], [8.610488414157928, 38.95961502789997], [8.609820010167487, 38.96014671469386], [8.609275163556136, 38.96050693918032], [8.609091676193088, 38.96062750880036], [8.607891819369076, 38.961321858884034], [8.6075401735141, 38.961513614901556], [8.607298506265597, 38.96164539711226], [8.606961497725347, 38.96179843189854], [8.606835593572246, 38.96185560400108], [8.606678004817187, 38.96192716307872], [8.606383113777593, 38.962029667178484], [8.606138816554298, 38.962114582575204], [8.604846616477928, 38.96254050385521], [8.60363392790751, 38.96293514104577], [8.603492322736349, 38.96297323680072], [8.603365167065776, 38.963007444424804], [8.600400858576705, 38.96276927176127], [8.599344377101772, 38.96263602199282], [8.598021397184821, 38.962264825336725], [8.596983951917114, 38.96163664780007], [8.59629866715384, 38.96100847036015], [8.596172478344906, 38.95952018969441], [8.59406774266439, 38.957347653237434], [8.587092016442492, 38.955419156463314], [8.586802013825293, 38.95565233039549], [8.58670991597376, 38.95576088786196], [8.585276170152207, 38.958525882054076], [8.584840341506737, 38.959702326827426], [8.58485054223004, 38.959932151230355], [8.585083920523935, 38.9604286028396], [8.585610271872559, 38.96151858655973], [8.587734818118225, 38.96238235373034], [8.588605387334232, 38.96252380429623], [8.589006942733446, 38.96294311758883], [8.589241854142456, 38.963738064850396], [8.589306647173705, 38.964010883942336], [8.589229387022165, 38.96414803443171], [8.586092936105421, 38.96783268827773], [8.584266518003226, 38.96989749139885], [8.578030703772614, 38.97501636206286], [8.575121454608079, 38.98051657438223], [8.573447593195352, 38.98475854548376], [8.571865466321215, 38.988697998473924], [8.568370943223515, 38.99323004963531], [8.567433859674324, 38.99460854525613], [8.567126046671952, 38.9951175745599], [8.566837087237914, 38.99563577441614], [8.566296574162306, 38.99672077728589], [8.566149879416843, 38.9970750188096], [8.56523609931839, 38.999605334244634], [8.565102031373904, 39.00027730936591], [8.56494515723163, 39.00115612751961], [8.564926986632129, 39.00148725840063], [8.56611759936629, 39.00661440789663], [8.566626721700105, 39.009969174190616], [8.571465994895608, 39.01450650611226], [8.571546059748936, 39.014495057584824], [8.571590383503086, 39.014490633617505], [8.572316992802422, 39.014479307809204], [8.572459372639726, 39.014572194426485], [8.572594538545959, 39.014664263249834], [8.572672186712571, 39.01471715375888], [8.572870536383325, 39.01486656448383], [8.573893551282797, 39.015699337092336], [8.574123049117196, 39.01595248916233], [8.574645150982107, 39.01671133515394], [8.574798653585205, 39.0169371749144], [8.574868734999427, 39.017048944000315], [8.575335341976958, 39.01797541778672], [8.575551847747894, 39.01847182235246], [8.575903685110918, 39.019518400948094], [8.576386513546616, 39.02184504487376], [8.576397102916978, 39.02212443094294], [8.576426435941361, 39.02289837402311], [8.576398237048775, 39.02375208220637], [8.576076898466791, 39.025331250629264], [8.575449990975773, 39.02970840570877], [8.575364938552791, 39.03022990839838], [8.575354116389207, 39.03028477279832], [8.575139689857934, 39.031365333913264], [8.57500990598132, 39.0318154203533], [8.57494354948924, 39.032030641306264], [8.574931206870474, 39.03206322338335], [8.573048050576622, 39.035284701051076], [8.57112325634846, 39.038325286119765], [8.569439747526426, 39.04085232719862], [8.568989376167675, 39.04152086942401], [8.568693785703, 39.041912512710255], [8.567808723090858, 39.042898587604654], [8.56489802868934, 39.04542671466454], [8.563976680938598, 39.04586141272032], [8.563151473079945, 39.04622102424616], [8.562615439826548, 39.046419513421306], [8.56258072655512, 39.0464268886943], [8.561423622830272, 39.04667269968937], [8.560845068000397, 39.04679560041038], [8.56072935703016, 39.04682017984892], [8.56043259336457, 39.04684609548494], [8.559839072342925, 39.04689792361264], [8.555696720307344, 39.046827175068906], [8.555069451869414, 39.04680874480535], [8.554886673465711, 39.046777753463964], [8.554360091873331, 39.04667324086217], [8.554097697974402, 39.04659339066364], [8.553646494166369, 39.04644748606099], [8.553336632731646, 39.046336041146425], [8.553114685575355, 39.04625621476303], [8.553002821619994, 39.04612850430503], [8.552374524619873, 39.045663146430755], [8.552138647568759, 39.04550229252372], [8.552078074188264, 39.045462636689365], [8.551917118605145, 39.04535726381232], [8.551554385295505, 39.04515649717421], [8.55045120129536, 39.044610454714224], [8.549824735501351, 39.04434671458502], [8.5494291630379, 39.04431477514587], [8.54914153402632, 39.044344075672946], [8.54877145140637, 39.0443922062985], [8.548726619853312, 39.04440081699843], [8.54854150518842, 39.04443637173452], [8.542769507243223, 39.04735264939512], [8.536918848349151, 39.05140260370812], [8.535015407186433, 39.05286609963543], [8.532607508722897, 39.055900627533354], [8.534472893944534, 39.0568236288514], [8.530718193288799, 39.059338499181315], [8.51509367432765, 39.0614694454184], [8.514369834332372, 39.06161061079881], [8.512343943927185, 39.06207411474249], [8.511634141670937, 39.06231778266511], [8.509457818640064, 39.06219942946745], [8.497749218548694, 39.06321252101931], [8.495081816940637, 39.062844318348084], [8.485628512438922, 39.0609769615768], [8.478240094377552, 39.0592524711163], [8.473275011186646, 39.05802153570681], [8.468334696871583, 39.05524460265652], [8.470053358363353, 39.05156298696392], [8.46477295879895, 39.042892569894036], [8.460959829199595, 39.03717826125714], [8.458814852821508, 39.034253806354506], [8.455248363340779, 39.028933016709786], [8.454295125093585, 39.027484694813595], [8.454002145039514, 39.02702244902232], [8.453467487279651, 39.02611882944058], [8.453219691698314, 39.02566711025134], [8.452846388085653, 39.024919686726264], [8.452762643738938, 39.02473118621494], [8.45270227173258, 39.02450787676862], [8.450706908740713, 39.0160854611494], [8.44979367711956, 39.00835182095547], [8.450434190985455, 39.00300444765146], [8.451164405673708, 38.997178491619046], [8.451425784617495, 38.99610766380937], [8.450481173421629, 38.988978210206135], [8.44861589429128, 38.985383845802595], [8.447270910469042, 38.98350592255216], [8.444652721197789, 38.98254484793724], [8.441844766560155, 38.97454606415842], [8.441942436672282, 38.968125063629635], [8.435888793370163, 38.96280179968564], [8.43223331655797, 38.96091600697419], [8.430290989980579, 38.960057462145556], [8.425554518014188, 38.96024447985096], [8.421452812177511, 38.96043164845758], [8.41525274709539, 38.95595031647054], [8.415223701846012, 38.955855199676165], [8.415077082981613, 38.95574205856954], [8.414905009206018, 38.95561295406572], [8.414239729249331, 38.9552922957341], [8.414089550389836, 38.95526464940239], [8.413838470178023, 38.95531018177808], [8.413392169799826, 38.95544311565447], [8.413354725235838, 38.95545453673722], [8.409335036067636, 38.956989890079726], [8.408080157339898, 38.95766234173204], [8.40668698519159, 38.95881997071353], [8.404537097309136, 38.960998752353916], [8.403378884718107, 38.96283452416867], [8.402878741950373, 38.96460879199509], [8.402588161902145, 38.966176776295114], [8.402824824272251, 38.96696439158088], [8.402950811403612, 38.9673672233499], [8.403021855434304, 38.9674982498063], [8.399139460638857, 38.97495763660663], [8.397860923948794, 38.975142537199986], [8.396971117255879, 38.975929803181415], [8.396605659664882, 38.97682340271628], [8.394443221038284, 38.9826706124064], [8.394026960095555, 38.98680684596824], [8.391294768253756, 38.991560181590714], [8.38808980207522, 38.99413462344725], [8.384751504318936, 38.99926695593758], [8.383592878819613, 39.00336655493318], [8.380107136559014, 39.00978312824769], [8.375595686091351, 39.01318223456181], [8.371070800755065, 39.018727941808045], [8.370917447315687, 39.01950591718843], [8.370989486750002, 39.01992011676468], [8.371529586279564, 39.020859515266686], [8.37189471922541, 39.02138105474662], [8.373403529719868, 39.02329394675037], [8.372586759167312, 39.02233830729187], [8.370830628543908, 39.021714965572734], [8.37062559568467, 39.021713859549976], [8.37044630232414, 39.021741051209], [8.369832171069337, 39.02262197722877], [8.367049860437904, 39.02662472664409], [8.36463678848405, 39.03010867898245], [8.363886305702348, 39.0318970456959], [8.36248608561314, 39.03697054304414], [8.360741791769211, 39.04432218184083], [8.360486909272385, 39.050426685354985], [8.359754194597071, 39.053535994786], [8.357137001465006, 39.06389464757051], [8.357039638930958, 39.06425691462228], [8.356524089579676, 39.06546689999526], [8.356434167149365, 39.06566352060629], [8.354391499083805, 39.06927129674895], [8.351307147025897, 39.07372004645733], [8.350215801863817, 39.075871225388006], [8.349934937828847, 39.07849033254004], [8.349770932655291, 39.08246032145096], [8.349774847202942, 39.082978477523454], [8.35018939534343, 39.083034855154395], [8.350627233147424, 39.08269487493868], [8.350742684308244, 39.08256924337181], [8.35077969523608, 39.08252628623508], [8.350801551249987, 39.082495917033], [8.350821403339387, 39.08246242243042], [8.350847370350555, 39.08238162650923], [8.350856646270072, 39.08235097549755], [8.350867792842962, 39.082313388234624], [8.350881202735305, 39.08226752334917], [8.350932870165911, 39.08206168182804], [8.350949133501324, 39.08199687794592], [8.3509582029901, 39.081952532491655], [8.358075207502377, 39.08754800889923], [8.351562810011401, 39.09639099372894], [8.350745767605632, 39.09750965804181], [8.354418380255389, 39.09850774680823], [8.361388829294734, 39.10129615889316], [8.362060545778936, 39.109194381109944], [8.369983080226639, 39.114074241603525], [8.371262911079283, 39.113562576843265], [8.373624404872057, 39.111535425082145], [8.3761050983279, 39.10655374825879], [8.37782400934144, 39.10200963096594], [8.377875107564979, 39.101884529656886], [8.377893103333177, 39.10184865161264], [8.378274180531768, 39.10127804497081], [8.378383852619816, 39.101122837925566], [8.378506885747575, 39.100958982864846], [8.378987907312597, 39.10053802836752], [8.37983193633061, 39.0998666954593], [8.379982859622208, 39.09979991497116], [8.38015698956131, 39.09972424747478], [8.380379124980493, 39.09964471678729], [8.385758698382606, 39.09943162172143], [8.387011928852598, 39.09943821759095], [8.387658125540543, 39.0994416133206], [8.391260425050573, 39.1003531024491], [8.394769156769318, 39.101265380584685], [8.394801409113537, 39.10127547913938], [8.395028840779013, 39.10135256808309], [8.39515531901129, 39.10139688307443], [8.395197482321066, 39.101411743937824], [8.395354354268349, 39.101469740232396], [8.39559518460207, 39.10155880031681], [8.405244329325974, 39.10371953209051], [8.406042256269858, 39.10234941932166], [8.406109160134935, 39.10230113445989], [8.406231331001067, 39.1022129640722], [8.407208526348118, 39.10187213855825], [8.407269256598138, 39.10187041532637], [8.407444215217676, 39.1018654519831], [8.409696950465044, 39.10198050749582], [8.410158163086551, 39.10205454042852], [8.410238326693587, 39.102067725512796], [8.411200491430389, 39.10231476025523], [8.414191908388942, 39.10383283418435], [8.417522546018906, 39.105562357222844], [8.4190211451906, 39.10637854486431], [8.419251549095492, 39.106514155513786], [8.419404397469062, 39.106605955924515], [8.421442547281911, 39.10788826046712], [8.42315369018276, 39.10880082472717], [8.425428059025721, 39.10909815845618], [8.42617716700443, 39.10910184805395], [8.426211023042228, 39.10907406678147], [8.428124409379175, 39.103945868477], [8.430684612696869, 39.09780239030303], [8.433780484701982, 39.095195405465844], [8.442031141457901, 39.09223355154726], [8.451316543030265, 39.0876185700268], [8.452087172668422, 39.087134470601555], [8.454592415524457, 39.08537666809558], [8.45574988832992, 39.08446069450316], [8.45597601411658, 39.08424723229762], [8.456489579869865, 39.08374325962263], [8.456554257389062, 39.08360163647249], [8.456830759781681, 39.082787423479104], [8.45710466691556, 39.081368328898314], [8.457154133068101, 39.08109890241128], [8.456897395981777, 39.078997450429995], [8.45669360239194, 39.07824745542364], [8.457706572286797, 39.07315976188706], [8.45975593149912, 39.0649680481774], [8.462906375508485, 39.060860284072696], [8.466584764245816, 39.05741744860518], [8.474565590850265, 39.05913009244374], [8.474662217833004, 39.05915316835349], [8.474724231036339, 39.05916797911959], [8.475226258685545, 39.05933300285076], [8.475359688066153, 39.059393864581196], [8.475981763294996, 39.059680794011435], [8.476390513476346, 39.05988241693177], [8.4767273060683, 39.06005556733266], [8.477184787132288, 39.06032006808968], [8.477440894323033, 39.06047102509009], [8.47754655019478, 39.06053357561936], [8.477846068344375, 39.06076908080224], [8.477993377641551, 39.06092405500283], [8.47801380694923, 39.060945548008206], [8.478694884488368, 39.06216171520923], [8.478747423727569, 39.06227909453297], [8.478854533332369, 39.06253526373925], [8.478580237990101, 39.06408056907095], [8.479040815238312, 39.071589999274494], [8.48157533906121, 39.07494553686781], [8.486062776096768, 39.08099381890265], [8.48682255555793, 39.082115677584525], [8.487363432128696, 39.082925197567846], [8.48807325844732, 39.08399361373821], [8.48841617052062, 39.08456016483815], [8.488458793787956, 39.084661727293174], [8.488458240601188, 39.08473831875302], [8.48791727572151, 39.0847990213999], [8.485960401333593, 39.084798295689446], [8.486024422897273, 39.086133003014055], [8.487722612355823, 39.08884400148674], [8.48464544401498, 39.08635591392545], [8.47761202724518, 39.09606478533182], [8.475315136054064, 39.10372160377978], [8.472377332971972, 39.112215698375415], [8.469706731580125, 39.11551851272592], [8.46850924146926, 39.11690526119727], [8.467636718786213, 39.1177584531223], [8.466455476409168, 39.11870596773099], [8.466038573247031, 39.11895974680346], [8.464849971324778, 39.119536633639946], [8.461410716500303, 39.120584092898596], [8.457520088811599, 39.1197793438066], [8.446441707934737, 39.11735157472847], [8.439759139213123, 39.11496848197037], [8.436934172122893, 39.12080522010565], [8.435750516602148, 39.12544128873693], [8.434560510551634, 39.131908794815956], [8.438172005525328, 39.14165474039216], [8.437630615981083, 39.1535961648104], [8.43652992256719, 39.156498922313205], [8.434046447425988, 39.15898393561363], [8.423512072080042, 39.16643114065411], [8.417267862396931, 39.171298405344466], [8.41400195002121, 39.17214032661126], [8.412614513726762, 39.171027088435274], [8.410759181333264, 39.16916833080964], [8.40961413144594, 39.166423214835405], [8.409394218618862, 39.164945496350235], [8.409549590690732, 39.16394493401741], [8.410779266773766, 39.16191984716835], [8.411980107570407, 39.16121313358094], [8.414910698419323, 39.15675162088044], [8.417363310618756, 39.14784819590418], [8.416043469714506, 39.14749826918135], [8.413942596393833, 39.14828880648707], [8.411360459678402, 39.14950602711364], [8.406788620043741, 39.158803639525544], [8.406451258197224, 39.16351801958294], [8.403330441419254, 39.174104522770946], [8.398651504682624, 39.18959957918904], [8.39940060483364, 39.19410533436233], [8.396698612628855, 39.198318728959805], [8.396240373504611, 39.198920083252304], [8.394466007990747, 39.199289327109945], [8.392309346452285, 39.199710225034366], [8.39009557259689, 39.19722106589726], [8.381705239944573, 39.201880494769135], [8.376042564743159, 39.20607415768704], [8.371878232450264, 39.209234860165374], [8.368601492081098, 39.216389765822655], [8.366918373481887, 39.22741889545548], [8.366983051368836, 39.22832424875446], [8.374874170733454, 39.23416361367751], [8.39072439804845, 39.24606308656511], [8.394226495197007, 39.24864942326073], [8.397466947141105, 39.250522453079064], [8.401616638637364, 39.2547685772786], [8.404221012870046, 39.257657704766565], [8.404782705929346, 39.258223750241136], [8.40660021538563, 39.26003067717531], [8.4105448904442, 39.263727111368155], [8.411741051321524, 39.26453628901722], [8.414515064731223, 39.265801596812786], [8.41465229957851, 39.26585184548612], [8.414873344819211, 39.26592954769634], [8.415064226515176, 39.265975560904195], [8.415162564486417, 39.26599874954256], [8.415220409233115, 39.266012388707566], [8.419902024046266, 39.26618898767398], [8.420250059766605, 39.26615467747478], [8.42057439415561, 39.266183324269434], [8.42073778785563, 39.26622468598474], [8.42092139259591, 39.266275157927154], [8.421247994609608, 39.266380405462606], [8.42151908901102, 39.266473601876875], [8.421658622801576, 39.26655815713405], [8.421880067488562, 39.26669441767626], [8.422968000947195, 39.267465725175995], [8.424050575668527, 39.26837216772124], [8.425311418427874, 39.26951375398961], [8.425478040986304, 39.26973083562722], [8.425821726849522, 39.27018306864356], [8.426137208570594, 39.270599795861365], [8.426164082836385, 39.27063529587026], [8.426496948489374, 39.271076323503614], [8.426710306275254, 39.2714011058586], [8.426801091719542, 39.271539510625715], [8.4271568753724, 39.27208190670253], [8.427388964874861, 39.27244348018838], [8.427580438573042, 39.27274177583536], [8.428083911501252, 39.27355521930274], [8.429204920166933, 39.275416937783646], [8.433264084075988, 39.28242460684926], [8.433977080646807, 39.2837281224352], [8.436582387101252, 39.289374495714384], [8.436704365218231, 39.28970847817048], [8.43678662678752, 39.28993414483303], [8.436788048952158, 39.29006030499952], [8.436788130996545, 39.29021348933872], [8.436756999816893, 39.2912045207527], [8.436720750144405, 39.29223637235805], [8.434056874958644, 39.299057802001094], [8.433150892924782, 39.30609527692908], [8.433042053743927, 39.307945877399], [8.431785385287883, 39.3108237590471], [8.426068484199522, 39.3187882028029], [8.424566981287988, 39.32009184665899], [8.423813864840646, 39.320705354590125], [8.42042579306749, 39.320958855535935], [8.420271022359644, 39.3209353083345], [8.41980881969612, 39.32086567530438], [8.41951117718424, 39.32108607977079], [8.418758198982548, 39.321831847900874], [8.418644344360978, 39.32195917004248], [8.417939463699474, 39.32351111813747], [8.418520068368286, 39.3262476369842], [8.419857523128535, 39.32983155196279], [8.4206481220658, 39.33179981749649], [8.420661373177786, 39.33188098381398], [8.420670205317766, 39.33193509678378], [8.420640103949998, 39.33214082999939], [8.420633317591072, 39.33218721239868], [8.420511344630228, 39.33238033454785], [8.42037472040804, 39.33259140510282], [8.419616104881179, 39.33336043273874], [8.41626592213235, 39.33555340467479], [8.41519351515326, 39.33614272514493], [8.413230553268331, 39.336555220929085], [8.411858516172627, 39.3367206247254], [8.411545463322716, 39.33669201022387], [8.399554955931501, 39.33744293419257], [8.39574306654076, 39.33950549743009], [8.393332942960924, 39.34256356125316], [8.39558181254764, 39.34733063260347], [8.39301325274884, 39.34978392800063], [8.389375765788621, 39.35109396946507], [8.387169668379453, 39.352295015299305], [8.387253853645088, 39.35710642445723], [8.387735537553409, 39.360146600545875], [8.388966036671189, 39.363080460629476], [8.3848819128627, 39.36568553897425], [8.382127640569328, 39.36604038225138], [8.378941092266947, 39.36752368577689], [8.376112224411742, 39.36888522631919], [8.373212900621098, 39.37398511228678], [8.373135085662982, 39.374528010401704], [8.373330758908931, 39.37488680685979], [8.375524986999222, 39.37682873155046], [8.37588994381341, 39.376927945314534], [8.376036294764317, 39.37686779734588], [8.37608310194323, 39.37684800680322], [8.376131444688783, 39.37682578618789], [8.376173361067504, 39.376803970820674], [8.379341320934902, 39.37394587674213], [8.379420359985145, 39.37523931889167], [8.380307371368385, 39.38431803721237], [8.384868747883656, 39.39059634390703], [8.391001164254112, 39.395589337875926], [8.395401498826018, 39.39920150192826], [8.399662202976359, 39.403109345065616], [8.404228268819283, 39.40786789360279], [8.408832168113575, 39.41492636799814], [8.408980511820339, 39.41524249071943], [8.41046479956758, 39.41848816847482], [8.411019129267263, 39.42001783567763], [8.411118456988568, 39.42029192325524], [8.41172933936396, 39.422507424433505], [8.412404635402249, 39.4260003993436], [8.41269157510497, 39.42809229101057], [8.41272995432228, 39.430786632098894], [8.412683479344391, 39.4323091754257], [8.412136688057627, 39.436745219363424], [8.412037150734877, 39.43752750464111], [8.411706859558572, 39.439062128419806], [8.411570110685352, 39.43951196132917], [8.411426013759133, 39.43996175775697], [8.411254659734357, 39.4404114160012], [8.41095869228022, 39.441058673898596], [8.410899528019709, 39.44118452147382], [8.410841047913182, 39.44122927816507], [8.410759324703614, 39.441273916176726], [8.409719867075557, 39.44171917092347], [8.39266426559576, 39.44680338563038], [8.389619379323781, 39.448634595956406], [8.382194841136078, 39.45581626641601], [8.382222094447325, 39.45667793846154], [8.384391643059937, 39.46241109172452], [8.385022150905701, 39.46570324726672], [8.384969187102172, 39.46949825865099], [8.38531424352616, 39.47138411301713], [8.38747788761938, 39.47583494746995], [8.389836941784782, 39.47779360640881], [8.397354189065725, 39.483797721151994], [8.403269533112658, 39.48674403774814], [8.407946081828962, 39.49112130380765], [8.409713862070214, 39.49282087362365], [8.41327880252802, 39.49709179768942], [8.413527883243395, 39.49750459967507], [8.41978160734219, 39.50532958421075], [8.433386805147974, 39.52128919881286], [8.443448580792667, 39.53462094713823], [8.4457833909447, 39.537909037243516], [8.450391735141203, 39.54467350376894], [8.451373077358294, 39.54625939771514], [8.453569226312172, 39.5513201127543], [8.45375212347465, 39.5517444587603], [8.453750922249625, 39.55189762939556], [8.453746633760268, 39.55233611314067], [8.453677531058153, 39.55279831939755], [8.45364926081035, 39.552987403543106], [8.454347563915444, 39.558937510991754], [8.455212963855741, 39.56296614647523], [8.456605638403076, 39.56511115533526], [8.460129470065946, 39.5704436718355], [8.463003867090304, 39.57475603903002], [8.463761487961182, 39.58050397633458], [8.463293707273127, 39.58378459046857], [8.46356028683894, 39.586966458051315], [8.463678623656511, 39.588081677201664], [8.463904913985582, 39.58879656971558], [8.466245877538087, 39.59304388438173], [8.467862179835224, 39.59394219015875], [8.469178739151, 39.59539887035258], [8.470419164602834, 39.59825627994224], [8.470446613082775, 39.598378043943086], [8.47057267009383, 39.598937255898925], [8.47089767784855, 39.60099645952122], [8.470891786047348, 39.60108315642224], [8.470861174440666, 39.60153353096256], [8.470855051836276, 39.6016236056839], [8.470772012490128, 39.601821453381845], [8.46945779286312, 39.604617659889094], [8.466773123920786, 39.61332279711628], [8.465797291377978, 39.615620434470536], [8.465662648203724, 39.615926163706284], [8.465546811645511, 39.61618918383854], [8.465230934385634, 39.61655095814572], [8.465009083276955, 39.61680503888383], [8.464972474446984, 39.61682401723704], [8.46473128472553, 39.61694904989163], [8.46445976707317, 39.61706067724166], [8.464419098622953, 39.617075474836234], [8.455434362440023, 39.62031171658993], [8.451964104239185, 39.625088845558196], [8.450275212049007, 39.63346158216406], [8.451900161929482, 39.650354318436676], [8.456656843995876, 39.67011698860065], [8.445194007139783, 39.6761985781557], [8.44476771034193, 39.677742908388204], [8.44507595539842, 39.68220778464372], [8.445384775928146, 39.68527230206381], [8.446019811506066, 39.68521266992868], [8.448193467230917, 39.68586490140408], [8.448322977176867, 39.68594444531912], [8.448369081045342, 39.68601271307852], [8.448529003371492, 39.68624951683284], [8.44877239255542, 39.68662234013062], [8.449395815959235, 39.687600646091425], [8.44959688615016, 39.687932721879065], [8.449728197780324, 39.688149587469205], [8.451382653804234, 39.69129294323321], [8.45166016815186, 39.691963256447444], [8.45363236534836, 39.697358358799754], [8.455349000913564, 39.70896244470391], [8.45533202194193, 39.70963812225859], [8.455293568675211, 39.71048489237872], [8.454888069495846, 39.71120379809875], [8.453122770629026, 39.71241636466469], [8.451483113244464, 39.7132041490182], [8.448468184819214, 39.71349817817425], [8.44700440764416, 39.717535495311154], [8.449402844485379, 39.729342047261234], [8.44717646866104, 39.735927970927165], [8.447728581134783, 39.737229924420205], [8.448744883442384, 39.74009264749554], [8.448827014205563, 39.7415031110751], [8.448062347168534, 39.744015607037724], [8.445523274469112, 39.747971994510294], [8.444658026348698, 39.75179974551089], [8.444258597567103, 39.75393321274541], [8.443971174367821, 39.75810348149062], [8.445391987344498, 39.75925455292593], [8.450194545425202, 39.76725403331504], [8.450256414948525, 39.76772335286695], [8.450386512190676, 39.768239476700195], [8.45117209640084, 39.769364242698906], [8.45180960521895, 39.76958349581508], [8.454519783747749, 39.76977646579638], [8.455068455752567, 39.76978805327957], [8.457485899749408, 39.76971828848831], [8.4580236736319, 39.76963070099441], [8.458262161718622, 39.769514684171455], [8.458445611752612, 39.76942544032229], [8.459836977457124, 39.76846072932792], [8.459861207040726, 39.76844173168939], [8.459929690357368, 39.76838710054098], [8.460175149203526, 39.76818561002752], [8.460943113408703, 39.76732993830182], [8.465744344131762, 39.76148163314211], [8.477605334006187, 39.7431859188216], [8.488626065899561, 39.72984393496964], [8.496356298191667, 39.7220094987336], [8.497682396362743, 39.72080541284414], [8.498979775430865, 39.71762225073875], [8.499070829628284, 39.71732512661714], [8.494293457978777, 39.716148678557175], [8.493538570228477, 39.71604240079297], [8.492605300915974, 39.71601544009306], [8.491289666678412, 39.716527290780526], [8.48919388575126, 39.71645501420567], [8.488549780437122, 39.71638910735471], [8.488322123983272, 39.716212407594135], [8.488381594351761, 39.715861275408066], [8.488581919076653, 39.715591854412764], [8.493397225215855, 39.71401367156785], [8.498750683889616, 39.71389733666546], [8.50262346684318, 39.71427881597203], [8.502926184590146, 39.71416072833198], [8.50334017303557, 39.714757600179546], [8.50463472108802, 39.71669086209761], [8.505705109481525, 39.718331884681454], [8.505729141660202, 39.71836915398524], [8.506311738835295, 39.719272643466546], [8.506439316435461, 39.71947048716456], [8.506603042506768, 39.719724387090935], [8.50667732536077, 39.71983958161358], [8.507051629184797, 39.720525939517586], [8.507308686131827, 39.72107889945618], [8.507491682205632, 39.72160676664637], [8.507588743965409, 39.72190407802958], [8.507989698825531, 39.724235322950314], [8.507990995985752, 39.725022585777424], [8.507971452691619, 39.72530970030467], [8.507852009446502, 39.72549277442321], [8.507189607021907, 39.72593371170433], [8.50697283087434, 39.72601978538907], [8.506208157628297, 39.726320353848145], [8.505674349173466, 39.726489687094094], [8.506049625906526, 39.73034493875932], [8.509895574810173, 39.73263321650749], [8.511154840126641, 39.73406969400911], [8.520761584329241, 39.74529463678698], [8.520895789766252, 39.74550805356228], [8.521079031715063, 39.74601449937097], [8.521088230710026, 39.746160951204565], [8.513862966579829, 39.75202800220439], [8.511879870886881, 39.75308399228231], [8.521635010450632, 39.76118634950136], [8.527563407610948, 39.766657652573414], [8.531269434094265, 39.770421529515616], [8.532449434730896, 39.77182397069232], [8.532653832646684, 39.77209059016279], [8.533086015822558, 39.77265432937823], [8.53334281962797, 39.77299436459938], [8.533836811210627, 39.773648451365055], [8.534073719013216, 39.77401349813861], [8.534238399935717, 39.77426725014752], [8.538599958873949, 39.78164698713492], [8.53926913762136, 39.782867021289256], [8.539550886314142, 39.783380687321284], [8.53961527327669, 39.78349807299319], [8.540930443363631, 39.785926975976416], [8.54343288569358, 39.79073918298103], [8.543720636699845, 39.79138002472519], [8.54496376478673, 39.79415097687921], [8.545170616825796, 39.794665357362], [8.545365731481379, 39.795188702423815], [8.546631875344323, 39.80142857182583], [8.549830979004113, 39.816604819668655], [8.551809935255283, 39.82557617188764], [8.552906930018715, 39.829419862080584], [8.554023579181258, 39.834064280884895], [8.554161878231152, 39.83479461795463], [8.554594312566383, 39.837301041637915], [8.554662388730577, 39.837866755679606], [8.554758731406471, 39.83876128112101], [8.555480712178856, 39.84732798472554], [8.555525592529222, 39.848314742597516], [8.555538297371314, 39.84859409916407], [8.555542316894854, 39.849783423188086], [8.555469740649027, 39.8505670076933], [8.555428028357529, 39.85101734356008], [8.555385869468651, 39.85145346531348], [8.555093426022287, 39.852818043257926], [8.55477964775816, 39.854168325899685], [8.55384489004612, 39.85776869688347], [8.553586165313886, 39.858749781498126], [8.553274002793406, 39.85956848097483], [8.553045021757875, 39.86016900912292], [8.552889826593816, 39.86046798986745], [8.552817526038362, 39.86060727380879], [8.552656445862592, 39.86091758499102], [8.545824965115703, 39.86034277441043], [8.55291594207243, 39.861875778468715], [8.555107235033827, 39.862147937137074], [8.55607623768191, 39.86226439043935], [8.556127200074721, 39.86224336788809], [8.556845391629304, 39.86190666331042], [8.55695508142975, 39.861854174875994], [8.557338727359124, 39.86167045044399], [8.56554897422406, 39.86012866907305], [8.56949229489496, 39.86374150977576], [8.564003449372018, 39.86487784507373], [8.552013339690449, 39.86397959487068], [8.544242381846818, 39.8660114592423], [8.540118353089609, 39.86880063486594], [8.539941700545864, 39.868976753805896], [8.539754921509271, 39.869162967586895], [8.539816470014959, 39.86979502940568], [8.543226948678967, 39.87349467756128], [8.54450080674884, 39.87485132076255], [8.541951659730387, 39.880373189753456], [8.540367485245929, 39.883532333443156], [8.539971716503409, 39.88452985941877], [8.53946371754944, 39.888445180559614], [8.537724334613001, 39.89143403705498], [8.534713595619353, 39.894328691806166], [8.531742208457887, 39.89707372846741], [8.531443228373083, 39.897347142917255], [8.529665017699507, 39.89886181184031], [8.524025127835415, 39.902363121717634], [8.51800026278889, 39.904886120099306], [8.513234001012496, 39.90655971445893], [8.508797715732294, 39.90757781106136], [8.508729620681708, 39.90759343676636], [8.505675013750391, 39.9078554845126], [8.498079532453382, 39.90668348310875], [8.49105170196464, 39.90540773080173], [8.490963911876657, 39.905262012395724], [8.490494500713618, 39.90435815489641], [8.490218008287366, 39.90382505001121], [8.489497570636857, 39.90238030918478], [8.489712517100752, 39.90210307661899], [8.489191610900468, 39.902426262929986], [8.490128353530594, 39.90435736010959], [8.491039236372382, 39.905881768201986], [8.494120739320758, 39.90862409896409], [8.49185538502313, 39.9096221667143], [8.488575870431026, 39.90659887330501], [8.48229524767437, 39.9042280515103], [8.468109437323807, 39.904172863081975], [8.467954540711451, 39.904158637700476], [8.467456741870036, 39.90404823505529], [8.46665180409344, 39.9037562213322], [8.466515092028205, 39.9036600751125], [8.466458370695156, 39.903620184188654], [8.466275920040768, 39.90188045133096], [8.467282585081211, 39.901234121118485], [8.467619378313852, 39.90109978873927], [8.469085234095417, 39.90146538081136], [8.45503659982351, 39.89064641980893], [8.446681469204712, 39.88441767494896], [8.44424900968956, 39.88252298903613], [8.441933799322946, 39.88001614554351], [8.4417978126792, 39.87980826494364], [8.441502193018543, 39.8793563497298], [8.441372122008447, 39.879157507012614], [8.441401239503849, 39.87288488215733], [8.439349706945448, 39.86402084522658], [8.437321797963529, 39.859204206416344], [8.43679123908137, 39.858365898868044], [8.436504407802229, 39.85810754221565], [8.436448986171193, 39.85805850754685], [8.435495543121949, 39.85796674446382], [8.435240902340357, 39.85809185143548], [8.43478411814447, 39.85836603097127], [8.432530435338977, 39.86027047295115], [8.432455630747564, 39.86039173937129], [8.43214532670585, 39.86089477375302], [8.432049061002585, 39.86120638152446], [8.431888241140793, 39.861740441977744], [8.431751353345595, 39.862197303320684], [8.431837466041992, 39.86264117263936], [8.43233240335679, 39.86518438498253], [8.43320380535444, 39.86563913939159], [8.434072208363194, 39.865792178623636], [8.434314413824916, 39.86583376874027], [8.434377659934823, 39.8658070473707], [8.43780774754993, 39.867167107612175], [8.43814947553103, 39.86743901630744], [8.438339688769553, 39.86759223329565], [8.43834663575625, 39.86762830575828], [8.438520300901171, 39.8685301323919], [8.438525317495488, 39.868575685652885], [8.438528519920101, 39.8686200273059], [8.438662614991749, 39.87100853156602], [8.43856845701623, 39.8752940609206], [8.438472168627584, 39.87573778199897], [8.438387028621367, 39.87612479265802], [8.43810152347244, 39.87708746379209], [8.438069876078945, 39.87719416987891], [8.438042819752408, 39.87728539573757], [8.436106117401804, 39.88158269986011], [8.432733468112646, 39.88618700883313], [8.432121885087259, 39.88696675364583], [8.432090774178063, 39.887005045648486], [8.431060386716366, 39.88820731199723], [8.423220131505904, 39.89426823169702], [8.420428420800684, 39.89589409989506], [8.411813715342118, 39.9000303866508], [8.40522976447017, 39.89940304732464], [8.403720872182317, 39.8988485400632], [8.40213762608881, 39.89850869194306], [8.402091091922514, 39.898530975813934], [8.401986389628604, 39.89858111647972], [8.40149623460119, 39.89895362110768], [8.40109574372613, 39.89942681974236], [8.400375697750162, 39.900351108355366], [8.400150535548294, 39.90077340416196], [8.3997840426464, 39.90146075739295], [8.399495878692118, 39.9021214854038], [8.398807794738897, 39.90374080965107], [8.3978943404746, 39.908194789085535], [8.398207918597276, 39.91012901645119], [8.39931388241832, 39.916986686022724], [8.400738524144584, 39.93405674033499], [8.401262216604575, 39.9411126524888], [8.40136378270389, 39.956989279057375], [8.401100640667462, 39.95844078953956], [8.400639101069254, 39.96069077766901], [8.400241549789532, 39.962490662187875], [8.39949001797501, 39.96564016713192], [8.398690231606095, 39.96810805522759], [8.398581900911193, 39.96833836664695], [8.397649689028581, 39.970315657900116], [8.397404841784605, 39.970584677248624], [8.39690182032171, 39.97113734803325], [8.396424414321471, 39.97166186380933], [8.396311046104303, 39.971736763511636], [8.395685306226037, 39.97215016736021], [8.39513752799011, 39.97237007474079], [8.39379185745536, 39.97290272497687], [8.393376243960835, 39.97292420129164], [8.393885873559732, 39.97991201695432], [8.401806187219357, 39.989343094277515], [8.405445152703155, 39.9933965343068], [8.409552103903508, 39.997814544970296], [8.410495652176435, 39.999029301404576], [8.410496224427572, 40.002582257698805], [8.410009871308954, 40.004642990963134], [8.410072062302204, 40.00576961871401], [8.410460921348884, 40.00924020149275], [8.410807929529321, 40.01061368281228], [8.411963993039473, 40.01072445815147], [8.412583256889814, 40.011269135902], [8.413346492218047, 40.012110898028936], [8.413912199027946, 40.01377378410272], [8.414051020737098, 40.01449638276166], [8.414116725035955, 40.01640450281832], [8.41408205584309, 40.01699896285381], [8.414063134662044, 40.01706749492465], [8.413840601480846, 40.01786266603228], [8.413103227993517, 40.019814021517455], [8.406660789176609, 40.028978897826555], [8.406105112850328, 40.02964276154987], [8.40598871926033, 40.029781813056935], [8.404574340256621, 40.030974050113414], [8.401880276896689, 40.03253113069424], [8.399933358290372, 40.03301657559013], [8.399464913272089, 40.03297360524771], [8.398702258931419, 40.03289986308933], [8.397151125193814, 40.03274986522884], [8.395196404152555, 40.03173262825177], [8.395059848497192, 40.03161358427482], [8.394620464572421, 40.030526185155026], [8.391688846275175, 40.02956867858471], [8.385845595279799, 40.029535364896304], [8.38093282558526, 40.02961685650646], [8.378390921214645, 40.030115668591876], [8.37733972536329, 40.03354605688587], [8.377002123848232, 40.034781419454916], [8.37724235997216, 40.035730469802125], [8.37989246902976, 40.03918332009308], [8.383976034218827, 40.04207643792472], [8.389084999575477, 40.04379728786887], [8.392398507551889, 40.042635584525776], [8.396023330251339, 40.04378298568722], [8.396569660757626, 40.04397503305515], [8.3968444711972, 40.04421698638261], [8.397122961690384, 40.044462183654204], [8.397151265596992, 40.04448711285677], [8.399102606001682, 40.04627438745617], [8.39915180694317, 40.04844895951325], [8.398930531625782, 40.048782660504116], [8.398268233694692, 40.05044148854226], [8.399077548791182, 40.05122952106992], [8.39912464880213, 40.05127481263099], [8.402576527925412, 40.05179719934108], [8.403446930787826, 40.051134976435286], [8.40514938050809, 40.04798133839138], [8.406811591140409, 40.044061952512074], [8.406970021749348, 40.04351290724002], [8.40740324648787, 40.04323251443515], [8.407992663475282, 40.04285102528049], [8.408199211378458, 40.04271733927341], [8.408489241632592, 40.042529619359996], [8.410225334631084, 40.04170958197711], [8.412423196522822, 40.04119823612126], [8.414141230080281, 40.0412801391305], [8.414737204445908, 40.041324819756795], [8.417964353304138, 40.041935491224045], [8.419134430477481, 40.0421868796832], [8.41971942478495, 40.04231264764643], [8.420303935052965, 40.04250689533607], [8.423209038799877, 40.04348834398718], [8.42593703341033, 40.044468980291484], [8.426147864796809, 40.04455527042113], [8.426253170468856, 40.04460114562354], [8.4268989320242, 40.04507151011639], [8.427066587594947, 40.04543400388507], [8.433256008593535, 40.05050080045657], [8.43482252767202, 40.05157957615818], [8.437927591023994, 40.05232547255667], [8.440217987311774, 40.05134776058512], [8.440313182324925, 40.0511759127599], [8.440709117107465, 40.04966423151385], [8.44138243176638, 40.04854914954396], [8.441450526042022, 40.048504427764684], [8.441619538913459, 40.04840501272651], [8.441819561120996, 40.04831588089049], [8.443020217677526, 40.04787288175051], [8.443574089207658, 40.04772067874591], [8.444285436842998, 40.04780292631747], [8.451622207680714, 40.050072260367266], [8.453646133781142, 40.05078712550155], [8.453700202385427, 40.05080622233844], [8.454813688530631, 40.0513906598736], [8.456616255735135, 40.052414630860184], [8.459838299909611, 40.054606637736796], [8.460062701494806, 40.0547703060725], [8.4603993041209, 40.0550158086585], [8.469384007702924, 40.062267518353124], [8.48329102591024, 40.074439839847294], [8.488480117580444, 40.07913790860939], [8.489334770798889, 40.080177777106215], [8.49277673783523, 40.086553640920044], [8.487824102674988, 40.093990211831525], [8.489053785462842, 40.10070023925138], [8.488343574711436, 40.10545412017956], [8.486707415832514, 40.11161838774009], [8.485755618893425, 40.11491163990302], [8.4849008017688, 40.11778186803291], [8.484497262379664, 40.11838370832042], [8.483968179626853, 40.11909760544796], [8.480855725989919, 40.121944205710825], [8.475926986354644, 40.126486549786044], [8.472838404206374, 40.129521009075766], [8.47151446190221, 40.13097450769908], [8.46550230354426, 40.14179429448162], [8.459437179070905, 40.15213246937331], [8.45829864647295, 40.15414195474175], [8.458260791180368, 40.15465034822317], [8.459799456147614, 40.16223264630078], [8.461242768356037, 40.171555255408485], [8.461350928341293, 40.17226293154841], [8.461340251842142, 40.17231693777456], [8.461182094854907, 40.17271261564898], [8.461160527692943, 40.17276657116989], [8.46028271639928, 40.17441738499833], [8.460052825912506, 40.174716448928415], [8.459698836817957, 40.174923300780556], [8.45963983803673, 40.174957775829945], [8.459435062462799, 40.17504691362955], [8.456982077037363, 40.175936373466726], [8.456158519437768, 40.177030839263935], [8.461914666028092, 40.187320233271244], [8.464904905552705, 40.19210542510535], [8.467420434518495, 40.19998583078109], [8.464758001497831, 40.204784543952826], [8.463118423134611, 40.20747074454059], [8.462102919443149, 40.21404284596568], [8.465937801461775, 40.224033925343456], [8.466159577751293, 40.22703730265167], [8.465974894700707, 40.22735515489677], [8.465733477604115, 40.22758828290112], [8.465575387721822, 40.22771255732116], [8.465330462474956, 40.22784318745459], [8.4676451989108, 40.234006087978585], [8.474144441078908, 40.24664881067957], [8.473580461251817, 40.247547174837635], [8.473501341880738, 40.24791394333729], [8.47353454965562, 40.24837018925279], [8.47472365007403, 40.251398205915464], [8.475731784227763, 40.253863435999875], [8.475995213061989, 40.25422950392021], [8.476167526387934, 40.25437555878992], [8.476348669120267, 40.25452052718614], [8.476751710141132, 40.25475696433664], [8.476826727258088, 40.256923496822665], [8.479026838442492, 40.26753635968156], [8.47905266926191, 40.267618685147646], [8.479141679762574, 40.267897246881304], [8.479233968015773, 40.26813190283885], [8.479316357190905, 40.268313682605964], [8.479407477461642, 40.268511071500434], [8.48054810590323, 40.270074798283716], [8.480700103448108, 40.27019260077074], [8.480828716987379, 40.27029227950357], [8.483205858037971, 40.2716633178046], [8.483344114164364, 40.272042322935576], [8.4834352679452, 40.27237336913613], [8.483527019172358, 40.2727368514532], [8.483788662161494, 40.27390471632822], [8.483785819214663, 40.27427858748643], [8.483784860136177, 40.27440471270178], [8.483115789951537, 40.28349204510832], [8.482457840130369, 40.28511977347008], [8.482071535712262, 40.28577714789635], [8.480620064731681, 40.286752726727336], [8.479002030884367, 40.28744277060179], [8.477407792583092, 40.287847278526286], [8.475456634215035, 40.28784727839694], [8.471387928137966, 40.29090705005974], [8.466926063032384, 40.29778598804284], [8.46512770350299, 40.306041416346666], [8.46542133265643, 40.307321498246516], [8.46572951013596, 40.30930616383957], [8.46567052602904, 40.31046913844141], [8.465273119826392, 40.31165684612248], [8.463675782152587, 40.315350188977234], [8.461876727578892, 40.31662564086545], [8.459433471208524, 40.31825639483856], [8.456337620950059, 40.3192548839308], [8.453861357327225, 40.319967864298434], [8.447363056969737, 40.31946026295541], [8.44679053628717, 40.31920180383427], [8.445271744894368, 40.31868020068661], [8.444431678468659, 40.31843553348202], [8.443019299288691, 40.31856903545795], [8.442230184805172, 40.319006452541366], [8.4385254353789, 40.32166791643907], [8.435100208239449, 40.32609444917613], [8.433793669889372, 40.32837467345484], [8.433904253614516, 40.3304608320646], [8.432752322500683, 40.333067839801096], [8.430980869357091, 40.33373482447662], [8.426877915269523, 40.334940408682726], [8.422910431789722, 40.335569046326356], [8.419693695065336, 40.335819926353714], [8.406022022889006, 40.33656234873985], [8.396057186311616, 40.3397560276756], [8.395121342284684, 40.339904292828514], [8.392747294749242, 40.33992788931164], [8.391867419283356, 40.33957837863964], [8.391448765596339, 40.33903817137671], [8.390776322385236, 40.338126511439924], [8.390697221088171, 40.33773690130655], [8.3904557709185, 40.337650041853216], [8.390284124114306, 40.337590578343544], [8.389523130148069, 40.33737935485298], [8.384246894163851, 40.33810118737839], [8.383047741639416, 40.33843509984863], [8.382641712430052, 40.3389978059563], [8.383481244450577, 40.341414924942214], [8.384729629960734, 40.343804482252224], [8.383946075527719, 40.3502598410726], [8.38174800954826, 40.35184272181079], [8.379581222776576, 40.35763297391735], [8.379259452923208, 40.3599736100183], [8.3793162688489, 40.36019914200607], [8.380007011885343, 40.36193259085468], [8.380204905916832, 40.36218590600109], [8.380979456225619, 40.36248735359882], [8.382425132728173, 40.362810400922655], [8.38497581322632, 40.36336453781729], [8.38938427826484, 40.37111768541865], [8.390477905908709, 40.37818205689777], [8.393037519619726, 40.38634420824821], [8.397523726696566, 40.396219055124476], [8.399752736232104, 40.403627060568816], [8.39975578972685, 40.40756267381513], [8.4015264950331, 40.40909571967604], [8.400561705870642, 40.41250964224859], [8.399161012322601, 40.41914651142316], [8.397757784408753, 40.430440987362275], [8.394884633462707, 40.437948477883666], [8.393037641953553, 40.441749586442505], [8.390083860085204, 40.4473015753975], [8.386085294682687, 40.453424509958836], [8.384311582926543, 40.46086546644915], [8.382232418395725, 40.46637684393707], [8.37743976601393, 40.47699065291562], [8.375140456325326, 40.487041180409186], [8.375030774455926, 40.48759913815874], [8.374991853530481, 40.48779712291608], [8.374923441107644, 40.48804900188479], [8.374845253490204, 40.48833686374578], [8.373722328265227, 40.490929846299615], [8.371475922722718, 40.49343563238964], [8.37040105557475, 40.49451781363323], [8.369743191686439, 40.49514689079312], [8.36963623326704, 40.49522738702589], [8.369505504518743, 40.49532577136412], [8.367878417460572, 40.49643398377335]]], [[[8.710547840517961, 40.91943516694938], [8.710710693057335, 40.91915831752784], [8.71072046429954, 40.9190687485998], [8.71058591326849, 40.918983250566896], [8.710363122052575, 40.91901084141001], [8.7102396377214, 40.91908710217017], [8.710185614078158, 40.91913014703526], [8.710130937057118, 40.91918763061609], [8.710095109468222, 40.91930488511075], [8.710082080781364, 40.919363512022784], [8.710225391553085, 40.9194416809364], [8.710287275872828, 40.91945145283538], [8.7105087561702, 40.919474251554796], [8.710547840517961, 40.91943516694938]]], [[[8.22511667186084, 40.966617261978236], [8.224730963089343, 40.96657226286521], [8.224520520373275, 40.96678322601541], [8.224189823647661, 40.967114739504716], [8.224078464615777, 40.96723672552471], [8.224036679702154, 40.967285988337906], [8.223991097481647, 40.96733973056237], [8.223918741508454, 40.96742932432553], [8.223769507879465, 40.967614111372995], [8.22391650959283, 40.96761981142705], [8.223980359348724, 40.967622286989496], [8.224209114041445, 40.96762382656821], [8.224496178457214, 40.96762171327488], [8.224582206459422, 40.967604942194], [8.224741621264126, 40.96756547843728], [8.22486379464137, 40.9675347713413], [8.225106804419479, 40.96746073002551], [8.225348321616728, 40.967387142086984], [8.225562316726794, 40.96725345900667], [8.225694259120464, 40.96702238659102], [8.225263537749584, 40.966634396175685], [8.22511667186084, 40.966617261978236]]], [[[8.21318547683118, 40.9720434147789], [8.213316499155288, 40.97192907292311], [8.21327830343134, 40.97189277962337], [8.212168507255722, 40.97139538554177], [8.211983288549577, 40.971546131480224], [8.211835055576609, 40.97170726326507], [8.211806387696939, 40.971738595834026], [8.21178248142364, 40.97199966727942], [8.211977587818165, 40.97220831403031], [8.212366207696741, 40.97226038767172], [8.21318547683118, 40.9720434147789]]], [[[8.215422777243166, 40.9823661961911], [8.216223143070264, 40.98254609606073], [8.218012167082437, 40.98202980985009], [8.219116959304968, 40.981458529843316], [8.224390836803328, 40.977856916137775], [8.224627087924375, 40.975722919691215], [8.2247618621472, 40.969993297626786], [8.220980281032123, 40.96831932385818], [8.216763545913992, 40.967752518464025], [8.213908598412198, 40.96946939778435], [8.212517879174728, 40.9771321653829], [8.211857912356667, 40.97939244433315], [8.212084980655904, 40.9804130353575], [8.213107056666601, 40.981552783127626], [8.214230721569013, 40.98264907428399], [8.215422777243166, 40.9823661961911]]], [[[8.214598496763985, 40.98571567729096], [8.214196341882127, 40.985545335636075], [8.213841497903578, 40.985395234941905], [8.21285491369248, 40.98538850151854], [8.212775630277463, 40.985433000823306], [8.212567600859133, 40.98555769307049], [8.212610368604539, 40.98558500962604], [8.212827177170663, 40.98572161154408], [8.214598496763985, 40.98571567729096]]], [[[8.211726013149685, 40.98535376303592], [8.211493260558656, 40.98543324447437], [8.211287573192783, 40.98548588529937], [8.211034447391839, 40.98552919385012], [8.211124957630249, 40.98566493448907], [8.21115854147565, 40.98571470818285], [8.211220269101506, 40.98580521197762], [8.211285822573194, 40.98588222880356], [8.211432473941683, 40.98604537771849], [8.211804881975304, 40.985984867672755], [8.212135717589577, 40.98588804063671], [8.212008479817523, 40.98566467167411], [8.211726013149685, 40.98535376303592]]], [[[8.253016609854615, 41.0295069387772], [8.25308012578623, 41.02941276642681], [8.253107345658814, 41.02937240644267], [8.253277520600093, 41.02905034675138], [8.253303968348598, 41.028815183646856], [8.25315504004019, 41.02830976941183], [8.252470151637986, 41.02707573425011], [8.251955474325955, 41.02709491515204], [8.251076499047695, 41.02829628162944], [8.251511674214, 41.02925846258063], [8.252409434928348, 41.0296831618071], [8.252667022199935, 41.02978392130889], [8.252902838052144, 41.029635458350384], [8.252927740468092, 41.02960776226826], [8.253016609854615, 41.0295069387772]]], [[[8.318602387213172, 41.120709138509895], [8.319439254808405, 41.120271572708035], [8.319945974456733, 41.11979376853161], [8.325988080407633, 41.11369489563404], [8.326931600962284, 41.10834070532065], [8.32278035182523, 41.105947295884796], [8.326482781230132, 41.10287477922767], [8.330204750852472, 41.10077511048165], [8.333217320859267, 41.099621553759576], [8.336505339438984, 41.09905502084555], [8.342656110686686, 41.09767062662513], [8.346043234506721, 41.09370478915319], [8.347890765935118, 41.08972474061419], [8.346013391872482, 41.086948658818876], [8.340242410382224, 41.08492253968138], [8.339007741129647, 41.08387300182845], [8.33533833755625, 41.07940196149785], [8.335589131757708, 41.07814896830825], [8.336776716758656, 41.074870235266985], [8.338131036006383, 41.072489408079576], [8.34018214424218, 41.06762935755646], [8.338964868624304, 41.06082135086816], [8.332303780520933, 41.05502796509908], [8.325675401525206, 41.05386562068439], [8.311156166758002, 41.05713435646913], [8.306705179117301, 41.058005951509266], [8.295292627938606, 41.060362124062934], [8.291490604005103, 41.06256139406611], [8.281872551917719, 41.06571108047608], [8.281003234557396, 41.0653926339456], [8.280227420327932, 41.063424464168406], [8.280211611647518, 41.063311354146116], [8.280219379003059, 41.06314475570435], [8.280455254182892, 41.06184119857328], [8.27492532373783, 41.05631392067293], [8.273222557401136, 41.05532582895821], [8.271571156936593, 41.05480982893539], [8.270948636403425, 41.05501194965515], [8.269514958425514, 41.05512110042284], [8.266929416230566, 41.055270280540704], [8.264919036142178, 41.05521122969113], [8.258700489551257, 41.051302466316955], [8.259646536547276, 41.05050233343819], [8.2655097858809, 41.04625269206545], [8.256022292263205, 41.03777546730999], [8.254227862212291, 41.03641154225854], [8.247338766361972, 41.03218253621098], [8.242212368339727, 41.030336081029866], [8.238872713066902, 41.028361586913626], [8.238152004840904, 41.02780733563482], [8.234991783227125, 41.02438812841991], [8.23485680508395, 41.02410607286805], [8.235293184908853, 41.02378208710884], [8.235615716399325, 41.023550764869185], [8.236182452638014, 41.02343216433811], [8.236254572839258, 41.02342305675997], [8.236345059988313, 41.02341409065089], [8.236513147724668, 41.023403989165175], [8.2367570983302, 41.02339212520314], [8.23679988562035, 41.023397226067125], [8.237976385488958, 41.02356565009783], [8.241333613798123, 41.0247284392091], [8.241171200851312, 41.0250178790836], [8.241338607201318, 41.02558873825153], [8.243865897031991, 41.02642057209497], [8.247678759879262, 41.02700402152605], [8.24822886118747, 41.02439318045369], [8.248064704648641, 41.02222440645919], [8.248551384803267, 41.017732573443034], [8.251294839678247, 41.01269466588031], [8.255894265053085, 41.01163560395356], [8.256363033810075, 41.01118822714662], [8.256811467345356, 41.01057632006092], [8.263842922353337, 41.000935530973486], [8.26131450280613, 40.99275354043434], [8.258237011571378, 40.98857204509234], [8.255099751430024, 40.985296519395], [8.2538211964674, 40.985333338097966], [8.247592075852973, 40.98562046927437], [8.239873814815354, 40.98642693851884], [8.230586571434563, 40.987694928442735], [8.22243629585572, 40.988331413548934], [8.214171652431215, 40.98762489734453], [8.211623756536389, 40.98732695793211], [8.211361306193403, 40.98740398301638], [8.210287118977787, 40.987762581967615], [8.209481949823346, 40.98880650291304], [8.208798220166189, 40.98989516532715], [8.210840129057894, 40.99285367369836], [8.214422745306265, 40.99338710063498], [8.21445359720246, 40.99288623725572], [8.214541988717956, 40.99223037744613], [8.214794231843733, 40.9916629306319], [8.214981031967593, 40.99154961045857], [8.215317762141913, 40.99159270997681], [8.215525991038797, 40.99162788702099], [8.216635696594492, 40.99233528266961], [8.217674428642786, 40.993005343585075], [8.217020340110508, 40.9950318556254], [8.213588967828185, 40.99839439855541], [8.211416443150966, 41.003726959114935], [8.213854141321756, 41.00709685477576], [8.215444003176382, 41.00827648029309], [8.21833535968652, 41.01002003822404], [8.223566152093474, 41.01501375343164], [8.230262552364907, 41.02321036990911], [8.224435210698593, 41.024783152765366], [8.219515735600144, 41.02851024798507], [8.2210731064458, 41.02948464093291], [8.223507003983757, 41.03431133878647], [8.222979574028631, 41.0373063217847], [8.221853186021331, 41.03862402337088], [8.220672510635806, 41.04009568154551], [8.220590647524276, 41.040227922045425], [8.220507290602912, 41.040391753552235], [8.220483480064887, 41.041023278112014], [8.221039483250818, 41.041568039896056], [8.221696453117918, 41.042208144753836], [8.224070235418877, 41.043332134433285], [8.22533634507122, 41.043863115706344], [8.226204007135841, 41.04400293873553], [8.23668046765654, 41.0457348941075], [8.245091244733368, 41.047208942837756], [8.248345462319303, 41.04904419762898], [8.250820451334533, 41.0506175695075], [8.256884855902678, 41.058033245149666], [8.256791525820429, 41.06073503469157], [8.258742361424748, 41.06386998728981], [8.261263597534125, 41.06736437819714], [8.26521957853691, 41.0715108125284], [8.27383699843479, 41.076223681098746], [8.278051144567888, 41.07639879302692], [8.279778315298952, 41.07629787146766], [8.281116654927121, 41.076102681852504], [8.281805405424052, 41.07598311738353], [8.282760371274318, 41.07573862183245], [8.283671575725473, 41.07541259393279], [8.283941590278426, 41.0753040184923], [8.284242627878644, 41.07516842368584], [8.2853322223745, 41.07757164041132], [8.284872265006364, 41.080730238834136], [8.281422758775584, 41.08779911911561], [8.279622648723652, 41.09055367453674], [8.276839071222017, 41.09357946353203], [8.276671349961886, 41.093740553690516], [8.276381989959466, 41.09399996763764], [8.275123859992004, 41.09471719618426], [8.27445368168959, 41.09502375176607], [8.272930876533971, 41.09665809582154], [8.272267572463248, 41.09890138343781], [8.272762291273605, 41.10047188445688], [8.275188465594072, 41.10427500039754], [8.275523228867925, 41.10454914411969], [8.276153254117865, 41.10499719462888], [8.277208425347107, 41.10509840201216], [8.277523896264425, 41.10510938869053], [8.280659195791477, 41.10467939907566], [8.289697120640934, 41.104631096669614], [8.30030487266059, 41.105078094820904], [8.302336080735252, 41.10543346362269], [8.304829075854109, 41.106326804841316], [8.310509167251528, 41.10866696365661], [8.311416918927454, 41.11440142136169], [8.316005908506453, 41.118383226312964], [8.316373940627114, 41.12051014805312], [8.316873486289355, 41.12058292299977], [8.318330743371964, 41.12077171232966], [8.318602387213172, 41.120709138509895]]], [[[8.187576398314658, 40.824759337709736], [8.187350829724862, 40.824684147839754], [8.187219248547262, 40.82511648794137], [8.187087666658579, 40.825586422519585], [8.187407221413892, 40.82575559904166], [8.187933549206493, 40.825548827017975], [8.18800873777944, 40.825266866982155], [8.188008738305186, 40.8249661087102], [8.18785835874114, 40.824834526863185], [8.187576398314658, 40.824759337709736]]], [[[8.213515694634113, 40.87963728242896], [8.213069904899958, 40.8793466065207], [8.21270377308721, 40.87937951227512], [8.2125215904333, 40.879396285136444], [8.212114996081635, 40.87965474732495], [8.211729568100527, 40.880129550201396], [8.211889462271635, 40.88041615475743], [8.212013154427758, 40.880611176571435], [8.212218506343559, 40.880934623487306], [8.21270177798266, 40.88121717896759], [8.213162278964601, 40.88141850236128], [8.213529225639725, 40.88150207898459], [8.213979248433708, 40.88158622154819], [8.214441545195728, 40.8816362135108], [8.214720065844778, 40.88116788135855], [8.214747726961704, 40.881086994969976], [8.214818522600329, 40.88087127949567], [8.214800727558274, 40.880745043008126], [8.214774563939095, 40.880573708925034], [8.213515694634113, 40.87963728242896]]], [[[8.17430245274041, 40.93972700411032], [8.174361905788196, 40.93965086105777], [8.174388067518668, 40.93952943859649], [8.174309183171049, 40.93918656481808], [8.17417757529205, 40.93901446736884], [8.174122161832251, 40.938942005763245], [8.173765896625417, 40.938933168338735], [8.173611515225218, 40.9389293387779], [8.173469477361612, 40.939126499278885], [8.17339389206441, 40.939234054923745], [8.173531770285086, 40.93960888089175], [8.174006802944609, 40.9399324029893], [8.17430245274041, 40.93972700411032]]], [[[8.207356543914607, 40.97122614793727], [8.207806248810884, 40.970762508152], [8.207984243585955, 40.970340678083566], [8.207900697688666, 40.97009580539746], [8.207275196030487, 40.96981145659499], [8.20627344170845, 40.97016474903119], [8.205588449089563, 40.970795101787], [8.205549285498602, 40.97108759445238], [8.205678496439898, 40.97121459816189], [8.205807707875215, 40.97134160172835], [8.20680723305272, 40.971470659039134], [8.207083573938332, 40.97137126506187], [8.207356543914607, 40.97122614793727]]], [[[9.119310325495388, 41.158203346663775], [9.119444691218872, 41.15835634231182], [9.119599840877537, 41.15846878027549], [9.119754776433014, 41.158463296483376], [9.119993138224185, 41.158454859265944], [9.120168473741037, 41.15836361743678], [9.12041991860838, 41.157904557280915], [9.120411619921068, 41.157678145650046], [9.12004856276023, 41.15745806306293], [9.119819823575034, 41.15739871697554], [9.119551764540661, 41.15739303671175], [9.119073739380642, 41.157546013687714], [9.119121969026287, 41.157852232750365], [9.119157846061354, 41.15791939073584], [9.119177280128937, 41.15795576650847], [9.119260199214702, 41.158110617192435], [9.119310325495388, 41.158203346663775]]], [[[9.119310325495388, 41.158203346663775], [9.118836386495099, 41.158111956001285], [9.11882609086324, 41.158185831226945], [9.118801105943874, 41.15837502385035], [9.118908424050954, 41.15840193708158], [9.11904257617887, 41.158437829571376], [9.11915884260312, 41.158469647178364], [9.119206542169362, 41.15848269994362], [9.119242201094176, 41.15842861510786], [9.119310325495388, 41.158203346663775]]], [[[9.766874961278658, 40.68518796289752], [9.767022303994379, 40.685182068978655], [9.767069453498433, 40.68507008949747], [9.767108540692739, 40.68494606860638], [9.767090593493295, 40.68490120065997], [9.76701880568512, 40.684809222259005], [9.76692009796268, 40.68478454489443], [9.76661499789802, 40.68493709520606], [9.766607181193653, 40.684991081658524], [9.766733512645168, 40.68516438815836], [9.766874961278658, 40.68518796289752]]], [[[9.718319242531425, 40.73614888581362], [9.717720017762895, 40.73610188732868], [9.717355782511504, 40.736172385123986], [9.717203039133869, 40.73632512835475], [9.71728528569398, 40.73639562531875], [9.71830749239577, 40.73681860737048], [9.718424988154819, 40.73686560515448], [9.718601229973626, 40.7368303566144], [9.71870697627016, 40.73646612231598], [9.718742223918705, 40.73631337914237], [9.718319242531425, 40.73614888581362]]], [[[9.589165661697654, 40.95818942673011], [9.588296659105268, 40.95769334306171], [9.587873192656847, 40.9578027569225], [9.587668191373599, 40.95815506652248], [9.587665496777069, 40.95826993437806], [9.587664570725794, 40.95833299585543], [9.58774218559028, 40.958983224590135], [9.588325392431855, 40.95915900768276], [9.589294581641107, 40.95923450063355], [9.58938086218337, 40.95917645644115], [9.58943616807093, 40.959121174825796], [9.58979878156638, 40.95867479371263], [9.589165661697654, 40.95818942673011]]], [[[9.6437917062224, 40.982846152404214], [9.645024889774032, 40.981920431231195], [9.645493411543931, 40.98149886233179], [9.646058358667467, 40.980751701515054], [9.646498411414122, 40.98004749664857], [9.646507453514914, 40.979783207825854], [9.646287028646288, 40.97906998080497], [9.646100988239024, 40.97888206150985], [9.645640541586568, 40.97862001294795], [9.644923802619006, 40.97825469167056], [9.644542146360985, 40.97812170415315], [9.642945800798483, 40.97775227773327], [9.642726023491637, 40.97792935939819], [9.642698126961108, 40.97795183722695], [9.640459882037005, 40.97982897596199], [9.640286127897864, 40.98028034706536], [9.640181870737335, 40.98078538020054], [9.639948480041062, 40.982546876895285], [9.640811316856116, 40.98297986457612], [9.641944952410837, 40.98297355740704], [9.643051526236576, 40.98292158162353], [9.6437917062224, 40.982846152404214]]], [[[9.582107763744633, 41.06926983383427], [9.582202763188823, 41.06924458171864], [9.58479596035812, 41.06822593253717], [9.584859653333329, 41.06819408195289], [9.584794962747367, 41.06811333766275], [9.5842400993796, 41.067787360414684], [9.58399518481632, 41.06768388398976], [9.583238775156364, 41.06744675088985], [9.583188220898371, 41.067450274877785], [9.582994926345966, 41.06746374895108], [9.580797820671656, 41.06731382619852], [9.580624689053264, 41.06727416236459], [9.580571062420962, 41.06726655049668], [9.580212517363524, 41.067437256750146], [9.580129339181804, 41.067622339142], [9.580057219156817, 41.06788055636278], [9.580036248610382, 41.0680337981833], [9.580135139718438, 41.06828214644684], [9.58056304085056, 41.068722509131426], [9.580991154515065, 41.06901761494195], [9.582107763744633, 41.06926983383427]]], [[[9.576966774246943, 41.068700036096466], [9.57716438049294, 41.06866864429762], [9.577271942305108, 41.068648886795856], [9.577580301715747, 41.0685922437862], [9.578289650733145, 41.06821372893624], [9.5785300804596, 41.068064886177005], [9.578918038543616, 41.06759577753502], [9.5789950419633, 41.06738482793585], [9.57907139176315, 41.06709956678776], [9.579605354150711, 41.06308391821801], [9.578750938445882, 41.06237076061792], [9.576267274072658, 41.06117622128602], [9.57573306414269, 41.061024843383336], [9.575216953638282, 41.061001309014046], [9.57487953761591, 41.06103339502369], [9.574386050838918, 41.06108089529257], [9.5731057596476, 41.06123727305892], [9.57070912996653, 41.06183331775653], [9.569243316637106, 41.06402275773879], [9.569184839101208, 41.064142402707716], [9.569245773135393, 41.06430762422745], [9.56958521985207, 41.06468090538741], [9.569884046374634, 41.06482918542404], [9.57007280175411, 41.064807494496016], [9.570160490572842, 41.06479741661986], [9.570516500547619, 41.064676298515515], [9.57209977026493, 41.064713488575805], [9.57341055175142, 41.065066167894635], [9.57404873774137, 41.06557306820406], [9.574689149028071, 41.06633443096327], [9.574809998708442, 41.06654439008957], [9.574832467078936, 41.06690347215955], [9.574781306030127, 41.06710302912866], [9.574539882814422, 41.067474687280104], [9.576966774246943, 41.068700036096466]]], [[[9.586619359429626, 41.070830109513466], [9.586869710386063, 41.0708738750795], [9.58729955520437, 41.07085704700976], [9.587449753166917, 41.07084839935038], [9.587648377246413, 41.07076406292665], [9.588477369492326, 41.06945705111851], [9.58771105113583, 41.06877973163225], [9.585503349763169, 41.06897338257737], [9.585144520120005, 41.0691114513306], [9.584596659400933, 41.069409243453975], [9.584390524844565, 41.069551658894575], [9.584252477190555, 41.069757797731214], [9.584163457437002, 41.07005438646065], [9.584144641338249, 41.07028193366215], [9.584204621893978, 41.070334551964656], [9.585003053983016, 41.07077622930217], [9.585841759456784, 41.071060391224975], [9.586619359429626, 41.070830109513466]]], [[[9.587262087128398, 41.074337699974286], [9.587150326000783, 41.0743191282806], [9.587004744028626, 41.074345767256034], [9.586773676236358, 41.074464047964035], [9.58667056455824, 41.07458167681774], [9.586594005733675, 41.0746732731482], [9.586586179312492, 41.07479717286461], [9.586716436675076, 41.074887715377244], [9.587156988389587, 41.07506788271383], [9.587302802371594, 41.07506713962394], [9.587421386229305, 41.07501623688568], [9.587594815337408, 41.074941791060816], [9.58768013122807, 41.07483100819191], [9.587740321798687, 41.07473949553385], [9.587705053763727, 41.07469463513448], [9.587653031960722, 41.07462846693313], [9.587415545436246, 41.0743601135318], [9.587262087128398, 41.074337699974286]]], [[[9.601395858239178, 41.07888026532075], [9.601239322702249, 41.07884842803351], [9.601152124999084, 41.07886545238444], [9.601112638922432, 41.078989838806635], [9.601365196860417, 41.07943441568421], [9.601592941308068, 41.079442234921196], [9.601856193684089, 41.07942734813419], [9.602040303136107, 41.079382473025106], [9.602053518688106, 41.07919999194755], [9.601982455544976, 41.07910787130872], [9.601780836116811, 41.07899648511487], [9.601667359536215, 41.07895428947346], [9.601395858239178, 41.07888026532075]]], [[[9.609724256021133, 41.08223700574521], [9.60998889607541, 41.081244728763245], [9.609931408422941, 41.07953351764112], [9.608968839150064, 41.07367693202388], [9.608382447359565, 41.07276798655655], [9.607238945788641, 41.071550902587845], [9.606608749289236, 41.07129974601405], [9.603199419154553, 41.07172300301534], [9.597596182455705, 41.07469781064158], [9.597537249121201, 41.07476245898922], [9.59734866287102, 41.074969333853694], [9.596763036696393, 41.07602630232253], [9.596794139507697, 41.07617477229652], [9.596837553337638, 41.07636821965204], [9.596911580656949, 41.07665609114013], [9.597176066190125, 41.0769429765705], [9.597427507371428, 41.07710381720522], [9.597953200168048, 41.07715063381981], [9.599214346406793, 41.07723866611502], [9.599641809846466, 41.07711933867491], [9.602873211138176, 41.079012169082006], [9.60301211948951, 41.07911953787915], [9.603208907784252, 41.079271642850635], [9.606373101323776, 41.08127732548348], [9.608659993584538, 41.08237099609781], [9.609098823290243, 41.08251393095672], [9.609517127176016, 41.082482442859856], [9.609632361173245, 41.08243791995127], [9.609724256021133, 41.08223700574521]]], [[[9.618818415671294, 41.08615905178206], [9.61881841503497, 41.08611634380792], [9.61878282497444, 41.08603092711462], [9.618740116944572, 41.085973983384655], [9.618654700705072, 41.085924157395084], [9.618462514519516, 41.08583162268576], [9.618369979611378, 41.085852976525686], [9.61828456339017, 41.085917038807494], [9.618099494923724, 41.08610210725146], [9.61821338282615, 41.086201760155944], [9.618697408623811, 41.08634412031795], [9.61879706111005, 41.086301412287774], [9.618818415547691, 41.08623023234512], [9.618818415671294, 41.08615905178206]]], [[[9.579237477935866, 41.091952429307575], [9.579176323448555, 41.091937423973576], [9.579038328647366, 41.09198540970739], [9.578762565706532, 41.09210727672939], [9.578644210953044, 41.092188538992026], [9.578564320534216, 41.0922433919234], [9.578530117031416, 41.092585866133305], [9.578662052596753, 41.09263867797285], [9.57890698138601, 41.092621130483955], [9.579319403221492, 41.09246817489486], [9.579555273463736, 41.092210261647466], [9.579477619034018, 41.09201135043282], [9.579237477935866, 41.091952429307575]]], [[[9.58103724971757, 41.09351353461446], [9.580819775861311, 41.09349428466097], [9.580550082256842, 41.09362963738191], [9.580233325574524, 41.093829407783794], [9.580212283853474, 41.094313691638526], [9.58028372234908, 41.09448223058427], [9.58035607363174, 41.094585458488716], [9.58054626428601, 41.0945484682423], [9.580688906836771, 41.09452072535375], [9.581092068859773, 41.094329526008515], [9.581226574272083, 41.09422300415412], [9.581326936728964, 41.09412678754043], [9.581345593672005, 41.094094040208766], [9.581469110477174, 41.09387722517078], [9.58124113911726, 41.09368020060897], [9.58103724971757, 41.09351353461446]]], [[[9.56978225335604, 41.117641142293536], [9.56982286099341, 41.11751595644259], [9.569914844848915, 41.11582538900089], [9.569909144069843, 41.115770844057224], [9.569896386301545, 41.11568810926606], [9.569657581885167, 41.11562060522775], [9.569403051540114, 41.115628619489385], [9.569173929693166, 41.115647767659816], [9.568796468879555, 41.11573070291154], [9.568669659128869, 41.11578592277955], [9.56847803333893, 41.11592481874725], [9.56835575274997, 41.116075179095795], [9.568282272092448, 41.116187014625446], [9.568217676902487, 41.116293176285396], [9.56807693197312, 41.117065174564985], [9.568068804513942, 41.11715867168447], [9.56816942776085, 41.11743179151306], [9.56826131709943, 41.11755519732309], [9.568649975540264, 41.11773343768196], [9.569348904859933, 41.11791002038544], [9.56948061746584, 41.1178847217219], [9.569734142757873, 41.1177596092373], [9.56978225335604, 41.117641142293536]]], [[[9.57107810510343, 41.11821235913547], [9.571017989241101, 41.11797619910981], [9.570825517387455, 41.117586433927904], [9.570559727023118, 41.11732652053582], [9.57052702911831, 41.117333288027766], [9.570470552101225, 41.117344978123214], [9.569995140439463, 41.11746556024454], [9.569911423955196, 41.11749776001235], [9.569873563417604, 41.11757200471379], [9.56970267372656, 41.11790839494311], [9.569671134571617, 41.11801147622902], [9.569678764622749, 41.11807065614463], [9.569739089985783, 41.11833158781593], [9.56983891370788, 41.1185112521536], [9.570394909123564, 41.119098519680456], [9.570542290845959, 41.11909559554397], [9.570773039458848, 41.11909101691992], [9.570944727076265, 41.11897193721061], [9.570985097583627, 41.1189176900877], [9.571033035530377, 41.118853270550694], [9.571106563220823, 41.11874706308203], [9.571134419613362, 41.11869700630227], [9.57115494534819, 41.118660122212646], [9.571203052832832, 41.11854165471233], [9.571179475832, 41.118452318643634], [9.57107810510343, 41.11821235913547]]], [[[9.566169561326452, 41.123121131467244], [9.566770279516307, 41.12302134274264], [9.566878355779874, 41.12298606899124], [9.566866189276478, 41.12274612908604], [9.566603217608256, 41.12264157980216], [9.565561726641759, 41.122392223555345], [9.564559579921978, 41.12238925692505], [9.56450330846483, 41.12242556461733], [9.564023748273382, 41.12293674491384], [9.564183371376375, 41.123318916227106], [9.564220962968145, 41.12336151915806], [9.564307672190372, 41.12345359566533], [9.564560546337509, 41.12354451833075], [9.564709561996583, 41.12355729995914], [9.564822610941897, 41.123543233781376], [9.566169561326452, 41.123121131467244]]], [[[9.570909607815219, 41.12814892565772], [9.571320257483638, 41.12810747995606], [9.571635071011835, 41.12783342966783], [9.571805507227362, 41.12684734344507], [9.571804666608761, 41.12675051274567], [9.571683943762824, 41.126601355135854], [9.571120886353999, 41.1260670507007], [9.571024904075786, 41.12598870756883], [9.570920534166895, 41.12597346088489], [9.570733254815316, 41.12601379876178], [9.569213163228904, 41.12639289598739], [9.56914528969779, 41.12646529426743], [9.569096746397602, 41.12659865310485], [9.569235683354371, 41.12693100699161], [9.569488779180467, 41.127486558203245], [9.569845877277375, 41.12792809388327], [9.570094445310414, 41.128080899586166], [9.570909607815219, 41.12814892565772]]], [[[9.568863359481673, 41.12796087444391], [9.568411934586862, 41.12690129531172], [9.566640823880583, 41.1249361618082], [9.566405623175896, 41.12477175079856], [9.565043700911131, 41.124320207988454], [9.564692640435027, 41.12436193286589], [9.564189863183891, 41.124424605588004], [9.5639258688453, 41.12454863103208], [9.563794868734416, 41.12472717898816], [9.563736543048423, 41.12480853536583], [9.56363447246114, 41.1249509096322], [9.563533260129548, 41.12513043663704], [9.56350378877681, 41.12526006965267], [9.563490208105478, 41.12531981396722], [9.563521606196232, 41.12550882622306], [9.56361041421555, 41.12561986466365], [9.565021118140479, 41.1268954558265], [9.566621982757011, 41.1279389341676], [9.567907525875887, 41.12833041074294], [9.568504519009654, 41.12848397891274], [9.568863359481673, 41.12796087444391]]], [[[9.567816935377392, 41.132159217560535], [9.567950548517716, 41.131087856921134], [9.567751434070475, 41.13078020452283], [9.567206044027577, 41.130049873524726], [9.567009185722615, 41.130017062707815], [9.566525343844319, 41.13020770799386], [9.566445703180047, 41.13029795416386], [9.56640155121081, 41.130358974179245], [9.566294537733429, 41.13055654791449], [9.566265448263788, 41.130639889456525], [9.566094172903714, 41.13115543243334], [9.566086873467585, 41.131345760834556], [9.566123901251517, 41.13149533462378], [9.566288585973965, 41.13194266912507], [9.566460830617203, 41.132056673033304], [9.566884200021716, 41.132278661952554], [9.567327216351796, 41.13244684612476], [9.567487766922747, 41.132499761767654], [9.567541144470868, 41.13247247489784], [9.567613591762761, 41.13241131505353], [9.567816935377392, 41.132159217560535]]], [[[9.501397595750689, 41.1539452979982], [9.501546299842003, 41.15390974480988], [9.501864443271945, 41.15382278450503], [9.50299122461662, 41.153730908791196], [9.503632517819206, 41.15378916979395], [9.503781220322, 41.15375361372839], [9.5039399539735, 41.1536662187704], [9.503961445884865, 41.15355465225307], [9.503982334085062, 41.153364268798654], [9.50395953157941, 41.153304691787], [9.50368126693158, 41.152762057389666], [9.503373273159761, 41.15261702629617], [9.502527968064392, 41.15253401649339], [9.502376021787533, 41.15253467927576], [9.502288130602402, 41.15253506256139], [9.501751850135221, 41.152537399779796], [9.5005464159917, 41.152896203637695], [9.50021735173349, 41.15311382214597], [9.500093595011544, 41.15329564273667], [9.500116984473893, 41.15343291155506], [9.500164021038099, 41.15354530582252], [9.500392603903014, 41.15363101459744], [9.501158918148192, 41.15390354890653], [9.501194718935322, 41.153909811305574], [9.501397595750689, 41.1539452979982]]], [[[9.518319630364703, 41.16426922299072], [9.518664300435306, 41.16414156133495], [9.51876965876835, 41.16408704017501], [9.518961077978219, 41.16398709064208], [9.51911914937423, 41.16381522853471], [9.519175493248273, 41.16375191906095], [9.519280128697076, 41.16363434516449], [9.519043576311473, 41.16349016025699], [9.518665963287937, 41.16359657756181], [9.518410727403667, 41.163728340711934], [9.517888334402612, 41.163992240494785], [9.517627026802701, 41.16411019572212], [9.517617992546532, 41.16422621254201], [9.517688253659747, 41.16431710118358], [9.517978887947352, 41.164328181375346], [9.518121833930746, 41.16431627854467], [9.518200719950277, 41.16430578974669], [9.518319630364703, 41.16426922299072]]], [[[9.525575266436947, 41.16597486026705], [9.527447223017187, 41.16426269149717], [9.527933843638156, 41.163569249422956], [9.527597153848495, 41.162521235673076], [9.527541654875485, 41.162497317985085], [9.527473059874977, 41.162467756419886], [9.527011998751297, 41.162384292415936], [9.526193032742166, 41.16226080043617], [9.524101684267652, 41.16195280833569], [9.523047723071729, 41.16187990661827], [9.52239212348388, 41.161876125850014], [9.522243434698652, 41.16196999618585], [9.520416389970878, 41.16328391590462], [9.516764566441863, 41.16603724709178], [9.516664035893823, 41.16613791038618], [9.51659349050816, 41.166262084924654], [9.516667326006067, 41.16655676070327], [9.516710330161576, 41.1666567800934], [9.518103466575447, 41.167091906858154], [9.518452551849887, 41.16714438365836], [9.525575266436947, 41.16597486026705]]], [[[9.459549752234382, 41.173915443163196], [9.459383270181942, 41.173871776573804], [9.459096085653758, 41.17393259824881], [9.459017524126535, 41.1739925888809], [9.458930002397487, 41.17447711010389], [9.459010287049198, 41.174663702848456], [9.459284967545507, 41.17473241928831], [9.459402070164437, 41.17464299900221], [9.45953074776824, 41.174503990623194], [9.459645222079804, 41.174038502338625], [9.45960572196751, 41.17393056574184], [9.459549752234382, 41.173915443163196]]], [[[9.461789405981008, 41.17525612043291], [9.46185601814824, 41.17500363324796], [9.461933138253771, 41.17367798511148], [9.461942320188575, 41.17325013298708], [9.46192897055536, 41.173084689272315], [9.461878680185757, 41.17292610549981], [9.461803035164827, 41.172764267006784], [9.461537458071321, 41.17271803988569], [9.46113330014083, 41.17267236795837], [9.460969448389672, 41.17268203176824], [9.4607197631931, 41.17271147241772], [9.459760860079376, 41.17288728703309], [9.45940562202094, 41.17346408140355], [9.459918484985371, 41.17436282104975], [9.460004296319472, 41.17530717735964], [9.459904854141106, 41.17536499909408], [9.459942841788841, 41.17546956362783], [9.460082958519031, 41.17568744527903], [9.460196552498749, 41.17573540815928], [9.460918389822625, 41.17602752948097], [9.461145098633514, 41.17605477087486], [9.46125822919034, 41.17603630202366], [9.461409021802114, 41.17586342329987], [9.461517263148071, 41.17570760384174], [9.461594913613716, 41.17559582051086], [9.461770373667813, 41.17532825923464], [9.461789405981008, 41.17525612043291]]], [[[9.488240314917396, 41.184406989224925], [9.488130969282937, 41.18371895591122], [9.48809897959234, 41.18363864907604], [9.487993876201454, 41.18353437843172], [9.487898391172617, 41.183521271104475], [9.487607634579874, 41.183504486626745], [9.487540752121713, 41.183529541511064], [9.487503626061612, 41.183547714477776], [9.487337313263861, 41.18363061457467], [9.487229851362887, 41.18381122647079], [9.487216332770416, 41.18399819592185], [9.487264558458532, 41.18407005515519], [9.48824155404622, 41.18457381488802], [9.488240314917396, 41.184406989224925]]], [[[9.48620583312193, 41.183597113980156], [9.486606792462608, 41.183400625531284], [9.487219343381156, 41.18239366221679], [9.487115960356716, 41.18131428441439], [9.48673575209096, 41.180558106682774], [9.485940677344265, 41.18079341589595], [9.484148580226265, 41.18191463366773], [9.483951990519248, 41.182338753291425], [9.483924519109527, 41.18245371866799], [9.483732551439351, 41.18350619033738], [9.483968650109366, 41.18417290420524], [9.484416278568485, 41.184668705585196], [9.484665892793938, 41.18476482372096], [9.484728670438555, 41.18478899707323], [9.484880409257668, 41.184750074749836], [9.48620583312193, 41.183597113980156]]], [[[9.39708339211209, 41.19711096200256], [9.397180593294072, 41.19697994920451], [9.397468492710445, 41.19633377131965], [9.397466678058086, 41.19612329353557], [9.397363858519803, 41.19599723323852], [9.397306586991453, 41.195927134057044], [9.397119660466787, 41.19584936497125], [9.396058040639375, 41.19577768043175], [9.39598822102982, 41.19579441038463], [9.395888075800176, 41.195831184437104], [9.395641073616716, 41.19622666135013], [9.395596288042034, 41.196365802624385], [9.395562795117835, 41.196497657334156], [9.395549312857513, 41.196659093714906], [9.395574681307417, 41.196986291569445], [9.395758840464334, 41.19711897401135], [9.396238378441094, 41.197286897970386], [9.396356097534465, 41.19727861097903], [9.39708339211209, 41.19711096200256]]], [[[9.442772419588692, 41.202037913293445], [9.443073328521818, 41.20176341258794], [9.443185725386328, 41.201646735133444], [9.443270770275243, 41.20143585027342], [9.443307402095925, 41.201341127358255], [9.443226429095693, 41.2012716278966], [9.442885198039008, 41.201296586367285], [9.442785534585617, 41.20132962318783], [9.442699418413262, 41.20138174870569], [9.442588431275544, 41.201456175986124], [9.441865914027138, 41.202149562566326], [9.441824261195329, 41.20226224618291], [9.441811542794575, 41.20235984407381], [9.441837672086708, 41.202482886129964], [9.441912810585851, 41.20257155069856], [9.44201335519791, 41.20266912469202], [9.44225426847957, 41.20257924691886], [9.442391074690269, 41.20252692703293], [9.442468678985431, 41.20248947137049], [9.442772419588692, 41.202037913293445]]], [[[9.419231814339648, 41.20761530482529], [9.419267581734541, 41.207612772211036], [9.419547294800193, 41.20752054872687], [9.41976759148869, 41.20738845788186], [9.420102592795043, 41.20715708583425], [9.42015411095192, 41.20708581579242], [9.420351386415064, 41.20679710669449], [9.420980671831913, 41.204723025395886], [9.422171675911907, 41.193464319887916], [9.420158602950211, 41.1901965223797], [9.41903116021661, 41.18870534577499], [9.418767742136966, 41.18853515717082], [9.41742870481087, 41.188026013222924], [9.416938816558654, 41.187900838323756], [9.41106570190742, 41.18711349612204], [9.405168056809888, 41.190302904482586], [9.40239350192229, 41.19020678982337], [9.399859227120738, 41.19015819096096], [9.397604737077796, 41.190281973063584], [9.39696114047439, 41.19033711373395], [9.396853820049053, 41.19036727545227], [9.396765217168836, 41.19047515860642], [9.39675257022637, 41.19060243801897], [9.396769051144036, 41.19111019860299], [9.39697651861415, 41.192882902221854], [9.398224559228172, 41.19786443030069], [9.39918091815844, 41.1984849119228], [9.406237308264712, 41.20099368823357], [9.409836889585755, 41.20445795329644], [9.412077987366972, 41.207430786693045], [9.415444433783247, 41.20780115444021], [9.419231814339648, 41.20761530482529]]], [[[9.44680818230871, 41.20862054814811], [9.446947707939346, 41.20830923772544], [9.446941511083512, 41.20805591707006], [9.446610987182998, 41.20790631833709], [9.446104566606657, 41.207981470187136], [9.44601527780994, 41.208006586793104], [9.445979739653712, 41.20804275593056], [9.445915683171771, 41.20827045104952], [9.445920515343484, 41.20832335360909], [9.44680818230871, 41.20862054814811]]], [[[9.41780367762238, 41.215058540954786], [9.418041904338757, 41.21505767729935], [9.41832084816055, 41.21464005306561], [9.418889308861129, 41.21366852177664], [9.418905917001224, 41.21355698985055], [9.418949947458335, 41.2125119245492], [9.418858914572516, 41.21133110716266], [9.418378854180053, 41.21087232728979], [9.418058329575079, 41.21064595326053], [9.417928396347895, 41.21055418602026], [9.417459224408363, 41.21022282328705], [9.417222579299889, 41.21005568577538], [9.417173377397171, 41.21005586402187], [9.417228308170436, 41.21010633433108], [9.417716588848904, 41.21055495449751], [9.416763455390853, 41.212892556337295], [9.416041943169878, 41.214164139362026], [9.417401806239798, 41.21502959762245], [9.41780367762238, 41.215058540954786]]], [[[9.518671661801903, 41.21535674263249], [9.518516361681453, 41.21535138783131], [9.518425322914949, 41.21536745336313], [9.518344994409544, 41.21541029509641], [9.518248601696126, 41.21546384644196], [9.518125431674894, 41.21556024062843], [9.518109366100902, 41.21561914769447], [9.518109365679923, 41.21567805454158], [9.51821646936584, 41.21590297337386], [9.518259311942305, 41.21597259051433], [9.518323573414609, 41.21602614301509], [9.518393191963074, 41.21602614311074], [9.518580623761446, 41.215897618322245], [9.518628820410378, 41.21586013128531], [9.51869547853618, 41.21580660096322], [9.518689031985822, 41.21553463702599], [9.518671661801903, 41.21535674263249]]], [[[9.517913576722911, 41.21639090770039], [9.517648976076527, 41.21618981083727], [9.516902035137768, 41.21582369372796], [9.516857118376711, 41.21580241701587], [9.516795652804111, 41.21579532445339], [9.51674837166547, 41.21579768860656], [9.516630168295446, 41.215811873069], [9.516561609619885, 41.21584497010653], [9.516507236295613, 41.215963173614945], [9.516478867115543, 41.216043551802336], [9.5165001444414, 41.21615229913728], [9.516559246280302, 41.21628468635317], [9.516765161179746, 41.216363227947745], [9.517643684273859, 41.21658142029838], [9.517844780529918, 41.216528500332785], [9.517945329134188, 41.21649674765372], [9.517913576722911, 41.21639090770039]]], [[[9.519414101971, 41.217776767288406], [9.519342582963878, 41.217704904565416], [9.518916336073977, 41.21754506137964], [9.518836414681973, 41.217545062082735], [9.518720972114954, 41.21757170221347], [9.518490087550926, 41.21767826444897], [9.51819704295947, 41.21788250781855], [9.518205922901, 41.21807787150004], [9.518352291874233, 41.2182896538134], [9.518519246951255, 41.218280933828225], [9.518773146952984, 41.218191846674635], [9.519249766750915, 41.217964672576656], [9.519361127429462, 41.2178844932669], [9.519414101971, 41.217776767288406]]], [[[9.51943854798078, 41.21833705143102], [9.519432806504122, 41.218210733264385], [9.51938687312803, 41.21811886583521], [9.519317971389018, 41.2180958985044], [9.519226103779637, 41.21807293199649], [9.519157202766069, 41.218101639885084], [9.519030885457084, 41.21817054102564], [9.51877250708143, 41.218314084244554], [9.518663413165887, 41.21837724415445], [9.518554320257637, 41.218451886258784], [9.518462452581312, 41.21853801227876], [9.518491160725107, 41.21865284746989], [9.518893083473456, 41.21887103392286], [9.519260554900873, 41.21897438465677], [9.519340938791384, 41.21899160997753], [9.519472999023474, 41.21884232450245], [9.519507449685635, 41.21875045660011], [9.519536158427314, 41.218658589369745], [9.51943854798078, 41.21833705143102]]], [[[9.449402550275243, 41.2223518461074], [9.449703199372665, 41.22226509778506], [9.44993660153588, 41.222158344679265], [9.450156158059032, 41.22198971713178], [9.450270119486024, 41.22186316252782], [9.450223758754682, 41.22170987158218], [9.450055111209599, 41.22143780542587], [9.449995161300109, 41.221341231396266], [9.449884977112658, 41.221274856062436], [9.449748369096216, 41.22128307248163], [9.448008834863728, 41.221573598928565], [9.447878183264722, 41.22162139929475], [9.44781836360118, 41.22170157484914], [9.447783370569574, 41.22175125412698], [9.4473259470858, 41.2224668989643], [9.447258512042076, 41.22260452976592], [9.44723916718697, 41.2226440133572], [9.447207363813801, 41.22279163956598], [9.44721432615863, 41.2229379892352], [9.447308345258243, 41.22294775789475], [9.449402550275243, 41.2223518461074]]], [[[9.455622418312622, 41.226423130024735], [9.45575500805141, 41.22640233767433], [9.455849952812533, 41.22611483856169], [9.455995851920735, 41.225610201613534], [9.4560223140539, 41.22537889690894], [9.455861758871668, 41.22495166255368], [9.455700198533506, 41.224952302021286], [9.455506655725092, 41.225000358982435], [9.455013112797435, 41.22522975659031], [9.455030116175903, 41.22639169265375], [9.455357097972469, 41.226444447171346], [9.455622418312622, 41.226423130024735]]], [[[9.338063461774187, 41.228236108654905], [9.33788818896486, 41.22808574232995], [9.337566752944007, 41.22793467922104], [9.337433890163677, 41.22791029701374], [9.33732090784659, 41.2279815640372], [9.337313942604057, 41.228077292058664], [9.337451411697218, 41.22870743498475], [9.337721196957473, 41.229196442797615], [9.337786605358696, 41.229232282380615], [9.337842046996766, 41.229262520355725], [9.337942129682498, 41.229292628202074], [9.33811971221227, 41.22922736381837], [9.338240243997436, 41.228968598688425], [9.338063461774187, 41.228236108654905]]], [[[9.455476798428784, 41.228178532419115], [9.455305053492012, 41.22814543221398], [9.455166296403956, 41.22816624842285], [9.455043325610966, 41.22825568598628], [9.454657778085155, 41.228576985542816], [9.454574167184207, 41.22869329071359], [9.454633537667256, 41.228953155969975], [9.454724863051513, 41.229218523999], [9.45482555048641, 41.22932802110945], [9.454987775174322, 41.22927828839585], [9.455229267343775, 41.22904538382129], [9.45557613008546, 41.228307626314646], [9.455476798428784, 41.228178532419115]]], [[[9.35768770837661, 41.245419028149136], [9.357686529491446, 41.245202845669475], [9.357671255268768, 41.24513758724188], [9.357562759703583, 41.24493862774517], [9.357483368747966, 41.2448791973727], [9.357376162444519, 41.244916687471175], [9.357082867563859, 41.245025690493826], [9.35689092786429, 41.245118614952254], [9.356848051277003, 41.24518968361343], [9.356848755723997, 41.24531916810255], [9.356877726356416, 41.245434163262814], [9.357243561364847, 41.24549584760768], [9.357544881813281, 41.2454904084152], [9.35768770837661, 41.245419028149136]]], [[[9.471145615919252, 41.245181812771335], [9.470951998692613, 41.2429408018195], [9.473383261615586, 41.240828648402946], [9.474867208818717, 41.240509518026435], [9.476804395070904, 41.240091659408805], [9.478875461240248, 41.239353436519714], [9.482041386695245, 41.23658723089363], [9.481605924363343, 41.23212908591867], [9.48128570147609, 41.227920419022915], [9.481385163664653, 41.22521374418126], [9.48196145848109, 41.22448652732686], [9.485396366437959, 41.22150539152294], [9.485502346344598, 41.21728409422823], [9.485293070951379, 41.217820517631466], [9.48471895766726, 41.218399433793046], [9.484064571242515, 41.21840218731841], [9.48133030615049, 41.217732366502325], [9.479684033519206, 41.216101012108325], [9.47891731731771, 41.21402118711009], [9.47883511675238, 41.21379066915719], [9.478345885244941, 41.2068105324927], [9.478396862605072, 41.20377919333342], [9.47890268579105, 41.2013821391507], [9.478932465659756, 41.20117258387476], [9.478882426451598, 41.20064808645511], [9.478842106227528, 41.20048526999182], [9.478070775266746, 41.19932956257427], [9.477140680619453, 41.19852947145779], [9.476084801489296, 41.197648823554374], [9.474255592757704, 41.196193725654474], [9.472524265859251, 41.19499311551648], [9.469004523180033, 41.19265315643059], [9.465174341027641, 41.18968770365007], [9.463835107752505, 41.18456571226651], [9.463813776526234, 41.18447651717346], [9.463807935016163, 41.184450645658835], [9.463798960569694, 41.18438784892411], [9.463856335517338, 41.184255663689086], [9.464002840517102, 41.18392943848865], [9.464041049865966, 41.18385550795612], [9.46407727397885, 41.183806927365275], [9.464257935248387, 41.18358993373998], [9.46430204767433, 41.18354186625766], [9.46435541604827, 41.18350795250415], [9.464438225683944, 41.18345866781211], [9.464535863762217, 41.18340237635163], [9.464572151670122, 41.18338264858624], [9.464626770495194, 41.18335682507259], [9.464753882963581, 41.18331638374502], [9.46504817048355, 41.18323184474245], [9.466901474669164, 41.18312300847476], [9.4673652418968, 41.1831579887586], [9.467411469881288, 41.18316147548749], [9.468249720805762, 41.18387869800478], [9.468522765229135, 41.18454754545905], [9.468532537154504, 41.184687127393936], [9.468552634519659, 41.18497417001813], [9.468570841551475, 41.18501926069739], [9.468618451844254, 41.185137169673496], [9.468716497496679, 41.185379982412236], [9.469769647311956, 41.18592051325392], [9.471562425646862, 41.18650673038198], [9.47261992030739, 41.18662140724842], [9.47756751565928, 41.18710915640604], [9.47971742300006, 41.18719142571982], [9.479913981966092, 41.18716583600512], [9.480039066376543, 41.1871495508874], [9.480277403759901, 41.18688589399527], [9.480505931518104, 41.18658404167834], [9.480917724729032, 41.18603003930265], [9.480948149396696, 41.18598712470958], [9.481077051632969, 41.18580530407371], [9.48136546902489, 41.1848909297729], [9.481513304025952, 41.184183195624875], [9.481672149609219, 41.183012187954304], [9.481401278731267, 41.182454158969726], [9.481049413314315, 41.18202888299541], [9.48039942120107, 41.18139203878408], [9.48021045641888, 41.18123068529496], [9.479673938970768, 41.18123292100375], [9.479350833935364, 41.18127480180622], [9.479191003692272, 41.18139758536295], [9.475585746962025, 41.18060018437618], [9.47345564443322, 41.179512255714556], [9.470748683877511, 41.17698441560282], [9.471112312411352, 41.1748625531532], [9.470842882434832, 41.169285216187525], [9.469996358313995, 41.1688476100101], [9.469054392144294, 41.16923331503901], [9.46925617473404, 41.17433191135543], [9.469448201705548, 41.17680716272474], [9.455513086474271, 41.186329240802394], [9.455764317000227, 41.18666378877495], [9.455974980470295, 41.18695120527839], [9.456057365602918, 41.18713891824324], [9.45609770356619, 41.187667968520515], [9.456082150715243, 41.187787383967404], [9.455769892536503, 41.18940214934652], [9.453533779062738, 41.19216962591875], [9.449196518954317, 41.19179816124042], [9.447456705743184, 41.19088275713927], [9.444490637561449, 41.18672586548078], [9.443950407690542, 41.18530245896455], [9.444687597888857, 41.18523779820892], [9.444751773510614, 41.18500773784962], [9.444552033595246, 41.184123487839024], [9.444358455230608, 41.183929440521034], [9.4420810667051, 41.181712140357135], [9.441983702767589, 41.1816393255994], [9.441790472258129, 41.18149481517886], [9.441645501012744, 41.18143456772171], [9.440235668617314, 41.18119562717774], [9.437870140642216, 41.180951299631836], [9.43647638747022, 41.18122592492348], [9.435893388277124, 41.18257695153169], [9.435873971044964, 41.1826636073185], [9.43584565293474, 41.18311298074515], [9.435749773389352, 41.18740818963021], [9.440729156707045, 41.19569523614014], [9.44804621052863, 41.2005323519235], [9.449358660750818, 41.19995905236149], [9.45124400810723, 41.19952337620391], [9.453657701028714, 41.19932360458871], [9.453863369170659, 41.19931491233955], [9.454198785939505, 41.1993135899863], [9.45439571193079, 41.19933420600064], [9.454958648560357, 41.199465974946285], [9.456356325975369, 41.2000121735745], [9.456457568585392, 41.20020769298131], [9.456456472815717, 41.200487528217735], [9.456424817390554, 41.20064357568437], [9.454933065645593, 41.20454349600292], [9.452745293763003, 41.20429162777973], [9.449307509389726, 41.20650299801924], [9.446997499479814, 41.21545917191935], [9.451052836133908, 41.221402349898575], [9.45559350067444, 41.22307516405819], [9.458586090724047, 41.22812790833646], [9.459176068475765, 41.232087850953974], [9.460714554037557, 41.24259939162638], [9.469102401915158, 41.24526334372023], [9.471145615919252, 41.245181812771335]]], [[[9.356756074670297, 41.24665598217466], [9.357256503126584, 41.246502424344094], [9.35729926357871, 41.24640996231243], [9.357290638808657, 41.24632681528325], [9.357240051563725, 41.246220983421836], [9.356779532231842, 41.24575738568567], [9.356728871425636, 41.24576880243976], [9.356664865676434, 41.245880847347394], [9.356603134470125, 41.24623984743956], [9.356611885346558, 41.24647740003808], [9.356625960857286, 41.246596709279345], [9.356756074670297, 41.24665598217466]]], [[[9.397998550482171, 41.250104766889095], [9.39807111447949, 41.25001556473562], [9.398189765508494, 41.249817735517375], [9.398252690607892, 41.24969741394], [9.398126468140454, 41.24954922234887], [9.398030528664304, 41.249442686181865], [9.397711295628122, 41.249234260222856], [9.397566371232099, 41.24919985542161], [9.397297443521172, 41.24913660297064], [9.397193010890692, 41.24913696327333], [9.39712803006511, 41.24924640722695], [9.397089098674423, 41.24946948322235], [9.397089575890785, 41.249548299092], [9.397117030138515, 41.24964728951248], [9.397349360018195, 41.250072104692], [9.397894732313766, 41.25025544276514], [9.397998550482171, 41.250104766889095]]], [[[9.32440291061804, 41.25229145473349], [9.32493315705645, 41.25146124597858], [9.325098781721758, 41.25116352200937], [9.325337044201857, 41.25048726745259], [9.325387467796892, 41.250036737206706], [9.325393539043796, 41.24982954091139], [9.32536436064626, 41.24936121989925], [9.32530100902319, 41.249221778455265], [9.325243713441392, 41.2491003355244], [9.323307642188537, 41.24858333853351], [9.32224200956241, 41.24861451942395], [9.32139615315381, 41.25033619528843], [9.321612942991585, 41.2510381950531], [9.323455766342557, 41.251996862991774], [9.32440291061804, 41.25229145473349]]], [[[9.3405054237667, 41.25301061782393], [9.340524211580433, 41.25289346148541], [9.342819176866962, 41.25151747308409], [9.346271166084218, 41.25143620669915], [9.349974106789782, 41.25197223159785], [9.354890568411232, 41.247908196377345], [9.357518198501957, 41.24415283816197], [9.359908733873352, 41.241555658155164], [9.35857110088264, 41.23725524228585], [9.358518088397, 41.23712592050593], [9.358450265505722, 41.23696159258097], [9.358412610578865, 41.23688256507495], [9.3582649734106, 41.23662253568264], [9.358144633068859, 41.23642785417461], [9.356418117311453, 41.23497732891956], [9.350772886232061, 41.23115535600683], [9.349219911346239, 41.23032767028786], [9.347672307348304, 41.22951607582055], [9.346994832552356, 41.22926128458261], [9.345603737352722, 41.22896832408197], [9.340702105313735, 41.22940742276507], [9.335047408838717, 41.23339081938405], [9.333121342333534, 41.235649480027725], [9.333606404929204, 41.24831975715594], [9.336969403643627, 41.252435516839064], [9.339159328819505, 41.25352803301205], [9.339505807224876, 41.25359186818899], [9.340208756788778, 41.25334478236044], [9.3405054237667, 41.25301061782393]]], [[[9.400515489022899, 41.25353136847577], [9.400521249942656, 41.25300889980757], [9.400421603152516, 41.25296776091369], [9.40036768238675, 41.25294811141763], [9.398748690872633, 41.25250836628947], [9.398604548010416, 41.25250288510805], [9.39837679616355, 41.2525096536373], [9.398267581001749, 41.25264064387021], [9.398184749518624, 41.252759157013124], [9.398063519853006, 41.25296112422763], [9.398003561072263, 41.2531426128478], [9.397951528161771, 41.25366524133837], [9.397998716350644, 41.25381933611616], [9.399743440058957, 41.25415446004918], [9.400130891446826, 41.25407654871958], [9.400315129191394, 41.253949799842275], [9.400515489022899, 41.25353136847577]]], [[[9.413956000038818, 41.25421926565091], [9.413963298334126, 41.25406599675813], [9.413766238454704, 41.25394192261149], [9.413656760941144, 41.253912728032574], [9.413364820128056, 41.25416817597944], [9.413350223415707, 41.254277654349195], [9.41335022384086, 41.25441632596478], [9.413459701523324, 41.254584191543266], [9.413525387360847, 41.254569594496495], [9.413956000038818, 41.25421926565091]]], [[[9.421131730737073, 41.26833294600065], [9.421303347162793, 41.26833231812155], [9.421861501033435, 41.26810282948288], [9.422015546118995, 41.268015565883914], [9.423404454850411, 41.26692728721422], [9.430764919029928, 41.260395280093185], [9.428872801183896, 41.25876798770405], [9.431331632321335, 41.25150252361192], [9.435640759175028, 41.246834925499236], [9.437077336404736, 41.24077739594003], [9.435118730021221, 41.237182836015606], [9.43273828073306, 41.2329176209096], [9.431316815505733, 41.231098880715045], [9.43054930504371, 41.23005572531486], [9.432667336341334, 41.22577697325487], [9.435125037283676, 41.22881321370105], [9.437127802150355, 41.232611943422164], [9.438934269607067, 41.23538706806421], [9.44171336430112, 41.23675237737207], [9.44384224030461, 41.235476347645104], [9.446088832716312, 41.23375619008648], [9.444525538148783, 41.2297729195103], [9.441056884988564, 41.228737351914944], [9.441373832806741, 41.22885273862715], [9.441588478192664, 41.22904459888076], [9.44160946153739, 41.229194817890594], [9.441620076789318, 41.22927170776935], [9.441347669041576, 41.229397808971555], [9.440701917180384, 41.229627728448925], [9.438073099335986, 41.230394412873835], [9.437907773772091, 41.23042882112653], [9.437063056729144, 41.23012464050424], [9.436896749361953, 41.23001154850051], [9.436156270980549, 41.229029277581034], [9.436124317093054, 41.22895268509751], [9.436012389284341, 41.22867342977528], [9.43599886223802, 41.228631925099734], [9.437048599889952, 41.22549019332904], [9.438467163480192, 41.2221808931276], [9.43982409564275, 41.21639202212756], [9.439562355481812, 41.21585069490978], [9.439044822996902, 41.2152022913944], [9.436828485892912, 41.21455015147733], [9.430364104738773, 41.21415397073491], [9.418974366928177, 41.21488316873174], [9.415303579979822, 41.216177796187566], [9.407619241302694, 41.212903443258654], [9.399031864728247, 41.210268784360956], [9.386999929518042, 41.20987972378311], [9.382867000437145, 41.21016721049289], [9.383215891360322, 41.21220963823223], [9.381342505574212, 41.21570187924118], [9.374603962287352, 41.22536909770081], [9.374381462089126, 41.2253191529904], [9.374184394300519, 41.22580621434008], [9.374015839040966, 41.22684787760216], [9.37402030335594, 41.22763191958989], [9.375279651375942, 41.230067837416144], [9.377437958362151, 41.23399380466283], [9.377548205853746, 41.23412827897911], [9.378022150409144, 41.23442426217838], [9.378247243967914, 41.2345609601909], [9.37878105581182, 41.234628946884044], [9.380607963805842, 41.23473234644094], [9.381040049644138, 41.23475548451484], [9.381909633209148, 41.23449700787735], [9.389891259830922, 41.23578088898102], [9.397814859721981, 41.241465837580755], [9.398560047692794, 41.241708567263345], [9.398762505751305, 41.24177557906236], [9.399163544910037, 41.241981056132644], [9.39923836518056, 41.24201939168308], [9.400544598062572, 41.24290774906944], [9.402274898583066, 41.245314670504236], [9.40229679065783, 41.25204563672093], [9.40032546637677, 41.258330903270384], [9.40473755304679, 41.257585851161316], [9.40451385765602, 41.25615440689037], [9.404523460011998, 41.25577604792718], [9.404731159077787, 41.255099737764795], [9.40486886677886, 41.25492923211208], [9.408364553974502, 41.25130703328047], [9.410804671248393, 41.250209057788105], [9.41154434207305, 41.24994434025292], [9.411744508587592, 41.24998599829109], [9.412120987086972, 41.25006746923277], [9.412342312910223, 41.250149998221154], [9.412662338408747, 41.250269330322354], [9.413131291080854, 41.25058292036292], [9.41332916067475, 41.25073083736057], [9.41347445769374, 41.25102089155912], [9.415278994078474, 41.25494845318939], [9.416024923890438, 41.256814865721765], [9.415778973927903, 41.25962316195638], [9.41490498869108, 41.26610812808322], [9.414701697741283, 41.268177258717], [9.417223682541756, 41.26921920235682], [9.417449975491003, 41.26925050472461], [9.421131730737073, 41.26833294600065]]], [[[9.402822325522042, 41.27618221819289], [9.403003662277595, 41.27605528102115], [9.403067131171833, 41.2759555454153], [9.403284736725983, 41.27554753544668], [9.403275669822943, 41.275429665308266], [9.403194068037783, 41.27526646175645], [9.403048996793936, 41.27515765854232], [9.402940194364135, 41.275193926386315], [9.402804191049283, 41.275284595392336], [9.402722589642268, 41.27539339846962], [9.402323646326726, 41.27602808059335], [9.402323645477901, 41.27619128439503], [9.402378047353954, 41.27625475312522], [9.402523117654521, 41.276309154701096], [9.402822325522042, 41.27618221819289]]], [[[9.40343556142968, 41.27652460930238], [9.403553441340216, 41.276519692268664], [9.40367280108211, 41.276486356698], [9.403740872837895, 41.27641769853151], [9.40375045742109, 41.2763082276454], [9.403598578986552, 41.27609391931558], [9.403534027909506, 41.276033344003054], [9.403416121141932, 41.27603375722218], [9.403319233015994, 41.27605436418587], [9.4032075983149, 41.276346379277534], [9.40343556142968, 41.27652460930238]]], [[[9.363763795314343, 41.28363413719891], [9.364233364610886, 41.28361013307694], [9.364255640625341, 41.283589514070975], [9.364322467385506, 41.28352765613021], [9.364314258767275, 41.28339369242247], [9.364094205040022, 41.28328066638243], [9.363984951756532, 41.28322921717848], [9.363676014866908, 41.28310383251876], [9.363354472342952, 41.28312762037404], [9.363320685341396, 41.28322568561761], [9.363293298642553, 41.283401422675105], [9.363328204859323, 41.28350490097746], [9.363493029857635, 41.283618102872225], [9.363538448692008, 41.28363484902558], [9.363617177831161, 41.2836638756388], [9.363720147006877, 41.283659046478135], [9.363763795314343, 41.28363413719891]]], [[[9.364768536166425, 41.28324640371716], [9.364707044224483, 41.28319390398022], [9.364604374230048, 41.28325255360538], [9.364570557706234, 41.2833449894488], [9.36456490658164, 41.283402431881896], [9.364730711463341, 41.28369127861863], [9.36485032890347, 41.28372746572764], [9.36488172881712, 41.28373696488959], [9.364990838154045, 41.28376251635446], [9.365196426236025, 41.283689802205316], [9.365204905225157, 41.28363910750211], [9.365222428264099, 41.283534337485264], [9.365015171746622, 41.28330755040914], [9.36484775883638, 41.28326604453221], [9.364768536166425, 41.28324640371716]]], [[[9.365702538829561, 41.285432015805846], [9.365627891494665, 41.28535005703405], [9.365538272655467, 41.28534020879142], [9.365373986216758, 41.285324966727636], [9.365048433524752, 41.285300665159646], [9.36462008493168, 41.28531271936685], [9.36446355058419, 41.285349246113626], [9.36438216477867, 41.28547786262708], [9.364396062871709, 41.28556114048306], [9.364484653968853, 41.28565431471367], [9.364677903570215, 41.285777558602234], [9.364951417858173, 41.28583861934575], [9.36517845572119, 41.2858637967104], [9.365431842818365, 41.285795435311925], [9.365677129621172, 41.28561337602964], [9.365751363768766, 41.28554107897091], [9.365764451317563, 41.28547910899146], [9.365702538829561, 41.285432015805846]]], [[[9.402190490760022, 41.28651629807427], [9.402749815469038, 41.28522736774366], [9.402840211713357, 41.28172193188786], [9.401756880563015, 41.28104676153427], [9.400591264210412, 41.28053738501232], [9.399835895944586, 41.28178773470233], [9.399744686181213, 41.28396325320347], [9.399908630128646, 41.28465515028676], [9.40075998785377, 41.286201513124276], [9.40106902699078, 41.286451526416414], [9.40114687603628, 41.286488412185534], [9.401308512068436, 41.28655653211445], [9.401441463077397, 41.2865718321554], [9.402064127017605, 41.28660118632603], [9.402190490760022, 41.28651629807427]]], [[[9.337185971452758, 41.286127164037254], [9.336949308879737, 41.285970221894594], [9.336826492811047, 41.285890638239714], [9.336660834401902, 41.28589787863528], [9.336441606159836, 41.285937928528426], [9.336365135971107, 41.28604280335708], [9.336356351186906, 41.28619602326499], [9.336813264036556, 41.286801580420295], [9.33693607601715, 41.28688003901688], [9.337110623916848, 41.28685926054065], [9.337207484250191, 41.28682632370228], [9.337324598937128, 41.28668748705366], [9.337389120881584, 41.28644296404319], [9.337348830503705, 41.2863491112652], [9.337185971452758, 41.286127164037254]]], [[[9.366727889437314, 41.28723599468899], [9.366936845978115, 41.286697119417816], [9.366983137894715, 41.28643349652601], [9.366761996321863, 41.286129065004516], [9.366514743644826, 41.285959832668844], [9.366469098262586, 41.28594421439075], [9.366351721451222, 41.285904053030244], [9.366048610074772, 41.28588925363097], [9.365993386166958, 41.285890532662684], [9.365823234332757, 41.28589447391309], [9.365461337157583, 41.28604537656309], [9.365397313718049, 41.28607505050078], [9.365358603040013, 41.286092993426266], [9.36526367036132, 41.286201386965324], [9.365256665005067, 41.28628360415589], [9.365637278532649, 41.28707845086742], [9.36588127090927, 41.28719815361176], [9.36600088975742, 41.287233330622385], [9.366108546707506, 41.28726498928497], [9.36645820488371, 41.287326930217475], [9.366596888605617, 41.287280731930295], [9.366727889437314, 41.28723599468899]]], [[[9.400580854662303, 41.28742155311449], [9.400948507857077, 41.287003667943225], [9.400947763443838, 41.28688206667727], [9.400908414272097, 41.28679437805619], [9.400802621034472, 41.28671958928368], [9.400609157008414, 41.28667944581644], [9.400443511256832, 41.28668790391763], [9.400068792009034, 41.28692678462883], [9.39981539566426, 41.28718618586319], [9.400370251974472, 41.287402018289505], [9.400513660736543, 41.28741840899728], [9.400580854662303, 41.28742155311449]]], [[[9.399418262070606, 41.28711400886113], [9.399268183925852, 41.28709282887358], [9.399174264849117, 41.28711342203037], [9.399140795964719, 41.2872554093935], [9.399163853025136, 41.287364547633786], [9.399330104786792, 41.287455173724204], [9.399440832579552, 41.28749811690116], [9.399479737393085, 41.28751320501744], [9.399591391547013, 41.287463274836284], [9.399634523772281, 41.287437227805235], [9.399678750213397, 41.28734587160369], [9.399684157843533, 41.28725352419429], [9.399616653787264, 41.28719971198152], [9.399505730516196, 41.28712465788633], [9.399418262070606, 41.28711400886113]]], [[[9.362186767530245, 41.288003264507324], [9.362289751063178, 41.28799956254842], [9.362371765863262, 41.287983540828755], [9.36254616500124, 41.28793682694213], [9.362640692375056, 41.287717304560054], [9.362548075450901, 41.28747292468011], [9.36250529614858, 41.28738545978731], [9.362306844366982, 41.287311545270036], [9.362193306678515, 41.28729613985033], [9.36198478803283, 41.28738124259514], [9.361904993231136, 41.28742090244325], [9.3617899203017, 41.287505711031336], [9.361785889788642, 41.28758679267673], [9.3618280981833, 41.2879312042953], [9.36189198823123, 41.28798505005154], [9.362146637830275, 41.28803491702619], [9.362186767530245, 41.288003264507324]]], [[[9.354165052512274, 41.288971029143255], [9.355788690671202, 41.288869189152], [9.356302204561821, 41.2885917409026], [9.357445119483167, 41.287117691120926], [9.358342584798901, 41.285536301627175], [9.35788219580646, 41.27921545084387], [9.356756967223031, 41.27787979728252], [9.354372138412385, 41.2770295535657], [9.34922145146302, 41.27592932658274], [9.348939519559892, 41.27595846588065], [9.348521323477145, 41.276184925435636], [9.347752350578668, 41.27668717914971], [9.347712382104692, 41.276749228380936], [9.341497599948687, 41.2802186488025], [9.336772254747983, 41.28114824001867], [9.336096934082676, 41.28131347771259], [9.335665745891623, 41.281641265848215], [9.335063783349906, 41.2830178203971], [9.335146893814509, 41.283507372608675], [9.335770546004968, 41.283740881631005], [9.339268837827746, 41.28477664474385], [9.345402612153086, 41.28792010823395], [9.354165052512274, 41.288971029143255]]], [[[9.334062925452022, 41.29486810365907], [9.334083240732358, 41.294753196709046], [9.334097301211216, 41.29459689474432], [9.334046077424151, 41.294492081409196], [9.333943920224282, 41.29436739607245], [9.333879667785697, 41.29435632274737], [9.333475084750452, 41.29435749546218], [9.333439393109524, 41.294384622120674], [9.333411250925575, 41.29442861644778], [9.33347695202173, 41.294598670947764], [9.333607247539744, 41.294804119769545], [9.333890020417924, 41.29492265182626], [9.333997482762312, 41.29491671024129], [9.334062925452022, 41.29486810365907]]], [[[9.338253424733306, 41.294823213726524], [9.338130440431065, 41.294714356888136], [9.337790903572193, 41.294591047560765], [9.337738816810196, 41.29462317792304], [9.337638098070023, 41.29477885626826], [9.337638574158909, 41.29487118347068], [9.337854398332823, 41.2950282391302], [9.338050172519564, 41.2950715222533], [9.338296745516173, 41.29511696265709], [9.338336179699795, 41.295034088010176], [9.338253424733306, 41.294823213726524]]], [[[9.336117044254511, 41.29454009982873], [9.336080826515012, 41.29446476560783], [9.335877002763153, 41.29431223041536], [9.335754502556389, 41.29429682419212], [9.335569480566942, 41.29428762269361], [9.335372227465243, 41.29428104896368], [9.335293160857699, 41.294292538977636], [9.33514879126239, 41.29437965814118], [9.335098198562576, 41.29441245854281], [9.33507782754705, 41.294516106143284], [9.335095038107196, 41.2945900313483], [9.335420094639, 41.29505571618733], [9.33563676966423, 41.295211447582965], [9.335766603530022, 41.295200935239876], [9.336117044254511, 41.29454009982873]]], [[[9.335211310072134, 41.295218317117666], [9.335275505923141, 41.29521813016707], [9.335254299013934, 41.295158516448396], [9.3351229610599, 41.29487515635283], [9.334980081793427, 41.29463123861267], [9.334782009334663, 41.294474179968944], [9.33470274095109, 41.29444626212812], [9.33459367599721, 41.29443081560633], [9.334269987017066, 41.294485801606726], [9.33416136574551, 41.29455705304785], [9.334148090933661, 41.294596724810404], [9.334127505921838, 41.294943355291466], [9.334128060063458, 41.29505194758881], [9.334229865537168, 41.29510744879678], [9.334778384412095, 41.29522520679267], [9.335211310072134, 41.295218317117666]]], [[[9.332569239799422, 41.295018803684705], [9.332482512652293, 41.294992030934], [9.33233175448859, 41.29499809610349], [9.332258708497214, 41.29501970037792], [9.33218022307895, 41.29514603456807], [9.332382483850806, 41.29528619603849], [9.332527688273519, 41.29536234171671], [9.332642840544974, 41.29540029199213], [9.332715771207761, 41.29535616841898], [9.332779636499984, 41.2952906784863], [9.332786660636545, 41.295203958529505], [9.33269940561982, 41.29507359917405], [9.332569239799422, 41.295018803684705]]], [[[9.405863360891225, 41.29601777434545], [9.406945422961948, 41.29427997570512], [9.406693198343811, 41.29381246776305], [9.40664522112215, 41.29377977338046], [9.406556763258514, 41.29371949519832], [9.406357740680228, 41.29364475801384], [9.406096134064972, 41.293589383643564], [9.40433534082078, 41.29397052651204], [9.404149423846714, 41.29408377532715], [9.403891053701214, 41.294553081407265], [9.40366989010495, 41.29513485234505], [9.403578813096532, 41.296213841149715], [9.403591964462212, 41.29640971259398], [9.40387971091516, 41.29658660456171], [9.405096071141909, 41.296517025337664], [9.405863360891225, 41.29601777434545]]], [[[9.39925074783431, 41.29867902158577], [9.399765046426575, 41.298547751316406], [9.399979316584744, 41.29842878129744], [9.400104292733229, 41.29835679488747], [9.400150413618919, 41.2983302283799], [9.400250053237755, 41.29826570181646], [9.400334561691336, 41.298168575623], [9.400774350033691, 41.29757366477619], [9.400873257131607, 41.297389789416435], [9.400972100416514, 41.297195779576], [9.402227855092546, 41.294544267179866], [9.402036470176938, 41.29376802372954], [9.401489521475527, 41.29295023366506], [9.401248317487182, 41.29271281963878], [9.400671465209033, 41.29264010773956], [9.400415850268342, 41.29266234910427], [9.398231610682908, 41.2931338223182], [9.39696483940348, 41.29399054959852], [9.396737468174168, 41.2941636048356], [9.39663809846552, 41.294272039347995], [9.396497725532214, 41.29451256771922], [9.396298449377129, 41.2948879834576], [9.396385244010949, 41.29516804898217], [9.396501823613221, 41.2951893183402], [9.399722372902572, 41.29620465294623], [9.399269360860586, 41.296834635099415], [9.399002374142048, 41.29761247334045], [9.39906199736231, 41.298086295546796], [9.399121559695047, 41.2985499841837], [9.39925074783431, 41.29867902158577]]], [[[9.40108489959121, 41.30196044515034], [9.401134961142748, 41.30184542297145], [9.401225022306651, 41.30119205356202], [9.401212652466116, 41.30114142815153], [9.401203580949064, 41.30110430375118], [9.40071773676326, 41.30100838457854], [9.400375032026417, 41.3011240771038], [9.400049089245345, 41.30129523044897], [9.399969702283036, 41.30149817860411], [9.400226340160135, 41.301957803561066], [9.400322201357747, 41.30200701278143], [9.400452333915357, 41.30204484303376], [9.40083493545457, 41.302051352649606], [9.40108489959121, 41.30196044515034]]], [[[9.379609609417306, 41.30817874936125], [9.379943858123138, 41.308137112710455], [9.380039332875784, 41.308121034010775], [9.380570995737967, 41.3078749446131], [9.380747078243221, 41.307597376420034], [9.384817749394044, 41.29948369440427], [9.384839583099035, 41.29938111510355], [9.384534310269121, 41.298253967599486], [9.384368392203958, 41.2980462194207], [9.383664766313313, 41.29738762783936], [9.378555701498474, 41.293630221280935], [9.370167716314056, 41.29048577068418], [9.367201045854467, 41.288291077260034], [9.364971597602587, 41.28923903221803], [9.361408207551582, 41.29275426643049], [9.362834923946467, 41.29751259153265], [9.367046167478511, 41.29980971085525], [9.374281713987774, 41.303749787910725], [9.376093457191095, 41.30488335250859], [9.377822456427728, 41.30512314951913], [9.378000142879754, 41.30512256617582], [9.378046508460502, 41.305135987668315], [9.378188599123757, 41.30517711955063], [9.378293941290698, 41.305318644328985], [9.378802560183976, 41.30625376881069], [9.378502685771144, 41.30681548207555], [9.37796887094127, 41.30707665698107], [9.377865740930503, 41.3071891409225], [9.378659322653549, 41.307821573682205], [9.378808628788988, 41.30797308608578], [9.379075077661591, 41.30818839265779], [9.379306666201943, 41.30821127506026], [9.379400739360927, 41.308210965035734], [9.379609609417306, 41.30817874936125]]], [[[9.341833526946393, 41.308546384927716], [9.343105412452505, 41.3076241533509], [9.346434918452609, 41.30556193226298], [9.348582107135627, 41.30443399569366], [9.353556664600088, 41.30281095437028], [9.358865649937751, 41.29681567991473], [9.359426126619162, 41.295507120989534], [9.359457252257064, 41.295252126927686], [9.359453364315845, 41.29454390987692], [9.359205252267243, 41.2942204069941], [9.358525434443813, 41.29385095906808], [9.357739941762512, 41.29348556745281], [9.355244308367748, 41.293088722356075], [9.354875314758603, 41.29304369659387], [9.354336319813557, 41.293034097198216], [9.34441816423113, 41.296871071867436], [9.342715855543418, 41.2976722070856], [9.340976674012545, 41.30018497598048], [9.333673935204484, 41.301737591586736], [9.334442231390613, 41.30453137728132], [9.335049010049856, 41.3063883121285], [9.33780260168462, 41.30843176020127], [9.340454425553318, 41.30889097972306], [9.34165561763609, 41.3087919550015], [9.341833526946393, 41.308546384927716]]], [[[9.369711153280184, 41.30930681482868], [9.369565197956156, 41.308576246783545], [9.36810732560706, 41.308763323744344], [9.367964499445824, 41.30885723469703], [9.36778315176899, 41.3090053149369], [9.367738873840182, 41.30909778473061], [9.367739291404195, 41.30917209626717], [9.368047948041434, 41.30962261862733], [9.36823646097372, 41.309686195796594], [9.368894329266647, 41.30983159004834], [9.368985279831609, 41.309806527287165], [9.369711153280184, 41.30930681482868]]], [[[9.37629837840713, 41.312736304833415], [9.376537007910677, 41.31268253745436], [9.37744311723825, 41.31236092434872], [9.37930023542837, 41.311577791039674], [9.379974464037318, 41.3110937757074], [9.380358735728006, 41.30842640399419], [9.38022005786117, 41.3083850374555], [9.379735831113615, 41.3083145740493], [9.376705456862505, 41.30796084752566], [9.376120008607128, 41.30794474648897], [9.375726002943296, 41.30798206323864], [9.371292662775064, 41.30860583229487], [9.371007013021936, 41.30871910943668], [9.370763433570675, 41.308821005119675], [9.370291916870475, 41.309061879884815], [9.370243976226298, 41.309122272383846], [9.37018122927347, 41.30924646378297], [9.37013473220604, 41.309474057564564], [9.370139696005413, 41.309559614127565], [9.371180833179475, 41.31119452942208], [9.374112860866434, 41.31234815090772], [9.375887665759432, 41.31272969834244], [9.376131337868394, 41.312773940082565], [9.37629837840713, 41.312736304833415]]], [[[9.36972795079519, 41.313097005853464], [9.369887116033546, 41.31295631270659], [9.370014671006084, 41.312801647284665], [9.370014339934295, 41.31274309814375], [9.369994652650254, 41.31269474581128], [9.369930387780043, 41.31268594463747], [9.36973484545528, 41.312666305519514], [9.369545050488203, 41.312677048686766], [9.36926333004761, 41.312770281053105], [9.369129660359024, 41.31284727453672], [9.369135721797884, 41.31307019535933], [9.36914219372577, 41.313142235491455], [9.369251447488521, 41.31331077898136], [9.369363505623864, 41.31332055224587], [9.369472303702695, 41.3132819211553], [9.369567662600222, 41.31324333220987], [9.36972795079519, 41.313097005853464]]], [[[9.708158680364907, 40.875478525444265], [9.708226544611787, 40.87544320145718], [9.70829980113202, 40.87535717333701], [9.707699620354424, 40.874998274723964], [9.707477001868497, 40.874942212314956], [9.707293544615107, 40.874896012182155], [9.707232558453526, 40.87488065399313], [9.70722751311907, 40.874943742375635], [9.707212919902537, 40.875126249740156], [9.707382992404856, 40.8756341740963], [9.707697441929152, 40.87590812264602], [9.70789770060975, 40.87590689372363], [9.707936269175368, 40.87590665700095], [9.708094584532953, 40.875867399754654], [9.708158680364907, 40.875478525444265]]], [[[9.778186487088703, 40.87548672012133], [9.778418426091584, 40.87538606444731], [9.77848850526781, 40.875352969655], [9.778776136956262, 40.875167451973866], [9.779104152542677, 40.874796525524175], [9.779053618789776, 40.874503702086244], [9.778626519857776, 40.87342688096684], [9.77843470363596, 40.87313501085791], [9.777887642160584, 40.87307434810974], [9.777551063662216, 40.87329112906885], [9.777401528792748, 40.8733922419715], [9.77724637135846, 40.87361934414876], [9.77697465955667, 40.87435985134513], [9.776958873378375, 40.874495081516024], [9.776931511236487, 40.874729480222655], [9.776914627140345, 40.875254617438706], [9.777465142771867, 40.87558166701767], [9.778093133242525, 40.87562247374064], [9.778186487088703, 40.87548672012133]]], [[[9.729635793015321, 40.87635696062227], [9.735207623579825, 40.87553448130962], [9.739130262227636, 40.87342850222412], [9.740667569325174, 40.87213946768947], [9.741899918609217, 40.8697150806158], [9.741142779128625, 40.864470380060936], [9.740966130281752, 40.864058260892875], [9.739910991405827, 40.86254150976241], [9.739077629120391, 40.86168205763914], [9.736987148136688, 40.85995683563262], [9.735739314070594, 40.859451330164134], [9.732798760128789, 40.85914800294293], [9.732635729475186, 40.859158191036485], [9.732197027726306, 40.859185605460425], [9.731117153763089, 40.859575307410935], [9.729592850901513, 40.8602831007975], [9.713566070158564, 40.86609236075008], [9.710975673794769, 40.86771408202721], [9.710347481627888, 40.868878893879725], [9.710363850795313, 40.86971656266319], [9.71056437970043, 40.87029748797396], [9.71074569533328, 40.87060715680488], [9.714421527252538, 40.87517303186053], [9.715327370548879, 40.875938749547494], [9.716793825456564, 40.8762296209313], [9.718449889582471, 40.87605446557284], [9.728039028091704, 40.876851244735875], [9.729635793015321, 40.87635696062227]]], [[[9.671412908503882, 40.87876830600342], [9.671546769889579, 40.87875311334004], [9.671657829485824, 40.8787326492047], [9.673221579248848, 40.87800850075028], [9.673421894959548, 40.87785362744873], [9.673356956123788, 40.87778759530148], [9.673133965511198, 40.87756084988915], [9.672045232969316, 40.87699179546888], [9.671794730796258, 40.87686601286949], [9.67165360389121, 40.876923349514556], [9.67122178725301, 40.87712946264199], [9.670235851382529, 40.877726804562], [9.670201997132391, 40.87780425771867], [9.670151614715424, 40.87792029323398], [9.670084563148903, 40.878075188459434], [9.670932167383649, 40.87856571518711], [9.671412908503882, 40.87876830600342]]], [[[9.64089467694157, 40.88641158630061], [9.640992946267115, 40.8864470726304], [9.641156941679666, 40.886220954492096], [9.641193423295746, 40.886157694232125], [9.641387084582558, 40.885777143974444], [9.64128494751232, 40.885033403503215], [9.639559210173864, 40.884396643175215], [9.639305632949254, 40.88456470240381], [9.639139038154191, 40.884736782352775], [9.63911692285958, 40.884804043149124], [9.639044573065902, 40.88503457915813], [9.639111218185828, 40.885330356271886], [9.639459778175729, 40.88593535644196], [9.639512441880083, 40.886011634399374], [9.640096994932803, 40.88647006525887], [9.640352651261896, 40.88651726858772], [9.640452238153294, 40.886535655647265], [9.640702596114906, 40.8864948536652], [9.64089467694157, 40.88641158630061]]], [[[9.651070601896237, 40.89009639650243], [9.65518670059921, 40.88874324159381], [9.655211383704872, 40.88868836046297], [9.65535222063893, 40.888375214505835], [9.654828174188896, 40.88774536137269], [9.654451196313435, 40.88758422605109], [9.653595580209048, 40.88733459538866], [9.653185291347018, 40.88725584479494], [9.649056736422873, 40.88672176762451], [9.648201327432117, 40.88679413998242], [9.648071317062408, 40.88685149427444], [9.64787039386977, 40.88694013185308], [9.646973890409694, 40.88797323214902], [9.646869454831924, 40.888219293168106], [9.646785239789093, 40.88856095330024], [9.646890107180955, 40.88869774129383], [9.650356204278673, 40.8901781231257], [9.651070601896237, 40.89009639650243]]], [[[9.668495782421596, 40.8935651024284], [9.668323710932466, 40.89351205069267], [9.667725237429055, 40.8935639360407], [9.667626545492903, 40.89359716254678], [9.667536055481886, 40.89374744871715], [9.667548820146148, 40.89383633106273], [9.667620857275756, 40.8939169880259], [9.667949922926564, 40.89417632203031], [9.668458179700698, 40.89395717945957], [9.668569214642552, 40.893784252684846], [9.668582862584035, 40.89366594030931], [9.668561576268974, 40.893641290835916], [9.668495782421596, 40.8935651024284]]], [[[9.674832129277773, 40.89649979424117], [9.674584994805686, 40.896421292206995], [9.674437820703256, 40.89654151219552], [9.674441327974133, 40.89675205914614], [9.67457232408328, 40.89692695325115], [9.674882300410067, 40.897056044883435], [9.675231164775026, 40.89692309768645], [9.675203824436698, 40.89675547978217], [9.675193181586002, 40.896690231841596], [9.674832129277773, 40.89649979424117]]], [[[9.584030534144905, 40.9054381434284], [9.58429888921463, 40.90525909138647], [9.584079895027953, 40.90499671006751], [9.582265114133888, 40.904134220256466], [9.582206519956229, 40.90415083195161], [9.581943495658907, 40.90423843040444], [9.581776267700466, 40.90443235130242], [9.581752609545894, 40.90446449883506], [9.581607353732592, 40.904663514551196], [9.581642770207571, 40.90480972025345], [9.581987045235703, 40.90537730474098], [9.582364638199678, 40.905405125142785], [9.583239260755567, 40.90560339144334], [9.583489381167622, 40.905692208507645], [9.5839281288381, 40.905628055602826], [9.584030534144905, 40.9054381434284]]], [[[9.50870269977183, 40.918188310069915], [9.508831481178722, 40.918140698674314], [9.509188146495529, 40.917945629331825], [9.509218651390267, 40.91782632181141], [9.509219851497292, 40.91768156547313], [9.508886589551013, 40.917583946017984], [9.508268741974867, 40.917541630172096], [9.508033309479227, 40.917812914419706], [9.508130449344558, 40.918091742444894], [9.508440169331948, 40.91821649282306], [9.50870269977183, 40.918188310069915]]], [[[9.647946572666047, 40.9178604868565], [9.64738486623959, 40.91734341766815], [9.647217423036214, 40.91722162057562], [9.647176517152872, 40.917200337466014], [9.646998138141306, 40.917111374470096], [9.646611111317533, 40.91714343657958], [9.646375693765501, 40.91721508137821], [9.64634851241219, 40.917639745604106], [9.646346061478537, 40.91767804455527], [9.647308452385742, 40.9181838620145], [9.647599210637255, 40.918164213852556], [9.648014567556272, 40.91798284176055], [9.647946572666047, 40.9178604868565]]], [[[9.512544196239991, 40.91818698262517], [9.512456549520254, 40.91802648903752], [9.51111942023822, 40.916781109526234], [9.510701600564987, 40.91658632527567], [9.510237159291389, 40.91645729121855], [9.510064033433567, 40.916416346780814], [9.509340066576602, 40.91624674639326], [9.50881904714849, 40.91621236187435], [9.508000238122687, 40.91628803833426], [9.507755180789548, 40.916486122329054], [9.50766188066603, 40.916611664052404], [9.507766049627286, 40.916721465447395], [9.507849539464042, 40.91677064355077], [9.508099192963085, 40.91689836188886], [9.511278999266676, 40.91798511497544], [9.512544196239991, 40.91818698262517]]], [[[9.56614147387823, 40.92012437939763], [9.565818603105235, 40.92006578952239], [9.565740931204612, 40.9201414782028], [9.566237849116687, 40.920447974418316], [9.56654904463835, 40.920611041086275], [9.566680780474371, 40.92062932112887], [9.56680643183322, 40.920624890375066], [9.566854109176733, 40.92061512163397], [9.56695433020798, 40.92057649410011], [9.567026419921547, 40.92054324043282], [9.56712612697855, 40.920494525079754], [9.567081440307733, 40.920395653538314], [9.56614147387823, 40.92012437939763]]], [[[9.638228776240885, 40.920256817528355], [9.638039963901258, 40.920227460329286], [9.637874259574753, 40.92059433586926], [9.638114485553585, 40.92072137301774], [9.638306124511185, 40.92058147493047], [9.638400468939471, 40.92051260141436], [9.638411130897609, 40.9203864273226], [9.638303512158085, 40.92030993649209], [9.638228776240885, 40.920256817528355]]], [[[9.63288029735603, 40.91989046874293], [9.632753844746574, 40.919810125943236], [9.632464507552209, 40.91978311191414], [9.631771212976666, 40.92025184074236], [9.631998901783371, 40.92046679102864], [9.632250344126568, 40.920681609719836], [9.632607376709323, 40.92076072527863], [9.633111742880903, 40.920100357888884], [9.633051149307844, 40.920013470529284], [9.63288029735603, 40.91989046874293]]], [[[9.641548349232744, 40.92013029854259], [9.641388516635212, 40.920027593297114], [9.641270430554963, 40.920097257991245], [9.641066733851867, 40.92021742873057], [9.640952011384483, 40.920481556916634], [9.640979671153154, 40.92073250724216], [9.641142734838951, 40.92086221992118], [9.641265869013491, 40.92095626993093], [9.6414866158961, 40.920961649716716], [9.641699349475239, 40.92037868601649], [9.641651426016205, 40.92019728625526], [9.641548349232744, 40.92013029854259]]], [[[9.513002648932039, 40.92186006080229], [9.513044131922902, 40.92153572663297], [9.512839902887992, 40.921131447574496], [9.511493855032183, 40.920164976872144], [9.510580078344208, 40.92057623901752], [9.510563198263597, 40.92090797187202], [9.511492531858979, 40.921623656272104], [9.51234912516938, 40.92197705560965], [9.512748353604836, 40.92213468767905], [9.512872639044645, 40.92207084980494], [9.513002648932039, 40.92186006080229]]], [[[9.641961728990328, 40.9215828237768], [9.642240664288261, 40.92141349316084], [9.642286737339994, 40.92126572684929], [9.642302019726937, 40.92115754325472], [9.642173661780287, 40.92108619278899], [9.642021716584313, 40.92103186313209], [9.641920885134944, 40.92104368482661], [9.641387090648346, 40.921108587001484], [9.641047239137661, 40.921272624044555], [9.641088407034097, 40.92138499779409], [9.641961728990328, 40.9215828237768]]], [[[9.633165936772699, 40.9220458342858], [9.633615240712047, 40.92199269478576], [9.633774786640334, 40.9219107443809], [9.633916518711462, 40.921828891684434], [9.634112626346809, 40.92168931201446], [9.634157200218814, 40.92138278708526], [9.633669026994951, 40.920862994767276], [9.633239299153352, 40.92071108941401], [9.633152300883598, 40.920849956887736], [9.632939975303051, 40.92139060157811], [9.632919856905426, 40.921615917276576], [9.632999831062493, 40.92176749126739], [9.633064996436476, 40.92189099651658], [9.633165936772699, 40.9220458342858]]], [[[9.635308055924463, 40.92328056336393], [9.635160349048704, 40.92320368153509], [9.635041785399553, 40.92322460316756], [9.634901827210717, 40.92333685040778], [9.634949538280548, 40.92351337339031], [9.635090707031287, 40.923682626354974], [9.635256401389011, 40.923777425731544], [9.635358021110543, 40.92375434516882], [9.635371064492642, 40.92362815829545], [9.63535843507915, 40.92342554340032], [9.635308055924463, 40.92328056336393]]], [[[9.735498386251072, 40.924163501837626], [9.735248447824072, 40.923863321146364], [9.735691937626683, 40.920117996973396], [9.736821468193797, 40.92058443564273], [9.736876622168893, 40.920604914802325], [9.737128539720887, 40.9206984535219], [9.737399837704565, 40.92079918696412], [9.737472736156617, 40.920813479898634], [9.737761357123768, 40.92087006574078], [9.739195733452117, 40.92036880835703], [9.739816223924976, 40.919781199531165], [9.740990722007837, 40.91680201757308], [9.742745224292115, 40.91230223837081], [9.742215429121792, 40.91163285798592], [9.742072833083316, 40.91149077031631], [9.741631867171362, 40.91108035634266], [9.741519943085933, 40.91102632382801], [9.740520092503282, 40.91054363027597], [9.737878457500884, 40.90977459786591], [9.735510726023815, 40.90974243112785], [9.732604529564997, 40.90925759749894], [9.725664146767077, 40.90688390172541], [9.720581725819505, 40.90505332383642], [9.716744720339115, 40.90322041639795], [9.710599600898144, 40.89952791535146], [9.708373419968455, 40.89790774342637], [9.705736645972234, 40.895914433672345], [9.704537201455175, 40.89485830996569], [9.704450323284508, 40.89477889195995], [9.703955986937537, 40.894326292825916], [9.698558040970294, 40.89061970865476], [9.69736644577542, 40.88985425344569], [9.696781813899335, 40.88950027941653], [9.694451952974822, 40.888529387720666], [9.692782277534587, 40.88784678957953], [9.691820350614005, 40.8882309104083], [9.687874478129526, 40.89061503391447], [9.686246874069932, 40.89160091440706], [9.685945249886704, 40.891882815111884], [9.685551314567261, 40.892388493412824], [9.673994588861023, 40.889862236208344], [9.67362737243871, 40.89037672538062], [9.673540615329141, 40.89177125872211], [9.6736442420307, 40.892039962565214], [9.676916065924601, 40.893592556586995], [9.678340779299404, 40.894087521493354], [9.681939288666317, 40.89524863070222], [9.689145473957295, 40.898703914203736], [9.705268771348644, 40.90774821297982], [9.706979286190423, 40.908694213650016], [9.709449834100885, 40.910056739058085], [9.71117288172433, 40.910952432691445], [9.716015973515882, 40.91339693053325], [9.724104469257846, 40.917045956548506], [9.727527077097513, 40.92030902181567], [9.727374697034099, 40.920496460374025], [9.72922568072151, 40.92244315776154], [9.730745230555442, 40.92393361071403], [9.731157180933799, 40.92426880615447], [9.732773179660219, 40.9254150662035], [9.736954129879424, 40.92758219439249], [9.736949273785445, 40.92714511201014], [9.735498386251072, 40.924163501837626]]], [[[9.527321911035692, 40.93036304434598], [9.526841060938583, 40.92996482273211], [9.525987497583332, 40.93012126044442], [9.525920155773829, 40.93060216187627], [9.525905594714953, 40.93149435734722], [9.525906925663678, 40.93175687542072], [9.52620455483688, 40.93201515547985], [9.527163203810877, 40.93157838151956], [9.52765556368632, 40.93121955973682], [9.527321911035692, 40.93036304434598]]], [[[9.529645290278264, 41.042024777252266], [9.529061777493608, 41.04140252358425], [9.528824061497494, 41.04143227663378], [9.528734918687839, 41.04144343412302], [9.528679965583526, 41.04145269434179], [9.528642931743937, 41.04147088046137], [9.528597081785833, 41.041502618284845], [9.52764084452659, 41.042252489651894], [9.52861854837246, 41.042326756479966], [9.529645290278264, 41.042024777252266]]], [[[9.333876375402578, 41.19112841587626], [9.334247442340697, 41.19108374214389], [9.334984330892752, 41.19071708044729], [9.335274667716723, 41.19056586641729], [9.335340069153283, 41.19052964523188], [9.335469859040757, 41.1902590314655], [9.33511563552302, 41.19005024571921], [9.335069859435286, 41.190026462876794], [9.334210685991291, 41.189744740461315], [9.333785673980536, 41.189705438253135], [9.333448789183723, 41.18970191014433], [9.333141851307461, 41.189725317292876], [9.332772423863455, 41.18977142489849], [9.331509985784031, 41.19008133312406], [9.331506656760398, 41.190563664591416], [9.331663391559857, 41.19104221576834], [9.331760978908001, 41.191139349940045], [9.33232903692186, 41.1911899923542], [9.33341925397883, 41.19126913678721], [9.333876375402578, 41.19112841587626]]], [[[9.317833219600685, 41.20300110536412], [9.31792446241628, 41.20293329515006], [9.31814430111696, 41.202766042761894], [9.318393408777291, 41.20248611115149], [9.318464008767297, 41.202287743880554], [9.318377081481371, 41.202193402142875], [9.318056836525155, 41.202252837492146], [9.31767701505873, 41.202324147479544], [9.317355569534097, 41.202443937140686], [9.317345655783, 41.202552058393515], [9.317302387856595, 41.20285393964839], [9.317274692422663, 41.20298462963373], [9.317376484281164, 41.203069924226305], [9.317502216089148, 41.20317316763192], [9.317833219600685, 41.20300110536412]]], [[[9.708547665268245, 40.827146892055154], [9.708584221362218, 40.82674099545978], [9.707461642103613, 40.82670284282442], [9.707061468017137, 40.82685867778752], [9.70700502557697, 40.82690886992976], [9.706935053394766, 40.826971180186014], [9.70682389460312, 40.82707043219559], [9.706659284558521, 40.82721741196211], [9.706656026738232, 40.82765364879261], [9.706655892084944, 40.827743740906755], [9.707539657670074, 40.82888238287402], [9.70831243946386, 40.82892268194062], [9.708582364961476, 40.82879478596652], [9.708639890434561, 40.828767529023814], [9.708547665268245, 40.827146892055154]]], [[[9.724797460062906, 40.846465856723285], [9.724821706020828, 40.84641563493527], [9.724783224531576, 40.846286189463974], [9.724683625172064, 40.84612711114044], [9.724511593877054, 40.846009957723126], [9.724328247385362, 40.84590075652252], [9.724186271248541, 40.845826203672935], [9.724134586441288, 40.84581864580216], [9.72399987977594, 40.84583976017499], [9.7239224100913, 40.84594271573374], [9.723906395287976, 40.84596984135986], [9.724499609758162, 40.84638612902618], [9.724797460062906, 40.846465856723285]]], [[[9.723948769350423, 40.847683405034516], [9.724594698522464, 40.84749242754984], [9.72478749425724, 40.8473313186411], [9.724712984005263, 40.847052529912645], [9.724357832466412, 40.846575068292715], [9.72354167146912, 40.845701880118405], [9.722819264590504, 40.84526725423929], [9.722260695948128, 40.84503429468284], [9.722115488089178, 40.84504532827102], [9.72176787895976, 40.84526032483864], [9.721701368369798, 40.84555351140517], [9.721759480729565, 40.846126301237014], [9.721820717216026, 40.8464687065705], [9.72187153642934, 40.84675055158063], [9.722114684852507, 40.84692581729271], [9.722384163899081, 40.84712006039229], [9.722420013407262, 40.84714418912533], [9.72275879537695, 40.84737219849285], [9.72291295948657, 40.8474759539091], [9.723176571022794, 40.84758127511976], [9.72349341503667, 40.84767275020993], [9.723948769350423, 40.847683405034516]]], [[[9.676954949586202, 40.86375460918376], [9.676557423697968, 40.86375247969218], [9.676231672785622, 40.864682243813206], [9.676260115636246, 40.86501538365318], [9.676267034403951, 40.86509641741943], [9.676375257936217, 40.86509104085805], [9.676883755265322, 40.865065774883135], [9.677557539250206, 40.86466719967017], [9.677452219776098, 40.86411489867484], [9.677359890872335, 40.86375677753691], [9.676954949586202, 40.86375460918376]]], [[[9.279151484196795, 41.23304410414335], [9.27974626617075, 41.23299162307642], [9.279824987459653, 41.232965382875136], [9.279816240266602, 41.23287791439591], [9.279654424834293, 41.232663617772964], [9.279562583243672, 41.232584896800695], [9.279435754707736, 41.23254116251721], [9.279225831045613, 41.232479935480484], [9.278540304256333, 41.23234586983159], [9.278525190662648, 41.232671692768534], [9.278604808292693, 41.23276857966855], [9.278959053867379, 41.23303098392778], [9.279151484196795, 41.23304410414335]]], [[[9.154376017696652, 41.245902743487754], [9.154317947896123, 41.24569949795866], [9.153534000158954, 41.244871997601436], [9.153185578572588, 41.24477037478854], [9.153083955467359, 41.24485747983985], [9.152880709676769, 41.2453220415076], [9.152953297897671, 41.24543818240204], [9.154201807045565, 41.245975331570904], [9.154376017696652, 41.245902743487754]]], [[[9.183687555477611, 41.25225063293146], [9.183935218938059, 41.252247985598686], [9.184354871853294, 41.25186110701209], [9.184683703899143, 41.25154305554932], [9.184960102487583, 41.25125935048783], [9.185249690294109, 41.25067402215139], [9.185302072570751, 41.25049702749209], [9.18506510389805, 41.24923532813104], [9.184823541906447, 41.248751548215644], [9.184477882614653, 41.248916493867306], [9.184378095390487, 41.248971633967905], [9.184179982050448, 41.249088118875214], [9.182840640370689, 41.2499009529286], [9.182918688689151, 41.25100428127303], [9.183424437848064, 41.2520618896082], [9.183687555477611, 41.25225063293146]]], [[[9.185770685936033, 41.252784677608425], [9.185729333618097, 41.25266889183428], [9.185613548406847, 41.25267716217872], [9.18550603345048, 41.25275159605345], [9.185398519380673, 41.25286738119841], [9.185365437284185, 41.25296662605135], [9.185406789735733, 41.25335533315557], [9.185464682447769, 41.253421496149805], [9.185580467907704, 41.25349592959284], [9.18577895579277, 41.25351247036723], [9.185770685936033, 41.252784677608425]]], [[[9.239137278163657, 41.25428365792801], [9.239160919550562, 41.25422055491546], [9.239300488647968, 41.2537968996064], [9.238821058988993, 41.25295116520262], [9.238032673443788, 41.25250240974947], [9.236712675564231, 41.25261772807134], [9.236494831289598, 41.253028029394], [9.236916239734278, 41.25403715802001], [9.237136868685802, 41.254397014331595], [9.237731061393026, 41.25490810570589], [9.237862666857382, 41.2549922813946], [9.238780799497327, 41.25472577870627], [9.238868615654537, 41.254667045665094], [9.23904274023385, 41.25454507949665], [9.239121223007487, 41.25438165052015], [9.239137278163657, 41.25428365792801]]], [[[9.239597732250102, 41.25616532236973], [9.239441735020304, 41.255940453014944], [9.239319659453585, 41.25585726551392], [9.238982730271918, 41.2556413360995], [9.238916444467808, 41.25565329643823], [9.238611390658281, 41.25573387260306], [9.238696298296322, 41.25610504158718], [9.239219968457755, 41.2565506420696], [9.23951605149364, 41.25667893481854], [9.239626999533249, 41.256552595299624], [9.239706247360962, 41.2564623529781], [9.23965649944585, 41.25632283612865], [9.239597732250102, 41.25616532236973]]], [[[9.241227962067455, 41.257215826798365], [9.241620314709975, 41.25719698844899], [9.242337550641928, 41.25666740090678], [9.24235926605447, 41.2564872004818], [9.241835935346833, 41.25618879245361], [9.241686671793786, 41.25617365114242], [9.24145531276565, 41.256150182043875], [9.240732066518957, 41.2562620423666], [9.24032113998512, 41.25691145887959], [9.240281945261698, 41.256989607902995], [9.240310243199195, 41.25719522632091], [9.240496834920307, 41.257216731142314], [9.24064610813962, 41.257233933160535], [9.240952007285903, 41.257238923291375], [9.241168319431495, 41.257227210622666], [9.241227962067455, 41.257215826798365]]], [[[8.864021345778664, 41.01563729188057], [8.86402750537233, 41.0155337056196], [8.864009883287835, 41.01470493564482], [8.863979841906009, 41.01413288317967], [8.863875244128145, 41.01294818852601], [8.86379577458942, 41.01260578516219], [8.8637630720423, 41.01255620132815], [8.863679899208146, 41.01252007103227], [8.863581859527113, 41.01248392218162], [8.863369328201305, 41.01246114991798], [8.863205796380246, 41.012465700590276], [8.862462383210133, 41.01252763294077], [8.862276921949674, 41.01259347144842], [8.862139451220386, 41.01269389735543], [8.862124492712537, 41.01273892054173], [8.861699507298564, 41.01485532545191], [8.862592979081523, 41.01554101268447], [8.862970174108817, 41.015694600401346], [8.863053378523174, 41.01571721981285], [8.863145532037654, 41.015726337473424], [8.86381143424437, 41.01578117453283], [8.86391857207488, 41.0157522216623], [8.864021345778664, 41.01563729188057]]], [[[9.821468753045398, 40.54005114731739], [9.821373139020647, 40.539896894413346], [9.820715660847075, 40.53914477757795], [9.820605229795275, 40.53905617740122], [9.820518737123708, 40.53900911973371], [9.817395564009855, 40.53781562749334], [9.817239003656349, 40.53778694013534], [9.816973322322019, 40.5377769013136], [9.81647442761924, 40.537857894768024], [9.816360941347753, 40.538039529807484], [9.816339295027724, 40.538080221535985], [9.816310707779708, 40.53815699847554], [9.816296878230443, 40.53823367024134], [9.816882810280735, 40.53883761973436], [9.816966336609658, 40.538909098786775], [9.817188877973477, 40.53909022108686], [9.818359553648483, 40.53962444323535], [9.819024437482344, 40.5399215244924], [9.820723262418985, 40.54051755879924], [9.821390849564946, 40.54043006865552], [9.821468753045398, 40.54005114731739]]], [[[8.376806879507562, 40.36075299357226], [8.376964473875805, 40.3607448335012], [8.377653982706905, 40.36068548271852], [8.377743985438675, 40.36066344411642], [8.378036572364532, 40.360543395296034], [8.378103218663291, 40.360499909741925], [8.37816281511166, 40.36042245146543], [8.37817428314258, 40.360327917912834], [8.378155348445054, 40.36027376118425], [8.378095408640293, 40.36022839401786], [8.377689926946468, 40.35997846298308], [8.377571104032988, 40.35993277779041], [8.377480127338204, 40.35990075609532], [8.377203755070179, 40.35985872787082], [8.37715051215783, 40.35988546770756], [8.376648707199713, 40.36018456902176], [8.376604855016723, 40.36063028213657], [8.376613106625571, 40.360693389782455], [8.376694961087559, 40.36075689502784], [8.376806879507562, 40.36075299357226]]], [[[8.275929035424637, 39.88227901693258], [8.276305653206787, 39.88219126993785], [8.276343576884264, 39.881921212650866], [8.276346702275173, 39.881623909544885], [8.276207044726707, 39.88142031805421], [8.276150841760371, 39.88134338349627], [8.275730715195209, 39.88125967280964], [8.275072120508437, 39.88147179291443], [8.274963268756077, 39.881813484368045], [8.274998911267517, 39.881899299923944], [8.275075900107684, 39.88208448233819], [8.275378655902498, 39.88234765746845], [8.275716342957358, 39.88248671573704], [8.275929035424637, 39.88227901693258]]], [[[8.311828190610386, 39.99673620529115], [8.312129063510007, 39.99668545408429], [8.313022625885866, 39.99648651691847], [8.313452257315967, 39.99635391821807], [8.312123467951656, 39.990219492522506], [8.310904019095101, 39.98918064569385], [8.302433203068254, 39.98408007173313], [8.29977291835559, 39.98495598455388], [8.30034140912627, 39.99211306453581], [8.305719319786386, 39.9941185138928], [8.310615694482049, 39.994915623609465], [8.310843390793023, 39.99570892548695], [8.31116788640413, 39.996144238886224], [8.311828190610386, 39.99673620529115]]], [[[8.486954038265434, 40.09245626817391], [8.487142494247768, 40.09235461946315], [8.487232859183942, 40.09223226466776], [8.48717003228688, 40.09220225576373], [8.486786851564407, 40.092264075434414], [8.486554762619045, 40.09231822978702], [8.48639197991186, 40.09251571833853], [8.486357675779788, 40.092642825871046], [8.486343711772427, 40.09269456822469], [8.486506889254253, 40.09264348743399], [8.486712634846493, 40.09257907975502], [8.486954038265434, 40.09245626817391]]], [[[8.486798032989814, 40.09350856636128], [8.487326839262034, 40.093504149950476], [8.487616358927406, 40.09349642139822], [8.487853869202196, 40.092915231176114], [8.487863553463336, 40.09279702394801], [8.487490032930582, 40.09274356761803], [8.487329486242203, 40.092838706648884], [8.487274989406977, 40.09287100269133], [8.487161280852916, 40.09297748736373], [8.48703995168257, 40.09312222805407], [8.486763086290539, 40.09347575174279], [8.486798032989814, 40.09350856636128]]], [[[8.485953610246225, 40.0942604945202], [8.485920580197442, 40.09416800050233], [8.485545277962709, 40.09438931988502], [8.485565019751881, 40.094571850918484], [8.485579557597893, 40.09466651530505], [8.485780320489235, 40.09448946817952], [8.485900288936746, 40.09433120842305], [8.485953610246225, 40.0942604945202]]], [[[8.486535853706082, 40.09444552032492], [8.486518915536235, 40.09435647640773], [8.486354077901973, 40.09443652828645], [8.486262035398884, 40.09458620640229], [8.486213266904477, 40.09483149879192], [8.486516647214987, 40.09465828501675], [8.486545717143558, 40.0944973683068], [8.486535853706082, 40.09444552032492]]], [[[8.455479794364663, 40.21034471373496], [8.455551262997028, 40.21040811485263], [8.455708787218013, 40.210363809534236], [8.455948999761208, 40.210265835333345], [8.456220259771897, 40.21001665115845], [8.456383001378358, 40.20981290292224], [8.456497416356424, 40.209620413642725], [8.456512920278389, 40.209430978953726], [8.456485768056199, 40.20932715858709], [8.45633730726992, 40.20922992019451], [8.456054004382546, 40.209081989072466], [8.45596997644645, 40.209092320784244], [8.454527943267435, 40.20997985864111], [8.454744043733937, 40.21050792253096], [8.455479794364663, 40.21034471373496]]], [[[8.403792953319241, 40.053257189028805], [8.403607252113902, 40.05325305557422], [8.403479680522022, 40.05326140845844], [8.403270803103336, 40.05335042828075], [8.402883481250882, 40.053607614704525], [8.402863502867678, 40.05364889659155], [8.402871909519419, 40.053717765414326], [8.403052833983002, 40.054313328151174], [8.403104996649393, 40.05438831378752], [8.40329098091793, 40.054397443550485], [8.403401724486242, 40.05436460794351], [8.403454906508978, 40.0543486842658], [8.40350136830877, 40.05433354674231], [8.403535673668557, 40.054318887195016], [8.403574551504766, 40.05430194020515], [8.403602770209492, 40.05428599696541], [8.404106473567566, 40.05398539835012], [8.404234752477311, 40.05389596261121], [8.404256094674134, 40.05382992091709], [8.404271286929646, 40.05377888827993], [8.404304438581773, 40.05363504423403], [8.404211705257238, 40.05336397023427], [8.404185830609867, 40.05333347921051], [8.404157837854452, 40.053300920388196], [8.404046726917874, 40.053273336226724], [8.403792953319241, 40.053257189028805]]], [[[9.70286140052431, 39.97520061520275], [9.703609618586757, 39.974934795671714], [9.705069758992924, 39.974718701378855], [9.705561757538742, 39.97473372706849], [9.7063680504067, 39.973602610094545], [9.705522283726854, 39.97317262833212], [9.703753430507394, 39.97296988851519], [9.703601372991407, 39.97298876168308], [9.70340112376351, 39.97301700530228], [9.702866163642412, 39.973236481963376], [9.702736909635876, 39.973336372620174], [9.702465695042907, 39.97362632504583], [9.702326798100598, 39.97388394204996], [9.702283820197616, 39.974118453464826], [9.70228126222117, 39.97472661987024], [9.702498853712218, 39.97524786162893], [9.70286140052431, 39.97520061520275]]], [[[9.707492852982815, 39.97575806519614], [9.70745465826668, 39.97546098027633], [9.70672039325517, 39.97567719956763], [9.706678349824788, 39.976267574493555], [9.706687167576924, 39.97630355960923], [9.706745586431374, 39.97654195916789], [9.707161809659542, 39.97630066485176], [9.707240341061135, 39.976255137122266], [9.707413577365344, 39.976019829097524], [9.70746551732262, 39.97584832923441], [9.707492852982815, 39.97575806519614]]], [[[9.707895641638503, 39.976206088331324], [9.707770711158272, 39.97644110211458], [9.707723335895036, 39.97653148856561], [9.70773479051331, 39.97664854315794], [9.707744869550018, 39.97674758851243], [9.707749451570095, 39.97679260822235], [9.707855493516739, 39.97685502870916], [9.707984677315483, 39.976890277696654], [9.708054939037629, 39.97688984851738], [9.7082782330824, 39.976747933597984], [9.708369067966858, 39.97668971722279], [9.708567742758, 39.97650831033982], [9.708624271757486, 39.976453906456854], [9.707895641638503, 39.976206088331324]]], [[[9.671674666806181, 39.70411195139693], [9.67156620759141, 39.70411195075906], [9.67143364573656, 39.70413605279404], [9.671048010481902, 39.7046783522944], [9.67090339758744, 39.704931425278346], [9.670927499183694, 39.70505193639236], [9.671035959133206, 39.70511219117759], [9.671325185178285, 39.705148344767935], [9.671554156310663, 39.7050398846028], [9.671710820864513, 39.70488322085714], [9.671927740503081, 39.70453373884297], [9.671951842806749, 39.704437330432974], [9.671759024745057, 39.70420835940716], [9.671674666806181, 39.70411195139693]]], [[[8.86576643304748, 38.88195453713502], [8.865611227811037, 38.8814355339127], [8.865250386456207, 38.88125963286171], [8.864859917174096, 38.881266811718405], [8.86406895497853, 38.881418488747606], [8.863648251594766, 38.88192156466534], [8.863783616158614, 38.882600772372015], [8.864228374325284, 38.88288444981786], [8.865218623169746, 38.88257191897321], [8.865638960112145, 38.88225958237376], [8.86576643304748, 38.88195453713502]]], [[[8.89131836465065, 38.8975805420503], [8.891222838432789, 38.897203323997104], [8.891058838492096, 38.89699027590667], [8.89099590250461, 38.89692263172221], [8.890907692613187, 38.896854962991604], [8.890739132422114, 38.8967962314498], [8.890512859917195, 38.89677349071666], [8.890420482810416, 38.89685384713849], [8.890276144315523, 38.89697940508232], [8.890099920432414, 38.8972169162061], [8.890039174881554, 38.89734977792783], [8.889842917676978, 38.89823721875696], [8.890085017479237, 38.89846949151485], [8.89042326264383, 38.89848475411972], [8.890735474643016, 38.89824256315358], [8.891227705619123, 38.89779245165387], [8.89131836465065, 38.8975805420503]]], [[[9.62760710370264, 39.30849130628596], [9.628038027630012, 39.30832226777461], [9.628073077723633, 39.30826111450919], [9.628081499341173, 39.30822306704774], [9.628035456357518, 39.30815269172442], [9.627846236942805, 39.30799442894947], [9.627511785480992, 39.30773558660792], [9.627419739299174, 39.30773078798975], [9.62734155963508, 39.30775238732398], [9.62720952437699, 39.30784839758026], [9.627192865889473, 39.307890843363424], [9.62734184697955, 39.308284961130425], [9.627381803220409, 39.308378950718605], [9.62742121166977, 39.3084562661086], [9.627467804777005, 39.308478541014175], [9.62760710370264, 39.30849130628596]]], [[[9.024377265625155, 38.984697188809584], [9.023789142519663, 38.98451849014961], [9.022895634293693, 38.984643843274725], [9.022406881379366, 38.98472738714003], [9.022063265116088, 38.984912233678635], [9.022267757661117, 38.985071757544254], [9.022643776036949, 38.985174391487114], [9.023208924668122, 38.98515043814104], [9.023697665635813, 38.98502516553073], [9.024239830563138, 38.984798549514586], [9.024377265625155, 38.984697188809584]]], [[[9.031729925415135, 39.00247195537593], [9.031670738744921, 39.00247197145686], [9.031432577889609, 39.002546379524254], [9.031369125995125, 39.002695082121846], [9.031273952533706, 39.002930527456016], [9.031321934866964, 39.00371111662818], [9.031464990362958, 39.0040208406224], [9.031909755106835, 39.00430570198586], [9.032052708131415, 39.00438000553923], [9.032307229309108, 39.00450384050112], [9.03249740945476, 39.004516178290594], [9.03268794119639, 39.00445417203415], [9.032880379488143, 39.004354994010406], [9.033005441922814, 39.00424344414021], [9.033053030200577, 39.004131916107696], [9.033082422431256, 39.003965199592365], [9.033116381647842, 39.00377257413433], [9.03307314199398, 39.003514638271064], [9.033068610279763, 39.00348760550103], [9.032798374175366, 39.002880547346095], [9.032623607015646, 39.00268234838849], [9.032067743569588, 39.002509034847925], [9.031877172020032, 39.00247191523895], [9.031729925415135, 39.00247195537593]]], [[[9.658684647617555, 39.524360385542266], [9.658655010423923, 39.52430198568307], [9.65862184684693, 39.52427364025895], [9.6585585190755, 39.52424847069405], [9.658503783590316, 39.524240183919254], [9.658078016592643, 39.52434129524605], [9.658011375992269, 39.524368703773234], [9.657974118046617, 39.52442748155535], [9.657981814482202, 39.524472490137356], [9.65799566808379, 39.52455350468159], [9.65799547190875, 39.52499501319032], [9.657981439414792, 39.525049154287515], [9.657994867975349, 39.52508511998993], [9.658032849072763, 39.52510292585163], [9.658076477181865, 39.52510267887646], [9.658179133808153, 39.52503902558536], [9.658297574498171, 39.524952755847664], [9.658402885136061, 39.5248620560438], [9.658529284922455, 39.52469464893474], [9.658661118094491, 39.52448666306838], [9.658684647617555, 39.524360385542266]]], [[[9.659654289699262, 39.524616186927716], [9.659719163587575, 39.52456626141654], [9.659748935691262, 39.524484999495016], [9.659764506219208, 39.524439859882506], [9.65976527838498, 39.524367772071386], [9.659741626660747, 39.524327360278924], [9.65934312778414, 39.52417193963181], [9.659268790614595, 39.524154340387895], [9.6591583965368, 39.524168482060304], [9.659022976302944, 39.52427136776176], [9.658497788804546, 39.524789647698796], [9.658476583476352, 39.524812082145075], [9.658465115715481, 39.524906755700464], [9.658481228331702, 39.524944537062254], [9.658536200787683, 39.524964919903596], [9.658927260798992, 39.52510236460023], [9.658979571939108, 39.525097562852764], [9.659037528649, 39.52507470821948], [9.659654289699262, 39.524616186927716]]], [[[9.536967608775486, 39.08092382703464], [9.536955159694761, 39.0808067403158], [9.536562154099343, 39.08081756055951], [9.536203831674843, 39.08082821999449], [9.535900644837982, 39.080987271074854], [9.535726420439115, 39.08114393120969], [9.535664007791581, 39.08129927639735], [9.53572373666459, 39.0815873569718], [9.535748001768898, 39.08170438952194], [9.535853210656818, 39.08185709380941], [9.535935025859619, 39.08197386182887], [9.536244015160518, 39.08193639664907], [9.536316203801485, 39.081927054394725], [9.536515953749145, 39.081777452431965], [9.536569116240052, 39.081736657641294], [9.536778742198237, 39.08155547166027], [9.537001634419212, 39.081110505713724], [9.536967608775486, 39.08092382703464]]], [[[9.540199714389379, 39.083287821283704], [9.540441197151885, 39.08311549143031], [9.540017568263695, 39.08214425845699], [9.539532684217068, 39.08223661362267], [9.539522152415886, 39.08237182865467], [9.539307222466544, 39.082920860128844], [9.539089271229756, 39.08322087131666], [9.539518690046686, 39.0834351508797], [9.53971592021359, 39.08352434868023], [9.53990350627983, 39.08346040314048], [9.540004200587024, 39.083423892273835], [9.540094031064367, 39.08336310245074], [9.540199714389379, 39.083287821283704]]], [[[9.541643957366844, 39.083310406738576], [9.541373505597871, 39.083133694421555], [9.54106622884907, 39.083206473616265], [9.540650755390702, 39.08330487860088], [9.54056417242109, 39.08336723164842], [9.540022639633314, 39.0837572165285], [9.540224800862896, 39.08392411174065], [9.540494405100594, 39.084027615984304], [9.540656748048193, 39.08408994045641], [9.541285249761478, 39.08387751725725], [9.541343406899783, 39.08381417016241], [9.54145867967947, 39.083688606212654], [9.541622994022326, 39.083360091543355], [9.541643957366844, 39.083310406738576]]], [[[9.536743994188686, 39.08497983923195], [9.536884224877976, 39.08496884703727], [9.537186789538833, 39.08467048856052], [9.537256543102288, 39.08459249923246], [9.537273418023076, 39.08449876415214], [9.537171356054788, 39.08439039958689], [9.537038340061914, 39.08439101230035], [9.536604031421879, 39.084420657997086], [9.536267440302282, 39.084648622326355], [9.536037913037926, 39.08487495452907], [9.53631583653894, 39.084932248067254], [9.536385308376605, 39.08494544522191], [9.536452627996672, 39.08495414666506], [9.536547308576367, 39.08496272216963], [9.536743994188686, 39.08497983923195]]], [[[9.530051973323262, 39.08996050390345], [9.53138905438552, 39.08993302541743], [9.531693899973456, 39.08990376604715], [9.532805367901469, 39.089757467111625], [9.534222506572434, 39.08945189676829], [9.534486402879907, 39.08918035593586], [9.534906671515795, 39.088554117185474], [9.535082214038441, 39.08826750544555], [9.53513605883107, 39.08814044096932], [9.53514895141942, 39.0881043543617], [9.535214638574965, 39.08790142117234], [9.535316765408242, 39.084425013283585], [9.533705241113989, 39.08232889164576], [9.527651667351973, 39.084372542611376], [9.526887688131488, 39.084641823436286], [9.526986927666448, 39.0851595122881], [9.527649288749462, 39.08715697378438], [9.528163288025004, 39.0881987090998], [9.528905978399601, 39.08876612169262], [9.529149497154814, 39.089862505975], [9.5292826717056, 39.09008267260036], [9.529313392897159, 39.090132094398804], [9.530051973323262, 39.08996050390345]]], [[[9.606898738164848, 39.14426787815595], [9.606944835559014, 39.144251279487015], [9.607006402820643, 39.14422653806421], [9.607111325117454, 39.14418388483329], [9.607189160546257, 39.14415194075984], [9.607456880100555, 39.14377962830121], [9.608263807556593, 39.142606009706604], [9.607996956807403, 39.138931022383986], [9.607882892337306, 39.13786775970889], [9.606416586540291, 39.13421236392203], [9.604784656016331, 39.133680003451886], [9.604063496045367, 39.13452657415082], [9.604039445557301, 39.13458514623387], [9.604011367979743, 39.134684412336284], [9.603977697879998, 39.134806235023014], [9.60364518391863, 39.13892597053884], [9.603877313134326, 39.14015476489248], [9.6046596197347, 39.1437427379761], [9.605553311935306, 39.14462523589235], [9.606524561782797, 39.14444578162562], [9.606898738164848, 39.14426787815595]]], [[[9.603542899109645, 39.14672548548311], [9.603463372845592, 39.14672920973235], [9.603272508167079, 39.1467381491595], [9.602885778619052, 39.14684803390401], [9.602852588789656, 39.14685746441466], [9.602675725100363, 39.147151234790286], [9.602557762368528, 39.14739739339438], [9.602441392785066, 39.14783052062403], [9.602654225738892, 39.14819211136284], [9.603213675883122, 39.1486577868526], [9.603919363307433, 39.148630478354], [9.604533400440797, 39.14837378690549], [9.605090858058643, 39.14792943222923], [9.604872064826365, 39.147548728459604], [9.604386189119332, 39.14706015267246], [9.604160890208702, 39.146932914559066], [9.603542899109645, 39.14672548548311]]], [[[9.605922293329273, 39.149240711263005], [9.605934450159634, 39.14897144555702], [9.605661490113103, 39.14851668491634], [9.605177600114459, 39.14826126067885], [9.60487947881829, 39.148414867534996], [9.604870430256184, 39.14883167164645], [9.604995149488264, 39.14976027791133], [9.605720273395116, 39.150142856365115], [9.605806038479365, 39.150022605457586], [9.605971849006623, 39.149790121457706], [9.606000515218277, 39.149590605351094], [9.605922293329273, 39.149240711263005]]], [[[9.605451961297598, 39.151243586031526], [9.605442952676894, 39.15103638117776], [9.60524744456476, 39.15078599009848], [9.60478170848969, 39.15085058388218], [9.604494309579287, 39.15090614103057], [9.60440043896335, 39.15092464991887], [9.60395466326705, 39.1515757488858], [9.603936088959884, 39.151602878198254], [9.603932134345529, 39.15164795288777], [9.603908403585228, 39.15199049188682], [9.6039705106003, 39.152075773824116], [9.60417414742186, 39.1522053772058], [9.604221998970276, 39.152218645658124], [9.604290142345423, 39.15223631438731], [9.60452064735651, 39.1522936896943], [9.604601116162582, 39.15223019604372], [9.604783595417938, 39.1520850738528], [9.605451961297598, 39.151243586031526]]], [[[8.34584398395487, 39.07626027952538], [8.345798435396372, 39.07622991424609], [8.345669384425968, 39.07622991465273], [8.345525149655476, 39.076252688196654], [8.345434054725189, 39.07632101009547], [8.34525186391185, 39.07647283559948], [8.345153177545777, 39.07656393079519], [8.345039308568062, 39.07671575574965], [8.344993760961458, 39.07683721665526], [8.34504690025168, 39.07689035542136], [8.345517558767622, 39.07660947770306], [8.345623837021966, 39.07650320052148], [8.345752888355932, 39.076374148360806], [8.34584398395487, 39.07626027952538]]], [[[8.208248984219328, 39.14731214072351], [8.208140178372524, 39.147233558585825], [8.208007193125525, 39.14716102148341], [8.207910477720958, 39.147154976558525], [8.207837940560278, 39.1471670664383], [8.207596149208506, 39.14729400631035], [8.207342269650418, 39.147523707254024], [8.20729391165941, 39.14760228905186], [8.207451075809807, 39.14762646831861], [8.2076505530619, 39.14765064670304], [8.208031372618102, 39.14760228902225], [8.208134133187164, 39.14755997529788], [8.20826107414792, 39.14746930447832], [8.20826107334398, 39.147396767209045], [8.208248984219328, 39.14731214072351]]], [[[8.243137306937486, 39.166866554647065], [8.243297133367259, 39.166804516047335], [8.243489562012453, 39.166670603181394], [8.243443397354811, 39.16652275025842], [8.242545090647319, 39.166096783257466], [8.24236127163951, 39.166102623117276], [8.242191925564393, 39.166108003535086], [8.241440380625905, 39.166433135742516], [8.241593774435444, 39.16656591822984], [8.2423605532064, 39.16686299113241], [8.242768654064957, 39.166972290007244], [8.24303419540623, 39.166901927740184], [8.243137306937486, 39.166866554647065]]], [[[8.263105131269004, 39.175102417344924], [8.263141735135513, 39.17497839615672], [8.263059633144422, 39.17494183410616], [8.263001045426966, 39.174951794595174], [8.262735412529072, 39.1750693567765], [8.262495320220205, 39.17517566675452], [8.26222060947198, 39.17543523035487], [8.262147357828928, 39.17564457167658], [8.262106658858121, 39.175787362502305], [8.262138332471263, 39.17580472890036], [8.262444340867432, 39.17583336834326], [8.262523328838297, 39.175778556482335], [8.262984460457725, 39.17526649837241], [8.263068963557075, 39.17515259397426], [8.263105131269004, 39.175102417344924]]], [[[8.319420778708583, 39.18516508331557], [8.318624078966694, 39.18523589272809], [8.31783628621432, 39.18573251301928], [8.317849121293518, 39.185800169305985], [8.317902390001068, 39.18608094482879], [8.318010931362787, 39.18653099713854], [8.318137094664344, 39.18665955388585], [8.318881993811237, 39.18637856769814], [8.319060622489284, 39.18628661619045], [8.319171845626483, 39.186195599671024], [8.319725161013846, 39.1855689713504], [8.319420778708583, 39.18516508331557]]], [[[8.309285717920021, 39.187785949873906], [8.309428606552741, 39.187678889133515], [8.309580678793836, 39.18755363909856], [8.309768894605094, 39.187366651912996], [8.309794848250299, 39.1871043649188], [8.309818684319138, 39.18686346543086], [8.307843702880417, 39.17248391584797], [8.30636978296316, 39.16313461895002], [8.309614453770786, 39.154174873942566], [8.311401565367046, 39.14881473358088], [8.311144579583827, 39.14754439489245], [8.310149667424803, 39.146644486090594], [8.308664883757732, 39.14621618303926], [8.308136823793527, 39.14539854104791], [8.307974547077299, 39.14436395039763], [8.307952296174877, 39.14353478382893], [8.309279567802214, 39.14075920370439], [8.309415394957572, 39.14062484440252], [8.309550869526893, 39.14052652686913], [8.310837022119854, 39.139660610998334], [8.311177321400896, 39.13956296991228], [8.311697605941832, 39.139432878023854], [8.31220874234084, 39.139397854524724], [8.312778780125056, 39.13941868299782], [8.307951023957916, 39.1288757393001], [8.309342539419587, 39.12278688371277], [8.310001818384976, 39.11595718215492], [8.310181349464784, 39.113171316801086], [8.310179694979505, 39.113064946918335], [8.310174467540133, 39.11293295280218], [8.310143229763588, 39.112766241991075], [8.310100240324264, 39.112558855136086], [8.30967204032154, 39.111249728991666], [8.306114049062069, 39.10298355355776], [8.297264627055153, 39.09694725006751], [8.289751507800712, 39.09559400205351], [8.279337121646448, 39.09585798758189], [8.255218698827875, 39.10389501267427], [8.247908587801764, 39.10847633585538], [8.247835658818294, 39.10866610977994], [8.247737599977519, 39.1089212749216], [8.247489403040037, 39.10982865233593], [8.24727005292124, 39.11076602740278], [8.2511813109499, 39.11379518487038], [8.254937776047074, 39.11504485688289], [8.253475255979458, 39.12000331730561], [8.249004854378208, 39.125853299763676], [8.251016839078593, 39.12691809230964], [8.25196332643599, 39.1279424043488], [8.252186989028855, 39.12880888920283], [8.252187117766747, 39.12907020630796], [8.252098162052825, 39.12927688674289], [8.250566278562834, 39.13258982513507], [8.247345879019717, 39.13513943770971], [8.23993699717322, 39.14061955046703], [8.232722082612241, 39.142783324116934], [8.230053573556464, 39.14197276702716], [8.226096551464135, 39.14152358344542], [8.223738373196063, 39.142909556122504], [8.220674359297178, 39.145444949873685], [8.220446742530651, 39.14575430305541], [8.219604972962818, 39.14758013159249], [8.219609527388357, 39.14771146795034], [8.219612208680978, 39.1477855532652], [8.219639790206854, 39.14781824587533], [8.219778947741695, 39.14795857255273], [8.219816565935778, 39.14797618939924], [8.219988402091719, 39.148038636621244], [8.220128754391594, 39.14800391232233], [8.220389028111345, 39.14793273701499], [8.220951990949345, 39.1473914323022], [8.224596465436113, 39.15323117014192], [8.225290809483088, 39.15502904883565], [8.225735096426316, 39.15907846010664], [8.22663797455108, 39.160928193007145], [8.230033356812609, 39.164962248778586], [8.236760528298067, 39.16648254914277], [8.23882670672298, 39.166084012508705], [8.240637111147182, 39.164974647820465], [8.242118734629285, 39.16414466007058], [8.243098846647937, 39.164852714040826], [8.244578869170073, 39.16617815655664], [8.253256529766912, 39.17020278553448], [8.257032919864765, 39.1696772618794], [8.263222141750743, 39.173374971675344], [8.265213550513902, 39.17501851206096], [8.267232694031549, 39.17804198079356], [8.267494123430147, 39.17864847875541], [8.281849157430822, 39.180581686241815], [8.289180624504, 39.18102086875604], [8.291416965903377, 39.179972739439435], [8.295067691527303, 39.179302895229135], [8.295834463023297, 39.17918137930107], [8.296641176553587, 39.17926284379512], [8.302871810141083, 39.183366349851156], [8.303563975058681, 39.18436402859664], [8.304436624409403, 39.18572684947426], [8.304713812987947, 39.18643438346831], [8.304927642315171, 39.18691323509841], [8.3051266538518, 39.18698650869998], [8.306973142563251, 39.18746070512784], [8.308341817928282, 39.18766117905575], [8.309285717920021, 39.187785949873906]]], [[[8.324752366438553, 39.19169744275259], [8.324743849284424, 39.190167799997965], [8.320337215295108, 39.189018792540935], [8.320274067298481, 39.1890179456774], [8.318904605580624, 39.1893104440409], [8.317615821026601, 39.190121764409966], [8.31715364054777, 39.19046822751153], [8.317291686562266, 39.19160890931568], [8.318821198761318, 39.194501335256504], [8.319060223572402, 39.194781840521095], [8.319688368267661, 39.195389466444894], [8.31995337829418, 39.19537749720352], [8.320579782281673, 39.19462924769334], [8.324752366438553, 39.19169744275259]]], [[[8.432624433277006, 39.304678576179], [8.432497470972399, 39.3046725310562], [8.432382599902326, 39.30472089787128], [8.43193520609995, 39.304968777908485], [8.431850564881259, 39.30510783216967], [8.43180824388024, 39.30518642863937], [8.431808242962513, 39.305258978153], [8.431814289407498, 39.305331529246516], [8.431941252699511, 39.305385941465794], [8.432158902474034, 39.30544639972184], [8.432255636433817, 39.305440353996666], [8.432376554084875, 39.30537989547525], [8.432582113147813, 39.30496877797526], [8.432666755107235, 39.3047571727519], [8.432624433277006, 39.304678576179]]], [[[8.426847787425912, 39.312377510181356], [8.427030675064472, 39.31233178867453], [8.427188161575286, 39.3122809859661], [8.427467571620735, 39.31215398112564], [8.427523453700964, 39.31206253788193], [8.427508213960172, 39.31199141471179], [8.427432010920395, 39.31195077345369], [8.427076396763736, 39.31197109398421], [8.426578537624355, 39.31213874110566], [8.42639057003989, 39.31225558511484], [8.426349928615712, 39.3123571895798], [8.426390570752421, 39.31243847247057], [8.426497254385056, 39.31244863241525], [8.426578537704643, 39.31244355246358], [8.426690301318683, 39.31242323215], [8.426847787425912, 39.312377510181356]]], [[[8.424704611615688, 39.31599430189398], [8.424508151109173, 39.31594305160215], [8.424311691820522, 39.31599430217287], [8.424115232414552, 39.31608826168793], [8.424046898116302, 39.31620784533536], [8.424106691081478, 39.316344512938045], [8.424294609014316, 39.31634451341979], [8.424499610114845, 39.31632742982189], [8.424755861546071, 39.31625909623393], [8.424815653527105, 39.316139511410945], [8.424704611615688, 39.31599430189398]]], [[[8.40009745792244, 39.33431332234168], [8.400319409299215, 39.334455257981844], [8.400667674593283, 39.33460482699111], [8.400868808932099, 39.33465970074784], [8.400945695819411, 39.33465784380187], [8.401094565229938, 39.334633830356715], [8.401178236836813, 39.33460159781907], [8.401652461882879, 39.33426726286063], [8.401725812124559, 39.3341696489927], [8.401778087329033, 39.334027123553554], [8.401762434022512, 39.33395696025688], [8.40171692615536, 39.333850850137786], [8.401694144626225, 39.333801174858394], [8.401674205005866, 39.333758271338205], [8.401642634088855, 39.3337186879515], [8.401560553060058, 39.3336495590625], [8.401511482489264, 39.33362114909376], [8.401430562739016, 39.33358581636668], [8.400507178974124, 39.3331879732844], [8.39850832146289, 39.33321933585508], [8.39789672714243, 39.333673464389115], [8.397741313856306, 39.333868643061734], [8.39774307425684, 39.334001558788884], [8.398112841447173, 39.33468715592995], [8.398222709503198, 39.33472939867976], [8.398321401204363, 39.33475164098481], [8.398637048060852, 39.33478447820727], [8.39868639689219, 39.33478022778982], [8.398734364075521, 39.33476808581727], [8.40009745792244, 39.33431332234168]]], [[[8.369556474092814, 39.19959141744946], [8.369566919086079, 39.19948696512327], [8.369347570307182, 39.199434739126104], [8.36921178253469, 39.199445184785915], [8.368699967844975, 39.1997167595403], [8.368647742040107, 39.19993610909325], [8.369065549759988, 39.20013456760317], [8.3692535630546, 39.20017634841552], [8.369556473930134, 39.20018679344565], [8.369598255245633, 39.20014501234906], [8.369556474092814, 39.19959141744946]]], [[[8.356685888451198, 39.225957156753296], [8.356515345130031, 39.22592017208366], [8.356316012756878, 39.22602269510066], [8.356189413326977, 39.22608957623058], [8.356175512661382, 39.22611653207418], [8.35612454617354, 39.226215369265255], [8.356103614302137, 39.226287339788385], [8.35605868955823, 39.226449286581506], [8.355984323729201, 39.22698051348105], [8.356013401239794, 39.227016717803544], [8.356031574707227, 39.2270393446004], [8.356190543046468, 39.22723395657573], [8.356481231962826, 39.22711842221497], [8.357041802872025, 39.226310543932556], [8.357115686968127, 39.22614875748491], [8.356988907798643, 39.22607669144266], [8.356827552544186, 39.22598497172683], [8.356685888451198, 39.225957156753296]]], [[[8.355784046756645, 39.2273443443338], [8.355761412477415, 39.227285648368586], [8.355538865322309, 39.227392547063815], [8.355409190987546, 39.227455543736006], [8.355319212562325, 39.22749946134934], [8.355274450096202, 39.22764338691993], [8.355235645974265, 39.22776932367364], [8.355184358866014, 39.228309688556244], [8.355229671791442, 39.2284220735801], [8.35528631459444, 39.22856255506705], [8.355357479265265, 39.22854042261908], [8.355485326000704, 39.22849607565537], [8.355600098184, 39.228456161663715], [8.355885879747095, 39.22761072601821], [8.355817991391561, 39.22743313794091], [8.355784046756645, 39.2273443443338]]], [[[8.410408972225026, 38.86316791424274], [8.411044123272038, 38.86302017866532], [8.412029398168313, 38.86234478267186], [8.412179902832248, 38.86208871612034], [8.412403410183602, 38.861540145716106], [8.412400720121544, 38.861463534689335], [8.412394072667567, 38.86127426217862], [8.412149168287712, 38.86064223223166], [8.411963460010496, 38.860379966503324], [8.411127282874723, 38.85992518351359], [8.410256393519337, 38.85948824220293], [8.408912754436344, 38.85925165911842], [8.40851130773204, 38.85919105306564], [8.408316420924686, 38.85958656706665], [8.408242671411717, 38.85979345545606], [8.407828926911332, 38.86098987398085], [8.408252642213435, 38.86310969929607], [8.408331305334597, 38.863353404704284], [8.408925753813849, 38.863424000702445], [8.409302150395899, 38.863380847704484], [8.409756641807101, 38.8633020432358], [8.410408972225026, 38.86316791424274]]], [[[8.449623576026655, 38.93449007739076], [8.449590525784615, 38.93447446975807], [8.44923094366825, 38.93453585236881], [8.448140797281917, 38.935073784574556], [8.448098549362848, 38.935314486652594], [8.448063094913516, 38.93598115484293], [8.448131176943619, 38.93631489462843], [8.449337839172104, 38.93914743513384], [8.449576992037338, 38.93942160470836], [8.45020582876026, 38.939397535140436], [8.450454451512336, 38.939326615025244], [8.45123970377284, 38.93793355959969], [8.451329191455057, 38.93773766316214], [8.45144508494528, 38.93748396027576], [8.451609018006929, 38.93661063516957], [8.45162195882689, 38.936241233483024], [8.450848739849686, 38.935516694319794], [8.449623576026655, 38.93449007739076]]], [[[8.450151982262087, 38.940767047258994], [8.449967719158842, 38.940721072743415], [8.449806303392908, 38.94089152605059], [8.449800812150105, 38.94094556742857], [8.449779765938391, 38.94115272860695], [8.449838182406195, 38.94143235341504], [8.450023452648704, 38.941721587320785], [8.450288119985451, 38.94200218441585], [8.45049518462549, 38.94208426074355], [8.45067821826691, 38.9421031450001], [8.450889490067189, 38.942014026409005], [8.450992396602471, 38.94176219421633], [8.450968936905303, 38.94143767762065], [8.450836124797908, 38.94126583879608], [8.45022540011772, 38.940785365341625], [8.450151982262087, 38.940767047258994]]], [[[8.462995629107855, 39.08131789192057], [8.462874195165991, 39.08132296457963], [8.462785562784536, 39.081385634313314], [8.46292334713328, 39.08177825038864], [8.463104194089777, 39.08205730062583], [8.463200156702603, 39.08217150638135], [8.463337978267084, 39.082292663979416], [8.463441416003269, 39.08237424032933], [8.463500858833198, 39.082412810320285], [8.463644986392067, 39.08240108304188], [8.463733286715192, 39.08238234138607], [8.463864160736454, 39.08227593673081], [8.46386497918307, 39.082167807619314], [8.462995629107855, 39.08131789192057]]], [[[8.43784163771744, 39.10505158034709], [8.437407430008488, 39.10493346875662], [8.43732406726762, 39.104933066449256], [8.437190302191981, 39.10496846519537], [8.437086740152587, 39.10508398227503], [8.437051132441274, 39.10519870102196], [8.437174769168811, 39.10546737560539], [8.437254872708872, 39.10557476824665], [8.43749349426036, 39.105746003500926], [8.437593185023976, 39.10579705837595], [8.43772126887999, 39.10582707491581], [8.437882834841808, 39.10579845530547], [8.438031267761907, 39.10574859697344], [8.438192304906575, 39.10567728518033], [8.438353690335845, 39.10556204570822], [8.43837586648871, 39.105500201198865], [8.43784163771744, 39.10505158034709]]], [[[8.82540356545015, 38.8816350334094], [8.825560930651438, 38.88152037245449], [8.825534032034051, 38.88132320681381], [8.825482404773227, 38.8812848306606], [8.825370040494292, 38.88120130691475], [8.824789679852003, 38.88103147317787], [8.824435078940613, 38.88106473295541], [8.824452040015267, 38.881199930535416], [8.824546839582478, 38.88132848643482], [8.824715695330832, 38.88142504805222], [8.824945300723261, 38.88162758870528], [8.824884656276506, 38.881674808321556], [8.824901454525863, 38.88174005356736], [8.825212855680578, 38.881830747126344], [8.825314102510893, 38.88174121856726], [8.82540356545015, 38.8816350334094]]], [[[8.827609069771347, 38.88200263095249], [8.827681252855301, 38.881950438166186], [8.82779531792083, 38.88186161845496], [8.827821389206195, 38.8818075886099], [8.827818299182384, 38.881738871125734], [8.827813182697017, 38.88162509389508], [8.827509543396094, 38.88144216407272], [8.827310866454058, 38.881359641113995], [8.826314530355138, 38.88156880626288], [8.82620908064497, 38.88167002820878], [8.826200153839899, 38.88178491104854], [8.826269045540743, 38.88190103612342], [8.826348013018832, 38.882022808345795], [8.826477340429845, 38.88205944231781], [8.82671101737732, 38.88209093316034], [8.827283087861392, 38.882118815258515], [8.827412823866512, 38.88210548977221], [8.827559984430994, 38.88203812158758], [8.827609069771347, 38.88200263095249]]], [[[8.813776535823513, 38.89072711715931], [8.813176839526644, 38.88991227868606], [8.81224812629124, 38.88955821621229], [8.811763454294816, 38.889707250601816], [8.81178010796367, 38.889950586614304], [8.812276654676038, 38.891861811958], [8.812380838324746, 38.892255103096495], [8.812466782900653, 38.89245912484912], [8.81259329064096, 38.892585488240265], [8.81265654525683, 38.89264866943419], [8.813168923205675, 38.89293423615562], [8.813608115484879, 38.89309738497793], [8.813789770731658, 38.89298165248019], [8.814181293177928, 38.89273220940157], [8.814406919121199, 38.892435190991456], [8.813776535823513, 38.89072711715931]]], [[[8.765818226920468, 38.91407698811916], [8.765638248381256, 38.91398164963748], [8.764996607764052, 38.91399387706752], [8.764909476653665, 38.91418294080429], [8.764891234772401, 38.91446788922362], [8.764972753060494, 38.914520995762395], [8.765203436961814, 38.9146712747654], [8.765721592608134, 38.914943783610745], [8.76581983989647, 38.91488167179204], [8.766000442053034, 38.914767494483726], [8.766018404278986, 38.91452388457454], [8.765916024917006, 38.91413089533528], [8.765818226920468, 38.91407698811916]]], [[[8.718794273317863, 38.91581115951078], [8.718823361075538, 38.91577067797927], [8.718998693015314, 38.91552666593894], [8.719089869937672, 38.91531725795207], [8.719103467345802, 38.915282646089835], [8.719116618715855, 38.915238284549424], [8.7168615946705, 38.91270206336478], [8.716250435593118, 38.912211459589976], [8.715262703416851, 38.912333213070326], [8.715018413136407, 38.91249144327089], [8.714491846965924, 38.91307392239662], [8.71436600908705, 38.913392115011135], [8.714243562464246, 38.91372523605744], [8.714242631982556, 38.91395727724649], [8.714242293209654, 38.91404175891578], [8.715065356331062, 38.915534803117524], [8.715349070067678, 38.91597740568021], [8.715640043140738, 38.91604704434523], [8.716216229089397, 38.91618494026127], [8.716281050668366, 38.91620045334165], [8.717739986837993, 38.9162524263333], [8.717946145220838, 38.916258874848445], [8.718286377170026, 38.91626951521916], [8.718794273317863, 38.91581115951078]]]]}, "properties": {"reg_name": "Sardegna", "reg_istat_code_num": 20, "reg_iso_3166_2": "IT-88", "reg_istat_code": "20"}}]}