,codice_istat,nome_comune,codice_istat_str,infrastrutture,natura,ristorazione,servizi,turismo,com_istat_code,area_km2,area_km2_reg,turismo_density,turismo_log_density,natura_density,natura_log_density,ristorazione_density,ristorazione_log_density,servizi_density,servizi_log_density,infrastrutture_density,infrastrutture_log_density,turismo_density_norm,natura_density_norm,ristorazione_density_norm,servizi_density_norm,infrastrutture_density_norm,indice_attrattivita_assoluto,indice_attrattivita_og,indice_attrattivita_log,indice_attrattivita_assoluto_norm,indice_attrattivita_log_norm,classe
288,118006,Cagliari,118006.0,351,267,566,268,327,118006,84.91557087384986,128.30743478744768,2.548566266184837,1.2665436532300764,2.0809394283527567,1.1252345596850721,4.411279836882623,1.6884856336202747,2.0887332089832915,1.1277610421208129,2.735617001317669,1.3179129994042398,100.0,100.0,100.0,100.0,100.0,100.0,0.0,4.61512051684126,100.0,100,5
77,113012,La Maddalena,113012.0,30,72,69,14,157,113012,52.98135394009157,96.37321785368938,1.629083302358464,0.9666352311942009,0.7470955271962384,0.5579547103646192,0.715966546896395,0.5399765060601236,0.1452685747326019,0.13563917258582545,0.3112898029984327,0.27101123527123716,63.74847774973604,35.90183918941019,16.23035883849882,6.95486499222716,11.379144187526734,33.52721905755987,0.0,3.5417479711635425,33.33027733660101,"75,3604637090361",5
0,112001,Alghero,112001.0,239,78,267,69,301,112001,225.42827970457023,268.82014361816806,1.1197077568247273,0.7512782286272862,0.29015682734992937,0.25476378257344645,0.9932291397747581,0.6897560069122459,0.2566771934249375,0.22847108948744455,0.8890702786747835,0.6360847919960724,43.66584473844789,13.943549888889056,22.5156683888061,12.288653827162412,32.49980820584693,26.182053466176903,0.0,3.302556956501161,25.96334991230259,"69,8697739108123",5
248,116017,Tortolì,116017.0,101,9,90,28,90,116017,40.41563207264875,83.80749598624655,1.073889619787348,0.7294258874592039,0.10738896197873479,0.10200495784642954,1.073889619787348,0.7294258874592039,0.3340989928227305,0.2882561522534819,1.205142795539135,0.7907922666836725,41.859419519470315,5.160600088381353,24.34417356179896,15.995292811251657,44.05378366045583,25.521482878029552,0.0,3.277955079215595,25.300822223721042,"69,3050316406242",5
310,118028,Monserrato,118028.0,54,46,12,23,23,118028,6.514021266477363,49.905885180075174,0.46086748921513376,0.37903042996602515,0.9217349784302675,0.6532284126068328,0.24045260306876545,0.215476315494558,0.46086748921513376,0.37903042996602515,1.0820367138094444,0.7333466039515399,17.69041772104305,44.29417626825882,5.450858072034923,22.064449745569227,39.55366242015085,24.735874701635076,0.0,3.247885921321947,24.512886492738588,"68,6147865713399",5
339,118058,Sinnai,118058.0,8,349,36,16,168,118058,224.07963424568484,267.47149815928265,0.6281043070239727,0.4874163361814578,1.3048119235200384,0.8349990781174059,0.13459378007656556,0.12627468385455373,0.05981945781180692,0.05809857079834718,0.02990972890590346,0.029471156561845267,24.283894120683303,62.70302276664101,3.051127678439931,2.8639108888839155,1.0933448977505547,24.110070586660875,0.0,3.223268984263148,23.885228281431438,"68,049698600276",5
256,117002,Barumini,117002.0,0,11,7,4,121,117002,26.17265444386167,69.56451835745948,1.7393924784792971,1.0077361726330216,0.15812658895266338,0.1468036900610043,0.10062601115169487,0.09587911897473245,0.0575005778009685,0.055908178322041285,0.0,0.0,68.09752575809891,7.598807865245469,2.2811069547291645,2.752892401656092,0.0,23.198114944935288,0.0,3.1862747352912955,22.970570750135817,"67,2004863265231",5
189,115045,Oristano,115045.0,74,31,231,61,65,115045,84.57034678047822,127.96221069407602,0.507962465226534,0.41075937884265945,0.24225902187727003,0.21693151400341976,1.8052204533435283,1.0314821288787375,0.47670323659720876,0.3898120602722657,0.5782957296425155,0.45634561275000934,19.54718357524468,11.641810356250444,40.92282784352323,22.82260053830657,21.139499036742603,22.496513214760906,0.0,3.1568520363016646,22.266890354826486,"66,5250808836949",5
287,118005,Burcei,118005.0,3,184,9,5,57,118005,94.84475777224442,138.23662168584224,0.41233646558246123,0.3452454007570451,1.3310510467925063,0.8463192589097227,0.06510575772354651,0.06307409725797353,0.03616986540197028,0.03553109314008435,0.021701919241182168,0.02146978509168179,15.777034273755897,63.96394958243201,1.4758927143818572,1.7316651665425602,0.7933098540741985,21.358356980999947,0.0,3.1072001653098074,21.12536205742957,"65,3853097183669",5
320,118038,Quartu Sant'Elena,118038.0,49,65,71,70,91,118038,96.15510574575784,139.54696965935565,0.6521101835614034,0.502053369945703,0.46579298825814525,0.3823963849384398,0.5087892640973587,0.41130751734772064,0.5016232181241564,0.4065466684269867,0.3511362526869095,0.3009459071028664,25.2303494675146,22.383784069431595,11.533824262142286,24.015667293781657,12.83572417183316,20.3577382212913,0.0,3.0614141199690845,20.12177872217937,"64,3342795515015",5
311,118029,Muravera,118029.0,4,78,52,14,122,118029,93.81726066492779,137.2091245785256,0.8891536942222722,0.6361289479529985,0.5684753126994855,0.4501040090918227,0.378983541799657,0.3213466638593467,0.10203403048452303,0.09715759091138702,0.029152580138435153,0.028735725877432904,34.57602354639381,27.318205660098567,8.591237822433824,4.884971907646786,1.0656674572644191,19.75991857530301,0.0,3.0330241360984265,19.52218789062859,"63,6825803435259",5
102,114011,Dorgali,114011.0,27,256,77,18,140,114011,226.45482549730198,269.8466894108998,0.5188131094201411,0.41792918077106256,0.9486868286539725,0.6671557245226566,0.28534721018107767,0.2510288843246155,0.06670454263973244,0.0645740292319004,0.10005681395959866,0.09536182752473907,19.97498091884889,45.58935333379406,6.468581018036882,3.19354058013955,3.657559296911963,19.528335829422687,0.0,3.0218061673177323,19.289919024747395,"63,4250690535307",5
361,119009,Iglesias,119009.0,17,205,47,43,140,119009,208.23491522342547,251.62677913702328,0.5563795732717425,0.4423623376986146,0.8146986608621943,0.5959194268596226,0.18678457102694213,0.1712476088671629,0.17088801179060661,0.15776244536304995,0.06756037675442587,0.065376023541781,21.45607578820116,39.15052258426853,4.234248969318156,8.181418816708899,2.469657730664927,18.545481771963935,0.0,2.972744148312523,18.30415302398218,"62,2988380886577",5
87,113022,Santa Teresa Gallura,113022.0,10,50,66,8,147,113022,103.28608551492361,146.67794942852143,1.0021956304457031,0.6942443936243307,0.34088286749853847,0.29332825335446067,0.4499653850980708,0.3715396838013761,0.05454125879976616,0.053105846581673666,0.0681765734997077,0.06595305786457653,39.03281331568251,16.38120085832468,10.20033644966069,2.6112123159239937,2.492182694685293,18.486111616075192,0.0,2.9697019870004566,18.244606969620282,"62,2290045119061",5
330,118048,Selargius,118048.0,8,49,17,34,27,118048,26.67588925856198,70.0677531721598,0.385341312909802,0.32594654459304406,0.6993231234288999,0.5302300090854776,0.24262230812839386,0.2172239112694987,0.4852446162567877,0.3955794834410762,0.11417520382512651,0.108114403667589,14.712723768545741,33.60612586318644,5.5000434590395635,23.23152684937607,4.173654563856401,17.817451771960297,0.0,2.934784724987716,17.573966058690235,"61,4274699952945",5
76,113011,Golfo Aranci,113011.0,17,28,38,3,72,113011,37.24732744879181,80.63919136238962,0.8928660962934832,0.6380921334830428,0.3472257041141324,0.2980474439810757,0.47123488415489395,0.3861021053882659,0.03720275401222847,0.036527429916244344,0.21081560606929467,0.1912941871386028,34.72238865763675,16.686007261104738,10.682498086267582,1.7811156471408442,7.70632752931974,17.762518129823825,0.0,2.9318611632388643,17.51886966232763,"61,3603589012948",5
74,113009,Budoni,113009.0,8,20,82,13,87,113009,56.18989713420163,99.58176104779943,0.873653961173069,0.6278905142434794,0.20083999107426873,0.1830213044753215,0.8234439634045018,0.6007270005528468,0.13054599419827467,0.12270069673647756,0.0803359964297075,0.07727210055741458,33.96493129171182,9.6514097593533,18.66678138438879,6.250008073640914,2.9366682686579275,17.566856142141557,0.0,2.9213780633553306,17.32262797859483,"61,1197167113466",5
127,114036,Orosei,114036.0,3,74,88,10,84,114036,90.98119288949331,134.37305680309112,0.6251253190071633,0.4855849321971772,0.5507056381729771,0.4387100777702951,0.6548931913408377,0.5037364697922508,0.0744196808341861,0.07178068403583698,0.02232590425025583,0.022080329646198795,24.166444581514867,26.464280058786148,14.845877286344175,3.5629098304235085,0.8161195167123934,17.4512272726546,0.0,2.9151308871173236,17.20665653056329,"60,9763112122473",5
44,112045,Porto Torres,112045.0,26,67,92,26,90,112045,104.51431287966732,147.90617679326513,0.6084938570604587,0.4752982486411334,0.45298987136723035,0.37362341372230123,0.6220159427729133,0.4836697847280932,0.17578711426191027,0.1619378078018889,0.17578711426191027,0.1619378078018889,23.510732799421174,21.768527483080607,14.10057774100501,8.41596779837077,6.425867150892782,17.2204491436424,0.0,2.902544542660931,16.97519466542267,"60,6873885150415",5
234,116003,Baunei,116003.0,20,258,35,8,72,116003,211.9496613909621,255.3415253045599,0.2819752874669392,0.248402081765834,1.010411446756532,0.6983394010016943,0.13707132029642877,0.12845593953504592,0.03133058749632658,0.03084980106454032,0.07832646874081643,0.07541027333634615,10.637416320031798,48.55554337573198,3.107291429357489,1.4999803403124425,2.8632103362089354,16.46288711048179,0.0,2.860077892439407,16.21538817116944,"59,7125558965788",5
163,115019,Cabras,115019.0,1,30,95,12,129,115019,101.98260383285573,145.37446774645355,0.8873635240060715,0.6351808943645523,0.20636361023397012,0.18761055388588635,0.6534847657409054,0.502885040056418,0.08254544409358805,0.0793151607002608,0.0068787870077990036,0.0068552360919222404,34.50544432091878,9.916848487864192,14.81394946376179,3.951938128745879,0.2514528533959866,16.411571315645517,0.0,2.8571350033344523,16.163920340856322,"59,645001138267",5
159,115015,Bonarcado,115015.0,0,54,4,5,36,115015,28.186178006664036,71.57804192026185,0.5029475385776004,0.40742820568900784,0.7544213078664007,0.5621390634344721,0.0558830598419556,0.05437744036605069,0.06985382480244451,0.06752202680733592,0.0,0.0,19.34946514853157,36.253881184018425,1.2668219180909461,3.344315324810986,0.0,15.623321522903915,0.0,2.8108066204166744,15.373335167098205,"58,5815214761488",5
15,112016,Castelsardo,112016.0,10,22,64,10,60,112016,43.786735349872565,87.17859926347037,0.6882423038097749,0.5236879307831845,0.2523555113969175,0.2250261871602457,0.73412512406376,0.5505030349613204,0.11470705063496249,0.10859163553469715,0.11470705063496249,0.10859163553469715,26.654893926372452,12.126999371465544,16.641998494989014,5.4917042608231,4.193096130770915,15.599682971976481,0.0,2.809383597106421,15.34962658123565,"58,5488556187659",5
86,113021,San Teodoro,113021.0,8,98,78,7,57,113021,104.97102321910633,148.36288713270415,0.38419311663176237,0.3251173825999124,0.6605425514019774,0.5071443871624467,0.5257379490750432,0.4224781940498419,0.047181610814426955,0.046102375121731994,0.053921840930773665,0.052518292654937716,14.667454998423226,31.742516980653008,11.918036681313179,2.2588624823652323,1.9711034441152049,15.25541279771916,0.0,2.788425948556098,15.004336423164927,"58,067767534197",5
243,116012,Lotzorai,116012.0,7,17,21,5,45,116012,16.89815053489448,60.290014448492286,0.7463922576838152,0.5575520929431603,0.2819704084583302,0.24839827590628177,0.3483163869191138,0.29885669334737724,0.08293247307597948,0.0796726143445061,0.11610546230637127,0.1098453597687758,28.947513180506512,13.550149736051385,7.8960392402868536,3.9704674928947754,4.244214824313731,14.670990842587761,0.0,2.751811286186863,14.418182976376675,"57,2272687662147",5
356,119004,Carloforte,119004.0,37,40,18,8,51,119004,51.0443697327017,94.43623364629951,0.5400469505276425,0.4318129033164199,0.4235662357079549,0.3531651568311593,0.1906048060685797,0.17446141840679774,0.08471324714159098,0.08131566371333859,0.3917987680298583,0.3305969882650209,20.812146036257754,20.35456822706484,4.320850481416679,4.055723669124113,14.322135293103527,14.237028043605841,0.0,2.7237285209794426,13.982934457446653,"56,5826218397908",5
353,119001,Buggerru,119001.0,6,64,21,7,32,119001,48.32283212610295,91.71469603970075,0.34890809632240494,0.29929544764199373,0.6978161926448099,0.5293428327039852,0.22897093821157824,0.2061771836090933,0.07632364607052608,0.07355120282335705,0.06542026806045093,0.0633693392173608,13.27630828970919,33.53370997430673,5.190578396254909,3.6540638958709932,2.391426432462579,14.191687887367328,0.0,2.720748428760194,13.937459970008636,"56,5142130746494",5
372,119020,Sant'Antioco,119020.0,12,34,23,15,92,119020,88.6755577120866,132.0674216256844,0.6966138875698917,0.5286344338878155,0.25744426279756866,0.2290812981903968,0.17415347189247293,0.16054743849448386,0.11357835123422147,0.10757857006621947,0.09086268098737718,0.08696883365643739,26.98495186859565,12.371540434569882,3.947912586192769,5.4376667515860815,3.321469377606997,13.12575013695833,0.0,2.647999382663673,12.868364120720305,"54,8442404555002",5
350,118070,Villasimius,118070.0,5,10,67,7,72,118070,58.10880956790811,101.50067348150591,0.7093548991388601,0.536116047371565,0.09852151376928613,0.09396519732920851,0.660094142254217,0.5068743129617114,0.06896505963850029,0.06669094641846797,0.04926075688464306,0.04808587515389225,27.487278809446448,4.734472922514348,14.963778464816107,3.301764885141536,1.8007183337768247,13.097894132574657,0.0,2.6460254339302876,12.84042558617369,"54,7989279667016",5
85,113020,Palau,113020.0,6,3,60,9,62,113020,44.721588316510186,88.113452230108,0.7036383030151537,0.5327661423872816,0.03404701466202357,0.03348024377792748,0.6809402932404713,0.5193533351998849,0.1021410439860707,0.09725469163888463,0.06809402932404714,0.06587577910074142,27.26189637200365,1.6361367466123087,15.436343157084323,4.890095276255444,2.4891653068118886,12.657302551790544,0.0,2.614274364056417,12.398528646069124,"54,0700741856127",5
203,115059,Sedilo,115059.0,5,26,20,6,80,115059,68.51866989985778,111.9105338134556,0.7148567455978051,0.5393295468653859,0.23232844231928668,0.20890542237341297,0.17871418639945127,0.16442417180997,0.05361425591983539,0.0522264020310175,0.04467854659986282,0.04370922718561176,27.704194529661624,11.164594180580965,4.051300144353244,2.5668312108626155,1.6332164399600686,12.461013258539776,0.0,2.599797600620967,12.201657798223069,"53,7377564460918",5
289,118007,Capoterra,118007.0,15,68,15,23,24,118007,68.32725809292052,111.71912200651832,0.21482445949225867,0.19459958857044204,0.6086693018947329,0.4754073166776485,0.13426528718266167,0.12598511726054232,0.2058734403467479,0.1872041511288682,0.13426528718266167,0.12598511726054232,7.989928731662023,29.249736614224624,3.043681021096696,9.85637799319323,4.908044039717179,12.287410080224802,0.0,2.586816976399622,12.027540278425514,"53,4397829578848",5
126,114035,Orgosolo,114035.0,1,183,24,6,77,114035,222.52666682634444,265.91853073994224,0.2895623700452186,0.2543029127889886,0.6881806976399352,0.5236514388093886,0.09025320624786035,0.08640996857370896,0.022563301561965086,0.022312515636619096,0.003760550260327515,0.003753497068255872,10.93654452982104,33.070674151466754,2.0459642005309906,1.0802385611012506,0.13746625563871567,12.13360714664826,0.0,2.5751743761480097,11.873281666389342,"53,1725241458573",5
233,116002,Bari Sardo,116002.0,2,14,35,5,52,116002,37.625249367895265,81.01711328149307,0.6418397039070817,0.49581738379657153,0.17280299720575273,0.15939660774534117,0.43200749301438185,0.3590773010767067,0.06171535614491169,0.05988586066540129,0.024686142457964678,0.024386363220785672,24.825425682782214,8.304085878296863,9.79324615505858,2.9546787440102107,0.9023976107062525,12.015739978092753,0.0,2.5661593926192166,11.755065287785893,"52,9655829354503",5
201,115057,Santu Lussurgiu,115057.0,1,111,13,5,26,115057,99.90731320741249,143.2991771210103,0.18143858549895273,0.1667328361828966,0.7746031919378367,0.5735768440976566,0.09071929274947636,0.08683738020675419,0.03489203567287553,0.03429710791677491,0.006978407134575105,0.006954170740463378,6.673657738585331,37.22372604333813,2.056529989119578,1.670487907350289,0.25509444966944583,11.995417461303537,0.0,2.5645967923411073,11.734682560616218,"52,9297130537249",5
321,118039,Quartucciu,118039.0,1,22,8,8,40,118039,27.7490190827028,71.1408829963006,0.5622645982912531,0.44613643418490156,0.3092455290601892,0.26945103928538844,0.11245291965825063,0.10656741475445279,0.11245291965825063,0.10656741475445279,0.014056614957281329,0.013958736901575758,21.688098700893686,14.860861630411978,2.5492130133761637,5.383785692428764,0.5138370960010358,11.590439184010753,0.0,2.532937731007072,11.328504437044247,"52,2029713517697",5
82,113017,Olbia,113017.0,105,101,222,75,156,113017,385.4808572330966,428.8727211466944,0.36374428194662617,0.31023406526661995,0.23550110561929002,0.2114766413221208,0.5176360935394295,0.4171539226580563,0.17487705862818567,0.1611635111671864,0.24482788207945994,0.21899727303389366,13.861239533054185,11.317057210344151,11.734374437356806,8.372398058118133,8.949640317395794,11.485334790430954,0.0,2.5245547387851817,11.223088646229993,"52,0105376604946",5
119,114028,Oliena,114028.0,1,141,23,7,45,114028,166.00060152510463,209.39246543870243,0.2149074461954473,0.19466789792014982,0.6733766647457349,0.5148435399666269,0.10984158361100639,0.1042172876715742,0.03343004718595847,0.03288341249426858,0.004775721026565496,0.004764353448790115,7.99320056424128,32.35926310833423,2.4900162236959686,1.6004938803185316,0.17457564506526924,11.243310837649442,0.0,2.504979733779484,10.980347638842096,"51,56118850565",5
164,115020,Cuglieri,115020.0,6,62,31,6,77,115020,120.2139251272754,163.60578904087322,0.47064349282141404,0.38570005522461914,0.3789596955185412,0.3213293710588324,0.1894798477592706,0.173516108842894,0.036673518921149145,0.03601704739297155,0.036673518921149145,0.03601704739297155,18.075846300140302,18.210991168470507,4.29534862365868,1.7557780363438704,1.3405940562397642,11.23199751796701,0.0,2.5040552657136446,10.969000800708706,"51,539967109081",5
118,114027,Nuoro,114027.0,17,52,71,58,103,114027,192.3948655801143,235.7867294937121,0.4368354411682307,0.36244308499893346,0.22053828097813588,0.19929197535543072,0.3011195759509163,0.26322510610691874,0.24598500570638235,0.2199263863493396,0.07209905339669827,0.06961845893656332,16.74293053665164,10.598015395032952,6.826127271121218,11.776755626254328,2.635568259810134,11.067678633897136,0.0,2.4905306913347776,10.804195082127684,"51,2295071084318",5
327,118045,San Vito,118045.0,1,178,12,5,69,118045,231.60112490222784,274.99298881582564,0.2509154880534507,0.22387567368996852,0.6472892300509308,0.49913104600911923,0.04363747618320882,0.04271218412168864,0.018182281743003674,0.018018960785881916,0.003636456348600735,0.003629860426897561,9.412853110245752,31.105625720365925,0.9892248462307185,0.8704932570997926,0.1329300244460082,10.94197432342092,0.0,2.4800594480153815,10.678118342171521,"50,9891370888904",5
296,118014,Elmas,118014.0,29,14,31,15,9,118014,14.007824325369972,57.399688238967784,0.15679527670134688,0.14565348934119457,0.24390376375765072,0.2182546310010916,0.5400726197490837,0.43182957099496677,0.2613254611689115,0.23216312135689143,0.5052292249265622,0.4089451955243167,5.702070996533168,11.720848787545998,12.242991596986146,12.511193868369327,18.46856576352639,10.812967471851717,0.0,2.469197866373471,10.548729276544123,"50,7398067551486",5
134,114043,Posada,114043.0,2,20,28,6,34,114043,33.085578393725804,76.47744230732361,0.44457553723320714,0.3678155325532577,0.2615150219018866,0.23231339699627798,0.3661210306626412,0.3119753594657022,0.07845450657056596,0.07552900382531608,0.026151502190188657,0.025815398800877177,17.04809145399046,12.56716165491171,8.299655524038862,3.7560807782030885,0.9559635788778992,10.575157429351089,0.0,2.448861200687677,10.310214664167413,"50,2729734881528",5
251,116020,Urzulei,116020.0,0,117,9,5,30,116020,129.6322544379399,173.0241183515377,0.17338623242713597,0.159893784380568,0.6762063064658302,0.5165330890343968,0.05201586972814079,0.0507081994946457,0.02889770540452266,0.028488040252833934,0.0,0.0,6.356185780937331,32.495242160945836,1.1791559740381268,1.3835038998871887,0.0,10.474023054308361,0.0,2.4400856154428134,10.208780654032147,"50,0715277254621",5
235,116004,Cardedu,116004.0,1,9,15,4,51,116004,33.459401163388534,76.85126507698635,0.6636195246611797,0.5089956652094171,0.11710932788138464,0.11074439164608495,0.19518221313564107,0.17829865337105477,0.05204859016950429,0.050739301622921486,0.013012147542376073,0.01292821684556129,25.684116585970102,5.627714400802468,4.424616445860597,2.491873540653829,0.4756567727173976,10.418433573533582,0.0,2.4352290296301553,10.153026475950352,"49,9600435787295",5
247,116016,Tertenia,116016.0,6,50,30,6,75,116016,117.73181155620318,161.123675469801,0.46548094053413686,0.3821834756486446,0.3103206270227579,0.2702718607183072,0.18619237621365475,0.17074849333528247,0.037238475242730947,0.036561869292016894,0.037238475242730947,0.036561869292016894,17.87230758711014,14.912525698472805,4.2208244114758715,1.7828258335039875,1.361245935552902,10.337537051627306,0.0,2.4281190834956554,10.071890278495408,"49,7968329800298",5
161,115017,Bosa,115017.0,14,28,79,13,79,115017,128.39538149158184,171.78724540517965,0.4598711610612858,0.3783481859779167,0.16299231024956964,0.15099626151945705,0.4598711610612858,0.3783481859779167,0.0756750011873002,0.07294837260903901,0.08149615512478482,0.0783454112726965,17.651136501424276,7.832631167865954,10.424892050971515,3.6230094327908753,2.9790776664105554,10.17983633414776,0.0,2.4141118284559138,9.913722334426927,"49,4752929236176",5
360,119008,Gonnesa,119008.0,2,37,4,6,34,119008,48.325248346495854,91.71711226009367,0.37070508613029546,0.31532526885624834,0.4034143584359097,0.3389080949622152,0.04361236307415241,0.042688120774230016,0.0654185446112286,0.06336772159221507,0.021806181537076204,0.021571827550867305,14.135676099767636,19.386165351061997,0.9886555531913959,3.1319722561921464,0.7971211440261113,9.834483231165503,0.0,2.3827339394499396,9.567346039192511,"48,7550056030505",5
69,113004,Arzachena,113004.0,47,20,127,21,133,113004,231.31976895622665,274.7116328698245,0.4841440408278003,0.3948382025873501,0.07280361516207524,0.07027542281753156,0.4623029562791778,0.3800125602975917,0.076443795920179,0.07366282644552262,0.1710884956308768,0.15793365445940483,18.608118713766757,3.498593672171688,10.480018801207576,3.659816179079599,6.254109970382124,9.727471216314617,0.0,2.372807854711881,9.460016975316906,"48,5271498356234",5
254,116023,Seui,116023.0,9,61,3,6,90,116023,147.78117761768758,191.17304153128538,0.47077767492270367,0.3857912914629751,0.3190826463364992,0.2769365301016421,0.015692589164090123,0.015570733652453305,0.03138517832818025,0.030902732091462094,0.04707776749227037,0.04600320562695281,18.08113656175673,15.333586455665394,0.355737784596767,1.5025939259833594,1.7209195391604286,9.726366182176267,0.0,2.3727048396550594,9.458908667247155,"48,5247850991288",5
326,118044,San Sperate,118044.0,1,10,2,6,43,118044,26.213985413079858,69.60584932667767,0.6177641737864621,0.48104505633639816,0.1436660869270842,0.1342389682950033,0.028733217385416843,0.02832815927745162,0.08619965215625053,0.08268504637942056,0.014366608692708421,0.01426438686084066,23.876224174771078,6.903905273245186,0.6513578473344398,4.1268866596040255,0.5251688626656594,9.690665025416678,0.0,2.369370933150322,9.423101737159705,"48,4482544382274",5
358,119006,Fluminimaggiore,119006.0,4,83,16,5,31,119006,108.33574783728848,151.7276117508863,0.20431350393161987,0.18590969831751983,0.5470329298814338,0.43633885764843483,0.10545213106148123,0.10025441966459217,0.03295379095671288,0.03242245627801522,0.026363032765370307,0.02602151726905673,7.575523947268449,26.287787257433898,2.3905110299237435,1.5776926806632914,0.9636960419778055,9.655729710821033,0.0,2.366097748500833,9.388062918229185,"48,3731176627594",5
49,112050,Sassari,112050.0,90,122,152,176,170,112050,547.3229571505082,590.714821064106,0.2877869217734612,0.2529251805908488,0.20652943797860157,0.18774800527024457,0.25731536535038885,0.22897878545251923,0.29794410724781867,0.2607815566828184,0.1523577821153618,0.14181008880826257,10.86654573151817,9.924817376452301,5.833122696025316,14.264344817538735,5.569412020833888,9.604385527487787,0.0,2.361267644564056,9.3365666153113,"48,2622414141367",5
55,112056,Stintino,112056.0,3,7,36,5,58,112056,59.09308682186391,102.48495073546172,0.5659367505548394,0.4484842075797918,0.06830271127385992,0.06607113789951784,0.3512710865512796,0.3010456950678591,0.04878765090989994,0.04763487890327711,0.029272590545939964,0.028852329977839267,21.832876923793844,3.282301750028708,7.963019793355865,2.3357531110278917,1.0700544166760255,9.420410881638288,0.0,2.343766467566829,9.152046899993474,"47,8604975019282",5
319,118037,Pula,118037.0,26,45,48,11,67,118037,138.805433130456,182.1972970440538,0.3677332270401352,0.3131547907099536,0.24698500323591172,0.2207286403512542,0.26345067011830586,0.23384660483487807,0.060374111902111754,0.05862178161351121,0.14270244631408233,0.13339602398742406,14.018507625559845,11.868918425531573,5.972204889737442,2.890465457362042,5.2164629129496785,9.322438981897609,0.0,2.334320067585787,9.053784734759656,"47,6436530185388",5
252,116021,Ussassai,116021.0,3,40,3,3,28,116021,47.42948649018798,90.8213504037858,0.3082975520129774,0.26872671341238746,0.4404250743042534,0.3649382605168339,0.03303188057281901,0.032498051784043566,0.03303188057281901,0.032498051784043566,0.03303188057281901,0.032498051784043566,11.675197547535028,21.16472340825835,0.74880492270384,1.5814312919790054,1.2074746047019187,9.301463255132907,0.0,2.3322859487506484,9.032746862321659,"47,5969593099468",5
136,114045,Seulo,114045.0,1,33,6,4,43,114045,59.067816122143974,102.45968003574178,0.41967728168778184,0.3504295793671887,0.32207791385341394,0.2792046760418434,0.05855962070062072,0.05690913565664334,0.039039747133747145,0.038296966567041846,0.009759936783436786,0.009712616248257285,16.066453185085912,15.477524692218767,1.3274972993326086,1.8690633617469063,0.3567727784531132,9.270853370554333,0.0,2.3293101140185106,9.00204628854276,"47,5286482764909",5
290,118008,Castiadas,118008.0,2,25,20,5,77,118008,104.02993030115834,147.42179421475615,0.5223108320594073,0.4202294646456209,0.16958143898032704,0.15664594034259036,0.13566515118426165,0.12721851556685473,0.03391628779606541,0.03335381323056061,0.013566515118426164,0.01347531388165628,20.112882081862228,8.149273192183465,3.0754147594529826,1.6237730912783472,0.49592158229355787,8.979423996416239,0.0,2.300525372867796,8.709753484265786,"46,867887316035",5
241,116010,Lanusei,116010.0,22,7,13,14,46,116010,53.02457515654664,96.41643907014445,0.4770970639823598,0.39007871837193975,0.0726017271277504,0.07008721779077862,0.13483177895153647,0.12648442757132533,0.1452034542555008,0.13558231052744224,0.22817685668721555,0.20553083945864695,18.3302847049163,3.4888918984643844,3.0565229125618067,6.95174729022381,8.34096500267798,8.859471562404716,0.0,2.2884325731017294,8.589445662102113,"46,590294061116",5
220,115076,Tinnura,115076.0,4,1,3,1,31,115076,3.8265701246900856,47.218434038287896,0.6565232547708615,0.5047209811566254,0.021178169508737466,0.020957028864035897,0.0635345085262124,0.06159780320526998,0.021178169508737466,0.020957028864035897,0.08471267803494986,0.08131513905228929,25.40433915023359,1.0177215742171706,1.4402738179292467,1.0139241056566586,3.096657097618057,8.625541227820522,0.0,2.264420110054791,8.354822252216655,"46,0390819427672",5
52,112053,Sennori,112053.0,3,13,18,7,29,112053,31.103374709560278,74.49523862315809,0.38928662470227815,0.32879039576167574,0.17450779728033158,0.1608491639030793,0.2416261808496899,0.2164219566047298,0.09396573699710163,0.08980938449389246,0.04027103014161498,0.039481285106859866,14.86827157514565,8.386010419268647,5.477462092281206,4.498695026869433,1.4721004483528788,8.4744907946828,0.0,2.2486030075383536,8.203324295568832,"45,6759963831066",5
308,118026,Maracalagonis,118026.0,6,61,15,10,29,118026,101.90980043112654,145.30166434472434,0.19958477510070544,0.18197547616554963,0.4198162510738977,0.3505274625879979,0.10323350436243385,0.09824541719753313,0.06882233624162257,0.06655742201153685,0.04129340174497354,0.0404635959783443,7.389089151656806,20.1743618941479,2.340216630541109,3.294931872851412,1.509473063118254,8.373547632381776,0.0,2.2378916406426432,8.102082064689348,"45,4301142665801",5
244,116013,Osini,116013.0,0,25,3,2,31,116013,39.54976999709088,82.9416339106887,0.3737568038915258,0.31754917951070893,0.30141677733187566,0.26345349975212295,0.036170013279825074,0.035531235855916214,0.024113342186550053,0.023827206221155483,0.0,0.0,14.255993080804883,14.4846492514428,0.8199437491452778,1.1544481642194708,0.0,8.235116211564142,0.0,2.22301319739056,7.9632405072433965,"45,0885758660136",5
355,119003,Carbonia,119003.0,10,46,18,41,50,119003,146.0062856254711,189.3981495390689,0.2639941315249547,0.23427665293299774,0.24287460100295835,0.21742692329055904,0.0950378873489837,0.09078896298859346,0.21647518785046288,0.19595748669184795,0.05279882630499095,0.051452166756408825,9.928491521682405,11.67139214596047,2.154428892820941,10.363946286650654,1.9300518413052432,8.074878398687149,0.0,2.2055099804674367,7.802527951017574,"44,686785126794",5
368,119016,Portoscuso,119016.0,15,16,13,11,24,119016,38.474518664822725,81.86638257842054,0.29316062642697305,0.2570893197825068,0.19544041761798203,0.17851466779342604,0.1587953393146104,0.14738096491205532,0.13436528711236265,0.12607327610923166,0.18322539151685815,0.16824409222210232,11.07840933473542,9.391932074288679,3.5997566508233216,6.432860191741102,6.697772072209074,8.026163385139533,0.0,2.200127402851827,7.753668607437897,"44,5632267061573",5
284,118002,Assemini,118002.0,14,49,49,26,23,118002,118.32182054439807,161.71368445799587,0.14222667721094506,0.1329795829651494,0.30300466014505684,0.2646728746098788,0.30300466014505684,0.2646728746098788,0.1607779829341118,0.14909045525954048,0.08657276004144482,0.08302848583655567,5.127689600293168,14.560955307810723,6.868860542730499,7.697392000214897,3.1646520693410363,8.02339182255307,0.0,2.1998202969341074,7.750888833425678,"44,5561770127071",5
8,112009,Bonorva,112009.0,6,106,13,5,15,112009,149.22547043436245,192.61733434796025,0.07787461108200537,0.07499114947108697,0.5503139183128379,0.4384574383689062,0.06749132960440465,0.06531134393721709,0.025958203694001793,0.025627008778448843,0.03114984443280215,0.030674533400237722,2.5905459566353706,26.445455875112085,1.5299716204832663,1.2427725849505293,1.1386771034760406,7.994805677955469,0.0,2.196647263829004,7.722217995447826,"44,4833392410868",5
276,117022,Tuili,117022.0,0,16,4,4,25,117022,24.448607636278194,67.840471549876,0.3685115894517348,0.31372371818888617,0.2358474172491103,0.21175690258748467,0.05896185431227757,0.057289045491080694,0.05896185431227757,0.057289045491080694,0.0,0.0,14.049195330925748,11.333699291564862,1.3366155966642306,2.8228523422087854,0.0,7.738934392833103,0.0,2.1677882592174216,7.465588629641585,"43,8208735442404",5
63,112064,Valledoria,112064.0,8,3,37,6,22,112064,25.373935554535507,68.76579946813331,0.319926477553642,0.27757603622404403,0.043626337848223916,0.04270151145548323,0.5380581667947616,0.4305206901308268,0.08725267569644783,0.0836540334688509,0.1163369009285971,0.11005270095425618,12.133679400455655,2.0964732204030527,12.197325644500445,4.177301118265784,4.252675022583969,7.655549924135812,0.0,2.158200724926951,7.3819571142503895,"43,6007892873417",5
231,115087,Zerfaliu,115087.0,12,10,2,2,23,115087,15.751301975390302,59.14316588898811,0.38888685876523865,0.3285026052819397,0.1690812429414081,0.15621817788636902,0.033816248588281625,0.03325705099840375,0.033816248588281625,0.03325705099840375,0.20289749152968975,0.18473322266339173,14.852510408999434,8.12523616197952,0.7665858852468311,1.6189836233198003,7.416882240165921,7.62491510775864,0.0,2.1546551202902764,7.351231534806395,"43,519399042668",5
139,114048,Siniscola,114048.0,3,51,71,20,65,114048,196.8251610385627,240.2170249521605,0.2705886479650842,0.23948029542118537,0.21230801609568142,0.1925259940521618,0.29556606162339966,0.25894771286804913,0.0832580455277182,0.07997320882259491,0.01248870682915773,0.012411366187373585,10.188486833030257,10.202508213501513,6.700233776877579,3.986054569805244,0.4565224891913698,7.590780293049896,0.0,2.1506895692455417,7.316995587437665,"43,4283688227561",5
293,118011,Dolianova,118011.0,3,50,3,9,25,118011,84.41322265636381,127.80508656996162,0.19561036787307196,0.17865682308047162,0.3912207357461439,0.3301815888822699,0.023473244144768635,0.02320198424821852,0.07041973243430591,0.06805084485784713,0.023473244144768635,0.02320198424821852,7.232394228844323,18.800198142039577,0.5321186823948303,3.3714086668150074,0.8580603254571908,7.567708873210127,0.0,2.148000354184664,7.293855812926046,"43,3666372158192",5
357,119005,Domusnovas,119005.0,0,58,8,7,14,119005,79.92922698888974,123.32109090248755,0.11352478231862284,0.10753046370347229,0.47031695532000894,0.38547799341283695,0.0648713041820702,0.06285395071591304,0.05676239115931142,0.05520988612046536,0.0,0.0,3.996089100612531,22.601184297435577,1.4705778499854512,2.7175510455421445,0.0,7.550871031371065,0.0,2.1460331527739216,7.276968084900457,"43,321479613506",5
219,115075,Terralba,115075.0,5,17,43,15,16,115075,49.73371429156011,93.12557820515792,0.17181101377702707,0.15855042710898126,0.18254920213809125,0.16767244909177698,0.4617420995257603,0.3796289432536735,0.16107282541596288,0.14934442720500352,0.05369094180532096,0.05229918302695688,6.294081232848893,8.77244189094897,10.467304650798702,7.711507851898731,1.962662967054948,7.527788247241956,0.0,2.143330036819944,7.253816912430039,"43,2594289080776",5
133,114042,Ovodda,114042.0,1,28,7,5,20,114042,40.84525274049525,84.23711665409306,0.23742503060885817,0.21303263229941038,0.33239504285240146,0.2869781068654421,0.08309876071310036,0.07982615565531787,0.05935625765221454,0.05766141953845987,0.011871251530442908,0.011801340964030396,8.880978526965018,15.973316585938344,1.88377894365969,2.8417347604247984,0.4339515189708524,7.504033859266834,0.0,2.140540622601198,7.229992146324474,"43,1953972043136",5
78,113013,Loiri Porto San Paolo,113013.0,3,57,38,10,24,113013,118.43815648763331,161.8300204012311,0.14830375687091876,0.13828585947532926,0.35222142256843203,0.30174873830033716,0.23481428171228802,0.2109205795915243,0.06179323202954948,0.0599592070932014,0.018537969608864845,0.01836823592000101,5.367284456508212,16.926077605595935,5.3230420738446576,2.958407122737703,0.6776522298236789,7.417839444513403,0.0,2.1303531972885374,7.143542359731052,"42,9615422983785",5
101,114010,Desulo,114010.0,0,37,22,8,24,114010,74.49121899077481,117.88308290437263,0.20359155367075804,0.18531004819409339,0.3138703119090853,0.27297721801427566,0.18662559086486155,0.1711136411570124,0.06786385122358601,0.06566025228399258,0.0,0.0,7.547060346554953,15.083106583142634,4.230645022890833,3.2490435318266098,0.0,7.368380284104303,0.0,2.1244603513311175,7.093936664574494,"42,8262705398361",4
179,115035,Mogoro,115035.0,8,4,17,7,41,115035,48.777530187854744,92.16939410145255,0.44483312925840157,0.3679938334138207,0.0433983540739904,0.04248303414084209,0.1844430048144592,0.1692726259532857,0.0759471196294832,0.07320131520616247,0.0867967081479808,0.08323456962544334,17.058247273510993,2.0855174101989093,4.181167634669986,3.636037350430747,3.1728384531231266,7.337776509413947,0.0,2.120796575239211,7.0632422187858355,"42,7421676397368",4
250,116019,Ulassai,116019.0,0,61,8,5,35,116019,122.3609210164875,165.7527849300853,0.21115783975975447,0.19157679444243336,0.3680179492955721,0.31336293994437786,0.04826464908794388,0.04713608177475531,0.030165405679964924,0.0297193773874665,0.0,0.0,7.845368634253592,17.685183157247884,1.0941189603163262,1.4441962022832102,0.0,7.210359601993796,0.0,2.1053967229915784,6.9354478079023,"42,3886601647608",4
115,114024,Mamoiada,114024.0,3,17,23,5,27,114024,49.11879757035108,92.5106614839489,0.2918582525181127,0.2560816876683568,0.18376260343733022,0.16869801250462285,0.24861999288579972,0.22203893575966333,0.05404782454039124,0.05263782341653388,0.03242869472423474,0.03191398266847126,11.027061959533665,8.83075215614489,5.6360059229771124,2.5875887024700237,1.185425251729857,7.149688642035233,0.0,2.097979723091742,6.874597095523316,"42,2184010697821",4
38,112039,Ossi,112039.0,1,16,21,6,17,112039,30.136993204243463,73.52885711784127,0.23120174400038468,0.2079907200460651,0.21760164141212676,0.19688305619609603,0.28560215435341635,0.25122721119693064,0.08160061552954753,0.07844199539806805,0.013600102588257923,0.01350845123656489,8.635619317678518,10.456894537501135,6.474360387783664,3.9067036028630637,0.4971493663662398,7.135501984301655,0.0,2.0962374455037467,6.860368406378549,"42,1784066502945",4
237,116006,Gairo,116006.0,2,32,7,5,35,116006,77.95328690560996,121.34515081920776,0.28843344594912185,0.25342709742788155,0.26371057915348284,0.23405229731783156,0.05768668918982437,0.056084154598223204,0.04120477799273169,0.040378483056606615,0.016481911197092677,0.016347558745530334,10.892035584469618,12.672669639511447,1.3077086769129247,1.972716181057344,0.6024933749554052,7.053476585255474,0.0,2.086103872144541,6.778099987211629,"41,9457879294722",4
348,118068,Villaputzu,118068.0,5,67,18,6,55,118068,180.68670894407896,224.07857285767676,0.24544961750953842,0.2194966032837145,0.29900226132980134,0.2615964785105049,0.0803289657303944,0.07726559265411989,0.026776321910131465,0.026424109669228948,0.02231360159177622,0.022068295584991692,9.197355775944823,14.368619156132164,1.8209900233207947,1.2819407378104104,0.8156697951880103,6.989417616671009,0.0,2.0781178680942407,6.71385122841022,"41,7624672013527",4
26,112027,Ittiri,112027.0,8,24,37,12,44,112027,111.9758881953764,155.3677521089742,0.2831990513008041,0.2493562188069002,0.1544722098004386,0.14364327832342333,0.23814465677567617,0.21361401458951929,0.0772361049002193,0.07439859875363794,0.0514907366001462,0.050208906421522904,10.685664415535175,7.423195874697646,5.3985388726544485,3.697748691313939,1.882234851419061,6.884091856704851,0.0,2.0648470402506134,6.6082134153580485,"41,4578320161312",4
114,114023,Macomer,114023.0,13,13,12,18,65,114023,122.65793583308199,166.0497997466798,0.39144883100829925,0.33034552876603573,0.07828976620165985,0.07537623618261854,0.07226747649383987,0.06977554318045553,0.1084012147407598,0.10291862994686508,0.07828976620165985,0.07537623618261854,14.953518690204964,3.762231861964044,1.6382428493792875,5.1898066385187125,2.861868681323076,6.818920006338472,0.0,2.0565464384132905,6.542848477592779,"41,2672896168206",4
50,112051,Sedini,112051.0,0,19,8,4,24,112051,40.52725381288231,83.91911772648012,0.2859896606423325,0.2515285858471293,0.22640848134184655,0.20408996419232944,0.0953298868807775,0.09105558445459479,0.04766494344038875,0.04656382432292217,0.0,0.0,10.795686939732061,10.880109159211251,2.1610482763692795,2.282002470942187,0.0,6.733243397637615,0.0,2.0455283603207044,6.4569180311778345,"41,01436686776",4
272,117018,Serramanna,117018.0,4,47,9,18,10,117018,83.9342297505883,127.32609366418612,0.07853849680156148,0.07560688097272139,0.369130934967339,0.31417618451394225,0.07068464712140533,0.06829830097533565,0.14136929424281067,0.1322286769212264,0.0314153987206246,0.030932032444373245,2.6167203055694364,17.738667927472452,1.6023614401066195,6.768183396271244,1.1483843939225664,6.67022131039321,0.0,2.037345468990693,6.39370922572871,"40,8265265426998",4
335,118053,Sestu,118053.0,29,23,18,14,5,118053,48.366552933911535,91.75841684750935,0.05449091398677197,0.05305810448114676,0.25065820433915104,0.22366997619963325,0.1961672903523791,0.17912252062343265,0.1525745591629615,0.14199818721302399,0.3160473011232774,0.274632775359982,1.6686206476403498,12.045434909057812,4.446947317017349,7.304645634337784,11.553053697613604,6.652336599872055,0.0,2.03501103909356,6.375771527418883,"40,7729391182769",4
157,115013,Bauladu,115013.0,1,2,2,4,32,115013,23.899652983451464,67.29151689704928,0.47554285407115254,0.3890259587413131,0.029721428379447034,0.029288307777183203,0.029721428379447034,0.029288307777183203,0.05944285675889407,0.05774316311305231,0.014860714189723517,0.01475137567792238,18.269008447068906,1.4282697504066282,0.6737597585840454,2.84588077133261,0.543230802505085,6.453727119389537,0.0,2.008714191772726,6.176573618224186,"40,1692883853522",4
255,117001,Arbus,117001.0,1,54,55,10,92,117001,269.27295886650404,312.6648227801019,0.29424480560994826,0.25792736335542676,0.1727089076406218,0.1593163782952267,0.17590722074507778,0.16203995243989228,0.0319831310445596,0.0314823210387208,0.0031983131044559594,0.003193209380408432,11.1211541677787,8.299564383636856,3.9876685961820195,1.5312214555217254,0.11691377495151635,6.450145661302639,0.0,2.0082335840530363,6.172981549199861,"40,1582559144746",4
204,115060,Seneghe,115060.0,0,15,5,5,36,115060,57.80923284523417,101.20109675883198,0.3557273700875996,0.3043381147963669,0.14821973753649983,0.13821268858492816,0.04940657917883328,0.048224841717976995,0.04940657917883328,0.048224841717976995,0.0,0.0,13.545164880157422,7.122731950628114,1.1200055540740321,2.3653848642011277,0.0,6.423041292149231,0.0,2.0045888508505363,6.145796876785014,"40,0745901486829",4
54,112055,Sorso,112055.0,7,9,49,10,25,112055,67.00551465760215,110.39737857119997,0.22645465248865884,0.2041276109294677,0.08152367489591718,0.07837085696741634,0.44385111887777134,0.36731393188488554,0.09058186099546353,0.0867113712382459,0.06340730269682447,0.06147818937392921,8.44846055527445,3.9176380525621646,10.061731182110483,4.336688889030257,2.317842836416171,6.4085815331411276,0.0,2.0026389949568566,6.131294277237019,"40,029830717069",4
182,115038,Narbolia,115038.0,3,4,10,5,34,115038,40.45835191324718,83.85021582684499,0.40548494317786554,0.34038239852006297,0.04770411096210182,0.046601209166069815,0.11926027740525456,0.11266800050040233,0.05963013870262728,0.05791992148298285,0.03577808322157637,0.035152915507462426,15.506906248909441,2.2924315005105047,2.703530082315834,2.8548470645350035,1.3078615611886855,6.324898982062745,0.0,1.99127936396336,6.047363796323447,"39,7690675354101",4
222,115078,Tresnuraghes,115078.0,4,2,13,4,30,115078,31.39960163067711,74.79146554427493,0.4011152847678944,0.33726855145544654,0.026741018984526292,0.026389726783917277,0.17381662339942092,0.1602605110791489,0.053482037969052584,0.052100904253493265,0.053482037969052584,0.052100904253493265,15.334628158605382,1.2850455241599281,3.9402765144515106,2.560501156348513,1.9550265239356168,6.289282957357737,0.0,1.9864051814240447,6.011642250514919,"39,6571794513988",4
145,115001,Abbasanta,115001.0,11,15,19,8,13,115001,39.81551420857588,83.20737812217368,0.15623614507973146,0.14517002713895974,0.18027247509199784,0.1657453229166232,0.2283451351165306,0.20566784489164516,0.09614532004906551,0.09179977102201982,0.1321998150674651,0.12416247928130389,5.680026681174167,8.663033274096742,5.176391966960279,4.603044545639462,4.832541068570205,6.078755504971431,0.0,1.9570981161212144,5.8004910595367525,"38,9844284088847",4
369,119017,San Giovanni Suergiu,119017.0,15,20,6,5,30,119017,72.14462999304249,115.53649390664029,0.25965821694608127,0.23084042777471817,0.17310547796405418,0.15965448716662237,0.051931643389216256,0.05062813443746691,0.043276369491013544,0.04236611646149481,0.12982910847304063,0.122066389847835,9.757543815183128,8.318621657386833,1.1772466338457337,2.0718955060842204,4.745880304534795,6.027740242036906,0.0,1.9498652092031097,5.749324651523971,"38,8183952145241",4
279,117025,Villacidro,117025.0,3,66,26,20,28,117025,183.50928084883762,226.90114476243542,0.12340175731292977,0.11636136539566416,0.29087557080904874,0.25532072519703436,0.11458734607629192,0.10848424320557062,0.0881441123663784,0.08447359588129827,0.01322161685495676,0.013134974147712175,4.3854985762175955,13.97808926323732,2.597598663277478,4.219979458711402,0.4833138867242118,6.011019928809236,0.0,1.9474831867267435,5.732554800316765,"38,7637152904953",4
140,114049,Sorgono,114049.0,2,3,4,9,41,114049,55.98712840443831,99.37899231803613,0.4125620419735226,0.34540510659492724,0.030187466485867506,0.029740791977366485,0.04024995531449001,0.03946102592440218,0.09056239945760253,0.0866935259831526,0.020124977657245004,0.01992514690529192,15.78592784534059,1.4506653136830365,0.912432600125726,4.3357571502243,0.7356650308705996,6.004861277668786,0.0,1.9466043762622303,5.726377902679972,"38,7435419756285",4
322,118040,Sadali,118040.0,6,24,8,5,15,118040,49.340446954173395,92.7323108677712,0.1617559172162634,0.1499325823345274,0.2588094675460214,0.23016640726818652,0.08626982251534047,0.0827496460066489,0.05391863907208779,0.052515254608447845,0.06470236688650535,0.06269529239080868,5.897649138898853,12.437145647765993,1.9556642449667372,2.5814038308096388,2.365183680878576,5.893442945313805,0.0,1.9305706620034053,5.614629466516948,"38,3754840390341",4
374,119022,Villamassargia,119022.0,7,35,0,6,27,119022,91.42604306003834,134.81790697363616,0.20027013181030834,0.18254664130245962,0.25960943012447374,0.2308016968191801,0.0,0.0,0.04450447373562407,0.04354258514137991,0.05192188602489475,0.05061885873059352,7.416110015538986,12.475588024682537,0.0,2.1306921125310687,1.8979954430713604,5.853133372019126,0.0,1.9247059742586277,5.574200466343729,"38,240858659333",4
375,119023,Villaperuccio,119023.0,0,1,2,3,37,119023,36.69789409474355,80.08975800834136,0.4619816680697979,0.3797928223090269,0.012485991028913457,0.01240868388201232,0.024971982057826914,0.02466527763904528,0.03745797308674037,0.03677346443404841,0.0,0.0,17.73434532071553,0.6000170335951199,0.5660938090809081,1.7933344922003398,0.0,5.852526790259671,0.0,1.924617458747128,5.573592087438827,"38,2388267635418",4
192,115048,Paulilatino,115048.0,4,11,4,6,57,115048,104.32575186696523,147.71761578056305,0.3858713782970505,0.32632909580998587,0.07446640633802729,0.07182417215196144,0.027078693213828105,0.026718552367135523,0.040618039820742156,0.03981480570375559,0.027078693213828105,0.026718552367135523,14.733622118962117,3.578499466319107,0.6138511773255392,1.9446255580200849,0.9898568842343451,5.828161259859967,0.0,1.9210554220903262,5.549154368251156,"38,1570593177203",4
107,114016,Gavoi,114016.0,0,6,9,7,27,114016,38.141564860052725,81.53342877365054,0.33115251506172017,0.28604511967163687,0.07358944779149337,0.0710076583787557,0.11038417168724006,0.10470605606437434,0.08585435575674227,0.08236710179686492,0.0,0.0,12.576276995535448,3.53635703129263,2.502316238573672,4.110355280774829,0.0,5.77398889631475,0.0,1.9130901152319617,5.494821505952108,"37,9742136988384",4
215,115071,Solarussa,115071.0,9,9,9,5,18,115071,31.764699773521635,75.15656368711944,0.23950003987589036,0.21470810466405593,0.11975001993794518,0.11310546391098343,0.11975001993794518,0.11310546391098343,0.06652778885441399,0.0644083147120956,0.11975001993794518,0.11310546391098343,8.962787812805713,5.754613435948862,2.7146321332126253,3.1850783320861233,4.3774409897388775,5.585921978258262,0.0,1.8849343372788174,5.306197394079258,"37,3278907465042",4
202,115058,Scano di Montiferro,115058.0,2,7,4,5,38,115058,60.46450723807857,103.85637115167637,0.3658899264302538,0.31180617695760227,0.06740077592136254,0.06522651184395868,0.03851472909792145,0.037791547283929555,0.048143411372401815,0.04702041944931023,0.019257364548960727,0.019074288149999497,13.94583368193944,3.2389590491211977,0.8730964827010196,2.3049095578767584,0.7039495857674887,5.584240555660598,0.0,1.884678999107786,5.304510989859714,"37,3220293946773",4
168,115024,Ghilarza,115024.0,0,5,27,14,23,115024,54.77923078569534,98.17109469929315,0.23428484800389623,0.21049173191170942,0.05093148869649918,0.04967690299223224,0.27503003896109557,0.24296973830234447,0.1426081683501977,0.1333135161976005,0.0,0.0,8.757173732257407,2.447523844402134,6.234699432613068,6.827495619682968,0.0,5.5100973102528155,0.0,1.8733544039202528,5.230148077121317,"37,0620704687412",4
354,119002,Calasetta,119002.0,1,5,21,5,19,119002,31.214637328314907,74.60650124191272,0.2546694950670882,0.22687218735675058,0.06701828817554951,0.06486811198111896,0.281476810337308,0.24801317094020073,0.06701828817554951,0.06486811198111896,0.013403657635109903,0.01331462332403912,9.560858537356877,3.220578516723107,6.38084231210829,3.2085614327054834,0.48996835553565216,5.479851703268885,0.0,1.8686976248042992,5.199812860197703,"36,9551729348993",4
347,118067,Villanova Tulo,118067.0,3,7,5,5,27,118067,40.73066843590893,84.12253234950674,0.3209603806007906,0.2783590331152425,0.08321195052613088,0.07993065572776471,0.05943710751866492,0.05773773643449934,0.05943710751866492,0.05773773643449934,0.03566226451119895,0.0350410911813361,12.174442047283115,3.998768507740772,1.3473891867324408,2.8456055212334386,1.3036278285308744,5.478706189504719,0.0,1.8685208283155808,5.198663952571435,"36,9511145271103",4
306,118024,Isili,118024.0,12,13,11,9,26,118024,67.71637354928622,111.10823746288403,0.23400605205968963,0.21026582989555323,0.11700302602984482,0.11064922915218994,0.09900256048679178,0.09440300525206569,0.08100209494373872,0.07788847662349926,0.1080027932583183,0.10255910931317637,8.746181927327568,5.622606042044329,2.244304694955721,3.878048886059851,3.9480231774512444,5.454876678354599,0.0,1.8648359192911022,5.17476384072026,"36,8665265152376",4
96,114005,Birori,114005.0,3,5,2,2,20,114005,17.26884417031595,60.66070808391376,0.32970271254225064,0.28495539284403665,0.08242567813556266,0.07920452092597662,0.03297027125422507,0.032438410685840774,0.03297027125422507,0.032438410685840774,0.0494554068813376,0.04827136950573766,12.519117102029293,3.960984015801445,0.7474082913208381,1.5784816898790834,1.8078337302888647,5.313018419334066,0.0,1.842613917064436,5.032485292232856,"36,3564148745713",4
329,118047,Sarroch,118047.0,5,25,4,5,20,118047,68.3268175165544,111.7186814301522,0.1790210888991223,0.1646845085022355,0.22377636112390287,0.2019414558962753,0.03580421777982446,0.03517814700151114,0.044755272224780575,0.043782668731604656,0.044755272224780575,0.043782668731604656,6.578345552034327,10.753622045647008,0.8116514731272794,2.1426993180505605,1.6360211317309123,5.309246482528181,0.0,1.8420162530243465,5.028702180150184,"36,3426953464682",4
90,113025,Tempio Pausania,113025.0,9,31,46,15,56,113025,210.55595037891655,253.94781429251435,0.22051774753806463,0.19927515194799414,0.12207232453000007,0.11517726538844354,0.1811395783348388,0.16647971679807588,0.05906725380483874,0.05738857150065641,0.035440352282903244,0.03482679737730573,8.214392225157125,5.866212291754732,4.106281737565919,2.827898438670883,1.2955158659210202,5.305863440391739,0.0,1.8414799053843793,5.0253091149316464,"36,3303833517253",4
144,114053,Torpè,114053.0,0,35,13,6,18,114053,92.35984016078953,135.75170407438733,0.13259502061304962,0.12451147826643916,0.2578236511920409,0.22938296656952994,0.09576307044275806,0.09145098855297097,0.04419834020434987,0.043249452454983975,0.0,0.0,4.747952044294859,12.389772026960468,2.1708681830176566,2.1160356915981526,0.0,5.273407610371828,0.0,1.8363196855420634,4.992757126650737,"36,2119292096046",4
294,118012,Domus de Maria,118012.0,3,6,23,6,45,118012,97.73150806128248,141.12337197488029,0.31886993182114387,0.2767752576681816,0.042515990909485844,0.04163701357508309,0.1629779651530291,0.15098392679902464,0.042515990909485844,0.04163701357508309,0.021257995454742922,0.02103519624808004,12.092024043437739,2.043115255072125,3.694573257184311,2.0354916906875276,0.7770822978693125,5.260332661626275,0.0,1.8342333245349511,4.979643440201255,"36,1640362688379",4
137,114046,Silanus,114046.0,8,5,10,5,27,114046,48.1514344318418,91.54329834543961,0.2949423987118665,0.25846621440307077,0.054618962724419726,0.05317952891637327,0.10923792544883945,0.10367322588866561,0.054618962724419726,0.05317952891637327,0.08739034035907156,0.08378064244493699,11.148657463490219,2.624726216450007,2.476331801385696,2.614932461911015,3.19453857455112,5.20773888017847,0.0,1.8257967201693723,4.9268938369315975,"35,9703718973434",4
281,117027,Villanovaforru,117027.0,0,2,4,3,19,117027,10.769698846771762,54.16156276036957,0.3508022854521924,0.300698701452772,0.03692655636338867,0.036261103560321806,0.07385311272677735,0.07125322018465133,0.05538983454508301,0.05391021009263923,0.0,0.0,13.350988563391416,1.7745137537529976,1.674187887816432,2.651838650664461,0.0,5.18153838261863,0.0,1.821567169718176,4.9006157140489375,"35,8732815047705",4
199,115055,San Vero Milis,115055.0,0,6,28,5,32,115055,72.37594676872168,115.76781068231949,0.27641535079048674,0.2440556419795966,0.05182787827321626,0.05052948712058895,0.2418634319416759,0.21661301928643836,0.04318989856101355,0.04228322901550686,0.0,0.0,10.41821033572763,2.4906000418398775,5.48284037479238,2.0677556317513908,0.0,5.154844530899443,0.0,1.8172395003246238,4.873842775325686,"35,77393876724",4
336,118054,Settimo San Pietro,118054.0,6,11,2,8,11,118054,23.08475281558094,66.47661672917874,0.1654717183459149,0.1531259135157876,0.1654717183459149,0.1531259135157876,0.030085766971984527,0.029642067679720916,0.12034306788793811,0.11363494901771515,0.09025730091595359,0.08641372427044128,6.044148261371507,7.9517796669795455,0.6820190077364402,5.761533707146644,3.299339815203634,5.1317572342959865,0.0,1.8134813702545638,4.850687077011621,"35,6876699478816",4
371,119019,Sant'Anna Arresi,119019.0,4,6,12,6,20,119019,36.72550110151675,80.11736501511456,0.24963377160777686,0.22285052567261096,0.07489013148233306,0.07221845308426757,0.14978026296466612,0.1395708484349756,0.07489013148233306,0.07221845308426757,0.04992675432155537,0.048720403947249386,9.36232017589369,3.598861670933645,3.3953924598561245,3.5854330826092657,1.825063753350965,5.107811300199229,0.0,1.8095684930021514,4.826670197282619,"35,5978488680979",4
198,115054,San Nicolò d'Arcidano,115054.0,3,4,8,5,20,115054,28.22299886750877,71.61486278110658,0.2792716375248909,0.24629088278702113,0.055854327504978186,0.05435022832997902,0.11170865500995637,0.10589816060983426,0.06981790938122273,0.06748845584348076,0.04189074562873364,0.04103708718975255,10.53082225588164,2.6840919415512117,2.5323411604034396,3.3425958413907337,1.5313088640901142,4.991258156850604,0.0,1.7903014329513411,4.709771737004135,"35,1555686670123",4
143,114052,Tonara,114052.0,2,15,15,6,16,114052,52.2172425093186,95.60910642291641,0.16734807591680392,0.15473457439918606,0.15688882117200367,0.14573435126248593,0.15688882117200367,0.14573435126248593,0.06275552846880146,0.06086509028397666,0.02091850948960049,0.020702721589354198,6.118125508266294,7.539326663448091,3.5565374896477744,3.0044779390158807,0.7646724479166725,4.958715751915515,0.0,1.7848549799920432,4.677132917308882,"35,0305439718233",4
62,112063,Usini,112063.0,12,4,13,5,16,112063,30.60584424829272,73.99770816189053,0.2162229128096178,0.19575008319884485,0.05405572820240445,0.05264532177874959,0.17568111665781447,0.1618476534015242,0.06756966025300556,0.06538471949792306,0.16216718460721335,0.1502865246787646,8.045064132256323,2.597659858134085,3.9825430068831302,3.2349588718367563,5.927993009588039,4.9374859373213615,0.0,1.7812858009068158,4.655840204244669,"34,9486125697639",4
303,118021,Goni,118021.0,0,4,1,2,21,118021,18.70992315795332,62.10178707155113,0.33815452002701085,0.2912914408579513,0.06441038476704969,0.06242101652537182,0.016102596191762422,0.015974324561805506,0.032205192383524844,0.031697477124337306,0.0,0.0,12.852337943678938,3.09525514724069,0.36503229872494,1.5418528438680301,0.0,4.933799556239046,0.0,1.7806647424371487,4.652142901365129,"34,9343560166558",4
191,115047,Pau,115047.0,0,8,3,2,14,115047,13.881661737108912,57.27352565070672,0.24444103695277308,0.21868646279813042,0.13968059254444176,0.13074804116954053,0.05238022220416566,0.051054476966897626,0.03492014813611044,0.03432427218168428,0.0,0.0,9.157591493262947,6.712381467778282,1.187415537917492,1.6718338170679117,0.0,4.913630995067139,0.0,1.777260024330962,4.631914585943585,"34,8561998576636",4
84,113019,Padru,113019.0,1,68,14,5,8,113019,158.05587921596506,201.44774312956287,0.039712532271233884,0.03894426366698339,0.33755652430548805,0.29084446005802855,0.06949693147465931,0.06718838041480425,0.02482033266952118,0.024517312025658093,0.0049640665339042355,0.0049517861791921105,1.085968380376715,16.221352707641916,1.575436926344977,1.188295975894532,0.18146058207392282,4.892606530884062,0.0,1.77369843472863,4.610827831690802,"34,7744426740897",4
240,116009,Jerzu,116009.0,1,34,17,9,15,116009,102.24596382146727,145.6378277350651,0.10299521925915449,0.09802940595476879,0.23345583032075018,0.20981984793166683,0.11672791516037509,0.11040290506204298,0.0617971315554927,0.05996287967150079,0.0068663479506103,0.006842881939479664,3.580950697234833,11.218771057913523,2.646123562246387,2.9585938160849645,0.25099814584069974,4.877091573094924,0.0,1.7710620091145195,4.595266907079691,"34,7139228621578",4
181,115037,Morgongiori,115037.0,0,19,2,3,15,115037,45.1187568276181,88.51062074121592,0.16947118746185777,0.15655167010915952,0.2146635041183532,0.19446708709148697,0.022596158328247705,0.022344646887927207,0.033894237492371554,0.03333248603116297,0.0,0.0,6.201831273835916,10.315701706333561,0.5122358853619231,1.6227174129562416,0.0,4.7853295977499855,0.0,1.7553253335688899,4.503233064647401,"34,3526835238059",4
92,114001,Aritzo,114001.0,0,18,8,6,24,114001,75.18265061652284,118.57451453012064,0.202404370746156,0.18432319446844753,0.151803278059617,0.14132878211834976,0.06746812358205201,0.06528960486173357,0.050601092686539,0.049362469596710194,0.0,0.0,7.500254489459735,7.294939775338988,1.5294455594939222,2.42257328360138,0.0,4.743086395111659,0.0,1.7479967653197044,4.460864706285055,"34,1844543995715",4
291,118009,Decimomannu,118009.0,13,11,11,10,4,118009,27.994973167864764,71.38683708146257,0.056032738856820745,0.05451918750881842,0.15409003185625705,0.14331218224918574,0.15409003185625705,0.14331218224918574,0.14008184714205185,0.13110005556785548,0.18210640128466743,0.16729793293986156,1.7294086130312323,7.4048302298848085,3.4930912921894763,6.706545696673147,6.656867580401495,4.740317012359589,0.0,1.747514437440505,4.458087118565516,"34,1733824420004",4
261,117007,Gonnosfanadiga,117007.0,9,36,17,6,20,117007,125.0110455795001,168.40290949309792,0.11876279370826257,0.11222342625842342,0.2137730286748726,0.19373371360499356,0.10094837465202318,0.09617196713349642,0.03562883811247877,0.035008815275085314,0.05344325716871815,0.05206409155735425,4.202602863138877,10.27290971386382,2.2884146638804417,1.7057629935333583,1.9536088985766666,4.737916559071377,0.0,1.747096175639459,4.455679553352771,"34,1637811373393",4
263,117009,Las Plassas,117009.0,0,10,1,1,11,117009,11.07770260505522,54.46956651865303,0.20194763246799594,0.18394326816560705,0.18358875678908723,0.16855114233446025,0.01835887567890872,0.01819238614063511,0.01835887567890872,0.01819238614063511,0.0,0.0,7.482247132603045,8.822397917387418,0.41618025511350526,0.8789478522173284,0.0,4.665351847983068,0.0,1.7343690016392004,4.382899851724273,"33,8716256625942",4
103,114012,Dualchi,114012.0,0,4,3,3,20,114012,23.22395426241343,66.61581817601123,0.3002289928670744,0.2625403973144785,0.060045798573414876,0.05831211339194951,0.045034348930061155,0.04404975466610677,0.045034348930061155,0.04404975466610677,0.0,0.0,11.357086649440665,2.8855140017672842,1.0208907753602448,2.1560603688578306,0.0,4.656091705674744,0.0,1.7327331423374295,4.373612274000481,"33,8340741015866",4
341,118060,Soleminis,118060.0,1,11,6,5,6,118060,12.874648155332983,56.266512068930794,0.10663536408031725,0.1013242083906532,0.19549816748058163,0.17856297506737334,0.10663536408031725,0.1013242083906532,0.08886280340026438,0.08513385199237408,0.017772560680052875,0.017616475367301404,3.7244669951653764,9.394707256584365,2.417333926284637,4.254387444891495,0.6496728405874191,4.652609098745097,0.0,1.73211722595588,4.370119349003914,"33,8199355864024",4
28,112029,Mara,112029.0,0,6,3,3,16,112029,18.645807405538008,62.03767131913582,0.2579078108475797,0.22944987327784921,0.09671542906784239,0.09231973931626883,0.048357714533921195,0.04722485832093081,0.048357714533921195,0.04722485832093081,0.0,0.0,9.688532329246767,4.64768112661506,1.09622867562387,2.315169516429517,0.0,4.635001143016996,0.0,1.7289973503341318,4.352459225440279,"33,7483180581594",4
106,114015,Galtellì,114015.0,3,9,9,5,23,114015,56.244926306838096,99.6367902204359,0.23083842774456026,0.20769558574027186,0.09032808042178445,0.08647864216493109,0.09032808042178445,0.08647864216493109,0.05018226690099136,0.04896373662961453,0.030109360140594815,0.02966497149917071,8.621295216145313,4.340735688461962,2.0476615350165086,2.4025216186138967,1.100642382544486,4.551547275008919,0.0,1.7140766771940044,4.268758105126022,"33,4058102599096",4
27,112028,Laerru,112028.0,3,14,3,3,7,112028,20.16761468614721,63.55947859974502,0.1101330620422692,0.10447988385347953,0.2202661240845384,0.1990689694528187,0.04719988373240109,0.046119824586428,0.04719988373240109,0.046119824586428,0.04719988373240109,0.046119824586428,3.8623671852512773,10.58493683590291,1.0699816261431387,2.259737314914241,1.725383476914577,4.530439634708333,0.0,1.7102673123215475,4.247587928326327,"33,318365332798",4
68,113003,Alà dei Sardi,113003.0,2,44,16,5,40,113003,197.50978299256667,240.90164690616447,0.16604286651299116,0.15361585098579975,0.18264715316429028,0.16775527606386792,0.06641714660519647,0.06430456871520887,0.020755358314123895,0.020542900593066207,0.008302143325649559,0.008267870097258335,6.066666340880887,8.777148948966348,1.505620796256996,0.9936816355893887,0.303483394117329,4.494811883507393,0.0,1.7038043531490001,4.211854621279281,"33,170006482257",4
25,112026,Ittireddu,112026.0,2,5,3,3,17,112026,23.740362731195823,67.13222664479363,0.2532315826488144,0.22572548138129261,0.0744798772496513,0.07183670937704428,0.044687926349790776,0.04371820574447099,0.044687926349790776,0.04371820574447099,0.02979195089986052,0.0293567924213234,9.504167422811305,3.579146813927619,1.0130376671222694,2.1394750731015093,1.0890395433831046,4.378469679053286,0.0,1.6824038874385556,4.095167724852904,"32,6787534185939",4
173,115029,Magomadas,115029.0,3,3,7,2,12,115029,9.033516523433148,52.42538043703096,0.22889676526836863,0.20611682808781998,0.05722419131709216,0.055646785927639664,0.13352311307321504,0.125330581647026,0.03814946087806144,0.03743976366345777,0.05722419131709216,0.055646785927639664,8.544743258983162,2.7499210470719975,3.026856558879601,1.8264400984284157,2.0918202836701516,4.339422594370145,0.0,1.6751175187307032,4.056004953719657,"32,5114929954264",4
270,117016,Sardara,117016.0,1,9,9,5,21,117016,56.31619148280934,99.70805539640715,0.21061487877294124,0.191128394812067,0.09026351947411768,0.08641942800700371,0.09026351947411768,0.08641942800700371,0.05014639970784315,0.048929582743394824,0.01002927994156863,0.009979320474122049,7.823961862112242,4.3376331979815985,2.046197992687432,2.4008044441564813,0.36661857038970774,4.237618980329001,0.0,1.6558670019981527,3.953899721803274,"32,0695925503652",4
48,112049,Santa Maria Coghinas,112049.0,0,15,8,4,4,112049,23.412570560986527,66.80443447458434,0.05987626467404338,0.05815216987074932,0.22453599252766268,0.2025619906307445,0.11975252934808676,0.113107704953435,0.05987626467404338,0.05815216987074932,0.0,0.0,1.8809434072189153,10.790126299130307,2.7146890194278366,2.8666305690226785,0.0,4.23474698618722,0.0,1.6553185119581817,3.951019218682917,"32,0570018237815",4
148,115004,Ales,115004.0,0,6,4,6,13,115004,22.204273141279952,65.59613705487776,0.19818240194730055,0.18080574348530343,0.0914688008987541,0.08752431290603177,0.0609792005991694,0.059192255857383635,0.0914688008987541,0.08752431290603177,0.0,0.0,7.333799207662333,4.395553260825067,1.3823471385633601,4.37915194268766,0.0,4.232370296620788,0.0,1.6548643869984507,3.948635487597735,"32,0465772713081",4
197,115053,Samugheo,115053.0,0,14,7,5,26,115053,81.52995971888191,124.92182363247971,0.20813016688334665,0.18907384775007885,0.11207008986026358,0.10622322429193261,0.05603504493013179,0.05452137122027778,0.04002503209295128,0.03924478218376542,0.0,0.0,7.725999646503272,5.385552713995945,1.2702672920820823,1.916234774302928,0.0,4.2056767470118235,0.0,1.6497497122534401,3.92186285187978,"31,9291686283316",4
365,119013,Nuxis,119013.0,1,26,1,4,9,119013,61.641853943702884,105.0337178573007,0.0856867697688036,0.08221275428182001,0.24753955710987705,0.2211732572469275,0.009520752196533732,0.009475715465392229,0.03808300878613493,0.03737575147511173,0.009520752196533732,0.009475715465392229,2.898548013876897,11.895567633404207,0.2158274366756539,1.8232586441555239,0.3480294278017667,4.194913539252757,0.0,1.6476799813429641,3.91106775550963,"31,8816574356087",4
344,118064,Uta,118064.0,2,35,17,9,17,118064,134.56014155782856,177.95200547142636,0.09553137631106765,0.09123952073047263,0.19668224534631573,0.17955293214258916,0.09553137631106765,0.09123952073047263,0.05057543451762405,0.04933804692818716,0.011238985448360899,0.011176297314792052,3.286681331352227,9.451608377760747,2.1656158721179217,2.421344875454059,0.4108391431602961,4.186315313903577,0.0,1.6460234862522745,3.9024440558343665,"31,8436321748852",4
262,117008,Guspini,117008.0,1,21,30,13,39,117008,175.29806765404254,218.68993156764034,0.178334684731187,0.16410215755206328,0.09602636870140839,0.09169124727054168,0.13718052671629768,0.12855197676161473,0.05944489491039567,0.05774508690679737,0.00457268422387659,0.004562261265225198,6.5512833910748345,4.614568179787028,3.1097670469539027,2.845978349687415,0.16715367033009582,4.18459259114611,0.0,1.6456912640805834,3.9007162290932866,"31,8360059315189",4
264,117010,Lunamatrona,117010.0,0,3,6,5,15,117010,20.775516567377444,64.16738048097525,0.23376363329101915,0.21006936199104065,0.04675272665820383,0.04569273079378385,0.09350545331640767,0.08938854815142971,0.0779212110970064,0.07503438177957263,0.0,0.0,8.736624328402876,2.2467125194130544,2.119689903474507,3.7305487729060047,0.0,4.166185725004929,0.0,1.6421346454414518,3.8822548281508844,"31,7543628576534",4
175,115031,Masullas,115031.0,2,9,7,5,7,115031,18.70936490480073,62.10122881839854,0.11271918661174916,0.10680673732551964,0.14492466850082036,0.13533884313949365,0.11271918661174916,0.10680673732551964,0.08051370472267798,0.07743658057032475,0.03220548188907119,0.03169775759716165,3.9643276957346014,6.964386686427522,2.555249061039073,3.854666760522695,1.1772657456639115,4.137371381179871,0.0,1.636541544215509,3.853355114850068,"31,6259718146827",4
150,115006,Arborea,115006.0,0,14,22,7,23,115006,94.6678715798305,138.05973549342832,0.1665945535662337,0.154088866687923,0.1014053804316205,0.09658698291840562,0.15935131210683223,0.14786063499896795,0.05070269021581025,0.04945916911267465,0.0,0.0,6.088417146793133,4.873057766601675,3.6123600859437452,2.4274373576168786,0.0,4.131377206519639,0.0,1.63537408446326,3.847343180994922,"31,5991724829412",4
53,112054,Siligo,112054.0,0,7,5,3,20,112054,43.18614287315086,86.57800678674866,0.2310055491259142,0.20783135501174538,0.08085194219406996,0.07774956553391521,0.05775138728147855,0.05614532215722091,0.03465083236888713,0.03406400976857504,0.0,0.0,8.627884141348924,3.885357790450982,1.3091753281807321,1.6589400800379726,0.0,4.070380767659264,0.0,1.6234159168854891,3.7861660254040115,"31,3246697437083",4
196,115052,Sagama,115052.0,0,4,1,2,14,115052,11.85006252931079,55.2419264429086,0.253430698411083,0.22588435061883755,0.07240877097459514,0.06990730617370591,0.018102192743648785,0.017940298889275997,0.03620438548729757,0.035564407668399606,0.0,0.0,9.51201775802167,3.4796193482629594,0.4103614690751811,1.7333178469891977,0.0,4.065580135335656,0.0,1.6224686692138552,3.781351170043875,"31,3029254355688",4
91,113026,Trinità d'Agultu e Vignola,113026.0,3,8,39,5,36,113026,134.0923428416265,177.4842067552243,0.20283494885631748,0.18468122795912917,0.045074433079181665,0.04408811070716123,0.2197378612610106,0.1986359678389244,0.02817152067448854,0.02778200202038741,0.016902912404693122,0.016761647813895157,7.517230455905094,2.16606175389074,4.981272315208542,1.3487371461959599,0.6178830003085765,4.057037910246173,0.0,1.6207809186578765,3.772783636542646,"31,2641826977919",3
362,119010,Masainas,119010.0,5,6,6,3,12,119010,23.885530485108642,67.27739439870645,0.17836600402334735,0.16412873648277915,0.08918300201167367,0.08542787575709065,0.08918300201167367,0.08542787575709065,0.04459150100583684,0.043625900863888845,0.07431916834306139,0.07168712916644311,6.5525181850419685,4.285708694667279,2.0217035715126563,2.1348586221570214,2.716724172545497,4.033424554060044,0.0,1.616100578311731,3.7491003200669226,"31,1567443099951",3
226,115082,Villa Sant'Antonio,115082.0,0,2,0,3,18,115082,18.692945891837862,62.08480980543567,0.2899259908568498,0.2545848452989787,0.032213998984094425,0.03170600891924246,0.0,0.0,0.04832099847614163,0.04718983525558907,0.0,0.0,10.950880638767147,1.548050776739551,0.0,2.3134117018066793,0.0,4.019288641086034,0.0,1.6132882186995994,3.7349225260253687,"31,0921858889647",3
176,115032,Milis,115032.0,0,3,2,5,15,115032,18.794776977165203,62.186640890763016,0.24120936241513644,0.21608619659871556,0.04824187248302729,0.04711435362396436,0.03216124832201819,0.03165490322791378,0.08040312080504548,0.07733423149661428,0.0,0.0,9.030179538919365,2.3182737481799216,0.7290684225724842,3.849372455000243,0.0,4.011841851485324,0.0,1.6118034825625855,3.7274536735059907,"31,0581033981485",3
174,115030,Marrubiu,115030.0,7,7,13,9,17,115030,61.38443664224727,104.77630055584508,0.16225043172753661,0.15035815304689773,0.0668090012995739,0.06467195095376785,0.12407385955635153,0.1169594606616704,0.08589728738516644,0.08240663820386196,0.0668090012995739,0.06467195095376785,5.917145860984816,3.21052119005977,2.8126499370765927,4.11241067148914,2.4421913326095686,4.001384777210034,0.0,1.6097148295310284,3.7169656176142443,"31,0101578433851",3
253,116022,Villagrande Strisaili,116022.0,6,32,13,9,44,116022,210.23859334607613,253.63045725967393,0.17348074231854407,0.15997432570862463,0.1261678125953048,0.11882055288946372,0.051255673866842565,0.04998532954785642,0.03548469729242947,0.0348696236587707,0.023656464861619646,0.023380986796551425,6.359911926571385,6.063021867732956,1.1619229738792558,1.6988621208211627,0.8647579266478091,3.997418750468461,0.0,1.6089215292249293,3.7129878405574175,"30,9919474356749",3
184,115040,Norbello,115040.0,0,3,5,4,17,115040,26.279627529207517,69.67149144280532,0.2440022403418137,0.21833379523322266,0.043059218883849476,0.04215795186021197,0.0717653648064158,0.06930716257831987,0.057412291845132635,0.055824689345115426,0.0,0.0,9.140291504322054,2.069220194358784,1.6268604001584075,2.748665631312414,0.0,3.9970644246148557,0.0,1.6088506249375247,3.712632464927612,"30,9903198099547",3
141,114050,Teti,114050.0,0,3,8,4,22,114050,44.13372609273346,87.52559000633127,0.25135506082745174,0.22422701281971952,0.03427569011283433,0.03370136541548875,0.09140184030089155,0.08746296195227421,0.04570092015044577,0.044687397559329475,0.0,0.0,9.430183700179679,1.6471257954858636,2.072002767466316,2.1879730716155503,0.0,3.983433073160965,0.0,1.6061190256494249,3.6989607272919454,"30,9276152624399",3
120,114029,Ollolai,114029.0,2,12,4,5,7,114029,27.057605219378452,70.44946913297626,0.09936199784255596,0.09473000957680823,0.17033485344438165,0.15728990738750567,0.05677828448146055,0.055224925643794824,0.07097285560182569,0.06856744623483084,0.028389142240730275,0.027993638439364237,3.437707361354139,8.185478689267587,1.2871159069696383,3.3978899409739514,1.037760118724808,3.948564565135639,0.0,1.5990975476849996,3.6639889128623975,"30,7664354727971",3
217,115073,Suni,115073.0,4,2,7,4,23,115073,47.30115517658011,90.69301909017793,0.25360276050718555,0.22602161412105418,0.02205241395714657,0.021812776138802278,0.07718344885001299,0.0743497168632697,0.04410482791429314,0.043159894299303475,0.04410482791429314,0.043159894299303475,9.51880147577467,1.0597335826638143,1.74968380388575,2.111558705755511,1.6122442539671706,3.948468830435548,0.0,1.5990782015443394,3.6638928945250595,"30,7659913772808",3
104,114013,Fonni,114013.0,0,15,16,5,29,114013,111.94351978999953,155.33538370359733,0.18669281466054283,0.17117029077936635,0.09656524896234973,0.09218279368296993,0.10300293222650639,0.0980363986780825,0.032188416320783245,0.03168122434902229,0.0,0.0,6.880810902757863,4.640464188752936,2.3349897543407,1.5410496746231763,0.0,3.9225147200772086,0.0,1.5938195218927889,3.6378618888256877,"30,6452770655177",3
307,118025,Mandas,118025.0,4,3,10,5,19,118025,44.860207814191476,88.25207172778929,0.21529239629189553,0.194984703223926,0.03399353625661508,0.03342852486419859,0.11331178752205028,0.1073391656081322,0.05665589376102514,0.055109103990267756,0.04532471500882011,0.044327569215421,8.008377601267133,1.6335668301274826,2.568682824758762,2.712452385846006,1.6568370128928311,3.8971931120299472,0.0,1.588662206704739,3.612465259378757,"30,526889600465",3
109,114018,Lei,114018.0,2,3,2,3,15,114018,18.96885514913117,62.360719062728975,0.24053603334675183,0.21554357116577977,0.048107206669350366,0.04698587710714625,0.03207147111290024,0.03156791961571802,0.048107206669350366,0.04698587710714625,0.03207147111290024,0.03156791961571802,9.003632876648739,2.3118023530089666,0.7270332488261413,2.303176224826097,1.1723670052296182,3.887160235258968,0.0,1.5866114058124956,3.602402657779217,"30,4798129510636",3
239,116008,Ilbono,116008.0,7,3,5,5,15,116008,30.69397905594806,74.08584296954587,0.2024678318928757,0.1843759716153285,0.040493566378575145,0.03969518363068207,0.06748927729762523,0.065309421384129,0.06748927729762523,0.065309421384129,0.09448498821667534,0.09028392223270039,7.50275650772744,1.9459272012847246,1.529925096416435,3.231110464819784,3.453882183476876,3.8733485599933557,0.0,1.5837812901342823,3.588550062078841,"30,414846935078",3
14,112015,Cargeghe,112015.0,0,8,2,3,8,112015,11.83501771541334,55.226881629011146,0.144856992899587,0.135279732174991,0.144856992899587,0.135279732174991,0.03621424822489675,0.035573925762320324,0.05432137233734513,0.05289731098530884,0.0,0.0,5.231392389211862,6.96113452058784,0.8209465181081949,2.600685051768125,0.0,3.863993408297376,0.0,1.5818597894609279,3.579167193479059,"30,3707384046662",3
309,118027,Monastir,118027.0,0,9,5,5,11,118027,31.9152319215318,75.30709583512962,0.14606857266256001,0.1363374530316987,0.11951065036027636,0.11289167050876317,0.0663948057557091,0.06428361904877122,0.0663948057557091,0.06428361904877122,0.0,0.0,5.279160115709598,5.7431104784669,1.5051143480081095,3.178711645420112,0.0,3.797355270744243,0.0,1.56806478080407,3.512331624295939,"30,0540705172645",3
70,113005,Badesi,113005.0,1,0,16,4,16,113005,31.47092621117994,74.86279012477775,0.21372433452362594,0.19369359479622242,0.0,0.0,0.21372433452362594,0.19369359479622242,0.053431083630906484,0.05205253554038998,0.013357770907726621,0.013269342486595708,7.946555220300272,0.0,4.8449507269224,2.5580616711176107,0.4882909742589172,3.7854950595680954,0.0,1.5655894802780108,3.500436274370264,"29,9972493721844",3
242,116011,Loceri,116011.0,0,5,7,5,10,116011,19.43065417604939,62.822518089647204,0.15917859239150656,0.14771164428264377,0.07958929619575328,0.07658068751062957,0.11142501467405459,0.10564298896513395,0.07958929619575328,0.07658068751062957,0.0,0.0,5.796035567025789,3.8246810604552333,2.5259112727882793,3.8104098624684593,0.0,3.7717246691494695,0.0,1.5627078054104937,3.486625085833237,"29,9310998020628",3
22,112023,Florinas,112023.0,2,7,5,4,14,112023,36.37056959314146,79.76243350673927,0.1755212245225331,0.16171164457512294,0.08776061226126655,0.08412109872943113,0.0626861516151904,0.060799807990620125,0.05014892129215231,0.048931983914586245,0.025074460646076154,0.024765254484642493,6.440359948915761,4.217355443677506,1.4210422809968375,2.400925167296149,0.9165925140104956,3.7224533282889447,0.0,1.552328437504871,3.4372077666861798,"29,6928388057128",3
280,117026,Villamar,117026.0,0,4,11,7,14,117026,38.20670582598128,81.59856973957909,0.17157163470733422,0.15834612494716377,0.04902046705923835,0.04785684024311576,0.13480628441290546,0.1264619618407371,0.08578581735366711,0.08230398047138349,0.0,0.0,6.284643477052847,2.3556892810687087,3.0559449728351575,4.107073942460277,0.0,3.701565449319104,0.0,1.547895527582288,3.416258002313424,"29,5910802454144",3
167,115023,Fordongianus,115023.0,0,7,8,4,14,115023,39.10012091936869,82.4919848329665,0.16971345796016224,0.15675881108851308,0.08485672898008112,0.08144793125048037,0.09697911883437842,0.09256014632102542,0.04848955941718921,0.04735061367286299,0.0,0.0,6.211383027055268,4.077808696587222,2.1984349762519697,2.3214817099974154,0.0,3.670776334013392,0.0,1.5413252964114748,3.385377666792924,"29,4402589392191",3
99,114008,Borore,114008.0,6,5,8,6,14,114008,42.63997445662444,86.03183837022225,0.16273045264653727,0.15077107766838369,0.05811801880233474,0.05649187617749392,0.09298883008373558,0.08891598963965285,0.06974162256280168,0.06741714507384379,0.06974162256280168,0.06741714507384379,5.936071158908041,2.7928741226427802,2.107978489740275,3.3389435406520396,2.549392788873922,3.656416386266361,0.0,1.538246136470535,3.370975174221048,"29,369576049652",3
228,115084,Villanova Truschedu,115084.0,1,2,3,1,15,115084,16.618319310140947,60.01018322373876,0.24995757710111968,0.22310961241918778,0.03332767694681596,0.032784348885572814,0.04999151542022394,0.048782083584616505,0.01666383847340798,0.016526520117906427,0.01666383847340798,0.016526520117906427,9.37508652666742,1.6015688151575704,1.1332655662024855,0.7977964060579686,0.6091436946539476,3.620155105404206,0.0,1.5304282771284135,3.334606460527651,"29,1901151255269",3
94,114003,Austis,114003.0,0,4,7,5,20,114003,50.7483233222858,94.14018723588362,0.21244912069153563,0.19264238063279923,0.042489824138307125,0.04161191362477001,0.07435719224203748,0.0717225220247419,0.053112280172883906,0.05174985631153152,0.0,0.0,7.8962786578988435,2.0418578051520457,1.6856149460376206,2.5427986659309525,0.0,3.5978908377548318,0.0,1.525597684814019,3.312276229590378,"29,0792276660734",3
45,112046,Pozzomaggiore,112046.0,1,8,30,6,15,112046,78.84875572542222,122.24061963902003,0.12270880206837483,0.11574433854126828,0.06544469443646657,0.06339226547167218,0.24541760413674965,0.2194708986837164,0.04908352082734993,0.04791694571786293,0.008180586804558321,0.008147307179042182,4.3581781326044995,3.14495912494059,5.563410466160363,2.349918152124452,0.2990399167945646,3.5887670287466937,0.0,1.523611366799236,3.3031253890872088,"29,0336312373146",3
186,115042,Nurachi,115042.0,1,7,6,5,6,115042,16.04163357654754,59.43349749014535,0.1009531704068881,0.09617632314557657,0.11777869880803613,0.11134341131836674,0.1009531704068881,0.09617632314557657,0.08412764200574009,0.08077564701316274,0.016825528401148017,0.016685547188039968,3.500440908237764,5.65988116728934,2.288523379605634,4.027687291221358,0.6150542416224068,3.5884657580602353,0.0,1.5235457106927461,3.3028232258133388,"29,032124084905",3
349,118069,Villasalto,118069.0,1,41,1,4,10,118069,130.34207558515004,173.73393949874784,0.05755927729982818,0.05596368455155354,0.23599303692929555,0.21187472546728062,0.005755927729982818,0.005739425670792423,0.023023710919931273,0.022762664530732415,0.005755927729982818,0.005739425670792423,1.7895938959670639,11.340697077190008,0.13048203566360994,1.102281077397063,0.21040692930371288,3.5845316997602743,0.0,1.522687963035178,3.298877511912379,"29,0124342720602",3
376,119024,Teulada,119024.0,2,36,16,7,43,119024,246.5656695748586,289.9575334884564,0.14829757820971354,0.13828047877550056,0.12415611198952761,0.11703263149762025,0.05518049421756783,0.053711836861149324,0.024141466220185925,0.0238546676810503,0.0068975617771959786,0.006873882422145362,5.367040856699439,5.9663491545166165,1.2508953468833424,1.1557946278805509,0.2521391618005598,3.550461725377793,0.0,1.515228705919314,3.26470659697509,"28,8412051520775",3
149,115005,Allai,115005.0,1,4,4,2,15,115005,27.481399229775576,70.87326314337338,0.21164539820405454,0.19197926909926208,0.05643877285441454,0.054903603582922074,0.05643877285441454,0.054903603582922074,0.02821938642720727,0.027828555185509952,0.014109693213603634,0.014011078029737143,7.864591106542036,2.712177590824482,1.279419464222856,1.3510287625935382,0.515777362357647,3.547537673138098,0.0,1.5145859157382435,3.2617738815220907,"28,8264497420778",3
188,115044,Ollastra,115044.0,0,4,5,5,11,115044,21.62270290919963,65.01456682279743,0.16919285227234393,0.15631364088726282,0.061524673553579615,0.0597062459358582,0.07690584194197451,0.07409196811463432,0.07690584194197451,0.07409196811463432,0.0,0.0,6.19085763461404,2.956581662844541,1.7433906890006456,3.6819370521431543,0.0,3.4973714017169493,0.0,1.5034930931523656,3.2114589803657676,"28,5718112144067",3
100,114009,Bortigali,114009.0,5,3,6,5,24,114009,67.3199285947395,110.71179250833731,0.21677907525697993,0.19620726528071514,0.02709738440712249,0.026736750605834334,0.05419476881424498,0.05277722319391708,0.04516230734520415,0.044172191389865466,0.04516230734520415,0.044172191389865466,8.066991384993456,1.3021707425944833,1.2285497818824276,2.162186494233377,1.650900229215228,3.4807680545796726,0.0,1.4997944724869983,3.1948064417893405,"28,4869084483747",3
332,118050,Senorbì,118050.0,4,6,16,9,5,118050,34.72883084499789,78.1206947585957,0.06400352704812376,0.06203870580881163,0.0768042324577485,0.07399761048914956,0.20481128655399602,0.1863229460093172,0.11520634868662276,0.10903945387612363,0.051202821638499006,0.049935052951702225,2.04366479486053,3.6908442125365317,4.642899433438181,5.515608608660004,1.8717101704601213,3.4789026866249406,0.0,1.499378080403949,3.1929355472300345,"28,4773500635596",3
98,114007,Bolotana,114007.0,5,14,11,5,23,114007,108.41473908120939,151.8066029948072,0.1515085611973463,0.14107287507280258,0.09222260246794992,0.08821470496232216,0.0724606162248178,0.06995564967708401,0.03293664373855354,0.0324058559609105,0.03293664373855354,0.0324058559609105,5.493637026286948,4.431777360331534,1.6426211644742197,1.5768717420156175,1.2039932389179073,3.4414897660579453,0.0,1.4909898530614933,3.155411781820111,"28,2847961987774",3
316,118034,Orroli,118034.0,2,8,6,5,22,118034,75.91874875717723,119.31061267077504,0.1843926496355078,0.16923011124453888,0.06705187259473011,0.06489958650318547,0.05028890444604758,0.049065273414886826,0.04190742037170632,0.04105309137215855,0.016762968148682528,0.01662402023448824,6.790124629205456,3.222192423342541,1.1400071250430102,2.006355823303308,0.612767362558731,3.4328170293572433,0.0,1.4890352802341802,3.1467133500353905,"28,2399284887677",3
59,112060,Torralba,112060.0,1,4,5,3,16,112060,36.338587130360885,79.7304510439587,0.2006761505861611,0.18288485693243856,0.05016903764654027,0.04895113944701698,0.06271129705817534,0.060823469864310434,0.037626778234905206,0.03693616154647199,0.012542259411635068,0.012464256818067801,7.432117706019295,2.410884092203174,1.4216123070190976,1.8014161920286775,0.4584800944574412,3.4327392345104473,0.0,1.4890177303265415,3.1466353247025096,"28,2395256262313",3
373,119021,Tratalias,119021.0,0,7,3,2,13,119021,30.97497070841857,74.36683462201638,0.17480910766304603,0.1611056728344479,0.09412798104933247,0.08995768166342417,0.04034056330685677,0.03954812426654413,0.026893708871237848,0.026538428872873724,0.0,0.0,6.412284039744964,4.523340745378778,0.9144866070288745,1.2875607452197588,0.0,3.4305518314569228,0.0,1.4885241432195282,3.1444414409373964,"28,2281952102588",3
275,117021,Siddi,117021.0,0,4,4,3,9,117021,11.186799262710858,54.578663176308666,0.1648996050146331,0.15263490735119856,0.07328871333983694,0.07072749860157959,0.07328871333983694,0.07072749860157959,0.054966535004877706,0.05350904605040469,0.0,0.0,6.02159212931189,3.521905171350965,1.661393428888176,2.631572800608323,0.0,3.4139685375001916,0.0,1.484774179920648,3.1278090149539217,"28,1421138611833",3
166,115022,Flussio,115022.0,1,1,4,2,11,115022,6.715850327669057,50.10771424126687,0.219527076151097,0.19846314109328858,0.019957006922827,0.01976047633218049,0.079828027691308,0.07680179483795029,0.039914013845654,0.039138030740621325,0.019957006922827,0.01976047633218049,8.175334029148896,0.9590383386903625,1.8096341797196234,1.9109196748531847,0.729524890114891,3.4138770696006504,0.0,1.4847534573335945,3.1277172760585636,"28,1416381689944",3
269,117015,Sanluri,117015.0,4,8,19,14,13,117015,84.14388079001691,127.53574470361471,0.10193220755648706,0.09706519119459371,0.06272751234245358,0.060838728157521976,0.14897784181332724,0.13887271392289957,0.10977314659929376,0.1041556220042825,0.03136375617122679,0.030881961597684658,3.5390404129690163,3.014384344291454,3.37720224792194,5.255489122649932,1.1464966095809377,3.3937216889035398,0.0,1.4801766330632853,3.107502180162167,"28,0365760187096",3
334,118052,Serri,118052.0,1,0,3,2,16,118052,19.101094290518237,62.49295820411605,0.25602884644603324,0.22795503469790288,0.0,0.0,0.04800540870863123,0.046888746867050954,0.032003605805754155,0.03150216105109086,0.016001802902877078,0.01587512366542142,9.614452305483567,0.0,1.0882421991744655,1.5322017033152922,0.5849431004109663,3.390308697018354,0.0,1.4793995428422848,3.104079076461499,"28,0187377175728",3
200,115056,Santa Giusta,115056.0,1,10,17,6,13,115056,69.45343585297356,112.84529976657137,0.11520196257080655,0.10903552086009764,0.08861689428523581,0.08490798617480964,0.15064872028490087,0.1403258879235374,0.05317013657114148,0.051804793292263285,0.00886168942852358,0.008822655096017455,4.062213585373755,4.258504263883536,3.4150796561426437,2.5455685935602324,0.3239375038338757,3.3805351122289617,0.0,1.4771708886677675,3.094276535058872,"27,967578401421",3
211,115067,Simaxis,115067.0,3,4,16,5,7,115067,27.735229259965635,71.12709317356345,0.09841538136415454,0.09386857880052056,0.05623736077951688,0.05471293349175064,0.22494944311806753,0.20289957222099586,0.0702967009743961,0.06793590066615011,0.04217802058463766,0.041312773829637675,3.4003860735442695,2.702498689451697,5.099414488223343,3.365518423897402,1.5418101497512886,3.374632170630613,0.0,1.4758224409906215,3.0883561045656616,"27,9366244464207",3
93,114002,Atzara,114002.0,0,12,4,4,7,114002,35.95196611149787,79.34383002509568,0.08822362114087469,0.0845466614513373,0.15124049338435663,0.14084005090668913,0.05041349779478554,0.0491838940712455,0.05041349779478554,0.0491838940712455,0.0,0.0,2.998565879980193,7.267895034507397,1.1428315513624705,2.4135920077282025,0.0,3.3071486340526315,0.0,1.4602761153563986,3.0206726316582286,"27,5797546380787",3
151,115007,Ardauli,115007.0,0,5,3,4,10,115007,20.56443862323297,63.956302536830776,0.1563567561498925,0.14527433522552893,0.07817837807494625,0.07527293011050398,0.046907026844967746,0.04584012837047728,0.062542702459957,0.06066481155936404,0.0,0.0,5.684781891510393,3.7568790811384254,1.0633428070642679,2.9942887004894314,0.0,3.3064662042239923,0.0,1.4601176615961877,3.0199881799658583,"27,5761172922281",3
314,118032,Nuraminis,118032.0,1,10,6,5,10,118032,45.106798845707885,88.49866275930569,0.11299605766018757,0.10705553020284672,0.11299605766018757,0.10705553020284672,0.06779763459611254,0.06559824186901408,0.056498028830093784,0.05495969231747168,0.011299605766018758,0.01123624209699728,3.975243609751269,5.430050299428163,1.536915296763943,2.7048944588569395,0.41305510824709957,3.304508396788461,0.0,1.459662937814042,3.018024572051391,"27,5656789936358",3
260,117006,Gesturi,117006.0,0,2,4,4,20,117006,46.929257905546216,90.32112181914403,0.22143214784297438,0.2000240619476443,0.02214321478429744,0.0219016138468318,0.04428642956859488,0.043333809655546195,0.04428642956859488,0.043333809655546195,0.0,0.0,8.250443358569253,1.0640970362998845,1.003936073116852,2.1202530499408145,0.0,3.2599824387602396,0.0,1.4492650379160308,2.9733666950831603,"27,3269925907475",3
266,117012,Pauli Arbarei,117012.0,0,1,4,2,13,117012,15.290681221700641,58.682545135298454,0.2215309504730445,0.20010494948146917,0.017040842344080345,0.016897275890410773,0.06816336937632138,0.06594069642048084,0.03408168468816069,0.0335137716972985,0.0,0.0,8.254338749656725,0.8189014111559048,1.5452061963153823,1.6316916177509446,0.0,3.234821959611712,0.0,1.4433412869869404,2.948131671918369,"27,1910114008208",3
124,114033,Oniferi,114033.0,3,5,3,4,13,114033,35.74135748078607,79.13322139438388,0.1642799290984332,0.15210280931260173,0.06318458811478199,0.06126873255824292,0.0379107528688692,0.03720980115209739,0.0505476704918256,0.04931161913275334,0.0379107528688692,0.03720980115209739,5.9971607954559705,3.0363492206401244,0.8594048500822402,2.4200156474952634,1.3858209263434416,3.231700953571904,0.0,1.4426040289146056,2.9450014191418985,"27,1740874566578",3
249,116018,Triei,116018.0,7,3,8,4,11,116018,32.84919742831881,76.24106134191662,0.14427920868872143,0.13477492671803795,0.03934887509692403,0.03859443544475786,0.1049303335917974,0.09978228645894036,0.0524651667958987,0.05113519034586889,0.09181404189282273,0.08784057151456358,5.2086126771344565,1.8909188110329604,2.378682320592699,2.511817525103484,3.3562462087565073,3.2234472196582904,0.0,1.4406516712820152,2.936723231541554,"27,1292705969991",3
35,112036,Nulvi,112036.0,3,2,17,5,19,112036,67.46548985122801,110.85735376482583,0.17139142650208697,0.1581922956285663,0.018041202789693365,0.01788039156240751,0.1533502237123936,0.1426709451316241,0.04510300697423341,0.044115451826155096,0.027061804184540048,0.02670210847801523,6.2775385909166035,0.8669739514703,3.4763204644202217,2.159347435098601,0.989239508728932,3.218095224164284,0.0,1.4393836574689645,2.931355379464023,"27,1001630215446",3
105,114014,Gadoni,114014.0,0,10,3,4,11,114014,43.69127964282208,87.08314355641988,0.12631606474877957,0.1189521872644575,0.11483278613525415,0.108704426074118,0.034449835840576246,0.03386972581513441,0.04593311445410166,0.04490941948168146,0.0,0.0,4.5003980197213345,5.518314688580542,0.7809487748326881,2.199089584852246,0.0,3.21575127075591,0.0,1.438827812998678,2.9290044815256993,"27,0874034721664",3
299,118017,Esterzili,118017.0,6,12,1,4,24,118017,101.05593151992575,144.44779543352357,0.16614999161441033,0.15370771740338274,0.08307499580720516,0.07980421382740623,0.0069229163172670975,0.006899062958690855,0.02769166526906839,0.027315185534334117,0.04153749790360258,0.040697984818828345,6.070889853605361,3.9921871187267666,0.1569366844375805,1.3257636327115008,1.5183959554131718,3.201405213098858,0.0,1.4354190438790868,2.9146159201965594,"27,0091543211443",3
273,117019,Serrenti,117019.0,3,3,13,7,11,117019,42.80575852800541,86.19762244160322,0.12761372864375964,0.1201036552845911,0.03480374417557081,0.03421178958330986,0.15081622476080686,0.14047145127575122,0.08120873640966524,0.07807961567761851,0.03480374417557081,0.03421178958330986,4.551559697982855,1.6725015491258668,3.4188768415876813,3.8879420339754294,1.2722447681384796,3.1777844469040217,0.0,1.4297810693917647,2.8909251717581816,"26,8797332011918",3
185,115041,Nughedu Santa Vittoria,115041.0,1,9,1,2,9,115041,28.518464826336118,71.91032873993393,0.12515587340100748,0.11792158019287474,0.12515587340100748,0.11792158019287474,0.013906208155667496,0.013810404002988667,0.027812416311334992,0.027432675977177277,0.013906208155667496,0.013810404002988667,4.454656332150204,6.014392908114542,0.3152420311084771,1.331544698562672,0.5083390017304787,3.153609137852841,0.0,1.4239776280689902,2.866678237495873,"26,7465137484857",3
4,112005,Benetutti,112005.0,0,13,8,5,19,112005,94.06615535880564,137.45801927240345,0.1382240199631227,0.12946917042856101,0.09457432944845238,0.09036554745966954,0.058199587352893774,0.056568961535912926,0.036374742095558604,0.035728798601780735,0.0,0.0,4.969880892586635,4.5447901154583885,1.3193356464554387,1.7414738243791468,0.0,3.1522499995885473,0.0,1.4236503558978797,2.8653150724551306,"26,7390011336256",3
67,113002,Aglientu,113002.0,1,12,15,5,32,113002,148.35810613502662,191.74997004862442,0.1668839895614344,0.15433693924683942,0.06258149608553791,0.06070132107312504,0.07822687010692238,0.07531790498897376,0.026075623368974128,0.02574145101965543,0.005215124673794825,0.005201573006450244,6.099828446222088,3.0073675010846697,1.7733372853127354,1.2483941585659308,0.19063796837360084,3.1427807868225903,0.0,1.421367249994351,2.855817804851813,"26,6865918643624",3
7,112008,Bono,112008.0,0,14,21,9,5,112008,74.5704413047276,117.96230521832541,0.0423864215839625,0.04151272063464251,0.118681980435095,0.11215118914746847,0.17802297065264247,0.16383758474440754,0.0762955588511325,0.07352510696828801,0.0,0.0,1.191389102378725,5.703288563715765,4.0356308653147765,3.652719194725209,0.0,3.1382729239142955,0.0,1.4202785326617449,2.851296586307325,"26,6616000846347",3
36,112037,Olmedo,112037.0,2,5,12,5,8,112037,33.71854060252011,77.11040451611791,0.10374734836630004,0.09871107054700888,0.06484209272893753,0.06282651843025731,0.15562102254945004,0.14463788133565483,0.06484209272893753,0.06282651843025731,0.02593683709157501,0.02560618256462896,3.610604128712555,3.116000967902542,3.527797562247259,3.1043740986193233,0.9481165338233375,3.128208761214086,0.0,1.4178435989000775,2.8412026060864086,"26,6057055687666",3
351,118071,Villasor,118071.0,7,8,7,6,19,118071,86.79292011073676,130.18478402433456,0.14594639567438586,0.13623084204531524,0.06145111396816247,0.05963694737307748,0.05376972472214216,0.05237394875626267,0.04608833547612185,0.04505781281895834,0.05376972472214216,0.05237394875626267,5.274343167512065,2.953046740856188,1.2189143901634751,2.2065209323001924,1.9655428627707319,3.0918799396224634,0.0,1.4090045073907307,2.804766151557767,"26,4028020038295",3
268,117014,San Gavino Monreale,117014.0,15,8,17,17,6,117014,87.52200834622032,130.91387225981813,0.045831659368321974,0.04481241518451662,0.061108879157762634,0.05931447374267463,0.1298563682102456,0.1220905168668272,0.1298563682102456,0.1220905168668272,0.11457914842080494,0.10847688829914516,1.3272209982492198,2.936600572085637,2.943734539906516,6.216991602936896,4.188420687750347,3.0724541596930472,0.0,1.4042458053700742,2.7852828180481333,"26,2935648041191",3
146,115002,Aidomaggiore,115002.0,0,2,1,2,19,115002,41.23624373000652,84.62810764360432,0.2245116962796214,0.20254214924655825,0.02363281013469699,0.023357878457917983,0.011816405067348495,0.011747136489413085,0.02363281013469699,0.023357878457917983,0.0,0.0,8.371857591419525,1.1356798671167667,0.2678679545231243,1.1314422556723012,0.0,3.0187671734605197,0.0,1.3909751823285392,2.731436771109677,"25,988934320181",3
43,112044,Ploaghe,112044.0,5,7,18,6,18,112044,95.76202874637413,139.15389265997194,0.12935319060016318,0.1216450711431756,0.05030401856673013,0.04907966375250745,0.12935319060016318,0.1216450711431756,0.0431177302000544,0.04221404615868084,0.035931441833378666,0.035300965811067,4.620139700328563,2.417370629886623,2.9323279271163827,2.0643005059053143,1.3134675583633058,3.0178419847156284,0.0,1.390744938769155,2.7305088412689407,"25,9836490214653",3
206,115062,Sennariolo,115062.0,0,1,2,0,14,115062,15.838137639891086,59.2300015534889,0.23636669986167408,0.21217699776986113,0.01688333570440529,0.016742396331290686,0.03376667140881058,0.03320909434428258,0.0,0.0,0.0,0.0,8.83925279398349,0.8113323950889771,0.7654620123277629,0.0,0.0,3.0077013394328436,0.0,1.3882178448965306,2.7203381518672654,"25,9256389471104",3
41,112042,Pattada,112042.0,2,9,18,6,35,112042,164.5234352294434,207.9152991430412,0.16833778054938017,0.1555820382728655,0.043286857855554896,0.04237616970541684,0.08657371571110979,0.08302936536278699,0.0288579052370366,0.02844935716793764,0.009619301745678866,0.009573330832915722,6.157145589029641,2.0801594350019204,1.9625532478640024,1.3815984307102307,0.3516318892975706,3.0020971385684643,0.0,1.3868185083728324,2.714717347199838,"25,8935168258602",3
265,117011,Pabillonis,117011.0,0,4,5,4,13,117011,37.607833377676315,80.99969729127412,0.16049442695140115,0.14884614443853264,0.04938290060043113,0.04820227768415544,0.061728625750538904,0.059898358857715765,0.04938290060043113,0.04820227768415544,0.0,0.0,5.847913641663714,2.373106104271471,1.399335975796119,2.3642512307480703,0.0,2.982155498338416,0.0,1.3818232551905645,2.69471662502843,"25,7788495348412",3
39,112040,Ozieri,112040.0,15,8,48,15,38,112040,252.7649366048541,296.1568005184519,0.12831040831572066,0.12072129989656612,0.02701271754015172,0.02665431406366611,0.16207630524091032,0.15020832343457802,0.050648845387784476,0.04940792130656005,0.050648845387784476,0.04940792130656005,4.579026980817876,1.2981020577583375,3.674133386093386,2.4248594875569687,1.8514596657130133,2.981935175608471,0.0,1.3817679261545148,2.69449564953901,"25,7775794429265",3
116,114025,Meana Sardo,114025.0,5,15,8,5,8,114025,73.56228691826887,116.95415083186668,0.06840287363123009,0.06616489190863464,0.1282553880585564,0.12067253530280722,0.06840287363123009,0.06616489190863464,0.042751796019518805,0.041863176480889296,0.042751796019518805,0.041863176480889296,2.217113370656239,6.163340763843454,1.5506355561330527,2.046781074559953,1.5627844102053206,2.9793919155888706,0.0,1.381129022595603,2.6919448544953295,"25,7629132513143",3
232,116001,Arzana,116001.0,6,23,8,5,23,116001,162.75507049052717,206.14693440412498,0.11157090483291597,0.10577424440990613,0.11157090483291597,0.10577424440990613,0.038807271246231644,0.03807320044140408,0.024254544528894778,0.023965074368263475,0.029105453434673734,0.02868993307303139,3.919055554659017,5.361564268174494,0.8797281669089505,1.161208354641945,1.0639447488685172,2.972629094906262,0.0,1.3794281160451467,2.6851619973177088,"25,7238685143809",3
177,115033,Modolo,115033.0,0,4,1,1,7,115033,2.61616471232209,46.0080286259199,0.15214735795170228,0.1416274689819182,0.08694134740097273,0.08336764845049888,0.021735336850243182,0.02150249234409602,0.021735336850243182,0.02150249234409602,0.0,0.0,5.518822218035976,4.177985491379454,0.4927217871900681,1.040598998319323,0.0,2.9547772454415684,0.0,1.3749242773683688,2.6672572574231874,"25,6204817667209",3
65,112066,Villanova Monteleone,112066.0,2,21,6,5,37,112066,202.59957433855993,245.99143825215774,0.15041173897309595,0.1401199121859687,0.08536882482256797,0.08191985994111252,0.02439109280644799,0.024098380270725812,0.020325910672039992,0.020122096527156116,0.008130364268815998,0.008097490918582915,5.450393728878229,4.1024175744579345,0.552925538808818,0.9731214395702455,0.2972040408032203,2.9469962400555745,0.0,1.3729548440720918,2.659453198923276,"25,5752729309149",3
331,118049,Selegas,118049.0,0,3,3,4,10,118049,20.28775556186899,63.6796194754668,0.15703611426027128,0.14586166143250143,0.04711083427808138,0.046034785195083035,0.04711083427808138,0.046034785195083035,0.0628144457041085,0.06092052693018253,0.0,0.0,5.711566254704906,2.263921459519544,1.0679629499853678,3.007298655182677,0.0,2.9441376295658332,0.0,1.372230332066082,2.6565861191072715,"25,5586415759048",3
257,117003,Collinas,117003.0,0,2,1,2,13,117003,20.667800883039742,64.05966479663755,0.20293581056456544,0.18476507776727236,0.03122089393301007,0.030743434203487355,0.015610446966505036,0.01548985729263018,0.03122089393301007,0.030743434203487355,0.0,0.0,7.521207028179511,1.5003268959983187,0.35387569013387904,1.4947286613117576,0.0,2.926428269676972,0.0,1.3677301754058904,2.6388242909484787,"25,45533934986",3
172,115028,Laconi,115028.0,3,9,11,7,25,115028,124.64614042177011,168.03800433536793,0.14877586828575604,0.1386969130725268,0.05355931258287217,0.05217425318310394,0.06546138204573265,0.06340792792573385,0.04165724312001169,0.04081294787454562,0.017853104194290724,0.017695609282411182,5.385897914432821,2.5738044968117593,1.4839544183620212,1.9943783600916989,0.6526170946331811,2.9204298456822633,0.0,1.3662013023015362,2.632808095169172,"25,4202436838765",3
58,112059,Tissi,112059.0,2,1,7,4,7,112059,10.220262706480485,53.61212662007829,0.13056747495963772,0.12271969689870439,0.01865249642280539,0.018480671959704636,0.13056747495963772,0.12271969689870439,0.07460998569122156,0.0719577917421633,0.03730499284561078,0.03662599675323985,4.668014058209489,0.8963498008959564,2.9598547312271064,3.5720208483465723,1.3636774748673526,2.888633488670978,0.0,1.3580578076547918,2.6009175337454753,"25,2333077195724",3
359,119007,Giba,119007.0,6,6,2,5,7,119007,30.255088009053864,73.64695192265168,0.09504806128774763,0.09079825389224071,0.08146976681806939,0.07832101115945464,0.027156588939356466,0.026794391513938812,0.06789147234839116,0.06568611772326068,0.08146976681806939,0.07832101115945464,3.2676261601189722,3.91504748807416,0.6156170078420499,3.2503659182705245,2.9781130464837626,2.8675393140115966,0.0,1.3526184686394294,2.57976086248221,"25,1084463267526",3
153,115009,Asuni,115009.0,0,5,2,1,10,115009,21.32754253972241,64.71940645332022,0.1545131599315986,0.14367874856217072,0.0772565799657993,0.07441760560914927,0.030902631986319717,0.030434760212606538,0.015451315993159858,0.015333159966558912,0.0,0.0,5.612096293236923,3.712581871109749,0.7005366498843131,0.739745790736047,0.0,2.8628435543357837,0.0,1.3514035843747452,2.5750511904805,"25,0805583534208",2
229,115085,Villaurbana,115085.0,0,7,5,6,13,115085,58.732847097805774,102.12471101140358,0.12729534185461125,0.11982126093403399,0.06854364561402145,0.066296642499234,0.04895974686715817,0.0477989558153273,0.058751696240589804,0.0570905690991033,0.0,0.0,4.539006984963604,3.2938799025149743,1.109876241761103,2.8127908335975413,0.0,2.8290659445096766,0.0,1.342620894731204,2.5411735063004284,"24,8789495074747",2
13,112014,Burgos,112014.0,1,3,4,4,8,112014,18.044786617795427,61.43665053139324,0.13021543216963163,0.12240826249096767,0.048830787063611866,0.04767600759754968,0.06510771608481582,0.06307593591057191,0.06510771608481582,0.06307593591057191,0.016276929021203954,0.016145879950655195,4.654134424179249,2.346574167334878,1.4759371087830677,3.1170910581015536,0.5950002874438863,2.8051349783037294,0.0,1.336351464614485,2.517171638808241,"24,735033165002",2
61,112062,Uri,112062.0,4,5,9,5,12,112062,56.7643053421997,100.15616925579751,0.11981288910273875,0.11316160804924937,0.04992203712614115,0.048715911056681736,0.08985966682705407,0.08604894192234522,0.04992203712614115,0.048715911056681736,0.03993762970091292,0.03916073991349256,4.244003909221708,2.3990144280969656,2.0370429931862217,2.3900628817234693,1.4599130536795208,2.7848641160544707,0.0,1.3310099855988577,2.496840719217615,"24,612418173047",2
342,118061,Suelli,118061.0,4,5,2,4,6,118061,19.283246386645512,62.67511030024332,0.0957317820624036,0.09142243418030524,0.079776485052003,0.07675406143212483,0.031910594020801195,0.031412029605681055,0.06382118804160239,0.06186732044452418,0.06382118804160239,0.06186732044452418,3.2945825256532104,3.8336764619407,0.723386300592344,3.0554973592184083,2.332972342651092,2.7830929714474775,0.0,1.330541921465076,2.495064327165547,"24,6016736433334",2
95,114004,Belvì,114004.0,2,4,6,2,7,114004,18.285673268885528,61.677537182483334,0.1134935070330277,0.10750237656494568,0.06485343259030155,0.06283716770967725,0.09728014888545232,0.09283452597833466,0.03242671629515077,0.0319120663802185,0.03242671629515077,0.0319120663802185,3.9948560416476133,3.116545907424064,2.205259074069501,1.5524585023922108,1.18535293060146,2.7700491725831777,0.0,1.3270880445003699,2.4819818828863904,"24,5223890304009",2
221,115077,Tramatza,115077.0,1,1,7,3,9,115077,16.94767942689538,60.339543340493194,0.14915591835379702,0.13902768883681688,0.01657287981708856,0.016437048335735862,0.11601015871961991,0.10975996671304729,0.04971863945126568,0.04852216583371984,0.01657287981708856,0.016437048335735862,5.400881763008403,0.7964133694274524,2.62985262802104,2.380325033251453,0.6058187169148997,2.7629690235428,0.0,1.3252082797259168,2.4748807571888474,"24,4792385580275",2
108,114017,Irgoli,114017.0,0,12,7,5,11,114017,75.19243369027471,118.58429760387253,0.09276101661237802,0.0887075362592014,0.1011938363044124,0.09639489701712026,0.059029737844240565,0.057353147286609625,0.042164098460171835,0.04129941505869627,0.0,0.0,3.17745716928581,4.862891967235973,1.3381544591819838,2.018644519981351,0.0,2.7393877124283357,0.0,1.3189218847695072,2.4512295807260784,"24,3349327834001",2
113,114022,Lula,114022.0,1,25,10,5,14,114022,148.35236546663245,191.74422938023025,0.07301393134620962,0.07047144711153565,0.1303820202610886,0.12255564661862774,0.05215280810443544,0.0508383586191784,0.02607640405221772,0.025742211863134055,0.005215280810443544,0.005201728333039312,2.3989088665251503,6.265536540114349,1.1822602517388912,1.2484315344854706,0.190643675921428,2.728837943098874,0.0,1.3160966417108682,2.4406485551486004,"24,2700786196203",2
194,115050,Riola Sardo,115050.0,4,1,15,5,11,115050,47.938143158845435,91.33000707244324,0.12044234258379907,0.1137235560708154,0.01094930387125446,0.010889794242236428,0.1642395580688169,0.1520681340351624,0.054746519356272304,0.05330047204651519,0.04379721548501784,0.042865232552624956,4.268820733210709,0.5261711956662659,3.723172506437094,2.6210393515465116,1.6009995355315443,2.710079376452329,0.0,1.3110532716606378,2.4218344117028647,"24,1543067938159",2
138,114047,Sindia,114047.0,3,3,4,5,16,114047,58.81850852444749,102.2103724380453,0.15653988551600653,0.14543269021917438,0.029351228534251223,0.028928728577350953,0.03913497137900163,0.03838860876100457,0.04891871422375204,0.047759837587868066,0.029351228534251223,0.028928728577350953,5.692001947293409,1.410479715764012,0.8871568530247145,2.3420278862499457,1.0729290145555306,2.6962489681270134,0.0,1.30731851301698,2.407963027441556,"24,0685744714187",2
66,113001,Aggius,113001.0,0,10,13,6,12,113001,86.4447071769718,129.8365710905696,0.09242388257180024,0.08839897285719496,0.07701990214316687,0.07419787724507862,0.10012587278611694,0.09542460306329494,0.04621194128590012,0.045175965850141137,0.0,0.0,3.1641653273984223,3.7012082665056125,2.269769239053177,2.212438672739549,0.0,2.6603713135674973,0.0,1.2975645940617877,2.371979076636679,"23,8446708127651",2
370,119018,Santadi,119018.0,2,13,15,7,14,119018,116.14403234692807,159.53589626052587,0.08775454507829179,0.08411552103170335,0.08148636328698523,0.07833635725795879,0.09402272686959834,0.08986147788784836,0.043877272539145896,0.04294192751117949,0.012536363582613112,0.012458434003135899,2.9800720938103806,3.915845035022895,2.131416059427384,2.100664285435646,0.45826457346093047,2.6601921989457544,0.0,1.297515659407653,2.3717994313444666,"23,8435475054928",2
30,112031,Monteleone Rocca Doria,112031.0,0,5,2,1,7,112031,13.541904594554621,56.93376850815243,0.12294987989417316,0.11595904421195714,0.08782134278155226,0.08417692794805519,0.03512853711262091,0.03452560945331394,0.017564268556310454,0.017411799540207155,0.0,0.0,4.367682863534593,4.220273862131126,0.7963343612643183,0.8409053143201571,0.0,2.650775993994047,0.0,1.2949397460922496,2.3623553286038925,"23,7844167685713",2
57,112058,Thiesi,112058.0,1,10,1,7,10,112058,63.1137466640834,106.50561057768121,0.09389176725771056,0.08974176606876622,0.09389176725771056,0.08974176606876622,0.009389176725771055,0.009345372383648886,0.06572423708039739,0.06365460285975999,0.009389176725771055,0.009345372383648886,3.2220381281414143,4.511989439886484,0.21284473152821398,3.1466075608760593,0.34321970952982656,2.6434908498040794,0.0,1.2929422467497422,2.3550486004089555,"23,7385636696271",2
75,113010,Calangianus,113010.0,9,17,8,5,14,113010,126.98896656236809,170.3808304759659,0.08216886818129963,0.0789672386544261,0.09977648279157812,0.0951069616947218,0.046953638960742644,0.045884651023339176,0.029346024350464153,0.028923672774435066,0.05282284383083548,0.051474979521100854,2.759851275937421,4.7947807337458075,1.0643994644856625,1.4049675767231458,1.9309297977528366,2.643368575398566,0.0,1.2929086865015227,2.354925963735887,"23,7377932857029",2
135,114044,Sarule,114044.0,0,7,8,4,10,114044,52.54051548878601,95.93237940238382,0.1042400914299798,0.09915739833219318,0.07296806400098586,0.07042869992602302,0.08339207314398384,0.08009692756728885,0.04169603657199192,0.040850189231892674,0.0,0.0,3.6300310097308994,3.5064962971433715,1.890428089525048,1.9962356318492116,0.0,2.643154339887504,0.0,1.292849883279845,2.3547110935002102,"23,7364434429848",2
238,116007,Girasole,116007.0,2,2,5,4,6,116007,13.099625057597311,56.491488971195125,0.10621068959714243,0.1009403818811834,0.03540356319904747,0.03479126685413634,0.08850890799761868,0.08480878539588127,0.07080712639809494,0.06841268785119264,0.03540356319904747,0.03479126685413634,3.7077237850336022,1.7013259836723096,2.0064224277407536,3.3899555047798997,1.2941710474088506,2.5768435474341786,0.0,1.274480720833934,2.2882038392560777,"23,3147747068659",2
97,114006,Bitti,114006.0,0,12,13,8,37,114006,215.6328818949574,259.0247458085552,0.1428434950664777,0.1335194507363865,0.04632762002156034,0.04528652885971766,0.05018825502335703,0.048969438597246666,0.030885080014373557,0.03041773423864778,0.0,0.0,5.152008252289883,2.2262839268816514,1.1377254873684055,1.4786512648691563,0.0,2.5515162446114323,0.0,1.2673746234594672,2.262801498161509,"23,1516524574192",2
246,116015,Talana,116015.0,0,11,4,5,21,116015,118.70053195301395,162.09239586661175,0.1295557381808411,0.12182440336736586,0.06786252952329772,0.0656590145783574,0.024677283463017348,0.024377717614217892,0.030846604328771687,0.0303804105792224,0.0,0.0,4.62812533836271,3.2611487195961666,0.5594132400463709,1.4768092064656995,0.0,2.537128810386984,0.0,1.2633153275378852,2.248371437676865,"23,0584703003216",2
224,115080,Uras,115080.0,3,5,8,6,6,115080,39.266577724110036,82.65844163770785,0.07258786738683043,0.07007429609755794,0.06048988948902535,0.0587309612562914,0.09678382318244057,0.09238210005293197,0.07258786738683043,0.07007429609755794,0.036293933693415215,0.03565082337773417,2.382110874924311,2.906854887982411,2.1940077882439684,3.4752100974237483,1.3267183847714594,2.534101895212398,0.0,1.2624592063093505,2.245335554532605,"23,0388178225636",2
271,117017,Segariu,117017.0,0,4,2,3,7,117017,17.068417933081513,60.46028184667932,0.11577848773102375,0.1095523565616141,0.06615913584629929,0.06406259775991037,0.033079567923149644,0.032544213234215066,0.049619351884724466,0.04842757642789297,0.0,0.0,4.08494365813821,3.1792917633681417,0.749885954787362,2.3755715508002626,0.0,2.52661896186101,0.0,1.2603396107880431,2.237830451177929,"22,9901619751789",2
47,112048,Romana,112048.0,0,2,3,4,9,112048,21.392832170915383,64.7846960845132,0.13892169823964726,0.13008193604367127,0.03087148849769939,0.030404549833774868,0.04630723274654908,0.04526704407001823,0.06174297699539878,0.05991187563358551,0.0,0.0,4.99738754639097,1.4835361412771557,1.0497459798259732,2.9560011173208998,0.0,2.5234496627999095,0.0,1.2594405275469223,2.234651762300388,"22,969523293635",2
337,118056,Siliqua,118056.0,7,27,3,5,18,118056,189.78344041650837,233.17530433010617,0.07719513887507319,0.07436056920382572,0.11579270831260978,0.10956510146673877,0.012865856479178865,0.012783794463600307,0.021443094131964775,0.021216425580821912,0.030020331784750682,0.029578541643566485,2.5637570950717654,5.564443959056978,0.29165813448531863,1.0266076126784227,1.0973879666009803,2.482299683744699,0.0,1.247692904197538,2.1933798664609294,"22,6998536500287",2
345,118065,Vallermosa,118065.0,1,11,2,5,8,118065,61.56736506487209,104.9592289784699,0.07622007209714761,0.07345496879792533,0.10480259913357796,0.09966667569306895,0.019055018024286902,0.018875744956062847,0.047637545060717254,0.04653767212788244,0.009527509012143451,0.009482408535329712,2.5253141261576215,5.036311855388231,0.43196121599378656,2.2806907486239103,0.3482764220120843,2.4799956993878967,0.0,1.2470310579775437,2.1910690559921777,"22,6846608038708",2
34,112035,Nule,112035.0,0,6,5,5,10,112035,51.67798278619065,95.06984669978846,0.10518582228893245,0.10001348579893263,0.06311149337335947,0.06119997944141442,0.05259291114446622,0.05125655930006845,0.05259291114446622,0.05125655930006845,0.0,0.0,3.6673173811209816,3.0328366368317443,1.1922370171290866,2.51793340184725,0.0,2.4745417872471354,0.0,1.2454626105374926,2.185598985315129,"22,6486566990749",2
282,117028,Villanovafranca,117028.0,0,1,3,4,11,117028,27.72417590927884,71.11603982287664,0.15467677935099972,0.14382046009216803,0.01406152539554543,0.013963579260772012,0.04218457618663629,0.04131906409987087,0.05624610158218172,0.05472120887266678,0.0,0.0,5.618547150138405,0.6757296826595449,0.9562888265199566,2.692833212986544,0.0,2.4496793129583807,0.0,1.2382812739572056,2.1606628499217195,"22,4838073147674",2
245,116014,Perdasdefogu,116014.0,3,9,6,7,10,116014,78.09025367852541,121.48211759212322,0.08231664213802271,0.07910378284125327,0.07408497792422043,0.07146911579109635,0.049389985282813624,0.04820902894574283,0.0576216494966159,0.056022660307259116,0.024694992641406812,0.024395000153458253,2.7656774098527936,3.5601698403525903,1.119629384421839,2.7586888190791834,0.9027211276107706,2.447746995551308,0.0,1.2377209729489176,2.158724807556097,"22,4709454644404",2
301,118019,Gergei,118019.0,0,2,6,5,10,118019,36.218804866786655,79.61066878038446,0.12561130503232168,0.11832627032865947,0.025122261006464336,0.024811884507890434,0.07536678301939301,0.07266179689277014,0.06280565251616084,0.06091225340289045,0.0,0.0,4.472612173166937,1.2072557549813343,1.708501518975351,3.006877673321047,0.0,2.436329545488642,0.0,1.2344039091529635,2.1472735305309896,"22,394801432148",2
79,113014,Luogosanto,113014.0,0,12,9,6,19,113014,134.8124223146581,178.2042862282559,0.10661920878638988,0.10130960971400242,0.06733844765456203,0.0651681175762842,0.05050383574092152,0.04926989264410677,0.03366922382728101,0.033114825320680816,0.0,0.0,3.7238300567768383,3.2359638506088673,1.1448794365449217,1.6119446793144916,0.0,2.396907568891426,0.0,1.2228654791795934,2.1077347567755296,"22,1299338750129",2
216,115072,Sorradile,115072.0,0,2,3,3,10,115072,26.48284822900775,69.87471214260556,0.14311329082245447,0.13375549698091296,0.028622658164490892,0.028220682275201886,0.04293398724673634,0.04203788278530262,0.04293398724673634,0.04203788278530262,0.0,0.0,5.162645215926617,1.3754681070725927,0.9732773443155006,2.055503645084229,0.0,2.395641607171868,0.0,1.2224927290672565,2.1064650443376145,"22,1213773025932",2
352,118072,Villaspeciosa,118072.0,4,7,1,5,3,118072,27.06328360215857,70.45514751575638,0.042580281296396245,0.04169868016361209,0.09935398969159125,0.09472272518809205,0.01419342709879875,0.014093643484973228,0.07096713549399375,0.0685621051815281,0.056773708395195,0.05522059541082102,1.199032212643081,4.774477735290859,0.32175304273666316,3.397616085614764,2.075352959418249,2.3348574149470114,0.0,1.2044299243147756,2.045500764214311,"21,706741084248",2
190,115046,Palmas Arborea,115046.0,0,7,2,4,7,115046,39.45130816682159,82.84317208041941,0.0844970058993492,0.08111629046894711,0.0844970058993492,0.08111629046894711,0.024142001685528346,0.023855190524055846,0.04828400337105669,0.047154544769249324,0.0,0.0,2.85164040048665,4.060522125155554,0.5472788528099612,2.3116405275405825,0.0,2.326824501127963,0.0,1.2020182457586202,2.0374440509415703,"21,6513803974615",2
180,115036,Montresta,115036.0,0,3,3,4,9,115036,31.467187183562455,74.85905109716026,0.12022594286319253,0.11353039966057393,0.04007531428773085,0.03929312811561117,0.04007531428773085,0.03929312811561117,0.05343375238364113,0.05205506892809401,0.0,0.0,4.260288960904811,1.9258280054529948,0.9084736350811831,2.5581894400793512,0.0,2.324966832662831,0.0,1.2014596989190673,2.0355808786834677,"21,6385588145183",2
292,118010,Decimoputzu,118010.0,1,7,5,5,6,118010,44.6632528942754,88.05511680787322,0.06813914077351522,0.06591801367523108,0.07949566423576776,0.07649395450867737,0.05678261731126269,0.05522902567213883,0.05678261731126269,0.05522902567213883,0.011356523462252537,0.011292522248058318,2.2067154427601205,3.8201815561107155,1.2872141285733985,2.7185193909423266,0.41513572465671994,2.3237943286774154,0.0,1.2011070004331033,2.0344049008708787,"21,6304625322166",2
227,115083,Villa Verde,115083.0,0,5,1,2,6,115083,17.67888259864175,61.07074651223956,0.09824671127603629,0.09371500935621242,0.0818722593966969,0.07869311374738987,0.01637445187933938,0.016241836255928843,0.03274890375867876,0.03222408581625414,0.0,0.0,3.3937360890498023,3.93438935709464,0.3711950382841939,1.567883519916819,0.0,2.3111397016329622,0.0,1.1972924508592249,2.021712781427388,"21,542898588982",2
283,118001,Armungia,118001.0,0,6,3,2,12,118001,55.24272058155749,98.63458449515531,0.1216611806236119,0.11481078344212893,0.06083059031180595,0.059052177054615414,0.030415295155902976,0.029961920159085793,0.02027686343726865,0.020074025206855157,0.0,0.0,4.316874624427867,2.923227340641944,0.6894891342326845,0.9707732586460185,0.0,2.3093830381322857,0.0,1.1967617787020701,2.019950913385423,"21,5307168763721",2
278,117024,Ussaramanna,117024.0,1,2,2,3,6,117024,9.546392877422523,52.938256791020336,0.11333958395505292,0.10736413263562485,0.037779861318350975,0.03708368259685883,0.037779861318350975,0.03708368259685883,0.05666979197752646,0.0551222569241439,0.018889930659175488,0.01871373138883738,3.988787472565255,1.815519510255856,0.8564376488309426,2.7131177755875755,0.6905181043280819,2.2978231258706736,0.0,1.193262591974751,2.0083567520825842,"21,4503921664624",2
3,112004,Banari,112004.0,0,0,3,2,11,112004,21.3619303607634,64.75379427436121,0.1698742154535857,0.15689623487091992,0.0,0.0,0.04632933148734155,0.04528816454661807,0.030886220991561034,0.030418841031808436,0.0,0.0,6.21772104970387,0.0,1.05024693967458,1.4787058901885877,0.0,2.297171586374365,0.0,1.193065005918399,2.00770328224264,"21,4458565289284",2
230,115086,Zeddiani,115086.0,3,3,4,3,4,115086,12.052383907652771,55.444247821250585,0.07214454442408155,0.06966088977551868,0.05410840831806117,0.052695299021749784,0.07214454442408155,0.06966088977551868,0.05410840831806117,0.052695299021749784,0.05410840831806117,0.052695299021749784,2.364632430102164,2.600191412630047,1.6354560828556477,2.590489205866502,1.9779233822570443,2.2728945178649704,0.0,1.1856747670330052,1.9833542870350644,"21,2762117397555",2
366,119014,Perdaxius,119014.0,0,7,3,6,3,119014,29.691897687756803,73.08376160135461,0.04104879024103755,0.040228657161849486,0.09578051056242096,0.09146690438491188,0.04104879024103755,0.040228657161849486,0.0820975804820751,0.0789013616462655,0.0,0.0,1.1386516680831498,4.602753413069764,0.9305415153631704,3.9304962514593615,0.0,2.2679665944839242,0.0,1.1841679549393682,1.9784117634868874,"21,2416224898121",2
300,118018,Genoni,118018.0,0,5,3,4,9,118018,43.47043644897113,86.86230036256893,0.1036122686416709,0.09858868022713808,0.05756237146759495,0.05596661031023858,0.034537422880556966,0.03395439239745764,0.046049897174075954,0.045021067348271535,0.0,0.0,3.605278477411116,2.7661723682731383,0.782934299288616,2.204680663668441,0.0,2.2604155946996087,0.0,1.1818546702900343,1.9708383920359829,"21,1885204598616",2
333,118051,Serdiana,118051.0,2,6,6,5,8,118051,55.448846783947374,98.84071069754518,0.08093830915967594,0.07782946872119069,0.06070373186975695,0.05893258583153323,0.06070373186975695,0.05893258583153323,0.05058644322479746,0.049348525613613664,0.020234577289918985,0.020032578590568926,2.711335273458143,2.9171311304245506,1.3761024943875528,2.421871927311427,0.7396714262330056,2.2551517952411055,0.0,1.1802389090558534,1.9655589972960814,"21,1514302550418",2
128,114037,Orotelli,114037.0,2,4,4,5,12,114037,61.46686509501438,104.85872900861219,0.11443968578919571,0.10835175464872379,0.038146561929731905,0.03743697124051059,0.038146561929731905,0.03743697124051059,0.04768320241216488,0.04658125242603974,0.019073280964865953,0.018893666242557408,4.032160071826936,1.8331413884510903,0.86475044296191,2.2828766358042962,0.6972204426160129,2.2530369968854806,0.0,1.179589020585311,1.9634379333378784,"21,136511902025",2
171,115027,Gonnostramatza,115027.0,0,4,1,3,6,115027,17.795146445092442,61.18701035869025,0.0980600288333557,0.09354501266156048,0.06537335255557046,0.06332530350744106,0.016343338138892615,0.016211223309456936,0.04903001441667785,0.04786594141348669,0.0,0.0,3.3863759497206227,3.1415307752287203,0.3704897159832457,2.347356484102803,0.0,2.2274968945354363,0.0,1.1717068815493321,1.9378221622458471,"20,9555754213878",2
9,112010,Borutta,112010.0,0,3,1,2,5,112010,4.725099529274651,48.11696344287246,0.10391345675701917,0.09886155416355645,0.06234807405421151,0.060481622467067224,0.020782691351403836,0.020569677500100456,0.04156538270280767,0.040724757187554354,0.0,0.0,3.6171531157618104,2.9961503542448322,0.4711261157734807,1.9899804591626122,0.0,2.226905815318839,0.0,1.1715237261917193,1.9372293318138427,"20,9513710441668",2
156,115012,Baressa,115012.0,3,4,2,4,3,115012,12.536866222245973,55.92873013584378,0.05363969453111811,0.05225054588067414,0.07151959270815747,0.06907782107291359,0.035759796354078735,0.03513526015326554,0.07151959270815747,0.06907782107291359,0.05363969453111811,0.05225054588067414,1.6350604814921053,3.4368896919201255,0.8106444768044818,3.4240654766517666,1.9607896319287894,2.221558247479203,0.0,1.1698651702895997,1.9318659205086803,"20,9132984769994",2
18,112019,Codrongianos,112019.0,0,2,6,4,8,112019,30.617099810234386,74.0089637238322,0.10809501440734075,0.10264233772372454,0.027023753601835187,0.026665059794658285,0.08107126080550556,0.07795245767354692,0.054047507203670374,0.05263752235166634,0.0,0.0,3.782015148192048,1.2986323981196715,1.837817227727662,2.587573509686211,0.0,2.2149621159859962,0.0,1.1678155741010263,1.9252502463775771,"20,8662494818733",2
32,112033,Muros,112033.0,0,6,4,2,2,112033,11.456598154248507,54.84846206784631,0.03646410354270362,0.035815019918395176,0.10939231062811086,0.10381239750636946,0.07292820708540725,0.07039155282239064,0.03646410354270362,0.035815019918395176,0.0,0.0,0.9578958755413255,5.256871446503578,1.6532210556141995,1.7457520848463377,0.0,2.1940936481380833,0.0,1.1613033693811825,1.9043199506369017,"20,7167601874294",2
132,114041,Ottana,114041.0,0,2,10,6,8,114041,45.34185665424343,88.73372056784123,0.0901573826590942,0.08632207357877981,0.02253934566477355,0.022289088062237842,0.11269672832386776,0.10678655387331062,0.06761803699432066,0.0654300333046537,0.0,0.0,3.074806334085742,1.0831331925223497,2.5547399505606663,3.2372749522776205,0.0,2.1897644313100866,0.0,1.1599470680857054,1.8999779074550134,"20,6856259506484",2
305,118023,Guasila,118023.0,0,5,6,6,6,118023,43.324755260897504,86.71661917449532,0.06919088932568408,0.06690218422657351,0.05765907443807007,0.056058045626129115,0.06919088932568408,0.06690218422657351,0.06919088932568408,0.06690218422657351,0.0,0.0,2.2481816662146223,2.770819450699351,1.5684992084877596,3.312576686582358,0.0,2.1777457072241297,0.0,1.1561720483063946,1.8879235749866232,"20,5989694237733",2
207,115063,Siamaggiore,115063.0,6,0,5,2,6,115063,13.132130189900213,56.523994103498026,0.10614961124321337,0.10088516632346316,0.0,0.0,0.08845800936934448,0.08476202434693987,0.03538320374773779,0.03477160336040017,0.10614961124321337,0.10088516632346316,3.7053157107205617,0.0,2.005268598689859,1.6940030251618807,3.880280433704138,2.154776930098836,0.0,1.148917789879877,1.8648867472933945,"20,4324461001762",2
81,113016,Monti,113016.0,5,13,14,5,9,113016,123.71733387698623,167.10919779058403,0.05385699960859435,0.05245676691898035,0.07779344387908073,0.0749158436253876,0.08377755494670232,0.080452674345748,0.02992055533810797,0.029481668527114858,0.02992055533810797,0.029481668527114858,1.6436279483850675,3.738380984047237,1.8991666374515586,1.4324737697195924,1.093740656082196,2.1317620890837996,0.0,1.141595813903565,1.841803719234987,"20,2643683032208",2
31,112032,Mores,112032.0,3,6,9,5,13,112032,94.69794023609587,138.0898041496937,0.09414163543825141,0.08997016128551112,0.043449985586885266,0.042532516905760036,0.0651749783803279,0.06313908461445908,0.03620832132240439,0.03556820598047713,0.021724992793442633,0.021492368284773234,3.2318894274725243,2.0879985738594846,1.4774618883935042,1.7335062786706539,0.7941533037328807,2.126500121559215,0.0,1.139914206905501,1.8365261618565523,"20,2257665923583",2
318,118036,Pimentel,118036.0,0,1,2,4,7,118036,15.147010785275436,58.538874698873244,0.11957865667914412,0.11295241513263765,0.017082665239877733,0.016938397184813204,0.034165330479755465,0.03359465738554279,0.06833066095951093,0.06609730025943959,0.0,0.0,4.234769065021508,0.8209112195735623,0.7744992778308873,3.271392472031957,0.0,2.1212672507708143,0.0,1.1382390894754881,1.8312777874204327,"20,1873138511599",2
130,114039,Orune,114039.0,0,22,1,5,7,114039,128.24875125358255,171.64061516718036,0.04078288808963952,0.03997320696804981,0.12817479113886707,0.12060109775471321,0.005826126869948503,0.005809220626293854,0.029130634349742515,0.02871440151493616,0.0,0.0,1.1281682136451414,6.159467661215324,0.13207339106524987,1.3946555847561832,0.0,2.113930395323851,0.0,1.1358857209859656,1.8239191947613702,"20,1332916865936",2
338,118057,Silius,118057.0,0,1,3,4,11,118057,38.34715769951523,81.73902161311304,0.13457464724822835,0.1262578205595182,0.012234058840748031,0.012159827562856775,0.03670217652224409,0.03604469081636062,0.048936235362992124,0.04777654144934714,0.0,0.0,4.826000775849116,0.5879103771142606,0.8320074418171779,2.3428667267090684,0.0,2.112609324403096,0.0,1.1354613854801976,1.822594209847896,"20,1235509585155",2
367,119015,Piscinas,119015.0,0,4,0,2,6,119015,16.815168898030254,60.20703281162807,0.09965613184712853,0.09499752352074117,0.06643742123141902,0.06432358044393047,0.0,0.0,0.03321871061570951,0.03267889145973107,0.0,0.0,3.44930388443375,3.1926648285005577,0.0,1.5903759500180015,0.0,2.0715137649579645,0.0,1.1221705231218029,1.7813768948497974,"19,8184558759772",2
110,114019,Loculi,114019.0,1,6,4,2,6,114019,38.20541572359382,81.59727963719163,0.07353186315374698,0.07095401945535935,0.07353186315374698,0.07095401945535935,0.04902124210249798,0.047857579068522504,0.02451062105124899,0.02421505570139988,0.012255310525624495,0.01218082217532417,2.419328838600463,3.533589788913452,1.1112702869727815,1.1734682507958851,0.44799072822407016,2.052269466644848,0.0,1.1158854013480617,1.7620755806397275,"19,6741793275777",2
363,119011,Musei,119011.0,3,6,2,5,1,119011,20.521161623644122,63.913025537241936,0.015646262895461,0.015525122090807371,0.09387757737276602,0.08972879405690432,0.031292525790922,0.03081289494711763,0.07823131447730501,0.07532202690556308,0.04693878868638301,0.04587046665153123,0.13713198636015297,4.511307541857584,0.7093752141790194,3.7453952539675837,1.7158391932706196,2.044234731630445,0.0,1.1132495499141875,1.7540170407758997,"19,6136726960972",2
155,115011,Baratili San Pietro,115011.0,6,2,2,4,2,115011,6.001719720799848,49.39358363439766,0.04049108918283065,0.03969280283874524,0.04049108918283065,0.03969280283874524,0.04049108918283065,0.03969280283874524,0.0809821783656613,0.07787005227293957,0.12147326754849196,0.11464323835742604,1.1166637540967401,1.9458081591006635,0.9178989019079101,3.8770953617901283,4.4404340041015145,2.0306386510644403,0.0,1.1087733732400107,1.7403806785266707,"19,5109209366524",2
183,115039,Neoneli,115039.0,0,7,2,3,7,115039,47.76913520999463,91.16099912359243,0.07678722334437867,0.07398181444452438,0.07678722334437867,0.07398181444452438,0.021939206669822475,0.02170200534473705,0.03290881000473372,0.03237890938194835,0.0,0.0,2.547674623162049,3.6900268358681823,0.4973433443598205,1.575539176721969,0.0,2.0226086412959194,0.0,1.106120247044761,1.732326877908411,"19,4500177586872",2
178,115034,Mogorella,115034.0,0,1,2,2,8,115034,17.250396236278437,60.64226014987625,0.13192120445755393,0.12391636998863383,0.01649015055719424,0.016355664474336524,0.03298030111438848,0.032448120366505684,0.03298030111438848,0.032448120366505684,0.0,0.0,4.72138617813472,0.792437796723743,0.7476356598064997,1.578961878546563,0.0,2.000896716364636,0.0,1.0989111494596528,1.7105506261383723,"19,2845311135437",2
19,112020,Cossoine,112020.0,1,1,3,4,10,112020,39.00754506434631,82.39940897794412,0.12136009376810826,0.11454231799264844,0.012136009376810825,0.012062958452259498,0.03640802813043248,0.035760915845666326,0.0485440375072433,0.04740257096162187,0.012136009376810825,0.012062958452259498,4.305003978346367,0.5831985886498159,0.8253393454213828,2.3240898980522515,0.4436296956396035,1.9953451640224387,0.0,1.0970594716790822,1.7049826259771312,"19,242025385167",2
6,112007,Bonnanaro,112007.0,0,5,3,4,3,112007,21.989685223837927,65.38154913743574,0.04588450472003698,0.04486294340878866,0.07647417453339497,0.07369104731936454,0.04588450472003698,0.04486294340878866,0.06117933962671598,0.05938087421397317,0.0,0.0,1.3293044783341008,3.6749832066919357,1.0401630913640425,2.9290164662290947,0.0,1.9649222333803869,0.0,1.0868508039034932,1.6744695600310902,"19,0076828531618",2
42,112043,Perfugas,112043.0,5,3,9,4,8,112043,60.923753483016704,104.31561739661451,0.07669033841388771,0.07389183446769355,0.028758876905207894,0.028353101798361882,0.08627663071562368,0.08275591349084765,0.038345169206943856,0.037628262421534366,0.04793146150867982,0.046818184436442666,2.5438548392709017,1.3820141284925833,1.9558185811352633,1.8358098124752222,1.7521261742997136,1.9504077894327234,0.0,1.081943394504338,1.65991211352615,"18,8950320382402",2
10,112011,Bottidda,112011.0,0,4,1,2,8,112011,33.98057573354573,77.37243964714354,0.10339599005128886,0.0983926876745751,0.05169799502564443,0.05040599612921535,0.012924498756411107,0.012841690165489916,0.025848997512822214,0.02552056000371164,0.0,0.0,3.5967514807837255,2.484358473930587,0.2929875055386337,1.2375442398124379,0.0,1.944344199797357,0.0,1.07988610972456,1.6538305590371842,"18,8478065495724",2
346,118066,Villa San Pietro,118066.0,5,5,7,4,3,118066,40.275623720736924,83.66748763433473,0.035856221870930016,0.0352283522283147,0.05976036978488337,0.058042816326475406,0.0836645176988367,0.08034836959925,0.047808295827906695,0.046700645337913065,0.05976036978488337,0.058042816326475406,0.9339295413983585,2.871797658819357,1.8966041782096736,2.2888655967306515,2.1845298430335274,1.9392319365792319,0.0,1.0781483011584077,1.6487031495004925,"18,8079147176033",2
2,112003,Ardara,112003.0,2,2,3,4,8,112003,38.17265809463564,81.56452200823345,0.09808185964962128,0.09356489372332687,0.02452046491240532,0.024224664009662198,0.03678069736860798,0.036120428935435635,0.04904092982481064,0.04787634659846194,0.02452046491240532,0.024224664009662198,3.387236651172121,1.1783363118750354,0.8337874432967345,2.347879069183839,0.8963412970673346,1.919328552064051,0.0,1.0713536419148428,1.6287407963857772,"18,651941608648",2
80,113015,Luras,113015.0,0,5,5,3,14,113015,88.1996355814196,131.59149949501742,0.10638985081654227,0.10110232816703021,0.03799637529162224,0.03729229272567509,0.03799637529162224,0.03729229272567509,0.022797825174973342,0.022541838088258992,0.0,0.0,3.7147873927207207,1.8259241366626253,0.8613458383196483,1.091466592139375,0.0,1.9069064084667082,0.0,1.0670894258285708,1.6162818491779436,"18,5540554577181",2
225,115081,Usellus,115081.0,0,2,4,3,8,115081,35.117405223966,78.50926913756382,0.10189879600053864,0.09703486985335019,0.02547469900013466,0.025155626358692274,0.05094939800026932,0.04969394420887206,0.03821204850020199,0.03750004952589239,0.0,0.0,3.537723129439542,1.2241922399586653,1.1549799578408608,1.8294365376994235,0.0,1.8727764710446144,0.0,1.0552789736443906,1.5820507935460075,"18,2829435624339",2
313,118031,Nurallao,118031.0,4,2,1,6,6,118031,34.88212299506752,78.27398690866534,0.0766538186818202,0.07385791538239482,0.025551272893940064,0.0252302952267517,0.012775636446970032,0.012694716477605707,0.0766538186818202,0.07385791538239482,0.05110254578788013,0.049839656866767536,2.542415012833977,1.2278720151968145,0.28961292231232283,3.669871209599434,1.868044604316521,1.8649002339834284,0.0,1.0525335272160379,1.5741512212239899,"18,2199211503378",2
88,113023,Sant'Antonio di Gallura,113023.0,6,2,11,5,10,113023,81.3029246967963,124.69478861039411,0.08019581340519981,0.07714233341020928,0.01603916268103996,0.015911894359319667,0.08821539474571978,0.08453910195153523,0.040097906702599904,0.03931484978248203,0.04811748804311988,0.046995686526714174,2.682061646405711,0.7707654755591009,1.9997687294320485,1.919723712446641,1.7589263416605123,1.8611147997309458,0.0,1.0512113389990447,1.570354571705263,"18,1895699878386",2
286,118004,Barrali,118004.0,1,2,1,4,4,118004,11.217730979182988,54.6095948927808,0.07324720148269744,0.0706888206024294,0.03662360074134872,0.035968893966878766,0.01831180037067436,0.0181461584330372,0.07324720148269744,0.0706888206024294,0.01831180037067436,0.0181461584330372,2.408105771607567,1.759955154982068,0.41511309750902126,3.5067763162702397,0.6693846529632651,1.8383980524664538,0.0,1.0432398269950829,1.547570520572369,"18,0065819282814",2
258,117004,Furtei,117004.0,0,0,3,4,8,117004,25.808172154626433,69.20003606822425,0.11560687615990269,0.10939854039499723,0.0,0.0,0.04335257855996351,0.04243916161794698,0.05780343807995134,0.05619452986184687,0.0,0.0,4.078177702776721,0.0,0.9827664569700035,2.7673921126618013,0.0,1.8351154191262873,0.0,1.0420826485648536,1.544278161635498,"17,9800186068684",2
24,112025,Illorai,112025.0,8,1,3,5,9,112025,57.2967686373671,100.68863255096491,0.08938446944787465,0.0856128298054868,0.009931607716430516,0.009882613428147906,0.02979482314929155,0.02935958157249407,0.049658038582152585,0.048464433584177395,0.07945286173144413,0.07645430325825193,3.044333468816495,0.47726558404884667,0.6754235562246046,2.3774237115866055,2.904385434553665,1.8147532480954385,0.0,1.034874601655651,1.5238556627388906,"17,8145560802541",1
364,119012,Narcao,119012.0,0,7,4,6,9,119012,85.32682160933987,128.71868552293768,0.06991991849074779,0.06758380314096131,0.05438215882613717,0.052954963934536,0.03107551932922124,0.030602450974214535,0.04661327899383186,0.045559502620400254,0.0,0.0,2.2769243597044704,2.613346553252891,0.7044558603922481,2.2316530801232037,0.0,1.812053080321494,0.0,1.0339148501292572,1.5211474950636221,"17,792524742989",1
170,115026,Gonnosnò,115026.0,1,2,4,3,4,115026,15.40388801280793,58.79575192640574,0.0680321259434997,0.06581782055703647,0.03401606297174985,0.03345031075450017,0.0680321259434997,0.06581782055703647,0.05102409445762477,0.049765016900944474,0.017008031485874923,0.016865014268155287,2.2024962775944363,1.634649356357119,1.5422310181885184,2.442824877690396,0.621725609896511,1.8064537186485246,0.0,1.0319216644921934,1.5155315439248818,"17,7467706662364",1
267,117013,Samassi,117013.0,6,1,10,7,3,117013,42.12058962507112,85.51245353866892,0.03508260932594331,0.034481239306081275,0.011694203108647768,0.011626354361209129,0.11694203108647769,0.11059462177213102,0.08185942176053439,0.07868124754764384,0.07016521865188662,0.06781304650885896,0.9034291042059575,0.5619674916681616,2.65097739002472,3.9190941862977393,2.564877269664943,1.7860679370949268,0.0,1.0246312602343588,1.4950853645536308,"17,5794176060058",1
312,118030,Nuragus,118030.0,0,1,2,4,6,118030,19.475659705936106,62.86752361953391,0.095438783883253,0.0911549988784165,0.015906463980542164,0.015781281906953635,0.03181292796108433,0.03131737927219467,0.06362585592216866,0.06168368990900812,0.0,0.0,3.2830307836105264,0.7643886104428087,0.7211722932446286,3.046145656540745,0.0,1.7771626948238974,0.0,1.0214297931493728,1.4861537383444912,"17,505927125238",1
122,114031,Onanì,114031.0,0,3,3,2,13,114031,72.26457061594832,115.65643452954612,0.11240187416186483,0.10652152816757392,0.02593889403735342,0.02560818750649497,0.02593889403735342,0.02560818750649497,0.01729259602490228,0.017144780726499758,0.0,0.0,3.9518173395998906,1.2464992341409136,0.5880128896035759,0.8278987450637411,0.0,1.738957400095472,0.0,1.00757733707327,1.4478352511726793,"17,1879405179034",1
111,114020,Lodè,114020.0,1,8,5,5,13,114020,122.98404304222674,166.37590695582455,0.07813631335125769,0.07523391472572613,0.0480838851392355,0.04696362576736434,0.030052428212022187,0.0296097021228441,0.030052428212022187,0.0296097021228441,0.006010485642404437,0.005992494727008967,2.600863826579654,2.3106816317713794,0.6812632461163409,1.4387873033651082,0.21971224917484272,1.7319715255622599,0.0,1.00502351909283,1.4408286792933735,"17,1293169849437",1
236,116005,Elini,116005.0,2,1,3,3,4,116005,11.01539945401051,54.40726336760832,0.07351959559100749,0.07094259209744523,0.01837989889775187,0.018213030141825917,0.055139696693255615,0.053673172089336044,0.055139696693255615,0.053673172089336044,0.03675979779550374,0.03610027058969432,2.418845177846427,0.8832500671247865,1.2499705013550422,2.639863073757291,1.3437479653693332,1.7268144280066602,0.0,1.0031340516787426,1.4356563025866182,"17,0859437860414",1
16,112017,Cheremule,112017.0,0,4,1,2,5,112017,24.676692006897202,68.06855592049502,0.0734553558891431,0.07088275003749078,0.05876428471131448,0.05710245894629984,0.01469107117782862,0.014584202794221573,0.02938214235565724,0.028958760461853836,0.0,0.0,2.4163124642746654,2.8239305724449406,0.33303421503657205,1.406696759035073,0.0,1.7084877392562101,0.0,0.99639044934028,1.4172753165798957,"16,9311427011622",1
23,112024,Giave,112024.0,2,5,4,3,5,112024,46.992630616912365,90.38449453051018,0.05531922290401481,0.053843302111318554,0.05531922290401481,0.053843302111318554,0.044255378323211844,0.04330407479913287,0.03319153374240889,0.03265258799615075,0.022127689161605922,0.021886424448340824,1.7012775432271514,2.6583773727524953,1.0032321675263833,1.5890748325184691,0.8088737988887934,1.6948726444281959,0.0,0.9913509470024923,1.4036198837342984,"16,8154596596681",1
208,115064,Siamanna,115064.0,0,4,2,2,5,115064,28.344819630424507,71.73668354402231,0.06969934701444169,0.06737762489173392,0.05575947761155335,0.05426039192783128,0.027879738805776676,0.027498174592131216,0.027879738805776676,0.027498174592131216,0.0,0.0,2.268228111817714,2.6795339091485135,0.6320102064864427,1.3347678241467407,0.0,1.6769691257517423,0.0,0.984685231319576,1.385663321545457,"16,662446482523",1
277,117023,Turri,117023.0,0,2,2,2,4,117023,9.422499113764628,52.81436302736244,0.07573697325342449,0.07300598320791801,0.037868486626712244,0.037169077898527345,0.037868486626712244,0.037169077898527345,0.037868486626712244,0.037169077898527345,0.0,0.0,2.506267478018078,1.8197784188600061,0.8584467099569285,1.8129882008791849,0.0,1.6504624202436884,0.0,0.9747341229802553,1.3590780834993372,"16,4340162920459",1
295,118013,Donori,118013.0,3,0,5,5,6,118013,35.4006014399907,78.79246535358851,0.07614941318404549,0.07338931193593146,0.0,0.0,0.0634578443200379,0.06152571624538498,0.0634578443200379,0.06152571624538498,0.03807470659202274,0.03736775382247606,2.5225283288549267,0.0,1.4385359049196589,3.0381019484497274,1.3918142259564565,1.6393623945035147,0.0,0.9705373707547238,1.347945171243195,"16,3376787909783",1
323,118041,Samatzai,118041.0,0,3,2,4,5,118041,31.29320060026677,74.68506451386457,0.06694778979633602,0.06480203934766256,0.04016867387780161,0.03938288642344864,0.026779115918534407,0.026426830811645066,0.053558231837068815,0.052173227378154274,0.0,0.0,2.159745256083295,1.9303144210016043,0.607060012258455,2.564149007002131,0.0,1.6365365355774002,0.0,0.9694661374980611,1.3451109400252608,"16,3130883626039",1
213,115069,Siris,115069.0,0,2,1,0,5,115069,6.068851017590487,49.4607149311883,0.10109033011261963,0.09630089807416141,0.040436132045047854,0.039639982983024236,0.020218066022523927,0.02001639466446843,0.0,0.0,0.0,0.0,3.505848564844553,1.9431671818077159,0.4583265349316785,0.0,0.0,1.6292116718916305,0.0,0.9666840567294059,1.3377643746558907,"16,2492250000279",1
169,115025,Gonnoscodina,115025.0,0,2,4,2,3,115025,8.835452059652287,52.2273159732501,0.057441205700414444,0.055852032946283964,0.03829413713360963,0.03757911370977812,0.07658827426721926,0.07379703563753398,0.03829413713360963,0.03757911370977812,0.0,0.0,1.7849388067683916,1.840233147195579,1.7361916971774545,1.8333666056015656,0.0,1.617783259105138,0.0,0.9623278753306383,1.3263021024272312,"16,1492277622588",1
125,114034,Orani,114034.0,0,7,12,5,11,114034,129.9487142672605,173.3405781808583,0.06345888605796003,0.061526695821037626,0.04038292749142911,0.03958884489546535,0.06922787569959277,0.06693677649121064,0.02884494820816365,0.028436763484791003,0.0,0.0,2.0221917869309842,1.940610425330625,1.5693376584450587,1.3809781011814415,0.0,1.6128243892781795,0.0,0.9604317777274611,1.321328540746797,"16,1057023657012",1
285,118003,Ballao,118003.0,0,5,2,4,5,118003,46.10814187056639,89.5000057841642,0.05586591817723303,0.05436120579944135,0.05586591817723303,0.05436120579944135,0.02234636727089321,0.022100345588042383,0.04469273454178642,0.04372280824901759,0.0,0.0,1.7228315432911774,2.6846489338450246,0.506573332393372,2.1397052696615564,0.0,1.6102821533765173,0.0,0.9594583202336662,1.3187787728552514,"16,0833564045131",1
17,112018,Chiaramonti,112018.0,0,2,8,3,14,112018,98.68647355164941,142.07833746524722,0.09853718905898967,0.09397946667001736,0.014076741294141382,0.013978584054918626,0.05630696517656553,0.05477882976310335,0.021115111941212072,0.020895277138054006,0.0,0.0,3.4051884619878723,0.6764608859991825,1.2764314951362665,1.010905167323405,0.0,1.5975938342219211,0.0,0.9545855681595187,1.3060528614805773,"15,9715011571889",1
212,115068,Sini,115068.0,0,1,1,2,5,115068,8.851451818778969,52.24331573237678,0.09570602343873337,0.09139892575710785,0.019141204687746674,0.01896031646350711,0.019141204687746674,0.01896031646350711,0.03828240937549335,0.03756781842847868,0.0,0.0,3.293566966522858,0.9198347836053349,0.433914995092976,1.832805128527048,0.0,1.5797325541558433,0.0,0.947685732380429,1.2881386630442304,"15,8131136944527",1
187,115043,Nureci,115043.0,0,1,0,2,6,115043,13.127218064409044,56.51908197800685,0.10615883680373235,0.10089350653526957,0.017693139467288725,0.01753843797978982,0.0,0.0,0.03538627893457745,0.03477457345134013,0.0,0.0,3.7056794375383304,0.8502476922787885,0.0,1.6941502525256453,0.0,1.578388292210043,0.0,0.9471645107897481,1.2867904183966794,"15,8011489219691",1
158,115014,Bidonì,115014.0,0,2,0,0,6,115014,11.774591049237026,55.166454962834834,0.10876174668178604,0.10324384911250788,0.036253915560595346,0.03561220604705193,0.0,0.0,0.0,0.0,0.0,0.0,3.808301725358677,1.742189852651956,0.0,0.0,0.0,1.578037980770592,0.0,0.9470286370580414,1.286439069074703,"15,7980299063422",1
274,117020,Setzu,117020.0,0,1,1,0,6,117020,7.747286448941186,51.139150362539,0.11732693948695684,0.11093917151914584,0.019554489914492806,0.019365757288738506,0.019554489914492806,0.019365757288738506,0.0,0.0,0.0,0.0,4.145992895037686,0.9396952956949773,0.443283823234203,0.0,0.0,1.5673784570818907,0.0,0.9428853226861805,1.2757479639641012,"15,7029190846229",1
131,114040,Osidda,114040.0,0,1,2,2,7,114040,26.000231441378357,69.39209535497616,0.10087604307365859,0.09610626563812891,0.014410863296236942,0.014308013728889693,0.028821726592473885,0.028414192661270307,0.028821726592473885,0.028414192661270307,0.0,0.0,3.497400087095154,0.6925171919897921,0.653364276541606,1.3798663452333917,0.0,1.5600021312193244,0.0,0.9400080909986732,1.2683497839487654,"15,636871508814",1
343,118063,Ussana,118063.0,0,1,6,6,4,118063,32.799926062052016,76.19178997564983,0.05249909473551366,0.05116742646525398,0.013124773683878415,0.013039390123574655,0.07874864210327048,0.0758017046460137,0.07874864210327048,0.0758017046460137,0.0,0.0,1.590091210178005,0.6307138739866065,1.7851654171847056,3.7701627840542664,0.0,1.5572633325951342,0.0,0.9389376759869588,1.2656028709699962,"15,6122998634578",1
112,114021,Lodine,114021.0,1,2,2,2,3,114021,7.802612715117049,51.19447662871486,0.058600071678773784,0.05694734815266205,0.039066714452515854,0.038322920308362346,0.039066714452515854,0.038322920308362346,0.039066714452515854,0.038322920308362346,0.019533357226257927,0.0193450296989338,1.8306282403439118,1.8773595194666735,0.8856095259674943,1.8703544466328423,0.7140384497116834,1.5476072691294356,0.0,0.9351545928354792,1.255918199076462,"15,52545823985",1
218,115074,Tadasuni,115074.0,0,1,2,0,5,115074,5.149586721976724,48.541450635574535,0.10300475026050528,0.09803804693526069,0.020600950052101056,0.020391620523355206,0.04120190010420211,0.0403757190542052,0.0,0.0,0.0,0.0,3.5813264663584907,0.9899831668050274,0.9340123870563332,0.0,0.0,1.5086962090200706,0.0,0.9197631795512855,1.2168918555227515,"15,1721444833987",1
60,112061,Tula,112061.0,0,2,8,5,7,112061,66.2784461592882,109.670310072886,0.06382766671625034,0.06187341042937614,0.018236476204642953,0.01807218604855495,0.07294590481857181,0.07040804748353312,0.045591190511607385,0.044582457997438873,0.0,0.0,2.0367313279180674,0.8763578581947817,1.653622248325136,2.1827196654664807,0.0,1.4882412624091148,0.0,0.9115761405972755,1.1963763061759003,"14,9842089485882",1
325,118043,San Nicolò Gerrei,118043.0,0,8,3,4,3,118043,63.285052887786186,106.676916801384,0.02812229758744845,0.02773412648177285,0.0749927935665292,0.0723139578981138,0.02812229758744845,0.02773412648177285,0.0374963967832646,0.036810500136699634,0.0,0.0,0.6290119526289479,3.603795119874896,0.6375088098541941,1.7951740615794722,0.0,1.4864302369651679,0.0,0.910848042058837,1.1945599151302353,"14,9674952638256",1
259,117005,Genuri,117005.0,0,1,1,1,5,117005,7.713644986586836,51.105508900184645,0.09783681070010702,0.09334170790698473,0.019567362140021406,0.019378382552418354,0.019567362140021406,0.019378382552418354,0.019567362140021406,0.019378382552418354,0.0,0.0,3.3775753547749017,0.9403138733120484,0.4435756257496765,0.9368052394564064,0.0,1.4775869858288788,0.0,0.9072850969301247,1.185690463719594,"14,8857069638033",1
340,118059,Siurgus Donigala,118059.0,0,5,3,5,7,118059,76.11946465611629,119.5113285697141,0.05857185326089582,0.056920691443731436,0.04183703804349701,0.040985537668102506,0.025102222826098208,0.02479233720414417,0.04183703804349701,0.040985537668102506,0.0,0.0,1.8295157014021206,2.0104880263917457,0.5690462576465682,2.0029862053977463,0.0,1.4657338993575482,0.0,0.9024894911165837,1.1738022596073998,"14,7756226282614",1
20,112021,Erula,112021.0,0,0,3,3,8,112021,39.370136153101704,82.76200006669951,0.09666271952771373,0.09227167688784288,0.0,0.0,0.03624851982289265,0.035606999068656386,0.03624851982289265,0.035606999068656386,0.0,0.0,3.3312856529160086,0.0,0.821723426381149,1.7354308184019789,0.0,1.424045003911329,0.0,0.8854376340047427,1.1319898507065358,"14,3841929668382",1
89,113024,Telti,113024.0,2,3,8,5,7,113024,83.35826773533101,126.75013164892883,0.05522676709629404,0.05375568894560897,0.0236686144698403,0.02339285555969375,0.06311630525290747,0.06120450565403498,0.03944769078306717,0.03868950553274968,0.015779076313226868,0.01565588093819558,1.6976323818673285,1.1374004522839982,1.430793501813086,1.8885940345760417,0.5768013689645347,1.4207677700766752,0.0,0.8840847502144308,1.1287029072725208,"14,3531371797463",1
1,112002,Anela,112002.0,1,2,1,3,6,112002,36.78058831958137,80.17245223317917,0.0748386737946992,0.0721705794292116,0.02494622459823307,0.024640147407495948,0.012473112299116535,0.012395963891987992,0.0374193368973496,0.03673622253139782,0.012473112299116535,0.012395963891987992,2.47085113633855,1.19879628682802,0.2827549545786937,1.791484749532171,0.45595243387903317,1.4118233593420375,0.0,0.8803830420795582,1.119731996553708,"14,2681635400766",1
214,115070,Soddì,115070.0,0,1,1,0,5,115070,5.492930204729961,48.88479411832777,0.10228129401337525,0.0973819358833983,0.020456258802675053,0.020249839833386567,0.020456258802675053,0.020249839833386567,0.0,0.0,0.0,0.0,3.5528034906518102,0.9830299971233641,0.46372616472073885,0.0,0.0,1.404343779420532,0.0,0.8772770095357382,1.1122302565642632,"14,1968637831632",1
117,114026,Noragugume,114026.0,0,1,1,1,7,114026,26.67688918064447,70.06875309424228,0.09990187766842402,0.09522097370596459,0.01427169680977486,0.014170814849757919,0.01427169680977486,0.014170814849757919,0.01427169680977486,0.014170814849757919,0.0,0.0,3.4589926556879016,0.6858295160024019,0.3235273511884122,0.6832704506441839,0.0,1.376351213541281,0.0,0.8655662077235242,1.084154755925549,"13,9280393871879",1
73,113008,Buddusò,113008.0,1,6,12,6,13,113008,176.69470754137177,220.08657145496957,0.05906766557386189,0.05738896030405069,0.02726199949562856,0.026897009896538916,0.05452399899125712,0.05308947932281744,0.02726199949562856,0.026897009896538916,0.0045436665826047605,0.00453337529128725,1.8490635905991613,1.310081356726889,1.236013152813001,1.3051929934555198,0.16609293553944887,1.3418302894963436,0.0,0.8509327986286008,1.0495315552781572,"13,5921258072227",1
29,112030,Martis,112030.0,3,0,4,3,4,112030,22.87422319116803,66.26608710476584,0.060362700964613325,0.058611020318258225,0.0,0.0,0.060362700964613325,0.058611020318258225,0.045272025723459994,0.044277163238654035,0.045272025723459994,0.044277163238654035,1.9001216374903596,0.0,1.3683716108853938,2.167439361271827,1.6549109653015661,1.3343178141451173,0.0,0.8477196917517494,1.04199682239831,"13,5183681321101",1
40,112041,Padria,112041.0,0,3,4,3,5,112041,48.48252412675723,91.87438804035503,0.05442213120161185,0.05299287392520561,0.03265327872096711,0.032131488801889325,0.04353770496128948,0.042616580050792614,0.03265327872096711,0.032131488801889325,0.0,0.0,1.665908818531205,1.5691604607066822,0.9869631166282309,1.5633053843607616,0.0,1.3239511917157925,0.0,0.8432688369256602,1.03159948633804,"13,416197642046",1
297,118015,Escalaplano,118015.0,0,3,5,5,9,118015,93.75927917289233,137.15114308649015,0.06562103528604517,0.06355776093013836,0.021873678428681723,0.021637881821844097,0.036456130714469535,0.03580732755464443,0.036456130714469535,0.03580732755464443,0.0,0.0,2.107436651636406,1.05114440769651,0.8264297905034397,1.7453703784512942,0.0,1.3221086122834316,0.0,0.8424756574976308,1.0297514478176242,"13,3979900091222",1
324,118042,San Basilio,118042.0,0,1,2,5,6,118042,44.56055045663219,87.95241437023,0.06821870716070838,0.06599250155871633,0.01136978452678473,0.011305634318119472,0.02273956905356946,0.022484878854383245,0.056848922633923646,0.055291766335712124,0.0,0.0,2.2098524260096006,0.5463774856620837,0.5154868857659941,2.7216938185032897,0.0,1.3109015491470934,0.0,0.8376377294099342,1.0185111810410943,"13,2869341551506",1
83,113018,Oschiri,113018.0,3,2,12,5,21,113018,215.50351296709331,258.8953768806911,0.08111384704129963,0.07799184952362022,0.007725128289647584,0.007695442273605158,0.0463507697378855,0.04530865334519947,0.01931282072411896,0.019128695082439237,0.011587692434471376,0.011521069304777346,2.718256027481648,0.37123273192832384,1.0507329267653263,0.9246188379184931,0.4235860659182156,1.299483008859236,0.0,0.832684318911719,1.0070588105607392,"13,17322737345",1
37,112038,Osilo,112038.0,3,2,10,4,8,112038,97.74052967373723,141.13239358733503,0.05668436421047071,0.055136047544993384,0.014171091052617678,0.014071619784615533,0.0708554552630884,0.06845781995128679,0.028342182105235356,0.027947973616791487,0.021256636578926517,0.02103386565705758,1.7550995849535118,0.6809948843073881,1.606233516873433,1.3569077172393478,0.7770326244020197,1.2992647199636913,0.0,0.8325893848520225,1.0068398749314467,"13,1710481382734",1
205,115061,Senis,115061.0,0,1,0,2,5,115061,16.23807844564312,59.62994235924093,0.08385049192027508,0.08051997092248842,0.016770098384055014,0.016631032891906948,0.0,0.0,0.03354019676811003,0.03298999320831403,0.0,0.0,2.826150949545677,0.8058907508581351,0.0,1.605767391635239,0.0,1.2901830813235227,0.0,0.8286317625466739,0.9977313297361805,"13,0801999245649",1
328,118046,Sant'Andrea Frius,118046.0,0,2,4,5,3,118046,36.097512159473304,79.48937607307111,0.037740892534396435,0.0370461317471392,0.025160595022930957,0.024849278388796598,0.05032119004586191,0.04909601267478251,0.06290148755732738,0.06100242108349412,0.0,0.0,1.0082345401628314,1.209097904538612,1.1407390124092207,3.0114658629832967,0.0,1.284612520112841,0.0,0.826196434523669,0.9921442643880762,"13,0242963583289",1
302,118020,Gesico,118020.0,1,2,2,2,4,118020,25.69387225239343,69.08573616599124,0.05789907181982199,0.056284933630324156,0.028949535909910996,0.028538413773626578,0.028949535909910996,0.028538413773626578,0.028949535909910996,0.028538413773626578,0.014474767954955498,0.014371008564828524,1.8029906298780571,1.3911762887220152,0.6562616061639187,1.3859853324208133,0.5291226055395698,1.2807536427937836,0.0,0.8245059334333511,0.9882739542098933,"12,9854904813456",1
298,118016,Escolca,118016.0,0,0,2,2,5,118016,14.778239830318908,58.17010374391672,0.08595480630413845,0.08245960582458767,0.0,0.0,0.034381922521655374,0.03380407202896173,0.034381922521655374,0.03380407202896173,0.0,0.0,2.909115618505632,0.0,0.7794092370696777,1.6460657767964089,0.0,1.2755263994850865,0.0,0.8222114100267236,0.9830312239262498,"12,9328191204321",1
162,115018,Busachi,115018.0,0,3,2,4,6,115018,58.91031897926004,102.30218289285784,0.058649774915202575,0.056994298904854024,0.029324887457601288,0.02890313827060312,0.019549924971734193,0.01936127988902776,0.039099849943468386,0.03835480946635683,0.0,0.0,1.8325878394362216,1.409213889556337,0.44318033982513777,1.8719408383658807,0.0,1.2715070179398604,0.0,0.8204434957744503,0.9789999339892356,"12,892236204879",1
147,115003,Albagiara,115003.0,4,3,1,1,1,115003,9.169669717230276,52.56153363082809,0.019025320056747466,0.018846601877660293,0.05707596017024239,0.05550656823244791,0.019025320056747466,0.018846601877660293,0.019025320056747466,0.018846601877660293,0.07610128022698986,0.07334458391497087,0.2703546459269278,2.742797766844321,0.43128798807269364,0.9108544822729275,2.781868960104212,1.2678785014550578,0.0,0.8188448136435282,0.9753606671450992,"12,8555380551628",1
317,118035,Ortacesus,118035.0,0,1,3,3,4,118035,23.807416498539634,67.19928041213744,0.05952444692067752,0.057820172476700425,0.01488111173016938,0.014771474333018546,0.04464333519050814,0.043675521120821154,0.04464333519050814,0.043675521120821154,0.0,0.0,1.8670726454800513,0.7151150834769403,1.0120268230830904,2.137340230839661,0.0,1.2619069637558178,0.0,0.8162082467666392,0.9693714373184262,"12,7950150005083",1
154,115010,Baradili,115010.0,0,0,2,0,5,115010,5.637568911013128,49.029432824610936,0.10197956027527587,0.097108162714132,0.0,0.0,0.04079182411011035,0.03998179279532625,0.0,0.0,0.0,0.0,3.5409073405862928,0.0,0.9247163095174945,0.0,0.0,1.2472154640793867,0.0,0.8096918782720206,0.9546364105142184,"12,6454301255691",1
160,115016,Boroneddu,115016.0,0,1,1,2,3,115016,4.719067957603875,48.110931871201686,0.062355890508031184,0.06048898015449113,0.020785296836010395,0.020572229934917037,0.020785296836010395,0.020572229934917037,0.04157059367202079,0.040729760191940176,0.0,0.0,1.9787051000718918,0.9988419918817028,0.47118517991592684,1.9902299390478704,0.0,1.236093554832359,0.0,0.8047303946824923,0.9434815499160303,"12,5315380240303",1
11,112012,Bultei,112012.0,0,7,2,4,6,112012,96.89845614247626,140.29032005607408,0.04276845328745275,0.041879150689665245,0.04989652883536154,0.04869161534733391,0.014256151095817583,0.014155487760239687,0.028512302191635166,0.02811339133407428,0.0,0.0,1.2064510788853373,2.397788621596687,0.3231749429410981,1.3650523709303097,0.0,1.230775323292539,0.0,0.8023492036523459,0.938147561826581,"12,4768771860582",1
72,113007,Bortigiadas,113007.0,5,2,2,4,7,113007,75.66751039869477,119.05937431229259,0.05879419441294063,0.05713070817948318,0.01679834126084018,0.016658809559007264,0.01679834126084018,0.016658809559007264,0.03359668252168036,0.03304464440645239,0.04199585315210045,0.0411379636227768,1.8382817204993747,0.807247968487844,0.3808042536859617,1.6084716984048828,1.5351510511841475,1.224243218888113,0.0,0.7994167314196987,0.9315961044800236,"12,4095615496657",1
71,113006,Berchidda,113006.0,5,9,13,6,9,113006,202.26160569546892,245.65346960906672,0.03663697489932714,0.03598179553664355,0.03663697489932714,0.03598179553664355,0.05292007485458365,0.05156732794877876,0.024424649932884762,0.024131137854279977,0.020353874944070635,0.020149503347402512,0.9647114991881103,1.7605978530729496,1.1996535429949367,1.1693523053991977,0.7440323310707146,1.2192997005406088,0.0,0.7971916959123727,0.9266379397615215,"12,3584853009278",1
33,112034,Nughedu San Nicolò,112034.0,0,2,4,2,8,112034,67.51194611303286,110.90381002663068,0.07213458219405633,0.0696515978602062,0.018033645548514082,0.017872968219218043,0.036067291097028165,0.035432094524308955,0.018033645548514082,0.017872968219218043,0.0,0.0,2.3642396593629225,0.866610786590231,0.8176151237441401,0.8633771642522078,0.0,1.2189541938430937,0.0,0.7970360010348668,0.9262914094166932,"12,3549112859224",1
21,112022,Esporlatu,112022.0,0,1,2,2,4,112022,18.496689792623,61.888553706220804,0.06463230695271419,0.06262948786071079,0.016158076738178546,0.016028924394562126,0.03231615347635709,0.031804970411497185,0.03231615347635709,0.031804970411497185,0.0,0.0,2.0684550624332125,0.7764799166196327,0.7325799920050952,1.5471652069958353,0.0,1.1932472773352663,0.0,0.7853832206419159,0.9005083299395148,"12,0874187861944",1
210,115066,Simala,115066.0,1,2,2,2,2,115066,13.346424069320884,56.73828798291869,0.03524956552446751,0.034642523761700794,0.03524956552446751,0.034642523761700794,0.03524956552446751,0.034642523761700794,0.03524956552446751,0.034642523761700794,0.017624782762233754,0.017471267436717286,0.910011516913674,1.6939255916915652,0.799077973465809,1.687604973812119,0.6442708447032021,1.1738682782322933,0.0,0.7765081972738329,0.8810719158558581,"11,8836903964181",1
193,115049,Pompu,115049.0,0,3,1,0,2,115049,5.383135211794675,48.77499912539248,0.04100461375423769,0.04018622166358452,0.061506920631356536,0.059689521811476624,0.020502306877118844,0.020294963801335643,0.0,0.0,0.0,0.0,1.1369099665430806,2.955728542278839,0.4647700358000294,0.0,0.0,1.1729591326926398,0.0,0.7760898942371743,0.880160076752243,"11,8740881451831",1
304,118022,Guamaggiore,118022.0,0,1,2,3,3,118022,16.77981317749018,60.171677091087986,0.04985734393705854,0.048654292022142845,0.016619114645686182,0.016482528377691128,0.033238229291372365,0.032697782417763145,0.04985734393705854,0.048654292022142845,0.0,0.0,1.4859375807825046,0.7986351942421336,0.7534826744263239,2.386965636522197,0.0,1.1541814531588792,0.0,0.7674108152785297,0.8613267637927318,"11,6748577085236",1
223,115079,Ulà Tirso,115079.0,0,2,4,2,2,115079,19.182743833988678,62.574607747586484,0.031961846378128364,0.03146169581211376,0.031961846378128364,0.03146169581211376,0.06392369275625673,0.0619636710132965,0.031961846378128364,0.03146169581211376,0.0,0.0,0.7803899486247392,1.5359335280330062,1.449096296766122,1.5302024327791512,0.0,1.1374499908657705,0.0,0.7596135254688963,0.8445457304882791,"11,4958689631814",1
123,114032,Onifai,114032.0,1,2,2,2,5,114032,43.39186391359781,86.78372782719562,0.05761448747576315,0.05601588846677505,0.02304579499030526,0.02278425135396716,0.02304579499030526,0.02278425135396716,0.02304579499030526,0.02278425135396716,0.01152289749515263,0.011457014537170138,1.7917706115779968,1.1074707257840752,0.5224287699370107,1.1033383723296568,0.42121749826830207,1.1265071245830987,0.0,0.7544807860859521,0.8335704433126135,"11,3780456419055",1
165,115021,Curcuris,115021.0,0,2,2,1,2,115021,7.208340535122717,50.600204448720525,0.039525531997145355,0.03876438982010989,0.039525531997145355,0.03876438982010989,0.039525531997145355,0.03876438982010989,0.019762765998572678,0.019570017890368833,0.0,0.0,1.0785957102309678,1.8994080970647582,0.8960105334210078,0.946160376709497,0.0,1.119556900526106,0.0,0.7512070576526582,0.8265996275327016,"11,3028963837437",1
142,114051,Tiana,114051.0,0,3,2,3,1,114051,19.062975866165434,62.45483977976325,0.01601156937598969,0.015884736272548907,0.048034708127969075,0.046916703793165475,0.03202313875197938,0.03152108807931589,0.048034708127969075,0.046916703793165475,0.0,0.0,0.15153455446423375,2.3083184197241478,0.7259375948955801,2.2997052912923412,0.0,1.1126832839432743,0.0,0.7479588381155716,0.8197056461951562,"11,2283326886992",1
195,115051,Ruinas,115051.0,0,1,1,4,4,115051,30.585227258357744,73.97709117195555,0.05407079322302937,0.05265961410937767,0.013517698305757343,0.01342714931863042,0.013517698305757343,0.01342714931863042,0.05407079322302937,0.05265961410937767,0.0,0.0,1.6520569723861245,0.6495959527499446,0.3064348399014757,2.5886883490184363,0.0,1.1076063002363838,0.0,0.7455528486426916,0.8146136206937998,"11,1731025962477",1
64,112065,Viddalba,112065.0,0,2,4,3,3,112065,50.36567732779093,93.75754124138874,0.03199742612998118,0.031496172996165014,0.02133161741998745,0.021107283137009897,0.0426632348399749,0.041778242615652356,0.03199742612998118,0.031496172996165014,0.0,0.0,0.7817927154150925,1.0250955472006829,0.967139615203471,1.5319058457234085,0.0,0.9140255013239039,0.0,0.6492086165177119,0.6204592917568211,"8,96149655747982",1
12,112013,Bulzi,112013.0,0,1,1,2,3,112013,21.533560035485785,64.9254239490836,0.046206860387275825,0.045171109366706534,0.01540228679575861,0.015284875641836,0.01540228679575861,0.015284875641836,0.03080457359151722,0.030339636720181303,0.0,0.0,1.3420136682844805,0.7401602654023837,0.34915687431525866,1.4747969467346003,0.0,0.8786950837091818,0.0,0.6305774314298553,0.5850241992187908,"8,5338130258258",1
46,112047,Putifigari,112047.0,0,0,3,5,4,112047,52.893810468547365,96.28567438214517,0.04154304392286361,0.04070330964343289,0.0,0.0,0.031157282942147705,0.03068174717479815,0.051928804903579505,0.05062543607823014,0.0,0.0,1.1581381067110388,0.0,0.7063093726596594,2.486138712222433,0.0,0.8616241133786084,0.0,0.6214492859617029,0.5679026520020442,"8,32427415468789",1
315,118033,Nurri,118033.0,3,0,5,5,4,118033,73.92862065607062,117.32048456966842,0.03409464267618738,0.03352630253217513,0.0,0.0,0.042618303345234226,0.041735148679486155,0.042618303345234226,0.041735148679486155,0.025570982007140534,0.025249513109210055,0.8644775451285576,0.0,0.9661210560459901,2.0403899915001134,0.934742765336804,0.8521002500064627,0.0,0.6163202654320117,0.5583505718768742,"8,20653620062215",1
51,112052,Semestene,112052.0,0,2,1,2,3,112052,39.48821407371866,82.88007798731647,0.03619687713685675,0.03555716162915405,0.02413125142457117,0.02384469362288216,0.012065625712285585,0.011993416304546981,0.02413125142457117,0.02384469362288216,0.0,0.0,0.9473602110662572,1.1596325724710372,0.27351757672240895,1.1553055852603242,0.0,0.8021155595711669,0.0,0.5889612856378631,0.5082177896840747,"7,57850395008975",1
121,114030,Olzai,114030.0,0,2,3,4,3,114030,69.68412329643749,113.0759872100353,0.026530831823980354,0.026184992899120275,0.017687221215986905,0.017532622603542453,0.026530831823980354,0.026184992899120275,0.03537444243197381,0.03476314141819249,0.0,0.0,0.5662668460803603,0.8499632894162551,0.6014316208678624,1.6935835692100005,0.0,0.7566947357332444,0.0,0.5634340523532797,0.46266239564934114,"6,99251990060369",1
129,114038,Ortueri,114038.0,0,2,0,4,1,114038,38.79057531528078,82.1824392288786,0.01216804963910835,0.012094614034984337,0.0243360992782167,0.024044694715658337,0.0,0.0,0.0486721985564334,0.047524791119129516,0.0,0.0,0.0,1.1694765809440606,0.0,2.3302257247168967,0.0,0.6419030039435496,0.0,0.49585593738746314,0.34753056553834866,"5,44124730388952",1
56,112057,Tergu,112057.0,1,0,5,1,2,112057,36.72497341764179,80.1168373312396,0.024963541580293375,0.024657042767815152,0.0,0.0,0.06240885395073344,0.060538833619776,0.012481770790146687,0.012404515678600639,0.012481770790146687,0.012404515678600639,0.5044748832307159,0.0,1.4147561764033705,0.5975761163017221,0.45626894350103003,0.5695570120452502,0.0,0.45079342161321606,0.2749702311084608,"4,40682593988803",1
209,115065,Siapiccia,115065.0,0,1,0,1,2,115065,17.831122318950786,61.22298623254859,0.03266746892095766,0.03214523020259624,0.01633373446047883,0.01620177401862429,0.0,0.0,0.01633373446047883,0.01620177401862429,0.0,0.0,0.8082098129593811,0.7849211869375936,0.0,0.7819923765385727,0.0,0.5559920971029986,0.0,0.44211334676065306,0.2613651268186971,"4,20757264223361",1
152,115008,Assolo,115008.0,2,0,1,1,1,115008,16.337263779960114,59.72912769355793,0.016742250198772863,0.01660364364560768,0.0,0.0,0.016742250198772863,0.01660364364560768,0.016742250198772863,0.01660364364560768,0.033484500397545726,0.032936102830851105,0.180342366187831,0.0,0.379532716532541,0.8015504386470829,1.2240200430622121,0.37264382326614115,0.0,0.31673867817648516,0.07747363929238182,"1,32956564551403",1
5,112006,Bessude,112006.0,0,0,1,2,1,112006,26.54436184439998,69.93622575799779,0.014298741305547815,0.014197478450159758,0.0,0.0,0.014298741305547815,0.014197478450159758,0.02859748261109563,0.028196206962232354,0.0,0.0,0.08400461932752865,0.0,0.3241404271385443,1.3691304608986274,0.0,0.2953990403607616,0.0,0.2588187869610645,0.0,0,1
