,codice_istat,nome_comune,codice_istat_str,infrastrutture,natura,ristorazione,servizi,turismo,com_istat_code,area_km2,turismo_density,turismo_log_density,natura_density,natura_log_density,ristorazione_density,ristorazione_log_density,servizi_density,servizi_log_density,infrastrutture_density,infrastrutture_log_density,turismo_density_norm,natura_density_norm,ristorazione_density_norm,servizi_density_norm,infrastrutture_density_norm,turismo_log_density_norm,natura_log_density_norm,ristorazione_log_density_norm,servizi_log_density_norm,infrastrutture_log_density_norm,indice,indice_log,classe
0,90001,Aggius,90001,0,19,14,6,12,90001,86.36631128311511,0.1389430649719787,0.13010069636050584,0.21999318620563293,0.1988452736522186,0.16210024246730848,0.1502289218924902,0.06947153248598935,0.0671646315946611,0.0,0.0,1.3740612759061088,1.632755191429698,2.432084743238945,1.984078267032106,0.0,4.759654139973603,7.440878566246309,7.376188420383162,4.464546591480602,0.0,1.604435869331862,5.433035556352381,1
1,90002,Alà dei Sardi,90002,2,62,16,5,40,90002,197.22634798855307,0.20281265869366288,0.1846626964314148,0.3143596209751775,0.2733495667693243,0.08112506347746515,0.07800222435880719,0.02535158233670786,0.02503556093462872,0.010140632934683144,0.010089561689494592,2.148554735130717,2.333128184448973,1.2171667739338823,0.7240307180395253,0.12335338159191914,7.237807101083653,10.228862346630315,3.8298824010153845,1.6641560533086635,0.4541857269022486,1.5922217673033554,5.789576177872275,1
2,90003,Alghero,90003,241,283,174,59,251,90003,223.06128139692424,1.125251314025048,0.7538900608071284,1.268709648880831,0.8192112332555934,0.7800546957783201,0.5766440917972478,0.26450130489034995,0.23467781906910593,1.0804205843826158,0.7325700773028508,13.334201354447616,9.416165570195671,11.703616821405793,7.554047994268924,13.142526061592166,33.09156020286293,30.65524865037062,28.31302667299412,15.599431312958503,32.97694025827385,11.142384968463917,28.89149428082152,5
3,90004,Anela,90004,1,186,1,3,6,90004,36.734292029973865,0.16333512008627293,0.15129098343582564,5.063388722674461,1.8022688389506736,0.02722252001437882,0.02685857740324956,0.08166756004313647,0.07850388741346061,0.02722252001437882,0.02685857740324956,1.6698434477074187,37.57968310639264,0.40843538906389937,2.332391775520498,0.3311420422035275,5.722096363393383,67.44170141965083,1.318746917265322,5.218286092670274,1.209049795905086,10.360533859271593,19.744451540874834,5
4,90005,Ardara,90005,2,14,3,4,8,90005,37.975381507056184,0.2106627947506867,0.1911679738973374,0.3686598908137017,0.3138320792201049,0.0789985480315075,0.07603334061383865,0.10533139737534335,0.10014519713357091,0.05266569868767167,0.05132570761552428,2.243746808164431,2.736136336674252,1.1852614189902055,3.0082211934894123,0.6406396986134859,7.533270474751544,11.743735965048108,3.7332108859850712,6.656820530396196,2.310447622952875,2.1095075593006936,7.172125152739222,2
5,90006,Arzachena,90006,46,70,119,21,113,90006,231.0045007293218,0.4891679583871273,0.3982175467945734,0.3030243990008753,0.26468802321748885,0.515141478301488,0.415508819618707,0.0909073197002626,0.08700975338021906,0.19913031934343237,0.18159656016692766,5.620947366800059,2.2489999310072943,7.728968883185212,2.5962754941069734,2.422274667341427,16.93726064199302,9.904743535145844,20.401340202866706,5.783685381073441,8.174643083677454,4.425996760279072,13.32264923248647,4
6,90007,Banari,90007,0,8,3,2,11,90007,21.426369123936894,0.5133860961870171,0.4143495880991832,0.3733717063178306,0.31726881579653504,0.1400143898691865,0.1310408850190075,0.09334292657945766,0.08923990799992819,0.0,0.0,5.91462058793168,2.77110669806642,2.1007177796383227,2.665835420354741,0.0,17.66996226355772,11.87234017604947,6.4340624062102325,5.931927528309287,0.0,3.287181719876985,10.445675333568124,3
7,90008,Benetutti,90008,0,153,7,4,19,90008,94.41779463052936,0.20123325348097548,0.18334874029445142,1.6204572517152236,0.9633488261009704,0.07413856707193833,0.0715190073844119,0.04236489546967905,0.04149206962067458,0.0,0.0,2.12940260129968,12.026781537473756,1.1123442822586938,1.2099239124087116,0.0,7.1781284916603765,36.048941472405346,3.511558676322818,2.7580480023534215,0.0,4.049473608071389,12.281692851217025,4
8,90009,Berchidda,90009,5,58,13,6,9,90009,201.86768672331803,0.0445836584650395,0.04361839307713202,0.28731691010803234,0.25256013770222496,0.06439861778283483,0.062409961532461866,0.029722438976693,0.02928928920451114,0.024768699147244166,0.02446692775692297,0.22984320753394524,2.1324213929332045,0.9662101265943246,0.8488605779459042,0.3012931063696882,0.8317120614797073,9.450912665913064,3.064307656429478,1.946908561548399,1.1013887134377107,0.952758733141204,3.6272784717841047,1
9,90010,Bessude,90010,0,11,1,2,1,90010,26.481249088840244,0.037762569153938476,0.037067019806294885,0.41538826069332324,0.34740388263993455,0.037762569153938476,0.037067019806294885,0.07552513830787695,0.07280904305349072,0.0,0.0,0.147129528795747,3.0829470257866114,0.56657391072886,2.1569667483796064,0.0,0.5341550611981409,13.000007778346284,1.8199779298753878,4.839740161982296,0.0,1.25173540948809,4.500205073218435,1
10,90011,Bonnanaro,90011,0,10,3,4,3,90011,22.07073609772791,0.13592659468701807,0.12744870085819146,0.45308864895672685,0.37369139370896953,0.13592659468701807,0.12744870085819146,0.18123545958269074,0.1665608904020682,0.0,0.0,1.3374830487793214,3.362753440329151,2.039386197743604,5.1760098518931,0.0,4.639203084323702,13.98369813256438,6.257687398807482,11.07158392539501,0.0,2.4262119920487697,7.799960527008953,2
11,90012,Bono,90012,0,368,21,8,5,90012,74.42083888545598,0.06718548292227255,0.0650247931278112,4.94485154307926,1.7825255581033197,0.28217902827354474,0.24856099638792492,0.1074967726756361,0.10210230887027677,0.0,0.0,0.5039167406293457,36.699918606865864,4.2336969956382715,3.070063417484477,0.0,1.8039699259889839,66.70289907053692,12.204259474268145,6.786913055670336,0.0,10.633403585655596,20.675804598635104,5
12,90013,Bonorva,90013,6,158,13,5,15,90013,149.724437158042,0.10018404667079638,0.0954774809639748,1.055271958265722,0.7204081789807332,0.08682617378135686,0.08326168162690681,0.033394682223598794,0.032849190954473834,0.04007361866831855,0.0392914978290626,0.9040628868285052,7.832064246835404,1.30270386615886,0.9537383279640228,0.487466256514945,3.1871013807903545,26.957994421842592,4.08811994482349,2.1835412482237047,1.768722770301516,2.6815830758352726,9.01765647292616,3
13,90014,Bortigiadas,90014,5,7,2,4,5,90014,75.41491130015967,0.06629988570959724,0.06419460485789402,0.09281983999343614,0.088761364861236,0.0265199542838389,0.02617439643437112,0.0530399085676778,0.05168113230799427,0.06629988570959724,0.06419460485789402,0.4931778395536103,0.6888944072808573,0.39789438450794834,1.5147978763203882,0.8064896100779845,1.7662635824403534,3.3214897451467293,1.285153866895838,3.4353322219049396,2.8897462712322954,0.7076244730437438,2.4215567448069266,1
14,90015,Borutta,90015,0,3,1,2,5,90015,4.7456686608302165,1.0535923085547423,0.7195906052204591,0.6321553851328453,0.4899014634880492,0.21071846171094846,0.19121395340603564,0.4214369234218969,0.3516682778721246,0.0,0.0,12.465252175388573,4.69175888884628,3.1615323212692474,12.036064424732428,0.0,31.53371229926516,18.3323306221327,9.388539378180758,23.375984860321175,0.0,7.350231502791855,19.42730194999705,5
15,90016,Bottidda,90016,0,82,1,2,7,90016,33.66481522492336,0.20793222696251815,0.1889099944309133,2.4357775158466413,1.2342432511078365,0.029704603851788306,0.029271968731841548,0.05940920770357661,0.057711401523005856,0.0,0.0,2.2106354829050074,18.077961653089165,0.4456755445412795,1.696702428293699,0.0,7.430715244122673,46.185931322486795,1.437243601842163,3.8361744096811985,0.0,5.526321531296103,14.638572285679114,4
16,90017,Buddusò,90017,1,217,12,6,13,90017,176.9666998269104,0.07346014822401721,0.070887214428255,1.226219397277826,0.8003048092174613,0.06780936759140051,0.06560922984131037,0.033904683795700254,0.033342589821450434,0.005650780632616709,0.0056348748636138365,0.580004389725741,9.100809535372335,1.0173836007739865,0.9683037621663384,0.06873761274637588,2.0702353980407566,29.947761855206696,3.221390630574198,2.21633830491114,0.2536561859370384,2.804799746515192,9.110105573659114,3
17,90018,Bultei,90018,0,406,2,4,6,90018,96.76164348833736,0.0620080414479853,0.06016149477600003,4.195877471313672,1.6478655171819008,0.020669347149328436,0.02045863477163643,0.04133869429865687,0.04050709147020437,0.0,0.0,0.44113421261097335,31.141149605818548,0.3101143038988926,1.1806160309187124,0.0,1.583083646240447,61.66386045614912,1.0045119341759494,2.6925748397683353,0.0,8.156742930655515,16.495678820709855,5
18,90019,Bulzi,90019,0,8,1,2,3,90019,21.623682988907568,0.13873677308065088,0.12991955422766915,0.36996472821506904,0.3147849936801873,0.04624559102688363,0.04520812874039499,0.09249118205376726,0.08846057660836856,0.0,0.0,1.37155974565964,2.7458206368009965,0.6938496492454942,2.64150994858216,0.0,4.751426840529161,11.779394447903952,2.2197035798521716,5.880124053396788,0.0,1.6329195050345637,5.6962359881146885,1
19,90020,Burgos,90020,0,7,4,3,6,90020,17.465953886678097,0.34352546897403713,0.29529710607573867,0.40077971380304334,0.3370290200193101,0.22901697931602477,0.20621464604259312,0.17176273448701856,0.15850922568312378,0.0,0.0,3.854861990914359,2.974524664231952,3.43607568291888,4.905472736626739,0.0,12.262714353465027,12.611775805397437,10.125068229813511,10.536376161677218,0.0,3.3231258104100827,10.437228327603153,3
20,90021,Calangianus,90021,9,34,8,5,14,90021,126.15164807269765,0.11097754340817008,0.10524029749926615,0.26951689113412736,0.23863642741801716,0.06341573909038291,0.06148612270302401,0.039634836931489316,0.038869533161699416,0.07134270647668077,0.06891272765375558,1.03494664760026,2.000312422248883,0.9514634227277399,1.1319545684268426,0.8678318357939125,3.6305190098043965,8.929881235225956,3.018947487494255,2.583723571012658,3.10213448963069,1.2574311532312645,4.623187493861627,1
21,90022,Cargeghe,90022,0,9,2,3,8,90022,11.784702339672023,0.6788461659374119,0.5181067514662531,0.7637019366795883,0.56741497317125,0.16971154148435297,0.15675717267239814,0.25456731222652945,0.22679074200227609,0.0,0.0,7.921017283406841,5.668076922405083,2.5462815139150705,7.270337267819675,0.0,22.382511680740404,21.232920624613858,7.696723289445026,15.075163968681741,0.0,5.393131308579289,15.823602913566852,4
22,90023,Castelsardo,90023,9,23,26,5,39,90023,42.90338470888495,0.9090191896194011,0.6465895968771637,0.5360882400319544,0.4292390810128812,0.6060127930796007,0.4737545812958323,0.11654092174607705,0.11023544343660431,0.20977365914293872,0.19043328355146044,10.712134166167415,3.97876348842195,9.092364365548434,3.3283605785278074,2.5517431102046526,28.21807752130891,16.062317293445886,23.261187077935613,7.327536257853389,8.572431784252728,6.781232392865035,19.089613612444545,5
23,90024,Cheremule,90024,0,11,1,2,5,90024,24.587735292017936,0.203353417491166,0.1851121739732681,0.44737751848056523,0.36975331098199476,0.040670683498233204,0.03986539328145438,0.08134136699646641,0.07820227696232922,0.0,0.0,2.155112067458669,3.320366318733626,0.6102060510680697,2.3230758368677042,0.0,7.258221933748302,13.836333325661792,1.9573771055025058,5.1982375361669035,0.0,1.9471277856647766,6.807760963065475,2
24,90025,Chiaramonti,90025,0,25,8,3,15,90025,98.54125375016531,0.15222051099562792,0.14169095975084955,0.2537008516593799,0.22609985845633807,0.08118427253100156,0.07805698900562723,0.030444102199125585,0.029989876499301394,0.0,0.0,1.5350658244137168,1.882928238649156,1.2180551219929332,0.8694709814379188,0.0,5.286072627263253,8.460757249687434,3.8325713263476806,1.9934777832463124,0.0,1.3052834786006784,4.766547033357318,1
25,90026,Codrongianos,90026,0,5,6,4,8,90026,30.91851894267084,0.25874460593774273,0.2301148797884187,0.1617153787110892,0.14989768755855193,0.19405845445330705,0.1773579706006293,0.12937230296887137,0.12166199428745583,0.0,0.0,2.826794955211037,1.2002263737284322,2.911572488656836,3.694819525223483,0.0,9.302201049778573,5.60923812770679,8.708215385738024,8.087078407379659,0.0,2.2846325065103086,7.147674685114822,2
26,90027,Cossoine,90027,1,15,3,4,10,90027,39.423821799163726,0.2536537439455483,0.22606228282669247,0.38048061591832244,0.32243171094093837,0.07609612318366449,0.07333979156337979,0.1014614975782193,0.09663793211299475,0.025365374394554826,0.025049011896548984,2.7650623045862197,2.8238679187924016,1.141714641493804,2.8976984540548925,0.3085512242743636,9.118136038455019,12.065538008284388,3.600958553575024,6.423686696095865,1.127591467948799,2.2293384899083972,7.548329175531867,2
27,90028,Esporlatu,90028,1,7,2,3,5,90028,18.876506890198595,0.2648795155313503,0.23497687300417616,0.37083132174389044,0.31541736000143383,0.10595180621254013,0.10070632729769377,0.1589277093188102,0.1474951890894623,0.05297590310627007,0.05162034885036518,2.901187903033566,2.7522523591077044,1.5896569152886768,4.538909720355461,0.6444131084455285,9.523028051517283,11.803057876857304,4.944646050273618,9.804254532105402,2.3237110180873657,2.621628612642603,8.499611376348781,3
28,90029,Florinas,90029,2,18,5,4,12,90029,36.316238875122146,0.33043069358761173,0.28550271957724244,0.49564604038141763,0.4025582475340211,0.1376794556615049,0.1289906226185659,0.11014356452920392,0.10448934437457784,0.05507178226460196,0.05360880467464383,3.6960725373443943,3.6786077764603604,2.065685396117278,3.145654699353502,0.6699079452326901,11.817862847435908,15.06390863974228,6.333395227171917,6.945583340483119,2.4132221665154847,2.980449783968158,9.861174777324742,3
29,90030,Giave,90030,2,17,4,3,5,90030,47.16019227637366,0.10602162032543076,0.10076945112375435,0.3604735091064646,0.3078328076120227,0.08481729626034461,0.08141158226968234,0.06361297219525845,0.061671576810337594,0.042408648130172304,0.041534043158408494,0.9748502889365801,2.6753782856543324,1.272563501804532,1.8167602054752992,0.5158701818016282,3.4274575170119066,11.519240553607027,3.997280702396632,4.099413954973785,1.8696718612397993,1.5399134074569214,5.509382813354702,1
30,90031,Illorai,90031,8,6,3,5,9,90031,56.76527864724349,0.15854762302725062,0.1471671715354781,0.10569841535150042,0.10047718540203783,0.05284920767575021,0.05150002031023726,0.08808201279291701,0.08441652499812081,0.1409312204686672,0.1318447890180344,1.6117894513969493,0.7844771893514031,0.792927572001508,2.515585896051963,1.7143252032354117,5.534796838841021,3.7599009597904924,2.5286332929535535,5.611309107142568,5.935046851517806,1.3870120518885727,4.541342001413806,1
31,90032,Ittireddu,90032,2,68,3,3,17,90032,23.810520851372708,0.7139701019610383,0.5388123765934837,2.855880407844153,1.3495993617040993,0.12599472387547733,0.11866684398314341,0.12599472387547733,0.11866684398314341,0.08399648258365155,0.0806546581631601,8.346936052063208,21.195899938697778,1.8903725312314152,3.598357261695085,1.0217557656665055,23.322941029994393,50.502608279679805,5.8265012452015315,7.88798570390456,3.630702271638743,8.823059472360605,22.33410271070813,5
32,90033,Ittiri,90033,8,112,37,12,44,90033,110.82198289923973,0.3970331413398835,0.33435080321453853,1.0106298143197034,0.6984480134476795,0.33386877794490205,0.2880835752974016,0.10828176581996823,0.10281085727756166,0.07218784387997881,0.06970127479804528,4.503705045189365,7.500737201931923,5.009228541082454,3.092482497382458,0.8781123140715621,14.036495283068689,26.136235261944663,14.144804511956622,6.834011465972556,3.13763126034758,4.779825128270805,14.912833148728737,4
33,90034,Laerru,90034,3,15,3,3,7,90034,20.034709478273005,0.34939363645833116,0.29965533336957423,0.7487006495535669,0.5588730261868083,0.14974012991071337,0.13953594284850532,0.14974012991071337,0.13953594284850532,0.14974012991071337,0.13953594284850532,3.9260203789577326,5.556739703941215,2.2466387456509183,4.276516248124041,1.821479142719499,12.460660797132286,20.91327716986567,6.851166825273227,9.275189980835775,6.28126727225686,3.839944140293363,12.3561561210118,4
34,90035,La Maddalena,90035,33,213,74,15,152,90035,55.285897571403204,2.7493448904160047,1.3215811288321497,3.8527004056487435,1.5795353346721637,1.3384968545446339,0.8495083531089774,0.27131692997526363,0.2400533159428187,0.5968972459455799,0.4680625252377228,33.02823381635208,28.594142831616576,20.082251138321656,7.748699430955503,7.260818355673118,58.87553621902104,59.10691464031012,41.71056810023242,15.956749676437127,21.070025121323795,22.961842830684734,45.28201810942827,5
35,90036,Luogosanto,90036,0,26,9,6,19,90036,134.4773548207597,0.14128772851997612,0.13215721132472555,0.19334110218523048,0.1767570219343949,0.06692576614104133,0.06478139739797058,0.044617177427360884,0.043650480908755035,0.0,0.0,1.402493061301823,1.4349475715788866,1.004126411433534,1.2742481546350692,0.0,4.853059048912516,6.614326364354565,3.180744342192056,2.901521249067081,0.0,1.1714473167672357,4.18087636156087,1
36,90037,Luras,90037,0,24,5,3,16,90037,88.7592395329066,0.1802629234342207,0.16573723012734923,0.2703943851513311,0.23932739175232973,0.056332163573193976,0.05480268466220721,0.033799298143916384,0.03324065487061066,0.0,0.0,1.8751128444277998,2.0068250462839687,0.8451843963628624,0.9652939914893556,0.0,6.37823083370238,8.955737427886683,2.6907929772708434,2.2095625164266446,0.0,1.378071092895308,5.02199658000055,1
37,90038,Mara,90038,0,11,3,3,16,90038,18.389956276729407,0.8700401327351903,0.6259598919919204,0.5981525912554434,0.4688483316810804,0.16313252488784818,0.15111681793700638,0.16313252488784818,0.15111681793700638,0.0,0.0,10.23946755214266,4.439395444396017,2.4475726801321596,4.658997515872121,0.0,27.28109639558493,17.544513067621345,7.419783810934864,10.044990323295181,0.0,5.370053290149053,15.561162496262066,4
38,90039,Martis,90039,3,2,4,3,4,90039,22.793064736073738,0.17549197733244482,0.1616867640767347,0.08774598866622241,0.08410765487682391,0.17549197733244482,0.1616867640767347,0.1316189829993336,0.12364933566630011,0.1316189829993336,0.12364933566630011,1.8172595478147031,0.651237072351824,2.633008773673802,3.7589837787227722,1.6010486464930327,6.194262606288411,3.147345848032522,7.938764532741104,8.219180348064357,5.5661251825292934,1.9585413186248464,6.0223577209054575,2
39,90040,Monteleone Rocca Doria,90040,0,14,2,1,7,90040,13.343710206866898,0.5245917283483631,0.4217266551003875,1.0491834566967262,0.7174413999958265,0.14988335095667518,0.13966050327967044,0.07494167547833759,0.0722664047387621,0.0,0.0,6.050501972323404,7.786876335717495,2.2487875747673503,2.1403032910139066,0.0,18.005021469774192,26.846976232905433,6.857282699623012,4.803670075972609,0.0,4.532672684231951,14.20525755047911,4
40,90041,Monti,90041,5,20,14,5,9,90041,124.18554006935685,0.0724722056607682,0.06996645601640833,0.16104934591281822,0.14932420475208064,0.11273454213897276,0.10682053723250078,0.040262336478204555,0.03947292795811157,0.040262336478204555,0.03947292795811157,0.5680244316777822,1.19528318195147,1.6914222693252219,1.1498756962422003,0.489761870621678,2.0284154467592894,5.587778146061733,5.244851656176788,2.623832243057442,1.7768899214206646,1.0289701203547443,3.625703330379261,1
41,90042,Mores,90042,3,30,9,4,12,90042,94.10302798780252,0.1275198073494024,0.12002035973431648,0.318799518373506,0.27672186701481566,0.0956398555120518,0.0913385355399931,0.042506602449800805,0.041628007955944984,0.0318799518373506,0.03138233455400622,1.2355409284889107,2.3660804119773298,1.434940687910129,1.2139710052175974,0.3877962933333991,4.301815057338942,10.355055321473213,4.484690695357591,2.7670840532774506,1.4126885656630397,1.4700457992390112,5.332577951199426,1
42,90043,Muros,90043,0,6,4,2,2,90043,11.082817277634566,0.1804595302708866,0.16590379510139933,0.5413785908126598,0.43267720482236155,0.3609190605417732,0.3081602513217313,0.1804595302708866,0.16590379510139933,0.0,0.0,1.8774969320689412,4.018027648601924,5.415079751437183,5.153849631307577,0.0,6.385796052776517,16.19097341532489,15.13056240294664,11.027905690061516,0.0,3.4238493867547364,10.643780503762734,3
43,90044,Nughedu San Nicolò,90044,0,52,4,2,8,90044,67.54464102840946,0.11844018826949096,0.11193502556916424,0.7698612237516913,0.5709011388518703,0.05922009413474548,0.05753287706932309,0.02961004706737274,0.029180135476112756,0.0,0.0,1.1254399370799906,5.713790192511012,0.8885137076049439,0.8456507114481765,0.0,3.9345870455927354,21.36337449467506,2.824844485895781,1.9396529287175754,0.0,2.0706298774899654,7.377136573833378,2
44,90045,Nule,90045,0,73,5,5,10,90045,51.47077168310564,0.1942850218288513,0.17754769823275068,1.4182806593506145,0.8830568163215041,0.09714251091442565,0.09270908253142864,0.09714251091442565,0.09270908253142864,0.0,0.0,2.0451471731033277,10.52625833281266,1.4574859057508491,2.7743499792395045,0.0,6.91465080491787,33.04437876072732,4.551984081481019,6.1625294234158305,0.0,3.9527584131702587,12.17026616146577,4
45,90046,Nulvi,90046,3,6,17,5,19,90046,67.48242851788729,0.2815547753288658,0.24807400904459082,0.08891203431437866,0.08517906411740193,0.25191743055740623,0.22467632046908717,0.07409336192864889,0.07147692147861565,0.04445601715718933,0.04349619213523659,3.1033949140930726,0.6598912816857965,3.7796645463882457,2.116075806498495,0.5407749283273932,10.117887228571533,3.187438458268955,11.031530097542568,4.7511917891952855,1.957998796220442,2.223413067734534,6.947010450648549,2
46,90047,Olbia,90047,81,257,180,72,128,90047,384.0832651041021,0.333261070266383,0.28762787368284143,0.6691257426442222,0.5122999819521533,0.46864838006210113,0.3843425084739042,0.18745935202484046,0.17181602646698513,0.2108917710279455,0.19135708900643056,3.7303941620348926,4.966147128758808,7.0314057384741435,5.35376164876479,2.565344123366462,11.914385279398832,19.17049314364539,18.871085039770545,11.420901702465295,8.614017262888408,4.826534838146363,14.715692859343742,4
47,90048,Olmedo,90048,2,12,12,5,8,90048,34.016107498967514,0.23518269985014667,0.21121889423995585,0.35277404977522,0.30215733581565785,0.35277404977522,0.30215733581565785,0.14698918740634168,0.13714041125567036,0.05879567496253667,0.05713210651408748,2.5410793104360474,2.618234096731405,5.292875391237993,4.197950466695807,0.7152063758074337,8.443963769635628,11.306861875113677,14.835821315234346,9.115954946657077,2.5718250331504082,3.1766706031463787,9.95164460802958,3
48,90049,Oschiri,90049,3,82,12,5,21,90049,216.01569924046828,0.09721515646241452,0.09277529375040651,0.3796020395199043,0.3217950804209349,0.05555151797852258,0.05406339618998161,0.02314646582438441,0.022882649570095986,0.013887879494630644,0.01379232656490062,0.8680616237303328,2.817347261492389,0.8334719139397722,0.661053501447147,0.1689358948142709,3.0643706664456594,12.041715011117269,2.654494167431446,1.5210483958098242,0.6208671951602263,1.2475012999786508,4.750882765086801,1
49,90050,Osilo,90050,3,12,10,4,8,90050,97.75994061483877,0.08183311026669852,0.0786569266300941,0.12274966540004778,0.11578073496744974,0.10229138783337315,0.09739109305030055,0.04091655513334926,0.040101628046634065,0.030687416350011945,0.03022597414743975,0.6815363387882406,0.9110289135993914,1.5347375175238103,1.168559910755841,0.3732899714914492,2.423128167274604,4.3325665899926165,4.7818691884122275,2.665623000642715,1.3606345312083794,0.9517786173036032,3.302360838580226,1
50,90051,Ossi,90051,1,42,21,6,17,90051,30.18054585940971,0.5632767571266353,0.4467841036639882,1.3916249293716871,0.871973021691513,0.6958124646858436,0.5281619561885287,0.19880356133881244,0.18132402720905516,0.03313392688980207,0.032596830223506255,6.5196031519746445,10.328423653225082,10.439681358645819,5.677747580139691,0.40304998254078056,19.143106405719525,32.62961823672702,25.932570481420015,12.052914583306856,1.4673595826454569,7.517890265902861,21.04152372294219,5
51,90052,Ozieri,90052,15,130,48,15,38,90052,254.58201829227792,0.14926427347423002,0.13912197544367716,0.5106409355697342,0.41253402141110573,0.18854434544113266,0.17272931923068394,0.058920107950353955,0.05724962274451309,0.058920107950353955,0.05724962274451309,1.4992179899306282,3.7898975549573324,2.8288410861805544,1.6827339414033957,0.716720012079224,5.169391859337026,15.43720653443373,8.480950194675714,3.8054791937231935,2.577115074103747,2.287090095373064,7.934842616813537,2
52,90053,Padria,90053,0,7,4,3,5,90053,48.23985491777988,0.10364873626842393,0.09862172355701636,0.14510823077579352,0.13549915723404174,0.08291898901473914,0.07966016283388624,0.06218924176105436,0.06033210069376561,0.0,0.0,0.9460762968918145,1.0769707062513059,1.244082087959959,1.776099052460052,0.0,3.3299098204052497,5.070438719959842,3.911286610188486,4.010376713368688,0.0,1.0682968410913705,3.650396455154536,1
53,90054,Palau,90054,6,20,60,9,62,90054,44.45313079284569,1.3947274105152188,0.8732694083165361,0.44991206790813504,0.3715029117716569,1.3497362037244052,0.85430306812085,0.20246043055866078,0.1843698164760419,0.1349736203724405,0.12660940870065995,16.601913922942614,3.3391773501440793,20.25088166748061,5.782186254296519,1.641855356158271,38.51365402532819,13.901804165255665,41.94598695902528,12.255373344226713,5.699374075213532,10.89705832167523,25.82698804987279,5
54,90055,Pattada,90055,2,320,18,6,35,90055,163.91494794972937,0.21352537055213572,0.19352965288985846,1.9522319593338122,1.0825614806613135,0.10981304771252694,0.10419157565486818,0.03660434923750898,0.035950322440442904,0.012201449745836326,0.012127612068931301,2.2784588848439515,14.489161784755481,1.6475893797880614,1.045405091871863,0.14842171057440032,7.640535636968866,40.50993201973328,5.115770546479128,2.3896786999851005,0.5459293944206969,4.806998922437887,13.85584254975964,4
55,90056,Perfugas,90056,5,10,9,4,8,90056,61.19683775636562,0.1307257089304071,0.12285964688144424,0.1634071361630089,0.1513528863617433,0.14706642254670801,0.13720774627585078,0.06536285446520355,0.06331544955148698,0.08170356808150445,0.07853717623561701,1.2744162314417617,1.2127823342556816,2.2065235503316116,1.8667361201762322,0.9938641380567903,4.4307727172845475,5.66369231404683,6.736853173925319,4.2086849547407175,3.535382960645789,1.5062219948948852,5.077366567757821,1
56,90057,Ploaghe,90057,5,13,18,6,18,90057,96.31485501407354,0.18688705908730108,0.17133396290124453,0.13497398711860634,0.1266097318324932,0.18688705908730108,0.17133396290124453,0.0622956863624337,0.060432308137046954,0.05191307196869475,0.05061047969290658,1.9554382299106494,1.0017559269761913,2.803975849738081,1.7791390662999977,0.631484545137345,6.632428991360557,4.737792468320407,8.412438678585058,4.017037671505743,2.2782513468477252,1.727884935123593,5.687045335615915,2
57,90058,Porto Torres,90058,22,322,86,27,84,90058,105.7124132629863,0.7946086690030318,0.5847869864747622,3.0459998978449554,1.397728713497149,0.8135279230269136,0.5952740769351658,0.2554099293224031,0.22746215615980656,0.20811179426269882,0.18905864015005905,9.324772908320924,22.606937206009416,12.205835226876054,7.294402063967503,2.5315277396210956,25.411063083165157,52.30363002682273,29.227752538793528,15.119794002634206,8.510551651922801,12.237646302931076,29.66380120500135,5
58,90059,Pozzomaggiore,90059,1,27,30,6,15,90059,79.20210234426112,0.18938891211246844,0.1734396559940606,0.3409000418024432,0.29334106147837363,0.3787778242249369,0.32119747214345995,0.07575556484498737,0.073023265714117,0.012625927474164562,0.012546885078889552,1.9857761214021306,2.530107057457984,5.683025227803091,2.1635476350833858,0.15358517162628976,6.72806752305605,10.976952968829178,15.770685463458467,4.8539799043379,0.5648031396495564,2.70475530877089,8.701372891431443,3
59,90060,Putifigari,90060,0,13,3,5,3,90060,52.68728252509584,0.056939736805955966,0.05537769183416011,0.24673885949247584,0.22053122976549186,0.056939736805955966,0.05537769183416011,0.09489956134325994,0.0906626342608115,0.0,0.0,0.3796750962164886,1.8312574162511375,0.8543001729176002,2.7102922661165594,0.0,1.3658079706735546,8.252376687715552,2.719025631742208,6.0264985477257245,0.0,1.1491207574287348,3.9206164716382546,1
60,90061,Romana,90061,0,15,3,4,9,90061,21.1358252081582,0.42581729889240844,0.3547451923900344,0.709695498154014,0.5363152834030376,0.1419390996308028,0.132727781992928,0.1892521328410704,0.17332464976238143,0.0,0.0,4.852746591482346,5.267249540456821,2.1295953258723093,5.404962728224945,0.0,14.962788598189162,20.069156403504245,6.51688846772132,11.521182442958857,0.0,4.009299836967113,12.537680740320903,4
61,90062,Aglientu,90062,1,50,15,5,30,90062,148.0766049680304,0.2025978378318234,0.18448408171037572,0.337663063053039,0.2909241086581739,0.1012989189159117,0.09649031854468704,0.0337663063053039,0.03320874116635461,0.00675326126106078,0.006730560139323242,2.145949781150194,2.5060827049369143,1.519846925902495,0.9643517582084985,0.08214848310664985,7.229694594224198,10.886509519482189,4.737641469847904,2.2074411585605325,0.3029789046753878,1.7271426078017256,6.199478116359007,2
62,90063,Santa Teresa Gallura,90063,10,136,65,8,148,90063,104.32588704637837,1.4186315994054877,0.8832019254476222,1.3036074156699076,0.8344763358108125,0.6230476619010588,0.4843056546453561,0.07668278915705339,0.07388482290361514,0.09585348644631674,0.09153349934011183,16.89178014667745,9.67517136431562,9.347948465443292,2.1900287783718975,1.1659875440405938,38.96477929030544,31.226475576354,23.77924115223075,4.911249067026873,4.1204177359837,9.801019649330643,25.400630045278685,5
63,90064,Sassari,90064,89,560,153,176,165,90064,546.6564020257533,0.30183493578151993,0.263774758315891,1.0244094790160676,0.7052780427297852,0.27988330408831846,0.24676890509440774,0.32195726483362125,0.2791134147599596,0.16280793505791075,0.1508377137745103,3.3493155581330174,7.6030077288386915,4.199252903016389,9.19496647347337,1.9804394329966317,10.830999985577378,26.391817994984336,12.116268407827752,18.55314046868296,6.790021091429692,5.322686094573525,15.732481355430261,4
64,90065,Sedini,90065,0,34,7,4,24,90065,40.45782758010371,0.5932102991066847,0.4657510367199015,0.8403812570678033,0.609972755085072,0.17301967057278303,0.15958133898749574,0.09886838318444745,0.0942809077259145,0.0,0.0,6.882582327574169,6.237178905055277,2.5959153094120655,2.8236401782618765,0.0,20.004566052627677,22.825451749207723,7.835388884646241,6.267011300972992,0.0,4.566798513157765,14.214862225165431,4
65,90066,Semestene,90066,0,3,1,2,3,90066,39.610088699122876,0.07573828028480108,0.07300719821736264,0.07573828028480108,0.07300719821736264,0.025246093428267027,0.024932674922632663,0.05049218685653405,0.049258803727933335,0.0,0.0,0.6076294030930635,0.5621177294526595,0.3787819050650476,1.4420359967901561,0.0,2.166522999258724,2.731961823479873,1.2241857675389074,3.274315946689984,0.0,0.6148800338226169,2.0689319011588645,1
66,90067,Sennori,90067,3,24,18,7,30,90067,31.01116198824993,0.9673936117378298,0.6767096270331161,0.7739148893902639,0.5731889060680737,0.5804361670426978,0.45770086403299504,0.22572517607216028,0.203532649312444,0.09673936117378298,0.09234156069690358,11.419992248273706,5.743875868026039,8.708623286441632,6.4466177747999165,1.1767635620666514,29.58609998791007,21.448983761271872,22.47295507915319,13.529159234085924,4.156792946920585,7.6883603212036,21.177720132326577,5
67,90068,Siligo,90068,0,20,5,3,21,90068,43.22258075227625,0.4858571523148596,0.3959918126808416,0.4627210974427234,0.38029846643628606,0.11568027436068085,0.10946433040395011,0.06940816461640852,0.06710537826715013,0.0,0.0,5.5807999743036225,3.434243973935902,1.7356188126803527,1.9822685068560397,0.0,16.836169963912674,14.23093773217541,5.374660992032161,4.46060792264416,0.0,3.177265024339539,10.352608809020712,3
68,90069,Sorso,90069,7,65,47,11,24,90069,66.59232478843303,0.3604018943061252,0.3077801666125369,0.9760884637457556,0.6811193674256728,0.7057870430161618,0.5340266130340433,0.16518420155697403,0.1528791874435741,0.10511721917261983,0.09995141004276002,4.05950836915423,7.244376673493144,10.589335791040028,4.717592553933364,1.2786740760661137,12.8296828185649,25.487789621779555,26.220523116428364,10.162138003356329,4.49935341318575,5.982320128024177,17.439212916122056,5
69,90070,Tempio Pausania,90070,9,81,45,15,55,90070,209.88377971290112,0.262049788102893,0.23273721508637876,0.38592786975153326,0.3263698573871674,0.21440437208418514,0.19425372785382236,0.07146812402806171,0.0690297865651058,0.04288087441683703,0.04198695513022934,2.8668741512618117,2.8642965890099275,3.216834190330319,2.041100096622015,0.5216144691367373,9.421304967802426,12.212905199589805,9.537791258576911,4.588526595065464,1.8900598780312885,2.577829692104065,8.664461019016509,3
70,90071,Thiesi,90071,1,29,1,7,8,90071,63.855193578793106,0.12528346641261884,0.11803497406178805,0.45415256574574325,0.37442330190504913,0.015660433301577355,0.01553907410124779,0.10962303311104148,0.10402034783389914,0.015660433301577355,0.01553907410124779,1.2084226813354602,3.370649665164461,0.23496263994150826,3.130788537097879,0.1904977152202413,4.211640771628601,14.011086462740103,0.762963196468426,6.914408347672324,0.6994977466079266,1.740849800766761,6.025967513278933,2
71,90072,Tissi,90072,2,1,7,4,7,90072,10.112029341701925,0.6922448267759724,0.5260559473925839,0.0988921181108532,0.09430250691872262,0.6922448267759724,0.5260559473925839,0.3955684724434128,0.33330183939274405,0.1977842362217064,0.1804733801519276,8.083491703191836,0.7339619104659346,10.386154000525128,11.297272151817667,2.405900550850059,22.74355642612509,3.5288417450750322,25.82916617352656,22.1551366495305,8.124082678056856,6.620949666536715,17.00678936404686,5
72,90073,Torralba,90073,1,9,5,3,16,90073,36.196353180030435,0.44203348111950724,0.3660542571226894,0.24864383312972282,0.22205802885161105,0.138135462849846,0.12939136451610317,0.08288127770990761,0.07962533847319633,0.027627092569969203,0.027252350804807066,5.049386750541609,1.8453958341239731,2.0725271386630695,2.367055050660415,0.336063371390059,15.476435316018279,8.309510188483284,6.353071516577044,5.292830840216443,1.2267756658809228,2.7793350061641577,8.90752463786227,3
73,90074,Trinità d'Agultu e Vignola,90074,3,31,25,4,30,90074,134.79695835320973,0.22255695059075978,0.20094452663214113,0.22997551561045176,0.20699426317843608,0.1854641254922998,0.17013436498767415,0.02967426007876797,0.029242499872513227,0.022255695059075976,0.02201165134915136,2.3879773467408376,1.706842486765493,2.7826267447992485,0.8474846085253088,0.27072424994558475,7.977311988583809,7.745817378160186,8.353538833417256,1.9437983955617886,0.990863446401502,1.853824290946829,6.391011811773058,2
74,90075,Tula,90075,0,26,8,5,7,90075,65.43883654607953,0.10697011697435768,0.10162665875902946,0.39731757733332856,0.3345543825236973,0.12225156225640879,0.11533699075414948,0.07640722641025549,0.07362885334701504,0.0,0.0,0.9863519191785295,2.9488292261510605,1.834211688245322,2.1821588201665616,0.0,3.466391053848577,12.519173769844205,5.663006596369146,4.894234337930485,0.0,1.7272790429653726,6.036447228579027,2
75,90076,Uri,90076,4,22,9,5,11,90076,56.51897668386032,0.1946248967232484,0.17783224215301405,0.3892497934464968,0.3287638844980171,0.15923855186447597,0.1477633687733216,0.0884658621469311,0.08476923891028719,0.07077268971754487,0.06838052777918051,2.04926855336155,2.8889513896973233,2.389149125444155,2.5265484750229574,0.8608979988967114,6.9275745129500175,12.30249075869789,7.255130609820787,5.63475459708188,3.0781772956187,2.2799203096647416,7.757952084647787,2
76,90077,Usini,90077,12,12,13,6,17,90077,31.628366304690807,0.5374921940713304,0.4301526436588708,0.3794062546385862,0.32165315632301805,0.41102344252513506,0.34431528685395035,0.1897031273192931,0.1737038031589822,0.3794062546385862,0.32165315632301805,6.206935194161753,2.8158941765724004,6.166825098244584,5.417842944203678,4.615199545062393,18.3877216726507,12.036404148259797,16.90576221847981,11.54638541011958,14.479347776532652,5.073615518177334,15.086462571727324,4
77,90078,Villanova Monteleone,90078,2,56,6,5,36,90078,203.673342012843,0.17675361755359204,0.16275947548482225,0.27495007175003205,0.2429070184319002,0.029458936258932006,0.029033359617765306,0.024549113549110005,0.024252626590345366,0.009819645419644002,0.009771746016403723,1.8325584097963705,2.0406366432377165,0.44198964996518386,0.7011125409895862,0.11944880327970728,6.242984114827574,9.089688650090563,1.4255279763682174,1.6121130840384916,0.4398791249956464,1.2654363752177857,4.716227867349895,1
78,90079,Valledoria,90079,7,7,36,6,21,90079,25.944382533818633,0.8094237730509252,0.5930084371608217,0.26980792435030837,0.23886564836342816,1.387583610944443,0.8702818130504183,0.2312639351574072,0.20804123133445565,0.26980792435030837,0.23886564836342816,9.504423357215664,2.0024724254871376,20.818728453333314,6.604802446047543,3.2820160302890566,25.78447337486635,8.938458784937428,42.730537842017604,13.828852302012809,10.752634403026779,8.834612774139183,21.665655562702383,5
79,90080,Telti,90080,2,20,8,5,7,90080,83.47720753221532,0.08385522476058603,0.08052433760406734,0.2395863564588172,0.214777740464639,0.09583454258352689,0.09151621233343996,0.0598965891147043,0.0581713459259811,0.023958635645881722,0.023676130924352303,0.7060568399854708,1.7781726518484489,1.4378616919076148,1.710621840043669,0.2914392764518844,2.50794415695143,8.03707855951,4.493414564835476,3.8667476915978813,1.065790672087007,1.229669756991015,4.346927020878407,1
80,90081,Badesi,90081,1,4,16,4,16,90081,31.45011942833898,0.5087421062567656,0.4112762614402857,0.1271855265641914,0.11972384135328266,0.5087421062567656,0.4112762614402857,0.1271855265641914,0.11972384135328266,0.03179638164104785,0.031301342980867695,5.858306783254016,0.9439511848257692,7.6329553616791115,3.632366094528555,0.3867797230285036,17.530374756679173,4.4801193844436895,20.193523051342368,7.958246105756214,1.409042697026627,4.103603790000603,11.752488068949244,4
81,90082,Viddalba,90082,0,8,4,3,7,90082,50.43733331902262,0.13878608442131743,0.12996285683647663,0.15861266791007705,0.14722331342872372,0.07930633395503853,0.07631855140883469,0.0594797504662789,0.057777986194615404,0.0,0.0,1.3721577032884025,1.1771985370247884,1.18987931121177,1.6987171004531516,0.0,4.753393602893087,5.509161858478652,3.7472146379718128,3.8406004053521534,0.0,1.1987303725530447,4.128841533884775,1
82,90083,Golfo Aranci,90083,16,42,35,3,64,90083,36.79923828986095,1.7391664331713488,1.0076536526449291,1.1413279717686977,0.7614261841292084,0.9511066431405815,0.6683967209060127,0.08152342655490698,0.07837062734596238,0.4347916082928372,0.3610196179641817,20.778639569755686,8.47075858652914,14.270009228653219,2.3282753826425187,5.288921856866955,44.61725566339394,28.492906415140872,32.81804922022451,5.209428070732177,16.251445073353583,12.083416856372708,29.478571864793487,5
83,90084,Loiri Porto San Paolo,90084,5,165,44,8,24,90084,118.00538719370964,0.20338054533563987,0.1851347172579801,1.3982412491825242,0.874735655874706,0.3728643331153398,0.3168993113541068,0.06779351511187996,0.06559438393559533,0.04237094694492497,0.04149787512861731,2.1554410242733844,10.377528949191866,5.594301662137662,1.9361547840667035,0.5154115744622012,7.259245827808079,32.73299723640118,15.559647246289737,4.360169575369347,1.8680437426547833,4.701839252063739,14.313782317271546,4
84,90085,Sant'Antonio di Gallura,90085,6,5,11,5,9,90085,81.428393277943,0.11052655760110502,0.10483427906062746,0.06140364311172501,0.059592223770309184,0.13508801484579502,0.1267101940464642,0.06140364311172501,0.059592223770309184,0.07368437173407001,0.07109607182819598,1.0294779176863504,0.4557282831917016,2.0268044939362353,1.753662679589503,0.8963164806790793,3.6120780473273952,2.2299675140531057,6.2214269682298395,3.961195843641486,3.200418616480176,1.180817394897411,3.7996219245517038,1
85,90086,Tergu,90086,1,22,4,1,2,90086,36.760485974290205,0.05440624483035326,0.05297780738736939,0.5984686931338858,0.46904610417356574,0.10881248966070652,0.10328961351407581,0.02720312241517663,0.026839693683340517,0.02720312241517663,0.026839693683340517,0.3489535454790184,4.4417415033442476,1.6325774221529694,0.7769099377540132,0.33090608459893156,1.2568075538925116,17.551913802239262,5.0714845154358,1.7840798066681627,1.2081997375658384,1.6912640230333564,6.167749564571539,2
86,90087,Santa Maria Coghinas,90087,0,19,8,4,2,90087,22.772793196771655,0.08782409705821798,0.08417945986489735,0.8343289220530709,0.6066787045654816,0.3512963882328719,0.30106441924908983,0.17564819411643595,0.16181965005785837,0.0,0.0,0.7541840544532541,6.192259416474666,5.27070517089708,5.0164398584433245,0.0,2.6739562540542376,22.702186913905567,14.782159487530269,10.756425665525764,0.0,3.5809270834005575,11.047629352027581,3
87,90088,Erula,90088,0,10,3,3,7,90088,39.31929773516876,0.17802962929673383,0.16384323711744167,0.25432804185247687,0.22660000437394975,0.07629841255574306,0.07352775837830637,0.07629841255574306,0.07352775837830637,0.0,0.0,1.8480315432761847,1.8875831466554236,1.1447497072535044,2.179051141435944,0.0,6.292207513814467,8.479472932338567,3.6101876595701397,4.887514384478079,0.0,1.5821128623128038,5.462695176814721,1
88,90089,Stintino,90089,3,124,45,5,67,90089,59.69714150662749,1.1223317952763576,0.7525153876655694,2.077151382302513,1.1240042931480883,0.7538049371259119,0.5617876774611696,0.08375610412510132,0.08043288150745743,0.050253662475060794,0.049031718302464826,13.298798777991639,15.416294301359423,11.309776339982074,2.3920397316613924,0.6112990425356891,33.029123886161095,42.06074049254189,27.583581836316018,5.346509590705873,2.207182760144936,10.525604340736539,26.963333370867378,5
89,90090,Padru,90090,1,106,14,5,8,90090,157.83906897556716,0.050684536166634174,0.049441890955704164,0.6715701042079029,0.5137633668946643,0.08869793829160981,0.08498243016903477,0.03167783510414636,0.03118644303584317,0.006335567020829272,0.006315581683969075,0.303823478897565,4.984288799879024,1.3307870438212277,0.904705883513352,0.07706753822521145,1.0962096695777683,19.225253658959137,4.172608106696334,2.0730155835045956,0.2842984805703397,1.7467892887527947,6.309080122535105,2
90,90091,Budoni,90091,8,59,81,13,83,90091,54.14084783578914,1.5330384232574554,0.9294195399757307,1.0897502044842153,0.7370445394481658,1.4960977383596854,0.9147286077371957,0.24011445183550506,0.2152036752249177,0.14776273959108005,0.1378146037075327,18.27909657693569,8.087956424568656,22.446829372218264,6.857569545960887,1.7974256359783523,41.0639383781216,27.58053442869724,44.912860181562685,14.304952054198083,6.203780490070676,13.203461949158491,30.96300801406011,5
91,90092,San Teodoro,90092,6,370,71,7,56,90092,107.26350348691184,0.5220787889594997,0.42007702482730397,3.449449141339551,1.4927803000527025,0.6619213217165084,0.5079743557919529,0.06525984861993746,0.06321875871533159,0.05593701310280353,0.054428536822184494,6.020029645717044,25.601274704164705,9.93119271919623,1.8637943157902275,0.6804328454472259,17.93009686765796,55.860502665022516,24.94136624188544,4.202257751423499,2.450122742849098,10.540178545508793,25.207778911928536,5
92,91001,Aritzo,91001,0,22,8,6,24,91001,75.50882481719466,0.31784364354899597,0.2759967974413582,0.29135667325324627,0.2556933504331033,0.10594788118299865,0.10070277828544517,0.07946091088724899,0.0764617599301275,0.0,0.0,3.543439846923334,2.162403886306109,1.589598025774884,2.269370787261112,0.0,11.386113112116304,9.568158879637304,4.944471794992264,5.082542427014429,0.0,2.261958148897671,7.559149376594833,2
93,91002,Arzana,91002,6,31,8,5,19,91002,162.71084072895002,0.11677156798452619,0.11044199423532122,0.19052203197475326,0.17439189326220034,0.04916697599348471,0.04799649309917445,0.030729359995927946,0.030266668146249804,0.036875231995113535,0.03621160570708072,1.1052059662445701,1.4140248711964343,0.737680896492586,0.8776178262660672,0.4485602223137677,3.8667750149453126,6.525822197672046,2.3566113113058864,2.0118765918840427,1.6300801726097505,1.0091028831422837,3.727599822206364,1
94,91003,Atzara,91003,0,12,4,4,7,91003,35.74322473610832,0.19584131123257326,0.1788499638093745,0.3357279621129827,0.28947643320793126,0.11190932070432758,0.10607864637412245,0.11190932070432758,0.10607864637412245,0.0,0.0,2.064019000738486,2.49172068691121,1.679040989504502,3.196083966228349,0.0,6.973798440463999,10.832336860355115,5.20842507007192,7.051226930813841,0.0,2.057356664784501,6.899592800864438,2
95,91004,Austis,91004,0,7,7,5,19,91004,51.10882140290199,0.37175578458792574,0.31609151388840695,0.1369626574797621,0.12836037120334015,0.1369626574797621,0.12836037120334015,0.09783046962840151,0.09333593192101243,0.0,0.0,4.197187556504735,1.0165155289085186,2.054930853771978,2.7939977958943354,0.0,13.207176125916972,4.803302172084074,6.302450099347295,6.204197161914384,0.0,2.343370989317096,7.354097974952726,2
96,91005,Bari Sardo,91005,2,31,34,5,45,91005,37.19906988346842,1.2097076658359778,0.7928602288778956,0.833354169798118,0.6061471688501586,0.9140013475205165,0.6491959970642225,0.1344119628706642,0.12611442228901504,0.05376478514826568,0.05236926121842785,14.35833331233308,6.185024956934886,13.713296777164254,3.8387501299844597,0.6540092814047598,34.86154732346006,22.682296611065087,31.87530028026911,8.383038822649086,2.3574236132171222,9.237629036004643,23.997296590577186,5
97,91006,Baunei,91006,19,312,27,8,70,91006,212.3298022499156,0.3296758121481641,0.28493516225720017,1.46941219128896,0.9039801430830954,0.12716067040000614,0.11970178958127016,0.037677235674075896,0.036984788098382106,0.08948343472593025,0.08570367081327265,3.6869187177680582,10.905748605479793,1.9078659088511984,1.0760462852587405,1.0885005246714574,11.792084946123007,33.82733895271655,5.877316718283953,2.4584413808411263,3.857985631531148,4.4843429437265625,13.924488335952114,4
98,91007,Belvì,91007,2,5,6,2,7,91007,18.263050312812787,0.38328756040764,0.3244629561651018,0.2737768288626,0.24198636822805156,0.32853219463512,0.28407471974804865,0.10951073154504,0.10391913575927267,0.10951073154504,0.10391913575927267,4.33702381387208,2.0319290171139146,4.9291606605463585,3.127581250768012,1.3321179401419312,13.587398889741465,9.05523751005085,13.94797108261678,6.907680609991616,4.677962201571414,3.3972705121787694,10.633571572614393,3
99,91008,Birori,91008,3,5,2,2,22,91008,17.512536407233195,1.2562429272617157,0.8137010083624912,0.2855097561958445,0.2511553371122339,0.1142039024783378,0.10814016109201631,0.1142039024783378,0.10814016109201631,0.1713058537175067,0.15811924070564395,14.922627736290014,2.1190089778364976,1.7134679418627619,3.2616162737337264,2.083810397107659,35.80811525213701,9.398344403122987,5.309644734028906,7.188259298721472,7.117801990536411,6.046857634489505,15.943968717089493,5
100,91009,Bitti,91009,0,53,12,8,31,91009,216.58959378358492,0.14312783665393927,0.13376822165051167,0.24470243040834777,0.21889648962861508,0.055404323866041,0.05392393887893575,0.036936215910694,0.036270419072837456,0.0,0.0,1.4248065226999125,1.8161433565093934,0.8312634745826674,1.0548830669539795,0.0,4.9262295705949555,8.191203984827258,2.647646861400651,2.4109560642045023,0.0,1.2059629508969525,4.416842649296107,1
101,91010,Bolotana,91010,5,17,11,5,23,91010,108.4435125910273,0.2120919864219064,0.19234778115484916,0.15676364213793084,0.14562614224131265,0.10143529785395525,0.09661414550227412,0.04610695356997966,0.04507561048245151,0.04610695356997966,0.04507561048245151,2.261077427271879,1.1634753554998065,1.5218930988721728,1.3167955457971823,0.5608573620987999,7.586856172580476,5.4493950023862165,4.743721330897155,2.9962520207485643,2.0290969560998224,1.527175754910407,5.239497367272395,1
102,91011,Borore,91011,6,14,8,6,14,91011,42.883441419436025,0.3264663361102076,0.2825185162941417,0.3264663361102076,0.2825185162941417,0.18655219206297577,0.17105178417989325,0.13991414404723185,0.13095294733102464,0.13991414404723185,0.13095294733102464,3.6480000703477047,2.422982340065429,2.7989516439227216,3.995890151271634,1.701953212578659,11.682323237579975,10.571968515266406,8.39858380037193,8.704663760822864,5.894900234909276,3.0295147788538244,9.722595447779337,3
103,91012,Bortigali,91012,5,3,6,5,22,91012,67.29923849776081,0.3268982010952767,0.28284403883944387,0.044577027422083186,0.043612045032195984,0.08915405484416637,0.08540129844903079,0.07429504570347198,0.07166467502885739,0.07429504570347198,0.07166467502885739,3.653236937951116,0.3308437601966361,1.337630427222306,2.1218358117858434,0.9037448827976741,11.697108154894227,1.6319821193125714,4.193174395248837,4.7636720850424945,3.2260145210356974,1.854857966926599,5.792915120206122,2
104,91016,Desulo,91016,0,38,22,8,24,91016,74.1765942585831,0.3235521964830964,0.28031918012654156,0.5122909777649027,0.4136257048537681,0.2965895134428384,0.25973736599108277,0.10785073216103215,0.10242186098355498,0.0,0.0,3.6126627220266903,3.8021439113409397,4.449905932709901,3.0801723541561388,0.0,11.582431528530975,15.478057814328066,12.753015379657201,6.808154224783666,0.0,3.3863418341086433,10.9160701217903,3
105,91017,Dorgali,91017,27,317,78,23,138,91017,227.1680518546571,0.6074797880834619,0.4746676035410797,1.3954427016120106,0.8735680578781861,0.34335814109065244,0.29517255443310386,0.10124663134724367,0.0964428393280402,0.1188547411467643,0.1123056095959431,7.055616556148564,10.356758564649374,5.151603006280974,2.8915619632658944,1.4457809816329472,20.409547842923516,32.68930520014241,14.492870950525125,6.410718548911677,5.055482735453561,6.314507601916286,18.66092089889979,5
106,91018,Dualchi,91018,0,7,3,3,20,91018,23.28163900292858,0.8590460490124521,0.6200634792837528,0.30066611715435826,0.2628765310476039,0.1288569073518678,0.12120553431111956,0.1288569073518678,0.12120553431111956,0.0,0.0,10.106151439775758,2.2314971301516535,1.9333155438964567,3.680100039327204,0.0,27.0132870668638,9.836956692581031,5.951150067573813,8.056736741191447,0.0,4.528397829149013,12.961965817897878,4
107,91019,Elini,91019,2,1,3,2,2,91019,10.826691890653196,0.184728633658322,0.1695137472301138,0.092364316829161,0.08834444515270598,0.277092950487483,0.24458636256708155,0.184728633658322,0.1695137472301138,0.184728633658322,0.1695137472301138,1.9292647993381484,0.6855135852467079,4.157387595984523,5.275773460358447,2.247088696078598,6.549756566423619,3.305888424249998,12.009106320033643,11.267865310013358,7.630730340426702,2.597710243971653,7.646473170540988,3
108,91024,Fonni,91024,0,34,16,5,28,91024,112.02666593606604,0.2499404919894669,0.22309594377256234,0.3034991688443527,0.2650523167574245,0.1428231382796954,0.1335016381765969,0.044632230712404804,0.043664891141430386,0.0,0.0,2.72003478546703,2.2525235988992054,2.142859074758057,1.2746780702369613,0.0,8.983407804499235,9.918375561411,6.554884540309162,2.9024791215908436,0.0,1.9989148608520657,6.920965008002979,2
109,91025,Gadoni,91025,0,15,3,4,11,91025,43.66692705890837,0.251906894780129,0.22466790472108863,0.3435094019729032,0.2952851471679421,0.06870188039458064,0.06644471606300835,0.09160250719277419,0.08764680665480828,0.0,0.0,2.743879717160274,2.549473322559695,1.030774492352681,2.6161297616903605,0.0,9.05480474145677,11.049701519864676,3.2624127168425705,5.8260313890560855,0.0,2.059106608512096,7.005254054130127,2
110,91026,Gairo,91026,2,43,7,5,31,91026,77.60064722214996,0.3994812042128369,0.33610159952436697,0.5541190897145801,0.4409088833171638,0.09020543320935026,0.0863661493169222,0.06443245229239304,0.062441748469468525,0.025772980916957216,0.025446456102798998,4.533390668228318,4.112585648703211,1.3534048717414184,1.840164218497727,0.3135094594477609,14.116014748151773,16.499006485214863,4.240548241173329,4.150608566988916,1.14548258069225,2.9662201657120173,9.944805237101475,3
111,91027,Galtellì,91027,3,182,9,5,23,91027,55.94554956621965,0.41111402387380563,0.3443794802887352,3.253163145436201,1.44766297561952,0.16087070499409786,0.14917033130669388,0.08937261388560992,0.08560194693804316,0.05362356833136595,0.05223524053175383,4.674452200246502,24.144470589711016,2.4136372734244618,2.552444930073363,0.6522914821298595,14.491988039110229,54.17219232112965,7.324211986534655,5.690106107225679,2.3513906174468144,8.369276649910587,20.444141867150947,5
112,91028,Gavoi,91028,0,20,9,7,24,91028,38.12914714865902,0.6294397277344836,0.48823623041531655,0.5245331064454031,0.42168820347499114,0.2360398979004314,0.21191263836923374,0.18358658725589108,0.16854930932010273,0.0,0.0,7.321906485888779,3.893003085218051,3.5414446378455775,5.243157086918544,0.0,21.025821674947416,15.779760098114684,10.404837694239784,11.203757491931068,0.0,4.664585207678043,14.014217689650515,4
113,91031,Girasole,91031,2,2,4,5,7,91031,13.366156127352776,0.5237107761800759,0.4211486598446647,0.14963165033716455,0.13944158701221906,0.2992633006743291,0.26179741204803336,0.37407912584291136,0.31778378009175234,0.14963165033716455,0.13944158701221906,6.03981939783888,1.1105428222755707,4.490022326327801,10.683545290799106,1.8201595680620704,17.978769487577505,5.217966195451556,12.854162932866759,21.123625017385354,6.277019805874275,4.7721337406121895,13.065200714904723,4
114,91032,Ilbono,91032,7,13,5,5,13,91032,31.43187065971887,0.41359294649490874,0.34613465226479767,0.41359294649490874,0.34613465226479767,0.15907421019034954,0.1476215918076839,0.15907421019034954,0.1476215918076839,0.22270389426648934,0.2010647131359372,4.704512033793188,3.0696224832029664,2.3866834111908166,4.543093724722732,2.709029961779111,14.571706242696678,12.952512613283911,7.248169409546964,9.812656734446,9.051009915041433,3.6084629680631823,11.436273409710417,3
115,91033,Irgoli,91033,0,12,7,5,11,91033,75.37627263814522,0.14593451778661307,0.13622047685774985,0.15920129213085063,0.1477312266983611,0.09286742040966287,0.08880490303533461,0.06633387172118775,0.06422647719553735,0.0,0.0,1.4588408112043494,1.1815672143863274,1.39334422259022,1.8944679718508721,0.0,5.037608616365218,5.528168198896715,4.360290210371467,4.269242502164428,0.0,1.2958830872535616,4.405769052032702,1
116,91035,Jerzu,91035,1,37,17,9,15,91035,102.19841863845583,0.14677330823547313,0.1369521797609834,0.36204082698083373,0.30898418303490954,0.16634308266686954,0.15387328364238204,0.08806398494128388,0.08439995639320896,0.009784887215698208,0.009737325214323434,1.4690121255723885,2.687010675002995,2.4957425562088082,2.5150710280571658,0.11902599515496873,5.070841850373218,11.562325533946291,7.555125329472324,5.610207763967916,0.4383296585773309,2.0007680713882987,6.808223134945924,2
117,91037,Lanusei,91037,22,19,13,13,39,91037,52.88057753160049,0.737510855979103,0.5524535464828181,0.35930016060520403,0.3069699795119339,0.24583695199303435,0.2198075546542702,0.24583695199303435,0.2198075546542702,0.4160317649112889,0.3478584278668708,8.632395203277705,2.6666698756811313,3.6884355702750073,7.021001786323966,5.060722085299041,23.942509695188598,11.486953142403406,10.792475369781751,14.61097970187355,15.658988743216884,5.553295620437095,15.970532097716504,4
118,91038,Lei,91038,2,4,2,3,15,91038,18.736611861422176,0.8005716354131406,0.588104189715302,0.21348576944350417,0.19349701924596407,0.10674288472175208,0.10142136362526119,0.16011432708262813,0.14851855809162134,0.10674288472175208,0.10142136362526119,9.397080844117879,1.5844581569423164,1.6015259288303847,4.572799033462815,1.298449108267219,25.561727227119995,7.240744508003946,4.979754088147514,9.872279599494878,4.565523972118553,4.3513087440831635,12.412049449902575,4
119,91039,Loceri,91039,0,12,7,4,9,91039,19.775980369477494,0.45509753912836187,0.3750729355781863,0.6067967188378158,0.47424258145324255,0.35396475265539257,0.30303714213897914,0.2022655729459386,0.18420775425950273,0.0,0.0,5.2078037200134775,4.5035508140641785,5.310740202940433,5.776621201378681,0.0,15.886054917402816,17.746368292910038,14.879019503256401,12.244600794757162,0.0,4.616870040314977,14.014902568313207,4
120,91040,Loculi,91040,1,7,4,2,6,91040,38.112211093450036,0.1574298585114407,0.14620190774383215,0.1836681682633475,0.16861823388962652,0.10495323900762714,0.09980301643414308,0.05247661950381357,0.05114607207950122,0.026238309751906785,0.025899990491271327,1.5982352504696584,1.36315656136756,1.5746748274940985,1.4987105733679844,0.31916984432836704,5.490955496507328,6.309769296413097,4.900293797406509,3.399765864096683,1.165898615822691,1.3919182514196418,4.831342473733545,1
121,91041,Lodè,91041,1,9,5,5,13,91041,123.2192682863833,0.10550298001921021,0.10030041694195255,0.07304052462868399,0.07049623052968391,0.04057806923815777,0.03977639453969937,0.04057806923815777,0.03977639453969937,0.008115613847631556,0.008082859349473946,0.968561169162178,0.5420954068130085,0.6088165051580366,1.1588928934278184,0.09872050573644382,3.4061544407869992,2.6380002959835553,1.9530072978776347,2.644004179689694,0.3638532041398673,0.73156148807133,2.5049338131749557,1
122,91042,Lotzorai,91042,7,33,21,7,40,91042,16.44851760254273,2.431830087461287,1.2330936720846628,2.0062598221555614,1.1006967221116901,1.2767107959171755,0.8227317679992872,0.42557026530572517,0.3545719198469377,0.42557026530572517,0.3545719198469377,29.177995795941275,14.890148174495781,19.155238764709605,12.154110961327417,5.176750965009826,54.85652202095466,41.1885608195197,40.39584697639418,23.568994850456555,15.961199317754918,18.647775276048346,39.96473536578913,5
123,91043,Lula,91043,1,28,10,5,14,91043,149.26804548272918,0.09379100499858724,0.08964964827136664,0.18758200999717448,0.17191931559230694,0.06699357499899089,0.06484495074477716,0.033496787499495445,0.03294799176474882,0.006699357499899089,0.006677016529036732,0.8265397859105281,1.3922044856217548,1.0051437873878533,0.956654412460888,0.08149278328370527,2.9224068896560182,6.433297241713236,3.1838647896723806,2.190108705087174,0.3005686172607947,0.9486892548536715,3.4803925027487463,1
124,91044,Macomer,91044,13,18,12,18,65,91044,122.64752025031618,0.5299740252989944,0.4252507583314726,0.14676203777510616,0.1369423517368488,0.09784135851673743,0.09334585042358316,0.14676203777510616,0.1369423517368488,0.10599480505979889,0.10074520603648887,6.115768612378032,1.0892450044253705,1.4679711250544192,4.191463167070026,1.2893492664135162,18.165082810011377,5.124443700041207,4.583249166082661,9.102789595658036,4.5350864629969445,3.158290461532492,9.466212686878645,3
125,91046,Mamoiada,91046,3,21,23,5,27,91046,49.308716342639144,0.5475705311892709,0.4366863020431743,0.4258881909249885,0.3547949114320938,0.46644897101308264,0.38284381238473675,0.10140195022023535,0.09658386851857824,0.060841170132141215,0.05906215015274725,6.32914680884211,3.1608758739072815,6.998406718171394,2.8959978061116654,0.7400883282285368,18.684474080020312,13.276583362527756,18.797499577002586,6.420092997590496,2.6587067332633554,4.597052858503335,13.912872603003459,4
126,91047,Meana Sardo,91047,5,17,8,5,8,91047,73.56427139224297,0.10874844334886684,0.10323185067121166,0.23109044211634203,0.20790031494731526,0.10874844334886684,0.10323185067121166,0.06796777709304178,0.06575756882164463,0.06796777709304178,0.06575756882164463,1.0079162045476466,1.7151172977810183,1.631616497878489,1.941131634255849,0.8267782886645283,3.539297308845727,7.779722238271441,5.068648379708432,4.371016750578902,2.960103730341468,1.4313250593900764,4.972112313784247,1
127,91050,Noragugume,91050,0,3,1,1,7,91050,26.775932092213345,0.26142880762816306,0.23224505280823216,0.11204091755492702,0.10619699151376559,0.037346972518309006,0.03666646587616247,0.037346972518309006,0.03666646587616247,0.0,0.0,2.8593440373537717,0.831550253649037,0.5603384713398059,1.0666141059716248,0.0,9.39895143594233,3.973938648080123,1.8003108696052217,2.4372819646653636,0.0,1.3377505847820959,4.538824561423579,1
128,91051,Nuoro,91051,17,102,70,58,104,91051,192.56782693960452,0.5400694480112597,0.43182751151994625,0.5296834970879662,0.4250608493565134,0.363508282315271,0.31006099759035366,0.30119257677551026,0.2632812106941696,0.08828058284799438,0.08459900383324345,6.238187409855092,3.931228483034125,5.453927360030095,8.601935561047364,1.073868711484521,18.463792541460457,15.905966006811562,15.22388839131213,17.500747103018067,3.8082585977164003,5.3427260210266345,15.566344867627803,4
129,91055,Oliena,91055,1,159,23,7,45,91055,165.50579273894047,0.2718938065870629,0.24050697604530227,0.9606914499409556,0.6732971916121077,0.13896794558894326,0.13012254147811592,0.04229459213576534,0.041424621354558766,0.00604208459082362,0.0060239043918351035,2.986244378692698,7.1301024332046135,2.0850173640813106,1.2079160782365457,0.07349753915195913,9.77419995153561,25.195080324326675,6.388972054053503,2.753564602095888,0.27116850852341884,3.2839395603759027,10.94897601851978,3
130,91056,Ollolai,91056,2,60,4,5,7,91056,27.315213755094636,0.25626744358514897,0.2281449781697615,2.1965780878727057,1.1620808901058928,0.1464385391915137,0.1366602145448494,0.18304817398939213,0.16809430605166048,0.07321926959575685,0.07066279467813134,2.7967564669770035,16.302660724239505,2.1971030491314996,5.227780226461957,0.8906588533972223,9.212730034730981,43.48558368330568,6.709969554159379,11.173512655578865,3.1809144691833575,6.227345650288292,16.971327187332754,5
131,91057,Olzai,91057,0,19,3,4,3,91057,69.38046099405148,0.0432398395314383,0.042331101195933196,0.27385231703244256,0.24204562973397845,0.0432398395314383,0.042331101195933196,0.05765311937525107,0.05605241519215675,0.0,0.0,0.2135478326331501,2.0324892785625885,0.6487526016237762,1.6465492711293293,0.0,0.7732445166122186,9.057455101956132,2.078442516461399,3.7258987840601976,0.0,0.9489195804247468,3.470910451374008,1
132,91058,Onanì,91058,0,11,3,2,12,91058,71.15220673555844,0.16865253448285505,0.15585140518752794,0.15459815660928378,0.14375236708122155,0.042163133620713764,0.04129848925449119,0.028108755747142507,0.027720954965581385,0.0,0.0,1.734323310975148,1.1474034589113393,0.6325981531259188,0.8027744515707446,0.0,5.929226282626629,5.379277502630742,2.027741625119952,1.8426587337078673,0.0,1.0540836563811746,3.8055343955258447,1
133,91059,Onifai,91059,1,11,2,2,5,91059,43.33395002355405,0.11538297333343171,0.10919781978008848,0.2538425413335498,0.22621286920200767,0.04615318933337269,0.04511980743717282,0.04615318933337269,0.04511980743717282,0.023076594666686344,0.02281435676363288,1.088367633446129,1.8839798373602934,0.6924632925959492,1.3181160200983104,0.2807098931690846,3.810265821617255,8.464986162046092,2.215367034226378,2.9991898670356645,1.0269975574148935,1.161786300224757,4.254977929638814,1
134,91060,Oniferi,91060,3,9,3,4,13,91060,35.88307170729523,0.36228782491207484,0.3091655105937166,0.2508146480160518,0.22379505745083092,0.08360488267201727,0.0802933371913507,0.11147317689602303,0.10568632178366677,0.08360488267201727,0.0802933371913507,4.08237748157139,1.8615072843757705,1.2543729516499806,3.183627879247222,1.0169922392039736,12.892603794420898,8.374510571119977,3.9423752534722025,7.0251484521341165,3.6144372609993667,2.5202080617028364,8.165099825720759,2
135,91061,Orani,91061,0,25,12,5,11,91061,130.26088456966332,0.08444591817674336,0.08106918206231434,0.19192254131078035,0.1755675844098999,0.09212281982917457,0.08812334336920939,0.03838450826215607,0.03766614800254547,0.0,0.0,0.7132196879161218,1.424419233533214,1.3821725445961068,1.0962456981788518,0.0,2.5326904621784094,6.569817083246966,4.326825865066034,2.5037325253837235,0.0,1.0109420784041891,3.6431864612860303,1
136,91062,Orgosolo,91062,1,256,24,6,78,91062,221.93163928771108,0.35145957669821554,0.3011851763338281,1.1535083542915792,0.7670983049062118,0.10814140821483556,0.1026842049243788,0.02703535205370889,0.026676352996340757,0.004505892008951481,0.004495770869339376,3.951072318538118,8.561159490033692,1.6225087947337191,0.7721184855414484,0.05481088014646083,12.530144776219784,28.705159696999527,5.041759161804364,1.773222275106077,0.2023789559067697,3.771412187862465,12.229906426333278,3
137,91063,Orosei,91063,3,108,88,10,81,91063,91.00996269078769,0.8900124514411989,0.6365834171139763,1.1866832685882651,0.7823859066012606,0.9669271077385865,0.6764724811394832,0.10987808042483937,0.1042501718365681,0.03296342412745181,0.032431782083201244,10.481655255273473,8.807378541075202,14.507372911730496,3.1380725830122738,0.40097594116267943,27.763606571246296,29.27722855080067,33.21456627146545,6.929685137604685,1.4599298734187074,8.758624275765051,23.476748121349722,5
138,91064,Orotelli,91064,2,6,4,5,12,91064,61.4697530477715,0.1952179633888255,0.17832856489259685,0.09760898169441275,0.09313416098662682,0.06507265446294183,0.06304301698749668,0.08134081807867728,0.07820176933546383,0.032536327231470916,0.032018228993410704,2.056460179714696,0.7244386716720868,0.9763230931212086,2.3230601600024214,0.3957806198522644,6.95011700892093,3.48512172073441,3.095390461644774,5.198203793351112,1.4413136127247708,1.3813494264422617,4.49925555546398,1
139,91066,Ortueri,91066,0,4,0,4,1,91066,39.017775299690435,0.025629344377508217,0.025306418687502566,0.10251737751003287,0.09759609012850826,0.0,0.0,0.10251737751003287,0.09759609012850826,0.0,0.0,0.0,0.7608680215431982,0.0,2.92785394869191,0.0,0.0,3.6520890934364814,0.0,6.4873770789759035,0.0,0.6293950976895861,1.886128835205506,1
140,91067,Orune,91067,0,163,1,5,7,91067,127.9686706280466,0.054700888628797135,0.053257208841839314,1.2737492637848475,0.8214301270611806,0.007814412661256733,0.007784038274679325,0.03907206330628367,0.03832806804327319,0.0,0.0,0.3525264458436312,9.453568807719801,0.11724420347272854,1.1158819861895846,0.0,1.269497696131309,30.738280643314276,0.3821936033502159,2.5477314693442614,0.0,2.659981274306023,8.524017910739643,3
141,91068,Osidda,91068,0,58,2,2,7,91068,26.065945634673028,0.26854962785959974,0.2378742225552864,2.2251254879795406,1.1709718604921304,0.07672846510274278,0.07392724484750139,0.07672846510274278,0.07392724484750139,0.0,0.0,2.9456923037541194,16.514535085123967,1.151202037135491,2.1913332645106873,0.0,9.654622849364202,43.818287748959236,3.629802307875243,4.914068925343439,0.0,5.571281859510929,15.314029592425635,4
142,91069,Osini,91069,0,29,3,2,31,91069,39.61310339918915,0.7825693353940693,0.5780557703865977,0.7320809911750971,0.549323570695391,0.07573251632845832,0.07300184006297657,0.05048834421897221,0.0492551457810796,0.0,0.0,9.178781919648033,5.4333911859017965,1.1362592351870406,1.4419262526488985,0.0,25.105337797085507,20.555932298749,3.5843652510835815,3.2740727967795333,0.0,4.555523157304601,13.878568383546547,4
143,91070,Ottana,91070,0,5,10,6,8,91070,45.020807850014904,0.17769561191908625,0.16355965788329158,0.1110597574494289,0.10531429629421404,0.2221195148988578,0.20058665866658762,0.13327170893931467,0.12510876701035065,0.0,0.0,1.843981192253401,0.8242682360397355,3.332588990236058,3.806184948778117,0.0,6.279327620887064,3.9409078004313285,9.848735984397658,8.316191216402073,0.0,1.9967069570498834,6.086201115713794,2
144,91071,Ovodda,91071,1,16,6,5,10,91071,40.67892722740043,0.24582752500081223,0.21979998783112106,0.39332404000129956,0.3316922879907851,0.14749651500048733,0.1375826259113391,0.12291376250040612,0.11592688073320588,0.024582752500081222,0.024285458982961534,2.670160254487537,2.9191898135696914,2.2129764789583524,3.5103662776603373,0.299031201430325,8.83370869219844,12.412072919653696,6.75525963515457,7.705855715280263,1.093219822702095,2.5298988873224375,8.369383104166118,2
145,91072,Perdasdefogu,91072,3,11,6,6,9,91072,78.66154614521461,0.11441422704030482,0.10832890994926155,0.13983961082703925,0.13088756025133697,0.07627615136020321,0.07350707505712085,0.07627615136020321,0.07350707505712085,0.03813807568010161,0.03742879678362094,1.0766204526053633,1.0378678289241974,1.1444157095171987,2.178415370888092,0.46392179194839,3.770800782443416,4.8978707100971075,3.609172115610283,4.88613952915755,1.684872524437379,1.1844907197441508,3.9789505171967283,1
146,91073,Posada,91073,2,209,26,6,37,91073,32.83440927241473,1.1268666261976859,0.7546498291263749,6.36527364527882,1.9967762040483783,0.79185222381459,0.5832498467631844,0.1827351285725977,0.16782966184837916,0.060911709524199234,0.0591286417717859,13.35378890212743,47.24207039523991,11.880622034403746,5.218839778686731,0.7409463883320668,33.126068140762044,74.72025351872612,28.637366970946193,11.155921308054694,2.661699880563046,19.04969928196517,36.28491540036389,5
147,91077,Sarule,91077,0,22,8,4,10,91077,52.254200184865496,0.19137217610492338,0.17510573199054255,0.42101878743083143,0.3513740703018992,0.1530977408839387,0.1424520086254995,0.07654887044196935,0.07376043432270271,0.0,0.0,2.0098255148704114,3.124735918977863,2.2970149468053362,2.186204115194924,0.0,6.803739073929374,13.148573966193208,6.994344652461078,4.9029807477977405,0.0,2.171465240845895,7.462581256388991,2
148,91083,Silanus,91083,8,6,10,5,27,91083,47.957553127431254,0.562997864554442,0.44660568519044846,0.12511063656765378,0.11788137443665933,0.2085177276127563,0.18939459015828397,0.10425886380637815,0.09917439845470119,0.16681418209020504,0.15427711362577315,6.516221253634548,0.9285516741776271,3.1285134204787797,2.9775900778554596,2.0291724975014986,19.135002812230567,4.411173453081505,9.299209268162793,6.592289901256168,6.944847075910249,3.4622627401589954,10.386464253351557,3
149,91084,Sindia,91084,3,9,4,5,16,91084,58.84592668652441,0.271896474419256,0.24050907357056847,0.15294176686083152,0.14231673425329452,0.067974118604814,0.0657635067282749,0.08496764825601752,0.08155016927231921,0.05098058895361051,0.049723622603049925,2.986276729275557,1.1351099919751024,1.0198554565840536,2.426640931515245,0.6201415713872293,9.774295219092568,5.3255554837860535,3.22896557268804,5.4207775970044905,2.2383291139092663,1.8096419049592631,5.946420102153493,2
150,91085,Siniscola,91085,3,94,54,17,59,91085,195.82332036848376,0.3012920008147078,0.26335761770929805,0.4800245436708904,0.3920586711999303,0.2757587804066817,0.24354112348317916,0.08681294938728869,0.08324951365115825,0.015319932244815652,0.015203767009433267,3.342731837209213,3.562667458980827,4.137370261963218,2.4793419694752648,0.18635576894748723,10.812053865052395,14.67100982417553,11.957785440338252,5.533735890293196,0.6844037613667416,3.111497340616652,10.201426463307907,3
151,91086,Sorgono,91086,2,8,4,9,41,91086,55.81664203541268,0.7345479503046366,0.5507468320756091,0.14332642932773396,0.13394193400264462,0.07166321466386698,0.06921184786281723,0.16124223299370072,0.1494903226358796,0.03583160733193349,0.03520458944064894,8.596466509646532,1.0637464531978642,1.0752051223525987,4.605011560311384,0.43586529171671534,23.864992387236228,5.012166734146241,3.398277936949995,9.936874431339898,1.5847489254210916,3.7942558538823246,10.74120104434052,3
152,91088,Talana,91088,0,15,4,4,20,91088,118.85636157447503,0.16827033685923543,0.1555243104154117,0.12620275264442657,0.11885157802330605,0.033654067371847084,0.03310016244187629,0.033654067371847084,0.03310016244187629,0.0,0.0,1.7296887181685225,0.9366571897381311,0.5049316556050918,0.9611462606382318,0.0,5.914369956300064,4.4474789027418336,1.6252065969780116,2.200223747212213,0.0,0.9982291831018426,3.5412555940529113,1
153,91089,Tertenia,91089,6,76,30,6,70,91089,117.36868920890194,0.5964111934095859,0.46775810582508015,0.6475321528446933,0.49927850334654206,0.25560479717553686,0.22761736660239668,0.05112095943510737,0.0498571751251087,0.05112095943510737,0.0498571751251087,6.921396911428719,4.805882865783734,3.834988264343157,1.4599934818694533,0.6218490756110634,20.09572517875368,18.683223623592372,11.175934451637946,3.3140907048963713,2.244341035058829,4.326071372584704,13.656258059092126,4
154,91090,Teti,91090,0,6,8,4,23,91090,43.99305233413665,0.52280982518126,0.42055719755507553,0.13638517178641563,0.12785232250235937,0.18184689571522084,0.1670783807424317,0.09092344785761042,0.08702453743917356,0.0,0.0,6.028894314164393,1.0122295199641027,2.728355330890676,2.596736107617803,0.0,17.95190584580438,4.784290763764916,8.203491057538505,5.784668102461864,0.0,2.9969071565611496,9.090042871559522,3
155,91091,Tiana,91091,0,5,2,3,1,91091,19.24005708165592,0.05197489777478008,0.0506692526000122,0.2598744888739004,0.23101210399694044,0.10394979554956016,0.09889447177519399,0.15592469332434025,0.1449006239451147,0.0,0.0,0.3194706212592089,1.928748013278857,1.559619578421539,4.453144824189118,0.0,1.1519552413904215,8.644575662284637,4.855684566984572,9.631789401328264,0.0,1.5579238290101523,4.92263581158444,1
156,91093,Tonara,91093,2,34,15,6,16,91093,52.18559039554567,0.3065980451447703,0.26742684728438426,0.6515208459326368,0.5016965881926825,0.2874356673232221,0.2526523851797612,0.11497426692928885,0.10883132565857323,0.03832475564309629,0.037608602519299636,3.4070738251338066,4.835486325139389,4.312565425684036,3.2836175641922947,0.46619261713841226,10.99687431349327,18.773709433853476,12.405145257441278,7.234202175746337,1.6929665528276763,3.6326687103044817,11.727945685644324,3
157,91094,Torpè,91094,0,81,13,6,17,91094,91.81636042925619,0.1851521876986005,0.16987119477850623,0.8821957178580377,0.6324390303671953,0.1415869670636357,0.13241937073798837,0.06534783095244724,0.06330134767190346,0.0,0.0,1.93440088702415,6.547519325636634,2.1243120750198163,1.8663070548585743,0.0,6.565991486319131,23.66614976098204,6.501745581127022,4.207747578968182,0.0,2.9220085707491528,9.81784613921188,3
158,91095,Tortolì,91095,95,101,89,28,84,91095,40.16082628446718,2.091590432054639,1.1286856614258387,2.5148884956847444,1.2570078023369138,2.2160898625340817,1.1681662932565895,0.6971968106848796,0.5289779551814575,2.365489179109413,1.2135733252233527,25.05219238423398,18.665111033747785,33.24929230381998,19.911652880306658,28.774445465257966,50.11441175297481,47.037790952838975,57.35656341571544,35.162058820277686,54.62949727931715,24.69598641304293,49.00234249821864,5
159,91097,Triei,91097,7,3,8,5,9,91097,32.9093694923577,0.2734783479242896,0.24175201327029422,0.09115944930809652,0.08724084585872334,0.24309186482159076,0.2176017155270372,0.1519324155134942,0.1414408934637378,0.21270538171889192,0.1928537164697989,3.005458794035635,0.6765712460136909,3.6472494219577065,4.339127019240715,2.5874053707324265,9.830748331026767,3.2645912479002983,10.684169426940942,9.401815268196854,8.681388557427356,2.7098399240650046,8.180617342643558,3
160,91098,Ulassai,91098,0,77,8,5,35,91098,121.97936997042166,0.2869337660006526,0.25226246342072245,0.6312542852014358,0.489349219028825,0.06558486080014916,0.06352381349599717,0.04099053800009323,0.04017270025443732,0.0,0.0,3.1686214616531316,4.685071065389646,0.9840080243659196,1.1706728308655139,0.0,10.308122751484834,18.311665388886293,3.118997404927639,2.6703472904298153,0.0,2.494256734346362,8.694704747217026,2
161,91099,Urzulei,91099,0,167,9,6,29,91099,130.23173394394735,0.2226799806910488,0.2010451549997393,1.282329543979488,0.8251966511712728,0.06910758021446342,0.06682426328854772,0.046071720142975614,0.04504192939445461,0.0,0.0,2.3894692304746967,9.517250312012509,1.036861444026863,1.315789293677929,0.0,7.9818824311411,30.879225650481274,3.281048355138741,2.9940131818977624,0.0,3.500894030002599,11.21968279027506,3
162,91100,Ussassai,91100,4,67,3,3,29,91100,47.46690235668082,0.6109520225711198,0.4768253226037102,1.4115098452505181,0.8802530431436927,0.06320193336942619,0.061285046859024556,0.06320193336942619,0.061285046859024556,0.08426924449256824,0.08090625270431746,7.097721456820135,10.476006404274273,0.9482555704504004,1.8050211064219617,1.025073714758151,20.507549343553112,32.93946032158009,3.0090747326781817,4.073720655752636,3.6420279023328077,5.311229689643797,15.964205718592769,4
163,91101,Villagrande Strisaili,91101,6,48,13,9,44,91101,209.82998573167328,0.20969357571356073,0.19036708432523955,0.22875662805115718,0.2060027866060193,0.0619549200971884,0.06011147379939199,0.04289186775959197,0.041997496396334516,0.028594578506394647,0.02819338359463722,2.231993894750248,1.69779609299061,0.9295459010022646,1.2249740233006114,0.3478321300730131,7.496894849553841,7.708715883912279,2.951452698892102,2.7916445744619915,1.269136640008558,1.4984856883755728,5.312198315792798,1
164,91103,Cardedu,91103,1,18,15,4,49,91103,33.236805473956764,1.4742692416211522,0.9059450965133999,0.5415682928404233,0.43280027021087586,0.4513069107003527,0.3724644682139481,0.12034850952009406,0.11363980611827362,0.030087127380023514,0.02964338835338169,17.56645157437563,4.019435587529478,6.771221531355763,3.43710371232535,0.365987895293903,39.997751993806816,16.195578576890078,18.28787734634761,7.553829999749214,1.3344091945188092,8.181203021844405,20.972311131048354,5
165,91104,Lodine,91104,1,6,2,2,3,91104,7.98416662559496,0.37574366125862857,0.31899442946656326,0.7514873225172571,0.5604653255574179,0.25049577417241903,0.22354009201948613,0.25049577417241903,0.22354009201948613,0.12524788708620951,0.11800335546082348,4.245545221203723,5.577421956999857,3.75833460417824,7.154055823068418,1.5235489252830894,13.339023727297262,20.9728617204069,10.975741671270994,14.859087769703304,5.311969085107329,4.645149242435301,14.20013095651133,4
166,92003,Assemini,92003,14,154,42,25,23,92003,118.93226175474292,0.19338739262715465,0.17679581180264403,1.2948547158513835,0.8306695368687651,0.3531421952321955,0.3024294399208208,0.2102036876382116,0.19078868233266913,0.11771406507739848,0.11128558627710536,2.034262370100627,9.610210188407367,5.2983988928415355,6.003330477517414,1.431905491674524,6.880500854755381,31.08402346706509,14.849181533255997,12.682046207621891,5.009565970505689,5.116201157495402,15.20825595803794,4
167,92009,Cagliari,92009,344,1126,557,268,312,92009,83.56996765487847,3.733398597071094,1.5546434639576616,13.473739808660424,2.6723359598183825,6.66507377746346,2.0366741375173065,3.2068936667149144,1.4367245289656663,4.11631127369377,1.6324337250427718,44.96103493375366,100.0,100.0,91.58755825769592,50.071915487485484,69.46100073945478,100.0,100.0,95.50150795735344,73.48466869480397,77.23363576752904,87.51199328491984,5
168,92011,Capoterra,92011,15,90,14,23,24,92011,68.25499799023441,0.35162260210503266,0.30130579819896636,1.3185847578938725,0.8409569813922528,0.20511318456126906,0.18657349162804576,0.3369716603506563,0.2904071014483791,0.21976412631564543,0.19865750096721824,3.9530491921004813,9.786330867442866,3.077433069905632,9.623771406544067,2.6732698351511304,12.535623303984137,31.46898421594439,9.160694300143552,19.303850912750093,8.942648279293078,5.9588767829687095,17.249914370051872,5
169,92015,Decimomannu,92015,13,12,11,10,4,92015,28.006588098673305,0.14282353801566722,0.13350198795591844,0.42847061404700165,0.3566043712814421,0.3927647295430849,0.331290785732966,0.35705884503916807,0.30531974397972167,0.46417649855091847,0.381292967391933,1.421116546120139,3.180042216427517,5.892878948634236,10.197453102631224,5.646367551271733,4.914137495199148,13.34429415475432,16.266263690901848,20.29511946887162,17.16405815110243,4.4941760281916245,12.82424126086968,4
170,92037,Maracalagonis,92037,6,96,15,10,29,92037,100.73541939792037,0.2878828536509641,0.25299967141142105,0.952991515534226,0.6693623075605921,0.14890492430222282,0.13880924896967917,0.09926994953481522,0.0946462772286958,0.059561969720889126,0.05785558660603548,3.1801302584774893,7.072954718345372,2.23410766743068,2.835108747329311,0.7245277909841572,10.341606021209724,25.047835213282216,6.81548640564007,6.291298029412411,2.60439278401741,3.6668183818135383,11.931671873625088,3
171,92050,Pula,92050,24,73,47,11,64,92050,137.80682099686823,0.4644182308033537,0.38145805151952594,0.5297270445100754,0.42508931720776777,0.34105713824621287,0.29345821207653977,0.07982188341932642,0.07679610477499163,0.17415683655125766,0.16055030409429202,5.32082799834515,3.931551685223922,5.117079714847652,2.279680013648695,2.1184905177341413,16.17606067152653,15.90703128646511,14.4086973301612,5.10476689400065,7.227237298659679,4.156353317599774,13.199754253072541,4
172,92051,Quartu Sant'Elena,92051,48,97,66,70,88,92051,95.80848081552448,0.9184990644976471,0.6515431430829878,1.0124364688212701,0.6993461615247247,0.6888742983732353,0.5240622113575831,0.7306242558504011,0.5484821849540628,0.5009994897259893,0.40613121269523067,10.82708872685341,7.514145910480721,10.335583991620894,20.86632690435664,6.094292302224797,28.44306277078666,26.169844362392737,25.731274419599192,36.45853794155468,18.28216187505317,10.933158159876358,27.51863168449254,5
173,92066,Sarroch,92066,5,48,4,5,23,92066,67.79409340318044,0.3392625942088488,0.2921191596614278,0.7080262835662932,0.5353384837528318,0.0590021902971911,0.05732713488643282,0.07375273787148887,0.07115974413518564,0.07375273787148887,0.07115974413518564,3.8031696529684056,5.254860889559407,0.8852443688874766,2.10634772414799,0.8971481047296994,12.11837511907775,20.032604126212277,2.8147426154443265,4.730108475047875,3.2032848513002428,3.0373819611530375,10.236456846752466,3
174,92068,Selargius,92068,9,52,16,34,26,92068,26.625803996074836,0.9764963343016011,0.6813257491116493,1.9529926686032022,1.0828191200642243,0.6009208211086776,0.47057897689445366,1.27695674485594,0.8228397903512931,0.33801796187363115,0.29118938603568423,11.530373396422195,14.494807650566996,9.015966531991957,36.469357084064505,4.111741239870017,29.79575976179841,40.51957300076204,23.10526599351267,54.69555172308118,13.10800875528039,14.767584924563476,33.204808011422784,5
175,92074,Sestu,92074,29,42,16,14,5,92074,48.38997973449496,0.10332717697824811,0.09833032092727206,0.8679482866172842,0.6248406555997231,0.330646966330394,0.28566526480958637,0.2893160955390947,0.25411191929304916,0.599297626473839,0.46956454941044096,0.9421770147376284,6.441777108233891,4.96088981713011,8.262748163464924,7.2900172288771214,3.316674596461157,23.38181519819793,14.02606629835299,16.891248804594905,21.13763935093112,4.853689292313234,14.293120693940777,4
176,92075,Settimo San Pietro,92075,6,18,2,8,11,92075,23.284900581108374,0.47240914607660284,0.38689993418273766,0.7730331481253501,0.5726917229834889,0.08589257201392779,0.08240229582127077,0.34357028805571116,0.29533046482863096,0.25767771604178336,0.22926693789045852,5.417727183884329,5.73733172157943,1.2886964928183597,9.812225487709984,3.1344609196851336,16.42322568780755,21.430378949150175,4.045924397199774,19.631115198670347,10.320544543461398,5.102670299248839,15.070469057216455,4
177,92080,Sinnai,92080,8,475,36,16,155,92080,223.74771354515715,0.6927445091800575,0.5263511816507287,2.1229267216808214,1.138770613946508,0.16089549890633595,0.1491916891093852,0.07150911062503819,0.06906803857853724,0.035754555312519094,0.03513020004682174,8.089550936249431,15.756031746407054,2.4140092709906695,2.042270656898874,0.43492801026550093,22.75696567890343,42.61330278337837,7.32526064730458,4.591069271056203,1.581400256574118,7.198508471236107,19.79226794529238,5
178,92090,Uta,92090,2,53,16,9,17,92090,134.4926614642804,0.12640094868309965,0.11902754864704945,0.3940735458943695,0.332230069837857,0.11896559876056438,0.11240468601589872,0.06691814930281746,0.06477425832076926,0.014870699845070548,0.014761215063841206,1.2219734597083154,2.924752529665695,1.7849104560975968,1.9111546981996737,0.18089118542630658,4.256722543638268,12.432196955521867,5.519031441766101,4.305654439481239,0.6644821053734966,1.7595245848210195,6.201168666784702,2
179,92099,Villa San Pietro,92099,5,10,7,4,3,92099,40.194574738932836,0.07463693842975709,0.07198287284218453,0.248789794765857,0.22217491815322848,0.1741528563360999,0.16054691423888262,0.0995159179063428,0.0948700083124686,0.1243948973829285,0.11724502196001427,0.5942743461183974,1.8464791386719823,2.612917158171017,2.8421335024032484,1.513172929520248,2.1199991372606517,8.313884238130296,7.882798297551337,6.306169812726793,5.2778323938516545,1.7401228384502303,5.76473917151522,2
180,92105,Quartucciu,92105,2,41,8,8,39,92105,28.605799037918477,1.3633599239197434,0.8600843031185873,1.4332758174540892,0.8892384225441824,0.27966357413738324,0.24659721067978752,0.27966357413738324,0.24659721067978752,0.06991589353434581,0.06758004121083626,16.22154649323305,10.63755006262502,4.195956166051854,7.987076139977313,0.8504757000901768,37.9147993747219,33.275697214530496,12.107838271093678,16.391733420846798,3.0421430668674674,9.648151687842155,24.877906090081694,5
181,92108,Elmas,92108,31,44,21,14,9,92108,13.821314021726792,0.6511681874713362,0.5014830298109673,3.1834889165265325,1.4311455674196691,1.5193924374331178,0.924017776198258,1.0129282916220785,0.699590523381364,2.2429126457346027,1.1764718907103437,7.585389451171901,23.62735930584249,22.796333366490593,28.928813537755726,27.28339160372994,21.627478415992464,53.55410356102579,45.36895515964228,46.50296461750671,52.959361100760205,19.809384526146662,41.22194124968467,5
182,92109,Monserrato,92109,54,60,12,23,24,92109,6.5687049801214075,3.6536882190066655,1.5376600705876151,9.134220547516664,2.3159178699426857,1.8268441095033328,1.0391609337539032,3.5014512098813877,1.5043998358719541,8.220798492764997,2.2214616382399224,43.994453453491936,67.79276338441332,27.409210617899237,100.0,100.0,68.68963153533872,86.66267657828772,51.02244461259935,100.0,100.0,60.628369005730754,77.47704752769341,5
183,95001,Abbasanta,95001,11,50,20,8,13,95001,40.32209773990169,0.32240386112490227,0.27945118730633606,1.2400148504803932,0.8064824955237192,0.49600594019215727,0.4027988502610849,0.19840237607686292,0.1809893164865151,0.27280326710568653,0.24122176490307856,3.598737813911676,9.203197242115046,7.441867213372741,5.666289894800043,3.318452183760211,11.543008139087425,30.178933623994247,19.777285076742533,12.030665795813066,10.858695948231635,6.0505827999728385,17.853562327268417,5
184,95002,Aidomaggiore,95002,0,4,1,2,20,95002,41.39537320336428,0.4831457830261707,0.3941653611067065,0.09662915660523415,0.09224107182077695,0.024157289151308537,0.02387011750845587,0.048314578302617074,0.04718371099289343,0.0,0.0,5.547921453284957,0.717166562346146,0.36244593770276495,1.3798443961255065,0.0,16.753214310328044,3.451701926992961,1.1720145637806056,3.136381025031529,0.0,2.123133923531402,6.5937498413575035,2
185,95003,Albagiara,95003,4,7,1,1,1,95003,9.190049705726262,0.10881333964678193,0.10329038008710546,0.7616933775274735,0.566275492806396,0.10881333964678193,0.10329038008710546,0.10881333964678193,0.10329038008710546,0.4352533585871277,0.3613413901340279,1.00870314799498,5.653169708961464,1.6325901749911795,3.1076640262672117,5.2945387114182125,3.5419556579737064,21.190280762635897,5.071522153908028,6.865886157667525,16.265929778572314,3.0380248817189983,10.030937220340054,3
186,95004,Ales,95004,0,7,4,6,14,95004,22.42999195308361,0.6241642899062797,0.48499340035817456,0.31208214495313985,0.271615299044519,0.17833265425893705,0.16410043437949962,0.2674989813884056,0.23704565284453954,0.0,0.0,7.257935637564707,2.316225111847157,2.6756291109924586,7.63966039662358,0.0,20.878535488626547,10.16396527714197,8.057274914853933,15.756825226396495,0.0,4.437511850923229,12.779530732803716,4
187,95005,Allai,95005,1,6,4,2,15,95005,27.113357488057307,0.5532328486653522,0.4403384676765588,0.22129313946614085,0.1999102477764759,0.1475287596440939,0.13761072550916478,0.07376437982204695,0.07117058637757077,0.036882189911023475,0.03621831615048785,6.397809024988152,1.6424032422230819,2.2134602642048953,2.1066802134462908,0.44864486027096934,18.850351889980978,7.480730371568334,6.756639315747949,4.730829177226021,1.630382245951537,3.1335020889372354,9.749278624215023,3
188,95006,Arborea,95006,0,32,22,7,24,95006,94.67788183620164,0.25349109564493033,0.22593253499698784,0.33798812752657376,0.29116708836814387,0.23236683767451946,0.20893657864295065,0.073934902896438,0.07132938242143184,0.0,0.0,2.7630900038771915,2.508495282871111,3.4863355670603204,2.1115502820027174,0.0,9.112243018258505,10.895601928281959,10.258714184766104,4.7413846186768,0.0,2.470050477593407,8.220523917302781,2
189,95007,Ardauli,95007,0,8,3,4,10,95007,20.47594256628751,0.48837800592703545,0.3976869403904451,0.3907024047416284,0.329808946660082,0.14651340177811065,0.13672551254371795,0.1953512023708142,0.17844003540266193,0.0,0.0,5.611368270115876,2.899732444666174,2.19822625630214,5.5791496342864,0.0,16.913161015332236,12.341597449539858,6.713175663456184,11.861210773081321,0.0,3.684861288604694,11.28116441563807,3
190,95008,Assolo,95008,2,1,1,1,1,95008,16.16949203572586,0.061844861779859206,0.06000783096227813,0.061844861779859206,0.06000783096227813,0.061844861779859206,0.06000783096227813,0.061844861779859206,0.06000783096227813,0.12368972355971841,0.11661766670855356,0.4391554684499753,0.4590029394816397,0.92789463169897,1.766263702470788,1.5045950058084492,1.5761043853171761,2.245519719996448,2.946363871219346,3.988821956198728,5.249591741811506,0.8474753576966596,2.746766487449094,1
191,95009,Asuni,95009,0,8,2,1,8,95009,21.37146273069692,0.37433095248596127,0.31796703268985654,0.37433095248596127,0.31796703268985654,0.09358273812149032,0.08945922184937864,0.04679136906074516,0.045729646569883126,0.0,0.0,4.228414476502452,2.778226073842951,1.4040765525795167,1.3363421694609368,0.0,13.292360365229856,11.898467762693514,4.3924170392043616,3.0397269050071456,0.0,2.444347497346517,8.29676749383428,2
192,95010,Baradili,95010,0,0,2,0,5,95010,5.721119659251842,0.8739548021713386,0.6280510651536269,0.0,0.0,0.34958192086853546,0.2997948562415013,0.0,0.0,0.0,0.0,10.286937493575746,0.0,5.244982014311273,0.0,0.0,27.376075446135534,0.0,14.719824380298235,0.0,0.0,4.135077650934979,11.156787509900306,4
193,95011,Baratili San Pietro,95011,6,4,2,4,2,95011,6.138274922133695,0.32582444178058906,0.2820344861512167,0.6516488835611781,0.501774112291709,0.32582444178058906,0.2820344861512167,0.6516488835611781,0.501774112291709,0.9774733253417672,0.6818199314874126,3.640216351510079,4.83643660049248,4.888534660820945,18.610822898864633,11.890247963163517,11.660339059390076,18.776610420113894,13.847796314388075,33.35377340033273,30.69240178406244,7.259529218886378,19.034119774179263,5
194,95012,Baressa,95012,3,4,2,4,3,95012,12.418165546710592,0.24158157569373526,0.2163860311725205,0.322108767591647,0.2792280130765928,0.1610543837958235,0.14932854382009123,0.322108767591647,0.2792280130765928,0.24158157569373526,0.2163860311725205,2.61867315749957,2.3906411446702225,2.4163931139126307,9.199293329652265,2.9386631469722513,8.678650102124445,10.448836421584122,7.3319801665533895,18.560758012496823,9.740705283750229,3.5403011703450176,10.44038439959359,3
195,95013,Bauladu,95013,1,4,2,4,32,95013,23.868792623140237,1.3406627015133035,0.8504340950493405,0.16758283768916293,0.15493566109668266,0.08379141884458147,0.08046546646267426,0.16758283768916293,0.15493566109668266,0.04189570942229073,0.04104185139536014,15.946316148525444,1.2437737411364205,1.2571716629439942,4.786096610920357,0.5096306576442973,37.47649631268143,5.797761337882547,3.9508267415209177,10.298835283166694,1.8475156486554432,6.1151501698330195,15.212131433919797,5
196,95014,Bidonì,95014,0,2,0,0,6,95014,11.862377191667107,0.505800810668437,0.4093248567976907,0.16860027022281232,0.15580668237453452,0.0,0.0,0.0,0.0,0.0,0.0,5.822640137169913,1.2513249670625395,0.0,0.0,0.0,17.44174385628905,5.830355341441555,0.0,0.0,0.0,2.0596232829166086,6.690111992247104,2
197,95015,Bonarcado,95015,0,60,4,5,34,95015,28.617396884627237,1.1880884951581394,0.7830283294265373,2.0966267561614225,1.1303133758597579,0.13977511707742815,0.13083097722540826,0.1747188963467852,0.1610288818226777,0.0,0.0,14.096175604601152,15.56083749527201,2.0971278300031457,4.989899498062799,0.0,34.414992015607424,42.296829173251716,6.423756005704989,10.703861964285906,0.0,9.286972545908398,23.78903539377904,5
198,95016,Boroneddu,95016,0,1,1,2,3,95016,5.00572508490421,0.5993137755501425,0.46957464696483187,0.19977125851671418,0.18213092072131498,0.19977125851671418,0.18213092072131498,0.39954251703342836,0.33614540967155215,0.0,0.0,6.956594111719662,1.4826711911737271,2.997285029195003,11.41076922351184,0.0,20.17823071005025,6.81542004672545,8.942565595855774,22.34415357249234,0.0,4.768718420675107,12.897460379741442,4
199,95017,Busachi,95017,0,10,2,4,6,95017,59.13266565086196,0.10146676010558878,0.09664270986946602,0.16911126684264796,0.15624385917746533,0.03382225336852959,0.033262859344729535,0.06764450673705918,0.06545482626776508,0.0,0.0,0.9196172861509009,1.2551175044507648,0.5074550484781188,1.9318991664416383,0.0,3.240024944053456,5.846714691819063,1.6331949589774217,4.350892941292252,0.0,0.9809404466198309,3.4129590891601245,1
200,95018,Cabras,95018,1,54,95,12,136,95018,101.61602362895404,1.3383715987214515,0.8494547891379297,0.5314122524335174,0.42619035047036324,0.9348919255774845,0.6600514725072042,0.11809161165189277,0.11162331381936232,0.009840967637657731,0.0097928606708923,15.918533849886863,3.9440590361700854,14.026730337758963,3.3726476416015276,0.11970817246425175,37.432017190929265,15.948232440779192,32.408300392708036,7.419790348133423,0.44082960976320273,9.084788945047027,22.855374859211523,5
201,95019,Cuglieri,95019,6,125,31,6,76,95019,120.03927624536651,0.633126109863009,0.49049603688715665,1.0413258385904753,0.713599517626699,0.25824880797043787,0.22972091930288252,0.049983640252342816,0.048774583335996984,0.049983640252342816,0.048774583335996984,7.366608176949891,7.728558316980037,3.874657904667938,1.4275121158702657,0.6080144197225206,21.12845988638483,26.703211286173644,11.279218166088706,3.2421289987529884,2.1956077249500194,5.191981872616356,15.976064542984552,4
202,95020,Fordongianus,95020,0,12,8,4,14,95020,38.7823197186772,0.36098923688821355,0.30821181540015535,0.3094193459041831,0.2695837915485062,0.20627956393612204,0.1875408823333072,0.10313978196806102,0.09816046113410551,0.0,0.0,4.066630584306149,2.2964622317057044,3.0949329418319844,2.945629562879298,0.0,12.84928788655739,10.087945363232985,9.208192851209787,6.5248917736827226,0.0,2.8549357560165625,9.19714504306983,3
203,95021,Ghilarza,95021,0,25,26,14,23,95021,54.833473700345735,0.4194518137897031,0.35027075045101735,0.4559258845540251,0.37564204501322673,0.4741629199361861,0.38809031678827793,0.255318495350254,0.2273893215423379,0.0,0.0,4.775557646171064,3.383810961385589,7.114143605423662,7.291790747497036,0.0,14.759563798400304,14.05669237182125,19.055101139613708,15.114952562497619,0.0,4.7952173674070036,14.020305344772787,4
204,95022,Gonnoscodina,95022,0,2,4,2,3,95022,8.69833539864614,0.3448935758980894,0.29631488419686935,0.22992905059872623,0.20695648528057017,0.45985810119745246,0.37833924003624864,0.22992905059872623,0.20695648528057017,0.0,0.0,3.871451886081308,1.706497630679615,6.8995200436095026,6.566678694532349,0.0,12.308940845553938,7.744403712422272,18.5763266232389,13.756747398248528,0.0,3.952965786396049,11.407560616156807,4
205,95023,Gonnosnò,95023,1,3,4,3,4,95023,15.402805488234986,0.2596929502911201,0.23086800102095129,0.19476971271834007,0.17795345779039493,0.2596929502911201,0.23086800102095129,0.19476971271834007,0.17795345779039493,0.06492323757278003,0.06290271916723733,2.838294738691482,1.4455504966271449,3.896325216522238,5.5625425300425055,0.789743692536899,9.336407083465934,6.659097526139229,11.335539484110992,11.828867136724503,2.8315915109421175,2.9054968378287445,8.790293624999673,3
206,95024,Gonnostramatza,95024,0,9,1,3,6,95024,17.710310506143465,0.33878570327260393,0.2917630115353957,0.508178554908906,0.41090266768843897,0.05646428387876733,0.054927751424700924,0.16939285163630197,0.15648468389339357,0.0,0.0,3.797386793091536,3.7716221489023227,0.8471666745788978,4.837789861479754,0.0,12.102199217681664,15.37616055267111,2.6969337123147996,10.401801446800519,0.0,2.9772233892907844,9.574356862955314,3
207,95025,Marrubiu,95025,7,47,13,9,17,95025,61.68431635519027,0.2755967967953264,0.2434141450149324,0.761944085257667,0.5664177933315008,0.2107504916670143,0.191240408385789,0.1459041865387022,0.1361940079375284,0.11348103397454616,0.10749117476784217,3.031147462128144,5.655030422718401,3.1620128854330556,4.166963290162331,1.3804137648480148,9.906240737818615,21.195605711566134,9.389838308592159,9.053045918380468,4.838758991715386,3.7185902914138054,11.990574097884158,3
208,95026,Masullas,95026,2,21,7,5,7,95026,18.623487906367615,0.37586944159942287,0.3190858524509582,1.1276083247982687,0.7549984966431144,0.37586944159942287,0.3190858524509582,0.2684781725710163,0.23781789263364328,0.10739126902840652,0.10200704116796136,4.247070454817525,8.368933501843962,5.6393890622838425,7.667625692265781,1.3063362290526885,13.343176070305168,28.25237949102873,15.667005662472935,15.80815731050671,4.5918884851318955,5.775009801108153,17.029861271432516,5
209,95027,Milis,95027,0,4,2,5,15,95027,18.811768552273826,0.7973731953121926,0.5863262630966597,0.21263285208325136,0.1927939065557413,0.10631642604162568,0.10103596167662754,0.2657910651040642,0.23569727463930948,0.0,0.0,9.358296020329892,1.5781279370303616,1.5951275198349977,7.5908830131340865,0.0,25.48097552980504,7.214433718462704,4.960830984960106,15.667196247910963,0.0,4.65967874629367,12.790146722735855,4
210,95028,Mogorella,95028,0,1,2,2,7,95028,17.079730027211443,0.4098425436963929,0.3434780270170812,0.058548934813770416,0.05689904086313592,0.11709786962754083,0.11073413453666679,0.11709786962754083,0.11073413453666679,0.0,0.0,4.659034017296551,0.4345410824701937,1.7568878235599212,3.344266779930586,0.0,14.451044908514785,2.1291874120124814,5.437007938425095,7.360685098219583,0.0,2.359363057508086,7.059114677975511,2
211,95029,Mogoro,95029,8,19,17,7,42,95029,49.22712308632198,0.8531881890873676,0.6169075012869537,0.38596608553952344,0.32639743116062997,0.3453380765353631,0.2966453394875256,0.14219803151456128,0.13295450383141744,0.16251203601664146,0.15058321198847888,10.035118042932783,2.8645802206410327,5.181309135737565,4.061117033796346,1.9768400376151525,26.869945616627337,12.21393702245479,14.565184190394564,8.837710604664926,6.778564589924086,5.569793854018573,16.031017828372956,4
212,95030,Morgongiori,95030,0,21,2,3,15,95030,45.02944528276439,0.33311536275445625,0.2875185811536492,0.46636150785623876,0.38278416778274166,0.04441538170059417,0.043457285521241576,0.06662307255089125,0.06449765081885155,0.0,0.0,3.7286272881850455,3.4612625334836786,0.6663899483119813,1.9027274280696924,0.0,11.9094213190511,14.323953781947255,2.133737779683094,4.2872678712749615,0.0,2.4025909236992833,8.223652577830007,2
213,95031,Narbolia,95031,3,11,10,5,35,95031,40.97624142342579,0.8541534993004697,0.6174282572981628,0.2684482426372905,0.23779429720450682,0.24404385694299136,0.2183672484728768,0.12202192847149568,0.11513235100176337,0.07321315708289741,0.07065709916889149,10.046823557287988,1.9923810794145056,3.6615327165345732,3.4848958662379643,0.8905844991497022,26.893597848024953,8.898368348142418,10.721756831412666,7.653041981025767,3.1806580835162896,4.856241710197601,13.903044913231117,4
214,95032,Neoneli,95032,0,10,2,3,7,95032,48.07420128680304,0.14560824335362565,0.13593571286318232,0.2080117762194652,0.18897584799115388,0.04160235524389304,0.04076025364846411,0.062403532865839564,0.06053382509768074,0.0,0.0,1.454884352433653,1.5438310311274,0.6241844671631785,1.7822191178826534,0.0,5.024674912772279,7.071560269091207,2.0013144418945004,4.02378567547471,0.0,1.2145928246269795,4.279123280804592,1
215,95033,Norbello,95033,0,8,5,4,16,95033,25.9431516917661,0.6167330858678253,0.4804074994793098,0.30836654293391264,0.2687794453783165,0.1927290893336954,0.1762440337858219,0.15418327146695632,0.14339296957243353,0.0,0.0,7.167823604802669,2.288648491903532,2.891627246278475,4.403410535375682,0.0,20.67024833222564,10.05784637185301,8.653521471071574,9.531573066765365,0.0,3.961346233978731,11.875976346860064,4
216,95034,Nughedu Santa Vittoria,95034,1,12,1,2,9,95034,28.39131475441498,0.3169983524134069,0.2753551717454843,0.4226644698845426,0.35253150064031463,0.035222039157045214,0.03461593429545388,0.07044407831409043,0.06807358883592124,0.035222039157045214,0.03461593429545388,3.533189704132274,3.1369499180388614,0.5284568533380847,2.0118537740949054,0.42845034077947064,11.356971097232543,13.191885524164162,1.6996304739083343,4.5249665157312124,1.5582503744192626,2.2945088616091973,7.879558819794079,2
217,95035,Nurachi,95035,1,11,6,5,6,95035,16.125303169067372,0.37208602759851356,0.3163322296692626,0.6821577172639415,0.5200773248504065,0.37208602759851356,0.3163322296692626,0.3100716896654279,0.27008186065114664,0.06201433793308559,0.06016742360722266,4.201192138916351,5.062868416276493,5.582624289271094,8.85551935695633,0.7543590563333171,13.218109202496608,19.461524773470174,15.531803730510847,17.952797800898885,2.7084610677721934,5.046363412775029,14.900940477130746,4
218,95036,Nureci,95036,0,1,0,2,6,95036,12.894831751669907,0.465302697665907,0.38206184069331967,0.07755044961098449,0.07469036288437006,0.0,0.0,0.15510089922196899,0.14418769879195295,0.0,0.0,5.331553192604775,0.5755673681715148,0.0,4.429617604959375,0.0,16.203484188387684,2.794946593819969,0.0,9.584400061329532,0.0,2.4078004405682174,6.997441914170727,2
219,95037,Ollastra,95037,0,4,5,5,11,95037,20.989872184409517,0.5240622669522678,0.4213793140100345,0.1905680970735519,0.17443058570667572,0.2382101213419399,0.21366688630794783,0.2382101213419399,0.21366688630794783,0.0,0.0,6.044081634189195,1.4143667591908058,3.574005769409442,6.803182653800545,0.0,17.98924557537049,6.527270086150784,10.490970664968843,14.202799097229757,0.0,3.9020947320064296,11.257205191727074,4
220,95038,Oristano,95038,74,149,229,59,63,95038,83.95166137455381,0.750431843378571,0.5598625251381931,1.7748308676731284,1.0205897967546973,2.727760192598298,1.3158075687345678,0.7027853771323126,0.5322653673923,0.881459625555782,0.6320478721741746,8.7890772744244,13.172518490614852,40.92618151987519,20.071260029241405,10.722311541044844,24.279018297691394,38.19092404923738,64.60569928670716,35.380578666694525,28.451892271925523,18.198009267446768,37.90485238615493,5
221,95039,Palmas Arborea,95039,0,47,2,4,7,95039,39.32307355288148,0.17801253481843005,0.16382872593545653,1.195227019495173,0.7862854669171816,0.050860724233837154,0.04960956573381702,0.10172144846767431,0.09687390969363806,0.0,0.0,1.8478242527508553,8.870788930679256,0.7630931919435303,2.9051225440642408,0.0,6.291548430046297,29.423151831950772,2.435812623137189,6.439372524757668,0.0,3.3604315284934128,10.69632089034267,3
222,95040,Pau,95040,0,43,3,2,13,95040,13.836416759166248,0.9395496121774343,0.6624557874508151,3.1077410248945903,1.4128732484273483,0.2168191412717156,0.19624019266738646,0.14454609418114372,0.13500813411337503,0.0,0.0,11.082351216264797,23.06517024246712,3.2530643847461036,4.128176733499029,0.0,28.938704461313524,52.870345258661644,9.635325998031382,8.974218880788694,0.0,10.360837312470293,25.172395684784046,5
223,95041,Paulilatino,95041,4,22,4,6,57,95041,103.99564418538269,0.5480998790525473,0.43702829443789726,0.21154732173957969,0.19189832096523954,0.038463149407196306,0.037741879262647646,0.05769472411079446,0.056091751262275974,0.038463149407196306,0.037741879262647646,6.335565770258221,1.570071299756025,0.5770851260079269,1.647737485188288,0.46787607604111875,18.70000704187212,7.180920507400625,1.8531132971843385,3.728513519131371,1.6989660596863048,2.7025528116004134,8.505028532686996,3
224,95042,Pompu,95042,0,3,1,0,2,95042,5.286021950587254,0.37835635543999374,0.32089174252657404,0.5675345331599906,0.4495040240063428,0.18917817771999687,0.1732624615866178,0.0,0.0,0.0,0.0,4.277227191238463,4.212152982167581,2.8383508425617574,0.0,0.0,13.425197840630865,16.82064047204948,8.507127301072506,0.0,0.0,2.9038765714257853,9.934144930416132,3
225,95043,Riola Sardo,95043,4,23,15,5,11,95043,47.94046765930568,0.22945124520212726,0.2065679277212321,0.47976169451353884,0.3918810575907774,0.31288806163926447,0.27222933779392855,0.10429602054642148,0.09920804646617692,0.08343681643713718,0.08013822597656788,2.471578725289434,3.560716633441041,4.694442583624946,2.9786512590005367,1.014947836400183,8.232721395173181,14.664363443936534,13.366366900783374,6.594526541454698,3.60745486652031,3.118833765162179,10.159105127562999,3
226,95044,Ruinas,95044,0,4,1,4,3,95044,30.964147089226042,0.09688624690210984,0.09247548120549506,0.12918166253614646,0.12149317792434085,0.032295415634036616,0.03178488155543201,0.12918166253614646,0.12149317792434085,0.0,0.0,0.8640732109616146,0.9587661953596079,0.48454700896540326,3.6893749132241234,0.0,3.050753472336487,4.546328745753875,1.560626757610699,8.075856898370578,0.0,1.1492291509050854,3.575312114417141,1
227,95045,Samugheo,95045,0,32,7,5,28,95045,81.30453026825242,0.3443842539599957,0.29593610448245805,0.3935820045257094,0.33187741409193455,0.08609606348999893,0.08258967385202119,0.06149718820714209,0.059680353271317814,0.0,0.0,3.865275762409502,2.921104386123958,1.2917495944473203,1.756334288868338,0.0,12.29173703943142,12.419000420683995,4.055124594094248,3.9670539605401465,0.0,2.4116588874735547,8.198354229900296,2
228,95046,San Nicolò d'Arcidano,95046,3,19,8,5,20,95046,28.13466612098926,0.7108667973521616,0.5370001411210026,0.6753234574845536,0.5160062555798994,0.28434671894086466,0.25025019914391855,0.1777166993380404,0.16357756338446766,0.10663001960282426,0.10131937889525476,8.309304857287962,5.012145603780181,4.266220126509673,5.075515513010978,1.297076186658361,23.24063105791637,19.309183550969703,12.287198748886361,10.87327713577273,4.560933087979441,5.490106829050851,16.34400983405846,4
229,95047,Santa Giusta,95047,1,35,17,6,12,95047,69.05013556925073,0.17378676958519712,0.16023507763982553,0.5068780779568249,0.41004001256046985,0.24619792357902925,0.2200972549245657,0.08689338479259856,0.08332352126118524,0.014482230798766427,0.014378364899946067,1.7965819112445165,3.761970211351583,3.6938514380965377,2.4816391714206434,0.17616574365023085,6.128328420636227,15.343879614161127,10.80669955346234,5.538655301227862,0.6472479493878693,2.608099863908678,8.731331430546584,3
230,95048,Villa Sant'Antonio,95048,0,6,0,3,19,95048,19.43765399263242,0.977484217344423,0.6818254395124865,0.3086792265298178,0.26901840459029625,0.0,0.0,0.1543396132649089,0.14352841704772232,0.0,0.0,11.542352632715422,2.2909691808907438,0.0,4.407875592535735,0.0,29.81845521366718,10.066788331830077,0.0,9.540576489396708,0.0,4.696629423917673,12.893320120467179,4
231,95049,Santu Lussurgiu,95049,1,208,12,4,24,95049,99.42475234045502,0.24138858216933795,0.21623057741148785,2.092034378800929,1.1288292492923837,0.12069429108466898,0.1139483960008279,0.040231430361556325,0.03944321759113693,0.010057857590389081,0.010007613955419388,2.616332885492052,15.52675358519426,1.8108470380743757,1.1489930303189682,0.12234648008026049,8.671589543535719,42.24129249711183,5.594827071341432,2.621857344744759,0.45049681629201943,5.213341272116928,14.719093684947875,4
232,95050,San Vero Milis,95050,0,11,28,5,32,95050,72.31360787029755,0.44251698874429746,0.36638949662317305,0.15211521488085225,0.14159957019014754,0.3872023651512603,0.3272890320248525,0.06914327949129648,0.06685765439106911,0.0,0.0,5.055249845499079,1.1289754518124075,5.809423542474553,1.9747034971148067,0.0,15.491661567983469,5.298718885621363,16.069778959525447,4.444141297869674,0.0,3.256909049664957,9.852755178385921,3
233,95051,Scano di Montiferro,95051,2,10,4,5,38,95051,60.83589664130152,0.6246312144300966,0.4852808450597008,0.1643766353763412,0.15218586688273805,0.06575065415053648,0.06367939045660102,0.0821883176881706,0.07898521120257902,0.03287532707526824,0.032346492704070536,7.263597643044554,1.2199778065380626,0.9864955189672233,2.347264398722116,0.39990430496747154,20.891590947321557,5.69486281556758,3.126636180210243,5.25028049852179,1.4560905372959245,3.073452938646391,9.249671352638272,3
234,95052,Sedilo,95052,5,244,20,6,80,95052,68.22807315601032,1.1725378762649794,0.7758960124196922,3.5762405226081873,1.5208778144549582,0.29313446906624485,0.257069092113379,0.08794034071987346,0.08428631303314274,0.07328361726656121,0.0707227504985661,13.907606178715511,26.54230060394599,4.3980678812201175,2.5115398001748095,0.8914415957410591,34.09104911602313,56.91192414887536,12.622004049540529,5.60265369773124,3.1836134048481775,12.153345710445501,28.138455977078387,5
235,95053,Seneghe,95053,0,60,5,5,36,95053,57.3853807113747,0.627337477833692,0.4869452301042242,1.0455624630561533,0.7156727947366006,0.08713020525467943,0.0835413850084801,0.08713020525467943,0.0835413850084801,0.0,0.0,7.296414249239936,7.760001884436749,1.3072654281681295,2.4884026659800575,0.0,20.96718569680201,26.78079423760923,4.101853284704472,5.553137072768909,0.0,4.763638231411803,14.638695486299142,4
236,95054,Senis,95054,0,3,0,2,5,95054,16.287278354359124,0.3069880609403228,0.26772529989517796,0.18419283656419372,0.16906139191990222,0.0,0.0,0.12279522437612914,0.11582131217995185,0.0,0.0,3.411803222411108,1.3670505678445812,0.0,3.506980877802631,0.0,11.010429740717864,6.326352466977692,0.0,7.698838395101361,0.0,1.8913507403548722,6.0395427982249865,2
237,95055,Sennariolo,95055,0,1,2,0,14,95055,15.870649920428102,0.8821314861201575,0.6324049038237755,0.06300939186572553,0.061103934566053626,0.12601878373145106,0.11868821140025117,0.0,0.0,0.0,0.0,10.386089341387752,0.46764590054815675,1.8907335153221703,0.0,0.0,27.57382256278452,2.286536404285275,5.827550378035997,0.0,0.0,3.610884980617799,10.009290945513873,3
238,95056,Siamaggiore,95056,6,8,5,2,6,95056,13.226781170232583,0.45362510521480826,0.3740605090120518,0.6048334736197444,0.47301999644502907,0.3780209210123402,0.32064835463321484,0.1512083684049361,0.14081214585311283,0.45362510521480826,0.3740605090120518,5.189948738186647,4.488979913587018,5.671668966224172,4.31844853294581,5.518017569875202,15.840071487735429,17.70061861822106,15.743723982476807,9.360021351737103,16.838486092806097,5.013132430026975,15.413772709412429,4
239,95057,Siamanna,95057,0,6,2,2,5,95057,28.40391112871817,0.17603209562730535,0.16214614130409946,0.21123851475276642,0.19164340203362426,0.07041283825092215,0.06804440420155465,0.07041283825092215,0.06804440420155465,0.0,0.0,1.8238091132996486,1.5677793823581934,1.0564449937374782,2.010961570797024,0.0,6.215127073037814,7.171381327617533,3.3409568545167647,4.523026563753641,0.0,1.452020813946492,5.004028809282127,1
240,95058,Simala,95058,1,3,2,2,2,95058,13.423702135933903,0.14899019508531858,0.13888346539706553,0.2234852926279779,0.20170358309109243,0.14899019508531858,0.13888346539706553,0.14899019508531858,0.13888346539706553,0.07449509754265929,0.07185087454247126,1.4958944691884781,1.6586730618349168,2.2353870348607012,4.25509841933127,0.9061783670798077,5.158558965060845,7.547837776534677,6.81913040671119,9.231818701746155,3.2343963679426464,2.039396612795084,6.506565657050349,2
241,95059,Simaxis,95059,3,16,16,5,7,95059,27.507479403206723,0.2544762425300213,0.22671814884511424,0.581659982925763,0.4584749176266421,0.581659982925763,0.4584749176266421,0.18176874466430093,0.1670122523503079,0.10906124679858056,0.10351393389339031,2.7750360610605713,4.316989872046463,8.72698491189285,5.19124025350787,1.326650287007567,9.147924834934823,17.156335300663358,22.5109608445031,11.10158671703837,4.659721874621478,4.568506335435295,13.66686363956481,4
242,95060,Sini,95060,0,3,1,2,5,95060,8.657082609721561,0.5775617751856957,0.455880474847598,0.3465370651114174,0.2975361598950502,0.11551235503713914,0.10931381061319217,0.23102471007427827,0.20784692017248438,0.0,0.0,6.692825688818363,2.571944167191622,1.7330994208604227,6.597970276504419,0.0,19.556254735229498,11.13393541713488,5.367270522050476,13.81593611062951,0.0,3.9871491740911615,11.796204795857092,4
243,95061,Siris,95061,0,3,1,0,5,95061,6.089745971440314,0.8210523104656576,0.599414526563335,0.49263138627939457,0.40054059341808784,0.1642104620931315,0.15204314232356453,0.0,0.0,0.0,0.0,9.64543296199418,3.6562334828727305,2.463745602462414,0.0,0.0,26.075431723191972,14.988407125476447,7.465266019870229,0.0,0.0,4.300437379808919,13.06278450230075,4
244,95062,Solarussa,95062,9,24,9,5,18,95062,31.841099956941132,0.5653071038482177,0.4480820372319137,0.7537428051309569,0.5617522498635846,0.28265355192410885,0.2489310194916877,0.15702975106894934,0.14585616185583233,0.28265355192410885,0.2489310194916877,6.544223478552515,5.594161797947729,4.240816551496281,4.484704816842751,3.4382736929127753,19.20205728564509,21.021019000236873,12.222427481459214,9.69530562141372,11.20573118196708,5.226503895169633,16.035226393453357,4
245,95063,Sorradile,95063,0,3,3,3,10,95063,26.695500414051455,0.37459496337953624,0.31815911563604504,0.11237848901386088,0.10650050573462551,0.11237848901386088,0.10650050573462551,0.11237848901386088,0.10650050573462551,0.0,0.0,4.231615917099192,0.8340556564824573,1.6860801960489173,3.2094832193211604,0.0,13.30108458577267,3.985296285196997,5.2291382196490686,7.079268635581679,0.0,2.2966372113583295,7.094367386298115,2
246,95064,Tadasuni,95064,0,1,2,0,5,95064,5.171635742683919,0.9668120975212292,0.676414007401704,0.19336241950424585,0.17677488533370042,0.3867248390084917,0.32694473593318174,0.0,0.0,0.0,0.0,11.41294070886411,1.4351057854030964,5.80225893846997,0.0,0.0,29.572673231852846,6.614994820700404,16.052874139783864,0.0,0.0,4.943110446704001,13.736125502687727,4
247,95065,Terralba,95065,5,142,43,16,19,95065,49.790826831498606,0.3815963945386873,0.3232396382194566,2.8519309486575577,1.3485745676738436,0.863612892903345,0.6225170192148225,0.3213443322431051,0.2786496518642086,0.10042010382597034,0.09569201946334661,4.316516451484976,21.166587667252127,12.957289322489867,9.177461371909013,1.2215371038999263,13.531836978788055,50.46426003134334,30.565371639356453,18.52231336509702,4.307615212260158,10.676832632932841,25.997798955334112,5
248,95066,Tramatza,95066,1,5,7,3,9,95066,17.027952676469756,0.5285426951201678,0.4243147946509335,0.2936348306223155,0.25745595426020557,0.41108876287124163,0.3443615786675737,0.17618089837338927,0.16227266279400016,0.05872696612446309,0.057067211020868695,6.09841206136688,2.179312015759558,6.167805137600299,5.0316536719458504,0.7143705830540406,18.122572250218756,9.634116298674618,16.908035130614877,10.786538187831328,2.5689037361042795,4.434097758967296,13.101778877642383,4
249,95067,Tresnuraghes,95067,4,3,13,4,30,95067,31.218450560979985,0.9609701782412312,0.6734393396744197,0.09609701782412312,0.09175570452068867,0.41642041057120016,0.3481328513263131,0.12812935709883083,0.12056082477992137,0.12812935709883083,0.12056082477992137,11.342100610970384,0.7132171111271979,6.247798966295584,3.659321504673236,1.5585999001386008,29.437566717665177,3.433539266781583,17.093203321700003,8.01388180889052,5.427094607649514,5.535252470046877,14.85308722843348,4
250,95068,Ulà Tirso,95068,0,1,4,2,2,95068,18.827460215225525,0.10622781708935046,0.10095586479034145,0.05311390854467523,0.05175140255741919,0.21245563417870092,0.19264775279197566,0.10622781708935046,0.10095586479034145,0.0,0.0,0.9773506656520634,0.3942031633306112,3.1875961358008484,3.0338225701836623,0.0,3.4359242443907387,1.936560497465907,9.458938435129937,6.710706979825424,0.0,1.484348603215991,4.4133111316835,1
251,95069,Uras,95069,3,20,8,6,6,95069,39.208358267460135,0.1530285955629907,0.14239204198804695,0.5100953185433024,0.41217277369765676,0.20403812741732094,0.18568101367536485,0.1530285955629907,0.14239204198804695,0.07651429778149535,0.07372831946329009,1.544864794086986,3.785848070299175,3.0613033588200147,4.370433468589573,0.930740460903335,5.317915100410031,15.423688484350182,9.116873939476095,9.46503971834829,3.3189103153591017,2.7708211939436618,9.026318428393928,3
252,95070,Usellus,95070,0,90,4,3,8,95070,34.88050464275433,0.2293544798716617,0.20648921850925267,2.580237898556194,1.2754292503154339,0.11467723993583084,0.10856489209772263,0.08600792995187313,0.08250852346655142,0.0,0.0,2.4704053325816004,19.15012413181463,1.7205697005723737,2.4563509469774014,0.0,8.229146499339453,47.727129728184124,5.330498880398342,5.484481020215564,0.0,6.241219214889222,16.28929831095987,5
253,95071,Villanova Truschedu,95071,1,34,3,1,15,95071,16.975088285694568,0.8836478342584506,0.633210234190343,2.0029350909858215,1.0995901740442555,0.1767295668516901,0.16273903709625673,0.05890985561723004,0.05723994082169564,0.05890985561723004,0.05723994082169564,10.404476834505886,14.86547253716751,2.6515770530442415,1.6824411390049219,0.7165952999465408,27.610399884546688,41.147153298756116,7.990430776257345,3.804835619948019,2.5766792384066193,7.692052296097883,20.996387712137366,5
254,95072,Villaurbana,95072,0,13,5,6,13,95072,58.60512177313785,0.22182361552499424,0.200344509517022,0.22182361552499424,0.200344509517022,0.08531677520192087,0.08187190309221974,0.10238013024230504,0.09747159702402391,0.0,0.0,2.3790848021235917,1.6463403529761957,1.2800574764888804,2.923934223426554,0.0,7.950059794957901,7.496980639015083,4.019882296537683,6.479101811888269,0.0,1.8199121576928858,6.035104829331917,2
255,95073,Villa Verde,95073,0,6,1,2,6,95073,17.750731636117422,0.338014236426841,0.29118660172928273,0.338014236426841,0.29118660172928273,0.05633570607114016,0.054806038239924956,0.11267141214228032,0.10676380151955102,0.0,0.0,3.78803185608261,2.508689059065679,0.8452375465314046,3.2178489828535146,0.0,12.07601924506381,10.896332126933336,2.690957636783918,7.096770351458489,0.0,2.4153066783255106,7.949595885328033,2
256,95074,Zeddiani,95074,3,5,4,3,4,95074,11.896569723447449,0.3362313753447964,0.28985324525795975,0.4202892191809955,0.3508605263537091,0.3362313753447964,0.28985324525795975,0.2521735315085973,0.22488086651470895,0.2521735315085973,0.22488086651470895,3.7664125820855556,3.119321176967133,5.044675971655285,7.201971879457939,3.0675065412506033,12.015459491328059,13.129356923279747,14.231694698656561,14.94821131673199,10.123103754917121,4.305735699242258,12.987858090951178,4
257,95075,Zerfaliu,95075,12,40,2,2,24,95075,15.887410526585768,1.5106300652229474,0.9205337436441158,2.517716775371579,1.2578121357895404,0.12588583876857895,0.11857013804874389,0.12588583876857895,0.11857013804874389,0.7553150326114737,0.5626483465701212,18.007369050292642,18.68610208543053,1.8887388642903749,3.5952475480257617,9.187854844954725,40.66035415352583,47.067889468322086,5.821753017067334,7.881557496981534,25.327844374387258,11.909556626002837,28.844447278537693,5
258,95076,Siapiccia,95076,0,4,0,1,2,95076,18.102584757684465,0.11048146034234195,0.10479366933891104,0.2209629206846839,0.19963982667783906,0.0,0.0,0.055240730171170975,0.05376892115590861,0.0,0.0,1.0289310607250686,1.6399524098176295,0.0,1.5776524320909293,0.0,3.6102335932752965,7.470611093801506,0.0,3.5741110756465884,0.0,0.9553152854855673,3.4868395127799534,1
259,95077,Curcuris,95077,0,2,2,1,2,95077,7.187975283405884,0.2782424703959664,0.2454860644039754,0.2782424703959664,0.2454860644039754,0.2782424703959664,0.2454860644039754,0.1391212351979832,0.13025711883405447,0.0,0.0,3.0632293461599702,2.065072313606074,4.174634515476551,3.9732450021114514,0.0,10.000345300746396,9.186197697263303,12.053281370932584,8.658410864459919,0.0,2.8661505356615375,9.006070918395249,3
260,95078,Soddì,95078,0,1,1,0,5,95078,5.262601056020378,0.9501005200232756,0.6678809199769502,0.1900201040046551,0.17397020110229294,0.1900201040046551,0.17397020110229294,0.0,0.0,0.0,0.0,11.210293303247438,1.4102996399152459,2.8509827550171756,0.0,0.0,29.18510870266435,6.510042289522472,8.541877067990935,0.0,0.0,4.285859451956478,12.09141859677811,4
261,95079,Bosa,95079,14,53,77,13,75,95079,127.23513215906422,0.589459834931739,0.4633942320540082,0.4165516166850956,0.34822547921866565,0.6051787638632521,0.47323512973381066,0.10217303805483477,0.09728372023242944,0.1100325025205913,0.10438929644562878,6.837103566816599,3.0915812729094823,9.079850937427523,2.9180197561083796,1.3384649023744988,19.897522277583672,13.030752287685107,23.235682184813395,6.4666133239800265,4.699126676269641,5.211546029411561,15.313985858383026,4
262,95080,Flussio,95080,1,1,5,2,13,95080,6.868979921699792,1.8925663123474423,1.06214410544,0.14558202402672635,0.13591282578368147,0.7279101201336317,0.5469126552175428,0.2911640480534527,0.2555441743211275,0.14558202402672635,0.13591282578368147,22.638792361480643,1.080487126025334,10.921261255875457,8.315524923830537,1.7708988263713181,47.092159016842125,5.085918381045113,26.853223357774166,16.986453217273414,6.118171182616776,10.670430362337331,23.929557072721437,5
263,95082,Laconi,95082,3,26,11,7,25,95082,124.51457304928113,0.20077971106326126,0.1829711050112128,0.2088108995057917,0.18963714873404727,0.08834307286783495,0.08465642305653781,0.056218319097713146,0.05469490548578066,0.02409356532759135,0.02380789483333937,2.123902869494101,1.549761999794413,1.3254627903227179,1.605571967961751,0.29308059732635144,7.160976664488329,7.096306436969677,4.1566012695449395,3.6356628192583758,1.0717220780910044,1.5598477737882748,5.406211493195763,1
264,95083,Magomadas,95083,3,3,6,2,10,95083,8.874877021786865,1.126776176779811,0.7546073011464396,0.3380328530339433,0.2912005152416241,0.6760657060678866,0.5164492053892152,0.22535523535596222,0.20323079000396735,0.3380328530339433,0.2912005152416241,13.352692097240274,2.5088272286263704,10.143409190065682,6.436052420778873,4.111922379942058,33.12413656128788,10.896852776752466,25.3574784436927,13.50909413561417,13.10850974101646,8.038296375452848,21.070164945756794,5
265,95084,Modolo,95084,0,4,1,1,7,95084,3.0107614033835315,2.3249932698530387,1.2014676500014196,1.328567582773165,0.845253307186233,0.3321418956932912,0.28678809474272776,0.3321418956932912,0.28678809474272776,0.0,0.0,27.882474537382397,9.860421840113096,4.983319116681932,9.485835323249944,0.0,53.420098866160735,31.62975463772445,14.081196862072435,19.06328941976417,0.0,13.249386943066872,29.609201104658442,5
266,95085,Montresta,95085,0,3,3,4,9,95085,31.60764871390563,0.2847412055690335,0.250557301619864,0.09491373518967783,0.0906755795164098,0.09491373518967783,0.0906755795164098,0.12655164691957044,0.11916132708250311,0.0,0.0,3.1420341042848765,0.7044349715635059,1.424046280036818,3.6142627537528194,0.0,10.230675961402406,3.393120508791578,4.45213978250555,7.920854831351194,0.0,1.945667643246626,5.996039096822406,2
267,95086,Sagama,95086,0,4,1,2,14,95086,11.840473509059297,1.182385146108255,0.7804183824251189,0.3378243274595014,0.291044658212793,0.08445608186487535,0.08107855425905894,0.1689121637297507,0.15607354171120305,0.0,0.0,14.027015832674957,2.507279584264796,1.267143990970449,4.8240616134552,0.0,34.2964507619602,10.891020537424232,3.9809291415608197,10.374472130990522,0.0,5.811962686081056,15.36404701090486,5
268,95087,Suni,95087,4,3,7,4,23,95087,47.58067514671285,0.48338952587538,0.3943296894051268,0.06305080772287565,0.061142894758397646,0.1471185513533765,0.13725319056850427,0.08406774363050086,0.08072039518885632,0.08406774363050086,0.08072039518885632,5.550877120159369,0.46795328259455415,2.2073056693059696,2.4009400271880033,1.022622604172668,16.760677941771082,2.2879943120083244,6.739084473072117,5.365621111097141,3.63366145061193,2.6861158550531106,8.116228166873594,3
269,95088,Tinnura,95088,4,1,3,1,31,95088,3.747465663830927,8.272257248198395,2.227026850281393,0.2668470080063999,0.23653114267180333,0.8005410240191996,0.5880871886398918,0.2668470080063999,0.23653114267180333,1.0673880320255995,0.7262859902342627,100.0,1.9804969651772586,12.01098518558129,7.6210403061832,12.983994595719524,100.0,8.85110054380582,28.87487879414851,15.722624865530463,32.69405952063631,35.33887678391001,43.61555057667436,5
270,111001,Arbus,111001,1,66,54,10,96,111001,269.17180549420056,0.3566495377320206,0.30501808495633514,0.2451965571907642,0.21929339471702558,0.2006153649742616,0.18283422950006012,0.03715099351375215,0.03647752473633114,0.003715099351375215,0.00370821541418569,4.01400666084548,1.8198106885896732,3.009949652059368,1.061017026566269,0.04519146594634108,12.704231756905715,8.206056349738647,8.977097815114103,2.4247227277307344,0.16692682648005264,2.4248163013925104,8.038604269336812,2
271,111002,Armungia,111002,0,11,3,2,12,111002,54.82218320253247,0.21888949507296654,0.19794019427592788,0.200648703816886,0.1828619972437746,0.054722373768241635,0.053277579470937975,0.03648158251216109,0.03583188381364876,0.0,0.0,2.343505162951703,1.4891834536385837,0.8210317784219252,1.0418989249145332,0.0,7.840858135810214,6.842777255304468,2.6159108366684043,2.381805884263508,0.0,1.395838606716722,4.943404804542388,1
272,111003,Ballao,111003,0,14,2,4,5,111003,46.265550223653406,0.10807177210320379,0.10262136249362978,0.3026009618889706,0.26436300556760883,0.043228708841281514,0.042320431789806094,0.08645741768256303,0.08292232775355021,0.0,0.0,0.9997107749641252,2.245857246660425,0.6485856013694893,2.46918813086908,0.0,3.5115695297498175,9.892581230152496,2.077918652288404,5.5119872906319625,0.0,1.3614728840586037,4.768997990515545,1
273,111004,Barrali,111004,1,2,1,4,4,111004,11.150738270929155,0.3587206427782734,0.30654355316891935,0.1793603213891367,0.1649721909702824,0.08968016069456836,0.08588422262644152,0.3587206427782734,0.30654355316891935,0.08968016069456836,0.08588422262644152,4.039121229738461,1.3311843922787532,1.3455239009927074,10.244913359521727,1.090893552171295,12.773517039028473,6.17333274898169,4.216885806343761,20.376468134300605,3.866113244903392,3.4594636063351563,9.661847004858146,3
274,111005,Barumini,111005,0,82,7,4,124,111005,26.252734562339246,4.72331747786319,1.7445486159165036,3.123484138586948,1.416698470694072,0.2666388898793736,0.2363668487811857,0.15236507993107065,0.14181642173082698,0.0,0.0,56.96495814136485,23.182013182259073,4.000539210547927,4.3514837362600876,0.0,78.08630798708586,53.01348677695277,11.605531018787103,9.42677726687133,0.0,24.337821140522824,40.41438688415207,5
275,111006,Buggerru,111006,6,80,21,7,29,111006,48.08528421405758,0.603095114732044,0.47193620732068964,1.6637106613297765,0.9797201361676374,0.43672404859906633,0.36236555567015727,0.14557468286635544,0.13590641752679633,0.12477829959973324,0.11758594921366707,7.0024472680158185,12.347801612291818,6.552426322357547,4.157552801407928,1.5178367370219423,20.285490483905743,36.66156317539585,17.79202421217361,9.033929297660725,5.293179372965951,7.273586441862593,20.693850113401112,5
276,111007,Burcei,111007,3,202,9,5,57,111007,94.94951558996502,0.6003190184366164,0.4702029958937699,2.127446346038535,1.140216807668537,0.09478721343736048,0.09056001875681151,0.05265956302075582,0.051319878903897165,0.03159573781245349,0.031106863388418775,6.968783856403158,15.789575695020405,1.4221480001896367,1.5039353646324167,0.3843390376282843,20.206769707096445,42.66741999557678,4.446465788935859,3.411319097502562,1.4002881190001073,6.586482889171667,18.26990574533569,5
277,111008,Calasetta,111008,1,19,21,5,18,111008,31.549139377345842,0.5705385425798674,0.45141858129355666,0.6022351282787488,0.47139960958583493,0.6656282996765119,0.5102024094141697,0.1584829284944076,0.14711132891154943,0.03169658569888152,0.031204617725367843,6.607660786415353,4.469695398835402,9.986810677583097,4.5262069637627835,0.3855657783946075,19.3535998708782,17.63998302136653,25.050762908793224,9.778738697234921,1.4046885702735543,5.814571843553955,16.833507959976327,5
278,111009,Carbonia,111009,10,60,18,41,50,111009,145.77262563020176,0.3429999273446633,0.29490586344181635,0.4115999128135959,0.34472375105473396,0.12347997384407877,0.11643098769050596,0.28125994042262387,0.2478439222531185,0.06859998546893264,0.06634936694330486,3.8484891845321236,3.0548304973874787,1.8526422657405568,8.03266770157713,0.8344686410852483,12.244944493663205,12.89971606257778,5.7167214698584345,16.47460444646137,2.9867437637083785,3.577129852199712,10.811621701055136,3
279,111010,Carloforte,111010,37,68,18,8,51,111010,50.60447729395778,1.0078159626814176,0.69704754557809,1.3437546169085568,0.8517541806156279,0.355699751534618,0.3043177428285849,0.15808877845983021,0.14677104154880766,0.7311606003767148,0.5487920508486116,11.910160489341779,9.973137643973509,5.336771405852125,4.514950201610421,8.894033846227936,30.50982846193121,31.87302021238059,14.941896556881035,9.756119221040645,24.704097581600504,8.700332753830692,24.043410544366864,5
280,111011,Castiadas,111011,2,35,18,5,74,111011,103.56993423078828,0.7144930674099239,0.5391174494072235,0.33793591026145053,0.2911280609036924,0.17379561099160312,0.16024260999011006,0.04827655860877864,0.04714744288780288,0.01931062344351146,0.019126539431169993,8.353277619246608,2.5081077344557134,2.6075571973300025,1.3787585693765534,0.23489960811600544,23.336797140396158,10.894141503206733,7.8678570635479685,3.133970222781638,0.8609889588876299,3.8848254050719944,11.854340359936133,4
281,111012,Collinas,111012,0,7,1,2,13,111012,20.6768706346837,0.628721832702943,0.4877955554949104,0.33854252530158474,0.2915813543376772,0.048363217900226387,0.04723010781905926,0.09672643580045277,0.09232977535395609,0.0,0.0,7.313201169729093,2.512609936878713,0.7256216437356837,2.762467045877512,0.0,21.00580664878503,10.911103945085319,2.318982057514241,6.1373162341806236,0.0,3.3816072207671697,10.413911827536781,3
282,111013,Decimoputzu,111013,1,6,5,5,6,111013,44.82032864843708,0.13386782696447774,0.12563464380748676,0.13386782696447774,0.12563464380748676,0.11155652247039811,0.10576130555418298,0.11155652247039811,0.10576130555418298,0.022311304494079625,0.022066048622539396,1.3125180843532385,0.9935461784591716,1.6737477512642536,3.186008194418825,0.27140069804308514,4.556810377934934,4.701304240804557,5.1928437449058675,7.03013275010652,0.9933121618081355,1.4819328191407475,4.734789051259585,1
283,111014,Dolianova,111014,3,72,4,9,25,111014,84.68261259733103,0.2952199894785477,0.25868055676941015,0.8502335696982175,0.6153118850118101,0.04723519831656764,0.04615354688651049,0.10627919621227719,0.10100230904803371,0.03542639873742573,0.03481332133354691,3.269101604258521,6.31030123612539,0.7086973061916207,3.0352899367081974,0.43093622558202804,10.599626307367334,23.02524436536894,2.2661232858178963,6.713794208139653,1.5671358322950701,3.1984323646116604,10.55320635516647,3
284,111015,Domus de Maria,111015,3,15,21,6,35,111015,97.45069887944493,0.35915596709365905,0.3068638946572173,0.15392398589728246,0.14316829581003612,0.21549358025619544,0.19515023319382072,0.06156959435891298,0.05974856229083016,0.03078479717945649,0.03032045112256266,4.044400045764389,1.1423998688051389,3.2331762175662853,1.758402178649768,0.3744745380457839,12.788066637774126,5.357421295927408,9.58180936257715,3.97158792936186,1.3648874507050113,2.446763005045902,7.824364122304299,2
285,111016,Domusnovas,111016,0,78,8,7,14,111016,80.09342637326706,0.17479586819965048,0.16109440331167132,0.9738626942551956,0.6799923814771857,0.09988335325694314,0.0952041316877341,0.08739793409982524,0.08378762587485775,0.0,0.0,1.8088184111354093,7.227857358721092,1.4986083664171523,2.496048891190629,0.0,6.167358156633348,25.44561730641829,4.674490137326895,5.569505119381659,0.0,3.0237388699829206,9.981935568967206,3
286,111017,Donori,111017,3,0,5,5,6,111017,35.35581470146027,0.16970334443324786,0.15675016489352628,0.0,0.0,0.1414194536943732,0.1322726226885392,0.1414194536943732,0.1322726226885392,0.08485167221662393,0.08144327001263449,1.7470656095564376,0.0,2.121798773969363,4.038881172905557,1.0321585219647536,5.970047074090497,0.0,6.494540302346979,8.792384812503894,3.6662019550858633,1.657527465793113,4.775400100080716,1
287,111018,Escalaplano,111018,0,9,5,5,9,111018,93.79377664957696,0.09595519363320779,0.09162630596861762,0.09595519363320779,0.09162630596861762,0.05330844090733766,0.05193610660147387,0.05330844090733766,0.05193610660147387,0.0,0.0,0.8527831020860743,0.7121645140537101,0.7998177167608991,1.5224670490023333,0.0,3.0121847592205033,3.428697115419752,2.5500449799388956,3.452280794179399,0.0,0.8222096598417796,2.7886808217357784,1
288,111019,Escolca,111019,0,0,2,2,5,111019,14.940900613956446,0.3346518479166811,0.28867046976369654,0.0,0.0,0.13386073916667246,0.12562839279675186,0.13386073916667246,0.12562839279675186,0.0,0.0,3.74725896624964,0.0,2.008390959141282,3.823007408725453,0.0,11.961738979073605,0.0,6.16831089876224,8.350731620755417,0.0,2.0993069930119663,6.074793616587842,2
289,111020,Esterzili,111020,6,13,1,4,24,111020,100.50632615426268,0.23879093902172357,0.21413585477124225,0.12934509197010027,0.12163790008352098,0.009949622459238482,0.00990045085595258,0.03979848983695393,0.0390269346072718,0.059697734755430894,0.05798371156820097,2.5848334268295505,0.9599791431845969,0.1492800048647778,1.1366284277970022,0.7261792733147514,8.576449279123077,4.551744313308112,0.48610873352676676,2.594186311157877,2.610160381348823,1.2884130063189954,4.458236593577868,1
290,111021,Fluminimaggiore,111021,4,87,16,5,30,111021,108.28643899179094,0.2770430007609195,0.2445472497496565,0.8034247022066665,0.5896874695648093,0.1477562670724904,0.1378089644437575,0.046173833460153246,0.045139540611343475,0.0369390667681226,0.036273168377438735,3.0486843751847283,5.962893106264786,2.2168736912124967,1.318705607830457,0.44933672563111876,9.95770525249834,22.066367344204945,6.766372779287402,3.000501564478068,1.6328514412780133,3.0914428411017947,10.47053834645773,3
291,111022,Furtei,111022,0,3,3,4,8,111022,25.557909156688698,0.3130146504142472,0.2723257532281332,0.11738049390534269,0.11098710121016107,0.11738049390534269,0.11098710121016107,0.1565073252071236,0.145404536614065,0.0,0.0,3.484882662204093,0.8711797583466383,1.7611282008946405,4.469784550058755,0.0,11.219377855425815,4.153186683073486,5.449428515130736,9.66528532820453,0.0,2.285953060935629,6.9437885296529425,2
292,111023,Genoni,111023,0,8,3,4,9,111023,43.66310208980174,0.2061236964219751,0.18741166055938135,0.18322106348620007,0.16824043439105446,0.06870789880732503,0.06645034756409249,0.09161053174310003,0.0876541577929544,0.0,0.0,2.188704936727398,1.3598382192925553,1.0308647901189973,2.6163589395324847,0.0,7.3626623773721365,6.295631871169688,3.2626892216098478,5.826520031634398,0.0,1.5951978347950302,5.309222530071192,1
293,111024,Genuri,111024,0,8,1,1,5,111024,7.573448567835251,0.6602012221004849,0.5069388131549499,1.0563219553607759,0.7209189284078104,0.13204024442009699,0.12402153075690729,0.13204024442009699,0.12402153075690729,0.0,0.0,7.694925551678673,7.839857161868386,1.9810770117288605,3.7710148308640825,0.0,21.875274787670453,26.977106892533286,6.089414525000489,8.243920784863958,0.0,5.2303095829460835,15.761330182164148,4
294,111025,Gergei,111025,0,3,6,5,10,111025,36.651804960076646,0.2728378591693534,0.2412489423895765,0.08185135775080601,0.0786737936773717,0.16370271550161203,0.15160691763575565,0.1364189295846767,0.12788202836063664,0.0,0.0,2.997692119433529,0.6074880390535298,2.4561275833905727,3.896068270198685,0.0,9.807899341050616,2.944008345519496,7.443847537660766,8.50053458604081,0.0,2.1268154028013586,6.442221584133334,2
295,111026,Gesico,111026,1,2,2,2,4,111026,25.592833607634592,0.15629375243571156,0.14521984907298444,0.07814687621785578,0.0752437120164062,0.07814687621785578,0.0752437120164062,0.07814687621785578,0.0752437120164062,0.03907343810892789,0.03832939114855454,1.5844586366951634,0.579993953628419,1.1724832886635546,2.231842499970263,0.47529979166033376,5.4463513470996405,2.81565316441425,3.6944403933035566,5.001576723304728,1.7254131464058569,1.2371390913099374,3.9994845970304613,1
296,111027,Gesturi,111027,0,7,4,4,20,111027,46.89998690128377,0.42643935150976664,0.35518137517683435,0.14925377302841833,0.13911283873419794,0.08528787030195333,0.08184527005240834,0.08528787030195333,0.08184527005240834,0.0,0.0,4.860289706372617,1.107738275697468,1.279623799369427,2.4357863408538676,0.0,14.982599596013449,5.205664288694163,4.018574623438644,5.440393444670287,0.0,2.3563141918381176,7.415969892365847,2
297,111028,Giba,111028,6,8,2,5,6,111028,29.718394890153643,0.20189515692813986,0.1838996084553332,0.26919354257085315,0.23838169291917108,0.06729838564271329,0.06513058237476572,0.16824596410678322,0.15550344794383994,0.20189515692813986,0.1838996084553332,2.1374289540693705,1.997912579533601,1.009717039746335,4.805035227450237,2.455906894030121,7.203148387600708,8.920348956999105,3.197889204512584,10.336577034635857,8.278315739948496,2.308996212574026,7.408927725622734,2
298,111029,Goni,111029,0,22,1,2,21,111029,18.75395607493888,1.1197637403055738,0.7513046392215728,1.1730858231772678,0.7761481957439239,0.053322082871693995,0.05194905805565873,0.10664416574338799,0.10133216189399724,0.0,0.0,13.26765811054872,8.706460417346426,0.8000223951307389,3.0457133157368936,0.0,32.97413286974399,29.04381063661893,2.550680891887021,6.73572008436606,0.0,6.773774013887904,18.673686711110243,5
299,111030,Gonnesa,111030,2,44,3,6,34,111030,47.88135711594682,0.7100884780201091,0.5365451107082491,0.9189380303789648,0.651771923840759,0.06265486570765669,0.0607703671552144,0.12530973141531337,0.11805831457727621,0.04176991047177113,0.040921103661682105,8.299866825875245,6.820215051119699,0.9400475943643847,3.5787941600236737,0.5081004054354599,23.21996401925769,24.389595232070103,2.9838041361537155,7.847535725690191,1.842080140267655,4.970652493962472,15.02148721390587,4
300,111031,Gonnosfanadiga,111031,9,45,17,6,20,111031,124.59427661621123,0.16052101704162675,0.14886905690151983,0.36117228834366016,0.3083463051826505,0.13644286448538273,0.12790308982664342,0.04815630511248802,0.04703272087737898,0.07223445766873203,0.06974474924682976,1.6357191598473793,2.6805645164048064,2.047132095472603,1.375324179202809,0.8786793367129058,5.612094816441642,11.53845586105148,6.279997740952144,3.126344456832428,3.139588280358015,1.864449856701648,6.6071524549464575,2
301,111032,Guamaggiore,111032,0,1,2,3,3,111032,16.663391328693493,0.18003538060311625,0.16554442159003835,0.06001179353437208,0.05828003403790523,0.12002358706874416,0.11334974496805415,0.18003538060311625,0.16554442159003835,0.0,0.0,1.8723536217035757,0.44539819223612076,1.80078407345735,5.141736092024969,0.0,6.369473657516698,2.1808647907378407,5.565433511431869,11.004017525306917,0.0,1.8044728630653182,5.2197476260218805,2
302,111033,Guasila,111033,0,6,6,6,6,111033,43.280496959146554,0.13863057084726954,0.1298262866801727,0.13863057084726954,0.1298262866801727,0.13863057084726954,0.1298262866801727,0.13863057084726954,0.1298262866801727,0.0,0.0,1.370271919476381,1.0288945223520118,2.0799555335159163,3.959231830963187,0.0,4.7471907192597165,4.858157381117454,6.3744260453186765,8.629772722949351,0.0,1.6781810877785786,5.208047678563417,1
303,111034,Guspini,111034,1,46,30,13,33,111034,174.92836935635287,0.18864864585100266,0.17281707012875486,0.262964779065034,0.23346195625348992,0.17149876895545696,0.158283928137553,0.07431613321403135,0.07168430399734374,0.005716625631848565,0.005700347734507882,1.9767995279375121,1.951683666148948,2.573096332936986,2.122438062375538,0.06953856899520992,6.699790278753285,8.736250223170162,7.77168645792793,4.764976855756922,0.2566034738742688,1.9208996077617395,6.4887438067550764,2
304,111035,Iglesias,111035,17,195,46,43,139,111035,208.56333856962803,0.6664642067646774,0.5107041404459973,0.9349677720799432,0.6600906710872015,0.22055650008039684,0.19930690234835438,0.2061723805099362,0.18745202383686904,0.08151001089927709,0.07835822286307477,7.770871559395241,6.939185299384959,3.3091381647741405,5.8881980113874075,0.9915096565256142,22.046292290029804,24.700886453365793,9.785900389117145,12.460252877402194,3.527327301729075,5.710266092980312,16.968060039957056,4
305,111036,Isili,111036,12,34,11,9,26,111036,67.97563120660213,0.3824900120600094,0.3238862298385337,0.5001792465400123,0.40558459866222535,0.16182269741000396,0.1499900628030929,0.13240038879000326,0.12433961758829613,0.17653385172000433,0.16257270201401094,4.327352608175251,3.7122525270861733,2.427920572419967,3.781300405282196,2.147405168431864,13.561204541072474,15.177156044773268,7.364460521206887,8.265064554213312,7.318276364331831,3.4937886063436276,11.307129797321616,3
306,111037,Las Plassas,111037,0,25,1,1,11,111037,11.003360232307683,0.9996946176225499,0.6929944777127339,2.2720332218694312,1.1854115720720333,0.09088132887477725,0.08698592813435614,0.09088132887477725,0.08698592813435614,0.0,0.0,11.811679690237154,16.8626769860069,1.3635457297122993,2.595533206868699,0.0,30.325742062622922,44.358628177596216,4.270979168046562,5.782101676708764,0.0,8.421212280545635,21.90889074830156,5
307,111038,Lunamatrona,111038,0,3,6,5,15,111038,20.843855549692496,0.719636535776189,0.542112952085711,0.1439273071552378,0.13446734824221307,0.2878546143104756,0.2529777442229239,0.23987884525872968,0.2150136694069501,0.0,0.0,8.41564818363065,1.068206074921579,4.318851132357982,6.850840719464306,0.0,23.472849957797635,5.031827968641778,12.421120274611148,14.292322046308096,0.0,4.683142308210831,12.927884341368179,4
308,111039,Mandas,111039,4,6,10,5,19,111039,44.80594086340968,0.42405091007733214,0.35350556380951653,0.1339108137086312,0.12567255468942873,0.22318468951438533,0.20145785880682102,0.11159234475719267,0.10579353217411458,0.08927387580575413,0.0855113052663533,4.831327062971089,0.9938652193844374,3.348570427967913,3.1870312641304195,1.0859513937036986,14.906485874068078,4.702722882865734,9.891511611788664,7.032274908006513,3.849326218124767,2.9542283383209513,9.065702663308043,3
309,111040,Masainas,111040,4,39,6,3,13,111040,24.359618181896444,0.5336701052917704,0.4276636245968859,1.6010103158753113,0.9558999525775697,0.24630927936543248,0.22018660735359435,0.12315463968271624,0.11614136857605117,0.16420618624362165,0.15203946957065506,6.160587901375702,11.882449406112478,3.6955221740871838,3.517245630473546,1.997448135824483,18.274672848364546,35.770201312657356,10.811086727010757,7.720113084746205,6.844118617826633,6.285224814911747,18.429598352570448,5
310,111041,Monastir,111041,0,28,5,5,11,111041,31.928286966584153,0.344522085118832,0.29603862286099275,0.8769653075752087,0.6296562745221108,0.15660094778128728,0.1454854861963289,0.15660094778128728,0.1454854861963289,0.0,0.0,3.8669471262741477,6.508700034503619,2.349575608762206,4.4724583720985835,0.0,12.2963933244467,23.562017799771837,7.143287358363318,9.670666183767903,0.0,3.928043024075378,12.458679846514817,4
311,111042,Muravera,111042,4,183,52,14,119,111042,93.38579326325055,1.2742837624620706,0.8216651731466418,1.9596128447946128,1.0850584641039729,0.5568298793951906,0.44265162509378336,0.1499157367602436,0.13968866730820959,0.04283306764578389,0.041941113013439266,15.141393944863534,14.543941567990245,8.35444434655762,4.281531507198184,0.5210329347384033,36.16983986848101,40.6033702505622,21.734042620748994,9.285341833824761,1.887996276481707,10.543625464321712,26.93020395005654,5
312,111043,Musei,111043,3,7,2,5,1,111043,20.54716732318842,0.04866850910740646,0.04752127290292985,0.34067956375184516,0.29317662254048926,0.09733701821481291,0.09288635217401567,0.24334254553703227,0.21780335423928024,0.14600552732221936,0.1362824414242144,0.2793767949591077,2.528470703678491,1.460404212537564,6.949762568454454,1.7760504341605827,1.0089770661457367,10.970799590647808,4.560687959991654,14.477757112559164,6.134809581145493,2.228080985599094,6.742675134502428,2
313,111044,Narcao,111044,0,9,4,6,9,111044,84.83858966218774,0.10608380025925004,0.10082566899950039,0.10608380025925004,0.10082566899950039,0.0471483556707778,0.04607061781110355,0.0707225335061667,0.06833368554405114,0.0,0.0,0.9756042932950216,0.7873374561609338,0.7073943551862848,2.019806339342436,0.0,3.430010878235218,3.772941370977649,2.2620514967241325,4.5422555835659715,0.0,0.9339654739673623,3.1059872430947,1
314,111045,Nuragus,111045,0,4,2,4,6,111045,19.670366460038668,0.3050273624636989,0.2662240079599771,0.20335157497579925,0.1851106428214464,0.10167578748789963,0.09683246371282607,0.20335157497579925,0.1851106428214464,0.0,0.0,3.388027462191401,1.5092437427438843,1.5255013055023463,5.8076369706915845,0.0,10.942242521593315,6.9269225727900965,4.7544406799835075,12.304617323635627,0.0,2.569964981047598,7.8109841342175645,3
315,111046,Nurallao,111046,4,8,1,6,6,111046,34.8638784680693,0.17209789224957303,0.15879521347695053,0.22946385633276403,0.20657818519667637,0.028682982041595504,0.02827932584856601,0.17209789224957303,0.15879521347695053,0.11473192816638202,0.10861395283663466,1.7761022999983056,1.7030450312338161,0.43034755502003524,4.915044703861599,1.3956299776397132,6.062931191169057,7.730247555053514,1.3885051775164354,10.555386253742336,4.889301303563818,1.921481162155164,6.1013803500351145,2
316,111047,Nuraminis,111047,1,10,6,5,10,111047,45.213895797256825,0.22117094365946477,0.1998101883261672,0.22117094365946477,0.1998101883261672,0.13270256619567886,0.12460642877831557,0.11058547182973238,0.10488732836913649,0.02211709436594648,0.021876058962030258,2.3711703930688666,1.6414963239627371,1.991014212691607,3.1582753892914726,0.269038273902607,7.925791446298031,7.476986102441503,6.118132816779912,6.972038009319744,0.9847596998957314,2.0205731772336475,6.614892194243302,2
317,111048,Nurri,111048,3,2,5,5,3,111048,73.87322604230685,0.04061011222498817,0.03980718751374975,0.027073408149992113,0.026713406629551236,0.06768352037498028,0.06549136738690943,0.06768352037498028,0.06549136738690943,0.04061011222498817,0.03980718751374975,0.1816593160525523,0.200934621971773,1.015495441383377,1.933013379822964,0.4939923081769797,0.6586108126248187,0.999627555487699,3.215603624580956,4.353321891247779,1.791936751394421,0.6471817763765269,1.9228028164021704,1
318,111049,Nuxis,111049,1,23,1,4,9,111049,61.984277734107415,0.14519811037578112,0.13557764420184926,0.3710618376269962,0.31558550359438237,0.01613312337508679,0.016004367516992916,0.06453249350034716,0.06253572954531973,0.01613312337508679,0.016004367516992916,1.4499110108129585,2.753963212117925,0.24205468557058651,1.8430213540668816,0.19624764418304758,5.008411782531268,11.80934988487863,0.785808943226536,4.156855647958367,0.7204431191381397,1.467953010915823,5.307595453731914,1
319,111050,Orroli,111050,2,16,6,5,23,111050,75.80127133102057,0.30342499005801743,0.264995407709187,0.21107825395340343,0.19151108176761514,0.07915434523252629,0.0761777207472164,0.06596195436043857,0.06387763501334909,0.02638478174417543,0.026042707381794504,3.3685968243068043,1.5665899516460167,1.1875989355162129,1.8838461656780603,0.3209515689673732,10.886440693479258,7.166429844420858,3.740299900900032,4.246054372661204,1.1723230747494835,1.9544184040552346,6.559740112703127,2
320,111051,Ortacesus,111051,0,1,3,3,4,111051,23.811502506013102,0.16798603947776428,0.1552809318326895,0.04199650986944107,0.04113859387205426,0.12598952960832321,0.118662230924996,0.12598952960832321,0.118662230924996,0.0,0.0,1.7262412802000964,0.3116915605157171,1.8902945986033974,3.598208915571071,0.0,5.903315937850227,1.5394244769602294,5.826274745632335,7.88767906613198,0.0,1.5135855312452984,4.504257709641389,1
321,111052,Pabillonis,111052,0,10,5,4,12,111052,37.2125102384083,0.3224721988148596,0.2795028628392713,0.26872683234571637,0.23801390342111553,0.13436341617285819,0.12607162678068767,0.10749073293828654,0.10209685535206568,0.0,0.0,3.5995664882589886,1.9944487288747303,2.0159329162593775,3.0698909250809696,0.0,11.545355191519407,8.906586110426455,6.190073535001933,6.786550551096681,0.0,2.4421523507104004,7.946250374727325,2
322,111053,Pauli Arbarei,111053,0,1,4,2,13,111053,15.436638100439506,0.8421522818255271,0.6109346064168026,0.06478094475580978,0.06276909232989296,0.25912377902323913,0.23041606557765804,0.12956188951161957,0.12182984914911969,0.0,0.0,9.90129477128102,0.4807940903992444,3.887785607106278,3.7002340385605,0.0,26.59866254251665,2.34884734830118,11.313349609208169,8.098236003762043,0.0,4.423179181189448,12.044215922236228,4
323,111054,Perdaxius,111054,0,9,3,6,3,111054,29.89203007803295,0.10036119969665892,0.09563848926547433,0.3010835990899768,0.2631974550293343,0.10036119969665892,0.09563848926547433,0.20072239939331785,0.1829233751593799,0.0,0.0,0.9062110742807421,2.2345956161069056,1.5057777760241624,5.7325488022469795,0.0,3.1944142212032025,9.848965810691771,4.695816945073848,12.159225944966753,0.0,1.9915501018528285,6.183612999793686,2
324,111055,Pimentel,111055,0,1,2,4,7,111055,15.19374447619179,0.4607159223303262,0.37892667329466373,0.06581656033290374,0.06374122869650313,0.13163312066580748,0.1236618288980097,0.26326624133161497,0.23370062189062119,0.0,0.0,5.275933181746088,0.48848026804406064,1.9749686959339758,7.518775089273147,0.0,16.061087935272738,2.385225123447245,6.071753287384142,15.534475364733582,0.0,3.227710024112609,8.959154623630498,3
325,111056,Piscinas,111056,0,4,0,2,6,111056,16.939677729330505,0.3541980016308807,0.30320939838590943,0.23613200108725382,0.2119871503292659,0.0,0.0,0.11806600054362691,0.11160040746595738,0.0,0.0,3.9842789208560956,1.7525349638670984,0.0,3.3719161989301694,0.0,12.622082972506401,7.9326534356732985,0.0,7.418267724103645,0.0,2.139204847063129,6.882528409285792,2
326,111057,Portoscuso,111057,14,26,11,11,23,111057,37.85509963545611,0.6075799620523936,0.47472991900439876,0.6868295223200971,0.5228507447053915,0.2905817209815795,0.2550930632251142,0.2905817209815795,0.2550930632251142,0.36983128124928305,0.3146875798833713,7.056831282580991,5.097541826350457,4.359767508712661,8.29889390323457,4.498726998049716,20.41237815064219,19.56530737777916,12.52498171043067,16.956467100201564,14.165789517423322,5.958095128394601,17.48008564849615,5
327,111058,Sadali,111058,6,28,8,5,15,111058,50.16194217988858,0.29903148379318434,0.26161897434100684,0.5581921030806107,0.44352624092630083,0.15948345802303163,0.14797461113736698,0.09967716126439477,0.09501664696813565,0.11961259351727373,0.11298272682497684,3.3153204267771255,4.142814920040429,2.392823595776108,2.846738546094759,1.4549997013373215,10.733086374750615,16.596949170883583,7.265502537276147,6.3159171320345004,5.085963443172205,3.0813753292464123,10.278247626723704,3
328,111059,Samassi,111059,6,4,10,7,3,111059,41.74847407585764,0.0718589138024291,0.06939444372829202,0.09581188506990547,0.0914955360844461,0.2395297126747637,0.2147320437062108,0.16767079887233458,0.15501099439824453,0.1437178276048582,0.1342842083419007,0.560587551228078,0.7111009001993723,3.593804369948354,4.788608745972343,1.748222240593078,2.0024352051306002,3.423803648200892,10.543269527051974,10.303842815058522,6.044858305466615,1.9578259003630967,5.715397631805237,2
329,111060,Samatzai,111060,0,3,2,4,5,111060,31.206275391206844,0.16022418367200836,0.1486132482318342,0.09613451020320501,0.0917899092829194,0.06408967346880334,0.06211966694407181,0.1281793469376067,0.12060513594948301,0.0,0.0,1.6321197083736336,0.7134953737299669,0.9615748543625884,3.6607491938163776,0.0,5.600476235534871,3.4348192241950612,3.050054291934757,8.016827247231117,0.0,1.409437105889556,4.351382622180845,1
330,111061,San Basilio,111061,0,2,2,5,6,111061,44.406828522854646,0.1351143551472497,0.12673339929177996,0.045038118382416566,0.044053361672480515,0.045038118382416566,0.044053361672480515,0.11259529595604141,0.10669539067604045,0.0,0.0,1.3276336952103067,0.33426590554663765,0.6757332309614253,3.2156751360204043,0.0,4.606714783077678,1.648496384244834,2.1630049137944716,7.092222967054468,0.0,1.0993545015450972,3.2905729588015764,1
331,111062,San Gavino Monreale,111062,15,9,17,17,6,111062,87.44918901584823,0.0686112709279972,0.06635992786378563,0.1029169063919958,0.09795840324683577,0.19439860096265874,0.17764279591149684,0.19439860096265874,0.17764279591149684,0.171528177319993,0.1583090310196042,0.521206086315284,0.7638332627281744,2.916675905673791,5.5519437316176115,2.0865148010981223,1.864610446775171,3.6656470114443707,8.722200210586577,11.808216916517717,7.1263454787827625,1.972098362563841,5.704102014366893,2
332,111063,San Giovanni Suergiu,111063,15,28,6,5,30,111063,72.04176389947882,0.4164251175451443,0.34813617446829,0.3886634430421346,0.3283417327868922,0.08328502350902886,0.0799981129952351,0.06940418625752405,0.06710165811013616,0.20821255877257214,0.18914204328242826,4.738855417334517,2.884599588247326,1.2495739175557152,1.9821548865698781,2.5327534661726223,14.662613433944538,12.286693653937398,3.927879846932819,4.460360637519204,8.514306077879727,2.9433198853760736,9.776518116470127,3
333,111064,San Nicolò Gerrei,111064,0,9,3,4,3,111064,63.74494367793586,0.04706255628928252,0.04598867823085104,0.14118766886784756,0.1320695348903533,0.04706255628928252,0.04598867823085104,0.06275007505237669,0.06085995887767422,0.0,0.0,0.259902740389726,1.0478729059106315,0.7061070568853208,1.7921162195632125,0.0,0.9393681071659027,4.942100726711361,2.2580282915022902,4.045464339099693,0.0,0.7499778929061217,2.575760922993023,1
334,111065,San Sperate,111065,1,13,2,6,43,111065,26.101871822369915,1.6473914320254992,0.9735747899190619,0.4980485724728253,0.40416330945107853,0.0766228573035116,0.07382915792762282,0.22986857191053475,0.20690731156997688,0.0383114286517558,0.03759576734726376,19.665760436415283,3.6964389957471053,1.1496175415581387,6.564951448183155,0.4660305040376932,43.06942687292409,15.123970770447078,3.6249862738287684,13.753478738586331,1.6923887723332964,8.08510715580423,19.659078697276026,5
335,111066,San Vito,111066,1,210,12,5,69,111066,231.30767705102855,0.2983039771082824,0.2610587796993221,0.9078816694599899,0.645993553000162,0.05187895254057085,0.05057804357020129,0.021616230225237856,0.021385912674635993,0.004323246045047571,0.004313927664312713,3.306498558088654,6.73815646103272,0.7783702667476626,0.6173506049216122,0.05258912560443362,10.707642879125734,24.173366025582542,2.4833645519678282,1.4215577644117903,0.19419321000432238,2.930024239332994,9.984960266189121,3
336,111067,Sanluri,111067,4,16,19,14,13,111067,84.02471002035567,0.15471639231900525,0.14385476604621295,0.1904201751618526,0.17430633317371322,0.2261239580047,0.20385794007402772,0.16661765326662104,0.15410866745899773,0.04760504379046315,0.04650664825462829,1.5653313020427113,1.413268905782621,3.392669992180588,4.7585313425591105,0.5790805337505797,5.384350604081452,6.5226205011124225,10.00935477692712,10.243863618190037,2.093515703988289,2.273138370253511,6.993762375015299,2
337,111068,Santadi,111068,2,12,15,7,15,111068,115.8650827354576,0.12946091821509248,0.12174045536677375,0.10356873457207398,0.09854923256105247,0.12946091821509248,0.12174045536677375,0.06041509516704315,0.058660430683206595,0.01726145576201233,0.017114169337370092,1.2590791660367782,0.7686710300395129,1.9423778721375482,1.7254301586881091,0.20997298227421438,4.379940127523809,3.687756107123226,5.977414507515406,3.8992579821179554,0.7704012998815389,1.2381789037790591,4.093332793846877,1
338,111069,Sant'Andrea Frius,111069,0,3,4,5,3,111069,36.067855420114604,0.08317655610671369,0.07989797976100074,0.08317655610671369,0.07989797976100074,0.11090207480895159,0.10517236528671166,0.1386275935111895,0.12982367183735297,0.0,0.0,0.6978271894933236,0.6173234550161854,1.6639286902411126,3.9591467994747678,0.0,2.479495593088435,2.9898179331625196,5.163926980234361,8.629598909927214,0.0,1.290336778571481,3.8185283937531147,1
339,111070,Sant'Anna Arresi,111070,5,18,12,6,20,111070,36.02756103893494,0.5551305562534756,0.441559501112288,0.49961750062812804,0.40521007600899506,0.3330783337520854,0.2874908044752918,0.1665391668760427,0.15404138832033865,0.1387826390633689,0.12995983136645417,6.420820947076261,3.7080833363502563,4.9973690445606085,4.756289803669269,1.6881892821665614,18.90581004071655,15.163141240539755,14.115699668369205,10.239391460120432,5.850194715467702,4.73500332588961,14.406596446588582,4
340,111071,Sant'Antioco,111071,12,72,22,15,87,111071,88.51339505749193,0.9829020787587128,0.6845614679647595,0.8134362031106589,0.5952235002472888,0.2485499509504791,0.22198283870826974,0.16946587564805393,0.15654712803413945,0.13557270051844314,0.1271371056292734,11.608050533451063,6.037196907927613,3.7291402803506584,4.839875397086987,1.6491427278963067,29.94272296415048,22.27352807420746,10.899281069030781,10.405952214386167,5.7231285672799155,6.628438025440032,18.864260810489082,5
341,111072,Sardara,111072,1,10,9,5,21,111072,56.87411401247432,0.36923652112442623,0.31425330064888946,0.17582691482115534,0.16197165736968072,0.1582442233390398,0.1469052578979442,0.08791345741057767,0.08426160244889278,0.017582691482115533,0.01742990430233723,4.166638543103362,1.3049599986199842,2.37423063303679,2.510772023967621,0.21388057981946398,13.123686268933325,6.061051447314606,7.212997660834483,5.601011143427473,0.7846142378648974,2.449081550770452,7.813581369976156,2
342,111073,Segariu,111073,0,4,2,3,7,111073,17.235017048815486,0.40614987383961365,0.3408553836105305,0.23208564219406494,0.20870837746319834,0.11604282109703247,0.10978923338163482,0.1740642316455487,0.16047143170275185,0.0,0.0,4.614256080182785,1.722503517879192,1.741058313403923,4.971202544657053,0.0,14.331926996498495,7.809960296959916,5.3906136165438445,10.666807312548142,0.0,2.908794747903976,8.930211993380517,3
343,111074,Selegas,111074,0,3,3,4,10,111074,20.415967237022194,0.48981269826227286,0.39865040619147696,0.14694380947868185,0.13710084782663629,0.14694380947868185,0.13710084782663629,0.19592507930490913,0.17892001084465495,0.0,0.0,5.628765591202385,1.090594085720965,2.2046839147608734,5.5955393224384276,0.0,16.95692069468146,5.130374694204016,6.73160449681761,11.89311555202028,0.0,3.2415458801088954,9.499958114122006,3
344,111075,Senorbì,111075,4,9,16,9,5,111075,34.746621915728845,0.14389888064878723,0.13444249800961802,0.25901798516781704,0.23033204024041248,0.46047641807611916,0.37876269624225883,0.25901798516781704,0.23033204024041248,0.11511910451902979,0.10896121940365049,1.4341563321473678,1.9223911760662755,6.908797013367248,7.397446648316751,1.4003396947430886,4.956854546837658,8.619127374092079,18.597118177381496,15.31056004848016,4.9049336494498785,3.54225506305605,10.14833921526763,3
345,111076,Serdiana,111076,2,7,5,5,8,111076,55.32497834326737,0.14460014697816034,0.13505535940292157,0.1265251286058903,0.11913778743754352,0.09037509186135022,0.08652175801872583,0.09037509186135022,0.08652175801872583,0.036150036744540086,0.035511956463927075,1.4426600058616652,0.9390498139541378,1.3559503597234663,2.581075286906873,0.43973875258413403,4.9846901150828,4.458188986299477,4.248188574937929,5.751247504529113,1.5985851771027393,1.3698856954861716,4.482137639476935,1
346,111077,Serramanna,111077,4,480,9,18,10,111077,84.21465262283235,0.11874418154743764,0.11220678974195128,5.6997207142770066,1.9020658410918325,0.10686976339269388,0.10153599856031983,0.21373952678538777,0.1937061117790736,0.047497672618975056,0.04640415096822691,1.1291262108089877,42.302440118469825,1.6034295637364349,6.104312582799868,0.5777744419934031,3.946930309927631,71.17614961934281,4.9853826240505805,12.875972674299119,2.0889017469143965,12.20845813722676,22.115479098460415,5
347,111078,Serrenti,111078,3,21,13,7,11,111078,43.0284548019474,0.255644783216853,0.22764921213589653,0.48804913159581026,0.39746595441137134,0.3021256528926445,0.26399804672785615,0.1626830438652701,0.15073030317271238,0.06972130451368719,0.06739815147609737,2.7892059823964215,3.622224701727654,4.532967870726631,4.646160523561345,0.848108666999293,9.190212823792168,14.873352766557987,12.96221333912887,10.01929803358086,3.033955226411082,3.430646489530297,10.874134934281159,3
348,111079,Serri,111079,1,8,3,2,16,111079,18.915740707811906,0.8458563821078521,0.6129433335459158,0.42292819105392604,0.35271685476619397,0.15859807164522227,0.14721071529545443,0.10573204776348151,0.10050760228608165,0.052866023881740755,0.0515159922761885,9.946211315661646,3.138907215516239,2.3795396261251924,3.0196636030539805,0.6430765080577922,26.689896974476707,13.198821557981255,7.227995514044451,6.680910213462445,2.319013364417354,4.761755315066469,13.986311453108318,4
349,111080,Setzu,111080,0,3,1,0,6,111080,7.795721695102952,0.7696529243429799,0.5707834394161645,0.38482646217148997,0.3255748337177163,0.12827548739049666,0.12069034966746721,0.0,0.0,0.0,0.0,9.022155342073157,2.8561221133581465,1.9245921601683262,0.0,0.0,24.775035599491392,12.18315506033317,5.9258546786766795,0.0,0.0,3.805595562995149,11.663470380666045,3
350,111081,Seui,111081,8,121,3,5,91,111081,147.01556247073216,0.6189820891792749,0.4817976117431828,0.8230421185790359,0.6005065994225215,0.020406002939976096,0.020200590196455013,0.03401000489996016,0.033444451958149476,0.054416007839936255,0.052987066593137636,7.1950953980456696,6.10849051760681,0.30616319670720954,0.9713116893927034,0.6619309290676201,20.73338587884261,22.471223994730558,0.9918420342431122,2.2231092533166215,2.3852343736675827,3.9587737344725125,12.608179994548298,4
351,111082,Seulo,111082,1,191,6,4,43,111082,59.13102148981816,0.7271986669028577,0.5465008283925825,3.2301150088010657,1.4422291815304364,0.10146958142830573,0.09664527128957046,0.06764638761887048,0.06545658797790599,0.01691159690471762,0.016770187924101617,8.507347860333232,23.973410906486905,1.5224074753891501,1.9319528836491204,0.20571720520337855,23.67214303079215,53.96885732991645,4.745249596353222,4.3510100451431635,0.7549168365287973,9.16040323286723,22.27105035141176,5
352,111083,Siddi,111083,0,12,4,3,9,111083,11.155021411321744,0.8068115396771436,0.5915637115817374,1.0757487195695248,0.7303219173078435,0.3585829065231749,0.3064421760112206,0.2689371798923812,0.23817968387600014,0.0,0.0,9.472746975011354,7.9840395825223895,5.38002906637954,7.68073475173431,0.0,25.718855344604513,27.32897091866689,15.04620549582722,15.83220618592733,0.0,7.065950014170058,19.93197136010262,5
353,111084,Siliqua,111084,7,46,3,5,18,111084,189.8047748620359,0.09483428440134725,0.09060301336938772,0.24235428235899853,0.21700819433159224,0.01580571406689121,0.015682104558092783,0.026342856778152016,0.026001859326512024,0.03687999948941282,0.03621620364055616,0.8391907678018855,1.7987157671192533,0.2371423722320208,0.7523411065620528,0.44861821539440916,2.965707804901235,8.120543135090715,0.7699859427296099,1.7283875407658016,1.6302871504569612,0.906577634090532,3.4961321599495374,1
354,111085,Silius,111085,0,4,3,4,10,111085,38.32498289803369,0.26092640475811046,0.23184669267701097,0.10437056190324419,0.09927554543360229,0.07827792142743314,0.07536525134379819,0.10437056190324419,0.09927554543360229,0.0,0.0,2.8532518154672983,0.7746220677065371,1.1744494365855844,2.9807801293561296,0.0,9.380858306337641,3.7149350578042313,3.700407932496653,6.5990133119139776,0.0,1.7316379682873597,5.472924839638777,2
355,111086,Siurgus Donigala,111086,0,6,3,5,7,111086,76.2158802960909,0.09184437643186323,0.08786835474181912,0.07872375122731133,0.07577863053759192,0.039361875613655666,0.038606943694621206,0.06560312602275944,0.06354095437960157,0.0,0.0,0.8029346397898685,0.5842754301720343,0.5905692409099736,1.8735981765966623,0.0,2.841502270523334,2.835670053354444,1.8955876634090731,4.223674641839685,0.0,0.7861028241514632,2.574036923453378,1
356,111087,Soleminis,111087,1,57,6,5,5,111087,12.706153820861086,0.3935101109661487,0.3318258237198926,4.486015265014095,1.7022021750514773,0.47221213315937843,0.3867661221241836,0.3935101109661487,0.3318258237198926,0.07870202219322973,0.0757584870551602,4.460984185041152,33.29450715777256,7.084874810479429,11.238486198397691,0.957352528011655,13.921813170916147,63.69716235705493,18.990083636828086,22.057023392824654,3.410299135986166,12.860405189612191,27.54843469042651,5
357,111088,Suelli,111088,4,6,2,4,6,111088,19.23223297160793,0.3119762540760426,0.27153459133070146,0.3119762540760426,0.27153459133070146,0.10399208469201421,0.09893277816617076,0.20798416938402842,0.18895299461220827,0.20798416938402842,0.18895299461220827,3.4722908931766168,2.315439206236681,1.5602540671588885,5.939941953127312,2.5299752763320034,11.183444051747617,10.160945158600326,4.8575653976128566,12.560024941952392,8.505795975028265,3.0765867035462304,9.601365923492622,3
358,111089,Teulada,111089,2,43,10,7,37,111089,244.53992453371166,0.15130453675632535,0.1408956792406821,0.1758404075816754,0.16198313242858195,0.04089311804225009,0.040079111971891804,0.028625182629575065,0.028223136491008313,0.008178623608450019,0.00814535991081913,1.5239585663927968,1.3050601397887442,0.6135433666244106,0.8175233899816284,0.09948697338400771,5.249951760201502,6.06148084912163,1.9678706197324232,1.8760395885479546,0.3666666923527317,1.0387384840255522,3.8020024718048093,1
359,111090,Tratalias,111090,0,3,3,2,13,111090,30.9946280476034,0.41942752079598516,0.35025363595557363,0.09679096633753503,0.0923886128512452,0.09679096633753503,0.0923886128512452,0.06452731089169003,0.06253086109714703,0.0,0.0,4.775263065234452,0.718367488997534,1.4522114768603651,1.8428733409047247,0.0,14.758786474667549,3.457222977964347,4.536249130352603,4.156532033979117,0.0,2.1790440883275006,6.822671318058738,2
360,111091,Tuili,111091,0,15,4,4,23,111091,24.210392108548774,0.9500052662046155,0.6678320731897602,0.6195686518725753,0.48215984951347846,0.1652183071660201,0.15290845758804125,0.1652183071660201,0.15290845758804125,0.0,0.0,11.209138239386535,4.59834211340744,2.4788668915364584,4.718566596037673,0.0,29.182890129112092,18.042635984520714,7.507752701884638,10.164083639334825,0.0,5.715885367880763,16.291689121140955,5
361,111092,Turri,111092,0,2,2,2,4,111092,9.280573945097393,0.4310078259882905,0.35837896945404196,0.21550391299414526,0.19515873401537934,0.21550391299414526,0.19515873401537934,0.21550391299414526,0.19515873401537934,0.0,0.0,4.915687797953869,1.5994365043002186,3.233331245676923,6.154702724001272,0.0,15.127831217218546,7.302926613637409,9.582226749993332,12.972530929735498,0.0,3.4444371231967907,10.226406008033907,3
362,111093,Ussana,111093,0,1,6,6,4,111093,32.84104715713888,0.12179879590503535,0.11493346473177596,0.03044969897625884,0.02999530790690728,0.18269819385755304,0.16779843313886736,0.18269819385755304,0.16779843313886736,0.0,0.0,1.1661669793900755,0.22599292704677948,2.741127854807975,5.2177849384838915,0.0,4.070773235246299,1.1224377607426959,8.238845382669444,11.153845482947087,0.0,1.7372416373128963,4.822687309735516,2
363,111094,Ussaramanna,111094,1,3,2,3,6,111094,9.584430283785517,0.6260153000591505,0.4861324207118225,0.31300765002957526,0.27232042167807685,0.20867176668638351,0.1895220431976084,0.31300765002957526,0.27232042167807685,0.10433588334319176,0.09924414374133128,7.280381298681697,2.3230940664921067,3.1308245587912773,8.939369172023346,1.269169697262574,20.930268684962623,10.190351279656632,9.3054671685788,18.101598736232194,4.467515532699589,4.85887516351555,13.849753222823493,4
364,111095,Vallermosa,111095,1,15,2,5,8,111095,61.637893505124076,0.1297902888153526,0.12203203038204305,0.24335679152878611,0.21781481199096084,0.03244757220383815,0.03193226703727957,0.08111893050959537,0.0779965515782266,0.016223786101919074,0.016093586813534382,1.2630731694537083,1.8061562341612485,0.4868299029720085,2.3167231426978327,0.1973504899335191,4.393183181050737,8.150727126605892,1.567863334102372,5.184562622144903,0.7244593620930331,1.2950705103688531,4.519339732318207,1
365,111096,Villacidro,111096,3,85,26,20,28,111096,183.1595867207318,0.1528721510094491,0.14225635136561737,0.4640761727072562,0.3812244447233217,0.1419527116516313,0.13273970201537516,0.10919439357817794,0.10363398027337795,0.01637915903672669,0.016246467567231835,1.5429677210606996,3.44430113166476,2.1297995549818887,3.1185467691231064,0.19924048802730954,5.311752164349554,14.265588251457368,6.5174737367257025,6.888725842841602,0.7313413514583132,2.237631574401974,7.569860471086419,2
366,111097,Villamar,111097,0,6,11,7,14,111097,38.33033028764538,0.36524600479408015,0.31133463569102293,0.15653400205460577,0.14542760308258754,0.28697900376677726,0.2522976143913852,0.18262300239704007,0.16773485491477058,0.0,0.0,4.118248869446605,1.1617710025392614,4.305713835263702,5.215637501435482,0.0,12.991123346048806,5.441965578776671,12.387726133692377,11.14961933092415,0.0,3.1694058037368595,9.407816524885906,3
367,111098,Villamassargia,111098,7,45,0,6,27,111098,91.76157228799735,0.2942408170084469,0.25792428155233194,0.49040136168074483,0.3990454539392478,0.0,0.0,0.0653868482240993,0.0633379709756284,0.07628465626144919,0.07351497718115457,3.2572279938383497,3.6396825873506393,0.0,1.8674213720177555,0.9279470397989464,10.565277022770346,14.93245834129208,0.0,4.210181991871699,3.30930662567736,2.259996954771723,7.865155653502615,2
368,111099,Villanova Tulo,111099,3,7,5,5,27,111099,40.48952118035946,0.6668392021661418,0.5109291397077158,0.17288423759862934,0.15946587562701234,0.1234887411418781,0.1164387913575004,0.1234887411418781,0.1164387913575004,0.07409324468512686,0.071476812322808,7.775418816842016,1.2831199062305307,1.852773806637058,3.526787430119905,0.9012901210306423,22.056511537600468,5.967283980186757,5.7171046272251775,7.739883279767322,3.2175578048441795,3.643107509558699,10.734933654221381,3
369,111100,Villanovaforru,111100,0,3,4,3,19,111100,10.853622759110367,1.7505675682390645,1.0118072788338826,0.2764054055114312,0.2440478503796332,0.3685405406819083,0.3137448732336555,0.2764054055114312,0.2440478503796332,0.0,0.0,20.9168916553437,2.05143790392752,5.52942927545754,7.894024190067024,0.0,44.80590932392914,9.132379088900903,15.404765418983942,16.222273132473617,0.0,9.077916456186552,21.2391616230718,5
370,111101,Villanovafranca,111101,0,1,3,4,11,111101,27.74361152793595,0.39648767388931105,0.33396027993328625,0.036044333989937366,0.035409936348259306,0.10813300196981211,0.10267661900001418,0.14417733595974946,0.134685894895015,0.0,0.0,4.497090614940612,0.2675154374494407,1.6223826709231792,4.117645151041059,0.0,14.018758095565298,1.3250555648948361,5.041386695525891,8.952799095258522,0.0,2.3581293506853385,6.888088523287255,2
371,111102,Villaperuccio,111102,0,5,2,3,37,111102,36.44967777867952,1.0150981367973129,0.700667897337905,0.13717542389152876,0.1285474894914778,0.0548701695566115,0.05341769732362896,0.08230525433491725,0.0790932610932064,0.0,0.0,11.998465360142621,1.0180946481047337,0.8232492450742765,2.350604061043174,0.0,30.67426131670533,4.810304221637392,2.6227905750668983,5.257462757390141,0.0,4.371303728240301,11.718031979042847,4
372,111103,Villaputzu,111103,5,102,18,6,56,111103,180.7259837558037,0.3098613649029406,0.26992130329448255,0.5643903432160703,0.4474961910446229,0.09959829586165947,0.09494492752752302,0.03319943195388649,0.0326602324464108,0.027666193294905408,0.027290399608070035,3.446645390581282,4.188817293720493,1.4943314835978272,0.9481620609247652,0.33653900310601237,11.110170078673253,16.745506469741763,4.661763302167735,2.1709808567933564,1.2284884482494323,2.5559424467733893,8.90027627481491,2
373,111104,Villasalto,111104,1,46,1,4,10,111104,130.39333967501696,0.07669103364422819,0.07389248017806278,0.35277875476344966,0.3021608138392409,0.007669103364422819,0.007639845284828148,0.030676413457691277,0.030215298795363044,0.007669103364422819,0.007639845284828148,0.6191826509240426,2.6182690164218285,0.1150640431071337,0.8761056950078264,0.09328903233879632,2.206731644643336,11.306992024302827,0.37511377711807514,2.008461984300216,0.34391074566929025,1.0040796154891503,3.899450627104284,1
374,111105,Villasimius,111105,4,124,68,7,65,111105,57.56161139466067,1.1292248153780715,0.7557579770381747,2.1542134939520134,1.1487391761523391,1.1813428837801365,0.7799406888838167,0.12160882627148463,0.11476410662482586,0.06949075786941979,0.06718260795966534,13.382384701621344,15.988237301178728,17.724378202302844,3.473097838070523,0.8453042357208679,33.176399140824465,42.9863308141245,38.294819702211164,7.628564154841739,3.024252447271362,12.16214547552432,29.805176254174096,5
375,111106,Villasor,111106,7,252,6,6,19,111106,86.40692979157193,0.21988977094581652,0.19876050297944897,2.9164327514918824,1.3651812271152184,0.069438875035521,0.0671340950650748,0.069438875035521,0.0671340950650748,0.0810120208747745,0.07789765873841999,2.3556346767907663,21.645310009751757,1.0418320539873678,1.9831455837384997,0.9854519721663532,7.878115759064737,51.085688612594915,3.2962609888546455,4.462516776742647,3.5065948201625834,6.722401351050053,16.814146077166733,5
376,111107,Villaspeciosa,111107,4,21,1,5,3,111107,27.253033163719532,0.11007949030765997,0.10443162564994603,0.7705564321536198,0.5712938656307035,0.036693163435886654,0.036035996780849074,0.18346581717943328,0.1684472667321682,0.14677265374354662,0.1369516090360557,1.0240567043290956,5.718949921077847,0.5505289912912418,5.239707943428639,1.7853819659090178,3.593789921146455,21.37807050538398,1.7693550537631286,11.196974548626942,6.164932433609939,2.8115546779316367,9.072565039097592,3
