lat,lon,tags,osm_id,osm_type
40.9238948,9.4983737,"{'amenity': 'bank', 'created_by': 'Potlatch 0.8b', 'survey:date': '2019-04-13', 'wheelchair': 'yes'}",259428203,node
40.8730764,9.6314738,"{'amenity': 'school', 'fee': 'no', 'isced:level': '2', 'name': 'Scuola Secondaria di Primo Grado di Porto San Paolo', 'ref': 'SSMM82501A'}",260635956,node
39.2385355,9.1947946,"{'amenity': 'pharmacy', 'dispensing': 'yes', 'healthcare': 'pharmacy', 'name': 'Farmacia Dessì Luciana', 'ref:msal': '16337', 'ref:vatin': 'IT02534170929', 'source': 'Ministero della Salute'}",265653423,node
39.2234641,9.1020176,"{'amenity': 'bank', 'atm': 'yes', 'brand': 'Banco di Sardegna', 'brand:wikidata': 'Q806205', 'name': 'Banco di Sardegna'}",265669558,node
39.223913,9.1011697,"{'amenity': 'bank', 'atm': 'yes'}",265669560,node
40.3257054,9.3349492,"{'amenity': 'pharmacy', 'dispensing': 'yes', 'healthcare': 'pharmacy', 'name': 'Meloni'}",286766991,node
39.2997751,9.2010172,"{'amenity': 'post_office', 'atm': 'yes', 'brand': 'Poste Italiane', 'brand:wikidata': 'Q495026', 'name': 'Ufficio Postale di Sinnai', 'opening_hours': 'Mo-Fr 08:20-13:35; Sa 08:20-12:35;PH off', 'operator': 'Poste Italiane', 'operator:wikidata': 'Q495026', 'operator:wikipedia': 'en:Poste italiane', 'ref': '13154'}",311649582,node
39.2890164,9.1883543,"{'amenity': 'pharmacy', 'dispensing': 'yes', 'drive_through': 'no', 'healthcare': 'pharmacy', 'name': 'Farmacia Marchi', 'operator': 'Caterina Marchi', 'ref:msal': '16282', 'ref:vatin': 'IT04116360928', 'source': 'Ministero della Salute'}",314447110,node
39.2993189,9.2041386,"{'amenity': 'pharmacy', 'dispensing': 'yes', 'healthcare': 'pharmacy'}",314447431,node
39.246231,9.1315189,"{'amenity': 'bank', 'atm': 'yes', 'operator': 'Banco di Sardegna'}",408342262,node
39.2327595,9.0974771,"{'amenity': 'bank', 'operator': 'Deutsche Bank'}",408961895,node
39.2322078,9.0980093,"{'amenity': 'bank', 'atm': 'yes', 'operator': 'Banco di Credito Sardo'}",408961897,node
39.2437318,9.13327,"{'amenity': 'pharmacy', 'dispensing': 'yes', 'healthcare': 'pharmacy', 'name': 'Farmacia Boy', 'ref:msal': '16308', 'ref:vatin': 'IT02622410922', 'source': 'Ministero della Salute'}",409513922,node
39.2467878,9.1307327,"{'amenity': 'post_office', 'atm': 'yes', 'name': 'Poste Italiane', 'operator': 'Poste Italiane', 'operator:wikidata': 'Q495026', 'operator:wikipedia': 'en:Poste italiane', 'ref': 'Pirri'}",409513923,node
39.2374696,9.181151,"{'amenity': 'pharmacy', 'dispensing': 'yes', 'healthcare': 'pharmacy', 'name': 'Farmacia Carta', 'ref:msal': '16330', 'ref:vatin': 'IT04094170927', 'source': 'Ministero della Salute', 'wheelchair': 'yes'}",460020151,node
39.2349577,9.1798165,"{'amenity': 'pharmacy', 'dispensing': 'yes', 'healthcare': 'pharmacy', 'name': 'Farmacia Zuddas', 'ref:msal': '16335', 'ref:vatin': 'Zuddas Bruno', 'source': 'Ministero della Salute', 'wheelchair': 'yes'}",460020162,node
39.6999406,9.5774023,"{'amenity': 'pharmacy', 'dispensing': 'yes', 'ele': '128.46', 'healthcare': 'pharmacy', 'name': 'Farmacia Biolchini', 'ref:msal': '16055', 'ref:vatin': 'IT00146760913', 'source': 'Ministero della Salute', 'wpt_symbol': 'Residence'}",470285613,node
39.2994046,9.1984723,"{'amenity': 'pharmacy', 'dispensing': 'no', 'healthcare': 'pharmacy', 'name': 'Parafarmacia Biocosmesi'}",471363402,node
40.3241724,9.328519,"{'amenity': 'pharmacy', 'dispensing': 'yes', 'healthcare': 'pharmacy', 'name': 'Farmacia Cossu', 'ref:msal': '16017', 'ref:vatin': 'IT00793780917', 'source': 'Ministero della Salute'}",474491649,node
40.3192836,9.332208,"{'amenity': 'pharmacy', 'dispensing': 'yes', 'healthcare': 'pharmacy', 'name': 'Farmacia Ortobene', 'ref:msal': '16030', 'ref:vatin': 'IT01029430913', 'source': 'Ministero della Salute', 'wheelchair': 'limited'}",474491651,node
40.9004612,9.1047832,"{'amenity': 'pharmacy', 'dispensing': 'yes', 'healthcare': 'pharmacy', 'name': 'Farmacia Pinna', 'ref:msal': '15917', 'ref:vatin': '00361230907', 'source': 'Ministero della Salute'}",479953713,node
40.9033801,9.1040148,"{'addr:street': 'Via Roma', 'amenity': 'pharmacy', 'dispensing': 'yes', 'healthcare': 'pharmacy', 'name': 'Farmacia Dottoressa Spano', 'ref:msal': '15907', 'ref:vatin': 'IT02681610909', 'source': 'Ministero della Salute'}",479953777,node
41.1377703,9.4787338,{'amenity': 'post_office'},504893473,node
40.3783143,9.6987538,"{'amenity': 'bank', 'brand': 'Banco di Sardegna', 'brand:wikidata': 'Q806205', 'name': 'Banco di Sardegna', 'operator': 'Banco di Sardegna', 'operator:wikidata': 'Q806205'}",525356486,node
40.3766473,9.6966263,"{'addr:city': 'Orosei', 'addr:housenumber': '7', 'addr:postcode': '08028', 'addr:street': 'Via Grazia Deledda', 'amenity': 'bank', 'brand': 'Intesa Sanpaolo', 'brand:wikidata': 'Q1343118', 'name': 'Intesa Sanpaolo'}",525356503,node
40.7038495,9.7059289,"{'amenity': 'post_office', 'brand': 'Poste Italiane', 'brand:wikidata': 'Q495026', 'operator': 'Poste Italiane', 'operator:wikidata': 'Q495026'}",534893711,node
40.2850052,9.6362222,"{'addr:city': 'Cala Gonone', 'addr:housenumber': '3', 'addr:postcode': '08022', 'addr:street': 'Via Cala Luna', 'amenity': 'post_office', 'atm': 'yes', 'brand': 'Poste Italiane', 'brand:wikidata': 'Q495026', 'check_date': '2024-06-07', 'name': 'Ufficio Postale di Cala Gonone', 'opening_hours': 'Mo-Fr 08:20-13:45; Sa 08:20-13:45; PH off', 'operator': 'Poste Italiane', 'operator:wikidata': 'Q495026', 'operator:wikipedia': 'en:Poste italiane', 'phone': '+39 0784 93278', 'ref': '80216', 'source': 'https://www.sardegnaierioggidomani.com/attualita/cala-gonone-operativo-il-nuovo-atm-postamat/'}",604240738,node
40.3115466,9.3069784,"{'amenity': 'school', 'name': 'Università della Terza Età'}",727865566,node
39.176528,8.977764,"{'amenity': 'post_office', 'brand': 'Poste Italiane', 'brand:wikidata': 'Q495026', 'name': 'Ufficio Postale di Capoterra', 'opening_hours': 'Mo-Fr 08:20-19:05; Sa 08:20-12:35;PH off', 'operator': 'Poste Italiane', 'operator:wikidata': 'Q495026', 'ref': '13033'}",737546464,node
39.8423356,9.6444944,"{'amenity': 'bank', 'atm': 'yes', 'brand': 'Banco di Sardegna', 'brand:wikidata': 'Q806205', 'dispensing': 'yes', 'name': 'Banco di Sardegna'}",761150446,node
39.8419741,9.6436369,"{'amenity': 'pharmacy', 'dispensing': 'yes', 'healthcare': 'pharmacy', 'name': 'Farmacia Usai', 'ref:msal': '16064', 'ref:vatin': 'IT01572780912', 'source': 'Ministero della Salute'}",761150474,node
39.2406838,9.2028074,"{'amenity': 'pharmacy', 'dispensing': 'yes', 'healthcare': 'pharmacy', 'name': 'Farmacia Martinez', 'opening_hours': 'Mo-Su 08:30-20:30', 'ref:msal': '16322', 'ref:vatin': 'IT03073430922', 'source': 'Ministero della Salute'}",765901950,node
39.9263817,9.6592918,"{'amenity': 'pharmacy', 'healthcare': 'pharmacy'}",794165614,node
39.8943522,8.5977588,"{'amenity': 'post_office', 'brand': 'Poste Italiane', 'brand:wikidata': 'Q495026', 'name': 'Oristano 3', 'opening_hours': 'Mo-Fr 08:20-13:35; Sa 08:20-12:35;PH off;Feb 13 off', 'operator': 'Poste Italiane', 'operator:wikidata': 'Q495026', 'ref': '72080', 'wheelchair': 'yes'}",860125000,node
39.9066098,8.5951026,"{'addr:city': 'Oristano', 'addr:housenumber': '10', 'addr:postcode': '09170', 'addr:street': 'Via Mariano Quarto', 'amenity': 'post_office', 'brand': 'Poste Italiane', 'brand:wikidata': 'Q495026', 'name': 'Oristano Centro', 'opening_hours': 'Mo-Fr 08:20-19:05; Sa 08:20-12:35;PH off;Feb 13 off', 'operator': 'Poste Italiane', 'operator:wikidata': 'Q495026', 'ref': '72001'}",860144634,node
39.9329867,8.5732579,"{'amenity': 'bank', 'atm': 'yes', 'brand': 'Credito Cooperativo', 'name': 'Banca di Arborea', 'opening_hours': 'Mo-Fr 08:20-13:20,15:30-16:30; Sa 09:00-12:00', 'operator': 'Banca di Arborea'}",860151696,node
39.903531,8.5874802,"{'amenity': 'post_office', 'brand': 'Poste Italiane', 'brand:wikidata': 'Q495026', 'name': 'Oristano 2', 'opening_hours': 'Mo-Fr 08:20-13:35; Sa 08:20-12:35;PH off;Feb 13 off', 'operator': 'Poste Italiane', 'operator:wikidata': 'Q495026', 'ref': '72006'}",860153606,node
39.927182,8.5758709,"{'amenity': 'clinic', 'contact:email': 'info@santamariabambina.it', 'contact:fax': '+39 0783 3442247', 'contact:phone': '+39 0783 34344', 'contact:website': 'http://www.santamariabambina.it/', 'healthcare': 'rehabilitation', 'name': 'Centro di cura e riabilitazione Santa Maria Bambina', 'operator': 'Fondazione Nostra Signora del Rimedio O.N.L.U.S.'}",860162984,node
39.2533706,9.1607408,"{'addr:city': 'Selargius', 'addr:housenumber': '18', 'addr:postcode': '09047', 'addr:street': 'Viale Trieste', 'amenity': 'pharmacy', 'dispensing': 'yes', 'healthcare': 'pharmacy', 'name': 'Farmacia Avataneo', 'ref:msal': '16306', 'ref:vatin': 'IT00794820910', 'source': 'Ministero della Salute'}",860469671,node
39.2552627,9.1637501,"{'amenity': 'pharmacy', 'dispensing': 'no', 'healthcare': 'pharmacy', 'name': 'Pararmacia Garau'}",860469976,node
39.2557727,9.156871,"{'amenity': 'pharmacy', 'name': 'Parafarmacia'}",867589403,node
41.1047786,9.4383405,{'amenity': 'pharmacy'},957030759,node
41.0741416,9.3947095,"{'amenity': 'pharmacy', 'healthcare': 'pharmacy'}",957045498,node
39.3126765,8.5356871,"{'amenity': 'bank', 'atm': 'yes', 'brand': 'UniCredit', 'brand:wikidata': 'Q45568', 'name': 'UniCredit'}",966997590,node
39.2169835,9.1302119,"{'amenity': 'pharmacy', 'dispensing': 'yes', 'healthcare': 'pharmacy', 'name': 'Farmagorà', 'ref:msal': '16276', 'ref:vatin': 'IT03857890929', 'source': 'Ministero della Salute', 'wheelchair': 'yes'}",994731113,node
40.5567532,8.3217476,"{'amenity': 'pharmacy', 'dispensing': 'yes', 'healthcare': 'pharmacy', 'name': 'Farmacia Ciriolo', 'ref:msal': '15947', 'ref:vatin': 'IT01629930908', 'source': 'Ministero della Salute'}",1163328169,node
40.5561011,8.3207927,"{'amenity': 'school', 'name': 'Convitto maschile annesso I.P.A.S.'}",1163328172,node
40.3784008,9.6988814,"{'amenity': 'pharmacy', 'dispensing': 'no'}",1187230601,node
40.3790635,9.6951197,"{'amenity': 'pharmacy', 'dispensing': 'yes', 'healthcare': 'pharmacy', 'name': 'Farmacia Mencaraglia', 'ref:msal': '16040', 'ref:vatin': 'IT01175870912', 'source': 'Ministero della Salute'}",1187230607,node
39.2186996,9.2874763,"{'amenity': 'pharmacy', 'dispensing': 'yes', 'healthcare': 'pharmacy', 'name': 'Farmacia Perra', 'ref:msal': '16336', 'ref:vatin': 'IT03398870927', 'source': 'Ministero della Salute'}",1232502636,node
40.5568354,8.3277473,"{'amenity': 'post_office', 'name': 'Alghero 1'}",1262278347,node
40.5694281,8.3222595,"{'amenity': 'post_office', 'branch': 'Alghero 2', 'brand': 'Poste Italiane', 'brand:wikidata': 'Q495026', 'brand:wikipedia': 'en:Poste italiane', 'name': 'Ufficio Postale Alghero 2', 'opening_hours': 'Mo-Fr 08:20-13:35; Sa 08:20-12:35;PH off', 'operator': 'Poste Italiane', 'operator:wikidata': 'Q495026', 'ref': '58156'}",1262283392,node
39.25143,9.1738075,"{'amenity': 'pharmacy', 'dispensing': 'yes', 'healthcare': 'pharmacy', 'name': 'Farmacia Andrea Nuti', 'ref:msal': '16298', 'ref:vatin': 'IT02861100929', 'source': 'Ministero della Salute'}",1292852445,node
40.1045931,8.4916018,"{'amenity': 'pharmacy', 'dispensing': 'yes', 'healthcare': 'pharmacy', 'name': 'Farmacia Silvagni', 'ref:msal': '18587', 'ref:vatin': 'IT03101330789', 'source': 'Ministero della Salute'}",1293450146,node
39.2410744,9.1844804,"{'amenity': 'bank', 'atm': 'yes', 'brand': 'Banco Desio', 'brand:wikidata': 'Q3633825', 'check_date:opening_hours': '2024-04-04', 'name': 'Banco Desio', 'opening_hours:signed': 'no', 'wheelchair': 'no'}",1324388623,node
39.1574524,8.5377503,"{'amenity': 'post_office', 'name': 'Ufficio Postale di Serbariu'}",1325754593,node
39.1711241,8.516761,"{'amenity': 'post_office', 'brand': 'Poste Italiane', 'brand:wikidata': 'Q495026', 'name': 'Ufficio Postale Carbonia 1', 'opening_hours': 'Mo-Fr 08:20-13:35; Sa 08:20-12:35;PH off', 'operator': 'Poste Italiane', 'operator:wikidata': 'Q495026', 'ref': '13288'}",1325754595,node
40.2885777,9.591338,"{'amenity': 'bank', 'atm': 'yes', 'brand': 'Banco di Sardegna', 'brand:wikidata': 'Q806205', 'name': 'Banco di Sardegna', 'operator': 'Banco di Sardegna', 'operator:wikidata': 'Q806205'}",1330950419,node
39.2512898,9.1070131,"{'amenity': 'bank', 'atm': 'yes', 'brand': 'BNL', 'brand:wikidata': 'Q2201225', 'brand:wikipedia': 'it:Banca Nazionale del Lavoro', 'name': 'BNL', 'official_name': 'Banca Nazionale del Lavoro', 'operator': 'BNL'}",1333948399,node
39.2453645,9.1271681,"{'addr:housenumber': '2', 'addr:street': 'Via Santa Maria Chiara', 'amenity': 'pharmacy', 'dispensing': 'yes', 'healthcare': 'pharmacy', 'name': 'Dottor Fasciolo', 'opening_hours': '24/7', 'ref:msal': '16289', 'ref:vatin': 'IT03073450920', 'source': 'Ministero della Salute'}",1336865203,node
39.9682062,9.6604089,"{'amenity': 'pharmacy', 'dispensing': 'yes', 'healthcare': 'pharmacy', 'name': 'Farmacia Masia', 'ref:msal': '16049', 'ref:vatin': 'IT00094010915', 'source': 'Ministero della Salute'}",1362192152,node
40.5568774,8.3167037,"{'amenity': 'bank', 'brand': 'UniCredit Bank', 'brand:wikidata': 'Q45568', 'name': 'UniCredit Bank'}",1395071531,node
39.9345477,8.5702083,"{'amenity': 'post_office', 'brand': 'Poste Italiane', 'brand:wikidata': 'Q495026', 'operator': 'Poste Italiane', 'operator:wikidata': 'Q495026', 'ref': '72079'}",1416191197,node
39.9911286,8.5415305,"{'amenity': 'pharmacy', 'dispensing': 'yes', 'healthcare': 'pharmacy', 'name': 'Farmacia Todde', 'ref:msal': '16115', 'ref:vatin': 'IT01259060950', 'source': 'Ministero della Salute'}",1416215128,node
39.9922101,8.5416935,"{'amenity': 'bank', 'atm': 'yes', 'brand': 'Banco di Sardegna', 'brand:wikidata': 'Q806205', 'name': 'Banco di Sardegna', 'operator': 'Banco di Sardegna', 'operator:wikidata': 'Q806205'}",1416216105,node
40.216576,8.586604,"{'amenity': 'pharmacy', 'dispensing': 'yes', 'healthcare': 'pharmacy', 'name': 'Farmacia Fadda', 'ref:msal': '16095', 'ref:vatin': 'IT01275700951', 'source': 'Ministero della Salute'}",1417532156,node
40.2169248,8.5869304,"{'amenity': 'post_office', 'brand': 'Poste Italiane', 'brand:wikidata': 'Q495026', 'name': 'Ufficio Postale di Scano Montiferro', 'opening_hours': 'Mo-Fr 08:20-13:35; Sa 08:20-12:35;PH off', 'operator': 'Poste Italiane', 'operator:wikidata': 'Q495026', 'ref': '72053'}",1417532159,node
39.0328519,9.0003857,"{'amenity': 'pharmacy', 'dispensing': 'yes', 'healthcare': 'pharmacy', 'name': 'Farmacia Spinelli', 'ref:msal': '16250', 'ref:vatin': 'IT00455280925', 'source': 'Ministero della Salute'}",1418157030,node
39.2173159,9.1087278,"{'alt_name': 'Banco Di Sardegna', 'amenity': 'bank', 'atm': 'yes', 'brand': 'Banco di Sardegna', 'brand:wikidata': 'Q806205', 'int_name': 'Banco Di Sardegna', 'name': 'Banco di Sardegna', 'old_name': 'Banco Di Sardegna'}",1436690608,node
40.5542865,8.3211339,"{'amenity': 'bank', 'name': 'Banca di Sassari'}",1461145311,node
40.5577316,8.3176068,"{'amenity': 'pharmacy', 'dispensing': 'yes', 'healthcare': 'pharmacy', 'name': 'Farmacia Mannazzu', 'ref:msal': '15892', 'ref:vatin': 'IT02064800903', 'source': 'Ministero della Salute'}",1474240873,node
39.2545411,9.1433955,"{'amenity': 'post_office', 'brand': 'Poste Italiane', 'brand:wikidata': 'Q495026', 'name': 'Ufficio Postale di Monserrato', 'opening_hours': 'Mo-Fr 08:20-13:35; Sa 08:20-12:35;PH off', 'operator': 'Poste Italiane', 'operator:wikidata': 'Q495026', 'ref': '13084', 'wheelchair': 'yes'}",1481053639,node
40.0466478,8.5733314,"{'amenity': 'post_office', 'atm': 'yes', 'brand': 'Poste Italiane', 'brand:wikidata': 'Q495026', 'name': 'Ufficio Postale di Narbolia', 'opening_hours': 'Mo-Fr 08:20-13:35; Sa 08:20-12:35;PH off', 'operator': 'Poste Italiane', 'operator:wikidata': 'Q495026', 'ref': '72035', 'source': 'https://www.msn.com/it-it/money/storie-principali/narbolia-e-paulilatino-nuovi-postamat-negli-uffici-postali/ar-AA1HuiFb'}",1567713411,node
39.9771078,8.5385089,"{'addr:city': 'Nurachi', 'addr:housenumber': '30', 'addr:postcode': '09070', 'addr:street': 'Corso Eleonora d’Arborea', 'amenity': 'pharmacy', 'dispensing': 'yes', 'healthcare': 'pharmacy', 'name': ""Farmacia Sant'Agostino"", 'ref:msal': '16134', 'ref:vatin': 'IT00724830955', 'source': 'Ministero della Salute'}",1568226095,node
40.6059499,9.7455783,"{'addr:city': 'La Caletta', 'addr:housenumber': '137', 'addr:postcode': '08029', 'addr:street': 'Via Nazario Sauro', 'amenity': 'post_office', 'brand': 'Poste Italiane', 'brand:wikidata': 'Q495026', 'brand:wikipedia': 'en:Poste italiane', 'name': 'Ufficio Postale di La Caletta', 'opening_hours': 'Mo-Fr 08:20-13:35; Sa 08:20-12:35;PH off', 'operator': 'Poste Italiane', 'operator:wikidata': 'Q495026', 'ref': '80217', 'wheelchair': 'yes'}",1574956607,node
40.6329033,9.7150142,"{'amenity': 'bank', 'atm': 'yes', 'brand': 'Banco di Sardegna', 'brand:wikidata': 'Q806205', 'name': 'Banco di Sardegna', 'operator': 'Banco di Sardegna', 'operator:wikidata': 'Q806205', 'phone': '+39 0784 854026'}",1575016448,node
40.6332354,9.7174295,"{'amenity': 'pharmacy', 'dispensing': 'yes', 'healthcare': 'pharmacy', 'name': 'Farmacia Orunesu', 'phone': '+39 0784 854089', 'ref:msal': '16043', 'ref:vatin': 'IT00910750918', 'source': 'Ministero della Salute'}",1575020507,node
41.0485817,9.2075785,"{'amenity': 'post_office', 'brand': 'Poste Italiane', 'brand:wikidata': 'Q495026', 'operator': 'Poste Italiane', 'operator:wikidata': 'Q495026'}",1576754375,node
40.9926756,9.3021437,"{'amenity': 'post_office', 'brand': 'Poste Italiane', 'brand:wikidata': 'Q495026', 'name': ""Ufficio Postale Sant'Antonio di Gallura"", 'operator': 'Poste Italiane', 'operator:wikidata': 'Q495026'}",1577954062,node
40.0498358,8.576259,"{'addr:city': 'Narbolia', 'addr:country': 'IT', 'addr:housenumber': '85', 'addr:postcode': '09070', 'addr:street': 'Corso Umberto Primo di Savoia', 'amenity': 'pharmacy', 'dispensing': 'yes', 'healthcare': 'pharmacy', 'name': 'Farnacia Depau', 'ref:msal': '16085', 'ref:vatin': 'IT00082210956', 'source': 'Ministero della Salute'}",1578616077,node
41.2121158,9.4053831,"{'amenity': 'bank', 'atm': 'yes', 'brand': 'Banco di Sardegna', 'brand:wikidata': 'Q806205', 'name': 'Banco di Sardegna'}",1579336424,node
40.047511,8.5759804,"{'amenity': 'bank', 'atm': 'no', 'brand': 'Banco di Sardegna', 'brand:wikidata': 'Q806205', 'name': 'Banco di Sardegna', 'operator': 'Banco di Sardegna', 'operator:wikidata': 'Q806205'}",1581341257,node
39.2344429,9.1962487,"{'amenity': 'pharmacy', 'dispensing': 'yes', 'healthcare': 'pharmacy', 'name': 'Farmacia Giglio', 'ref:msal': '16325', 'ref:vatin': 'IT03757930924', 'source': 'Ministero della Salute', 'wheelchair': 'yes'}",1581521295,node
40.8999144,8.680315,"{'addr:city': 'Castelsardo', 'addr:housenumber': '152', 'addr:postcode': '07031', 'addr:street': 'Corso Italia', 'amenity': 'post_office', 'atm': 'yes', 'brand': 'Poste Italiane', 'brand:wikidata': 'Q495026', 'brand:wikipedia': 'en:Poste italiane', 'name': 'Ufficio Postale di Lu Bagnu', 'opening_hours': 'Mo-Fr 08:20-13:35, Sa 08:20-12:35; Su, PH off', 'operator': 'Poste Italiane', 'operator:wikidata': 'Q495026', 'phone': '+39 0799 635022', 'ref': '58161'}",1582481530,node
40.7140453,8.552266,"{'amenity': 'pharmacy', 'dispensing': 'yes', 'healthcare': 'pharmacy', 'name': 'Farmacia Manca'}",1583214683,node
40.7475577,8.1902003,{'amenity': 'post_office'},1583827676,node
39.239756,9.1918135,"{'amenity': 'post_office', 'brand': 'Poste Italiane', 'brand:wikidata': 'Q495026', 'name': ""Ufficio Postale Quartu Sant'Elena 2"", 'operator': 'Poste Italiane', 'operator:wikidata': 'Q495026', 'ref': '13325'}",1583918211,node
39.2327931,9.1847957,"{'amenity': 'clinic', 'name': 'Casa di Cura ""Città di Quartu""'}",1583923032,node
39.2415259,9.1754305,"{'amenity': 'clinic', 'name': 'Casa di Cura ""Sant\'Elena""'}",1583923062,node
40.5930914,8.2848287,"{'amenity': 'pharmacy', 'dispensing': 'yes', 'healthcare': 'pharmacy', 'name': 'Farmacia Fertilia', 'opening_hours': 'Mo-Sa 09:00-20:00', 'phone': '+39 079 930653', 'ref:msal': '15954', 'ref:vatin': 'IT02712660907', 'source': 'Ministero della Salute'}",1583986235,node
40.5923745,8.2851291,"{'amenity': 'bank', 'brand': 'Banco di Sardegna', 'brand:wikidata': 'Q806205', 'name': 'Banco di Sardegna'}",1583991749,node
39.1102139,8.370744,"{'amenity': 'post_office', 'brand': 'Poste Italiane', 'brand:wikidata': 'Q495026', 'name': 'Ufficio Postale di Calasetta', 'opening_hours': 'Mo-Fr 08:20-19:05; Sa 08:20-12:35;PH off', 'operator': 'Poste Italiane', 'operator:wikidata': 'Q495026', 'ref': '13032'}",1585064150,node
40.2808246,8.5486185,"{'amenity': 'pharmacy', 'dispensing': 'yes', 'healthcare': 'pharmacy', 'name': 'Farmacia Mocci', 'ref:msal': '15999', 'ref:vatin': 'IT00927800912', 'source': 'Ministero della Salute'}",1585541653,node
40.2810153,8.5498738,"{'amenity': 'post_office', 'brand': 'Poste Italiane', 'brand:wikidata': 'Q495026', 'name': 'Ufficio Postale di Suni', 'opening_hours': 'Mo-Fr 08:20-13:35; Sa 08:20-12:35;PH off', 'operator': 'Poste Italiane', 'operator:wikidata': 'Q495026', 'ref': '72143'}",1585549702,node
40.2960819,8.6568403,"{'amenity': 'post_office', 'brand': 'Poste Italiane', 'brand:wikidata': 'Q495026', 'name': 'Ufficio Postale di Sindia', 'opening_hours': 'Mo-Fr 08:20-13:35; Sa 08:20-12:35;PH off', 'operator': 'Poste Italiane', 'operator:wikidata': 'Q495026', 'ref': '80178'}",1585584348,node
40.2959756,8.6577845,"{'amenity': 'bank', 'name': 'Banco di Sardegna'}",1585586453,node
40.8753707,9.6289372,"{'amenity': 'pharmacy', 'healthcare': 'pharmacy'}",1589590331,node
40.9190905,9.4965863,"{'amenity': 'pharmacy', 'dispensing': 'yes', 'healthcare': 'pharmacy', 'name': 'Farmacia Sanna', 'ref:msal': '15919', 'ref:vatin': 'IT02177990906', 'source': 'Ministero della Salute'}",1589709199,node
40.5815437,9.7782766,"{'addr:street': 'Piazza della Torre', 'amenity': 'pharmacy', 'healthcare': 'pharmacy', 'name': 'Farmacia Fadda'}",1609789954,node
40.6087286,9.750687,"{'amenity': 'pharmacy', 'dispensing': 'no', 'healthcare': 'pharmacy', 'name': 'Parafarmacia Dr. Bignetti Gianni', 'wheelchair': 'yes'}",1609793445,node
40.5735292,9.6932316,"{'amenity': 'bank', 'atm': 'yes', 'brand': 'Banco di Sardegna', 'brand:wikidata': 'Q806205', 'name': 'Banco di Sardegna', 'name:it': 'Banco di Sardegna', 'operator': 'Banco di Sardegna', 'operator:wikidata': 'Q806205'}",1611197301,node
40.7404226,9.7084939,"{'amenity': 'pharmacy', 'check_date': '2024-09-08', 'name': 'Farmacia Garau'}",1613783374,node
40.2652819,8.7782951,"{'amenity': 'pharmacy', 'dispensing': 'yes', 'healthcare': 'pharmacy', 'name': 'Farmacia Caboi', 'ref:msal': '15993', 'ref:vatin': 'IT00606300911', 'source': 'Ministero della Salute'}",1653763564,node
39.1687409,8.5261259,"{'amenity': 'bank', 'atm': 'yes', 'brand': 'Intesa Sanpaolo', 'brand:wikidata': 'Q1343118', 'name': 'Intesa Sanpaolo'}",1678053793,node
39.2902567,8.955044,"{'amenity': 'post_office', 'brand': 'Poste Italiane', 'brand:wikidata': 'Q495026', 'name': 'Ufficio Postale di Uta', 'opening_hours': 'Mo-Fr 08:20-13:35; Sa 08:20-12:35;PH off', 'operator': 'Poste Italiane', 'operator:wikidata': 'Q495026', 'ref': '13225'}",1679707080,node
39.1999518,9.1451678,"{'amenity': 'post_office', 'brand': 'Poste Italiane', 'brand:wikidata': 'Q495026', 'name': 'Ufficio Postale Cagliari 4', 'operator': 'Poste Italiane', 'operator:wikidata': 'Q495026', 'ref': '13118'}",1684958923,node
40.3128187,9.3104899,"{'addr:housename': 'Università di Sassari', 'addr:housenumber': '1', 'addr:postcode': '08100', 'addr:street': 'Via Cristoforo Colombo', 'amenity': 'university', 'name': 'Polo di Scienze Forestali - Università di Sassari', 'name:en': 'Nuoro Forestry School - University of Sassari', 'name:it': 'Polo di Scienze Forestali - Università di Sassari', 'name:sc': 'Facultade de Iscèntzias Padentales - Universidade de Tàtari'}",1693378514,node
41.2423256,9.1889218,"{'addr:housenumber': '2', 'addr:postcode': '07028', 'addr:street': 'Piazza San Vittorio', 'amenity': 'pharmacy', 'name': 'Farmacia Bulciolu', 'opening_hours': 'Mo-Fr 08:30-13:00, 16:00-20:00; Sa 09:00-13:00, 17:00-20:00', 'phone': '+39 0789 754365', 'seamark:small_craft_facility:category': 'pharmacy', 'seamark:type': 'small_craft_facility', 'website': 'https://www.farmaciabulciolu.it/'}",1695812780,node
39.2597404,9.1347233,"{'amenity': 'pharmacy', 'wheelchair': 'yes'}",1698366579,node
39.2469981,9.1311909,{'amenity': 'bank'},1698382507,node
39.9686676,9.660684,"{'amenity': 'bank', 'atm': 'yes', 'brand': 'Banco di Sardegna', 'brand:wikidata': 'Q806205', 'name': 'Banco di Sardegna'}",1707262951,node
39.2455146,9.1297205,"{'amenity': 'pharmacy', 'dispensing': 'yes', 'healthcare': 'pharmacy', 'name': 'Farmacia Marongiu', 'ref:msal': '16291', 'ref:vatin': 'IT04095130920', 'source': 'Ministero della Salute'}",1711736698,node
39.2461916,9.1293628,"{'amenity': 'bank', 'brand': 'BNL', 'brand:wikidata': 'Q2201225', 'name': 'BNL', 'official_name': 'Banca Nazionale del Lavoro'}",1711736727,node
39.4937438,8.6617371,"{'addr:city': 'Gonnosfanadiga', 'addr:postcode': '09035', 'addr:street': 'Via Porru Bonelli', 'amenity': 'pharmacy', 'dispensing': 'yes', 'healthcare': 'pharmacy', 'name': 'Farmacia Orrù', 'ref:msal': '16155', 'ref:vatin': 'IT02677110922', 'source': 'Ministero della Salute'}",1757372065,node
39.4900208,8.6605373,"{'addr:city': 'Gonnosfanadiga', 'addr:housenumber': '6', 'addr:postcode': '09035', 'addr:street': 'Piazza Vittorio Emanuele', 'amenity': 'pharmacy', 'dispensing': 'yes', 'healthcare': 'pharmacy', 'name': 'Farmacia Rizzo', 'ref:msal': '16154', 'ref:vatin': 'IT02637050929', 'source': 'Ministero della Salute'}",1757373924,node
39.4914214,8.6605033,"{'amenity': 'post_office', 'brand': 'Poste Italiane', 'brand:wikidata': 'Q495026', 'brand:wikipedia': 'en:Poste italiane', 'name': 'Poste Italiane'}",1757376168,node
39.2489485,9.1196051,"{'amenity': 'post_office', 'brand': 'Poste Italiane', 'brand:wikidata': 'Q495026', 'name': 'Ufficio Postale Cagliari 3', 'operator': 'Poste Italiane', 'operator:wikidata': 'Q495026', 'ref': '13192'}",1764237196,node
39.2544145,9.1058743,"{'amenity': 'post_office', 'brand': 'Poste Italiane', 'brand:wikidata': 'Q495026', 'name': 'Ufficio Postale di Selargius Su Planu', 'opening_hours': 'Mo-Fr 08:20-19:05; Sa 08:20-12:35;PH off', 'operator': 'Poste Italiane', 'operator:wikidata': 'Q495026', 'ref': '13332'}",1764237203,node
39.2345507,9.0933049,"{'amenity': 'post_office', 'brand': 'Poste Italiane', 'brand:wikidata': 'Q495026', 'name': 'Uffici Postale Cagliari 15', 'operator': 'Poste Italiane', 'operator:wikidata': 'Q495026', 'operator:wikipedia': 'en:Poste italiane', 'ref': '13339'}",1764248406,node
39.229656,9.1171163,"{'amenity': 'post_office', 'brand': 'Poste Italiane', 'brand:wikidata': 'Q495026', 'name': 'Ufficio Postale Cagliari 11', 'operator': 'Poste Italiane', 'operator:wikidata': 'Q495026', 'ref': '13314'}",1764256097,node
39.2325503,9.1259051,"{'addr:city': 'Cagliari', 'addr:postcode': '09131', 'addr:street': 'Via Giuseppe Biasi', 'amenity': 'post_office', 'brand': 'Poste Italiane', 'brand:wikidata': 'Q495026', 'name': 'Ufficio Postale Cagliari 12', 'operator': 'Poste Italiane', 'operator:wikidata': 'Q495026', 'ref': '13321'}",1764258801,node
40.2062189,9.351849,"{'addr:city': 'Orgosolo', 'addr:housenumber': '1', 'addr:postcode': '08027', 'addr:street': 'Via Locoe', 'amenity': 'post_office', 'atm': 'yes', 'brand': 'Poste Italiane', 'brand:wikidata': 'Q495026', 'brand:wikipedia': 'en:Poste italiane', 'name': 'Ufficio Postale di Orgosolo', 'opening_hours': 'Mo-Fr 08:20-13:35; Sa 08:20-12:35;PH off', 'operator': 'Poste Italiane', 'operator:wikidata': 'Q495026', 'phone': '+39 0784 402130', 'ref': '80158'}",1772703317,node
40.2055473,9.3515809,"{'amenity': 'pharmacy', 'check_date': '2024-09-08', 'dispensing': 'no', 'healthcare': 'pharmacy', 'name': 'Parafarmacia Bonaglini'}",1772703318,node
40.2051509,9.3514656,"{'amenity': 'bank', 'brand': 'Banco di Sardegna', 'brand:wikidata': 'Q806205', 'name': 'Banco di Sardegna', 'name:it': 'Banco di Sardegna'}",1772703321,node
40.2033462,9.3541135,"{'amenity': 'pharmacy', 'check_date': '2024-09-08', 'dispensing': 'yes', 'healthcare': 'pharmacy', 'name': 'Farmacia Pinna', 'ref:msal': '16011', 'ref:vatin': 'IT00215360918', 'source': 'Ministero della Salute'}",1772703324,node
40.2713299,9.4050997,"{'amenity': 'pharmacy', 'check_date': '2024-09-10', 'dispensing': 'yes', 'healthcare': 'pharmacy', 'name': 'Farmacia Puligheddu', 'ref:msal': '16006', 'ref:vatin': 'IT01608950919', 'source': 'Ministero della Salute'}",1777479488,node
40.2728367,9.4018299,"{'amenity': 'pharmacy', 'dispensing': 'yes', 'healthcare': 'pharmacy', 'name': 'Farmacia Costantini', 'ref:msal': '16026', 'ref:vatin': 'IT01482880919', 'source': 'Ministero della Salute'}",1777479490,node
40.2937061,9.5875158,"{'amenity': 'pharmacy', 'dispensing': 'yes', 'healthcare': 'pharmacy', 'name': 'Farmacia Mura', 'ref:msal': '16020', 'ref:vatin': 'IT03606030926', 'source': 'Ministero della Salute'}",1777481043,node
38.96796,8.7734825,"{'amenity': 'bank', 'brand': 'Banco di Sardegna', 'brand:wikidata': 'Q806205', 'name': 'Banco di Sardegna', 'operator': 'Banco di Sardegna', 'operator:wikidata': 'Q806205'}",1787435844,node
39.9887332,9.685766,"{'amenity': 'pharmacy', 'check_date': '2024-10-01', 'dispensing': 'yes', 'healthcare': 'pharmacy', 'name': 'Farmacia Corrias', 'ref:msal': '16068', 'ref:vatin': 'IT01223610914', 'source': 'Ministero della Salute'}",1795307000,node
38.9423755,8.8607062,"{'addr:housenumber': '18c', 'addr:street': 'Via Alcide De Gasperi', 'amenity': 'pharmacy', 'dispensing': 'yes', 'healthcare': 'pharmacy', 'name': 'Farmacia Tronci', 'ref:msal': '16251', 'ref:vatin': 'IT00519250922', 'source': 'Ministero della Salute'}",1808229266,node
38.8964439,8.8686036,"{'amenity': 'pharmacy', 'healthcare': 'pharmacy'}",1813823363,node
39.3134882,8.5456994,"{'amenity': 'post_office', 'brand': 'Poste Italiane', 'brand:wikidata': 'Q495026', 'name': 'Ufficio Postale Iglesias 1', 'operator': 'Poste Italiane', 'operator:wikidata': 'Q495026', 'ref': '13315'}",1814065845,node
39.314024,8.534032,"{'amenity': 'post_office', 'brand': 'Poste Italiane', 'brand:wikidata': 'Q495026', 'name': 'Ufficio Postale Iglesias 2', 'operator': 'Poste Italiane', 'operator:wikidata': 'Q495026', 'ref': '13327'}",1814072550,node
39.9186528,8.6229918,"{'amenity': 'pharmacy', 'dispensing': 'yes', 'healthcare': 'pharmacy', 'name': 'Farmacia Cara Ruiu', 'ref:msal': '16105', 'ref:vatin': 'IT01223580950', 'source': 'Ministero della Salute'}",1830542810,node
39.9195795,8.6252777,"{'addr:city': 'Oristano', 'amenity': 'post_office', 'name': 'Ufficio postale'}",1830542811,node
39.0066955,9.0019157,"{'addr:city': 'Pula', 'addr:country': 'IT', 'addr:housenumber': '9', 'addr:postcode': '09010', 'addr:street': 'Viale Alfonso La Marmora', 'amenity': 'bank', 'atm': 'yes', 'brand': 'Banco di Sardegna', 'brand:wikidata': 'Q806205', 'brand:wikipedia': 'en:Banco di Sardegna', 'name': 'Banco di Sardegna', 'operator': 'Banco di Sardegna'}",1838713304,node
39.2518759,9.1641091,"{'amenity': 'pharmacy', 'dispensing': 'yes', 'healthcare': 'pharmacy', 'name': 'Farmacia Santa Rita', 'ref:msal': '18533', 'ref:vatin': 'IT03679970925', 'source': 'Ministero della Salute'}",1852064779,node
40.2963124,8.4989868,"{'amenity': 'bank', 'atm': 'yes', 'brand': 'UniCredit Bank', 'brand:wikidata': 'Q45568', 'brand:wikipedia': 'en:UniCredit', 'check_date': '2024-09-12', 'name': 'UniCredit Bank', 'operator': 'Unicredit'}",1884421165,node
39.2189072,9.288449,"{'addr:city': ""Flumini di Quartu Sant'Elena"", 'addr:housenumber': '244', 'addr:postcode': '09045', 'addr:street': 'Viale Leonardo da Vinci', 'amenity': 'post_office', 'brand': 'Poste Italiane', 'brand:wikidata': 'Q495026', 'internet_access': 'wlan', 'name': 'Ufficio Postale di Flumini', 'operator': 'Poste Italiane', 'operator:wikidata': 'Q495026', 'operator:wikipedia': 'en:Poste italiane', 'ref': '13324'}",1895038088,node
39.347022,9.1820764,"{'amenity': 'bank', 'atm': 'yes', 'name': 'Banco di Sardegna', 'wheelchair': 'no'}",1930708968,node
39.3456193,9.1802651,"{'amenity': 'pharmacy', 'dispensing': 'yes', 'healthcare': 'pharmacy', 'name': 'Farmacia Mura', 'ref:msal': '16324', 'ref:vatin': 'IT01925250928', 'source': 'Ministero della Salute', 'wheelchair': 'yes'}",1930711836,node
40.0113795,9.2288018,"{'amenity': 'post_office', 'brand': 'Poste Italiane', 'brand:wikidata': 'Q495026', 'name': 'Ufficio Postale di Desulo', 'opening_hours': 'Mo-Fr 08:20-13:35; Sa 08:20-12:35;PH off', 'operator': 'Poste Italiane', 'operator:wikidata': 'Q495026', 'ref': '80119'}",1946738001,node
39.9599459,9.1839493,"{'amenity': 'pharmacy', 'dispensing': 'yes', 'healthcare': 'pharmacy', 'name': 'Farmacia Pilloni', 'ref:msal': '15964', 'ref:vatin': 'IT00510760911', 'source': 'Ministero della Salute'}",1946772484,node
40.0156992,9.2322306,"{'amenity': 'pharmacy', 'dispensing': 'yes', 'healthcare': 'pharmacy', 'name': 'Farmacia Frau', 'ref:msal': '15969', 'ref:vatin': 'IT00745890913', 'source': 'Ministero della Salute'}",1946775020,node
40.5641791,8.4605645,"{'addr:city': 'Putifigari', 'addr:housenumber': '30', 'addr:postcode': '07040', 'addr:street': 'Via della Chiesa', 'amenity': 'school', 'name': 'Scuola Elementare'}",1966455918,node
41.1812025,9.3818648,"{'amenity': 'post_office', 'operator': 'Poste Italiane', 'operator:wikidata': 'Q495026'}",1969048268,node
40.6639656,8.5424442,"{'amenity': 'pharmacy', 'dispensing': 'yes', 'healthcare': 'pharmacy', 'name': 'Farmacia Baravaglia', 'ref:msal': '15840', 'ref:vatin': 'IT00881860902', 'source': 'Ministero della Salute'}",1972422850,node
40.6631905,8.5411246,"{'addr:street': ""Via Eleonora D'Arborea"", 'amenity': 'post_office', 'atm': 'yes', 'brand': 'Poste Italiane', 'brand:wikidata': 'Q495026', 'name': 'Ufficio Postale di Usini', 'opening_hours': 'Mo-Fr 08:20-13:45; PH off', 'operator': 'Poste Italiane', 'operator:wikidata': 'Q495026', 'ref': '58103', 'source': 'https://www.unionesarda.it/news-sardegna/oristano-provincia/usini-operativo-il-servizio-postamat-h24-bhvd5vjr'}",1972422901,node
40.6647652,8.5380776,"{'amenity': 'bank', 'brand': 'Banco di Sardegna', 'brand:wikidata': 'Q806205', 'name': 'Banco di Sardegna'}",1972436769,node
40.7976047,8.5765023,"{'amenity': 'pharmacy', 'dispensing': 'yes', 'email': 'info@farmaciesircana.it', 'healthcare': 'pharmacy', 'name': 'Farmacia Sircana', 'opening_hours': 'Mo-Su 09:00-13:00,16:30-20:00', 'phone': '+39 079 350102', 'ref:msal': '15830', 'ref:vatin': 'IT02466060908', 'source': 'Ministero della Salute', 'website': 'www.farmaciesircana.it'}",1973677377,node
40.7993059,8.5752425,"{'amenity': 'pharmacy', 'dispensing': 'yes', 'healthcare': 'pharmacy', 'name': 'Farmacia Dessole', 'ref:msal': '15878', 'ref:vatin': 'IT00268760907', 'source': 'Ministero della Salute'}",1973677660,node
40.7968571,8.5733582,"{'amenity': 'post_office', 'brand': 'Poste Italiane', 'brand:wikidata': 'Q495026', 'name': 'Ufficio Postale di Sorso', 'opening_hours': 'Mo-Fr 08:20-13:45; Sa 08:20-13:45; PH off', 'operator': 'Poste Italiane', 'operator:wikidata': 'Q495026', 'ref': '58094'}",1973680083,node
40.7993304,8.5802279,"{'amenity': 'bank', 'atm': 'yes', 'brand': 'Banco di Sardegna', 'brand:wikidata': 'Q806205', 'name': 'Banco di Sardegna', 'operator': 'Banco di Sardegna', 'operator:wikidata': 'Q806205'}",1978497869,node
41.0462563,9.4680749,"{'amenity': 'bank', 'brand': 'Banco di Sardegna', 'brand:wikidata': 'Q806205', 'name': 'Banco di Sardegna', 'operator': 'Banco di Sardegna'}",1984199566,node
39.2843509,9.229053,"{'amenity': 'pharmacy', 'dispensing': 'yes', 'healthcare': 'pharmacy', 'name': 'Farmacia Bianchini Dottor Marco', 'ref:msal': '16312', 'ref:vatin': 'IT03424830929', 'source': 'Ministero della Salute'}",1985382313,node
39.2837992,9.2287555,"{'amenity': 'post_office', 'brand': 'Poste Italiane', 'brand:wikidata': 'Q495026', 'name': 'ufficio Postale di Maracalagonis', 'opening_hours': 'Mo-Fr 08:20-13:35; Sa 08:20-12:35;PH off', 'operator': 'Poste Italiane', 'operator:wikidata': 'Q495026', 'ref': '13210'}",1985469126,node
39.2841945,9.2284951,"{'amenity': 'bank', 'brand': 'Banco di Sardegna', 'brand:wikidata': 'Q806205', 'brand:wikipedia': 'en:Banco di Sardegna', 'name': 'Banco di Sardegna', 'operator': 'Banco di Sardegna', 'operator:wikidata': 'Q806205'}",1986474042,node
39.2158244,9.1299349,"{'amenity': 'bank', 'atm': 'yes', 'brand': 'BPER Banca', 'brand:wikidata': 'Q806167', 'name': 'BPER Banca', 'official_name': ""Banca Popolare dell'Emilia Romagna""}",1996957657,node
39.21993,9.1232263,"{'amenity': 'bank', 'atm': 'yes', 'name': 'Banca di Credito Sardo'}",1996959280,node
39.2244598,9.1289421,"{'amenity': 'post_office', 'brand': 'Poste Italiane', 'brand:wikidata': 'Q495026', 'name': 'Ufficio Postale Cagliari 10', 'operator': 'Poste Italiane', 'operator:wikidata': 'Q495026', 'ref': '13313', 'wheelchair': 'yes'}",1996960044,node
39.4220085,9.5756165,"{'addr:city': 'Muravera', 'addr:housenumber': '24', 'addr:postcode': '09043', 'addr:street': 'Via Europa', 'amenity': 'post_office', 'atm': 'yes', 'brand': 'Poste Italiane', 'brand:wikidata': 'Q495026', 'name': 'Ufficio Postale di Muravera', 'opening_hours': 'Mo-Fr 08:20-13:35; Sa 08:20-12:35;PH off', 'operator': 'Poste Italiane', 'operator:wikidata': 'Q495026', 'phone': '+39 070 9931152', 'ref': '13087', 'source': 'https://ilsarrabus.news/muravera-attesa-finita-operativo-il-nuovo-postamat-nellufficio-postale-del-paese/'}",1998949691,node
39.301667,8.6688916,"{'addr:housenumber': '3', 'addr:postcode': '09010', 'addr:street': 'Via Vittorio Emanuele III', 'amenity': 'post_office', 'brand': 'Poste Italiane', 'brand:wikidata': 'Q495026', 'name': 'Ufficio Postale di Musei', 'opening_hours': 'Mo-Fr 08:20-13:35; Sa 08:20-12:35;PH off', 'operator': 'Poste Italiane', 'operator:wikidata': 'Q495026', 'ref': '13309'}",2013598667,node
39.3014362,8.6700135,"{'addr:housename': 'Banco di Sardegna', 'addr:housenumber': '3', 'addr:postcode': '09010', 'amenity': 'bank', 'atm': 'no', 'name': 'Banco di Sardegna', 'ref': '+39 0781 70662'}",2013613191,node
39.3024593,8.6668808,"{'addr:city': 'Musei', 'addr:housename': 'Farmacia Diana Dr.Paolo', 'addr:housenumber': '19', 'addr:postcode': '09010', 'addr:street': 'Via Enrico Fermi', 'amenity': 'pharmacy', 'dispensing': 'yes', 'healthcare': 'pharmacy', 'name': 'Farmacia Diana Dr. Paolo', 'operator': 'Diana Paolo', 'phone': '+39 0781 71822', 'ref:msal': '16199', 'ref:vatin': 'IT02255050920', 'source': 'Ministero della Salute'}",2013680955,node
39.313258,8.5346321,"{'amenity': 'pharmacy', 'dispensing': 'no'}",2023440138,node
39.4931083,8.9755582,"{'amenity': 'post_office', 'atm': 'yes', 'brand': 'Poste Italiane', 'brand:wikidata': 'Q495026', 'name': 'Serrenti', 'operator': 'Poste Italiane', 'operator:wikidata': 'Q495026', 'ref': '13142'}",2028070882,node
39.4929491,8.9766868,"{'amenity': 'pharmacy', 'dispensing': 'yes', 'healthcare': 'pharmacy', 'level': '0', 'name': 'Farmacia Corda Serrenti', 'opening_hours': 'Mo-Sa 08:30-12:30,16:20-19:30', 'ref:msal': '16175', 'ref:vatin': 'IT03073410924', 'source': 'Ministero della Salute', 'wheelchair': 'yes'}",2028079745,node
39.493273,8.9737079,"{'amenity': 'bank', 'atm': 'yes', 'brand': 'Banco di Sardegna', 'brand:wikidata': 'Q806205', 'name': 'Banco di Sardegna', 'operator': 'Banco di Sardegna'}",2030495003,node
40.0828023,8.7633788,"{'amenity': 'bank', 'brand': 'Banco di Sardegna', 'brand:wikidata': 'Q806205', 'name': 'Banco di Sardegna', 'operator': 'Banco di Sardegna', 'operator:wikidata': 'Q806205'}",2031543313,node
39.717877,8.6327043,"{'addr:city': 'Terralba', 'addr:housenumber': '31', 'addr:postcode': '09098', 'addr:street': 'Via Neapolis', 'amenity': 'pharmacy', 'healthcare': 'pharmacy', 'name': 'FarmaShop Parafarmacia', 'operator': 'Dott.ssa Trogu'}",2043072219,node
39.7527039,8.6405927,"{'amenity': 'bank', 'atm': 'yes', 'brand': 'Banco di Sardegna', 'brand:wikidata': 'Q806205', 'name': 'Banco di Sardegna', 'operator': 'Banco di Sardegna', 'operator:wikidata': 'Q806205'}",2048507513,node
39.7509391,8.6393524,"{'addr:city': 'Marrubiu', 'addr:street': 'Via Napoli', 'amenity': 'pharmacy', 'dispensing': 'yes', 'name': 'Farmacia Picciau', 'ref:msal': '16116', 'ref:vatin': 'IT01244180954', 'source': 'Ministero della Salute'}",2048537374,node
40.385929,8.9907461,"{'amenity': 'post_office', 'brand': 'Poste Italiane', 'brand:wikidata': 'Q495026', 'name': 'Poste', 'operator': 'Poste Italiane', 'operator:wikidata': 'Q495026', 'source': 'Federica Curreli'}",2052064219,node
40.3865009,8.9921381,"{'amenity': 'pharmacy', 'dispensing': 'yes'}",2052071390,node
40.8498053,8.8180073,"{'amenity': 'bank', 'brand': 'Banco di Sardegna', 'brand:wikidata': 'Q806205', 'name': 'Banco di Sardegna', 'operator': 'Banco di Sardegna', 'operator:wikidata': 'Q806205'}",2053172588,node
39.6848062,8.6466501,"{'addr:city': ""San Nicolò d'Arcidano"", 'addr:postcode': '09097', 'addr:street': 'Via Cagliari', 'amenity': 'pharmacy', 'dispensing': 'yes', 'healthcare': 'pharmacy', 'name': 'Farmacia Pedrazzini Dott.. Andrea', 'ref:msal': '16124', 'ref:vatin': 'IT01259710950', 'source': 'Ministero della Salute'}",2054767538,node
40.2827776,8.8353604,"{'amenity': 'bank', 'name': 'Banco di Sardegna'}",2055809180,node
40.2833485,8.8357011,"{'amenity': 'pharmacy', 'dispensing': 'yes', 'healthcare': 'pharmacy', 'name': 'Farmacia Bianchi', 'ref:msal': '15992', 'ref:vatin': 'IT00584410914', 'source': 'Ministero della Salute'}",2055809438,node
40.282573,8.8346309,"{'amenity': 'post_office', 'brand': 'Poste Italiane', 'brand:wikidata': 'Q495026', 'name': 'Ufficio Postale di Bortigali', 'opening_hours': 'Mo-Fr 08:20-13:35; Sa 08:20-12:35;PH off', 'operator': 'Poste Italiane', 'operator:wikidata': 'Q495026', 'ref': '80116'}",2055816345,node
40.7886223,8.5934324,"{'amenity': 'pharmacy', 'dispensing': 'yes', 'healthcare': 'pharmacy', 'name': 'Farmacia Dalmazia', 'ref:msal': '15877', 'ref:vatin': 'IT03788240921', 'source': 'Ministero della Salute'}",2060590165,node
40.7863535,9.163033,"{'amenity': 'bank', 'atm': 'yes', 'brand': 'Banco di Sardegna', 'brand:wikidata': 'Q806205', 'brand:wikipedia': 'en:Banco di Sardegna', 'name': 'Banco di Sardegna'}",2063182131,node
40.416303,9.0302034,"{'addr:housenumber': '3', 'addr:street': 'Via Vincenzo Gioberti', 'amenity': 'bank', 'brand': 'Banco di Sardegna', 'brand:wikidata': 'Q806205', 'brand:wikipedia': 'en:Banco di Sardegna', 'name': 'Banco di Sardegna', 'opening_hours': 'Mo-Th 08:30-13:00,14:45-16:25; Fr 08:30-13:00,14:45-15:55'}",2063254828,node
40.7246019,8.576602,"{'amenity': 'bank', 'brand': 'Banco di Sardegna', 'brand:wikidata': 'Q806205', 'name': 'Banco di Sardegna'}",2063358873,node
40.7256707,8.5723034,"{'amenity': 'post_office', 'brand': 'Poste Italiane', 'brand:wikidata': 'Q495026', 'name': 'Ufficio Postale Sassari 5', 'opening_hours': 'Mo-Fr 08:20-13:35; Sa 08:20-12:35;PH off', 'operator': 'Poste Italiane', 'operator:wikidata': 'Q495026', 'ref': '58151'}",2063359239,node
40.7466378,8.5521945,"{'amenity': 'post_office', 'brand': 'Poste Italiane', 'brand:wikidata': 'Q495026', 'name': 'Ufficio Postale Sassari 7', 'opening_hours': 'Mo-Fr 08:20-13:35; Sa 08:20-12:35;PH off', 'operator': 'Poste Italiane', 'operator:wikidata': 'Q495026', 'ref': '58160'}",2063473545,node
39.684655,8.6464087,"{'addr:city': ""San Nicolò d'Arcidano"", 'addr:housename': 'Banco di Sardegna', 'addr:housenumber': '22', 'addr:postcode': '09097', 'addr:street': 'Via Cagliari', 'amenity': 'bank', 'atm': 'yes', 'brand': 'Banco di Sardegna', 'brand:wikidata': 'Q806205', 'brand:wikipedia': 'en:Banco di Sardegna', 'name': 'Banco di Sardegna'}",2071648539,node
39.7195481,8.6355029,"{'addr:city': 'Terralba', 'addr:country': 'IT', 'addr:housename': 'Farmacia', 'addr:housenumber': '39', 'addr:postcode': '09098', 'addr:street': 'Via Felice Porcella', 'amenity': 'pharmacy', 'dispensing': 'yes', 'healthcare': 'pharmacy', 'name': 'Farmacia Dott. Annis', 'ref:msal': '16129', 'ref:vatin': 'IT01025750959', 'source': 'Ministero della Salute', 'wheelchair': 'yes'}",2072413551,node
39.7229345,8.6355526,"{'addr:city': 'Terralba', 'addr:housename': 'New Pharm - Parafarmacia', 'addr:housenumber': '23', 'addr:postcode': '09098', 'addr:street': 'Via Marceddì', 'amenity': 'pharmacy', 'dispensing': 'no', 'healthcare': 'pharmacy', 'name': 'New Pharm'}",2072415011,node
39.7166096,8.6450444,"{'addr:city': 'Terralba', 'addr:country': 'IT', 'addr:housename': 'Scuola materna statale', 'addr:housenumber': '239', 'addr:postcode': '09098', 'addr:street': 'Via Roma', 'amenity': 'school', 'name': 'Scuola materna statale'}",2073878983,node
39.7197324,8.6372798,"{'addr:city': 'Terralba', 'addr:country': 'IT', 'addr:housenumber': '25', 'addr:postcode': '09098', 'addr:province': 'OR', 'addr:street': 'Via Roma', 'amenity': 'pharmacy', 'dispensing': 'yes', 'healthcare': 'pharmacy', 'name': 'Farmacia Lanicca', 'ref:msal': '16112', 'ref:vatin': 'IT00627020951', 'source': 'Ministero della Salute', 'wheelchair': 'yes'}",2092286916,node
39.6580098,9.129895,"{'amenity': 'bank', 'atm': 'yes', 'brand': 'Banco di Sardegna', 'brand:wikidata': 'Q806205', 'name': 'Banco di Sardegna', 'operator': 'Banco di Sardegna', 'operator:wikidata': 'Q806205'}",2093785558,node
39.7737915,8.5824876,"{'addr:city': 'Arborea', 'addr:housenumber': '52', 'addr:postcode': '09092', 'addr:street': 'Corso Roma', 'amenity': 'pharmacy', 'dispensing': 'yes', 'healthcare': 'pharmacy', 'name': 'Farmacia Deiana', 'ref:msal': '16074', 'ref:vatin': 'IT01233670957', 'source': 'Ministero della Salute'}",2093867229,node
39.7214889,8.6375237,"{'amenity': 'bank', 'atm': 'yes', 'brand': 'Banco di Sardegna', 'brand:wikidata': 'Q806205', 'brand:wikipedia': 'en:Banco di Sardegna', 'name': 'Banco di Sardegna'}",2095053529,node
39.4251136,8.919362,"{'addr:housenumber': '2', 'addr:street': 'Via Roma', 'amenity': 'pharmacy', 'dispensing': 'yes'}",2110400518,node
39.4221919,8.9219634,"{'addr:housenumber': '85', 'addr:street': 'Via Roma', 'amenity': 'pharmacy', 'dispensing': 'yes'}",2110459804,node
40.0380037,9.6409592,"{'amenity': 'post_office', 'brand': 'Poste Italiane', 'brand:wikidata': 'Q495026', 'name': 'Ufficio Postale di Triei', 'opening_hours': 'Mo,We,Fr 08:20-13:45; PH off', 'operator': 'Poste Italiane', 'operator:wikidata': 'Q495026', 'ref': '80190'}",2113805854,node
40.0380911,9.6410741,"{'amenity': 'pharmacy', 'dispensing': 'yes', 'healthcare': 'pharmacy', 'name': 'Farmacia Corrias', 'ref:msal': '16056', 'ref:vatin': 'IT01223610914', 'source': 'Ministero della Salute'}",2113805880,node
40.722096,8.5551566,"{'amenity': 'pharmacy', 'healthcare': 'pharmacy'}",2131075437,node
40.8492185,8.8188899,"{'amenity': 'pharmacy', 'dispensing': 'yes'}",2135017281,node
39.1611171,8.6130636,"{'amenity': 'pharmacy', 'dispensing': 'yes', 'healthcare': 'pharmacy', 'name': 'Farmacia Pusceddu', 'ref:msal': '16225', 'ref:vatin': 'IT03171310927', 'source': 'Ministero della Salute'}",2162926177,node
39.1616445,8.6125256,"{'amenity': 'post_office', 'brand': 'Poste Italiane', 'brand:wikidata': 'Q495026', 'name': 'Poste Italiane', 'opening_hours': 'Mo-Fr 08:20-13:35; Sa 08:20-12:35;PH off', 'operator': 'Poste Italiane', 'operator:wikidata': 'Q495026', 'ref': '13299'}",2162928738,node
39.1604766,8.6130314,{'amenity': 'bank'},2162933278,node
39.3214501,8.6516574,"{'addr:city': 'Domusnovas', 'addr:housenumber': '118', 'addr:postcode': '09015', 'addr:street': 'Via Cagliari', 'amenity': 'post_office', 'brand': 'Poste Italiane', 'brand:wikidata': 'Q495026', 'brand:wikipedia': 'en:Poste italiane', 'name': 'Ufficio Postale Domusnovas', 'opening_hours': 'Mo-Fr 08:20-13:35; Sa 08:20-12:35;PH off', 'operator': 'Poste Italiane', 'operator:wikidata': 'Q495026', 'ref': '13043'}",2173346975,node
40.6506705,8.6645874,"{'addr:city': 'Florinas', 'addr:postcode': '07030', 'addr:street': 'Via Alcide De Gasperi', 'amenity': 'post_office', 'brand': 'Poste Italiane', 'brand:wikidata': 'Q495026', 'name': 'Ufficio Postale di FLorinas', 'opening_hours': 'Mo-Fr 08:20-13:45; PH off', 'operator': 'Poste Italiane', 'operator:wikidata': 'Q495026', 'ref': '58030'}",2175608191,node
39.2392544,9.1790958,"{'amenity': 'pharmacy', 'name': 'Farmacia Mascaro', 'wheelchair': 'yes'}",2176977530,node
40.6500697,8.6654741,"{'amenity': 'pharmacy', 'dispensing': 'yes', 'healthcare': 'pharmacy', 'name': 'Farmacia Ladu', 'ref:msal': '15817', 'ref:vatin': 'IT00276890902', 'source': 'Ministero della Salute'}",2177665813,node
40.6500412,8.6660024,"{'amenity': 'bank', 'brand': 'Banco di Sardegna', 'brand:wikidata': 'Q806205', 'name': 'Banco di Sardegna'}",2177667380,node
40.9012865,9.1017142,"{'addr:city': 'Tempio Pausania', 'addr:housenumber': '1', 'addr:postcode': '07029', 'addr:street': 'Largo Alcide De Gasperi', 'amenity': 'post_office', 'brand': 'Poste Italiane', 'brand:wikidata': 'Q495026', 'operator': 'Poste Italiane', 'operator:wikidata': 'Q495026'}",2180059842,node
40.7438652,8.6723404,"{'addr:city': 'Osilo', 'addr:housenumber': '8', 'addr:postcode': '07033', 'addr:street': 'Piazza Brundanu', 'amenity': 'pharmacy', 'dispensing': 'yes', 'healthcare': 'pharmacy'}",2197872324,node
40.7418879,8.6750199,"{'addr:city': 'Osilo', 'addr:housenumber': '37', 'addr:postcode': '07033', 'addr:street': 'Via Roma', 'amenity': 'post_office', 'atm': 'yes', 'brand': 'Poste Italiane', 'brand:wikidata': 'Q495026', 'brand:wikipedia': 'en:Poste italiane', 'name': 'Poste Italiane', 'opening_hours': 'Mo-Fr 08:20-13:35, Sa 08:20-12:35; Su, PH off', 'operator': 'Poste Italiane', 'operator:wikidata': 'Q495026', 'operator:wikipedia': 'en:Poste italiane'}",2197886737,node
40.7420261,8.673306,"{'addr:city': 'Osilo', 'addr:housenumber': '44', 'addr:postcode': '07033', 'addr:street': 'Via Roma', 'amenity': 'bank', 'name': 'Banco di Sassari'}",2198017409,node
39.419699,8.9229786,{'amenity': 'school'},2219334690,node
40.2926207,9.5877625,"{'amenity': 'post_office', 'name': 'La Nuova Posta'}",2247862961,node
40.7484765,8.5160588,"{'amenity': 'pharmacy', 'dispensing': 'yes', 'healthcare': 'pharmacy', 'name': 'Farmacia Campesi', 'ref:msal': '15828', 'ref:vatin': 'IT02094220908', 'source': 'Ministero della Salute'}",2258031682,node
40.7485902,8.5218672,"{'amenity': 'post_office', 'name': 'Poste Italiane', 'operator': 'Poste Italiane', 'operator:wikidata': 'Q495026'}",2260902216,node
40.9337791,9.4987775,"{'addr:street': 'Viale Aldo Moro', 'amenity': 'post_office', 'brand': 'Poste Italiane', 'brand:wikidata': 'Q495026', 'name': 'Ufficio Postale Olbia 1', 'opening_hours': 'Mo-Fr 08:20-13:35; Sa 08:20-12:35;PH off', 'operator': 'Poste Italiane', 'operator:wikidata': 'Q495026', 'ref': '58153'}",2260915793,node
40.6277468,9.6776962,"{'amenity': 'pharmacy', 'dispensing': 'yes', 'healthcare': 'pharmacy', 'name': 'Farmacia Floris', 'ref:msal': '16042', 'ref:vatin': 'IT00878710912', 'source': 'Ministero della Salute'}",2267562243,node
40.7185332,8.5651803,"{'amenity': 'bank', 'atm': 'yes', 'brand': 'Banco di Sardegna', 'brand:wikidata': 'Q806205', 'name': 'Banco di Sardegna'}",2267769329,node
40.7257063,8.5630313,"{'amenity': 'bank', 'atm': 'yes', 'brand': 'Banco di Sardegna', 'brand:wikidata': 'Q806205', 'name': 'Banco di Sardegna'}",2268149235,node
40.7279783,8.5540314,"{'amenity': 'post_office', 'brand': 'Poste Italiane', 'brand:wikidata': 'Q495026', 'name': 'Ufficio Postale Sassari 1', 'opening_hours': 'Mo-Fr 08:20-13:35; Sa 08:20-12:35;PH off', 'operator': 'Poste Italiane', 'operator:wikidata': 'Q495026', 'ref': '58001'}",2268163156,node
40.7255327,8.5622534,"{'amenity': 'post_office', 'brand': 'Poste Italiane', 'brand:wikidata': 'Q495026', 'name': 'Ufficio Postale Sassari Centro', 'opening_hours': 'Mo-Fr 08:20-13:35; Sa 08:20-19:05;PH off', 'operator': 'Poste Italiane', 'operator:wikidata': 'Q495026', 'ref': '58001'}",2273948860,node
40.7200251,8.5693127,"{'amenity': 'bank', 'atm': 'yes', 'brand': 'Banco Desio', 'brand:wikidata': 'Q3633825', 'name': 'Banco Desio'}",2274970294,node
40.7201806,8.5691893,"{'amenity': 'bank', 'atm': 'yes', 'name': 'Banca di Sassari'}",2274971289,node
40.7196653,8.569939,"{'amenity': 'bank', 'atm': 'yes', 'name': 'Findomestic Banca'}",2274972833,node
40.7226644,8.560758,"{'amenity': 'bank', 'name': 'Sede centrale Banca di Sassari'}",2278867971,node
40.7226644,8.5598434,"{'amenity': 'bank', 'atm': 'yes', 'name': 'Banca di Sassari'}",2278868217,node
40.7261758,8.562322,"{'amenity': 'bank', 'atm': 'yes', 'name': 'Banca di Sassari'}",2278905843,node
40.7276597,8.5610184,"{'amenity': 'bank', 'atm': 'yes', 'brand': 'UniCredit Bank', 'brand:wikidata': 'Q45568', 'name': 'UniCredit Bank'}",2278912260,node
40.7261288,8.5652022,"{'amenity': 'bank', 'name': 'Sede Centrale del Banco di Sardegna'}",2280192462,node
40.7265536,8.5533753,"{'amenity': 'bank', 'atm': 'yes', 'brand': 'Banco di Sardegna', 'brand:wikidata': 'Q806205', 'name': 'Banco di Sardegna'}",2282583242,node
39.6980626,9.5766629,"{'amenity': 'bank', 'atm': 'yes', 'brand': 'Banco di Sardegna', 'brand:wikidata': 'Q806205', 'brand:wikipedia': 'en:Banco di Sardegna', 'name': 'Banco di Sardegna'}",2298717909,node
39.6985493,9.5772486,"{'amenity': 'post_office', 'brand': 'Poste Italiane', 'brand:wikidata': 'Q495026', 'name': 'Ufficio Postale di Tertenia', 'opening_hours': 'Mo-Fr 08:20-13:45; Sa 08:20-12:45; PH off', 'operator': 'Poste Italiane', 'operator:wikidata': 'Q495026', 'ref': '80183'}",2298718778,node
40.1889014,8.5674777,"{'amenity': 'bank', 'atm': 'yes', 'brand': 'Banco di Sardegna', 'brand:wikidata': 'Q806205', 'name': 'Banco di Sardegna', 'operator': 'Banco di Sardegna', 'operator:wikidata': 'Q806205'}",2306435224,node
40.1898436,8.5678632,"{'amenity': 'pharmacy', 'dispensing': 'yes', 'healthcare': 'pharmacy', 'name': 'Antica Farmacia', 'ref:msal': '16082', 'ref:vatin': 'IT01225090958', 'source': 'Ministero della Salute'}",2306435344,node
39.2538727,9.0604093,"{'amenity': 'pharmacy', 'dispensing': 'no', 'healthcare': 'pharmacy', 'level': '1', 'name': 'Parafarmacia Fly Dottoressa Claudia Rizzo', 'opening_hours': 'Mo-Su 08:00-20:00', 'wheelchair': 'yes'}",2310429932,node
39.2185023,9.1132184,"{'amenity': 'post_office', 'brand': 'Poste Italiane', 'brand:wikidata': 'Q495026', 'brand:wikipedia': 'en:Poste italiane', 'name': 'Ufficio Postale Cagliari 1', 'operator': 'Poste Italiane', 'operator:wikidata': 'Q495026', 'ref': '13030', 'wheelchair': 'no'}",2332029226,node
40.5844853,9.002546,"{'addr:city': 'Otieri/Ozieri', 'addr:housenumber': '1', 'addr:postcode': '07014', 'addr:street': 'Piazza Carlo Alberto', 'amenity': 'pharmacy', 'dispensing': 'yes', 'healthcare': 'pharmacy', 'name': 'Farmacia Saba Dr. Maria Antonietta', 'opening_hours': 'Mo-Sa 09:00-13:00,16:30-20:00', 'operator': 'Saba Maria Antonietta', 'phone': '+39 079 787049', 'ref:msal': '15844', 'ref:vatin': 'IT02723550907', 'source': 'Ministero della Salute', 'start_date': '2019-01-01'}",2338728319,node
40.72493,8.5632995,"{'addr:city': 'Sassari', 'addr:housenumber': '19', 'addr:postcode': '07100', 'addr:street': ""Piazza d'Italia"", 'amenity': 'bank', 'atm': 'yes', 'brand': 'Intesa Sanpaolo', 'brand:wikidata': 'Q1343118', 'name': 'Intesa Sanpaolo'}",2346209577,node
40.900992,9.5471151,"{'amenity': 'hospital', 'construction': 'hospital', 'healthcare': 'hospital', 'name': 'Ospedale Mater Olbia', 'wikidata': 'Q94641366'}",2357022152,node
40.2889174,9.589758,"{'amenity': 'pharmacy', 'dispensing': 'no', 'name': 'Parafarmacia Salute e Benessere'}",2362807763,node
40.2926575,9.588315,"{'amenity': 'pharmacy', 'dispensing': 'no', 'name': 'Parafarmacia Officina della Salute'}",2363435625,node
39.2401044,9.2147895,{'amenity': 'school'},2367575702,node
40.2728074,9.4034089,"{'amenity': 'post_office', 'brand': 'Poste Italiane', 'brand:wikidata': 'Q495026', 'name': 'Ufficio Postale di Oliena', 'opening_hours': 'Mo-Fr 08:20-13:45; Sa 08:20-12:45; PH off', 'operator': 'Poste Italiane', 'operator:wikidata': 'Q495026', 'ref': '80152'}",2379373000,node
40.7151939,8.5751112,"{'amenity': 'post_office', 'brand': 'Poste Italiane', 'brand:wikidata': 'Q495026', 'name': 'Ufficio Postale Sassari 4', 'opening_hours': 'Mo-Fr 08:20-13:35; Sa 08:20-12:35;PH off', 'operator': 'Poste Italiane', 'operator:wikidata': 'Q495026', 'ref': '58149'}",2389010800,node
40.7283587,8.5588722,"{'amenity': 'bank', 'atm': 'yes', 'brand': 'Banco di Sardegna', 'brand:wikidata': 'Q806205', 'name': 'Banco di Sardegna'}",2403424822,node
40.7282348,8.5587784,"{'amenity': 'pharmacy', 'healthcare': 'pharmacy'}",2403425054,node
39.2040484,8.3803201,"{'amenity': 'pharmacy', 'dispensing': 'yes', 'healthcare': 'pharmacy', 'name': 'Farmacia Pusceddu', 'ref:msal': '16217', 'ref:vatin': 'IT03756360925', 'source': 'Ministero della Salute'}",2431398323,node
39.2031199,8.3824909,"{'amenity': 'bank', 'atm': 'yes', 'brand': 'Banco di Sardegna', 'brand:wikidata': 'Q806205', 'brand:wikipedia': 'en:Banco di Sardegna', 'cash_in': 'no', 'drive_through': 'no', 'name': 'Banco di Sardegna', 'operator': 'Banco di Sardegna', 'operator:wikidata': 'Q806205', 'operator:wikipedia': 'en:Banco di Sardegna'}",2431398337,node
39.2047422,8.3790126,"{'amenity': 'post_office', 'name': 'La Nuova Posta'}",2431398340,node
39.3113311,8.5331344,"{'amenity': 'bank', 'atm': 'yes', 'brand': 'BNL', 'brand:wikidata': 'Q2201225', 'name': 'BNL', 'official_name': 'Banca Nazionale del Lavoro'}",2431676166,node
39.3126241,8.5374112,"{'amenity': 'bank', 'atm': 'yes', 'brand': 'Banco di Sardegna', 'brand:wikidata': 'Q806205', 'name': 'Banco di Sardegna', 'operator': 'Banco di Sardegna', 'operator:wikidata': 'Q806205'}",2431676168,node
39.6854856,8.6473153,"{'addr:city': ""San Nicolò d'Arcidano"", 'addr:postcode': '09097', 'addr:street': 'Via Cagliari', 'amenity': 'post_office', 'brand': 'Poste Italiane', 'brand:wikidata': 'Q495026', 'name': ""Ufficio Postale di San Nicolò d'Arcidano"", 'opening_hours': 'Mo-Fr 08:20-13:45; Sa 08:20-12:45; PH off', 'operator': 'Poste Italiane', 'operator:wikidata': 'Q495026', 'operator:wikipedia': 'en:Poste italiane', 'ref': '72048'}",2446796137,node
39.7985609,9.514626,"{'amenity': 'clinic', 'name': 'Casa di Cura M. Tommassini', 'website': 'https://clinicatommasini.com/'}",2467968588,node
41.0003941,9.6225322,"{'addr:city': 'Golfo Aranci', 'addr:housenumber': '87', 'addr:postcode': '07020', 'addr:street': 'Via Libertà', 'amenity': 'pharmacy', 'drive_through': 'no', 'healthcare': 'pharmacy', 'name': 'Farmacia Golfo Aranci', 'phone': '+39 0789 46510'}",2480075785,node
40.9218798,9.5029812,"{'amenity': 'pharmacy', 'dispensing': 'yes', 'healthcare': 'pharmacy', 'name': 'Farmacia Dessolis', 'ref:msal': '15901', 'ref:vatin': 'IT02654140900', 'source': 'Ministero della Salute'}",2483308915,node
39.8710957,8.9459246,"{'amenity': 'post_office', 'brand': 'Poste Italiane', 'brand:wikidata': 'Q495026', 'name': 'Ufficio Postale di Asuni', 'opening_hours': 'Tu,Th 08:20-13:45; Sa 08:20-13:45; PH off', 'operator': 'Poste Italiane', 'operator:wikidata': 'Q495026', 'ref': '72085'}",2492814095,node
40.935564,9.498608,"{'addr:city': 'Olbia', 'addr:housenumber': '118', 'addr:street': 'Viale Aldo Moro', 'amenity': 'pharmacy', 'dispensing': 'yes', 'healthcare': 'pharmacy', 'name': 'Farmacia Casti', 'ref:msal': '17998', 'ref:vatin': 'IT02074470903', 'source': 'Ministero della Salute'}",2493543266,node
41.134931,9.537366,"{'amenity': 'post_office', 'atm': 'yes', 'name': 'Poste Italiane', 'seamark:building:function': 'post_office', 'seamark:type': 'building'}",2493651407,node
39.7755893,8.5834021,{'amenity': 'school'},2494871233,node
40.2822128,9.6359521,"{'amenity': 'pharmacy', 'healthcare': 'pharmacy'}",2502485595,node
39.219807,9.1045016,"{'addr:city': 'Cagliari', 'addr:housenumber': '71c', 'addr:street': 'Viale Trieste', 'amenity': 'pharmacy', 'dispensing': 'yes', 'healthcare': 'pharmacy', 'name': 'Farmacia Piga', 'opening_hours': 'PH,Mo-Su 08:00-21:00', 'ref:msal': '16268', 'ref:vatin': 'IT03754940926', 'source': 'Ministero della Salute', 'website': 'http://www.farmaciapigacagliari.com', 'wheelchair': 'yes'}",2508592020,node
40.1010895,8.9520301,"{'amenity': 'post_office', 'brand': 'Poste Italiane', 'brand:wikidata': 'Q495026', 'name': 'Ufficio Postale di Nughedu Santa Vittoria', 'opening_hours': 'Mo-Fr 08:20-13:35; Sa 08:20-12:35;PH off', 'operator': 'Poste Italiane', 'operator:wikidata': 'Q495026', 'ref': '72103'}",2513649418,node
40.2114595,9.2837162,"{'addr:city': 'Mamoiada', 'addr:housenumber': '19', 'addr:postcode': '08024', 'addr:street': 'Piazza Europa', 'amenity': 'post_office', 'atm': 'yes', 'brand': 'Poste Italiane', 'brand:wikidata': 'Q495026', 'fax': '+39 0784 56011', 'name': 'Ufficio Postale di Mamiada', 'opening_hours': 'Mo-Fr 08:20-13:35; Sa 08:20-12:35;PH off', 'operator': 'Poste Italiane', 'operator:wikidata': 'Q495026', 'phone': '+39 0784 56011', 'ref': '80144', 'website': 'https://www.poste.it'}",2516902047,node
40.2124983,9.2840484,"{'addr:city': 'Mamoiada', 'addr:housenumber': '3', 'addr:postcode': '08024', 'addr:street': 'Via Angioi', 'amenity': 'bank', 'atm': 'yes', 'brand': 'Banco di Sardegna', 'brand:wikidata': 'Q806205', 'fax': '+39 0784 56012', 'name': 'Banco di Sardegna', 'opening_hours': 'Mo-Fr 08:20-13:20', 'operator': 'Banco di Sardegna S.p.A.', 'phone': '+39 0784 56012', 'website': 'https://www.bancosardegna.it/'}",2517905350,node
39.9190592,9.5273208,"{'addr:city': 'Arzana', 'amenity': 'pharmacy', 'dispensing': 'yes', 'healthcare': 'pharmacy', 'name': 'Farmacia Curreli & Ladu', 'ref:msal': '16070', 'ref:vatin': 'IT01055230914', 'source': 'Ministero della Salute'}",2519809403,node
39.2166815,9.1086114,"{'addr:city': 'Cagliari', 'addr:housenumber': '25', 'addr:street': 'Piazza del Carmine', 'amenity': 'pharmacy', 'dispensing': 'yes', 'healthcare': 'pharmacy', 'name': 'Farmacia Schlich', 'phone': '+39 070 656650', 'ref:msal': '16241', 'ref:vatin': 'IT03697520926', 'source': 'Ministero della Salute', 'website': 'https://www.farmaciaschlich.it'}",2527965130,node
40.4859618,9.4425473,"{'amenity': 'post_office', 'brand': 'Poste Italiane', 'brand:wikidata': 'Q495026', 'name': 'Ufficio Postale di Onanì', 'opening_hours': 'Mo,We,Fr 08:20-13:45; PH off', 'operator': 'Poste Italiane', 'operator:wikidata': 'Q495026', 'ref': '80155'}",2544138066,node
40.4859954,9.442727,"{'amenity': 'pharmacy', 'dispensing': 'yes', 'healthcare': 'pharmacy', 'name': 'Antica Farmacia Delogu', 'ref:msal': '16018', 'ref:vatin': 'IT01676550914', 'source': 'Ministero della Salute'}",2544138068,node
39.6135336,8.8206253,"{'amenity': 'pharmacy', 'dispensing': 'yes', 'healthcare': 'pharmacy', 'name': 'Farmacia Scalas', 'ref:msal': '16141', 'ref:vatin': 'IT03575300920', 'source': 'Ministero della Salute'}",2568197916,node
39.7455527,8.7717843,"{'amenity': 'bank', 'atm': 'no', 'name': 'Banco di Sardegna'}",2578703509,node
39.7455445,8.7703993,"{'amenity': 'pharmacy', 'dispensing': 'yes', 'name': 'Farmacia Piredda', 'ref:msal': '16092', 'ref:vatin': 'IT00436430953', 'source': 'Ministero della Salute'}",2578703511,node
39.7459534,8.7709444,"{'amenity': 'post_office', 'brand': 'Poste Italiane', 'brand:wikidata': 'Q495026', 'operator': 'Poste Italiane', 'operator:wikidata': 'Q495026'}",2578703691,node
39.4434495,9.0116356,"{'amenity': 'bank', 'atm': 'yes', 'brand': 'Banco di Sardegna', 'brand:wikidata': 'Q806205', 'name': 'Banco di Sardegna'}",2603310725,node
39.4417925,9.0125206,"{'amenity': 'pharmacy', 'dispensing': 'yes', 'healthcare': 'pharmacy', 'name': 'Farmacia Grandesso', 'ref:msal': '16158', 'ref:vatin': 'IT04013280922', 'source': 'Ministero della Salute'}",2603344244,node
39.2335712,9.1227397,"{'amenity': 'pharmacy', 'dispensing': 'yes', 'healthcare': 'pharmacy', 'name': 'Farmacia San Carlo', 'ref:msal': '16247', 'ref:vatin': 'IT02933630929', 'source': 'Ministero della Salute'}",2607645594,node
39.682888,8.7750449,"{'amenity': 'bank', 'atm': 'yes', 'name': ""Banca d'Arborea""}",2613568785,node
39.6848118,8.7735375,"{'amenity': 'bank', 'atm': 'yes', 'brand': 'Banco di Sardegna', 'brand:wikidata': 'Q806205', 'brand:wikipedia': 'en:Banco di Sardegna', 'name': 'Banco di Sardegna'}",2613571759,node
39.6846384,8.7749644,"{'amenity': 'post_office', 'brand': 'Poste Italiane', 'brand:wikidata': 'Q495026', 'name': 'Ufficio Postale di Mogoro', 'opening_hours': 'Mo-Fr 08:20-13:35; Sa 08:20-12:35;PH off', 'operator': 'Poste Italiane', 'operator:wikidata': 'Q495026', 'ref': '72033'}",2613579465,node
39.682047,8.7746966,"{'addr:city': 'Mòguru/Mogoro', 'addr:housenumber': '74', 'addr:postcode': '09095', 'addr:street': 'Via Antonio Gramsci', 'addr:unit': 'A', 'amenity': 'pharmacy', 'dispensing': 'yes', 'drive_through': 'no', 'healthcare': 'pharmacy', 'mobile': '+39 344 361 1561', 'name': 'Farmacia Broccia', 'operator': 'Dott.ssa Anna Broccia', 'phone': '+39 0783 990230', 'ref:msal': '16099', 'ref:vatin': 'IT04795870163', 'source': 'Ministero della Salute'}",2613600664,node
39.6846623,8.7758661,"{'amenity': 'pharmacy', 'dispensing': 'no', 'drive_through': 'no', 'healthcare': 'pharmacy', 'name': 'Parafarmacia Farmogliastra'}",2613600763,node
39.2828297,8.999946,"{'addr:city': 'Assemini', 'addr:country': 'IT', 'addr:postcode': '09032', 'addr:street': 'Via Ignazio Coghe', 'amenity': 'pharmacy', 'dispensing': 'yes', 'healthcare': 'pharmacy', 'name': 'Farmacia Lixia', 'ref:msal': '18524', 'ref:vatin': 'IT03798140921', 'source': 'Ministero della Salute'}",2688303755,node
40.3194875,9.3308426,"{'addr:city': 'Nuoro', 'addr:housenumber': '2', 'addr:postcode': '08100', 'addr:street': 'Via Mughina', 'amenity': 'bank', 'atm': 'yes', 'brand': 'UniCredit Bank', 'brand:wikidata': 'Q45568', 'email': 'ag00473-italia@unicredit.eu', 'name': 'UniCredit Bank', 'opening_hours': 'Mo-Fr 08:20-13:20,14:30-16:00', 'phone': '+39 0784 1892004', 'website': 'https://www.unicredit.it/it/contatti-e-agenzie/lista-agenzie/nu/nuoro/nuoro-mughina-ag00473.html'}",2726708387,node
39.5558291,8.9048795,"{'amenity': 'post_office', 'name': 'Ufficio Postale Sanluri'}",2728633112,node
40.3211934,9.3333553,"{'addr:city': 'Nuoro', 'addr:housenumber': '90', 'addr:postcode': '08100', 'addr:street': 'Corso Giuseppe Garibaldi', 'amenity': 'bank', 'atm': 'yes', 'brand': 'Banco di Sardegna', 'brand:wikidata': 'Q806205', 'fax': '+39 0784 229585', 'name': 'Banco di Sardegna', 'opening_hours': 'Mo-Fr 08:20-13:20,15:05-16:30', 'operator': 'Banco di Sardegna', 'operator:wikidata': 'Q806205', 'phone': '+39 0784 229500', 'source': 'Regione Autonoma della Sardegna (www.sardegnageoportale.it)', 'website': 'https://www.bancosardegna.it/'}",2728912467,node
40.0131696,8.5991121,"{'amenity': 'bank', 'atm': 'yes', 'brand': 'Banco di Sardegna', 'brand:wikidata': 'Q806205', 'name': 'Banco di Sardegna', 'operator': 'Banco di Sardegna', 'operator:wikidata': 'Q806205'}",2817659489,node
39.7721946,8.58141,"{'addr:city': 'Arborea', 'addr:housenumber': '6', 'addr:postcode': '09092', 'addr:street': 'Via Felice Porcella', 'amenity': 'bank', 'atm': 'yes', 'name': 'Banca di Arborea'}",2817752296,node
39.6146295,8.8209969,"{'amenity': 'bank', 'atm': 'yes', 'brand': 'Banco di Sardegna', 'brand:wikidata': 'Q806205', 'name': 'Banco di Sardegna', 'operator': 'Banco di Sardegna', 'operator:wikidata': 'Q806205'}",2823736425,node
41.2373661,9.1876129,"{'amenity': 'bank', 'name': 'Credito Sardo'}",2839896770,node
41.2430216,9.1914911,"{'amenity': 'bank', 'name': 'Banca di Sassari'}",2839899517,node
41.238627,9.1888082,"{'amenity': 'post_office', 'name': 'Poste Italiane', 'operator': 'Poste Italiane', 'operator:wikidata': 'Q495026'}",2841230451,node
39.1394077,9.430017,"{'addr:city': 'Solanas', 'addr:housenumber': '5', 'addr:postcode': '09048', 'addr:state': '88', 'addr:street': 'Via al Mare', 'amenity': 'pharmacy', 'baby_feeding': 'no', 'contact:phone': '+39 070 750608', 'dispensing': 'yes', 'healthcare': 'pharmacy', 'kids_area': 'no', 'level': '0', 'name': 'Farmacia Pedrazzini', 'opening_hours': 'Jun 01-Sep 30 Mo-Fr 09:00-13:00; Sa-Su closed; PH closed', 'wheelchair': 'yes'}",2922627985,node
39.9910064,9.6858268,"{'amenity': 'post_office', 'brand': 'Poste Italiane', 'brand:wikidata': 'Q495026', 'name': 'Ufficio Postale di Santa Maria Navarrese', 'opening_hours': 'Mo-Fr 08:20-13:45; PH off', 'operator': 'Poste Italiane', 'operator:wikidata': 'Q495026', 'ref': '80213'}",2928155274,node
41.194067,9.2683045,"{'addr:city': 'Santa Teresa di Gallura', 'addr:housenumber': '60', 'addr:postcode': '07028', 'addr:street': 'Viale Aldo Moro', 'amenity': 'pharmacy', 'healthcare': 'pharmacy', 'source': 'Regione Autonoma della Sardegna'}",2932571581,node
40.9665993,8.8799194,"{'amenity': 'pharmacy', 'dispensing': 'yes', 'healthcare': 'pharmacy', 'name': 'Farmacia Biddau', 'ref:msal': '15914', 'ref:vatin': 'IT02892860905', 'source': 'Ministero della Salute'}",2932609160,node
39.1400315,9.5223312,"{'addr:city': 'Villasimius', 'addr:housenumber': '2', 'addr:postcode': '09049', 'addr:street': 'Via Nino Bixio', 'amenity': 'pharmacy', 'baby_feeding': 'no', 'dispensing': 'yes', 'email': 'farmaciasimius@tiscali.it', 'healthcare': 'pharmacy', 'kids_area': 'no', 'level': '0', 'name': 'Farmacia Simius', 'opening_hours': 'Mo-Fr 09:00-13:00,16:00-20:00; Sa 09:00-13:00,16:30-20:00; Su 09:00-13:00,17:00-20:00; PH closed', 'operator': 'Dott. Carta Vincenzo', 'phone': '+39 070 791238', 'ref:msal': '16331', 'ref:vatin': 'IT02380750923', 'source': 'Ministero della Salute', 'website': 'https://www.farmaciavillasimius.it/', 'wheelchair': 'yes'}",2992321578,node
39.4200931,9.5796579,"{'amenity': 'bank', 'brand': 'Intesa Sanpaolo', 'brand:wikidata': 'Q1343118', 'name': 'Intesa Sanpaolo'}",2993743444,node
39.4207646,9.5754557,"{'amenity': 'pharmacy', 'dispensing': 'yes', 'healthcare': 'pharmacy', 'name': 'Farmacia Congiu', 'ref:msal': '16327', 'ref:vatin': 'IT03833920923', 'source': 'Ministero della Salute'}",2993783307,node
39.9512468,8.7325574,"{'addr:street': 'Via Tuveri', 'amenity': 'post_office', 'brand': 'Poste Italiane', 'brand:wikidata': 'Q495026', 'name': 'Ufficio Postale di Ollastra', 'opening_hours': 'Mo-Fr 08:20-13:35; Sa 08:20-12:35;PH off', 'operator': 'Poste Italiane', 'operator:wikidata': 'Q495026', 'ref': '72041'}",2995584370,node
39.9057458,8.5913304,"{'amenity': 'bank', 'brand': 'BNL', 'brand:wikidata': 'Q2201225', 'brand:wikipedia': 'it:Banca Nazionale del Lavoro', 'name': 'BNL', 'official_name': 'Banca Nazionale del Lavoro'}",3024703239,node
39.3337894,8.9185695,"{'amenity': 'post_office', 'brand': 'Poste Italiane', 'brand:wikidata': 'Q495026', 'name': 'Ufficio Postale di Decimoputzu', 'opening_hours': 'Mo-Fr 08:20-13:35; Sa 08:20-12:35;PH off', 'operator': 'Poste Italiane', 'operator:wikidata': 'Q495026', 'ref': '13282'}",3027502509,node
39.3356193,8.916659,"{'addr:city': 'Decimoputzu', 'addr:housenumber': '46', 'addr:postcode': '09010', 'addr:street': 'Via Montegranatico', 'amenity': 'bank', 'atm': 'yes', 'brand': 'Banco di Sardegna', 'brand:wikidata': 'Q806205', 'brand:wikipedia': 'en:Banco di Sardegna', 'name': 'Banco di Sardegna', 'source': 'Regione Autonoma della Sardegna'}",3027502691,node
40.4626824,9.1913438,"{'addr:housename': 'Via Cagliari', 'amenity': 'bank', 'brand': 'Banco di Sardegna', 'brand:wikidata': 'Q806205', 'brand:wikipedia': 'en:Banco di Sardegna', 'name': 'Banco di Sardegna'}",3086128794,node
40.4631063,9.19092,"{'amenity': 'pharmacy', 'healthcare': 'pharmacy'}",3086128797,node
39.2361337,9.1331635,{'amenity': 'pharmacy'},3093855104,node
41.1076236,9.2613735,"{'amenity': 'post_office', 'name': 'Poste Italiane', 'operator': 'Poste Italiane', 'operator:wikidata': 'Q495026', 'operator:wikipedia': 'en:Poste italiane'}",3099363234,node
39.9288134,8.5302217,"{'amenity': 'pharmacy', 'dispensing': 'yes', 'drive_through': 'no', 'healthcare': 'pharmacy', 'name': 'Farmacia Chessa-Massidda', 'ref:msal': '16072', 'ref:vatin': 'IT01196740953', 'source': 'Ministero della Salute', 'wheelchair': 'yes'}",3117166248,node
40.3974886,8.6589882,"{'addr:city': 'Pozzomaggiore', 'addr:postcode': '07018', 'amenity': 'pharmacy', 'dispensing': 'yes', 'healthcare': 'pharmacy', 'name': 'Sardu Pancaldi'}",3140161082,node
40.3982145,8.6588941,"{'addr:city': 'Pozzomaggiore', 'addr:housenumber': '17', 'addr:postcode': '07018', 'addr:street': 'Piazza Maggiore', 'amenity': 'bank', 'atm': 'yes', 'brand': 'Banco di Sardegna', 'brand:wikidata': 'Q806205', 'name': 'Banco di Sardegna', 'operator': 'Gruppo BPER'}",3140194297,node
40.5594939,8.321431,"{'amenity': 'pharmacy', 'healthcare': 'pharmacy'}",3141989673,node
40.5624671,8.3202162,"{'amenity': 'pharmacy', 'dispensing': 'yes', 'healthcare': 'pharmacy', 'name': 'Farmacia Fois', 'ref:msal': '15957', 'ref:vatin': 'IT02081780906', 'source': 'Ministero della Salute'}",3141989674,node
40.5754325,8.3208148,"{'amenity': 'pharmacy', 'healthcare': 'pharmacy', 'name': 'Farmacia Dott. Mulass'}",3141989675,node
40.592694,8.2835151,"{'addr:city': 'Fertilia', 'addr:housenumber': '16', 'addr:postcode': '07041', 'addr:street': 'Via Orsera', 'amenity': 'post_office', 'atm': 'yes', 'brand': 'Poste Italiane', 'brand:wikidata': 'Q495026', 'name': 'Ufficio Postale di Fertilia', 'opening_hours': 'Mo-Fr 08:20-13:35; Sa 08:20-12:35;PH off', 'operator': 'Poste Italiane', 'operator:wikidata': 'Q495026', 'ref': '58146', 'source': 'https://www.sardegnareporter.it/2023/01/installato-nellufficio-postale-di-fertilia-latm-postamat-di-nuova-generazione/506474/'}",3145973291,node
38.9688652,8.7734655,"{'amenity': 'pharmacy', 'dispensing': 'yes', 'healthcare': 'pharmacy', 'name': 'Farmacia Danero', 'ref:msal': '16207', 'ref:vatin': 'IT04126320920', 'source': 'Ministero della Salute'}",3160154258,node
39.0516698,8.6305462,"{'addr:city': 'Masainas', 'addr:housenumber': '23', 'addr:postcode': '09010', 'addr:street': 'Via Municipio', 'amenity': 'post_office', 'atm': 'yes', 'brand': 'Poste Italiane', 'brand:wikidata': 'Q495026', 'brand:wikipedia': 'en:Poste italiane', 'name': 'Ufficio Postale di Masainas', 'opening_hours': 'Mo-Fr 08:20-13:45, Sa 08:20-12:45; Su, PH off', 'operator': 'Poste Italiane', 'operator:wikidata': 'Q495026', 'operator:wikipedia': 'en:Poste italiane', 'phone': '+39 0781 963114', 'ref': '13331'}",3160947998,node
39.9934857,9.0769308,"{'addr:city': 'Atzara', 'addr:housenumber': '56', 'addr:postcode': '08030', 'addr:street': 'Via Vittorio Emanuele', 'amenity': 'pharmacy', 'dispensing': 'yes', 'healthcare': 'pharmacy', 'name': 'Farmacia Sequenza', 'opening_hours': 'Mo-Sa 09:00-13:00,17:00-20:00 || 24/7 ""self service""', 'operator': 'Farmacia Alphega', 'payment:bancomat': 'yes', 'payment:cash': 'yes', 'payment:credit_cards': 'yes', 'ref:msal': '15963', 'ref:vatin': 'IT00214460917', 'source': 'Ministero della Salute'}",3217093819,node
39.9931837,9.0760146,"{'addr:city': 'Atzara', 'addr:housenumber': '8', 'addr:postcode': '08030', 'addr:street': 'Via Oristano', 'amenity': 'post_office', 'brand': 'Poste Italiane', 'brand:wikidata': 'Q495026', 'brand:wikipedia': 'en:Poste italiane', 'name': 'Ufficio Postale di Atzara', 'opening_hours': 'Mo-Fr 08:20-13:35; Sa 08:20-12:35;PH off', 'operator': 'Poste Italiane', 'operator:wikidata': 'Q495026', 'phone': '+39 0784 65269', 'ref': '80107'}",3217093821,node
40.1229897,8.8205341,"{'addr:city': 'Abbasanta', 'addr:housenumber': '41', 'addr:postcode': '09071', 'addr:street': 'Via Vittorio Emanuele Secondo di Savoia', 'amenity': 'pharmacy', 'dispensing': 'yes', 'healthcare': 'pharmacy', 'name': 'Farmacia San Tomaso', 'ref:msal': '16073', 'ref:vatin': 'IT01283210951', 'source': 'Ministero della Salute'}",3225292213,node
40.1193281,8.8331827,"{'amenity': 'bank', 'atm': 'yes', 'brand': 'Intesa Sanpaolo', 'brand:wikidata': 'Q1343118', 'name': 'Intesa Sanpaolo'}",3227058662,node
39.9516903,8.7341448,"{'amenity': 'bank', 'atm': 'no', 'brand': 'Banco di Sardegna', 'name': 'Banco di Sardegna'}",3231874845,node
39.9488383,8.7326372,"{'addr:country': 'IT', 'addr:housenumber': '12', 'addr:postcode': '09088', 'addr:street': 'Via Antonio Gramsci', 'amenity': 'pharmacy', 'dispensing': 'yes', 'healthcare': 'pharmacy', 'name': 'Farmacia Urgu', 'ref:msal': '16104', 'ref:vatin': 'IT01145760953', 'source': 'Ministero della Salute'}",3231874847,node
39.930189,8.6913707,"{'addr:city': 'Simaghis/Simaxis', 'addr:country': 'IT', 'addr:housenumber': '238', 'addr:postcode': '09088', 'addr:street': 'Via San Simaco', 'amenity': 'bank', 'atm': 'yes', 'brand': 'Banco di Sardegna', 'brand:wikidata': 'Q806205', 'name': 'Banco di Sardegna'}",3233849103,node
40.1125197,8.8698995,"{'addr:city': 'Boroneddu', 'addr:country': 'IT', 'addr:housenumber': '33', 'addr:postcode': '09080', 'addr:street': 'Via Savoia', 'amenity': 'post_office', 'brand': 'Poste Italiane', 'brand:wikidata': 'Q495026', 'name': 'Ufficio Postale di Boroneddu', 'opening_hours': 'Mo-Fr 08:20-13:45', 'operator': 'Poste Italiane', 'operator:wikidata': 'Q495026', 'ref': '72020'}",3234538977,node
40.171858,8.8563523,"{'amenity': 'post_office', 'brand': 'Poste Italiane', 'brand:wikidata': 'Q495026', 'name': 'Ufficio Postale di Aidomaggiore', 'opening_hours': 'Mo-Fr 08:20-13:35; Sa 08:20-12:35;PH off', 'operator': 'Poste Italiane', 'operator:wikidata': 'Q495026', 'ref': '72100'}",3234935122,node
40.033091,8.8981153,"{'addr:city': 'Busachi', 'addr:country': 'IT', 'addr:housenumber': '1', 'addr:postcode': '09082', 'addr:street': 'Piazza Italia', 'amenity': 'bank', 'atm': 'yes', 'brand': 'Banco di Sardegna', 'brand:wikidata': 'Q806205', 'building': 'yes', 'name': 'Banco di Sardegna'}",3239583141,node
40.032177,8.8953997,"{'addr:city': 'Busachi', 'addr:country': 'IT', 'addr:housenumber': '215', 'addr:postcode': '09082', 'addr:street': 'Via Brigata Sassari', 'amenity': 'pharmacy', 'dispensing': 'yes', 'healthcare': 'pharmacy', 'name': 'Farmacia Busachi', 'ref:msal': '16076', 'ref:vatin': 'IT01250920954', 'source': 'Ministero della Salute'}",3239583145,node
40.0338025,8.8932404,"{'addr:city': 'Busachi', 'addr:country': 'IT', 'addr:housenumber': '168', 'addr:postcode': '09082', 'addr:street': 'Via Brigata Sassari', 'amenity': 'post_office', 'brand': 'Poste Italiane', 'brand:wikidata': 'Q495026', 'name': 'Ufficio Postale di Busachi', 'opening_hours': 'Mo-Fr 08:20-13:35; Sa 08:20-12:35;PH off', 'operator': 'Poste Italiane', 'operator:wikidata': 'Q495026', 'ref': '72021'}",3239583148,node
40.083121,8.9120426,"{'addr:city': 'Ardauli', 'addr:country': 'IT', 'addr:housenumber': '10', 'addr:postcode': '09081', 'addr:street': 'Via Fra Tommaso', 'amenity': 'bank', 'atm': 'yes', 'brand': 'Banco di Sardegna', 'brand:wikidata': 'Q806205', 'building': 'yes', 'name': 'Banco di Sardegna'}",3240009349,node
40.0828152,8.9120213,"{'addr:city': 'Ardauli', 'addr:country': 'IT', 'addr:housenumber': '15', 'addr:postcode': '09081', 'addr:street': 'Via Fra Tommaso', 'amenity': 'post_office', 'brand': 'Poste Italiane', 'brand:wikidata': 'Q495026', 'building': 'yes', 'name': 'Ufficio Postale di Ardauli', 'opening_hours': 'Mo-Fr 08:20-13:35; Sa 08:20-12:35;PH off', 'operator': 'Poste Italiane', 'operator:wikidata': 'Q495026', 'ref': '72013'}",3240009350,node
40.1055597,8.9318205,"{'addr:city': 'Sorradile', 'addr:country': 'IT', 'addr:housenumber': '38', 'addr:postcode': '09080', 'addr:street': 'Corso Umberto I', 'amenity': 'post_office', 'brand': 'Poste Italiane', 'brand:wikidata': 'Q495026', 'name': 'Ufficio Postale di Sorradile', 'opening_hours': 'Mo-Fr 08:20-13:35; Sa 08:20-12:35;PH off', 'operator': 'Poste Italiane', 'operator:wikidata': 'Q495026', 'ref': '72064'}",3240595993,node
40.1058069,8.9318852,"{'addr:city': 'Sorradile', 'addr:country': 'IT', 'addr:housenumber': '59', 'addr:postcode': '09080', 'addr:street': 'Corso Umberto I', 'amenity': 'bank', 'atm': 'yes', 'brand': 'Banco di Sardegna', 'brand:wikidata': 'Q806205', 'building': 'yes', 'name': 'Banco di Sardegna'}",3240595994,node
40.0650655,8.9452355,"{'addr:city': 'Neoneli', 'addr:country': 'IT', 'addr:housenumber': '86', 'addr:postcode': '09080', 'addr:street': 'Via Roma', 'amenity': 'post_office', 'brand': 'Poste Italiane', 'brand:wikidata': 'Q495026', 'name': 'Ufficio Postale di Neoneli', 'opening_hours': 'Mo-Fr 08:20-13:35; Sa 08:20-12:35;PH off', 'operator': 'Poste Italiane', 'operator:wikidata': 'Q495026', 'ref': '72036'}",3243199990,node
40.0250955,9.1727942,"{'amenity': 'bank', 'atm': 'yes', 'brand': 'Banco di Sardegna', 'brand:wikidata': 'Q806205', 'name': 'Banco di Sardegna'}",3244689967,node
39.9932809,8.5513555,"{'addr:city': 'Baratili San Pietro', 'addr:postcode': '09070', 'addr:street': 'Via Roma', 'amenity': 'pharmacy', 'dispensing': 'yes', 'healthcare': 'pharmacy', 'name': 'Farmacia Bullitta', 'ref:msal': '16096', 'ref:vatin': 'IT03102480922', 'source': 'Ministero della Salute'}",3244723584,node
40.3273523,8.9595313,"{'addr:city': 'Bolotana', 'addr:postcode': '08011', 'addr:street': 'Piazza Corte Bella', 'amenity': 'pharmacy', 'dispensing': 'yes', 'healthcare': 'pharmacy', 'name': 'Farmacia Eredi Cappai', 'ref:msal': '15998', 'ref:vatin': 'IT01610570911', 'source': 'Ministero della Salute'}",3245062719,node
39.8811146,8.6068253,"{'amenity': 'pharmacy', 'dispensing': 'yes', 'healthcare': 'pharmacy', 'name': 'Farmacia Sa.fi. Pharma', 'ref:msal': '16127', 'ref:vatin': 'IT01191150950', 'source': 'Ministero della Salute'}",3250974106,node
39.8776837,8.6101774,"{'addr:city': 'Santa Giusta', 'addr:country': 'IT', 'addr:housenumber': '285', 'addr:postcode': '09096', 'addr:street': 'Via Papa Giovanni Ventitreesimo', 'amenity': 'bank', 'atm': 'yes', 'name': 'Banca di Arborea', 'ref': '88000'}",3251132640,node
40.0149677,8.60128,"{'amenity': 'pharmacy', 'dispensing': 'yes', 'healthcare': 'pharmacy', 'name': 'Farmacia Annis', 'ref:msal': '16136', 'ref:vatin': 'IT01063520959', 'source': 'Ministero della Salute'}",3252237820,node
40.0984172,8.6556136,"{'addr:city': 'Bonarcado', 'addr:country': 'IT', 'addr:housenumber': '31', 'addr:postcode': '09070', 'addr:street': 'Via Guglielmo Marconi', 'amenity': 'bank', 'atm': 'no', 'brand': 'Banco di Sardegna', 'brand:wikidata': 'Q806205', 'name': 'Banco di Sardegna', 'operator': 'Banco di Sardegna', 'operator:wikidata': 'Q806205'}",3252499768,node
40.2153772,8.8029753,"{'addr:city': 'Borore', 'addr:country': 'IT', 'addr:housenumber': '84', 'addr:postcode': '08016', 'addr:street': 'Via Roma', 'amenity': 'bank', 'atm': 'yes', 'brand': 'Banco di Sardegna', 'brand:wikidata': 'Q806205', 'name': 'Banco di Sardegna'}",3253518531,node
40.2638487,8.8169311,"{'addr:city': 'Birori', 'addr:country': 'IT', 'addr:housenumber': '14', 'addr:postcode': '08010', 'addr:street': 'Via dei Caduti', 'amenity': 'pharmacy', 'dispensing': 'yes', 'healthcare': 'pharmacy', 'name': 'Farmacia Demontis', 'ref:msal': '15991', 'ref:vatin': 'IT00721080919', 'source': 'Ministero della Salute'}",3253717839,node
40.2655078,8.8151125,"{'addr:city': 'Birori', 'addr:country': 'IT', 'addr:housenumber': '1', 'addr:postcode': '08010', 'addr:street': 'Via IV Novembre', 'amenity': 'post_office', 'brand': 'Poste Italiane', 'brand:wikidata': 'Q495026', 'name': 'Ufficio Postale di Birori', 'opening_hours': 'Mo-Fr 08:20-13:35; Sa 08:20-12:35;PH off', 'operator': 'Poste Italiane', 'operator:wikidata': 'Q495026', 'ref': '80112'}",3253717840,node
40.2878486,8.888763,"{'addr:city': 'Silanus', 'addr:country': 'IT', 'addr:housenumber': '15', 'addr:postcode': '08017', 'addr:street': 'Via Stazione', 'amenity': 'pharmacy', 'dispensing': 'yes', 'healthcare': 'pharmacy', 'name': 'Eredi Dr. Carai Gesuino', 'ref:msal': '15989', 'ref:vatin': 'IT02528000900', 'source': 'Ministero della Salute'}",3254200281,node
39.9185208,8.7620992,"{'amenity': 'post_office', 'brand': 'Poste Italiane', 'brand:wikidata': 'Q495026', 'name': 'Ufficio Postale Siamanna-Siapiccia', 'opening_hours': 'Mo-Fr 08:20-13:35; Sa 08:20-12:35;PH off', 'operator': 'Poste Italiane', 'operator:wikidata': 'Q495026', 'ref': '72059'}",3256441913,node
40.1690017,9.1792818,"{'amenity': 'post_office', 'brand': 'Poste Italiane', 'brand:wikidata': 'Q495026', 'name': 'Ufficio Postale di Ollolai', 'opening_hours': 'Mo-Fr 08:20-13:35; Sa 08:20-12:35;PH off', 'operator': 'Poste Italiane', 'operator:wikidata': 'Q495026', 'ref': '80153'}",3256701253,node
39.9474037,8.9396187,"{'amenity': 'bank', 'atm': 'yes', 'brand': 'Banco di Sardegna', 'name': 'Banco di Sardegna'}",3258851017,node
39.8219538,8.9397389,"{'amenity': 'post_office', 'operator': 'Poste Italiane'}",3263878452,node
40.0351328,8.9872447,"{'amenity': 'pharmacy', 'dispensing': 'yes', 'healthcare': 'pharmacy', 'name': 'Farmacia Soru', 'ref:msal': '15958', 'ref:vatin': 'IT00208340919', 'source': 'Ministero della Salute'}",3267061960,node
39.7930908,9.0070099,"{'amenity': 'pharmacy', 'dispensing': 'yes', 'name': 'Farmacia Scalas', 'ref:msal': '15976', 'ref:vatin': 'IT00646400911', 'source': 'Ministero della Salute'}",3267595493,node
40.0712157,9.0903791,"{'amenity': 'pharmacy', 'dispensing': 'yes', 'healthcare': 'pharmacy', 'name': 'Farmacia Soru', 'ref:msal': '15958', 'ref:vatin': 'IT00208340919', 'source': 'Ministero della Salute'}",3270146956,node
40.0960799,9.1211616,"{'addr:city': 'Teti', 'addr:housenumber': '101', 'addr:postcode': '08030', 'addr:street': 'Corso Italia', 'amenity': 'post_office', 'brand': 'Poste Italiane', 'brand:wikidata': 'Q495026', 'name': 'Ufficio Postale di Teti', 'note': 'Apertura Lunedì Mercoledì', 'opening_hours': 'Mo,We,Fr 08:20-13:45; PH off', 'operator': 'Poste Italiane', 'operator:wikidata': 'Q495026', 'ref': '80184'}",3270306625,node
40.0961408,9.1209764,"{'amenity': 'pharmacy', 'dispensing': 'yes', 'healthcare': 'pharmacy', 'name': 'Farmacia Denti', 'ref:msal': '15967', 'ref:vatin': 'IT01486460916', 'source': 'Ministero della Salute'}",3270306627,node
40.0677668,9.1485749,"{'amenity': 'post_office', 'brand': 'Poste Italiane', 'brand:wikidata': 'Q495026', 'name': 'Ufficio Postale di Tiana', 'opening_hours': 'Mo-Fr 08:20-13:35; Sa 08:20-12:35;PH off', 'operator': 'Poste Italiane', 'operator:wikidata': 'Q495026', 'ref': '80185'}",3270387269,node
40.0686237,9.1479415,"{'amenity': 'pharmacy', 'dispensing': 'yes', 'healthcare': 'pharmacy', 'name': 'Farmacia Arbau', 'ref:msal': '15970', 'ref:vatin': 'IT00888890910', 'source': 'Ministero della Salute'}",3270387326,node
40.2337547,9.0404458,"{'amenity': 'bank', 'brand': 'Banco di Sardegna', 'brand:wikidata': 'Q806205', 'name': 'Banco di Sardegna', 'operator': 'Banco di Sardegna', 'operator:wikidata': 'Q806205'}",3270602926,node
40.2266995,9.1669659,"{'addr:city': 'Sarule', 'addr:housenumber': '5', 'addr:postcode': '08020', 'addr:street': 'Via John Fitzgerald Kennedy', 'amenity': 'pharmacy', 'dispensing': 'yes', 'healthcare': 'pharmacy', 'name': 'Farmacia Dott.ssa Romina Moni', 'ref:msal': '16029', 'ref:vatin': 'IT01208870913', 'source': 'Ministero della Salute'}",3271010814,node
40.228743,9.164232,"{'amenity': 'post_office', 'brand': 'Poste Italiane', 'brand:wikidata': 'Q495026', 'name': 'Ufficio Postale di Sarule', 'opening_hours': 'Mo-Fr 08:20-13:35; Sa 08:20-12:35;PH off', 'operator': 'Poste Italiane', 'operator:wikidata': 'Q495026', 'ref': '80172'}",3271010969,node
39.9290469,8.5320301,"{'amenity': 'pharmacy', 'dispensing': 'yes', 'healthcare': 'pharmacy', 'name': 'Farmacia Concas', 'ref:msal': '16126', 'ref:vatin': 'IT00105770952', 'source': 'Ministero della Salute'}",3275103222,node
39.8976867,8.598373,"{'addr:city': 'Oristano', 'addr:housenumber': '10', 'addr:postcode': '09170', 'addr:street': 'Piazza Sacro Cuore', 'amenity': 'pharmacy', 'dispensing': 'no', 'healthcare': 'pharmacy', 'name': 'Parafarmacia Sacro Cuore', 'ref:vatin': 'IT01105540957'}",3275212903,node
39.906648,8.5884562,"{'addr:city': 'Oristano', 'addr:housenumber': '105', 'addr:postcode': '09170', 'addr:street': 'Via Cagliari', 'amenity': 'bank', 'brand': 'Compass', 'brand:wikidata': 'Q127513540', 'name': 'Compass'}",3275213946,node
39.9037475,8.586024,"{'addr:city': 'Oristano', 'addr:housenumber': '13', 'addr:postcode': '09170', 'addr:street': 'Via Beato Angelico', 'amenity': 'bank', 'brand': 'Credem', 'brand:wikidata': 'Q3696881', 'name': 'Credem', 'official_name': 'Credito Emiliano'}",3275215973,node
39.9054911,8.5968937,"{'addr:city': 'Oristano', 'addr:housenumber': '2', 'addr:postcode': '09170', 'addr:street': 'Via Bosa', 'amenity': 'pharmacy', 'contact:facebook': 'https://www.facebook.com/Farmacia-Bresciani-Achenza-795099767205884/', 'contact:phone': '+39 0783 303521', 'dispensing': 'yes', 'healthcare': 'pharmacy', 'name': 'Farmacia Bresciani Achenza', 'opening_hours': 'Mo-Fr 08:30-13:30,16:00-20:00; Sa 08:30-13:30', 'ref:msal': '16119', 'ref:vatin': 'IT00664540952', 'source': 'Ministero della Salute'}",3275220153,node
39.9041949,8.597807,"{'addr:city': 'Oristano', 'addr:housenumber': '20', 'addr:postcode': '09170', 'addr:street': 'Via Vittorio Veneto', 'amenity': 'post_office', 'name': 'La Nuova Posta', 'operator': 'La Nuova Posta'}",3275220578,node
39.9056599,8.5913809,"{'addr:city': 'Oristano', 'addr:housenumber': '2', 'addr:postcode': '09170', 'addr:street': 'Piazza Roma', 'amenity': 'pharmacy', 'dispensing': 'yes', 'healthcare': 'pharmacy', 'name': 'Farmacia Sanna', 'opening_hours': 'Mo-Sa 08:30-20:00', 'operator': 'Farmacia Sanna & C. S.n.c.', 'phone': '+39 0783 78030;+39 0783 78266', 'ref:msal': '16081', 'ref:vatin': 'IT01097300956', 'source': 'Ministero della Salute'}",3275226836,node
39.9077432,8.5901138,"{'addr:city': 'Oristano', 'addr:housenumber': '81', 'addr:postcode': '09170', 'addr:street': 'Via Tirso', 'amenity': 'bank', 'atm': 'yes', 'brand': 'Monte dei Paschi di Siena', 'brand:wikidata': 'Q46730', 'brand:wikipedia': 'en:Banca Monte dei Paschi di Siena', 'name': 'Monte dei Paschi di Siena'}",3275227509,node
39.9066139,8.5933964,"{'addr:city': 'Oristano', 'addr:housenumber': '33', 'addr:postcode': '09170', 'addr:street': 'Via Figoli', 'amenity': 'bank', 'brand': 'Banco Desio', 'brand:wikidata': 'Q3633825', 'name': 'Banco Desio', 'official_name': ""Banca Popolare dell'Emilia Romagna""}",3275228082,node
39.9084846,8.5915479,"{'addr:city': 'Oristano', 'addr:housenumber': '36', 'addr:postcode': '09170', 'addr:street': 'Via Sardegna', 'amenity': 'clinic', 'healthcare': 'clinic', 'healthcare:speciality': 'general;allergology;anaesthetics;angiology;cardiology;dermatology;endocrinology;gastroenterology;geriatrics;gynaecology;hepatology;internal;nephrology;neurology;oncology;ophthalmology;orthopaedics;otolaryngology;psychiatry;pulmonology;rheumatology;urology', 'name': 'CMO - Centro Medico Oristanese', 'website': 'https://centromedicooristanese.it'}",3275229677,node
39.9079696,8.5907561,"{'addr:city': 'Oristano', 'addr:housenumber': '4', 'addr:postcode': '09170', 'addr:street': 'Galleria Angelo Omodeo', 'amenity': 'post_office', 'brand': 'Poste Italiane', 'brand:wikidata': 'Q495026', 'name': 'Oristano 1', 'opening_hours': 'Mo-Fr 08:20-13:35; Sa 08:20-12:35;PH off;Feb 13 off', 'operator': 'Poste Italiane', 'operator:wikidata': 'Q495026', 'ref': '72005'}",3275230773,node
39.9062538,8.5915468,"{'addr:city': 'Oristano', 'addr:housenumber': '40', 'addr:postcode': '09170', 'addr:street': 'Piazza Roma', 'amenity': 'bank', 'atm': 'yes', 'brand': 'Intesa Sanpaolo', 'brand:wikidata': 'Q1343118', 'name': 'Intesa Sanpaolo'}",3275231266,node
39.9007327,8.5985383,"{'addr:city': 'Oristano', 'addr:housenumber': '40', 'addr:postcode': '09170', 'addr:street': 'Via Amsicora', 'amenity': 'pharmacy', 'dispensing': 'yes', 'healthcare': 'pharmacy', 'name': 'Farmacia Chessa', 'ref:msal': '16083', 'ref:vatin': 'IT01236400956', 'source': 'Ministero della Salute'}",3275231269,node
39.8962488,8.5956588,"{'addr:city': 'Oristano', 'addr:housenumber': '460', 'addr:postcode': '09170', 'addr:street': 'Via Cagliari', 'amenity': 'pharmacy', 'dispensing': 'yes', 'healthcare': 'pharmacy', 'name': 'Farmacia Loddo', 'opening_hours': 'Mo-Sa 08:45-13:15,16:30-20:15; Su 08:45-13:15', 'ref:msal': '16132', 'ref:vatin': 'IT01078520911', 'source': 'Ministero della Salute'}",3275232805,node
39.9067685,8.5939401,"{'addr:city': 'Oristano', 'addr:housenumber': '64', 'addr:postcode': '09170', 'addr:street': 'Via Figoli', 'amenity': 'pharmacy', 'dispensing': 'no', 'healthcare': 'pharmacy', 'name': 'Parafarmacia PuntoFarma', 'ref:vatin': 'IT01108290956'}",3275240259,node
39.9054571,8.5916126,"{'addr:city': 'Oristano', 'addr:housenumber': '77', 'addr:postcode': '09170', 'addr:street': 'Corso Umberto Primo', 'amenity': 'bank', 'brand': 'UniCredit Bank', 'brand:wikidata': 'Q45568', 'brand:wikipedia': 'en:UniCredit', 'name': 'UniCredit Bank', 'opening_hours': 'Mo-Fr 08:20-13:20,14:15-16:00'}",3275245332,node
39.9072336,8.5903542,"{'addr:city': 'Oristano', 'addr:housenumber': '78', 'addr:postcode': '09170', 'addr:street': 'Via Tirso', 'amenity': 'pharmacy', 'dispensing': 'no', 'healthcare': 'pharmacy', 'name': 'Parafarmacia Piga via Tirso', 'opening_hours': 'Mo-Sa 09:00-13:00,16:00-20:00', 'ref:vatin': 'IT03382120925'}",3275245696,node
40.0491321,8.6369271,"{'amenity': 'pharmacy', 'dispensing': 'yes', 'healthcare': 'pharmacy', 'name': 'Farmacia Dedoni', 'ref:msal': '16135', 'ref:vatin': 'IT00711610956', 'source': 'Ministero della Salute'}",3278844924,node
40.0491771,8.6370652,"{'amenity': 'post_office', 'brand': 'Poste Italiane', 'brand:wikidata': 'Q495026', 'name': 'Ufficio Postale di Milis', 'opening_hours': 'Mo-Fr 08:20-13:35; Sa 08:20-12:35;PH off', 'operator': 'Poste Italiane', 'operator:wikidata': 'Q495026', 'ref': '72031'}",3278844926,node
39.796591,8.8211583,"{'addr:city': 'Villaverde', 'addr:housenumber': '5', 'addr:postcode': '09090', 'addr:street': 'Via San Mauro', 'amenity': 'post_office', 'brand': 'Poste Italiane', 'brand:wikidata': 'Q495026', 'name': 'Ufficio Postale di Villa Verde', 'opening_hours': 'Mo,We,Fr 08:20-13:45; PH off', 'operator': 'Poste Italiane', 'operator:wikidata': 'Q495026', 'operator:wikipedia': 'en:Poste italiane', 'ref': '72074'}",3294458984,node
39.9057493,8.5929564,"{'amenity': 'bank', 'brand': 'Banco di Sardegna', 'brand:wikidata': 'Q806205', 'brand:wikipedia': 'en:Banco di Sardegna', 'name': 'Banco di Sardegna', 'operator': 'Banco di Sardegna', 'operator:wikidata': 'Q806205'}",3321071663,node
40.1190506,8.8315901,"{'addr:housenumber': '237', 'addr:street': 'Corso Umberto Primo', 'amenity': 'bank', 'atm': 'yes', 'brand': 'Banco di Sardegna', 'brand:wikidata': 'Q806205', 'brand:wikipedia': 'en:Banco di Sardegna', 'name': 'Banco di Sardegna'}",3334300678,node
40.1209792,8.8360272,"{'addr:housenumber': '148', 'addr:street': 'Corso Umberto Primo', 'amenity': 'pharmacy', 'dispensing': 'yes', 'healthcare': 'pharmacy', 'name': 'Farmacia San Palmerio', 'ref:msal': '16071', 'ref:vatin': 'IT01170620957', 'source': 'Ministero della Salute'}",3334300689,node
40.1232567,8.8376801,"{'addr:housenumber': '49', 'addr:street': 'Corso Umberto Primo', 'amenity': 'pharmacy', 'dispensing': 'no', 'healthcare': 'pharmacy', 'name': 'Parafarmacia Fadda', 'ref:vatin': 'IT01108670959'}",3334303910,node
40.1259657,8.8180618,"{'addr:city': 'Abbasanta', 'addr:housenumber': '72', 'addr:postcode': '09071', 'addr:street': 'Corso Giuseppe Garibaldi', 'amenity': 'bank', 'brand': 'Monte dei Paschi di Siena', 'brand:wikidata': 'Q46730', 'brand:wikipedia': 'en:Banca Monte dei Paschi di Siena', 'name': 'Monte dei Paschi di Siena'}",3349773345,node
40.1255081,8.8188702,"{'addr:housenumber': '98', 'addr:street': 'Corso Giuseppe Garibaldi', 'amenity': 'bank', 'brand': 'Banco di Sardegna', 'brand:wikidata': 'Q806205', 'name': 'Banco di Sardegna', 'operator': 'Banco di Sardegna', 'operator:wikidata': 'Q806205'}",3349773352,node
40.1264787,8.8173991,"{'addr:city': 'Abbasanta', 'addr:housenumber': '103', 'addr:postcode': '09071', 'addr:street': 'Corso Giuseppe Garibaldi', 'amenity': 'pharmacy', 'dispensing': 'no', 'healthcare': 'pharmacy', 'name': 'Parafarmacia Medivet', 'ref:vatin': 'IT02109990909'}",3349773358,node
40.1237676,8.8182412,"{'amenity': 'post_office', 'brand': 'La Nuova Posta', 'name': 'La Nuova Posta Abbasanta'}",3349773359,node
39.1566811,9.3996763,"{'amenity': 'hospital', 'emergency': 'yes', 'healthcare': 'hospital', 'name': 'Guardia Medica', 'note': 'Presidio estivo guardia medica.', 'opening_hours': 'Jun-Sep'}",3350116131,node
39.1547474,9.4017504,"{'amenity': 'pharmacy', 'healthcare': 'pharmacy'}",3350178342,node
39.2387573,9.109437,"{'amenity': 'pharmacy', 'dispensing': 'yes', 'healthcare': 'pharmacy', 'name': 'Farmacia Faggioni', 'ref:msal': '16300', 'ref:vatin': 'IT02168590921', 'source': 'Ministero della Salute'}",3353936624,node
39.8378682,9.3247715,"{'amenity': 'post_office', 'brand': 'Poste Italiane', 'brand:wikidata': 'Q495026', 'name': 'Ufficio Postale di Seui', 'opening_hours': 'Mo-Fr 08:20-13:45; Sa 08:20-12:45; PH off', 'operator': 'Poste Italiane', 'operator:wikidata': 'Q495026', 'ref': '13431'}",3495396344,node
39.8374847,9.3249888,"{'amenity': 'bank', 'atm': 'yes', 'brand': 'Banco di Sardegna', 'brand:wikidata': 'Q806205', 'name': 'Banco di Sardegna'}",3497113504,node
39.3869313,9.0444292,"{'amenity': 'post_office', 'brand': 'Poste Italiane', 'brand:wikidata': 'Q495026', 'name': 'Ufficio Postale di Monastir', 'opening_hours': 'Mo-Fr 08:20-13:35; Sa 08:20-12:35;PH off', 'operator': 'Poste Italiane', 'operator:wikidata': 'Q495026', 'ref': '13083'}",3521671886,node
39.6997044,9.1012567,"{'amenity': 'bank', 'name': 'Banco di Sardegna'}",3591713696,node
39.8397707,9.3238679,"{'amenity': 'pharmacy', 'dispensing': 'yes', 'healthcare': 'pharmacy', 'name': 'Farmacia De Muro', 'ref:msal': '16065', 'ref:vatin': 'IT03573590928', 'source': 'Ministero della Salute'}",3602530089,node
39.7725729,8.5813663,"{'addr:housenumber': '2', 'addr:street': 'Via Giuseppe Chiardola', 'amenity': 'bank', 'atm': 'yes', 'brand': 'Banco di Sardegna', 'brand:wikidata': 'Q806205', 'brand:wikipedia': 'en:Banco di Sardegna', 'name': 'Banco di Sardegna'}",3606016336,node
39.3943287,8.4032538,"{'addr:city': 'Buggerru', 'addr:postcode': '09010', 'addr:street': 'Via Roma', 'amenity': 'bank', 'atm': 'yes', 'brand': 'Banco di Sardegna', 'brand:wikidata': 'Q806205', 'brand:wikipedia': 'en:Banco di Sardegna', 'name': 'Banco di Sardegna'}",3666784052,node
40.928494,9.063592,"{'amenity': 'pharmacy', 'dispensing': 'yes', 'name': 'Farmacia Carta Pietrina', 'ref:msal': '15891', 'ref:vatin': 'IT00121970909', 'source': 'Ministero della Salute'}",3687215926,node
40.9310914,9.0649556,"{'addr:housenumber': '100', 'addr:street': 'Via Roma', 'amenity': 'bank', 'drive_through': 'yes', 'name': 'Banco di Sardegna'}",3687344599,node
40.5577424,8.3262497,"{'amenity': 'post_office', 'branch': 'Alghero 2', 'brand': 'Poste Italiane', 'brand:wikidata': 'Q495026', 'brand:wikipedia': 'en:Poste italiane', 'name': 'Ufficio Postale Alghero 1', 'operator': 'Poste Italiane', 'operator:wikidata': 'Q495026', 'ref': '58135'}",3724395708,node
41.1770797,9.3811046,"{'amenity': 'pharmacy', 'healthcare': 'pharmacy', 'name': 'Farmacia Nicolai'}",3739584261,node
39.809875,9.3943061,"{'amenity': 'pharmacy', 'dispensing': 'yes', 'healthcare': 'pharmacy', 'name': 'Farmacia Bullegas', 'ref:msal': '16063', 'ref:vatin': 'IT02966590925', 'source': 'Ministero della Salute'}",3754238907,node
39.2872956,8.9983167,"{'addr:postcode': '09032', 'addr:street': 'Via Giorgio Asproni', 'amenity': 'post_office', 'name': 'Poste Italiane', 'operator': 'Poste Italiane', 'operator:wikidata': 'Q495026'}",3780625658,node
39.2842762,9.0000853,"{'amenity': 'school', 'name': 'Scuola Elementare'}",3780627190,node
39.7048266,8.9149987,"{'amenity': 'pharmacy', 'dispensing': 'yes', 'healthcare': 'pharmacy', 'name': 'Farmacia Orrù', 'ref:msal': '16157', 'ref:vatin': 'IT02348240900', 'source': 'Ministero della Salute'}",3803609298,node
39.7053947,8.9174886,"{'amenity': 'post_office', 'brand': 'Poste Italiane', 'brand:wikidata': 'Q495026', 'name': 'Ufficio Postale Turri', 'opening_hours': 'Mo-Fr 08:20-13:35; Sa 08:20-12:35;PH off', 'operator': 'Poste Italiane', 'operator:wikidata': 'Q495026', 'ref': '13297'}",3803609299,node
39.7123545,8.8736478,"{'amenity': 'bank', 'atm': 'yes', 'operator': 'Banco di Sardegna'}",3803609328,node
39.7137263,8.8752722,"{'amenity': 'pharmacy', 'dispensing': 'yes', 'name': 'Farmacia Spanedda', 'ref:msal': '16114', 'ref:vatin': 'IT00600470959', 'source': 'Ministero della Salute'}",3803609329,node
39.7140264,8.8755845,"{'amenity': 'post_office', 'brand': 'Poste Italiane', 'brand:wikidata': 'Q495026', 'operator': 'Poste Italiane', 'operator:wikidata': 'Q495026'}",3803609330,node
39.7471981,8.8320889,"{'amenity': 'pharmacy', 'dispensing': 'yes', 'name': 'Farmacia Mura', 'ref:msal': '18531', 'ref:vatin': 'IT03316430929', 'source': 'Ministero della Salute'}",3803609871,node
39.3006478,9.0887687,"{'amenity': 'post_office', 'brand': 'Poste Italiane', 'brand:wikidata': 'Q495026', 'name': 'Ufficio Postale di Sestu', 'opening_hours': 'Mo-Fr 08:20-19:05; Sa 08:20-12:35;PH off', 'operator': 'Poste Italiane', 'operator:wikidata': 'Q495026', 'ref': '13144'}",3948305807,node
40.1238079,8.8382869,"{'amenity': 'pharmacy', 'dispensing': 'yes', 'healthcare': 'pharmacy', 'name': 'Farmacia Calamida', 'ref:msal': '16080', 'ref:vatin': 'IT01226550950', 'source': 'Ministero della Salute'}",3989778482,node
39.934576,9.7065236,"{'addr:housenumber': '8', 'addr:street': 'Via Porto Frailis', 'amenity': 'bank', 'atm': 'yes', 'brand': 'Banco di Sardegna', 'brand:wikidata': 'Q806205', 'name': 'Banco di Sardegna'}",4038371093,node
39.2397217,9.0998528,"{'amenity': 'university', 'name': 'Scuola Universitaria per Mediatori Linguistici'}",4047986991,node
39.2264694,9.2417584,"{'amenity': 'pharmacy', 'dispensing': 'yes', 'healthcare': 'pharmacy', 'name': 'Farmacia Mura Maria Brunella', 'ref:msal': '18943', 'ref:vatin': 'IT00540740917', 'source': 'Ministero della Salute'}",4054067371,node
39.2216396,9.1126439,"{'amenity': 'hospital', 'healthcare': 'hospital', 'name': 'Pronto Soccorso', 'name:it': 'Pronto Soccorso San Giovanni di Dio', 'wheelchair': 'yes'}",4071708527,node
39.2184095,9.1207976,"{'addr:housenumber': '47', 'addr:street': 'Piazza Giuseppe Garibaldi', 'amenity': 'pharmacy', 'dispensing': 'yes', 'healthcare': 'pharmacy', 'name': 'Farmacia San Benedetto', 'operator': 'Francesca e Carla Murru Snc', 'ref:msal': '16340', 'ref:vatin': 'IT03399300924', 'source': 'Ministero della Salute'}",4100069775,node
40.1317898,8.8276407,"{'addr:housenumber': '161', 'addr:street': 'Via Vittorio Emanuele', 'amenity': 'pharmacy', 'dispensing': 'yes', 'healthcare': 'pharmacy', 'name': 'Farmacia Manis', 'ref:msal': '16131', 'ref:vatin': 'IT00686540956', 'source': 'Ministero della Salute'}",4123851267,node
40.1511215,9.2191341,"{'amenity': 'pharmacy', 'dispensing': 'yes', 'healthcare': 'pharmacy', 'name': 'Farmacia San Giorgio', 'ref:msal': '18515', 'ref:vatin': 'IT01495610915', 'source': 'Ministero della Salute'}",4127062746,node
40.733635,8.564992,"{'amenity': 'post_office', 'contact:city': 'Sassari', 'contact:housenumber': '85', 'contact:postcode': '07100', 'contact:street': 'Via Grazia Deledda', 'name': 'Qui Poste', 'opening_hours': '9:00 - 17:00'}",4185097179,node
41.0515199,9.2051269,"{'addr:street': 'Via Giuseppe Garibaldi', 'amenity': 'bank', 'brand': 'Banco di Sardegna', 'brand:wikidata': 'Q806205', 'name': 'Banco di Sardegna'}",4203453590,node
40.3211003,9.3356578,"{'addr:city': 'Nuoro', 'addr:housenumber': '10', 'addr:postcode': '08100', 'addr:street': 'Via Monsignore Giovanni Bua', 'amenity': 'bank', 'atm': 'yes', 'brand': 'Deutsche Bank', 'brand:wikidata': 'Q66048', 'brand:wikipedia': 'en:Deutsche Bank', 'drive_through': 'no', 'email': 'db653.nuoro@db.com', 'fax': '+39 0784 36084', 'name': 'Deutsche Bank', 'opening_hours': 'Mo-Fr 08:20-13:20,14:40-16:30', 'phone': '+39 0784 31521', 'source': 'Regione Autonoma della Sardegna (www.sardegnageoportale.it)', 'website': 'https://www.deutsche-bank.it/', 'wheelchair': 'yes'}",4207169779,node
40.3188263,9.3128755,"{'addr:city': 'Nuoro', 'addr:housenumber': '14', 'addr:postcode': '08100', 'addr:street': 'Via Ichnusa', 'amenity': 'post_office', 'brand': 'Poste Italiane', 'brand:wikidata': 'Q495026', 'fax': '+39 0784 260086', 'name': 'Ufficio Postale Nuoro 3', 'name:sc': 'Ufìtziu postale de via Ichnusa', 'opening_hours': 'Mo-Fr 08:20-13:35; Sa 08:20-12:35', 'operator': 'Poste Italiane', 'operator:wikidata': 'Q495026', 'phone': '+39 0784 264100', 'ref': '80214', 'source': 'Regione Autonoma della Sardegna (www.sardegnageoportale.it)', 'website': 'https://www.poste.it'}",4207195167,node
40.3163691,9.3210899,"{'addr:city': 'Nuoro', 'addr:housenumber': '24', 'addr:postcode': '08100', 'addr:street': 'Via Santa Barbara', 'amenity': 'post_office', 'brand': 'Poste Italiane', 'brand:wikidata': 'Q495026', 'fax': '+39 0784 33999', 'name': 'Ufficio Postale Nuoro 1', 'name:sc': 'Ufìtziu postale de Via Santa Barbara', 'opening_hours': 'Mo-Fr 08:20-19:05; Sa 08:20-12:35', 'operator': 'Poste Italiane', 'operator:wikidata': 'Q495026', 'phone': '+39 0784 241131', 'ref': '80206', 'source': 'Regione Autonoma della Sardegna (www.sardegnageoportale.it)', 'website': 'https://www.poste.it'}",4207227061,node
40.3223914,9.3323517,"{'addr:city': 'Nuoro', 'addr:housenumber': '18', 'addr:postcode': '08100', 'addr:street': 'Via Ignazio Salaris', 'amenity': 'university', 'name': 'Universidade de Nùgoro/Università di Nuoro', 'name:en': 'University of Nuoro', 'name:it': 'Università di Nuoro', 'name:sc': 'Universidade de Nùgoro', 'phone': '+39 0784 244 722', 'source': 'Regione Autonoma della Sardegna (www.sardegnageoportale.it)', 'website': 'https://www.uninuoro.it/'}",4207236764,node
40.3190519,9.3297283,"{'addr:city': 'Nuoro', 'addr:housenumber': '35', 'addr:postcode': '08100', 'addr:street': 'Via Antonio Gramsci', 'amenity': 'bank', 'brand': 'Banco di Sardegna', 'brand:wikidata': 'Q806205', 'fax': '+39 0784295681', 'name': 'Banco di Sardegna', 'opening_hours': 'Mo-Fr 08:20-13:20,15:05-16:30', 'phone': '+39 0784243500', 'source': 'Regione Autonoma della Sardegna (www.sardegnageoportale.it)', 'website': 'https://www.bancosardegna.it/'}",4207270032,node
40.326382,9.3357529,"{'addr:city': 'Nuoro', 'addr:housenumber': '57', 'addr:postcode': '08100', 'addr:street': 'Via Antonio Ballero', 'amenity': 'post_office', 'brand': 'Poste Italiane', 'brand:wikidata': 'Q495026', 'fax': '+39 0784 232140', 'name': 'Ufficio Postale Nuoro 2', 'name:sc': 'Ufìtziu postale de Via Ballero', 'opening_hours': 'Mo-Fr 08:20-13:35; Sa 08:20-12:35', 'operator': 'Poste Italiane', 'operator:wikidata': 'Q495026', 'phone': '+39 0784 241000', 'ref': '80209', 'source': 'Regione Autonoma della Sardegna (www.sardegnageoportale.it)', 'website': 'https://www.poste.it'}",4207364490,node
40.3212907,9.3346774,"{'addr:city': 'Nuoro', 'addr:housenumber': '65', 'addr:postcode': '08100', 'addr:street': 'Corso Giuseppe Garibaldi', 'amenity': 'pharmacy', 'dispensing': 'yes', 'email': 'info@farmaciagali.it', 'healthcare': 'pharmacy', 'name': 'Farmacia Gali', 'opening_hours': 'Mo-Fr 08:30-13:00,16:00-20:00; Sa 08:30-13:00', 'operator': 'Dott.ssa Maria Gali', 'phone': '+39 0784 30143', 'ref:msal': '16016', 'ref:vatin': 'IT01592430910', 'source': 'Ministero della Salute', 'website': 'http://www.farmaciagali.it'}",4207374142,node
40.3194551,9.3074128,"{'addr:city': 'Nuoro', 'addr:housenumber': '81', 'addr:postcode': '08100', 'addr:street': 'Viale della Resistenza', 'amenity': 'bank', 'brand': 'Banco di Sardegna', 'brand:wikidata': 'Q806205', 'drive_through': 'no', 'fax': '+39 0784206800', 'name': 'Banco di Sardegna', 'opening_hours': 'Mo-Fr 08:20-13:20,15:00-16:00', 'operator': 'Banco di Sardegna', 'operator:wikidata': 'Q806205', 'phone': '+39 0784263056', 'source': 'Regione Autonoma della Sardegna (www.sardegnageoportale.it)', 'website': 'https://www.bancosardegna.it/'}",4207397500,node
40.4168899,8.7679968,"{'amenity': 'bank', 'brand': 'Banco di Sardegna', 'brand:wikidata': 'Q806205', 'name': 'Banco di Sardegna'}",4209353089,node
39.2169389,9.1251833,"{'addr:city': 'Cagliari', 'addr:housenumber': '1', 'addr:postcode': '09129', 'addr:street': 'Piazza della Repubblica', 'amenity': 'pharmacy', 'dispensing': 'yes', 'healthcare': 'pharmacy', 'name': 'Farmacia Solinas', 'ref:msal': '16258', 'ref:vatin': 'IT03277490920', 'source': 'Ministero della Salute', 'wheelchair': 'yes'}",4228895009,node
39.2197918,9.1300479,"{'addr:city': 'Cagliari', 'addr:housenumber': '10', 'addr:street': 'Via Pierluigi da Palestrina', 'amenity': 'bank', 'atm': 'yes', 'brand': 'Intesa Sanpaolo', 'brand:wikidata': 'Q1343118', 'name': 'Intesa Sanpaolo', 'source': 'Regione Autonoma della Sardegna (www.sardegnageoportale.it)'}",4228907551,node
39.2362284,9.1080529,"{'addr:city': 'Cagliari', 'addr:housenumber': '123', 'addr:street': 'Via Is Mirrionis', 'amenity': 'pharmacy', 'name': 'Dr. Piga', 'opening_hours': 'Mo-Sa 08:00-20:00; Su 09:00-13:30', 'source': 'Regione Autonoma della Sardegna (www.sardegnageoportale.it)'}",4228925373,node
39.2181547,9.128125,"{'addr:city': 'Cagliari', 'addr:housenumber': '11', 'addr:street': 'Via Luigi Amat', 'amenity': 'bank', 'brand': 'Monte dei Paschi di Siena', 'brand:wikidata': 'Q46730', 'name': 'Monte dei Paschi di Siena', 'operator': 'Monte dei Paschi di Siena', 'source': 'Regione Autonoma della Sardegna (www.sardegnageoportale.it)'}",4228929941,node
39.2375278,9.1038377,"{'addr:city': 'Cagliari', 'addr:housenumber': '120', 'addr:postcode': '09122', 'addr:street': 'Via Is Mirrionis', 'amenity': 'pharmacy', 'dispensing': 'yes', 'healthcare': 'pharmacy', 'name': 'Farmacie Sanna Deplano', 'opening_hours': 'Mo-Fr, Su 08:30-20:00', 'ref:msal': '16296', 'ref:vatin': 'IT03175890924', 'source': 'Ministero della Salute'}",4228964314,node
39.2368697,9.1065093,"{'addr:city': 'Cagliari', 'addr:housenumber': '179', 'addr:street': 'Via Is Mirrionis', 'amenity': 'pharmacy', 'source': 'Regione Autonoma della Sardegna (www.sardegnageoportale.it)'}",4228979837,node
39.2368693,9.1027365,"{'addr:city': 'Cagliari', 'addr:housenumber': '30', 'addr:street': 'Via Monte Santo', 'amenity': 'post_office', 'brand': 'Poste Italiane', 'brand:wikidata': 'Q495026', 'name': 'Uffici Postale Cagliari 9', 'opening_hours': 'Mo-Fr 08:20-19:05; Sa 08:20-12:35', 'operator': 'Poste Italiane', 'operator:wikidata': 'Q495026', 'ref': '13310', 'source': 'Regione Autonoma della Sardegna (www.sardegnageoportale.it)'}",4229095914,node
39.216857,9.1134059,"{'addr:city': 'Cagliari', 'addr:housenumber': '39', 'addr:postcode': '09124', 'addr:street': 'Largo Carlo Felice di Savoia', 'amenity': 'pharmacy', 'drive_through': 'no', 'healthcare': 'pharmacy', 'name': 'Parafarmacia Piga', 'payment:bancomat': 'yes', 'payment:cash': 'yes', 'payment:mastercard': 'yes', 'payment:visa': 'yes', 'payment:visa_debit': 'yes', 'phone': '+39070667625', 'source': 'Regione Autonoma della Sardegna (www.sardegnageoportale.it)', 'website': 'https://parafarmaciapiga.it/'}",4229141410,node
39.2168276,9.1247358,"{'addr:city': 'Cagliari', 'addr:housenumber': '50', 'addr:street': 'Via Dante Alighieri', 'amenity': 'pharmacy', 'dispensing': 'no', 'healthcare': 'pharmacy', 'name': 'Piga', 'wheelchair': 'no'}",4229580804,node
39.206864,9.1317763,"{'addr:city': 'Cagliari', 'addr:housenumber': '7a', 'addr:street': 'Via Messina', 'amenity': 'clinic', 'description': 'medico estetico, otorinolaringoiatra', 'healthcare': 'clinic', 'healthcare:speciality': 'otolaryngology;plastic_surgery', 'name': 'Otorinolaringoiatra e Medico Estetico. Dott. Manca Thomas', 'opening_hours': 'Tu,Th 16:00-20:00', 'operator': 'Dottor Manca Thomas', 'operator:type': 'private', 'phone': '+39 347 171 1176', 'source': 'Regione Autonoma della Sardegna (www.sardegnageoportale.it)', 'website': 'https://www.otorinocagliari.it/', 'wheelchair': 'yes'}",4229623377,node
39.2311992,9.1152113,"{'addr:city': 'Cagliari', 'addr:housenumber': '80a', 'addr:postcode': '09127', 'addr:street': 'Via Liguria', 'amenity': 'pharmacy', 'dispensing': 'yes', 'healthcare': 'pharmacy', 'name': 'Farmacia Eredi Orrù', 'operator': 'Farmacia Eredi Orrù L.', 'phone': '+39 070 275811', 'ref:msal': '16307', 'ref:vatin': 'IT02148370923', 'source': 'Ministero della Salute'}",4229653328,node
40.9342673,9.4985739,"{'amenity': 'bank', 'brand': 'Deutsche Bank', 'brand:wikidata': 'Q66048', 'name': 'Deutsche Bank'}",4263514495,node
40.9325195,9.4845426,"{'addr:city': 'Olbia', 'addr:housenumber': '100', 'addr:postcode': '07026', 'addr:street': 'Via Salvatore Petta', 'amenity': 'pharmacy', 'dispensing': 'yes', 'healthcare': 'pharmacy', 'name': 'Farmacia Olbia San Nicola', 'ref:msal': '20769', 'ref:vatin': 'IT02848130908', 'source': 'Ministero della Salute'}",4268182080,node
40.9332308,9.499171,"{'addr:city': 'Olbia', 'addr:housenumber': '68', 'addr:postcode': '07026', 'addr:street': 'Viale Aldo Moro', 'amenity': 'pharmacy', 'dispensing': 'yes', 'healthcare': 'pharmacy', 'name': 'Farmacia Etzi-Delitala', 'ref:msal': '15944', 'ref:vatin': 'IT01860120904', 'source': 'Ministero della Salute'}",4269998236,node
39.3739607,9.1598783,"{'addr:city': 'Serdiana', 'addr:housenumber': '3a', 'addr:postcode': '09040', 'addr:street': 'Via Giuseppe Manno', 'amenity': 'pharmacy', 'dispensing': 'yes', 'healthcare': 'pharmacy', 'name': 'Farmacia Tola', 'phone': '+39 070 740363', 'ref:msal': '16332', 'ref:vatin': 'IT02398290920', 'source': 'Ministero della Salute'}",4274010282,node
39.2227122,9.1217112,"{'addr:city': 'Cagliari', 'addr:housenumber': '63', 'addr:postcode': '09127', 'addr:street': 'Via Ottone Bacaredda', 'amenity': 'pharmacy', 'dispensing': 'yes', 'healthcare': 'pharmacy', 'name': 'Farmacia Mambrini', 'phone': '+39 070 754 9709', 'ref:msal': '16283', 'ref:vatin': 'IT03142670920', 'source': 'Ministero della Salute', 'wheelchair': 'yes'}",4275413194,node
39.2186169,9.1115812,"{'amenity': 'pharmacy', 'dispensing': 'no', 'healthcare': 'pharmacy', 'name': 'Parafarmacia'}",4278074532,node
39.3145442,8.436052,"{'amenity': 'post_office', 'brand': 'Poste Italiane', 'brand:wikidata': 'Q495026', 'name': 'Ufficio Postale di Nebida', 'opening_hours': 'Mo-Fr 08:20-13:35; Sa 08:20-12:35;PH off', 'operator': 'Poste Italiane', 'operator:wikidata': 'Q495026', 'ref': '13089'}",4279220573,node
39.3148727,8.4360662,"{'amenity': 'pharmacy', 'dispensing': 'yes', 'healthcare': 'pharmacy', 'name': 'Farmacia Cicilloni', 'ref:msal': '16195', 'ref:vatin': 'IT00542310925', 'source': 'Ministero della Salute'}",4279220574,node
40.4401319,9.7657031,"{'amenity': 'pharmacy', 'dispensing': 'yes', 'healthcare': 'pharmacy', 'name': 'Farmacia Abu Marhil Wail', 'note': 'Orari 9-12:30 / 16:30-19:30 Sabato pomeriggio riposo Farmacia di turno: Comune di Loculi', 'operator': 'Marco Boe', 'ref:msal': '17897', 'ref:vatin': 'IT02721260905', 'source': 'Ministero della Salute'}",4313374934,node
40.9319245,9.0663878,"{'amenity': 'post_office', 'brand': 'Poste Italiane', 'brand:wikidata': 'Q495026', 'operator': 'Poste Italiane', 'operator:wikidata': 'Q495026'}",4321158888,node
40.0821172,8.6159286,"{'addr:city': 'Seneghe', 'addr:housenumber': '52', 'addr:postcode': '09070', 'addr:street': 'Corso Umberto', 'amenity': 'pharmacy', 'dispensing': 'yes', 'healthcare': 'pharmacy', 'name': 'Farmacia Mura D.ssa Maria Rita', 'opening_hours': 'Sep-May Mo-Sa 09:00-12:30,16:30-19:00; Jun-Aug Mo-Sa 09:00-12:30,17:00-19:30', 'phone': '+39 078354537', 'ref:msal': '16077', 'ref:vatin': 'IT00080570955', 'source': 'Ministero della Salute'}",4329596667,node
40.0809882,8.6114993,"{'addr:city': 'Seneghe', 'addr:housenumber': '6', 'addr:postcode': '09070', 'addr:street': 'Via Monte Sa Rocca', 'amenity': 'post_office', 'brand': 'Poste Italiane', 'brand:wikidata': 'Q495026', 'name': 'Ufficio Postale di Seneghe', 'opening_hours': 'Mo-Fr 08:20-13:35; Sa 08:20-12:35;PH off', 'operator': 'Poste Italiane', 'operator:wikidata': 'Q495026', 'phone': '+39 0783 54042', 'ref': '72055', 'website': 'https://www.poste.it/'}",4329596669,node
40.7150488,8.552591,"{'addr:housenumber': '22', 'addr:postcode': '07100', 'addr:street': 'Via Budapest', 'amenity': 'bank', 'branch': 'Banco di Roma', 'brand': 'UniCredit Bank', 'brand:wikidata': 'Q45568', 'name': 'UniCredit Bank'}",4351677289,node
40.5732978,9.6933431,"{'amenity': 'pharmacy', 'dispensing': 'yes', 'healthcare': 'pharmacy', 'name': 'Farmacia Carzedda', 'name:it': 'Farmacia Carzedda', 'ref:msal': '16037', 'ref:vatin': 'IT00204860910', 'source': 'Ministero della Salute'}",4358957901,node
39.1694973,8.5217168,"{'addr:city': 'Carbonia', 'addr:housenumber': '78', 'addr:postcode': '09013', 'addr:street': 'Via Antonio Gramsci', 'amenity': 'pharmacy', 'dispensing': 'yes', 'healthcare': 'pharmacy', 'name': 'Farmacia Urgu Snc', 'ref:msal': '16213', 'ref:vatin': 'IT00013230925', 'source': 'Ministero della Salute'}",4365897601,node
39.1665617,8.5256647,"{'amenity': 'pharmacy', 'dispensing': 'yes', 'healthcare': 'pharmacy', 'name': 'Farmacia Costa Snc', 'ref:msal': '16229', 'ref:vatin': 'IT02554560926', 'source': 'Ministero della Salute'}",4365934994,node
39.1608947,8.5271857,"{'addr:housenumber': '85', 'addr:street': 'Viale Trento', 'amenity': 'pharmacy', 'dispensing': 'yes', 'healthcare': 'pharmacy', 'name': 'Farmacia Fenu di Sotgiu Giuseppe & C. Snc', 'ref:msal': '16224', 'ref:vatin': 'IT03398490924', 'source': 'Ministero della Salute'}",4365934995,node
39.1668414,8.5267734,"{'amenity': 'bank', 'atm': 'yes', 'brand': 'BNL', 'brand:wikidata': 'Q2201225', 'name': 'BNL', 'official_name': 'Banca Nazionale del Lavoro'}",4374701067,node
39.167131,8.5260518,"{'amenity': 'bank', 'atm': 'yes', 'brand': 'UniCredit', 'brand:wikidata': 'Q45568', 'name': 'UniCredit'}",4374701068,node
39.165003,8.5133207,"{'amenity': 'clinic', 'healthcare': 'clinic', 'name': 'A.S.L. 7'}",4374721877,node
40.8252718,8.4202802,"{'addr:city': 'Portotorres', 'addr:housenumber': '10', 'addr:postcode': '07046', 'addr:street': 'Via del Mirto', 'amenity': 'pharmacy', 'contact:facebook': 'https://www.facebook.com/farmaciadelmirto/', 'dispensing': 'yes', 'healthcare': 'pharmacy', 'name': 'Farmacia del Mirto', 'phone': '+39 079 4131481', 'ref:msal': '20136', 'ref:vatin': 'IT02753000906', 'source': 'Ministero della Salute'}",4377545197,node
40.8346065,8.4061459,"{'addr:city': 'Portotorres', 'addr:housenumber': '21', 'addr:postcode': '07046', 'addr:street': 'Via Satta', 'amenity': 'pharmacy', 'dispensing': 'yes', 'healthcare': 'pharmacy', 'name': 'Farmacia Manca Arru', 'name:it': 'Farmacia Manca Arru', 'ref:msal': '15883', 'ref:vatin': 'IT01823570906', 'source': 'Ministero della Salute'}",4377549753,node
40.8383519,8.4013365,"{'addr:city': 'Portotorres', 'addr:housenumber': '12', 'addr:postcode': '07046', 'addr:street': 'Piazza 20 Settembre', 'amenity': 'bank', 'atm': 'yes', 'brand': 'Banco di Sardegna', 'brand:wikidata': 'Q806205', 'brand:wikipedia': 'en:Banco di Sardegna', 'drive_through': 'no', 'name': 'Banco di Sardegna', 'source': 'Regione Autonoma della Sardegna (www.sardegnageoportale.it)'}",4377580939,node
40.837232,8.4017534,"{'addr:city': 'Portotorres', 'addr:housenumber': '32', 'addr:postcode': '07046', 'addr:street': 'Via Ponte Romano', 'amenity': 'bank', 'brand': 'UniCredit Bank', 'brand:wikidata': 'Q45568', 'name': 'UniCredit Bank', 'name:it': 'Unicredit', 'source': 'Regione Autonoma della Sardegna (www.sardegnageoportale.it)'}",4377609431,node
40.8375884,8.4002474,"{'addr:city': 'Portotorres', 'addr:housenumber': '8', 'addr:postcode': '07046', 'addr:street': 'Via Domenico Alberto Azuni', 'amenity': 'clinic', 'healthcare': 'clinic', 'name': 'Avis', 'name:it': 'Avis', 'source': 'Regione Autonoma della Sardegna (www.sardegnageoportale.it)'}",4377670126,node
40.8360422,8.4012914,"{'addr:city': 'Portotorres', 'addr:housenumber': '75', 'addr:postcode': '07046', 'addr:street': 'Corso Vittorio Emanuele Secondo', 'amenity': 'pharmacy', 'dispensing': 'yes', 'healthcare': 'pharmacy', 'name': 'Farmacia Rubattu', 'ref:msal': '15820', 'ref:vatin': 'IT00328580907', 'source': 'Ministero della Salute'}",4377729313,node
41.2122843,9.4064972,"{'amenity': 'bank', 'atm': 'yes', 'name': 'Banca Intesa San Paolo'}",4380482253,node
41.2131655,9.4053773,"{'amenity': 'pharmacy', 'healthcare': 'pharmacy', 'name': 'Farmacia Corda', 'opening_hours': 'Mo-Fr 08:30-13:00, 16:30-20:00; Sa 08:30-13:00'}",4380487736,node
41.2130484,9.4068588,"{'amenity': 'pharmacy', 'healthcare': 'pharmacy'}",4380487737,node
39.9275011,9.6696955,"{'amenity': 'bank', 'atm': 'yes', 'brand': 'UniCredit', 'brand:wikidata': 'Q45568', 'name': 'UniCredit'}",4393273539,node
39.9268011,9.6655465,"{'amenity': 'pharmacy', 'dispensing': 'yes', 'healthcare': 'pharmacy', 'name': 'Farmacia Serafini', 'ref:msal': '16061', 'ref:vatin': 'IT00878530914', 'source': 'Ministero della Salute'}",4393588797,node
39.9259472,9.6613342,"{'amenity': 'bank', 'atm': 'yes', 'brand': 'BNL', 'brand:wikidata': 'Q2201225', 'check_date': '2026-07-15', 'name': 'BNL', 'official_name': 'Banca Nazionale del Lavoro'}",4394929590,node
39.9270841,9.657789,"{'amenity': 'bank', 'atm': 'yes', 'brand': 'Banco di Sardegna', 'brand:wikidata': 'Q806205', 'name': 'Banco di Sardegna'}",4400790568,node
39.4203996,9.5805881,"{'amenity': 'bank', 'atm': 'yes', 'brand': 'BNL', 'brand:wikidata': 'Q2201225', 'name': 'BNL', 'official_name': 'Banca Nazionale del Lavoro'}",4404922345,node
41.1398785,9.4784296,"{'amenity': 'pharmacy', 'name': 'Parafarmacia', 'payment:cash': 'yes', 'payment:mastercard': 'yes', 'payment:visa': 'yes'}",4417210511,node
41.2201287,9.4328135,"{'amenity': 'post_office', 'name': 'PT ufficio di Moneta'}",4419583525,node
39.2165699,9.1130474,"{'amenity': 'bank', 'atm': 'yes', 'brand': 'UniCredit', 'brand:wikidata': 'Q45568', 'name': 'UniCredit'}",4438870387,node
39.2202257,9.1074424,"{'addr:city': 'Cagliari', 'addr:street': 'Corso Vittorio Emanuele II', 'amenity': 'pharmacy', 'dispensing': 'no', 'healthcare': 'pharmacy', 'name': 'Parafarmacia Piga'}",4440523603,node
41.2166121,9.4127487,"{'amenity': 'pharmacy', 'dispensing': 'yes', 'healthcare': 'pharmacy', 'name': 'Farmacia Buffardo'}",4443750349,node
39.9784574,8.5383387,"{'amenity': 'post_office', 'brand': 'Poste Italiane', 'brand:wikidata': 'Q495026', 'name': 'Ufficio Postale di Nurachi', 'opening_hours': 'Mo-Fr 08:20-13:35; Sa 08:20-12:35;PH off', 'operator': 'Poste Italiane', 'operator:wikidata': 'Q495026', 'ref': '72039'}",4449190916,node
39.227809,9.1197339,"{'addr:housenumber': '172', 'addr:postcode': '09127', 'addr:street': 'Via Ottone Bacaredda', 'amenity': 'pharmacy', 'contact:phone': '+39 070 493145', 'dispensing': 'yes', 'healthcare': 'pharmacy', 'name': 'Farmacia Pedrazzini', 'ref:msal': '16253', 'ref:vatin': 'IT03402820926', 'source': 'Ministero della Salute', 'wheelchair': 'no'}",4449256153,node
39.7520223,8.6401488,"{'addr:city': 'Marrubiu', 'addr:housenumber': '11a', 'addr:postcode': '09094', 'addr:street': 'Via Piemonte', 'amenity': 'post_office', 'atm': 'yes', 'brand': 'Poste Italiane', 'brand:wikidata': 'Q495026', 'brand:wikipedia': 'en:Poste italiane', 'name': 'Poste Italiane', 'opening_hours': 'Mo-Fr 08:20-13:35, Sa 08:20-12:35; Su, PH off', 'operator': 'Poste Italiane', 'phone': '+39 0783 858067'}",4466665107,node
39.2522177,9.1641555,"{'addr:city': 'Selargius', 'addr:housenumber': '27', 'addr:postcode': '09047', 'addr:street': 'Via Istria', 'amenity': 'bank', 'atm': 'yes', 'name': 'Banco di Sardegna'}",4471683757,node
40.560686,8.3173238,"{'addr:city': 'Alghero', 'addr:housenumber': '20', 'addr:postcode': '07041', 'addr:street': 'Via Alberto La Marmora', 'amenity': 'bank', 'atm': 'yes', 'brand': 'Banco di Sardegna', 'brand:wikidata': 'Q806205', 'name': 'Banco di Sardegna', 'operator': 'Banco di Sardegna', 'operator:wikidata': 'Q806205', 'website': 'https://www.bancasassari.it/'}",4473478469,node
40.5549464,8.3204242,"{'addr:city': 'Alghero', 'addr:housenumber': '32', 'addr:postcode': '07041', 'addr:street': 'Viale Giovanni XXIII', 'amenity': 'pharmacy', 'contact:phone': '+39 079 979137', 'dispensing': 'yes', 'healthcare': 'pharmacy', 'name': 'Farmacia Cargiaghe', 'ref:msal': '15950', 'ref:vatin': 'IT01799590904', 'source': 'Ministero della Salute'}",4473478473,node
40.5605923,8.3156,"{'addr:city': 'Alghero', 'addr:housenumber': '13', 'addr:postcode': '07041', 'addr:street': 'Via Giuseppe Garibaldi', 'amenity': 'pharmacy', 'dispensing': 'yes', 'drive_through': 'no', 'healthcare': 'pharmacy', 'level': '0', 'name': 'Farmacia Bulla Angela', 'opening_hours': 'Mo-Sa 09:00-13:00,16:30-20:00', 'operator': 'Margherita Lendini', 'phone': '+39 079 952115', 'ref:msal': '15955', 'ref:vatin': 'IT01599900907', 'source': 'Ministero della Salute'}",4473478480,node
40.5564055,8.3159512,"{'addr:city': 'Alghero', 'addr:housenumber': '10', 'addr:postcode': '07041', 'addr:street': 'Via Fratelli Kennedy', 'amenity': 'pharmacy', 'dispensing': 'yes', 'healthcare': 'pharmacy', 'name': 'Farmacia Fratelli Cabras', 'ref:msal': '15943', 'ref:vatin': 'IT01566510903', 'source': 'Ministero della Salute'}",4473478481,node
40.5686228,8.3220501,"{'addr:city': 'Alghero', 'addr:housenumber': '128b', 'addr:postcode': '07041', 'addr:street': 'Via degli Orti', 'amenity': 'bank', 'brand': 'Intesa Sanpaolo', 'brand:wikidata': 'Q1343118', 'name': 'Intesa Sanpaolo'}",4473484691,node
40.5589459,8.3182392,"{'addr:city': 'Alghero', 'addr:housenumber': '30', 'addr:postcode': '07041', 'addr:street': 'Via Giuseppe Mazzini', 'amenity': 'pharmacy', 'healthcare': 'pharmacy', 'name': 'Ortopedia Podocenter', 'name:it': 'Ortopedia Podocenter', 'opening_hours': 'Mo-Fr 09:00-13:00'}",4473512832,node
40.5584379,8.3157341,"{'addr:city': 'Alghero', 'addr:housenumber': '8', 'addr:postcode': '07041', 'addr:street': 'Via Sassari', 'amenity': 'pharmacy', 'contact:phone': '+39 079 979026', 'dispensing': 'yes', 'healthcare': 'pharmacy', 'name': 'Farmacia Mugoni', 'ref:msal': '15952', 'ref:vatin': 'IT01886580909', 'source': 'Ministero della Salute'}",4473537679,node
39.1681343,8.5241377,"{'addr:city': 'Carbonia', 'addr:housenumber': '53', 'addr:postcode': '09013', 'addr:street': 'Via Antonio Gramsci', 'amenity': 'bank', 'atm': 'yes', 'name': 'Banco di Sardegna'}",4474894869,node
39.1603763,8.5301088,"{'addr:city': 'Carbonia', 'addr:housenumber': '7', 'addr:postcode': '09013', 'addr:street': 'Piazza Don Alfredo Tocco', 'amenity': 'pharmacy', 'dispensing': 'yes', 'healthcare': 'pharmacy', 'name': 'Farmacia Giglio Laura', 'ref:msal': '17249', 'ref:vatin': 'IT03757960921', 'source': 'Ministero della Salute'}",4474894870,node
39.1727349,8.5210588,"{'addr:city': 'Carbonia', 'addr:housenumber': '7', 'addr:postcode': '09013', 'addr:street': 'Via Liguria', 'amenity': 'pharmacy', 'contact:facebook': 'farmaciaturacchi.it', 'dispensing': 'yes', 'email': 'info@farmaciaturacchi.it', 'healthcare': 'pharmacy', 'name': 'Farmacia Turacchi Gloria', 'opening_hours': 'Mo-Sa 08:30-13:30,15:30-22:00', 'phone': '+39 0781 61924', 'ref:msal': '16220', 'ref:vatin': 'IT00105200927', 'source': 'Ministero della Salute', 'website': 'https://www.farmaciaturacchi.it', 'wheelchair': 'yes'}",4474894871,node
40.2967559,8.4992774,"{'addr:city': 'Bosa', 'addr:housenumber': '7b', 'addr:postcode': '08013', 'addr:street': 'Via Alberto La Marmora', 'amenity': 'pharmacy', 'check_date': '2024-09-12', 'dispensing': 'yes', 'healthcare': 'pharmacy', 'name': 'Farmacia Dott. Franco Solinas', 'ref:msal': '15959', 'ref:vatin': 'IT01452060914', 'source': 'Ministero della Salute'}",4475204466,node
40.2957344,8.5022187,"{'addr:city': 'Bosa', 'addr:housenumber': '51', 'addr:postcode': '08013', 'addr:street': 'Corso Vittorio Emanuele Secondo', 'amenity': 'pharmacy', 'check_date': '2024-09-12', 'dispensing': 'yes', 'drive_through': 'no', 'healthcare': 'pharmacy', 'name': 'Farmacia Sardu', 'operator': 'Dr. Sardu Francesco & C. S.n.c.', 'phone': '+39 0785 373132', 'ref:msal': '15997', 'ref:vatin': 'IT01398130912', 'source': 'Ministero della Salute'}",4475205520,node
39.9563358,8.86583,"{'amenity': 'post_office', 'brand': 'Poste Italiane', 'brand:wikidata': 'Q495026', 'name': 'Ufficio Postale di Allai', 'opening_hours': 'Mo,We,Fr 08:20-13:45', 'operator': 'Poste Italiane', 'operator:wikidata': 'Q495026', 'ref': '72095'}",4475788098,node
40.8876023,9.5891478,"{'amenity': 'school', 'fee': 'no', 'isced:level': '1', 'name': 'Scuola Primaria Murta Maria', 'ref': 'SSEE82507N'}",4477835890,node
39.2706891,9.0499994,"{'addr:city': 'Elmas', 'addr:housenumber': '16', 'addr:postcode': '09030', 'addr:street': 'Via del Pino Solitario', 'amenity': 'post_office', 'brand': 'Poste Italiane', 'brand:wikidata': 'Q495026', 'brand:wikipedia': 'en:Poste italiane', 'name': 'Ufficio Postale Elmas', 'opening_hours': 'Mo-Fr 08:20-13:35; Sa 08:20-12:35;PH off', 'operator': 'Poste Italiane', 'operator:wikidata': 'Q495026', 'ref': '13046', 'wheelchair': 'yes'}",4479821313,node
40.902659,9.5152904,"{'amenity': 'school', 'check_date': '2026-08-11', 'level': '1', 'name': 'Polo universitario di Olbia', 'name:it': 'Polo universitario di Olbia'}",4479857390,node
39.2877109,8.9599905,"{'addr:city': 'Uta', 'addr:housenumber': '1', 'addr:postcode': '09010', 'addr:street': 'Via Montegranatico', 'amenity': 'bank', 'brand': 'Banco di Sardegna', 'brand:wikidata': 'Q806205', 'name': 'Banco di Sardegna', 'operator': 'Banco di Sardegna'}",4482268889,node
39.2925175,8.9527545,"{'addr:city': 'Uta', 'addr:housenumber': '5', 'addr:postcode': '09010', 'addr:street': 'Via Stazione', 'amenity': 'pharmacy', 'dispensing': 'yes', 'healthcare': 'pharmacy', 'name': 'Farmacia Schlich', 'ref:msal': '16242', 'ref:vatin': 'IT03742930922', 'source': 'Ministero della Salute'}",4482268894,node
39.2932799,8.9527994,"{'addr:city': 'Uta', 'addr:housenumber': '11a', 'addr:postcode': '09010', 'addr:street': 'Via Torino', 'amenity': 'pharmacy', 'dispensing': 'no', 'name': 'Parafarmacia Lecca'}",4482283313,node
39.2918635,8.9581674,"{'addr:city': 'Uta', 'addr:housenumber': '97a', 'addr:postcode': '09010', 'addr:street': 'Via Regina Margherita', 'amenity': 'school', 'fee': 'no', 'isced:level': '2', 'name': 'Scuola Secondaria di Primo Grado Ennio Porrino', 'ref': 'CAMM874017'}",4482283317,node
40.2838514,9.6358897,"{'addr:city': 'Cala Gonone', 'addr:housenumber': '36', 'addr:postcode': '08022', 'addr:street': 'Viale Cristoforo Colombo', 'amenity': 'pharmacy', 'dispensing': 'yes', 'healthcare': 'pharmacy', 'name': 'Farmacia Cala Luna', 'ref:msal': '16027', 'ref:vatin': 'IT00906250915', 'source': 'Ministero della Salute'}",4484070293,node
40.2890262,9.5904042,"{'addr:city': 'Dorgali', 'addr:housenumber': '13', 'addr:postcode': '08022', 'addr:street': 'Corso Umberto Primo', 'amenity': 'pharmacy', 'dispensing': 'yes', 'healthcare': 'pharmacy', 'name': 'Farmacia Fancello', 'ref:msal': '16033', 'ref:vatin': 'IT01537690917', 'source': 'Ministero della Salute'}",4484070296,node
39.9580917,8.7072134,"{'addr:city': 'Zerfaliu', 'addr:housenumber': '4', 'addr:postcode': '09070', 'addr:street': 'Via Cagliari', 'amenity': 'post_office', 'atm': 'no', 'brand': 'Poste Italiane', 'brand:wikidata': 'Q495026', 'name': 'Ufficio Postale di Zerfaliu', 'opening_hours': 'Mo-Fr 08:20-13:45; Sa 8:20-12:45; PH off; Aug 06 off', 'operator': 'Poste Italiane', 'operator:wikidata': 'Q495026', 'ref': '72076', 'wheelchair': 'yes'}",4484283047,node
40.8996553,9.1018964,"{'addr:city': 'Tempio Pausania', 'addr:housenumber': '3', 'addr:postcode': '07029', 'addr:street': 'Viale Bernardo Demuro', 'amenity': 'school', 'name': 'Liceo Giovanni Maria Dettori'}",4485121689,node
41.0815698,9.3863876,"{'addr:city': 'Arzachena', 'addr:housenumber': '159', 'addr:postcode': '07021', 'addr:street': 'Viale Costa Smeralda', 'amenity': 'post_office', 'name': 'Poste Italiane', 'operator': 'Poste Italiane', 'operator:wikidata': 'Q495026'}",4485658829,node
39.1449768,8.3068561,"{'addr:city': 'U Pàize/Carloforte', 'addr:housenumber': '63', 'addr:postcode': '09014', 'addr:street': 'Via Venti settembre', 'amenity': 'pharmacy', 'dispensing': 'yes', 'healthcare': 'pharmacy', 'name': 'Farmacia Danero', 'phone': '+39 0781 854011', 'ref:msal': '16211', 'ref:vatin': 'IT04126320920', 'source': 'Ministero della Salute'}",4492706215,node
40.9145394,8.710082,"{'addr:city': 'Castelsardo', 'addr:housenumber': '49', 'addr:postcode': '07031', 'addr:street': 'Via Roma', 'amenity': 'bank', 'atm': 'yes', 'brand': 'Banco di Sardegna', 'brand:wikidata': 'Q806205', 'name': 'Banco di Sardegna'}",4493010507,node
40.9138678,8.712385,"{'addr:city': 'Castelsardo', 'addr:housenumber': '18', 'addr:postcode': '07031', 'addr:street': 'Via Trieste', 'amenity': 'pharmacy', 'dispensing': 'no', 'healthcare': 'pharmacy', 'name': 'Parafarmacia'}",4493012335,node
40.9138311,8.7130421,"{'addr:city': 'Castelsardo', 'addr:housenumber': '2', 'addr:postcode': '07031', 'addr:street': 'Via Cristoforo Colombo', 'amenity': 'bank', 'atm': 'yes', 'brand': 'Intesa Sanpaolo', 'brand:wikidata': 'Q1343118', 'name': 'Intesa Sanpaolo'}",4493012348,node
40.9134485,8.7086244,"{'addr:city': 'Castelsardo', 'addr:housenumber': '89', 'addr:postcode': '07031', 'addr:street': 'Via Roma', 'amenity': 'pharmacy', 'check_date': '2026-07-15', 'check_date:opening_hours': '2026-07-15', 'dispensing': 'yes', 'healthcare': 'pharmacy', 'name': 'Farmacia Pilo', 'opening_hours': 'Mo-Sa 09:00-13:00, 16:00-20:00; Su 09:00-13:00, 17:00-20:00', 'ref:msal': '15874', 'ref:vatin': 'IT02334160906', 'source': 'Ministero della Salute'}",4493012833,node
39.3038666,9.1955806,"{'addr:city': 'Sinnai', 'addr:housenumber': '15', 'addr:postcode': '09048', 'addr:street': 'Via Pineta', 'amenity': 'pharmacy', 'dispensing': 'yes', 'healthcare': 'pharmacy', 'name': 'Farmacia Dottoressa Conigiu', 'operator': 'Conigiu Maria Giuseppina', 'ref:msal': '18519', 'ref:vatin': 'IT00629180951', 'source': 'Ministero della Salute'}",4496804108,node
39.1399137,9.521908,"{'addr:city': 'Villasimius', 'addr:housenumber': '72', 'addr:postcode': '09049', 'addr:street': 'Via del Mare', 'amenity': 'post_office', 'atm': 'yes', 'brand': 'Poste Italiane', 'brand:wikidata': 'Q495026', 'name': 'Ufficio Postale di Villasimius', 'opening_hours': 'Mo-Fr 08:20-13:35; Sa 08:20-12:35;PH off', 'operator': 'Poste Italiane', 'operator:wikidata': 'Q495026', 'ref': '13189', 'source': 'Regione Autonoma della Sardegna'}",4497980757,node
40.6342663,9.7193797,"{'addr:city': 'Posada', 'addr:housenumber': '83', 'addr:postcode': '08020', 'addr:street': 'Via Nazionale', 'amenity': 'post_office', 'brand': 'Poste Italiane', 'brand:wikidata': 'Q495026', 'name': 'Ufficio Postale di Posada', 'opening_hours': 'Mo-Fr 08:20-13:35; Sa 08:20-12:35;PH off', 'operator': 'Poste Italiane', 'operator:wikidata': 'Q495026', 'phone': '+39 0784 854024', 'ref': '80169', 'source': 'Regione Autonoma della Sardegna'}",4506822594,node
40.7100365,9.6997645,"{'addr:city': 'Budoni', 'addr:housenumber': '2', 'addr:postcode': '08020', 'addr:street': 'Via Antonio Segni', 'amenity': 'pharmacy', 'name': 'Farmacia Garau', 'opening_hours': 'Mo-Sa 09:00-13:00,16:30-20:00', 'phone': '+39 0784 844014', 'source': 'Regione Autonoma della Sardegna', 'website': 'https://www.farmaciagaraubudoni.com/'}",4512330316,node
39.3454342,9.3609683,"{'addr:city': 'Burcei', 'addr:housenumber': '2', 'addr:postcode': '09040', 'addr:street': 'Via Trento', 'amenity': 'pharmacy', 'dispensing': 'yes', 'healthcare': 'pharmacy', 'name': 'Farmacia Fiorentino e Stochino', 'official_name': 'Farmacia Fiorentino G. e Stochino G. S.N.C.', 'ref:msal': '16338', 'ref:vatin': 'IT03602330924', 'source': 'Ministero della Salute'}",4512451634,node
39.0632666,9.0068868,"{'addr:city': 'Sarroch', 'addr:housenumber': '151', 'addr:postcode': '09018', 'addr:street': 'Via Cagliari', 'amenity': 'pharmacy', 'dispensing': 'yes', 'healthcare': 'pharmacy', 'name': 'Farmacia Concas', 'ref:msal': '16264', 'ref:vatin': 'IT02147320929', 'source': 'Ministero della Salute'}",4522678508,node
41.2164792,9.4157767,"{'addr:city': 'La Maddalena', 'addr:housenumber': '27', 'addr:postcode': '07024', 'addr:street': 'Via Ammiraglio Mirabello', 'amenity': 'school', 'name': 'Acque Libere ONLUS', 'phone': '+39 339 6958647', 'toilets:wheelchair': 'yes', 'website': 'https://www.acque-libere.org/', 'wheelchair': 'yes'}",4523772191,node
41.09872,9.52349,{'amenity': 'pharmacy'},4550869405,node
41.181856,9.3842806,"{'amenity': 'bank', 'atm': 'yes'}",4564676059,node
39.6921287,8.9103334,"{'amenity': 'pharmacy', 'dispensing': 'yes', 'name': 'Farmacia Massa', 'ref:msal': '16176', 'ref:vatin': 'IT01278580954', 'source': 'Ministero della Salute'}",4592585979,node
39.0594094,8.4476573,"{'addr:housenumber': '10', 'addr:postcode': '09017', 'addr:street': 'Via Giacomo Matteotti', 'amenity': 'post_office', 'name': 'La Nuova Posta', 'opening_hours': 'Mo-Sa 09:00-19:00', 'phone': '+39 0781 800976'}",4609996290,node
39.0659946,9.0116436,"{'addr:city': 'Sarroch', 'addr:housenumber': '1', 'addr:postcode': '09018', 'addr:street': 'Via al Mare', 'amenity': 'post_office', 'brand': 'Poste Italiane', 'brand:wikidata': 'Q495026', 'name': 'Ufficio Postale di Sarroch', 'opening_hours': 'Mo-Fr 08:20-13:35; Sa 08:20-12:35;PH off', 'operator': 'Poste Italiane', 'operator:wikidata': 'Q495026', 'ref': '13131'}",4732864309,node
39.2157695,9.1156006,"{'amenity': 'school', 'check_date': '2025-05-03', 'name': 'Convitto Nazionale ""Vittorio Emanuele II""', 'wheelchair': 'no', 'wikidata': 'Q52922051', 'wikipedia': 'it:Convitto nazionale Vittorio Emanuele II (Cagliari)'}",4748688922,node
39.2643164,8.470959,"{'amenity': 'bank', 'brand': 'Banco di Sardegna', 'brand:wikidata': 'Q806205', 'name': 'Banco di Sardegna', 'operator': 'Banco di Sardegna', 'operator:wikidata': 'Q806205'}",4834310650,node
39.2615251,8.4667253,"{'addr:housenumber': '263', 'addr:street': 'Corso Matteotti', 'amenity': 'pharmacy', 'dispensing': 'yes', 'healthcare': 'pharmacy', 'name': 'Farmacia San Francesco', 'opening_hours': 'Mo-Sa 08:30-13:00, 16:30-20:30', 'ref:msal': '16196', 'ref:vatin': 'IT03311390920', 'source': 'Ministero della Salute'}",4834311488,node
39.3454178,9.360939,"{'addr:city': 'Burcei', 'addr:housenumber': '24', 'addr:postcode': '09040', 'addr:street': 'Via Roma', 'amenity': 'bank', 'atm': 'yes', 'brand': 'Banco di Sardegna', 'brand:wikidata': 'Q806205', 'brand:wikipedia': 'en:Banco di Sardegna', 'name': 'Banco di Sardegna', 'operator': 'Banco di Sardegna', 'operator:wikidata': 'Q806205'}",4851884815,node
40.5798225,9.1100193,"{'addr:city': 'Patada/Pattada', 'addr:city:it': 'Pattada', 'addr:city:sc': 'Patada', 'addr:postcode': '07016', 'addr:street': 'Via Francesco Ignazio Mannu', 'amenity': 'clinic', 'name': 'Guardia medica'}",4919135942,node
40.5818457,9.1125981,"{'addr:city': 'Patada/Pattada', 'addr:postcode': '07016', 'addr:street': 'Via Giovanni Ventitreesimo', 'amenity': 'school'}",4919637587,node
40.5806387,9.1097388,"{'amenity': 'pharmacy', 'dispensing': 'yes', 'operator': 'Arca S.N.C.', 'ref:msal': '15819', 'ref:vatin': 'IT02172540904', 'source': 'Ministero della Salute', 'source:start_date': '2019-01-01'}",4924290353,node
41.1775489,9.3873492,"{'addr:city': 'Palau', 'addr:postcode': '07020', 'addr:street': 'Via degli Achei', 'amenity': 'clinic', 'healthcare': 'clinic', 'name': 'Guardia medica', 'name:it': 'Guardia medica'}",4927256429,node
41.1807961,9.3833575,"{'amenity': 'pharmacy', 'healthcare': 'pharmacy', 'name': 'Alchimia'}",4927266021,node
40.8339351,8.402018,"{'amenity': 'pharmacy', 'dispensing': 'yes', 'healthcare': 'pharmacy', 'name': 'Farmacia Scaccia Unali', 'ref:msal': '15821', 'ref:vatin': 'IT02064340900', 'source': 'Ministero della Salute'}",4927379424,node
40.8225002,8.4079238,"{'addr:city': 'Porto Torres', 'addr:housenumber': '3', 'addr:postcode': '07046', 'addr:street': 'Strada Vicinale Funtana Cherchi', 'amenity': 'clinic', 'healthcare': 'clinic', 'name': 'Poliambulatorio Distretto ASL Sassari', 'name:it': 'Guardia medica'}",4931477524,node
40.8252297,8.4122098,"{'amenity': 'pharmacy', 'dispensing': 'yes', 'healthcare': 'pharmacy', 'name': 'Farmacia Cuccuru', 'ref:msal': '15872', 'ref:vatin': 'IT02526490228', 'source': 'Ministero della Salute'}",4931477525,node
40.8274543,8.3850574,"{'amenity': 'post_office', 'name': 'Bartolini', 'name:it': 'Bartolini'}",4949539823,node
39.0089625,9.0001041,"{'amenity': 'pharmacy', 'dispensing': 'yes', 'healthcare': 'pharmacy', 'name': 'Farmacia Sanna De Logu', 'opening_hours': 'Mo-Sa 08:30-13:00,16:00-20:00; Su 08:30-13:00,16:00-19:30', 'ref:msal': '16234', 'ref:vatin': 'IT00191420926', 'source': 'Ministero della Salute'}",4950766642,node
40.2960798,8.4999507,"{'addr:street': 'Viale Giovanni XXIII', 'amenity': 'bank', 'atm': 'yes', 'brand': 'Banco di Sardegna', 'brand:wikidata': 'Q806205', 'brand:wikipedia': 'en:Banco di Sardegna', 'check_date': '2024-09-12', 'name': 'Banco di Sardegna', 'name:it': 'Banco di Sardegna'}",4970998022,node
40.5587381,8.3158171,"{'amenity': 'bank', 'brand': 'BNL', 'brand:wikidata': 'Q2201225', 'name': 'BNL', 'official_name': 'Banca Nazionale del Lavoro'}",4990206179,node
41.1363699,9.479164,{'amenity': 'pharmacy'},5020298837,node
40.9286592,8.8257824,"{'addr:city': 'Valledoria', 'addr:housenumber': '33a', 'addr:postcode': '07039', 'addr:street': 'Corso Europa', 'amenity': 'bank', 'brand': 'Banco di Sardegna', 'brand:wikidata': 'Q806205', 'name': 'Banco di Sardegna'}",5032401158,node
40.5695677,8.319775,"{'amenity': 'pharmacy', 'healthcare': 'pharmacy'}",5032961272,node
40.5695739,8.3205088,"{'amenity': 'bank', 'brand': 'Banco di Sardegna', 'brand:wikidata': 'Q806205', 'check_date': '2023-10-26', 'name': 'Banco di Sardegna', 'operator': 'Banco di Sardegna', 'operator:wikidata': 'Q806205'}",5032961273,node
41.1358285,9.5187736,"{'amenity': 'pharmacy', 'name': 'Parafarmacia Alchimia Porto Cervo', 'website': 'https://alchimiasrl.wordpress.com/'}",5038863908,node
40.2609114,8.5779834,"{'amenity': 'post_office', 'brand': 'Poste Italiane', 'brand:wikidata': 'Q495026', 'name': 'Ufficio Postale di Sagama', 'opening_hours': 'Mo-Fr 08:20-13:35; Sa 08:20-12:35;PH off', 'operator': 'Poste Italiane', 'operator:wikidata': 'Q495026', 'ref': '72147'}",5061670549,node
41.1079435,9.4392736,"{'amenity': 'post_office', 'brand': 'Poste Italiane', 'brand:wikidata': 'Q495026', 'name': 'ufficio postale', 'opening_hours': 'Mo-Fr 08:20-13:45; Sa 08:20-12:45', 'operator': 'Poste Italiane', 'operator:wikidata': 'Q495026'}",5064509110,node
39.9896659,8.6434735,"{'amenity': 'pharmacy', 'contact:email': 'farmabenessere@tiscali.it', 'contact:phone': '+39 0783 50082', 'contact:website': 'https://www.facebook.com/Parafarmacia131/', 'dispensing': 'no', 'healthcare': 'pharmacy', 'name': 'Parafarmacia Farmabenessere', 'opening_hours': 'Mo-Sa 08:30-20:00; Su 08:30-14:00'}",5091138709,node
40.5760685,9.6934101,"{'amenity': 'bank', 'brand': 'Intesa Sanpaolo', 'brand:wikidata': 'Q1343118', 'cash_in': 'yes', 'check_date': '2024-09-19', 'name': 'Intesa Sanpaolo', 'opening_hours': '24/7', 'operator': 'Intesa San Paolo'}",5109166824,node
40.5843017,9.0031663,"{'addr:city': 'Otieri/Ozieri', 'addr:housenumber': '1', 'addr:postcode': '07014', 'addr:street': 'Via Vittorio Emanuele Terzo', 'amenity': 'pharmacy', 'dispensing': 'yes', 'healthcare': 'pharmacy', 'name': 'Farmacia Bogliolo', 'operator': 'Farmacia Bogliolo Ozieri S.A.S.', 'ref:msal': '15853', 'ref:vatin': 'IT02809100908', 'source': 'Ministero della Salute', 'start_date': '2020-02-01'}",5116184500,node
40.7036329,9.7063749,"{'amenity': 'pharmacy', 'dispensing': 'no', 'name': 'Parafarmacia'}",5144910721,node
39.3132688,8.9689946,"{'amenity': 'bank', 'brand': 'Intesa Sanpaolo', 'brand:wikidata': 'Q1343118', 'name': 'Intesa Sanpaolo', 'name:it': 'Intesa San Paolo'}",5181301644,node
39.3095883,8.9657819,"{'amenity': 'pharmacy', 'dispensing': 'yes', 'healthcare': 'pharmacy', 'name': 'Farmacia Massidda', 'ref:msal': '16259', 'ref:vatin': 'IT03276670928', 'source': 'Ministero della Salute'}",5181303729,node
39.3097289,8.9654969,"{'addr:postcode': '09033', 'amenity': 'post_office', 'brand': 'Poste Italiane', 'brand:wikidata': 'Q495026', 'name': 'Ufficio Postale di Decimomannu', 'name:en': 'Post Office', 'name:it': 'Poste Italiane', 'opening_hours': 'Mo-Fr 08:20-13:35; Sa 08:20-12:35;PH off', 'operator': 'Poste Italiane', 'operator:wikidata': 'Q495026', 'ref': '13039'}",5181305425,node
39.7525996,8.9065426,"{'addr:housenumber': '25', 'addr:street': 'Via Pozzo', 'amenity': 'pharmacy', 'dispensing': 'yes', 'name': 'Farmacia Mercenaro', 'ref:msal': '18549', 'ref:vatin': 'IT03220460921', 'source': 'Ministero della Salute'}",5210194725,node
40.4520418,8.7504584,"{'addr:city': 'Giave', 'addr:housenumber': '42e', 'addr:postcode': '07010', 'addr:street': 'Corso Repubblica', 'amenity': 'post_office', 'atm': 'yes', 'brand': 'Poste Italiane', 'brand:wikidata': 'Q495026', 'brand:wikipedia': 'en:Poste italiane', 'name': 'Poste Italiane', 'opening_hours': 'Tu, Th, Fr 08:20-13:45; Sa 08:20-12:45; Mo, We, Su, PH off', 'operator': 'Poste Italiane', 'operator:wikidata': 'Q495026', 'phone': '+39 079 869291'}",5211826191,node
40.5806732,9.0012982,"{'addr:city': 'Ozieri', 'amenity': 'hospital', 'emergency': 'yes', 'healthcare': 'hospital', 'name': 'Pronto Soccorso Ospedale ""Antonio Segni""'}",5241773442,node
40.8968583,9.1027289,"{'addr:city': 'Tempio Pausania', 'addr:postcode': '07029', 'amenity': 'hospital', 'emergency': 'yes', 'healthcare': 'hospital', 'name': 'Pronto Soccorso Ospedale ""Paolo Dettori""'}",5241780481,node
41.2174253,9.4070346,"{'addr:city': 'La Maddalena', 'amenity': 'hospital', 'emergency': 'yes', 'healthcare': 'hospital', 'name': 'Pronto Soccorso Ospedale ""Paolo Merlo""'}",5241787111,node
40.3244306,9.3158377,"{'addr:city': 'Nuoro', 'amenity': 'hospital', 'emergency': 'yes', 'healthcare': 'hospital', 'name': 'Pronto Soccorso Ospedale ""San Francesco""'}",5241802772,node
39.8773179,9.5487503,"{'addr:city': 'Lanusei', 'amenity': 'hospital', 'emergency': 'yes', 'healthcare': 'hospital', 'operator': 'Pronto Soccorso Ospedale ""Nostra Signora della Mercede""'}",5241825934,node
39.732569,9.0205566,"{'addr:city': 'Gèsturi/Gesturi', 'addr:housenumber': '56', 'addr:postcode': '09020', 'addr:street': ""Via Fra' Nicola"", 'amenity': 'bank', 'name': 'Banco di Sardegna', 'opening_hours': 'Mo-We 08:20-13:20', 'operator': 'Banco di Sardegna SpA'}",5244220786,node
39.7335381,9.0222576,"{'addr:city': 'Gèsturi/Gesturi', 'addr:housenumber': '53', 'addr:postcode': '09020', 'addr:street': 'Via Nazionale', 'amenity': 'post_office', 'amenity_1': 'post_box', 'atm': 'yes', 'brand': 'Poste Italiane', 'brand:wikidata': 'Q495026', 'brand:wikipedia': 'en:Poste italiane', 'name': 'Poste Italiane', 'opening_hours': 'Mo-Th 08:20-13:45; Fr-Su, PH off', 'operator': 'Poste Italiane', 'operator:wikidata': 'Q495026', 'phone': '+39 070 9369011'}",5244220787,node
40.1206415,8.8349166,"{'addr:city': 'Ilartzi/Ghilarza', 'amenity': 'hospital', 'emergency': 'yes', 'healthcare': 'hospital', 'name': 'Pronto Soccorso Ospedale ""G.P. Delogu""'}",5244739904,node
39.5577695,8.7938478,"{'addr:city': 'San Gavino Monreale', 'amenity': 'hospital', 'emergency': 'yes', 'healthcare': 'hospital', 'internet_access': 'no', 'name': 'Pronto Soccorso Ospedale ""Nostra Signora di Bonaria""', 'wheelchair': 'yes'}",5244748721,node
39.213699,9.1745657,"{'addr:city': 'Cagliari', 'amenity': 'hospital', 'emergency': 'yes', 'healthcare': 'hospital', 'name': 'Pronto Soccorso', 'toilets:wheelchair': 'yes', 'wheelchair': 'yes'}",5244774601,node
39.7425766,9.1096328,"{'addr:city': 'Isili', 'amenity': 'hospital', 'emergency': 'yes', 'healthcare': 'hospital', 'name': 'Pronto Soccorso Ospedale ""San Giuseppe""'}",5244784884,node
39.233558,9.1023158,"{'addr:housenumber': '108', 'addr:postcode': '09122', 'addr:street': 'Via Is Maglias', 'amenity': 'pharmacy', 'dispensing': 'yes', 'healthcare': 'pharmacy', 'name': 'Farmacia Popolare', 'opening_hours': 'Sa 09:00-13:00; Mo-Fr 09:00-13:00, 16:30-20:00', 'phone': '+390702087035', 'ref:msal': '16269', 'ref:vatin': 'IT02328700923', 'source': 'Ministero della Salute'}",5249381822,node
40.580967,9.0031364,"{'addr:city': 'Ozieri', 'addr:housenumber': '3', 'addr:postcode': '07014', 'addr:street': 'Vicolo San Michele', 'amenity': 'pharmacy', 'dispensing': 'no', 'healthcare': 'pharmacy', 'name': 'Farma San Michele', 'operator': 'Dottoressa Ortu', 'ref:msal': '005136', 'ref:vatin': 'IT02317140909', 'source': 'Ministero della Salute'}",5330132048,node
40.5853656,9.0016021,"{'addr:city': 'Ozieri', 'addr:housenumber': '41', 'addr:postcode': '07014', 'addr:street': 'Piazza Giuseppe Garibaldi', 'amenity': 'post_office', 'atm': 'yes', 'name': 'Poste Italiane', 'opening_hours': 'Mo-Fr 08:20-19:05; Sa 08:20-12:35; Su,PH off', 'operator': 'Poste Italiane', 'operator:wikidata': 'Q495026', 'phone': '+39 079 7810831', 'source': 'https://www.logudorolive.it/ozieri-installato-e-gia-operativo-il-nuovo-sportello-atm-postamat/'}",5330132085,node
40.5806234,8.9989695,"{'amenity': 'pharmacy', 'dispensing': 'no', 'healthcare': 'pharmacy', 'name': 'Farmashop', 'operator': 'Farmashop del Dr Francesco Ara', 'ref:msal': '007605', 'ref:vatin': 'IT02438560902', 'source': 'Ministero della Salute', 'start_date': '2011-09-01'}",5338029345,node
40.5848716,9.0015853,"{'addr:city': 'Ozieri', 'addr:housenumber': '1', 'addr:postcode': '07014', 'addr:street': 'Via Cirenaica', 'amenity': 'bank', 'brand': 'BNL', 'brand:wikidata': 'Q2201225', 'brand:wikipedia': 'it:Banca Nazionale del Lavoro', 'name': 'BNL', 'official_name': 'Banca Nazionale del Lavoro', 'official_name:en': 'National Labor Bank', 'official_name:it': 'Banca Nazionale del Lavoro'}",5344370344,node
40.7327312,8.9835201,"{'amenity': 'bank', 'atm': 'yes', 'brand': 'Banco di Sardegna', 'brand:wikidata': 'Q806205', 'name': 'Banco di Sardegna'}",5349944885,node
39.0681682,8.4535398,"{'amenity': 'post_office', 'brand': 'Poste Italiane', 'brand:wikidata': 'Q495026', 'name': ""Ufficio Postale di Sant'Antioco"", 'opening_hours': 'Mo-Fr 08:20-13:35; Sa 08:20-12:35;PH off', 'operator': 'Poste Italiane', 'operator:wikidata': 'Q495026', 'ref': '13126'}",5358472999,node
40.6233687,8.8088948,"{'amenity': 'pharmacy', 'dispensing': 'yes', 'operator': 'Farmacia Dott. Luca Conti', 'ref:msal': '15839', 'ref:vatin': 'IT02461190908', 'source': 'Ministero della Salute', 'start_date': '2019-07-01'}",5368785316,node
40.55599,9.0208061,"{'amenity': 'post_office', 'brand': 'Poste Italiane', 'brand:wikidata': 'Q495026', 'operator': 'Poste Italiane', 'operator:wikidata': 'Q495026'}",5369138556,node
40.556068,9.0219193,"{'amenity': 'pharmacy', 'dispensing': 'yes', 'operator': 'Pisanu Francesca', 'ref:msal': '15833', 'ref:vatin': 'IT02647440904', 'source': 'Ministero della Salute', 'start_date': '2019-01-01'}",5369138564,node
40.8069617,9.3277198,"{'addr:city': 'Monti', 'addr:housenumber': '7', 'addr:postcode': '07020', 'addr:street': ""Via Sant'Alvara"", 'amenity': 'pharmacy', 'dispensing': 'yes', 'name': 'Farmacia Altea Maria', 'phone': '+39 0789 44027', 'ref:msal': '15900', 'ref:vatin': 'IT00315510909', 'source': 'Ministero della Salute'}",5371275936,node
40.586819,8.9999217,"{'addr:city': 'Ozieri', 'addr:housenumber': '62', 'addr:postcode': '07014', 'addr:street': 'Via Vittorio Veneto', 'amenity': 'pharmacy', 'dispensing': 'yes', 'healthcare': 'pharmacy', 'name': 'Calzia Pintor', 'opening_hours': 'Mo-Su 09:00-13:00,16:30-20:00', 'operator': 'Calzia Pintor G.B. Calzia', 'phone': '+39 079 787143', 'ref:msal': '15862', 'ref:vatin': 'IT02779340922', 'source': 'Ministero della Salute', 'start_date': '2019-01-01'}",5371413653,node
40.7259074,8.5627863,"{'addr:city': 'Sassari', 'addr:housenumber': '2', 'addr:postcode': '07100', 'addr:street': 'Via Brigata Sassari', 'amenity': 'pharmacy', 'baby_feeding': 'no', 'contact:phone': '+39 079 233238', 'dispensing': 'yes', 'healthcare': 'pharmacy', 'kids_area': 'no', 'level': '0', 'name': 'Farmacia Piazza Castello', 'opening_hours': 'Mo-Sa 09:00-13:00,16:30-21:00; Su closed; PH closed', 'operator': 'Dott.ssa Candida Lendini', 'ref:msal': '15888', 'ref:vatin': 'IT00191920917', 'source': 'Ministero della Salute', 'wheelchair': 'yes'}",5487065753,node
39.9062262,8.5884655,"{'amenity': 'bank', 'brand': 'Credem', 'brand:wikidata': 'Q3696881', 'brand:wikipedia': 'en:Credito Emiliano', 'contact:fax': '+39 0783 301653', 'contact:phone': '+39 0783 300834', 'name': 'Credem', 'official_name': 'Credito Emiliano'}",5508833251,node
41.1325386,9.5344283,"{'amenity': 'pharmacy', 'healthcare': 'pharmacy'}",5555834958,node
40.3197063,9.3222002,"{'addr:city': 'Nuoro', 'addr:housenumber': '1', 'addr:postcode': '08100', 'addr:street': 'Piazza Sardegna', 'amenity': 'bank', 'brand': 'Banco di Sardegna', 'brand:wikidata': 'Q806205', 'brand:wikipedia': 'en:Banco di Sardegna', 'drive_through': 'no', 'fax': '+39 0784230410', 'name': 'Banco di Sardegna', 'opening_hours': 'Mo-Fr 08:20-13:20,15:05-16:30', 'phone': '+39 0784230411', 'website': 'https://www.bancosardegna.it/'}",5578740106,node
40.816546,8.8334825,{'amenity': 'pharmacy'},5599405139,node
39.4403816,9.574943,"{'amenity': 'bank', 'atm': 'yes', 'brand': 'Banco di Sardegna', 'brand:wikidata': 'Q806205', 'brand:wikipedia': 'en:Banco di Sardegna', 'name': 'Banco di Sardegna'}",5671144470,node
39.2677307,9.0493307,"{'addr:city': 'Elmas', 'addr:housenumber': '83', 'addr:postcode': '09030', 'addr:street': 'Via Sulcitana', 'amenity': 'pharmacy', 'dispensing': 'yes', 'healthcare': 'pharmacy', 'name': 'Farmacia Urgu Boero', 'payment:coins': 'yes', 'payment:credit_cards': 'yes', 'payment:debit_cards': 'yes', 'ref:msal': '16236', 'ref:vatin': 'IT03002630923', 'source': 'Ministero della Salute'}",5743530658,node
39.2641862,9.0502474,"{'addr:city': 'Elmas', 'addr:housenumber': '24', 'addr:postcode': '09030', 'addr:street': 'Via Temo', 'amenity': 'school', 'name': 'I Speak English'}",5751128298,node
39.1099907,8.3729378,"{'amenity': 'bank', 'atm': 'yes', 'brand': 'Banco di Sardegna', 'brand:wikidata': 'Q806205', 'name': 'Banco di Sardegna', 'website': 'https://www.bancosardegna.it/'}",5776508187,node
40.2966303,8.4955449,"{'amenity': 'post_office', 'atm': 'yes', 'brand': 'Poste Italiane', 'brand:wikidata': 'Q495026', 'name': 'Ufficio Postale di Bosa', 'opening_hours': 'Mo-Fr 08:20-13:35; Sa 08:20-12:35;PH off', 'operator': 'Poste Italiane', 'operator:wikidata': 'Q495026', 'ref': '72140'}",5803515560,node
39.6813254,8.8317606,"{'addr:city': 'Gonnostramatza', 'addr:housenumber': '8', 'addr:postcode': '09093', 'addr:street': 'Corso Europa', 'amenity': 'pharmacy', 'dispensing': 'yes', 'name': 'Farmacia Sardanu', 'ref:msal': '16120', 'ref:vatin': 'IT01636380915', 'source': 'Ministero della Salute'}",5937823868,node
40.9239098,9.5014409,"{'addr:housenumber': '114', 'addr:street': 'Corso Umberto Primo', 'amenity': 'pharmacy', 'healthcare': 'pharmacy', 'name': 'Parafarmacia', 'opening_hours': 'Mo-Su 09:30-13:00, 17:00-20:00'}",6089766495,node
40.9217509,9.1933318,"{'addr:city': 'Calangianus', 'addr:housenumber': '2', 'addr:postcode': '07023', 'addr:street': 'Via Nino Bixio', 'amenity': 'pharmacy', 'dispensing': 'yes', 'healthcare': 'pharmacy', 'name': 'Farmacia Chiodino', 'ref:msal': '15896', 'ref:vatin': '02467720906', 'source': 'Ministero della Salute'}",6110102640,node
39.2712205,9.1267168,"{'amenity': 'bank', 'brand': 'Banco di Sardegna', 'brand:wikidata': 'Q806205', 'brand:wikipedia': 'en:Banco di Sardegna', 'name': 'Banco di Sardegna'}",6150291496,node
39.2411811,9.1739661,"{'amenity': 'pharmacy', 'dispensing': 'yes', 'healthcare': 'pharmacy', 'name': 'Dipartimento del Farmaco - Servizio Farmaceutico Territoriale', 'opening_hours': 'Mo 08:30-13:00, We 14:00-17:00'}",6159208428,node
39.4639342,8.7465259,"{'addr:city': 'Villacidro', 'addr:postcode': '09039', 'addr:street': 'Via Guido Rossa', 'amenity': 'hospital', 'healthcare': 'hospital', 'healthcare_1': 'blood_donation', 'name': 'AVIS'}",6256392520,node
39.4639988,8.7465555,"{'addr:city': 'Villacidro', 'addr:postcode': '09039', 'addr:street': 'Via Guido Rossa', 'amenity': 'hospital', 'healthcare': 'hospital', 'name': 'ADMO'}",6256434350,node
40.5929604,8.5713117,"{'addr:city': 'Ittiri', 'addr:housenumber': '61', 'addr:postcode': '07044', 'addr:street': 'Corso Vittorio Emanuele', 'amenity': 'pharmacy', 'dispensing': 'no', 'healthcare': 'pharmacy', 'name': 'Parafarmacia San Francesco', 'opening_hours': '09:00-13:00,15:30-20:00', 'operator': 'Dott.ssa M. Andreana Dessena'}",6327494900,node
39.9066583,8.516829,"{'amenity': 'pharmacy', 'dispensing': 'yes', 'healthcare': 'pharmacy', 'name': 'Farmacia Lamas', 'opening_hours': 'Mo-Fr 09:00-13:00,15:00-19:30; Sa 09:00-13:00', 'ref:msal': '20152', 'ref:vatin': 'IT01222940957', 'source': 'Ministero della Salute'}",6327630595,node
39.751317,8.6370485,"{'addr:city': 'Marrùbiu/Marrubiu', 'addr:housenumber': '25a', 'addr:postcode': '09094', 'addr:street': 'Via Tirso', 'amenity': 'school', 'name': 'Istituto Comprensivo Marrubiu'}",6358543649,node
39.2344643,9.1234696,"{'addr:city': 'Cagliari', 'addr:housenumber': '52', 'addr:postcode': '09131', 'addr:street': 'Viale Francesco Ciusa', 'amenity': 'bank', 'atm': 'yes', 'name': 'Banca di Cagliari - Credito Cooperativo'}",6370134363,node
39.7196466,8.8293915,"{'addr:city': 'Simala', 'addr:housenumber': '1', 'addr:postcode': '09090', 'addr:street': 'Via Cagliari', 'amenity': 'post_office', 'brand': 'Poste Italiane', 'brand:wikidata': 'Q495026', 'brand:wikipedia': 'en:Poste italiane', 'name': 'Poste Italiane'}",6401744285,node
40.0949488,9.5086408,"{'amenity': 'pharmacy', 'dispensing': 'yes', 'healthcare': 'pharmacy', 'name': 'Farmacia Fancello', 'ref:msal': '16053', 'ref:vatin': 'IT00210180915', 'source': 'Ministero della Salute'}",6403072453,node
40.0946464,9.5102961,"{'amenity': 'bank', 'atm': 'yes', 'brand': 'Banco di Sardegna', 'brand:wikidata': 'Q806205', 'name': 'Banco di Sardegna', 'operator': 'Banco di Sardegna', 'operator:wikidata': 'Q806205'}",6403072454,node
40.0941291,9.5101586,"{'addr:city': 'Urzulei', 'addr:housenumber': '20', 'addr:postcode': '08040', 'addr:street': 'Via Vittorio Emanuele', 'amenity': 'post_office', 'atm': 'yes', 'brand': 'Poste Italiane', 'brand:wikidata': 'Q495026', 'name': 'Ufficio Postale di Urzulei', 'opening_hours': 'Mo-Fr 08:20-13:45; Sa 08:20-12:45; PH off', 'operator': 'Poste Italiane', 'operator:wikidata': 'Q495026', 'operator:wikipedia': 'en:Poste italiane', 'ref': '80192', 'source': 'https://www.youtg.net/canali/dai-comuni/43540-urzulei-installato-il-primo-atm-postamat'}",6403072455,node
40.5622492,8.3273471,"{'addr:housenumber': '250', 'addr:street': 'Via XX Settembre', 'amenity': 'pharmacy', 'dispensing': 'yes', 'healthcare': 'pharmacy', 'name': 'Farmacia del Rosario', 'name:it': 'Farmacia Del Rosario', 'phone': '+39 079 676 4872', 'ref:msal': '20132', 'ref:vatin': 'IT02746990908', 'source': 'Ministero della Salute'}",6420547485,node
41.0466941,9.4680158,"{'addr:city': 'San Pantaleo', 'addr:housenumber': '6', 'addr:postcode': '07026', 'addr:street': 'Piazza Arborea', 'amenity': 'pharmacy', 'dispensing': 'yes', 'healthcare': 'pharmacy', 'name': 'Farmacia Lanzi', 'ref:msal': '15911', 'ref:vatin': 'IT02086030901', 'source': 'Ministero della Salute'}",6439950822,node
40.7703816,9.6722265,"{'amenity': 'pharmacy', 'dispensing': 'no', 'name': 'Parafarmacia Farma Ambra', 'opening_hours': 'Mo-Su 09:00-13:00,16:30-20:30'}",6452773593,node
40.634779,8.4907681,"{'addr:city': 'Uri', 'addr:housenumber': '4', 'addr:postcode': '07040', 'addr:street': 'Via Vittorio Emanuele', 'amenity': 'bank', 'brand': 'Banco di Sardegna', 'brand:wikidata': 'Q806205', 'brand:wikipedia': 'en:Banco di Sardegna', 'name': 'Banco di Sardegna'}",6474980038,node
40.6374992,8.4874986,"{'addr:city': 'Uri', 'addr:postcode': '07040', 'addr:street': 'Piazza Repubblica', 'amenity': 'post_office', 'brand': 'Poste Italiane', 'brand:wikidata': 'Q495026', 'brand:wikipedia': 'en:Poste italiane', 'name': 'Poste Italiane'}",6475096841,node
40.782336,8.4728264,"{'addr:housenumber': '139l', 'addr:postcode': '07100', 'addr:street': 'ex SS131', 'amenity': 'pharmacy', 'healthcare': 'pharmacy', 'name': 'Parafarmacia Igea', 'name:en': 'Italiano', 'opening_hours': 'Mo-Sa 09:00-13:00, 16:30-20:00', 'operator': 'Mellino C. e Milos P.', 'phone': '+390796045406'}",6479872285,node
39.3007415,9.0933522,"{'amenity': 'bank', 'brand': 'BNL', 'brand:wikidata': 'Q2201225', 'name': 'BNL', 'official_name': 'Banca Nazionale del Lavoro'}",6620800385,node
39.11737,9.5091384,"{'addr:housenumber': '8b', 'addr:postcode': '09049', 'addr:street': 'Via degli Oleandri', 'amenity': 'pharmacy', 'healthcare': 'pharmacy', 'name': 'Farmaccie', 'name:it': 'Farmacia'}",6653042186,node
39.9290114,8.5755155,"{'addr:city': 'Donigala Fenughedu', 'addr:housenumber': '11', 'addr:postcode': '09170', 'addr:street': 'Via Oristano', 'amenity': 'pharmacy', 'check_date': '2022-08-13', 'dispensing': 'yes', 'email': 'farmaciadelrimedio@gmail.com', 'facebook': 'https://www.facebook.com/farmaciadelrimedio/', 'healthcare': 'pharmacy', 'name': 'Farmacia del Rimedio', 'opening_hours': 'Mo,We-Sa 08:30-13:00,16:30-20:00; Tu 08:30-13:00,16:30-17:00; PH off', 'operator': 'Farmacia del Rimedio S.n.c.', 'phone': '+39 371 3114020', 'ref:msal': '20148', 'ref:vatin': 'IT01223280957', 'source': 'Ministero della Salute'}",6721915186,node
39.9088268,8.5961228,"{'addr:city': 'Oristano', 'addr:housenumber': '67/69', 'addr:postcode': '09170', 'addr:street': 'Via Sardegna', 'amenity': 'pharmacy', 'healthcare': 'pharmacy', 'name': 'Farmacia del Giudicato', 'operator': 'Farmacia del Giudicato S.r.l.', 'phone': '+39 0783 301003', 'ref:vatin': 'IT01244210959'}",6791504331,node
39.7948715,9.6261867,"{'addr:city': 'Cardedu', 'addr:postcode': '08040', 'addr:street': 'Via Olbia', 'amenity': 'pharmacy', 'dispensing': 'yes', 'healthcare': 'pharmacy', 'name': 'Farmacia Murru', 'opening_hours': '9:00-13:00; 17:00-20:00', 'ref:msal': '16066', 'ref:vatin': 'IT01602130914', 'source': 'Ministero della Salute'}",6792256976,node
40.9380877,8.2265355,"{'amenity': 'post_office', 'brand': 'Poste Italiane', 'brand:wikidata': 'Q495026', 'name': 'Ufficio Postale di Stintino', 'opening_hours': 'Mo-Fr 08:20-13:35; Sa 08:20-12:35;PH off', 'operator': 'Poste Italiane', 'operator:wikidata': 'Q495026', 'ref': '58095', 'source': 'survey'}",6796944173,node
39.3986031,8.400487,"{'amenity': 'post_office', 'name': 'Buggerru', 'operator': 'Poste Italiane', 'phone': '+39 0781 54062', 'ref': '13026'}",6825823085,node
39.3987597,8.4003816,"{'amenity': 'hospital', 'healthcare': 'hospital', 'name': 'Croce Azzurra'}",6825823086,node
39.397541,8.4019159,"{'addr:city': 'Buggerru', 'addr:postcode': '09010', 'addr:street': 'Via Cagliari', 'amenity': 'clinic', 'healthcare': 'clinic', 'name': 'Guardia medica turistica', 'name:en': 'Tourist medical center', 'name:it': 'Guardia medica turistica'}",6832036185,node
40.5881043,8.5723913,"{'addr:city': 'Ittiri', 'addr:housenumber': '1', 'addr:postcode': '07044', 'addr:street': 'Via Francesco Boccaccio', 'amenity': 'pharmacy', 'dispensing': 'yes', 'email': 'farmaciadegliulivi.ittiri@gmail.com', 'healthcare': 'pharmacy', 'name': 'Farmacia degli Ulivi', 'opening_hours': 'Mo-Sa 08:30-13:00, 16:00-19:30; Su off', 'ref:msal': '20206', 'ref:vatin': 'IT02749970907', 'source': 'Ministero della Salute', 'website': 'https://www.facebook.com/FarmaciadegliUliviIttiri/'}",6832215929,node
40.7913735,8.5982454,"{'addr:city': 'Sennori', 'addr:housenumber': '15', 'addr:postcode': '07036', 'addr:street': 'Via Santa Vittoria', 'amenity': 'pharmacy', 'dispensing': 'yes', 'email': 'farmacias.vittoria@gmail.com', 'healthcare': 'pharmacy', 'name': 'Farmacia Santa Vittoria', 'opening_hours': 'Mo-Fr 09:00-13:00, 16:30-20:00; Sa 09:00-14:00', 'phone': '+39 079 6764752', 'ref:msal': '20109', 'ref:vatin': 'IT02749260903', 'source': 'Ministero della Salute', 'website': 'https://it-it.facebook.com/farmasantavittoria/'}",6832804814,node
39.0648535,8.4467539,"{'addr:city': ""Sant'Antioco"", 'addr:housenumber': '3', 'addr:postcode': '09017', 'addr:street': 'Via Arturo Giacomina', 'amenity': 'pharmacy', 'dispensing': 'yes', 'email': 'solkifarma@gmail.com', 'healthcare': 'pharmacy', 'name': 'Farmacia Solki', 'opening_hours': 'Mo-Fr 08:30-13:00, 16:30-20:00; Sa 08:30-13:00; Su off', 'phone': '+39 0781 1964093', 'ref:msal': '20182', 'ref:vatin': 'IT03796360927', 'source': 'Ministero della Salute', 'website': 'https://it-it.facebook.com/Farmacia-Solki-307027890024433/'}",6846348261,node
40.9342151,9.5423805,"{'addr:city': 'Olbia', 'addr:postcode': '07026', 'addr:street': 'Viale Pittulongu', 'amenity': 'pharmacy', 'description': 'Farmacia ubicata nel centro commerciale Gallura.', 'dispensing': 'yes', 'email': 'farmaciapittulongu@gmail.com', 'healthcare': 'pharmacy', 'name': 'Farmacia Pittulongu', 'opening_hours': 'Mo-Su 08:00-22:00', 'phone': '+39 0789 53805', 'ref:msal': '20110', 'ref:vatin': 'IT03788750929', 'source': 'Ministero della Salute', 'website': 'https://it-it.facebook.com/farmaciapittulongu/'}",6849372321,node
39.276873,8.6423834,"{'addr:city': 'Bidda Matzràxia/Villamassargia', 'addr:housenumber': '44', 'addr:postcode': '09010', 'addr:street': 'Via Roma', 'amenity': 'post_office', 'atm': 'yes', 'brand': 'Poste Italiane', 'brand:wikidata': 'Q495026', 'brand:wikipedia': 'en:Poste italiane', 'name': 'Ufficio Postale di Villamassargia', 'opening_hours': 'Mo-Fr 08:20-13:35; Sa 08:20-12:35;PH off', 'operator': 'Poste Italiane', 'operator:wikidata': 'Q495026', 'operator:wikipedia': 'en:Poste italiane', 'phone': '+39 0781 74007', 'ref': '13184'}",6853409337,node
40.7200226,9.0968753,"{'addr:city': 'Oschiri', 'addr:housenumber': '12', 'addr:postcode': '07027', 'addr:street': 'Via Ludovico Ariosto', 'amenity': 'post_office', 'atm': 'yes', 'brand': 'Poste Italiane', 'brand:wikidata': 'Q495026', 'brand:wikipedia': 'en:Poste italiane', 'name': 'Poste Italiane', 'opening_hours': 'Mo-Fr 08:20-13:35, Sa 08:20-12:35; Su, PH off', 'operator': 'Poste Italiane', 'phone': '+39 079 733012'}",6861011947,node
40.8883003,9.589787,"{'addr:city': 'Murta Maria', 'addr:housenumber': '93', 'addr:postcode': '07026', 'addr:street': 'Viale Multa Maria', 'amenity': 'pharmacy', 'dispensing': 'yes', 'drive_through': 'no', 'healthcare': 'pharmacy', 'name': 'Farmacia Porto Istana', 'phone': '+39 0789 1784666', 'ref:msal': '20143', 'ref:vatin': 'IT02753350905', 'source': 'Ministero della Salute', 'website': 'https://it-it.facebook.com/Farmacia-Porto-Istana-467853403738453/'}",6886228853,node
39.2255068,9.1234864,"{'amenity': 'bank', 'brand': 'Intesa Sanpaolo', 'brand:wikidata': 'Q1343118', 'name': 'Intesa Sanpaolo', 'source': 'survey'}",6949653281,node
39.3109475,8.5350552,"{'addr:city': 'Iglesias', 'addr:housenumber': '1', 'addr:postcode': '09016', 'addr:street': 'Via Vittorio Veneto', 'amenity': 'school', 'description': 'L‘Istituzione Paritaria Scuole Boccaccio mette al centro della sua attività didattica lo studente, con il suo bagaglio umano e culturale. Liceo sportivo e Tecnico informatico. erami e scrutini in sede', 'email': 'info@scuolaprivataiglesias.it', 'isced:level': '3', 'name': 'Istituzione Paritaria Scuole Boccaccio', 'phone': '+39 0781 31477', 'ref': 'CAPS8T5007', 'website': 'www.scuoleboccaccio.edu.it', 'wheelchair': 'yes'}",7046501591,node
39.3035735,8.550217,"{'addr:city': 'Iglesias', 'addr:housenumber': '80', 'addr:postcode': '09016', 'addr:street': 'Corso Colombo', 'amenity': 'pharmacy', 'dispensing': 'yes', 'healthcare': 'pharmacy', 'name': 'Farmacia Napoleone', 'ref:msal': '16198', 'ref:vatin': 'IT02149890929', 'source': 'Ministero della Salute'}",7063817353,node
39.3130425,8.5351209,"{'addr:city': 'Iglesias', 'addr:street': 'Corso Giacomo Matteotti', 'amenity': 'pharmacy', 'dispensing': 'yes', 'healthcare': 'pharmacy', 'name': 'Farmacia Spada', 'ref:msal': '16202', 'ref:vatin': 'IT02546980927', 'source': 'Ministero della Salute'}",7063834831,node
39.3069484,8.5203308,"{'addr:city': 'Iglesias', 'addr:housenumber': '4', 'addr:street': 'Via Vivaldi', 'amenity': 'pharmacy', 'dispensing': 'yes', 'healthcare': 'pharmacy', 'name': 'Farmacia Sanna', 'ref:msal': '16200', 'ref:vatin': 'IT01771860929', 'source': 'Ministero della Salute'}",7063849664,node
39.3089667,8.5375302,"{'addr:city': 'Iglesias', 'addr:postcode': '09016', 'addr:street': 'Via Torino', 'amenity': 'pharmacy', 'dispensing': 'yes', 'healthcare': 'pharmacy', 'name': 'Locci Francesca', 'ref:msal': '16206', 'ref:vatin': 'IT02742590926', 'source': 'Ministero della Salute'}",7063858798,node
39.3132414,8.5306616,"{'addr:city': 'Iglesias', 'addr:housenumber': '34', 'addr:street': 'Via Baudi di Vesme', 'amenity': 'pharmacy', 'dispensing': 'yes', 'healthcare': 'pharmacy', 'name': 'Farmacia Santa Barbara', 'ref:msal': '16204', 'ref:vatin': 'IT02148390921', 'source': 'Ministero della Salute'}",7063865950,node
39.313252,8.5451938,"{'addr:city': 'Iglesias', 'addr:housenumber': '17', 'addr:street': 'Via E. Loi', 'amenity': 'pharmacy', 'dispensing': 'yes', 'healthcare': 'pharmacy', 'name': 'Farmacia Col di Lana', 'ref:msal': '16197', 'ref:vatin': 'IT03457510927', 'source': 'Ministero della Salute'}",7063904297,node
39.3125346,8.535338,"{'addr:city': 'Iglesias', 'addr:housenumber': '39', 'addr:street': 'Via Domenico Alberto Azuni', 'amenity': 'pharmacy', 'dispensing': 'yes', 'healthcare': 'pharmacy', 'name': 'Farmacia Sollai', 'ref:msal': '16203', 'ref:vatin': 'IT02568280925', 'source': 'Ministero della Salute'}",7063906652,node
40.7908839,8.5936308,"{'amenity': 'post_office', 'brand': 'Poste Italiane', 'brand:wikidata': 'Q495026', 'name': 'Ufficio Postale di Sennori', 'opening_hours': 'Mo-Fr 08:20-13:45; Sa 08:20-13:45; PH off', 'operator': 'Poste Italiane', 'operator:wikidata': 'Q495026', 'ref': '58090'}",7128720126,node
39.8040525,8.8529825,"{'amenity': 'pharmacy', 'dispensing': 'yes', 'healthcare': 'pharmacy', 'name': 'Farmacia Mereu', 'ref:msal': '16087', 'ref:vatin': 'IT00097660955', 'source': 'Ministero della Salute'}",7157469815,node
39.8049918,8.8530661,"{'amenity': 'post_office', 'brand': 'Poste Italiane', 'brand:wikidata': 'Q495026', 'brand:wikipedia': 'en:Poste italiane', 'name': 'Ufficio Postale di Usellus', 'opening_hours': 'Mo-Fr 08:20-13:35; Sa 08:20-12:35;PH off', 'operator': 'Poste Italiane', 'operator:wikidata': 'Q495026', 'ref': '72071'}",7157469851,node
40.5841689,9.0020135,"{'amenity': 'bank', 'brand': 'UniCredit Bank', 'brand:wikidata': 'Q45568', 'brand:wikipedia': 'en:UniCredit', 'name': 'UniCredit Bank'}",7161359385,node
39.9268984,9.6619756,"{'amenity': 'bank', 'atm': 'yes', 'brand': 'Intesa Sanpaolo', 'brand:wikidata': 'Q1343118', 'brand:wikipedia': 'en:Banca Intesa', 'name': 'Intesa Sanpaolo', 'name:en': 'Intesa Bank', 'name:it': 'Banca Intesa'}",7190254136,node
39.9000249,9.5311637,"{'addr:city': 'Elini', 'addr:housenumber': '27', 'addr:postcode': '08040', 'addr:street': 'Via Pompei', 'amenity': 'post_office', 'atm': 'yes', 'brand': 'Poste Italiane', 'brand:wikidata': 'Q495026', 'brand:wikipedia': 'en:Poste italiane', 'name': 'Ufficio Postale di Elini', 'opening_hours': 'Mo-Fr 08:20-13:45; Sa 08:20-12:45; PH off', 'operator': 'Poste Italiane', 'operator:wikidata': 'Q495026', 'phone': '+39 0782 34007', 'ref': '80211'}",7229493972,node
39.54784,8.7886515,"{'addr:city': 'San Gavino', 'addr:housenumber': '55', 'addr:postcode': '09037', 'addr:street': 'Via Roma', 'amenity': 'bank', 'atm': 'yes', 'brand': 'UniCredit Bank', 'brand:wikidata': 'Q45568', 'brand:wikipedia': 'en:UniCredit', 'name': 'UniCredit Bank', 'operator': 'Unicredit'}",7302320086,node
39.2359888,9.1086662,"{'amenity': 'bank', 'atm': 'yes', 'brand': 'UniCredit Bank', 'brand:wikidata': 'Q45568', 'name': 'UniCredit Bank', 'operator': 'Unicredit Banca'}",7305861618,node
40.7193217,9.1022322,"{'amenity': 'pharmacy', 'dispensing': 'yes', 'name': 'Farmacia Aini', 'operator': 'Di Stefano Giuseppina', 'ref:msal': '15855', 'ref:vatin': 'IT02181460904', 'source': 'Ministero della Salute', 'start_date': '2019-01-01'}",7367245014,node
39.2276146,9.1268348,"{'addr:city': 'Cagliari', 'addr:housenumber': '26', 'addr:postcode': '09128', 'addr:street': 'Piazza Papa Giovanni Ventitreesimo', 'amenity': 'bank', 'atm': 'yes', 'brand': 'UniCredit', 'brand:wikidata': 'Q45568', 'brand:wikipedia': 'en:UniCredit', 'name': 'UniCredit', 'operator': 'Unicredit Banca'}",7371053715,node
39.1686373,8.5106822,"{'addr:city': 'Carbonia', 'addr:postcode': '09013', 'addr:street': 'Via della Stazione', 'amenity': 'pharmacy', 'dispensing': 'no', 'healthcare': 'pharmacy', 'name': 'Parafarmacia Conad', 'operator': 'Conad', 'website': 'https://www.conad.it/ricerca-negozi/negozio.006890.html'}",7503445384,node
39.2438311,9.1164854,"{'addr:city': 'Cagliari', 'addr:postcode': '09121', 'addr:street': 'Via Edward Jenner', 'amenity': 'pharmacy', 'check_date:opening_hours': '2023-09-14', 'dispensing': 'no', 'healthcare': 'pharmacy', 'name': 'Parafarmacia Conad', 'opening_hours:signed': 'no', 'operator': 'Conad'}",7503480185,node
39.2352267,9.1212192,"{'addr:city': 'Cagliari', 'addr:housenumber': '21', 'addr:postcode': '09131', 'addr:street': 'Via dei Valenzani', 'amenity': 'pharmacy', 'dispensing': 'no', 'healthcare': 'pharmacy', 'name': 'Parafarmacia Conad', 'operator': 'Conad'}",7503496989,node
39.2486226,9.1952262,"{'addr:city': ""Quartu Sant'Elena"", 'addr:postcode': '09045', 'addr:street': 'Via Guglielmo Marconi', 'amenity': 'pharmacy', 'dispensing': 'no', 'healthcare': 'pharmacy', 'name': 'Parafarmacia Conad', 'operator': 'Conad'}",7503526084,node
40.324457,9.3136797,"{'addr:city': 'Nuoro', 'addr:postcode': '08100', 'addr:street': 'Via Biscollai', 'amenity': 'pharmacy', 'dispensing': 'no', 'healthcare': 'pharmacy', 'name': 'Parafarmacia Conad', 'operator': 'Conad'}",7503750848,node
40.927958,9.4813242,"{'addr:city': 'Olbia', 'addr:postcode': '07026', 'addr:street': 'Via Barcellona', 'amenity': 'pharmacy', 'dispensing': 'no', 'healthcare': 'pharmacy', 'name': 'Parafarmacia Conad', 'operator': 'Conad'}",7503760500,node
40.7197725,8.5783716,"{'addr:city': 'Sassari', 'addr:housenumber': '1', 'addr:postcode': '07100', 'addr:street': 'Via Antonio Gramsci', 'amenity': 'pharmacy', 'dispensing': 'no', 'healthcare': 'pharmacy', 'level': '0', 'name': 'Parafarmacia Conad', 'opening_hours': 'Mo-Sa 08:30-21:00; Su 09:00-20:30', 'operator': 'Conad', 'operator:wikidata': 'Q639075'}",7504123638,node
40.7118021,8.5501329,"{'addr:city': 'Sassari', 'addr:postcode': '07100', 'addr:street': 'Via Budapest', 'amenity': 'pharmacy', 'dispensing': 'no', 'healthcare': 'pharmacy', 'name': 'Parafarmacia Conad', 'operator': 'Conad'}",7504139186,node
39.3071334,8.5500067,"{'addr:city': 'Iglesias', 'addr:postcode': '09016', 'addr:street': 'Via Monsignor Saba', 'amenity': 'pharmacy', 'dispensing': 'no', 'healthcare': 'pharmacy', 'name': 'Parafarmacia Conad', 'operator': 'Conad'}",7504153155,node
39.6169831,8.9593081,"{'addr:city': 'Mara Arbarei/Villamar', 'addr:housenumber': '19', 'addr:postcode': '09020', 'addr:street': 'Via Domenico Alberto Azuni', 'amenity': 'post_office', 'brand': 'Poste Italiane', 'brand:wikidata': 'Q495026', 'brand:wikipedia': 'en:Poste italiane', 'description': ""L'ufficio postale è dotato di postamat, ma ora è indisponibile per atto vandalico."", 'name': 'Poste Italiane', 'opening_hours': 'Mo-Fr 08:20-13:35; Sa 08:20-12:35; Su, PH off', 'operator': 'Poste Italiane', 'operator:wikidata': 'Q495026', 'phone': '+39 070 9309024', 'ref': '13183'}",7604488881,node
39.6445875,9.0017583,"{'addr:city': 'Biddanoa Franca/Villanovafranca', 'addr:housenumber': '12', 'addr:postcode': '09020', 'addr:street': 'Via Regina Elena', 'amenity': 'post_office', 'brand': 'Poste Italiane', 'brand:wikidata': 'Q495026', 'brand:wikipedia': 'en:Poste italiane', 'name': 'Poste Italiane Villanovafranca', 'opening_hours': 'Mo-Fr 08:20-13:45; Sa 08:20-12:45; Su, PH off', 'operator': 'Poste Italiane', 'phone': '+39 070 9367275'}",7604555001,node
39.5992953,9.1869582,"{'addr:city': 'Seurgus Donigala/Siurgus Donigala', 'addr:housenumber': '156', 'addr:postcode': '09040', 'addr:street': 'Via Roma', 'amenity': 'post_office', 'atm': 'yes', 'brand': 'Poste Italiane', 'brand:wikidata': 'Q495026', 'brand:wikipedia': 'en:Poste italiane', 'name': 'Ufficio Postale di Siurgus Donigala', 'opening_hours': 'Mo-Fr 08:20-13:45; Sa 08:20-12:45; Su, PH off', 'operator': 'Poste Italiane', 'operator:wikidata': 'Q495026', 'phone': '+39 070 989728', 'ref': '13148'}",7653470539,node
40.605309,9.7437282,"{'addr:city': 'La Caletta', 'addr:housenumber': '132', 'addr:postcode': '08029', 'addr:street': 'Via Nazario Sauro', 'amenity': 'pharmacy', 'dispensing': 'yes', 'healthcare': 'pharmacy', 'level': '0', 'name': 'Farmacia La Caletta', 'opening_hours': 'Mo-Sa 09:00-13:30,16:30-21:00', 'ref:msal': '20133', 'ref:vatin': 'IT01540330915', 'source': 'Ministero della Salute', 'wheelchair': 'no'}",7663292348,node
40.6077417,9.7485011,"{'addr:housenumber': '64', 'addr:street': 'Via Nazario Sauro', 'amenity': 'pharmacy', 'healthcare': 'pharmacy', 'name': 'Parararmacia MariPharm 5.0', 'opening_hours': 'Mo-Su 09:00-13:00, 17:00-23:00', 'wheelchair': 'limited'}",7679246859,node
39.2180316,9.1118834,"{'addr:housenumber': '67', 'addr:street': 'Corso Vittorio Emanuele II', 'amenity': 'pharmacy', 'dispensing': 'yes', 'healthcare': 'pharmacy', 'name': 'Farmacia Fasciolo', 'ref:msal': '16235', 'ref:vatin': 'IT00520450925', 'source': 'Ministero della Salute'}",7682315724,node
39.3987246,8.4010177,"{'addr:housenumber': '27', 'addr:street': 'Via del Minatore', 'amenity': 'pharmacy', 'dispensing': 'yes', 'healthcare': 'pharmacy', 'name': 'Farmacia Piroddi & C.', 'opening_hours': 'Mo-We, Fr-Su 09:00-13:00, 18:00-20:00; PH 09:00-13:00', 'ref:msal': '16194', 'ref:vatin': 'IT00083320929', 'source': 'Ministero della Salute'}",7698675030,node
40.7252344,8.5620467,"{'addr:housenumber': '15', 'addr:street': 'Via Brigata Sassari', 'amenity': 'pharmacy', 'dispensing': 'yes', 'email': 'info@farmaciepisanoegutierrez.com', 'healthcare': 'pharmacy', 'name': 'MP Farmacia Dott. Manlio Pisano', 'opening_hours': 'Mo-Fr 09:00-14:00, 16:30-20:00; Sa 09:00-13:00', 'phone': '+39 079 233371', 'ref:msal': '15885', 'ref:vatin': 'IT01568180903', 'source': 'Ministero della Salute', 'website': 'https://www.farmaciepisanoegutierrez.it/'}",7702644783,node
40.7292177,8.5600681,"{'amenity': 'pharmacy', 'dispensing': 'yes', 'healthcare': 'pharmacy', 'name': 'Farmacia al Rosello', 'opening_hours': 'Mo-Fr 09:00-13:00, 16:30-20:00; Sa 09:00-13:00', 'ref:msal': '15826', 'ref:vatin': 'IT01840230906', 'source': 'Ministero della Salute'}",7702752723,node
40.7284507,8.5587445,"{'addr:housenumber': '78a', 'addr:street': 'Corso Vittorio Emanuele Secondo', 'amenity': 'pharmacy', 'check_date': '2024-09-14', 'dispensing': 'yes', 'email': 'farm.pisano.c@tiscali.it', 'healthcare': 'pharmacy', 'name': 'Farmacia Cesare Pisano', 'phone': '+39 0794360234', 'ref:msal': '15870', 'ref:vatin': 'IT01609950900', 'source': 'Ministero della Salute'}",7702781125,node
40.5518878,8.3189946,"{'addr:housenumber': '4', 'amenity': 'pharmacy', 'healthcare': 'pharmacy'}",7826614603,node
40.557382,8.3174711,"{'addr:city': 'Alghero', 'addr:housenumber': '4', 'addr:postcode': '07041', 'addr:street': 'Viale Giovanni XXIII', 'amenity': 'post_office', 'name': 'Postesarde', 'operator': 'Postesarde'}",7826626001,node
40.5567347,8.3175939,"{'amenity': 'bank', 'brand': 'Intesa Sanpaolo', 'brand:wikidata': 'Q1343118', 'name': 'Intesa Sanpaolo'}",7826629705,node
39.2170222,9.1164888,"{'amenity': 'school', 'check_date': '2026-08-23', 'name': 'Istituto Scolastico Santa Caterina'}",7849062968,node
39.0324808,8.9970923,"{'addr:city': 'Villa San Pietro', 'addr:housenumber': '39', 'addr:postcode': '09010', 'addr:street': 'Corso Vittorio Emanuele', 'amenity': 'post_office', 'atm': 'yes', 'brand': 'Poste Italiane', 'brand:wikidata': 'Q495026', 'brand:wikipedia': 'en:Poste italiane', 'name': 'Ufficio Postale di Villa San Pietro', 'opening_hours': 'Mo-Fr 08:20-13:35; Sa 08:20-12:35;PH off', 'operator': 'Poste Italiane', 'operator:wikidata': 'Q495026', 'phone': '+39 070 907163', 'ref': '13123', 'source': 'https://www.lanuovasardegna.it/cagliari/cronaca/2020/10/07/news/villa-san-pietro-inaugurato-il-nuovo-ufficio-postale-1.39392061; https://www.castedduonline.it/poste-villa-san-pietro/', 'start_date': '2020-10-07'}",7985669043,node
40.737268,8.5357455,"{'addr:city': 'Sassari', 'addr:postcode': '07100', 'addr:street': 'Viale Porto Torres', 'amenity': 'pharmacy', 'dispensing': 'no', 'healthcare': 'pharmacy', 'name': 'Parafarmacia Conad', 'operator': 'Conad', 'start_date': '2020-10-08'}",7985734277,node
40.7321617,8.9839725,"{'amenity': 'pharmacy', 'dispensing': 'yes', 'healthcare': 'pharmacy', 'operator': 'Bogliolo Maria Elisa', 'ref:msal': '15832', 'ref:vatin': 'IT00326530904', 'source': 'Ministero della Salute', 'source:start_date': '2019-01-01'}",8014811181,node
39.6133936,8.8207237,"{'addr:city': 'Sardara', 'addr:housenumber': '1', 'addr:postcode': '09030', 'addr:street': 'Via Principe Amedeo', 'amenity': 'post_office', 'atm': 'yes', 'brand': 'Poste Italiane', 'brand:wikidata': 'Q495026', 'brand:wikipedia': 'en:Poste italiane', 'name': 'Ufficio Postale di Sardara', 'opening_hours': 'Mo-Fr 08:20-13:35; Sa 08:20-12:35;PH off', 'operator': 'Poste Italiane', 'operator:wikidata': 'Q495026', 'phone': '+39 070 9387026', 'ref': '13130'}",8051603736,node
39.6325739,8.8678562,"{'addr:city': 'Biddanoa de Forru/Villanovaforru', 'addr:housenumber': '9', 'addr:postcode': '09020', 'addr:street': 'Via Umberto I', 'amenity': 'post_office', 'brand': 'Poste Italiane', 'brand:wikidata': 'Q495026', 'brand:wikipedia': 'en:Poste italiane', 'name': 'Poste Italiane', 'opening_hours': 'Mo-Fr 08:20-13:45; Sa 08:20-12:45; Su, PH off', 'operator': 'Poste Italiane', 'phone': '+39 070 9300010', 'ref': '13280'}",8051628905,node
39.6427752,8.8402645,"{'addr:city': 'Collinas', 'addr:housenumber': '2', 'addr:postcode': '09020', 'addr:street': 'Traversa San Sebastiano', 'amenity': 'post_office', 'brand': 'Poste Italiane', 'brand:wikidata': 'Q495026', 'brand:wikipedia': 'en:Poste italiane', 'name': 'Poste Italiane', 'opening_hours': 'Mo-Fr 08:20-13:45; Sa 08:20-12:45; Su, PH off', 'operator': 'Poste Italiane', 'phone': '+39 070 9304302'}",8051636133,node
39.9931892,9.0761144,"{'addr:city': 'Atzara', 'addr:housenumber': '4', 'addr:postcode': '08030', 'addr:street': 'Via Oristano', 'amenity': 'bank', 'brand': 'Banco di Sardegna', 'brand:wikidata': 'Q806205', 'brand:wikipedia': 'en:Banco di Sardegna', 'name': 'Banco di Sardegna', 'opening_hours': 'Mo-Fr 08:20-12:40,14:35-16:35; Sa,Su,PH off', 'operator': 'Banco di Sardegna', 'phone': '+39 0784 65216'}",8058809540,node
39.6789475,9.4415692,"{'addr:city': 'Foghesu/Perdasdefogu', 'addr:housenumber': '9', 'addr:postcode': '08046', 'addr:street': 'Via Cristoforo Colombo', 'amenity': 'post_office', 'atm': 'yes', 'brand': 'Poste Italiane', 'brand:wikidata': 'Q495026', 'brand:wikipedia': 'en:Poste italiane', 'name': 'Ufficio Postale di Perdasdefogu', 'opening_hours': 'Mo-Fr 08:20-13:45; PH off', 'operator': 'Poste Italiane', 'operator:wikidata': 'Q495026', 'phone': '+39 0782 94624', 'ref': '80168'}",8063280167,node
40.7325161,8.9825691,"{'addr:city': 'Tula', 'addr:housenumber': '1', 'addr:postcode': '07010', 'addr:street': 'Via San Giuseppe', 'amenity': 'post_office', 'atm': 'yes', 'brand': 'Poste Italiane', 'brand:wikidata': 'Q495026', 'brand:wikipedia': 'en:Poste italiane', 'name': 'Poste Italiane', 'opening_hours': 'Mo-Fr 08:20-13:45; Sa 08:20-12:45; Su, PH off', 'operator': 'Poste Italiane', 'operator:wikidata': 'Q495026', 'phone': '+39 079 718519'}",8084374648,node
40.805987,9.3252855,"{'addr:city': 'Monti', 'addr:housenumber': '79', 'addr:postcode': '07020', 'addr:street': 'Via Vittorio Emanuele', 'amenity': 'bank', 'atm': 'yes', 'brand': 'Banco di Sardegna', 'brand:wikidata': 'Q806205', 'brand:wikipedia': 'en:Banco di Sardegna', 'name': 'Banco di Sardegna'}",8124751843,node
39.247578,9.1357494,"{'addr:city': 'Cagliari', 'addr:housenumber': '35', 'addr:postcode': '09134', 'addr:street': 'Via Dolianova', 'amenity': 'pharmacy', 'dispensing': 'no', 'healthcare': 'pharmacy', 'name': 'Parafarmacia Conad', 'opening_hours': 'Mo-Su 08:30-21:00', 'operator': 'Conad', 'start_date': '2020-11-30'}",8176076340,node
40.9098362,9.5233471,"{'addr:city': 'Olbia', 'addr:postcode': '07026', 'addr:street': 'Via Cesare Pavese', 'amenity': 'pharmacy', 'dispensing': 'no', 'healthcare': 'pharmacy', 'name': 'Parafarmacia Conad', 'operator': 'Conad'}",8176107430,node
40.5717243,8.6998592,"{'addr:city': 'Banari', 'addr:housenumber': '1', 'addr:postcode': '07040', 'addr:street': 'Via Emilio Lussu', 'amenity': 'post_office', 'atm': 'yes', 'brand': 'Poste Italiane', 'brand:wikidata': 'Q495026', 'brand:wikipedia': 'en:Poste italiane', 'name': 'Poste Italiane', 'opening_hours': 'Mo, We, Th, Fr 08:20-13:45; Tu, Sa, Su, PH off', 'operator': 'Poste Italiane', 'phone': '+39 079 826265'}",8241137409,node
39.1032382,8.5774383,"{'addr:city': 'Tratalias', 'addr:housenumber': '1', 'addr:postcode': '09010', 'addr:street': 'Via Giacomo Matteotti', 'amenity': 'post_office', 'atm': 'yes', 'brand': 'Poste Italiane', 'brand:wikidata': 'Q495026', 'brand:wikipedia': 'en:Poste italiane', 'name': 'Ufficio Postale di Tratalias', 'opening_hours': 'Mo-Fr 08:20-13:35; Sa 08:20-12:35;PH off', 'operator': 'Poste Italiane', 'operator:wikidata': 'Q495026', 'phone': '+39 0781 688241', 'ref': '13171'}",8255323133,node
39.9543602,9.1984439,"{'addr:city': 'Aritzo', 'addr:housenumber': '86', 'addr:postcode': '08031', 'addr:street': 'Corso Umberto', 'amenity': 'post_office', 'atm': 'yes', 'brand': 'Poste Italiane', 'brand:wikidata': 'Q495026', 'brand:wikipedia': 'en:Poste italiane', 'name': 'Ufficio Postale di Aritzo', 'opening_hours': 'Mo-Fr 08:20-13:35; Sa 08:20-12:35;PH off', 'operator': 'Poste Italiane', 'operator:wikidata': 'Q495026', 'phone': '+39 0784 629230', 'ref': '80105'}",8256476477,node
40.7503843,8.8202174,"{'addr:city': 'Tzaramonte/Chiaramonti', 'addr:housenumber': '6', 'addr:postcode': '07030', 'addr:street': 'Via Brigata Sassari', 'amenity': 'pharmacy', 'dispensing': 'yes', 'healthcare': 'pharmacy', 'name': 'Pisu Elisabetta'}",8341754026,node
39.2266605,9.1250534,"{'addr:city': 'Cagliari', 'addr:housenumber': '2', 'addr:postcode': '09128', 'addr:street': 'Via Efisio Cao di San Marco', 'amenity': 'bank', 'brand': 'BNL', 'brand:wikidata': 'Q2201225', 'brand:wikipedia': 'it:Banca Nazionale del Lavoro', 'name': 'BNL', 'official_name': 'Banca Nazionale del Lavoro', 'official_name:en': 'National Labor Bank', 'official_name:it': 'Banca Nazionale del Lavoro'}",8474714845,node
40.6496304,9.3271454,"{'addr:city': 'Alà dei Sardi', 'addr:housenumber': '39', 'addr:postcode': '07020', 'addr:street': 'Via Roma', 'amenity': 'school', 'isced:level': '2', 'name': 'Scuola Secondaria', 'ref': 'SSIC80600X'}",8560056159,node
40.6498572,9.3274466,"{'addr:city': 'Alà dei Sardi', 'addr:housenumber': '41', 'addr:postcode': '07020', 'addr:street': 'Via Roma', 'amenity': 'school', 'isced:level': '1', 'name': 'Scuola Primaria', 'ref': 'SSIC80600X'}",8560063231,node
39.475528,9.1031408,"{'addr:city': 'Barrali', 'addr:housenumber': '8', 'addr:street': 'Via Enrico Berlinguer', 'amenity': 'pharmacy', 'dispensing': 'yes', 'healthcare': 'pharmacy', 'name': 'Farmacia Salus Santa Lucia', 'ref:msal': '16164', 'ref:vatin': 'IT03924250925', 'source': 'Ministero della Salute'}",8599727019,node
39.287065,9.0086015,"{'addr:city': 'Assemini', 'addr:housenumber': '6', 'addr:postcode': '09032', 'addr:street': 'Via Sardegna', 'amenity': 'pharmacy', 'dispensing': 'yes', 'healthcare': 'pharmacy', 'name': 'Farmacia Mura Luciana', 'phone': '+393486250091', 'ref:msal': '16257', 'ref:vatin': 'IT03413900923', 'source': 'Ministero della Salute'}",8688792731,node
39.2927798,8.994175,"{'addr:city': 'Assemini', 'addr:housenumber': '372', 'addr:postcode': '09032', 'addr:street': 'Via Cagliari', 'amenity': 'bank', 'brand': 'Banco di Sardegna', 'brand:wikidata': 'Q806205', 'brand:wikipedia': 'en:Banco di Sardegna', 'name': 'Banco di Sardegna', 'phone': '+39070946861'}",8691157151,node
39.2245834,9.2475156,"{'addr:city': ""Quartu Sant'Elena"", 'addr:postcode': '09045', 'amenity': 'pharmacy', 'dispensing': 'yes', 'drive_through': 'no', 'healthcare': 'pharmacy', 'name': 'Farmacia Bellavista', 'ref:msal': '18512', 'ref:vatin': 'IT01882420605', 'source': 'Ministero della Salute', 'wheelchair': 'yes'}",8699130698,node
39.2851464,9.0107182,"{'addr:city': 'Assemini', 'addr:housenumber': '35', 'addr:postcode': '09032', 'addr:street': 'Corso America', 'amenity': 'bank', 'brand': 'UniCredit Bank', 'brand:wikidata': 'Q45568', 'brand:wikipedia': 'en:UniCredit', 'name': 'UniCredit Bank', 'phone': '+390704500004'}",8754280304,node
39.2896492,9.0015745,"{'addr:city': 'Assemini', 'addr:housenumber': '154', 'addr:postcode': '09032', 'addr:street': 'Via Cagliari', 'amenity': 'pharmacy', 'dispensing': 'yes', 'healthcare': 'pharmacy', 'name': ""Farmacia Sant'Ignazio"", 'phone': '+39070940049', 'ref:msal': '16260', 'ref:vatin': 'IT02074010923', 'source': 'Ministero della Salute'}",8756244354,node
40.5693568,9.6853928,"{'addr:city': 'Siniscola', 'addr:postcode': '08029', 'addr:street': 'Via Isalle', 'amenity': 'clinic', 'healthcare': 'clinic', 'name': 'ASSL Nuoro - Poliambulatorio di Siniscola', 'operator': 'ATS Sardegna', 'operator:type': 'public'}",8895025291,node
41.0990424,9.5214359,"{'amenity': 'pharmacy', 'dispensing': 'yes', 'drive_through': 'no', 'healthcare': 'pharmacy', 'name': 'Farmacia Boots Porto Cervo Abbiadori'}",8916644668,node
39.6808166,8.4504953,{'amenity': 'pharmacy'},8939895648,node
40.559095,8.3150061,"{'amenity': 'bank', 'brand': 'Banco Desio', 'brand:wikidata': 'Q3633825', 'name': 'Banco Desio', 'operator': 'Banco Desio', 'operator:wikidata': 'Q3633825'}",8941636541,node
39.6809441,8.4504598,{'amenity': 'pharmacy'},8953746217,node
39.1731952,8.977866,"{'addr:city': 'Capoterra', 'addr:housenumber': '36', 'addr:postcode': '09012', 'addr:street': 'Via Cagliari', 'amenity': 'bank', 'atm': 'yes', 'brand': 'Banco di Sardegna', 'brand:wikidata': 'Q806205', 'brand:wikipedia': 'en:Banco di Sardegna', 'name': 'Banco di Sardegna', 'website': 'https://www.bancosardegna.it/'}",9051180082,node
39.0311095,9.0345807,"{'addr:city': 'Sarroch', 'addr:country': 'IT', 'addr:postcode': '09018', 'addr:street': 'Via del Porto', 'amenity': 'pharmacy', 'dispensing': 'yes', 'healthcare': 'pharmacy', 'name': 'Farmacia Del Porto Dr. Luigi Manca', 'nohousenumber': 'yes', 'opening_hours': 'Mo-Sa 09:00-13:00,17:00-20:30; Su 09:00-13:00', 'phone': '+393791275164', 'ref:msal': '20117', 'ref:vatin': 'IT03787130925', 'source': 'Ministero della Salute', 'website': 'https://farmacia-del-porto-dr-luigi-manca.business.site/'}",9053553011,node
40.7469044,8.1904004,"{'amenity': 'pharmacy', 'dispensing': 'yes', 'healthcare': 'pharmacy', 'name': 'Farmacia Salaris', 'ref:msal': '15843', 'ref:vatin': 'IT02161940909', 'source': 'Ministero della Salute'}",9093435154,node
40.923889,9.4987801,"{'amenity': 'bank', 'brand': 'UniCredit', 'brand:wikidata': 'Q45568', 'name': 'UniCredit'}",9128473317,node
39.2356394,9.2090927,"{'addr:city': ""Quartu Sant'Elena"", 'addr:housenumber': '65', 'addr:postcode': '09045', 'addr:street': 'Via Monaco', 'amenity': 'pharmacy', 'dispensing': 'yes', 'healthcare': 'pharmacy', 'name': 'Farmacia Quartello', 'opening_hours': 'Mo-Sa 09:00-13:15,16:30-20:30', 'ref:msal': '20135', 'ref:vatin': 'IT03791890928', 'source': 'Ministero della Salute', 'wheelchair': 'yes'}",9179750498,node
39.2414052,9.1208572,"{'addr:city': 'Cagliari', 'addr:housenumber': '155', 'addr:postcode': '09134', 'addr:street': 'Via Santa Maria Chiara', 'amenity': 'bank', 'atm': 'yes', 'brand': 'UniCredit Bank', 'brand:wikidata': 'Q45568', 'brand:wikipedia': 'en:UniCredit', 'name': 'UniCredit Bank', 'operator': 'Unicredit Banca'}",9198769421,node
40.0961826,8.6554113,"{'amenity': 'pharmacy', 'dispensing': 'yes', 'healthcare': 'pharmacy', 'name': 'Farmacia Margiani', 'ref:msal': '16098', 'ref:vatin': 'IT00562870956', 'source': 'Ministero della Salute'}",9202509331,node
39.2051384,8.3834117,"{'addr:city': 'Portescusi/Portoscuso', 'addr:housenumber': '12', 'addr:postcode': '09010', 'addr:street': 'Via Napoli', 'amenity': 'post_office', 'atm': 'yes', 'brand': 'Poste Italiane', 'brand:wikidata': 'Q495026', 'name': 'Ufficio Postale di Portoscuso', 'opening_hours': 'Mo-Fr 08:20-13:35; Sa 08:20-12:35;PH off', 'operator': 'Poste Italiane', 'operator:wikidata': 'Q495026', 'operator:wikipedia': 'en:Poste italiane', 'phone': '+39 0781 507200', 'ref': '17901', 'source': 'https://www.laprovinciadelsulcisiglesiente.com/2021/10/poste-italiane-ha-installato-nella-sede-di-via-napoli-a-portoscuso-uno-sportello-atm-postamat-di-nuova-generazione/'}",9209680018,node
39.8558658,9.0519771,"{'addr:city': 'Laconi', 'addr:housenumber': '78', 'addr:postcode': '08034', 'addr:street': 'Corso Giuseppe Garibaldi', 'amenity': 'pharmacy', 'dispensing': 'yes', 'healthcare': 'pharmacy'}",9392192693,node
39.2921892,8.9573565,"{'addr:city': 'Uta', 'addr:housenumber': '97a', 'addr:postcode': '09010', 'addr:street': 'Via Regina Margherita', 'amenity': 'school', 'fee': 'no', 'isced:level': '1', 'name': 'Scuola Primaria Regina Margherita', 'ref': 'CAEE87403A'}",9466115533,node
39.2511968,9.106455,"{'amenity': 'bank', 'brand': 'Intesa Sanpaolo', 'brand:wikidata': 'Q1343118', 'brand:wikipedia': 'it:Intesa Sanpaolo', 'name': 'Intesa Sanpaolo'}",9599557332,node
40.5546226,8.3205899,"{'amenity': 'pharmacy', 'dispensing': 'no', 'healthcare': 'pharmacy', 'name': ""Parafarmacia Sant'Ignazío""}",9671894379,node
40.59377,8.5678597,"{'amenity': 'bank', 'atm': 'yes', 'brand': 'Intesa Sanpaolo', 'brand:wikidata': 'Q1343118', 'drive_through': 'no', 'name': 'Intesa Sanpaolo'}",9810921983,node
40.5917993,8.569549,"{'amenity': 'pharmacy', 'dispensing': 'yes', 'healthcare': 'pharmacy', 'name': 'Farmacia Mura', 'ref:msal': '15897', 'ref:vatin': 'IT02549450902', 'source': 'Ministero della Salute'}",9812029337,node
40.5943659,8.5705988,"{'amenity': 'pharmacy', 'dispensing': 'yes', 'healthcare': 'pharmacy', 'name': 'Farmacia Sotgia', 'ref:msal': '15951', 'ref:vatin': 'IT01817640905', 'source': 'Ministero della Salute'}",9815775382,node
39.0684412,8.4542472,"{'amenity': 'pharmacy', 'dispensing': 'yes', 'healthcare': 'pharmacy', 'name': 'Farmacia Rubisse', 'ref:msal': '16208', 'ref:vatin': 'IT00108260928', 'source': 'Ministero della Salute'}",9850465560,node
39.0044379,8.6413209,"{'amenity': 'pharmacy', 'dispensing': 'yes', 'healthcare': 'pharmacy', 'name': 'Farmacia Asproni', 'ref:msal': '16231', 'ref:vatin': 'IT02668000926', 'source': 'Ministero della Salute'}",9861120301,node
39.0706919,8.6324128,"{'amenity': 'bank', 'brand': 'Banco di Sardegna', 'brand:wikidata': 'Q806205', 'name': 'Banco di Sardegna', 'operator': 'Banco di Sardegna', 'operator:wikidata': 'Q806205'}",9861150617,node
39.0511859,8.6294972,"{'amenity': 'pharmacy', 'dispensing': 'yes', 'healthcare': 'pharmacy', 'name': 'Farmacia Pusceddu', 'ref:msal': '16221', 'ref:vatin': 'IT02285170920', 'source': 'Ministero della Salute'}",9861163696,node
39.9265904,9.6571713,"{'amenity': 'pharmacy', 'dispensing': 'yes', 'healthcare': 'pharmacy', 'name': 'Farmacia San Francesco', 'ref:msal': '20129', 'ref:vatin': 'IT01539070910', 'source': 'Ministero della Salute'}",9869855975,node
38.9675689,8.7685546,{'amenity': 'pharmacy'},9873126166,node
39.0040621,8.6431854,"{'amenity': 'bank', 'brand': 'Banco di Sardegna', 'brand:wikidata': 'Q806205', 'check_date': '2025-09-18', 'name': 'Banco di Sardegna', 'operator': 'Banco di Sardegna', 'operator:wikidata': 'Q806205'}",9873134791,node
39.0100507,9.0027229,"{'addr:city': 'Pula', 'addr:street': 'Via delle Palme', 'amenity': 'bank', 'check_date': '2023-09-03', 'name': 'Banco di Sardegna'}",9877594021,node
40.8315693,8.4063166,"{'amenity': 'pharmacy', 'dispensing': 'yes', 'healthcare': 'pharmacy', 'name': 'Farmacia San Gavino', 'ref:msal': '20771', 'ref:vatin': 'IT02837690904', 'source': 'Ministero della Salute'}",9883016164,node
39.5484791,8.7881562,"{'amenity': 'pharmacy', 'dispensing': 'yes', 'healthcare': 'pharmacy', 'name': 'Farmacia Newco', 'ref:msal': '16150', 'ref:vatin': 'IT03899120921', 'source': 'Ministero della Salute'}",9930302490,node
39.4393657,9.5422219,"{'amenity': 'pharmacy', 'dispensing': 'yes', 'healthcare': 'pharmacy', 'name': 'Farmacia ACSF', 'ref:msal': '16310', 'ref:vatin': 'IT03933740924', 'source': 'Ministero della Salute'}",9930335588,node
39.2418937,9.1800993,"{'amenity': 'bank', 'brand': 'Banco di Sardegna', 'brand:wikidata': 'Q806205', 'name': 'Banco di Sardegna'}",9994587431,node
40.0302718,9.6644217,"{'addr:housenumber': '15', 'addr:street': 'Via Amsicora', 'amenity': 'pharmacy', 'dispensing': 'yes', 'healthcare': 'pharmacy', 'level': '0', 'name': 'Farmacia Paba', 'ref:msal': '16069', 'ref:vatin': 'IT01116330919', 'source': 'Ministero della Salute'}",10041290104,node
39.9484968,8.9418018,"{'addr:city': 'Samugheo', 'addr:housenumber': '37', 'addr:postcode': '09086', 'addr:street': 'Via Antonio Gramsci', 'amenity': 'post_office', 'brand': 'Poste Italiane', 'brand:wikidata': 'Q495026', 'name': 'Ufficio Postale di Samugheo', 'opening_hours': 'Mo-Fr 08:20-13:35; Sa 08:20-12:35;PH off', 'operator': 'Poste Italiane', 'operator:wikidata': 'Q495026', 'ref': '72047'}",10218146809,node
39.9001279,9.5311894,"{'addr:city': 'Elini', 'addr:housenumber': '27b', 'addr:postcode': '08040', 'addr:street': 'Via Pompei', 'amenity': 'pharmacy', 'dispensing': 'yes', 'healthcare': 'pharmacy', 'name': 'Farmacia Piras Dina', 'ref:msal': '16060', 'ref:vatin': 'IT00602750911', 'source': 'Ministero della Salute'}",10245040141,node
39.2198935,9.1152713,"{'addr:housenumber': '67', 'addr:street': 'Via Santa Croce', 'amenity': 'university', 'education': 'university', 'fax': '+39 070 6755818', 'isced:level': '4', 'name': 'Istituto di Architettura e Disegno', 'operator': 'Università degli Studi di Cagliari', 'phone': '+39 070 6755806', 'url': 'https://people.unica.it/unicamappe/2012/08/10/facolta-di-architettura/'}",10265078480,node
39.220914,9.1141401,"{'amenity': 'school', 'name': 'Direzione Ricerca e Territorio', 'operator': 'Università degli Studi di Cagliari'}",10265129689,node
40.4751302,9.382556,"{'addr:postcode': '08021', 'amenity': 'bank', 'atm': 'yes', 'brand': 'Banco di Sardegna', 'brand:wikidata': 'Q806205', 'check_date': '2024-09-08', 'name': 'Banco di Sardegna', 'operator': 'Banco di Sardegna', 'operator:wikidata': 'Q806205'}",10292107810,node
40.0246856,9.1730502,"{'amenity': 'post_office', 'brand': 'Poste Italiane', 'brand:wikidata': 'Q495026', 'name': 'Ufficio Postale di Tonara', 'opening_hours': 'Mo-Fr 08:20-13:35; Sa 08:20-12:35;PH off', 'operator': 'Poste Italiane', 'operator:wikidata': 'Q495026', 'ref': '80186'}",10293092132,node
40.5901357,8.5691768,"{'amenity': 'clinic', 'healthcare': 'clinic', 'healthcare:speciality': 'physiotherapy;cardiology'}",10294076891,node
40.5930339,8.5700862,"{'amenity': 'bank', 'brand': 'Banco di Sardegna', 'brand:wikidata': 'Q806205', 'name': 'Banco di Sardegna', 'operator': 'Banco di Sardegna', 'operator:wikidata': 'Q806205'}",10294076903,node
40.4775759,9.3825026,"{'amenity': 'post_office', 'brand': 'Poste Italiane', 'brand:wikidata': 'Q495026', 'name': 'Ufficio Postale di Bitti', 'opening_hours': 'Mo-Fr 08:20-13:35; Sa 08:20-12:35;PH off', 'operator': 'Poste Italiane', 'operator:wikidata': 'Q495026', 'ref': '80113'}",10321551193,node
40.4780231,9.3826382,"{'addr:postcode': '08021', 'amenity': 'pharmacy', 'dispensing': 'yes', 'healthcare': 'pharmacy', 'name': 'Farmacia Tola', 'ref:msal': '16003', 'ref:vatin': 'IT00065440919', 'source': 'Ministero della Salute'}",10537430309,node
40.4749418,9.3823184,"{'addr:postcode': '08021', 'amenity': 'pharmacy', 'dispensing': 'yes', 'healthcare': 'pharmacy', 'name': 'Antica Farmacia Delogu', 'ref:msal': '16014', 'ref:vatin': 'IT00065440919', 'source': 'Ministero della Salute'}",10537430409,node
40.7152922,8.5814145,"{'addr:city': 'Sassari', 'addr:housenumber': '42a', 'addr:street': 'Via Carlo Felice', 'amenity': 'pharmacy', 'dispensing': 'yes', 'healthcare': 'pharmacy', 'name': 'Farmacia Carlo Felice', 'ref:msal': '20142', 'ref:vatin': 'IT02750330900', 'source': 'Ministero della Salute'}",10539114861,node
40.7243755,8.5650159,"{'amenity': 'pharmacy', 'dispensing': 'yes', 'healthcare': 'pharmacy', 'name': 'Farmacia Gutierrez', 'ref:msal': '15871', 'ref:vatin': 'IT01626020901', 'source': 'Ministero della Salute'}",10539114863,node
40.901424,9.1037302,"{'amenity': 'bank', 'atm': 'yes', 'brand': 'UniCredit', 'name': 'UniCredit Banca'}",10539832939,node
40.6902876,9.7207673,"{'addr:city': 'Tanaunella', 'addr:housenumber': '26', 'addr:postcode': '08020', 'addr:street': 'Via Agamennone', 'amenity': 'pharmacy', 'contact:facebook': 'https://www.facebook.com/farmaciatanaunella/', 'dispensing': 'yes', 'drive_through': 'no', 'email': 'farmaciadoneddu@gmail.com', 'healthcare': 'pharmacy', 'name': 'Farmacia Doneddu', 'opening_hours': 'Mo-Sa 08:45-12:45,16:30-20:00', 'phone': '+39 0784 165 0038', 'ref:msal': '20777', 'ref:vatin': 'IT01604510915', 'source': 'Ministero della Salute'}",10876278160,node
40.6594,8.6801849,"{'amenity': 'pharmacy', 'healthcare': 'pharmacy'}",10925245874,node
40.660222,8.6805202,"{'amenity': 'post_office', 'brand': 'Poste Italiane', 'brand:wikidata': 'Q495026', 'name': 'Poste Italiane', 'opening_hours': 'Th-Sa', 'operator': 'Poste Italiane', 'operator:wikidata': 'Q495026'}",10925245879,node
39.1987431,9.1587794,"{'amenity': 'pharmacy', 'check_date': '2023-08-26', 'dispensing': 'yes', 'healthcare': 'pharmacy', 'name': 'Farmacia Karalis', 'ref:msal': '16262', 'ref:vatin': 'IT03899120921', 'source': 'Ministero della Salute'}",11146645056,node
39.2142191,9.1121925,"{'addr:city': 'Cagliari', 'addr:street': 'Via Roma', 'amenity': 'pharmacy', 'check_date': '2023-08-26', 'dispensing': 'yes', 'drive_through': 'no', 'healthcare': 'pharmacy', 'name': 'Farmacia Spano', 'ref:msal': '16267', 'ref:vatin': 'IT02201050925', 'source': 'Ministero della Salute'}",11146794220,node
39.2166372,9.119152,"{'addr:city': 'Cagliari', 'addr:housenumber': '109', 'addr:street': 'Via Giuseppe Garibaldi', 'amenity': 'pharmacy', 'contact:email': 'farmaciapodda@gmail.com', 'contact:phone': '+39 070 658946', 'dispensing': 'yes', 'drive_through': 'no', 'healthcare': 'pharmacy', 'name': 'Farmacia Podda', 'operator': 'Farmacia Podda s.n.c.', 'ref:msal': '16281', 'ref:vatin': 'IT02815170929', 'source': 'Ministero della Salute'}",11152420755,node
39.1974004,9.1498733,"{'addr:street': 'Viale Poetto', 'amenity': 'pharmacy', 'check_date': '2026-08-23', 'dispensing': 'yes', 'healthcare': 'pharmacy', 'name': 'Farmacia Camba', 'ref:msal': '16237', 'ref:vatin': 'IT02856870924', 'source': 'Ministero della Salute'}",11181561115,node
39.2083324,9.1232109,"{'amenity': 'bank', 'brand': 'Banca Mediolanum', 'brand:wikidata': 'Q3633712', 'check_date': '2026-08-22', 'name': 'Banca Mediolanum'}",11186603019,node
40.3169038,9.3328215,"{'addr:city': 'Nuoro', 'addr:housenumber': '43', 'addr:postcode': '08100', 'addr:street': 'Via Monsignore Giuseppe Melas', 'amenity': 'clinic', 'healthcare': 'clinic', 'name': 'Centro Immagini Diagnostiche', 'operator': 'Dott. Coinu', 'phone': '+39 0784 32003'}",11208974405,node
40.3183059,9.3240726,"{'addr:city': 'Nuoro', 'addr:housenumber': '21', 'addr:postcode': '08100', 'addr:street': 'Via Santa Barbara', 'amenity': 'clinic', 'healthcare': 'clinic', 'healthcare:speciality': 'radiology', 'name': 'F.K.T. Centro Radiologico', 'opening_hours': 'Mo-Fr 08:00-17:00', 'phone': '+39 0784 36479'}",11209010202,node
39.9551341,9.1970746,"{'amenity': 'pharmacy', 'dispensing': 'yes', 'healthcare': 'pharmacy', 'name': 'Farmacia Selenu', 'ref:msal': '15968', 'ref:vatin': 'IT03353520921', 'source': 'Ministero della Salute'}",11209790440,node
41.0767424,9.3916596,"{'amenity': 'pharmacy', 'name': 'Farmacia Dott. Satta', 'opening_hours': 'Mo-Sa 09:00-20:00; Su 09:00-12:30'}",11235650538,node
40.7273803,8.5698914,"{'amenity': 'pharmacy', 'dispensing': 'yes', 'healthcare': 'pharmacy', 'name': 'Farmacia Cabras', 'ref:msal': '15865', 'ref:vatin': 'IT01566460901', 'source': 'Ministero della Salute', 'website': 'http://www.farmaciapilo.it/'}",11254639185,node
40.5572193,8.3163808,"{'amenity': 'pharmacy', 'healthcare': 'pharmacy', 'name': 'Parafarmacia Dr. Piga'}",11285789877,node
40.5568892,8.3163781,"{'amenity': 'bank', 'brand': 'Banco di Sardegna', 'brand:wikidata': 'Q806205', 'name': 'Banco di Sardegna'}",11285798072,node
40.9240925,9.4996512,"{'addr:housenumber': '144', 'addr:street': 'Via Giacomo Pala', 'amenity': 'pharmacy', 'healthcare': 'pharmacy', 'name': 'Parafarmacia Dr. Piga', 'opening_hours': 'Mo-Sa 08:00-21:00; Su 09:00-13:00,16:00-20:00', 'wheelchair': 'no'}",11290427607,node
39.740317,8.6058963,"{'addr:city': 'Tanca Marchese', 'addr:housenumber': '33', 'addr:postcode': '09098', 'addr:street': 'Via Reggio Emilia', 'amenity': 'pharmacy', 'dispensing': 'yes', 'healthcare': 'pharmacy', 'name': 'Farmacia Terralba 3', 'ref:msal': '21009', 'ref:vatin': 'IT01265920957', 'source': 'Ministero della Salute'}",11291032789,node
40.8759816,9.3514117,"{'addr:city': 'Telti', 'addr:housenumber': '45', 'addr:postcode': '07020', 'addr:street': 'Via Alessandro Manzoni', 'amenity': 'bank', 'brand': 'Banco di Sardegna', 'brand:wikidata': 'Q806205', 'name': 'Banco di Sardegna', 'operator': 'Banco di Sardegna', 'operator:wikidata': 'Q806205'}",11299759737,node
40.8753382,9.3528594,"{'addr:city': 'Telti', 'addr:housenumber': '7', 'addr:postcode': '07020', 'addr:street': 'Via del Duomo', 'amenity': 'pharmacy', 'dispensing': 'yes', 'healthcare': 'pharmacy', 'name': 'Farmacia Poddighe', 'ref:msal': '15931', 'ref:vatin': 'IT01503280909', 'source': 'Ministero della Salute'}",11299853849,node
39.7380024,9.1115681,"{'addr:housenumber': '10', 'addr:street': 'Via Giacomo Puccini', 'amenity': 'post_office', 'operator': 'Poste Italiane', 'operator:wikidata': 'Q495026', 'phone': '+390782802961'}",11379274778,node
39.8711647,9.2335045,"{'amenity': 'pharmacy', 'dispensing': 'yes', 'healthcare': 'pharmacy', 'name': 'Farmacia Collu', 'ref:msal': '15982', 'ref:vatin': 'IT01412820910', 'source': 'Ministero della Salute'}",11410831880,node
39.7403439,9.108866,"{'addr:housenumber': '19', 'addr:street': 'Corso Vittorio Emanuele', 'amenity': 'bank', 'brand': 'Banco di Sardegna', 'brand:wikidata': 'Q806205', 'drive_through': 'no', 'name': 'Banco di Sardegna', 'phone': '+390782821500', 'website': 'https://www.bancosardegna.it/'}",11443168953,node
39.7397962,9.1100035,"{'addr:housenumber': '1', 'addr:street': ""Via Sant'Isidoro"", 'amenity': 'pharmacy', 'dispensing': 'yes', 'drive_through': 'no', 'healthcare': 'pharmacy', 'name': 'Farmacia Mura', 'phone': '+390782802087', 'ref:msal': '15986', 'ref:vatin': 'IT01313940916', 'source': 'Ministero della Salute', 'website': 'https://www.farmaciamuraisili.it/'}",11443174851,node
39.2406664,9.1778212,"{'amenity': 'pharmacy', 'dispensing': 'no', 'name': 'Parafarmacia Kydos', 'ref:msal': '005993', 'ref:vatin': 'IT03258540925'}",11498494447,node
39.261669,9.0634166,"{'amenity': 'school', 'name': 'IAL Sardegna'}",11516265870,node
39.222142,9.1170251,"{'amenity': 'university', 'check_date': '2025-03-11', 'name': 'Università degli Studi di Cagliari - Dipartimento di Storia, Beni Culturali e Territorio'}",11569891321,node
39.9955382,8.8090645,"{'amenity': 'bank', 'brand': 'Banco di Sardegna', 'brand:wikidata': 'Q806205', 'name': 'Banco di Sardegna', 'operator': 'Banco di Sardegna', 'operator:wikidata': 'Q806205'}",11834669621,node
40.1343905,8.8328377,"{'amenity': 'post_office', 'brand': 'Poste Italiane', 'brand:wikidata': 'Q495026', 'name': 'Ufficio Postale di Norbello', 'opening_hours': 'Mo-Fr 08:20-13:35; Sa 08:20-12:35;PH off', 'operator': 'Poste Italiane', 'operator:wikidata': 'Q495026', 'ref': '72037'}",11872637291,node
39.3010946,8.5126377,"{'addr:city': 'Monteponi', 'addr:housenumber': '6', 'addr:postcode': '09016', 'addr:street': 'Piazza Monsignor Enea Salis', 'amenity': 'post_office', 'brand': 'Poste Italiane', 'brand:wikidata': 'Q495026', 'name': 'Ufficio Postale Monteponi', 'opening_hours': 'Mo-Fr 08:20-13:35; Sa 08:20-12:35;PH off', 'operator': 'Poste Italiane', 'operator:wikidata': 'Q495026', 'ref': '13085'}",11881661560,node
41.0129874,8.8751804,"{'amenity': 'pharmacy', 'dispensing': 'yes', 'name': 'Dispensario stagionale della Farmacia Pedrini', 'name:fr': 'Grixon Farmacie', 'opening_hours': 'Mo-Sa 09:00-13:00, 17:00-20:00', 'ref:msal': '19507', 'ref:vatin': 'IT01840430902', 'source': 'Ministero della Salute'}",11977481186,node
40.8756617,9.6297788,"{'amenity': 'pharmacy', 'healthcare': 'pharmacy', 'name': 'Farmacia Porto San Paolo'}",12047987597,node
40.8762803,9.6298426,"{'amenity': 'pharmacy', 'healthcare': 'pharmacy', 'name': 'Parafarmacia Roberta Pichetto'}",12048030261,node
40.8754874,9.6294564,"{'amenity': 'bank', 'atm': 'yes', 'brand': 'Banco di Sardegna', 'brand:wikidata': 'Q806205', 'name': 'Banco di Sardegna'}",12048033847,node
39.2061819,8.3836451,"{'amenity': 'hospital', 'healthcare': 'hospital', 'name': 'AVIS'}",12050808525,node
40.2971065,8.4969528,"{'addr:city': 'Bosa', 'addr:housenumber': '16', 'addr:postcode': '08013', 'addr:street': 'Viale Giovanni XXIII', 'amenity': 'pharmacy', 'dispensing': 'no', 'drive_through': 'no', 'healthcare': 'pharmacy', 'name': 'Parafarmacia Farmat', 'ref:msal': '003095'}",12054993185,node
40.662849,8.2705328,"{'addr:city': 'Santa Maria La Palma', 'addr:housenumber': '41', 'addr:postcode': '07041', 'addr:street': 'Via Sila', 'amenity': 'post_office', 'brand': 'Poste Italiane', 'brand:wikidata': 'Q495026', 'name': 'Ufficio Postale di Santa Maria la Palma', 'opening_hours': 'Mo-Fr 08:20-13:35; Sa 08:20-12:35;PH off', 'operator': 'Poste Italiane', 'operator:wikidata': 'Q495026', 'ref': '58146'}",12057491194,node
40.7713409,9.6727748,"{'amenity': 'bank', 'atm': 'yes', 'name': 'Intesa San Paolo', 'opening_hours': 'Mo-Fr 08:30-13:30, Mo-Th 14:45-16:55, Fr 14:45-16:25'}",12061825468,node
39.8569107,9.583315,"{'addr:street': 'Via Roma', 'amenity': 'bank', 'brand': 'Banco di Sardegna', 'brand:wikidata': 'Q806205', 'name': 'Banco di Sardegna', 'operator': 'Banco di Sardegna', 'operator:wikidata': 'Q806205'}",12117265801,node
39.8582571,9.5846795,"{'addr:street': 'Via Roma', 'amenity': 'pharmacy', 'dispensing': 'yes', 'healthcare': 'pharmacy', 'name': 'Farmacia Mameli', 'opening_hours': 'Mo-Tu, Th-Fr 08:30-12:30, 16:30-19:30; We, Sa 08:30-12:30; Su 09:00-12:30', 'ref:msal': '16057', 'ref:vatin': 'IT00793740911', 'source': 'Ministero della Salute'}",12117265903,node
39.0930328,8.7153234,"{'addr:housenumber': '53', 'addr:street': 'Via Mazzini', 'amenity': 'pharmacy', 'name': 'Farmacia Sundas Dr. Elio', 'opening_hours': 'Mo-Sa 09:00-13:00, 17:00-20:00', 'phone': '+39 0781 955181', 'website': 'https://farmaciasundas.com'}",12121970809,node
39.0937958,8.7155409,"{'addr:housenumber': '7', 'addr:street': 'Piazza Guglielmo Marconi', 'amenity': 'school', 'name': 'Abiltecno soc. coop. sociale onlus', 'phone': '+39 0781 941074'}",12121976841,node
39.0920191,8.7155926,"{'addr:housenumber': '11', 'addr:street': 'Via Garibaldi', 'amenity': 'post_office', 'brand': 'Poste Italiane', 'brand:wikidata': 'Q495026', 'name': 'Ufficio Postale Poste Italiane', 'opening_hours': 'Mo-Fr 08:20-13:35; Sa 08:20-12:35;PH off', 'operator': 'Poste Italiane', 'operator:wikidata': 'Q495026', 'phone': '+39 0781 011119', 'ref': '13124', 'website': 'https://poste.it'}",12121982353,node
40.7849716,8.7425913,"{'addr:city': 'Nujvi/Nulvi', 'addr:housenumber': '4', 'addr:postcode': '07032', 'addr:street': 'Via Rosselli', 'amenity': 'post_office', 'atm': 'yes', 'name': 'Poste Italiane', 'opening_hours': 'Mo-Fr 08:20-13:35, Sa 08:20-12:35; Su, PH off', 'operator': 'Poste Italiane', 'operator:wikidata': 'Q495026', 'phone': '+39 079 9635036', 'source': 'https://www.sardegnaierioggidomani.com/attualita/a-nulvi-chiaramonti-e-perfugas-i-nuovi-atm-postamat-di-nuova-generazione/'}",12122806572,node
40.7478314,8.8211186,"{'addr:city': 'Tzaramonte/Chiaramonti', 'addr:housenumber': '11', 'addr:postcode': '07030', 'addr:street': 'Viale Guglielmo Marconi', 'amenity': 'post_office', 'atm': 'yes', 'name': 'Poste Italiane', 'opening_hours': 'Mo-Fr 08:20-13:45, Sa 08:20-12:45; Su, PH off', 'operator': 'Poste Italiane', 'operator:wikidata': 'Q495026', 'phone': '+39 079 9635033', 'source': 'https://www.sardegnaierioggidomani.com/attualita/a-nulvi-chiaramonti-e-perfugas-i-nuovi-atm-postamat-di-nuova-generazione/'}",12122817332,node
39.2128406,8.4652087,"{'addr:city': 'Cortoghiana', 'addr:postcode': '09013', 'addr:street': 'Via Amedeo di Savoia', 'amenity': 'bank', 'atm': 'yes', 'brand': 'Banco di Sardegna', 'brand:wikidata': 'Q806205', 'name': 'Banco di Sardegna', 'operator': 'Banco di Sardegna', 'operator:wikidata': 'Q806205'}",12138288920,node
40.5591788,8.3121616,"{'addr:city': 'Alghero', 'addr:housenumber': '6', 'addr:postcode': '07041', 'addr:street': 'Piazza Duomo', 'amenity': 'university', 'email': 'dip.architettura.design.urbanistica@pec.uniss.it', 'name': ""Dipartimento di Architettura, Design e Urbanistica dell'Università di Sassari - Pou Salit"", 'phone': '+39 079 9720451', 'website': 'https://www.architettura.uniss.it/'}",12153379334,node
40.3862703,9.6114374,"{'amenity': 'bank', 'brand': 'Banco di Sardegna', 'brand:wikidata': 'Q806205', 'name': 'Banco di Sardegna', 'operator': 'Banco di Sardegna', 'operator:wikidata': 'Q806205'}",12178847236,node
40.3870005,9.6122677,"{'amenity': 'pharmacy', 'dispensing': 'yes', 'healthcare': 'pharmacy', 'name': 'Farmacia Gfarma', 'ref:msal': '16034', 'ref:vatin': 'IT02755570906', 'source': 'Ministero della Salute'}",12181872459,node
40.8316517,8.4057571,"{'amenity': 'bank', 'brand': 'Intesa Sanpaolo', 'brand:wikidata': 'Q1343118', 'name': 'Intesa Sanpaolo'}",12189513701,node
40.7216431,8.555632,"{'amenity': 'pharmacy', 'healthcare': 'pharmacy'}",12192476301,node
40.7252648,8.563263,"{'amenity': 'bank', 'brand': 'BNP Paribas', 'brand:wikidata': 'Q499707', 'name': 'BNP Paribas'}",12192542908,node
39.8794661,9.539177,"{'addr:housenumber': '71', 'addr:street': 'Via Guglielmo Marconi', 'amenity': 'bank', 'brand': 'Intesa Sanpaolo', 'brand:wikidata': 'Q1343118', 'name': 'Intesa Sanpaolo'}",12197711401,node
39.973689,8.5391412,"{'amenity': 'bank', 'atm': 'yes', 'brand': 'Banco di Sardegna', 'brand:wikidata': 'Q806205', 'check_date': '2024-09-30', 'drive_through': 'no', 'name': 'Banco di Sardegna'}",12210773522,node
39.9060302,8.5905775,"{'amenity': 'pharmacy', 'dispensing': 'no', 'healthcare': 'pharmacy', 'name': 'Parafarmacia Piga Piazza Roma', 'opening_hours': 'Mo-Sa 08:30-20:30; PH off', 'ref:vatin': 'IT03382120925'}",12213961601,node
39.4649372,8.7442913,"{'addr:city': 'Villacidro', 'addr:housenumber': '86', 'addr:postcode': '09039', 'addr:street': 'Via San Gavino Monreale', 'amenity': 'pharmacy', 'dispensing': 'yes', 'email': 'santamariavillacidro@lafarmacia.it', 'healthcare': 'pharmacy', 'name': 'Lafarmacia.', 'opening_hours': 'Mo-Fr 08:00-20:00, Sa 08:00-12:30', 'operator': 'Hippocrates Holding S.p.A.', 'phone': '+39 070 932400', 'start_date': '2024-10-01'}",12232306396,node
39.3228789,8.6501212,"{'addr:city': 'Domunoas/Domusnovas', 'addr:housenumber': '55', 'addr:postcode': '09015', 'addr:street': 'Via Porta Pia', 'amenity': 'pharmacy', 'dispensing': 'yes', 'healthcare': 'pharmacy', 'name': 'Farmacia Pirastu Domusnovas', 'phone': '+39078170714', 'ref:msal': '16201', 'ref:vatin': 'IT03294530922', 'source': 'Ministero della Salute'}",12247839170,node
39.1426786,9.5200521,"{'addr:city': 'Villasimius', 'addr:housenumber': '16', 'addr:postcode': '09049', 'addr:street': 'Via Umberto Primo', 'amenity': 'pharmacy', 'baby_feeding': 'no', 'contact:phone': '+39 070 791191', 'healthcare': 'pharmacy', 'kids_area': 'yes', 'level': '0', 'name': 'Parafarmacia Longoni', 'opening_hours': 'Mo-Fr 09:00-13:00,17:00-20:00; Sa 09:00-13:00; Su closed; PH closed', 'wheelchair': 'yes'}",12271055636,node
39.204316,8.3793698,"{'addr:city': 'Portoscuso', 'addr:housenumber': '18', 'addr:postcode': '09010', 'addr:state': '88', 'addr:street': 'Via Giuseppe Garibaldi', 'amenity': 'pharmacy', 'baby_feeding': 'no', 'contact:phone': '+39 0781 508101', 'dispensing': 'no', 'healthcare': 'pharmacy', 'kids_area': 'no', 'level': '0', 'name': 'Parafarmacia BIGGIO', 'opening_hours': 'Mo-Sa 09:00-13:00,17:00-20:00; Su closed; PH closed', 'operator': 'Dott.ssa Anna Giulia Biggio', 'wheelchair': 'yes'}",12279353664,node
40.9326033,9.4994033,"{'amenity': 'pharmacy', 'healthcare': 'pharmacy', 'name': 'Parafarmacia Piga'}",12311498583,node
39.2177738,9.1211696,"{'amenity': 'bank', 'atm': 'yes', 'brand': 'Intesa Sanpaolo', 'brand:wikidata': 'Q1343118', 'indoor': 'yes', 'name': 'Intesa Sanpaolo'}",12441484881,node
39.5375119,8.6289348,"{'addr:city': 'Guspini', 'addr:housenumber': '39', 'addr:postcode': '09036', 'addr:street': 'Viale della Libertà', 'amenity': 'bank', 'name': 'Banca di Arborea'}",12451885735,node
40.4300212,8.7161484,"{'addr:city': 'Cossoine', 'addr:housenumber': '1', 'addr:postcode': '07010', 'addr:street': 'Via Uneddu', 'amenity': 'pharmacy', 'healthcare': 'pharmacy'}",12487378035,node
40.0829711,8.7634332,"{'amenity': 'pharmacy', 'dispensing': 'yes', 'healthcare': 'pharmacy'}",12534281043,node
39.9494616,8.6325619,"{'amenity': 'post_office', 'brand': 'Poste Italiane', 'brand:wikidata': 'Q495026', 'name': 'Ufficio Postale di Siamaggiore', 'opening_hours': 'Mo-Fr 08:20-13:45', 'operator': 'Poste Italiane', 'operator:wikidata': 'Q495026'}",12536316442,node
40.4163628,9.0306294,"{'amenity': 'pharmacy', 'name': 'Parafarmacia'}",12550966242,node
40.4166179,9.0291538,"{'addr:housenumber': '21', 'addr:street': 'Corso Giovanni Maria Angioy', 'amenity': 'pharmacy', 'dispensing': 'yes', 'name': 'Farmacia Angioj', 'opening_hours': 'Mo-Fr 09:00-13:00,16:30-20:00; Sa 09:00-13:00', 'ref:msal': '15859', 'ref:vatin': 'IT02326470909', 'source': 'Ministero della Salute'}",12550966245,node
40.4148744,9.027979,"{'addr:housenumber': '83/A', 'addr:street': 'Corso Giovanni Maria Angioy', 'amenity': 'pharmacy', 'dispensing': 'yes', 'name': 'Farmacia Sirca', 'opening_hours': 'Mo-Sa 09:00-13:00,16:30-20:00; We off', 'ref:msal': '15815', 'ref:vatin': 'IT02326470909', 'source': 'Ministero della Salute', 'website': 'https://www.farmaciasirca.it'}",12550966246,node
40.0313485,9.6635821,"{'addr:housenumber': '4', 'addr:street': 'Via Roma', 'amenity': 'bank', 'brand': 'Banco di Sardegna', 'brand:wikidata': 'Q806205', 'name': 'Banco di Sardegna', 'operator': 'Banco di Sardegna', 'operator:wikidata': 'Q806205'}",12585232601,node
39.6987167,8.7006353,"{'addr:city': 'Uras', 'addr:housenumber': '102', 'addr:postcode': '09099', 'addr:street': ""Via Eleonora d'Arborea"", 'amenity': 'bank', 'atm': 'yes', 'name': 'Banca di Arborea'}",12609828495,node
39.2350729,9.1119497,"{'amenity': 'pharmacy', 'dispensing': 'yes', 'healthcare': 'pharmacy', 'name': 'Farmacia Porcu', 'ref:msal': '16286', 'ref:vatin': 'IT04050980921', 'source': 'Ministero della Salute'}",12610470734,node
39.222573,9.1224753,"{'addr:housenumber': '50', 'addr:street': 'Via Tiziano', 'amenity': 'bank', 'brand': 'Banco di Sardegna', 'brand:wikidata': 'Q806205', 'name': 'Banco di Sardegna', 'operator': 'Banco di Sardegna', 'operator:wikidata': 'Q806205', 'phone': '+39 070 468 5000'}",12652787098,node
39.2225077,9.1249601,"{'addr:street': '122', 'amenity': 'pharmacy', 'healthcare': 'pharmacy', 'name': 'Piga', 'opening_hours': 'Mo-Su 08:30-20:30'}",12652858885,node
39.9004257,8.5921848,"{'addr:city': 'Oristano', 'addr:housenumber': '221', 'addr:postcode': '09170', 'addr:street': 'Via Cagliari', 'amenity': 'pharmacy', 'dispensing': 'yes', 'healthcare': 'pharmacy', 'name': 'Farmacia San Carlo', 'opening_hours': 'Mo-Sa 09:00-13:00,17:00-20:15', 'ref:msal': '16117', 'ref:vatin': 'IT00661800953', 'source': 'Ministero della Salute'}",12676985774,node
39.2553441,9.1397433,"{'addr:housenumber': '122', 'addr:street': 'Via Gaio Giulio Cesare', 'amenity': 'pharmacy', 'dispensing': 'yes', 'healthcare': 'pharmacy', 'name': 'Farmacia Arthemalle', 'ref:msal': '16293', 'ref:vatin': 'IT01704620929', 'source': 'Ministero della Salute'}",12734012021,node
39.6952824,9.5797276,"{'amenity': 'pharmacy', 'dispensing': 'no', 'healthcare': 'pharmacy', 'name': 'Parafarmacia Piga'}",12800310918,node
40.7161873,8.5683844,"{'addr:city': 'Sassari', 'addr:housenumber': '4', 'addr:postcode': '07100', 'addr:street': 'Via Enrico Besta', 'amenity': 'pharmacy', 'dispensing': 'yes', 'healthcare': 'pharmacy', 'name': 'Farmacia San Paolo', 'opening_hours': 'Mo-Fr 09:00-13:00,16:30-20:00; Sa 09:00-13:00', 'ref:msal': '15876', 'ref:vatin': 'IT02133380903', 'source': 'Ministero della Salute'}",12812511471,node
41.1790143,9.3795997,"{'amenity': 'clinic', 'healthcare': 'clinic', 'name': 'Medica Palau poliambulatorio'}",12836818594,node
40.3797303,9.6956647,"{'amenity': 'pharmacy', 'name': 'Pharmacie'}",12837578903,node
39.4377,8.4966431,"{'addr:city': 'Frùmini Majori/Fluminimaggiore', 'addr:housenumber': '271', 'addr:postcode': '09010', 'addr:street': 'Via Vittorio Emanuele', 'amenity': 'pharmacy', 'dispensing': 'yes', 'healthcare': 'pharmacy', 'name': 'Farmacia Corrias', 'opening_hours': 'Mo-Fr 09:00-12:30,16:30-19:30', 'payment:cash': 'yes', 'payment:credit_cards': 'yes', 'phone': '+39 0781 582034', 'ref:msal': '16192', 'ref:vatin': 'IT03104460922', 'source': 'Ministero della Salute', 'wheelchair': 'yes'}",12969657724,node
39.4412282,8.4955169,"{'addr:city': 'Fluminimaggiore', 'addr:housenumber': '140', 'addr:postcode': '09010', 'addr:street': 'Corso Giorgio Amendola', 'amenity': 'bank', 'atm': 'yes', 'brand': 'Banco di Sardegna', 'brand:wikidata': 'Q806205', 'name': 'Banco di Sardegna', 'opening_hours': 'Mo-Fr 08:30-13:00,14:45-16:25', 'wheelchair': 'yes'}",12969829544,node
39.4410781,8.4956376,"{'addr:city': 'Fluminimaggiore', 'addr:postcode': '09010', 'addr:street': 'Corso Giorgio Amendola', 'amenity': 'post_office', 'brand': 'Poste Italiane', 'brand:wikidata': 'Q495026', 'name': 'Ufficio Postale di Fluminimaggiore', 'opening_hours': 'Mo-Th 08:20-13:35; PH off', 'operator': 'Poste Italiane', 'operator:wikidata': 'Q495026', 'ref': '13050', 'website': 'https://poste.it/', 'wheelchair': 'yes'}",12969829545,node
39.4401937,8.4956886,"{'addr:city': 'Fluminimaggiore', 'addr:postcode': '09010', 'addr:street': 'Via Argiolas', 'amenity': 'school', 'fee': 'no', 'isced:level': '2', 'name': 'Scuola Secondaria di Primo Grado Fluminimaggiore', 'ref': 'CAMM88702A'}",12969829561,node
39.4395441,8.4946493,"{'addr:city': 'Fluminimaggiore', 'addr:housenumber': '2', 'addr:postcode': '09010', 'addr:street': 'Via Argiolas', 'amenity': 'school', 'fee': 'no', 'isced:level': '1', 'name': 'Scuola Primaria Fluminimaggiore', 'ref': 'CAEE88706G', 'wheelchair': 'yes'}",12969829562,node
39.2794588,9.5293419,"{'addr:city': 'Olia Speciosa', 'addr:postcode': '09040', 'addr:street': 'Via Olia Speciosa', 'amenity': 'post_office', 'atm': 'yes', 'brand': 'Poste Italiane', 'brand:wikidata': 'Q495026', 'name': 'Ufficio Postale di Olia Speciosa', 'opening_hours': 'Mo-Fr 08:20-13:35; Sa 08:20-12:35;PH off', 'operator': 'Poste Italiane', 'operator:wikidata': 'Q495026', 'phone': '+39 070 8043074', 'ref': '13035', 'source': 'https://www.unionesarda.it/news-sardegna/provincia-cagliari/a-olia-speciosa-castiadas-arriva-il-postamat-di-ultima-generazione-l1aenpxq'}",12981617483,node
40.5809346,9.7771349,"{'addr:postcode': '08029', 'addr:street': 'Via Giovanni da Verrazzano', 'amenity': 'pharmacy', 'name': 'Farmacia Santa Lucia', 'phone': '+39 0784 819210'}",13040622301,node
40.3198436,9.3355833,"{'addr:housenumber': '19', 'addr:postcode': '08100', 'addr:street': 'Via Antonio Mereu', 'amenity': 'post_office', 'name': 'La Nuova Posta', 'phone': '+39 0784 255043'}",13040637001,node
40.726486,8.5553991,"{'amenity': 'pharmacy', 'dispensing': 'yes', 'healthcare': 'pharmacy', 'name': 'Farmacia Sigurani', 'ref:msal': '15825', 'ref:vatin': 'IT02057660900', 'source': 'Ministero della Salute', 'survey:date': '2025-08-05'}",13050532901,node
40.9141419,8.7121327,"{'amenity': 'post_office', 'atm': 'yes', 'brand': 'Poste Italiane', 'brand:wikidata': 'Q495026', 'name': 'Ufficio Postale di Castelsardo', 'opening_hours': 'Mo-Fr 08:20-13:45; Sa 08:20-13:45; PH off', 'operator': 'Poste Italiane', 'operator:wikidata': 'Q495026', 'phone': '+39 079 470005', 'ref': '58023'}",13051942920,node
39.9492599,8.6340241,"{'amenity': 'pharmacy', 'dispensing': 'yes', 'name': 'Farmacia Dottoressa Giorgia Mugheddu', 'ref:msal': '16118', 'ref:vatin': '01248730952', 'source': 'Ministero della Salute'}",13110135825,node
39.3005401,9.2061629,"{'amenity': 'bank', 'name': 'Unicredit'}",13127398701,node
40.1423598,8.650401,"{'amenity': 'bank', 'brand': 'Banco di Sardegna', 'brand:wikidata': 'Q806205', 'name': 'Banco di Sardegna', 'operator': 'Banco di Sardegna', 'operator:wikidata': 'Q806205'}",13157984878,node
41.0619232,8.2957295,"{'amenity': 'hospital', 'emergency': 'no', 'healthcare': 'hospital', 'name': 'Lazzaretto di Cala Reale'}",13169297828,node
40.7721397,9.6687765,"{'amenity': 'pharmacy', 'dispensing': 'yes', 'healthcare': 'pharmacy', 'name': 'Farmacia Monaco Dr. Catello', 'ref:msal': '16036', 'ref:vatin': 'IT01924500901', 'source': 'Ministero della Salute'}",13198321004,node
40.7724007,9.6693384,"{'amenity': 'bank', 'name': 'Banco di Sardegna'}",13198323611,node
39.5494203,9.3609503,"{'addr:city': 'Ballao', 'addr:housenumber': '8', 'addr:postcode': '09040', 'addr:street': 'Via Cagliari', 'amenity': 'post_office', 'brand': 'Poste Italiane', 'brand:wikidata': 'Q495026', 'name': 'Ufficio Postale di Ballao', 'opening_hours': 'Mo-Fr 08:20-13:35; Sa 08:20-12:35;PH off', 'operator': 'Poste Italiane', 'operator:wikidata': 'Q495026', 'ref': '13012'}",13198704654,node
40.7700354,9.6684989,"{'amenity': 'post_office', 'brand': 'Poste Italiane', 'brand:wikidata': 'Q495026', 'name': 'Poste Italiane', 'opening_hours': 'Mo-Fr 08:20-13:35; Sa 08:20-12:35', 'operator': 'Poste Italiane', 'operator:wikidata': 'Q495026'}",13202412220,node
39.6557066,9.1293134,"{'amenity': 'pharmacy', 'dispensing': 'yes', 'healthcare': 'pharmacy', 'name': 'Farmacia Giua Maria Iosè', 'ref:msal': '16181', 'ref:vatin': 'IT01973110925', 'source': 'Ministero della Salute'}",13207586933,node
39.9579057,9.1964746,"{'amenity': 'bank', 'brand': 'Banco di Sardegna', 'brand:wikidata': 'Q806205', 'name': 'Banco di Sardegna', 'operator': 'Banco di Sardegna', 'operator:wikidata': 'Q806205'}",13225497169,node
39.9128305,9.184505,"{'amenity': 'post_office', 'brand': 'Poste Italiane', 'brand:wikidata': 'Q495026', 'name': 'Ufficio Postale di Gadoni', 'opening_hours': 'Mo-Fr 08:20-13:35; Sa 08:20-12:35;PH off', 'operator': 'Poste Italiane', 'operator:wikidata': 'Q495026', 'ref': '80126'}",13228116851,node
39.913373,9.1848157,"{'amenity': 'bank', 'brand': 'Banco di Sardegna', 'brand:wikidata': 'Q806205', 'name': 'Banco di Sardegna', 'operator': 'Banco di Sardegna', 'operator:wikidata': 'Q806205'}",13228116896,node
39.9138221,9.1849777,"{'amenity': 'pharmacy', 'dispensing': 'yes', 'healthcare': 'pharmacy', 'name': 'Farmacia Doi', 'ref:msal': '15966', 'ref:vatin': 'IT01533070916', 'source': 'Ministero della Salute'}",13228116959,node
40.2719025,9.1697376,"{'amenity': 'pharmacy', 'dispensing': 'yes', 'healthcare': 'pharmacy', 'name': 'Farmacia Congiu', 'ref:msal': '16007', 'ref:vatin': 'IT01441070917', 'source': 'Ministero della Salute'}",13232797203,node
40.0950425,9.1610765,"{'addr:housenumber': '69', 'addr:street': 'Via Vittorio Emanuele', 'amenity': 'bank', 'brand': 'Banco di Sardegna', 'brand:wikidata': 'Q806205', 'name': 'Banco di Sardegna', 'operator': 'Banco di Sardegna', 'operator:wikidata': 'Q806205'}",13237252743,node
40.1818423,9.1474069,"{'amenity': 'pharmacy', 'dispensing': 'yes', 'healthcare': 'pharmacy', 'name': 'Farmacia Mossa', 'ref:msal': '16008', 'ref:vatin': 'IT02405760907', 'source': 'Ministero della Salute'}",13248086092,node
40.1613906,9.1956785,"{'amenity': 'bank', 'brand': 'Banco di Sardegna', 'brand:wikidata': 'Q806205', 'name': 'Banco di Sardegna', 'operator': 'Banco di Sardegna', 'operator:wikidata': 'Q806205'}",13251471548,node
40.1607642,9.1953857,"{'amenity': 'post_office', 'brand': 'Poste Italiane', 'brand:wikidata': 'Q495026', 'name': 'Ufficio Postale di Gavoi', 'opening_hours': 'Mo-Fr 08:20-13:35; Sa 08:20-12:35;PH off', 'operator': 'Poste Italiane', 'operator:wikidata': 'Q495026', 'ref': '80129'}",13251471556,node
40.3030218,9.1125777,"{'amenity': 'post_office', 'brand': 'Poste Italiane', 'brand:wikidata': 'Q495026', 'name': 'Ufficio Postale di Orotelli', 'opening_hours': 'Mo-Fr 08:20-13:35; Sa 08:20-12:35;PH off', 'operator': 'Poste Italiane', 'operator:wikidata': 'Q495026', 'ref': '80160'}",13255756513,node
40.3025723,9.1122764,"{'amenity': 'pharmacy', 'dispensing': 'yes', 'healthcare': 'pharmacy', 'name': 'Farmacia Lendini', 'ref:msal': '16024', 'ref:vatin': 'IT00954360913', 'source': 'Ministero della Salute'}",13255756514,node
40.2484507,9.1768719,"{'amenity': 'bank', 'brand': 'Banco di Sardegna', 'brand:wikidata': 'Q806205', 'name': 'Banco di Sardegna', 'operator': 'Banco di Sardegna', 'operator:wikidata': 'Q806205'}",13256588131,node
40.2500492,9.1779643,"{'amenity': 'pharmacy', 'dispensing': 'yes', 'healthcare': 'pharmacy', 'name': 'Farmacia Marchioni', 'ref:msal': '16009', 'ref:vatin': 'IT00064540917', 'source': 'Ministero della Salute'}",13256588206,node
40.1062431,8.9322171,"{'amenity': 'pharmacy', 'dispensing': 'yes', 'healthcare': 'pharmacy', 'name': 'Farmacia Ste.Mar.', 'ref:msal': '72064', 'ref:vatin': 'IT01400060917', 'source': 'Ministero della Salute'}",13257435973,node
40.0838302,8.9123204,"{'amenity': 'pharmacy', 'dispensing': 'yes', 'healthcare': 'pharmacy', 'name': 'Farmacia Vidili', 'ref:msal': '16107', 'ref:vatin': 'IT00642460950', 'source': 'Ministero della Salute'}",13265557468,node
40.1714419,8.8568084,"{'amenity': 'pharmacy', 'dispensing': 'yes', 'healthcare': 'pharmacy', 'name': 'Farmacia Carta', 'ref:msal': '16090', 'ref:vatin': 'IT00430870956', 'source': 'Ministero della Salute'}",13266331878,node
40.2154096,8.8031878,"{'amenity': 'post_office', 'brand': 'Poste Italiane', 'brand:wikidata': 'Q495026', 'name': 'Ufficio Postale di Borore', 'opening_hours': 'Mo-Fr 08:20-13:35; Sa 08:20-12:35;PH off', 'operator': 'Poste Italiane', 'operator:wikidata': 'Q495026', 'ref': '80115'}",13270732431,node
40.3286237,8.9582461,"{'amenity': 'post_office', 'brand': 'Poste Italiane', 'brand:wikidata': 'Q495026', 'name': 'Ufficio Postale di Bolotana', 'opening_hours': 'Mo-Fr 08:20-13:35; Sa 08:20-12:35;PH off', 'operator': 'Poste Italiane', 'operator:wikidata': 'Q495026', 'ref': '80114'}",13273571707,node
40.3261366,8.9593953,"{'amenity': 'bank', 'brand': 'Banco di Sardegna', 'brand:wikidata': 'Q806205', 'name': 'Banco di Sardegna', 'operator': 'Banco di Sardegna', 'operator:wikidata': 'Q806205'}",13273571731,node
40.2898988,8.8892281,"{'amenity': 'bank', 'brand': 'Banco di Sardegna', 'brand:wikidata': 'Q806205', 'name': 'Banco di Sardegna', 'operator': 'Banco di Sardegna', 'operator:wikidata': 'Q806205'}",13273899365,node
40.2871328,8.8894297,"{'amenity': 'post_office', 'brand': 'Poste Italiane', 'brand:wikidata': 'Q495026', 'name': 'Ufficio Postale di Silanus', 'opening_hours': 'Mo-Fr 08:20-13:35; Sa 08:20-12:35;PH off', 'operator': 'Poste Italiane', 'operator:wikidata': 'Q495026', 'ref': '80177'}",13273899377,node
40.3059503,8.9193986,"{'amenity': 'post_office', 'brand': 'Poste Italiane', 'brand:wikidata': 'Q495026', 'name': 'Ufficio Postale di Lei', 'opening_hours': 'Tu, Th 08:45-13:45;Sa 08:45-12:45', 'operator': 'Poste Italiane', 'operator:wikidata': 'Q495026', 'ref': '80138'}",13275135564,node
40.3080483,8.918573,"{'amenity': 'pharmacy', 'dispensing': 'yes', 'healthcare': 'pharmacy', 'name': 'Farmacia Gammino', 'ref:msal': '18592', 'ref:vatin': 'IT03346890928', 'source': 'Ministero della Salute'}",13275135572,node
40.2959873,8.6536763,"{'amenity': 'pharmacy', 'dispensing': 'yes', 'healthcare': 'pharmacy', 'name': 'Farmacia Piu', 'ref:msal': '16002', 'ref:vatin': 'IT01059430916', 'source': 'Ministero della Salute'}",13278372902,node
40.374345,8.500261,"{'amenity': 'bank', 'brand': 'Banco di Sardegna', 'brand:wikidata': 'Q806205', 'name': 'Banco di Sardegna', 'operator': 'Banco di Sardegna', 'operator:wikidata': 'Q806205'}",13281176466,node
40.3735776,8.5007479,"{'amenity': 'post_office', 'brand': 'Poste Italiane', 'brand:wikidata': 'Q495026', 'name': 'Ufficio Postale di Montresta', 'opening_hours': 'Mo, Fr 08:45-13:45', 'operator': 'Poste Italiane', 'operator:wikidata': 'Q495026', 'ref': '72142'}",13281176486,node
40.3748557,8.4998437,"{'amenity': 'pharmacy', 'dispensing': 'yes', 'healthcare': 'pharmacy', 'name': 'Farmacia Garzia', 'ref:msal': '15988', 'ref:vatin': 'IT00175970912', 'source': 'Ministero della Salute'}",13281189423,node
40.2537983,8.5222971,"{'amenity': 'bank', 'brand': 'Banco di Sardegna', 'brand:wikidata': 'Q806205', 'name': 'Banco di Sardegna', 'operator': 'Banco di Sardegna', 'operator:wikidata': 'Q806205'}",13282550985,node
40.2532082,8.5218401,"{'amenity': 'pharmacy', 'dispensing': 'yes', 'healthcare': 'pharmacy', 'name': 'Farmacia Sechi', 'ref:msal': '16113', 'ref:vatin': 'IT00693370959', 'source': 'Ministero della Salute'}",13282550989,node
40.2528742,8.5192311,"{'amenity': 'post_office', 'brand': 'Poste Italiane', 'brand:wikidata': 'Q495026', 'name': 'Ufficio Postale di Tresnuraghes', 'opening_hours': 'Mo-Fr 08:20-13:35; Sa 08:20-12:35;PH off', 'operator': 'Poste Italiane', 'operator:wikidata': 'Q495026', 'ref': '72068'}",13282582712,node
40.2642074,8.5235082,"{'amenity': 'post_office', 'brand': 'Poste Italiane', 'brand:wikidata': 'Q495026', 'name': 'Ufficio Postale di Magomadas', 'opening_hours': 'Th 08:20-13:45; Sa 08:20-12:45', 'operator': 'Poste Italiane', 'operator:wikidata': 'Q495026', 'ref': '72145'}",13282860772,node
40.264308,8.5253352,"{'amenity': 'pharmacy', 'dispensing': 'yes', 'healthcare': 'pharmacy', 'name': 'Farmacia Arangino', 'ref:msal': '15996', 'ref:vatin': 'IT02174950929', 'source': 'Ministero della Salute'}",13282936006,node
40.2670083,8.5410232,"{'amenity': 'pharmacy', 'dispensing': 'yes', 'healthcare': 'pharmacy', 'name': 'Farmacia Chessa', 'ref:msal': '16001', 'ref:vatin': 'IT01001510914', 'source': 'Ministero della Salute'}",13283008310,node
40.2664607,8.5401682,"{'amenity': 'post_office', 'brand': 'Poste Italiane', 'brand:wikidata': 'Q495026', 'name': 'Ufficio Postale di Flussio', 'opening_hours': 'Mo, We, Fr 8:20-13:45', 'operator': 'Poste Italiane', 'operator:wikidata': 'Q495026', 'ref': '72144'}",13283008419,node
40.2676758,8.5444993,"{'amenity': 'pharmacy', 'dispensing': 'yes', 'healthcare': 'pharmacy', 'name': 'Farmacia Biddau', 'ref:msal': '15995', 'ref:vatin': 'IT00780960910', 'source': 'Ministero della Salute'}",13283102931,node
40.0961021,9.1210905,"{'amenity': 'bank', 'brand': 'Banco di Sardegna', 'brand:wikidata': 'Q806205', 'name': 'Banco di Sardegna', 'operator': 'Banco di Sardegna', 'operator:wikidata': 'Q806205'}",13285365086,node
40.0710454,9.0882706,"{'amenity': 'bank', 'brand': 'Banco di Sardegna'}",13285799380,node
39.9447698,9.0737686,"{'amenity': 'pharmacy', 'dispensing': 'yes', 'healthcare': 'pharmacy', 'name': 'Farmacia Frongia', 'ref:msal': '15960', 'ref:vatin': 'IT00183180918', 'source': 'Ministero della Salute'}",13287699565,node
39.9450262,9.0747684,"{'amenity': 'bank', 'brand': 'Banco di Sardegna', 'brand:wikidata': 'Q806205', 'name': 'Banco di Sardegna', 'operator': 'Banco di Sardegna', 'operator:wikidata': 'Q806205'}",13287699566,node
39.9450633,9.0721378,"{'amenity': 'post_office', 'brand': 'Poste Italiane', 'brand:wikidata': 'Q495026', 'name': 'Ufficio Postale di Meana Sardo', 'opening_hours': 'Mo-Fr 08:20-13:45; Sa 08:20-12:45; PH off', 'operator': 'Poste Italiane', 'operator:wikidata': 'Q495026', 'ref': '80146'}",13287732948,node
40.524047,9.2185412,"{'amenity': 'post_office', 'brand': 'Poste Italiane', 'brand:wikidata': 'Q495026', 'name': 'Ufficio Postale di Osidda', 'opening_hours': 'Tu, Th 08:20-13:45; Sa 08:20-12:45; PH off', 'operator': 'Poste Italiane', 'operator:wikidata': 'Q495026', 'ref': '80164'}",13288462785,node
40.5239896,9.2190041,"{'amenity': 'pharmacy', 'dispensing': 'yes', 'healthcare': 'pharmacy', 'name': 'Farmacia Gfarma', 'ref:msal': '18416', 'ref:vatin': 'IT02755570906', 'source': 'Ministero della Salute'}",13288462786,node
39.4571155,8.7440883,"{'amenity': 'pharmacy', 'dispensing': 'yes', 'name': 'Farmacia Gfarma', 'ref:msal': '16149', 'ref:vatin': 'IT02755570906', 'source': 'Ministero della Salute'}",13288725697,node
40.4706804,9.4822101,"{'amenity': 'pharmacy', 'dispensing': 'yes', 'healthcare': 'pharmacy', 'name': 'Farmacia Piras', 'ref:msal': '16004', 'ref:vatin': 'IT00075570911', 'source': 'Ministero della Salute'}",13289310550,node
40.4703385,9.4838639,"{'amenity': 'bank', 'brand': 'Banco di Sardegna', 'brand:wikidata': 'Q806205', 'name': 'Banco di Sardegna', 'operator': 'Banco di Sardegna', 'operator:wikidata': 'Q806205'}",13289344302,node
40.4055607,9.6102386,"{'amenity': 'post_office', 'brand': 'Poste Italiane', 'brand:wikidata': 'Q495026', 'name': 'Ufficio Postale di Loculi', 'opening_hours': 'Tu, Th 08:20-13:45; Sa 08:20-12:45; PH off', 'operator': 'Poste Italiane', 'operator:wikidata': 'Q495026', 'ref': '80208'}",13289530642,node
40.4055067,9.6103826,"{'amenity': 'pharmacy', 'dispensing': 'yes', 'healthcare': 'pharmacy', 'name': 'Farmacia Congiu', 'ref:msal': '16041', 'ref:vatin': 'IT01650650912', 'source': 'Ministero della Salute'}",13289530643,node
40.590996,9.5407349,"{'amenity': 'post_office', 'brand': 'Poste Italiane', 'brand:wikidata': 'Q495026', 'name': 'Ufficio Postale di Lodè', 'opening_hours': 'Mo-Fr 08:20-13:35; Sa 08:20-12:35;PH off', 'operator': 'Poste Italiane', 'operator:wikidata': 'Q495026', 'ref': '80140'}",13291520388,node
39.2291825,9.1094276,"{'amenity': 'university', 'name': 'DICAAR Sezione Idraulica'}",13293402101,node
40.4064818,9.6509185,"{'amenity': 'post_office', 'brand': 'Poste Italiane', 'brand:wikidata': 'Q495026', 'name': 'Ufficio Postale di Onifai', 'opening_hours': 'Mo-Fr 08:20-13:45; Sa 08:20-12:45; PH off', 'operator': 'Poste Italiane', 'operator:wikidata': 'Q495026', 'ref': '80207'}",13298128597,node
40.404581,9.6512369,"{'amenity': 'pharmacy', 'dispensing': 'yes', 'healthcare': 'pharmacy', 'name': 'Farmacia Puddu', 'ref:msal': '16038', 'ref:vatin': 'IT00783480916', 'source': 'Ministero della Salute'}",13298139398,node
39.8635912,8.8591721,"{'amenity': 'post_office', 'brand': 'Poste Italiane', 'brand:wikidata': 'Q495026', 'name': 'Ufficio Postale di Mogorella', 'opening_hours': 'Mo,Th,Fr 08:20-13:45; PH off', 'operator': 'Poste Italiane', 'operator:wikidata': 'Q495026', 'ref': '72099'}",13302074615,node
39.8635436,8.8579564,"{'amenity': 'pharmacy', 'dispensing': 'yes', 'healthcare': 'pharmacy', 'name': ""Farmacia Sant'Antonio"", 'ref:msal': '18713', 'ref:vatin': 'IT01155620956', 'source': 'Ministero della Salute'}",13302074617,node
39.7790678,9.2854683,"{'addr:housenumber': '11', 'addr:street': 'Via Sebastiano Satta', 'amenity': 'pharmacy', 'dispensing': 'yes', 'healthcare': 'pharmacy', 'name': 'Farmacia Puddu', 'ref:msal': '15975', 'ref:vatin': 'IT00213240914', 'source': 'Ministero della Salute'}",13302265674,node
39.9051617,8.8959069,"{'amenity': 'pharmacy', 'dispensing': 'yes', 'healthcare': 'pharmacy', 'name': 'Farmacia San Giorgio', 'ref:msal': '16140', 'ref:vatin': 'IT01284320957', 'source': 'Ministero della Salute'}",13303033138,node
39.9085486,8.8970265,"{'amenity': 'post_office', 'brand': 'Poste Italiane', 'brand:wikidata': 'Q495026', 'name': 'Ufficio Postale di Ruinas', 'opening_hours': 'Mo-Fr 08:20-13:45; Sa 08:20-12:45; PH off', 'operator': 'Poste Italiane', 'operator:wikidata': 'Q495026', 'ref': '72046'}",13304892826,node
39.9048868,8.8952571,"{'amenity': 'bank', 'brand': 'Banco di Sardegna'}",13304892832,node
39.8601647,8.9009806,"{'amenity': 'pharmacy', 'dispensing': 'yes', 'healthcare': 'pharmacy', 'name': 'Farmacia Ariu', 'ref:msal': '16138', 'ref:vatin': 'IT00139660955', 'source': 'Ministero della Salute'}",13305070919,node
39.857881,8.9015705,"{'amenity': 'post_office', 'brand': 'Poste Italiane', 'brand:wikidata': 'Q495026', 'name': ""Ufficio Postale di Villa Sant'Antonio"", 'opening_hours': 'Mo,We 08:20-13:45; PH off', 'operator': 'Poste Italiane', 'operator:wikidata': 'Q495026', 'ref': '72050'}",13305070929,node
40.7901219,8.5933294,"{'amenity': 'bank', 'brand': 'Banco di Sardegna', 'brand:wikidata': 'Q806205', 'name': 'Banco di Sardegna', 'operator': 'Banco di Sardegna', 'operator:wikidata': 'Q806205'}",13306455294,node
40.7993663,8.5804684,"{'amenity': 'pharmacy', 'dispensing': 'yes', 'healthcare': 'pharmacy', 'name': 'Farmacia San Pantaleo', 'ref:msal': '18437', 'ref:vatin': 'IT02466060908', 'source': 'Ministero della Salute'}",13308516997,node
39.7956667,9.5158785,"{'amenity': 'clinic', 'name': 'ASSL Lanusei'}",13314818150,node
39.7960091,9.516537,"{'amenity': 'post_office', 'brand': 'Poste Italiane', 'brand:wikidata': 'Q495026', 'name': 'Ufficio Postale di Jerzu', 'opening_hours': 'Mo-Fr 08:20-13:45; Sa 08:20-12:45; PH off', 'operator': 'Poste Italiane', 'operator:wikidata': 'Q495026', 'ref': '80132'}",13314818152,node
39.7913646,9.5185662,"{'amenity': 'pharmacy', 'dispensing': 'yes', 'healthcare': 'pharmacy', 'name': 'Farmacia Garau', 'ref:msal': '16047', 'ref:vatin': 'IT01645360916', 'source': 'Ministero della Salute'}",13314818153,node
39.7929496,9.5180307,"{'amenity': 'pharmacy', 'dispensing': 'no', 'name': 'Parafarmacia Vikey Farma'}",13317356668,node
39.8106409,9.4998273,"{'amenity': 'pharmacy', 'dispensing': 'yes', 'healthcare': 'pharmacy', 'name': 'Farmacia Pisano', 'ref:msal': '16052', 'ref:vatin': 'IT00511700916', 'source': 'Ministero della Salute'}",13322210513,node
39.8222679,9.4972882,"{'amenity': 'post_office', 'brand': 'Poste Italiane', 'brand:wikidata': 'Q495026', 'name': 'Ufficio Postale di Osini', 'opening_hours': 'Mo-Fr 08:20-13:45; Sa 08:20-12:45; PH off', 'operator': 'Poste Italiane', 'operator:wikidata': 'Q495026', 'ref': '80165'}",13322539023,node
39.8222233,9.4972091,"{'amenity': 'pharmacy', 'dispensing': 'yes', 'healthcare': 'pharmacy', 'name': 'Farmacia Valle del Pardu', 'ref:msal': '16058', 'ref:vatin': 'IT01475210918', 'source': 'Ministero della Salute'}",13322539086,node
39.8469446,9.5067434,"{'amenity': 'pharmacy', 'dispensing': 'yes', 'healthcare': 'pharmacy', 'name': 'Farmacia Pitzus', 'ref:msal': '16046', 'ref:vatin': 'IT01659260911', 'source': 'Ministero della Salute'}",13323869353,node
39.8484207,9.5057316,"{'amenity': 'post_office', 'brand': 'Poste Italiane', 'brand:wikidata': 'Q495026', 'name': 'Ufficio Postale di Gairo', 'opening_hours': 'Mo-Fr 08:20-13:45; Sa 08:20-12:45; PH off', 'operator': 'Poste Italiane', 'operator:wikidata': 'Q495026', 'ref': '80127'}",13323869383,node
39.8154318,9.2761097,"{'amenity': 'post_office', 'brand': 'Poste Italiane', 'brand:wikidata': 'Q495026', 'name': 'Ufficio Postale di Sadali', 'opening_hours': 'Mo-Fr 08:20-13:45; Sa 08:20-12:45; PH off', 'operator': 'Poste Italiane', 'operator:wikidata': 'Q495026', 'ref': '13419'}",13324850678,node
39.8154996,9.276225,"{'amenity': 'pharmacy', 'dispensing': 'yes', 'healthcare': 'pharmacy', 'name': 'Farmacia Fenu', 'ref:msal': '15984', 'ref:vatin': 'IT00802020917', 'source': 'Ministero della Salute'}",13324850679,node
39.9592093,9.4640285,"{'amenity': 'post_office', 'brand': 'Poste Italiane', 'brand:wikidata': 'Q495026', 'name': 'Ufficio Postale di Villanova Strisaili', 'opening_hours': 'Tu,Th 08:20-13:45; Sa 08:20-12:45; PH off', 'operator': 'Poste Italiane', 'operator:wikidata': 'Q495026', 'ref': '80195'}",13326778176,node
39.9587295,9.4662928,"{'amenity': 'pharmacy', 'dispensing': 'yes', 'healthcare': 'pharmacy', 'name': 'Farmacia Floreddu', 'ref:msal': '18540', 'ref:vatin': 'IT01364300911', 'source': 'Ministero della Salute'}",13326824104,node
39.9611671,9.5070704,"{'amenity': 'post_office', 'brand': 'Poste Italiane', 'brand:wikidata': 'Q495026', 'name': 'Ufficio Postale di Villagrande Strisaili', 'opening_hours': 'Mo-Fr 08:20-13:45; PH off', 'operator': 'Poste Italiane', 'operator:wikidata': 'Q495026', 'ref': '80194'}",13326824109,node
39.9608602,9.5060445,"{'amenity': 'pharmacy', 'dispensing': 'yes', 'healthcare': 'pharmacy', 'name': 'Farmacia Santa Barbara', 'ref:msal': '16054', 'ref:vatin': 'IT01401950918', 'source': 'Ministero della Salute'}",13326824205,node
39.9594796,9.5063063,"{'amenity': 'bank', 'brand': 'Banco di Sardegna', 'brand:wikidata': 'Q806205', 'name': 'Banco di Sardegna'}",13326824232,node
40.0414905,9.4973035,"{'amenity': 'pharmacy', 'dispensing': 'yes', 'healthcare': 'pharmacy', 'name': 'Farmacia Pintus', 'ref:msal': '16067', 'ref:vatin': 'IT00986660918', 'source': 'Ministero della Salute'}",13334407719,node
40.0414259,9.4959179,"{'amenity': 'post_office', 'brand': 'Poste Italiane', 'brand:wikidata': 'Q495026', 'name': 'Ufficio Postale di Talana', 'opening_hours': 'Mo,We,Fr 08:20-13:45; PH off', 'operator': 'Poste Italiane', 'operator:wikidata': 'Q495026', 'ref': '80182'}",13334407733,node
39.9187124,9.5274788,"{'amenity': 'bank', 'brand': 'Banco di Sardegna', 'brand:wikidata': 'Q806205', 'dispensing': 'yes', 'name': 'Banco di Sardegna'}",13338247349,node
39.917087,9.5276918,"{'amenity': 'post_office', 'brand': 'Poste Italiane', 'brand:wikidata': 'Q495026', 'name': 'Ufficio Postale di Arzana', 'opening_hours': 'Mo-Fr 08:20-13:45; Sa 08:20-12:45; PH off', 'operator': 'Poste Italiane', 'operator:wikidata': 'Q495026', 'ref': '80106'}",13338247355,node
39.8918827,9.5446605,"{'amenity': 'pharmacy', 'dispensing': 'yes', 'healthcare': 'pharmacy', 'name': 'Farmacia Mereu', 'ref:msal': '16048', 'ref:vatin': 'IT00128910916', 'source': 'Ministero della Salute'}",13338932063,node
39.8938789,9.5423674,"{'amenity': 'bank', 'brand': 'Banco di Sardegna', 'brand:wikidata': 'Q806205', 'dispensing': 'yes', 'name': 'Banco di Sardegna'}",13338932070,node
39.8756185,9.5451148,"{'amenity': 'bank', 'brand': 'Banco di Sardegna', 'brand:wikidata': 'Q806205', 'name': 'Banco di Sardegna'}",13340016740,node
39.8560536,9.5823784,"{'amenity': 'post_office', 'brand': 'Poste Italiane', 'brand:wikidata': 'Q495026', 'name': 'Ufficio Postale di Loceri', 'opening_hours': 'Mo-Fr 08:20-13:45; Sa 08:20-12:45; PH off', 'operator': 'Poste Italiane', 'operator:wikidata': 'Q495026', 'ref': '80139'}",13340236244,node
39.7977203,9.6259791,"{'amenity': 'post_office', 'brand': 'Poste Italiane', 'brand:wikidata': 'Q495026', 'name': '80212', 'opening_hours': 'Mo-Fr 08:20-13:45; PH off', 'operator': 'Poste Italiane', 'operator:wikidata': 'Q495026', 'ref': 'Ufficio Postale di Cardedu'}",13342075209,node
39.952301,9.6619834,"{'amenity': 'post_office', 'brand': 'Poste Italiane', 'brand:wikidata': 'Q495026', 'name': 'Ufficio Postale di Girasole', 'opening_hours': 'Mo,We,Fr 08:20-13:45; PH off', 'operator': 'Poste Italiane', 'operator:wikidata': 'Q495026', 'ref': '80199'}",13342973519,node
39.9516524,9.6615869,"{'amenity': 'pharmacy', 'dispensing': 'yes', 'healthcare': 'pharmacy', 'name': 'Farmacia Murreli', 'ref:msal': '16059', 'ref:vatin': 'IT00188740914', 'source': 'Ministero della Salute'}",13342973532,node
40.0314508,9.6621795,"{'addr:housenumber': '2', 'addr:street': 'Vico Santa Lucia', 'amenity': 'post_office', 'brand': 'Poste Italiane', 'brand:wikidata': 'Q495026', 'name': 'Ufficio Postale di Baunei', 'opening_hours': 'Mo-Fr 08:20-13:45; PH off', 'operator': 'Poste Italiane', 'operator:wikidata': 'Q495026', 'ref': '80110'}",13344315956,node
39.6790613,9.4408112,"{'amenity': 'pharmacy', 'dispensing': 'yes', 'healthcare': 'pharmacy', 'name': 'Farmacia Mura', 'ref:msal': '16051', 'ref:vatin': 'IT01214520916', 'source': 'Ministero della Salute'}",13346180886,node
40.9376605,8.2248137,"{'amenity': 'pharmacy', 'dispensing': 'yes', 'healthcare': 'pharmacy', 'name': 'Farmacia Dettori', 'ref:msal': '15887', 'ref:vatin': 'IT02080920909', 'source': 'Ministero della Salute'}",13351920392,node
40.5246347,8.7207994,"{'amenity': 'bank', 'brand': 'Banco di Sardegna', 'brand:wikidata': 'Q806205', 'name': 'Banco di Sardegna'}",13355963821,node
40.5267707,8.7204144,"{'amenity': 'pharmacy', 'dispensing': 'yes', 'healthcare': 'pharmacy', 'name': 'Farmacia Digitalis', 'ref:msal': '15920', 'ref:vatin': 'IT02780960908', 'source': 'Ministero della Salute'}",13355963823,node
39.7698728,8.8143907,"{'amenity': 'pharmacy', 'dispensing': 'yes', 'healthcare': 'pharmacy', 'name': 'Farmacia Puggioni', 'ref:msal': '16106', 'ref:vatin': 'IT01267180956', 'source': 'Ministero della Salute'}",13357242222,node
39.7960471,8.8203451,"{'amenity': 'pharmacy', 'dispensing': 'yes', 'healthcare': 'pharmacy', 'name': 'Farmacia Piras', 'ref:msal': '18534', 'ref:vatin': 'IT00000018534', 'source': 'Ministero della Salute'}",13357363241,node
39.791492,8.8016306,"{'amenity': 'post_office', 'brand': 'Poste Italiane', 'brand:wikidata': 'Q495026', 'name': 'Ufficio Postale di Pau', 'opening_hours': 'Tu,Th 08:20-13:45; Sa 08:20-12:45; PH off', 'operator': 'Poste Italiane', 'operator:wikidata': 'Q495026', 'ref': '72093'}",13357371063,node
39.7925354,8.8026235,"{'amenity': 'pharmacy', 'dispensing': 'yes', 'healthcare': 'pharmacy', 'name': 'Farmacia Becciu', 'ref:msal': '18613', 'ref:vatin': 'IT03368800920', 'source': 'Ministero della Salute'}",13357371065,node
40.3547907,9.0004897,"{'amenity': 'post_office', 'brand': 'Poste Italiane', 'brand:wikidata': 'Q495026', 'operator': 'Poste Italiane', 'operator:wikidata': 'Q495026'}",13359032002,node
40.3544536,9.0005205,"{'amenity': 'bank', 'brand': 'Banco di Sardegna', 'brand:wikidata': 'Q806205', 'name': 'Banco di Sardegna'}",13359032004,node
40.3536092,9.0021141,"{'amenity': 'pharmacy', 'dispensing': 'yes'}",13359032015,node
40.3901841,8.9949866,"{'amenity': 'pharmacy', 'dispensing': 'yes'}",13359468114,node
40.3894087,8.993777,"{'amenity': 'post_office', 'brand': 'Poste Italiane', 'brand:wikidata': 'Q495026', 'operator': 'Poste Italiane', 'operator:wikidata': 'Q495026'}",13359468116,node
40.3919907,9.0090916,"{'amenity': 'post_office', 'brand': 'Poste Italiane', 'brand:wikidata': 'Q495026', 'operator': 'Poste Italiane', 'operator:wikidata': 'Q495026'}",13359755473,node
40.3923957,9.0092314,"{'amenity': 'pharmacy', 'dispensing': 'yes'}",13359755474,node
40.4450649,9.0578853,"{'amenity': 'pharmacy', 'dispensing': 'yes'}",13360074055,node
40.44348,9.0566289,"{'amenity': 'post_office', 'brand': 'Poste Italiane', 'brand:wikidata': 'Q495026', 'operator': 'Poste Italiane', 'operator:wikidata': 'Q495026'}",13360074062,node
40.4427217,9.0571319,"{'amenity': 'bank', 'brand': 'Banco di Sardegna', 'brand:wikidata': 'Q806205', 'name': 'Banco di Sardegna'}",13360074063,node
39.4226966,8.9217482,"{'amenity': 'bank', 'brand': 'Banco di Sardegna', 'brand:wikidata': 'Q806205', 'name': 'Banco di Sardegna'}",13361182321,node
39.423154,8.9211465,"{'amenity': 'bank', 'brand': 'Intesa San Paolo'}",13361182324,node
39.4232945,8.9213162,"{'amenity': 'bank', 'brand': 'Unicredit'}",13361182325,node
40.4574767,9.0612019,"{'amenity': 'pharmacy', 'dispensing': 'yes'}",13361436331,node
40.4574306,9.0620339,"{'amenity': 'post_office', 'brand': 'Poste Italiane', 'brand:wikidata': 'Q495026', 'operator': 'Poste Italiane', 'operator:wikidata': 'Q495026'}",13361436333,node
40.4550386,9.1694022,"{'amenity': 'post_office', 'brand': 'Poste Italiane', 'brand:wikidata': 'Q495026', 'operator': 'Poste Italiane', 'operator:wikidata': 'Q495026'}",13361855873,node
40.4555425,9.1698008,"{'amenity': 'pharmacy', 'dispensing': 'yes'}",13361855875,node
40.7242443,8.5666601,"{'amenity': 'university', 'education': 'university', 'name': 'Dipartimento di Storia'}",13368342430,node
40.7197356,8.5684077,"{'addr:city': 'Sassari', 'addr:housenumber': '5', 'addr:postcode': '07100', 'addr:street': 'Via Tempio', 'amenity': 'clinic', 'healthcare': 'clinic', 'name': 'Poliambulatorio di Via Tempio', 'operator': 'ASL Sassari'}",13372497016,node
40.579159,9.2605921,"{'amenity': 'pharmacy', 'dispensing': 'yes'}",13372676850,node
40.5794447,9.2596742,"{'amenity': 'pharmacy', 'dispensing': 'no', 'name': 'Parafarmacia'}",13372676877,node
40.5779214,9.2577712,"{'amenity': 'bank', 'brand': 'Banco di Sardegna', 'brand:wikidata': 'Q806205', 'name': 'Banco di Sardegna'}",13372692114,node
40.4169021,8.7676439,"{'amenity': 'pharmacy', 'dispensing': 'yes'}",13373891013,node
40.4514,8.7528514,"{'amenity': 'pharmacy', 'dispensing': 'yes'}",13375560853,node
40.4519808,8.7506075,"{'amenity': 'bank', 'brand': 'Banco di Sardegna', 'brand:wikidata': 'Q806205', 'name': 'Banco di Sardegna'}",13375560858,node
40.5530128,8.7297471,"{'amenity': 'pharmacy', 'dispensing': 'yes'}",13375868397,node
40.552721,8.7297424,"{'amenity': 'post_office', 'brand': 'Poste Italiane', 'brand:wikidata': 'Q495026', 'operator': 'Poste Italiane', 'operator:wikidata': 'Q495026'}",13375868399,node
40.398331,8.7252967,"{'amenity': 'post_office', 'brand': 'Poste Italiane', 'brand:wikidata': 'Q495026', 'operator': 'Poste Italiane', 'operator:wikidata': 'Q495026'}",13376474739,node
40.3983822,8.7252843,"{'amenity': 'pharmacy', 'dispensing': 'yes'}",13376474741,node
40.4110759,8.6353063,"{'amenity': 'bank', 'brand': 'Banco di Sardegna', 'brand:wikidata': 'Q806205', 'name': 'Banco di Sardegna'}",13378870581,node
40.4099425,8.636422,"{'amenity': 'pharmacy', 'dispensing': 'yes'}",13378870582,node
40.4111879,8.6350036,"{'amenity': 'post_office', 'brand': 'Poste Italiane', 'brand:wikidata': 'Q495026', 'operator': 'Poste Italiane', 'operator:wikidata': 'Q495026'}",13378870583,node
40.3963456,8.6314666,"{'amenity': 'bank', 'brand': 'Banco di Sardegna', 'brand:wikidata': 'Q806205', 'name': 'Banco di Sardegna'}",13381405820,node
40.3964947,8.6311877,"{'amenity': 'pharmacy', 'dispensing': 'yes'}",13381405822,node
40.3968929,8.6314076,"{'amenity': 'post_office', 'brand': 'Poste Italiane', 'brand:wikidata': 'Q495026', 'operator': 'Poste Italiane', 'operator:wikidata': 'Q495026'}",13381405847,node
40.4300332,8.71613,"{'amenity': 'pharmacy', 'dispensing': 'yes'}",13381575918,node
40.4306987,8.7160234,"{'amenity': 'bank', 'brand': 'Banco di Sardegna', 'brand:wikidata': 'Q806205', 'name': 'Banco di Sardegna'}",13381575919,node
40.5067347,8.7242169,"{'amenity': 'post_office', 'brand': 'Poste Italiane', 'brand:wikidata': 'Q495026', 'operator': 'Poste Italiane', 'operator:wikidata': 'Q495026'}",13381907548,node
40.5066333,8.7242524,"{'amenity': 'post_office', 'brand': 'Poste Italiane', 'brand:wikidata': 'Q495026', 'operator': 'Poste Italiane', 'operator:wikidata': 'Q495026'}",13381907549,node
40.5135339,8.7657159,"{'amenity': 'post_office', 'brand': 'Poste Italiane', 'brand:wikidata': 'Q495026', 'operator': 'Poste Italiane', 'operator:wikidata': 'Q495026'}",13384118833,node
40.5142882,8.763697,"{'amenity': 'pharmacy', 'dispensing': 'yes'}",13384118834,node
40.5218657,8.7434309,"{'amenity': 'post_office', 'brand': 'Poste Italiane', 'brand:wikidata': 'Q495026', 'operator': 'Poste Italiane', 'operator:wikidata': 'Q495026'}",13386553323,node
40.5234462,8.7447788,"{'amenity': 'pharmacy', 'dispensing': 'yes'}",13386553354,node
40.532946,8.7648561,"{'amenity': 'post_office', 'brand': 'Poste Italiane', 'brand:wikidata': 'Q495026', 'operator': 'Poste Italiane', 'operator:wikidata': 'Q495026'}",13386883886,node
39.9938459,8.8072875,"{'amenity': 'post_office', 'brand': 'Poste Italiane', 'brand:wikidata': 'Q495026', 'name': 'Ufficio Postale di Fordongianus', 'opening_hours': 'Mo-Fr 08:20-13:35; Sa 08:20-12:35;PH off', 'operator': 'Poste Italiane', 'operator:wikidata': 'Q495026', 'ref': '72024'}",13387069736,node
39.9947093,8.8093541,"{'amenity': 'pharmacy', 'dispensing': 'yes', 'healthcare': 'pharmacy', 'name': 'Farmacia Selis', 'ref:msal': '16084', 'ref:vatin': 'IT02617840901', 'source': 'Ministero della Salute'}",13387069740,node
40.5492017,8.8333659,"{'amenity': 'pharmacy', 'dispensing': 'yes', 'healthcare': 'pharmacy', 'name': 'Farmacia Giua', 'ref:msal': '15854', 'ref:vatin': 'IT01749570907', 'source': 'Ministero della Salute'}",13389151875,node
40.5467653,8.833805,"{'amenity': 'post_office', 'brand': 'Poste Italiane', 'brand:wikidata': 'Q495026', 'name': 'Ufficio Postale di Mores', 'opening_hours': 'Mo-Fr 08:20-13:45; PH off', 'operator': 'Poste Italiane', 'operator:wikidata': 'Q495026', 'ref': '58050'}",13389151889,node
40.5511055,8.8352147,"{'amenity': 'bank', 'brand': 'Banco di Sardegna', 'brand:wikidata': 'Q806205', 'name': 'Banco di Sardegna'}",13389151899,node
40.5448689,8.9040721,"{'amenity': 'pharmacy', 'dispensing': 'yes'}",13390075940,node
40.544545,8.9042681,"{'amenity': 'bank', 'brand': 'Banco di Sardegna', 'brand:wikidata': 'Q806205', 'name': 'Banco di Sardegna'}",13390075943,node
40.5448268,8.9044987,"{'amenity': 'post_office', 'brand': 'Poste Italiane', 'brand:wikidata': 'Q495026', 'operator': 'Poste Italiane', 'operator:wikidata': 'Q495026'}",13390075944,node
40.6239356,8.808405,"{'amenity': 'post_office', 'brand': 'Poste Italiane', 'brand:wikidata': 'Q495026', 'operator': 'Poste Italiane', 'operator:wikidata': 'Q495026'}",13390477125,node
40.6231307,8.8097522,"{'amenity': 'bank', 'brand': 'Banco di Sardegna', 'brand:wikidata': 'Q806205', 'name': 'Banco di Sardegna'}",13390477213,node
40.665435,8.74779,"{'amenity': 'pharmacy', 'dispensing': 'yes'}",13391113536,node
40.6638883,8.7457595,"{'amenity': 'pharmacy', 'dispensing': 'no', 'name': 'Parafarmacia'}",13391113540,node
40.6656089,8.7483541,"{'amenity': 'bank', 'brand': 'Banco di Sardegna', 'brand:wikidata': 'Q806205', 'name': 'Banco di Sardegna'}",13391113625,node
40.6560454,8.6808851,"{'amenity': 'bank', 'brand': 'Banco di Sardegna', 'brand:wikidata': 'Q806205', 'name': 'Banco di Sardegna'}",13392409210,node
40.6705833,8.6143375,"{'amenity': 'post_office', 'brand': 'Poste Italiane', 'brand:wikidata': 'Q495026', 'operator': 'Poste Italiane', 'operator:wikidata': 'Q495026'}",13392910435,node
40.6784191,8.6156021,"{'amenity': 'pharmacy', 'dispensing': 'yes'}",13393278945,node
40.6728647,8.5899764,"{'amenity': 'post_office', 'brand': 'Poste Italiane', 'brand:wikidata': 'Q495026', 'operator': 'Poste Italiane', 'operator:wikidata': 'Q495026'}",13398219086,node
40.6747156,8.5923372,"{'amenity': 'pharmacy', 'dispensing': 'yes'}",13398219115,node
40.6742598,8.5891756,"{'amenity': 'pharmacy', 'dispensing': 'yes'}",13398219169,node
40.6777151,8.5624449,"{'amenity': 'pharmacy', 'dispensing': 'yes'}",13401462507,node
40.6773204,8.5623166,"{'amenity': 'bank', 'brand': 'Banco di Sardegna', 'brand:wikidata': 'Q806205', 'name': 'Banco di Sardegna'}",13401462626,node
40.6502189,8.3801826,"{'amenity': 'bank', 'brand': 'Banco di Sardegna', 'brand:wikidata': 'Q806205', 'name': 'Banco di Sardegna'}",13404369914,node
40.6489934,8.3812065,"{'amenity': 'pharmacy', 'dispensing': 'yes'}",13404369936,node
40.6505949,8.3816017,"{'amenity': 'post_office', 'brand': 'Poste Italiane', 'brand:wikidata': 'Q495026', 'operator': 'Poste Italiane', 'operator:wikidata': 'Q495026'}",13404384423,node
41.0746911,9.3943426,"{'amenity': 'bank', 'brand': 'Intesa San Paolo'}",13405894182,node
41.0760418,9.3928932,"{'amenity': 'bank', 'brand': 'BNL'}",13405894184,node
41.0786187,9.3895664,"{'amenity': 'pharmacy', 'dispensing': 'yes'}",13405894193,node
40.576092,8.7271108,"{'amenity': 'pharmacy', 'dispensing': 'yes'}",13406394121,node
40.575621,8.7271404,"{'amenity': 'post_office', 'brand': 'Poste Italiane', 'brand:wikidata': 'Q495026', 'operator': 'Poste Italiane', 'operator:wikidata': 'Q495026'}",13406394140,node
40.571305,8.6984186,"{'amenity': 'pharmacy', 'dispensing': 'yes'}",13408357249,node
40.5015915,8.4716169,"{'amenity': 'pharmacy', 'dispensing': 'yes'}",13408631654,node
40.5022424,8.4712678,"{'amenity': 'bank', 'brand': 'Banco di Sardegna', 'brand:wikidata': 'Q806205', 'name': 'Banco di Sardegna', 'operator': 'Banco di Sardegna', 'operator:wikidata': 'Q806205'}",13408631700,node
40.4712492,8.5613213,"{'amenity': 'post_office', 'brand': 'Poste Italiane', 'brand:wikidata': 'Q495026', 'operator': 'Poste Italiane', 'operator:wikidata': 'Q495026'}",13408750743,node
40.484313,8.5872409,"{'amenity': 'pharmacy', 'dispensing': 'yes'}",13408872410,node
40.483996,8.5843637,"{'amenity': 'post_office', 'brand': 'Poste Italiane', 'brand:wikidata': 'Q495026', 'operator': 'Poste Italiane', 'operator:wikidata': 'Q495026'}",13408872427,node
40.5622511,8.4601737,"{'amenity': 'post_office', 'brand': 'Poste Italiane', 'brand:wikidata': 'Q495026', 'operator': 'Poste Italiane', 'operator:wikidata': 'Q495026'}",13408963404,node
40.5605302,8.4598452,"{'amenity': 'pharmacy', 'dispensing': 'yes'}",13408963408,node
40.9269653,9.4796394,"{'amenity': 'post_office', 'brand': 'Poste Italiane', 'brand:wikidata': 'Q495026', 'name': 'Ufficio Postale Olbia 3', 'opening_hours': 'Mo-Fr 08:20-13:35; Sa 08:20-12:35;PH off', 'operator': 'Poste Italiane', 'operator:wikidata': 'Q495026', 'ref': '58169'}",13409137396,node
40.9078033,9.4991338,"{'amenity': 'post_office', 'brand': 'Poste Italiane', 'brand:wikidata': 'Q495026', 'name': 'Ufficio Postale Olbia 2', 'opening_hours': 'Mo-Fr 08:20-13:35; Sa 08:20-12:35;PH off', 'operator': 'Poste Italiane', 'operator:wikidata': 'Q495026', 'ref': '58166'}",13409137397,node
40.8449072,9.494479,"{'amenity': 'pharmacy', 'dispensing': 'yes', 'healthcare': 'pharmacy'}",13410552371,node
40.8448818,9.4944521,"{'amenity': 'post_office', 'brand': 'Poste Italiane', 'brand:wikidata': 'Q495026', 'name': 'Ufficio Postale di Loiri', 'opening_hours': 'Mo-Fr 08:20-13:45; PH off', 'operator': 'Poste Italiane', 'operator:wikidata': 'Q495026', 'ref': '58118'}",13410552372,node
40.8216257,9.4634001,"{'amenity': 'pharmacy', 'dispensing': 'yes', 'healthcare': 'pharmacy', 'name': 'Farmacia Chiari', 'ref:msal': '15923', 'ref:vatin': 'IT01250140900', 'source': 'Ministero della Salute'}",13410552391,node
40.8474572,9.6465253,"{'amenity': 'post_office', 'brand': 'Poste Italiane', 'brand:wikidata': 'Q495026', 'name': 'Ufficio Postale di Vaccileddi', 'opening_hours': 'Mo-Fr 08:20-13:45; PH off', 'operator': 'Poste Italiane', 'operator:wikidata': 'Q495026', 'ref': '58113'}",13410552392,node
40.7823373,8.7428838,"{'amenity': 'pharmacy', 'dispensing': 'yes'}",13412925001,node
40.781863,8.7445422,"{'amenity': 'bank', 'brand': 'Banco di Sardegna', 'brand:wikidata': 'Q806205', 'name': 'Banco di Sardegna', 'operator': 'Banco di Sardegna', 'operator:wikidata': 'Q806205'}",13412925018,node
40.7792064,8.808038,"{'amenity': 'bank', 'brand': 'Banco di Sardegna', 'brand:wikidata': 'Q806205', 'name': 'Banco di Sardegna', 'operator': 'Banco di Sardegna', 'operator:wikidata': 'Q806205'}",13413445259,node
40.7790831,8.8078166,"{'amenity': 'pharmacy', 'dispensing': 'yes'}",13413445260,node
40.7785085,8.806042,"{'amenity': 'post_office', 'brand': 'Poste Italiane', 'brand:wikidata': 'Q495026', 'operator': 'Poste Italiane', 'operator:wikidata': 'Q495026'}",13413445262,node
40.864836,8.7132334,"{'amenity': 'post_office', 'brand': 'Poste Italiane', 'brand:wikidata': 'Q495026', 'operator': 'Poste Italiane', 'operator:wikidata': 'Q495026'}",13413877669,node
40.8160917,8.83819,"{'amenity': 'post_office', 'brand': 'Poste Italiane', 'brand:wikidata': 'Q495026', 'operator': 'Poste Italiane', 'operator:wikidata': 'Q495026'}",13414154953,node
39.5331853,9.1292382,"{'addr:housenumber': '16/a', 'addr:postcode': '09040', 'addr:street': 'Via Sicilia', 'amenity': 'pharmacy', 'dispensing': 'yes', 'healthcare': 'pharmacy', 'name': 'Farmacia Sundas', 'phone': '+390709808738', 'ref:msal': '16160', 'ref:vatin': 'IT03754750929', 'source': 'Ministero della Salute'}",13416187801,node
40.224672,8.9205419,"{'amenity': 'pharmacy', 'dispensing': 'yes'}",13416361136,node
40.2306963,8.8996143,"{'amenity': 'bank', 'brand': 'Banco di Sardegna', 'brand:wikidata': 'Q806205', 'name': 'Banco di Sardegna', 'operator': 'Banco di Sardegna', 'operator:wikidata': 'Q806205'}",13416402023,node
40.2297995,8.8977793,"{'amenity': 'post_office', 'brand': 'Poste Italiane', 'brand:wikidata': 'Q495026', 'operator': 'Poste Italiane', 'operator:wikidata': 'Q495026'}",13416402041,node
40.8503121,8.8169068,"{'amenity': 'post_office', 'brand': 'Poste Italiane', 'brand:wikidata': 'Q495026', 'name': 'Poste italiane', 'operator': 'Poste Italiane', 'operator:wikidata': 'Q495026'}",13418775467,node
40.8474157,8.8295029,"{'amenity': 'pharmacy', 'dispensing': 'yes'}",13421412162,node
40.8340581,8.8797215,"{'amenity': 'pharmacy', 'dispensing': 'yes'}",13421980301,node
40.929823,8.8260363,"{'amenity': 'pharmacy', 'dispensing': 'yes', 'name': 'Farmacia Ibba Elisabetta', 'ref:msal': '15881', 'ref:vatin': 'IT1785220904'}",13423580384,node
40.9300013,8.8240449,"{'amenity': 'post_office', 'brand': 'Poste Italiane', 'brand:wikidata': 'Q495026', 'operator': 'Poste Italiane', 'operator:wikidata': 'Q495026'}",13423580638,node
40.9157466,8.7784016,"{'amenity': 'pharmacy', 'dispensing': 'yes'}",13423580967,node
40.9047759,8.8712038,"{'amenity': 'pharmacy', 'dispensing': 'yes', 'name': 'Farmacia Maddau Angelina', 'ref:msal': '15845', 'ref:vatin': 'IT1326570908'}",13423803465,node
40.9044909,8.8705293,"{'amenity': 'bank', 'brand': 'Banco di Sardegna', 'brand:wikidata': 'Q806205', 'name': 'Banco di Sardegna', 'operator': 'Banco di Sardegna', 'operator:wikidata': 'Q806205'}",13423803469,node
40.9046447,8.8709796,"{'amenity': 'post_office', 'brand': 'Poste Italiane', 'brand:wikidata': 'Q495026', 'operator': 'Poste Italiane', 'operator:wikidata': 'Q495026'}",13423955875,node
40.9178708,8.8938718,"{'amenity': 'post_office', 'brand': 'Poste Italiane', 'brand:wikidata': 'Q495026', 'operator': 'Poste Italiane', 'operator:wikidata': 'Q495026'}",13424258591,node
40.9179755,8.8933835,"{'amenity': 'pharmacy', 'dispensing': 'yes'}",13424258593,node
40.9129843,8.8912468,"{'amenity': 'bank', 'brand': 'Banco di Sardegna', 'brand:wikidata': 'Q806205', 'name': 'Banco di Sardegna', 'operator': 'Banco di Sardegna', 'operator:wikidata': 'Q806205'}",13424274899,node
40.7918609,8.9426819,"{'amenity': 'bank', 'brand': 'Banco di Sardegna', 'brand:wikidata': 'Q806205', 'name': 'Banco di Sardegna', 'operator': 'Banco di Sardegna', 'operator:wikidata': 'Q806205'}",13426799267,node
40.7925576,8.9417336,"{'amenity': 'post_office', 'brand': 'Poste Italiane', 'brand:wikidata': 'Q495026', 'operator': 'Poste Italiane', 'operator:wikidata': 'Q495026'}",13426822654,node
40.7925046,8.9416566,"{'amenity': 'pharmacy', 'dispensing': 'yes', 'name': 'Farmacia Grixoni Anna', 'ref:msal': '18505'}",13426822655,node
40.9218618,9.19405,"{'amenity': 'bank', 'brand': 'Banco di Sardegna', 'brand:wikidata': 'Q806205', 'name': 'Banco di Sardegna', 'operator': 'Banco di Sardegna', 'operator:wikidata': 'Q806205'}",13430212451,node
40.9358246,9.1749351,"{'amenity': 'pharmacy', 'dispensing': 'yes', 'name': 'Farmacia Tramoni', 'ref:msal': '15927', 'ref:vatin': '02000260907', 'source': 'Ministero della Salute'}",13432092580,node
40.9359823,9.1751347,"{'amenity': 'post_office', 'brand': 'Poste Italiane', 'brand:wikidata': 'Q495026', 'operator': 'Poste Italiane', 'operator:wikidata': 'Q495026'}",13432092732,node
40.9031366,9.1016574,"{'amenity': 'bank', 'brand': 'Banco Desio', 'brand:wikidata': 'Q3633825', 'name': 'Banco Desio'}",13432604826,node
40.9012494,9.1013092,"{'amenity': 'bank', 'brand': 'Banco di Sardegna', 'brand:wikidata': 'Q806205', 'name': 'Banco di Sardegna', 'operator': 'Banco di Sardegna', 'operator:wikidata': 'Q806205'}",13432604835,node
40.9011313,9.1020706,"{'amenity': 'pharmacy', 'dispensing': 'yes', 'name': 'Farmacia Pinna', 'ref:msal': '15925', 'ref:vatin': '02263710903', 'source': 'Ministero della Salute'}",13432604838,node
40.9314201,9.064939,"{'amenity': 'bank', 'brand': 'Banco di Sardegna', 'brand:wikidata': 'Q806205', 'name': 'Banco di Sardegna', 'operator': 'Banco di Sardegna', 'operator:wikidata': 'Q806205'}",13434174887,node
40.8910438,9.0421576,"{'amenity': 'pharmacy', 'dispensing': 'yes', 'name': 'Farmacia Dettori Rosa Maria', 'ref:msal': '15922', 'ref:vatin': 'IT01220620908', 'source': 'Ministero della Salute'}",13434340341,node
40.7725305,9.6684622,"{'amenity': 'bank', 'brand': 'Banco di Sardegna', 'brand:wikidata': 'Q806205', 'name': 'Banco di Sardegna', 'operator': 'Banco di Sardegna', 'operator:wikidata': 'Q806205'}",13439897364,node
40.7081798,9.7000069,"{'amenity': 'bank', 'brand': 'Banco di Sardegna', 'brand:wikidata': 'Q806205', 'name': 'Banco di Sardegna', 'operator': 'Banco di Sardegna', 'operator:wikidata': 'Q806205'}",13440439641,node
40.7101956,9.6994136,"{'amenity': 'pharmacy', 'contact:website': 'https://www.farmaciagaraubudoni.com', 'dispensing': 'yes', 'name': 'Farmacia Garau', 'ref:msal': '16045', 'ref:vatin': 'IT01001880911', 'source': 'Ministero della Salute'}",13440439642,node
40.7083296,9.7002648,"{'amenity': 'bank', 'brand': 'UniCredit Bank', 'brand:wikidata': 'Q45568', 'name': 'UniCredit Bank'}",13443119156,node
40.8745484,9.3545488,"{'amenity': 'post_office', 'brand': 'Poste Italiane', 'brand:wikidata': 'Q495026', 'operator': 'Poste Italiane', 'operator:wikidata': 'Q495026'}",13448660576,node
39.482677,8.9070734,"{'amenity': 'pharmacy', 'dispensing': 'yes', 'name': 'Farmacia Dottor Zucca', 'ref:msal': '16179', 'ref:vatin': 'IT02085880926', 'source': 'Ministero della Salute'}",13458672688,node
39.4792117,8.9070587,"{'amenity': 'bank', 'brand': 'Banco di Sardegna', 'brand:wikidata': 'Q806205', 'name': 'Banco di Sardegna', 'operator': 'Banco di Sardegna', 'operator:wikidata': 'Q806205'}",13460588587,node
39.4806556,8.9049359,"{'amenity': 'post_office', 'brand': 'Poste Italiane', 'brand:wikidata': 'Q495026', 'operator': 'Poste Italiane', 'operator:wikidata': 'Q495026'}",13460606509,node
39.4793843,8.9056428,"{'amenity': 'pharmacy', 'dispensing': 'yes', 'name': 'Farmacia San Camillo', 'ref:msal': '20773', 'ref:vatin': 'IT03928760929', 'source': 'Ministero della Salute'}",13460606536,node
40.7188934,8.5564428,"{'addr:city': 'Sassari', 'addr:housenumber': '48C', 'addr:postcode': '07100', 'addr:street': 'Viale Italia', 'amenity': 'bank', 'atm': 'yes', 'branch': 'Filiale di Sassari', 'name': 'Banca Etica', 'opening_hours': 'Mo-Fr 08:45-13:15,14:30-16:30; PH -1 day 08:45-11:20; Sa,Su,PH off', 'operator': 'Banca Popolare Etica', 'phone': '800 893 233', 'website': 'https://www.bancaetica.it/filiale/filiale-di-sassari/'}",13460741026,node
39.2117207,9.117717,"{'addr:city': 'Cagliari', 'addr:housenumber': '28', 'addr:postcode': '09125', 'addr:street': 'Viale Bonaria', 'amenity': 'bank', 'atm': 'no', 'branch': 'Ufficio di Cagliari', 'email': 'info@bancaetica.com', 'name': 'Banca Etica', 'operator': 'Banca Popolare Etica', 'phone': '800 893 233', 'website': 'https://www.bancaetica.it/uffici/ufficio-di-cagliari/'}",13460741027,node
40.7863403,9.1649118,"{'amenity': 'post_office', 'operator': 'La Nuova Posta'}",13461995912,node
40.9924949,9.3006111,"{'amenity': 'pharmacy', 'dispensing': 'yes', 'name': 'Farmacia Pittorru', 'ref:msal': '15912', 'ref:vatin': 'IT02107310902', 'source': 'Ministero della Salute'}",13471334482,node
40.9926704,9.3005025,"{'amenity': 'bank', 'brand': 'Banco di Sardegna', 'brand:wikidata': 'Q806205', 'name': 'Banco di Sardegna', 'operator': 'Banco di Sardegna', 'operator:wikidata': 'Q806205'}",13471335371,node
41.0518862,9.2055241,"{'amenity': 'pharmacy', 'dispensing': 'yes', 'name': 'Farmacia Orecchioni', 'ref:msal': '15899', 'ref:vatin': 'IT00315510909', 'source': 'Ministero della Salute'}",13474564703,node
41.0806066,9.1134492,"{'amenity': 'bank', 'brand': 'Banco di Sardegna', 'brand:wikidata': 'Q806205', 'name': 'Banco di Sardegna', 'operator': 'Banco di Sardegna', 'operator:wikidata': 'Q806205'}",13477165569,node
41.0800785,9.1130114,"{'amenity': 'post_office', 'brand': 'Poste Italiane', 'brand:wikidata': 'Q495026', 'operator': 'Poste Italiane', 'operator:wikidata': 'Q495026'}",13477165639,node
41.0776432,9.112382,"{'amenity': 'pharmacy', 'dispensing': 'yes', 'name': 'Farmacia San Francesco', 'ref:msal': '15910', 'ref:vatin': 'IT02986240907', 'source': 'Ministero della Salute'}",13477165644,node
40.9861118,8.9141396,"{'amenity': 'bank', 'brand': 'Banco di Sardegna', 'brand:wikidata': 'Q806205', 'name': 'Banco di Sardegna', 'operator': 'Banco di Sardegna', 'operator:wikidata': 'Q806205'}",13481445389,node
40.986701,8.9123956,"{'amenity': 'pharmacy', 'dispensing': 'yes', 'name': 'Farmacia Pedrini', 'ref:msal': '15926', 'ref:vatin': 'IT01840430902', 'source': 'Ministero della Salute'}",13481445482,node
40.9852153,8.9129529,"{'amenity': 'post_office', 'brand': 'Poste Italiane', 'brand:wikidata': 'Q495026', 'operator': 'Poste Italiane', 'operator:wikidata': 'Q495026'}",13481445489,node
39.6983561,8.7019127,"{'amenity': 'bank', 'brand': 'Banco di Sardegna', 'brand:wikidata': 'Q806205', 'name': 'Banco di Sardegna', 'operator': 'Banco di Sardegna', 'operator:wikidata': 'Q806205'}",13483728196,node
39.6978235,8.7014496,"{'amenity': 'post_office', 'brand': 'Poste Italiane', 'brand:wikidata': 'Q495026', 'operator': 'Poste Italiane', 'operator:wikidata': 'Q495026'}",13483740014,node
39.700722,8.7005755,"{'amenity': 'pharmacy', 'dispensing': 'yes', 'name': 'Farmacia Andrea Pedrazzini', 'ref:msal': '16093', 'ref:vatin': 'IT01259710950', 'source': 'Ministero della Salute'}",13483740020,node
40.0043101,8.6486397,"{'amenity': 'pharmacy', 'dispensing': 'yes', 'name': 'Farmacia Attoli', 'ref:msal': '16097', 'ref:vatin': 'IT01068620952', 'source': 'Ministero della Salute'}",13484020612,node
40.0040557,8.6486328,"{'amenity': 'post_office', 'brand': 'Poste Italiane', 'brand:wikidata': 'Q495026', 'operator': 'Poste Italiane', 'operator:wikidata': 'Q495026'}",13484020637,node
39.9898017,8.5940722,"{'amenity': 'bank', 'brand': 'Banco di Sardegna', 'brand:wikidata': 'Q806205', 'name': 'Banco di Sardegna', 'operator': 'Banco di Sardegna', 'operator:wikidata': 'Q806205'}",13484189179,node
39.9895314,8.5954137,"{'addr:housenumber': '58', 'addr:street': 'Via Roma', 'amenity': 'pharmacy', 'dispensing': 'yes', 'name': 'Farmacia Barracu', 'ref:msal': '16123', 'ref:vatin': 'IT00569060957', 'source': 'Ministero della Salute'}",13484189187,node
39.7871075,8.8620598,"{'amenity': 'post_office', 'brand': 'Poste Italiane', 'brand:wikidata': 'Q495026', 'operator': 'Poste Italiane', 'operator:wikidata': 'Q495026'}",13510224068,node
39.8093696,8.918806,"{'amenity': 'post_office', 'brand': 'Poste Italiane', 'brand:wikidata': 'Q495026', 'operator': 'Poste Italiane', 'operator:wikidata': 'Q495026'}",13512727036,node
39.8244251,8.9747083,"{'amenity': 'post_office', 'brand': 'Poste Italiane', 'brand:wikidata': 'Q495026', 'operator': 'Poste Italiane', 'operator:wikidata': 'Q495026'}",13513786336,node
39.8239256,8.9751206,"{'amenity': 'pharmacy', 'dispensing': 'yes', 'name': 'Farmacia Caddeo', 'ref:msal': '18582', 'ref:vatin': 'IT01651820910', 'source': 'Ministero della Salute'}",13513786341,node
39.7610793,8.8723857,"{'amenity': 'bank', 'brand': 'Banco di Sardegna', 'brand:wikidata': 'Q806205', 'name': 'Banco di Sardegna', 'operator': 'Banco di Sardegna', 'operator:wikidata': 'Q806205'}",13514283084,node
39.7590339,8.8733133,"{'amenity': 'post_office', 'brand': 'Poste Italiane', 'brand:wikidata': 'Q495026', 'operator': 'Poste Italiane', 'operator:wikidata': 'Q495026'}",13514306641,node
39.7232206,8.8302713,"{'amenity': 'pharmacy', 'dispensing': 'yes', 'name': 'Farmacia Santa Vitalia', 'ref:msal': '16101', 'ref:vatin': 'IT01218100954', 'source': 'Ministero della Salute'}",13516929864,node
39.7014268,8.784104,"{'amenity': 'bank', 'brand': 'Banco di Sardegna', 'brand:wikidata': 'Q806205', 'name': 'Banco di Sardegna', 'operator': 'Banco di Sardegna', 'operator:wikidata': 'Q806205'}",13521931390,node
39.6974874,8.7833668,"{'amenity': 'pharmacy', 'dispensing': 'yes', 'name': 'Farmacia Lisu', 'ref:msal': '16086', 'ref:vatin': 'IT03768120929', 'source': 'Ministero della Salute'}",13522021886,node
39.700485,8.834599,"{'amenity': 'pharmacy', 'dispensing': 'yes', 'name': 'Farmacia Lilliu', 'ref:msal': '18484', 'ref:vatin': 'IT03237500925', 'source': 'Ministero della Salute'}",13522197094,node
39.6973912,8.8342327,"{'amenity': 'post_office', 'brand': 'Poste Italiane', 'brand:wikidata': 'Q495026', 'operator': 'Poste Italiane', 'operator:wikidata': 'Q495026'}",13522197097,node
39.6810414,8.8330295,"{'amenity': 'post_office', 'brand': 'Poste Italiane', 'brand:wikidata': 'Q495026', 'operator': 'Poste Italiane', 'operator:wikidata': 'Q495026'}",13522540297,node
39.7527677,8.6405367,"{'amenity': 'pharmacy', 'dispensing': 'no', 'name': 'Parafarmacia Trogu'}",13529247689,node
39.8139159,8.6518549,"{'addr:housenumber': '2', 'addr:street': 'Piazza Verona', 'amenity': 'pharmacy', 'dispensing': 'yes', 'name': 'Farmacia Matta', 'ref:msal': '18660', 'ref:vatin': 'IT03396250924', 'source': 'Ministero della Salute'}",13529266310,node
39.7930587,9.0058226,"{'amenity': 'bank', 'brand': 'Banco di Sardegna', 'brand:wikidata': 'Q806205', 'name': 'Banco di Sardegna', 'operator': 'Banco di Sardegna', 'operator:wikidata': 'Q806205'}",13529718105,node
39.733452,9.0229803,"{'amenity': 'pharmacy', 'dispensing': 'yes', 'name': 'Farmacia Caddeo', 'ref:msal': '16180', 'ref:vatin': 'IT01651820910', 'source': 'Ministero della Salute'}",13531570776,node
39.7032133,9.0042656,"{'amenity': 'pharmacy', 'dispensing': 'yes', 'name': 'Farmacia Santa Lucia', 'ref:msal': '16165', 'ref:vatin': 'IT03071080927', 'source': 'Ministero della Salute'}",13531671300,node
40.909621,9.5120878,"{'addr:city': 'Olbia', 'addr:housenumber': '1', 'addr:postcode': '07026', 'addr:street': 'Via Mestre', 'amenity': 'pharmacy', 'dispensing': 'yes', 'healthcare': 'pharmacy', 'name': 'Farmacia Floris', 'ref:msal': '18525', 'ref:vatin': 'IT02804130900', 'source': 'Ministero della Salute'}",13531712681,node
39.7032886,9.0036535,"{'amenity': 'bank', 'brand': 'Banco di Sardegna', 'brand:wikidata': 'Q806205', 'name': 'Banco di Sardegna', 'operator': 'Banco di Sardegna', 'operator:wikidata': 'Q806205'}",13531932457,node
39.4900981,8.6601457,"{'amenity': 'bank', 'brand': 'Banco di Sardegna', 'brand:wikidata': 'Q806205', 'name': 'Banco di Sardegna', 'operator': 'Banco di Sardegna', 'operator:wikidata': 'Q806205'}",13534553259,node
39.4633227,8.7416874,"{'amenity': 'post_office', 'brand': 'La Nuova Posta', 'name': 'La Nuova Posta'}",13541537110,node
39.4587391,8.7415633,"{'amenity': 'post_office', 'brand': 'City Poste', 'name': 'City Poste'}",13541537153,node
39.4576549,8.7369362,"{'amenity': 'post_office', 'brand': 'Poste Italiane', 'brand:wikidata': 'Q495026', 'operator': 'Poste Italiane', 'operator:wikidata': 'Q495026'}",13541537245,node
39.4591123,8.7395358,"{'amenity': 'bank', 'brand': 'Intesa Sanpaolo', 'brand:wikidata': 'Q1343118', 'name': 'Intesa Sanpaolo'}",13541537247,node
39.4619229,8.7438104,"{'amenity': 'pharmacy', 'dispensing': 'yes', 'name': 'Farmacia Santa Maria', 'ref:msal': '18508', 'ref:vatin': 'IT02798230922', 'source': 'Ministero della Salute'}",13541537248,node
39.4590502,8.739582,"{'amenity': 'pharmacy', 'dispensing': 'yes', 'name': 'Farmacia Centrale', 'ref:msal': '16153', 'ref:vatin': 'IT02905680928', 'source': 'Ministero della Salute'}",13541537249,node
39.456516,8.7334431,"{'amenity': 'pharmacy', 'dispensing': 'yes', 'name': 'Farmacia Fanni', 'ref:msal': '16148', 'ref:vatin': 'IT03341730921', 'source': 'Ministero della Salute'}",13541537270,node
39.4587696,8.7392578,"{'amenity': 'bank', 'brand': 'Banco di Sardegna', 'brand:wikidata': 'Q806205', 'name': 'Banco di Sardegna', 'operator': 'Banco di Sardegna', 'operator:wikidata': 'Q806205'}",13541537317,node
39.5275538,8.6004702,"{'amenity': 'bank', 'brand': 'Banco di Sardegna', 'brand:wikidata': 'Q806205', 'name': 'Banco di Sardegna', 'operator': 'Banco di Sardegna', 'operator:wikidata': 'Q806205'}",13556206893,node
39.6805648,8.4512975,"{'amenity': 'pharmacy', 'dispensing': 'yes', 'name': 'Dispensario stagionale Piras', 'ref:msal': '19061', 'ref:vatin': 'IT00000019061', 'source': 'Ministero della Salute'}",13556206894,node
39.5269723,8.601251,"{'amenity': 'pharmacy', 'dispensing': 'yes', 'name': 'Farmacia Frongia', 'ref:msal': '18645', 'ref:vatin': 'IT02632900920', 'source': 'Ministero della Salute'}",13556206895,node
39.524425,8.597269,"{'amenity': 'pharmacy', 'dispensing': 'yes', 'name': 'Farmacia Piras Piazza Cavalleria', 'ref:msal': '16152', 'ref:vatin': 'IT03754570921', 'source': 'Ministero della Salute'}",13556206896,node
39.526774,8.5995484,"{'amenity': 'pharmacy', 'dispensing': 'yes', 'name': 'Farmacia Piras Via Repubblica', 'ref:msal': '16145', 'ref:vatin': 'IT03754570921', 'source': 'Ministero della Salute'}",13556206898,node
39.5291917,8.5983192,"{'amenity': 'post_office', 'brand': 'Poste Italiane', 'brand:wikidata': 'Q495026', 'operator': 'Poste Italiane', 'operator:wikidata': 'Q495026'}",13556234838,node
39.539046,8.6279855,"{'amenity': 'bank', 'brand': 'Intesa Sanpaolo', 'brand:wikidata': 'Q1343118', 'name': 'Intesa Sanpaolo'}",13563777194,node
39.5387835,8.6301472,"{'amenity': 'bank', 'brand': 'Banco di Sardegna', 'brand:wikidata': 'Q806205', 'name': 'Banco di Sardegna', 'operator': 'Banco di Sardegna', 'operator:wikidata': 'Q806205'}",13563777237,node
39.5408769,8.6454684,"{'amenity': 'pharmacy', 'dispensing': 'yes', 'name': 'Farmacia Is Boinargius', 'ref:msal': '20134', 'ref:vatin': 'IT03793920921', 'source': 'Ministero della Salute'}",13563777238,node
39.5394565,8.6264502,"{'amenity': 'pharmacy', 'dispensing': 'yes', 'name': 'Farmacia Lixi', 'ref:msal': '16143', 'ref:vatin': 'IT00933000903', 'source': 'Ministero della Salute'}",13563777241,node
39.5376692,8.6284988,"{'amenity': 'pharmacy', 'dispensing': 'yes', 'name': 'Farmacia Saba', 'ref:msal': '16142', 'ref:vatin': 'IT03756560920', 'source': 'Ministero della Salute'}",13563777242,node
39.5370927,8.6285283,"{'amenity': 'post_office', 'brand': 'Poste Italiane', 'brand:wikidata': 'Q495026', 'operator': 'Poste Italiane', 'operator:wikidata': 'Q495026'}",13563777253,node
39.5959707,8.7186436,"{'amenity': 'post_office', 'brand': 'Poste Italiane', 'brand:wikidata': 'Q495026', 'operator': 'Poste Italiane', 'operator:wikidata': 'Q495026'}",13564024430,node
39.593427,8.7195102,"{'amenity': 'bank', 'brand': 'Banco di Sardegna', 'brand:wikidata': 'Q806205', 'name': 'Banco di Sardegna', 'operator': 'Banco di Sardegna', 'operator:wikidata': 'Q806205'}",13564025666,node
39.592468,8.7216922,"{'amenity': 'pharmacy', 'dispensing': 'yes', 'name': 'Farmacia Virdis', 'ref:msal': '16146', 'ref:vatin': 'IT03640130922', 'source': 'Ministero della Salute'}",13564025667,node
39.9289666,8.5272909,"{'amenity': 'bank', 'operator': 'Banca di Credito Cooperativo di Arborea'}",13564809663,node
39.9277996,8.53302,"{'amenity': 'pharmacy', 'dispensing': 'no', 'name': 'Parafarmacia del Sinis'}",13564858953,node
39.9288415,8.5319425,"{'amenity': 'bank', 'brand': 'Intesa Sanpaolo', 'brand:wikidata': 'Q1343118', 'name': 'Intesa Sanpaolo'}",13564859018,node
39.9292415,8.5301181,"{'amenity': 'bank', 'brand': 'Banco di Sardegna', 'brand:wikidata': 'Q806205', 'name': 'Banco di Sardegna', 'operator': 'Banco di Sardegna', 'operator:wikidata': 'Q806205'}",13564859019,node
39.9296248,8.5530525,"{'amenity': 'pharmacy', 'dispensing': 'yes', 'name': 'Farmacia Salanis', 'ref:msal': '21008', 'ref:vatin': 'IT01266840956', 'source': 'Ministero della Salute'}",13564859144,node
39.6413901,8.841282,"{'amenity': 'pharmacy', 'dispensing': 'yes', 'name': 'Farmacia Frau', 'ref:msal': '16162', 'ref:vatin': 'IT03057800926', 'source': 'Ministero della Salute'}",13566042338,node
39.632369,8.8688298,"{'amenity': 'pharmacy', 'dispensing': 'yes', 'name': 'Farmacia Salvatore', 'ref:msal': '17898', 'ref:vatin': 'IT03917820924', 'source': 'Ministero della Salute'}",13566968305,node
39.6481715,8.9014676,"{'amenity': 'pharmacy', 'dispensing': 'yes', 'name': 'Farmacia Sotgiu', 'ref:msal': '16156', 'ref:vatin': 'IT00454210923', 'source': 'Ministero della Salute'}",13567847192,node
39.6459832,8.9024254,"{'amenity': 'post_office', 'brand': 'Poste Italiane', 'brand:wikidata': 'Q495026', 'operator': 'Poste Italiane', 'operator:wikidata': 'Q495026', 'ref': '13074'}",13567868824,node
39.647615,8.9016602,"{'amenity': 'bank', 'brand': 'Banco di Sardegna', 'brand:wikidata': 'Q806205', 'name': 'Banco di Sardegna', 'operator': 'Banco di Sardegna', 'operator:wikidata': 'Q806205'}",13567869036,node
39.671181,8.8899062,"{'amenity': 'pharmacy', 'dispensing': 'yes', 'name': 'Farmacia Bellafiore', 'ref:msal': '16166', 'ref:vatin': 'IT01033980929', 'source': 'Ministero della Salute'}",13573793515,node
39.6716488,8.8878727,"{'amenity': 'post_office', 'brand': 'Poste Italiane', 'brand:wikidata': 'Q495026', 'operator': 'Poste Italiane', 'operator:wikidata': 'Q495026', 'ref': '13354'}",13573793669,node
39.6924359,8.909035,"{'amenity': 'post_office', 'brand': 'Poste Italiane', 'brand:wikidata': 'Q495026', 'operator': 'Poste Italiane', 'operator:wikidata': 'Q495026', 'ref': '13229'}",13574119736,node
39.6603329,8.9228192,"{'amenity': 'post_office', 'brand': 'Poste Italiane', 'brand:wikidata': 'Q495026', 'operator': 'Poste Italiane', 'operator:wikidata': 'Q495026', 'ref': '13353'}",13579825015,node
39.6638419,8.9228559,"{'amenity': 'pharmacy', 'dispensing': 'yes', 'name': 'Farmacia Eriu', 'ref:msal': '16185', 'ref:vatin': 'IT02470970928', 'source': 'Ministero della Salute'}",13579825016,node
39.6162704,8.9566081,"{'amenity': 'pharmacy', 'dispensing': 'yes', 'name': 'Farmacia De Sotgiu', 'opening_hours': 'Mo-Fr 08:30-13:00,16:30-20:00; Sa 08:30-13:00', 'ref:msal': '16170', 'ref:vatin': 'IT02971860925', 'source': 'Ministero della Salute'}",13582737618,node
39.6220776,8.9585152,"{'amenity': 'bank', 'brand': 'Banco di Sardegna', 'brand:wikidata': 'Q806205', 'name': 'Banco di Sardegna', 'opening_hours': 'Mo-Th 08:30-13:00,14:45-16:25; Fr 08:30-13:00,14:45-15:55;PH off', 'operator': 'Banco di Sardegna', 'operator:wikidata': 'Q806205'}",13582737976,node
40.1712616,8.9159702,"{'amenity': 'school', 'fee': 'no', 'isced:level': '2', 'name': 'Scuola Secondaria di Primo Grado San Giuseppe Operaio', 'ref': 'ORMM82202G'}",13586551601,node
40.1711412,8.9161171,"{'amenity': 'school', 'fee': 'no', 'isced:level': '1', 'name': 'Scuola Primaria Sedilo', 'ref': 'OREE82202L'}",13586551602,node
39.7038687,9.1453523,"{'amenity': 'post_office', 'brand': 'Poste Italiane', 'brand:wikidata': 'Q495026', 'operator': 'Poste Italiane', 'operator:wikidata': 'Q495026', 'ref': '13420'}",13587234245,node
39.7015083,9.1452515,"{'amenity': 'pharmacy', 'dispensing': 'yes', 'name': 'Farmacia Puddu', 'ref:msal': '15979', 'ref:vatin': 'IT02312370923', 'source': 'Ministero della Salute'}",13587257007,node
39.8793517,8.6089368,"{'amenity': 'bank', 'brand': 'Banco di Sardegna', 'brand:wikidata': 'Q806205', 'name': 'Banco di Sardegna', 'operator': 'Banco di Sardegna', 'operator:wikidata': 'Q806205'}",13588955022,node
39.903956,8.5980405,"{'addr:housenumber': '28', 'addr:street': 'Via Vittorio Veneto', 'amenity': 'school', 'isced:level': '1', 'name': 'Scuola Primaria Paritaria Madre Teresa Quaranta', 'ref': 'OR1E00100R', 'website': 'https://www.sacrocostato.it/scuola/', 'wikidata': 'Q52939582'}",13592194085,node
39.9148303,8.5843592,"{'amenity': 'pharmacy', 'dispensing': 'no', 'name': 'Parafarmacia Oristano Nord', 'ref:vatin': 'IT01285410955'}",13592230703,node
39.9057451,8.5932325,"{'amenity': 'pharmacy', 'dispensing': 'no', 'name': ""Parafarmacia Caddy's"", 'ref:vatin': 'IT02621450283'}",13592230704,node
39.9021165,8.5847791,"{'amenity': 'pharmacy', 'dispensing': 'no', 'name': 'parafarmacia Farma AD', 'ref:vatin': 'IT01096620958'}",13592230706,node
39.8987012,8.5950717,"{'amenity': 'pharmacy', 'dispensing': 'no', 'name': 'Parafarmacia Dott.ssa Giovanna Bonaglini', 'ref:vatin': 'IT01165220953'}",13592230707,node
39.4944811,8.9772637,"{'addr:housenumber': '5', 'addr:street': 'Via Santa Vitalia', 'amenity': 'pharmacy', 'dispensing': 'no', 'name': 'Parafarmacia Santa Vitalia', 'ref:vatin': 'IT03769600929'}",13593223402,node
39.4938399,8.9715189,"{'addr:housenumber': '243', 'addr:street': 'Via Nazionale', 'amenity': 'pharmacy', 'dispensing': 'no', 'name': 'Parafarmacia Samara', 'ref:vatin': 'IT03237120922'}",13593223403,node
39.5599032,8.9007028,"{'amenity': 'bank', 'brand': 'Intesa Sanpaolo', 'brand:wikidata': 'Q1343118', 'name': 'Intesa Sanpaolo'}",13593655601,node
39.5588842,8.8988555,"{'amenity': 'bank', 'brand': 'Banca di Credito Cooperativo di Arborea'}",13593655602,node
39.562895,8.8994548,"{'amenity': 'bank', 'brand': 'Monte dei Paschi di Siena', 'brand:wikidata': 'Q46730', 'name': 'Monte dei Paschi di Siena'}",13593655603,node
39.5613534,8.8991562,"{'amenity': 'bank', 'brand': 'Banco di Sardegna', 'brand:wikidata': 'Q806205', 'name': 'Banco di Sardegna', 'operator': 'Banco di Sardegna', 'operator:wikidata': 'Q806205'}",13593655604,node
39.5615369,8.9006267,"{'amenity': 'pharmacy', 'dispensing': 'no', 'name': 'Parafarmacia Biopharm', 'ref:vatin': 'IT03359130923'}",13593655652,node
39.5610375,8.8993901,"{'amenity': 'pharmacy', 'dispensing': 'yes', 'healthcare': 'pharmacy', 'name': 'Farmacia San Pietro', 'ref:msal': '16159', 'ref:vatin': 'IT03078040924', 'source': 'Ministero della Salute'}",13593655653,node
39.5633511,8.898675,"{'amenity': 'pharmacy', 'dispensing': 'yes', 'healthcare': 'pharmacy', 'name': 'Farmacia Setzu', 'ref:msal': '16178', 'ref:vatin': 'IT02101250922', 'source': 'Ministero della Salute'}",13593655654,node
39.5493291,8.7919143,"{'amenity': 'bank', 'brand': 'Banco di Sardegna', 'brand:wikidata': 'Q806205', 'name': 'Banco di Sardegna', 'opening_hours': 'Mo-Fr 08:30-13:00, Mo-Fr 14:45-16:25; Sa,Su,PH off', 'operator': 'Banco di Sardegna', 'operator:wikidata': 'Q806205'}",13596108988,node
39.554146,8.791445,"{'amenity': 'post_office', 'brand': 'Poste Italiane', 'brand:wikidata': 'Q495026', 'name': 'San Gavino Monreale', 'operator': 'Poste Italiane', 'operator:wikidata': 'Q495026', 'ref': '13119'}",13596108989,node
39.553264,8.7910241,"{'amenity': 'pharmacy', 'dispensing': 'yes', 'healthcare': 'pharmacy', 'name': 'Farmacia Santa Teresa', 'ref:msal': '20137', 'ref:vatin': 'IT03791130929', 'source': 'Ministero della Salute'}",13596108990,node
39.5497062,8.7911624,"{'amenity': 'pharmacy', 'dispensing': 'yes', 'healthcare': 'pharmacy', 'name': 'Farmacia Cuccu e Valenti', 'ref:msal': '16144', 'ref:vatin': 'IT02847190929', 'source': 'Ministero della Salute'}",13596109020,node
39.5521062,8.7861895,"{'amenity': 'school', 'isced:level': '1', 'name': 'Scuola Primaria VIa Caddeo', 'ref': 'CAEE86302V'}",13596109027,node
39.5523604,8.7868316,"{'amenity': 'school', 'isced:level': '1', 'name': 'Scuola Secondaria di Primo Grado San Domenico Savio', 'ref': 'CAMM86301R'}",13596109028,node
39.6450715,9.002946,"{'amenity': 'school', 'isced:level': '2', 'name': 'Scuola Secondaria di Primo Grado Villanovafranca', 'ref': 'CAMM848082'}",13598727425,node
39.6452065,9.0030052,"{'amenity': 'school', 'isced:level': '1', 'name': 'Scuola Primaria Villanovafranca', 'ref': 'CAEE848117'}",13598727426,node
39.6453312,9.0016179,"{'amenity': 'pharmacy', 'dispensing': 'yes', 'healthcare': 'pharmacy', 'name': 'Farmacia Floris', 'ref:msal': '16173', 'ref:vatin': 'IT03894040926', 'source': 'Ministero della Salute'}",13598727474,node
40.2151628,8.8035186,"{'amenity': 'school', 'isced:level': '2', 'name': 'Scuola Secondaria di Primo Grado Borore', 'ref': 'NUMM872014'}",13598979033,node
40.21507,8.8031398,"{'amenity': 'school', 'isced:level': '1', 'name': 'Scuola Primaria Borore', 'ref': 'NUEE872059'}",13598979034,node
40.2158789,8.8053383,"{'amenity': 'pharmacy', 'dispensing': 'yes', 'healthcare': 'pharmacy', 'name': 'Farmacia Cadeddu', 'ref:msal': '15987', 'ref:vatin': 'IT01497770915', 'source': 'Ministero della Salute'}",13598979035,node
40.1359634,8.835231,"{'amenity': 'school', 'isced:level': '1', 'name': 'Scuola Primaria Norbello', 'ref': 'OREE82208V'}",13602969094,node
40.1359772,8.8348455,"{'amenity': 'school', 'isced:level': '2', 'name': 'Scuola Secondaria di primo grado Norbello', 'ref': 'ORMM82208T'}",13602969095,node
40.1267426,8.8188095,"{'amenity': 'school', 'isced:level': '2', 'name': 'Scuola Secondaria di Primo Grado Abbasanta', 'ref': 'ORMM82206Q'}",13603277994,node
40.1226962,8.847713,"{'amenity': 'pharmacy', 'dispensing': 'no', 'name': 'Parafarmacia Su Sinnu', 'ref:vatin': 'IT01153420953'}",13606064398,node
39.6795392,8.9847997,"{'amenity': 'pharmacy', 'dispensing': 'yes', 'healthcare': 'pharmacy', 'name': 'Farmacia Santa Lucia', 'ref:msal': '16172', 'ref:vatin': 'IT03071080927', 'source': 'Ministero della Salute'}",13607263834,node
39.8879745,8.7776601,"{'amenity': 'pharmacy', 'dispensing': 'no', 'name': 'Sanitaria Ortopedia Parafarmacia Pisci', 'ref:vatin': 'IT01197700956'}",13607394142,node
39.8866411,8.7784565,"{'amenity': 'bank', 'brand': 'Banco di Sardegna', 'brand:wikidata': 'Q806205', 'name': 'Banco di Sardegna', 'operator': 'Banco di Sardegna', 'operator:wikidata': 'Q806205'}",13607394143,node
39.886438,8.7787819,"{'amenity': 'pharmacy', 'dispensing': 'yes', 'healthcare': 'pharmacy', 'name': 'Farmacia Pinna', 'ref:msal': '16137', 'ref:vatin': 'IT01218650958', 'source': 'Ministero della Salute'}",13607394145,node
39.8846841,8.7753683,"{'amenity': 'school', 'isced:level': '1', 'name': 'Scuola Primaria Villaurbana', 'ref': 'OREE82306L'}",13607394159,node
39.8854247,8.7799097,"{'amenity': 'post_office', 'brand': 'Poste Italiane', 'brand:wikidata': 'Q495026', 'name': 'Ufficio Postale Villaurbana', 'opening_hours': 'Mo-Fr 08:20-13:35; Sa 08:20-12:35;PH off', 'operator': 'Poste Italiane', 'operator:wikidata': 'Q495026', 'ref': '72073'}",13607394166,node
39.7150926,8.95999,"{'amenity': 'post_office', 'brand': 'Poste Italiane', 'brand:wikidata': 'Q495026', 'name': 'Ufficio Postale Tuili', 'opening_hours': 'Mo-Fr 08:20-13:35; Sa 08:20-12:35;PH off', 'operator': 'Poste Italiane', 'operator:wikidata': 'Q495026', 'ref': '13209'}",13607657674,node
39.7148206,8.9605775,"{'amenity': 'bank', 'brand': 'Banco di Sardegna', 'brand:wikidata': 'Q806205', 'name': 'Banco di Sardegna', 'operator': 'Banco di Sardegna', 'operator:wikidata': 'Q806205'}",13607720248,node
39.7120831,8.9606878,"{'amenity': 'pharmacy', 'dispensing': 'yes', 'healthcare': 'pharmacy', 'name': 'Farmacia Fadda', 'ref:msal': '16468', 'ref:vatin': 'IT00519270920', 'source': 'Ministero della Salute'}",13607720281,node
39.9909582,8.5573612,"{'amenity': 'school', 'isced:level': '1', 'name': 'Scuola Primaria Baratili', 'ref': 'OREE812077'}",13608090318,node
39.9912001,8.5573042,"{'amenity': 'school', 'isced:level': '2', 'name': 'Scuola Secondaria di Primo Grado Baratili', 'ref': 'ORMM812054'}",13608090319,node
39.7439368,8.9244065,"{'amenity': 'post_office', 'brand': 'Poste Italiane', 'brand:wikidata': 'Q495026', 'name': 'Ufficio Postale di Genuri', 'opening_hours': 'Mo-Fr 08:20-13:35; Sa 08:20-12:35;PH off', 'operator': 'Poste Italiane', 'operator:wikidata': 'Q495026', 'ref': '13349'}",13609038921,node
40.1132764,8.8690065,"{'amenity': 'pharmacy', 'dispensing': 'yes', 'healthcare': 'pharmacy', 'name': 'Farmacia San Lorenzo', 'ref:msal': '18575', 'ref:vatin': 'IT03335850925', 'source': 'Ministero della Salute'}",13609291820,node
39.5622255,8.9441219,"{'amenity': 'pharmacy', 'dispensing': 'yes', 'healthcare': 'pharmacy', 'name': 'Farmacia Sanna', 'ref:msal': '16161', 'ref:vatin': 'IT02815590928', 'source': 'Ministero della Salute'}",13610054946,node
39.5640343,8.9799025,"{'amenity': 'pharmacy', 'dispensing': 'yes', 'healthcare': 'pharmacy', 'name': 'Farmacia Secchi', 'ref:msal': '16190', 'ref:vatin': 'IT02632260929', 'source': 'Ministero della Salute'}",13614603801,node
39.5644707,8.97776,"{'amenity': 'post_office', 'brand': 'Poste Italiane', 'brand:wikidata': 'Q495026', 'name': 'Ufficio Postale di Segariu', 'opening_hours': 'Mo-Fr 08:20-13:35; Sa 08:20-12:35;PH off', 'operator': 'Poste Italiane', 'operator:wikidata': 'Q495026', 'ref': '13134'}",13614603802,node
39.9792105,8.5373817,"{'amenity': 'school', 'isced:level': '2', 'name': 'Scuola Secondari di Primo Grado Nurachi', 'ref': 'ORMM812065'}",13614706937,node
39.9791094,8.5372334,"{'amenity': 'school', 'isced:level': '1', 'name': 'Scuola Primaria Nurachi', 'ref': 'OREE812088'}",13614706938,node
39.6172872,9.1054628,"{'amenity': 'post_office', 'brand': 'Poste Italiane', 'brand:wikidata': 'Q495026', 'name': 'Ufficio Postale di Gesico', 'opening_hours': 'Mo-Fr 08:20-13:35; Sa 08:20-12:35;PH off', 'operator': 'Poste Italiane', 'operator:wikidata': 'Q495026', 'ref': '13350'}",13615386537,node
39.6152651,9.1075512,"{'amenity': 'pharmacy', 'dispensing': 'yes', 'healthcare': 'pharmacy', 'name': 'Farmacia Obino', 'ref:msal': '16163', 'ref:vatin': 'IT03488820923', 'source': 'Ministero della Salute'}",13615386610,node
39.6578178,9.1287949,"{'amenity': 'school', 'isced:level': '2', 'name': 'Scuola Secondari di Primo Grado Mandas', 'ref': 'CAMM8AB065'}",13623283167,node
39.6577799,9.1289686,"{'amenity': 'school', 'isced:level': '1', 'name': 'Scuola Primaria Mandas', 'ref': 'CAEE8AB077'}",13623283168,node
39.241565,9.1794643,"{'amenity': 'bank', 'brand': 'Compass', 'brand:wikidata': 'Q127513540', 'name': 'Compass'}",13624683774,node
39.2430299,9.1797926,"{'amenity': 'bank', 'brand': 'Intesa Sanpaolo', 'brand:wikidata': 'Q1343118', 'name': 'Intesa Sanpaolo'}",13624683775,node
39.2406649,9.178322,"{'amenity': 'bank', 'brand': 'BNL', 'brand:wikidata': 'Q2201225', 'name': 'BNL', 'official_name': 'Banca Nazionale del Lavoro'}",13624683776,node
39.2404239,9.2033432,"{'amenity': 'bank', 'brand': 'Banca di Credito Cooperativo di Cagliari'}",13624683777,node
39.2416576,9.1763601,"{'amenity': 'bank', 'brand': 'Agos-Ducato'}",13624683778,node
39.2417237,9.1786523,"{'amenity': 'bank', 'brand': 'UniCredit Bank', 'brand:wikidata': 'Q45568', 'name': 'UniCredit Bank'}",13624683779,node
39.2415504,9.1938509,"{'amenity': 'pharmacy', 'dispensing': 'yes', 'healthcare': 'pharmacy', 'name': 'Farmacia Fadda', 'ref:msal': '20138', 'ref:vatin': 'IT03787000920', 'source': 'Ministero della Salute'}",13624683781,node
39.248226,9.1841814,"{'amenity': 'pharmacy', 'dispensing': 'yes', 'healthcare': 'pharmacy', 'name': 'Farmacia Giotto', 'ref:msal': '18809', 'ref:vatin': 'IT03817070927', 'source': 'Ministero della Salute'}",13624683782,node
39.2333868,9.1862626,"{'amenity': 'pharmacy', 'dispensing': 'yes', 'healthcare': 'pharmacy', 'name': 'Farmacia Carai', 'ref:msal': '18588', 'ref:vatin': 'IT02271400927', 'source': 'Ministero della Salute'}",13624683783,node
39.2390175,9.2075475,"{'amenity': 'pharmacy', 'dispensing': 'yes', 'healthcare': 'pharmacy', 'name': 'Farmacia Lostia', 'ref:msal': '18493', 'ref:vatin': 'IT03688630924', 'source': 'Ministero della Salute'}",13624683784,node
39.2445709,9.1896646,"{'amenity': 'pharmacy', 'dispensing': 'yes', 'healthcare': 'pharmacy', 'name': ""Farmacia Sant'Elena"", 'ref:msal': '16339', 'ref:vatin': 'IT03656440926', 'source': 'Ministero della Salute'}",13624683785,node
39.2397668,9.1861351,"{'amenity': 'pharmacy', 'dispensing': 'yes', 'healthcare': 'pharmacy', 'name': 'Farmacia Mura Marco', 'ref:msal': '16321', 'ref:vatin': 'IT03270550928', 'source': 'Ministero della Salute'}",13624683786,node
39.2399235,9.1906947,"{'amenity': 'pharmacy', 'dispensing': 'yes', 'healthcare': 'pharmacy', 'name': 'Farmacia Piras', 'ref:msal': '16315', 'ref:vatin': 'IT03294530922', 'source': 'Ministero della Salute'}",13624683787,node
39.2422911,9.1836737,"{'amenity': 'pharmacy', 'dispensing': 'yes', 'healthcare': 'pharmacy', 'name': 'Farmacia De Villa', 'ref:msal': '16313', 'ref:vatin': 'IT02949040923', 'source': 'Ministero della Salute'}",13624683788,node
39.2442347,9.1827518,"{'amenity': 'pharmacy', 'dispensing': 'yes', 'healthcare': 'pharmacy', 'name': 'Farmacia Congiu', 'ref:msal': '16311', 'ref:vatin': 'IT03933630927', 'source': 'Ministero della Salute'}",13624683789,node
39.2284936,9.2373951,"{'amenity': 'school', 'denomination': 'roman_catholic', 'fee': 'yes', 'grades': '1-12', 'isced:level': '1', 'name': 'Scuola Primaria Paritaria Sacra Famiglia', 'operator': 'Congregazione Ancelle della Sacra Famiglia', 'operator:type': 'private', 'ref': 'CA1E01500P', 'religion': 'christian'}",13624704546,node
39.2250415,9.2423061,"{'amenity': 'school', 'isced:level': '1', 'name': 'Scuola Primaria Foxi', 'ref': 'CAEE89803V'}",13624704570,node
39.221807,9.2864995,"{'amenity': 'school', 'isced:level': '1', 'name': 'Scuola Primaria Flumini', 'ref': 'CAEE89802T'}",13624704593,node
39.2407823,9.2000869,"{'amenity': 'school', 'isced:level': '1', 'name': 'Scuola Primaria Iqbal Masih', 'ref': 'CAEE89804X'}",13624705001,node
39.2342595,9.1794836,"{'amenity': 'post_office', 'brand': 'Poste Italiane', 'brand:wikidata': 'Q495026', 'name': ""Ufficio Postale Quartu Sant'Elena 2"", 'operator': 'Poste Italiane', 'operator:wikidata': 'Q495026', 'ref': '13333'}",13624705029,node
39.7925507,9.0822618,"{'amenity': 'school', 'isced:level': '1', 'name': 'Scuola Primaria Nurallao', 'ref': 'CAEE8AB066'}",13624894926,node
39.792548,9.0819092,"{'amenity': 'school', 'isced:level': '2', 'name': 'Scuola Secondaria di primo grado Nurallao', 'ref': 'CAMM8AB032'}",13624894927,node
39.7908892,9.079279,"{'amenity': 'pharmacy', 'dispensing': 'yes', 'healthcare': 'pharmacy', 'name': 'Farmacia Scalas', 'ref:msal': '15980', 'ref:vatin': 'IT01624080915', 'source': 'Ministero della Salute'}",13624894929,node
39.7892559,9.079818,"{'amenity': 'post_office', 'brand': 'Poste Italiane', 'brand:wikidata': 'Q495026', 'name': 'Ufficio Postale Nurallao', 'opening_hours': 'Mo-Fr 08:20-13:35; Sa 08:20-12:35;PH off', 'operator': 'Poste Italiane', 'operator:wikidata': 'Q495026', 'ref': '13416'}",13624894934,node
39.7905555,9.0786963,"{'amenity': 'bank', 'brand': 'Banco di Sardegna', 'brand:wikidata': 'Q806205', 'name': 'Banco di Sardegna', 'operator': 'Banco di Sardegna', 'operator:wikidata': 'Q806205'}",13624894960,node
39.7408889,9.1103133,"{'amenity': 'school', 'isced:level': '1', 'name': 'Scuola Primaria Isili', 'ref': 'CAEE8AB011'}",13624905691,node
39.7788628,9.2147118,"{'amenity': 'bank', 'brand': 'Banco di Sardegna', 'brand:wikidata': 'Q806205', 'name': 'Banco di Sardegna', 'operator': 'Banco di Sardegna', 'operator:wikidata': 'Q806205'}",13624995613,node
39.778884,9.2139392,"{'amenity': 'school', 'isced:level': '2', 'name': 'Scuola Secondaria di primo grado Villanova Tulo', 'ref': 'CAMM8AC05X'}",13624995681,node
39.7788603,9.2136334,"{'amenity': 'school', 'isced:level': '1', 'name': 'Scuola Primaria Villanova Tulo', 'ref': 'CAEE8AC073'}",13624995682,node
39.7818966,9.2128341,"{'amenity': 'post_office', 'brand': 'Poste Italiane', 'brand:wikidata': 'Q495026', 'name': 'Ufficio Postale Villanova Tulo', 'operator': 'Poste Italiane', 'operator:wikidata': 'Q495026', 'ref': '13422'}",13625023620,node
39.7821733,9.2135322,"{'amenity': 'pharmacy', 'dispensing': 'yes', 'healthcare': 'pharmacy', 'name': 'Farmacia Porruvecchio', 'ref:msal': '15983', 'ref:vatin': 'IT02335120925', 'source': 'Ministero della Salute'}",13625023627,node
39.6899947,9.2505003,"{'amenity': 'bank', 'brand': 'Banco di Sardegna', 'brand:wikidata': 'Q806205', 'name': 'Banco di Sardegna', 'operator': 'Banco di Sardegna', 'operator:wikidata': 'Q806205'}",13626310758,node
39.6934319,9.2497021,"{'amenity': 'post_office', 'brand': 'Poste Italiane', 'brand:wikidata': 'Q495026', 'name': 'Ufficio Postale di Orroli', 'operator': 'Poste Italiane', 'operator:wikidata': 'Q495026', 'ref': '13418'}",13626327332,node
39.6935407,9.2483366,"{'amenity': 'pharmacy', 'dispensing': 'yes', 'healthcare': 'pharmacy', 'name': 'Farmacia Orgiana', 'ref:msal': '15978', 'ref:vatin': 'IT00744550914', 'source': 'Ministero della Salute'}",13626327538,node
39.6969719,9.246824,"{'amenity': 'school', 'isced:level': '2', 'name': 'Scuola Secondaria di primo grado Orroli', 'ref': 'CAMM8AC03T'}",13626327731,node
39.6972244,9.2469888,"{'amenity': 'school', 'isced:level': '1', 'name': 'Scuola Primaria Orroli', 'ref': 'CAEE8AC062'}",13626327732,node
39.7143717,9.2290118,"{'amenity': 'pharmacy', 'dispensing': 'yes', 'healthcare': 'pharmacy', 'name': 'Farmacia Pisano', 'ref:msal': '15985', 'ref:vatin': 'IT01062760911', 'source': 'Ministero della Salute'}",13626582555,node
39.7154443,9.2304033,"{'amenity': 'post_office', 'brand': 'Poste Italiane', 'brand:wikidata': 'Q495026', 'name': 'Ufficio Postale di Nurri', 'operator': 'Poste Italiane', 'operator:wikidata': 'Q495026', 'ref': '13417'}",13626582556,node
39.7140376,9.230535,"{'amenity': 'school', 'isced:level': '2', 'name': 'Scuola Secondaria di primo grado Nurri', 'ref': 'CAMM8AC01Q'}",13626582589,node
39.7140424,9.2303871,"{'amenity': 'school', 'isced:level': '1', 'name': 'Scuola Primaria Nurri', 'ref': 'CAEE8AC01R'}",13626582590,node
39.7107546,9.2285086,"{'amenity': 'bank', 'brand': 'Banco di Sardegna', 'brand:wikidata': 'Q806205', 'name': 'Banco di Sardegna', 'operator': 'Banco di Sardegna', 'operator:wikidata': 'Q806205'}",13626582685,node
39.6246534,9.3539346,"{'amenity': 'bank', 'brand': 'Banco di Sardegna', 'brand:wikidata': 'Q806205', 'name': 'Banco di Sardegna', 'operator': 'Banco di Sardegna', 'operator:wikidata': 'Q806205'}",13627157129,node
39.6271306,9.3557532,"{'amenity': 'post_office', 'brand': 'Poste Italiane', 'brand:wikidata': 'Q495026', 'name': 'Ufficio Postale di Escalaplano', 'operator': 'Poste Italiane', 'operator:wikidata': 'Q495026', 'ref': '13410'}",13627157133,node
39.6276425,9.3558895,"{'amenity': 'pharmacy', 'dispensing': 'yes', 'healthcare': 'pharmacy', 'name': 'Farmacia Frongia', 'ref:msal': '15972', 'ref:vatin': 'IT00537750911', 'source': 'Ministero della Salute'}",13627167018,node
39.626465,9.3551799,"{'amenity': 'school', 'isced:level': '2', 'name': 'Scuola Secondaria di Primo Grado Escalaplano', 'ref': 'CAMM885126'}",13627167079,node
39.6261394,9.3551554,"{'amenity': 'school', 'isced:level': '1', 'name': 'Scuola Primaria Escalaplano', 'ref': 'CAEE885149'}",13627167080,node
39.5988057,9.1859399,"{'amenity': 'pharmacy', 'dispensing': 'yes', 'healthcare': 'pharmacy', 'name': 'Farmacia Arthemalle', 'ref:msal': '16466', 'ref:vatin': 'IT03861360927', 'source': 'Ministero della Salute'}",13634102923,node
39.5958378,9.1841162,"{'amenity': 'bank', 'brand': 'Banco di Sardegna', 'brand:wikidata': 'Q806205', 'name': 'Banco di Sardegna', 'operator': 'Banco di Sardegna', 'operator:wikidata': 'Q806205'}",13634103038,node
39.5218388,9.3797964,"{'amenity': 'post_office', 'brand': 'Poste Italiane', 'brand:wikidata': 'Q495026', 'name': 'Ufficio Postale di Armungia', 'operator': 'Poste Italiane', 'operator:wikidata': 'Q495026', 'ref': '13347'}",13634249009,node
39.5210337,9.3787611,"{'amenity': 'pharmacy', 'dispensing': 'yes', 'healthcare': 'pharmacy', 'name': 'Farmacia Armungia', 'ref:msal': '17903', 'ref:vatin': 'IT03939280925', 'source': 'Ministero della Salute'}",13634249019,node
39.6988869,9.1007384,"{'amenity': 'post_office', 'brand': 'Poste Italiane', 'brand:wikidata': 'Q495026', 'name': 'Ufficio Postale di Gergei', 'operator': 'Poste Italiane', 'operator:wikidata': 'Q495026', 'ref': '13413'}",13640529175,node
39.6994635,9.0984049,"{'amenity': 'pharmacy', 'dispensing': 'yes', 'healthcare': 'pharmacy', 'name': 'Farmacia Olianas', 'ref:msal': '15973', 'ref:vatin': 'IT00024540916', 'source': 'Ministero della Salute'}",13640529179,node
39.6970914,9.0957992,"{'amenity': 'school', 'isced:level': '2', 'name': 'Scuola Secondaria di Primo Grado Gergei', 'ref': 'CAMM8AB043'}",13640529248,node
39.697052,9.0954657,"{'amenity': 'school', 'isced:level': '1', 'name': 'Scuola Primaria Gergei', 'ref': 'CAEE8AB022'}",13640529250,node
39.6989421,9.126766,"{'amenity': 'pharmacy', 'dispensing': 'yes', 'healthcare': 'pharmacy', 'name': 'Farmacia Minnei', 'ref:msal': '15981', 'ref:vatin': 'IT02055940924', 'source': 'Ministero della Salute'}",13640806057,node
39.6987759,9.1195136,"{'amenity': 'post_office', 'brand': 'Poste Italiane', 'brand:wikidata': 'Q495026', 'name': 'Ufficio Postale di Escolca', 'operator': 'Poste Italiane', 'operator:wikidata': 'Q495026', 'ref': '13411'}",13640806064,node
39.7781636,9.0376483,"{'amenity': 'post_office', 'brand': 'Poste Italiane', 'brand:wikidata': 'Q495026', 'name': 'Ufficio Postale di Nuragus', 'operator': 'Poste Italiane', 'operator:wikidata': 'Q495026', 'ref': '13415'}",13641297666,node
39.7782809,9.0356885,"{'amenity': 'pharmacy', 'dispensing': 'yes', 'healthcare': 'pharmacy', 'name': 'Farmacia Caddeo', 'ref:msal': '15974', 'ref:vatin': 'IT01651820910', 'source': 'Ministero della Salute'}",13641311509,node
39.7767021,9.0363359,"{'amenity': 'bank', 'brand': 'Banco di Sardegna', 'brand:wikidata': 'Q806205', 'name': 'Banco di Sardegna', 'operator': 'Banco di Sardegna', 'operator:wikidata': 'Q806205'}",13641311514,node
39.7773852,9.0388199,"{'amenity': 'school', 'isced:level': '1', 'name': 'Scuola Primaria di Nuragus', 'ref': 'CAEE8AB044'}",13641311515,node
39.5606299,9.0439314,"{'amenity': 'pharmacy', 'dispensing': 'yes', 'healthcare': 'pharmacy', 'name': 'Farmacia Edwige Ancona', 'ref:msal': '16168', 'ref:vatin': 'IT04110440924', 'source': 'Ministero della Salute'}",13644516175,node
39.5609338,9.0450968,"{'amenity': 'bank', 'brand': 'Banco di Sardegna', 'brand:wikidata': 'Q806205', 'name': 'Banco di Sardegna', 'operator': 'Banco di Sardegna', 'operator:wikidata': 'Q806205'}",13644516176,node
39.5604882,9.0437959,"{'amenity': 'bank', 'brand': 'Banco di Sardegna', 'brand:wikidata': 'Q806205', 'name': 'Banco di Sardegna', 'operator': 'Banco di Sardegna', 'operator:wikidata': 'Q806205'}",13644516177,node
39.5688382,9.0733637,"{'amenity': 'pharmacy', 'dispensing': 'yes', 'healthcare': 'pharmacy', 'name': 'Farmacia Zizi', 'ref:msal': '16184', 'ref:vatin': 'IT02469590927', 'source': 'Ministero della Salute'}",13645440634,node
39.5694411,9.0728897,"{'amenity': 'post_office', 'brand': 'Poste Italiane', 'brand:wikidata': 'Q495026', 'name': 'Ufficio Postale di Guamaggiore', 'operator': 'Poste Italiane', 'operator:wikidata': 'Q495026', 'ref': '13232'}",13645440638,node
39.5668777,9.1025679,"{'amenity': 'pharmacy', 'dispensing': 'yes', 'healthcare': 'pharmacy', 'name': 'Farmacia Sanna', 'ref:msal': '16189', 'ref:vatin': 'IT03783890928', 'source': 'Ministero della Salute'}",13647095262,node
39.5692391,9.1047065,"{'amenity': 'post_office', 'brand': 'Poste Italiane', 'brand:wikidata': 'Q495026', 'name': 'Ufficio Postale di Selegas', 'operator': 'Poste Italiane', 'operator:wikidata': 'Q495026', 'ref': '13212'}",13647095263,node
39.5677326,9.0986551,"{'amenity': 'school', 'isced:level': '1', 'name': 'Scuola Primaria di Selegas', 'ref': 'CAEE82804N'}",13647114542,node
39.5677812,9.0984714,"{'amenity': 'school', 'isced:level': '2', 'name': 'Scuola Secondaria di Primo Grado di Selegas', 'ref': 'CAMM82804L'}",13647114543,node
39.5331772,9.1311613,"{'amenity': 'pharmacy', 'dispensing': 'no', 'name': 'Parafarmacia Deplano', 'ref:vatin': 'IT03091060925'}",13647794489,node
39.5323742,9.1301929,"{'amenity': 'bank', 'brand': 'Banco di Sardegna', 'brand:wikidata': 'Q806205', 'name': 'Banco di Sardegna', 'operator': 'Banco di Sardegna', 'operator:wikidata': 'Q806205'}",13647833512,node
39.533693,9.1290615,"{'amenity': 'bank', 'brand': 'Intesa Sanpaolo', 'brand:wikidata': 'Q1343118', 'name': 'Intesa Sanpaolo'}",13647833549,node
39.5345611,9.1288523,"{'amenity': 'post_office', 'brand': 'Poste Italiane', 'brand:wikidata': 'Q495026', 'name': 'Ufficio Postale di Senorbì', 'operator': 'Poste Italiane', 'operator:wikidata': 'Q495026', 'ref': '13139'}",13647833561,node
39.5297131,9.1317124,"{'amenity': 'bank', 'brand': 'UniCredit Bank', 'brand:wikidata': 'Q45568', 'name': 'UniCredit Bank'}",13647833588,node
39.5627295,9.1312192,"{'amenity': 'post_office', 'brand': 'Poste Italiane', 'brand:wikidata': 'Q495026', 'name': 'Ufficio Postale di Suelli', 'opening_hours': 'Mo-Fr 08:20-13:35; Sa 08:20-12:35;PH off', 'operator': 'Poste Italiane', 'operator:wikidata': 'Q495026', 'ref': '13159'}",13649044234,node
39.5606662,9.1311912,"{'amenity': 'pharmacy', 'dispensing': 'yes', 'healthcare': 'pharmacy', 'name': 'Farmacia Loddo', 'ref:msal': '16186', 'ref:vatin': 'IT03933790929', 'source': 'Ministero della Salute'}",13649044240,node
39.5392126,9.0851187,"{'amenity': 'post_office', 'brand': 'Poste Italiane', 'brand:wikidata': 'Q495026', 'name': 'Ufficio Postale di Ortacesus', 'opening_hours': 'Mo-Fr 08:20-13:35; Sa 08:20-12:35;PH off', 'operator': 'Poste Italiane', 'operator:wikidata': 'Q495026', 'ref': '13103'}",13649297147,node
39.5396367,9.0862313,"{'amenity': 'pharmacy', 'dispensing': 'yes', 'healthcare': 'pharmacy', 'name': 'Farmacia Meloni', 'ref:msal': '16187', 'ref:vatin': 'IT03985310923', 'source': 'Ministero della Salute'}",13649297148,node
39.8973996,8.5852628,"{'addr:housenumber': '3', 'addr:postcode': '09170', 'addr:street': 'Viale Fondazione Rockefeller', 'amenity': 'pharmacy', 'check_date': '2026-03-15', 'check_date:opening_hours': '2026-03-15', 'healthcare': 'pharmacy', 'name': 'Farmacia territoriale di Oristano', 'opening_hours': 'Tu 08:30-13:00; Th 08:30-13:00, 15:00-17:00', 'phone': '+39 078 332 0019', 'website': 'http://www.asloristano.it'}",13649510701,node
39.5381725,9.2004452,"{'amenity': 'pharmacy', 'dispensing': 'yes', 'healthcare': 'pharmacy', 'name': 'Farmacia Altea', 'ref:msal': '16171', 'ref:vatin': 'IT03703620926', 'source': 'Ministero della Salute'}",13649529139,node
39.5390446,9.1967644,"{'amenity': 'post_office', 'brand': 'Poste Italiane', 'brand:wikidata': 'Q495026', 'name': 'Ufficio Postale di San Basilio', 'opening_hours': 'Mo-Fr 08:20-13:35; Sa 08:20-12:35;PH off', 'operator': 'Poste Italiane', 'operator:wikidata': 'Q495026', 'ref': '13205'}",13649529141,node
39.5384791,9.1966665,"{'amenity': 'bank', 'brand': 'Banco di Sardegna', 'brand:wikidata': 'Q806205', 'name': 'Banco di Sardegna', 'operator': 'Banco di Sardegna', 'operator:wikidata': 'Q806205'}",13649568717,node
39.57913,9.2880077,"{'amenity': 'pharmacy', 'dispensing': 'yes', 'healthcare': 'pharmacy', 'name': 'Farmacia Tramatzu', 'ref:msal': '17902', 'ref:vatin': 'IT03094110925', 'source': 'Ministero della Salute'}",13649881442,node
39.5780278,9.2868669,"{'amenity': 'post_office', 'brand': 'Poste Italiane', 'brand:wikidata': 'Q495026', 'name': 'Ufficio Postale di Goni', 'opening_hours': 'Mo-Fr 08:20-13:35; Sa 08:20-12:35;PH off', 'operator': 'Poste Italiane', 'operator:wikidata': 'Q495026', 'ref': '13352'}",13649881445,node
39.5506321,9.3619756,"{'amenity': 'pharmacy', 'dispensing': 'yes', 'healthcare': 'pharmacy', 'name': 'Farmacia Cardia', 'ref:msal': '16319', 'ref:vatin': 'IT03642000925', 'source': 'Ministero della Salute'}",13650210287,node
39.5494812,9.3613225,"{'amenity': 'bank', 'brand': 'Banco di Sardegna', 'brand:wikidata': 'Q806205', 'name': 'Banco di Sardegna', 'operator': 'Banco di Sardegna', 'operator:wikidata': 'Q806205'}",13650221980,node
39.5175587,9.2964726,"{'amenity': 'school', 'isced:level': '2', 'name': 'Scuola Secondaria di Primo Grado di Silius', 'ref': 'CAMM88503Q'}",13660682070,node
39.5175564,9.2962266,"{'amenity': 'school', 'isced:level': '1', 'name': 'Scuola Primaria di Silius', 'ref': 'CAEE88504T'}",13660682071,node
39.5185714,9.2947712,"{'amenity': 'post_office', 'brand': 'Poste Italiane', 'brand:wikidata': 'Q495026', 'name': 'Ufficio Postale di Silius', 'opening_hours': 'Mo-Fr 08:20-13:35; Sa 08:20-12:35;PH off', 'operator': 'Poste Italiane', 'operator:wikidata': 'Q495026', 'ref': '13231'}",13660722339,node
39.5186642,9.2951533,"{'amenity': 'pharmacy', 'dispensing': 'yes', 'healthcare': 'pharmacy', 'name': 'Farmacia Cardia', 'ref:msal': '16318', 'ref:vatin': 'IT03642000925', 'source': 'Ministero della Salute'}",13660722340,node
39.4960229,9.3015669,"{'amenity': 'pharmacy', 'dispensing': 'yes', 'healthcare': 'pharmacy', 'name': 'Farmacia San Michele Arcangelo', 'ref:msal': '16328', 'ref:vatin': 'IT04042760928', 'source': 'Ministero della Salute'}",13662218821,node
39.497783,9.307438,"{'amenity': 'post_office', 'brand': 'Poste Italiane', 'brand:wikidata': 'Q495026', 'name': 'Ufficio Postale di San Nicolò Gerrei', 'opening_hours': 'Mo-Fr 08:20-13:35; Sa 08:20-12:35;PH off', 'operator': 'Poste Italiane', 'operator:wikidata': 'Q495026', 'ref': '13122'}",13662218823,node
39.4978086,9.3073224,"{'amenity': 'bank', 'brand': 'Banco di Sardegna', 'brand:wikidata': 'Q806205', 'name': 'Banco di Sardegna', 'operator': 'Banco di Sardegna', 'operator:wikidata': 'Q806205'}",13662218825,node
39.4926754,9.3934432,"{'amenity': 'post_office', 'brand': 'Poste Italiane', 'brand:wikidata': 'Q495026', 'name': 'Ufficio Postale di Villasalto', 'opening_hours': 'Mo-Fr 08:20-13:35; Sa 08:20-12:35;PH off', 'operator': 'Poste Italiane', 'operator:wikidata': 'Q495026', 'ref': '13188'}",13664458224,node
39.4927095,9.3933537,"{'amenity': 'bank', 'brand': 'Banco di Sardegna', 'brand:wikidata': 'Q806205', 'name': 'Banco di Sardegna', 'operator': 'Banco di Sardegna', 'operator:wikidata': 'Q806205'}",13664458300,node
39.4932214,9.3939449,"{'amenity': 'pharmacy', 'dispensing': 'yes', 'healthcare': 'pharmacy', 'name': 'Farmacia Mura', 'ref:msal': '16320', 'ref:vatin': 'IT01016630921', 'source': 'Ministero della Salute'}",13664458401,node
39.1458404,8.3073297,"{'addr:city': 'Carloforte', 'addr:housenumber': '5', 'addr:postcode': '09014', 'addr:street': 'Via Giuseppe Garibaldi', 'amenity': 'pharmacy', 'dispensing': 'yes', 'healthcare': 'pharmacy', 'name': ""Farmacia D'Atri"", 'phone': '+39 0781 854006', 'ref:msal': '16210', 'ref:vatin': 'IT03799400928', 'source': 'Ministero della Salute'}",13665067309,node
39.4207445,9.5767555,"{'amenity': 'bank', 'brand': 'Banco di Sardegna', 'brand:wikidata': 'Q806205', 'name': 'Banco di Sardegna', 'operator': 'Banco di Sardegna', 'operator:wikidata': 'Q806205'}",13665189081,node
39.4205764,9.5807697,"{'amenity': 'bank', 'brand': 'BNL', 'brand:wikidata': 'Q2201225', 'name': 'BNL', 'official_name': 'Banca Nazionale del Lavoro'}",13665189082,node
39.2514418,9.5718114,"{'amenity': 'pharmacy', 'dispensing': 'yes', 'healthcare': 'pharmacy', 'name': 'Farmacia Costa Rei', 'ref:msal': '21001', 'ref:vatin': 'IT10123641218', 'source': 'Ministero della Salute'}",13665189083,node
39.4392732,9.5738375,"{'amenity': 'pharmacy', 'dispensing': 'yes', 'healthcare': 'pharmacy', 'name': 'Farmacia Dottoressa Melis Romina', 'ref:msal': '16314', 'ref:vatin': 'IT03414300925', 'source': 'Ministero della Salute'}",13667445791,node
39.4431952,9.5416973,"{'amenity': 'bank', 'brand': 'Banco di Sardegna', 'brand:wikidata': 'Q806205', 'name': 'Banco di Sardegna', 'operator': 'Banco di Sardegna', 'operator:wikidata': 'Q806205'}",13669575493,node
39.4388632,9.5422937,"{'amenity': 'post_office', 'brand': 'Poste Italiane', 'brand:wikidata': 'Q495026', 'name': 'Ufficio Postale di San Vito', 'opening_hours': 'Mo-Fr 08:20-13:35; Sa 08:20-12:35;PH off', 'operator': 'Poste Italiane', 'operator:wikidata': 'Q495026', 'ref': '13129'}",13669867697,node
39.2790035,9.529383,"{'amenity': 'pharmacy', 'dispensing': 'yes', 'healthcare': 'pharmacy', 'name': 'Farmacia San Giovanni', 'ref:msal': '16334', 'ref:vatin': 'IT04004270924', 'source': 'Ministero della Salute'}",13672745363,node
39.2791831,9.5289794,"{'amenity': 'bank', 'brand': 'Banco di Sardegna', 'brand:wikidata': 'Q806205', 'name': 'Banco di Sardegna', 'operator': 'Banco di Sardegna', 'operator:wikidata': 'Q806205'}",13672745364,node
39.3461584,9.3623659,"{'amenity': 'school', 'isced:level': '1', 'name': 'Scuola Primaria di Burcei', 'ref': 'CAEE80703G'}",13674981599,node
39.4821333,9.0381593,"{'amenity': 'post_office', 'brand': 'Poste Italiane', 'brand:wikidata': 'Q495026', 'name': 'Ufficio Postale di Samatzai', 'opening_hours': 'Mo-Fr 08:20-13:35; Sa 08:20-12:35;PH off', 'operator': 'Poste Italiane', 'operator:wikidata': 'Q495026', 'ref': '13194'}",13677389958,node
39.4809915,9.0336565,"{'amenity': 'pharmacy', 'dispensing': 'yes', 'healthcare': 'pharmacy', 'name': 'Farmacia Licheri', 'ref:msal': '16167', 'ref:vatin': 'IT03916790920', 'source': 'Ministero della Salute'}",13677389965,node
39.4848559,9.0663823,"{'amenity': 'post_office', 'brand': 'Poste Italiane', 'brand:wikidata': 'Q495026', 'name': 'Ufficio Postale di Pimentel', 'opening_hours': 'Mo-Fr 08:20-13:35; Sa 08:20-12:35;PH off', 'operator': 'Poste Italiane', 'operator:wikidata': 'Q495026', 'ref': '13221'}",13677526325,node
39.4878202,9.0637509,"{'amenity': 'pharmacy', 'dispensing': 'yes', 'healthcare': 'pharmacy', 'name': 'Farmacia Fasciolo', 'ref:msal': '16188', 'ref:vatin': 'IT02471000923', 'source': 'Ministero della Salute'}",13677526326,node
39.48512,9.063311,"{'amenity': 'school', 'fee': 'no', 'isced:level': '1', 'name': 'Scuola Primaria di Pimentel', 'ref': 'CAEE82805P'}",13677526379,node
39.4853245,9.0631123,"{'amenity': 'school', 'fee': 'no', 'isced:level': '2', 'name': 'Scuola Secondaria di Primo Grado di Pimentel', 'ref': 'CAMM82805N'}",13677526380,node
39.4768561,9.1011403,"{'amenity': 'post_office', 'brand': 'Poste Italiane', 'brand:wikidata': 'Q495026', 'name': 'Ufficio Postale di Barrali', 'opening_hours': 'Mo-Fr 08:20-13:35; Sa 08:20-12:35;PH off', 'operator': 'Poste Italiane', 'operator:wikidata': 'Q495026', 'ref': '13015'}",13679890991,node
39.4325594,9.1249479,"{'amenity': 'pharmacy', 'dispensing': 'yes', 'healthcare': 'pharmacy', 'name': 'Farmacia Mura', 'ref:msal': '16329', 'ref:vatin': 'IT02339620920', 'source': 'Ministero della Salute'}",13681267300,node
39.4328864,9.1263408,"{'amenity': 'bank', 'brand': 'Banco di Sardegna', 'brand:wikidata': 'Q806205', 'name': 'Banco di Sardegna', 'operator': 'Banco di Sardegna', 'operator:wikidata': 'Q806205'}",13681315312,node
39.4328354,9.1265045,"{'amenity': 'post_office', 'brand': 'Poste Italiane', 'brand:wikidata': 'Q495026', 'name': 'Ufficio Postale di Donori', 'opening_hours': 'Mo-Fr 08:20-13:35; Sa 08:20-12:35;PH off', 'operator': 'Poste Italiane', 'operator:wikidata': 'Q495026', 'ref': '13045'}",13681315313,node
39.4777283,9.1711525,"{'amenity': 'bank', 'brand': 'Banco di Sardegna', 'brand:wikidata': 'Q806205', 'name': 'Banco di Sardegna', 'operator': 'Banco di Sardegna', 'operator:wikidata': 'Q806205'}",13681594678,node
39.4783205,9.168108,"{'amenity': 'post_office', 'brand': 'Poste Italiane', 'brand:wikidata': 'Q495026', 'name': ""Ufficio Postale di Sant'Andrea Frius"", 'opening_hours': 'Mo-Fr 08:20-13:35; Sa 08:20-12:35;PH off', 'operator': 'Poste Italiane', 'operator:wikidata': 'Q495026', 'ref': '13125'}",13681594679,node
39.4780037,9.1692406,"{'amenity': 'pharmacy', 'dispensing': 'yes', 'healthcare': 'pharmacy', 'name': 'Farmacia Licheri', 'ref:msal': '16182', 'ref:vatin': 'IT01251510929', 'source': 'Ministero della Salute'}",13681617991,node
39.3788403,9.1758979,"{'amenity': 'post_office', 'brand': 'Poste Italiane', 'brand:wikidata': 'Q495026', 'name': 'Ufficio Postale di Dolianova', 'opening_hours': 'Mo-Fr 08:20-13:35; Sa 08:20-12:35;PH off', 'operator': 'Poste Italiane', 'operator:wikidata': 'Q495026', 'ref': '13041'}",13682303501,node
39.3801908,9.1761978,"{'amenity': 'bank', 'brand': 'UniCredit Bank', 'brand:wikidata': 'Q45568', 'name': 'UniCredit Bank'}",13682833191,node
39.3772934,9.1766497,"{'amenity': 'bank', 'brand': 'Banco di Sardegna', 'brand:wikidata': 'Q806205', 'name': 'Banco di Sardegna', 'operator': 'Banco di Sardegna', 'operator:wikidata': 'Q806205'}",13682833192,node
39.380305,9.175778,"{'amenity': 'pharmacy', 'dispensing': 'no', 'name': 'Parafarmacia Santa Vitalia'}",13682833193,node
39.3799343,9.1762195,"{'amenity': 'pharmacy', 'dispensing': 'yes', 'healthcare': 'pharmacy', 'name': 'Farmacia Santona', 'ref:msal': '21101', 'ref:vatin': 'IT00658310958', 'source': 'Ministero della Salute'}",13682833195,node
39.3775488,9.1757744,"{'amenity': 'pharmacy', 'dispensing': 'yes', 'healthcare': 'pharmacy', 'name': 'Farmacia Mameli Roux', 'ref:msal': '16323', 'ref:vatin': 'IT03799400928', 'source': 'Ministero della Salute'}",13682833196,node
39.3760247,9.1768939,"{'amenity': 'pharmacy', 'dispensing': 'yes', 'healthcare': 'pharmacy', 'name': ""Farmacia D'Atri"", 'ref:msal': '16333', 'ref:vatin': 'IT03799400928', 'source': 'Ministero della Salute'}",13682833198,node
39.3018309,9.2039486,"{'amenity': 'bank', 'brand': 'Banco di Sardegna', 'brand:wikidata': 'Q806205', 'name': 'Banco di Sardegna', 'operator': 'Banco di Sardegna', 'operator:wikidata': 'Q806205'}",13686094758,node
39.2978856,9.2053349,"{'amenity': 'bank', 'brand': 'Intesa Sanpaolo', 'brand:wikidata': 'Q1343118', 'name': 'Intesa Sanpaolo'}",13686094759,node
39.2966279,9.2025119,"{'amenity': 'school', 'fee': 'no', 'isced:level': '1', 'name': 'Scuola Primaria Via Perra', 'ref': 'CAEE89005A'}",13686094835,node
39.3034156,9.2036998,"{'amenity': 'school', 'fee': 'no', 'isced:level': '1', 'name': 'Scuola Primaria Luigi Amat', 'ref': 'CAEE890016'}",13686094862,node
39.304126,9.2051583,"{'amenity': 'pharmacy', 'dispensing': 'yes', 'healthcare': 'pharmacy', 'name': 'Farmacia Pinna Spada', 'ref:msal': '16317', 'ref:vatin': 'IT03820610925', 'source': 'Ministero della Salute'}",13686284778,node
39.2992375,9.2039788,"{'amenity': 'pharmacy', 'dispensing': 'yes', 'healthcare': 'pharmacy', 'name': 'Farmacia Pedrazzini', 'ref:msal': '16316', 'ref:vatin': 'IT04181780927', 'source': 'Ministero della Salute'}",13686284779,node
39.3732386,9.156941,"{'amenity': 'bank', 'brand': 'Banco di Sardegna', 'brand:wikidata': 'Q806205', 'name': 'Banco di Sardegna', 'operator': 'Banco di Sardegna', 'operator:wikidata': 'Q806205'}",13686942655,node
39.3805847,9.0429068,"{'amenity': 'school', 'fee': 'no', 'isced:level': '1', 'name': 'Scuola Primaria di Monastir', 'ref': 'CAEE87201L'}",13688635349,node
39.3807848,9.0426935,"{'amenity': 'school', 'fee': 'no', 'isced:level': '2', 'name': 'Scuola Secondaria di Primo Grado Antonio Gramsci', 'ref': 'CAMM87201G'}",13688635350,node
39.381039,9.0458184,"{'amenity': 'pharmacy', 'dispensing': 'yes', 'healthcare': 'pharmacy', 'name': 'Farmacia Sitzia', 'ref:msal': '16284', 'ref:vatin': 'IT00204970925', 'source': 'Ministero della Salute'}",13688669014,node
39.3925573,9.0730441,"{'amenity': 'school', 'fee': 'no', 'isced:level': '2', 'name': 'Scuola Secondaria di Primo Grado di Ussana', 'ref': 'CAMM87202L'}",13695389818,node
39.3926621,9.0737219,"{'amenity': 'school', 'fee': 'no', 'isced:level': '1', 'name': 'Scuola Primaria di Ussana', 'ref': 'CAEE87202N'}",13695389820,node
39.3940158,9.0736556,"{'amenity': 'pharmacy', 'dispensing': 'no', 'name': 'Parafarmacia Costa Rei'}",13695614834,node
39.3927868,9.0783053,"{'amenity': 'bank', 'brand': 'Banco di Sardegna', 'brand:wikidata': 'Q806205', 'name': 'Banco di Sardegna', 'operator': 'Banco di Sardegna', 'operator:wikidata': 'Q806205'}",13695614849,node
39.3952719,9.0759067,"{'amenity': 'pharmacy', 'dispensing': 'yes', 'healthcare': 'pharmacy', 'name': 'Farmacia Mameli', 'ref:msal': '16288', 'ref:vatin': 'IT03073370920', 'source': 'Ministero della Salute'}",13695614850,node
39.3932403,9.0749392,"{'amenity': 'post_office', 'brand': 'Poste Italiane', 'brand:wikidata': 'Q495026', 'name': 'Ufficio Postale di Ussana', 'opening_hours': 'Mo-Fr 08:20-13:35; Sa 08:20-12:35;PH off', 'operator': 'Poste Italiane', 'operator:wikidata': 'Q495026', 'ref': '13178'}",13695614887,node
39.2935466,9.1894669,"{'amenity': 'pharmacy', 'dispensing': 'no', 'name': 'Parafarmacia San Biagio'}",13699204246,node
39.2929146,9.182112,"{'amenity': 'pharmacy', 'dispensing': 'yes', 'healthcare': 'pharmacy', 'name': 'Farmacia San Pietro', 'ref:msal': '20145', 'ref:vatin': 'IT03789840927', 'source': 'Ministero della Salute'}",13699204247,node
39.2885701,9.1880191,"{'amenity': 'bank', 'brand': 'Banco di Sardegna', 'brand:wikidata': 'Q806205', 'name': 'Banco di Sardegna', 'operator': 'Banco di Sardegna', 'operator:wikidata': 'Q806205'}",13702051585,node
39.2861059,9.2246208,"{'amenity': 'pharmacy', 'dispensing': 'no', 'name': 'Parafarmacia CosmoPharm'}",13703517620,node
39.1424284,9.5208377,"{'amenity': 'bank', 'brand': 'Banco di Sardegna', 'brand:wikidata': 'Q806205', 'name': 'Banco di Sardegna', 'operator': 'Banco di Sardegna', 'operator:wikidata': 'Q806205'}",13704899397,node
39.1483177,9.5198524,"{'amenity': 'school', 'fee': 'no', 'isced:level': '2', 'name': 'Scuola Secondaria di Primo Grado Villasimius', 'ref': 'CAEE833012'}",13704936594,node
39.1481172,9.5192652,"{'amenity': 'school', 'fee': 'no', 'isced:level': '1', 'name': 'Scuola Primaria Villasimius', 'ref': 'CAMM833011'}",13704936595,node
39.3831822,8.93886,"{'amenity': 'post_office', 'brand': 'Poste Italiane', 'brand:wikidata': 'Q495026', 'name': 'Ufficio Postale di Villasor', 'opening_hours': 'Mo-Fr 08:20-13:35; Sa 08:20-12:35;PH off', 'operator': 'Poste Italiane', 'operator:wikidata': 'Q495026', 'ref': '13190'}",13705731187,node
39.3811495,8.9427356,"{'amenity': 'pharmacy', 'dispensing': 'yes', 'healthcare': 'pharmacy', 'name': 'Farmacia Mambrini', 'ref:msal': '16183', 'ref:vatin': 'IT03233670920', 'source': 'Ministero della Salute'}",13705742559,node
39.3798635,8.9416812,"{'amenity': 'bank', 'brand': 'Banco di Sardegna', 'brand:wikidata': 'Q806205', 'name': 'Banco di Sardegna', 'operator': 'Banco di Sardegna', 'operator:wikidata': 'Q806205'}",13705742562,node
39.3829612,8.9491727,"{'amenity': 'school', 'fee': 'no', 'isced:level': '2', 'name': 'Scuola Secondaria di Primo Grado Ernesto Puxeddu', 'ref': 'CAMM840014'}",13705742641,node
39.3823689,8.9485439,"{'amenity': 'school', 'fee': 'no', 'isced:level': '1', 'name': 'Scuola Primaria Villasor', 'ref': 'CAEE840026'}",13705742642,node
39.2899034,8.955641,"{'amenity': 'pharmacy', 'dispensing': 'no', 'name': 'Parafarmacia Bensaid'}",13707378863,node
39.2902155,8.9597171,"{'amenity': 'pharmacy', 'dispensing': 'yes', 'healthcare': 'pharmacy', 'name': 'Farmacia Anedda', 'ref:msal': '18794', 'ref:vatin': 'IT04098320924', 'source': 'Ministero della Salute'}",13707378864,node
39.3130163,8.9260945,"{'amenity': 'post_office', 'brand': 'Poste Italiane', 'brand:wikidata': 'Q495026', 'name': 'Ufficio Postale di VIllaspeciosa', 'opening_hours': 'Mo-Fr 08:20-13:35; Sa 08:20-12:35;PH off', 'operator': 'Poste Italiane', 'operator:wikidata': 'Q495026', 'ref': '13301'}",13707965217,node
39.3116494,8.924957,"{'amenity': 'bank', 'brand': 'Banco di Sardegna', 'brand:wikidata': 'Q806205', 'name': 'Banco di Sardegna', 'operator': 'Banco di Sardegna', 'operator:wikidata': 'Q806205'}",13707965219,node
39.3110031,8.928955,"{'amenity': 'pharmacy', 'dispensing': 'yes', 'healthcare': 'pharmacy', 'name': 'Farmacia Massidda', 'ref:msal': '16249', 'ref:vatin': 'IT03276670928', 'source': 'Ministero della Salute'}",13707965298,node
39.3355304,8.917775,"{'amenity': 'pharmacy', 'dispensing': 'yes', 'healthcare': 'pharmacy', 'name': 'Farmacia Mambrini', 'ref:msal': '16232', 'ref:vatin': 'IT03233670920', 'source': 'Ministero della Salute'}",13708304167,node
39.3624469,8.798333,"{'amenity': 'post_office', 'brand': 'Poste Italiane', 'brand:wikidata': 'Q495026', 'name': 'Ufficio Postale di Vallermosa', 'opening_hours': 'Mo-Fr 08:20-13:35; Sa 08:20-12:35;PH off', 'operator': 'Poste Italiane', 'operator:wikidata': 'Q495026', 'ref': '13180'}",13708945567,node
39.3634393,8.7983738,"{'amenity': 'pharmacy', 'dispensing': 'yes', 'healthcare': 'pharmacy', 'name': 'Farmacia Master srl', 'ref:msal': '16151', 'ref:vatin': 'IT04008760920', 'source': 'Ministero della Salute'}",13708945568,node
39.3638777,8.7950153,"{'amenity': 'bank', 'brand': 'Banco di Sardegna', 'brand:wikidata': 'Q806205', 'name': 'Banco di Sardegna', 'operator': 'Banco di Sardegna', 'operator:wikidata': 'Q806205'}",13708945569,node
39.3000918,8.8068245,"{'amenity': 'bank', 'brand': 'Banco di Sardegna', 'brand:wikidata': 'Q806205', 'name': 'Banco di Sardegna', 'operator': 'Banco di Sardegna', 'operator:wikidata': 'Q806205'}",13710922705,node
39.3001309,8.8091645,"{'amenity': 'pharmacy', 'dispensing': 'yes', 'healthcare': 'pharmacy', 'name': 'Farmacia Cherchi', 'ref:msal': '16205', 'ref:vatin': 'IT00233780923', 'source': 'Ministero della Salute'}",13710922707,node
39.300102,8.8093413,"{'amenity': 'post_office', 'brand': 'Poste Italiane', 'brand:wikidata': 'Q495026', 'name': 'Ufficio Postale di Siliqua', 'opening_hours': 'Mo-Fr 08:20-13:35; Sa 08:20-12:35;PH off', 'operator': 'Poste Italiane', 'operator:wikidata': 'Q495026', 'ref': '13150'}",13710922788,node
39.0633321,9.011487,"{'amenity': 'bank', 'brand': 'Banco di Sardegna', 'brand:wikidata': 'Q806205', 'name': 'Banco di Sardegna', 'operator': 'Banco di Sardegna', 'operator:wikidata': 'Q806205'}",13711794534,node
38.9435518,8.864399,"{'amenity': 'bank', 'brand': 'Banco di Sardegna', 'brand:wikidata': 'Q806205', 'name': 'Banco di Sardegna', 'operator': 'Banco di Sardegna', 'operator:wikidata': 'Q806205'}",13716848043,node
38.9425233,8.8631832,"{'amenity': 'post_office', 'brand': 'Poste Italiane', 'brand:wikidata': 'Q495026', 'name': 'Ufficio Postale di Domus de Maria', 'opening_hours': 'Mo-Fr 08:20-13:35; Sa 08:20-12:35;PH off', 'operator': 'Poste Italiane', 'operator:wikidata': 'Q495026', 'ref': '13042'}",13716848048,node
38.9419956,8.8628272,"{'amenity': 'school', 'fee': 'no', 'isced:level': '2', 'name': 'Scuola Secondaria di Primo Grado Diomus de Maria', 'ref': 'CAMM845028'}",13716863207,node
38.9418531,8.8626731,"{'amenity': 'school', 'fee': 'no', 'isced:level': '1', 'name': 'Scuola Primaria Domus de Maria', 'ref': 'CAEE84504B'}",13716863209,node
38.96519,8.774575,"{'amenity': 'post_office', 'brand': 'Poste Italiane', 'brand:wikidata': 'Q495026', 'name': 'Ufficio Postale di Teulada', 'opening_hours': 'Mo-Fr 08:20-13:35; Sa 08:20-12:35;PH off', 'operator': 'Poste Italiane', 'operator:wikidata': 'Q495026', 'ref': '13165'}",13719121204,node
38.9657091,8.5955815,"{'amenity': 'pharmacy', 'dispensing': 'no', 'name': 'Parafarmacia Porti Pino'}",13722690270,node
39.0062118,8.6410079,"{'amenity': 'post_office', 'brand': 'Poste Italiane', 'brand:wikidata': 'Q495026', 'name': ""Ufficio Postale di Sant'Anna Arresi"", 'opening_hours': 'Mo-Fr 08:20-13:35; Sa 08:20-12:35;PH off', 'operator': 'Poste Italiane', 'operator:wikidata': 'Q495026', 'ref': '13234'}",13724823063,node
39.0043948,8.6439107,"{'amenity': 'school', 'fee': 'no', 'isced:level': '2', 'name': ""Scuola Secondaria di Primo Grado Sant'Anna Arresi"", 'ref': 'CAMM82103R'}",13724852533,node
39.0041686,8.643605,"{'amenity': 'school', 'fee': 'no', 'isced:level': '1', 'name': ""Scuola Primaria Sant'Anna Arresi"", 'ref': 'CAEE82102R'}",13724852534,node
39.0719128,8.6367499,"{'amenity': 'pharmacy', 'dispensing': 'yes', 'healthcare': 'pharmacy', 'name': 'Farmacia Comunale', 'ref:msal': '16214', 'ref:vatin': 'IT81001970920', 'source': 'Ministero della Salute'}",13727113312,node
39.0715838,8.6335628,"{'amenity': 'post_office', 'brand': 'Poste Italiane', 'brand:wikidata': 'Q495026', 'name': 'Ufficio Postale di GIba e Villarios', 'opening_hours': 'Mo-Fr 08:20-13:35; Sa 08:20-12:35;PH off', 'operator': 'Poste Italiane', 'operator:wikidata': 'Q495026', 'ref': '13193'}",13727113334,node
39.1106281,8.5204285,"{'amenity': 'school', 'fee': 'no', 'isced:level': '1', 'name': 'Scuola Primaria San Giovanni Suergiu', 'ref': 'CAEE824017'}",13734836620,node
39.1312497,8.4521033,"{'amenity': 'pharmacy', 'dispensing': 'yes', 'healthcare': 'pharmacy', 'name': 'Farmacia Garau', 'ref:msal': '18626', 'ref:vatin': 'IT03317380925', 'source': 'Ministero della Salute'}",13734836629,node
39.269132,8.4701921,"{'amenity': 'post_office', 'brand': 'Poste Italiane', 'brand:wikidata': 'Q495026', 'name': 'Ufficio Postale di Gonnesa', 'opening_hours': 'Mo-Fr 08:20-13:35; Sa 08:20-12:35;PH off', 'operator': 'Poste Italiane', 'operator:wikidata': 'Q495026', 'ref': '13060'}",13749983128,node
39.267796,8.4711134,"{'amenity': 'pharmacy', 'dispensing': 'yes', 'healthcare': 'pharmacy', 'name': 'Farmacia Diana', 'ref:msal': '20938', 'ref:vatin': 'IT03935420921', 'source': 'Ministero della Salute'}",13749983131,node
39.3986947,8.3993847,"{'amenity': 'school', 'fee': 'no', 'isced:level': '2', 'name': 'Scuola Secondaria di Primo Grado Guglielmo Marconi', 'ref': 'CAMM88703B'}",13752819948,node
39.3988227,8.3993506,"{'amenity': 'school', 'fee': 'no', 'isced:level': '1', 'name': 'Scuola Primaria di Buggerru', 'ref': 'CAEE88707L'}",13752819949,node
39.3216019,8.6520955,"{'amenity': 'school', 'fee': 'no', 'isced:level': '1', 'name': 'Scuola Primaria Via Cagliari', 'ref': 'CAEE875014'}",13762479943,node
39.3204143,8.6510389,"{'amenity': 'pharmacy', 'dispensing': 'yes', 'healthcare': 'pharmacy', 'name': ""Farmacia Dell'Apa"", 'ref:msal': '16193', 'ref:vatin': 'IT03708910926', 'source': 'Ministero della Salute'}",13771377430,node
39.3211184,8.6511902,"{'amenity': 'bank', 'brand': 'Banco di Sardegna', 'brand:wikidata': 'Q806205', 'name': 'Banco di Sardegna', 'operator': 'Banco di Sardegna', 'operator:wikidata': 'Q806205'}",13771377431,node
39.1613056,8.6111717,"{'amenity': 'school', 'fee': 'no', 'isced:level': '1', 'name': 'Scuola Primaria Perdaxius', 'ref': 'CAEE825079'}",13784704742,node
39.2758245,8.6413996,"{'amenity': 'pharmacy', 'dispensing': 'yes', 'healthcare': 'pharmacy', 'name': 'Farmacia Madonna del Pilar', 'ref:msal': '16191', 'ref:vatin': 'IT03418120923', 'source': 'Ministero della Salute'}",13786394710,node
39.2769053,8.6411038,"{'amenity': 'bank', 'brand': 'Banco di Sardegna', 'brand:wikidata': 'Q806205', 'name': 'Banco di Sardegna', 'operator': 'Banco di Sardegna', 'operator:wikidata': 'Q806205'}",13786394712,node
39.1686386,8.6770788,"{'amenity': 'school', 'fee': 'no', 'isced:level': '2', 'name': 'Scuola Secondaria di Primo Grado di Narcao', 'ref': 'CAMM825045'}",13786931883,node
39.1685146,8.6772271,"{'amenity': 'school', 'fee': 'no', 'isced:level': '1', 'name': 'Scuola Primaria di Narcao', 'ref': 'CAEE825057'}",13786931884,node
39.2035815,8.6256275,"{'amenity': 'pharmacy', 'dispensing': 'yes', 'healthcare': 'pharmacy', 'name': 'Farmacia Frongia', 'ref:msal': '17900', 'ref:vatin': 'IT03367540923', 'source': 'Ministero della Salute'}",13786931896,node
39.1675341,8.6765313,"{'amenity': 'pharmacy', 'dispensing': 'yes', 'healthcare': 'pharmacy', 'name': 'Farmacia Comunale', 'ref:msal': '16223', 'ref:vatin': 'IT81001970920', 'source': 'Ministero della Salute'}",13786931897,node
39.167731,8.6768265,"{'amenity': 'bank', 'brand': 'Banco di Sardegna', 'brand:wikidata': 'Q806205', 'name': 'Banco di Sardegna', 'operator': 'Banco di Sardegna', 'operator:wikidata': 'Q806205'}",13786936393,node
39.1684239,8.6790946,"{'amenity': 'post_office', 'brand': 'Poste Italiane', 'brand:wikidata': 'Q495026', 'name': 'Ufficio Postale di Narcao', 'opening_hours': 'Mo-Fr 08:20-13:35; Sa 08:20-12:35;PH off', 'operator': 'Poste Italiane', 'operator:wikidata': 'Q495026', 'ref': '13088'}",13786936418,node
39.1586491,8.7419374,"{'amenity': 'pharmacy', 'dispensing': 'yes', 'healthcare': 'pharmacy', 'name': 'Farmacia Devoto', 'ref:msal': '16216', 'ref:vatin': 'IT01194860928', 'source': 'Ministero della Salute'}",13787300153,node
39.1570617,8.7409584,"{'amenity': 'school', 'fee': 'no', 'isced:level': '2', 'name': 'Scuola Secondaria di Primo Grado Nuxis', 'ref': 'CAMM825023'}",13787318977,node
39.1569265,8.7407224,"{'amenity': 'school', 'fee': 'no', 'isced:level': '1', 'name': 'Scuola Primaria Nuxis', 'ref': 'CAEE825046'}",13787318978,node
39.09227,8.7134993,"{'amenity': 'school', 'fee': 'no', 'isced:level': '2', 'name': 'Scuola Secondaria di Primo Grado Santadi', 'ref': 'CAMM825012'}",13789518320,node
39.0925844,8.7130809,"{'amenity': 'school', 'fee': 'no', 'isced:level': '1', 'name': 'Scuola Primaria Santadi', 'ref': 'CAEE825013'}",13789518322,node
39.0932089,8.7144823,"{'amenity': 'bank', 'brand': 'Banco di Sardegna', 'brand:wikidata': 'Q806205', 'name': 'Banco di Sardegna', 'operator': 'Banco di Sardegna', 'operator:wikidata': 'Q806205'}",13789689741,node
39.1128289,8.6708023,"{'amenity': 'pharmacy', 'dispensing': 'yes', 'healthcare': 'pharmacy', 'name': 'Farmacia Trudu', 'ref:msal': '16219', 'ref:vatin': 'IT03984290928', 'source': 'Ministero della Salute'}",13808559255,node
39.111469,8.6702578,"{'amenity': 'post_office', 'brand': 'Poste Italiane', 'brand:wikidata': 'Q495026', 'name': 'Ufficio Postale Villaperuccio', 'opening_hours': 'Mo-Fr 08:20-13:35; Sa 08:20-12:35;PH off', 'operator': 'Poste Italiane', 'operator:wikidata': 'Q495026', 'ref': '13318'}",13808597113,node
39.0773381,8.6648802,"{'amenity': 'pharmacy', 'dispensing': 'yes', 'healthcare': 'pharmacy', 'name': 'Farmacia Scano', 'ref:msal': '16227', 'ref:vatin': 'IT02470510922', 'source': 'Ministero della Salute'}",13808890925,node
40.9369574,8.2256952,"{'amenity': 'bank', 'brand': 'Banco di Sardegna', 'brand:wikidata': 'Q806205', 'name': 'Banco di Sardegna', 'operator': 'Banco di Sardegna', 'operator:wikidata': 'Q806205'}",13810473351,node
40.9363311,8.2255534,"{'amenity': 'school', 'fee': 'no', 'isced:level': '2', 'name': 'Scuola Secondaria di Primo Grado Don Antonio Sanna', 'ref': 'SSMM842025'}",13810473352,node
40.9363785,8.2259471,"{'amenity': 'school', 'fee': 'no', 'isced:level': '1', 'name': 'Scuola Primaria di Stintino', 'ref': 'SSEE842037'}",13810473353,node
40.0085615,8.5984906,"{'amenity': 'school', 'fee': 'no', 'isced:level': '2', 'name': 'Scuola Secondaria di Primo Grado San Vero Milis', 'ref': 'ORMM81201X'}",13810950213,node
40.0090721,8.5987162,"{'amenity': 'school', 'fee': 'no', 'isced:level': '1', 'name': 'Scuola Primaria San Vero Milis-Zeddiani', 'ref': 'OREE812011'}",13810950215,node
40.0853531,8.7629242,"{'amenity': 'school', 'fee': 'no', 'isced:level': '1', 'name': 'Scuola Primaria Paulilatino', 'ref': 'OREE82207T'}",13811045513,node
40.0851886,8.7633777,"{'amenity': 'school', 'fee': 'no', 'isced:level': '2', 'name': 'Scuola secondaria di primo grado Paulilatino', 'ref': 'ORMM82207R'}",13811045514,node
40.0842551,8.7630943,"{'amenity': 'pharmacy', 'dispensing': 'yes', 'healthcare': 'pharmacy', 'name': 'Farmacia Santona', 'ref:msal': '16108', 'ref:vatin': 'IT00658310958', 'source': 'Ministero della Salute'}",13811045539,node
40.2632386,8.761071,"{'amenity': 'pharmacy', 'dispensing': 'yes', 'healthcare': 'pharmacy', 'name': 'Farmacia Scalabra', 'ref:msal': '16000', 'ref:vatin': 'IT01374950911', 'source': 'Ministero della Salute'}",13812903668,node
40.2643766,8.772174,"{'amenity': 'pharmacy', 'dispensing': 'yes', 'healthcare': 'pharmacy', 'name': 'Farmacia Milia', 'ref:msal': '15994', 'ref:vatin': 'IT00640670915', 'source': 'Ministero della Salute'}",13812903669,node
40.2640358,8.7697573,"{'amenity': 'bank', 'brand': 'UniCredit', 'brand:wikidata': 'Q45568', 'name': 'UniCredit'}",13812903679,node
40.265403,8.7768678,"{'amenity': 'bank', 'brand': 'BNL', 'brand:wikidata': 'Q2201225', 'name': 'BNL', 'official_name': 'Banca Nazionale del Lavoro'}",13812903689,node
40.2653897,8.7793529,"{'amenity': 'bank', 'brand': 'Intesa Sanpaolo', 'brand:wikidata': 'Q1343118', 'name': 'Intesa Sanpaolo'}",13812903690,node
40.2973953,8.4945774,"{'amenity': 'pharmacy', 'dispensing': 'no', 'name': 'Parafarmacia San Pantaleo'}",13813259137,node
40.3165875,9.3177098,"{'amenity': 'school', 'fee': 'no', 'isced:level': '2', 'name': 'Scuola Secondaria di Primo Grado Mariangela Maccioni', 'ref': 'NUMM87501G'}",13815019602,node
40.3169229,9.3179807,"{'amenity': 'school', 'fee': 'no', 'isced:level': '1', 'name': 'Scuola Primaria Furreddu', 'ref': 'NUEE87501L'}",13815019604,node
40.3191316,9.3153964,"{'amenity': 'school', 'fee': 'no', 'isced:level': '1', 'name': 'Scuola Primaria Monte Gurtei', 'ref': 'NUEE87502N'}",13815019630,node
40.32523,9.3345312,"{'amenity': 'school', 'fee': 'no', 'isced:level': '1', 'name': 'Scuola Primaria San Pietro', 'ref': 'NUEE873022'}",13815019675,node
40.325598,9.334502,"{'amenity': 'school', 'fee': 'no', 'isced:level': '2', 'name': 'Scuola Secondaria di Primo Grado San Pietro', 'ref': 'NUMM87301X'}",13815019676,node
40.3193242,9.3259159,"{'amenity': 'school', 'fee': 'no', 'isced:level': '1', 'name': 'Scuola Primaria Raffaele Calamida', 'ref': 'NUEE87401R'}",13815067002,node
40.321604,9.2968766,"{'amenity': 'pharmacy', 'dispensing': 'yes', 'healthcare': 'pharmacy', 'name': 'Farmacia Città Giardino', 'ref:msal': '21007', 'ref:vatin': 'IT01637780915', 'source': 'Ministero della Salute'}",13815067032,node
40.3182952,9.3074048,"{'amenity': 'pharmacy', 'dispensing': 'yes', 'healthcare': 'pharmacy', 'name': 'Farmacia Calvisi', 'ref:msal': '16025', 'ref:vatin': 'IT00592340921', 'source': 'Ministero della Salute'}",13815067033,node
40.3190676,9.317772,"{'amenity': 'pharmacy', 'dispensing': 'yes', 'healthcare': 'pharmacy', 'name': 'Farmacia Nieddu', 'ref:msal': '16022', 'ref:vatin': 'IT01551350919', 'source': 'Ministero della Salute'}",13815067036,node
40.3141906,9.3215132,"{'amenity': 'pharmacy', 'dispensing': 'yes', 'healthcare': 'pharmacy', 'name': 'Farmacia Manconi', 'ref:msal': '16021', 'ref:vatin': 'IT00906580915', 'source': 'Ministero della Salute'}",13815067041,node
40.3201546,9.3260676,"{'amenity': 'pharmacy', 'dispensing': 'yes', 'healthcare': 'pharmacy', 'name': 'Farmacia Gonario', 'ref:msal': '16015', 'ref:vatin': 'IT00755190915', 'source': 'Ministero della Salute'}",13815067042,node
40.3167675,9.326435,"{'amenity': 'pharmacy', 'dispensing': 'yes', 'healthcare': 'pharmacy', 'name': 'Farmacia Daddi', 'ref:msal': '16013', 'ref:vatin': 'IT01460100918', 'source': 'Ministero della Salute'}",13815067059,node
40.3259592,9.3353279,"{'amenity': 'pharmacy', 'dispensing': 'yes', 'healthcare': 'pharmacy', 'name': 'Farmacia Meloni', 'ref:msal': '16012', 'ref:vatin': 'IT01230650911', 'source': 'Ministero della Salute'}",13815067060,node
40.3279749,9.3127115,"{'amenity': 'pharmacy', 'dispensing': 'yes', 'healthcare': 'pharmacy', 'name': 'Farmacia San Francesco', 'ref:msal': '16005', 'ref:vatin': 'IT01547780914', 'source': 'Ministero della Salute'}",13815067061,node
40.3226388,9.3283655,"{'amenity': 'bank', 'brand': 'Agos-Ducato'}",13815067064,node
40.3193954,9.3317606,"{'amenity': 'bank', 'brand': 'BNL', 'brand:wikidata': 'Q2201225', 'name': 'BNL', 'official_name': 'Banca Nazionale del Lavoro'}",13815067065,node
40.3237891,9.3301485,"{'amenity': 'bank', 'brand': 'Banco Desio', 'brand:wikidata': 'Q3633825', 'name': 'Banco Desio'}",13815067066,node
40.3245815,9.3309043,"{'amenity': 'bank', 'brand': 'Credem', 'brand:wikidata': 'Q3696881', 'name': 'Credem', 'official_name': 'Credito Emiliano'}",13815067067,node
40.3201434,9.3267408,"{'amenity': 'bank', 'brand': 'Monte dei Paschi di Siena', 'brand:wikidata': 'Q46730', 'name': 'Monte dei Paschi di Siena'}",13815067068,node
40.3201137,9.3256344,"{'amenity': 'bank', 'brand': 'Banca Intesa', 'brand:wikidata': 'Q2882046', 'name': 'Banca Intesa'}",13815067069,node
39.2565923,9.1838809,"{'amenity': 'post_office', 'brand': 'Poste Italiane', 'brand:wikidata': 'Q495026', 'name': 'Ufficio Postale di Quartucciu', 'opening_hours': 'Mo-Fr 08:20-19:05; Sa 08:20-12:35;PH off', 'operator': 'Poste Italiane', 'operator:wikidata': 'Q495026', 'ref': '13112'}",13830956930,node
39.2569069,9.1853669,"{'amenity': 'pharmacy', 'dispensing': 'yes', 'healthcare': 'pharmacy', 'name': 'Farmacia Cancedda', 'ref:msal': '18797', 'ref:vatin': 'IT03965110921', 'source': 'Ministero della Salute'}",13830956931,node
39.2529955,9.178074,"{'amenity': 'pharmacy', 'dispensing': 'yes', 'healthcare': 'pharmacy', 'name': 'Farmacia Serra', 'ref:msal': '16302', 'ref:vatin': 'IT02199850922', 'source': 'Ministero della Salute'}",13830956932,node
39.2527181,9.1728947,"{'amenity': 'bank', 'brand': 'Monte dei Paschi di Siena', 'brand:wikidata': 'Q46730', 'name': 'Monte dei Paschi di Siena'}",13830956933,node
39.2572091,9.1784884,"{'amenity': 'school', 'fee': 'no', 'isced:level': '1', 'name': 'Scuola Primaria Via Monte Spada', 'ref': 'CAEE87302D'}",13830956934,node
39.2252946,9.1283837,"{'amenity': 'pharmacy', 'dispensing': 'yes', 'healthcare': 'pharmacy', 'name': 'Farmacia Marica', 'ref:msal': '16252', 'ref:vatin': 'IT03002740920', 'source': 'Ministero della Salute'}",13834690152,node
39.222456,9.1259095,"{'amenity': 'pharmacy', 'dispensing': 'yes', 'healthcare': 'pharmacy', 'name': 'Farmacia Petromilli', 'ref:msal': '16248', 'ref:vatin': 'IT03992220925', 'source': 'Ministero della Salute'}",13834690153,node
39.215039,9.127735,"{'amenity': 'pharmacy', 'dispensing': 'yes', 'healthcare': 'pharmacy', 'name': 'Farmacia Pessina', 'ref:msal': '16246', 'ref:vatin': 'IT03142670920', 'source': 'Ministero della Salute'}",13834690154,node
39.2082034,9.1367303,"{'amenity': 'pharmacy', 'dispensing': 'yes', 'healthcare': 'pharmacy', 'name': 'Farmacia Dedola', 'ref:msal': '16245', 'ref:vatin': 'IT02842150928', 'source': 'Ministero della Salute'}",13834690155,node
39.2289641,9.1227221,"{'amenity': 'pharmacy', 'dispensing': 'yes', 'healthcare': 'pharmacy', 'name': 'Farmacia San Marco', 'ref:msal': '16244', 'ref:vatin': 'IT00147860928', 'source': 'Ministero della Salute'}",13834690156,node
39.2211746,9.1297348,"{'amenity': 'pharmacy', 'dispensing': 'yes', 'healthcare': 'pharmacy', 'name': 'Farmacia Giua', 'ref:msal': '16243', 'ref:vatin': 'IT03816210920', 'source': 'Ministero della Salute'}",13834690157,node
39.2270685,9.1364385,"{'amenity': 'pharmacy', 'dispensing': 'yes', 'healthcare': 'pharmacy', 'name': 'Farmacia Cozzoli', 'ref:msal': '16240', 'ref:vatin': 'IT03693350922', 'source': 'Ministero della Salute'}",13834690158,node
39.2203475,9.1238965,"{'amenity': 'pharmacy', 'dispensing': 'yes', 'healthcare': 'pharmacy', 'name': 'Farmacia De Sotgiu', 'ref:msal': '16238', 'ref:vatin': 'IT03273050926', 'source': 'Ministero della Salute'}",13834690159,node
39.2264811,9.1250917,"{'amenity': 'pharmacy', 'dispensing': 'yes', 'healthcare': 'pharmacy', 'name': 'Farmacia Paolo Pisano', 'ref:msal': '16233', 'ref:vatin': 'IT02596840922', 'source': 'Ministero della Salute'}",13834690160,node
39.2174353,9.1292322,"{'amenity': 'post_office', 'brand': 'Poste Italiane', 'brand:wikidata': 'Q495026', 'name': 'Ufficio Postale Cagliari Tribunale', 'operator': 'Poste Italiane', 'operator:wikidata': 'Q495026', 'ref': '13348'}",13834690164,node
39.2268677,9.1345165,"{'amenity': 'post_office', 'brand': 'Poste Italiane', 'brand:wikidata': 'Q495026', 'name': 'Ufficio Postale Cagliari 13', 'operator': 'Poste Italiane', 'operator:wikidata': 'Q495026', 'ref': '13328'}",13834690166,node
39.2155671,9.1246435,"{'amenity': 'post_office', 'brand': 'Poste Italiane', 'brand:wikidata': 'Q495026', 'name': 'Ufficio Postale Cagliari 8', 'operator': 'Poste Italiane', 'operator:wikidata': 'Q495026', 'ref': '13304'}",13834690167,node
39.2055528,9.1361769,"{'amenity': 'post_office', 'brand': 'Poste Italiane', 'brand:wikidata': 'Q495026', 'name': 'Ufficio Postale Cagliari 7', 'operator': 'Poste Italiane', 'operator:wikidata': 'Q495026', 'ref': '13290'}",13834690168,node
39.2199971,9.1243569,"{'amenity': 'post_office', 'brand': 'Poste Italiane', 'brand:wikidata': 'Q495026', 'name': 'Ufficio Postale Cagliari 6', 'operator': 'Poste Italiane', 'operator:wikidata': 'Q495026', 'ref': '13279'}",13834690169,node
39.2229459,9.1022093,"{'amenity': 'post_office', 'brand': 'Poste Italiane', 'brand:wikidata': 'Q495026', 'name': 'Ufficio Postale Cagliari 5', 'operator': 'Poste Italiane', 'operator:wikidata': 'Q495026', 'ref': '13242'}",13834690170,node
39.2133459,9.1149949,"{'amenity': 'post_office', 'brand': 'Poste Italiane', 'brand:wikidata': 'Q495026', 'name': 'Ufficio Postale Cagliari 2', 'operator': 'Poste Italiane', 'operator:wikidata': 'Q495026', 'ref': '13031'}",13834690171,node
39.2531422,9.1216554,"{'addr:housenumber': '27', 'addr:street': 'Via delle Ginestre', 'amenity': 'pharmacy', 'dispensing': 'yes', 'healthcare': 'pharmacy', 'name': 'Farmacia Sanna Deplano', 'ref:msal': '17985', 'ref:vatin': 'IT03175890924', 'source': 'Ministero della Salute'}",13838518395,node
39.1933431,9.1402783,"{'amenity': 'pharmacy', 'dispensing': 'yes', 'healthcare': 'pharmacy', 'name': 'Farmacia Meloni', 'ref:msal': '16309', 'ref:vatin': 'IT02220930925', 'source': 'Ministero della Salute'}",13838533514,node
39.2295027,9.0991684,"{'amenity': 'pharmacy', 'dispensing': 'yes', 'healthcare': 'pharmacy', 'name': 'Farmacia Rombi', 'ref:msal': '16299', 'ref:vatin': 'IT02169010929', 'source': 'Ministero della Salute'}",13838533515,node
39.2286173,9.1176464,"{'amenity': 'pharmacy', 'dispensing': 'yes', 'healthcare': 'pharmacy', 'name': 'Farmacia Piga', 'ref:msal': '16297', 'ref:vatin': 'IT03754940926', 'source': 'Ministero della Salute'}",13838533519,node
39.2561155,9.0994844,"{'amenity': 'pharmacy', 'dispensing': 'yes', 'healthcare': 'pharmacy', 'name': 'Farmacia Porru', 'ref:msal': '16295', 'ref:vatin': 'IT03809280922', 'source': 'Ministero della Salute'}",13838533520,node
39.2411956,9.101013,"{'amenity': 'pharmacy', 'dispensing': 'yes', 'healthcare': 'pharmacy', 'name': 'Farmacia Rizzo', 'ref:msal': '16294', 'ref:vatin': 'IT03578040929', 'source': 'Ministero della Salute'}",13838533521,node
39.2362025,9.0984735,"{'amenity': 'pharmacy', 'dispensing': 'yes', 'healthcare': 'pharmacy', 'name': 'Farmacia Ruscazio', 'ref:msal': '16292', 'ref:vatin': 'IT03928520927', 'source': 'Ministero della Salute'}",13838533525,node
39.2414427,9.1213571,"{'amenity': 'pharmacy', 'dispensing': 'yes', 'healthcare': 'pharmacy', 'name': 'Farmacia Saluz', 'ref:msal': '16280', 'ref:vatin': 'IT00542220926', 'source': 'Ministero della Salute'}",13838533526,node
39.2473014,9.1305598,"{'amenity': 'pharmacy', 'dispensing': 'yes', 'healthcare': 'pharmacy', 'name': 'Farmacia Fadda Caboi', 'ref:msal': '16279', 'ref:vatin': 'IT02896210925', 'source': 'Ministero della Salute'}",13838533527,node
39.2283051,9.1277464,"{'amenity': 'pharmacy', 'dispensing': 'yes', 'healthcare': 'pharmacy', 'name': 'Farmacia Schlich Ferralasco', 'ref:msal': '16277', 'ref:vatin': 'IT04172380927', 'source': 'Ministero della Salute'}",13838533528,node
39.2180916,9.1137684,"{'amenity': 'pharmacy', 'dispensing': 'yes', 'healthcare': 'pharmacy', 'name': 'Farmacia Soresi', 'ref:msal': '16275', 'ref:vatin': 'IT03338140928', 'source': 'Ministero della Salute'}",13838533529,node
39.2117418,9.1176289,"{'amenity': 'pharmacy', 'dispensing': 'yes', 'healthcare': 'pharmacy', 'name': 'Farmacia Schlich Ferralasco', 'ref:msal': '16273', 'ref:vatin': 'IT04172380927', 'source': 'Ministero della Salute'}",13838533530,node
39.2162669,9.1120295,"{'amenity': 'pharmacy', 'dispensing': 'yes', 'healthcare': 'pharmacy', 'name': 'Farmacia Scanu', 'ref:msal': '16272', 'ref:vatin': 'IT02149140929', 'source': 'Ministero della Salute'}",13838533531,node
39.2075251,9.1339768,"{'amenity': 'pharmacy', 'dispensing': 'yes', 'healthcare': 'pharmacy', 'name': 'Farmacia della Pineta', 'ref:msal': '16271', 'ref:vatin': 'IT02504110921', 'source': 'Ministero della Salute'}",13838533532,node
39.218474,9.1160182,"{'amenity': 'pharmacy', 'dispensing': 'yes', 'healthcare': 'pharmacy', 'name': 'Farmacia Castello', 'ref:msal': '16266', 'ref:vatin': 'IT02162880922', 'source': 'Ministero della Salute'}",13838533533,node
39.2339182,9.132686,"{'amenity': 'pharmacy', 'dispensing': 'yes', 'healthcare': 'pharmacy', 'name': 'Farmacia Callegari', 'ref:msal': '16265', 'ref:vatin': 'IT02148380922', 'source': 'Ministero della Salute'}",13838533534,node
39.2227578,9.1237405,"{'amenity': 'pharmacy', 'dispensing': 'yes', 'healthcare': 'pharmacy', 'name': 'Farmagorà', 'ref:msal': '16263', 'ref:vatin': 'IT03857890929', 'source': 'Ministero della Salute'}",13838533535,node
39.2305295,9.1301136,"{'amenity': 'pharmacy', 'dispensing': 'yes', 'healthcare': 'pharmacy', 'name': 'Farmacia Pisano', 'ref:msal': '16255', 'ref:vatin': 'IT00472180926', 'source': 'Ministero della Salute'}",13838533542,node
39.2158605,9.1290513,"{'amenity': 'bank', 'brand': 'UniCredit', 'brand:wikidata': 'Q45568', 'name': 'UniCredit'}",13838847525,node
39.2231194,9.1241321,"{'amenity': 'bank', 'brand': 'Banca di Credito Cooperativo di Cagliari', 'name': 'Banca di Credito Cooperativo di Cagliari'}",13838847526,node
39.208268,9.1334679,"{'amenity': 'bank', 'brand': 'Banco di Sardegna', 'brand:wikidata': 'Q806205', 'name': 'Banco di Sardegna', 'operator': 'Banco di Sardegna', 'operator:wikidata': 'Q806205'}",13838847527,node
39.2153633,9.1117094,"{'amenity': 'bank', 'brand': 'BNL', 'brand:wikidata': 'Q2201225', 'name': 'BNL', 'official_name': 'Banca Nazionale del Lavoro'}",13838847528,node
39.2490486,9.1083312,"{'amenity': 'bank', 'brand': 'Banco di Sardegna', 'brand:wikidata': 'Q806205', 'name': 'Banco di Sardegna', 'operator': 'Banco di Sardegna', 'operator:wikidata': 'Q806205'}",13838847529,node
39.234766,9.1116504,"{'amenity': 'bank', 'brand': 'Banco di Sardegna', 'brand:wikidata': 'Q806205', 'name': 'Banco di Sardegna', 'operator': 'Banco di Sardegna', 'operator:wikidata': 'Q806205'}",13838847530,node
39.209243,9.1210395,"{'amenity': 'bank', 'brand': 'Credem', 'brand:wikidata': 'Q3696881', 'name': 'Credem', 'official_name': 'Credito Emiliano'}",13838847531,node
39.1981908,9.1484765,"{'amenity': 'bank', 'brand': 'Deutsche Bank', 'brand:wikidata': 'Q66048', 'name': 'Deutsche Bank'}",13838847532,node
39.2223672,9.126581,"{'amenity': 'bank', 'brand': 'Compass', 'brand:wikidata': 'Q127513540', 'name': 'Compass'}",13838847533,node
39.2375664,9.0949027,"{'amenity': 'bank', 'brand': 'BNL', 'brand:wikidata': 'Q2201225', 'name': 'BNL', 'official_name': 'Banca Nazionale del Lavoro'}",13838847534,node
39.2167426,9.1119904,"{'amenity': 'bank', 'brand': 'Intesa Sanpaolo', 'brand:wikidata': 'Q1343118', 'name': 'Intesa Sanpaolo'}",13838847535,node
39.2192674,9.1292612,"{'amenity': 'bank', 'brand': 'Credem', 'brand:wikidata': 'Q3696881', 'name': 'Credem', 'official_name': 'Credito Emiliano'}",13838847536,node
39.2385958,9.1254772,"{'amenity': 'bank', 'brand': 'Monte dei Paschi di Siena', 'brand:wikidata': 'Q46730', 'name': 'Monte dei Paschi di Siena'}",13838847537,node
39.2195859,9.1221573,"{'amenity': 'bank', 'brand': 'Banco di Sardegna', 'brand:wikidata': 'Q806205', 'name': 'Banco di Sardegna', 'operator': 'Banco di Sardegna', 'operator:wikidata': 'Q806205'}",13838847538,node
39.2255188,9.1294315,"{'amenity': 'bank', 'brand': 'Banco di Sardegna', 'brand:wikidata': 'Q806205', 'name': 'Banco di Sardegna', 'operator': 'Banco di Sardegna', 'operator:wikidata': 'Q806205'}",13838847539,node
39.2095963,9.1204213,"{'amenity': 'bank', 'brand': 'Fideuram', 'brand:wikidata': 'Q806147', 'name': 'Fideuram'}",13838847563,node
39.2234539,9.1237579,"{'amenity': 'bank', 'brand': 'Deutsche Bank', 'brand:wikidata': 'Q66048', 'name': 'Deutsche Bank'}",13838847564,node
39.2231204,9.1237539,"{'amenity': 'bank', 'brand': 'UniCredit', 'brand:wikidata': 'Q45568', 'name': 'UniCredit'}",13838847565,node
39.2084782,9.1223229,"{'amenity': 'bank', 'brand': 'Banca Sella', 'brand:wikidata': 'Q3633749', 'name': 'Banca Sella'}",13838847566,node
39.2169317,9.1126536,"{'amenity': 'bank', 'brand': 'Mediobanca'}",13838847567,node
39.2160179,9.111755,"{'amenity': 'bank', 'brand': 'Banco Desio', 'brand:wikidata': 'Q3633825', 'name': 'Banco Desio'}",13838847568,node
39.2248456,9.1289282,"{'amenity': 'bank', 'brand': 'IBL', 'name': 'IBL', 'official_name': 'Istituto Bancario del Lavoro'}",13838847569,node
39.2459827,9.1309462,"{'amenity': 'bank', 'brand': 'Banco di Sardegna', 'brand:wikidata': 'Q806205', 'name': 'Banco di Sardegna'}",13838847570,node
39.2090777,9.1232295,"{'amenity': 'bank', 'brand': 'Findomestic', 'brand:wikidata': 'Q3745668', 'name': 'Findomestic'}",13838847571,node
39.236456,9.099777,"{'amenity': 'bank', 'brand': 'Intesa Sanpaolo', 'brand:wikidata': 'Q1343118', 'name': 'Intesa Sanpaolo'}",13838847572,node
39.2170946,9.1258899,"{'amenity': 'bank', 'brand': 'Deutsche Bank', 'brand:wikidata': 'Q66048', 'name': 'Deutsche Bank'}",13838847573,node
39.2034734,9.1371931,"{'amenity': 'school', 'isced:level': '3', 'name': 'Sede staccata Liceo Classico Giovanni Maria Dettori', 'ref': 'CAPC03000V'}",13839872865,node
39.2272698,9.1012569,"{'amenity': 'school', 'fee': 'no', 'isced:level': '2', 'name': 'Scuola Secondaria di Primo Grado Spano', 'ref': 'CAMM867014'}",13839872867,node
39.2268439,9.1018268,"{'amenity': 'school', 'fee': 'no', 'isced:level': '1', 'name': 'Scuola Primaria De Amicis', 'ref': 'CAEE867015'}",13839872868,node
39.2397082,9.1145714,"{'amenity': 'school', 'isced:level': '1', 'name': 'Scuola Primaria I Pini', 'ref': 'CA1E00700Q'}",13840221807,node
39.2158677,9.1292672,"{'amenity': 'school', 'isced:level': '3', 'name': 'Liceo Scientifico Paritario Dante Alighieri', 'ref': 'CAPS02500E'}",13840221818,node
39.2220056,9.1091278,"{'amenity': 'school', 'isced:level': '3', 'name': 'Liceo Scientifico San Giovanni Bosco', 'ref': 'CAPS005009'}",13840221820,node
39.2218706,9.109443,"{'amenity': 'school', 'isced:level': '3', 'name': 'Ginnasio LIceo San Giovanni Bosco', 'ref': 'GINNASIO LICEO ""SAN GIOVANNI BOSCO""'}",13840221825,node
39.2220316,9.1093558,"{'amenity': 'school', 'isced:level': '2', 'name': 'Scuola Media Salesiana San Giovanni Bosco', 'ref': 'CA1M01200C'}",13840221826,node
39.2202041,9.1204025,"{'amenity': 'school', 'fee': 'yes', 'isced:level': '1', 'name': 'Chatterbox Primary School', 'ref': 'CA1E020006'}",13840221828,node
39.2199308,9.1210087,"{'amenity': 'school', 'fee': 'yes', 'isced:level': '2', 'name': 'Scuola Secondaria di Primo Grado Paritaria Sacro Cuore', 'ref': 'CA1M01100L'}",13840221829,node
39.2201178,9.1209336,"{'amenity': 'school', 'isced:level': '3', 'name': 'Liceo delle Scienze Umane Paritario Niccolò Tommaseo', 'ref': 'CAPQ00500E'}",13840221830,node
39.2203386,9.1169833,"{'amenity': 'school', 'fee': 'yes', 'isced:level': '1', 'name': 'Scuola Primaria Fondazione Umberto e Margherita', 'ref': 'CA1E019002'}",13840221831,node
39.2196253,9.1203435,"{'amenity': 'school', 'fee': 'yes', 'isced:level': '2', 'name': 'Scuola Secondaria di Primo Grado Nuovo Collegio della Missione', 'ref': 'CA1M01000R'}",13840221833,node
39.2194082,9.1201463,"{'amenity': 'school', 'fee': 'yes', 'isced:level': '1', 'name': 'Scuola Primaria Nuovo Collegio della Missione', 'ref': 'CA1E01000G'}",13840221834,node
39.223697,9.1235018,"{'amenity': 'school', 'fee': 'yes', 'isced:level': '1', 'name': 'Scuola Primaria Paritaria Infanzia Lieta', 'ref': 'CA1E00800G'}",13840221840,node
39.2546013,9.1671968,"{'amenity': 'bank', 'brand': 'UniCredit', 'brand:wikidata': 'Q45568', 'name': 'UniCredit'}",13849624566,node
39.2540729,9.1648534,"{'amenity': 'bank', 'brand': 'Banco di Sardegna', 'brand:wikidata': 'Q806205', 'name': 'Banco di Sardegna', 'operator': 'Banco di Sardegna', 'operator:wikidata': 'Q806205'}",13849624567,node
39.2524905,9.1032754,"{'amenity': 'bank', 'brand': 'Banco di Sardegna', 'brand:wikidata': 'Q806205', 'name': 'Banco di Sardegna', 'operator': 'Banco di Sardegna', 'operator:wikidata': 'Q806205'}",13849624568,node
39.2635199,9.1749471,"{'amenity': 'pharmacy', 'dispensing': 'yes', 'healthcare': 'pharmacy', 'name': 'Farmacia Altea', 'ref:msal': '21107', 'ref:vatin': 'IT04095380921', 'source': 'Ministero della Salute'}",13849624573,node
39.2530936,9.1098027,"{'amenity': 'pharmacy', 'dispensing': 'yes', 'healthcare': 'pharmacy', 'name': 'Farmacia Lostia', 'ref:msal': '20187', 'ref:vatin': 'IT03797670928', 'source': 'Ministero della Salute'}",13849624574,node
39.2647399,9.1516068,"{'amenity': 'pharmacy', 'dispensing': 'yes', 'healthcare': 'pharmacy', 'name': 'Farmacia San Lussorio', 'ref:msal': '20176', 'ref:vatin': 'IT03792940920', 'source': 'Ministero della Salute'}",13849624575,node
39.2531353,9.1709976,"{'amenity': 'pharmacy', 'dispensing': 'yes', 'healthcare': 'pharmacy', 'name': 'Farmacia Devoto', 'ref:msal': '18544', 'ref:vatin': 'IT03696580921', 'source': 'Ministero della Salute'}",13849624576,node
39.2531239,9.1032262,"{'amenity': 'pharmacy', 'dispensing': 'yes', 'healthcare': 'pharmacy', 'name': 'Farmacia Urru', 'ref:msal': '18506', 'ref:vatin': 'IT03847340928', 'source': 'Ministero della Salute'}",13849624577,node
39.2557555,9.1685838,"{'amenity': 'pharmacy', 'dispensing': 'yes', 'healthcare': 'pharmacy', 'name': 'Farmacia Diana', 'ref:msal': '16303', 'ref:vatin': 'IT02210130924', 'source': 'Ministero della Salute'}",13849624578,node
39.2555704,9.1663118,"{'amenity': 'pharmacy', 'dispensing': 'yes', 'healthcare': 'pharmacy', 'name': 'Farmacia Serreli', 'ref:msal': '16287', 'ref:vatin': 'IT00564060929', 'source': 'Ministero della Salute'}",13849624579,node
39.2531738,9.1439688,"{'amenity': 'school', 'fee': 'yes', 'isced:level': '1', 'name': 'Scuola Primaria Nostra Signora della Mercede', 'ref': 'CA1E01400V'}",13860472266,node
39.2530095,9.1441623,"{'amenity': 'school', 'isced:level': '2', 'name': 'Scuola Secondaria di Primo Grado Nostra Signora della Mercede', 'ref': 'CA1M01500X'}",13860472267,node
39.2535249,9.1339084,"{'addr:housenumber': '104', 'addr:street': 'Via Porto Botte', 'amenity': 'pharmacy', 'dispensing': 'yes', 'healthcare': 'pharmacy', 'name': 'Farmacia Porte Botte', 'ref:msal': '20165', 'ref:vatin': 'IT03789710922', 'source': 'Ministero della Salute'}",13860485308,node
39.2590517,9.1462495,"{'amenity': 'pharmacy', 'dispensing': 'yes', 'healthcare': 'pharmacy', 'name': 'Farmacia Floris', 'ref:msal': '18530', 'ref:vatin': 'IT03311070928', 'source': 'Ministero della Salute'}",13860485309,node
39.263326,9.1432673,"{'amenity': 'pharmacy', 'dispensing': 'yes', 'healthcare': 'pharmacy', 'name': 'Farmacia Cortes-Melis', 'ref:msal': '16305', 'ref:vatin': 'IT03856820927', 'source': 'Ministero della Salute'}",13860485310,node
39.2598243,9.134761,"{'amenity': 'pharmacy', 'dispensing': 'yes', 'healthcare': 'pharmacy', 'name': 'Farmacia Cau', 'ref:msal': '16301', 'ref:vatin': 'IT02105950923', 'source': 'Ministero della Salute'}",13860485311,node
39.2542748,9.1422544,"{'addr:housenumber': '59', 'addr:street': 'Via del Redentore', 'amenity': 'pharmacy', 'dispensing': 'yes', 'healthcare': 'pharmacy', 'name': ""Farmacia Dell'Apa"", 'ref:msal': '16285', 'ref:vatin': 'IT03893720924', 'source': 'Ministero della Salute'}",13860485312,node
39.2552195,9.1395329,"{'amenity': 'bank', 'brand': 'Banco di Sardegna', 'brand:wikidata': 'Q806205', 'name': 'Banco di Sardegna', 'operator': 'Banco di Sardegna', 'operator:wikidata': 'Q806205'}",13860485314,node
40.7500631,8.5162711,"{'amenity': 'bank', 'brand': 'Intesa Sanpaolo', 'brand:wikidata': 'Q1343118', 'name': 'Intesa Sanpaolo'}",13861003046,node
40.7260656,8.5640359,"{'amenity': 'bank', 'brand': 'BNL', 'brand:wikidata': 'Q2201225', 'name': 'BNL', 'official_name': 'Banca Nazionale del Lavoro'}",13861003047,node
40.7272141,8.5639983,"{'amenity': 'bank', 'brand': 'IBL'}",13861003048,node
40.7150577,8.5792172,"{'amenity': 'bank', 'brand': 'Intesa Sanpaolo', 'brand:wikidata': 'Q1343118', 'name': 'Intesa Sanpaolo'}",13861003049,node
40.7226953,8.5681249,"{'amenity': 'bank', 'brand': 'Mediobanca'}",13861003050,node
40.7309123,8.5417615,"{'amenity': 'bank', 'brand': 'Monte dei Paschi di Siena', 'brand:wikidata': 'Q46730', 'name': 'Monte dei Paschi di Siena'}",13861003051,node
40.7240227,8.5654333,"{'amenity': 'bank', 'brand': 'Deutsche Bank', 'brand:wikidata': 'Q66048', 'name': 'Deutsche Bank'}",13861003052,node
40.7319316,8.561469,"{'amenity': 'bank', 'brand': 'Banco di Sardegna', 'brand:wikidata': 'Q806205', 'name': 'Banco di Sardegna'}",13861003053,node
40.7507266,8.5130028,"{'amenity': 'bank', 'brand': 'Banco di Sardegna', 'brand:wikidata': 'Q806205', 'name': 'Banco di Sardegna'}",13861003054,node
40.7218842,8.5565887,"{'amenity': 'bank', 'brand': 'Banco di Sardegna', 'brand:wikidata': 'Q806205', 'name': 'Banco di Sardegna'}",13861003055,node
40.7128712,8.5535967,"{'amenity': 'bank', 'brand': 'Intesa Sanpaolo', 'brand:wikidata': 'Q1343118', 'name': 'Intesa Sanpaolo'}",13861003056,node
40.7197508,8.5654977,"{'amenity': 'bank', 'brand': 'Credem', 'brand:wikidata': 'Q3696881', 'name': 'Credem', 'official_name': 'Credito Emiliano'}",13861003057,node
40.7247271,8.5636134,"{'amenity': 'bank', 'brand': 'Monte dei Paschi di Siena', 'brand:wikidata': 'Q46730', 'name': 'Monte dei Paschi di Siena'}",13861003058,node
40.7244796,8.5644852,"{'amenity': 'bank', 'brand': 'Banca Sella', 'brand:wikidata': 'Q3633749', 'name': 'Banca Sella'}",13861003059,node
40.7163105,8.5545683,"{'amenity': 'post_office', 'brand': 'Poste Italiane', 'brand:wikidata': 'Q495026', 'name': 'Ufficio Postale Sassari 8', 'opening_hours': 'Mo-Fr 08:20-13:35; Sa 08:20-12:35;PH off', 'operator': 'Poste Italiane', 'operator:wikidata': 'Q495026', 'ref': '58172'}",13864590083,node
40.7370123,8.5653303,"{'amenity': 'post_office', 'brand': 'Poste Italiane', 'brand:wikidata': 'Q495026', 'name': 'Ufficio Postale Sassari 6', 'opening_hours': 'Mo-Fr 08:20-13:35; Sa 08:20-12:35;PH off', 'operator': 'Poste Italiane', 'operator:wikidata': 'Q495026', 'ref': '58159'}",13864590084,node
40.7184277,8.5621887,"{'amenity': 'post_office', 'brand': 'Poste Italiane', 'brand:wikidata': 'Q495026', 'name': 'Ufficio Postale Sassari 3', 'opening_hours': 'Mo-Fr 08:20-13:35; Sa 08:20-12:35;PH off', 'operator': 'Poste Italiane', 'operator:wikidata': 'Q495026', 'ref': '58147'}",13864590085,node
40.7322935,8.5604723,"{'amenity': 'post_office', 'brand': 'Poste Italiane', 'brand:wikidata': 'Q495026', 'name': 'Ufficio Postale Sassari 2', 'opening_hours': 'Mo-Fr 08:20-13:35; Sa 08:20-12:35; PH off', 'operator': 'Poste Italiane', 'operator:wikidata': 'Q495026', 'ref': '58142'}",13864590086,node
40.7464066,8.5380413,"{'amenity': 'pharmacy', 'dispensing': 'yes', 'healthcare': 'pharmacy', 'name': ""Farmacia Sant'Orsola Storica"", 'ref:msal': '20767', 'ref:vatin': 'IT02850000908', 'source': 'Ministero della Salute'}",13864590087,node
40.7518715,8.5082003,"{'amenity': 'pharmacy', 'dispensing': 'yes', 'healthcare': 'pharmacy', 'name': 'Farmacia Santa Rita', 'ref:msal': '20162', 'ref:vatin': 'IT02750180909', 'source': 'Ministero della Salute'}",13864590088,node
40.74948,8.544779,"{'amenity': 'pharmacy', 'dispensing': 'yes', 'healthcare': 'pharmacy', 'name': ""Farmacia Sant'Orsola Nord"", 'ref:msal': '20159', 'ref:vatin': 'IT02747690903', 'source': 'Ministero della Salute'}",13864590089,node
40.7436581,8.5670426,"{'amenity': 'pharmacy', 'dispensing': 'yes', 'healthcare': 'pharmacy', 'name': ""Farmacia Sant'Angelo"", 'ref:msal': '20151', 'ref:vatin': 'IT02749870909', 'source': 'Ministero della Salute'}",13864590090,node
40.7359894,8.48847,"{'amenity': 'pharmacy', 'dispensing': 'yes', 'healthcare': 'pharmacy', 'name': 'Farmacia Lai', 'ref:msal': '18838', 'ref:vatin': 'IT03459320929', 'source': 'Ministero della Salute'}",13864590093,node
40.7180543,8.524932,"{'amenity': 'pharmacy', 'dispensing': 'yes', 'healthcare': 'pharmacy', 'name': 'Farmacia Mascaro', 'ref:msal': '18814', 'ref:vatin': 'IT02766290908', 'source': 'Ministero della Salute'}",13864590094,node
40.7416046,8.5648982,"{'amenity': 'pharmacy', 'dispensing': 'yes', 'healthcare': 'pharmacy', 'name': 'Farmacia Corso', 'ref:msal': '18548', 'ref:vatin': 'IT01322930908', 'source': 'Ministero della Salute'}",13864590099,node
40.7272699,8.5740003,"{'amenity': 'pharmacy', 'dispensing': 'yes', 'healthcare': 'pharmacy', 'name': 'Farmacia Merella', 'ref:msal': '15890', 'ref:vatin': 'IT01886100906', 'source': 'Ministero della Salute'}",13864590903,node
40.7331948,8.5611337,"{'amenity': 'pharmacy', 'dispensing': 'yes', 'healthcare': 'pharmacy', 'name': 'Farmacia Pascoli', 'ref:msal': '15884', 'ref:vatin': 'IT01840820904', 'source': 'Ministero della Salute'}",13864590905,node
40.714212,8.5776883,"{'amenity': 'pharmacy', 'dispensing': 'yes', 'healthcare': 'pharmacy', 'name': 'Farmacia Masala', 'ref:msal': '15882', 'ref:vatin': 'IT02608390908', 'source': 'Ministero della Salute'}",13864590906,node
40.7209827,8.5793513,"{'amenity': 'pharmacy', 'dispensing': 'yes', 'healthcare': 'pharmacy', 'name': 'Farmacia Santa Chiara', 'ref:msal': '15879', 'ref:vatin': 'IT01568230906', 'source': 'Ministero della Salute'}",13864590907,node
40.7180076,8.5617051,"{'amenity': 'pharmacy', 'dispensing': 'yes', 'healthcare': 'pharmacy', 'name': 'Farmacia Talu', 'ref:msal': '15875', 'ref:vatin': 'IT01715540900', 'source': 'Ministero della Salute'}",13864590908,node
40.7369091,8.536047,"{'amenity': 'pharmacy', 'dispensing': 'yes', 'healthcare': 'pharmacy', 'name': 'Farmacia Talu', 'ref:msal': '15869', 'ref:vatin': '15869', 'source': 'Ministero della Salute'}",13864590909,node
40.7270392,8.5611136,"{'amenity': 'pharmacy', 'dispensing': 'yes', 'healthcare': 'pharmacy', 'name': 'Farmacia Pinna Nossai', 'ref:msal': '15868', 'ref:vatin': 'IT01566520902', 'source': 'Ministero della Salute'}",13864590910,node
40.720072,8.5731661,"{'amenity': 'pharmacy', 'dispensing': 'yes', 'healthcare': 'pharmacy', 'name': 'Farmacia Valenti', 'ref:msal': '15867', 'ref:vatin': 'IT01567160906', 'source': 'Ministero della Salute'}",13864590913,node
40.7347776,8.5685241,"{'amenity': 'pharmacy', 'dispensing': 'yes', 'healthcare': 'pharmacy', 'name': 'Farmacia Mulas', 'ref:msal': '15866', 'ref:vatin': 'IT01567630908', 'source': 'Ministero della Salute'}",13864590914,node
40.7354508,8.5606416,"{'amenity': 'pharmacy', 'dispensing': 'yes', 'healthcare': 'pharmacy', 'name': 'Farmacia Porcu', 'ref:msal': '15864', 'ref:vatin': 'IT02587520905', 'source': 'Ministero della Salute'}",13864590915,node
40.7143828,8.5525735,"{'amenity': 'pharmacy', 'dispensing': 'yes', 'healthcare': 'pharmacy', 'name': 'Farmacia Manca', 'ref:msal': '15858', 'ref:vatin': 'IT02079950909', 'source': 'Ministero della Salute'}",13864590916,node
40.7217887,8.55543,"{'amenity': 'pharmacy', 'dispensing': 'yes', 'healthcare': 'pharmacy', 'name': 'Farmacia Sacro Cuore', 'ref:msal': '15856', 'ref:vatin': 'IT02681800906', 'source': 'Ministero della Salute'}",13864590917,node
40.7203383,8.5591985,"{'amenity': 'pharmacy', 'dispensing': 'yes', 'healthcare': 'pharmacy', 'name': 'Farmacia Villani', 'ref:msal': '15851', 'ref:vatin': 'IT02201720907', 'source': 'Ministero della Salute'}",13864590918,node
40.7435159,8.546564,"{'amenity': 'pharmacy', 'dispensing': 'yes', 'healthcare': 'pharmacy', 'name': 'Farmacia Tanda', 'ref:msal': '15837', 'ref:vatin': 'IT00279650907', 'source': 'Ministero della Salute'}",13864590919,node
40.7259558,8.5669152,"{'amenity': 'pharmacy', 'dispensing': 'yes', 'healthcare': 'pharmacy', 'name': 'Farmacia Offisana', 'ref:msal': '15827', 'ref:vatin': 'IT02810820908', 'source': 'Ministero della Salute'}",13864590920,node
40.7195607,8.5656908,"{'amenity': 'pharmacy', 'dispensing': 'yes', 'healthcare': 'pharmacy', 'name': 'Farmacia Eredi Manca', 'ref:msal': '15824', 'ref:vatin': 'IT02378260901', 'source': 'Ministero della Salute'}",13864590928,node
40.7191536,8.5563463,"{'amenity': 'pharmacy', 'dispensing': 'yes', 'healthcare': 'pharmacy', 'name': 'Farmacia Delogu', 'ref:msal': '15823', 'ref:vatin': 'IT02605970900', 'source': 'Ministero della Salute'}",13864590929,node
40.7351612,8.5646662,"{'amenity': 'pharmacy', 'dispensing': 'yes', 'healthcare': 'pharmacy', 'name': 'Farmacia Laneri', 'ref:msal': '15822', 'ref:vatin': 'IT02102900905', 'source': 'Ministero della Salute'}",13864590930,node
40.7446666,8.5554716,"{'amenity': 'pharmacy', 'dispensing': 'yes', 'healthcare': 'pharmacy', 'name': 'Farmacia Delogu', 'ref:msal': '15814', 'ref:vatin': 'IT02605970900', 'source': 'Ministero della Salute'}",13864590931,node
40.7248358,8.557667,"{'addr:city': 'Sassari', 'addr:housenumber': '1', 'addr:postcode': '07100', 'addr:street': 'Via Michele Coppino', 'amenity': 'school', 'isced:level': '3', 'name': 'Istituto Superiore Paritario Kennedy', 'ref': 'SSPQC7500O', 'website': 'http://www.kennedysassari.it/'}",13867083540,node
40.7118963,8.5550746,"{'amenity': 'school', 'fee': 'no', 'isced:level': '1', 'name': 'Scuola Primaria Rizzeddu', 'ref': 'SSEE855028'}",13867083581,node
40.7162308,8.5599911,"{'amenity': 'school', 'isced:level': '3', 'name': 'Istituto Tecnico Commerciale Dessì-Lamarmora', 'ref': 'SSTD029013'}",13867083582,node
40.7159848,8.5604712,"{'amenity': 'school', 'isced:level': '3', 'name': 'Istituto Tecnico per Geometri Devilla', 'ref': 'SSTL02901D'}",13867083583,node
40.7448632,8.5484469,"{'amenity': 'school', 'fee': 'no', 'isced:level': '1', 'name': 'Scuola Primaria Via CIlea', 'ref': 'SSEE83807Q'}",13867141149,node
41.047916,9.4684929,"{'amenity': 'school', 'fee': 'no', 'isced:level': '1', 'name': 'Scuola Primaria San Pantaleo', 'ref': 'SSEE05202T'}",13871556559,node
40.9126491,9.4254622,"{'amenity': 'school', 'fee': 'no', 'isced:level': '1', 'name': 'Scuola Primaria Putzolu', 'ref': 'SSEE052062'}",13871556561,node
40.9222694,9.4986905,"{'amenity': 'post_office', 'brand': 'Poste Italiane', 'brand:wikidata': 'Q495026', 'name': 'Ufficio Postale Olbia Centro', 'opening_hours': 'Mo-Fr 08:20-19:05; Sa 08:20-12:35;PH off', 'operator': 'Poste Italiane', 'operator:wikidata': 'Q495026', 'ref': '58097'}",13871556566,node
40.9137518,9.4752493,"{'amenity': 'pharmacy', 'dispensing': 'yes', 'healthcare': 'pharmacy', 'name': 'Farmacia San Giovanni', 'ref:msal': '20776', 'ref:vatin': 'IT02844340907', 'source': 'Ministero della Salute'}",13871556567,node
41.0261085,9.5469166,"{'amenity': 'pharmacy', 'dispensing': 'yes', 'healthcare': 'pharmacy', 'name': 'Farmacia Sardu', 'ref:msal': '18716', 'ref:vatin': 'IT02721470900', 'source': 'Ministero della Salute'}",13871556568,node
40.9446837,9.4978952,"{'amenity': 'pharmacy', 'dispensing': 'yes', 'healthcare': 'pharmacy', 'name': 'Farmacia Lanzi', 'ref:msal': '18658', 'ref:vatin': 'IT02086030901', 'source': 'Ministero della Salute'}",13871556571,node
40.9226737,9.4893263,"{'amenity': 'pharmacy', 'dispensing': 'yes', 'healthcare': 'pharmacy', 'name': 'Farmacia Delitala', 'ref:msal': '15945', 'ref:vatin': 'IT01860120904', 'source': 'Ministero della Salute'}",13871556572,node
40.9224934,9.4827515,"{'amenity': 'pharmacy', 'dispensing': 'yes', 'healthcare': 'pharmacy', 'name': 'Farmacia Accogli', 'ref:msal': '15939', 'ref:vatin': 'IT02765670902', 'source': 'Ministero della Salute'}",13871556578,node
40.9087683,9.4978872,"{'amenity': 'pharmacy', 'dispensing': 'yes', 'healthcare': 'pharmacy', 'name': 'Farmacia Tan-dem', 'ref:msal': '15938', 'ref:vatin': 'IT02677150902', 'source': 'Ministero della Salute'}",13871556579,node
40.9279388,9.4779155,"{'amenity': 'pharmacy', 'dispensing': 'yes', 'healthcare': 'pharmacy', 'name': 'Farmacia Chiari', 'ref:msal': '18520', 'ref:vatin': 'IT01250140900', 'source': 'Ministero della Salute'}",13871556580,node
40.9217597,9.5011997,"{'amenity': 'school', 'fee': 'yes', 'isced:level': '1', 'name': 'Scuola Paritaria FIglie della Carità', 'ref': 'SS1E01100Q'}",13872476086,node
40.8222971,9.4630896,"{'amenity': 'school', 'fee': 'no', 'isced:level': '2', 'name': 'Scuola Secondaria di Primo Grado Berchiddeddu', 'ref': 'SSMM82503C'}",13872488803,node
40.8221205,9.4630386,"{'amenity': 'school', 'fee': 'no', 'isced:level': '1', 'name': 'Scuola Primaria Berchiddeddu', 'ref': 'SSEE82506L'}",13872488804,node
40.9209551,9.4767487,"{'amenity': 'school', 'fee': 'no', 'isced:level': '1', 'name': 'Scuola Primaria Istacadeddu', 'ref': 'SSEE02713N'}",13872488825,node
40.7249305,8.5598257,"{'amenity': 'university', 'name': 'Facoltà di Ingegneria', 'website': 'https://ingegneria.uniss.it'}",13872622633,node
40.7212327,8.5540165,"{'amenity': 'university', 'name': 'Facoltà di Scienze Biomediche', 'website': 'https://scienzebiomediche.uniss.it'}",13872622634,node
40.9222248,9.5016101,"{'amenity': 'bank', 'brand': 'Banco di Sardegna', 'brand:wikidata': 'Q806205', 'name': 'Banco di Sardegna'}",13873009738,node
40.9355043,9.5182814,"{'amenity': 'bank', 'brand': 'Banco di Sardegna', 'brand:wikidata': 'Q806205', 'name': 'Banco di Sardegna'}",13873009739,node
40.9377367,9.4981299,"{'amenity': 'bank', 'brand': 'Monte dei Paschi di Siena', 'brand:wikidata': 'Q46730', 'name': 'Monte dei Paschi di Siena'}",13873009740,node
40.943776,9.4985282,"{'amenity': 'bank', 'brand': 'UniCredit', 'brand:wikidata': 'Q45568', 'name': 'UniCredit'}",13873009741,node
40.9398606,9.4979764,"{'amenity': 'bank', 'brand': 'Banco Desio', 'brand:wikidata': 'Q3633825', 'name': 'Banco Desio'}",13873009742,node
40.9237195,9.4977075,"{'amenity': 'bank', 'brand': 'Intesa Sanpaolo', 'brand:wikidata': 'Q1343118', 'name': 'Intesa Sanpaolo'}",13873009743,node
40.9284636,9.5019293,"{'amenity': 'bank', 'brand': 'Intesa Sanpaolo', 'brand:wikidata': 'Q1343118', 'name': 'Intesa Sanpaolo'}",13873009744,node
40.9396595,9.4979556,"{'amenity': 'bank', 'brand': 'Banca Sella', 'brand:wikidata': 'Q3633749', 'name': 'Banca Sella'}",13873009745,node
40.9217759,9.4967003,"{'amenity': 'post_office', 'brand': 'La Nuova Posta', 'name': 'La Nuova Posta'}",13873009746,node
40.9219441,9.4966319,"{'amenity': 'bank', 'brand': 'Credem', 'brand:wikidata': 'Q3696881', 'name': 'Credem', 'official_name': 'Credito Emiliano'}",13873009747,node
40.9194067,9.4968291,"{'amenity': 'bank', 'brand': 'BNL', 'brand:wikidata': 'Q2201225', 'name': 'BNL', 'official_name': 'Banca Nazionale del Lavoro'}",13873009748,node
40.6625303,8.2720761,"{'amenity': 'bank', 'brand': 'Banco di Sardegna', 'brand:wikidata': 'Q806205', 'name': 'Banco di Sardegna', 'operator': 'Banco di Sardegna', 'operator:wikidata': 'Q806205'}",13883490045,node
40.5535446,8.3268173,"{'amenity': 'pharmacy', 'dispensing': 'yes', 'healthcare': 'pharmacy', 'name': 'Farmacia San Michele', 'ref:msal': '20113', 'ref:vatin': 'IT02747000905', 'source': 'Ministero della Salute'}",13884499947,node
40.6626433,8.2721405,"{'amenity': 'pharmacy', 'check_date': '2026-07-07', 'dispensing': 'yes', 'healthcare': 'pharmacy', 'name': 'Farmacia Sale', 'ref:msal': '15948', 'ref:vatin': 'IT00380320903', 'source': 'Ministero della Salute'}",13884499948,node
39.1581941,8.5309978,"{'amenity': 'school', 'fee': 'yes', 'isced:level': '1', 'name': 'Scuola Primaria Madre Camilla Gritti', 'ref': 'CA1M013008'}",13898887568,node
39.1714826,8.5165724,"{'amenity': 'pharmacy', 'dispensing': 'yes', 'healthcare': 'pharmacy', 'name': 'Farmacia Dalmazia', 'ref:msal': '20208', 'ref:vatin': 'IT03788240921', 'source': 'Ministero della Salute'}",13898939828,node
39.2123276,8.459241,"{'amenity': 'pharmacy', 'dispensing': 'yes', 'healthcare': 'pharmacy', 'name': 'Farmacia Ennas', 'ref:msal': '16230', 'ref:vatin': 'IT02597480926', 'source': 'Ministero della Salute'}",13898939829,node
39.2413702,8.4652101,"{'amenity': 'pharmacy', 'dispensing': 'yes', 'healthcare': 'pharmacy', 'name': 'Farmacia Meloni', 'ref:msal': '16228', 'ref:vatin': 'IT03913230920', 'source': 'Ministero della Salute'}",13898939854,node
39.1551508,8.5225415,"{'amenity': 'pharmacy', 'dispensing': 'yes', 'healthcare': 'pharmacy', 'name': 'Farmacia Soru', 'ref:msal': '16222', 'ref:vatin': 'IT03773500925', 'source': 'Ministero della Salute'}",13898939855,node
39.2424212,8.4649399,"{'amenity': 'post_office', 'brand': 'Poste Italiane', 'brand:wikidata': 'Q495026', 'name': 'Ufficio Postale di Bacu Abis', 'opening_hours': 'Mo-Fr 08:20-13:35; Sa 08:20-12:35;PH off', 'operator': 'Poste Italiane', 'operator:wikidata': 'Q495026', 'ref': '13224'}",13900524373,node
39.3124933,8.5378683,"{'amenity': 'bank', 'brand': 'Intesa Sanpaolo', 'brand:wikidata': 'Q1343118', 'name': 'Intesa Sanpaolo'}",13900962979,node
39.3104023,8.5378008,"{'amenity': 'bank', 'brand': 'Banco Desio', 'brand:wikidata': 'Q3633825', 'name': 'Banco Desio'}",13900962980,node
39.2930226,8.9934328,"{'amenity': 'post_office', 'brand': 'Poste Italiane', 'brand:wikidata': 'Q495026', 'name': 'Ufficio Postale Assemini 1', 'opening_hours': 'Mo-Fr 08:20-13:35; Sa 08:20-12:35;PH off', 'operator': 'Poste Italiane', 'operator:wikidata': 'Q495026', 'ref': '13344'}",13901645415,node
39.2943865,9.0043891,"{'amenity': 'pharmacy', 'dispensing': 'yes', 'healthcare': 'pharmacy', 'name': 'Farmacia Nuova', 'ref:msal': '20184', 'ref:vatin': 'IT03793380928', 'source': 'Ministero della Salute'}",13901645416,node
39.2893869,9.0119433,"{'amenity': 'pharmacy', 'dispensing': 'yes', 'healthcare': 'pharmacy', 'name': 'Farmacia Bini', 'ref:msal': '18778', 'ref:vatin': 'IT03927880926', 'source': 'Ministero della Salute'}",13901645417,node
39.2926279,8.9946561,"{'amenity': 'pharmacy', 'dispensing': 'yes', 'healthcare': 'pharmacy', 'name': 'Farmacia Cinus', 'ref:msal': '16274', 'ref:vatin': 'IT03073350922', 'source': 'Ministero della Salute'}",13901645418,node
39.2958023,8.9998291,"{'amenity': 'pharmacy', 'dispensing': 'yes', 'healthcare': 'pharmacy', 'name': 'Farmacia Achena', 'ref:msal': '16261', 'ref:vatin': 'IT02107480929', 'source': 'Ministero della Salute'}",13901645422,node
39.2869688,9.0066721,"{'amenity': 'bank', 'brand': 'Banca di Credito Cooperativo di Cagliari', 'name': 'Banca di Credito Cooperativo di Cagliari'}",13901645423,node
39.268163,9.0554883,"{'amenity': 'pharmacy', 'dispensing': 'yes', 'healthcare': 'pharmacy', 'name': 'Farmacia Sorelle Petromilli', 'ref:msal': '20209', 'ref:vatin': 'IT03792300927', 'source': 'Ministero della Salute'}",13903671609,node
39.9469862,8.9383093,"{'amenity': 'pharmacy', 'dispensing': 'yes', 'healthcare': 'pharmacy', 'name': 'Farmacia Frongia', 'ref:msal': '16079', 'ref:vatin': 'IT01094160957', 'source': 'Ministero della Salute'}",13904411026,node
40.0282958,9.1068377,"{'amenity': 'school', 'fee': 'no', 'isced:level': '1', 'name': 'Scuola Primaria Sorgono', 'ref': 'NUEE865023'}",13904774134,node
40.0278935,9.1066487,"{'amenity': 'school', 'fee': 'no', 'isced:level': '2', 'name': 'Scuola Secondaria di Primo Grado Monsignor Melis', 'ref': 'NUMM865022'}",13904774135,node
40.0262993,9.1033391,"{'amenity': 'pharmacy', 'dispensing': 'yes', 'healthcare': 'pharmacy', 'name': 'Farmacia Fenu', 'ref:msal': '15962', 'ref:vatin': 'IT00198340911', 'source': 'Ministero della Salute'}",13904774148,node
40.0251567,9.1011512,"{'amenity': 'bank', 'brand': 'Banco di Sardegna', 'brand:wikidata': 'Q806205', 'name': 'Banco di Sardegna', 'operator': 'Banco di Sardegna', 'operator:wikidata': 'Q806205'}",13904774150,node
41.133077,9.4778603,"{'amenity': 'pharmacy', 'name': 'Farmacia Digitalis'}",13905046544,node
39.9570377,8.8645849,"{'amenity': 'pharmacy', 'dispensing': 'yes', 'healthcare': 'pharmacy', 'name': 'Farmacia Gallus', 'ref:msal': '16109', 'ref:vatin': 'IT01137240956', 'source': 'Ministero della Salute'}",13912912953,node
39.9364708,9.7077557,"{'amenity': 'post_office', 'brand': 'Poste Italiane', 'brand:wikidata': 'Q495026', 'name': 'Ufficio Postale di Arbatax', 'opening_hours': 'Mo-Fr 08:20-13:35; Sa 08:20-12:35;PH off', 'operator': 'Poste Italiane', 'operator:wikidata': 'Q495026', 'ref': '80205'}",13914026596,node
39.9348453,9.7053936,"{'amenity': 'pharmacy', 'dispensing': 'yes', 'healthcare': 'pharmacy', 'name': 'Farmacia Arbatax', 'ref:msal': '16062', 'ref:vatin': 'IT01326140918', 'source': 'Ministero della Salute'}",13914026597,node
40.5773053,9.6970354,"{'amenity': 'pharmacy', 'dispensing': 'yes', 'healthcare': 'pharmacy', 'name': 'Farmacia Duai', 'ref:msal': '20141', 'ref:vatin': 'IT01538670918', 'source': 'Ministero della Salute'}",13917537973,node
40.5710532,9.6945348,"{'amenity': 'pharmacy', 'dispensing': 'yes', 'healthcare': 'pharmacy', 'name': 'LaFarmacia.Fadda', 'ref:msal': '16039', 'ref:vatin': 'IT01259300919', 'source': 'Ministero della Salute'}",13917537974,node
39.2926699,9.0953691,"{'amenity': 'pharmacy', 'dispensing': 'yes', 'healthcare': 'pharmacy', 'name': 'Farmacia San Leonardi', 'ref:msal': '20130', 'ref:vatin': 'IT03788150922', 'source': 'Ministero della Salute'}",13919831342,node
39.3062185,9.0908271,"{'amenity': 'pharmacy', 'dispensing': 'yes', 'healthcare': 'pharmacy', 'name': 'Farmacia San Gemiliano', 'ref:msal': '20118', 'ref:vatin': 'IT03789550922', 'source': 'Ministero della Salute'}",13919831343,node
39.2940763,9.0878458,"{'amenity': 'pharmacy', 'dispensing': 'yes', 'healthcare': 'pharmacy', 'name': 'Farmacia Carboni', 'ref:msal': '18615', 'ref:vatin': 'IT03933750923', 'source': 'Ministero della Salute'}",13919831344,node
39.2982578,9.0936434,"{'amenity': 'pharmacy', 'dispensing': 'yes', 'healthcare': 'pharmacy', 'name': 'Farmacia Mocci', 'ref:msal': '16304', 'ref:vatin': 'IT04022600920', 'source': 'Ministero della Salute'}",13919831345,node
39.296758,9.0902323,"{'amenity': 'bank', 'brand': 'Banco di Sardegna', 'brand:wikidata': 'Q806205', 'name': 'Banco di Sardegna', 'operator': 'Banco di Sardegna', 'operator:wikidata': 'Q806205'}",13919831355,node
39.0656644,8.4552656,"{'amenity': 'pharmacy', 'dispensing': 'yes', 'healthcare': 'pharmacy', 'name': 'Farmacia Basciu', 'ref:msal': '16209', 'ref:vatin': 'IT00617810924', 'source': 'Ministero della Salute'}",13920206724,node
39.0685737,8.45406,"{'amenity': 'bank', 'brand': 'Intesa Sanpaolo', 'brand:wikidata': 'Q1343118', 'name': 'Intesa Sanpaolo'}",13920206725,node
39.0654687,8.4553447,"{'amenity': 'bank', 'brand': 'Banco di Sardegna', 'brand:wikidata': 'Q806205', 'name': 'Banco di Sardegna', 'operator': 'Banco di Sardegna', 'operator:wikidata': 'Q806205'}",13920206726,node
39.1111208,8.3699063,"{'amenity': 'pharmacy', 'dispensing': 'yes', 'healthcare': 'pharmacy', 'name': 'Farmacia Calasetta', 'ref:msal': '16212', 'ref:vatin': 'IT03400240929', 'source': 'Ministero della Salute'}",13920512802,node
39.1438363,8.3072271,"{'amenity': 'bank', 'brand': 'Banco di Sardegna', 'brand:wikidata': 'Q806205', 'name': 'Banco di Sardegna', 'operator': 'Banco di Sardegna', 'operator:wikidata': 'Q806205'}",13920835922,node
39.1459056,8.3076167,"{'amenity': 'bank', 'brand': 'Intesa Sanpaolo', 'brand:wikidata': 'Q1343118', 'name': 'Intesa Sanpaolo'}",13920835923,node
39.1419291,8.3025697,"{'amenity': 'post_office', 'brand': 'Poste Italiane', 'brand:wikidata': 'Q495026', 'name': 'Ufficio Postale di Carloforte', 'opening_hours': 'Mo-Fr 08:20-13:35; Sa 08:20-12:35;PH off', 'operator': 'Poste Italiane', 'operator:wikidata': 'Q495026', 'ref': '13034'}",13920835924,node
39.1750764,8.4270427,"{'amenity': 'pharmacy', 'dispensing': 'yes', 'healthcare': 'pharmacy', 'name': 'Farmacia Loi', 'ref:msal': '17901', 'ref:vatin': 'IT03349980924', 'source': 'Ministero della Salute'}",13923184261,node
39.1796376,8.9715681,"{'amenity': 'school', 'fee': 'no', 'isced:level': '1', 'name': 'Scuola Primaria Via Caprera', 'ref': 'CAEE8AL01R'}",13929539580,node
39.179199,8.9717361,"{'amenity': 'school', 'fee': 'no', 'isced:level': '2', 'name': 'Scuola Secondaria di Primo Grado Capoterra', 'ref': 'CAMM8AL01Q'}",13929539582,node
39.1422808,9.0122512,"{'amenity': 'school', 'fee': 'no', 'isced:level': '1', 'name': ""Scuola Primaria Frutti d'Oro"", 'ref': 'CAEE8AL02T'}",13929539597,node
39.1423823,9.0118831,"{'amenity': 'school', 'isced:level': '2', 'name': 'Scuola Secondaria di Primo Grado Costantino Nivola'}",13929539598,node
39.1355746,9.0096182,"{'amenity': 'pharmacy', 'dispensing': 'yes', 'healthcare': 'pharmacy', 'name': 'Farmacia del Mare', 'ref:msal': '21006', 'ref:vatin': 'IT04030320925', 'source': 'Ministero della Salute'}",13929539599,node
39.1543881,9.0202518,"{'amenity': 'pharmacy', 'dispensing': 'yes', 'healthcare': 'pharmacy', 'name': 'Farmacia Virdis', 'ref:msal': '18725', 'ref:vatin': 'IT03698430927', 'source': 'Ministero della Salute'}",13929539600,node
39.1449016,8.9699589,"{'amenity': 'pharmacy', 'dispensing': 'yes', 'healthcare': 'pharmacy', 'name': 'Farmacia del Poggio', 'ref:msal': '18523', 'ref:vatin': 'IT03310960921', 'source': 'Ministero della Salute'}",13929554601,node
39.1735169,8.9766165,"{'amenity': 'pharmacy', 'dispensing': 'yes', 'healthcare': 'pharmacy', 'name': 'Farmacia Mura', 'ref:msal': '18522', 'ref:vatin': 'IT03309060923', 'source': 'Ministero della Salute'}",13929554602,node
39.174559,8.9706489,"{'amenity': 'pharmacy', 'dispensing': 'yes', 'healthcare': 'pharmacy', 'name': 'Farmacia Cois', 'ref:msal': '16270', 'ref:vatin': 'IT03963810928', 'source': 'Ministero della Salute'}",13929554603,node
39.1774495,8.9707127,"{'amenity': 'pharmacy', 'dispensing': 'yes', 'healthcare': 'pharmacy', 'name': 'Farmacia Puddu Baire', 'ref:msal': '16256', 'ref:vatin': 'IT03064170925', 'source': 'Ministero della Salute'}",13929554604,node
39.1425992,9.0104347,"{'amenity': 'pharmacy', 'dispensing': 'yes', 'healthcare': 'pharmacy', 'name': ""Farmacia Frutti d'Oro"", 'ref:msal': '16254', 'ref:vatin': 'IT03001350929', 'source': 'Ministero della Salute'}",13929554605,node
39.1740969,8.9755462,"{'amenity': 'bank', 'brand': 'Intesa Sanpaolo', 'brand:wikidata': 'Q1343118', 'name': 'Intesa Sanpaolo'}",13929554613,node
39.0035325,9.0015472,"{'amenity': 'school', 'fee': 'no', 'isced:level': '1', 'name': ""Scuola Primaria Sant'Efisio"", 'ref': 'CAEE845018'}",13934829885,node
39.0033334,9.0011671,"{'amenity': 'school', 'fee': 'no', 'isced:level': '2', 'name': 'Scuola Secondaria di Primo Grado Pula', 'ref': '13110'}",13934829886,node
39.0028283,8.999353,"{'amenity': 'pharmacy', 'dispensing': 'yes', 'healthcare': 'pharmacy', 'name': 'Farmacia Dam snc', 'ref:msal': '20128', 'ref:vatin': 'IT03785140926', 'source': 'Ministero della Salute'}",13934843501,node
39.0053876,9.0006363,"{'amenity': 'bank', 'brand': 'Intesa Sanpaolo', 'brand:wikidata': 'Q1343118', 'name': 'Intesa Sanpaolo'}",13934843508,node
39.3117442,8.9691958,"{'amenity': 'pharmacy', 'dispensing': 'yes', 'healthcare': 'pharmacy', 'name': 'Farmacia San Carlo', 'ref:msal': '19926', 'ref:vatin': 'IT02933630929', 'source': 'Ministero della Salute'}",13935504263,node
39.3108943,8.9665307,"{'amenity': 'bank', 'brand': 'Banco di Sardegna', 'brand:wikidata': 'Q806205', 'name': 'Banco di Sardegna', 'operator': 'Banco di Sardegna', 'operator:wikidata': 'Q806205'}",13935504266,node
40.0482697,8.6375485,"{'amenity': 'bank', 'brand': 'Banco di Sardegna', 'brand:wikidata': 'Q806205', 'name': 'Banco di Sardegna', 'operator': 'Banco di Sardegna', 'operator:wikidata': 'Q806205'}",13938865867,node
40.0835026,8.6139848,"{'amenity': 'school', 'fee': 'no', 'isced:level': '1', 'name': 'Scuola Primaria di Seneghe', 'ref': 'OREE80603Q'}",13952065743,node
40.0836554,8.6140572,"{'amenity': 'school', 'fee': 'no', 'isced:level': '2', 'name': 'Scuola Secondaria di Primo Grado di Seneghe', 'ref': 'ORMM80603P'}",13952065744,node
40.0958339,8.6546807,"{'amenity': 'school', 'fee': 'no', 'isced:level': '2', 'name': 'Scuola Secondaria di Primo Grado di Bonarcado', 'ref': 'OREE80602P'}",13952598184,node
40.0956347,8.6544789,"{'amenity': 'school', 'fee': 'no', 'isced:level': '1', 'name': 'Scuola Primaria di Bonarcado', 'ref': 'OREE80602P'}",13952598185,node
40.2326342,9.0453315,"{'amenity': 'pharmacy', 'dispensing': 'yes', 'healthcare': 'pharmacy', 'name': 'Farmacia Pirari', 'ref:msal': '16010', 'ref:vatin': 'IT00074810912', 'source': 'Ministero della Salute'}",13955474861,node
40.411655,9.3697567,"{'amenity': 'school', 'fee': 'no', 'isced:level': '1', 'name': 'Scuola Primaria di Orune', 'ref': 'NUEE85405Q'}",13955649247,node
40.4113262,9.3701698,"{'amenity': 'school', 'fee': 'no', 'isced:level': '2', 'name': 'Scuola Secondaria di Primo Grado di Orune', 'ref': 'NUMM85403L'}",13955649248,node
40.4096593,9.3701041,"{'amenity': 'post_office', 'brand': 'Poste Italiane', 'brand:wikidata': 'Q495026', 'name': 'Ufficio Postale di Orune', 'opening_hours': 'Mo-Fr 08:20-13:35; Sa 08:20-12:35;PH off', 'operator': 'Poste Italiane', 'operator:wikidata': 'Q495026', 'ref': '80163'}",13955649265,node
40.4065033,9.3692729,"{'amenity': 'pharmacy', 'dispensing': 'yes', 'healthcare': 'pharmacy', 'name': 'Farmacia Sanna Coccone', 'ref:msal': '16032', 'ref:vatin': 'IT01143890919', 'source': 'Ministero della Salute'}",13955649266,node
40.4071361,9.3691438,"{'amenity': 'bank', 'brand': 'Banco di Sardegna', 'brand:wikidata': 'Q806205', 'name': 'Banco di Sardegna', 'operator': 'Banco di Sardegna', 'operator:wikidata': 'Q806205'}",13955649268,node
40.0448373,8.902813,"{'amenity': 'pharmacy', 'dispensing': 'yes', 'healthcare': 'pharmacy', 'name': 'Farmacia Urru', 'ref:msal': '16111', 'ref:vatin': 'IT00681250957', 'source': 'Ministero della Salute'}",13955709760,node
40.0345182,8.9872703,"{'amenity': 'post_office', 'brand': 'Poste Italiane', 'brand:wikidata': 'Q495026', 'name': 'Ufficio Postale di Ortueri', 'opening_hours': 'Mo-Fr 08:20-13:35; Sa 08:20-12:35;PH off', 'operator': 'Poste Italiane', 'operator:wikidata': 'Q495026', 'ref': '80162'}",13959864658,node
40.0377751,8.9835242,"{'amenity': 'bank', 'brand': 'Banco di Sardegna', 'brand:wikidata': 'Q806205', 'name': 'Banco di Sardegna', 'operator': 'Banco di Sardegna', 'operator:wikidata': 'Q806205'}",13959864663,node
40.1185605,9.2538299,"{'amenity': 'pharmacy', 'dispensing': 'yes', 'healthcare': 'pharmacy', 'name': 'Farmacia Buffoni', 'ref:msal': '16028', 'ref:vatin': 'IT01021400914', 'source': 'Ministero della Salute'}",13959951178,node
40.117946,9.2546752,"{'amenity': 'bank', 'brand': 'Banco di Sardegna', 'brand:wikidata': 'Q806205', 'name': 'Banco di Sardegna', 'operator': 'Banco di Sardegna', 'operator:wikidata': 'Q806205'}",13959951186,node
40.0116107,9.2297511,"{'amenity': 'school', 'fee': 'no', 'isced:level': '1', 'name': 'Scuola Primaria Issiria', 'ref': 'NUEE835027'}",13960094445,node
40.0063941,9.2236987,"{'amenity': 'school', 'fee': 'no', 'isced:level': '1', 'name': 'Scuola Primaria Ovolaccio', 'ref': 'NUEE835016'}",13960094446,node
40.0067289,9.2241418,"{'amenity': 'school', 'fee': 'no', 'isced:level': '2', 'name': 'Scuola Secondaria di Primo Grado', 'ref': 'NUMM835015'}",13960094449,node
40.0108569,9.2286948,"{'amenity': 'bank', 'brand': 'Banco di Sardegna', 'brand:wikidata': 'Q806205', 'name': 'Banco di Sardegna', 'operator': 'Banco di Sardegna', 'operator:wikidata': 'Q806205'}",13960094457,node
40.6284104,9.6757215,"{'amenity': 'bank', 'brand': 'Banco di Sardegna', 'brand:wikidata': 'Q806205', 'name': 'Banco di Sardegna', 'operator': 'Banco di Sardegna', 'operator:wikidata': 'Q806205'}",13965626158,node
40.5920754,9.5438591,"{'amenity': 'pharmacy', 'dispensing': 'yes', 'healthcare': 'pharmacy', 'name': 'Farmacia Spanu', 'ref:msal': '16035', 'ref:vatin': 'IT01512110915', 'source': 'Ministero della Salute'}",13970330524,node
40.5914621,9.5426276,"{'amenity': 'bank', 'brand': 'Banco di Sardegna', 'brand:wikidata': 'Q806205', 'name': 'Banco di Sardegna', 'operator': 'Banco di Sardegna', 'operator:wikidata': 'Q806205'}",13970330525,node
40.0251169,9.1700408,"{'amenity': 'school', 'fee': 'no', 'isced:level': '2', 'name': 'Scuola Secondaria di Primo Grado Peppino Mereu', 'ref': 'NUMM835048'}",13970858620,node
40.0250943,9.1694319,"{'addr:city': 'Tonara', 'addr:postcode': '08039', 'addr:street': ""Via Sant'Antonio"", 'amenity': 'school', 'isced:level': '3', 'name': 'Istituto Tecnico Industriale Antonio Gramsci', 'ref': 'NUTF00201D'}",13970858621,node
40.0239205,9.1727726,"{'amenity': 'pharmacy', 'dispensing': 'yes', 'healthcare': 'pharmacy', 'name': 'Farmacia Zucca', 'ref:msal': '15971', 'ref:vatin': 'IT02271400927', 'source': 'Ministero della Salute'}",13970858622,node
39.9640809,9.1844667,"{'amenity': 'post_office', 'brand': 'Poste Italiane', 'brand:wikidata': 'Q495026', 'name': 'Ufficio Postale di Belvì', 'opening_hours': 'Mo-Fr 08:20-13:35; Sa 08:20-12:35;PH off', 'operator': 'Poste Italiane', 'operator:wikidata': 'Q495026', 'ref': '80111'}",13971785352,node
39.959055,9.1926116,"{'amenity': 'school', 'fee': 'no', 'isced:level': '2', 'name': 'Scuola Secondaria di Primo Grado di Aritzo', 'ref': 'NUMM835037'}",13972286345,node
39.9590345,9.1923299,"{'amenity': 'school', 'fee': 'no', 'isced:level': '1', 'name': 'Scuola Primaria di Aritzo', 'ref': 'NUEE835038'}",13972286346,node
40.1685963,9.1764016,"{'amenity': 'school', 'fee': 'no', 'isced:level': '1', 'name': 'Scuola Primaria di Ollolai', 'ref': 'NUEE821029'}",13977277261,node
40.168741,9.1765072,"{'amenity': 'school', 'fee': 'no', 'isced:level': '2', 'name': 'Scuola Secondaria di Primo Grado di Ollolai', 'ref': 'NUMM821028'}",13977277262,node
40.1692793,9.1810859,"{'amenity': 'bank', 'brand': 'Banco di Sardegna', 'brand:wikidata': 'Q806205', 'name': 'Banco di Sardegna', 'operator': 'Banco di Sardegna', 'operator:wikidata': 'Q806205'}",13977277264,node
40.1674986,9.1785245,"{'amenity': 'pharmacy', 'dispensing': 'yes', 'healthcare': 'pharmacy', 'name': 'Farmacia Mellino', 'ref:msal': '16031', 'ref:vatin': 'IT01030260911', 'source': 'Ministero della Salute'}",13977277278,node
40.2710884,9.1687439,"{'amenity': 'school', 'fee': 'no', 'isced:level': '1', 'name': 'Scuola Primaria di Oniferi', 'ref': 'NUEE823032'}",13977307671,node
40.2709206,9.1690242,"{'amenity': 'school', 'fee': 'no', 'isced:level': '2', 'name': 'Scuola Secondaria di Primo Grado di Oniferi', 'ref': 'NUMM823031'}",13977307673,node
40.2716645,9.1693501,"{'amenity': 'post_office', 'brand': 'Poste Italiane', 'brand:wikidata': 'Q495026', 'name': 'Ufficio Postale di Oniferi', 'opening_hours': 'Mo-Fr 08:20-13:35; Sa 08:20-12:35;PH off', 'operator': 'Poste Italiane', 'operator:wikidata': 'Q495026', 'ref': '80156'}",13977307677,node
39.9918823,9.0747969,"{'amenity': 'school', 'fee': 'no', 'isced:level': '1', 'name': 'Scuola Primaria di Atzara', 'ref': 'NUEE865012'}",13978104231,node
40.0679044,9.1490887,"{'amenity': 'school', 'fee': 'no', 'isced:level': '1', 'name': 'Scuola Primaria di Tiana', 'ref': 'NUEE865067'}",13978142159,node
40.094973,9.1612899,"{'amenity': 'post_office', 'brand': 'Poste Italiane', 'brand:wikidata': 'Q495026', 'name': 'Ufficio Postale di Ovodda', 'opening_hours': 'Mo-Fr 08:20-13:35; Sa 08:20-12:35;PH off', 'operator': 'Poste Italiane', 'operator:wikidata': 'Q495026', 'ref': '80167'}",13986135859,node
40.0967877,9.1622495,"{'amenity': 'school', 'fee': 'no', 'isced:level': '1', 'name': 'Scuola Primaria di Ovodda', 'ref': 'NUEE82105C'}",13986135862,node
40.096551,9.1624783,"{'amenity': 'school', 'fee': 'no', 'isced:level': '2', 'name': 'Scuola Secondaria di Primo Grado di Ovodda', 'ref': 'NUMM82104A'}",13986135863,node
39.3632377,9.006501,"{'amenity': 'post_office', 'brand': 'Poste Italiane', 'brand:wikidata': 'Q495026', 'name': 'Ufficio Postale di San Sperate', 'opening_hours': 'Mo-Fr 08:20-13:35; Sa 08:20-12:35;PH off', 'operator': 'Poste Italiane', 'operator:wikidata': 'Q495026', 'ref': 'IT01658570922'}",13989491746,node
39.3565291,9.0084758,"{'amenity': 'pharmacy', 'dispensing': 'yes', 'healthcare': 'pharmacy', 'name': 'Farmacia Pusceddu', 'ref:msal': '18756', 'ref:vatin': 'IT01658570922', 'source': 'Ministero della Salute'}",13989491747,node
39.3581511,9.0057092,"{'amenity': 'pharmacy', 'dispensing': 'yes', 'healthcare': 'pharmacy', 'name': 'Farmacia Valle', 'ref:msal': '16278', 'ref:vatin': 'IT02636040921', 'source': 'Ministero della Salute'}",13989491748,node
39.3569223,9.0082003,"{'amenity': 'bank', 'brand': 'Banco di Sardegna', 'brand:wikidata': 'Q806205', 'name': 'Banco di Sardegna', 'operator': 'Banco di Sardegna', 'operator:wikidata': 'Q806205'}",13989491750,node
40.1822825,9.1499724,"{'amenity': 'post_office', 'brand': 'Poste Italiane', 'brand:wikidata': 'Q495026', 'name': 'Ufficio Postale di Olzai', 'opening_hours': 'Mo-Fr 08:20-13:35; Sa 08:20-12:35;PH off', 'operator': 'Poste Italiane', 'operator:wikidata': 'Q495026', 'ref': '80154'}",13990209030,node
40.1833344,9.1451503,"{'amenity': 'school', 'fee': 'no', 'isced:level': '2', 'name': 'Scuola Secondaria di Primo Grado Francesco Boi', 'ref': 'NUMM821039'}",13990209040,node
40.1833228,9.144876,"{'amenity': 'school', 'fee': 'no', 'isced:level': '1', 'name': 'Scuola Primaria di Olzai', 'ref': 'NUEE82104B'}",13990209041,node
40.1622962,9.1941818,"{'amenity': 'school', 'fee': 'no', 'isced:level': '2', 'name': 'Scuola Secondaria di Primo Grado Giovanni Maria Pelleu', 'ref': 'NUMM821017'}",13990656629,node
40.1618466,9.1942238,"{'amenity': 'school', 'fee': 'no', 'isced:level': '1', 'name': 'Scuola Primaria di Gavoi', 'ref': 'NUEE821018'}",13990656630,node
40.1603495,9.19524,"{'amenity': 'pharmacy', 'dispensing': 'yes', 'healthcare': 'pharmacy', 'name': 'Farmacia Mereu', 'ref:msal': '16023', 'ref:vatin': 'IT00936890912', 'source': 'Ministero della Salute'}",13990656633,node
40.249249,9.1753028,"{'amenity': 'post_office', 'brand': 'Poste Italiane', 'brand:wikidata': 'Q495026', 'name': 'Ufficio Postale di Orani', 'opening_hours': 'Mo-Fr 08:20-13:35; Sa 08:20-12:35;PH off', 'operator': 'Poste Italiane', 'operator:wikidata': 'Q495026', 'ref': '80157'}",14000364496,node
40.1866484,8.5704464,"{'amenity': 'school', 'fee': 'no', 'isced:level': '2', 'name': 'Scuola Secondaria di Primo Grado di Cuglieri', 'ref': 'ORMM80604Q'}",14000700187,node
40.1867508,8.570129,"{'amenity': 'school', 'fee': 'no', 'isced:level': '1', 'name': 'Scuola Primaria di Cuglieri', 'ref': 'OREE80604R'}",14000700188,node
40.3262833,8.9609925,"{'amenity': 'school', 'fee': 'no', 'isced:level': '2', 'name': 'Scuola Secondaria di Primo Grado Bacchisio Raimondo Motzo', 'ref': 'NUMM872047'}",14006099399,node
40.3265652,8.9604286,"{'amenity': 'school', 'fee': 'no', 'isced:level': '1', 'name': 'Scuola Primaria di Bolotana', 'ref': 'NUEE87206A'}",14006099400,node
40.215779,8.5887162,"{'amenity': 'bank', 'brand': 'Banco di Sardegna', 'brand:wikidata': 'Q806205', 'name': 'Banco di Sardegna', 'operator': 'Banco di Sardegna', 'operator:wikidata': 'Q806205'}",14006250470,node
40.2965572,8.6586855,"{'amenity': 'school', 'fee': 'no', 'isced:level': '1', 'name': 'Scuola Primaria di Sindia', 'ref': 'SINDIA'}",14019919501,node
40.2966175,8.6582851,"{'amenity': 'school', 'fee': 'no', 'isced:level': '2', 'name': 'Scuola Secondaria di Primo Grado Giovanni Depperu', 'ref': 'NUMM86703P'}",14019919502,node
40.3860978,9.612504,"{'amenity': 'post_office', 'brand': 'Poste Italiane', 'brand:wikidata': 'Q495026', 'name': 'Ufficio Postale di Galtellì', 'opening_hours': 'Mo-Fr 08:20-13:35; Sa 08:20-12:35;PH off', 'operator': 'Poste Italiane', 'operator:wikidata': 'Q495026', 'ref': '80128'}",14022374931,node
40.2617552,8.5768427,"{'amenity': 'pharmacy', 'dispensing': 'yes', 'healthcare': 'pharmacy', 'name': 'Dispensario Farmaceutico Mocci', 'ref:msal': '20657', 'ref:vatin': 'IT00927800912', 'source': 'Ministero della Salute'}",14022406373,node
40.2747057,8.5295281,"{'amenity': 'post_office', 'brand': 'Poste Italiane', 'brand:wikidata': 'Q495026', 'name': 'Ufficio Postale di Modolo', 'opening_hours': 'Fr 08:45-13:45', 'operator': 'Poste Italiane', 'operator:wikidata': 'Q495026', 'ref': '72146'}",14023491425,node
40.3016644,9.1109824,"{'amenity': 'bank', 'brand': 'Banco di Sardegna', 'brand:wikidata': 'Q806205', 'name': 'Banco di Sardegna', 'operator': 'Banco di Sardegna', 'operator:wikidata': 'Q806205'}",14023899338,node
40.4716412,9.4924872,"{'amenity': 'school', 'fee': 'no', 'isced:level': '2', 'name': 'Scuola Secondaria di Primo Grado di Lula', 'ref': 'NUMM85402G'}",14026652342,node
40.4716429,9.4922362,"{'amenity': 'school', 'fee': 'no', 'isced:level': '1', 'name': 'Scuola Primaria di Lula', 'ref': 'NUEE85403N'}",14026652343,node
40.40953,9.6328345,"{'amenity': 'pharmacy', 'dispensing': 'yes', 'healthcare': 'pharmacy', 'name': 'Farmacia Cuccuru', 'ref:msal': '16044', 'ref:vatin': 'IT00721320919', 'source': 'Ministero della Salute'}",14027175849,node
40.4097097,9.6314009,"{'amenity': 'post_office', 'brand': 'Poste Italiane', 'brand:wikidata': 'Q495026', 'name': 'Ufficio Postale di Irgoli', 'opening_hours': 'Mo-Fr 08:20-13:45; Sa 08:20-12:45; PH off', 'operator': 'Poste Italiane', 'operator:wikidata': 'Q495026', 'ref': '80134'}",14027175898,node
40.4084067,9.6324724,"{'amenity': 'bank', 'brand': 'Banco di Sardegna', 'brand:wikidata': 'Q806205', 'name': 'Banco di Sardegna', 'operator': 'Banco di Sardegna', 'operator:wikidata': 'Q806205'}",14027175899,node
40.2716449,9.404052,"{'amenity': 'bank', 'brand': 'Banco di Sardegna', 'brand:wikidata': 'Q806205', 'name': 'Banco di Sardegna', 'operator': 'Banco di Sardegna', 'operator:wikidata': 'Q806205'}",14031454447,node
39.8672568,9.2381016,"{'amenity': 'school', 'fee': 'no', 'isced:level': '2', 'name': 'Scuola Secondaria di Primo Grado di Seulo', 'ref': 'NUMM835059'}",14038520809,node
39.867341,9.2378312,"{'amenity': 'school', 'fee': 'no', 'isced:level': '1', 'name': 'Scuola Primaria di Seulo', 'ref': 'NUEE83507C'}",14038520810,node
39.8689231,9.2388077,"{'amenity': 'post_office', 'brand': 'Poste Italiane', 'brand:wikidata': 'Q495026', 'name': 'Ufficio Postale di Seulo', 'opening_hours': 'Mo-Fr 08:20-13:45; Sa 08:20-12:45; PH off', 'operator': 'Poste Italiane', 'operator:wikidata': 'Q495026', 'ref': '13421'}",14038520811,node
39.7782584,9.2861044,"{'amenity': 'school', 'fee': 'no', 'isced:level': '2', 'name': 'Scuola Secondaria di Primo Grado', 'ref': 'CAMM8AC02R'}",14041562490,node
39.7785466,9.2857204,"{'amenity': 'school', 'fee': 'no', 'isced:level': '1', 'name': 'Scuola Primaria di Esterzili', 'ref': 'CAEE8AC051'}",14041562491,node
39.7811391,9.285699,"{'amenity': 'post_office', 'brand': 'Poste Italiane', 'brand:wikidata': 'Q495026', 'name': 'Ufficio Postale di Esterzili', 'opening_hours': 'Mo-Fr 08:20-13:45; Sa 08:20-12:45; PH off', 'operator': 'Poste Italiane', 'operator:wikidata': 'Q495026', 'ref': '13412'}",14041562496,node
39.7907447,9.5192501,"{'amenity': 'bank', 'brand': 'Banco di Sardegna', 'brand:wikidata': 'Q806205', 'name': 'Banco di Sardegna', 'operator': 'Banco di Sardegna', 'operator:wikidata': 'Q806205'}",14049031153,node
39.8117896,9.5007638,"{'amenity': 'bank', 'brand': 'Banco di Sardegna', 'brand:wikidata': 'Q806205', 'name': 'Banco di Sardegna', 'operator': 'Banco di Sardegna', 'operator:wikidata': 'Q806205'}",14049327407,node
39.8089601,9.5011057,"{'amenity': 'post_office', 'brand': 'Poste Italiane', 'brand:wikidata': 'Q495026', 'name': 'Ufficio Postale di Ulassai', 'opening_hours': 'Mo-Fr 08:20-13:45; Sa 08:20-12:45; PH off', 'operator': 'Poste Italiane', 'operator:wikidata': 'Q495026', 'ref': '80191'}",14049327416,node
39.8485301,9.5061186,"{'amenity': 'school', 'fee': 'no', 'isced:level': '2', 'name': 'Scuola Secondaria di Primo Grado Flavio Cocco', 'ref': 'NUMM860052'}",14051445770,node
39.8486884,9.5058832,"{'amenity': 'school', 'fee': 'no', 'isced:level': '1', 'name': 'Scuola Primaria di Gairo', 'ref': 'NUEE860064'}",14051445771,node
39.8470905,9.5063956,"{'amenity': 'bank', 'brand': 'Banco di Sardegna', 'brand:wikidata': 'Q806205', 'name': 'Banco di Sardegna', 'operator': 'Banco di Sardegna', 'operator:wikidata': 'Q806205'}",14051445806,node
39.8148417,9.2737886,"{'amenity': 'bank', 'brand': 'Banco di Sardegna', 'brand:wikidata': 'Q806205', 'name': 'Banco di Sardegna', 'operator': 'Banco di Sardegna', 'operator:wikidata': 'Q806205'}",14051765620,node
39.8380115,9.324367,"{'amenity': 'school', 'fee': 'no', 'isced:level': '1', 'name': 'Scuola Primaria Filiberto Farci', 'ref': 'CAEE8AC084'}",14060681096,node
39.8375883,9.324536,"{'amenity': 'school', 'fee': 'no', 'isced:level': '2', 'name': 'Scuola Secondaria di Primo Grado Filiberto Farci', 'ref': 'CAMM8AC083'}",14060681097,node
40.0917952,9.5097042,"{'amenity': 'school', 'fee': 'no', 'isced:level': '1', 'name': 'Scuola Primaria di Urzulei', 'ref': 'NUEE86306G'}",14061609899,node
40.0917351,9.5095548,"{'amenity': 'school', 'fee': 'no', 'isced:level': '2', 'name': 'Scuola Secondaria di Primo Grado di Urzulei', 'ref': 'NUMM86305D'}",14061609900,node
40.0411669,9.4954028,"{'amenity': 'bank', 'brand': 'Banco di Sardegna', 'brand:wikidata': 'Q806205', 'name': 'Banco di Sardegna', 'operator': 'Banco di Sardegna', 'operator:wikidata': 'Q806205'}",14064529283,node
39.2578492,9.0644159,"{'amenity': 'pharmacy', 'healthcare': 'pharmacy', 'name': 'Sorelle Petromili'}",14065988918,node
40.5578406,8.3153882,"{'amenity': 'bank', 'name': 'Banco di Sardegna'}",14068974831,node
39.8757204,9.5401375,"{'amenity': 'pharmacy', 'dispensing': 'yes', 'healthcare': 'pharmacy', 'name': 'Farmacia Matta', 'ref:msal': '20781', 'ref:vatin': 'IT03396250924', 'source': 'Ministero della Salute'}",14069811304,node
39.8787745,9.5413637,"{'addr:housenumber': '8', 'addr:street': 'Via Roma', 'amenity': 'pharmacy', 'dispensing': 'yes', 'healthcare': 'pharmacy', 'name': 'Farmacia Ghiani', 'ref:msal': '16050', 'ref:vatin': 'IT01282380912', 'source': 'Ministero della Salute'}",14069811305,node
39.8593121,9.585043,"{'amenity': 'school', 'fee': 'no', 'isced:level': '2', 'name': 'Scuola Secondaria di Primo Grado di Loceri', 'ref': 'NUMM86202E'}",14074124403,node
39.859226,9.5847126,"{'amenity': 'school', 'fee': 'no', 'isced:level': '1', 'name': 'Scuola Primaria Ferdinando Podda'}",14074124404,node
39.2847617,9.0093006,"{'addr:city': 'Assemini', 'addr:housenumber': '77c', 'addr:postcode': '09032', 'addr:street': 'Via Carmine', 'amenity': 'pharmacy', 'dispensing': 'no', 'drive_through': 'no', 'healthcare': 'pharmacy', 'name': 'Parafarmacia Ygeia'}",14074519998,node
39.6786552,9.4428778,"{'amenity': 'school', 'fee': 'no', 'isced:level': '2', 'name': 'Scuola Secondaria di Primo Grado', 'ref': 'NUMM860041'}",14089827717,node
39.6784157,9.4428393,"{'amenity': 'school', 'fee': 'no', 'isced:level': '1', 'name': 'Scuola Primaria di Perdasdefogu', 'ref': 'NUEE860075'}",14089827718,node
40.5483762,8.8311249,"{'amenity': 'school', 'fee': 'no', 'isced:level': '1', 'name': 'Scuola Primaria Don Lorenzo Milani', 'ref': 'SSEE84808B'}",14091733675,node
40.5483395,8.8306528,"{'amenity': 'school', 'fee': 'no', 'isced:level': '2', 'name': 'Scuola Secondaria di Primo Grado Grazia Deledda', 'ref': 'SSMM848046'}",14091733676,node
40.6671675,8.5402446,"{'amenity': 'school', 'fee': 'no', 'isced:level': '1', 'name': 'Scuola Primaria di Usini', 'ref': 'SSEE836041'}",14093883419,node
40.8732746,9.6317053,"{'amenity': 'school', 'fee': 'no', 'isced:level': '1', 'name': 'Scuola Primaria di Porto San Paolo', 'ref': 'SSEE82502C'}",14098625120,node
40.142453,8.6515805,"{'amenity': 'school', 'fee': 'no', 'isced:level': '2', 'name': 'Scuola Secondaria di Primo Grado Antonio Segni', 'ref': 'ORMM80601L'}",14101178309,node
40.1425159,8.6513,"{'addr:city': 'Santu Lussurzu/Santu Lussurgiu', 'addr:housenumber': '7', 'addr:postcode': '09072', 'addr:street': 'Via Frati Minori', 'amenity': 'school', 'fee': 'no', 'isced:level': '1', 'name': 'Scuola primaria Santu Lussurgiu', 'operator': 'Istituto Comprensivo Santu Lussurgiu', 'ref': 'OREE80601N'}",14101178310,node
40.7853101,8.5896671,"{'amenity': 'school', 'fee': 'no', 'isced:level': '1', 'name': 'Scuola Primaria Montigheddu', 'ref': 'SSEE843044'}",14110017343,node
40.7938374,8.5759048,"{'amenity': 'pharmacy', 'dispensing': 'yes', 'healthcare': 'pharmacy', 'name': 'Farmacia Brau', 'ref:msal': '18591', 'ref:vatin': 'IT02960480909', 'source': 'Ministero della Salute'}",14112088996,node
40.8377977,8.401087,"{'amenity': 'bank', 'brand': 'BNL', 'brand:wikidata': 'Q2201225', 'name': 'BNL', 'official_name': 'Banca Nazionale del Lavoro'}",14119398969,node
40.9136007,8.714029,"{'amenity': 'school', 'fee': 'no', 'isced:level': '2', 'name': ""Scuola Secondaria di Primo Grado Eleonora d'Arborea"", 'ref': 'SSMM81101C'}",14122020578,node
40.9139747,8.7144113,"{'amenity': 'school', 'fee': 'no', 'isced:level': '1', 'name': 'Scuola Primaria di Castelsardo', 'ref': 'SSEE81105N'}",14122020579,node
40.901215,8.6840326,"{'amenity': 'pharmacy', 'dispensing': 'yes', 'healthcare': 'pharmacy', 'name': 'Farmacia Lu Bagnu', 'ref:msal': '20774', 'ref:vatin': 'IT02847340904', 'source': 'Ministero della Salute'}",14122020618,node
40.4092257,9.0325883,"{'amenity': 'school', 'isced:level': '3', 'name': 'Liceo Scientifico Giovanni Maria Angioy', 'ref': 'SSPS024014'}",14128040441,node
40.4089173,9.0326929,"{'amenity': 'school', 'isced:level': '3', 'name': 'Istituto Tecnico Commerciale Geometri e Agrario Francesco Cocco Ortu', 'ref': 'SSIS01600P'}",14128040445,node
39.3062902,9.1943276,"{'amenity': 'school', 'fee': 'no', 'isced:level': '1', 'name': 'Scuola Primaria Sa Pedralla', 'ref': 'CAEE890049'}",28416412,way
39.301502,9.2085056,"{'amenity': 'school', 'fee': 'no', 'isced:level': '2', 'name': 'Scuola Secondaria di Primo Grado Luigi Amat', 'ref': 'CAMM890015', 'source': 'Yahoo imagery'}",28420646,way
39.2292867,9.1125,"{'amenity': 'university', 'name': 'Campus ""Sa Duchessa""', 'operator': 'Università degli Studi di Cagliari'}",32404869,way
39.2711219,9.1258787,"{'alt_name': 'Policlinico Universitario', 'amenity': 'hospital', 'emergency': 'yes', 'healthcare': 'hospital', 'name': 'Policlinico Universitario Duilio Casula', 'short_name': 'Policlinico', 'toilets:wheelchair': 'yes', 'wheelchair': 'yes'}",32555372,way
39.258995,9.1534012,"{'amenity': 'school', 'fee': 'no', 'isced:level': '2', 'name': 'Scuola Secondaria di Primo Grado Dante Alighieri', 'ref': 'CAMM8AF017'}",74008509,way
40.3767473,9.6915363,"{'amenity': 'post_office', 'brand': 'Poste Italiane', 'brand:wikidata': 'Q495026', 'building': 'yes', 'name': 'Ufficio Postale di Orosei', 'opening_hours': 'Mo-Fr 08:20-13:35; Sa 08:20-12:35;PH off', 'operator': 'Poste Italiane', 'operator:wikidata': 'Q495026', 'ref': '80159'}",102704312,way
39.2261537,9.1016328,"{'addr:housenumber': '103', 'addr:postcode': '09123', 'addr:street': 'Viale Trento', 'amenity': 'school', 'isced:level': '3', 'name': 'Liceo Classico Giovanni Siotto Pintor', 'ref': 'CAPC050004', 'wheelchair': 'limited'}",118512831,way
40.2166176,8.586273,"{'amenity': 'university', 'name': 'Centro Multimediale Montiferru - Montiferru Institute Of Informatics and Technology'}",118521168,way
39.2290947,9.109074,"{'amenity': 'university', 'internet_access': 'wlan', 'name': 'Polo didattico di Ingegneria e Architettura', 'operator': 'Università degli Studi di Cagliari', 'wheelchair': 'limited'}",118577656,way
39.9518492,9.660882,"{'amenity': 'school', 'building:use': 'school'}",119572144,way
39.2516045,9.0992211,"{'amenity': 'school', 'fee': 'no', 'isced:level': '1', 'name': 'Scuola Primaria Sergio Atzeni', 'ref': 'CAEE870011'}",128083108,way
40.718587,8.5541306,"{'amenity': 'hospital', 'emergency': 'yes', 'healthcare': 'hospital', 'landuse': 'healthcare', 'name': 'Ospedale Civile Santissima Annunziata', 'operator': 'Azienda Ospedaliera Universitaria Sassari', 'operator:short': 'AOU Sassari'}",134658422,way
39.7215941,8.6434497,"{'addr:city': 'Terralba', 'addr:postcode': '09098', 'addr:street': 'Via Rio Mogoro', 'amenity': 'school', 'isced:level': '3', 'name': 'Istituto Tecnico Commerciale - Liceo Scientifico', 'ref': 'ORTD01102E;ORPS01101N'}",139230557,way
40.1865324,8.5671409,"{'amenity': 'post_office', 'atm': 'yes', 'brand': 'Poste Italiane', 'brand:wikidata': 'Q495026', 'building': 'yes', 'name': 'Ufficio Postale di Cuglieri', 'opening_hours': 'Mo-Fr 08:20-13:35; Sa 08:20-12:35;PH off', 'operator': 'Poste Italiane', 'operator:wikidata': 'Q495026', 'ref': '72023'}",144090986,way
39.1796286,8.9784001,"{'addr:city': 'Cabuderra/Capoterra', 'addr:housenumber': '1', 'addr:street': 'Via Trexenta', 'amenity': 'school', 'isced:level': '3', 'name': 'Istituto di Istruzione Superiore Sergio Atzeni', 'operator:ref': 'CAIS00700G', 'operator:type': 'public', 'phone': '+39 070 722064', 'ref': 'CAIS02900C'}",146853511,way
40.5756521,9.6927532,"{'addr:city': 'Siniscola', 'addr:housenumber': '16', 'addr:postcode': '08029', 'addr:street': 'Via Antonio Gramsci', 'amenity': 'school', 'fee': 'no', 'isced:level': '1', 'name': 'Scuola primaria Carmelo Cottone', 'operator': 'Comune di Siniscola', 'operator:type': 'public', 'ref': 'NUEE879032'}",148010680,way
40.5765339,9.700539,"{'addr:city': 'Siniscola', 'addr:housenumber': '13', 'addr:postcode': '08029', 'addr:street': 'Via Pietro Micca', 'amenity': 'school', 'email': 'nutd10000b@istruzione.it', 'isced:level': '3', 'name': 'Istituto Tecnico Commerciale e per Geometri Luigi Oggiano', 'operator': ""Ministero dell'istruzione, dell'università e della ricerca"", 'operator:type': 'public', 'phone': '+390784878066', 'ref': 'NUTD10000B', 'religion': 'none', 'website': 'https://www.itcgoggiano.edu.it/'}",148161152,way
40.5782674,9.7002195,"{'addr:city': 'Siniscola', 'addr:housenumber': '1', 'addr:postcode': '08029', 'addr:street': 'Via Silvio Pellico', 'amenity': 'school', 'email': 'NUIC878002@istruzione.it', 'fee': 'no', 'isced:level': '2', 'name': 'Scuola Secondaria di Primo Grado di Siniscola', 'operator': ""Ministero dell'istruzione, delll'università e della ricerca"", 'operator:type': 'public', 'phone': '+390784878550', 'ref': 'NUMM87901V', 'religion': 'none', 'website': 'http://www.ic1siniscola.gov.it/icsiniscola/'}",148161160,way
40.5691654,9.7097,"{'amenity': 'school', 'isced:level': '3', 'name': 'Liceo Scientifico Michelangelo Pira', 'ref': 'NUPS018033'}",148163183,way
40.324826,9.31647,"{'addr:city': 'Nuoro', 'addr:postcode': '08100', 'addr:street': 'Via Salvatore Mannironi', 'amenity': 'hospital', 'emergency': 'yes', 'healthcare': 'hospital', 'name': 'Ospedale San Francesco', 'phone': '+39 0784 240237', 'website': 'http://www.aslnuoro.it/index.php?xsl=21&s=3&v=9&c=625&esn=Primo+piano&na=1&n=50'}",148652958,way
40.3217355,9.3181166,"{'amenity': 'hospital', 'check_date': '2025-01-04', 'emergency': 'no', 'healthcare': 'hospital', 'leisure': 'park', 'name': 'Ospedale Cesare Zonchello', 'phone': '+39 0784 240237', 'website': 'http://www.aslnuoro.it/index.php?xsl=21&s=3&v=9&c=626&esn=Primo+piano&na=1&n=50'}",148652959,way
40.2676764,8.7750093,"{'amenity': 'bank', 'atm': 'yes', 'brand': 'Banco di Sardegna', 'brand:wikidata': 'Q806205', 'building': 'yes', 'drive_through': 'no', 'name': 'Banco di Sardegna', 'operator': 'Banco di Sardegna', 'operator:wikidata': 'Q806205'}",152565947,way
39.7516521,8.6372753,{'amenity': 'school'},153488304,way
39.2156618,9.1226731,"{'amenity': 'school', 'isced:level': '3', 'name': 'Istituto Tecnico Economico Pietro Martini', 'ref': 'CATD220001'}",154910189,way
39.2195111,9.1108675,"{'alt_name': 'Dipartimento Militare di Medicina Legale', 'amenity': 'hospital', 'healthcare': 'hospital', 'military': 'hospital', 'name': 'Ospedale Militare ""Amerigo Demurtas""'}",156500836,way
39.2373063,9.1759939,"{'amenity': 'school', 'wheelchair': 'limited'}",156509430,way
39.2371318,9.1751242,"{'amenity': 'school', 'isced:level': '1', 'name': 'Scuola Primaria Via Pierluigi da Palestrina', 'ref': 'CAEE882028', 'toilets:wheelchair': 'yes', 'wheelchair': 'limited'}",156509434,way
39.2210486,9.1119986,"{'alt_name': 'Ospedale Civile', 'amenity': 'hospital', 'emergency': 'yes', 'healthcare': 'hospital', 'name': 'Ospedale Civile ""San Giovanni di Dio""', 'website': 'https://www.aoucagliari.it/home/page/it/presidio_ospedaliero_san_giovanni_di_dio?contentId=LGO2703', 'wheelchair': 'no', 'wikidata': 'Q3886638', 'wikimedia_commons': 'Category:Ospedale San Giovanni di Dio', 'wikipedia': 'it:Ospedale San Giovanni di Dio (Cagliari)'}",156979610,way
39.0359519,8.9978883,"{'amenity': 'school', 'education': 'school', 'fee': 'no', 'isced:level': '1', 'name': 'Scuola Primaria di Villa San Pietro', 'ref': 'CAEE846025'}",158712266,way
39.2610638,9.1279047,"{'addr:housename': 'I.P.S.A.R. Antonio Gramsci Monserrato', 'addr:postcode': '09042', 'addr:street': 'Via Decio Mure', 'amenity': 'school', 'isced:level': '3', 'name': 'Istituto Professionale per i Servizi Alberghieri e la Ristorazione Antonio Gramsci Monserrato', 'ref': 'CARH050001', 'source': 'www.alberghierogramsci.it'}",161373823,way
39.3266254,8.5309252,"{'amenity': 'hospital', 'emergency': 'no', 'name': 'Ospedale Fratelli Crobu'}",170250096,way
39.3150713,8.5384679,"{'amenity': 'hospital', 'emergency': 'yes', 'name': 'Ospedale Santa Barbara'}",170316757,way
39.3100711,8.5248459,"{'amenity': 'hospital', 'emergency': 'yes', 'name': 'Ospedale C.T.O.'}",170317534,way
40.6110808,8.9902238,"{'addr:city': 'San Nicola', 'addr:postcode': '07014', 'addr:street': 'Via Giacomo Chessa', 'amenity': 'post_office', 'building': 'yes', 'operator': 'Poste Italiane', 'operator:wikidata': 'Q495026'}",172758019,way
39.2413213,9.2011205,"{'amenity': 'school', 'check_date': '2024-04-04', 'name': 'Istituto di istruzione secondaria di primo grado ""Grazia Deledda""'}",172994788,way
40.6337949,9.7169648,"{'amenity': 'school', 'name': 'Scuola Media'}",180377494,way
41.2175124,9.406791,"{'amenity': 'hospital', 'healthcare': 'hospital', 'name': 'Ospedale ""Paolo Merlo""'}",182554284,way
41.2162457,9.4032,"{'amenity': 'school', 'name': 'Scuola Primaria Giovanni Battista'}",182554291,way
40.0069902,9.2267398,"{'amenity': 'school', 'isced:level': '3', 'name': 'Istituto Professionale per i Servizi Commerciali e Turistici', 'ref': 'NURC01201E'}",184793321,way
40.7871432,9.1620259,"{'amenity': 'post_office', 'brand': 'Poste Italiane', 'brand:wikidata': 'Q495026', 'building': 'yes', 'name': 'Ufficio Postale Berchidda', 'operator': 'Poste Italiane', 'operator:wikidata': 'Q495026'}",186113992,way
40.7200072,9.0954852,"{'addr:postcode': '07027', 'addr:street': 'Circonvallazione San Pietro', 'amenity': 'school', 'isced:level': '2', 'name': 'Scuola media G. Elia Lutzu', 'ref': 'SSMM83003X'}",188865694,way
40.3863652,8.9906974,"{'amenity': 'school', 'building': 'school', 'name': 'Scuola elementare', 'source': 'Federica Curreli'}",195773037,way
39.7203796,8.6435472,"{'addr:city': 'Terralba', 'addr:housenumber': '109', 'addr:postcode': '09098', 'addr:street': 'Viale Sardegna', 'amenity': 'school', 'fee': 'no', 'isced:level': '2', 'name': 'Scuola Secondaria di Primo Grado Erminio Marcias', 'ref': 'ORMM829019'}",196584364,way
39.7230091,8.6368283,"{'addr:city': 'Terralba', 'addr:housenumber': '4', 'addr:postcode': '09098', 'addr:street': 'Via Marceddì', 'amenity': 'post_office', 'brand': 'Poste Italiane', 'brand:wikidata': 'Q495026', 'building': 'office', 'name': 'Ufficio Postale di Terralba', 'opening_hours': 'Mo-Fr 08:20-13:45; Sa 08:20-13:45; PH off', 'operator': 'Poste Italiane', 'operator:wikidata': 'Q495026', 'operator:wikipedia': 'en:Poste italiane', 'ref': '72066', 'wheelchair': 'yes'}",196947023,way
39.7224626,8.6300657,"{'addr:housename': 'Scuola materna e elementare', 'addr:housenumber': '49', 'addr:postcode': '09098', 'addr:street': ""Via Eleonora D'Arborea"", 'amenity': 'school', 'barrier': 'fence', 'fee': 'no', 'isced:level': '1', 'name': 'Scuola Primaria di Via Eleonora', 'ref': 'OREE82902B'}",197080632,way
39.7213189,8.6388992,"{'addr:city': 'Terralba', 'addr:housenumber': '97', 'addr:postcode': '09098', 'addr:street': 'Viale Sardegna', 'amenity': 'bank', 'atm': 'yes', 'brand': 'Banco Desio', 'brand:wikidata': 'Q3633825', 'brand:wikipedia': 'en:Banco di Sardegna', 'building': 'yes', 'name': 'Banco Desio'}",197273348,way
39.7231333,8.6373901,"{'addr:city': 'Terralba', 'addr:housenumber': '12', 'addr:postcode': '09098', 'addr:street': 'Via Ponti Nou', 'amenity': 'bank', 'atm': 'yes', 'brand': 'Intesa Sanpaolo', 'brand:wikidata': 'Q1343118', 'building': 'commercial', 'name': 'Intesa Sanpaolo'}",197642368,way
39.7223377,8.6368569,"{'amenity': 'bank', 'atm': 'yes', 'building': 'yes', 'name': 'Banca di Arborea', 'wheelchair': 'limited'}",197928982,way
40.0035277,9.2197126,"{'amenity': 'school', 'name': 'Oratorio'}",199411069,way
39.653752,9.1313415,"{'amenity': 'post_office', 'brand': 'Poste Italiane', 'brand:wikidata': 'Q495026', 'building': 'yes', 'name': 'Ufficio Postale di Mandas', 'opening_hours': 'Mo-Fr 08:20-13:35; PH off', 'operator': 'Poste Italiane', 'operator:wikidata': 'Q495026', 'ref': '13076'}",199982977,way
39.4193728,8.925388,"{'amenity': 'post_office', 'brand': 'Poste Italiane', 'brand:wikidata': 'Q495026', 'operator': 'Poste Italiane', 'operator:wikidata': 'Q495026'}",200988912,way
39.4201833,8.9270477,{'amenity': 'school'},200994937,way
39.4176296,8.9268869,{'amenity': 'school'},201013405,way
39.4180845,8.9299963,{'amenity': 'school'},201014485,way
39.1090476,8.5244437,"{'addr:city': 'San Giovanni Suergiu', 'addr:housenumber': '11', 'addr:postcode': '09010', 'addr:street': 'Via Giuseppe Di Vittorio', 'amenity': 'post_office', 'brand': 'Poste Italiane', 'brand:wikidata': 'Q495026', 'brand:wikipedia': 'en:Poste italiane', 'building': 'yes', 'name': 'Ufficio Postale di San Giovanni Suergiu', 'opening_hours': 'Mo-Fr 08:20-13:35; Sa 08:20-12:35;PH off', 'operator': 'Poste Italiane', 'operator:wikidata': 'Q495026', 'ref': '13120'}",202641078,way
39.3466786,9.1792346,"{'amenity': 'school', 'fee': 'no', 'isced:level': '1', 'name': 'Scuola Primaria Soleminis', 'ref': 'CAEE87803N', 'source': 'bing', 'wheelchair': 'yes'}",202937043,way
39.423854,8.9144435,"{'amenity': 'school', 'isced:level': '3', 'name': 'Istituto di Istruzione Superiore Buonarroti', 'website': 'https://www.iisbuonarrotivolta.it/'}",202961705,way
39.4299887,8.9215453,"{'amenity': 'school', 'building': 'yes'}",202985220,way
39.4285252,8.9179196,"{'amenity': 'school', 'building': 'school', 'isced:level': '1', 'name': 'Scuola Elementare Via Sicilia'}",203232528,way
39.4283404,8.9177445,{'amenity': 'school'},203232532,way
39.4281734,8.9172842,"{'amenity': 'school', 'building': 'school', 'isced:level': '2', 'name': 'Scuola Media Via Sicilia'}",203232535,way
39.3007944,9.091916,"{'amenity': 'pharmacy', 'dispensing': 'yes', 'healthcare': 'pharmacy', 'name': 'Farmacia Comunale', 'ref:msal': '16290', 'ref:vatin': 'IT03043320922', 'source': 'Ministero della Salute'}",205541060,way
39.2994455,9.0971743,"{'amenity': 'school', 'fee': 'no', 'isced:level': '2', 'name': 'Scuola Secondaria di Primo Grado Antonio Gramsci', 'ref': 'CAMM89401C'}",205603619,way
39.2951027,9.0920005,"{'amenity': 'school', 'fee': 'no', 'isced:level': '1', 'name': 'Scuola Primaria Gianni Rodari', 'ref': 'CAEE89401D'}",205608585,way
39.3467378,9.1792296,"{'amenity': 'school', 'building': 'school', 'wheelchair': 'yes'}",205628614,way
40.7623474,8.569086,"{'addr:city': 'Sassari', 'addr:postcode': '07100', 'addr:street': ""Strada Statale 200 dell'Anglona"", 'amenity': 'hospital', 'emergency': 'no', 'healthcare': 'hospital', 'landuse': 'healthcare', 'name': 'Struttura sanitaria San Camillo', 'operator': 'ASL Sassari'}",205792284,way
39.3068488,9.0963541,"{'amenity': 'school', 'education': 'school', 'fee': 'no', 'isced:level': '1', 'name': 'Scuola Primaria Ninetta Bartoli', 'ref': 'CAEE033046'}",206008610,way
40.7872221,9.1673874,"{'amenity': 'school', 'isced:level': '2', 'name': 'Scuola Media Pietro Casu', 'ref': 'SSMM830041'}",206235751,way
39.1599721,8.6092648,"{'amenity': 'school', 'fee': 'no', 'isced:level': '2', 'name': 'Scuola Secondaria di Primo Grado Perdaxius', 'ref': 'CAMM825056'}",206294427,way
39.1663394,8.5147317,"{'amenity': 'school', 'contact:phone': '+39 0781 660406', 'isced:level': '3', 'name': 'Istituto Tecnico Commerciale Giovanni Maria Angioy', 'ref': 'CATD020007', 'website': 'http://istitutoangioj.gov.it'}",206297685,way
39.2348241,9.1798425,"{'amenity': 'post_office', 'name': 'Poste Italiane - Ufficio Quartu 2', 'wheelchair': 'yes'}",206708577,way
39.2436236,9.1813904,"{'amenity': 'post_office', 'brand': 'Poste Italiane', 'brand:wikidata': 'Q495026', 'building': 'yes', 'name': ""Ufficio Postale Quartu Sant'Elena Centro"", 'operator': 'Poste Italiane', 'operator:wikidata': 'Q495026', 'wheelchair': 'yes'}",206709660,way
39.3463869,9.1778292,"{'addr:city': 'Soleminis', 'addr:housenumber': '1', 'addr:postcode': '09040', 'addr:street': 'Via Della Libertà', 'amenity': 'post_office', 'atm': 'yes', 'brand': 'Poste Italiane', 'brand:wikidata': 'Q495026', 'brand:wikipedia': 'en:Poste italiane', 'building': 'yes', 'name': 'Poste Italiane', 'opening_hours': 'Mo-Fr 08:20-13:35; Sa 08:20-12:35;PH off', 'operator': 'Poste Italiane', 'operator:wikidata': 'Q495026', 'phone': '+39 070 749214', 'ref': '13156', 'wheelchair': 'yes'}",207255500,way
40.7423829,8.6651278,"{'addr:city': 'Osilo', 'addr:housenumber': '1', 'addr:postcode': '07033', 'addr:street': 'Via Brigata Sassari', 'amenity': 'school', 'name': 'Istituto comprensivo'}",209599387,way
40.2947779,9.5840552,"{'amenity': 'clinic', 'emergency': 'yes', 'name': 'Poliambulatorio'}",215333724,way
40.2996721,9.5916841,"{'amenity': 'school', 'name': 'Laboratori'}",215333790,way
40.7185749,8.5695733,"{'amenity': 'university', 'building': 'university', 'name': ""Storia, scienze dell'uomo e della formazione"", 'website': 'https://www.dissuf.uniss.it'}",215453608,way
40.7238637,8.5577649,"{'addr:housenumber': '5', 'addr:postcode': '07100', 'addr:street': 'Viale Pasquale Stanislao Mancini', 'amenity': 'university', 'building': 'university', 'building:levels': '1', 'education': 'university', 'name': 'Facoltà di Giurisprudenza', 'name:it': 'Dipartimento di Giurisprudenza - Università di Sassari', 'website': 'https://giuriss.uniss.it'}",215497099,way
40.7234368,8.5572888,"{'amenity': 'university', 'building': 'university', 'education': 'university', 'name': 'Facoltà di Farmacia'}",215497329,way
40.7239304,8.5563932,"{'amenity': 'university', 'building': 'university', 'education': 'university', 'name': 'Facoltà di Scienze economiche e aziendali', 'website': 'https://www.disea.uniss.it'}",215497500,way
40.7175474,8.5534557,"{'amenity': 'university', 'education': 'university', 'name': 'Facoltà di Agraria', 'website': 'http://agrariaweb.uniss.it'}",215499701,way
40.7210396,8.5516868,"{'amenity': 'university', 'building': 'university', 'name': 'Facoltà di Medicina, Chirurgia e Farmacia', 'website': 'https://mcf.uniss.it'}",215552583,way
40.7082797,8.553541,"{'amenity': 'university', 'building': 'university', 'education': 'university', 'name': 'Dipartimento di Chimica'}",215666645,way
40.2995669,9.5916743,"{'amenity': 'school', 'barrier': 'wall', 'isced:level': '3', 'name': 'Liceo Scientifico Michelangelo Pira', 'ref': 'NUPS018022'}",215913892,way
40.7154382,8.5846641,"{'amenity': 'clinic', 'building': 'hospital', 'healthcare': 'clinic', 'name': 'Poliambulatorio Conti'}",218002556,way
40.7460007,8.519585,"{'amenity': 'school', 'fee': 'no', 'isced:level': '2', 'name': 'Scuola Secondaria di Primo Grado Li Punti', 'ref': 'SSMM85101V'}",218086875,way
40.7187928,8.5688238,"{'amenity': 'university', 'building': 'yes', 'education': 'university', 'name': 'Centro Linguistico di Ateneo'}",218225424,way
40.7205933,8.5531041,"{'alt_name': 'AOU Sassari', 'amenity': 'clinic', 'healthcare': 'clinic', 'landuse': 'healthcare', 'name': 'Cliniche San Pietro', 'operator': 'Azienda Ospedaliera Universitaria Sassari', 'operator:short': 'AOU Sassari'}",218392284,way
39.4299797,8.9214976,{'amenity': 'school'},221201502,way
39.4296777,8.9230648,"{'addr:city': 'Serramanna', 'addr:housenumber': 'sn', 'addr:postcode': '09038', 'addr:street': 'Corso Europa', 'amenity': 'clinic', 'name': 'Poliambulatorio ASL Sanluri', 'note': 'Ostetrico, tel. 070 91342852 Ginecologo, tel. 070 91342851 Pediatra, tel. 070 91342853 Assistente sociale, tel. 070 91342881 Psicologo, tel. 070 91342854', 'opening_hours': 'Mo-Fr 09:00-13:00; Mo 15:00-17:30', 'phone': '+39 070 913 9214', 'source': 'http://www.aslsanluri.it/', 'website': 'http://www.aslsanluri.it/', 'wheelchair': 'yes'}",221376201,way
39.3077365,8.5506038,"{'addr:city': 'Iglesias', 'addr:postcode': '09016', 'addr:street': 'Zona san Salvatore', 'amenity': 'school', 'isced:level': '3', 'name': 'Istituto magistrale Carlo Baudi di Vesme', 'ref': 'CAPM04000N'}",223288526,way
39.2552201,9.154248,"{'addr:city': 'Selargius', 'addr:housename': 'RSA', 'addr:postcode': '09047', 'amenity': 'clinic', 'name': 'Residenza Sanitaria Assistenziale', 'wheelchair': 'yes'}",223375910,way
39.3086849,8.5521966,{'amenity': 'school'},223409633,way
39.3086711,8.5526639,{'amenity': 'school'},223409636,way
39.3088733,8.5522067,{'amenity': 'school'},223409637,way
39.311189,8.5579716,"{'amenity': 'clinic', 'emergency': 'no', 'name': 'Residenza Rosa del Marganai'}",223411597,way
39.3079523,8.5527763,"{'amenity': 'school', 'isced:level': '3', 'name': 'Liceo scientifico Giorgio Asproni', 'ref': 'CAPS013019'}",223414481,way
39.2529534,9.1426153,{'amenity': 'school'},224158689,way
40.9123356,9.4715553,"{'alt_name': 'Ospedale Giovanni Paolo II', 'amenity': 'hospital', 'emergency': 'yes', 'healthcare': 'hospital', 'name': 'Ospedale Giovanni Paolo Secondo'}",226851074,way
40.9315681,9.5012493,"{'amenity': 'hospital', 'emergency': 'yes', 'healthcare': 'hospital', 'name': 'Ospedale San Giovanni di Dio'}",226868987,way
39.2187192,9.2826597,"{'amenity': 'school', 'isced:level': '1', 'name': 'Scuola Primaria Stella di Mare', 'ref': 'CAEE89801R'}",228380081,way
40.3852252,9.6112673,"{'amenity': 'school', 'fee': 'no', 'isced:level': '1', 'name': 'Scuola Primaria di Galtellì', 'ref': 'NUEE830024'}",229650589,way
40.7240984,8.5568109,"{'amenity': 'university', 'building': 'university', 'education': 'university'}",230638916,way
40.7240309,8.5572168,"{'addr:housenumber': '1', 'addr:postcode': '07100', 'addr:street': 'Viale Pasquale Stanislao Mancini', 'amenity': 'university', 'building': 'university', 'building:levels': '1', 'education': 'university', 'internet_access': 'wlan', 'internet_access:fee': 'customers', 'name:en': 'Library Antonio Pigliaru - University of Sassari', 'name:it': 'Biblioteca Scienze sociali ‘Antonio Pigliaru’ - Università di Sassari', 'phone': '+39 079 228951', 'website': 'https://sba.uniss.it/?q=node/63'}",230638917,way
40.7136773,8.5587499,"{'amenity': 'clinic', 'healthcare': 'clinic', 'landuse': 'healthcare', 'name': 'Complesso sanitario di Rizzeddu', 'operator': 'ASL Sassari'}",230709059,way
40.9687313,8.8791557,"{'amenity': 'post_office', 'name': 'Poste Italiane', 'operator': 'Poste Italiane', 'operator:wikidata': 'Q495026'}",230717138,way
40.9101265,9.4904989,"{'amenity': 'school', 'fee': 'no', 'isced:level': '1', 'name': 'Scuola Primaria Maria Rocca', 'ref': 'SSEE82902Q'}",234721276,way
39.3112497,8.5317483,"{'amenity': 'school', 'isced:level': '3', 'name': 'Istituto Tecnico Industriale Minerario Giorgio Asproni', 'ref': 'CATF027019'}",234841284,way
39.3049893,8.5454779,"{'amenity': 'school', 'fee': 'no', 'isced:level': '1', 'name': 'Scuola Primaria Serra Perdosa', 'ref': 'CAAA887015'}",235227494,way
39.2309506,9.1237093,"{'amenity': 'school', 'isced:level': '3', 'name': 'Liceo Scientifico Michelangelo Buonarroti', 'ref': 'CAPS04000L'}",235280578,way
40.0206393,8.6722908,"{'amenity': 'bank', 'brand': 'Banco di Sardegna', 'brand:wikidata': 'Q806205', 'building': 'commercial', 'name': 'Banco di Sardegna', 'name:sc': 'Sa Banca', 'operator': 'Banco di Sardegna', 'operator:wikidata': 'Q806205'}",235951051,way
40.020585,8.6722031,"{'amenity': 'pharmacy', 'building': 'retail', 'dispensing': 'yes', 'healthcare': 'pharmacy', 'name': 'Farmacia Serra', 'name:sc': 'Sa Potecaria de Salaris', 'opening_hours': 'Mo-Fr 09:15-12:30,16:30-19:00; Sa 09:15-12:30', 'ref:msal': '16088', 'ref:vatin': 'IT01267230959', 'source': 'Ministero della Salute'}",235951084,way
40.021898,8.6701816,"{'amenity': 'school', 'building': 'school', 'name': 'Scuola Elementare', 'name:sc': 'Iscola'}",235951101,way
40.0210405,8.6704875,"{'amenity': 'post_office', 'brand': 'Poste Italiane', 'brand:wikidata': 'Q495026', 'building': 'commercial', 'name': 'Ufficio Postale di Bauladu', 'name:sc': 'Ufitziu postali', 'opening_hours': 'Mo-Fr 08:20-13:35; Sa 08:20-12:35;PH off', 'operator': 'Poste Italiane', 'operator:wikidata': 'Q495026', 'ref': '72098'}",235951108,way
39.9014872,8.5807379,"{'amenity': 'school', 'barrier': 'fence', 'isced:level': '3', 'name': 'Istituto Tecnico Commerciale Lorenzo Mossa', 'ref': 'ORIS00600Q'}",236889439,way
40.5807587,9.0023015,"{'amenity': 'hospital', 'emergency': 'yes', 'healthcare': 'hospital', 'name': 'Ospedale Antonio Segni'}",238298554,way
39.8978602,8.5854333,"{'amenity': 'hospital', 'healthcare': 'hospital', 'name': 'Ospedale civile San Martino', 'wheelchair': 'yes'}",238298555,way
39.773074,8.5819283,"{'addr:city': 'Arborea', 'addr:housenumber': '2', 'addr:postcode': '09092', 'addr:street': 'Via Venezia', 'amenity': 'post_office', 'building': 'yes', 'building:levels': '1', 'name': 'Poste Italiane', 'operator': 'Poste Italiane', 'operator:wikidata': 'Q495026'}",238385475,way
40.1204945,8.8344729,"{'addr:housenumber': '176', 'addr:street': 'Corso Umberto Primo', 'amenity': 'hospital', 'healthcare': 'hospital', 'name': 'Ospedale Gian Pietro Delogu'}",238990783,way
40.0215139,9.0999124,"{'addr:city': 'Sorgono', 'amenity': 'hospital', 'building': 'hospital', 'emergency': 'yes', 'healthcare': 'hospital', 'name': 'Ospedale San Camillo'}",238990784,way
39.7597222,8.8714207,"{'amenity': 'pharmacy', 'building': 'yes', 'dispensing': 'yes', 'name': 'Farmacia Sulis', 'ref:msal': '16121', 'ref:vatin': 'IT00049610959', 'source': 'Ministero della Salute'}",239066809,way
40.4640245,9.1947323,"{'amenity': 'post_office', 'brand': 'Poste Italiane', 'brand:wikidata': 'Q495026', 'building': 'yes', 'operator': 'Poste Italiane', 'operator:wikidata': 'Q495026'}",246793760,way
40.4630299,9.1925105,"{'amenity': 'school', 'isced:level': '1', 'name': 'Scuola Primaria di Nule'}",247020126,way
39.299127,9.2076977,"{'amenity': 'school', 'fee': 'no', 'isced:level': '1', 'name': 'Scuola Primaria Via Libertà', 'ref': 'CAEE890038'}",247059963,way
39.8767832,8.6461692,"{'addr:city': 'Palmas Arborea', 'addr:country': 'IT', 'addr:housenumber': '3', 'addr:postcode': '09090', 'addr:street': 'Via Rinascita', 'amenity': 'post_office', 'brand': 'Poste Italiane', 'brand:wikidata': 'Q495026', 'brand:wikipedia': 'en:Poste italiane', 'building': 'yes', 'name': 'Ufficio Postale di Palmas Arborea', 'opening_hours': 'Mo-Fr 08:20-13:35; Sa 08:20-12:35;PH off', 'operator': 'Poste Italiane', 'operator:wikidata': 'Q495026', 'ref': '72042'}",248205698,way
39.8756497,8.6405422,"{'addr:city': 'Palmas Arborea', 'addr:country': 'IT', 'addr:housenumber': '125', 'addr:postcode': '09090', 'addr:street': 'Via Antonio Gramsci', 'amenity': 'pharmacy', 'building': 'yes', 'dispensing': 'yes', 'healthcare': 'pharmacy', 'name': 'Farmacia Simula', 'ref:msal': '16133', 'ref:vatin': 'IT02855070922', 'source': 'Ministero della Salute'}",248210381,way
40.9259186,9.4987026,"{'amenity': 'school', 'fee': 'no', 'isced:level': '2', 'name': 'Scuola Secondaria di Primo Grado Armando Diaz', 'ref': 'SSMM02800T'}",248253530,way
39.9531875,8.6705274,"{'addr:housenumber': '104', 'addr:postcode': '09077', 'addr:street': 'Via Fratelli Cervi', 'amenity': 'bank', 'atm': 'yes', 'brand': 'Banco di Sardegna', 'brand:wikidata': 'Q806205', 'building': 'yes', 'contact:phone': '+39 0783 374006', 'name': 'Banco di Sardegna', 'opening_hours': 'Mo-Fr 08:20-13:20,15:00-16:00; Jun 29 off; PH off', 'operator': 'Banco di Sardegna', 'operator:wikidata': 'Q806205'}",248435068,way
39.952896,8.670173,"{'addr:city': 'Sabarussa/Solarussa', 'addr:housenumber': '3', 'addr:postcode': '09077', 'addr:street': 'Via Giuseppe Garibaldi', 'amenity': 'post_office', 'brand': 'Poste Italiane', 'brand:wikidata': 'Q495026', 'building': 'yes', 'contact:phone': '+39 0783 374153', 'name': 'Ufficio Postale di Solarussa', 'opening_hours': 'Mo-Fr 08:20-13:45; Sa 08:20-12:45; Jun 05 off; PH off', 'operator': 'Poste Italiane', 'operator:wikidata': 'Q495026', 'ref': '72063'}",248435096,way
39.9537028,8.6713573,"{'addr:housenumber': '36', 'addr:street': 'Via Emilio Lussu', 'amenity': 'pharmacy', 'building': 'yes', 'dispensing': 'yes', 'name': 'Farmacia Cara', 'ref:msal': '16100', 'ref:vatin': 'IT01223580950', 'source': 'Ministero della Salute'}",248440833,way
39.7030653,8.7832347,"{'amenity': 'post_office', 'brand': 'Poste Italiane', 'brand:wikidata': 'Q495026', 'building': 'yes', 'operator': 'Poste Italiane', 'operator:wikidata': 'Q495026'}",248662182,way
39.2911075,9.1846882,"{'amenity': 'post_office', 'brand': 'Poste Italiane', 'brand:wikidata': 'Q495026', 'building': 'yes', 'name': 'Ufficio Postale di Settimo San Pietro', 'opening_hours': 'Mo-Fr 08:20-13:35; Sa 08:20-12:35;PH off', 'operator': 'Poste Italiane', 'operator:wikidata': 'Q495026', 'ref': '13145'}",252180742,way
39.2922731,9.1862965,"{'amenity': 'school', 'fee': 'no', 'isced:level': '1', 'name': 'Scuola Primaria Via Emilio Lussu', 'ref': 'CAEE847032'}",252184363,way
39.2915596,9.181469,"{'amenity': 'school', 'fee': 'no', 'isced:level': '2', 'name': 'Scuola Secondaria di Primo Grado Grazia Deledda', 'ref': 'CAMM84701V'}",252779240,way
40.2141319,9.2808333,"{'addr:city': 'Mamoiada', 'addr:housenumber': '76', 'addr:postcode': '08024', 'addr:street': 'Via Vittorio Emanuele II', 'amenity': 'pharmacy', 'building': 'yes', 'dispensing': 'yes', 'healthcare': 'pharmacy', 'name': 'Farmacia Farina', 'phone': '+39 0784 56162', 'ref:msal': '16019', 'ref:vatin': 'IT01490000914', 'source': 'Ministero della Salute'}",256348502,way
39.4140237,9.5958409,"{'amenity': 'school', 'name': 'I.I.S.S. ""Giuseppe Dessì""'}",259205058,way
40.786199,9.1639666,"{'amenity': 'pharmacy', 'healthcare': 'pharmacy'}",259938630,way
39.4208989,9.5696877,"{'amenity': 'hospital', 'emergency': 'yes', 'healthcare': 'hospital', 'name': 'Ospedale San Marcellino'}",265270669,way
39.2104824,9.1198669,"{'addr:city': 'Cagliari', 'addr:street': 'Viale Bonaria', 'amenity': 'bank', 'atm': 'yes', 'brand': 'Banco di Sardegna', 'brand:wikidata': 'Q806205', 'building': 'yes', 'layer': '-1', 'location': 'surface', 'name': 'Banco di Sardegna', 'website': 'https://www.bancosardegna.it/', 'wheelchair': 'yes'}",265802054,way
39.8987377,8.5891536,"{'amenity': 'clinic', 'building': 'yes', 'name': 'Poliambulatorio'}",270615581,way
39.4357184,9.5843567,"{'amenity': 'school', 'isced:level': '3', 'name': ""Istituto d'Istruzione Superiore Giuseppe Dessì"", 'ref': 'CAIS004004'}",273291226,way
39.4911707,8.9728334,"{'amenity': 'school', 'isced:level': '1', 'name': 'Scuola Primaria Serrenti', 'ref': 'CAEE839044'}",273339299,way
41.0807574,9.3870707,"{'amenity': 'bank', 'brand': 'Banco di Sardegna', 'brand:wikidata': 'Q806205', 'building': 'yes', 'name': 'Banco di Sardegna'}",273563594,way
41.0770879,9.3911181,"{'amenity': 'bank', 'brand': 'Unicredit', 'building': 'yes'}",273565417,way
41.0979346,9.5196886,"{'amenity': 'school', 'name': 'Scuola Media Abbiadori Porto Cervo', 'website': 'https://www.scuoladiarzachena.it/index.php/secondariaabbiadori.html'}",273567995,way
40.480107,9.3813334,"{'amenity': 'clinic', 'building': 'yes', 'healthcare': 'clinic'}",273770485,way
40.5784354,9.2617123,"{'amenity': 'post_office', 'brand': 'Poste Italiane', 'brand:wikidata': 'Q495026', 'building': 'yes', 'operator': 'Poste Italiane', 'operator:wikidata': 'Q495026'}",273776893,way
41.0035527,9.6186652,"{'amenity': 'post_office', 'building': 'yes', 'operator': 'Poste Italiane', 'operator:wikidata': 'Q495026'}",274868746,way
40.2842736,9.6340049,"{'amenity': 'school', 'fee': 'no', 'isced:level': '1', 'name': 'Scuola primaria Cala Gonone', 'ref': 'NUAA871036'}",274938798,way
40.2937757,9.586647,"{'amenity': 'school', 'fee': 'no', 'isced:level': '2', 'name': 'Scuola Secondaria di Primo Grado Salvatore Fancello', 'ref': 'NUMM871018'}",274938799,way
40.2825607,9.6345027,"{'amenity': 'post_office', 'building': 'yes'}",274943624,way
40.2929392,9.5875501,"{'addr:city': 'Dorgali', 'addr:housenumber': '1', 'addr:postcode': '08022', 'addr:street': 'Via Francesco Ciusa', 'amenity': 'post_office', 'atm': 'yes', 'brand': 'Poste Italiane', 'brand:wikidata': 'Q495026', 'building': 'yes', 'name': 'Ufficio Postale di Dorgali', 'opening_hours': 'Mo-Fr 08:20-13:45; Sa 08:20-13:45; PH off', 'operator': 'Poste Italiane', 'operator:wikidata': 'Q495026', 'operator:wikipedia': 'en:Poste italiane', 'phone': '+39 0784 94849', 'ref': '80120'}",274944192,way
39.8824513,9.5460648,"{'amenity': 'school', 'name': ""Istituto D'arte""}",276604526,way
39.8761608,9.5463938,"{'amenity': 'school', 'name': 'Istituto Salesiano'}",276604527,way
39.8770534,9.549052,"{'amenity': 'hospital', 'name': 'Ospedale Nostra Signora della Mercede'}",276604530,way
39.8809473,9.5418157,"{'amenity': 'post_office', 'brand': 'Poste Italiane', 'brand:wikidata': 'Q495026', 'building': 'yes', 'name': 'Ufficio Postale di Lanusei', 'opening_hours': 'Mo-Fr 08:20-13:45; Sa 08:20-12:45; PH off', 'operator': 'Poste Italiane', 'operator:wikidata': 'Q495026', 'ref': '80137'}",276605395,way
39.8849458,9.5337302,"{'amenity': 'school', 'isced:level': '3', 'name': 'Liceo Scientifico Leonardo da Vinci', 'ref': 'NUPS016019'}",276606317,way
39.2402836,9.1865774,"{'amenity': 'school', 'building': 'school'}",276935029,way
39.2380557,9.1835335,"{'amenity': 'school', 'building': 'school'}",276946942,way
39.2338819,9.1911233,"{'amenity': 'school', 'check_date': '2024-03-27', 'isced:level': '2', 'name': 'Scuola Secondaria di Primo Grado Lao Silesu', 'ref': 'CAMM8AA014'}",276948494,way
39.2358574,9.1844444,"{'amenity': 'school', 'isced:level': '1', 'name': 'Scuola Primaria Via Ugo Foscolo', 'ref': 'CAEE89903P'}",276948532,way
39.2465055,9.1810135,"{'amenity': 'school', 'isced:level': '1', 'name': 'Scuola Primaria Via Firenze', 'ref': 'CAEE88205B'}",276948560,way
39.2328208,9.1847349,"{'amenity': 'hospital', 'wheelchair': 'yes'}",276948563,way
39.2411381,9.2129362,"{'addr:city': ""Quartu Sant'Elena"", 'addr:housenumber': '15', 'addr:postcode': '09045', 'addr:street': ""Via Pitz'e Serra"", 'amenity': 'school', 'isced:level': '3', 'name': 'Istituto Istruzione Superiore Primo Levi', 'ref': 'CAIS01600A', 'website': 'https://www.itclevi.it'}",276948697,way
39.2426546,9.1938728,"{'amenity': 'school', 'check_date': '2026-03-06', 'isced:level': '3', 'name': 'Istituto di Istruzione Superiore Giuseppe Brotzu', 'ref': 'CAIS017006'}",276948705,way
39.2400676,9.2143398,"{'addr:city': ""Quartu Sant'Elena"", 'addr:housenumber': '15', 'addr:postcode': '09045', 'addr:street': ""Via Pitz'e Serra"", 'amenity': 'school', 'isced:level': '3', 'name': 'Istituto Tecnico Primo Levi', 'ref': 'CATF01601V', 'website': 'https://www.itclevi.it'}",276948726,way
39.2415351,9.186027,"{'alt_name': 'Sa domu e farra', 'amenity': 'school', 'isced:level': '1', 'name': 'Scuola Primaria Via Regina Margherita', 'ref': 'CAEE88204A'}",276948729,way
39.2413715,9.1755351,"{'amenity': 'hospital', 'name': 'Korian', 'wheelchair': 'yes'}",276948740,way
39.231994,9.1849242,"{'amenity': 'school', 'isced:level': '2', 'name': 'Scuola Secondaria di Primo Grado Via Bach', 'ref': 'CAMM89901G', 'wheelchair': 'limited'}",276948749,way
39.2386854,9.1803863,"{'amenity': 'school', 'isced:level': '3', 'name': 'Liceo Classico e delle Scienze Sociali Bacchisio Raimondo Motzo', 'ref': 'CAPC09000E', 'wheelchair': 'limited'}",276948905,way
39.2426271,9.1927219,"{'amenity': 'school', 'isced:level': '1', 'name': 'Scuola Primaria Francesco Perra', 'ref': 'CAEE8AA037'}",276949733,way
39.2359194,9.1962722,"{'amenity': 'school', 'isced:level': '1', 'name': 'Scuola Primaria Via Ettore Fieramosca', 'ref': 'CAEE8AA015'}",276949881,way
39.2469648,9.1913279,"{'amenity': 'school', 'wheelchair': 'yes'}",276949902,way
39.238119,9.1810609,"{'amenity': 'school', 'isced:level': '1', 'name': 'Scuola Primaria Viale Cristoforo Colombo', 'ref': 'CAEE882017', 'wheelchair': 'yes'}",276950020,way
39.2394693,9.1732092,"{'amenity': 'school', 'isced:level': '2', 'name': 'Scuola Secondaria di Primo Grado Via FIlippo Turati', 'ref': 'CAMM882016'}",276950025,way
39.2456677,9.1906305,"{'amenity': 'school', 'isced:level': '1', 'name': 'Scuola Primaria Cimabue', 'ref': 'CAEE898051', 'wheelchair': 'yes'}",276950045,way
39.2297926,9.1850835,"{'amenity': 'school', 'isced:level': '1', 'name': 'Scuola Primaria Via Ludwig van Beethoven', 'ref': 'CAEE89902N', 'wheelchair': 'limited'}",276950053,way
39.2380621,9.1317365,"{'amenity': 'school', 'education': 'school', 'fee': 'no', 'isced:level': '2', 'name': 'Scuola Secondaria di Primo Grado Via Talete', 'operator': 'Istituto Comprensivo Ugo Foscolo - Via Stoccolma', 'ref': 'CAMM8AN01B'}",277183943,way
39.2579773,9.0967912,"{'amenity': 'school', 'name': 'Centro Regionale di Formazione Professionale'}",277183955,way
39.2422921,9.1187739,"{'amenity': 'school', 'building': 'school', 'name': 'Centro Studi ""Grazia Deledda""'}",277183961,way
39.2263884,9.1255887,"{'amenity': 'hospital', 'building': 'hospital', 'healthcare': 'hospital', 'name': 'Clinica Villa S.Elena'}",277184018,way
39.2415163,9.1384295,"{'amenity': 'school', 'name': 'Convitto Nazionale ""Vittorio Emanuele""', 'ref': 'CAPC08000X'}",277184022,way
39.2198686,9.1101596,"{'amenity': 'clinic', 'building': 'hospital', 'healthcare': 'clinic', 'name': 'Clinica Lay'}",277184025,way
39.2229648,9.1107958,"{'amenity': 'university', 'name': 'Dipartimento di Scienze della vita e dell’ambiente', 'operator': 'Università degli Studi di Cagliari'}",277184035,way
39.2433517,9.1398886,"{'amenity': 'school', 'isced:level': '3', 'name': 'Sede Staccata IPIA Antonio Meucci', 'ref': 'CARI03302R'}",277184045,way
39.2445481,9.1062036,"{'amenity': 'school', 'isced:level': '3', 'name': 'Liceo Linguistico e Istituto Tecnico Tecnologico Grazia Deledda', 'ref': 'CATE02601P'}",277184048,way
39.2419394,9.1406167,"{'amenity': 'school', 'isced:level': '3', 'name': 'Istituto Tecnico Industriale Guglielmo Marconi', 'ref': 'CATF023012'}",277184049,way
39.235411,9.1408298,"{'amenity': 'school', 'email': 'fondazionemosos@gmail.com', 'fax': '+39 070 4524701', 'isced:level': '3', 'name': 'Istituto Tecnico Industriale Guglielmo Marconi sezione serale', 'phone': '+39 070 4524701', 'ref': 'CATF02351B', 'ref:vatin': 'IT92224820925', 'short_name': 'ITS MoSoS', 'website': 'https://www.fondazionemosos.it/'}",277184051,way
39.2442379,9.1187763,"{'amenity': 'school', 'isced:level': '3', 'name': 'Istituto di Istruzione Superiore Michele Giua', 'ref': 'CATF04000P'}",277184052,way
39.2129937,9.1205811,"{'amenity': 'school', 'building': 'school', 'fee': 'yes', 'isced:level': '1', 'name': 'Scuola Primaria Paritaria Nostra Signora della Mercede', 'ref': 'CA1E01100B'}",277184055,way
39.2020415,9.140295,"{'amenity': 'university', 'check_date': '2025-04-23', 'name': 'Istituto di Zoologia'}",277184057,way
39.2162258,9.1281014,"{'amenity': 'school', 'isced:level': '3', 'name': 'Liceo Classico Giovanni Maria Dettori', 'ref': 'CAPC03000V'}",277184058,way
39.2404131,9.103814,"{'amenity': 'school', 'name': 'Istituto Francesco De Sanctis (succursale)'}",277184060,way
39.2505828,9.0970846,"{'amenity': 'school', 'name': 'Istituto Professionale Sandro Pertini'}",277184062,way
39.2425815,9.1390555,"{'amenity': 'school', 'isced:level': '3', 'name': 'Istituto Professionale Sandro Pertini', 'ref': 'CARF010003'}",277184063,way
39.2323586,9.1052015,"{'amenity': 'school', 'isced:level': '3', 'name': 'Istituto Professionale Azuni', 'ref': 'CAIS00200C;CARC00201B'}",277184064,way
39.2324575,9.0997548,"{'amenity': 'school', 'name': 'Istituto Professionale Azuni (succursale)'}",277184065,way
39.196381,9.1408127,"{'amenity': 'school', 'fee': 'no', 'isced:level': '1', 'name': 'Scuola Primaria Nanni Loy', 'phone': '+39 070 371371', 'ref': 'CAEE812011', 'school:type': 'primary', 'wheelchair': 'yes'}",277184066,way
39.2405101,9.1062883,"{'amenity': 'school', 'isced:level': '3', 'name': 'Sede Staccata Liceo Scientifico Statale Antonio Pacinotti', 'ref': 'www.pacinotti.edu.it'}",277184067,way
39.2302091,9.1276123,"{'amenity': 'school', 'isced:level': '3', 'name': 'Istituto tecnico per geometri Dionigi Scano-Ottone Bacaredda', 'ref': 'CAIS03100C'}",277184069,way
39.2485549,9.1440551,"{'addr:postcode': '09042', 'addr:street': 'Via Cesare Cabras', 'amenity': 'school', 'isced:level': '3', 'name': 'Istituto Tecnico Industriale Dionigi Scano-Ottone Bacaredda', 'ref': 'CAIS03100C'}",277184071,way
39.2298137,9.1195548,"{'amenity': 'school', 'isced:level': '3', 'name': 'Laboratori Istituto Tecnico Economico Pietro Martini', 'ref': 'CATD220001'}",277184072,way
39.2066266,9.1247722,"{'addr:housenumber': '195', 'addr:street': 'Viale Armando Diaz', 'amenity': 'school', 'check_date': '2023-09-12', 'isced:level': '3', 'name': 'Istituto Tecnico Trasporti e Logistica Buccari', 'ref': 'CATH02301D'}",277184073,way
39.2092607,9.1300842,"{'amenity': 'school', 'isced:level': '3', 'name': 'Succursale via Ravenna Liceo Scientifico Statale Leon Battista Alberti', 'ref': 'CAPS02000B'}",277184075,way
39.2403715,9.1311995,"{'amenity': 'school', 'isced:level': '3', 'name': 'Succursale Liceo Artistico e Musicale Foiso Fois', 'ref': 'CASL01000N'}",277184076,way
39.2525446,9.1117396,"{'amenity': 'school', 'name': 'Liceo Classico Euclide'}",277184077,way
39.2084791,9.1201125,"{'amenity': 'school', 'isced:level': '3', 'name': 'Liceo Scientifico Statale Leon Battista Alberti', 'ref': 'CAPS02000B'}",277184078,way
39.2405996,9.1296139,"{'amenity': 'school', 'isced:level': '3', 'name': 'Succursale Liceo Scientifico Michelangelo Buonarroti', 'ref': 'CAPS04000L'}",277184079,way
39.2516696,9.1106863,"{'amenity': 'school', 'isced:level': '3', 'name': 'Liceo Classico e Scientifico Euclide', 'ref': 'CAPS13000V'}",277184081,way
39.2291115,9.1185181,"{'amenity': 'school', 'isced:level': '3', 'name': 'Liceo Scientifico Statale Antonio Pacinotti', 'ref': 'CAPS050007', 'religion': 'none', 'wikidata': 'Q28668695', 'wikipedia': 'it:Liceo scientifico statale Antonio Pacinotti'}",277184082,way
39.2138029,9.1730721,"{'amenity': 'hospital', 'check_date': '2026-08-22', 'healthcare': 'hospital', 'name': 'Ospedale Marino', 'wheelchair': 'yes'}",277184095,way
39.1919072,9.1400955,{'amenity': 'school'},277184127,way
39.2364541,9.101189,"{'amenity': 'school', 'isced:level': '1', 'name': 'Scuola Primaria San Michele', 'ref': 'CAEE870066'}",277184128,way
39.2339381,9.1103018,"{'amenity': 'school', 'barrier': 'wall', 'fee': 'no', 'isced:level': '1', 'name': 'Scuola Primaria Italo Stagno', 'ref': 'CAEE8AN03E'}",277184133,way
39.2108683,9.127871,"{'amenity': 'school', 'check_date': '2025-02-21', 'fee': 'no', 'isced:level': '1', 'name': 'Scuola Primaria Montanaru', 'ref': 'CAEE8AG025'}",277184134,way
39.2257409,9.1348181,"{'amenity': 'school', 'fee': 'no', 'isced:level': '1', 'name': 'Scuola Primaria di via Stoccolma', 'ref': 'CAEE8AM02N'}",277184135,way
39.2271773,9.124401,"{'amenity': 'school', 'fee': 'no', 'isced:level': '1', 'name': ""Scuola Primaria Sant'Alenixedda"", 'ref': 'CAEE89303Q'}",277184136,way
39.2287616,9.114137,"{'amenity': 'school', 'fee': 'no', 'isced:level': '1', 'name': 'Scuola Primaria Carlo Collodi', 'ref': 'CAEE8AN04G'}",277184137,way
39.2073923,9.1362534,"{'amenity': 'school', 'fee': 'no', 'isced:level': '1', 'name': 'Scuola Primaria Randaccio', 'ref': 'CAEE812022'}",277184140,way
39.2191573,9.1208044,"{'amenity': 'school', 'fee': 'no', 'isced:level': '1', 'name': 'Scuola Elementare Alberto Riva', 'ref': 'CAEE89304R'}",277184141,way
39.2439606,9.1233835,"{'amenity': 'school', 'fee': 'no', 'isced:level': '1', 'name': 'Scuola Primaria Santa Maria Chiara', 'ref': 'CAEE86401N'}",277184142,way
39.2173687,9.1317142,"{'amenity': 'school', 'fee': 'no', 'isced:level': '1', 'name': 'Scuola Primaria Via Garavetti', 'ref': 'CAEE8AG014'}",277184144,way
39.2278673,9.1244098,"{'addr:street': 'Piazza Giovanni XXIII', 'amenity': 'school', 'fee': 'no', 'isced:level': '2', 'name': 'Scuola Secondaria di Primo grado Antonio Cima'}",277184151,way
39.2395313,9.0998131,"{'amenity': 'school', 'name': 'Istituto Superiore Primario Galileo Galilei'}",277184152,way
39.1989661,9.1524883,"{'amenity': 'school', 'fee': 'no', 'isced:level': '2', 'name': 'Succursale Scuola Secondaria di Primo Grado Cristoforo Colombo', 'ref': 'CAMM81201X'}",277184153,way
39.2548696,9.0994772,"{'amenity': 'school', 'fee': 'no', 'isced:level': '2', 'name': 'Scuola Secondaria di Primo Grado Francesco Alziator'}",277184154,way
39.2291905,9.131789,"{'amenity': 'school', 'fee': 'no', 'isced:level': '1', 'name': 'Scuola Primaria Via Machiavelli', 'ref': 'CAEE8AM01L'}",277184156,way
39.2519916,9.1267159,"{'amenity': 'school', 'name': 'Scuola Media'}",277184157,way
39.2335184,9.1044834,"{'amenity': 'school', 'fee': 'no', 'isced:level': '2', 'name': 'Scuola Secondaria di Primo Grado Goffredo Mameli', 'ref': 'CAMM87001X'}",277184159,way
39.2252174,9.1349726,"{'amenity': 'school', 'fee': 'no', 'isced:level': '2', 'name': 'Scuola Secondaria di Primo Grado Regina Elena', 'ref': 'CAIC86800V'}",277184160,way
39.2394125,9.1050776,"{'amenity': 'school', 'fee': 'no', 'isced:level': '1', 'name': 'Scuola Primaria Via Meilogu', 'ref': 'CAEE870055'}",277184161,way
39.2452718,9.1327218,"{'amenity': 'school', 'fee': 'no', 'isced:level': '2', 'name': 'Scuola Secondaria di Primo Grado Giacomo Leopardi-Dante Alighieri', 'ref': 'CAMM86401L'}",277184162,way
39.207313,9.137214,"{'amenity': 'school', 'fee': 'no', 'isced:level': '2', 'name': 'Scuola Secondaria di Primo Grado Tuveri-Colombo', 'ref': 'CAMM81201X'}",277184164,way
39.2459303,9.1329063,"{'amenity': 'school', 'fee': 'no', 'isced:level': '1', 'name': 'Scuola Primaria Marcello Serra', 'ref': 'CAEE86403Q'}",277184165,way
39.2033807,9.147096,"{'amenity': 'school', 'fee': 'no', 'isced:level': '1', 'name': 'Scuola Primaria la Palma', 'ref': 'CAEE812044'}",277184166,way
39.2332258,9.0997544,"{'amenity': 'school', 'fee': 'yes', 'isced:level': '1', 'name': 'Scuola Primaria Paritaria Sacra Famiglia', 'ref': 'CA1E012007'}",277184167,way
39.2382978,9.1269525,"{'amenity': 'school', 'building': 'school', 'name': 'Dipartimento Medicina I.N.R.C.A'}",277184187,way
39.2261916,9.1173598,"{'amenity': 'hospital', 'building': 'hospital', 'check_date': '2025-03-11', 'healthcare': 'hospital', 'name': ""Casa di cura Sant'Anna""}",277185536,way
39.2279023,9.1245249,"{'amenity': 'school', 'building': 'school'}",277186274,way
39.2001542,9.1450097,"{'amenity': 'post_office', 'building': 'yes', 'name': 'poste italiane viale poetto'}",277186478,way
39.218046,9.1307566,"{'addr:city': 'Cagliari', 'addr:housenumber': '85', 'addr:postcode': '09129', 'addr:street': 'Via Antonio Scano', 'amenity': 'clinic', 'building': 'hospital', 'building:levels': '4', 'healthcare': 'clinic', 'height': '12', 'name': 'Korian Casa di cura San Salvatore'}",277186598,way
39.2272382,9.1245012,"{'amenity': 'school', 'building': 'school'}",277187424,way
39.2138176,9.1212589,"{'amenity': 'post_office', 'brand': 'Poste Italiane', 'brand:wikidata': 'Q495026', 'brand:wikipedia': 'en:Poste italiane', 'building': 'yes', 'name': 'Poste Italiane', 'operator': 'Poste Italiane', 'operator:wikidata': 'Q495026', 'operator:wikipedia': 'en:Poste italiane'}",277188149,way
39.2096143,9.1215849,"{'alt_name': 'Palazzo CIS', 'amenity': 'bank', 'atm': 'yes', 'building': 'yes', 'name': 'Intesa San Paolo', 'wheelchair': 'limited'}",277191997,way
39.218182,9.1143433,"{'amenity': 'school', 'building': 'school', 'name': 'Etoma'}",277192919,way
39.1964202,9.1360139,"{'amenity': 'school', 'building': 'school', 'grades': '1'}",277193244,way
39.2490268,9.1196541,"{'amenity': 'post_office', 'building': 'yes'}",277193357,way
39.2485479,9.141176,"{'amenity': 'school', 'isced:level': '3', 'name': 'Succursale Istituto Tecnico Economico Pietro Martini', 'ref': 'CATD220001'}",277198251,way
40.9074128,9.4943109,"{'amenity': 'school', 'fee': 'no', 'isced:level': '2', 'name': 'Scuola Secondaria di Primo Grado Bandinu', 'ref': 'SSMM82901N'}",277316371,way
40.9080845,9.4950858,"{'amenity': 'school', 'isced:level': '3', 'name': 'Istituto Tecnico Commerciale e Geometri Attilio Deffenu', 'ref': 'SSTD010001', 'wikidata': 'Q52809933'}",277316372,way
40.9232063,9.4894948,"{'amenity': 'post_office', 'building': 'yes'}",277326823,way
41.0457849,9.4686104,"{'addr:city': 'San Pantaleo', 'addr:housenumber': '4', 'addr:postcode': '07026', 'addr:street': 'Via Zara', 'amenity': 'post_office', 'brand': 'Poste Italiane', 'brand:wikidata': 'Q495026', 'brand:wikipedia': 'en:Poste italiane', 'building': 'yes', 'name': 'Ufficio Postale San Pantaleo', 'opening_hours': 'Mo-Fr 08:20-13:35; Sa 08:20-12:35;PH off', 'operator': 'Poste Italiane', 'operator:wikidata': 'Q495026', 'ref': '58119'}",277335980,way
40.9229863,9.4866132,"{'amenity': 'school', 'fee': 'no', 'isced:level': '1', 'name': 'Scuola Primaria Via Cimabue', 'ref': 'SSEE027036'}",277337446,way
40.9264141,9.504852,"{'amenity': 'school', 'fee': 'no', 'isced:level': '1', 'name': 'Scuola Primaria Primo Circolo Didattico', 'ref': 'SSEE02501C'}",277337489,way
40.9413064,9.4898924,"{'amenity': 'school', 'fee': 'no', 'isced:level': '2', 'name': 'Succursale Scuola Secondaria di Primo Grado Ettore Pais', 'ref': 'SSMM027002'}",277337553,way
40.9245031,9.4713316,{'amenity': 'school'},277337554,way
40.9255432,9.4979543,"{'amenity': 'school', 'fee': 'no', 'isced:level': '1', 'name': 'Scuola Primaria Via San Simplicio', 'ref': 'SSAA02508E'}",277337555,way
40.9103848,9.5213567,"{'amenity': 'school', 'isced:level': '3', 'name': 'Liceo Artistico Fabrizio De André', 'ref': 'SSSL031025'}",277337561,way
40.9177026,9.494661,"{'amenity': 'school', 'fee': 'no', 'isced:level': '1', 'name': 'Scuola Primaria Via Redipuglia', 'ref': 'SSEE02502D'}",277337562,way
40.9202971,9.4929385,"{'amenity': 'school', 'isced:level': '3', 'name': 'Liceo Classico Antonio Gramsci', 'ref': 'SSPC07000N'}",277337566,way
40.9265974,9.5039527,"{'amenity': 'school', 'fee': 'no', 'isced:level': '2', 'name': 'Scuola Secondaria di Primo Grado Ettore Pais', 'ref': 'SSMM027002'}",277337605,way
40.470253,9.4824281,"{'amenity': 'post_office', 'brand': 'Poste Italiane', 'brand:wikidata': 'Q495026', 'building': 'yes', 'name': 'Ufficio Postale di Lula', 'opening_hours': 'Mo-Fr 08:20-13:45; Sa 08:20-12:45; PH off', 'operator': 'Poste Italiane', 'operator:wikidata': 'Q495026', 'ref': '80142'}",277488868,way
41.213886,9.4086384,"{'amenity': 'post_office', 'brand': 'Poste Italiane', 'brand:wikidata': 'Q495026', 'building': 'yes', 'name': 'Ufficio centrale Poste', 'operator': 'Poste Italiane', 'operator:wikidata': 'Q495026'}",277776926,way
39.2566535,9.1790675,"{'amenity': 'school', 'fee': 'no', 'isced:level': '2', 'name': 'Scuola Secondaria di Primo Grado Ippolito Nevio', 'ref': 'CAMM87301B'}",278298326,way
39.2537804,9.1619599,"{'amenity': 'post_office', 'brand': 'Poste Italiane', 'brand:wikidata': 'Q495026', 'building': 'yes', 'name': 'Ufficio Postale di Selargius', 'opening_hours': 'Mo-Fr 08:20-19:05; Sa 08:20-12:35;PH off', 'operator': 'Poste Italiane', 'operator:wikidata': 'Q495026', 'ref': '13135', 'wheelchair': 'yes'}",278323894,way
40.8074379,9.3288144,"{'addr:city': 'Monti', 'addr:housenumber': '4', 'addr:street': 'Via Don Luigi Sturzo', 'amenity': 'post_office', 'brand': 'Poste Italiane', 'brand:wikidata': 'Q495026', 'brand:wikipedia': 'en:Poste italiane', 'building': 'yes', 'building:levels': '0', 'name': 'Poste Italiane', 'phone': '+39 0789 44023'}",278331232,way
39.8965899,8.5977384,"{'amenity': 'school', 'isced:level': '3', 'name': 'Ist. Professionale per i Servizi Sociali Galileo Galilei', 'ref': 'ORRF00901X'}",279199026,way
39.9287939,8.5910767,"{'addr:street': 'Località Palloni', 'amenity': 'school', 'isced:level': '3', 'name': 'Istituto Professionale Agricoltura e Ambiente Don Deodato Meloni', 'ref': 'ORRA009017'}",279199027,way
39.8943469,8.5996051,"{'addr:city': 'Oristano', 'addr:country': 'IT', 'addr:housenumber': '19', 'addr:postcode': '09170', 'addr:street': 'Via Messina', 'amenity': 'school', 'contact:website': 'http://www.liceoscientificooristano.gov.it', 'name': ""Liceo Scientifico Mariano Quarto d'Arborea"", 'ref': 'ORPS01201D'}",279199030,way
39.9286891,8.5899362,"{'amenity': 'school', 'building': 'school', 'name': 'Scuola Alberghiera'}",279199035,way
39.8972869,8.5970029,"{'amenity': 'school', 'isced:level': '1', 'name': 'Scuola Primaria Sacro Cuore', 'ref': 'OREE82705V'}",279199036,way
39.9015798,8.595447,"{'amenity': 'school', 'isced:level': '1', 'name': 'Scuola Primaria via Solferino', 'ref': 'OREE82001X'}",279199037,way
39.9124809,8.5892927,"{'amenity': 'post_office', 'building': 'yes'}",279204812,way
39.9051252,8.5869831,"{'addr:housenumber': '38', 'addr:street': 'Via Armando Diaz', 'amenity': 'pharmacy', 'building': 'yes', 'contact:mobile': '+39 347 5728869', 'dispensing': 'yes', 'healthcare': 'pharmacy', 'name': 'Farmacia SA.FI. Pharma', 'opening_hours': 'Mo-Fr 08:30-13:30, 16:30-21:00; Sa 08:30-13:30', 'payment:cash': 'yes', 'payment:credit_cards': 'yes', 'payment:debit_cards': 'yes', 'payment:satispay': 'yes', 'phone': '+39 0783 74297', 'ref:msal': '16130', 'ref:vatin': 'IT01191150950', 'source': 'Ministero della Salute'}",279204933,way
39.9080621,8.5820286,"{'amenity': 'school', 'isced:level': '1', 'name': 'Scuola primaria Sa Rodia', 'ref': 'OREE82701P'}",279205620,way
39.9078373,8.5947001,"{'amenity': 'school', 'isced:level': '1', 'name': 'Scuola Primaria Istituto Comprensivo 2', 'ref': 'OREE820043'}",279205635,way
40.8322707,8.4048597,"{'amenity': 'school', 'email': 'SSIC841007@istruzione.it', 'fee': 'no', 'isced:level': '1', 'name': ""Scuola dell'infanzia Gavino Gabriel"", 'operator': 'Istituto Comprensivo N.1 Porto Torres', 'operator:ref': 'SSIC841007', 'operator:type': 'public', 'phone': '+39 079 513166', 'ref': 'SSAA841025'}",279209533,way
40.8373297,8.4075456,"{'amenity': 'school', 'isced:level': '3', 'name': 'Istituto Tecnico Nautico Mauro Paglietti', 'ref': 'SSTH00401C'}",279209537,way
40.8265909,8.4128178,"{'amenity': 'school', 'isced:level': '3', 'name': 'Liceo Scientifico Europa Unita', 'ref': 'SSPS00402X'}",279209539,way
40.8371719,8.3986052,"{'amenity': 'post_office', 'brand': 'Poste Italiane', 'brand:wikidata': 'Q495026', 'building': 'yes', 'name': 'Ufficio Postale Porto Torres 1', 'opening_hours': 'Mo-Fr 08:20-13:45; Sa 08:20-13:45; PH off', 'operator': 'Poste Italiane', 'operator:wikidata': 'Q495026', 'operator:wikipedia': 'en:Poste italiane', 'ref': '58157'}",279209542,way
40.832914,8.4039873,"{'amenity': 'post_office', 'brand': 'Poste Italiane', 'brand:wikidata': 'Q495026', 'building': 'yes', 'name': 'Ufficio Postale Porto Torres Centrale', 'opening_hours': 'Mo-Fr 08:20-13:45; Sa 08:20-13:45; PH off', 'operator': 'Poste Italiane', 'operator:wikidata': 'Q495026', 'ref': '58081'}",279209561,way
40.8359253,8.4056552,"{'amenity': 'school', 'fee': 'no', 'isced:level': '1', 'name': 'Scuola Primaria Castellaccio', 'ref': 'SSEE841019'}",279214644,way
40.8292667,8.4170045,"{'amenity': 'school', 'fee': 'no', 'isced:level': '1', 'name': 'Scuola Primaria Camillo Bellieni', 'ref': 'SSEE842026'}",279214665,way
40.8339868,8.4007237,"{'amenity': 'school', 'fee': 'no', 'isced:level': '1', 'name': 'Scuola Primaria Edmondo de Amicis', 'ref': 'SSEE842015', 'wikipedia': 'it:Scuola elementare Edmondo De Amicis'}",279214678,way
40.8279528,8.4108401,"{'amenity': 'school', 'fee': 'no', 'isced:level': '2', 'name': 'Scuola Secondaria di Primo Grado Porto Torres 1', 'ref': 'SSMM841018'}",279214695,way
40.8296279,8.4013462,"{'amenity': 'school', 'fee': 'no', 'isced:level': '2', 'landuse': 'education', 'name': 'Scuola Secondaria di Primo Grado Porto Torres 2', 'ref': 'SSMM842014'}",279214720,way
40.8282677,8.4166048,"{'amenity': 'school', 'fee': 'no', 'isced:level': '1', 'name': 'Scuola Primaria Giuseppe Dessì', 'ref': 'SSEE84102A'}",279214806,way
40.8303514,8.4006703,"{'amenity': 'school', 'fee': 'no', 'isced:level': '1', 'name': 'Scuola Primaria Monte Angellu', 'ref': 'SSEE842048'}",279214914,way
40.5599864,8.3113076,"{'addr:city': 'Alghero', 'addr:postcode': '07041', 'addr:street': 'Bastioni Pigafetta', 'amenity': 'university', 'building': 'yes', 'education': 'university', 'historic': 'hospital', 'name': 'Dipartimento di Architettura, Design, Urbanistica - Santa Chiara', 'website': 'https://www.architettura.uniss.it/'}",279264180,way
40.5562008,8.3178649,"{'addr:city': 'Alghero', 'addr:housenumber': '35', 'addr:postcode': '07041', 'addr:street': 'Via Giosuè Carducci', 'amenity': 'post_office', 'branch': 'Alghero', 'brand': 'Poste Italiane', 'brand:wikidata': 'Q495026', 'brand:wikipedia': 'en:Poste italiane', 'building': 'yes', 'name': 'Ufficio Postale Alghero Centro', 'opening_hours': 'Mo-Fr 08:20-19:05; Sa 08:20-12:35;PH off', 'operator': 'Poste Italiane', 'operator:wikidata': 'Q495026', 'ref': '58004'}",279265084,way
40.7673272,9.5224284,"{'amenity': 'post_office', 'brand': 'Poste Italiane', 'brand:wikidata': 'Q495026', 'building': 'yes', 'operator': 'Poste Italiane', 'operator:wikidata': 'Q495026'}",279365326,way
40.7639263,9.5221732,"{'amenity': 'bank', 'brand': 'Banco di Sardegna', 'brand:wikidata': 'Q806205', 'building': 'commercial', 'name': 'Banco di Sardegna', 'operator': 'Banco di Sardegna', 'operator:wikidata': 'Q806205'}",279366335,way
40.7705385,9.6669562,"{'amenity': 'school', 'name': 'Istituto Comprensivo di San Teodoro'}",279391641,way
40.6295746,9.6793663,"{'amenity': 'post_office', 'brand': 'Poste Italiane', 'brand:wikidata': 'Q495026', 'building': 'yes', 'name': 'Ufficio Postale di Torpè', 'opening_hours': 'Mo-Fr 08:20-13:35; Sa 08:20-12:35;PH off', 'operator': 'Poste Italiane', 'operator:wikidata': 'Q495026', 'ref': '80187'}",280036208,way
40.6863026,9.6370041,"{'amenity': 'post_office', 'brand': 'Poste Italiane', 'brand:wikidata': 'Q495026', 'building': 'yes', 'name': 'Ufficio Postale di Brunella', 'opening_hours': 'Mo-Fr 08:20-13:35; Sa 08:20-12:35;PH off', 'operator': 'Poste Italiane', 'operator:wikidata': 'Q495026', 'ref': '80218'}",280036292,way
40.6274152,9.6796069,"{'amenity': 'school', 'fee': 'no', 'isced:level': '2', 'name': 'Scuola Secondaria di Primo Grado di Torpè', 'ref': 'NUMM84101C'}",280036500,way
40.6275058,9.6762581,"{'amenity': 'school', 'fee': 'no', 'isced:level': '1', 'name': 'Scuola Primaria di Torpè', 'ref': 'NUEE84101D'}",280036525,way
39.5558339,8.9049006,"{'amenity': 'post_office', 'building': 'yes', 'operator': 'Poste Italiane', 'operator:wikidata': 'Q495026'}",280051995,way
39.5638655,8.8929274,"{'amenity': 'school', 'isced:level': '2', 'name': 'Scuola Secondaria di Primo Grado Giuseppe Saragat', 'ref': 'CAMM83901X'}",280053158,way
40.6782454,9.6647844,{'amenity': 'school'},280122502,way
40.7047826,9.7035161,{'amenity': 'school'},280122527,way
40.681271,9.6651485,{'amenity': 'school'},280122611,way
40.6876231,9.695198,{'amenity': 'school'},280122627,way
39.9290842,8.6890156,"{'addr:city': 'Simaghis/Simaxis', 'addr:housenumber': '13', 'addr:postcode': '09088', 'addr:street': 'Via Pietro Nenni', 'amenity': 'post_office', 'atm': 'yes', 'brand': 'Poste Italiane', 'brand:wikidata': 'Q495026', 'building': 'yes', 'name': 'Ufficio Postale di Simaxis', 'opening_hours': 'Mo-Fr 08:20-13:35; Sa 08:20-12:35;PH off', 'operator': 'Poste Italiane', 'operator:wikidata': 'Q495026', 'ref': '72061'}",280157499,way
41.178136,9.3914239,"{'amenity': 'school', 'building': 'yes', 'check_date': '2024-07-07', 'name': 'Istituto Superiore ""Falcone e Borsellino""'}",280162915,way
41.2386379,9.1875224,"{'amenity': 'bank', 'atm': 'yes', 'brand': 'Banco di Sardegna', 'brand:wikidata': 'Q806205', 'building': 'yes', 'name': 'Banco di Sardegna'}",281005125,way
39.267788,9.0444492,"{'amenity': 'school', 'fee': 'no', 'isced:level': '2', 'name': 'Scuola Secondaria di Primo Grado Monsignor Saba', 'ref': 'CAMM84401B'}",281435051,way
39.2656625,9.0481514,{'amenity': 'school'},281435054,way
39.2692083,9.0572313,"{'amenity': 'school', 'fee': 'no', 'isced:level': '1', 'name': 'Scuola Primaria Via Sestu', 'ref': 'CAEE84402D', 'wheelchair': 'yes'}",281435055,way
39.2697256,9.0542901,{'amenity': 'school'},281435129,way
39.287057,9.0047846,"{'amenity': 'bank', 'atm': 'yes', 'brand': 'Intesa Sanpaolo', 'brand:wikidata': 'Q1343118', 'brand:wikipedia': 'it:Intesa Sanpaolo', 'building': 'yes', 'name': 'Intesa Sanpaolo', 'phone': '+390709485211'}",281459520,way
39.2891376,9.00614,"{'amenity': 'post_office', 'brand': 'Poste Italiane', 'brand:wikidata': 'Q495026', 'building': 'yes', 'name': 'Ufficio Postale Assemini Centro', 'opening_hours': 'Mo-Fr 08:20-19:05; Sa 08:20-12:35;PH off', 'operator': 'Poste Italiane', 'operator:wikidata': 'Q495026', 'ref': '13010'}",281463497,way
39.2916284,9.0062643,{'amenity': 'school'},281464175,way
39.286306,9.0087111,"{'amenity': 'school', 'fee': 'no', 'isced:level': '2', 'name': 'Scuola Secondaria di Primo Grado Giovanni Pascoli', 'ref': 'CAMM8AJ014'}",281464188,way
39.2914778,9.0069785,"{'amenity': 'school', 'fee': 'no', 'isced:level': '1', 'name': 'Scuola Primaria Dionigi Scalas', 'ref': 'CAEE8AJ026'}",281464201,way
39.2910339,8.9946912,"{'amenity': 'school', 'fee': 'no', 'isced:level': '1', 'name': 'Scuola Primaria Fedele Piras', 'ref': 'CAEE8AH021'}",281464203,way
39.2873546,9.0043211,{'amenity': 'school'},281464207,way
39.2851487,8.997756,"{'amenity': 'school', 'isced:level': '3', 'name': 'Istituto Tecnico Industriale Michele Giua', 'ref': 'CATF04002R'}",281464211,way
39.2976388,8.9940044,"{'amenity': 'school', 'fee': 'no', 'isced:level': '2', 'name': 'Scuola Secondaria di Primo Grado Costantino Nivola', 'ref': 'CAMM8AH01V'}",281464215,way
39.283924,9.0115253,"{'amenity': 'school', 'fee': 'no', 'isced:level': '1', 'name': 'Scuola Primaria Don Albino Mancosu', 'ref': 'CAEE8AJ037'}",281464380,way
40.5780807,9.6992565,"{'addr:city': 'Siniscola', 'addr:housenumber': '15', 'addr:postcode': '08029', 'addr:street': 'Via Silvio Pellico', 'amenity': 'post_office', 'brand': 'Poste Italiane', 'brand:wikidata': 'Q495026', 'brand:wikipedia': 'en:Poste italiane', 'building': 'yes', 'name': 'Ufficio Postale di Siniscola', 'opening_hours': 'Mo-Fr 08:20-13:35; Sa 08:20-12:35;PH off', 'operator': 'Poste Italiane', 'operator:wikidata': 'Q495026', 'phone': '+390784875110', 'ref': '80179'}",281476746,way
39.5518346,8.7855979,"{'amenity': 'clinic', 'building': 'yes', 'healthcare': 'clinic', 'name': 'Centro Salute Mentale'}",282603237,way
39.5485997,8.7867646,"{'amenity': 'hospital', 'building': 'yes', 'healthcare': 'hospital', 'name': 'Consultorio Familiare'}",282604659,way
41.2432657,9.1921078,"{'amenity': 'school', 'building': 'school', 'name': 'Istituto Globale P.F.M.Magnon'}",283264942,way
39.1665515,8.5271181,"{'amenity': 'clinic', 'building': 'yes', 'name': 'A.S.L. 7'}",283489945,way
39.2119569,8.4620465,"{'amenity': 'post_office', 'brand': 'Poste Italiane', 'brand:wikidata': 'Q495026', 'building': 'yes', 'name': 'Ufficio Postale Cortoghiana', 'opening_hours': 'Mo-Fr 08:20-13:35; Sa 08:20-12:35;PH off', 'operator': 'Poste Italiane', 'operator:wikidata': 'Q495026', 'ref': '13294'}",283493204,way
39.1723517,8.5208306,"{'amenity': 'clinic', 'building': 'yes', 'name': 'Guardia Medica', 'operator': 'A.S.L. 7', 'phone': '+39 0781 61431'}",283493212,way
39.1686813,8.5241831,"{'amenity': 'clinic', 'building': 'yes', 'name': 'Servizio Veterinario - Anagrafe Canina', 'operator': 'A.S.L. 7'}",283493773,way
39.3047413,8.5482983,"{'amenity': 'post_office', 'brand': 'Poste Italiane', 'brand:wikidata': 'Q495026', 'building': 'yes', 'name': 'Ufficio Postale Iglesias Centro', 'opening_hours': 'Mo-Fr 08:20-19:05; Sa 08:20-12:35;PH off', 'operator': 'Poste Italiane', 'operator:wikidata': 'Q495026', 'ref': '13067', 'wheelchair': 'yes'}",283514822,way
39.3122087,8.5317017,"{'amenity': 'school', 'building': 'school', 'layer': '-1', 'location': 'surface', 'name': 'Scuole Elementari Maschili'}",283514827,way
41.2327448,9.1845843,{'amenity': 'school'},284446631,way
40.7069135,8.55361,"{'amenity': 'university', 'building': 'university', 'education': 'university', 'name': 'Facoltà di Medicina Veterinaria', 'website': 'https://veterinaria.uniss.it'}",285945411,way
40.7088166,8.552711,"{'amenity': 'university', 'building': 'university', 'education': 'university', 'name': 'Facoltà di Scienze Matematiche Fisiche e Naturali'}",285945412,way
40.728563,8.5730061,"{'amenity': 'school', 'fee': 'no', 'isced:level': '1', 'name': 'Scuola Primaria Via Gorizia', 'ref': 'SSEE85702X'}",285974765,way
40.7246066,8.5730573,"{'amenity': 'school', 'education': 'school'}",285974767,way
40.7248338,8.559745,"{'amenity': 'university', 'education': 'university', 'name': 'Università di Sassari - Sede centrale'}",285990674,way
40.7221821,8.5550983,"{'addr:housenumber': '55', 'addr:postcode': '07100', 'addr:street': 'Via Giovanni Amendola', 'amenity': 'clinic', 'building': 'yes', 'healthcare': 'clinic', 'name': 'Centro Salute Mentale', 'name:en': 'Mental Health Clinic', 'operator': 'ASL Sassari'}",286148193,way
39.9273045,9.6501558,"{'amenity': 'school', 'isced:level': '3', 'name': 'Istituto Tecnico Industriale Tortolì', 'ref': 'NUTF00701L'}",289634105,way
39.9286518,9.6542936,"{'addr:city': 'Tortolì', 'addr:postcode': '08048', 'addr:street': 'Viale Santa Chiara', 'amenity': 'school', 'isced:level': '3', 'name': 'Istituto Professionale di Stato Servizi Alberghieri', 'nohousenumber': 'yes', 'ref': 'NURH03002A', 'website': 'https://www.ianas.edu.it/'}",289634125,way
39.9275825,9.6835708,"{'amenity': 'school', 'fee': 'no', 'isced:level': '1', 'name': 'Scuola Primaria Zinnias', 'ref': 'NUEE86903B'}",289634128,way
39.9268888,9.6628356,"{'amenity': 'school', 'fee': 'no', 'isced:level': '1', 'name': 'Scuola Primaria Via Monsignor Virgilio', 'ref': 'NUEE869019'}",289634129,way
39.9274018,9.6726716,"{'amenity': 'school', 'fee': 'no', 'isced:level': '2', 'name': 'Scuola Secondaria di Primo Grado Antonio Scorcu', 'ref': 'NUMM869018'}",289634131,way
39.9269594,9.673905,"{'amenity': 'hospital', 'building': 'yes', 'emergency': 'yes', 'healthcare': 'hospital'}",289635197,way
39.9250491,9.6619608,"{'amenity': 'post_office', 'brand': 'Poste Italiane', 'brand:wikidata': 'Q495026', 'building': 'yes', 'name': 'Ufficio Postale di Tortolì', 'opening_hours': 'Mo-Fr 08:20-19:05; Sa 08:20-12:35;PH off', 'operator': 'Poste Italiane', 'operator:wikidata': 'Q495026', 'ref': '80188'}",289635436,way
39.9269938,9.6739524,"{'amenity': 'hospital', 'healthcare': 'hospital'}",289637980,way
39.9260261,9.6516232,"{'amenity': 'school', 'fee': 'no', 'isced:level': '2', 'name': 'Scuola Secondaria di Primo Grado Monte Attu', 'ref': 'NUMM87001C'}",289637988,way
39.9275802,9.6520058,"{'amenity': 'school', 'isced:level': '3', 'name': 'Istituto Tecnico Commerciale Tortolì', 'ref': 'NUTD00701A'}",289637990,way
39.9246594,9.6623762,{'amenity': 'school'},289637991,way
39.9294728,9.7004271,"{'amenity': 'school', 'fee': 'no', 'isced:level': '1', 'name': 'Scuola Primaria Villaggio Cartiera', 'ref': 'NUEE86904C'}",289637994,way
39.9349787,9.7068526,"{'amenity': 'school', 'name': 'Scuola media di Arbatax'}",289638040,way
39.9264433,9.6640812,{'amenity': 'school'},289638079,way
39.9259493,9.6541018,"{'addr:postcode': '08048', 'addr:street': 'Viale Virgilio Pirastu', 'amenity': 'school', 'fee': 'no', 'isced:level': '1', 'name': 'Scuola Primaria Monte Attu', 'name:it': 'Scuola Elementare', 'opening_hours': 'Mo-Sa 08:00-16:30', 'ref': 'NUEE87001D'}",289638085,way
39.9251954,9.6634947,{'amenity': 'school'},289638093,way
40.2737904,9.4021616,"{'amenity': 'school', 'fee': 'no', 'isced:level': '2', 'name': 'Scuola Secondaria di Primo Grado Professor Mario Massaiu', 'ref': 'NUMM86801C'}",291568398,way
39.7684655,8.8153089,"{'amenity': 'bank', 'brand': 'Banco di Sardegna', 'brand:wikidata': 'Q806205', 'building': 'yes', 'name': 'Banco di Sardegna', 'operator': 'Banco di Sardegna'}",293645010,way
39.7698075,8.8129859,"{'addr:city': 'Ales', 'addr:housenumber': '17', 'addr:postcode': '09091', 'addr:street': 'Via Regina Margherita', 'amenity': 'post_office', 'brand': 'Poste Italiane', 'brand:wikidata': 'Q495026', 'building': 'yes', 'name': 'Ufficio Postale di Ales', 'opening_hours': 'Mo-Fr 08:20-13:45; Sa 08:20-13:45; PH off', 'operator': 'Poste Italiane', 'operator:wikidata': 'Q495026', 'ref': '72010'}",293645577,way
40.101498,8.9533743,"{'amenity': 'pharmacy', 'building': 'yes', 'dispensing': 'yes', 'healthcare': 'pharmacy', 'name': 'Farmacia Santa Vittoria', 'ref:msal': '16102', 'ref:vatin': 'IT01263630954', 'source': 'Ministero della Salute'}",294094788,way
40.0442966,8.9044906,"{'amenity': 'post_office', 'brand': 'Poste Italiane', 'brand:wikidata': 'Q495026', 'building': 'yes', 'name': 'Ufficio Postale di Ulà Tirso', 'opening_hours': 'Mo-Fr 08:20-13:35;PH off', 'operator': 'Poste Italiane', 'operator:wikidata': 'Q495026', 'ref': '72094'}",294094845,way
40.0658877,8.9468326,"{'addr:city': 'Neoneli', 'addr:country': 'IT', 'addr:housenumber': '140', 'addr:postcode': '09080', 'addr:street': 'Via Roma', 'amenity': 'pharmacy', 'building': 'yes', 'dispensing': 'yes', 'healthcare': 'pharmacy', 'name': 'Farmacia Mastinu', 'ref:msal': '16089', 'ref:vatin': 'IT00432170959', 'source': 'Ministero della Salute'}",294096820,way
39.8225097,8.9400393,"{'amenity': 'pharmacy', 'building': 'yes', 'dispensing': 'yes', 'name': 'Farmacia Sanna', 'ref:msal': '18502', 'ref:vatin': 'IT03310920925', 'source': 'Ministero della Salute'}",294107654,way
40.0866915,8.7610507,"{'addr:city': 'Paulilatino', 'addr:housenumber': '26', 'addr:postcode': '09070', 'addr:street': 'Viale della Libertà', 'amenity': 'post_office', 'atm': 'yes', 'brand': 'Poste Italiane', 'brand:wikidata': 'Q495026', 'building': 'yes', 'name': 'Ufficio Postale di Paulilatino', 'opening_hours': 'Mo-Fr 08:20-13:35; Sa 08:20-12:35;PH off', 'operator': 'Poste Italiane', 'operator:wikidata': 'Q495026', 'ref': '72044', 'source': 'https://www.msn.com/it-it/money/storie-principali/narbolia-e-paulilatino-nuovi-postamat-negli-uffici-postali/ar-AA1HuiFb'}",294121364,way
40.0943494,8.6557439,"{'addr:city': 'Bonarcado', 'addr:country': 'IT', 'addr:housenumber': '48', 'addr:postcode': '09070', 'addr:street': 'Via Antonio Segni', 'amenity': 'post_office', 'atm': 'yes', 'brand': 'Poste Italiane', 'brand:wikidata': 'Q495026', 'building': 'yes', 'name': 'Ufficio Postale di Bonarcado', 'opening_hours': 'Mo-Fr 08:20-13:35; Sa 08:20-12:35;PH off', 'operator': 'Poste Italiane', 'operator:wikidata': 'Q495026', 'ref': '72019'}",294122560,way
39.9895109,8.7521175,"{'addr:housenumber': '1', 'addr:street': 'Piazza Plebiscito', 'amenity': 'post_office', 'building': 'yes', 'name': 'Ufficio Postale di Villanova', 'opening_hours': 'Tu,Th 08:20-13:45; Sa 08:20-12:45', 'operator': 'Poste Italiane', 'ref': '72102'}",294229960,way
39.9205281,8.760017,"{'amenity': 'pharmacy', 'building': 'yes', 'dispensing': 'yes', 'healthcare': 'pharmacy', 'name': 'Farmacia Pinna', 'ref:msal': '16128', 'ref:vatin': 'IT01218650958', 'source': 'Ministero della Salute'}",294230413,way
39.5633637,8.9460564,"{'amenity': 'school', 'isced:level': '1', 'name': 'Scuola Primaria Furtei', 'ref': 'CAEE84802R'}",294272143,way
39.5653674,8.9487093,"{'amenity': 'school', 'isced:level': '2', 'name': 'Scuola Secondaria di Primo Grado Furtei', 'ref': 'CAMM84802Q'}",294272159,way
39.5621036,8.9446492,"{'amenity': 'post_office', 'brand': 'Poste Italiane', 'brand:wikidata': 'Q495026', 'building': 'yes', 'name': 'Ufficio Postale di Furtei', 'opening_hours': 'Mo-Fr 08:20-13:35; Sa 08:20-12:35;PH off', 'operator': 'Poste Italiane', 'operator:wikidata': 'Q495026', 'ref': '13053'}",294272852,way
39.4181303,8.9300227,"{'amenity': 'school', 'building': 'school'}",294281852,way
39.6202386,8.9637379,"{'amenity': 'clinic', 'building': 'yes', 'healthcare': 'rehabilitation', 'name': 'Clinica Arborea'}",294443686,way
39.7030007,9.0061771,"{'amenity': 'post_office', 'brand': 'Poste Italiane', 'brand:wikidata': 'Q495026', 'building': 'yes', 'operator': 'Poste Italiane', 'operator:wikidata': 'Q495026'}",294461999,way
39.1604473,8.610786,{'amenity': 'school'},294639214,way
39.1749994,8.4288972,"{'amenity': 'school', 'building': 'yes', 'fee': 'no', 'isced:level': '1', 'name': 'Scuola Primaria di Paringianu', 'ref': 'CAEE818021'}",294653150,way
39.0767831,8.6636878,"{'addr:city': 'Piscinas', 'addr:housenumber': '10', 'addr:postcode': '09010', 'addr:street': 'Via Risorgimento', 'amenity': 'post_office', 'brand': 'Poste Italiane', 'brand:wikidata': 'Q495026', 'building': 'yes', 'name': 'Ufficio Postale Piscinas', 'opening_hours': 'Mo-Fr 08:20-13:35; Sa 08:20-12:35;PH off', 'operator': 'Poste Italiane', 'operator:wikidata': 'Q495026', 'operator:wikipedia': 'en:Poste italiane', 'ref': '13330'}",294662016,way
39.1115105,8.5231319,"{'amenity': 'pharmacy', 'building': 'yes', 'dispensing': 'yes', 'healthcare': 'pharmacy', 'name': 'Farmacia Cincotti', 'ref:msal': '16226', 'ref:vatin': 'IT03875150926', 'source': 'Ministero della Salute'}",294675075,way
39.3846493,8.941254,"{'amenity': 'pharmacy', 'building': 'yes', 'dispensing': 'yes', 'healthcare': 'pharmacy', 'name': ""Farmacia Sant'Isidoro"", 'ref:msal': '20146', 'ref:vatin': 'IT03790850923', 'source': 'Ministero della Salute'}",295168036,way
39.9928922,8.5566,"{'addr:city': 'Baratili San Pietro', 'addr:country': 'IT', 'addr:housenumber': '1', 'addr:postcode': '09070', 'addr:street': 'Via Roma', 'amenity': 'post_office', 'brand': 'Poste Italiane', 'brand:wikidata': 'Q495026', 'building': 'commercial', 'name': 'Ufficio Postale di Baratili', 'opening_hours': 'Mo-Fr 08:20-13:35; Sa 08:20-12:35;PH off', 'operator': 'Poste Italiane', 'operator:wikidata': 'Q495026', 'ref': '72016'}",295528405,way
39.439601,9.0124641,"{'amenity': 'post_office', 'brand': 'Poste Italiane', 'brand:wikidata': 'Q495026', 'building': 'yes', 'building:levels': '1', 'name': 'Ufficio Postale di Nuraminis', 'opening_hours': 'Mo-Fr 08:20-13:35; Sa 08:20-12:35;PH off', 'operator': 'Poste Italiane', 'operator:wikidata': 'Q495026', 'ref': '13097'}",295584421,way
39.2993099,9.0970623,"{'amenity': 'school', 'building': 'school', 'name': 'Scuola'}",295594179,way
39.3760771,9.177321,"{'amenity': 'school', 'fee': 'no', 'isced:level': '1', 'name': 'Scuola Primaria di Dolianova', 'ref': 'CAEE87801G'}",295718637,way
39.376596,9.1779335,"{'amenity': 'school', 'fee': 'no', 'isced:level': '2', 'name': 'Scuola Secondaria di Primo Grado Emanuele Zuddas', 'ref': 'CAMM87801E'}",295718764,way
39.3439685,9.3556537,"{'amenity': 'school', 'isced:level': '2', 'name': 'Scuola Secondaria di Primo Grado Antonio Segni', 'ref': 'CAMM80702D'}",295732931,way
39.3457837,9.3640375,"{'amenity': 'post_office', 'brand': 'Poste Italiane', 'brand:wikidata': 'Q495026', 'building': 'yes', 'name': 'Ufficio Postale di Burcei', 'opening_hours': 'Mo-Fr 08:20-13:35; Sa 08:20-12:35;PH off', 'operator': 'Poste Italiane', 'operator:wikidata': 'Q495026', 'ref': '13027'}",295733807,way
39.420373,9.5708347,"{'amenity': 'school', 'isced:level': '2', 'name': 'Scuola Secondaria di Primo Grado Dante Alighieri', 'ref': 'CAMM83504Q'}",295893061,way
39.4197686,9.5707619,"{'amenity': 'school', 'isced:level': '1', 'name': 'Scuola Primaria Viale Rinascita', 'ref': 'CAEE83503Q'}",295893288,way
39.4192586,9.5698353,"{'amenity': 'school', 'isced:level': '3', 'name': 'Istituto Tecnico Commerciale e per Geometri Luigi Einaudi', 'ref': 'CATD006012'}",295893309,way
39.4231872,9.5639141,"{'amenity': 'school', 'name': 'Liceo Scientifico Giordano Bruno'}",295893349,way
39.4197294,9.5757259,"{'amenity': 'school', 'isced:level': '1', 'name': ""Scuola Primaria Piazza Sant'Antonio"", 'ref': 'CAEE83504R'}",295893357,way
39.4393043,9.5732153,"{'amenity': 'post_office', 'brand': 'Poste Italiane', 'brand:wikidata': 'Q495026', 'brand:wikipedia': 'en:Poste italiane', 'building': 'yes', 'name': 'Ufficio Postale di VIllaputzu', 'opening_hours': 'Mo-Fr 08:20-13:35; Sa 08:20-12:35;PH off', 'operator': 'Poste Italiane', 'operator:wikidata': 'Q495026', 'ref': '13187'}",295900681,way
39.9302224,8.5324867,"{'addr:housenumber': '10', 'addr:street': 'Via Dante Alighieri', 'amenity': 'post_office', 'brand': 'Poste Italiane', 'brand:wikidata': 'Q495026', 'building': 'yes', 'opening_hours': 'Mo-Fr 08:20-19:05; Sa 08:20-12:35', 'operator': 'Poste Italiane', 'operator:wikidata': 'Q495026', 'ref': '72022'}",295905762,way
39.9929755,8.5435058,"{'amenity': 'post_office', 'brand': 'Poste Italiane', 'brand:wikidata': 'Q495026', 'building': 'yes', 'name': 'Ufficio Postale Riola', 'opening_hours': 'Mo-Fr 08:20-13:35; Sa 08:20-12:35;PH off', 'operator': 'Poste Italiane', 'operator:wikidata': 'Q495026', 'ref': '72045'}",296101452,way
40.2977276,8.4961025,"{'amenity': 'school', 'building': 'school', 'fee': 'no', 'isced:level': '1', 'name': 'Scuola Primaria Scherer', 'ref': 'OREE82806Q'}",296349537,way
39.0116448,9.0001447,"{'addr:city': 'Pula', 'addr:country': 'IT', 'addr:housenumber': '2', 'addr:postcode': '09010', 'addr:street': 'Via San Giovanni', 'amenity': 'post_office', 'atm': 'yes', 'brand': 'Poste Italiane', 'brand:wikidata': 'Q495026', 'brand:wikipedia': 'en:Poste italiane', 'building': 'yes', 'name': 'Ufficio Postale di Pula', 'opening_hours': 'Mo-Fr 08:20-19:05; Sa 08:20-12:35;PH off', 'operator': 'Poste Italiane', 'operator:wikidata': 'Q495026', 'ref': '13110'}",296380235,way
39.561707,9.045127,"{'addr:city': 'Guasila', 'addr:housenumber': '13', 'addr:postcode': '09040', 'addr:street': 'via Manzoni', 'amenity': 'post_office', 'atm': 'yes', 'brand': 'Poste Italiane', 'brand:wikidata': 'Q495026', 'brand:wikipedia': 'en:Poste italiane', 'building': 'yes', 'name': 'Ufficio Postale di Guasila', 'opening_hours': 'Mo-Fr 08:20-13:35, Sa 08:20-12:35; Su,PH off', 'operator': 'Poste Italiane', 'operator:wikidata': 'Q495026', 'phone': '+39 070 986016', 'ref': '13064'}",296394262,way
40.0276244,9.1044917,"{'addr:city': 'Sorgono', 'addr:housenumber': '3', 'addr:postcode': '08038', 'addr:street': 'Viale Stazione', 'amenity': 'post_office', 'atm': 'yes', 'brand': 'Poste Italiane', 'brand:wikidata': 'Q495026', 'brand:wikipedia': 'en:Poste italiane', 'building': 'yes', 'name': 'Ufficio Postale di Sorgono', 'opening_hours': 'Mo-Fr 08:20-13:35; Sa 08:20-12:35; PH off', 'operator': 'Poste Italiane', 'operator:wikidata': 'Q495026', 'phone': '+39 0784 60125', 'ref': '80180'}",296548536,way
40.2640345,8.768942,"{'amenity': 'post_office', 'atm': 'yes', 'brand': 'Poste Italiane', 'brand:wikidata': 'Q495026', 'building': 'yes', 'name': 'Ufficio Postale Macomer', 'operator': 'Poste Italiane', 'operator:wikidata': 'Q495026', 'ref': '80143'}",296576427,way
40.0969928,9.1594181,"{'amenity': 'pharmacy', 'building': 'yes', 'dispensing': 'yes', 'healthcare': 'pharmacy', 'name': 'Farmacia Vacca', 'ref:msal': '15961', 'ref:vatin': 'IT00056940919', 'source': 'Ministero della Salute'}",296579484,way
40.1210437,9.2545794,"{'addr:city': 'Fonni', 'addr:housenumber': '7', 'addr:postcode': '08023', 'addr:street': 'Via Mannironi', 'amenity': 'post_office', 'atm': 'yes', 'brand': 'Poste Italiane', 'brand:wikidata': 'Q495026', 'brand:wikipedia': 'en:Poste italiane', 'building': 'yes', 'name': 'Ufficio Postale di Fonni', 'opening_hours': 'Mo-Fr 08:20-13:35; Sa 08:20-12:35;PH off', 'operator': 'Poste Italiane', 'operator:wikidata': 'Q495026', 'phone': '+39 0784 57069', 'ref': '80125'}",296583402,way
40.0698532,9.0904537,"{'addr:city': 'Austis', 'addr:housenumber': '3a', 'addr:postcode': '08030', 'addr:street': 'Via Roma', 'amenity': 'post_office', 'brand': 'Poste Italiane', 'brand:wikidata': 'Q495026', 'brand:wikipedia': 'en:Poste italiane', 'building': 'yes', 'name': 'Ufficio Postale di Austis', 'opening_hours': 'Mo-Fr 08:20-13:35; Sa 08:20-12:35; PH off', 'operator': 'Poste Italiane', 'operator:wikidata': 'Q495026', 'phone': '+39 0784 67027', 'ref': '80108'}",296584332,way
40.1622584,9.1966783,"{'amenity': 'clinic', 'building': 'hospital', 'healthcare': 'clinic', 'name': 'Poliambulatorio di Gavoi'}",296589381,way
40.1488045,9.2183112,"{'amenity': 'post_office', 'brand': 'Poste Italiane', 'brand:wikidata': 'Q495026', 'building': 'yes', 'name': 'Ufficio Postale di Lodine', 'opening_hours': 'Mo,We,Fr 08:20-13:45; PH off', 'operator': 'Poste Italiane', 'operator:wikidata': 'Q495026', 'ref': '80215'}",296590993,way
39.8773221,8.6073559,"{'addr:city': 'Santa Giusta', 'addr:postcode': '09096', 'addr:street': 'Piazza Othoca', 'amenity': 'post_office', 'brand': 'Poste Italiane', 'brand:wikidata': 'Q495026', 'building': 'yes', 'name': 'Ufficio Postale di Santa Giusta', 'opening_hours': 'Mo-Fr 08:20-13:35; Sa 08:20-12:35;PH off', 'operator': 'Poste Italiane', 'operator:wikidata': 'Q495026', 'ref': '72049'}",296771492,way
40.2337036,9.0483655,"{'amenity': 'school', 'fee': 'no', 'isced:level': '2', 'name': 'Scuola Secondaria di Primo Grado di Ottana', 'ref': 'NUMM823042'}",296787113,way
40.2342065,9.0470239,{'amenity': 'school'},296787114,way
40.2354558,9.0468256,"{'amenity': 'school', 'fee': 'no', 'isced:level': '1', 'name': 'Scuola Primaria di Ottana', 'ref': 'NUEE823043'}",296787124,way
40.233482,9.0461987,"{'amenity': 'post_office', 'brand': 'Poste Italiane', 'brand:wikidata': 'Q495026', 'building': 'yes', 'name': 'Ufficio Postale di Ottana', 'opening_hours': 'Mo-Fr 08:20-13:35; Sa 08:20-12:35;PH off', 'operator': 'Poste Italiane', 'operator:wikidata': 'Q495026', 'ref': '80166'}",296787576,way
40.3019864,9.1101759,"{'amenity': 'school', 'fee': 'no', 'isced:level': '1', 'name': 'Scuola Primaria di Orotelli', 'ref': 'NUEE823054'}",296790649,way
40.3026485,9.1132595,"{'amenity': 'school', 'fee': 'no', 'isced:level': '2', 'name': 'Scuola Secondaria di Primo Grado Salvatore Cambosu', 'ref': 'NUMM823053'}",296790698,way
40.2137338,8.8033279,"{'addr:city': 'Borore', 'addr:housenumber': '10', 'addr:postcode': '08016', 'addr:street': 'Viale Beccarini', 'amenity': 'post_office', 'atm': 'yes', 'building': 'yes', 'name': 'Poste Italiane', 'opening_hours': 'Mo-Fr 08:20-13:45, Sa 08:20-12:45; Su, PH off', 'operator': 'Poste Italiane', 'operator:wikidata': 'Q495026', 'operator:wikipedia': 'en:Poste italiane', 'phone': '+39 0785 86858', 'source': 'https://www.sardegnareporter.it/2021/09/poste-italiane-nuovo-atm-postamat-allufficio-di-borore/412230/'}",296795939,way
40.2283867,8.8972113,"{'addr:city': 'Dualchi', 'addr:country': 'IT', 'addr:housenumber': '6', 'addr:postcode': '08010', 'addr:street': 'Via San Leonardo', 'amenity': 'school', 'building': 'school', 'name': 'Scuola primaria e secondaria'}",296806267,way
39.9529295,9.6610748,"{'amenity': 'school', 'fee': 'no', 'isced:level': '1', 'name': 'Scuola Primaria Cesare Battisti', 'ref': 'NUEE87002E'}",297850127,way
39.9701583,9.6620153,"{'addr:city': 'Lotzorai', 'addr:housenumber': '102', 'addr:postcode': '08040', 'addr:street': 'Via Roma', 'amenity': 'post_office', 'brand': 'Poste Italiane', 'brand:wikidata': 'Q495026', 'building': 'yes', 'check_date': '2024-05-18', 'name': 'Ufficio Postale di Lotzorai', 'opening_hours': 'Mo-Fr 08:20-13:45; Sa 08:20-12:45; PH off', 'operator': 'Poste Italiane', 'operator:wikidata': 'Q495026', 'ref': '80141'}",297850180,way
39.8410567,9.6460363,"{'amenity': 'school', 'fee': 'no', 'isced:level': '2', 'name': 'Scuola Secondaria di Primo Grado di Bari Sardo', 'note': 'Il posizionamento delle scuole è dedotto dagli allegati alla delibera di Giunta Comunale n. 19/2025 (disponibile su Amministrazione Trasparente -> Provvedimenti)', 'ref': 'NUMM86201D'}",298042034,way
39.8425548,9.6470983,"{'amenity': 'post_office', 'brand': 'Poste Italiane', 'brand:wikidata': 'Q495026', 'building': 'yes', 'name': 'Ufficio Postale di Bari Sardo', 'opening_hours': 'Mo-Fr 08:20-13:45; Sa 08:20-12:45; PH off', 'operator': 'Poste Italiane', 'operator:wikidata': 'Q495026', 'ref': '80109'}",298044149,way
39.799409,9.6276031,"{'amenity': 'school', 'fee': 'no', 'isced:level': '2', 'name': 'Scuola Secondaria di Primo Grado di Cardedu', 'ref': 'NUMM86203G'}",298059556,way
39.8917622,9.5496881,"{'addr:city': 'Irvonu/Ilbono', 'addr:housenumber': '143/B', 'addr:postcode': '08040', 'addr:street': 'Via Roma', 'amenity': 'post_office', 'brand': 'Poste Italiane', 'brand:wikidata': 'Q495026', 'building': 'yes', 'name': 'Ufficio Postale di Ilbono', 'opening_hours': 'Mo-Fr 08:20-13:45; Sa 08:20-12:45; PH off', 'operator': 'Poste Italiane', 'operator:wikidata': 'Q495026', 'phone': '+39 0782 33011', 'ref': '80133'}",298114426,way
39.9890213,8.5960142,"{'amenity': 'post_office', 'brand': 'Poste Italiane', 'brand:wikidata': 'Q495026', 'building': 'yes', 'operator': 'Poste Italiane', 'operator:wikidata': 'Q495026'}",298690957,way
40.1438532,8.6509962,"{'addr:city': 'Santu Lussurgiu', 'addr:postcode': '09075', 'addr:street': 'Viale Domenico Alberto Azuni', 'amenity': 'pharmacy', 'building': 'yes', 'dispensing': 'yes', 'healthcare': 'pharmacy', 'name': 'Farmacia Sechi', 'ref:msal': '16078', 'ref:vatin': 'IT01118600954', 'source': 'Ministero della Salute'}",298874285,way
40.14399,8.6518565,"{'addr:city': 'Santu Lussurzu/Santu Lussurgiu', 'addr:housenumber': '165', 'addr:postcode': '09075', 'addr:street': 'Viale Azuni', 'amenity': 'post_office', 'atm': 'yes', 'brand': 'Poste Italiane', 'brand:wikidata': 'Q495026', 'brand:wikipedia': 'en:Poste italiane', 'building': 'yes', 'name': 'Ufficio Postale di Santu Lussurgiu', 'opening_hours': 'Mo-Fr 08:20-13:45; Sa 08:20-13:45; PH off', 'operator': 'Poste Italiane', 'operator:wikidata': 'Q495026', 'phone': '+39 0783 551142', 'ref': '72051'}",298874462,way
40.0144431,8.599814,"{'addr:city': 'San Vero Milis', 'addr:country': 'IT', 'addr:housenumber': '56', 'addr:postcode': '09070', 'addr:street': 'Via Regina Margherita Di Savoia', 'amenity': 'post_office', 'brand': 'Poste Italiane', 'brand:wikidata': 'Q495026', 'building': 'yes', 'name': 'Ufficio Postale di San Vero Milis', 'opening_hours': 'Mo-Fr 08:20-13:35; Sa 08:20-12:35;PH off', 'operator': 'Poste Italiane', 'operator:wikidata': 'Q495026', 'ref': '72052'}",298887669,way
40.0801773,8.6119951,"{'amenity': 'bank', 'atm': 'yes', 'brand': 'Banco di Sardegna', 'brand:wikidata': 'Q806205', 'building': 'yes', 'name': 'Banco di Sardegna', 'operator': 'Banco di Sardegna', 'operator:wikidata': 'Q806205', 'phone': '+39 078354458'}",298892595,way
39.9702208,9.6629214,"{'amenity': 'school', 'fee': 'no', 'isced:level': '1', 'name': 'Scuola Primaria Vittorio Demurtas', 'ref': 'NUEE87003G'}",302039438,way
40.5312505,8.766833,"{'amenity': 'pharmacy', 'building': 'yes', 'dispensing': 'yes'}",302642792,way
40.5320816,8.7672869,"{'amenity': 'bank', 'brand': 'Banco di Sardegna', 'brand:wikidata': 'Q806205', 'building': 'yes', 'name': 'Banco di Sardegna'}",302642902,way
40.4152976,9.0295957,"{'amenity': 'post_office', 'brand': 'Poste Italiane', 'brand:wikidata': 'Q495026', 'building': 'yes', 'name': 'Ufficio Postale di Bono', 'opening_hours': 'Mo-Fr 08:20-13:35; Sa 08:20-12:35', 'operator': 'Poste Italiane', 'operator:wikidata': 'Q495026', 'ref': '58014'}",302644989,way
40.4196178,8.7651762,"{'amenity': 'post_office', 'brand': 'Poste Italiane', 'brand:wikidata': 'Q495026', 'building': 'yes', 'operator': 'Poste Italiane', 'operator:wikidata': 'Q495026'}",302649874,way
40.8466838,8.8292221,"{'amenity': 'post_office', 'brand': 'Poste Italiane', 'brand:wikidata': 'Q495026', 'building': 'yes', 'operator': 'Poste Italiane', 'operator:wikidata': 'Q495026'}",302655737,way
40.6671938,8.6143544,"{'amenity': 'school', 'building': 'yes', 'isced:level': '2', 'name': 'Scuola Secondaria di Primo Grado Grazia Deledda'}",302658497,way
39.9696488,9.6636349,"{'amenity': 'school', 'fee': 'no', 'isced:level': '2', 'name': 'Scuola Secondaria di Primo Grado Dottor Antonio Scorcu', 'ref': 'NUMM87002D'}",302922575,way
40.4293585,8.7160448,"{'addr:city': 'Cossoine', 'addr:housenumber': '2', 'addr:postcode': '07010', 'addr:street': 'Via della Quercia', 'amenity': 'post_office', 'building': 'yes', 'operator': 'Poste Italiane', 'operator:wikidata': 'Q495026'}",302932091,way
40.5999701,8.5656999,"{'amenity': 'hospital', 'healthcare': 'hospital', 'name': 'Ospedale G. A. Alivesi'}",304016666,way
40.5916685,8.5704726,"{'amenity': 'post_office', 'brand': 'Poste Italiane', 'brand:wikidata': 'Q495026', 'building': 'yes', 'name': 'Ufficio Postale di Ittiri', 'opening_hours': 'Mo-Fr 08:20-13:35; Sa 08:20-12:35;PH off', 'operator': 'Poste Italiane', 'operator:wikidata': 'Q495026', 'ref': '58037'}",304018666,way
40.8180656,8.8337369,"{'amenity': 'bank', 'building': 'yes', 'name': 'Banco di Sardegna'}",304083568,way
40.6767944,8.5871275,"{'amenity': 'bank', 'brand': 'Banco di Sardegna', 'brand:wikidata': 'Q806205', 'building': 'yes', 'name': 'Banco di Sardegna'}",304297431,way
40.5822323,9.1136134,{'amenity': 'school'},304307457,way
40.8309079,8.8885298,"{'addr:city': 'Perfugas', 'addr:housenumber': '7', 'addr:postcode': '07034', 'addr:street': 'Via Sandro Pertini', 'amenity': 'post_office', 'atm': 'yes', 'building': 'yes', 'name': 'Poste Italiane', 'opening_hours': 'Mo-Fr 08:20-13:45, Sa 08:20-12:45; Su, PH off', 'operator': 'Poste Italiane', 'operator:wikidata': 'Q495026', 'phone': '+39 079 9635030', 'source': 'https://www.sardegnaierioggidomani.com/attualita/a-nulvi-chiaramonti-e-perfugas-i-nuovi-atm-postamat-di-nuova-generazione/'}",304310529,way
40.3972464,8.6630405,"{'addr:city': 'Pozzomaggiore', 'addr:housenumber': '12', 'addr:postcode': '07018', 'addr:street': 'Via Giacomo Matteotti', 'amenity': 'post_office', 'atm': 'yes', 'building': 'yes', 'name': 'Poste Italiane', 'operator': 'Poste Italiane', 'operator:wikidata': 'Q495026', 'operator:wikipedia': 'en:Poste italiane', 'ref': '58083'}",304315202,way
40.4844527,8.5870533,"{'amenity': 'bank', 'brand': 'Banco di Sardegna', 'brand:wikidata': 'Q806205', 'building': 'yes', 'name': 'Banco di Sardegna', 'operator': 'Banco di Sardegna', 'operator:wikidata': 'Q806205'}",304536022,way
40.5276578,8.7182508,"{'amenity': 'school', 'fee': 'no', 'isced:level': '2', 'name': 'Scuola Secondaria di Primo Grado di Thiesi', 'ref': 'SSMM835011'}",304554754,way
40.5215973,8.7164072,"{'amenity': 'school', 'fee': 'no', 'isced:level': '1', 'name': 'Scuola Primaria di Thiesi', 'ref': 'SSEE835012'}",304554755,way
40.5240731,8.7225466,"{'amenity': 'school', 'isced:level': '3', 'name': 'Istituto Tecnico Commerciale Giuseppe Musinu', 'ref': 'SSTD016044'}",304554863,way
40.522978,8.7141908,"{'amenity': 'hospital', 'name': 'Ospedale Civile di Thiesi'}",304554865,way
40.5273363,8.7177125,"{'amenity': 'post_office', 'brand': 'Poste Italiane', 'brand:wikidata': 'Q495026', 'building': 'yes', 'name': 'Ufficio Postale di Thiesi', 'opening_hours': 'Mo-Fr 08:20-13:45; Sa 08:20-13:45; PH off', 'operator': 'Poste Italiane', 'operator:wikidata': 'Q495026', 'ref': '58098'}",304556285,way
40.5031968,8.4735085,"{'amenity': 'school', 'isced:level': '1', 'name': 'Scuola Primaria', 'ref': 'SSEE81202A'}",305311123,way
40.5049809,8.4738119,"{'amenity': 'school', 'name': 'Scuola Secondaria di primo grado'}",305311205,way
40.5017477,8.4701988,"{'amenity': 'post_office', 'brand': 'Poste Italiane', 'brand:wikidata': 'Q495026', 'building': 'yes', 'operator': 'Poste Italiane', 'operator:wikidata': 'Q495026'}",305311864,way
40.8977063,9.1025191,"{'amenity': 'hospital', 'healthcare': 'hospital', 'name': 'Ospedale Paolo Dettori'}",305327359,way
40.9214827,9.1907539,"{'amenity': 'post_office', 'brand': 'Poste Italiane', 'brand:wikidata': 'Q495026', 'building': 'yes', 'operator': 'Poste Italiane', 'operator:wikidata': 'Q495026'}",305336747,way
40.8919267,9.0452777,"{'amenity': 'school', 'building': 'yes', 'isced:level': '1', 'name': 'Scuola Primaria di Bortigiadas', 'ref': 'SSEE84005N'}",305338386,way
40.8912562,9.0419313,"{'amenity': 'bank', 'brand': 'Banco di Sardegna', 'brand:wikidata': 'Q806205', 'building': 'yes', 'name': 'Banco di Sardegna', 'operator': 'Banco di Sardegna', 'operator:wikidata': 'Q806205'}",305338567,way
40.9669935,8.8789251,"{'amenity': 'bank', 'brand': 'Banco di Sardegna', 'brand:wikidata': 'Q806205', 'building': 'yes', 'name': 'Banco di Sardegna', 'operator': 'Banco di Sardegna', 'operator:wikidata': 'Q806205'}",305340163,way
41.1660027,9.1779284,"{'amenity': 'pharmacy', 'building': 'commercial', 'dispensing': 'yes', 'drive_through': 'no', 'healthcare': 'pharmacy', 'name': 'Farmacia San Francesco', 'note': 'Farmacia stagionale da Aprile a Ottobre', 'ref:msal': '20047', 'ref:vatin': 'IT01506110913', 'source': 'Ministero della Salute'}",305345510,way
39.8533926,9.0516587,"{'amenity': 'post_office', 'brand': 'Poste Italiane', 'brand:wikidata': 'Q495026', 'building': 'yes', 'operator': 'Poste Italiane', 'operator:wikidata': 'Q495026'}",305349338,way
40.126268,8.8191107,"{'addr:city': 'Abbasanta', 'addr:postcode': '09071', 'addr:street': 'Via John Fitzgerald Kennedy', 'amenity': 'post_office', 'brand': 'Poste Italiane', 'brand:wikidata': 'Q495026', 'building': 'commercial', 'name': 'Ufficio Postale Abbasanta', 'opening_hours': 'Mo-Fr 08:20-13:45; Sa 08:20-12:45', 'operator': 'Poste Italiane', 'operator:wikidata': 'Q495026', 'ref': '72007'}",305622920,way
40.3782074,9.697875,"{'amenity': 'school', 'fee': 'no', 'isced:level': '1', 'name': 'Scuola Primaria di Orosei', 'ref': 'NUEE877018'}",305644776,way
40.3942347,8.6599483,"{'amenity': 'school', 'isced:level': '2', 'name': 'Scuola Secondaria di Primo Grado Nico Pinna Parpaglia', 'ref': 'SSMM80201N'}",308750577,way
39.0513529,8.6310997,"{'amenity': 'school', 'fee': 'no', 'isced:level': '1', 'name': 'Scuola Primaria San Giovanni', 'ref': 'CAEE82407D'}",311032263,way
40.2958688,8.4957088,"{'amenity': 'school', 'barrier': 'fence', 'isced:level': '3', 'name': 'Istituto Tecnico e Istituto Professionale Giovanni Antonio Pischedda', 'note': 'Sede distaccata'}",312040975,way
40.1167902,8.8293765,"{'addr:city': 'Ghilarza', 'addr:postcode': '09074', 'addr:street': 'Via Alessandro Volta', 'amenity': 'school', 'isced:level': '3', 'name': 'Liceo Scientifico Alessandro Volta', 'ref': 'ORPS01202E'}",316571304,way
39.9305305,8.6895055,"{'addr:city': 'Simaghis/Simaxis', 'addr:country': 'IT', 'addr:housenumber': '188', 'addr:postcode': '09088', 'addr:street': 'Via San Simaco', 'amenity': 'pharmacy', 'building': 'yes', 'dispensing': 'yes', 'healthcare': 'pharmacy', 'name': 'Farmacia Sanna', 'ref:msal': '16122', 'ref:vatin': 'IT01097300956', 'source': 'Ministero della Salute'}",317151404,way
40.0808633,8.9111807,"{'amenity': 'school', 'contact:website': 'http://www.istcomprensivoardauli.191.it/', 'fee': 'no', 'isced:level': '2', 'name': 'Scuola Secondaria di Primo Grado di Ardauli', 'ref': 'ORMM803026'}",317709443,way
39.8906734,8.5858399,"{'addr:city': 'Aristanis/Oristano', 'addr:postcode': '09170', 'addr:street': 'Viale Antonio Zara', 'amenity': 'school', 'isced:level': '3', 'name': 'Istituto Tecnico Industriale Othoca', 'ref': 'ORTF02000D'}",318201838,way
39.9003157,8.5857199,"{'amenity': 'school', 'isced:level': '3', 'name': 'Liceo Statale Benedetto Croce', 'ref': 'ORPM01000T'}",318473119,way
39.958694,8.7081532,"{'amenity': 'pharmacy', 'building': 'commercial', 'contact:facebook': 'https://www.facebook.com/FarmaciaCuccaZerfaliu/', 'dispensing': 'yes', 'healthcare': 'pharmacy', 'name': 'Farmacia Cucca', 'opening_hours': 'Mo-Sa 09:00-13:00,17:00-20:00;PH off;Aug 06 off', 'ref:msal': '16091', 'ref:vatin': 'IT01203470958', 'source': 'Ministero della Salute', 'start_date': '2021-09-10'}",318632841,way
39.8809216,8.6099715,"{'amenity': 'school', 'isced:level': '2', 'name': 'Scuola Secondaria di Primo Grado di Santa Giusta', 'ref': 'ORMM82002X'}",318726416,way
39.5580578,8.7936539,"{'amenity': 'hospital', 'internet_access': 'no', 'name': 'Ospedale Nostra Signora di Bonaria', 'wheelchair': 'yes'}",319142859,way
39.555122,8.7923456,"{'amenity': 'school', 'name': 'ENAIP'}",319149013,way
39.5542773,8.7902625,"{'amenity': 'school', 'isced:level': '3', 'name': 'Liceo Scientifico Guglielmo Marconi', 'ref': 'CAPS02401Q'}",319149015,way
39.5555212,8.7952411,"{'amenity': 'school', 'isced:level': '3', 'name': 'Liceo Socio Pedagogico Emilio Lussu', 'ref': 'CAPM02401R'}",319149017,way
39.556114,8.7962195,"{'amenity': 'school', 'isced:level': '1', 'name': 'Scuola Primaria Plesso Via Paganini', 'ref': 'CAEE86301T'}",319149031,way
40.167553,9.1942054,"{'addr:housenumber': '15', 'addr:street': 'Via Maristiai', 'amenity': 'school', 'isced:level': '3', 'name': 'Istituto Superiore Carmelo Floris', 'ref': 'NUTD003013'}",319249653,way
39.3082515,8.9636498,"{'amenity': 'school', 'isced:level': '3', 'name': 'Istituto Tecnico Commerciale e per Geometri Enrico Mattei', 'ref': 'CATD03301A'}",319278817,way
40.0359432,8.9843705,"{'amenity': 'school', 'fee': 'no', 'isced:level': '2', 'name': 'Scuola Secondaria di Primo Grado Antonio Segni', 'ref': 'NUMM865044'}",320205402,way
39.7939917,9.0086778,"{'addr:housenumber': '26', 'addr:street': 'Via Roma', 'amenity': 'post_office', 'brand': 'Poste Italiane', 'brand:wikidata': 'Q495026', 'building': 'yes', 'name': 'Ufficio Postale di Genoni', 'opening_hours': 'Tu,Th,Fr 08:20-13:45; PH off', 'operator': 'Poste Italiane', 'operator:wikidata': 'Q495026', 'ref': '13430'}",320336602,way
39.793594,9.0041475,"{'addr:housenumber': '1', 'addr:street': ""Via Eleonora d'Arborea"", 'amenity': 'school', 'fee': 'no', 'isced:level': '2', 'name': 'Scuola Secondaria di Primo Grado Genoni-Nuragus', 'ref': 'CAMM8AB054'}",320336603,way
39.7455614,9.1046368,"{'addr:city': 'Isili', 'addr:housenumber': '11', 'addr:postcode': '08033', 'addr:street': 'Via Giuseppino Cedda', 'amenity': 'school', 'isced:level': '3', 'name': 'Istituto Tecnico Gino Zappa', 'ref': 'CATD03201E', 'website': 'http://www.istitutotecnicoisili.gov.it/'}",320368382,way
39.7387532,9.1150686,"{'addr:housenumber': '2', 'addr:street': 'Via Emilio Lussu', 'amenity': 'school', 'isced:level': '3', 'name': 'Liceo Delle Scienze Umane Pitagora', 'phone': '+390782802093', 'ref': 'CAPS03201P', 'website': 'http://www.liceoisili.gov.it/'}",320368383,way
40.1194581,9.2555213,"{'amenity': 'school', 'fee': 'no', 'isced:level': '2', 'name': 'Scuola Secondaria di Primo Grado di Fonni', 'ref': 'NUMM880013'}",320380572,way
39.9374761,8.5345156,"{'amenity': 'school', 'barrier': 'fence', 'name': 'Scuola primaria'}",320859276,way
39.9275085,8.5382947,"{'addr:city': 'Crabas/Cabras', 'addr:postcode': '09072', 'addr:street': 'Via Trieste', 'amenity': 'school', 'isced:level': '2', 'name': 'Scuola secondaria di Primo Grado Edmondo De Amicis', 'operator': 'Istituto Comprensivo Cabras', 'ref': 'ORMM81401G'}",320859277,way
40.0498518,8.6373392,"{'addr:housenumber': '10', 'addr:street': 'Via Frabassallus', 'amenity': 'school', 'fee': 'no', 'isced:level': '1', 'name': 'Scuola Primaria Milis', 'ref': 'OREE812044'}",321157225,way
40.051807,8.6357813,"{'addr:housenumber': '42', 'addr:street': 'Via Giuseppe Verdi', 'amenity': 'school', 'fee': 'no', 'isced:level': '2', 'name': 'Scuola Secondaria di primo grado Giuseppe Ungaretti', 'ref': 'ORMM812043'}",321157226,way
39.9074414,8.8997467,"{'amenity': 'school', 'fee': 'no', 'isced:level': '2', 'name': ""Scuola Secondaria di Primo Grado Ruinas-Villa Sant'Antonio"", 'ref': 'ORMM82105V'}",322641455,way
40.1747479,8.9199031,"{'amenity': 'bank', 'brand': 'Banco di Sardegna', 'brand:wikidata': 'Q806205', 'building': 'commercial', 'name': 'Banco di Sardegna', 'opening_hours': 'Mo-Fr 08:20-13:20,14:35-15:35', 'operator': 'Banco di Sardegna', 'operator:wikidata': 'Q806205'}",322927389,way
40.1714666,8.92194,"{'amenity': 'post_office', 'brand': 'Poste Italiane', 'brand:wikidata': 'Q495026', 'building': 'commercial', 'name': 'Ufficio Postale di Sedilo', 'opening_hours': 'Mo-Fr 08:20-13:45; Sa 08:20-12:45; PH off', 'operator': 'Poste Italiane', 'operator:wikidata': 'Q495026', 'ref': '72054'}",322927407,way
40.1739784,8.9195041,"{'amenity': 'pharmacy', 'building': 'retail', 'dispensing': 'yes', 'healthcare': 'pharmacy', 'name': 'Farmacia Manca', 'opening_hours': 'Mo-Sa 08:30-13:00,16:00-20:00', 'ref:msal': '72054', 'ref:vatin': 'IT01278900954', 'source': 'Ministero della Salute'}",322928033,way
40.1748735,8.9200025,"{'amenity': 'pharmacy', 'building': 'yes', 'contact:email': 'biocosmesi.sedilo@gmail.com', 'contact:facebook': 'https://www.facebook.com/biocosmesi.sedilo/', 'contact:fax': '+39 0785 603848', 'contact:phone': '+39 0785 603848', 'contact:website': 'http://www.janaemele.com', 'dispensing': 'no', 'healthcare': 'pharmacy', 'name': ""Parafarmacia Jana 'e mele"", 'opening_hours': 'Mo-Fr 08:30-13:00,16:00-19:00; Sa 08:30-13:00'}",322929277,way
40.1214192,8.8339528,"{'amenity': 'school', 'isced:level': '1', 'name': 'Scuola Primaria Ghilarza', 'ref': 'OREE82201G'}",323962820,way
40.1200438,8.8273533,"{'addr:street': 'Corso Umberto Primo', 'amenity': 'pharmacy', 'building': 'yes', 'dispensing': 'no', 'healthcare': 'pharmacy', 'name': 'Parafarmacia'}",323962877,way
40.1239847,8.8379223,"{'amenity': 'post_office', 'brand': 'Poste Italiane', 'brand:wikidata': 'Q495026', 'brand:wikipedia': 'en:Poste italiane', 'building': 'yes', 'name': 'Ufficio Postale Ghilarza', 'opening_hours': 'Mo-Fr 08:20-19:05; Sa 08:20-12:35', 'operator': 'Poste Italiane', 'operator:wikidata': 'Q495026', 'ref': '72026'}",323996541,way
39.9037876,8.6010439,"{'amenity': 'school', 'name': 'Istituto tecnico per geometri Brunelleschi', 'ref': 'ORTL00601C'}",325353484,way
40.1181584,8.8316908,"{'addr:housenumber': '227', 'addr:street': 'Corso Umberto Primo', 'amenity': 'school', 'isced:level': '2', 'name': 'Scuola Secondaria di Primo Grado Ghilarza', 'ref': 'ORMM82201E', 'website': 'http://www.istitutocomprensivoghilarza.gov.it/'}",326765896,way
39.7663544,8.8148522,"{'addr:housenumber': '86', 'addr:street': 'Via Amsicora', 'amenity': 'school', 'isced:level': '3', 'name': 'Istituto Tecnico Industriale Othoca sede di Ales', 'ref': 'ORTF02001E'}",327424456,way
39.7678429,8.812849,"{'amenity': 'school', 'fee': 'no', 'isced:level': '1', 'name': 'Scuola Primaria Ales-Pau-Simala-Curcuris-Gonnoscodina', 'ref': 'OREE82101Q'}",327424458,way
40.1243537,8.8209648,"{'amenity': 'school', 'isced:level': '1', 'name': 'Scuola Primaria Abbasanta', 'ref': 'OREE82206R'}",328155088,way
39.252616,9.1621447,"{'amenity': 'school', 'fee': 'no', 'isced:level': '2', 'name': 'Scuola Secondaria di Primo Grado Dante Alighieri', 'ref': 'CAMM8AE01B'}",328765254,way
39.9512496,8.7364302,"{'amenity': 'school', 'fee': 'no', 'isced:level': '1', 'name': 'Scuola Primaria Ollastra', 'ref': 'OREE82303D'}",329650504,way
39.9515428,8.7371297,"{'amenity': 'school', 'fee': 'no', 'isced:level': '2', 'name': 'Scuola Secondaria di Primo Grado Ollastra', 'ref': 'ORMM82302B'}",329650505,way
39.8364952,9.3284571,"{'amenity': 'school', 'isced:level': '3', 'name': 'Liceo Scientifico Fratelli Bissiri', 'note': ""Sede Staccata dell'Istituto Superiore Zappa-Pitagora di Isili"", 'ref': 'CAPS03203R'}",342796110,way
38.956445,8.9632948,"{'amenity': 'school', 'fee': 'no', 'isced:level': '1', 'name': 'Scuola Primaria Santa Margherita', 'ref': 'CAEE845029'}",353281247,way
39.2356307,9.1068373,"{'amenity': 'hospital', 'healthcare': 'hospital', 'name': 'Ospedale Santissima Trinità', 'wheelchair': 'yes'}",353789595,way
39.2113124,9.1371139,"{'addr:city': 'Cagliari', 'addr:housenumber': '2', 'addr:postcode': '09126', 'addr:street': 'Via Is Guadazzonis', 'amenity': 'hospital', 'healthcare': 'hospital', 'name': 'Ospedale ""Roberto Binaghi""', 'operator': 'ASSL Cagliari', 'operator:type': 'public'}",353793728,way
39.8950308,8.5935148,"{'amenity': 'school', 'isced:level': '3', 'name': ""Istituto d'Arte Carlo Contini"", 'ref': 'ORSD011014', 'website': 'http://www.iisgalileicontini.gov.it/'}",369451982,way
39.8085044,9.3969517,"{'amenity': 'post_office', 'brand': 'Poste Italiane', 'brand:wikidata': 'Q495026', 'building': 'yes', 'name': 'Ufficio Postale di Ussassai', 'opening_hours': 'Tu,Th 08:20-13:45; Sa 08:20-12:45; PH off', 'operator': 'Poste Italiane', 'operator:wikidata': 'Q495026', 'ref': '80193'}",371864820,way
40.1174198,8.8316942,"{'amenity': 'school', 'isced:level': '3', 'name': 'Istituto Professionale Industria e Artigianato', 'ref': 'ORRI01201P', 'short_name': 'IPSIA'}",400628520,way
39.2494489,9.1091055,"{'amenity': 'hospital', 'emergency': 'yes', 'healthcare': 'hospital', 'name': 'Ospedale San Michele', 'operator': 'Azienda Ospedaliera Giuseppe Brotzu'}",402013044,way
39.2232766,9.1104531,"{'amenity': 'university', 'check_date': '2025-12-19', 'name': 'Facoltà Di Scienze Economiche, Giurifiche e Politiche', 'operator': 'Università degli Studi di Cagliari'}",404920885,way
39.2249635,9.1129641,"{'amenity': 'university', 'name': 'Facoltà Di Scienze Economiche, Giuridiche e Politiche', 'operator': 'Università degli Studi di Cagliari'}",404920886,way
39.2212155,9.1146771,"{'amenity': 'university', 'name': 'Campus ""San Guglielmo""', 'operator': 'Università degli Studi di Cagliari'}",404920889,way
39.6999718,9.0019036,"{'amenity': 'school', 'isced:level': '1', 'name': 'Scuola Primaria e Secondaria di Barumini', 'ref': 'CAEE848128'}",423006729,way
39.3736907,9.1568332,"{'addr:city': 'Serdiana', 'addr:postcode': '09040', 'addr:street': 'Viale Repubblica', 'amenity': 'post_office', 'brand': 'Poste Italiane', 'brand:wikidata': 'Q495026', 'name': 'Ufficio Postale Serdiana', 'opening_hours': 'Mo-Fr 08:20-13:35; Sa 08:20-12:35;PH off', 'operator': 'Poste Italiane', 'operator:wikidata': 'Q495026', 'ref': '13220', 'wheelchair': 'yes'}",425545143,way
41.2196572,9.4288347,"{'amenity': 'school', 'name': 'Scuola Primaria di Moneta'}",440360148,way
41.1007538,9.5218339,"{'amenity': 'school', 'name': 'Scuola Elementare Statale'}",447014416,way
39.8808827,9.5473636,"{'amenity': 'school', 'isced:level': '3', 'name': 'Istituto Tecnico Commerciale e per Geometri Mario Delitala', 'ref': 'NUTD016015'}",448593899,way
39.34633,9.0597108,"{'amenity': 'school', 'name': 'Scuola di Polizia Penitenziaria'}",451996273,way
39.1666581,8.5158361,"{'amenity': 'school', 'isced:level': '3', 'name': 'Istituto di Istruzione Superiore Gramsci-Amaldi', 'ref': 'CAIS00100L'}",452823175,way
39.3566911,9.0070265,"{'amenity': 'school', 'fee': 'no', 'isced:level': '1', 'name': 'Scuola Primaria San Sperate', 'ref': 'CAEE841011'}",452901273,way
39.8793967,8.6114098,"{'amenity': 'school', 'isced:level': '1', 'name': 'Scuola Primaria Santa Giusta', 'ref': 'OREE820021'}",455230455,way
38.9628414,8.7755629,"{'amenity': 'school', 'isced:level': '3', 'name': 'Istituto Tecnico Industriale Dionigi Scano', 'ref': 'CATF031022'}",455954970,way
38.9618674,8.7737504,"{'amenity': 'school', 'fee': 'no', 'isced:level': '2', 'name': 'Scuola Secondaria di Primo Grado Taddeo Cossu', 'ref': 'CAMM82101P'}",455954973,way
40.9282355,8.8201761,"{'amenity': 'school', 'isced:level': '1', 'name': 'Scuola Primaria e Secondaria Valledoria', 'ref': 'SSIC80800G'}",456149733,way
39.2194775,9.1316691,"{'amenity': 'university', 'contact:email': 'info@pfts.it', 'contact:fax': '+39 070 4071557', 'contact:phone': '+39 070 407159', 'name': 'Pontificia Facoltà Teologica della Sardegna', 'website': 'https://www.pfts.it/', 'wikidata': 'Q3908281', 'wikipedia': 'it:Pontificia facoltà teologica della Sardegna'}",461535820,way
40.0219628,9.094664,"{'amenity': 'school', 'isced:level': '3', 'name': ""Istituto Professionale per l'Agricoltura e l'Ambiente Sorgono"", 'ref': 'NURA01201G'}",464296442,way
40.5802575,8.3112031,"{'addr:city': 'Alghero', 'addr:housenumber': '2', 'addr:postcode': '07041', 'addr:street': 'Viale Primo Maggio', 'amenity': 'hospital', 'emergency': 'yes', 'healthcare': 'hospital', 'healthcare:speciality': 'orthopaedics', 'name': 'Ospedale Marino Regina Margherita', 'operator': 'ATS Sardegna'}",480009599,way
39.8540973,9.0513376,"{'addr:city': 'Laconi', 'addr:housenumber': '6', 'addr:postcode': '08034', 'addr:street': 'Via Santa Maria', 'amenity': 'bank', 'brand': 'Banco di Sardegna', 'brand:wikidata': 'Q806205', 'building': 'yes', 'drive_through': 'no', 'fax': '+39 0782869069', 'name': 'Banco di Sardegna', 'opening_hours': 'Mo-Fr 08:20-13:20,14:35-15:35', 'operator': 'Banco di Sardegna', 'operator:wikidata': 'Q806205', 'phone': '+39 0782869069', 'website': 'https://www.bancosardegna.it/'}",490973570,way
40.5824331,9.1123131,"{'addr:city': 'Patada/Pattada', 'addr:postcode': '07016', 'addr:street': 'Via Vittorio Emanuele', 'amenity': 'bank', 'atm': 'yes', 'building': 'yes', 'drive_through': 'no', 'name': 'Banco di Sardegna'}",501467156,way
40.5834221,9.1116331,"{'addr:city': 'Patada/Pattada', 'addr:postcode': '07016', 'addr:street': 'Via Vittorio Veneto', 'amenity': 'post_office', 'brand': 'Poste Italiane', 'brand:wikidata': 'Q495026', 'building': 'yes', 'name': 'Ufficio Postale', 'operator': 'Poste Italiane', 'operator:wikidata': 'Q495026'}",502104514,way
40.3178034,9.3265879,"{'addr:city': 'Nuoro', 'addr:housenumber': '31', 'addr:postcode': '08100', 'addr:street': 'Via Veneto', 'amenity': 'school', 'email': 'nups090006@istruzione.it', 'fax': '+39 0784 208669', 'isced:level': '3', 'name': 'Liceo Scientifico e Linguistico Enrico Fermi', 'phone': '+39 0784 32193;+39 0784 34590;+39 0784 34553', 'ref': 'NUPS090006', 'website': 'http://www.liceoferminuoro.gov.it'}",515026052,way
40.322306,9.3315326,"{'addr:city': 'Nuoro', 'addr:housenumber': '13', 'addr:postcode': '08100', 'addr:street': 'Via Attilio Deffenu', 'amenity': 'school', 'email': 'nupm03000g@istruzione.it', 'fax': '+39 0784 37059', 'isced:level': '3', 'name': 'Liceo delle Scienze Umane e Musicale Sebastiano Satta', 'phone': '+39 0784 30191;+39 0784 35352', 'ref': 'NUPM03000G', 'website': 'https://www.liceosebastianosattanuoro.edu.it/'}",515026053,way
40.3144176,9.3135429,"{'amenity': 'school', 'isced:level': '3', 'name': 'Istituto di Istruzione Superiore Francesco Ciusa', 'ref': 'NUIS00300R'}",515026054,way
40.3158844,9.3212849,"{'amenity': 'school', 'isced:level': '3', 'name': 'Istituto Tecnico Commerciale Gian Pietro Chironi - Sebastiano Satta', 'ref': 'NUTD110002'}",515026055,way
40.3244243,9.3267519,{'amenity': 'school'},515026061,way
40.3226929,9.3160401,"{'amenity': 'school', 'check_date': '2025-01-04', 'name': 'Istituto Tecnico Commerciale Salvatore Satta'}",515152121,way
40.3226818,9.3309251,"{'addr:city': 'Nuoro', 'addr:housenumber': '42', 'addr:postcode': '08100', 'addr:street': 'Via Dante Alighieri', 'amenity': 'school', 'email': 'nupc010006@istruzione.it', 'fax': '+39 0784 30283', 'isced:level': '3', 'name': 'Liceo Classico Giorgio Asproni', 'phone': '+39 0784 35043', 'ref': 'NUPC010006', 'website': 'http://www.liceoginnasioasproni.it/'}",515152124,way
40.3182165,9.3274275,"{'amenity': 'school', 'fee': 'no', 'isced:level': '2', 'name': 'Scuola Secondaria di Primo Grado Piero Borrotzu', 'ref': 'NUMM87401Q'}",515152126,way
40.3150593,9.3185192,"{'amenity': 'school', 'isced:level': '3', 'name': 'Istituto Tecnico Agrario Bernardo Brau', 'ref': 'NUTA014013'}",515152137,way
40.3122977,9.3218324,"{'amenity': 'school', 'isced:level': '3', 'name': 'Istituto di Istruzione Superiore Alessandro Volta - Bernardo Brau', 'ref': 'NUIS014007'}",515152139,way
40.5768464,8.3187492,"{'amenity': 'school', 'name': 'Scuola Media Maria Carta'}",515232376,way
40.5664231,8.3209053,"{'addr:city': 'Alghero', 'addr:housenumber': '91', 'addr:postcode': '07041', 'addr:street': 'Via degli Orti', 'amenity': 'school', 'isced:level': '3', 'name': 'Istituto Tecnico Industriale Angelo Roth', 'operator': ""Istituto d'Istruzione Superiore Angelo Roth"", 'ref': 'SSTF01901P'}",515271878,way
39.6779374,9.4435791,"{'amenity': 'school', 'isced:level': '3', 'name': 'Istituto Professionale Industria e Artigianato', 'ref': 'NURI00601X'}",516376430,way
39.6925009,8.9095986,"{'amenity': 'school', 'isced:level': '2', 'name': 'Scuola Secondaria di Primo Grado Ussaramanna', 'ref': 'CAMM84805V'}",517004526,way
39.6485327,8.9020389,"{'amenity': 'school', 'name': ""Scuola Primaria e dell'Infanzia"", 'ref': 'CAEE848072;CAAA84807R'}",517022150,way
39.683144,8.7712144,"{'amenity': 'school', 'fee': 'no', 'isced:level': '2', 'name': 'Scuola Secondaria di Primo Grado di Mogoro', 'ref': 'ORMM81901P'}",517288544,way
39.6826708,8.6407243,"{'amenity': 'school', 'fee': 'no', 'isced:level': '1', 'name': ""Scuola Primaria di San Nicolò d'Arcidano"", 'ref': 'ORMM819105'}",517535036,way
39.6827292,8.6415353,"{'amenity': 'school', 'fee': 'no', 'isced:level': '2', 'name': 'Scuola Secondaria di Primo Grado di Arcidano', 'ref': 'ORMM819105'}",517535037,way
39.9937858,8.5437354,"{'amenity': 'school', 'isced:level': '2', 'name': 'Scuola Secondaria di Primo Grado Riola', 'ref': 'ORMM81402L'}",518616648,way
40.0521332,8.5787458,"{'amenity': 'school', 'fee': 'no', 'isced:level': '1', 'name': 'Scuola Primaria di Narbolia', 'ref': 'OREE812022'}",518810791,way
40.3995664,8.6628566,"{'amenity': 'school', 'name': 'Liceo Scientifico', 'ref': 'SSPS00601E'}",519256876,way
40.4223443,8.7753444,"{'amenity': 'clinic', 'name': 'Casa Manai'}",519356353,way
39.9583221,9.5088701,"{'amenity': 'school', 'isced:level': '2', 'name': 'Scuola Secondaria di Primo Grado di Villagrande', 'ref': 'NUIC864004'}",523352003,way
39.8800904,9.5382695,"{'amenity': 'school', 'fee': 'no', 'isced:level': '1', 'name': 'Scuola Primaria di Lanusei', 'ref': 'NUEE864016'}",525108256,way
39.6217586,8.963626,"{'amenity': 'school', 'isced:level': '3', 'name': 'Istituto Professionale per i Servizi Alberghieri e Ristorazione', 'ref': 'CARH021012'}",531008496,way
39.6201614,8.9567691,"{'amenity': 'school', 'isced:level': '2', 'name': 'Scuola Secondaria di Primo Grado Pietro Cavaro', 'ref': 'CAMM84801P'}",531022017,way
39.6227859,8.9590173,"{'amenity': 'school', 'isced:level': '1', 'name': 'Scuola Primaria Villamar', 'ref': 'CAEE84801Q'}",531022024,way
39.9552772,8.6687527,"{'amenity': 'school', 'fee': 'no', 'isced:level': '2', 'name': 'Scuola secondaria di primo grado di Solarussa', 'ref': 'IT01223580950'}",536315066,way
40.2967612,8.4920789,"{'amenity': 'school', 'fee': 'no', 'isced:level': '2', 'name': 'Scuola secondaria di primo grado'}",536712630,way
40.2971022,8.4930566,"{'addr:city': 'Bosa', 'addr:postcode': '08013', 'addr:street': 'Viale Alghero', 'amenity': 'school', 'contact:email': 'oris00800b@pec.istruzione.it', 'contact:facebook': 'https://www.facebook.com/iispischedda/', 'contact:phone': '+39 0785 373 221', 'contact:website': 'http://www.iisgapischeddabosa.gov.it', 'isced:level': '3', 'name': 'Istituto di Istruzione Superiore Giovanni Antonio Pischedda', 'ref': 'ORIS00800B'}",536712631,way
40.3740324,8.4989814,"{'addr:city': 'Montresta', 'addr:housenumber': '34', 'addr:postcode': '09090', 'addr:street': 'Via Roma', 'amenity': 'school', 'fee': 'no', 'isced:level': '1', 'name': 'Scuola Primaria Remundu Piras', 'ref': 'OREE82805P'}",537344832,way
40.2966333,8.496459,"{'addr:city': 'Bosa', 'addr:postcode': '08013', 'addr:street': 'Viale Giovanni XXIII', 'amenity': 'school', 'fee': 'no', 'isced:level': '2', 'name': 'Scuola Secondaria di primo grado di Bosa', 'operator': 'Istituto Comprensivo Bosa', 'ref': 'ORMM82801D'}",537388047,way
39.7134093,8.9590441,"{'amenity': 'school', 'isced:level': '1', 'name': 'Scuola Primaria Tuili', 'ref': 'CAEE848106'}",538050915,way
40.4840574,8.5885144,{'amenity': 'school'},538158976,way
40.3988643,8.6628739,"{'amenity': 'school', 'isced:level': '1', 'name': 'Scuola Primaria Dante Alighieri', 'ref': 'SSEE80201P'}",538432156,way
40.4567871,9.1699352,{'amenity': 'school'},539887026,way
40.4586369,9.167877,{'amenity': 'school'},539887028,way
40.4636638,9.1913714,"{'amenity': 'school', 'name': 'Scuola Secondaria di primo grado'}",539955812,way
40.4783401,9.3863142,"{'amenity': 'school', 'fee': 'no', 'isced:level': '2', 'name': 'Scuola Secondaria di primo grado Senatore Giuseppe Musio', 'ref': 'NUMM85401E'}",540046854,way
40.4785543,9.387163,"{'amenity': 'school', 'fee': 'no', 'isced:level': '1', 'name': 'Scuola Primaria di Bitti', 'ref': 'NUEE85401G'}",540046856,way
40.4825049,9.3806277,"{'amenity': 'school', 'isced:level': '3', 'name': 'Liceo Scientifico Michelangelo Pira', 'ref': 'NUPS090017'}",540472253,way
40.414462,9.6318951,"{'amenity': 'school', 'fee': 'no', 'isced:level': '2', 'name': 'Scuola Secondaria di Primo Grado di Irgoli', 'ref': 'NUMM830012'}",541486043,way
40.4098605,9.6319249,"{'amenity': 'school', 'fee': 'no', 'isced:level': '1', 'name': 'Scuola Primaria di Irgoli', 'ref': 'NUEE830013'}",541546558,way
40.2921937,9.5880442,"{'amenity': 'school', 'fee': 'no', 'isced:level': '1', 'name': 'Scuola Primaria Giovanni Maria Gisellu', 'ref': 'NUEE871019'}",541668363,way
40.0336303,9.6403781,"{'amenity': 'school', 'fee': 'no', 'isced:level': '1', 'name': 'Scuola Primaria di Triei', 'ref': 'NUAA863037'}",542125880,way
40.0321156,9.6396426,"{'amenity': 'school', 'fee': 'no', 'isced:level': '2', 'name': 'Scuola Secondaria di primo grado di Triei', 'ref': 'NUMM86302A'}",542125881,way
39.7341672,9.0229744,"{'amenity': 'school', 'isced:level': '2', 'name': 'Scuola Secondaria di Primo Grado Gesturi', 'ref': 'CAMM848093'}",542421028,way
39.9125908,9.6533775,"{'amenity': 'school', 'contact:website': 'https://www.ipsar.gov.it', 'name': 'Convitto San Giovanni Istituto IANAS'}",542709674,way
39.7990115,9.6285369,"{'amenity': 'school', 'fee': 'no', 'isced:level': '1', 'name': 'Scuola Primaria di Cardedu', 'ref': 'NUEE86204N'}",542920108,way
39.5621837,9.0443529,"{'amenity': 'school', 'isced:level': '2', 'name': 'Scuola Secondaria di Primo Grado di Guasila', 'ref': 'CAMM82801D'}",545679217,way
39.270944,9.1245992,"{'amenity': 'university', 'name': 'Cittadella Universitaria di Monserrato', 'operator': 'Università degli Studi di Cagliari', 'operator:type': 'university', 'short_name': 'Cittadella Universitaria'}",545718357,way
39.5640666,8.9842549,"{'amenity': 'school', 'isced:level': '2', 'name': 'Scuola Secondaria di Primo Grado Segariu', 'ref': 'CAMM84803R'}",545807941,way
39.9591157,9.1913694,"{'amenity': 'school', 'isced:level': '3', 'name': 'Istituto Tecnico Commerciale Maxia', 'ref': 'NUTD01201T'}",545810327,way
39.566372,8.8924375,"{'amenity': 'school', 'isced:level': '1', 'name': 'Scuola Primaria Via Giovanni Ventitreesimo', 'ref': 'CAEE839033'}",545854053,way
39.5420164,8.6308229,"{'amenity': 'school', 'isced:level': '1', 'name': 'Scuola Primaria Sebastiano Satta', 'ref': 'CAEE884031'}",547220809,way
39.5390428,8.6332751,"{'amenity': 'school', 'isced:level': '2', 'name': 'Scuola Secondaria di primo grado Enrico Fermi', 'ref': 'CAMM88401T'}",547220945,way
39.5404256,8.6207277,"{'amenity': 'school', 'name': 'Scuola Secondaria di primo grado'}",547220987,way
39.5430542,8.6416643,"{'amenity': 'school', 'isced:level': '3', 'name': 'Istituto di Istruzione Superiore Alessandro Volta', 'ref': 'CARI00901V'}",547221090,way
39.4638406,8.7464084,"{'addr:city': 'Villacidro', 'addr:postcode': '09039', 'addr:street': 'Via Guido Rossa', 'amenity': 'hospital', 'healthcare': 'hospital', 'healthcare_1': 'blood_donation', 'operator': 'A.S.L. Sanluri'}",547248939,way
39.5283007,8.6067934,"{'amenity': 'school', 'name': 'Scuola Primaria e Secondaria di Primo Grado', 'ref': 'CAEE80803B;CAMM80803A'}",547283872,way
39.7886334,9.076722,"{'amenity': 'school', 'name': 'Scuola Secondaria di primo grado'}",548394515,way
40.5610958,8.4625257,{'amenity': 'school'},548690799,way
40.5696571,9.6925812,"{'addr:city': 'Siniscola', 'addr:postcode': '08029', 'addr:street': 'Via Alessandro Volta', 'amenity': 'school', 'email': 'nuic87900t@istruzione.it', 'fee': 'no', 'isced:level': '1', 'name': 'Scuola Primaria Sa Sedda', 'operator': ""Ministero dell'istruzione, dell'università e della ricerca"", 'operator:type': 'public', 'phone': '+3907841954131', 'ref': 'NUEE87901X', 'religion': 'none', 'website': 'https://www.icsiniscola2.edu.it/'}",550604385,way
40.3772108,9.6987257,"{'amenity': 'school', 'isced:level': '3', 'name': 'Istituto Tecnico Commerciale di Orosei', 'ref': 'NUTD110013'}",550831669,way
39.4403911,9.5429108,"{'amenity': 'school', 'isced:level': '1', 'name': 'Scuola Primaria di San Vito', 'ref': 'CAEE83502P'}",551223067,way
39.4391998,9.5443212,"{'amenity': 'school', 'isced:level': '2', 'name': 'Scuola Secondaria di Primo Grado Sebatiano Satta', 'ref': 'CAMM83503P'}",551223069,way
39.438539,9.5710511,"{'amenity': 'school', 'isced:level': '2', 'name': 'Scuola secondaria di primo grado di Villaputzu', 'ref': 'CAMM83501L'}",551223074,way
39.4398316,9.572238,"{'amenity': 'school', 'isced:level': '1', 'name': 'Scuola Primaria di Villaputzu', 'ref': 'CAEE83501N'}",551223086,way
39.4925339,9.3909583,"{'amenity': 'school', 'isced:level': '1', 'name': 'Scuola Primaria di Villasalto', 'ref': 'CAEE885116'}",551416667,way
39.4964193,9.299521,"{'amenity': 'school', 'isced:level': '2', 'name': 'Scuola secondaria di primo grado di San Nicolò Gerrei', 'ref': 'CAMM88501N'}",551475690,way
39.2549698,9.1477958,"{'amenity': 'school', 'fee': 'no', 'isced:level': '1', 'name': 'Scuola Primaria Via Monte Linas', 'ref': 'CAEE87903D'}",552129205,way
39.2598104,9.1372196,"{'amenity': 'school', 'fee': 'no', 'isced:level': '1', 'name': 'Scuola Primaria Via San Gavino', 'ref': 'CAEE87901B'}",552353398,way
39.2476094,9.1606775,"{'amenity': 'school', 'isced:level': '3', 'name': 'Liceo Scientifico Pitagora', 'ref': 'CAPS120008'}",552376090,way
39.4775415,9.1693264,"{'amenity': 'school', 'fee': 'no', 'isced:level': '1', 'name': ""Scuola Primaria Sant'Andrea Frius"", 'ref': 'CAEE885105'}",552800052,way
39.4778317,9.1688228,"{'amenity': 'school', 'fee': 'no', 'isced:level': '2', 'name': 'Scuola Secondaria di Primo Grado Dante Alighieri', 'ref': 'CAMM88507X'}",552800053,way
39.2329572,9.1278198,"{'amenity': 'school', 'name': 'Scuola Media Statale ""Ugo Foscolo""'}",552821527,way
39.4764783,9.1021648,"{'amenity': 'school', 'fee': 'no', 'isced:level': '2', 'name': 'Scuola Secondaria di Primo Grado di Barrali', 'ref': 'CAMM87804N'}",552857571,way
39.4836207,8.8957071,"{'amenity': 'school', 'isced:level': '2', 'name': 'Scuola Secondaria di primo grado', 'ref': 'CAMM866029'}",554287454,way
39.4838499,8.9086607,"{'amenity': 'school', 'isced:level': '1', 'name': 'Scuola Primaria Via Newton', 'ref': 'CAEE86603B'}",554287457,way
39.4563608,8.825275,"{'amenity': 'school', 'contact:website': 'https://www.iisbuonarrotivolta.it', 'isced:level': '3', 'name': ""Istituto Professionale servizi per l'agricoltura e lo sviluppo rurale Alessandro Volta"", 'ref': 'CARA009017'}",554608220,way
39.4593212,8.7387148,"{'addr:city': 'Villacidro', 'addr:housenumber': '60', 'addr:postcode': '09039', 'addr:street': 'Via Regione Sarda', 'amenity': 'school', 'check_date': '2024-10-30', 'contact:website': 'http://www.liceopiga.gov.it/', 'name': 'Liceo Classico Linguistico Emanuele Piga', 'ref': 'CAPC06000P'}",554640314,way
39.4893713,8.6600193,"{'amenity': 'school', 'isced:level': '1', 'name': 'Scuola Primaria Giovanni Leccis', 'ref': 'CAEE808019'}",555243286,way
39.4963592,8.6574358,"{'amenity': 'school', 'isced:level': '2', 'name': 'Scuola Secondario di primo grado Giovanni Bosco', 'ref': 'CAMM808018'}",555243287,way
39.253044,9.0999061,{'amenity': 'university'},556235844,way
39.2591162,9.1591513,{'amenity': 'school'},557390908,way
40.6357409,8.4904911,"{'amenity': 'pharmacy', 'building': 'yes', 'dispensing': 'yes'}",560103279,way
40.5859579,9.0059739,"{'addr:street': ""Piazza Medaglie d'Oro"", 'amenity': 'school', 'isced:level': '3', 'name': 'Istituto Enrico Fermi', 'ref': 'SSTA01601E', 'website': 'http://www.itozieri.gov.it/'}",562227328,way
39.1858331,8.5076631,"{'amenity': 'hospital', 'healthcare': 'hospital', 'name': 'Ospedale Sirai', 'wikidata': 'Q30280732'}",565143167,way
39.9305028,8.5531037,"{'addr:city': 'Solanas', 'addr:housenumber': '12', 'addr:postcode': '09072', 'addr:street': 'Via San Paolo', 'amenity': 'school', 'description': 'Scuole Elementari di Solanas', 'isced:level': '1', 'name': 'Scuole Primaria Solanas', 'ref': 'OREE81402N'}",572877382,way
40.6616595,8.2723685,"{'addr:street': 'Via Zirra', 'amenity': 'school', 'fee': 'no', 'isced:level': '1', 'name': 'Scuola Primaria Santa Maria La Palma'}",580087812,way
40.657177,8.2707029,"{'amenity': 'school', 'isced:level': '3', 'name': 'Istituto Professionale per l’agricoltura e l’ambiente', 'ref': 'SSRA00303P'}",580918863,way
40.6487877,8.3792365,{'amenity': 'school'},581627628,way
40.651601,8.3836392,{'amenity': 'school'},581627632,way
40.674989,8.5899533,"{'amenity': 'school', 'isced:level': '2', 'name': 'Scuola Secondaria di Primo Grado PIlio', 'ref': 'SSMM813014'}",583488845,way
40.708182,8.5933924,"{'amenity': 'school', 'contact:website': 'http://www.liceoartisticosassari.gov.it', 'education': 'school', 'isced:level': '3', 'name': 'Succursale Liceo Artistico Filippo Figari', 'ref': 'SSSD020006'}",583734739,way
40.663403,8.747224,"{'amenity': 'school', 'isced:level': '2', 'name': 'Scuola Secondaria di Primo Grado Antonio Fais', 'ref': 'Via Martini'}",584355038,way
39.0157652,9.0016528,"{'amenity': 'school', 'fee': 'no', 'isced:level': '1', 'name': 'Scuola Primaria Su Rondò', 'ref': 'CAEE84503A'}",589069178,way
40.7080282,9.6982958,"{'amenity': 'school', 'name': 'Istituto Comprensivo Milena Busia'}",590200508,way
39.2674064,9.0479872,"{'amenity': 'school', 'fee': 'no', 'isced:level': '1', 'name': 'Scuola Primaria Via Buscaglia', 'ref': 'CAEE84401C'}",594532309,way
39.2696946,9.0440456,"{'addr:city': 'Elmas', 'addr:housenumber': '162', 'addr:postcode': '09030', 'addr:street': 'Via Sulcitana', 'amenity': 'bank', 'atm': 'yes', 'brand': 'Banco di Sardegna', 'brand:wikidata': 'Q806205', 'building': 'apartments', 'name': 'Banco di Sardegna', 'operator': 'Banco di Sardegna'}",594716909,way
39.2704437,9.042388,"{'addr:city': 'Elmas', 'addr:housenumber': '184', 'addr:postcode': '09030', 'addr:street': 'Via Sulcitana', 'amenity': 'pharmacy', 'building': 'yes', 'dispensing': 'yes', 'healthcare': 'pharmacy', 'name': 'Farmacia Dott.ssa Marchese', 'ref:msal': '18500', 'ref:vatin': 'IT03666820927', 'source': 'Ministero della Salute'}",594982117,way
39.26511,9.0659672,"{'amenity': 'school', 'education': 'school', 'isced:level': '3', 'name': 'Istituto Tecnico Agrario Duca degli Abruzzi', 'ref': 'CATA01401E'}",595171763,way
39.3040591,8.803474,"{'amenity': 'school', 'fee': 'no', 'isced:level': '1', 'name': 'Scuola Primaria Siliqua', 'ref': 'CAEE84203V'}",597392839,way
39.3268255,8.6470093,"{'amenity': 'school', 'disused:amenity': 'school', 'fee': 'no', 'isced:level': '1', 'name': 'Scuola Primaria Cracchera', 'ref': 'CAEE875025'}",599402516,way
39.3134884,8.5479198,"{'addr:housenumber': '7', 'addr:street': 'Via Falcone', 'amenity': 'school', 'contact:email': 'cais02700r@istruzione.it', 'isced:level': '3', 'name': 'Istituto Tecnico Commerciale e per Geometri Enrico Fermi', 'phone': '+39 0781 22563', 'ref': 'CATD027013', 'website': 'https://www.asproni-fermi.edu.it/'}",601084717,way
39.3111483,8.9704364,"{'amenity': 'school', 'fee': 'no', 'isced:level': '1', 'name': 'Scuola Primaria Decimomannu', 'ref': 'CAEE84301L'}",603314004,way
39.3112691,8.9760436,"{'amenity': 'hospital', 'healthcare': 'hospital', 'name': 'Nuova Casa di Cura S.r.l.'}",603314017,way
39.3110385,8.9740655,"{'amenity': 'hospital', 'healthcare': 'hospital', 'name': 'A.I.A.S.'}",603360957,way
39.3122069,8.5237625,"{'amenity': 'school', 'isced:level': '3', 'name': 'IPA Galileo Ferraris', 'ref': 'CARI02000L'}",603447713,way
40.7486997,8.1915971,"{'amenity': 'school', 'fee': 'no', 'isced:level': '1', 'name': 'Scuola Primaria Palmadula', 'ref': 'SSEE83801D'}",604123656,way
40.7494944,8.5160806,"{'amenity': 'school', 'fee': 'no', 'isced:level': '1', 'name': 'Scuola Primaria Li Punti', 'ref': 'SSEE85101X'}",607706998,way
40.7299322,8.5579559,"{'amenity': 'school', 'education': 'school', 'fee': 'no', 'isced:level': '1', 'name': 'Scuola primaria San Donato', 'ref': 'SSEE85201Q'}",607913256,way
40.723316,8.5581455,"{'addr:city': 'Sassari', 'amenity': 'school', 'education': 'school', 'email': 'lcazuni@tin.it', 'isced:level': '3', 'loc_name': 'Azuni', 'name': 'Liceo Classico Domenico Alberto Azuni', 'phone': '+39 079 235265', 'ref': 'SSPC02000L', 'website': 'https://liceoazuni.it/', 'wikidata': 'Q3831906', 'wikipedia': 'it:Liceo classico Domenico Alberto Azuni'}",607913257,way
40.7220018,8.5637925,"{'amenity': 'school', 'education': 'school', 'fee': 'no', 'isced:level': '1', 'name': 'Scuola Primaria San Giuseppe', 'ref': 'SSEE83903B'}",607913258,way
40.7206266,8.5627451,"{'amenity': 'school', 'isced:level': '3', 'name': 'Liceo Artistico Francesco Figari', 'ref': 'SSSD020006'}",607913259,way
40.7210514,8.5636578,"{'amenity': 'school', 'education': 'school', 'isced:level': '3', 'name': 'Succursale Liceo Scientifico Giovanni Spano', 'ref': 'SSPS040001'}",607913260,way
40.7215155,8.5627936,"{'amenity': 'school', 'education': 'school', 'fee': 'no', 'isced:level': '2', 'name': 'Scuola Secondaria di Primo Grado Salvatore Farina', 'ref': 'SSMM839018'}",607913261,way
40.7220701,8.5619415,"{'amenity': 'school', 'education': 'school', 'isced:level': '3', 'name': 'Liceo delle scienze umane e linguistico Margherita di Castelvì', 'ref': 'SSPM010006'}",607913262,way
40.7164259,8.5651765,"{'amenity': 'school', 'fee': 'no', 'isced:level': '1', 'name': 'Scuola Primaria Ottavo Circolo', 'ref': 'SSEE855017'}",607913263,way
40.7157838,8.5665898,"{'amenity': 'school', 'fee': 'no', 'isced:level': '1', 'name': 'Scuola Primaria Via Duca degli Abruzzi', 'ref': 'SSEE855039'}",607913264,way
40.7146178,8.5623387,"{'amenity': 'school', 'education': 'school'}",607913266,way
40.7148092,8.5616957,"{'amenity': 'school', 'education': 'school'}",607913267,way
40.7159755,8.5588444,"{'amenity': 'school', 'isced:level': '3', 'name': 'Liceo Scientifico Giovanni Spano', 'ref': 'SSPS040001'}",607913269,way
40.7149941,8.5561969,"{'amenity': 'school', 'education': 'school', 'isced:level': '3', 'name': 'Istituto Tecnico Industriale Giovanni Maria Angioy', 'ref': 'SSTF010007'}",607913270,way
40.7252058,8.5533181,"{'amenity': 'school', 'fee': 'no', 'isced:level': '1', 'name': 'Scuola Primaria Fabrizio de André', 'ref': 'SSEE85202R'}",607913271,way
40.7416178,8.5568824,"{'amenity': 'school', 'isced:level': '3', 'name': 'Succursale Liceo Scientifico Guglielmo Marconi', 'ref': 'SSPS060006'}",607955460,way
40.7451904,8.5495801,"{'amenity': 'school', 'fee': 'no', 'isced:level': '2', 'name': 'Scuola Secondaria di Primo Grado Latte Dolce', 'ref': 'SSMM83801C'}",607955462,way
40.7456384,8.5451921,"{'amenity': 'school', 'isced:level': '3', 'name': 'Istituto Professionale Servizi Alberghieri e Ristorazione', 'ref': 'SSRH02000D'}",607955465,way
40.7439071,8.5444477,"{'amenity': 'school', 'isced:level': '3', 'name': 'Liceo Scientifico Guglielmo Marconi', 'ref': 'SSPS060006'}",607955466,way
40.7388829,8.5576735,"{'amenity': 'school', 'isced:level': '3', 'name': 'Istituto Tecnico Agrario Nicolò Pellegrini', 'ref': 'SSIS00300L'}",608012825,way
40.7290428,8.5745901,"{'amenity': 'school', 'education': 'school', 'isced:level': '3', 'name': 'Liceo Economico Sociale e delle Scienze Umane Margherita di Castelvì', 'ref': 'www.liceocastelvi.edu.it'}",609690150,way
40.725423,8.5785407,"{'amenity': 'school', 'education': 'school', 'fee': 'no', 'isced:level': '1-3', 'name': 'Convitto Nazionale Canopoleno', 'ref': 'SSEE01100D'}",609690153,way
40.7383796,8.5740458,"{'amenity': 'school', 'isced:level': '3', 'name': 'Istituto Professionale Industria e Artigianato Grazia Deledda', 'ref': 'SSRI003018'}",609711573,way
39.1520539,8.7357356,"{'amenity': 'post_office', 'brand': 'Poste Italiane', 'brand:wikidata': 'Q495026', 'building': 'yes', 'name': 'Ufficio Postale di Nuxis', 'opening_hours': 'Mo-Fr 08:20-13:35; Sa 08:20-12:35;PH off', 'operator': 'Poste Italiane', 'operator:wikidata': 'Q495026', 'ref': '13099'}",628408471,way
39.2102002,9.1392024,"{'amenity': 'school', 'fee': 'no', 'isced:level': '1', 'name': 'Scuola Primaria Via Is Guadazzonis', 'ref': 'CAEE812033'}",642595816,way
39.1997601,9.1510174,"{'amenity': 'school', 'fee': 'no', 'isced:level': '1', 'name': 'Scuola Primaria Via del Sole', 'ref': 'CAEE812055'}",659046191,way
40.5784452,8.3202597,"{'addr:city': 'Alghero', 'addr:postcode': '07041', 'addr:street': 'Via Luigi Nono', 'amenity': 'school', 'isced:level': '3', 'name': 'Istituto Professionale Industria e Artigianato', 'operator': 'Istituto Istruzione Superiore Piazza Sulis Alghero', 'ref': 'SSRI01901T'}",663836230,way
40.5801577,8.3198522,"{'amenity': 'hospital', 'check_date': '2025-07-01', 'emergency': 'yes', 'healthcare': 'hospital', 'name': 'Ospedale Civile', 'operator': 'ATS Sardegna'}",665384879,way
40.2761431,8.7707108,"{'addr:city': 'Macomer', 'addr:postcode': '08015', 'alt_name': 'Ospedale Macomer', 'amenity': 'hospital', 'healthcare': 'hospital', 'name': 'Presidio ospedaliero di Macomer', 'wikidata': 'Q30262673'}",677458391,way
39.1713678,8.5206951,"{'amenity': 'school', 'check_date': '2024-05-24', 'fee': 'yes', 'isced:level': '3', 'name': 'Istituto Tecnico Commerciale Cesare Beccaria', 'ref': 'CATD01101D'}",687421907,way
39.1766569,8.511354,"{'amenity': 'school', 'isced:level': '3', 'name': 'Istituto Professionale Industria e Artigianato Emanuela Loi', 'ref': 'CARI01102X'}",687427607,way
39.1755084,8.5121029,"{'amenity': 'school', 'fee': 'no', 'isced:level': '2', 'name': 'Scuola Secondaria di primo grado Don Lorenzo Milani'}",687427608,way
39.215942,9.1048308,"{'amenity': 'university', 'name': 'Campus Universitario ""Emilio Lussu""'}",725435528,way
39.2705348,8.4669805,"{'amenity': 'school', 'fee': 'no', 'isced:level': '2', 'name': 'Scuola Secondaria di Primo Grado Ettore Pais', 'ref': 'CAMM81802X'}",744441362,way
40.8183602,8.4639598,"{'amenity': 'clinic', 'name': 'Centro Cura e Salute'}",763376771,way
39.2526385,9.1596512,"{'amenity': 'school', 'fee': 'no', 'isced:level': '1', 'name': 'Scuola Primaria Santa Lucia', 'ref': 'CAEE8AE02D'}",769911422,way
39.2427739,9.1061958,"{'amenity': 'school', 'isced:level': '3', 'name': 'Liceo delle Scienze Umane Francesco De Sanctis', 'ref': 'CAPM02601C'}",770344360,way
39.2224275,9.1146111,{'amenity': 'university'},785821348,way
40.7769296,8.4766511,"{'amenity': 'school', 'fee': 'no', 'isced:level': '1', 'name': 'Scuola Primaria di Ottava', 'ref': 'SSEE851032'}",794729306,way
39.2317072,9.1177572,"{'amenity': 'hospital', 'healthcare': 'hospital', 'name': 'Cittadella della Salute'}",807538965,way
40.5569143,8.3195039,"{'addr:city': 'Alghero', 'addr:housenumber': '16', 'addr:postcode': '07041', 'addr:street': 'Via Tarragona', 'amenity': 'school', 'description': 'Plesso di via Tarragona - scuola secondaria di primo grado ""Grazia Deledda""', 'fee': 'no', 'isced:level': '2', 'name': 'Scuola Secondaria di Primo Grado Alghero 2', 'ref': 'SSMM84601B', 'website': 'https://www.istitutocomprensivo2alghero.edu.it/', 'wheelchair': 'yes'}",816418825,way
40.5556045,8.318442,"{'addr:city': 'Alghero', 'addr:housenumber': '80', 'addr:postcode': '07041', 'addr:street': 'Via Sassari', 'amenity': 'school', 'fee': 'no', 'isced:level': '1', 'name': 'Scuola Primaria Maria Immacolata', 'operator': 'Istituto Comprensivo Statale Alghero 2', 'ref': 'SSEE84601C', 'wheelchair': 'yes'}",816421388,way
39.2225637,9.1169027,"{'addr:street': 'Piazza Arsenale', 'amenity': 'university', 'check_date': '2025-03-11', 'name': 'Cittadella dei Musei', 'wikidata': 'Q3678367', 'wikimedia_commons': 'Category:Cittadella dei musei Cagliari', 'wikipedia': 'it:Cittadella dei musei'}",836176819,way
39.7197794,8.6380866,"{'amenity': 'school', 'fee': 'no', 'isced:level': '1', 'name': 'Scuola Primaria Antonio Carta', 'ref': 'OREE82901A'}",843443866,way
39.2108516,8.4611417,"{'amenity': 'school', 'fee': 'no', 'isced:level': '1', 'name': 'Scuola Primaria Cortoghiana', 'ref': 'CAEE876032'}",881048705,way
39.1759763,8.5187012,"{'amenity': 'school', 'fee': 'no', 'isced:level': '1', 'name': 'Scuola Primaria Francesco Ciusa', 'ref': 'CAEE876054'}",883865538,way
39.1680233,8.5223566,"{'amenity': 'school', 'isced:level': '3', 'name': 'Istituto di Istruzione Superiore Beccaria-Loi', 'ref': 'CAIS011007'}",885608719,way
39.165267,8.5209542,"{'amenity': 'school', 'check_date': '2024-05-24', 'fee': 'no', 'isced:level': '2', 'name': 'Scuola Secondaria di Primo Grado Giovanni Pascoli', 'ref': 'CAMM87601V'}",885611358,way
40.5642062,8.4605412,"{'addr:city': 'Putifigari', 'addr:housenumber': '30', 'addr:postcode': '07040', 'addr:street': 'Via della Chiesa', 'amenity': 'school'}",885941164,way
39.2512164,9.1215442,"{'amenity': 'school', 'fee': 'no', 'isced:level': '1', 'name': 'Scuola Primaria Enrico Toti', 'ref': 'CAEE86402P'}",888649483,way
39.1597882,8.5256936,"{'amenity': 'school', 'fee': 'no', 'isced:level': '2', 'name': 'Scuola Secondaria di Primo Grado Sebastiano Satta', 'ref': 'CAMM87101Q'}",891254523,way
40.6794338,8.5611516,"{'amenity': 'school', 'email': 'primariatissi@gmail.com', 'isced:level': '1', 'name': 'Scuola primaria di Tissi', 'operator': 'Istituto comprensivo ""Antonio Gramsc"" di Ossi', 'operator:ref': 'SSIC813003', 'operator:type': 'public', 'phone': '+39 079 388282', 'ref': 'SSEE813026'}",898416502,way
40.7284631,8.5598097,"{'amenity': 'school', 'fee': 'no', 'isced:level': '2', 'name': 'Scuola Secondaria di Primo Grado San Donato', 'ref': 'SSMM85201P'}",935480007,way
40.6112098,9.746518,"{'amenity': 'school', 'fee': 'no', 'isced:level': '1', 'name': 'Scuola Primaria La Caletta', 'ref': 'NUEE879021'}",946805476,way
39.1588463,8.5254627,"{'amenity': 'school', 'fee': 'no', 'isced:level': '1', 'name': 'Scuola Primaria Via Mazzini', 'ref': 'CAEE87103V'}",962536341,way
39.1584129,8.5311251,"{'amenity': 'school', 'fee': 'yes', 'isced:level': '2', 'name': 'Scuola Secondaria di Primo Grado Madre Camilla Gritti', 'ref': 'CA1M013008'}",962901069,way
39.2411284,9.1161585,"{'addr:city': 'Cagliari', 'addr:housenumber': '9', 'addr:postcode': '09121', 'addr:street': 'Via Robert Koch', 'amenity': 'school', 'isced:level': '3', 'name': 'Succursale Via Koch Liceo Scientifico Statale Leon Battista Alberti', 'ref': 'CAPS02000B', 'website': 'https://liceoalberti.it/'}",999989966,way
39.2526521,9.1062404,"{'amenity': 'school', 'fee': 'no', 'isced:level': '1', 'name': 'Scuola Primaria Su Planu', 'ref': 'CAEE862012'}",1000780242,way
39.135693,9.012475,"{'amenity': 'school', 'fee': 'no', 'isced:level': '1', 'name': 'Scuola Primaria di Su Loi', 'ref': 'CAEE8AL03V'}",1004440325,way
39.855497,9.0517538,"{'amenity': 'pharmacy', 'building': 'yes', 'dispensing': 'yes', 'name': 'Farmacia Deiana', 'ref:msal': '15977', 'ref:vatin': 'IT01561970912', 'source': 'Ministero della Salute'}",1018283438,way
39.1773931,8.9769174,"{'amenity': 'school', 'isced:level': '3', 'name': 'I.S.I.S. ""Sergio Atzeni""'}",1023369749,way
39.2334941,9.1267046,"{'amenity': 'school', 'name': ""Scuola dell'infanzia XVII Circolo""}",1036503485,way
39.2297013,9.1286048,"{'amenity': 'school', 'fee': 'no', 'isced:level': '1', 'name': 'Scuola Primaria XVII Circolo', 'ref': 'CAEE8AN01C'}",1036503486,way
39.2267057,9.1068577,"{'amenity': 'school', 'isced:level': '3', 'name': 'Istituto Professionale Industria e Artigianato Antonio Meucci', 'ref': 'CARI03302R'}",1039099008,way
39.5402637,8.6334112,"{'addr:city': 'Guspini', 'addr:housenumber': '7', 'addr:postcode': '09036', 'addr:street': 'Via Velio Spano', 'amenity': 'school', 'isced:level': '3', 'name': 'IIS Michelangelo Buonarroti', 'ref': 'CATD00901D'}",1059568848,way
40.250463,9.1766138,"{'amenity': 'school', 'fee': 'no', 'isced:level': '2', 'name': 'Scuola Secondaria di Primo Grado Angelo Mura', 'ref': 'NUMM82301V'}",1072572639,way
40.2507445,9.1774427,"{'amenity': 'school', 'fee': 'no', 'isced:level': '1', 'name': 'Scuola Primaria di Orani', 'ref': 'NUEE82301X'}",1072572640,way
40.5746946,8.3425104,"{'amenity': 'school', 'name': 'Centro Pastorale Diocesano Piergiorgio Frassati'}",1082695438,way
40.5986214,8.5694075,"{'amenity': 'school', 'fee': 'no', 'isced:level': '1', 'name': 'Scuola Primaria Via Ingegner Porcheddu', 'ref': 'SSEE83602V'}",1086965902,way
39.1581822,9.0147524,"{'amenity': 'school', 'fee': 'no', 'isced:level': '1', 'name': 'Scuola Primaria Residenza del Sole', 'ref': 'CAEE8AL04X'}",1091272942,way
40.0247208,9.1709998,"{'addr:city': 'Tonara', 'addr:postcode': '08039', 'addr:street': ""Via Sant'Antonio"", 'amenity': 'school', 'fee': 'no', 'isced:level': '1', 'name': 'Scuola primaria', 'ref': 'NUEE83506B'}",1112693880,way
39.2233545,9.1115395,"{'amenity': 'university', 'name': 'Facoltà Di Scienze Economiche, Giuridiche e Politiche', 'operator': 'Università degli Studi di Cagliari'}",1122398890,way
40.2613342,8.7656738,"{'amenity': 'school', 'fee': 'no', 'isced:level': '1', 'name': 'Scuola primaria Sertinu', 'ref': 'NUEE86704R'}",1128415160,way
40.2649214,8.7700056,"{'amenity': 'school', 'fee': 'no', 'isced:level': '2', 'name': 'Scuola Secondaria di Primo Grado Binna-Dalmasso', 'ref': 'NUMM86702N'}",1128423019,way
40.2661564,8.7639967,"{'amenity': 'school', 'isced:level': '3', 'name': 'Liceo Scientifico Galileo Galilei', 'ref': 'NUPS01050P'}",1128427266,way
40.2663022,8.7629292,"{'amenity': 'school', 'isced:level': '3', 'name': 'Istituto Professionale Edoardo Amaldi', 'ref': 'NURI019012'}",1128427267,way
40.563214,8.3212871,"{'addr:city': 'Alghero', 'addr:housenumber': '9', 'addr:postcode': '07041', 'addr:street': 'Via Salvatore Diez', 'amenity': 'school', 'isced:level': '3', 'name': 'Istituto Tecnico Commerciale Geometri e Turismo Angelo Roth', 'operator': ""Istituto d'Istruzione Superiore Angelo Roth"", 'ref': 'SSTD01901C'}",1130592070,way
39.4606184,8.7457415,{'amenity': 'school'},1135663958,way
40.6596091,8.6806711,{'amenity': 'school'},1175771776,way
39.2012981,9.1459243,"{'addr:housenumber': '9 / A', 'addr:street': 'Via Favonio', 'amenity': 'hospital', 'healthcare': 'hospital', 'name': 'Farmacia SORESI'}",1177639229,way
39.2252876,9.1216199,"{'amenity': 'school', 'name': 'Conservatorio di Musica ""G.P. da Palestrina""'}",1196749739,way
39.0671545,9.0094331,"{'amenity': 'school', 'fee': 'no', 'isced:level': '2', 'name': 'Scuola secondaria di primo grado Francesco Ciusa', 'ref': 'CAMM846013'}",1201356893,way
39.2397289,9.2129026,"{'addr:city': ""Quartu Sant'Elena"", 'addr:postcode': '09045', 'addr:street': ""Via Pitz'e Serra"", 'amenity': 'school', 'isced:level': '3', 'name': 'Liceo Scientifico e Artistico Giuseppe Brotzu', 'ref': 'CAPS01701L', 'website': 'https://liceoscientificoartisticobrotzu.edu.it'}",1218225722,way
39.2149658,9.1226077,"{'amenity': 'school', 'isced:level': '3', 'name': 'Liceo Artistico e Musicale Foiso Fois', 'ref': 'CASL01000N'}",1226913360,way
39.7427424,9.1101941,"{'amenity': 'hospital', 'healthcare': 'hospital'}",1228394407,way
40.6501213,9.3284363,"{'amenity': 'bank', 'brand': 'Banco di Sardegna', 'brand:wikidata': 'Q806205', 'building': 'yes', 'name': 'Banco di Sardegna'}",1230097215,way
40.6502351,9.3279637,"{'amenity': 'post_office', 'brand': 'Poste Italiane', 'brand:wikidata': 'Q495026', 'building': 'yes', 'name': 'Poste Italiane', 'operator': 'Poste Italiane', 'operator:wikidata': 'Q495026'}",1230106316,way
40.6504683,9.3278621,"{'amenity': 'pharmacy', 'building': 'yes', 'dispensing': 'yes', 'healthcare': 'pharmacy', 'name': 'Farmacia Sini', 'ref:msal': '15857', 'ref:vatin': 'IT02510830900', 'source': 'Ministero della Salute'}",1230114943,way
39.2614901,9.1669664,"{'amenity': 'school', 'fee': 'no', 'isced:level': '1', 'name': 'Scuola primaria Via Rossini', 'ref': 'CAEE8AF018'}",1240201737,way
39.2634101,9.1655992,"{'amenity': 'school', 'name': 'Scuola media inferiore'}",1240207866,way
39.893867,9.541437,"{'amenity': 'school', 'fee': 'no', 'isced:level': '1', 'name': 'Scuola Primaria di Ilbono', 'ref': 'NUEE83201P'}",1242063882,way
39.8958754,9.5380795,"{'amenity': 'school', 'fee': 'no', 'isced:level': '2', 'name': 'Scuola Secondaria di Primo Grado Grazia Deledda', 'ref': 'NUMM83201N'}",1242066550,way
39.1822401,8.9682631,"{'amenity': 'hospital', 'healthcare': 'hospital', 'name': 'Guardia medica'}",1253553724,way
39.2160799,9.110255,"{'amenity': 'school', 'check_date': '2026-04-23', 'fee': 'no', 'isced:level': '1', 'name': 'Scuola Primaria Salvatore Satta', 'ref': 'CAEE867026'}",1265061835,way
39.2551634,9.1543245,"{'amenity': 'clinic', 'building': 'yes', 'healthcare': 'clinic'}",1266486494,way
39.2270328,9.1193671,"{'amenity': 'school', 'fee': 'no', 'isced:level': '2', 'name': 'Scuola Secondaria di I grado Via Piceno', 'ref': 'CAMM89301L'}",1271910729,way
40.7214202,8.5581124,"{'addr:city': 'Sassari', 'addr:housenumber': '11', 'addr:postcode': '07100', 'addr:street': 'viale', 'amenity': 'clinic', 'healthcare': 'clinic', 'name': 'Policlinico Sassarese', 'operator': 'Gruppo Ospedaliero Leonardo'}",1301558555,way
40.3008483,8.4958282,"{'amenity': 'hospital', 'healthcare': 'hospital', 'name': 'Ospedale A. G. Mastino'}",1302708644,way
39.4910062,8.9734507,"{'amenity': 'school', 'isced:level': '2', 'name': 'Scuola Secondaria di Primo Grado Vittorio Angius', 'operator': 'Istituto Comprensivo Sanluri Serrenti', 'operator:type': 'public', 'ref': 'CAMM839021', 'wheelchair': 'yes'}",1309953511,way
40.5589352,8.3167198,"{'amenity': 'school', 'fee': 'no', 'isced:level': '1', 'name': 'Scuola Primaria Sacro Cuore', 'name:it': 'Scuola Primaria Sacro Cuore', 'ref': 'SSEE84401R', 'wikidata': 'Q52856035', 'wikipedia': ""ca:Escola elemental del Sagrat Cor (l'Alguer)""}",1311017455,way
40.5558828,8.3160797,"{'addr:city': 'Alghero', 'addr:housenumber': '14', 'addr:postcode': '07041', 'addr:street': 'Piazza Vincenzo Sulis', 'amenity': 'school', 'isced:level': '3', 'loc_name': 'Alberghiero', 'name': 'Istituto Istruzione Superiore Piazza Sulis Alghero', 'operator': 'Istituto Istruzione Superiore Piazza Sulis Alghero', 'ref': 'SSRH01901A'}",1311360921,way
40.5830442,8.3118927,"{'addr:city': 'Alghero', 'addr:housenumber': '9', 'addr:postcode': '07041', 'addr:street': 'Viale Primo Maggio', 'amenity': 'school', 'isced:level': '3', 'name': 'Liceo Artistico Francesco Costantino', 'operator': ""Istituto d'Istruzione Superiore Enrico Fermi"", 'ref': 'SSSD027012'}",1312992960,way
40.5566388,8.3147603,"{'addr:city': 'Alghero', 'addr:housenumber': '92', 'addr:postcode': '07041', 'addr:street': 'Via Carlo Alberto', 'amenity': 'school', 'building': 'school', 'education': 'school', 'isced:level': '3', 'name': 'Liceo Classico e Liceo Linguistico Giuseppe Manno', 'operator': ""Istituto d'Istruzione Superiore Enrico Fermi"", 'ref': 'SSPC02701C'}",1312992963,way
40.5620478,8.328781,"{'addr:city': 'Alghero', 'addr:housenumber': '229', 'addr:postcode': '07041', 'addr:street': 'Via Venti Settembre', 'amenity': 'school', 'isced:level': '3', 'name': 'Liceo Scientifico e Liceo delle Scienze Umane Enrico Fermi', 'operator': ""Istituto d'Istruzione Superiore Enrico Fermi"", 'ref': 'SSPS02701G;SSIS027005'}",1312992964,way
40.5627188,8.3301133,"{'addr:city': 'Alghero', 'addr:housenumber': '231', 'addr:postcode': '07041', 'addr:street': 'Via Venti Settembre', 'amenity': 'school', 'fee': 'no', 'isced:level': '2', 'name': 'Scuola Secondaria di Primo Grado Alghero 1', 'operator': 'Istituto Comprensivo 1', 'ref': 'SSMM84401Q'}",1312992965,way
40.5614657,8.3162439,"{'amenity': 'university', 'contact:city': ""L'Alguer/Alghero"", 'contact:housenumber': '35', 'contact:phone': '+39 079 9720440', 'contact:postcode': '07041', 'contact:street': 'Via Giuseppe Garibaldi', 'name': 'Dipartimento di Architettura, Design, Urbanistica - Asilo Sella', 'website': 'https://www.architettura.uniss.it/'}",1312992966,way
40.7119272,8.5613936,"{'addr:city': 'Sassari', 'addr:postcode': '07100', 'addr:street': 'Via Verona', 'amenity': 'pharmacy', 'building': 'yes', 'dispensing': 'yes', 'email': 'farmaciaterritoriale.sassari@aslsassari.it', 'healthcare': 'pharmacy', 'name': 'Farmacia Territoriale ASL Sassari', 'opening_hours': 'Mo,Fr 08:30-11:30; Tu 08:30-12:00,14:30-16:30', 'operator': 'ASL Sassari', 'phone': '+39 079 2062753', 'source': 'https://sardies.it/in-via-verona-la-nuova-farmacia-territoriale-della-asl-di-sassari/', 'website': 'https://www.asl1sassari.it/strutture/farmacia-territoriale-di-sassari/#!%23articolo-giorni-orari'}",1313553766,way
40.7208134,8.5811956,"{'amenity': 'school', 'education': 'school', 'fee': 'no', 'isced:level': '2', 'name': 'Scuola Secondaria di Primo Grado Brigata Sassari', 'ref': 'SSIC856001', 'website': 'https://www.icbrigatasassari.edu.it/'}",1348680861,way
39.2168675,9.1281267,"{'amenity': 'school', 'isced:level': '3', 'name': ""Liceo delle Scienze Umane Eleonora d'Arborea"", 'ref': 'CAPM02000C'}",1357732235,way
39.2198528,9.119578,"{'amenity': 'school', 'isced:level': '1', 'name': 'Scuola Primaria Carlo Felice', 'ref': 'CA1E00600X'}",1360566692,way
39.6984611,9.5785787,"{'amenity': 'school', 'fee': 'no', 'isced:level': '1', 'name': 'Scuola Primaria di Tertenia', 'ref': 'NUEE849014'}",1360863484,way
39.2220504,9.1378718,"{'amenity': 'school', 'isced:level': '3', 'name': ""Succursale Liceo delle Scienze Umane Eleonora d'Arborea"", 'ref': 'CAPM02000C'}",1361710783,way
39.2969486,8.6393379,"{'amenity': 'school', 'isced:level': '3', 'name': ""Istituto Professionale per l'Agricoltura e l'Ambiente Sante Cettolini"", 'ref': 'CARA011028'}",1375816353,way
39.2602725,9.1769999,"{'amenity': 'school', 'fee': 'no', 'isced:level': '1', 'name': 'Scuola Primaria Statale Santu Nigola', 'ref': 'CAEE8AF029'}",1378625051,way
39.3015609,8.800259,"{'amenity': 'school', 'fee': 'no', 'isced:level': '2', 'name': 'Scuola Secondaria di Primo Grado Enrico Fermi', 'ref': 'CAMM84203T'}",1380790780,way
40.7653683,9.5211378,"{'amenity': 'pharmacy', 'building': 'yes', 'dispensing': 'yes', 'healthcare': 'pharmacy', 'name': 'Farmacia Becciu', 'ref:msal': '15933', 'ref:vatin': 'IT01498640901', 'source': 'Ministero della Salute'}",1382274581,way
39.6976598,9.5791284,"{'amenity': 'school', 'fee': 'no', 'isced:level': '2', 'name': 'Scuola Secondaria di Primo Grado Grazia Deledda', 'ref': 'NUMM849013'}",1384178500,way
39.3075835,8.5346654,"{'amenity': 'school', 'fee': 'no', 'isced:level': '1', 'name': 'Scuola Primaria Campo Romano', 'ref': 'CAEE88701A'}",1385382988,way
40.0214416,9.0999068,"{'amenity': 'hospital', 'emergency': 'yes', 'healthcare': 'hospital'}",1387012691,way
39.1433432,8.5059677,"{'amenity': 'school', 'fee': 'no', 'isced:level': '1', 'name': 'Scuola Primaria Is Gannaus', 'ref': 'CAEE87104X'}",1387508628,way
41.0042841,9.62133,"{'amenity': 'school', 'name': 'Scuola Secondaria di Primo Grado Armando Diaz'}",1419946754,way
39.0723116,8.4485763,"{'amenity': 'school', 'isced:level': '3', 'name': 'Liceo Scientifico Emilio Lussu', 'ref': 'CAPS06000T'}",1421696984,way
39.0712562,8.452203,"{'amenity': 'school', 'fee': 'no', 'isced:level': '1', 'name': 'Scuola Primaria Via Virgilio', 'ref': 'CAEE87703T'}",1421723930,way
39.0718793,8.4478974,"{'amenity': 'school', 'isced:level': '3', 'name': 'Istituto Professionale Industria e Artigianato Cesare Beccaria - Emanuela Loi', 'ref': 'CARI01101V'}",1421751540,way
39.0646935,8.4486573,"{'amenity': 'school', 'isced:level': '2', 'name': 'Scuola Secondaria di Primo Grado Enrico Fermi', 'ref': 'CAMM87701P'}",1421770659,way
39.0576647,8.4517707,"{'amenity': 'school', 'fee': 'no', 'isced:level': '1', 'name': 'Scuola Primaria Maria Cristina Piras', 'ref': 'CAEE87704V'}",1421993889,way
39.070793,8.4577066,"{'amenity': 'school', 'isced:level': '3', 'name': 'Sede Staccata Liceo Scientifico Emilio Lussu', 'ref': 'CAPS06000T'}",1422012536,way
39.0705793,8.4568749,"{'amenity': 'school', 'isced:level': '2', 'name': 'Scuola Secondaria di Primo Grado Antioco Mannai', 'ref': 'CAMM87701P'}",1422012537,way
39.1086457,8.3721751,"{'amenity': 'school', 'isced:level': '2', 'name': 'Scuola Secondaria di Primo Grado di Calasetta', 'ref': 'CAMM87702Q'}",1422298729,way
39.1072412,8.3686314,"{'amenity': 'school', 'isced:level': '1', 'name': 'Scuola Primaria di Calasetta', 'ref': 'CAEE87701Q'}",1422298730,way
41.1834973,9.3803106,"{'amenity': 'school', 'isced:level': '2', 'name': 'Scuola Secondaria di Primo Grado di Palau'}",1422617412,way
41.180023,9.3802097,"{'addr:housenumber': '12', 'addr:street': 'Via Incrociatore Trieste', 'amenity': 'school', 'isced:level': '1', 'name': 'Scuola Primaria di Palau'}",1422617415,way
39.2090262,8.3836721,"{'amenity': 'school', 'name': 'Istituto Comprensivo Angius'}",1423310174,way
39.205157,8.3866594,"{'amenity': 'school', 'fee': 'no', 'isced:level': '1', 'name': 'Scuola Primaria di Portoscuso', 'ref': 'CAEE81801X'}",1423641460,way
39.1694389,8.9638096,"{'amenity': 'school', 'fee': 'no', 'isced:level': '2', 'name': 'Scuola Secondaria di Primo Grado Corte Piscedda', 'ref': 'CAMM8AK01X'}",1424421790,way
39.169111,8.9647692,"{'amenity': 'school', 'fee': 'no', 'isced:level': '1', 'name': 'Scuola Primaria Corte Piscedda', 'ref': 'CAEE8AK033'}",1424421791,way
39.1710872,8.9762995,"{'amenity': 'school', 'fee': 'no', 'isced:level': '1', 'name': 'Scuola Primaria Via Lamarmora', 'ref': 'CAEE8AK011'}",1424535434,way
40.7277423,8.5725864,"{'amenity': 'school', 'fee': 'no', 'isced:level': '2', 'name': 'Scuola Secondaria di Primo Grado Pertini-Biasi', 'ref': 'SSMM85701T'}",1427939973,way
40.4114545,9.0309532,"{'amenity': 'school', 'fee': 'no', 'isced:level': '2', 'name': 'Scuola Secondaria di Primo Grado Giovanni Antioco Mura', 'ref': 'SSMM820017'}",1428305352,way
39.5472715,8.7936422,"{'amenity': 'school', 'isced:level': '1', 'name': 'Scuola Primaria Via Fermi', 'ref': 'CAEE86303X'}",1432073784,way
40.274397,9.404849,"{'amenity': 'school', 'fee': 'no', 'isced:level': '1', 'name': 'Scuola Primaria Santa Maria', 'ref': 'NUEE86801D'}",1441607500,way
40.2870545,8.8909996,"{'amenity': 'school', 'fee': 'no', 'isced:level': '2', 'name': 'Scuola Secondaria di Primo grado di Silanus', 'ref': 'NUMM86704Q'}",1446675749,way
40.2869927,8.8902364,"{'amenity': 'school', 'fee': 'no', 'isced:level': '1', 'name': 'Scuola Primaria di Silanus', 'ref': 'NUEE86706V'}",1446675750,way
40.0956539,9.1176965,"{'amenity': 'school', 'fee': 'no', 'isced:level': '2', 'name': 'Scuola Secondaria di Primo Grado di Teti', 'ref': 'NUMM865066'}",1447984963,way
40.0709144,9.0907842,"{'amenity': 'school', 'fee': 'no', 'isced:level': '2', 'name': 'Scuola Secondaria di Primo Grado di Austis', 'ref': 'NUMM865077'}",1448022608,way
40.0705056,9.0872992,"{'amenity': 'school', 'fee': 'no', 'isced:level': '1', 'name': 'Scuola Primaria di Austis', 'ref': 'NUEE865078'}",1448022611,way
39.9457115,9.0699843,"{'amenity': 'school', 'fee': 'no', 'isced:level': '1', 'name': 'Scuola Primaria di Meana Sardo', 'ref': 'NUEE865056'}",1448257395,way
39.947399,9.0766133,"{'amenity': 'school', 'fee': 'no', 'isced:level': '2', 'name': 'Scuola Secondaria di Primo Grado di Meana Sardo', 'ref': 'NUMM865055'}",1448257457,way
40.377264,9.6911857,"{'amenity': 'school', 'fee': 'no', 'isced:level': '2', 'name': 'Scuola Secondaria di Primo Grado Giovanni Antonio Muggianu', 'ref': 'NUMM877017'}",1450100420,way
39.8584958,8.9008069,"{'amenity': 'school', 'fee': 'no', 'isced:level': '1', 'name': ""Scuola Primaria di Villa Sant'Antonio"", 'ref': 'OREE821072'}",1450718337,way
39.795232,9.5161799,"{'amenity': 'school', 'fee': 'no', 'isced:level': '1', 'name': 'Scuola Primaria Amerigo Demurtas', 'ref': 'NUEE86001V'}",1450818205,way
39.7960954,9.5157772,"{'amenity': 'school', 'fee': 'no', 'isced:level': '2', 'name': 'Scuola Secondaria di Primo Grado Antonio Melis', 'ref': 'NUMM86002V'}",1450818206,way
39.7959683,9.5172984,"{'amenity': 'school', 'isced:level': '3', 'name': ""Istituto d'Istruzione Superiore Armando Businco"", 'ref': 'NUIS006008'}",1450818207,way
40.7914352,8.5964443,"{'amenity': 'school', 'fee': 'no', 'isced:level': '1', 'name': 'Scuola Primaria Via Marconi', 'ref': 'SSEE843033'}",1450825845,way
40.8028719,8.5796039,"{'amenity': 'school', 'fee': 'no', 'isced:level': '1', 'name': 'Scuola Primaria Santa Maria', 'ref': 'SSEE843022'}",1450931754,way
40.7972712,8.5741186,"{'amenity': 'school', 'name': 'Scuola Secondaria di Primo Grado Cress', 'note': 'Succursale della Scuola Secondaria di Primo Grado Cappai'}",1450931758,way
40.7982358,8.5742748,"{'amenity': 'school', 'fee': 'no', 'isced:level': '2', 'name': 'Scuola Secondaria di Primo Grado Gerolamo Cappai', 'ref': 'SSMM84301X'}",1450931759,way
40.7977589,8.5747473,"{'amenity': 'school', 'fee': 'no', 'isced:level': '1', 'name': 'Scuola Primaria Via Azuni', 'ref': 'SSEE843011'}",1450931760,way
39.8146235,9.2720663,"{'amenity': 'school', 'fee': 'no', 'isced:level': '1', 'name': 'Scuola Primaria di Sadali', 'ref': 'CAEE8AC03V'}",1452949779,way
39.8123865,9.2758728,"{'amenity': 'school', 'fee': 'no', 'isced:level': '2', 'name': 'Scuola Secondaria di Primo Grado di Sadali', 'ref': 'CAMM8AC072'}",1452949793,way
39.9618471,9.5064267,"{'amenity': 'school', 'name': 'Scuola Primaria San Salvatore', 'ref': 'NUEE864038'}",1453169002,way
39.9578307,9.464408,"{'amenity': 'school', 'isced:level': '2', 'name': 'Scuola Secondaria di Primo Grado di Villanova', 'ref': 'NUMM864026'}",1453169128,way
39.9585344,9.4646822,"{'amenity': 'school', 'isced:level': '1', 'name': 'Scuola Primaria di Villanova', 'ref': 'NUEE864049'}",1453169130,way
40.0399249,9.4949064,"{'amenity': 'school', 'isced:level': '1', 'name': 'Scuola Primaria di Talana', 'ref': 'NUEE87004L', 'school:gender': 'mixed'}",1453967481,way
39.9181982,9.5272444,"{'amenity': 'school', 'isced:level': '1', 'name': 'Scuola Primaria di Arzana'}",1454407929,way
39.9144143,9.5261123,"{'amenity': 'school', 'isced:level': '2', 'name': 'Scuola Secondaria di Primo Grado di Arzana'}",1454407931,way
39.8844337,9.5323553,"{'amenity': 'school', 'fee': 'no', 'isced:level': '2', 'name': 'Scuola Secondaria di Primo Grado Italo Calvino', 'ref': 'NUMM864015'}",1454630722,way
40.033039,9.6607277,"{'amenity': 'school', 'fee': 'no', 'isced:level': '1', 'name': 'Scuola Primaria di Baunei', 'ref': 'NUEE86301A'}",1455118619,way
40.0328143,9.6597804,"{'amenity': 'school', 'fee': 'no', 'isced:level': '2', 'name': 'Scuola Secondaria di Primo Grado Emilio Lussu', 'ref': 'NUMM863019'}",1455118620,way
39.9892633,9.6873745,"{'amenity': 'school', 'fee': 'no', 'isced:level': '1', 'landuse': 'education', 'name': 'Scuola Primaria di Santa Maria Navarrese', 'ref': 'NUEE86302B'}",1455139536,way
39.6780358,9.4427504,"{'amenity': 'school', 'leisure': 'park'}",1455271480,way
40.7200191,8.5775558,"{'amenity': 'school', 'education': 'school', 'fee': 'no', 'isced:level': '1', 'name': 'Scuola Primaria Via Oriani', 'ref': 'SSEE856035'}",1456028308,way
40.7133442,8.5767098,"{'amenity': 'school', 'education': 'school', 'fee': 'no', 'isced:level': '1', 'landuse': 'education', 'name': 'Scuola Primaria Via Forlanini', 'ref': 'SSEE85205X'}",1456275891,way
40.7135894,8.577509,"{'amenity': 'school', 'education': 'school', 'fee': 'yes', 'isced:level': '3', 'name': 'Liceo delle Scienze Umane Istituto Europa', 'ref': 'SSPM9L500Q'}",1456275892,way
39.7691744,8.8137892,"{'amenity': 'school', 'fee': 'no', 'isced:level': '2', 'name': 'Scuola Secondaria di Primo Grado di Ales', 'ref': 'ORMM82101P'}",1456468147,way
40.3544572,9.0026301,"{'amenity': 'school', 'isced:level': '1', 'name': 'Scuola Primaria Vittorino Era', 'ref': 'SSEE82004B'}",1456644397,way
40.3544838,9.0021299,"{'amenity': 'school', 'isced:level': '2', 'name': 'Scuola Secondaria di Primo Grado Monsignor Damiano Filia', 'ref': 'SSMM82005B'}",1456644398,way
40.3902451,8.9940492,"{'amenity': 'school', 'isced:level': '2', 'name': 'Scuola Secondaria di Primo Grado di Burgos', 'ref': 'SSMM82007D'}",1456682234,way
40.4573914,9.0632783,{'amenity': 'school'},1456891891,way
40.456388,9.0662845,{'amenity': 'school'},1456891892,way
40.7189227,8.5699783,"{'amenity': 'university', 'education': 'university', 'landuse': 'education', 'name': 'Scienze umanistiche e sociali', 'website': 'https://dumas.uniss.it'}",1457211216,way
40.5752056,9.2528004,"{'amenity': 'school', 'isced:level': '2', 'name': 'Scuola Secondaria di Primo Grado Domenico Alberto Azuni'}",1458133580,way
40.5793802,9.2577725,"{'amenity': 'school', 'isced:level': '1', 'name': 'Scuola Primaria di Buddusò'}",1458133581,way
40.4177546,8.7645679,"{'amenity': 'school', 'isced:level': '1', 'name': 'Scuola Primaria di Bonorva'}",1458269295,way
41.2204947,9.4134874,"{'amenity': 'school', 'isced:level': '2', 'name': 'Scuola Secondaria di Primo Grado Giuseppe Garibaldi'}",1458333963,way
41.2197438,9.4133377,"{'amenity': 'school', 'isced:level': '3', 'name': 'Istituto Tecnico Nautico Domenico Millelire'}",1458333964,way
41.2149398,9.407019,"{'amenity': 'school', 'isced:level': '3', 'name': 'Liceo Linguistico'}",1458333965,way
41.2178681,9.4055023,"{'amenity': 'school', 'isced:level': '3', 'name': 'Liceo Giuseppe Garibaldi'}",1458333966,way
40.7197634,8.5548241,"{'amenity': 'school', 'education': 'school', 'fee': 'no', 'isced:level': '1', 'name': 'Scuola Secondaria di Primo Grado Pasqquale Tola', 'ref': 'SSEE855017'}",1458335698,way
40.7240613,8.5749904,"{'amenity': 'school', 'education': 'school', 'fee': 'no', 'isced:level': '1', 'name': 'Scuola Primaria di Via de Carolis', 'operator': 'Istituto Comprensivo Brigata Sassari', 'ref': 'SSEE856024'}",1458337724,way
40.7227127,8.5574934,"{'amenity': 'school', 'education': 'school'}",1458837613,way
40.7213755,8.5566026,"{'amenity': 'school', 'education': 'school', 'fee': 'no', 'isced:level': '1', 'name': 'Scuola Primaria Porcellana', 'ref': 'SSEE83904C'}",1458850061,way
40.7208828,8.5574167,"{'amenity': 'school', 'education': 'school', 'isced:level': '3', 'name': 'Istituto Tecnico per Attività Sociali Salvator Ruju', 'ref': 'SSTE01000C'}",1458850062,way
40.5134607,8.7641012,"{'amenity': 'school', 'isced:level': '1', 'name': 'Scuola Primaria di Torralba', 'ref': 'SSEE835056'}",1459377344,way
40.5346865,8.7653028,"{'amenity': 'school', 'isced:level': '2', 'name': 'Scuola Secondaria di Primo Grado Maestra Lisetta Puggioni', 'ref': 'SSMM835033'}",1459602681,way
40.6220967,8.8085178,"{'amenity': 'school', 'isced:level': '1', 'name': 'Scuola Primaria Francesca Marongiu', 'ref': 'SSEE84809C'}",1460015976,way
40.6643695,8.7465041,"{'amenity': 'pharmacy', 'building': 'yes', 'dispensing': 'yes'}",1460088396,way
40.6640465,8.7445432,"{'amenity': 'post_office', 'brand': 'Poste Italiane', 'brand:wikidata': 'Q495026', 'building': 'yes', 'operator': 'Poste Italiane', 'operator:wikidata': 'Q495026'}",1460088398,way
40.6485203,8.6651122,"{'amenity': 'school', 'fee': 'no', 'isced:level': '1', 'name': 'Scuola Primaria di Florinas', 'ref': 'SSIC813003'}",1460234806,way
40.6680824,8.6151847,"{'amenity': 'pharmacy', 'building': 'yes', 'dispensing': 'yes'}",1460261604,way
40.6781063,8.6171061,"{'amenity': 'school', 'isced:level': '1', 'name': 'Scuola Primaria di Muros', 'ref': 'SSEE81306A'}",1460298139,way
40.6770071,8.5968787,"{'amenity': 'school', 'isced:level': '1', 'name': 'Scuola Primaria Bruna Cugia', 'ref': 'SSEE813015'}",1460575274,way
40.676686,8.5641895,"{'addr:city': 'Tissi', 'addr:housenumber': '47', 'addr:postcode': '07040', 'addr:street': 'Via Municipale', 'amenity': 'post_office', 'atm': 'yes', 'building': 'yes', 'name': 'Poste Italiane', 'operator': 'Poste Italiane', 'operator:wikidata': 'Q495026', 'source': 'https://sardies.it/poste-italiane-installato-a-tissi-un-atm-postamat-di-nuova-generazione/'}",1461279456,way
40.6657312,8.5354015,"{'amenity': 'school', 'fee': 'no', 'isced:level': '2', 'name': 'Scuola Secondaria di Primo Grado Grazia Deledda', 'ref': 'SSMM83602T'}",1461325733,way
40.6361486,8.4893881,"{'addr:city': 'Uri', 'addr:housenumber': '14', 'addr:postcode': '07040', 'addr:street': 'Via Matteo Fara', 'amenity': 'school', 'name': 'Scuola Primaria'}",1461482410,way
40.6374948,8.4855303,"{'addr:city': 'Uri', 'addr:postcode': '07040', 'addr:street': 'Via Alghero', 'amenity': 'school', 'name': 'Scuola Secondaria di Primo grado'}",1461482443,way
40.5759445,8.7273688,"{'addr:city': 'Sìligo', 'addr:postcode': '07040', 'addr:street': 'Piazza Indipendenza', 'amenity': 'bank', 'atm': 'yes', 'building': 'yes', 'drive_through': 'yes', 'ele': '442', 'name': 'Banco di Sardegna', 'opening_hours': '08:15-13:30,15:00-16:05', 'operator': 'si'}",1461635724,way
40.7501125,8.8191704,"{'amenity': 'school', 'name': 'Scuola Primaria e Secondaria di Primo Grado'}",1462020459,way
40.7816729,8.7437677,"{'amenity': 'school', 'isced:level': '2', 'name': 'Scuola Secondaria di Primo Grado di Nulvi', 'ref': 'SSMM81104G'}",1462266961,way
40.7812219,8.7442354,"{'amenity': 'school', 'isced:level': '1', 'name': 'Scuola Primaria di Nulvi', 'ref': 'SSEE81107Q'}",1462267089,way
40.8536876,8.817098,"{'amenity': 'school', 'name': 'Scuola Primaria e Secondaria di Primo Grado di Sedini'}",1463144817,way
40.8310259,8.8892502,"{'amenity': 'school', 'isced:level': '3', 'name': 'Istituto Professionale per l’agricoltura e l’ambiente', 'ref': 'SSRA00302N'}",1463223583,way
40.8332473,8.8763381,"{'amenity': 'school', 'isced:level': '2', 'name': 'Scuola Secondaria di Primo Grado Sebastiano Satta', 'ref': 'SSMM800012'}",1463223592,way
40.9278582,8.8217932,"{'amenity': 'school', 'isced:level': '2', 'name': 'Scuola Secondaria di Primo Grado Valledoria', 'ref': 'SSMM80804Q'}",1463430073,way
40.9035571,8.8683052,{'amenity': 'school'},1463454720,way
40.7325122,8.9826873,"{'amenity': 'school', 'isced:level': '2', 'name': 'Scuola Secondaria di Primo Grado di Tula', 'ref': 'SSMM848024'}",1463757655,way
40.7329139,8.9830231,"{'amenity': 'school', 'isced:level': '1', 'name': 'Scuola Primaria di Tula', 'ref': 'SSEE848036'}",1463757656,way
40.5883912,9.0044004,"{'addr:housenumber': '6', 'addr:street': 'Via Sebastiano Satta', 'amenity': 'school', 'isced:level': '3', 'name': 'Istituto Antonio Segni', 'ref': 'SSIS02400N', 'website': 'http://www.iisantoniosegni.gov.it/'}",1463904850,way
40.5871033,9.0049243,"{'amenity': 'school', 'isced:level': '1', 'name': 'Scuola Primaria San Gavino', 'ref': 'SSEE848014'}",1463904851,way
40.5866861,9.0040949,"{'amenity': 'school', 'isced:level': '1', 'name': 'Scuola Secondaria di Primo Grado', 'ref': 'SSMM848013'}",1463904852,way
40.9227279,9.1922016,"{'amenity': 'school', 'isced:level': '1', 'name': 'Scuola Primaria Viale Roma', 'ref': 'SSEE826017'}",1463976420,way
40.9224673,9.188192,"{'amenity': 'school', 'isced:level': '3', 'name': 'Istituto Professionale Niccolò Ferracciu', 'ref': 'SSRI02201N'}",1463976493,way
40.9354743,9.1764176,"{'amenity': 'school', 'isced:level': '1', 'name': 'Scuola Primaria Don Giovanni Bosco', 'ref': 'SSEE826028'}",1464306825,way
40.8999106,9.1037686,"{'amenity': 'school', 'isced:level': '1', 'name': 'Scuola Primaria Piazza della Libertà', 'ref': 'SSEE84001D'}",1464369818,way
40.8966023,9.1095492,"{'amenity': 'school', 'isced:level': '3', 'name': 'Istituto Tecnico Industriale Niccolò Ferracciu', 'ref': 'SSTF02201E'}",1464369827,way
40.8981428,9.1032591,"{'amenity': 'school', 'isced:level': '3', 'name': 'Istituto Tecnico Commerciale e per i Geometri Don Gavino Pes', 'ref': 'SSTD022018', 'website': 'https://www.iistcgdongavinopes.edu.it'}",1464369828,way
40.9066265,9.0981603,"{'amenity': 'school', 'isced:level': '1', 'name': 'Scuola Primaria San Giuseppe', 'ref': 'SSEE84003G'}",1464369829,way
40.8993543,9.1027298,"{'amenity': 'school', 'name': ""Scuola dell'Infanzia e Scuola Secondaria di Primo Grado""}",1464369937,way
40.9298646,9.0627956,"{'amenity': 'school', 'isced:level': '1', 'name': 'Scuola Primaria di Aggius', 'ref': 'SSEE84004L'}",1464556736,way
40.9297083,9.0633535,"{'amenity': 'school', 'isced:level': '2', 'name': 'Scuola Secondaria di Primo Grado Pisano', 'ref': 'SSMM84002D'}",1464556738,way
40.891604,9.0434785,"{'amenity': 'post_office', 'brand': 'Poste Italiane', 'brand:wikidata': 'Q495026', 'building': 'yes', 'operator': 'Poste Italiane', 'operator:wikidata': 'Q495026'}",1464574358,way
40.7710481,9.5200002,"{'amenity': 'school', 'isced:level': '2', 'name': 'Scuola Secondaria di Primo Grado di Padru', 'ref': 'SSMM82502B'}",1464889375,way
40.7655399,9.5178595,"{'amenity': 'school', 'isced:level': '1', 'name': 'Scuola Primaria di Padru', 'ref': 'SSEE82503D'}",1464889385,way
40.8070836,9.3289637,"{'amenity': 'school', 'isced:level': '1', 'name': 'Scuola Primaria di Monti', 'ref': 'SSEE83001V'}",1466213292,way
40.8083149,9.3296865,"{'amenity': 'school', 'isced:level': '2', 'name': 'Scuola Secondaria di Primo Grado Aldo Moro', 'ref': 'SSMM83001T'}",1466213295,way
40.8772969,9.3501467,"{'amenity': 'school', 'name': ""Scuola Primaria e dell'Infanzia""}",1466283219,way
40.8738963,9.3527636,"{'amenity': 'school', 'isced:level': '2', 'name': 'Scuola Secondaria di Primo Grado di Telti', 'ref': 'SSMM83002V'}",1466283230,way
39.4837247,8.9082444,"{'amenity': 'school', 'isced:level': '1', 'name': 'Scuola Primaria Via San Gemiliano', 'ref': 'CAEE86604C'}",1467310889,way
40.7862358,9.1675823,"{'amenity': 'school', 'isced:level': '1', 'name': 'Scuola Primaria Via Cavour', 'ref': 'SSEE830053'}",1467749468,way
40.7180812,9.1041444,"{'amenity': 'school', 'isced:level': '1', 'name': 'Scuola Primaria Via Europa', 'ref': 'SSEE830042'}",1468016001,way
40.7155381,9.1027689,"{'amenity': 'school', 'isced:level': '3', 'name': ""Istituto Professionale per l'Industria e l'Artigianato di Oschiri"", 'ref': 'SSRI011028'}",1468016005,way
40.9921395,9.2979493,"{'amenity': 'school', 'isced:level': '1', 'name': 'Scuola Primaria Tommaso Luciano', 'ref': 'SSEE805049'}",1468835179,way
40.9919528,9.2964524,"{'amenity': 'school', 'isced:level': '2', 'name': ""Scuola Secondaria di Primo Grado Sant'Antonio di Gallura"", 'ref': 'SSMM805037'}",1468835180,way
41.0491238,9.2058204,"{'addr:street': 'Via Trieste', 'amenity': 'school', 'isced:level': '1', 'name': 'Scuola Primaria Luogosanto', 'ref': 'SSEE82604A'}",1469234719,way
41.0462285,9.2049674,"{'amenity': 'school', 'isced:level': '2', 'name': 'Scuola Secondaria di Primo Grado Luogosanto', 'ref': 'SSIC826005'}",1469234722,way
39.9557,8.6694635,"{'addr:city': 'Sabarussa/Solarussa', 'addr:country': 'IT', 'addr:postcode': '09077', 'addr:street': 'Via Bruno Buozzi', 'amenity': 'school', 'fee': 'no', 'isced:level': '1', 'name': 'Scuola primaria di Solarusa', 'ref': 'OREE824028'}",1469506311,way
41.0799618,9.1133412,"{'amenity': 'school', 'name': 'Scuola Primaria e Secondaria Aglientu'}",1469560751,way
40.98398,8.9160154,"{'amenity': 'school', 'isced:level': '1', 'name': 'Scuola Primaria e Secondaria'}",1469991193,way
40.9651138,8.8887403,"{'amenity': 'school', 'isced:level': '1', 'name': 'Scuola Primaria', 'ref': 'SSEE80802P'}",1470172515,way
39.6971308,8.698817,"{'amenity': 'school', 'name': 'Scuola Materna e Primaria di Uras'}",1470241656,way
39.6950631,8.7000719,"{'amenity': 'school', 'isced:level': '2', 'name': 'Scuola Secondaria di Primo Grado di Uras', 'ref': 'ORMM819093'}",1470241657,way
40.4174421,9.0285013,"{'amenity': 'school', 'fee': 'no', 'isced:level': '1', 'name': 'Scuola Primaria di Bono', 'ref': 'SSEE820018'}",1471443548,way
39.7112604,8.8707766,"{'amenity': 'school', 'isced:level': '1', 'name': 'Scuola Primaria Baressa-Sini-Gonnosnò-Usellus', 'ref': 'OREE82102R'}",1472021327,way
39.8044161,8.8525987,"{'amenity': 'school', 'isced:level': '2', 'name': 'Scuola Secondaria di Primo Grado', 'ref': 'ORMM82104T'}",1472449712,way
39.8518392,9.0521029,"{'amenity': 'school', 'isced:level': '1', 'name': 'Scuola Primaria', 'ref': 'OREE821094'}",1472903050,way
39.8519966,9.0509835,"{'amenity': 'school', 'isced:level': '2', 'name': 'Scuola Secondaria di Primo Grado', 'ref': 'ORMM821071'}",1472903051,way
39.8514644,9.0509602,"{'amenity': 'school', 'isced:level': '3', 'name': 'Liceo Classico Laconi', 'ref': 'ORPC01102G'}",1472903052,way
39.7741916,8.5780922,"{'amenity': 'school', 'isced:level': '2', 'name': 'Scuola Secondaria di Primo Grado', 'ref': 'ORMM810029'}",1473000315,way
39.7750856,8.5830994,"{'amenity': 'school', 'isced:level': '1', 'name': 'Scuola Primaria di Arborea', 'ref': 'OREE81002A'}",1473000362,way
39.6801277,8.778374,"{'amenity': 'school', 'fee': 'no', 'isced:level': '1', 'name': 'Scuola Primaria di Mogoro', 'ref': 'OREE81901Q'}",1473681049,way
39.6988562,8.7804967,"{'amenity': 'school', 'isced:level': '2', 'name': 'Scuola Secondaria di Primo Grado di Masullas', 'ref': 'ORMM81903R'}",1473910135,way
39.6997938,8.7816617,"{'amenity': 'school', 'isced:level': '1', 'name': 'Scuola Primaria Masullas e Siris', 'ref': 'OREE81903T'}",1473910138,way
39.6864482,8.8301962,"{'amenity': 'school', 'isced:level': '1', 'name': 'Scuola Primaria di Gonnostramatza', 'ref': 'OREE81902R'}",1473963251,way
39.7548254,8.9066739,"{'amenity': 'post_office', 'brand': 'Poste Italiane', 'brand:wikidata': 'Q495026', 'building': 'yes', 'operator': 'Poste Italiane', 'operator:wikidata': 'Q495026'}",1474491306,way
39.7516815,8.6370204,"{'amenity': 'school', 'isced:level': '2', 'name': 'Scuola Secondaria di Primo Grado Marrubiu', 'ref': 'ORMM810018'}",1474766221,way
39.7519675,8.6369453,"{'amenity': 'school', 'isced:level': '1', 'name': 'Scuola Primaria Marrubiu', 'ref': 'OREE810019'}",1474766222,way
39.4606184,8.7457415,"{'amenity': 'school', 'name': ""Scuola dell'Infanzia e Scuola Primaria Via Farina"", 'ref': 'CAAA895014;CAEE895019'}",1476264846,way
39.4584379,8.7377955,"{'amenity': 'school', 'isced:level': '1', 'name': 'Scuola Primaria Via Cavour', 'ref': 'CAEE89502A'}",1476264849,way
39.4599844,8.7407864,"{'amenity': 'school', 'isced:level': '2', 'name': 'Scuola Secondaria di primo grado Antioco Loru', 'ref': 'CAMM895018'}",1476264852,way
39.4516992,8.7404347,"{'amenity': 'school', 'isced:level': '1', 'name': 'Scuola Primaria Via Tirso', 'ref': 'CAEE89503B'}",1476264853,way
39.5257435,8.6053537,"{'amenity': 'school', 'isced:level': '3', 'name': 'Istituto Professionale Industria e Artigianato Alessandro Volta', 'ref': 'CARI00902X'}",1477832275,way
39.5388617,8.630806,"{'amenity': 'school', 'isced:level': '1', 'name': 'Scuola Primaria Grazia Deledda', 'ref': 'CAEE884053'}",1478514429,way
39.5921059,8.7191758,"{'amenity': 'school', 'isced:level': '1', 'name': 'Scuola Primaria e Secondaria di Primo Grado di Pabillonis', 'ref': 'CAEE80804C;CAMM80804B'}",1478539819,way
39.9311198,8.5289597,"{'amenity': 'school', 'isced:level': '1', 'name': 'Scuola Primaria Cabras', 'ref': 'OREE81401L'}",1478645352,way
39.6319968,8.8720649,"{'amenity': 'school', 'isced:level': '2', 'name': 'Scuola Secondaria di primo grado Villanovaforru', 'ref': 'CAMM84806X'}",1478856405,way
39.6499565,8.8952322,"{'amenity': 'school', 'isced:level': '2', 'name': 'Scuola Secondari di Primo Grado di Lunamatrona', 'ref': 'CAMM84804T'}",1478980511,way
39.6724114,8.8894972,"{'amenity': 'school', 'isced:level': '1', 'name': 'Scuola Primaria di Siddi', 'ref': 'CAEE848094'}",1479808333,way
39.9067986,8.6005975,"{'amenity': 'school', 'isced:level': '2', 'name': 'Scuola Secondaria di Primo Grado Grazia Deledda'}",1482143892,way
39.9015878,8.5914096,"{'alt_name': 'Scuola Media n. 1', 'amenity': 'school', 'isced:level': '2', 'name': ""Scuola Secondaria di Primo Grado Eleonora d'Arborea"", 'ref': 'ORMM82001V'}",1482143894,way
39.90187,8.5860093,"{'amenity': 'school', 'isced:level': '2', 'name': 'Scuola Secondaria di Primo Grado Leonardo Alagon', 'ref': 'ORMM82701N'}",1482143895,way
39.9019071,8.5882302,"{'addr:city': 'Oristano', 'addr:housenumber': '4', 'addr:postcode': '09170', 'addr:street': 'Piazza Aldo Moro', 'amenity': 'school', 'grades': '1-5', 'isced:level': '3', 'name': 'Liceo Classico Salvator Angelo De Castro', 'ref': 'ORPC01101E', 'website': 'http://www.liceodecastro.gov.it/', 'wikidata': 'Q52793746'}",1482143896,way
39.9018718,8.5873725,"{'amenity': 'school', 'isced:level': '3', 'name': 'Istituto Tecnico Nautico', 'ref': 'ORTH00601Q'}",1482143897,way
39.9040291,8.5982057,"{'amenity': 'school', 'education': 'school'}",1482143900,way
39.5626202,8.9033811,"{'amenity': 'school', 'name': 'Istituto Paritario San Giuseppe Calasanzio', 'ref': 'CA1M4N500E;CA1EUL5004'}",1482310576,way
39.570785,8.9067808,"{'amenity': 'school', 'isced:level': '3', 'name': 'Istituto Istruzione Superiore Padre Colli Vignarelli', 'ref': 'CATD021014'}",1482310578,way
39.5593473,8.9032531,"{'amenity': 'school', 'isced:level': '1', 'name': 'Scuola Primaria Sanluri', 'ref': 'CAEE839011'}",1482310580,way
39.8839611,8.7748994,"{'amenity': 'school', 'isced:level': '2', 'name': 'Scuola Secondaria di Primo Grado Villaurbana-Siamanna', 'ref': 'ORMM82303C'}",1484036661,way
39.9943756,8.543301,"{'addr:city': 'Riola Sardo', 'addr:housenumber': '60', 'addr:postcode': '09070', 'addr:street': 'Via Roma', 'amenity': 'school', 'isced:level': '1', 'name': 'Scuola Primaria Riola', 'ref': 'OREE81403P'}",1484112282,way
39.2257867,9.2504231,"{'amenity': 'school', 'isced:level': '2', 'name': 'Scuola Secondaria di Primo Grado Rosas', 'ref': 'CAMM89801Q'}",1486252475,way
39.2348737,9.1876911,"{'amenity': 'school', 'isced:level': '1', 'name': 'Scuola Primaria Via Giovanni Battista Vico', 'ref': 'CAEE89901L'}",1486252640,way
39.2359179,9.1981794,"{'amenity': 'school', 'isced:level': '1', 'name': 'Scuola Primaria Via San Benedetto', 'ref': 'CAEE8AA026'}",1486252641,way
39.7466804,9.107022,"{'amenity': 'school', 'isced:level': '2', 'name': 'Scuola Secondaria di primo grado Isili', 'ref': 'CAMM8AB01X'}",1486282950,way
39.5987297,9.1862252,"{'amenity': 'school', 'isced:level': '1', 'name': 'Scuola Primaria Siurgus Donigala', 'ref': 'CAEE8AB088'}",1487235304,way
39.5992781,9.1859048,"{'amenity': 'school', 'isced:level': '2', 'name': 'Scuola Secondaria di Primo Grado Siurgus Donigala', 'ref': 'CAMM8AB076'}",1487235305,way
39.562511,9.0448718,"{'amenity': 'school', 'isced:level': '1', 'name': 'Scuola Primaria di Guasila', 'ref': 'CAEE82801E'}",1488494912,way
39.5667002,9.0745128,"{'amenity': 'school', 'isced:level': '1', 'name': 'Scuola Primaria di Guamaggiore', 'ref': 'CAEE82802G'}",1488612536,way
39.5376457,9.1340534,"{'amenity': 'school', 'isced:level': '3', 'name': 'istituto di Istruzione Superiore Luigi Einaudi', 'ref': 'CAIS02800L'}",1488883749,way
39.5325581,9.1280183,"{'amenity': 'school', 'isced:level': '2', 'name': 'Scuola Secondaria di Primo Grado Generale Luigi Mezzacapo', 'ref': 'CAMM83001D'}",1488883761,way
39.529945,9.1328203,"{'addr:housenumber': '1', 'addr:postcode': '09040', 'addr:street': 'Piazza Italia', 'amenity': 'school', 'isced:level': '1', 'name': 'Scuola primaria Aurelia Porcu', 'ref': 'CAEE83001E', 'website': 'https://www.comprensivosenorbi.edu.it/'}",1488883762,way
39.5598083,9.1292721,"{'amenity': 'school', 'isced:level': '2', 'name': 'Scuola Secondaria di Primo Grado di Suelli', 'ref': 'CAMM83002E'}",1489039758,way
39.560034,9.129347,"{'amenity': 'school', 'isced:level': '1', 'name': 'Scuola Primaria di Suelli', 'ref': 'CAEE83002G'}",1489039759,way
39.5357592,9.0868355,"{'amenity': 'school', 'isced:level': '2', 'name': 'Scuola Secondaria di Primo Grado di Ortacesus', 'ref': 'CAMM82802E'}",1489068921,way
39.5398016,9.1979965,"{'amenity': 'school', 'isced:level': '2', 'name': 'Scuola Secondaria di Primo Grado di San Basilio', 'ref': 'CAMM83004L'}",1489096495,way
39.5394341,9.1974213,"{'amenity': 'school', 'isced:level': '1', 'name': 'Scuola Primaria di San Basilio', 'ref': 'CAEE83004N'}",1489096496,way
39.5512959,9.3600781,"{'amenity': 'school', 'isced:level': '1', 'name': 'Scuola Primaria di Ballao', 'ref': 'CAEE885138'}",1489191353,way
39.2781164,9.5284041,"{'amenity': 'school', 'isced:level': '1', 'name': 'Scuola Primaria di Castiadas', 'ref': 'CAEE833023'}",1491965284,way
39.2790958,9.526446,"{'amenity': 'school', 'isced:level': '2', 'name': 'Scuola Secondaria di Primo Grado di Castiadas', 'ref': 'CAMM833022'}",1491965286,way
39.4390331,9.0166327,"{'addr:city': 'Nuraminis', 'addr:housenumber': '36', 'addr:postcode': '09024', 'addr:street': 'Via Nazionale', 'amenity': 'school', 'check_date': '2024-12-25', 'isced:level': '2', 'name': 'Scuola Secondaria di Primo Grado Efisio Giuseppe Soto Real', 'phone': '+39 070 912530', 'ref': 'CAMM840025'}",1492304609,way
39.4394784,9.0160586,"{'addr:city': 'Nuraminis', 'addr:housenumber': '2', 'addr:postcode': '09024', 'addr:street': 'Via Giuseppe Garibaldi', 'amenity': 'school', 'check_date': '2024-12-25', 'isced:level': '1', 'name': 'Scuola Primaria di Nuraminis', 'ref': 'CAEE840037'}",1492304610,way
39.4836062,9.0389847,"{'amenity': 'school', 'fee': 'no', 'isced:level': '2', 'name': 'Scuola Secondaria di Primo Grado di Samatzai', 'ref': 'CAMM82806P'}",1492568118,way
39.4853824,9.0346858,"{'amenity': 'school', 'isced:level': '1', 'name': 'Scuola Primaria di Samatzai', 'ref': 'CAEE82806Q'}",1492568119,way
39.4747412,9.1000176,"{'amenity': 'school', 'fee': 'no', 'isced:level': '1', 'name': 'Scuola Primaria di Barrali', 'ref': 'CAEE87804P'}",1492832271,way
39.4304583,9.1293389,"{'amenity': 'school', 'fee': 'no', 'isced:level': '1', 'name': 'Scuola Primaria di Donori', 'ref': 'CAEE87804P'}",1493031721,way
39.4307052,9.1305673,"{'amenity': 'school', 'fee': 'no', 'isced:level': '2', 'name': 'Scuola Secondaria di Primo Grado di Donori', 'ref': 'CAMM87804N'}",1493031730,way
39.3078624,9.2062057,"{'amenity': 'school', 'fee': 'no', 'isced:level': '1', 'name': ""Scuola Primaria Sant'Isidoro"", 'ref': 'CAEE890027'}",1493485150,way
39.375252,9.1602334,"{'addr:city': 'Serdiana', 'addr:postcode': '09040', 'addr:street': ""Via Eleonora d'Arborea"", 'amenity': 'school', 'fee': 'no', 'isced:level': '2', 'name': 'Scuola Secondaria di Primo Grado Zuddas', 'ref': 'CAMM87802G'}",1493671794,way
39.3751463,9.162262,"{'amenity': 'school', 'fee': 'no', 'isced:level': '1', 'name': 'Scuola Primaria di Serdiana', 'ref': 'CAEE87802L'}",1493671795,way
39.28872,9.1890838,"{'amenity': 'school', 'fee': 'no', 'isced:level': '1', 'name': 'Scuola Primaria Via San Salvatore', 'ref': 'CAEE84701X'}",1495177578,way
39.2840651,9.230893,"{'amenity': 'school', 'isced:level': '3', 'name': ""Istituto Professionale per l'Agricoltura e l'Ambiente Duca degli Abruzzi"", 'ref': 'CARA01401P'}",1495838713,way
39.2836528,9.2313186,"{'amenity': 'school', 'fee': 'no', 'isced:level': '2', 'name': 'Scuola Secondaria di Primo Grado di Maracalagonis', 'ref': 'CAMM80701C'}",1495838714,way
39.2888169,9.2323482,"{'amenity': 'school', 'fee': 'no', 'isced:level': '1', 'name': 'Scuola Primaria di Farris', 'ref': 'CAEE80701D'}",1495838718,way
39.2809021,9.2283077,"{'amenity': 'school', 'fee': 'no', 'isced:level': '1', 'name': 'Scuola Primaria Alessandro Manzoni', 'ref': 'CAEE80702E'}",1495838719,way
39.2890142,8.9573363,"{'amenity': 'school', 'fee': 'no', 'isced:level': '1', 'name': 'Scuola Primaria Giusppe Garibaldi', 'ref': 'CAEE874018'}",1496207794,way
39.3137846,8.9233977,"{'amenity': 'school', 'fee': 'no', 'isced:level': '1', 'name': 'Scuola Primaria di Villaspeciosa', 'ref': 'CAEE84202T'}",1496485240,way
39.3134288,8.9233144,"{'amenity': 'school', 'fee': 'no', 'isced:level': '2', 'name': 'Scuola Secondaria di Primo Grado di Villaspeciosa', 'ref': 'CAMM84202R'}",1496485241,way
39.3358042,8.9203246,"{'amenity': 'school', 'fee': 'no', 'isced:level': '1', 'name': 'Scuola Primaria Maria Stazzu', 'ref': 'CAEE84201R'}",1496542061,way
39.3341754,8.9120422,"{'amenity': 'school', 'fee': 'no', 'isced:level': '2', 'name': 'Scuola Secondaria di Primo Grado Antonio Gramsci', 'ref': 'CAMM84201Q'}",1496542087,way
39.3648681,8.8008495,"{'amenity': 'school', 'fee': 'no', 'isced:level': '2', 'name': 'Scuola Secondaria di Primo Grado Vallermosa', 'ref': 'CAMM84204V'}",1496650470,way
39.3643677,8.8004031,"{'amenity': 'school', 'fee': 'no', 'isced:level': '1', 'name': 'Scuola Primaria Vallermosa', 'ref': 'CAEE84204X'}",1496650471,way
39.061935,9.0040879,"{'amenity': 'school', 'fee': 'no', 'isced:level': '1', 'name': 'Scuola Primaria Sarroch', 'ref': 'CAEE846014'}",1497097801,way
39.0351278,8.9946844,"{'amenity': 'school', 'education': 'school', 'fee': 'no', 'isced:level': '2', 'name': 'Scuola secondaria di primo grado', 'ref': 'CAMM846024'}",1497390010,way
38.9675886,8.7740938,"{'amenity': 'school', 'fee': 'no', 'isced:level': '1', 'name': 'Scuola Primaria Teulada', 'ref': 'CAEE82101Q'}",1498005236,way
39.0733138,8.6364153,"{'amenity': 'school', 'fee': 'no', 'isced:level': '1', 'name': 'Scuola Primaria di Giba', 'ref': 'CAEE82405B'}",1498980353,way
39.0671951,8.6352298,"{'amenity': 'school', 'fee': 'no', 'isced:level': '2', 'name': 'Scuola Secondaria di Primo Grado San Domenico Savio', 'ref': 'CAMM824038'}",1498980355,way
39.1020965,8.5790111,"{'amenity': 'school', 'fee': 'no', 'isced:level': '1', 'name': 'Scuola Primaria Tratalias', 'ref': 'CAEE82404A'}",1499050543,way
39.1106198,8.5193046,"{'amenity': 'school', 'fee': 'no', 'isced:level': '2', 'name': 'Scuola Secondaria di Primo Grado Guglielmo Marconi', 'ref': 'CAMM824016'}",1499909397,way
39.2666984,8.4718896,"{'amenity': 'school', 'fee': 'no', 'isced:level': '1', 'name': 'Scuola Primaria di Gonnesa', 'ref': 'CAEE818032'}",1502137295,way
39.3166392,8.6539439,"{'amenity': 'school', 'fee': 'no', 'isced:level': '2', 'name': 'Scuola Secondaria di Primo Grado Fernando Meloni', 'ref': 'CAMM875013'}",1504077807,way
39.3047185,8.6649356,"{'amenity': 'school', 'fee': 'no', 'isced:level': '2', 'name': 'Scuola Secondaria di Primo Grado Musei', 'ref': 'CAMM875024'}",1507436060,way
39.3024727,8.6659582,"{'amenity': 'school', 'fee': 'no', 'isced:level': '1', 'name': 'Scuola Primaria Musei', 'ref': 'CAEE875036'}",1507436061,way
39.2713656,8.6437297,"{'amenity': 'school', 'fee': 'no', 'isced:level': '2', 'name': 'Scuola Secondaria di Primo Grado Leonardo da Vinci', 'ref': 'CAMM875035'}",1507671416,way
39.2722391,8.643873,"{'amenity': 'school', 'fee': 'no', 'isced:level': '1', 'name': 'Scuola Primaria Villamassargia', 'ref': 'CAEE875047'}",1507671418,way
39.0975158,8.7080833,"{'addr:housenumber': '67', 'addr:street': 'Via Cagliari', 'amenity': 'school', 'isced:level': '3', 'name': 'IIS Beccaria sede di Santadi', 'phone': '+390781955073', 'ref': 'CARA011017'}",1508173137,way
39.1121416,8.6734857,"{'amenity': 'school', 'fee': 'no', 'isced:level': '1', 'name': 'Scuola Primaria Villaperuccio', 'ref': 'CAEE825035'}",1510549223,way
39.9947787,8.807631,"{'amenity': 'school', 'fee': 'no', 'isced:level': '1', 'name': 'Scuola Primaria di Fordongianus', 'ref': 'OREE80306B'}",1511003040,way
40.2668799,8.778068,"{'amenity': 'school', 'fee': 'no', 'isced:level': '2', 'name': 'Scuola Secondaria di Primo Grado Giannino Caria', 'ref': 'NUMM872025'}",1511190613,way
40.2649773,8.7693838,"{'amenity': 'school', 'fee': 'no', 'isced:level': '1', 'name': ""Scuola Primaria Padru 'e Lampadas"", 'ref': 'NUEE86703Q'}",1511190614,way
40.2667035,8.7799956,"{'amenity': 'school', 'fee': 'no', 'isced:level': '1', 'name': 'Scuola Primaria Via Roma', 'ref': 'NUEE872048'}",1511190615,way
40.2577428,8.7703681,"{'amenity': 'school', 'fee': 'no', 'isced:level': '1', 'name': 'Scuola Primaria Santa Maria', 'ref': 'NUEE872015'}",1511190616,way
40.2661316,8.7737042,"{'amenity': 'school', 'isced:level': '3', 'name': 'Instituto Tecnico Sebastiano Satta', 'ref': 'NUIS01900A'}",1511190621,way
40.3237113,9.314805,"{'amenity': 'school', 'fee': 'no', 'isced:level': '2', 'name': 'Scuola Secondaria di Primo Grado Biscollai'}",1511563461,way
40.3248208,9.3122515,"{'amenity': 'school', 'fee': 'no', 'isced:level': '1', 'name': 'Scuola Primaria Biscollai', 'ref': 'NUEE87503P'}",1511563462,way
40.3197575,9.3346755,"{'amenity': 'school', 'fee': 'no', 'isced:level': '1', 'name': 'Scuola Primaria Ferdinando Podda', 'ref': 'NUEE873011'}",1511563471,way
40.3224705,9.3256755,"{'amenity': 'school', 'fee': 'no', 'isced:level': '1', 'name': 'Scuola Primaria Antonio Mereu', 'ref': 'NUEE87402T'}",1511563476,way
39.2484663,9.1742181,"{'amenity': 'school', 'fee': 'no', 'isced:level': '1', 'name': 'Scuola Primaria Via Guspini', 'ref': 'CAEE87301C'}",1514001806,way
39.2519707,9.1623343,"{'amenity': 'school', 'isced:level': '3', 'name': 'Succursale Istituto tecnico per geometri Dionigi Scano-Ottone Bacaredda', 'ref': 'CATL031026'}",1515201865,way
39.2296027,9.127542,"{'amenity': 'school', 'isced:level': '3', 'name': 'Succursale Liceo Scientifico Michelangelo Buonarroti', 'ref': 'CAPS04000L'}",1515201866,way
39.2171423,9.1165162,"{'amenity': 'school', 'fee': 'no', 'isced:level': '1', 'name': 'Scuola Primaria Santa Caterina', 'ref': 'CAEE89301N'}",1515375441,way
39.2372818,9.1327149,"{'amenity': 'school', 'fee': 'no', 'isced:level': '1', 'name': 'Scuola Primaria Via Gioia', 'ref': 'CAEE8AN02D'}",1515375445,way
39.2391139,9.1056331,"{'amenity': 'school', 'fee': 'no', 'isced:level': '2', 'name': 'Scuola Secondaria di Primo Grado Francesco Ciusa'}",1515375449,way
39.2131009,9.1269415,"{'amenity': 'school', 'fee': 'no', 'isced:level': '2', 'name': 'Scuola Secondaria di Primo Grado Vittorio Alfieri', 'ref': 'CAMM8AG013'}",1515375451,way
39.2299322,9.1325171,"{'amenity': 'school', 'fee': 'no', 'isced:level': '1', 'name': 'Scuola Secondaria di Primo Grado Ugo Foscolo', 'ref': 'CAMM8AM01G'}",1515375453,way
39.2494037,9.1410884,"{'amenity': 'school', 'isced:level': '3', 'name': 'Succursale Liceo Artistico e Musicale Foiso Fois', 'ref': 'CASL01000N'}",1515375454,way
39.2221918,9.1050691,"{'amenity': 'school', 'isced:level': '1', 'name': 'Scuola Primaria Up School', 'ref': 'CA1EN7500O'}",1515435539,way
39.2186197,9.1261775,"{'amenity': 'school', 'fee': 'yes', 'isced:level': '1', 'name': 'Scuola Primaria Laetitia', 'ref': 'CA1E00900B'}",1515435540,way
39.2561325,9.1679339,"{'amenity': 'school', 'fee': 'no', 'isced:level': '1', 'name': 'Scuola Primaria Via Roma', 'ref': 'CAEE8AE01C'}",1517085984,way
39.2535747,9.106037,"{'amenity': 'school', 'fee': 'no', 'isced:level': '2', 'name': 'Scuola Secondaria di Primo Grado Su Planu', 'ref': 'CAMM862011'}",1517085987,way
39.2589099,9.1526083,"{'amenity': 'school', 'fee': 'no', 'isced:level': '1', 'name': 'Scuola Primaria Paluna San Lussorio', 'ref': 'CAEE8AF03A'}",1517085992,way
39.2538027,9.1449545,"{'amenity': 'school', 'fee': 'yes', 'isced:level': '1', 'name': 'Scuola Primaria Paritaria Casa del Fanciullo', 'ref': 'CA1E01700A'}",1518707797,way
39.2579058,9.139226,"{'amenity': 'school', 'fee': 'yes', 'isced:level': '1', 'name': 'Scuola Primaria Monumento ai Caduti', 'ref': 'CA1E013003'}",1518707798,way
39.2563555,9.1302027,"{'amenity': 'school', 'fee': 'no', 'isced:level': '1', 'name': ""Scuola Primaria Via Capo d'Ordo"", 'ref': 'CAEE87902C'}",1518707800,way
39.2547658,9.1470125,"{'amenity': 'school', 'fee': 'no', 'isced:level': '2', 'name': 'Scuola Secondaria di Primo Grado di VIa Monte Linas'}",1518707803,way
39.2623636,9.1348651,"{'amenity': 'school', 'fee': 'no', 'isced:level': '2', 'name': 'Scuola Secondaria di Primo Grado di Via Argentina', 'ref': 'CAMM87901A'}",1518707804,way
40.7216951,8.5810878,"{'amenity': 'school', 'fee': 'no', 'isced:level': '1', 'name': 'Scuola Primaria Via Togliatti', 'ref': 'SSEE856013'}",1519190074,way
40.7232101,8.5566197,"{'amenity': 'school', 'fee': 'yes', 'isced:level': '1', 'name': 'Scuola Primaria Istituto delle Figlie di Maria', 'ref': 'SS1E01300B'}",1519671329,way
40.7755307,8.5082271,"{'amenity': 'school', 'fee': 'no', 'isced:level': '1', 'name': 'Scuola Primaria Villa Gorizia', 'ref': 'SSEE851021'}",1519671333,way
40.7662451,8.5039584,"{'amenity': 'school', 'fee': 'no', 'isced:level': '2', 'name': 'Scuola Secondaria di Primo Grado'}",1519671334,way
40.7360989,8.5679942,"{'amenity': 'school', 'fee': 'no', 'isced:level': '1', 'name': 'Scuola Primaria Via Manzoni', 'ref': 'SSEE84901X'}",1519671343,way
40.7352555,8.5587559,"{'amenity': 'school', 'fee': 'no', 'isced:level': '2', 'name': 'Scuola Secondaria di Primo Grado Enrico Costa-Grazia Deledda', 'ref': 'SSMM84901V'}",1519671344,way
40.7444339,8.5572647,"{'amenity': 'school', 'fee': 'no', 'isced:level': '1', 'name': 'Scuola Primaria Via Bottego', 'ref': 'SSEE83805N'}",1519671346,way
40.7505584,8.5309911,"{'amenity': 'school', 'fee': 'no', 'isced:level': '1', 'name': ""Scuola Primaria Sant'Orsola"", 'ref': 'SSEE83804L'}",1519671347,way
40.7603226,8.3458154,"{'amenity': 'school', 'fee': 'no', 'isced:level': '1', 'name': 'Scuola Primaria Campanedda', 'ref': 'SSEE83802E'}",1519671348,way
40.7510984,8.5447133,"{'amenity': 'school', 'fee': 'no', 'isced:level': '1', 'name': 'Scuola Primaria Rosilde Bertolotti', 'ref': 'SSEE83806P'}",1519671349,way
40.7295867,8.5686706,"{'amenity': 'school', 'fee': 'no', 'isced:level': '1', 'name': 'Scuola Primaria Via Savoia', 'ref': 'SSEE85701V'}",1519671352,way
40.7365281,8.4669173,"{'amenity': 'school', 'fee': 'no', 'isced:level': '1', 'name': 'Scuola Primaria Bancali', 'ref': 'SSEE85203T'}",1519671355,way
40.7384406,8.564025,"{'amenity': 'school', 'fee': 'no', 'isced:level': '1', 'name': 'Scuola Primaria Antonio Castellaccio', 'ref': 'SSEE852061'}",1519671356,way
40.7171873,8.5233882,"{'amenity': 'school', 'fee': 'no', 'isced:level': '1', 'name': 'Scuola Primaria Caniga', 'ref': 'SSEE85204V'}",1519671357,way
40.937799,9.4932504,"{'amenity': 'school', 'fee': 'no', 'isced:level': '1', 'name': 'Scuola Primaria Quarto Circolo', 'ref': 'SSEE05201R'}",1520532479,way
40.9206445,9.4937277,"{'amenity': 'school', 'isced:level': '3', 'name': 'Liceo Scientifico Lorenzo Mossa', 'ref': 'SSPS05000G'}",1520711169,way
40.9095274,9.5169026,"{'amenity': 'school', 'fee': 'no', 'isced:level': '1', 'name': 'Scuola Primaria Poltu Cuadu', 'ref': 'SSEE025187'}",1520711170,way
40.9042123,9.5017704,"{'amenity': 'school', 'isced:level': '3', 'name': 'Istituto Professionale per L’agricoltura e l’Ambiente Amsicora', 'ref': 'SSRA01101G'}",1520711172,way
40.9185189,9.4874238,"{'addr:housenumber': '40', 'addr:postcode': '07026', 'addr:street': 'Via Emilia', 'amenity': 'school', 'check_date': '2026-03-23', 'check_date:opening_hours': '2026-03-23', 'education': 'school', 'isced:level': '3', 'name': 'IIS Amsicora - sede IPIA di Olbia', 'opening_hours': 'Mo-We, Fr 08:00-14:00; Th 08:00-17:00', 'phone': '+39 0789 26515', 'ref': 'SSIS01100G', 'website': 'https://www.istitutoamsicora.edu.it/'}",1520711173,way
40.9314583,9.4974205,"{'amenity': 'school', 'fee': 'no', 'name': ""Scuola dell'Infanzia Statale Via Leonardo da Vinci"", 'ref': 'SSAA02505B'}",1520711174,way
40.9219338,9.4972744,"{'amenity': 'school', 'isced:level': '3', 'name': 'Istituto Tecnico Commerciale Dionigi Panedda', 'ref': 'SSTD09000T', 'website': 'https://www.panedda.it', 'wheelchair': 'yes'}",1520711177,way
40.9080475,9.4941571,"{'amenity': 'school', 'fee': 'no', 'isced:level': '1', 'name': 'Scuola Primaria Bandinu', 'ref': 'SSEE82901P'}",1520711227,way
40.5551097,8.3284219,"{'amenity': 'school', 'fee': 'no', 'isced:level': '2', 'name': 'Scuola Secondaria di Primo Grado Istituto Comprensivo Alghero 3', 'ref': 'SSMM84501G'}",1522729243,way
40.552853,8.3225214,"{'addr:city': 'Alghero', 'addr:postcode': '07041', 'addr:street': 'Via Enrico Mattei', 'amenity': 'school', 'fee': 'no', 'isced:level': '1', 'name': 'Scuola Primaria Argillera', 'ref': 'SSEE84503P', 'website': 'https://www.istitutocomprensivo3alghero.edu.it/'}",1522729244,way
40.5589063,8.3255183,"{'amenity': 'school', 'fee': 'no', 'isced:level': '1', 'name': ""Scuola Primaria Sant'Agostino"", 'ref': 'SSEE84502N'}",1522729245,way
40.5534921,8.328037,"{'amenity': 'school', 'fee': 'no', 'isced:level': '1', 'name': 'Scuola Primaria La Cunetta', 'ref': 'SSEE84501L'}",1522729248,way
40.5779975,8.3187515,"{'amenity': 'school', 'fee': 'no', 'isced:level': '1', 'name': 'Scuola Primaria La Pedrera', 'ref': 'SSEE84602D'}",1522899037,way
40.5720471,8.3182673,"{'amenity': 'school', 'fee': 'no', 'isced:level': '1', 'name': 'Scuola Primaria San Giovanni Lido', 'ref': 'SSEE84404X'}",1522899038,way
40.5624177,8.3193598,"{'amenity': 'school', 'fee': 'no', 'isced:level': '1', 'name': 'Scuola Primaria Asfodelo', 'ref': 'SSEE84402T'}",1522899051,way
40.5930962,8.2830091,"{'amenity': 'school', 'fee': 'no', 'isced:level': '2', 'name': 'Scuola Secondaria di Primo Grado Fertilia', 'ref': 'SSEE84403V'}",1522899054,way
40.5932217,8.2834572,"{'amenity': 'school', 'fee': 'no', 'isced:level': '1', 'name': 'Scuola Primaria di Fertilia', 'ref': 'SSEE84403V'}",1522899055,way
39.2419233,8.4668119,"{'amenity': 'school', 'fee': 'no', 'isced:level': '1', 'name': 'Scuola Primaria Bacu Abis', 'ref': 'CAEE876043'}",1524896896,way
39.1582253,8.5350987,"{'amenity': 'school', 'fee': 'no', 'isced:level': '1', 'name': 'Scuola primaria Serbariu', 'operator': 'public', 'ref': 'CAEE87102T'}",1524896899,way
39.1681233,8.525584,"{'amenity': 'post_office', 'brand': 'Poste Italiane', 'brand:wikidata': 'Q495026', 'building': 'yes', 'name': 'Ufficio Postale Centrale Carbonia', 'opening_hours': 'Mo-Fr 08:20-19:05; Sa 08:20-12:35;PH off', 'operator': 'Poste Italiane', 'operator:wikidata': 'Q495026', 'ref': '13288', 'wheelchair': 'yes'}",1524896900,way
39.3087808,8.5523456,"{'amenity': 'school', 'isced:level': '3', 'name': 'Liceo artistico Giorgio Asproni', 'ref': 'CASL013016'}",1525092880,way
39.3041348,8.5472184,"{'amenity': 'school', 'fee': 'no', 'isced:level': '2', 'name': 'Scuola Secondaria di Primo Grado Costantino Nivola', 'ref': 'CAMM887019'}",1525092882,way
39.3119039,8.5437401,"{'amenity': 'school', 'fee': 'no', 'isced:level': '1', 'name': 'Scuola Primaria Villaggio Operaio', 'ref': 'CAEE889056'}",1525092883,way
39.3107435,8.5324659,"{'amenity': 'school', 'fee': 'no', 'isced:level': '2', 'name': 'Scuola Secondaria di Primo Grado Pietro Allori', 'ref': 'CAMM889011'}",1525092887,way
39.3102732,8.5266392,"{'amenity': 'school', 'fee': 'no', 'isced:level': '1', 'name': 'Scuola Primaria Grazia Deledda', 'ref': 'CAEE889012'}",1525092888,way
39.31161,8.4370329,"{'amenity': 'school', 'fee': 'no', 'isced:level': '1', 'name': 'Scuola Primaria Nebida', 'ref': 'CAEE889045'}",1525092889,way
39.3116775,8.5326771,"{'amenity': 'school', 'fee': 'no', 'isced:level': '1', 'name': 'Scuola Primaria Centro', 'ref': 'CAEE889034'}",1525092890,way
39.2841762,8.999007,"{'amenity': 'school', 'fee': 'no', 'isced:level': '1', 'name': 'Scuola Primaria Efisio Carboni', 'ref': 'CAEE8AJ015'}",1525182958,way
39.2961705,8.9993924,"{'amenity': 'school', 'fee': 'no', 'isced:level': '1', 'name': 'Scuola Primaria Antonio Gramsci', 'ref': 'CAEE8AH01X'}",1525182959,way
39.95467,8.9448104,"{'amenity': 'school', 'fee': 'no', 'isced:level': '2', 'name': 'Scuola Secondaria di Primo Grado Samugheo', 'ref': 'ORMM803015'}",1525479366,way
39.9493133,8.9401567,"{'amenity': 'school', 'fee': 'no', 'isced:level': '1', 'name': 'Scuola Primaria Samugheo-Allai', 'ref': 'OREE803016'}",1525479368,way
40.028588,9.1071125,"{'amenity': 'school', 'isced:level': '3', 'name': 'Liceo Scientifico Fratelli Costa Azara', 'ref': 'NUPS012012'}",1525519832,way
39.926569,8.6928135,"{'amenity': 'school', 'fee': 'no', 'isced:level': '2', 'name': 'Scuola Secondaria di Primo Grado Simaxis', 'ref': 'ORMM82301A'}",1526436219,way
39.9271434,8.6926367,"{'amenity': 'school', 'fee': 'no', 'isced:level': '1', 'name': 'Scuola Primaria Simaxis', 'ref': 'OREE82301B'}",1526436220,way
39.9276038,9.6512339,"{'amenity': 'school', 'isced:level': '3', 'name': 'Liceo Classico e Scientifico Tortolì', 'ref': 'NUPC00701B;NUPS00701E'}",1526687494,way
40.5922458,8.5675012,"{'amenity': 'school', 'fee': 'no', 'isced:level': '2', 'name': 'Scuola Secondaria di Primo Grado Ittiri', 'ref': 'SSMM83601R'}",1526745955,way
40.5871837,8.5714526,"{'amenity': 'school', 'fee': 'no', 'isced:level': '1', 'name': 'Scuola Primaria Via Turati', 'ref': 'SSEE83603X'}",1526745956,way
40.5937622,9.7247692,"{'amenity': 'school', 'isced:level': '3', 'name': ""Istituto Professionale per l'Agricoltura e l'Ambiente Siniscola"", 'ref': 'NURA01801E', 'website': 'https://www.ispira.edu.it'}",1527223354,way
40.6315395,9.7198682,"{'amenity': 'school', 'fee': 'no', 'isced:level': '2', 'name': 'Scuola Secondaria di Primo Grado di Posada', 'ref': 'NUMM84104G'}",1527427839,way
40.6331648,9.7144272,"{'amenity': 'school', 'fee': 'no', 'isced:level': '1', 'name': 'Scuola Primaria di Posada', 'ref': 'NUEE84104L'}",1527427840,way
39.2973388,9.0874476,"{'amenity': 'school', 'fee': 'no', 'isced:level': '1', 'name': 'Scuola Primaria Anna Frank', 'ref': 'CAEE033057'}",1527499513,way
39.3029265,9.0902637,"{'amenity': 'school', 'fee': 'no', 'isced:level': '1', 'name': 'Scuola Primaria San Giovanni Bosco', 'ref': 'CAEE033013'}",1527499515,way
39.0646629,8.4564286,"{'amenity': 'school', 'fee': 'no', 'isced:level': '1', 'name': 'Scuola Primaria Via Ventiquattro Maggio', 'ref': 'CAEE87705X'}",1527542461,way
39.1472085,8.3047952,"{'amenity': 'school', 'fee': 'no', 'isced:level': '2', 'name': 'Scuola Secondaria di Primo Grado Vittorio Porcile', 'ref': 'CAMM82001V'}",1527614443,way
39.1479286,8.3059334,"{'amenity': 'school', 'fee': 'no', 'isced:level': '1', 'name': 'Scuola Primaria di Carloforte', 'ref': 'CAEE82001X'}",1527614444,way
39.1421756,8.3073091,"{'amenity': 'school', 'isced:level': '3', 'name': 'Istituto di Istruzione Superiore Carloforte', 'ref': 'CAIS012003'}",1527614445,way
39.2044565,8.3881132,"{'amenity': 'school', 'fee': 'no', 'isced:level': '2', 'name': 'Scuola Secondaria di Primo Grado Vittorio Angius', 'ref': 'CAMM81801V'}",1527869385,way
39.1508391,8.9805602,"{'amenity': 'school', 'fee': 'no', 'isced:level': '1', 'name': 'Scuola Primaria Poggio dei Pini', 'ref': 'CAEE8AK022'}",1528579034,way
39.0054886,9.0067224,"{'amenity': 'school', 'isced:level': '3', 'name': 'Istituto Professionale per i Servizi Alberghieri e per la Ristorazione Domenico Alberto Azuni', 'ref': '13110'}",1528947393,way
39.310332,8.9707292,"{'amenity': 'school', 'fee': 'no', 'isced:level': '2', 'name': 'Scuola Secondaria di Primo Grado Leonardo da Vinci', 'ref': 'CAMM84301G'}",1529017393,way
39.9264804,8.7614103,"{'amenity': 'school', 'fee': 'no', 'isced:level': '1', 'name': 'Scuola Primaria di Siapiccia', 'ref': 'OREE82307N'}",1529310135,way
40.0456785,8.5741056,"{'amenity': 'school', 'fee': 'no', 'isced:level': '2', 'name': 'Scuola Secondaria di Primo Grado di Narbolia', 'ref': 'ORMM812021'}",1530614417,way
39.8763385,8.6462557,"{'amenity': 'school', 'fee': 'no', 'isced:level': '1', 'name': 'Scuola Primaria Palmas Arborea', 'ref': 'OREE820032'}",1530979341,way
39.8777767,8.6467139,"{'amenity': 'school', 'fee': 'no', 'isced:level': '2', 'name': 'Scuola Secondaria di Primo Grado Palmas Arborea', 'ref': 'ORMM820031'}",1530979342,way
40.0346383,8.8849891,"{'amenity': 'school', 'fee': 'no', 'isced:level': '2', 'name': 'Scuola Secondaria di Primo Grado Busachi-Fordongianus-Ula Tirso', 'ref': 'ORMM803037'}",1531211058,way
40.1195109,9.254614,"{'amenity': 'school', 'fee': 'no', 'isced:level': '1', 'name': 'Scuola Primaria Grazia Deledda', 'ref': 'NUEE880014'}",1531638475,way
40.589717,9.5411873,"{'amenity': 'school', 'fee': 'no', 'isced:level': '2', 'name': 'Scuola Secondaria di Primo Grado di Lodè', 'ref': 'NUMM84103E'}",1532989315,way
40.5896864,9.5399556,"{'amenity': 'school', 'fee': 'no', 'isced:level': '1', 'name': 'Scuola Primaria di Lodè', 'ref': 'NUEE84103G'}",1532989317,way
39.915436,9.1847525,"{'amenity': 'school', 'fee': 'no', 'isced:level': '2', 'name': 'Scuola Secondaria di Primo Grado di Gadoni', 'ref': 'NUMM835026'}",1533267622,way
40.2143901,9.2835323,"{'amenity': 'school', 'fee': 'no', 'isced:level': '2', 'name': 'Ishola media/Scuola Secondaria di Primo Grado di Mamoiada', 'name:it': 'Scuola Secondaria di Primo Grado di Mamoiada', 'name:sc': 'Ishola media de Mamujada', 'ref': 'NUMM880024'}",1533992268,way
40.2151864,9.2827572,"{'amenity': 'school', 'fee': 'no', 'isced:level': '1', 'name': 'Ishola elementare/Scuola elementare', 'name:it': 'Scuola Primaria di Mamoiada', 'name:sc': 'Ishola elementare de Mamujada', 'ref': 'NUEE880025'}",1533992269,way
40.2082117,9.3504567,"{'amenity': 'school', 'fee': 'no', 'isced:level': '2', 'name': 'Scuola Secondaria di Primo Grado Sebastiano Satta', 'ref': 'NUMM82901T'}",1535190090,way
40.2034829,9.3583141,"{'addr:city': 'Orgosolo', 'addr:housenumber': '340', 'addr:postcode': '08027', 'addr:street': 'Corso Repubblica', 'alt_name': 'Scuola Primaria “A. Deffenu”', 'amenity': 'school', 'building:levels': '3', 'email': 'nuic82900r@istruzione.it', 'fax': '+39 0784 402145', 'fee': 'no', 'isced:level': '1', 'name': 'Scuola Primaria Attilio Deffenu', 'name:sc': 'Iscola Primària “Attilio Deffenu”', 'operator': 'Istituto Comprensivo di Orgosolo', 'phone': '+39 0784 402323', 'ref': 'NUEE82901V', 'website': 'https://www.istitutocomprensivoorgosolo.edu.it'}",1535190092,way
39.3603109,9.0132271,"{'amenity': 'school', 'fee': 'no', 'isced:level': '2', 'name': 'Scuola Secondaria di Primo Grado Grazia Deledda', 'ref': 'CAMM84101X'}",1535467714,way
39.6144935,8.827129,"{'amenity': 'school', 'fee': 'no', 'isced:level': '2', 'name': 'Scuola Secondaria di Primo Grado San Giovanni Bosco', 'ref': 'CAMM86302T'}",1535493473,way
39.6137688,8.8268086,"{'amenity': 'school', 'fee': 'no', 'isced:level': '1', 'name': 'Scuola Primaria di Sardara', 'ref': 'CAEE863041'}",1535493474,way
40.2291462,9.1685405,"{'amenity': 'school', 'fee': 'no', 'isced:level': '1', 'name': 'Scuola Primaria di Sarule', 'ref': 'NUEE823021'}",1537192639,way
40.228359,9.1687164,"{'amenity': 'school', 'fee': 'no', 'isced:level': '2', 'name': 'Scuola Secondaria di Primo Grado Dottor Serafino Manca', 'ref': 'NUMM82302X'}",1537192640,way
40.0663094,8.9471245,"{'addr:city': 'Neoneli', 'addr:country': 'IT', 'addr:housenumber': '2', 'addr:postcode': '09080', 'addr:street': 'Via Antonio Scanu', 'amenity': 'school', 'fee': 'no', 'isced:level': '1', 'name': 'Scuola Primaria Neoneli-Ulà TIrso-Ardauli-Nughedu', 'ref': 'OREE80305A'}",1537480419,way
40.2138556,8.5892533,"{'amenity': 'school', 'fee': 'no', 'isced:level': '1', 'name': 'Scuola Primaria di Scano Montiferro', 'ref': 'OREE82808T'}",1537677150,way
40.2851463,8.8368195,"{'amenity': 'school', 'fee': 'no', 'isced:level': '2', 'name': 'Scuola Secondaria di Primo Grado Giangavino Passino', 'ref': 'NUMM86705R'}",1539425405,way
40.2849561,8.8362742,"{'amenity': 'school', 'fee': 'no', 'isced:level': '1', 'name': 'Scuola Primaria Ignazio Salaris', 'ref': 'NUEE86707X'}",1539425406,way
40.3085093,8.919585,"{'amenity': 'school', 'fee': 'no', 'isced:level': '1', 'name': 'Scuola Primaria di Lei', 'ref': 'NUEE86705T'}",1539437756,way
40.2830477,8.5485722,"{'amenity': 'school', 'fee': 'no', 'isced:level': '1', 'name': 'Scuola Primaria di Suni', 'ref': 'OREE82803L'}",1539518991,way
40.2803072,8.5511554,"{'amenity': 'school', 'fee': 'no', 'isced:level': '2', 'name': 'Scuola Secondaria di Primo Grado di Suni', 'ref': 'ORMM82803G'}",1539518994,way
40.3832305,9.610968,"{'amenity': 'school', 'fee': 'no', 'isced:level': '2', 'name': 'Scuola Secondaria di Primo Grado di Galtellì', 'ref': 'NUMM830023'}",1540036109,way
40.2537014,8.5237768,"{'amenity': 'school', 'fee': 'no', 'isced:level': '2', 'name': 'Scuola Secondaria di Primo Grado di Tresnuraghes', 'ref': 'ORMM82806P'}",1540181406,way
40.2709164,9.4002281,"{'amenity': 'school', 'fee': 'no', 'isced:level': '1', 'name': 'Scuola Primaria Pedru Murta', 'ref': 'NUEE86802E'}",1541330144,way
39.810292,9.5020339,"{'amenity': 'school', 'fee': 'no', 'isced:level': '2', 'name': 'Scuola Secondaria di Primo Grado di Ulassai', 'ref': 'NUMM86001T'}",1544584543,way
39.811802,9.5012856,"{'amenity': 'school', 'fee': 'no', 'isced:level': '1', 'name': 'Scuola Primaria di Ulassai', 'ref': 'NUEE86002X'}",1544584551,way
39.8112049,9.3906229,"{'amenity': 'school', 'fee': 'no', 'isced:level': '1', 'name': 'Scuola Primaria di Ussassai', 'old_name': 'Scuola Secondaria di Primo Grado', 'ref': 'NUEE860086'}",1545164595,way
40.0430183,9.4950012,"{'amenity': 'school', 'fee': 'no', 'isced:level': '2', 'name': 'Scuola Secondaria di Primo Grado di Talana', 'ref': 'NUMM87003E'}",1546352219,way
39.8994394,9.531918,"{'amenity': 'school', 'fee': 'no', 'isced:level': '1', 'name': 'Scuola Primaria di Elini', 'ref': 'NUEE83202Q'}",1546527766,way
39.8843513,9.5350636,"{'amenity': 'school', 'isced:level': '3', 'name': 'Liceo Classico Cristoforo Mameli', 'ref': 'NUPC016016'}",1546878560,way
39.8408967,9.6465637,"{'amenity': 'school', 'fee': 'no', 'isced:level': '1', 'name': 'Scuola Primaria di Bari Sardo', 'note': 'Il posizionamento delle scuole è dedotto dagli allegati alla delibera di Giunta Comunale n. 19/2025 (disponibile su Amministrazione Trasparente -> Provvedimenti)', 'ref': 'NUEE86202G'}",1548043766,way
40.7337488,8.5679648,"{'amenity': 'school', 'education': 'school'}",1548841406,way
40.843057,9.4976043,"{'amenity': 'school', 'fee': 'no', 'isced:level': '1', 'name': 'Scuola Primaria di Padru', 'ref': 'SSEE82501B'}",1550098468,way
40.7336842,8.5589463,"{'amenity': 'school', 'education': 'school', 'fee': 'no', 'isced:level': '1', 'name': 'Scuola Primaria Sacro Cuore', 'ref': 'SSEE849087'}",1550366811,way
40.7886036,8.5923483,"{'amenity': 'school', 'fee': 'no', 'isced:level': '2', 'name': 'Scuola Secondaria di Primo Grado di Sennori', 'ref': 'SSMM843021'}",1551317672,way
40.2922451,9.5852461,"{'amenity': 'school', 'fee': 'no', 'isced:level': '1', 'name': 'Scuola Primaria Via Fratelli Cervi', 'ref': 'NUEE87102A'}",1551757312,way
40.9003782,8.6840955,"{'amenity': 'school', 'isced:level': '3', 'name': 'Liceo Scientifico e Linguistico Paglietti sede decentrata di Lu Bagnu', 'ref': 'SSRI004014'}",1552232359,way
