data,porto/aeroporto,nome,arrivi,partenze
11/07/2026,Aeroporto,Olbia,14279,12967
11/07/2026,Aeroporto,Cagliari,12825,11796
11/07/2026,Aeroporto,Alghero,4614,4004
10/07/2026,Aeroporto,Olbia,16723,12357
10/07/2026,Aeroporto,Cagliari,12375,10942
10/07/2026,Aeroporto,Alghero,5187,4519
09/07/2026,Porto,Porto Torres,1565,1200
09/07/2026,Porto,Olbia,8985,7117
09/07/2026,Porto,Golfo Aranci,1082,1042
09/07/2026,Porto,Cagliari,664,764
09/07/2026,Porto,Arbatax,0,116
09/07/2026,Aeroporto,Olbia,12937,10438
09/07/2026,Aeroporto,Cagliari,10485,9629
09/07/2026,Aeroporto,Alghero,4423,4207
08/07/2026,Porto,Porto Torres,2569,1265
08/07/2026,Porto,Olbia,8681,6017
08/07/2026,Porto,Golfo Aranci,1171,963
08/07/2026,Porto,Cagliari,437,255
08/07/2026,Porto,Arbatax,306,0
08/07/2026,Aeroporto,Olbia,13017,11063
08/07/2026,Aeroporto,Cagliari,10575,9422
08/07/2026,Aeroporto,Alghero,4742,3958
07/07/2026,Porto,Porto Torres,3875,2103
07/07/2026,Porto,Olbia,9344,6128
07/07/2026,Porto,Golfo Aranci,1183,791
07/07/2026,Porto,Cagliari,1072,524
07/07/2026,Porto,Arbatax,0,159
07/07/2026,Aeroporto,Olbia,13268,12219
07/07/2026,Aeroporto,Cagliari,11977,10373
07/07/2026,Aeroporto,Alghero,4154,3918
06/07/2026,Porto,Porto Vesme,0,0
06/07/2026,Porto,Porto Torres,3425,1595
06/07/2026,Porto,Olbia,11386,6684
06/07/2026,Porto,Golfo Aranci,2604,1177
06/07/2026,Porto,Cagliari,1,726
06/07/2026,Aeroporto,Olbia,12732,12705
06/07/2026,Aeroporto,Cagliari,11646,11271
06/07/2026,Aeroporto,Alghero,5018,4432
05/07/2026,Porto,Porto Torres,3728,2339
05/07/2026,Porto,Olbia,11734,9277
05/07/2026,Porto,Golfo Aranci,2429,1919
05/07/2026,Porto,Cagliari,1100,0
05/07/2026,Porto,Arbatax,362,0
05/07/2026,Aeroporto,Olbia,13475,13672
05/07/2026,Aeroporto,Cagliari,12610,11694
05/07/2026,Aeroporto,Alghero,4511,4239
04/07/2026,Porto,Porto Vesme,0,0
04/07/2026,Porto,Porto Torres,5135,3431
04/07/2026,Porto,Olbia,12658,11874
04/07/2026,Porto,Golfo Aranci,2718,1730
04/07/2026,Porto,Cagliari,848,934
04/07/2026,Porto,Arbatax,0,0
04/07/2026,Aeroporto,Olbia,16192,14829
04/07/2026,Aeroporto,Cagliari,12780,12187
04/07/2026,Aeroporto,Alghero,4728,4301
03/07/2026,Porto,Porto Torres,5124,2589
03/07/2026,Porto,Olbia,10840,8106
03/07/2026,Porto,Golfo Aranci,2645,1278
03/07/2026,Porto,Cagliari,577,487
03/07/2026,Aeroporto,Olbia,16025,12686
03/07/2026,Aeroporto,Cagliari,11852,11099
03/07/2026,Aeroporto,Alghero,5189,4450
02/07/2026,Porto,Porto Torres,1965,1209
02/07/2026,Porto,Olbia,10084,6855
02/07/2026,Porto,Golfo Aranci,1148,786
02/07/2026,Porto,Cagliari,705,655
02/07/2026,Porto,Arbatax,0,95
02/07/2026,Aeroporto,Olbia,12800,10047
02/07/2026,Aeroporto,Cagliari,10294,9411
02/07/2026,Aeroporto,Alghero,4242,3840
01/07/2026,Porto,Porto Vesme,0,0
01/07/2026,Porto,Olbia,10377,6026
01/07/2026,Porto,Golfo Aranci,1122,916
01/07/2026,Porto,Cagliari,458,290
01/07/2026,Porto,Arbatax,319,0
01/07/2026,Aeroporto,Olbia,12416,10620
01/07/2026,Aeroporto,Cagliari,10412,9476
01/07/2026,Aeroporto,Alghero,4410,3718
30/06/2026,Porto,Porto Torres,3560,2402
30/06/2026,Porto,Olbia,10432,8433
30/06/2026,Porto,Golfo Aranci,1114,827
30/06/2026,Porto,Cagliari,1021,611
30/06/2026,Porto,Arbatax,0,131
30/06/2026,Aeroporto,Olbia,55,262
30/06/2026,Aeroporto,Cagliari,11059,11275
30/06/2026,Aeroporto,Alghero,4484,4584
29/06/2026,Porto,Porto Torres,2831,1916
29/06/2026,Porto,Olbia,9890,9457
29/06/2026,Porto,Golfo Aranci,2017,1591
29/06/2026,Porto,Cagliari,3,774
29/06/2026,Aeroporto,Olbia,11094,12143
29/06/2026,Aeroporto,Cagliari,10979,11767
29/06/2026,Aeroporto,Alghero,3832,4126
28/06/2026,Porto,Porto Vesme,0,0
28/06/2026,Porto,Porto Torres,3114,3161
28/06/2026,Porto,Olbia,10526,11287
28/06/2026,Porto,Golfo Aranci,2278,1885
28/06/2026,Porto,Cagliari,1127,1
28/06/2026,Porto,Arbatax,337,0
28/06/2026,Aeroporto,Olbia,13410,15351
28/06/2026,Aeroporto,Cagliari,12058,12025
28/06/2026,Aeroporto,Alghero,4254,3546
27/06/2026,Porto,Golfo Aranci,1159,626
27/06/2026,Porto,Arbatax,0,0
27/06/2026,Aeroporto,Olbia,391,533
27/06/2026,Aeroporto,Cagliari,13384,12273
27/06/2026,Aeroporto,Alghero,4849,4560
26/06/2026,Porto,Porto Vesme,0,0
26/06/2026,Porto,Golfo Aranci,1805,1421
26/06/2026,Porto,Arbatax,0,0
26/06/2026,Aeroporto,Olbia,14823,11881
26/06/2026,Aeroporto,Cagliari,12387,11075
26/06/2026,Aeroporto,Alghero,5343,4527
25/06/2026,Porto,Porto Vesme,0,0
25/06/2026,Porto,Porto Torres,1866,1744
25/06/2026,Porto,Olbia,8798,6585
25/06/2026,Porto,Golfo Aranci,997,690
25/06/2026,Porto,Cagliari,550,554
25/06/2026,Porto,Arbatax,0,52
25/06/2026,Aeroporto,Olbia,11621,9032
25/06/2026,Aeroporto,Cagliari,10764,8979
25/06/2026,Aeroporto,Alghero,4339,3528
24/06/2026,Porto,Porto Torres,1628,1310
24/06/2026,Porto,Olbia,7700,5443
24/06/2026,Porto,Golfo Aranci,917,618
24/06/2026,Porto,Cagliari,358,299
24/06/2026,Porto,Arbatax,271,0
24/06/2026,Aeroporto,Olbia,11002,9290
24/06/2026,Aeroporto,Cagliari,10500,9516
24/06/2026,Aeroporto,Alghero,4446,3993
23/06/2026,Porto,Porto Torres,3263,1395
23/06/2026,Porto,Olbia,7468,5221
23/06/2026,Porto,Golfo Aranci,1059,678
23/06/2026,Porto,Cagliari,843,352
23/06/2026,Porto,Arbatax,0,95
23/06/2026,Aeroporto,Olbia,10713,10044
23/06/2026,Aeroporto,Cagliari,10872,10237
23/06/2026,Aeroporto,Alghero,4242,3905
22/06/2026,Porto,Porto Vesme,0,0
22/06/2026,Porto,Porto Torres,2428,1351
22/06/2026,Porto,Olbia,9434,5747
22/06/2026,Porto,Golfo Aranci,1030,683
22/06/2026,Porto,Cagliari,0,672
22/06/2026,Aeroporto,Olbia,10420,10586
22/06/2026,Aeroporto,Cagliari,10696,10949
22/06/2026,Aeroporto,Alghero,3731,3657
21/06/2026,Porto,Porto Vesme,0,0
21/06/2026,Porto,Porto Torres,2981,1440
21/06/2026,Porto,Olbia,9534,7949
21/06/2026,Porto,Golfo Aranci,2193,1389
21/06/2026,Porto,Cagliari,1038,5
21/06/2026,Porto,Arbatax,248,0
21/06/2026,Aeroporto,Olbia,11776,12477
21/06/2026,Aeroporto,Cagliari,11628,11037
21/06/2026,Aeroporto,Alghero,4227,3650
20/06/2026,Porto,Porto Torres,4863,3392
20/06/2026,Porto,Olbia,11930,9589
20/06/2026,Porto,Golfo Aranci,2413,1625
20/06/2026,Porto,Cagliari,686,640
20/06/2026,Porto,Arbatax,0,0
20/06/2026,Aeroporto,Olbia,12353,11676
20/06/2026,Aeroporto,Cagliari,11887,11091
20/06/2026,Aeroporto,Alghero,4966,4033
19/06/2026,Porto,Porto Vesme,0,0
19/06/2026,Porto,Porto Torres,2657,2028
19/06/2026,Porto,Olbia,9730,6230
19/06/2026,Porto,Golfo Aranci,978,636
19/06/2026,Porto,Cagliari,401,340
19/06/2026,Porto,Arbatax,0,0
19/06/2026,Aeroporto,Olbia,12010,10037
19/06/2026,Aeroporto,Cagliari,11710,10767
19/06/2026,Aeroporto,Alghero,4255,3920
18/06/2026,Porto,Porto Torres,1805,1555
18/06/2026,Porto,Olbia,8383,5821
18/06/2026,Porto,Golfo Aranci,924,641
18/06/2026,Porto,Cagliari,419,538
18/06/2026,Porto,Arbatax,0,52
18/06/2026,Aeroporto,Olbia,9928,7581
18/06/2026,Aeroporto,Cagliari,9897,8491
18/06/2026,Aeroporto,Alghero,3977,3353
17/06/2026,Porto,Porto Torres,1740,1173
17/06/2026,Porto,Olbia,6514,4367
17/06/2026,Porto,Golfo Aranci,904,595
17/06/2026,Porto,Cagliari,391,230
17/06/2026,Porto,Arbatax,193,0
17/06/2026,Aeroporto,Olbia,9395,8418
17/06/2026,Aeroporto,Cagliari,9536,8925
17/06/2026,Aeroporto,Alghero,4055,3510
16/06/2026,Porto,Porto Torres,1643,918
16/06/2026,Porto,Olbia,7404,4904
16/06/2026,Porto,Golfo Aranci,894,610
16/06/2026,Porto,Cagliari,854,564
16/06/2026,Porto,Arbatax,0,43
16/06/2026,Aeroporto,Olbia,9762,9605
16/06/2026,Aeroporto,Cagliari,9815,9257
16/06/2026,Aeroporto,Alghero,4124,4067
15/06/2026,Porto,Porto Vesme,0,0
15/06/2026,Porto,Porto Torres,2445,1280
15/06/2026,Porto,Olbia,8823,5514
15/06/2026,Porto,Golfo Aranci,949,707
15/06/2026,Porto,Cagliari,0,523
15/06/2026,Aeroporto,Olbia,8187,8878
15/06/2026,Aeroporto,Cagliari,10557,10541
15/06/2026,Aeroporto,Alghero,3474,3725
14/06/2026,Porto,Porto Vesme,0,0
14/06/2026,Porto,Porto Torres,1571,872
14/06/2026,Porto,Olbia,9035,7922
14/06/2026,Porto,Golfo Aranci,948,839
14/06/2026,Porto,Cagliari,783,0
14/06/2026,Porto,Arbatax,235,0
14/06/2026,Aeroporto,Olbia,11313,12151
14/06/2026,Aeroporto,Cagliari,11052,10923
14/06/2026,Aeroporto,Alghero,3969,3871
13/06/2026,Porto,Porto Torres,3697,2805
13/06/2026,Porto,Olbia,9802,8521
13/06/2026,Porto,Golfo Aranci,1101,986
13/06/2026,Porto,Cagliari,566,634
13/06/2026,Porto,Arbatax,0,0
13/06/2026,Aeroporto,Olbia,11633,11099
13/06/2026,Aeroporto,Cagliari,11294,10110
13/06/2026,Aeroporto,Alghero,4820,4176
12/06/2026,Porto,Porto Torres,2850,1791
12/06/2026,Porto,Olbia,8930,5169
12/06/2026,Porto,Golfo Aranci,884,620
12/06/2026,Porto,Cagliari,324,454
12/06/2026,Aeroporto,Olbia,11476,9524
12/06/2026,Aeroporto,Cagliari,11427,11245
12/06/2026,Aeroporto,Alghero,4113,3633
11/06/2026,Porto,Porto Torres,1258,714
11/06/2026,Porto,Olbia,7568,4442
11/06/2026,Porto,Golfo Aranci,835,418
11/06/2026,Porto,Cagliari,321,492
11/06/2026,Porto,Arbatax,0,46
11/06/2026,Aeroporto,Olbia,9328,7615
11/06/2026,Aeroporto,Cagliari,9906,8778
11/06/2026,Aeroporto,Alghero,4317,3490
10/06/2026,Porto,Porto Torres,1465,1029
10/06/2026,Porto,Olbia,6241,3598
10/06/2026,Porto,Golfo Aranci,853,514
10/06/2026,Porto,Cagliari,381,174
10/06/2026,Porto,Arbatax,146,0
10/06/2026,Aeroporto,Olbia,9082,7767
10/06/2026,Aeroporto,Cagliari,9601,8572
10/06/2026,Aeroporto,Alghero,3767,3330
09/06/2026,Porto,Porto Torres,1338,650
09/06/2026,Porto,Olbia,6259,3616
09/06/2026,Porto,Golfo Aranci,709,362
09/06/2026,Porto,Cagliari,749,354
09/06/2026,Porto,Arbatax,0,37
09/06/2026,Aeroporto,Olbia,9309,9128
09/06/2026,Aeroporto,Cagliari,9436,9385
09/06/2026,Aeroporto,Alghero,3596,3605
08/06/2026,Porto,Porto Vesme,0,0
08/06/2026,Porto,Porto Torres,1977,1636
08/06/2026,Porto,Olbia,6876,4290
08/06/2026,Porto,Golfo Aranci,786,533
08/06/2026,Porto,Cagliari,1,451
08/06/2026,Aeroporto,Olbia,8038,8767
08/06/2026,Aeroporto,Cagliari,10287,10020
08/06/2026,Aeroporto,Alghero,3804,3587
07/06/2026,Porto,Porto Vesme,0,0
07/06/2026,Porto,Porto Torres,1325,1181
07/06/2026,Porto,Olbia,6678,7239
07/06/2026,Porto,Golfo Aranci,0,734
07/06/2026,Porto,Cagliari,827,3
07/06/2026,Porto,Arbatax,123,0
07/06/2026,Aeroporto,Olbia,11107,11762
07/06/2026,Aeroporto,Cagliari,11438,10536
07/06/2026,Aeroporto,Alghero,3930,3812
06/06/2026,Porto,Porto Torres,1494,1892
06/06/2026,Porto,Olbia,7824,8614
06/06/2026,Porto,Golfo Aranci,1260,2038
06/06/2026,Porto,Cagliari,462,501
06/06/2026,Aeroporto,Olbia,10938,11077
06/06/2026,Aeroporto,Cagliari,10103,10426
06/06/2026,Aeroporto,Alghero,4325,4116
05/06/2026,Porto,Porto Torres,3259,3223
05/06/2026,Porto,Olbia,6236,7419
05/06/2026,Porto,Golfo Aranci,909,1719
05/06/2026,Porto,Cagliari,319,356
05/06/2026,Aeroporto,Olbia,10528,8922
05/06/2026,Aeroporto,Cagliari,10385,10050
05/06/2026,Aeroporto,Alghero,4414,3807
04/06/2026,Porto,Porto Vesme,0,0
04/06/2026,Porto,Porto Torres,1622,1809
04/06/2026,Porto,Olbia,5516,6538
04/06/2026,Porto,Golfo Aranci,643,1063
04/06/2026,Porto,Cagliari,404,487
04/06/2026,Porto,Arbatax,0,33
04/06/2026,Aeroporto,Olbia,8824,7392
04/06/2026,Aeroporto,Cagliari,8853,8629
04/06/2026,Aeroporto,Alghero,3563,3087
03/06/2026,Porto,Porto Torres,1073,1104
03/06/2026,Porto,Olbia,5195,5572
03/06/2026,Porto,Golfo Aranci,648,882
03/06/2026,Porto,Cagliari,358,236
03/06/2026,Porto,Arbatax,105,0
03/06/2026,Aeroporto,Olbia,8815,9256
03/06/2026,Aeroporto,Cagliari,9075,9549
03/06/2026,Aeroporto,Alghero,3753,3766
02/06/2026,Porto,Porto Vesme,0,0
02/06/2026,Porto,Porto Torres,3021,2427
02/06/2026,Porto,Olbia,5060,8480
02/06/2026,Porto,Golfo Aranci,727,1068
02/06/2026,Porto,Cagliari,660,621
02/06/2026,Porto,Arbatax,0,112
02/06/2026,Aeroporto,Olbia,9537,10402
02/06/2026,Aeroporto,Cagliari,10310,10170
02/06/2026,Aeroporto,Alghero,4106,3764
01/06/2026,Porto,Porto Vesme,0,0
01/06/2026,Porto,Porto Torres,1325,1144
01/06/2026,Porto,Olbia,6408,5189
01/06/2026,Porto,Golfo Aranci,636,754
01/06/2026,Porto,Cagliari,2,934
01/06/2026,Porto,Arbatax,0,0
01/06/2026,Aeroporto,Olbia,8124,7245
01/06/2026,Aeroporto,Cagliari,9442,8960
01/06/2026,Aeroporto,Alghero,3537,3415
31/05/2026,Porto,Porto Torres,1973,936
31/05/2026,Porto,Olbia,6498,2894
31/05/2026,Porto,Golfo Aranci,1033,493
31/05/2026,Porto,Cagliari,779,1
31/05/2026,Porto,Arbatax,158,0
31/05/2026,Aeroporto,Olbia,10312,8559
31/05/2026,Aeroporto,Cagliari,8919,8675
31/05/2026,Aeroporto,Alghero,3975,2915
30/05/2026,Porto,Porto Torres,5334,1594
30/05/2026,Porto,Olbia,9767,4804
30/05/2026,Porto,Golfo Aranci,1147,581
30/05/2026,Porto,Cagliari,822,595
30/05/2026,Aeroporto,Olbia,10955,9504
30/05/2026,Aeroporto,Cagliari,11501,9937
30/05/2026,Aeroporto,Alghero,4065,3523
29/05/2026,Porto,Porto Torres,2154,984
29/05/2026,Porto,Olbia,6668,3564
29/05/2026,Porto,Golfo Aranci,986,535
29/05/2026,Porto,Cagliari,587,325
29/05/2026,Porto,Arbatax,0,0
29/05/2026,Aeroporto,Olbia,10451,8395
29/05/2026,Aeroporto,Cagliari,11119,9489
29/05/2026,Aeroporto,Alghero,4061,3140
28/05/2026,Porto,Porto Vesme,0,0
28/05/2026,Porto,Porto Torres,2174,956
28/05/2026,Porto,Olbia,6459,3869
28/05/2026,Porto,Golfo Aranci,730,447
28/05/2026,Porto,Cagliari,783,583
28/05/2026,Porto,Arbatax,0,41
28/05/2026,Aeroporto,Olbia,7829,6075
28/05/2026,Aeroporto,Cagliari,9696,7182
28/05/2026,Aeroporto,Alghero,3277,2577
27/05/2026,Porto,Porto Torres,1051,1005
27/05/2026,Porto,Olbia,0,1991
27/05/2026,Porto,Cagliari,319,215
27/05/2026,Porto,Arbatax,169,0
27/05/2026,Aeroporto,Olbia,7120,5712
27/05/2026,Aeroporto,Cagliari,8631,7298
27/05/2026,Aeroporto,Alghero,3191,2646
26/05/2026,Porto,Porto Torres,1936,211
26/05/2026,Porto,Olbia,0,2720
26/05/2026,Porto,Cagliari,762,275
26/05/2026,Porto,Arbatax,0,40
26/05/2026,Aeroporto,Olbia,7045,6318
26/05/2026,Aeroporto,Cagliari,8364,7554
26/05/2026,Aeroporto,Alghero,3391,3249
25/05/2026,Porto,Porto Torres,1921,1211
25/05/2026,Porto,Cagliari,4,453
25/05/2026,Aeroporto,Olbia,6832,6697
25/05/2026,Aeroporto,Cagliari,9365,9370
25/05/2026,Aeroporto,Alghero,3464,3273
24/05/2026,Porto,Porto Vesme,0,0
24/05/2026,Porto,Porto Torres,2738,922
24/05/2026,Porto,Olbia,6321,3308
24/05/2026,Porto,Golfo Aranci,2057,629
24/05/2026,Porto,Cagliari,715,0
24/05/2026,Porto,Arbatax,171,0
24/05/2026,Aeroporto,Olbia,9268,8343
24/05/2026,Aeroporto,Cagliari,9253,8615
24/05/2026,Aeroporto,Alghero,2803,2758
23/05/2026,Porto,Porto Vesme,0,0
23/05/2026,Porto,Porto Torres,2107,1449
23/05/2026,Porto,Olbia,6478,4009
23/05/2026,Porto,Golfo Aranci,1514,575
23/05/2026,Porto,Cagliari,312,425
23/05/2026,Aeroporto,Olbia,9646,6902
23/05/2026,Aeroporto,Cagliari,9369,7684
23/05/2026,Aeroporto,Alghero,3664,2943
22/05/2026,Porto,Porto Torres,1036,841
22/05/2026,Porto,Olbia,4616,3250
22/05/2026,Porto,Golfo Aranci,586,421
22/05/2026,Porto,Cagliari,283,293
22/05/2026,Aeroporto,Olbia,9010,6495
22/05/2026,Aeroporto,Cagliari,9868,8532
22/05/2026,Aeroporto,Alghero,3430,2866
21/05/2026,Porto,Porto Torres,1279,748
21/05/2026,Porto,Olbia,3411,2689
21/05/2026,Porto,Golfo Aranci,701,446
21/05/2026,Porto,Cagliari,273,472
21/05/2026,Porto,Arbatax,0,43
21/05/2026,Aeroporto,Olbia,7276,5419
21/05/2026,Aeroporto,Cagliari,7818,7073
21/05/2026,Aeroporto,Alghero,2929,2450
20/05/2026,Porto,Porto Torres,1026,890
20/05/2026,Porto,Olbia,3145,2315
20/05/2026,Porto,Golfo Aranci,430,393
20/05/2026,Porto,Cagliari,296,221
20/05/2026,Porto,Arbatax,127,0
20/05/2026,Aeroporto,Olbia,6151,4610
20/05/2026,Aeroporto,Cagliari,7845,6675
20/05/2026,Aeroporto,Alghero,2759,2506
19/05/2026,Porto,Porto Torres,855,738
19/05/2026,Porto,Olbia,4114,2085
19/05/2026,Porto,Golfo Aranci,534,323
19/05/2026,Porto,Cagliari,641,300
19/05/2026,Porto,Arbatax,0,28
19/05/2026,Aeroporto,Olbia,5553,5126
19/05/2026,Aeroporto,Cagliari,7451,6848
19/05/2026,Aeroporto,Alghero,2985,2862
18/05/2026,Porto,Porto Vesme,0,0
18/05/2026,Porto,Porto Torres,1072,464
18/05/2026,Porto,Olbia,3232,1927
18/05/2026,Porto,Golfo Aranci,400,320
18/05/2026,Porto,Cagliari,1,428
18/05/2026,Aeroporto,Olbia,5416,5938
18/05/2026,Aeroporto,Cagliari,9152,8710
18/05/2026,Aeroporto,Alghero,3178,3230
17/05/2026,Porto,Porto Torres,972,1532
17/05/2026,Porto,Olbia,2932,2871
17/05/2026,Porto,Golfo Aranci,504,474
17/05/2026,Porto,Cagliari,695,3
17/05/2026,Porto,Arbatax,87,0
17/05/2026,Aeroporto,Olbia,7374,7999
17/05/2026,Aeroporto,Cagliari,8074,8564
17/05/2026,Aeroporto,Alghero,2881,3104
16/05/2026,Porto,Porto Torres,1254,1633
16/05/2026,Porto,Olbia,4467,3414
16/05/2026,Porto,Cagliari,0,352
16/05/2026,Aeroporto,Olbia,6909,6785
16/05/2026,Aeroporto,Cagliari,8404,8107
16/05/2026,Aeroporto,Alghero,3243,3008
15/05/2026,Porto,Porto Torres,841,686
15/05/2026,Porto,Olbia,3522,2841
15/05/2026,Porto,Golfo Aranci,281,634
15/05/2026,Porto,Cagliari,0,239
15/05/2026,Aeroporto,Olbia,7639,6627
15/05/2026,Aeroporto,Cagliari,9130,8537
15/05/2026,Aeroporto,Alghero,3288,3080
14/05/2026,Porto,Porto Torres,2187,1227
14/05/2026,Porto,Olbia,3983,2641
14/05/2026,Porto,Golfo Aranci,636,488
14/05/2026,Porto,Cagliari,0,365
14/05/2026,Porto,Arbatax,0,38
14/05/2026,Aeroporto,Olbia,6923,5263
14/05/2026,Aeroporto,Cagliari,7914,6809
14/05/2026,Aeroporto,Alghero,2742,2552
13/05/2026,Porto,Porto Torres,528,366
13/05/2026,Porto,Olbia,2517,1780
13/05/2026,Porto,Golfo Aranci,569,106
13/05/2026,Porto,Cagliari,0,95
13/05/2026,Porto,Arbatax,116,0
13/05/2026,Aeroporto,Olbia,5281,3912
13/05/2026,Aeroporto,Cagliari,7554,6686
13/05/2026,Aeroporto,Alghero,2599,2199
12/05/2026,Porto,Porto Vesme,0,0
12/05/2026,Porto,Porto Torres,1408,913
12/05/2026,Porto,Olbia,3776,1831
12/05/2026,Porto,Golfo Aranci,446,362
12/05/2026,Porto,Cagliari,602,248
12/05/2026,Porto,Arbatax,0,52
12/05/2026,Aeroporto,Olbia,5182,4461
12/05/2026,Aeroporto,Cagliari,7073,6741
12/05/2026,Aeroporto,Alghero,2905,2866
11/05/2026,Porto,Porto Torres,764,445
11/05/2026,Porto,Olbia,2714,1645
11/05/2026,Porto,Golfo Aranci,363,251
11/05/2026,Porto,Cagliari,10,324
11/05/2026,Porto,Arbatax,0,0
11/05/2026,Aeroporto,Olbia,4904,4933
11/05/2026,Aeroporto,Cagliari,7786,7852
11/05/2026,Aeroporto,Alghero,3141,3054
10/05/2026,Porto,Porto Torres,1610,1275
10/05/2026,Porto,Olbia,2186,1824
10/05/2026,Porto,Golfo Aranci,547,338
10/05/2026,Porto,Cagliari,570,1
10/05/2026,Porto,Arbatax,87,0
10/05/2026,Aeroporto,Olbia,6853,6745
10/05/2026,Aeroporto,Cagliari,7926,7877
10/05/2026,Aeroporto,Alghero,2633,2645
09/05/2026,Porto,Porto Vesme,0,0
09/05/2026,Porto,Porto Torres,1494,1105
09/05/2026,Porto,Olbia,2404,2115
09/05/2026,Porto,Golfo Aranci,326,465
09/05/2026,Porto,Cagliari,403,413
09/05/2026,Aeroporto,Olbia,6503,5594
09/05/2026,Aeroporto,Cagliari,8129,7654
09/05/2026,Aeroporto,Alghero,3441,2956
08/05/2026,Porto,Porto Vesme,0,0
08/05/2026,Porto,Porto Torres,1705,1126
08/05/2026,Porto,Olbia,2514,2468
08/05/2026,Porto,Golfo Aranci,495,440
08/05/2026,Porto,Cagliari,191,215
08/05/2026,Porto,Arbatax,0,0
08/05/2026,Aeroporto,Olbia,7392,5415
08/05/2026,Aeroporto,Cagliari,8423,8350
08/05/2026,Aeroporto,Alghero,2858,2751
07/05/2026,Porto,Porto Torres,1110,694
07/05/2026,Porto,Olbia,1904,2175
07/05/2026,Porto,Golfo Aranci,405,323
07/05/2026,Porto,Cagliari,305,316
07/05/2026,Porto,Arbatax,0,50
07/05/2026,Aeroporto,Olbia,5982,4546
07/05/2026,Aeroporto,Cagliari,6948,6781
07/05/2026,Aeroporto,Alghero,2655,2263
06/05/2026,Porto,Porto Vesme,0,0
06/05/2026,Porto,Porto Torres,473,353
06/05/2026,Porto,Olbia,1956,1827
06/05/2026,Porto,Golfo Aranci,316,240
06/05/2026,Porto,Cagliari,257,147
06/05/2026,Porto,Arbatax,115,0
06/05/2026,Aeroporto,Olbia,2059,1799
06/05/2026,Aeroporto,Cagliari,6683,6486
06/05/2026,Aeroporto,Alghero,2249,2269
05/05/2026,Porto,Porto Vesme,0,0
05/05/2026,Porto,Porto Torres,578,440
05/05/2026,Porto,Olbia,2765,2049
05/05/2026,Porto,Golfo Aranci,569,336
05/05/2026,Porto,Cagliari,780,329
05/05/2026,Porto,Arbatax,0,92
05/05/2026,Aeroporto,Olbia,4090,4473
05/05/2026,Aeroporto,Cagliari,6890,6937
05/05/2026,Aeroporto,Alghero,3061,3105
04/05/2026,Porto,Porto Vesme,0,0
04/05/2026,Porto,Porto Torres,1258,847
04/05/2026,Porto,Olbia,2748,2698
04/05/2026,Porto,Golfo Aranci,654,608
04/05/2026,Porto,Cagliari,11,544
04/05/2026,Aeroporto,Olbia,5014,6051
04/05/2026,Aeroporto,Cagliari,8731,9063
04/05/2026,Aeroporto,Alghero,3168,3555
03/05/2026,Porto,Porto Torres,1905,2064
03/05/2026,Porto,Olbia,2876,5205
03/05/2026,Porto,Golfo Aranci,508,865
03/05/2026,Porto,Cagliari,756,0
03/05/2026,Porto,Arbatax,74,0
03/05/2026,Aeroporto,Olbia,6397,6697
03/05/2026,Aeroporto,Cagliari,8618,8596
03/05/2026,Aeroporto,Alghero,2973,2906
02/05/2026,Porto,Porto Vesme,0,0
02/05/2026,Porto,Porto Torres,1438,1436
02/05/2026,Porto,Olbia,2720,3983
02/05/2026,Porto,Golfo Aranci,527,823
02/05/2026,Porto,Cagliari,315,334
02/05/2026,Aeroporto,Olbia,6595,5515
02/05/2026,Aeroporto,Cagliari,7791,7627
02/05/2026,Aeroporto,Alghero,3229,2533
01/05/2026,Porto,Porto Torres,1898,1271
01/05/2026,Porto,Olbia,4537,2296
01/05/2026,Porto,Golfo Aranci,921,385
01/05/2026,Porto,Cagliari,268,214
01/05/2026,Aeroporto,Olbia,7025,5098
01/05/2026,Aeroporto,Cagliari,9038,7515
01/05/2026,Aeroporto,Alghero,2890,2707
30/04/2026,Porto,Porto Torres,846,603
30/04/2026,Porto,Olbia,4171,2723
30/04/2026,Porto,Golfo Aranci,746,558
30/04/2026,Porto,Cagliari,368,520
30/04/2026,Porto,Arbatax,0,44
30/04/2026,Aeroporto,Olbia,6227,4973
30/04/2026,Aeroporto,Cagliari,8270,7614
30/04/2026,Aeroporto,Alghero,3246,2640
29/04/2026,Porto,Porto Torres,555,435
29/04/2026,Porto,Olbia,2803,1872
29/04/2026,Porto,Golfo Aranci,591,297
29/04/2026,Porto,Cagliari,173,189
29/04/2026,Porto,Arbatax,149,0
29/04/2026,Aeroporto,Olbia,4440,2785
29/04/2026,Aeroporto,Cagliari,7792,6908
29/04/2026,Aeroporto,Alghero,3115,2410
28/04/2026,Porto,Porto Torres,990,497
28/04/2026,Porto,Olbia,2682,1661
28/04/2026,Porto,Golfo Aranci,475,240
28/04/2026,Porto,Cagliari,632,359
28/04/2026,Porto,Arbatax,0,106
28/04/2026,Aeroporto,Olbia,3803,3158
28/04/2026,Aeroporto,Cagliari,7641,6775
28/04/2026,Aeroporto,Alghero,2904,2448
27/04/2026,Porto,Porto Torres,1083,799
27/04/2026,Porto,Olbia,2547,1414
27/04/2026,Porto,Golfo Aranci,763,219
27/04/2026,Porto,Cagliari,0,441
27/04/2026,Aeroporto,Olbia,4742,4645
27/04/2026,Aeroporto,Cagliari,8150,7679
27/04/2026,Aeroporto,Alghero,3053,2857
26/04/2026,Porto,Porto Torres,1049,685
26/04/2026,Porto,Olbia,2377,2101
26/04/2026,Porto,Golfo Aranci,173,377
26/04/2026,Porto,Cagliari,519,0
26/04/2026,Porto,Arbatax,122,0
26/04/2026,Aeroporto,Olbia,5291,5466
26/04/2026,Aeroporto,Cagliari,7687,7763
26/04/2026,Aeroporto,Alghero,2551,2649
25/04/2026,Porto,Porto Torres,1791,1601
25/04/2026,Porto,Olbia,3712,2227
25/04/2026,Porto,Golfo Aranci,0,650
25/04/2026,Porto,Cagliari,304,443
25/04/2026,Aeroporto,Olbia,4696,4123
25/04/2026,Aeroporto,Cagliari,7687,7563
25/04/2026,Aeroporto,Alghero,2961,3108
24/04/2026,Porto,Porto Vesme,0,0
24/04/2026,Porto,Porto Torres,608,657
24/04/2026,Porto,Olbia,3001,2370
24/04/2026,Porto,Golfo Aranci,540,315
24/04/2026,Porto,Cagliari,262,276
24/04/2026,Aeroporto,Olbia,6056,5216
24/04/2026,Aeroporto,Cagliari,8449,8520
24/04/2026,Aeroporto,Alghero,3010,2892
23/04/2026,Porto,Porto Torres,835,774
23/04/2026,Porto,Olbia,2634,1917
23/04/2026,Porto,Golfo Aranci,352,341
23/04/2026,Porto,Cagliari,283,533
23/04/2026,Porto,Arbatax,0,68
23/04/2026,Aeroporto,Olbia,5074,3973
23/04/2026,Aeroporto,Cagliari,6676,6501
23/04/2026,Aeroporto,Alghero,2521,2278
22/04/2026,Porto,Porto Torres,744,377
22/04/2026,Porto,Olbia,1684,1254
22/04/2026,Porto,Golfo Aranci,284,190
22/04/2026,Porto,Cagliari,179,133
22/04/2026,Porto,Arbatax,96,0
22/04/2026,Aeroporto,Olbia,3325,2461
22/04/2026,Aeroporto,Cagliari,6541,6826
22/04/2026,Aeroporto,Alghero,2551,2235
21/04/2026,Porto,Porto Torres,512,256
21/04/2026,Porto,Olbia,2281,1152
21/04/2026,Porto,Golfo Aranci,407,146
21/04/2026,Porto,Cagliari,565,200
21/04/2026,Porto,Arbatax,0,34
21/04/2026,Aeroporto,Olbia,2594,2272
21/04/2026,Aeroporto,Cagliari,6498,6318
21/04/2026,Aeroporto,Alghero,2268,2406
20/04/2026,Porto,Porto Torres,1297,628
20/04/2026,Porto,Olbia,2270,1222
20/04/2026,Porto,Golfo Aranci,544,185
20/04/2026,Porto,Cagliari,0,225
20/04/2026,Aeroporto,Olbia,4320,4408
20/04/2026,Aeroporto,Cagliari,7607,7230
20/04/2026,Aeroporto,Alghero,2594,2678
19/04/2026,Porto,Porto Torres,1068,727
19/04/2026,Porto,Olbia,1754,1509
19/04/2026,Porto,Golfo Aranci,243,158
19/04/2026,Porto,Cagliari,498,0
19/04/2026,Porto,Arbatax,76,0
19/04/2026,Aeroporto,Olbia,4560,4796
19/04/2026,Aeroporto,Cagliari,7567,7191
19/04/2026,Aeroporto,Alghero,2665,2699
18/04/2026,Porto,Porto Torres,1350,1592
18/04/2026,Porto,Olbia,1877,1707
18/04/2026,Porto,Golfo Aranci,323,422
18/04/2026,Porto,Cagliari,202,286
18/04/2026,Aeroporto,Olbia,4616,4311
18/04/2026,Aeroporto,Cagliari,7464,7043
18/04/2026,Aeroporto,Alghero,2932,2683
17/04/2026,Porto,Porto Vesme,0,0
17/04/2026,Porto,Porto Torres,491,548
17/04/2026,Porto,Olbia,1844,2105
17/04/2026,Porto,Golfo Aranci,258,265
17/04/2026,Porto,Cagliari,188,261
17/04/2026,Porto,Arbatax,0,0
17/04/2026,Aeroporto,Olbia,5722,4645
17/04/2026,Aeroporto,Cagliari,7357,8135
17/04/2026,Aeroporto,Alghero,2795,2729
16/04/2026,Porto,Porto Vesme,0,0
16/04/2026,Porto,Porto Torres,1233,586
16/04/2026,Porto,Olbia,1725,1552
16/04/2026,Porto,Golfo Aranci,240,277
16/04/2026,Porto,Cagliari,209,346
16/04/2026,Porto,Arbatax,0,38
16/04/2026,Aeroporto,Olbia,3343,3178
16/04/2026,Aeroporto,Cagliari,5796,6160
16/04/2026,Aeroporto,Alghero,2290,2225
15/04/2026,Porto,Porto Vesme,0,0
15/04/2026,Porto,Porto Torres,287,452
15/04/2026,Porto,Olbia,1529,1362
15/04/2026,Porto,Golfo Aranci,217,302
15/04/2026,Porto,Cagliari,227,164
15/04/2026,Porto,Arbatax,95,0
15/04/2026,Aeroporto,Olbia,2416,2422
15/04/2026,Aeroporto,Cagliari,5867,6182
15/04/2026,Aeroporto,Alghero,2227,2292
14/04/2026,Porto,Porto Torres,1170,762
14/04/2026,Porto,Olbia,1913,1258
14/04/2026,Porto,Cagliari,561,170
14/04/2026,Porto,Arbatax,0,35
14/04/2026,Aeroporto,Olbia,2341,2255
14/04/2026,Aeroporto,Cagliari,5976,6527
14/04/2026,Aeroporto,Alghero,2150,2285
13/04/2026,Porto,Porto Vesme,0,0
13/04/2026,Porto,Porto Torres,1259,568
13/04/2026,Porto,Olbia,2009,1597
13/04/2026,Porto,Golfo Aranci,402,291
13/04/2026,Porto,Cagliari,10,325
13/04/2026,Aeroporto,Olbia,3430,4420
13/04/2026,Aeroporto,Cagliari,6627,7686
13/04/2026,Aeroporto,Alghero,2470,3044
12/04/2026,Porto,Porto Torres,647,1320
12/04/2026,Porto,Olbia,1614,2288
12/04/2026,Porto,Cagliari,655,10
12/04/2026,Porto,Arbatax,85,0
12/04/2026,Aeroporto,Olbia,4233,5434
12/04/2026,Aeroporto,Cagliari,6986,7806
12/04/2026,Aeroporto,Alghero,2160,2509
11/04/2026,Porto,Porto Torres,1596,1360
11/04/2026,Porto,Olbia,1757,2812
11/04/2026,Porto,Golfo Aranci,119,732
11/04/2026,Porto,Cagliari,302,251
11/04/2026,Aeroporto,Olbia,3943,4941
11/04/2026,Aeroporto,Cagliari,6924,7954
11/04/2026,Aeroporto,Alghero,2606,2852
10/04/2026,Porto,Porto Torres,730,1123
10/04/2026,Porto,Olbia,1924,3118
10/04/2026,Porto,Golfo Aranci,318,746
10/04/2026,Porto,Cagliari,233,243
10/04/2026,Aeroporto,Olbia,4087,3963
10/04/2026,Aeroporto,Cagliari,6617,7416
10/04/2026,Aeroporto,Alghero,2371,2625
09/04/2026,Porto,Porto Vesme,0,0
09/04/2026,Porto,Porto Torres,732,707
09/04/2026,Porto,Olbia,1933,2398
09/04/2026,Porto,Golfo Aranci,364,249
09/04/2026,Porto,Cagliari,566,304
09/04/2026,Porto,Arbatax,0,66
09/04/2026,Aeroporto,Olbia,3490,4275
09/04/2026,Aeroporto,Cagliari,5989,6944
09/04/2026,Aeroporto,Alghero,2444,2818
08/04/2026,Porto,Porto Torres,1254,1047
08/04/2026,Porto,Olbia,2995,2781
08/04/2026,Porto,Cagliari,195,199
08/04/2026,Porto,Arbatax,135,0
08/04/2026,Aeroporto,Olbia,2948,4036
08/04/2026,Aeroporto,Cagliari,7314,8191
08/04/2026,Aeroporto,Alghero,2705,3050
07/04/2026,Porto,Porto Torres,441,685
07/04/2026,Porto,Olbia,2401,4001
07/04/2026,Porto,Golfo Aranci,522,748
07/04/2026,Porto,Cagliari,769,309
07/04/2026,Porto,Arbatax,0,99
07/04/2026,Aeroporto,Olbia,3477,4099
07/04/2026,Aeroporto,Cagliari,8367,8669
07/04/2026,Aeroporto,Alghero,3056,3517
06/04/2026,Porto,Porto Torres,1029,982
06/04/2026,Porto,Olbia,1129,3358
06/04/2026,Porto,Golfo Aranci,0,1071
06/04/2026,Porto,Cagliari,1,295
06/04/2026,Aeroporto,Olbia,4665,5385
06/04/2026,Aeroporto,Cagliari,7918,8425
06/04/2026,Aeroporto,Alghero,2708,2700
05/04/2026,Porto,Porto Torres,393,221
05/04/2026,Porto,Olbia,1380,2068
05/04/2026,Porto,Cagliari,258,0
05/04/2026,Porto,Arbatax,87,0
05/04/2026,Aeroporto,Olbia,3702,3690
05/04/2026,Aeroporto,Cagliari,5877,5693
05/04/2026,Aeroporto,Alghero,2109,2006
04/04/2026,Porto,Porto Torres,2658,1464
04/04/2026,Porto,Olbia,2819,1028
04/04/2026,Porto,Golfo Aranci,778,276
04/04/2026,Porto,Cagliari,382,256
04/04/2026,Aeroporto,Olbia,5016,2839
04/04/2026,Aeroporto,Cagliari,7900,6785
04/04/2026,Aeroporto,Alghero,3084,2646
03/04/2026,Porto,Porto Vesme,0,0
03/04/2026,Porto,Porto Torres,935,356
03/04/2026,Porto,Olbia,4364,1959
03/04/2026,Porto,Golfo Aranci,948,81
03/04/2026,Porto,Cagliari,334,260
03/04/2026,Aeroporto,Olbia,6077,3360
03/04/2026,Aeroporto,Cagliari,9330,8208
03/04/2026,Aeroporto,Alghero,3373,2550
02/04/2026,Porto,Porto Torres,889,350
02/04/2026,Porto,Olbia,4473,1936
02/04/2026,Porto,Golfo Aranci,839,251
02/04/2026,Porto,Cagliari,7,885
02/04/2026,Aeroporto,Olbia,4473,2821
02/04/2026,Aeroporto,Cagliari,8139,6413
02/04/2026,Aeroporto,Alghero,3522,2334
01/04/2026,Porto,Porto Torres,586,332
01/04/2026,Porto,Olbia,2894,1820
01/04/2026,Porto,Golfo Aranci,611,236
01/04/2026,Porto,Cagliari,11,0
01/04/2026,Aeroporto,Olbia,4092,1689
01/04/2026,Aeroporto,Cagliari,8139,6201
01/04/2026,Aeroporto,Alghero,2754,1881
31/03/2026,Porto,Porto Torres,423,284
31/03/2026,Porto,Olbia,2558,1290
31/03/2026,Porto,Cagliari,407,3
31/03/2026,Porto,Arbatax,0,28
31/03/2026,Aeroporto,Olbia,3392,1486
31/03/2026,Aeroporto,Cagliari,7472,5129
31/03/2026,Aeroporto,Alghero,2739,1580
30/03/2026,Porto,Porto Torres,1048,423
30/03/2026,Porto,Olbia,2485,1051
30/03/2026,Porto,Golfo Aranci,0,163
30/03/2026,Porto,Cagliari,10,134
30/03/2026,Aeroporto,Olbia,3582,1913
30/03/2026,Aeroporto,Cagliari,7548,5607
30/03/2026,Aeroporto,Alghero,2573,1629
29/03/2026,Porto,Porto Torres,764,256
29/03/2026,Porto,Olbia,2587,1078
29/03/2026,Porto,Cagliari,354,195
29/03/2026,Porto,Arbatax,73,0
29/03/2026,Aeroporto,Olbia,4220,2289
29/03/2026,Aeroporto,Cagliari,7910,5973
29/03/2026,Aeroporto,Alghero,2501,1640
28/03/2026,Porto,Porto Torres,1498,580
28/03/2026,Porto,Olbia,2374,1299
28/03/2026,Porto,Cagliari,239,327
28/03/2026,Aeroporto,Olbia,2190,1386
28/03/2026,Aeroporto,Cagliari,5484,4386
28/03/2026,Aeroporto,Alghero,1211,1016
27/03/2026,Porto,Porto Torres,448,51
27/03/2026,Porto,Olbia,2097,1890
27/03/2026,Porto,Golfo Aranci,310,243
27/03/2026,Porto,Cagliari,185,188
27/03/2026,Aeroporto,Olbia,2018,1647
27/03/2026,Aeroporto,Cagliari,6486,6275
27/03/2026,Aeroporto,Alghero,1891,1589
26/03/2026,Porto,Olbia,1742,1533
26/03/2026,Porto,Cagliari,278,432
26/03/2026,Porto,Arbatax,0,25
26/03/2026,Aeroporto,Olbia,2331,2154
26/03/2026,Aeroporto,Cagliari,4512,4490
26/03/2026,Aeroporto,Alghero,1051,962
25/03/2026,Porto,Porto Vesme,0,0
25/03/2026,Porto,Porto Torres,268,205
25/03/2026,Porto,Olbia,1208,951
25/03/2026,Porto,Golfo Aranci,173,148
25/03/2026,Porto,Cagliari,131,90
25/03/2026,Porto,Arbatax,74,0
25/03/2026,Aeroporto,Olbia,1101,1177
25/03/2026,Aeroporto,Cagliari,4103,4251
25/03/2026,Aeroporto,Alghero,1274,1181
24/03/2026,Porto,Porto Torres,298,187
24/03/2026,Porto,Olbia,1601,896
24/03/2026,Porto,Cagliari,567,181
24/03/2026,Porto,Arbatax,0,32
24/03/2026,Aeroporto,Olbia,911,995
24/03/2026,Aeroporto,Cagliari,3954,3872
24/03/2026,Aeroporto,Alghero,1300,1500
23/03/2026,Porto,Porto Vesme,0,0
23/03/2026,Porto,Porto Torres,845,392
23/03/2026,Porto,Olbia,2197,1027
23/03/2026,Porto,Golfo Aranci,423,128
23/03/2026,Porto,Cagliari,0,311
23/03/2026,Aeroporto,Olbia,1947,1775
23/03/2026,Aeroporto,Cagliari,6455,6052
23/03/2026,Aeroporto,Alghero,1509,1360
22/03/2026,Porto,Porto Torres,516,586
22/03/2026,Porto,Olbia,1159,1370
22/03/2026,Porto,Cagliari,330,4
22/03/2026,Porto,Arbatax,49,0
22/03/2026,Aeroporto,Olbia,2191,1962
22/03/2026,Aeroporto,Cagliari,5899,5891
22/03/2026,Aeroporto,Alghero,1565,1443
21/03/2026,Porto,Porto Torres,377,363
21/03/2026,Porto,Olbia,1320,1156
21/03/2026,Porto,Cagliari,206,263
21/03/2026,Aeroporto,Olbia,1375,1248
21/03/2026,Aeroporto,Cagliari,5104,4793
21/03/2026,Aeroporto,Alghero,1222,1086
20/03/2026,Porto,Porto Torres,248,431
20/03/2026,Porto,Olbia,1221,1511
20/03/2026,Porto,Golfo Aranci,187,164
20/03/2026,Porto,Cagliari,134,173
20/03/2026,Aeroporto,Olbia,1891,1597
20/03/2026,Aeroporto,Cagliari,6657,6521
20/03/2026,Aeroporto,Alghero,1861,1795
19/03/2026,Porto,Porto Torres,548,374
19/03/2026,Porto,Olbia,1242,1193
19/03/2026,Porto,Cagliari,220,378
19/03/2026,Porto,Arbatax,0,26
19/03/2026,Aeroporto,Olbia,1824,1866
19/03/2026,Aeroporto,Cagliari,4567,4524
19/03/2026,Aeroporto,Alghero,1160,1162
18/03/2026,Porto,Porto Torres,245,224
18/03/2026,Porto,Olbia,1049,919
18/03/2026,Porto,Golfo Aranci,130,111
18/03/2026,Porto,Cagliari,151,114
18/03/2026,Porto,Arbatax,66,0
18/03/2026,Aeroporto,Olbia,1031,1040
18/03/2026,Aeroporto,Cagliari,3908,4121
18/03/2026,Aeroporto,Alghero,1465,1219
17/03/2026,Porto,Porto Torres,281,195
17/03/2026,Porto,Olbia,1339,839
17/03/2026,Porto,Cagliari,511,166
17/03/2026,Porto,Arbatax,0,18
17/03/2026,Aeroporto,Olbia,934,746
17/03/2026,Aeroporto,Cagliari,4002,3774
17/03/2026,Aeroporto,Alghero,1323,1169
16/03/2026,Porto,Porto Torres,260,180
16/03/2026,Porto,Olbia,1830,1185
16/03/2026,Porto,Golfo Aranci,205,0
16/03/2026,Porto,Cagliari,0,289
16/03/2026,Aeroporto,Olbia,1782,1549
16/03/2026,Aeroporto,Cagliari,6425,5892
16/03/2026,Aeroporto,Alghero,1372,1305
15/03/2026,Porto,Porto Torres,496,408
15/03/2026,Porto,Olbia,1106,1044
15/03/2026,Porto,Cagliari,324,2
15/03/2026,Porto,Arbatax,42,0
15/03/2026,Aeroporto,Olbia,1856,1742
15/03/2026,Aeroporto,Cagliari,5609,5418
15/03/2026,Aeroporto,Alghero,1441,1387
14/03/2026,Porto,Porto Torres,284,266
14/03/2026,Porto,Olbia,1215,1404
14/03/2026,Porto,Cagliari,256,200
14/03/2026,Porto,Arbatax,0,0
14/03/2026,Aeroporto,Olbia,1130,1183
14/03/2026,Aeroporto,Cagliari,4551,4666
14/03/2026,Aeroporto,Alghero,1065,1061
13/03/2026,Porto,Porto Torres,236,274
13/03/2026,Porto,Olbia,1170,1363
13/03/2026,Porto,Cagliari,125,207
13/03/2026,Aeroporto,Olbia,1535,1651
13/03/2026,Aeroporto,Cagliari,6369,6507
13/03/2026,Aeroporto,Alghero,1725,1708
12/03/2026,Porto,Porto Torres,744,396
12/03/2026,Porto,Olbia,1137,1086
12/03/2026,Porto,Cagliari,122,329
12/03/2026,Porto,Arbatax,0,24
12/03/2026,Aeroporto,Olbia,1608,1870
12/03/2026,Aeroporto,Cagliari,3939,4143
12/03/2026,Aeroporto,Alghero,782,791
11/03/2026,Porto,Porto Torres,187,173
11/03/2026,Porto,Olbia,1010,927
11/03/2026,Porto,Golfo Aranci,145,161
11/03/2026,Porto,Cagliari,111,82
11/03/2026,Aeroporto,Olbia,918,780
11/03/2026,Aeroporto,Cagliari,3535,3446
11/03/2026,Aeroporto,Alghero,733,678
10/03/2026,Porto,Porto Vesme,0,0
10/03/2026,Porto,Porto Torres,232,151
10/03/2026,Porto,Olbia,1472,777
10/03/2026,Porto,Cagliari,391,189
10/03/2026,Aeroporto,Olbia,853,757
10/03/2026,Aeroporto,Cagliari,3558,3427
10/03/2026,Aeroporto,Alghero,899,864
09/03/2026,Porto,Porto Vesme,0,0
09/03/2026,Porto,Porto Torres,535,376
09/03/2026,Porto,Olbia,1398,903
09/03/2026,Porto,Golfo Aranci,166,150
09/03/2026,Porto,Cagliari,0,220
09/03/2026,Aeroporto,Olbia,1672,1494
09/03/2026,Aeroporto,Cagliari,6327,5920
09/03/2026,Aeroporto,Alghero,1459,1258
08/03/2026,Porto,Porto Torres,904,654
08/03/2026,Porto,Olbia,1067,1023
08/03/2026,Porto,Cagliari,358,1
08/03/2026,Aeroporto,Olbia,1840,1776
08/03/2026,Aeroporto,Cagliari,5465,5772
08/03/2026,Aeroporto,Alghero,1448,1357
07/03/2026,Porto,Porto Torres,266,265
07/03/2026,Porto,Olbia,1191,1193
07/03/2026,Aeroporto,Olbia,944,1189
07/03/2026,Aeroporto,Cagliari,4874,4829
07/03/2026,Aeroporto,Alghero,943,1000
06/03/2026,Porto,Porto Vesme,0,0
06/03/2026,Porto,Porto Torres,233,274
06/03/2026,Porto,Olbia,1147,1234
06/03/2026,Porto,Golfo Aranci,156,115
06/03/2026,Aeroporto,Olbia,1521,1700
06/03/2026,Aeroporto,Cagliari,6177,6390
06/03/2026,Aeroporto,Alghero,1792,1622
05/03/2026,Porto,Porto Torres,561,506
05/03/2026,Porto,Olbia,934,1146
05/03/2026,Porto,Cagliari,193,329
05/03/2026,Porto,Arbatax,0,33
05/03/2026,Aeroporto,Olbia,1388,1613
05/03/2026,Aeroporto,Cagliari,4111,4385
05/03/2026,Aeroporto,Alghero,839,864
04/03/2026,Porto,Porto Vesme,0,0
04/03/2026,Porto,Porto Torres,188,184
04/03/2026,Porto,Olbia,945,1091
04/03/2026,Porto,Golfo Aranci,146,99
04/03/2026,Porto,Cagliari,111,85
04/03/2026,Porto,Arbatax,56,0
04/03/2026,Aeroporto,Olbia,868,859
04/03/2026,Aeroporto,Cagliari,3395,3517
04/03/2026,Aeroporto,Alghero,715,802
03/03/2026,Porto,Porto Torres,248,171
03/03/2026,Porto,Olbia,1193,874
03/03/2026,Porto,Cagliari,307,233
03/03/2026,Porto,Arbatax,0,29
03/03/2026,Aeroporto,Olbia,794,685
03/03/2026,Aeroporto,Cagliari,3290,3739
03/03/2026,Aeroporto,Alghero,839,888
02/03/2026,Porto,Porto Vesme,0,0
02/03/2026,Porto,Porto Torres,570,498
02/03/2026,Porto,Olbia,1422,832
02/03/2026,Porto,Golfo Aranci,188,135
02/03/2026,Porto,Cagliari,0,241
02/03/2026,Aeroporto,Olbia,1562,1560
02/03/2026,Aeroporto,Cagliari,5984,5874
02/03/2026,Aeroporto,Alghero,1362,1256
01/03/2026,Porto,Porto Vesme,0,0
01/03/2026,Porto,Porto Torres,341,291
01/03/2026,Porto,Olbia,1298,1346
01/03/2026,Porto,Cagliari,323,10
01/03/2026,Porto,Arbatax,38,0
01/03/2026,Aeroporto,Olbia,1620,1610
01/03/2026,Aeroporto,Cagliari,5339,5528
01/03/2026,Aeroporto,Alghero,1393,1547
28/02/2026,Porto,Porto Torres,366,435
28/02/2026,Porto,Olbia,1184,1172
28/02/2026,Porto,Cagliari,254,182
28/02/2026,Porto,Arbatax,0,0
28/02/2026,Aeroporto,Olbia,1053,1146
28/02/2026,Aeroporto,Cagliari,4574,4669
28/02/2026,Aeroporto,Alghero,1068,1053
27/02/2026,Porto,Porto Torres,255,272
27/02/2026,Porto,Olbia,1151,1455
27/02/2026,Porto,Golfo Aranci,134,56
27/02/2026,Porto,Cagliari,132,207
27/02/2026,Aeroporto,Olbia,1646,1632
27/02/2026,Aeroporto,Cagliari,6009,6359
27/02/2026,Aeroporto,Alghero,1493,1421
26/02/2026,Porto,Porto Vesme,0,0
26/02/2026,Porto,Porto Torres,518,460
26/02/2026,Porto,Olbia,1035,1099
26/02/2026,Porto,Cagliari,170,384
26/02/2026,Porto,Arbatax,0,23
26/02/2026,Aeroporto,Olbia,1434,1550
26/02/2026,Aeroporto,Cagliari,4095,4499
26/02/2026,Aeroporto,Alghero,382,563
25/02/2026,Porto,Porto Vesme,0,0
25/02/2026,Porto,Porto Torres,304,197
25/02/2026,Porto,Olbia,952,969
25/02/2026,Porto,Golfo Aranci,107,168
25/02/2026,Porto,Cagliari,91,78
25/02/2026,Porto,Arbatax,57,0
25/02/2026,Aeroporto,Olbia,880,912
25/02/2026,Aeroporto,Cagliari,2778,3059
25/02/2026,Aeroporto,Alghero,792,927
24/02/2026,Porto,Porto Torres,244,234
24/02/2026,Porto,Olbia,1521,877
24/02/2026,Porto,Cagliari,224,202
24/02/2026,Porto,Arbatax,0,20
24/02/2026,Aeroporto,Olbia,865,836
24/02/2026,Aeroporto,Cagliari,2549,2800
24/02/2026,Aeroporto,Alghero,943,928
23/02/2026,Porto,Porto Vesme,0,0
23/02/2026,Porto,Porto Torres,574,543
23/02/2026,Porto,Olbia,1326,1034
23/02/2026,Porto,Golfo Aranci,125,169
23/02/2026,Porto,Cagliari,10,209
23/02/2026,Aeroporto,Olbia,1610,1664
23/02/2026,Aeroporto,Cagliari,6190,6258
23/02/2026,Aeroporto,Alghero,1476,1451
22/02/2026,Porto,Porto Torres,344,242
22/02/2026,Porto,Olbia,1193,1110
22/02/2026,Porto,Cagliari,313,4
22/02/2026,Porto,Arbatax,67,0
22/02/2026,Aeroporto,Olbia,1771,1741
22/02/2026,Aeroporto,Cagliari,5185,5724
22/02/2026,Aeroporto,Alghero,1224,1329
21/02/2026,Porto,Porto Torres,262,363
21/02/2026,Porto,Olbia,1160,1340
21/02/2026,Porto,Cagliari,157,219
21/02/2026,Aeroporto,Olbia,1040,1193
21/02/2026,Aeroporto,Cagliari,4755,4701
21/02/2026,Aeroporto,Alghero,870,958
20/02/2026,Porto,Olbia,1225,1852
20/02/2026,Porto,Golfo Aranci,0,0
20/02/2026,Porto,Cagliari,158,400
20/02/2026,Aeroporto,Olbia,1615,1639
20/02/2026,Aeroporto,Cagliari,5995,6117
20/02/2026,Aeroporto,Alghero,1630,1602
19/02/2026,Porto,Porto Torres,354,246
19/02/2026,Porto,Olbia,1359,1218
19/02/2026,Porto,Cagliari,291,6
19/02/2026,Porto,Arbatax,0,19
19/02/2026,Aeroporto,Olbia,1479,1516
19/02/2026,Aeroporto,Cagliari,4094,4724
19/02/2026,Aeroporto,Alghero,790,929
18/02/2026,Porto,Porto Torres,185,245
18/02/2026,Porto,Olbia,1106,1210
18/02/2026,Porto,Cagliari,145,110
18/02/2026,Porto,Arbatax,61,0
18/02/2026,Aeroporto,Olbia,900,953
18/02/2026,Aeroporto,Cagliari,2901,3174
18/02/2026,Aeroporto,Alghero,797,859
17/02/2026,Porto,Olbia,1734,1048
17/02/2026,Porto,Arbatax,0,88
17/02/2026,Aeroporto,Olbia,954,716
17/02/2026,Aeroporto,Cagliari,3210,2804
17/02/2026,Aeroporto,Alghero,1046,825
16/02/2026,Porto,Porto Torres,0,0
16/02/2026,Porto,Olbia,2091,1131
16/02/2026,Porto,Cagliari,10,0
16/02/2026,Aeroporto,Olbia,1719,1446
16/02/2026,Aeroporto,Cagliari,6429,5819
16/02/2026,Aeroporto,Alghero,1403,1259
15/02/2026,Porto,Olbia,1310,1053
15/02/2026,Porto,Cagliari,139,133
15/02/2026,Porto,Arbatax,41,0
15/02/2026,Aeroporto,Olbia,1633,1508
15/02/2026,Aeroporto,Cagliari,5729,5527
15/02/2026,Aeroporto,Alghero,1315,1235
14/02/2026,Porto,Olbia,1988,1227
14/02/2026,Porto,Cagliari,6,0
14/02/2026,Aeroporto,Olbia,1170,1137
14/02/2026,Aeroporto,Cagliari,5017,4704
14/02/2026,Aeroporto,Alghero,876,1074
13/02/2026,Porto,Porto Vesme,0,0
13/02/2026,Porto,Olbia,1587,2245
13/02/2026,Porto,Cagliari,1,11
13/02/2026,Aeroporto,Olbia,1806,1870
13/02/2026,Aeroporto,Cagliari,6318,6536
13/02/2026,Aeroporto,Alghero,1473,1678
12/02/2026,Porto,Olbia,1092,862
12/02/2026,Porto,Cagliari,136,4
12/02/2026,Porto,Arbatax,0,18
12/02/2026,Aeroporto,Olbia,1154,1178
12/02/2026,Aeroporto,Cagliari,4300,4207
12/02/2026,Aeroporto,Alghero,453,586
11/02/2026,Porto,Porto Vesme,0,0
11/02/2026,Porto,Porto Torres,177,195
11/02/2026,Porto,Olbia,954,881
11/02/2026,Porto,Cagliari,95,94
11/02/2026,Porto,Arbatax,62,0
11/02/2026,Aeroporto,Olbia,876,757
11/02/2026,Aeroporto,Cagliari,2574,2702
11/02/2026,Aeroporto,Alghero,743,717
10/02/2026,Porto,Porto Torres,240,154
10/02/2026,Porto,Olbia,1069,802
10/02/2026,Porto,Cagliari,109,125
10/02/2026,Porto,Arbatax,0,35
10/02/2026,Aeroporto,Olbia,769,749
10/02/2026,Aeroporto,Cagliari,3122,2236
10/02/2026,Aeroporto,Alghero,805,796
09/02/2026,Porto,Porto Torres,439,333
09/02/2026,Porto,Olbia,1058,839
09/02/2026,Porto,Golfo Aranci,140,111
09/02/2026,Porto,Cagliari,245,145
09/02/2026,Aeroporto,Olbia,1431,1281
09/02/2026,Aeroporto,Cagliari,6075,5387
09/02/2026,Aeroporto,Alghero,1295,1203
08/02/2026,Porto,Porto Torres,217,212
08/02/2026,Porto,Olbia,790,901
08/02/2026,Porto,Cagliari,108,213
08/02/2026,Porto,Arbatax,34,0
08/02/2026,Aeroporto,Olbia,1073,1307
08/02/2026,Aeroporto,Cagliari,5044,5064
08/02/2026,Aeroporto,Alghero,1206,1072
07/02/2026,Porto,Porto Torres,210,266
07/02/2026,Porto,Olbia,846,1033
07/02/2026,Porto,Cagliari,202,0
07/02/2026,Aeroporto,Olbia,967,1133
07/02/2026,Aeroporto,Cagliari,4311,4182
07/02/2026,Aeroporto,Alghero,823,859
06/02/2026,Porto,Porto Torres,142,234
06/02/2026,Porto,Olbia,978,1046
06/02/2026,Porto,Cagliari,133,128
06/02/2026,Aeroporto,Olbia,1269,1308
06/02/2026,Aeroporto,Cagliari,5578,5897
06/02/2026,Aeroporto,Alghero,1500,1533
05/02/2026,Porto,Porto Torres,367,277
05/02/2026,Porto,Olbia,1220,937
05/02/2026,Porto,Cagliari,147,185
05/02/2026,Porto,Arbatax,0,10
05/02/2026,Aeroporto,Olbia,1195,979
05/02/2026,Aeroporto,Cagliari,3452,3786
05/02/2026,Aeroporto,Alghero,645,806
04/02/2026,Porto,Porto Vesme,0,0
04/02/2026,Porto,Porto Torres,151,162
04/02/2026,Porto,Olbia,702,703
04/02/2026,Porto,Golfo Aranci,108,102
04/02/2026,Porto,Cagliari,81,93
04/02/2026,Porto,Arbatax,47,0
04/02/2026,Aeroporto,Olbia,752,733
04/02/2026,Aeroporto,Cagliari,2310,2439
04/02/2026,Aeroporto,Alghero,657,638
03/02/2026,Porto,Porto Torres,160,138
03/02/2026,Porto,Olbia,1029,716
03/02/2026,Porto,Cagliari,298,157
03/02/2026,Porto,Arbatax,0,21
03/02/2026,Aeroporto,Olbia,684,604
03/02/2026,Aeroporto,Cagliari,2501,2217
03/02/2026,Aeroporto,Alghero,723,791
02/02/2026,Porto,Porto Torres,543,420
02/02/2026,Porto,Olbia,1018,677
02/02/2026,Porto,Golfo Aranci,119,135
02/02/2026,Porto,Cagliari,3,207
02/02/2026,Aeroporto,Olbia,1242,1121
02/02/2026,Aeroporto,Cagliari,5821,5207
02/02/2026,Aeroporto,Alghero,1224,1148
01/02/2026,Porto,Porto Torres,293,176
01/02/2026,Porto,Olbia,949,978
01/02/2026,Porto,Cagliari,76,2
01/02/2026,Porto,Arbatax,42,0
01/02/2026,Aeroporto,Olbia,1313,1083
01/02/2026,Aeroporto,Cagliari,4759,4906
01/02/2026,Aeroporto,Alghero,1256,1200
31/01/2026,Porto,Porto Torres,257,328
31/01/2026,Porto,Olbia,933,1066
31/01/2026,Porto,Cagliari,176,1
31/01/2026,Aeroporto,Olbia,839,934
31/01/2026,Aeroporto,Cagliari,3644,3352
31/01/2026,Aeroporto,Alghero,976,899
30/01/2026,Porto,Porto Torres,142,231
30/01/2026,Porto,Olbia,769,1083
30/01/2026,Porto,Golfo Aranci,138,177
30/01/2026,Porto,Cagliari,116,166
30/01/2026,Aeroporto,Olbia,1209,1301
30/01/2026,Aeroporto,Cagliari,5260,5352
30/01/2026,Aeroporto,Alghero,1480,1465
29/01/2026,Porto,Porto Vesme,0,0
29/01/2026,Porto,Porto Torres,307,323
29/01/2026,Porto,Olbia,801,799
29/01/2026,Porto,Cagliari,156,231
29/01/2026,Porto,Arbatax,0,26
29/01/2026,Aeroporto,Olbia,813,974
29/01/2026,Aeroporto,Cagliari,3096,3528
29/01/2026,Aeroporto,Alghero,682,774
28/01/2026,Porto,Porto Torres,156,113
28/01/2026,Porto,Olbia,718,683
28/01/2026,Porto,Golfo Aranci,76,117
28/01/2026,Porto,Cagliari,112,79
28/01/2026,Porto,Arbatax,37,0
28/01/2026,Aeroporto,Olbia,726,722
28/01/2026,Aeroporto,Cagliari,2343,2564
28/01/2026,Aeroporto,Alghero,635,674
27/01/2026,Porto,Porto Torres,205,176
27/01/2026,Porto,Olbia,1044,684
27/01/2026,Porto,Cagliari,215,187
27/01/2026,Porto,Arbatax,0,32
27/01/2026,Aeroporto,Olbia,747,773
27/01/2026,Aeroporto,Cagliari,2504,2460
27/01/2026,Aeroporto,Alghero,823,785
26/01/2026,Porto,Porto Torres,256,163
26/01/2026,Porto,Olbia,907,761
26/01/2026,Porto,Golfo Aranci,191,179
26/01/2026,Porto,Cagliari,1,208
26/01/2026,Aeroporto,Olbia,1423,1015
26/01/2026,Aeroporto,Cagliari,5623,5164
26/01/2026,Aeroporto,Alghero,1377,1216
25/01/2026,Porto,Porto Torres,287,322
25/01/2026,Porto,Olbia,848,788
25/01/2026,Porto,Cagliari,276,0
25/01/2026,Porto,Arbatax,37,0
25/01/2026,Aeroporto,Olbia,1201,1186
25/01/2026,Aeroporto,Cagliari,4339,4572
25/01/2026,Aeroporto,Alghero,1230,1129
24/01/2026,Porto,Porto Vesme,0,0
24/01/2026,Porto,Porto Torres,163,249
24/01/2026,Porto,Olbia,1005,817
24/01/2026,Porto,Cagliari,188,161
24/01/2026,Aeroporto,Olbia,835,859
24/01/2026,Aeroporto,Cagliari,3494,3440
24/01/2026,Aeroporto,Alghero,844,898
23/01/2026,Porto,Porto Torres,218,277
23/01/2026,Porto,Olbia,843,1014
23/01/2026,Porto,Golfo Aranci,124,134
23/01/2026,Porto,Cagliari,113,125
23/01/2026,Aeroporto,Olbia,1224,1387
23/01/2026,Aeroporto,Cagliari,5217,5486
23/01/2026,Aeroporto,Alghero,1427,1548
22/01/2026,Porto,Porto Torres,339,329
22/01/2026,Porto,Olbia,883,911
22/01/2026,Porto,Cagliari,217,221
22/01/2026,Porto,Arbatax,0,33
22/01/2026,Aeroporto,Olbia,906,1009
22/01/2026,Aeroporto,Cagliari,3077,3384
22/01/2026,Aeroporto,Alghero,727,805
21/01/2026,Porto,Porto Torres,134,246
21/01/2026,Porto,Olbia,897,982
21/01/2026,Porto,Cagliari,0,144
21/01/2026,Aeroporto,Olbia,830,750
21/01/2026,Aeroporto,Cagliari,2454,2506
21/01/2026,Aeroporto,Alghero,766,784
20/01/2026,Porto,Porto Torres,160,122
20/01/2026,Porto,Olbia,515,426
20/01/2026,Aeroporto,Olbia,566,627
20/01/2026,Aeroporto,Cagliari,1995,2034
20/01/2026,Aeroporto,Alghero,702,757
19/01/2026,Porto,Porto Torres,328,144
19/01/2026,Porto,Olbia,1101,610
19/01/2026,Porto,Cagliari,0,104
19/01/2026,Aeroporto,Olbia,1047,1043
19/01/2026,Aeroporto,Cagliari,4798,4870
19/01/2026,Aeroporto,Alghero,1116,1184
18/01/2026,Porto,Porto Torres,422,345
18/01/2026,Porto,Olbia,889,952
18/01/2026,Porto,Cagliari,438,0
18/01/2026,Porto,Arbatax,49,0
18/01/2026,Aeroporto,Olbia,1108,1369
18/01/2026,Aeroporto,Cagliari,4109,4896
18/01/2026,Aeroporto,Alghero,1047,1169
17/01/2026,Porto,Porto Vesme,0,0
17/01/2026,Porto,Porto Torres,211,350
17/01/2026,Porto,Olbia,772,998
17/01/2026,Porto,Cagliari,207,276
17/01/2026,Porto,Arbatax,0,0
17/01/2026,Aeroporto,Olbia,868,943
17/01/2026,Aeroporto,Cagliari,3361,3318
17/01/2026,Aeroporto,Alghero,802,807
16/01/2026,Porto,Porto Torres,206,277
16/01/2026,Porto,Olbia,942,1075
16/01/2026,Porto,Golfo Aranci,140,229
16/01/2026,Porto,Cagliari,147,168
16/01/2026,Aeroporto,Olbia,1288,1251
16/01/2026,Aeroporto,Cagliari,4981,5052
16/01/2026,Aeroporto,Alghero,1306,1407
15/01/2026,Porto,Porto Vesme,0,0
15/01/2026,Porto,Porto Torres,535,413
15/01/2026,Porto,Olbia,980,911
15/01/2026,Porto,Cagliari,253,182
15/01/2026,Porto,Arbatax,0,28
15/01/2026,Aeroporto,Olbia,908,1007
15/01/2026,Aeroporto,Cagliari,3141,3449
15/01/2026,Aeroporto,Alghero,684,675
14/01/2026,Porto,Porto Vesme,0,0
14/01/2026,Porto,Porto Torres,206,184
14/01/2026,Porto,Olbia,890,689
14/01/2026,Porto,Golfo Aranci,100,122
14/01/2026,Porto,Cagliari,97,102
14/01/2026,Porto,Arbatax,73,0
14/01/2026,Aeroporto,Olbia,784,777
14/01/2026,Aeroporto,Cagliari,2195,2188
14/01/2026,Aeroporto,Alghero,547,665
13/01/2026,Porto,Porto Torres,199,219
13/01/2026,Porto,Olbia,1155,741
13/01/2026,Porto,Cagliari,458,155
13/01/2026,Porto,Arbatax,0,46
13/01/2026,Aeroporto,Olbia,781,674
13/01/2026,Aeroporto,Cagliari,2086,2330
13/01/2026,Aeroporto,Alghero,787,762
12/01/2026,Porto,Porto Vesme,0,0
12/01/2026,Porto,Porto Torres,523,425
12/01/2026,Porto,Olbia,1237,920
12/01/2026,Porto,Golfo Aranci,201,227
12/01/2026,Porto,Cagliari,121,422
12/01/2026,Porto,Arbatax,74,0
12/01/2026,Aeroporto,Olbia,1130,1146
12/01/2026,Aeroporto,Cagliari,5020,5045
12/01/2026,Aeroporto,Alghero,1142,1172
11/01/2026,Porto,Porto Torres,411,322
11/01/2026,Porto,Olbia,1324,1160
11/01/2026,Porto,Cagliari,0,0
11/01/2026,Aeroporto,Olbia,1260,1236
11/01/2026,Aeroporto,Cagliari,3884,4954
11/01/2026,Aeroporto,Alghero,1091,1257
10/01/2026,Porto,Porto Vesme,0,0
10/01/2026,Porto,Olbia,1400,2264
10/01/2026,Porto,Cagliari,10,183
10/01/2026,Porto,Arbatax,0,0
10/01/2026,Aeroporto,Olbia,1017,1018
10/01/2026,Aeroporto,Cagliari,3080,3555
10/01/2026,Aeroporto,Alghero,709,905
09/01/2026,Porto,Porto Vesme,0,0
09/01/2026,Porto,Porto Torres,0,0
09/01/2026,Porto,Olbia,1045,2078
09/01/2026,Porto,Golfo Aranci,171,456
09/01/2026,Porto,Cagliari,166,0
09/01/2026,Aeroporto,Olbia,1061,1139
09/01/2026,Aeroporto,Cagliari,4461,5082
09/01/2026,Aeroporto,Alghero,1293,1239
08/01/2026,Porto,Porto Torres,0,0
08/01/2026,Porto,Olbia,1821,1940
08/01/2026,Porto,Cagliari,567,10
08/01/2026,Porto,Arbatax,0,55
08/01/2026,Aeroporto,Olbia,787,951
08/01/2026,Aeroporto,Cagliari,2629,3369
08/01/2026,Aeroporto,Alghero,527,653
07/01/2026,Porto,Porto Torres,299,349
07/01/2026,Porto,Olbia,1400,1515
07/01/2026,Porto,Golfo Aranci,187,487
07/01/2026,Porto,Cagliari,195,161
07/01/2026,Porto,Arbatax,83,0
07/01/2026,Aeroporto,Olbia,1015,1106
07/01/2026,Aeroporto,Cagliari,2582,3108
07/01/2026,Aeroporto,Alghero,766,928
06/01/2026,Porto,Porto Torres,1307,1299
06/01/2026,Porto,Olbia,2303,2468
06/01/2026,Porto,Golfo Aranci,494,605
06/01/2026,Porto,Cagliari,859,194
06/01/2026,Porto,Arbatax,0,108
06/01/2026,Aeroporto,Olbia,1358,1831
06/01/2026,Aeroporto,Cagliari,3659,3595
06/01/2026,Aeroporto,Alghero,1097,1357
05/01/2026,Porto,Porto Vesme,0,0
05/01/2026,Porto,Porto Torres,1016,1674
05/01/2026,Porto,Olbia,2260,4063
05/01/2026,Porto,Golfo Aranci,393,1196
05/01/2026,Porto,Cagliari,0,673
05/01/2026,Aeroporto,Olbia,1815,2208
05/01/2026,Aeroporto,Cagliari,6746,6786
05/01/2026,Aeroporto,Alghero,1681,1781
04/01/2026,Porto,Porto Torres,732,1223
04/01/2026,Porto,Olbia,2228,3837
04/01/2026,Porto,Golfo Aranci,459,1023
04/01/2026,Porto,Cagliari,1104,0
04/01/2026,Porto,Arbatax,77,0
04/01/2026,Aeroporto,Olbia,1658,1915
04/01/2026,Aeroporto,Cagliari,6324,6986
04/01/2026,Aeroporto,Alghero,1319,1617
03/01/2026,Porto,Porto Vesme,0,0
03/01/2026,Porto,Porto Torres,1617,2757
03/01/2026,Porto,Olbia,1889,3564
03/01/2026,Porto,Golfo Aranci,462,1080
03/01/2026,Porto,Cagliari,765,260
03/01/2026,Aeroporto,Olbia,1494,2067
03/01/2026,Aeroporto,Cagliari,5138,5868
03/01/2026,Aeroporto,Alghero,1240,1466
02/01/2026,Porto,Porto Vesme,0,0
02/01/2026,Porto,Porto Torres,269,1142
02/01/2026,Porto,Olbia,1500,3292
02/01/2026,Porto,Golfo Aranci,378,1122
02/01/2026,Porto,Cagliari,161,366
02/01/2026,Aeroporto,Olbia,1840,2158
02/01/2026,Aeroporto,Cagliari,6468,7045
02/01/2026,Aeroporto,Alghero,1397,1684
01/01/2026,Porto,Porto Torres,231,1630
01/01/2026,Porto,Olbia,138,2666
01/01/2026,Porto,Golfo Aranci,0,844
01/01/2026,Porto,Cagliari,76,380
01/01/2026,Porto,Arbatax,0,26
01/01/2026,Aeroporto,Olbia,721,1154
01/01/2026,Aeroporto,Cagliari,4145,5006
01/01/2026,Aeroporto,Alghero,646,1098
31/12/2025,Porto,Porto Vesme,0,0
31/12/2025,Porto,Porto Torres,656,255
31/12/2025,Porto,Olbia,0,69
31/12/2025,Porto,Golfo Aranci,521,0
31/12/2025,Porto,Cagliari,183,110
31/12/2025,Porto,Arbatax,130,0
31/12/2025,Aeroporto,Olbia,1509,1375
31/12/2025,Aeroporto,Cagliari,4110,4614
31/12/2025,Aeroporto,Alghero,1006,1180
30/12/2025,Porto,Porto Vesme,0,0
30/12/2025,Porto,Porto Torres,908,1173
30/12/2025,Porto,Olbia,0,2681
30/12/2025,Porto,Golfo Aranci,650,130
30/12/2025,Porto,Cagliari,717,619
30/12/2025,Porto,Arbatax,0,67
30/12/2025,Aeroporto,Olbia,1822,1952
30/12/2025,Aeroporto,Cagliari,5415,6632
30/12/2025,Aeroporto,Alghero,1893,2011
29/12/2025,Porto,Porto Torres,763,668
29/12/2025,Porto,Olbia,0,2509
29/12/2025,Porto,Golfo Aranci,891,724
29/12/2025,Porto,Cagliari,0,1046
29/12/2025,Aeroporto,Olbia,1970,1991
29/12/2025,Aeroporto,Cagliari,6224,7238
29/12/2025,Aeroporto,Alghero,1739,1803
28/12/2025,Porto,Porto Vesme,0,0
28/12/2025,Porto,Porto Torres,1524,1470
28/12/2025,Porto,Olbia,3490,2568
28/12/2025,Porto,Golfo Aranci,968,593
28/12/2025,Porto,Cagliari,683,0
28/12/2025,Porto,Arbatax,150,0
28/12/2025,Aeroporto,Olbia,1708,1778
28/12/2025,Aeroporto,Cagliari,6529,7432
28/12/2025,Aeroporto,Alghero,1434,1719
27/12/2025,Porto,Porto Torres,1474,1351
27/12/2025,Porto,Olbia,3105,2952
27/12/2025,Porto,Golfo Aranci,861,806
27/12/2025,Porto,Cagliari,478,604
27/12/2025,Aeroporto,Olbia,1800,1799
27/12/2025,Aeroporto,Cagliari,5389,5952
27/12/2025,Aeroporto,Alghero,1209,1324
26/12/2025,Porto,Porto Vesme,0,0
26/12/2025,Porto,Porto Torres,359,624
26/12/2025,Porto,Olbia,1194,2089
26/12/2025,Porto,Golfo Aranci,632,450
26/12/2025,Porto,Cagliari,116,356
26/12/2025,Aeroporto,Olbia,1678,1678
26/12/2025,Aeroporto,Cagliari,4789,5799
26/12/2025,Aeroporto,Alghero,1728,1529
25/12/2025,Porto,Porto Torres,429,217
25/12/2025,Porto,Olbia,179,698
25/12/2025,Porto,Golfo Aranci,0,178
25/12/2025,Porto,Cagliari,71,306
25/12/2025,Porto,Arbatax,0,24
25/12/2025,Aeroporto,Olbia,485,577
25/12/2025,Aeroporto,Cagliari,1621,1648
25/12/2025,Aeroporto,Alghero,351,391
24/12/2025,Porto,Porto Vesme,0,0
24/12/2025,Porto,Porto Torres,1827,286
24/12/2025,Porto,Olbia,4026,277
24/12/2025,Porto,Golfo Aranci,944,0
24/12/2025,Porto,Cagliari,255,55
24/12/2025,Porto,Arbatax,154,0
24/12/2025,Aeroporto,Olbia,1597,1111
24/12/2025,Aeroporto,Cagliari,4565,3556
24/12/2025,Aeroporto,Alghero,1248,891
23/12/2025,Porto,Porto Vesme,0,0
23/12/2025,Porto,Porto Torres,964,396
23/12/2025,Porto,Olbia,4218,2050
23/12/2025,Porto,Golfo Aranci,792,302
23/12/2025,Porto,Cagliari,439,724
23/12/2025,Porto,Arbatax,0,76
23/12/2025,Aeroporto,Olbia,1853,1680
23/12/2025,Aeroporto,Cagliari,6161,5851
23/12/2025,Aeroporto,Alghero,2061,1702
22/12/2025,Porto,Porto Torres,1022,542
22/12/2025,Porto,Olbia,2767,1959
22/12/2025,Porto,Golfo Aranci,877,370
22/12/2025,Porto,Cagliari,1,1029
22/12/2025,Aeroporto,Olbia,2001,1489
22/12/2025,Aeroporto,Cagliari,7185,5647
22/12/2025,Aeroporto,Alghero,1979,1486
21/12/2025,Porto,Porto Torres,2000,640
21/12/2025,Porto,Olbia,3034,1336
21/12/2025,Porto,Golfo Aranci,787,160
21/12/2025,Porto,Cagliari,660,2
21/12/2025,Porto,Arbatax,148,0
21/12/2025,Aeroporto,Olbia,1785,1303
21/12/2025,Aeroporto,Cagliari,6812,5236
21/12/2025,Aeroporto,Alghero,1479,1015
20/12/2025,Porto,Porto Vesme,0,0
20/12/2025,Porto,Porto Torres,1072,568
20/12/2025,Porto,Olbia,2959,1957
20/12/2025,Porto,Golfo Aranci,651,315
20/12/2025,Porto,Cagliari,460,1076
20/12/2025,Aeroporto,Olbia,2039,1589
20/12/2025,Aeroporto,Cagliari,6060,4481
20/12/2025,Aeroporto,Alghero,1583,971
19/12/2025,Porto,Porto Vesme,0,0
19/12/2025,Porto,Porto Torres,1240,1055
19/12/2025,Porto,Olbia,2101,2493
19/12/2025,Porto,Golfo Aranci,303,34
19/12/2025,Porto,Cagliari,292,340
19/12/2025,Aeroporto,Olbia,2251,1722
19/12/2025,Aeroporto,Cagliari,7187,5572
19/12/2025,Aeroporto,Alghero,1976,1438
18/12/2025,Porto,Porto Vesme,0,0
18/12/2025,Porto,Porto Torres,287,296
18/12/2025,Porto,Olbia,1270,1500
18/12/2025,Porto,Cagliari,299,651
18/12/2025,Porto,Arbatax,0,56
18/12/2025,Aeroporto,Olbia,1685,1457
18/12/2025,Aeroporto,Cagliari,5846,4623
18/12/2025,Aeroporto,Alghero,1313,975
17/12/2025,Porto,Porto Vesme,0,0
17/12/2025,Porto,Porto Torres,231,273
17/12/2025,Porto,Olbia,893,1096
17/12/2025,Porto,Golfo Aranci,89,154
17/12/2025,Porto,Cagliari,146,170
17/12/2025,Porto,Arbatax,100,0
17/12/2025,Aeroporto,Olbia,902,907
17/12/2025,Aeroporto,Cagliari,3343,2662
17/12/2025,Aeroporto,Alghero,596,828
16/12/2025,Porto,Porto Torres,317,237
16/12/2025,Porto,Olbia,1161,1059
16/12/2025,Porto,Cagliari,304,400
16/12/2025,Porto,Arbatax,1,35
16/12/2025,Aeroporto,Olbia,820,766
16/12/2025,Aeroporto,Cagliari,2962,2304
16/12/2025,Aeroporto,Alghero,1101,1122
15/12/2025,Porto,Porto Vesme,0,0
15/12/2025,Porto,Porto Torres,349,247
15/12/2025,Porto,Olbia,1153,1096
15/12/2025,Porto,Golfo Aranci,155,127
15/12/2025,Porto,Cagliari,0,299
15/12/2025,Aeroporto,Olbia,1702,1371
15/12/2025,Aeroporto,Cagliari,6513,5166
15/12/2025,Aeroporto,Alghero,1599,1056
14/12/2025,Porto,Porto Vesme,0,0
14/12/2025,Porto,Porto Torres,280,319
14/12/2025,Porto,Olbia,937,1145
14/12/2025,Porto,Cagliari,313,13
14/12/2025,Porto,Arbatax,77,0
14/12/2025,Aeroporto,Olbia,1764,1548
14/12/2025,Aeroporto,Cagliari,6000,4898
14/12/2025,Aeroporto,Alghero,1410,1101
13/12/2025,Porto,Porto Vesme,0,0
13/12/2025,Porto,Porto Torres,438,590
13/12/2025,Porto,Olbia,1106,1204
13/12/2025,Porto,Cagliari,274,373
13/12/2025,Aeroporto,Olbia,1211,1195
13/12/2025,Aeroporto,Cagliari,4853,4513
13/12/2025,Aeroporto,Alghero,1036,927
12/12/2025,Porto,Porto Torres,225,300
12/12/2025,Porto,Olbia,1097,1266
12/12/2025,Porto,Golfo Aranci,132,151
12/12/2025,Porto,Cagliari,153,262
12/12/2025,Aeroporto,Olbia,1431,1592
12/12/2025,Aeroporto,Cagliari,5830,6276
12/12/2025,Aeroporto,Alghero,1437,1607
11/12/2025,Porto,Porto Torres,191,248
11/12/2025,Porto,Olbia,1058,1106
11/12/2025,Porto,Cagliari,363,292
11/12/2025,Aeroporto,Olbia,1310,1483
11/12/2025,Aeroporto,Cagliari,4175,4506
11/12/2025,Aeroporto,Alghero,865,1050
10/12/2025,Porto,Porto Vesme,0,0
10/12/2025,Porto,Porto Torres,900,524
10/12/2025,Porto,Olbia,1431,918
10/12/2025,Porto,Golfo Aranci,159,162
10/12/2025,Porto,Arbatax,102,0
10/12/2025,Aeroporto,Olbia,1024,925
10/12/2025,Aeroporto,Cagliari,3441,3300
10/12/2025,Aeroporto,Alghero,1061,971
09/12/2025,Porto,Porto Vesme,0,0
09/12/2025,Porto,Porto Torres,323,272
09/12/2025,Porto,Olbia,1551,1137
09/12/2025,Porto,Arbatax,0,45
09/12/2025,Aeroporto,Olbia,1234,1026
09/12/2025,Aeroporto,Cagliari,3394,3072
09/12/2025,Aeroporto,Alghero,1578,1010
08/12/2025,Porto,Porto Vesme,0,0
08/12/2025,Porto,Porto Torres,365,330
08/12/2025,Porto,Olbia,1033,1418
08/12/2025,Porto,Golfo Aranci,668,196
08/12/2025,Aeroporto,Olbia,1830,1684
08/12/2025,Aeroporto,Cagliari,6773,6346
08/12/2025,Aeroporto,Alghero,1655,1267
07/12/2025,Porto,Porto Torres,392,815
07/12/2025,Porto,Olbia,662,1219
07/12/2025,Porto,Arbatax,76,0
07/12/2025,Aeroporto,Olbia,1421,1317
07/12/2025,Aeroporto,Cagliari,5436,5523
07/12/2025,Aeroporto,Alghero,1137,975
06/12/2025,Porto,Porto Torres,499,561
06/12/2025,Porto,Olbia,1477,933
06/12/2025,Aeroporto,Olbia,1206,1511
06/12/2025,Aeroporto,Cagliari,5233,5394
06/12/2025,Aeroporto,Alghero,908,1241
05/12/2025,Porto,Porto Torres,267,441
05/12/2025,Porto,Olbia,1389,2234
05/12/2025,Porto,Golfo Aranci,216,670
05/12/2025,Porto,Arbatax,0,3
05/12/2025,Aeroporto,Olbia,1690,1918
05/12/2025,Aeroporto,Cagliari,6391,6983
05/12/2025,Aeroporto,Alghero,1592,2112
04/12/2025,Porto,Porto Torres,552,642
04/12/2025,Porto,Olbia,1109,1543
04/12/2025,Porto,Arbatax,0,87
04/12/2025,Aeroporto,Olbia,1302,1694
04/12/2025,Aeroporto,Cagliari,4003,4914
04/12/2025,Aeroporto,Alghero,762,1106
03/12/2025,Porto,Porto Vesme,0,0
03/12/2025,Porto,Porto Torres,232,281
03/12/2025,Porto,Olbia,860,1023
03/12/2025,Porto,Golfo Aranci,141,140
03/12/2025,Porto,Arbatax,75,0
03/12/2025,Aeroporto,Olbia,856,891
03/12/2025,Aeroporto,Cagliari,2768,3120
03/12/2025,Aeroporto,Alghero,785,862
02/12/2025,Porto,Porto Vesme,0,0
02/12/2025,Porto,Porto Torres,275,203
02/12/2025,Porto,Olbia,1086,1067
02/12/2025,Aeroporto,Olbia,812,724
02/12/2025,Aeroporto,Cagliari,2758,2617
02/12/2025,Aeroporto,Alghero,865,848
01/12/2025,Porto,Porto Vesme,0,0
01/12/2025,Porto,Porto Torres,244,221
01/12/2025,Porto,Olbia,1373,945
01/12/2025,Porto,Golfo Aranci,144,159
01/12/2025,Porto,Cagliari,0,349
01/12/2025,Aeroporto,Olbia,290,621
01/12/2025,Aeroporto,Cagliari,6231,5835
01/12/2025,Aeroporto,Alghero,1532,1299
30/11/2025,Porto,Porto Torres,267,320
30/11/2025,Porto,Cagliari,395,9
30/11/2025,Porto,Arbatax,51,0
30/11/2025,Aeroporto,Olbia,1695,1501
30/11/2025,Aeroporto,Cagliari,5524,5541
30/11/2025,Aeroporto,Alghero,1387,1229
29/11/2025,Porto,Porto Torres,325,476
29/11/2025,Porto,Cagliari,234,394
29/11/2025,Aeroporto,Olbia,1136,1284
29/11/2025,Aeroporto,Cagliari,4707,4894
29/11/2025,Aeroporto,Alghero,891,1016
28/11/2025,Porto,Porto Vesme,0,0
28/11/2025,Porto,Porto Torres,331,577
28/11/2025,Porto,Golfo Aranci,115,206
28/11/2025,Porto,Cagliari,151,230
28/11/2025,Aeroporto,Olbia,1426,1607
28/11/2025,Aeroporto,Cagliari,5835,6475
28/11/2025,Aeroporto,Alghero,1356,1654
27/11/2025,Porto,Porto Vesme,0,0
27/11/2025,Porto,Porto Torres,503,622
27/11/2025,Porto,Cagliari,206,350
27/11/2025,Porto,Arbatax,0,35
27/11/2025,Aeroporto,Olbia,1281,1460
27/11/2025,Aeroporto,Cagliari,4276,4742
27/11/2025,Aeroporto,Alghero,769,899
26/11/2025,Porto,Porto Torres,213,216
26/11/2025,Porto,Golfo Aranci,96,130
26/11/2025,Porto,Cagliari,130,143
26/11/2025,Porto,Arbatax,87,0
26/11/2025,Aeroporto,Olbia,868,891
26/11/2025,Aeroporto,Cagliari,2904,3202
26/11/2025,Aeroporto,Alghero,777,798
25/11/2025,Porto,Porto Vesme,0,0
25/11/2025,Porto,Porto Torres,265,197
25/11/2025,Porto,Cagliari,332,207
25/11/2025,Porto,Arbatax,0,33
25/11/2025,Aeroporto,Olbia,930,852
25/11/2025,Aeroporto,Cagliari,2968,2960
25/11/2025,Aeroporto,Alghero,995,892
24/11/2025,Porto,Porto Vesme,0,0
24/11/2025,Porto,Porto Torres,288,231
24/11/2025,Porto,Golfo Aranci,120,154
24/11/2025,Porto,Cagliari,4,274
24/11/2025,Aeroporto,Olbia,1819,1608
24/11/2025,Aeroporto,Cagliari,6486,5927
24/11/2025,Aeroporto,Alghero,1635,1367
23/11/2025,Porto,Porto Vesme,0,0
23/11/2025,Porto,Porto Torres,227,287
23/11/2025,Porto,Cagliari,483,1
23/11/2025,Porto,Arbatax,63,0
23/11/2025,Aeroporto,Olbia,1779,1636
23/11/2025,Aeroporto,Cagliari,5658,5618
23/11/2025,Aeroporto,Alghero,1398,1322
22/11/2025,Porto,Porto Torres,390,678
22/11/2025,Porto,Cagliari,238,280
22/11/2025,Porto,Arbatax,0,2
22/11/2025,Aeroporto,Olbia,1136,1324
22/11/2025,Aeroporto,Cagliari,4635,4927
22/11/2025,Aeroporto,Alghero,928,1056
21/11/2025,Porto,Porto Torres,254,344
21/11/2025,Porto,Golfo Aranci,110,0
21/11/2025,Porto,Cagliari,205,226
21/11/2025,Porto,Arbatax,0,0
21/11/2025,Aeroporto,Olbia,1462,1696
21/11/2025,Aeroporto,Cagliari,6085,6713
21/11/2025,Aeroporto,Alghero,1478,1779
20/11/2025,Porto,Porto Torres,539,686
20/11/2025,Porto,Olbia,1037,1282
20/11/2025,Porto,Cagliari,350,450
20/11/2025,Porto,Arbatax,0,48
20/11/2025,Aeroporto,Olbia,1505,1532
20/11/2025,Aeroporto,Cagliari,4208,4855
20/11/2025,Aeroporto,Alghero,765,1078
19/11/2025,Porto,Porto Vesme,0,0
19/11/2025,Porto,Porto Torres,251,264
19/11/2025,Porto,Olbia,884,1125
19/11/2025,Porto,Golfo Aranci,103,130
19/11/2025,Porto,Cagliari,191,163
19/11/2025,Porto,Arbatax,78,0
19/11/2025,Aeroporto,Olbia,801,972
19/11/2025,Aeroporto,Cagliari,2822,3102
19/11/2025,Aeroporto,Alghero,782,819
18/11/2025,Porto,Porto Vesme,0,0
18/11/2025,Porto,Porto Torres,303,292
18/11/2025,Porto,Olbia,1299,1074
18/11/2025,Porto,Cagliari,793,332
18/11/2025,Porto,Arbatax,0,43
18/11/2025,Aeroporto,Olbia,794,895
18/11/2025,Aeroporto,Cagliari,3002,2854
18/11/2025,Aeroporto,Alghero,940,947
17/11/2025,Porto,Porto Vesme,0,0
17/11/2025,Porto,Porto Torres,273,256
17/11/2025,Porto,Olbia,1378,1159
17/11/2025,Porto,Golfo Aranci,153,141
17/11/2025,Porto,Cagliari,2,418
17/11/2025,Aeroporto,Olbia,1638,1636
17/11/2025,Aeroporto,Cagliari,6051,5823
17/11/2025,Aeroporto,Alghero,1448,1426
16/11/2025,Porto,Porto Vesme,0,0
16/11/2025,Porto,Porto Torres,406,336
16/11/2025,Porto,Olbia,988,1353
16/11/2025,Porto,Cagliari,428,1
16/11/2025,Porto,Arbatax,84,0
16/11/2025,Aeroporto,Olbia,1728,1689
16/11/2025,Aeroporto,Cagliari,5517,5449
16/11/2025,Aeroporto,Alghero,1328,1278
15/11/2025,Porto,Porto Vesme,0,0
15/11/2025,Porto,Porto Torres,539,938
15/11/2025,Porto,Olbia,1176,1741
15/11/2025,Porto,Cagliari,227,340
15/11/2025,Aeroporto,Olbia,1123,1261
15/11/2025,Aeroporto,Cagliari,4570,4931
15/11/2025,Aeroporto,Alghero,995,1007
14/11/2025,Porto,Porto Vesme,0,0
14/11/2025,Porto,Porto Torres,286,378
14/11/2025,Porto,Olbia,1353,1525
14/11/2025,Porto,Golfo Aranci,147,242
14/11/2025,Porto,Cagliari,191,261
14/11/2025,Aeroporto,Olbia,1563,1792
14/11/2025,Aeroporto,Cagliari,5984,6497
14/11/2025,Aeroporto,Alghero,1746,1730
13/11/2025,Porto,Porto Torres,601,701
13/11/2025,Porto,Olbia,1368,1524
13/11/2025,Porto,Cagliari,200,455
13/11/2025,Porto,Arbatax,0,57
13/11/2025,Aeroporto,Olbia,1576,1546
13/11/2025,Aeroporto,Cagliari,4252,4952
13/11/2025,Aeroporto,Alghero,910,1002
12/11/2025,Porto,Porto Vesme,0,0
12/11/2025,Porto,Porto Torres,260,322
12/11/2025,Porto,Golfo Aranci,135,164
12/11/2025,Porto,Cagliari,114,134
12/11/2025,Porto,Arbatax,104,0
12/11/2025,Aeroporto,Olbia,881,893
12/11/2025,Aeroporto,Cagliari,2630,3037
12/11/2025,Aeroporto,Alghero,851,916
11/11/2025,Porto,Porto Vesme,0,0
11/11/2025,Porto,Porto Torres,325,271
11/11/2025,Porto,Cagliari,694,235
11/11/2025,Porto,Arbatax,0,101
11/11/2025,Aeroporto,Olbia,819,918
11/11/2025,Aeroporto,Cagliari,2753,2860
11/11/2025,Aeroporto,Alghero,936,921
10/11/2025,Porto,Porto Vesme,0,0
10/11/2025,Porto,Porto Torres,427,319
10/11/2025,Porto,Golfo Aranci,179,234
10/11/2025,Porto,Cagliari,1,283
10/11/2025,Aeroporto,Olbia,1721,1592
10/11/2025,Aeroporto,Cagliari,6497,6017
10/11/2025,Aeroporto,Alghero,1487,1375
09/11/2025,Porto,Olbia,1123,1370
09/11/2025,Porto,Cagliari,658,2
09/11/2025,Porto,Arbatax,72,0
09/11/2025,Aeroporto,Olbia,1797,1944
09/11/2025,Aeroporto,Cagliari,5658,5654
09/11/2025,Aeroporto,Alghero,1376,1241
08/11/2025,Porto,Olbia,1257,2061
08/11/2025,Porto,Cagliari,264,312
08/11/2025,Aeroporto,Olbia,1159,1732
08/11/2025,Aeroporto,Cagliari,4923,5090
08/11/2025,Aeroporto,Alghero,906,1123
07/11/2025,Porto,Porto Vesme,0,0
07/11/2025,Porto,Olbia,1194,1952
07/11/2025,Porto,Golfo Aranci,188,360
07/11/2025,Porto,Cagliari,252,242
07/11/2025,Aeroporto,Olbia,1560,2079
07/11/2025,Aeroporto,Cagliari,5880,6781
07/11/2025,Aeroporto,Alghero,1668,1804
06/11/2025,Porto,Porto Vesme,0,0
06/11/2025,Porto,Porto Torres,620,825
06/11/2025,Porto,Olbia,1195,1889
06/11/2025,Porto,Cagliari,231,342
06/11/2025,Porto,Arbatax,0,40
06/11/2025,Aeroporto,Olbia,1370,1934
06/11/2025,Aeroporto,Cagliari,4078,4993
06/11/2025,Aeroporto,Alghero,645,982
05/11/2025,Porto,Porto Vesme,2,0
05/11/2025,Porto,Porto Torres,286,361
05/11/2025,Porto,Olbia,1085,1394
05/11/2025,Porto,Golfo Aranci,141,221
05/11/2025,Porto,Cagliari,132,142
05/11/2025,Porto,Arbatax,95,0
05/11/2025,Aeroporto,Olbia,808,1002
05/11/2025,Aeroporto,Cagliari,2793,2978
05/11/2025,Aeroporto,Alghero,758,949
04/11/2025,Porto,Porto Vesme,0,2
04/11/2025,Porto,Porto Torres,300,321
04/11/2025,Porto,Olbia,1702,1483
04/11/2025,Porto,Cagliari,769,242
04/11/2025,Porto,Arbatax,0,66
04/11/2025,Aeroporto,Olbia,828,1146
04/11/2025,Aeroporto,Cagliari,2906,3325
04/11/2025,Aeroporto,Alghero,866,1013
03/11/2025,Porto,Porto Vesme,0,0
03/11/2025,Porto,Porto Torres,597,860
03/11/2025,Porto,Olbia,2080,1621
03/11/2025,Porto,Golfo Aranci,48,295
03/11/2025,Porto,Cagliari,4,435
03/11/2025,Aeroporto,Olbia,1892,2423
03/11/2025,Aeroporto,Cagliari,6709,6463
03/11/2025,Aeroporto,Alghero,1507,1818
02/11/2025,Porto,Porto Torres,326,333
02/11/2025,Porto,Olbia,1573,2257
02/11/2025,Porto,Golfo Aranci,237,296
02/11/2025,Porto,Cagliari,512,0
02/11/2025,Porto,Arbatax,66,0
02/11/2025,Aeroporto,Olbia,2026,3758
02/11/2025,Aeroporto,Cagliari,6262,6697
02/11/2025,Aeroporto,Alghero,1244,1241
01/11/2025,Porto,Porto Torres,301,487
01/11/2025,Porto,Olbia,1725,3095
01/11/2025,Porto,Golfo Aranci,174,891
01/11/2025,Porto,Arbatax,0,0
01/11/2025,Aeroporto,Olbia,1827,3227
01/11/2025,Aeroporto,Cagliari,4911,5183
01/11/2025,Aeroporto,Alghero,1013,1397
31/10/2025,Porto,Porto Torres,322,2028
31/10/2025,Porto,Olbia,1633,3650
31/10/2025,Porto,Golfo Aranci,223,823
31/10/2025,Porto,Cagliari,173,283
31/10/2025,Aeroporto,Olbia,1902,3675
31/10/2025,Aeroporto,Cagliari,5897,6861
31/10/2025,Aeroporto,Alghero,1691,1810
30/10/2025,Porto,Porto Vesme,0,0
30/10/2025,Porto,Porto Torres,696,1243
30/10/2025,Porto,Olbia,1427,3044
30/10/2025,Porto,Golfo Aranci,132,696
30/10/2025,Porto,Cagliari,254,546
30/10/2025,Porto,Arbatax,0,32
30/10/2025,Aeroporto,Olbia,2109,3000
30/10/2025,Aeroporto,Cagliari,4710,6023
30/10/2025,Aeroporto,Alghero,1310,1692
29/10/2025,Porto,Porto Vesme,0,0
29/10/2025,Porto,Porto Torres,493,1125
29/10/2025,Porto,Golfo Aranci,111,428
29/10/2025,Porto,Arbatax,97,0
29/10/2025,Aeroporto,Olbia,1590,2624
29/10/2025,Aeroporto,Cagliari,4379,5589
29/10/2025,Aeroporto,Alghero,1502,1980
28/10/2025,Porto,Porto Torres,201,329
28/10/2025,Porto,Golfo Aranci,177,295
28/10/2025,Porto,Arbatax,0,52
28/10/2025,Aeroporto,Olbia,1395,2746
28/10/2025,Aeroporto,Cagliari,5149,6397
28/10/2025,Aeroporto,Alghero,1703,2109
27/10/2025,Porto,Olbia,2314,3636
27/10/2025,Porto,Cagliari,0,360
27/10/2025,Aeroporto,Olbia,1858,2871
27/10/2025,Aeroporto,Cagliari,6094,6167
27/10/2025,Aeroporto,Alghero,1649,1723
26/10/2025,Porto,Porto Torres,380,294
26/10/2025,Porto,Olbia,3201,3188
26/10/2025,Porto,Cagliari,567,10
26/10/2025,Porto,Arbatax,75,0
26/10/2025,Aeroporto,Olbia,3215,5113
26/10/2025,Aeroporto,Cagliari,5864,6675
26/10/2025,Aeroporto,Alghero,1217,1154
25/10/2025,Porto,Porto Vesme,0,0
25/10/2025,Porto,Porto Torres,1781,1803
25/10/2025,Porto,Olbia,2195,3623
25/10/2025,Porto,Golfo Aranci,318,745
25/10/2025,Porto,Cagliari,260,599
25/10/2025,Aeroporto,Olbia,4948,7187
25/10/2025,Aeroporto,Cagliari,7685,8952
25/10/2025,Aeroporto,Alghero,2324,2571
24/10/2025,Porto,Porto Torres,245,1032
24/10/2025,Porto,Olbia,1823,5897
24/10/2025,Porto,Cagliari,222,330
24/10/2025,Aeroporto,Olbia,4313,5976
24/10/2025,Aeroporto,Cagliari,8021,9141
24/10/2025,Aeroporto,Alghero,3293,3513
23/10/2025,Porto,Porto Vesme,0,0
23/10/2025,Porto,Porto Torres,717,1157
23/10/2025,Porto,Olbia,1597,2604
23/10/2025,Porto,Golfo Aranci,229,805
23/10/2025,Porto,Cagliari,163,418
23/10/2025,Porto,Arbatax,0,56
23/10/2025,Aeroporto,Olbia,3258,5153
23/10/2025,Aeroporto,Cagliari,6707,7624
23/10/2025,Aeroporto,Alghero,1888,2375
22/10/2025,Porto,Porto Torres,1072,855
22/10/2025,Porto,Olbia,1669,2615
22/10/2025,Porto,Golfo Aranci,299,583
22/10/2025,Porto,Cagliari,118,168
22/10/2025,Porto,Arbatax,101,0
22/10/2025,Aeroporto,Olbia,2569,4355
22/10/2025,Aeroporto,Cagliari,6641,8073
22/10/2025,Aeroporto,Alghero,2279,2279
21/10/2025,Porto,Porto Torres,266,249
21/10/2025,Porto,Olbia,2405,2323
21/10/2025,Porto,Golfo Aranci,0,0
21/10/2025,Porto,Cagliari,769,254
21/10/2025,Porto,Arbatax,0,41
21/10/2025,Aeroporto,Olbia,3043,4622
21/10/2025,Aeroporto,Cagliari,6226,7801
21/10/2025,Aeroporto,Alghero,1887,2468
20/10/2025,Porto,Porto Torres,1422,672
20/10/2025,Porto,Olbia,2538,2697
20/10/2025,Porto,Golfo Aranci,715,426
20/10/2025,Porto,Cagliari,3,466
20/10/2025,Aeroporto,Olbia,3827,5344
20/10/2025,Aeroporto,Cagliari,7903,8544
20/10/2025,Aeroporto,Alghero,2753,3362
19/10/2025,Porto,Porto Vesme,0,0
19/10/2025,Porto,Porto Torres,538,624
19/10/2025,Porto,Olbia,2510,3118
19/10/2025,Porto,Golfo Aranci,815,550
19/10/2025,Porto,Cagliari,603,1
19/10/2025,Porto,Arbatax,68,0
19/10/2025,Aeroporto,Olbia,5642,7160
19/10/2025,Aeroporto,Cagliari,8356,8939
19/10/2025,Aeroporto,Alghero,3446,3902
18/10/2025,Porto,Porto Torres,1430,1799
18/10/2025,Porto,Olbia,2169,4049
18/10/2025,Porto,Golfo Aranci,371,880
18/10/2025,Porto,Cagliari,309,657
18/10/2025,Aeroporto,Olbia,6424,7094
18/10/2025,Aeroporto,Cagliari,8291,8873
18/10/2025,Aeroporto,Alghero,2427,2473
17/10/2025,Porto,Porto Vesme,0,0
17/10/2025,Porto,Porto Torres,276,1256
17/10/2025,Porto,Olbia,2278,5201
17/10/2025,Porto,Golfo Aranci,239,827
17/10/2025,Porto,Cagliari,246,330
17/10/2025,Aeroporto,Olbia,5663,5650
17/10/2025,Aeroporto,Cagliari,8556,9197
17/10/2025,Aeroporto,Alghero,3546,3452
16/10/2025,Porto,Porto Vesme,0,0
16/10/2025,Porto,Porto Torres,1007,1772
16/10/2025,Porto,Olbia,2187,4100
16/10/2025,Porto,Golfo Aranci,249,860
16/10/2025,Porto,Cagliari,324,511
16/10/2025,Porto,Arbatax,0,61
16/10/2025,Aeroporto,Olbia,4746,5102
16/10/2025,Aeroporto,Cagliari,7294,8036
16/10/2025,Aeroporto,Alghero,2508,2666
15/10/2025,Porto,Porto Torres,226,680
15/10/2025,Porto,Olbia,1808,3694
15/10/2025,Porto,Golfo Aranci,215,626
15/10/2025,Porto,Cagliari,193,192
15/10/2025,Porto,Arbatax,82,0
15/10/2025,Aeroporto,Olbia,4001,5063
15/10/2025,Aeroporto,Cagliari,7399,8324
15/10/2025,Aeroporto,Alghero,2263,2443
14/10/2025,Porto,Porto Vesme,0,0
14/10/2025,Porto,Porto Torres,911,1149
14/10/2025,Porto,Olbia,2345,3776
14/10/2025,Porto,Golfo Aranci,441,635
14/10/2025,Porto,Cagliari,805,319
14/10/2025,Porto,Arbatax,0,63
14/10/2025,Aeroporto,Olbia,3987,5158
14/10/2025,Aeroporto,Cagliari,6210,8042
14/10/2025,Aeroporto,Alghero,1956,2512
13/10/2025,Porto,Porto Torres,697,598
13/10/2025,Porto,Olbia,3290,3317
13/10/2025,Porto,Golfo Aranci,732,523
13/10/2025,Porto,Cagliari,1,577
13/10/2025,Aeroporto,Olbia,4764,5771
13/10/2025,Aeroporto,Cagliari,8261,8863
13/10/2025,Aeroporto,Alghero,2727,3354
12/10/2025,Porto,Porto Vesme,0,0
12/10/2025,Porto,Porto Torres,1242,1452
12/10/2025,Porto,Olbia,3720,3648
12/10/2025,Porto,Golfo Aranci,990,688
12/10/2025,Porto,Cagliari,743,1
12/10/2025,Porto,Arbatax,61,0
12/10/2025,Aeroporto,Olbia,6588,8094
12/10/2025,Aeroporto,Cagliari,8284,9253
12/10/2025,Aeroporto,Alghero,3419,3896
11/10/2025,Porto,Porto Vesme,0,0
11/10/2025,Porto,Porto Torres,944,1987
11/10/2025,Porto,Olbia,3044,5671
11/10/2025,Porto,Golfo Aranci,408,947
11/10/2025,Porto,Cagliari,364,597
11/10/2025,Aeroporto,Olbia,7681,8285
11/10/2025,Aeroporto,Cagliari,8481,9511
11/10/2025,Aeroporto,Alghero,2477,2752
10/10/2025,Porto,Porto Vesme,0,0
10/10/2025,Porto,Porto Torres,477,2478
10/10/2025,Porto,Olbia,2612,5769
10/10/2025,Porto,Golfo Aranci,313,946
10/10/2025,Porto,Cagliari,269,335
10/10/2025,Aeroporto,Olbia,6661,7290
10/10/2025,Aeroporto,Cagliari,8834,9228
10/10/2025,Aeroporto,Alghero,3333,3222
09/10/2025,Porto,Porto Torres,1053,1964
09/10/2025,Porto,Olbia,2245,5543
09/10/2025,Porto,Golfo Aranci,262,615
09/10/2025,Porto,Cagliari,330,544
09/10/2025,Porto,Arbatax,0,60
09/10/2025,Aeroporto,Olbia,5306,5748
09/10/2025,Aeroporto,Cagliari,7822,8053
09/10/2025,Aeroporto,Alghero,2495,2658
08/10/2025,Porto,Porto Torres,421,1287
08/10/2025,Porto,Olbia,2053,3749
08/10/2025,Porto,Golfo Aranci,266,660
08/10/2025,Porto,Cagliari,202,223
08/10/2025,Porto,Arbatax,83,0
08/10/2025,Aeroporto,Olbia,5014,5662
08/10/2025,Aeroporto,Cagliari,7508,8246
08/10/2025,Aeroporto,Alghero,2187,2755
07/10/2025,Porto,Porto Vesme,0,0
07/10/2025,Porto,Porto Torres,901,1199
07/10/2025,Porto,Olbia,3620,4699
07/10/2025,Porto,Golfo Aranci,486,497
07/10/2025,Porto,Cagliari,701,315
07/10/2025,Porto,Arbatax,0,89
07/10/2025,Aeroporto,Olbia,4969,6478
07/10/2025,Aeroporto,Cagliari,6740,8041
07/10/2025,Aeroporto,Alghero,2210,2739
06/10/2025,Porto,Porto Torres,1736,1658
06/10/2025,Porto,Olbia,3705,3567
06/10/2025,Porto,Golfo Aranci,871,717
06/10/2025,Porto,Cagliari,0,550
06/10/2025,Aeroporto,Olbia,5325,6631
06/10/2025,Aeroporto,Cagliari,8575,9066
06/10/2025,Aeroporto,Alghero,3032,3681
05/10/2025,Porto,Porto Torres,1248,827
05/10/2025,Porto,Olbia,5936,5822
05/10/2025,Porto,Cagliari,710,0
05/10/2025,Porto,Arbatax,110,0
05/10/2025,Aeroporto,Olbia,6848,8783
05/10/2025,Aeroporto,Cagliari,8874,9336
05/10/2025,Aeroporto,Alghero,3348,4064
04/10/2025,Porto,Porto Vesme,0,0
04/10/2025,Porto,Porto Torres,2082,2915
04/10/2025,Porto,Olbia,5186,6316
04/10/2025,Porto,Golfo Aranci,1214,1414
04/10/2025,Aeroporto,Olbia,7517,8758
04/10/2025,Aeroporto,Cagliari,8645,9887
04/10/2025,Aeroporto,Alghero,2861,3073
03/10/2025,Porto,Porto Torres,367,1089
03/10/2025,Porto,Olbia,4036,7028
03/10/2025,Porto,Golfo Aranci,567,804
03/10/2025,Aeroporto,Olbia,7517,7561
03/10/2025,Aeroporto,Cagliari,9303,9624
03/10/2025,Aeroporto,Alghero,3214,3379
02/10/2025,Porto,Porto Torres,1429,2775
02/10/2025,Porto,Olbia,2969,4839
02/10/2025,Porto,Golfo Aranci,371,696
02/10/2025,Porto,Cagliari,349,677
02/10/2025,Porto,Arbatax,0,86
02/10/2025,Aeroporto,Olbia,6271,6190
02/10/2025,Aeroporto,Cagliari,8475,8251
02/10/2025,Aeroporto,Alghero,2802,3062
01/10/2025,Porto,Porto Torres,948,1440
01/10/2025,Porto,Olbia,3730,5350
01/10/2025,Porto,Golfo Aranci,537,739
01/10/2025,Porto,Cagliari,165,280
01/10/2025,Porto,Arbatax,87,0
01/10/2025,Aeroporto,Olbia,5302,6798
01/10/2025,Aeroporto,Cagliari,8197,8980
01/10/2025,Aeroporto,Alghero,2416,2726
30/09/2025,Porto,Porto Vesme,0,0
30/09/2025,Porto,Porto Torres,939,1516
30/09/2025,Porto,Olbia,3666,6430
30/09/2025,Porto,Golfo Aranci,11,590
30/09/2025,Porto,Cagliari,778,477
30/09/2025,Porto,Arbatax,0,101
30/09/2025,Aeroporto,Olbia,5793,8400
30/09/2025,Aeroporto,Cagliari,6855,8807
30/09/2025,Aeroporto,Alghero,2035,3082
29/09/2025,Porto,Porto Vesme,0,0
29/09/2025,Porto,Porto Torres,1442,1496
29/09/2025,Porto,Olbia,5073,6523
29/09/2025,Porto,Golfo Aranci,205,668
29/09/2025,Porto,Cagliari,2,626
29/09/2025,Aeroporto,Olbia,5347,8120
29/09/2025,Aeroporto,Cagliari,8300,9998
29/09/2025,Aeroporto,Alghero,3156,4297
28/09/2025,Porto,Porto Torres,1764,2297
28/09/2025,Porto,Olbia,5948,8909
28/09/2025,Porto,Golfo Aranci,245,843
28/09/2025,Porto,Cagliari,834,2
28/09/2025,Porto,Arbatax,53,0
28/09/2025,Aeroporto,Olbia,7849,10571
28/09/2025,Aeroporto,Cagliari,8887,9752
28/09/2025,Aeroporto,Alghero,3499,4384
27/09/2025,Porto,Porto Vesme,0,0
27/09/2025,Porto,Porto Torres,1885,2690
27/09/2025,Porto,Olbia,5386,8569
27/09/2025,Porto,Golfo Aranci,1259,1576
27/09/2025,Porto,Cagliari,355,703
27/09/2025,Aeroporto,Olbia,9096,11107
27/09/2025,Aeroporto,Cagliari,9717,10822
27/09/2025,Aeroporto,Alghero,2827,3399
26/09/2025,Porto,Porto Torres,2330,3282
26/09/2025,Porto,Olbia,4517,8105
26/09/2025,Porto,Golfo Aranci,575,473
26/09/2025,Porto,Cagliari,269,332
26/09/2025,Aeroporto,Olbia,8270,8673
26/09/2025,Aeroporto,Cagliari,9705,9866
26/09/2025,Aeroporto,Alghero,4261,4513
25/09/2025,Porto,Porto Vesme,0,0
25/09/2025,Porto,Porto Torres,651,1580
25/09/2025,Porto,Olbia,4072,6578
25/09/2025,Porto,Cagliari,475,621
25/09/2025,Porto,Arbatax,0,81
25/09/2025,Aeroporto,Olbia,7318,7373
25/09/2025,Aeroporto,Cagliari,8461,9081
25/09/2025,Aeroporto,Alghero,3183,3278
24/09/2025,Porto,Porto Torres,1249,1754
24/09/2025,Porto,Olbia,4120,5968
24/09/2025,Porto,Golfo Aranci,702,931
24/09/2025,Porto,Cagliari,212,249
24/09/2025,Porto,Arbatax,71,0
24/09/2025,Aeroporto,Olbia,6811,8312
24/09/2025,Aeroporto,Cagliari,8230,9269
24/09/2025,Aeroporto,Alghero,2756,3417
23/09/2025,Porto,Porto Vesme,0,0
23/09/2025,Porto,Porto Torres,928,1175
23/09/2025,Porto,Olbia,5331,5930
23/09/2025,Porto,Cagliari,806,461
23/09/2025,Porto,Arbatax,0,80
23/09/2025,Aeroporto,Olbia,6924,8694
23/09/2025,Aeroporto,Cagliari,7236,8773
23/09/2025,Aeroporto,Alghero,2756,3246
22/09/2025,Porto,Porto Torres,2135,2188
22/09/2025,Porto,Olbia,7098,6759
22/09/2025,Porto,Golfo Aranci,333,798
22/09/2025,Porto,Cagliari,3,805
22/09/2025,Aeroporto,Olbia,6662,8323
22/09/2025,Aeroporto,Cagliari,8959,9511
22/09/2025,Aeroporto,Alghero,3904,4598
21/09/2025,Porto,Porto Torres,2442,2039
21/09/2025,Porto,Olbia,6677,8173
21/09/2025,Porto,Golfo Aranci,247,888
21/09/2025,Porto,Cagliari,907,0
21/09/2025,Porto,Arbatax,80,0
21/09/2025,Aeroporto,Olbia,8457,10340
21/09/2025,Aeroporto,Cagliari,9221,10338
21/09/2025,Aeroporto,Alghero,3592,4141
20/09/2025,Porto,Porto Torres,3317,3967
20/09/2025,Porto,Olbia,7174,9701
20/09/2025,Porto,Golfo Aranci,1507,1646
20/09/2025,Porto,Cagliari,529,634
20/09/2025,Aeroporto,Olbia,10707,11465
20/09/2025,Aeroporto,Cagliari,9972,10701
20/09/2025,Aeroporto,Alghero,3237,3266
19/09/2025,Porto,Porto Torres,1908,2659
19/09/2025,Porto,Olbia,5764,7979
19/09/2025,Porto,Golfo Aranci,752,484
19/09/2025,Porto,Cagliari,278,339
19/09/2025,Aeroporto,Olbia,9375,8924
19/09/2025,Aeroporto,Cagliari,10565,10607
19/09/2025,Aeroporto,Alghero,4590,4412
18/09/2025,Porto,Porto Torres,1246,2574
18/09/2025,Porto,Olbia,5214,6955
18/09/2025,Porto,Cagliari,445,625
18/09/2025,Porto,Arbatax,0,96
18/09/2025,Aeroporto,Olbia,7647,7712
18/09/2025,Aeroporto,Cagliari,8641,8771
18/09/2025,Aeroporto,Alghero,3048,3053
17/09/2025,Porto,Porto Torres,1453,1749
17/09/2025,Porto,Olbia,5064,5940
17/09/2025,Porto,Golfo Aranci,767,936
17/09/2025,Porto,Cagliari,243,299
17/09/2025,Porto,Arbatax,95,0
17/09/2025,Aeroporto,Olbia,7646,8270
17/09/2025,Aeroporto,Cagliari,8129,8929
17/09/2025,Aeroporto,Alghero,2967,3310
16/09/2025,Porto,Porto Vesme,0,0
16/09/2025,Porto,Porto Torres,1702,1408
16/09/2025,Porto,Olbia,6554,6399
16/09/2025,Porto,Cagliari,864,533
16/09/2025,Porto,Arbatax,0,123
16/09/2025,Aeroporto,Olbia,8301,9140
16/09/2025,Aeroporto,Cagliari,7389,8670
16/09/2025,Aeroporto,Alghero,2773,3296
15/09/2025,Porto,Porto Torres,2416,2406
15/09/2025,Porto,Olbia,8142,8751
15/09/2025,Porto,Golfo Aranci,497,972
15/09/2025,Porto,Cagliari,1,871
15/09/2025,Aeroporto,Olbia,7446,8404
15/09/2025,Aeroporto,Cagliari,9695,10213
15/09/2025,Aeroporto,Alghero,3782,4322
14/09/2025,Porto,Porto Torres,2251,2931
14/09/2025,Porto,Olbia,7389,11284
14/09/2025,Porto,Golfo Aranci,1745,2089
14/09/2025,Porto,Cagliari,772,0
14/09/2025,Porto,Arbatax,85,0
14/09/2025,Aeroporto,Olbia,9316,11421
14/09/2025,Aeroporto,Cagliari,9912,10570
14/09/2025,Aeroporto,Alghero,4022,4316
13/09/2025,Porto,Porto Torres,3483,4835
13/09/2025,Porto,Olbia,8395,14682
13/09/2025,Porto,Golfo Aranci,376,1803
13/09/2025,Porto,Cagliari,556,793
13/09/2025,Aeroporto,Olbia,11206,12302
13/09/2025,Aeroporto,Cagliari,10231,11187
13/09/2025,Aeroporto,Alghero,3165,3286
12/09/2025,Porto,Porto Torres,2149,3733
12/09/2025,Porto,Olbia,6249,12298
12/09/2025,Porto,Golfo Aranci,182,1452
12/09/2025,Porto,Cagliari,245,542
12/09/2025,Porto,Arbatax,0,0
12/09/2025,Aeroporto,Olbia,9547,9260
12/09/2025,Aeroporto,Cagliari,10344,10291
12/09/2025,Aeroporto,Alghero,4478,4827
11/09/2025,Porto,Porto Vesme,0,0
11/09/2025,Porto,Porto Torres,1441,2983
11/09/2025,Porto,Olbia,5595,10245
11/09/2025,Porto,Golfo Aranci,450,1277
11/09/2025,Porto,Cagliari,401,765
11/09/2025,Porto,Arbatax,0,146
11/09/2025,Aeroporto,Olbia,8010,8079
11/09/2025,Aeroporto,Cagliari,8455,9143
11/09/2025,Aeroporto,Alghero,3097,3356
10/09/2025,Porto,Porto Torres,1661,2519
10/09/2025,Porto,Olbia,5882,10405
10/09/2025,Porto,Golfo Aranci,384,0
10/09/2025,Porto,Cagliari,211,313
10/09/2025,Porto,Arbatax,147,0
10/09/2025,Aeroporto,Olbia,7843,8943
10/09/2025,Aeroporto,Cagliari,8365,9485
10/09/2025,Aeroporto,Alghero,2983,3346
09/09/2025,Porto,Porto Vesme,0,0
09/09/2025,Porto,Porto Torres,1327,1967
09/09/2025,Porto,Olbia,6407,11057
09/09/2025,Porto,Golfo Aranci,1086,1294
09/09/2025,Porto,Cagliari,882,787
09/09/2025,Porto,Arbatax,0,171
09/09/2025,Aeroporto,Olbia,8246,9387
09/09/2025,Aeroporto,Cagliari,7478,9423
09/09/2025,Aeroporto,Alghero,2988,3469
08/09/2025,Porto,Porto Torres,1535,2727
08/09/2025,Porto,Olbia,8723,13437
08/09/2025,Porto,Golfo Aranci,1897,2448
08/09/2025,Porto,Cagliari,0,1272
08/09/2025,Aeroporto,Olbia,7980,8667
08/09/2025,Aeroporto,Cagliari,9737,10549
08/09/2025,Aeroporto,Alghero,4251,4399
07/09/2025,Porto,Porto Vesme,0,0
07/09/2025,Porto,Porto Torres,3039,4575
07/09/2025,Porto,Olbia,8679,15206
07/09/2025,Porto,Golfo Aranci,1301,2549
07/09/2025,Porto,Cagliari,1037,1
07/09/2025,Porto,Arbatax,112,0
07/09/2025,Aeroporto,Olbia,10811,11946
07/09/2025,Aeroporto,Cagliari,10612,11035
07/09/2025,Aeroporto,Alghero,3941,4353
06/09/2025,Porto,Porto Vesme,0,0
06/09/2025,Porto,Porto Torres,4404,5065
06/09/2025,Porto,Olbia,9562,15580
06/09/2025,Porto,Golfo Aranci,1398,2420
06/09/2025,Porto,Cagliari,561,870
06/09/2025,Porto,Arbatax,0,0
06/09/2025,Aeroporto,Olbia,12404,13034
06/09/2025,Aeroporto,Cagliari,10359,11296
06/09/2025,Aeroporto,Alghero,3086,3446
05/09/2025,Porto,Porto Torres,2299,4677
05/09/2025,Porto,Olbia,7609,14877
05/09/2025,Porto,Golfo Aranci,1281,2311
05/09/2025,Porto,Cagliari,350,648
05/09/2025,Aeroporto,Olbia,9982,10008
05/09/2025,Aeroporto,Cagliari,9900,10437
05/09/2025,Aeroporto,Alghero,4468,4725
04/09/2025,Porto,Porto Torres,1608,2725
04/09/2025,Porto,Olbia,6831,12825
04/09/2025,Porto,Golfo Aranci,1064,2400
04/09/2025,Porto,Cagliari,527,1007
04/09/2025,Porto,Arbatax,0,296
04/09/2025,Aeroporto,Olbia,8833,9312
04/09/2025,Aeroporto,Cagliari,8473,9307
04/09/2025,Aeroporto,Alghero,3345,3590
03/09/2025,Porto,Porto Vesme,0,0
03/09/2025,Porto,Porto Torres,1819,2556
03/09/2025,Porto,Olbia,7444,14700
03/09/2025,Porto,Golfo Aranci,932,1270
03/09/2025,Porto,Cagliari,257,386
03/09/2025,Porto,Arbatax,202,0
03/09/2025,Aeroporto,Olbia,8752,9975
03/09/2025,Aeroporto,Cagliari,8621,10017
03/09/2025,Aeroporto,Alghero,3183,3485
02/09/2025,Porto,Porto Torres,3851,5643
02/09/2025,Porto,Olbia,9419,14933
02/09/2025,Porto,Golfo Aranci,1092,1357
02/09/2025,Porto,Cagliari,929,1099
02/09/2025,Porto,Arbatax,0,365
02/09/2025,Aeroporto,Olbia,9300,11010
02/09/2025,Aeroporto,Cagliari,7495,9558
02/09/2025,Aeroporto,Alghero,2920,4290
01/09/2025,Porto,Porto Vesme,0,0
01/09/2025,Porto,Porto Torres,3596,3026
01/09/2025,Porto,Olbia,12956,15782
01/09/2025,Porto,Golfo Aranci,1939,4462
01/09/2025,Porto,Cagliari,0,2119
01/09/2025,Aeroporto,Olbia,8083,9848
01/09/2025,Aeroporto,Cagliari,9261,10692
01/09/2025,Aeroporto,Alghero,4210,4347
31/08/2025,Porto,Porto Torres,3547,5721
31/08/2025,Porto,Olbia,14138,19076
31/08/2025,Porto,Golfo Aranci,1893,1405
31/08/2025,Porto,Cagliari,1614,0
31/08/2025,Porto,Arbatax,205,0
31/08/2025,Aeroporto,Olbia,12107,15748
31/08/2025,Aeroporto,Cagliari,10241,11960
31/08/2025,Aeroporto,Alghero,3901,4872
30/08/2025,Porto,Porto Vesme,0,0
30/08/2025,Porto,Porto Torres,4300,7671
30/08/2025,Porto,Olbia,12829,17969
30/08/2025,Porto,Golfo Aranci,2245,4248
30/08/2025,Porto,Cagliari,727,1192
30/08/2025,Porto,Arbatax,0,547
30/08/2025,Aeroporto,Olbia,13157,16059
30/08/2025,Aeroporto,Cagliari,11511,12863
30/08/2025,Aeroporto,Alghero,3082,3891
29/08/2025,Porto,Porto Vesme,0,0
29/08/2025,Porto,Porto Torres,3235,8371
29/08/2025,Porto,Olbia,8565,17678
29/08/2025,Porto,Golfo Aranci,1346,1611
29/08/2025,Porto,Cagliari,261,365
29/08/2025,Porto,Arbatax,126,0
29/08/2025,Aeroporto,Olbia,11055,14722
29/08/2025,Aeroporto,Cagliari,9663,11220
29/08/2025,Aeroporto,Alghero,4270,5139
28/08/2025,Porto,Porto Vesme,0,0
28/08/2025,Porto,Porto Torres,1588,3978
28/08/2025,Porto,Olbia,8010,16961
28/08/2025,Porto,Golfo Aranci,394,1661
28/08/2025,Porto,Cagliari,527,1721
28/08/2025,Porto,Arbatax,0,453
28/08/2025,Aeroporto,Olbia,85,173
28/08/2025,Aeroporto,Cagliari,7924,10219
28/08/2025,Aeroporto,Alghero,2991,3440
27/08/2025,Porto,Porto Torres,655,2471
27/08/2025,Porto,Olbia,7391,17651
27/08/2025,Porto,Golfo Aranci,1096,3103
27/08/2025,Porto,Cagliari,289,456
27/08/2025,Porto,Arbatax,139,0
27/08/2025,Aeroporto,Olbia,9127,13164
27/08/2025,Aeroporto,Cagliari,8341,11080
27/08/2025,Aeroporto,Alghero,2773,3570
26/08/2025,Porto,Porto Torres,4732,7824
26/08/2025,Porto,Olbia,8546,16827
26/08/2025,Porto,Golfo Aranci,1525,3105
26/08/2025,Porto,Cagliari,974,1773
26/08/2025,Porto,Arbatax,0,458
26/08/2025,Aeroporto,Olbia,9209,13152
26/08/2025,Aeroporto,Cagliari,7368,10790
26/08/2025,Aeroporto,Alghero,2950,4056
25/08/2025,Porto,Porto Vesme,0,0
25/08/2025,Porto,Porto Torres,2106,2477
25/08/2025,Porto,Olbia,10642,18444
25/08/2025,Porto,Golfo Aranci,1785,3169
25/08/2025,Porto,Cagliari,0,2228
25/08/2025,Aeroporto,Olbia,9694,12918
25/08/2025,Aeroporto,Cagliari,8752,10882
25/08/2025,Aeroporto,Alghero,3806,4766
24/08/2025,Porto,Porto Torres,3681,6206
24/08/2025,Porto,Olbia,11603,19715
24/08/2025,Porto,Golfo Aranci,1356,3210
24/08/2025,Porto,Cagliari,1869,10
24/08/2025,Porto,Arbatax,220,0
24/08/2025,Aeroporto,Olbia,12555,15620
24/08/2025,Aeroporto,Cagliari,10156,12151
24/08/2025,Aeroporto,Alghero,3891,5026
23/08/2025,Porto,Porto Torres,4869,8521
23/08/2025,Porto,Olbia,11955,18561
23/08/2025,Porto,Golfo Aranci,2392,4735
23/08/2025,Porto,Cagliari,921,1563
23/08/2025,Porto,Arbatax,0,540
23/08/2025,Aeroporto,Olbia,13865,15737
23/08/2025,Aeroporto,Cagliari,11363,12840
23/08/2025,Aeroporto,Alghero,3206,3951
22/08/2025,Porto,Porto Torres,3818,7577
22/08/2025,Porto,Olbia,9023,18010
22/08/2025,Porto,Golfo Aranci,1681,2870
22/08/2025,Porto,Cagliari,265,371
22/08/2025,Porto,Arbatax,250,0
22/08/2025,Aeroporto,Olbia,12040,14565
22/08/2025,Aeroporto,Cagliari,10107,11207
22/08/2025,Aeroporto,Alghero,4393,5129
21/08/2025,Porto,Porto Vesme,0,0
21/08/2025,Porto,Porto Torres,1619,4420
21/08/2025,Porto,Olbia,8152,15423
21/08/2025,Porto,Golfo Aranci,1457,3327
21/08/2025,Porto,Cagliari,873,1769
21/08/2025,Porto,Arbatax,0,552
21/08/2025,Aeroporto,Olbia,10421,12786
21/08/2025,Aeroporto,Cagliari,8169,9742
21/08/2025,Aeroporto,Alghero,3147,3788
20/08/2025,Porto,Porto Vesme,0,0
20/08/2025,Porto,Porto Torres,3258,5003
20/08/2025,Porto,Olbia,9627,16068
20/08/2025,Porto,Golfo Aranci,1490,3038
20/08/2025,Porto,Cagliari,343,357
20/08/2025,Porto,Arbatax,279,0
20/08/2025,Aeroporto,Olbia,11026,13642
20/08/2025,Aeroporto,Cagliari,9741,11030
20/08/2025,Aeroporto,Alghero,3121,3655
19/08/2025,Porto,Porto Torres,6589,6444
19/08/2025,Porto,Olbia,11482,15212
19/08/2025,Porto,Golfo Aranci,1641,3052
19/08/2025,Porto,Cagliari,1577,1724
19/08/2025,Porto,Arbatax,0,438
19/08/2025,Aeroporto,Olbia,11372,12957
19/08/2025,Aeroporto,Cagliari,8836,10248
19/08/2025,Aeroporto,Alghero,3334,3674
18/08/2025,Porto,Porto Vesme,0,0
18/08/2025,Porto,Porto Torres,2187,1881
18/08/2025,Porto,Olbia,14164,14915
18/08/2025,Porto,Golfo Aranci,2822,3916
18/08/2025,Porto,Cagliari,0,2223
18/08/2025,Aeroporto,Olbia,11734,13087
18/08/2025,Aeroporto,Cagliari,9834,10706
18/08/2025,Aeroporto,Alghero,4652,4856
17/08/2025,Porto,Porto Torres,4799,4989
17/08/2025,Porto,Olbia,12786,15747
17/08/2025,Porto,Golfo Aranci,2037,1414
17/08/2025,Porto,Cagliari,2096,0
17/08/2025,Porto,Arbatax,493,0
17/08/2025,Aeroporto,Olbia,13689,15388
17/08/2025,Aeroporto,Cagliari,10704,11729
17/08/2025,Aeroporto,Alghero,4096,4472
16/08/2025,Porto,Porto Torres,5696,7217
16/08/2025,Porto,Olbia,13377,17109
16/08/2025,Porto,Golfo Aranci,3102,3898
16/08/2025,Porto,Cagliari,1419,1431
16/08/2025,Porto,Arbatax,0,563
16/08/2025,Aeroporto,Olbia,14262,15679
16/08/2025,Aeroporto,Cagliari,11518,12299
16/08/2025,Aeroporto,Alghero,3394,3798
15/08/2025,Porto,Porto Torres,5543,5929
15/08/2025,Porto,Olbia,12654,13431
15/08/2025,Porto,Golfo Aranci,2808,2552
15/08/2025,Porto,Cagliari,396,323
15/08/2025,Porto,Arbatax,483,0
15/08/2025,Aeroporto,Olbia,12786,13320
15/08/2025,Aeroporto,Cagliari,9546,10175
15/08/2025,Aeroporto,Alghero,4495,4503
14/08/2025,Porto,Porto Torres,2421,3468
14/08/2025,Porto,Olbia,13623,12730
14/08/2025,Porto,Golfo Aranci,2315,2000
14/08/2025,Porto,Cagliari,1462,1101
14/08/2025,Porto,Arbatax,0,277
14/08/2025,Aeroporto,Olbia,11979,11915
14/08/2025,Aeroporto,Cagliari,9325,9438
14/08/2025,Aeroporto,Alghero,3473,3322
13/08/2025,Porto,Porto Vesme,0,0
13/08/2025,Porto,Porto Torres,6189,4339
13/08/2025,Porto,Olbia,13740,11004
13/08/2025,Porto,Golfo Aranci,2625,2167
13/08/2025,Porto,Cagliari,397,438
13/08/2025,Porto,Arbatax,514,0
13/08/2025,Aeroporto,Olbia,12551,12527
13/08/2025,Aeroporto,Cagliari,10447,10049
13/08/2025,Aeroporto,Alghero,3494,3352
12/08/2025,Porto,Porto Vesme,0,0
12/08/2025,Porto,Porto Torres,7428,4254
12/08/2025,Porto,Olbia,17380,10635
12/08/2025,Porto,Golfo Aranci,3299,1694
12/08/2025,Porto,Cagliari,1930,1091
12/08/2025,Porto,Arbatax,0,214
12/08/2025,Aeroporto,Olbia,12676,12336
12/08/2025,Aeroporto,Cagliari,9445,9079
12/08/2025,Aeroporto,Alghero,3709,3297
11/08/2025,Porto,Porto Torres,3421,2514
11/08/2025,Porto,Olbia,17284,10383
11/08/2025,Porto,Golfo Aranci,2505,1716
11/08/2025,Porto,Cagliari,3,1470
11/08/2025,Aeroporto,Olbia,12447,11861
11/08/2025,Aeroporto,Cagliari,10078,9345
11/08/2025,Aeroporto,Alghero,4633,4175
10/08/2025,Porto,Porto Vesme,0,0
10/08/2025,Porto,Porto Torres,5464,4152
10/08/2025,Porto,Olbia,17749,13068
10/08/2025,Porto,Golfo Aranci,2891,2190
10/08/2025,Porto,Cagliari,1911,3
10/08/2025,Porto,Arbatax,556,0
10/08/2025,Aeroporto,Olbia,14246,14372
10/08/2025,Aeroporto,Cagliari,11028,10574
10/08/2025,Aeroporto,Alghero,4617,4148
09/08/2025,Porto,Porto Vesme,0,0
09/08/2025,Porto,Porto Torres,7400,5437
09/08/2025,Porto,Olbia,20842,15869
09/08/2025,Porto,Golfo Aranci,3358,1435
09/08/2025,Porto,Cagliari,1774,1520
09/08/2025,Porto,Arbatax,0,258
09/08/2025,Aeroporto,Olbia,15924,14851
09/08/2025,Aeroporto,Cagliari,12696,11276
09/08/2025,Aeroporto,Alghero,3791,3271
08/08/2025,Porto,Porto Torres,7516,4460
08/08/2025,Porto,Olbia,16572,11584
08/08/2025,Porto,Golfo Aranci,2799,1739
08/08/2025,Porto,Cagliari,338,394
08/08/2025,Porto,Arbatax,560,0
08/08/2025,Aeroporto,Olbia,14477,12943
08/08/2025,Aeroporto,Cagliari,11271,9558
08/08/2025,Aeroporto,Alghero,5220,4572
07/08/2025,Porto,Porto Torres,2042,1451
07/08/2025,Porto,Olbia,15583,10014
07/08/2025,Porto,Golfo Aranci,3055,1464
07/08/2025,Porto,Cagliari,1359,967
07/08/2025,Porto,Arbatax,0,154
07/08/2025,Aeroporto,Olbia,12644,10996
07/08/2025,Aeroporto,Cagliari,9910,8579
07/08/2025,Aeroporto,Alghero,3488,2655
06/08/2025,Porto,Porto Torres,2023,1229
06/08/2025,Porto,Olbia,14390,7944
06/08/2025,Porto,Golfo Aranci,3019,1428
06/08/2025,Porto,Cagliari,385,376
06/08/2025,Porto,Arbatax,543,0
06/08/2025,Aeroporto,Olbia,13320,11837
06/08/2025,Aeroporto,Cagliari,10824,9176
06/08/2025,Aeroporto,Alghero,3573,2848
05/08/2025,Porto,Porto Vesme,0,0
05/08/2025,Porto,Porto Torres,8035,3808
05/08/2025,Porto,Olbia,15977,8503
05/08/2025,Porto,Golfo Aranci,3462,1544
05/08/2025,Porto,Cagliari,1559,0
05/08/2025,Porto,Arbatax,0,166
05/08/2025,Aeroporto,Olbia,13260,11615
05/08/2025,Aeroporto,Cagliari,9689,8363
05/08/2025,Aeroporto,Alghero,3762,3001
04/08/2025,Porto,Porto Torres,3223,2580
04/08/2025,Porto,Olbia,14133,10139
04/08/2025,Porto,Golfo Aranci,4100,2630
04/08/2025,Porto,Cagliari,1,1277
04/08/2025,Aeroporto,Olbia,13085,11971
04/08/2025,Aeroporto,Cagliari,10205,9081
04/08/2025,Aeroporto,Alghero,4651,3933
03/08/2025,Porto,Porto Vesme,0,0
03/08/2025,Porto,Porto Torres,5703,3629
03/08/2025,Porto,Olbia,16430,13329
03/08/2025,Porto,Golfo Aranci,1563,919
03/08/2025,Porto,Cagliari,1585,9
03/08/2025,Porto,Arbatax,527,0
03/08/2025,Aeroporto,Olbia,14945,14255
03/08/2025,Aeroporto,Cagliari,11586,10331
03/08/2025,Aeroporto,Alghero,4702,4320
02/08/2025,Porto,Porto Torres,7288,5417
02/08/2025,Porto,Olbia,18847,16520
02/08/2025,Porto,Golfo Aranci,4468,4112
02/08/2025,Porto,Cagliari,1421,1183
02/08/2025,Porto,Arbatax,0,291
02/08/2025,Aeroporto,Olbia,16097,14261
02/08/2025,Aeroporto,Cagliari,12717,10992
02/08/2025,Aeroporto,Alghero,4120,3436
01/08/2025,Porto,Porto Torres,7411,4829
01/08/2025,Porto,Olbia,15585,12927
01/08/2025,Porto,Golfo Aranci,1392,729
01/08/2025,Porto,Cagliari,349,457
01/08/2025,Porto,Arbatax,554,0
01/08/2025,Aeroporto,Olbia,14838,13033
01/08/2025,Aeroporto,Cagliari,11501,9790
01/08/2025,Aeroporto,Alghero,4973,4423
31/07/2025,Porto,Porto Vesme,0,0
31/07/2025,Porto,Porto Torres,2078,1845
31/07/2025,Porto,Olbia,16365,13937
31/07/2025,Porto,Golfo Aranci,2612,2274
31/07/2025,Porto,Cagliari,1028,937
31/07/2025,Porto,Arbatax,0,222
31/07/2025,Aeroporto,Olbia,13007,11709
31/07/2025,Aeroporto,Cagliari,9957,8790
31/07/2025,Aeroporto,Alghero,3514,3074
30/07/2025,Porto,Porto Vesme,0,0
30/07/2025,Porto,Porto Torres,1859,1792
30/07/2025,Porto,Olbia,11625,11616
30/07/2025,Porto,Golfo Aranci,2584,2085
30/07/2025,Porto,Cagliari,395,359
30/07/2025,Porto,Arbatax,389,0
30/07/2025,Aeroporto,Olbia,13367,13036
30/07/2025,Aeroporto,Cagliari,10859,9848
30/07/2025,Aeroporto,Alghero,3628,3277
29/07/2025,Porto,Porto Torres,6299,4672
29/07/2025,Porto,Olbia,11717,11081
29/07/2025,Porto,Golfo Aranci,1156,1547
29/07/2025,Porto,Cagliari,1121,742
29/07/2025,Porto,Arbatax,0,267
29/07/2025,Aeroporto,Olbia,12430,12380
29/07/2025,Aeroporto,Cagliari,9522,9581
29/07/2025,Aeroporto,Alghero,3254,3548
28/07/2025,Porto,Porto Torres,1985,1381
28/07/2025,Porto,Olbia,13820,12851
28/07/2025,Porto,Golfo Aranci,1927,756
28/07/2025,Porto,Cagliari,2,1323
28/07/2025,Porto,Arbatax,0,0
28/07/2025,Aeroporto,Olbia,11909,12763
28/07/2025,Aeroporto,Cagliari,9900,10072
28/07/2025,Aeroporto,Alghero,4408,4252
27/07/2025,Porto,Porto Torres,4127,4038
27/07/2025,Porto,Olbia,13308,15742
27/07/2025,Porto,Golfo Aranci,1408,1065
27/07/2025,Porto,Cagliari,1390,1
27/07/2025,Porto,Arbatax,484,0
27/07/2025,Aeroporto,Olbia,13947,14628
27/07/2025,Aeroporto,Cagliari,10661,10951
27/07/2025,Aeroporto,Alghero,4257,4532
26/07/2025,Porto,Porto Vesme,0,0
26/07/2025,Porto,Porto Torres,6215,5130
26/07/2025,Porto,Olbia,15152,15981
26/07/2025,Porto,Golfo Aranci,2488,2291
26/07/2025,Porto,Cagliari,1030,1109
26/07/2025,Aeroporto,Olbia,15752,14636
26/07/2025,Aeroporto,Cagliari,12043,11211
26/07/2025,Aeroporto,Alghero,3370,3525
25/07/2025,Porto,Porto Vesme,0,0
25/07/2025,Porto,Porto Torres,5130,4855
25/07/2025,Porto,Olbia,12317,12272
25/07/2025,Porto,Golfo Aranci,2637,2036
25/07/2025,Porto,Cagliari,626,672
25/07/2025,Aeroporto,Olbia,14476,12948
25/07/2025,Aeroporto,Cagliari,11341,9887
25/07/2025,Aeroporto,Alghero,4973,4391
24/07/2025,Porto,Porto Vesme,0,0
24/07/2025,Porto,Porto Torres,1740,1635
24/07/2025,Porto,Olbia,11907,10403
24/07/2025,Porto,Golfo Aranci,1224,1177
24/07/2025,Porto,Cagliari,782,882
24/07/2025,Porto,Arbatax,0,154
24/07/2025,Aeroporto,Olbia,12352,10495
24/07/2025,Aeroporto,Cagliari,9621,8527
24/07/2025,Aeroporto,Alghero,3407,2967
23/07/2025,Porto,Porto Torres,2984,2104
23/07/2025,Porto,Olbia,9991,8613
23/07/2025,Porto,Golfo Aranci,1214,1121
23/07/2025,Porto,Cagliari,344,269
23/07/2025,Porto,Arbatax,380,0
23/07/2025,Aeroporto,Olbia,13100,12231
23/07/2025,Aeroporto,Cagliari,10865,9775
23/07/2025,Aeroporto,Alghero,3415,3415
22/07/2025,Porto,Porto Torres,4516,2575
22/07/2025,Porto,Olbia,11473,8486
22/07/2025,Porto,Golfo Aranci,1340,456
22/07/2025,Porto,Cagliari,1018,663
22/07/2025,Porto,Arbatax,0,155
22/07/2025,Aeroporto,Olbia,11911,12125
22/07/2025,Aeroporto,Cagliari,9398,9389
22/07/2025,Aeroporto,Alghero,3572,3546
21/07/2025,Porto,Porto Torres,3516,2374
21/07/2025,Porto,Olbia,14825,9883
21/07/2025,Porto,Golfo Aranci,2440,1833
21/07/2025,Porto,Cagliari,0,1030
21/07/2025,Porto,Arbatax,0,0
21/07/2025,Aeroporto,Olbia,11074,12354
21/07/2025,Aeroporto,Cagliari,10163,9948
21/07/2025,Aeroporto,Alghero,4537,4286
20/07/2025,Porto,Porto Torres,4733,3322
20/07/2025,Porto,Olbia,14672,13375
20/07/2025,Porto,Golfo Aranci,2486,2278
20/07/2025,Porto,Cagliari,1382,1
20/07/2025,Porto,Arbatax,399,0
20/07/2025,Aeroporto,Olbia,13406,14742
20/07/2025,Aeroporto,Cagliari,10934,10764
20/07/2025,Aeroporto,Alghero,4608,4547
19/07/2025,Porto,Porto Torres,6152,4789
19/07/2025,Porto,Olbia,16032,14604
19/07/2025,Porto,Golfo Aranci,2641,2345
19/07/2025,Porto,Cagliari,892,1039
19/07/2025,Aeroporto,Olbia,15471,14195
19/07/2025,Aeroporto,Cagliari,12525,11188
19/07/2025,Aeroporto,Alghero,3525,3259
18/07/2025,Porto,Porto Torres,5707,3832
18/07/2025,Porto,Olbia,12161,10851
18/07/2025,Porto,Golfo Aranci,2677,1948
18/07/2025,Porto,Cagliari,575,522
18/07/2025,Porto,Arbatax,0,0
18/07/2025,Aeroporto,Olbia,14306,12675
18/07/2025,Aeroporto,Cagliari,11573,10284
18/07/2025,Aeroporto,Alghero,4954,4602
17/07/2025,Porto,Porto Torres,1876,1194
17/07/2025,Porto,Olbia,11099,9270
17/07/2025,Porto,Golfo Aranci,1116,1157
17/07/2025,Porto,Cagliari,764,686
17/07/2025,Porto,Arbatax,0,149
17/07/2025,Aeroporto,Olbia,12484,10451
17/07/2025,Aeroporto,Cagliari,9668,9078
17/07/2025,Aeroporto,Alghero,3539,3087
16/07/2025,Porto,Porto Torres,3334,2010
16/07/2025,Porto,Olbia,9996,7294
16/07/2025,Porto,Golfo Aranci,1290,1055
16/07/2025,Porto,Cagliari,381,300
16/07/2025,Porto,Arbatax,313,0
16/07/2025,Aeroporto,Olbia,13245,11750
16/07/2025,Aeroporto,Cagliari,10920,10175
16/07/2025,Aeroporto,Alghero,3545,3476
15/07/2025,Porto,Porto Vesme,0,0
15/07/2025,Porto,Porto Torres,4092,2522
15/07/2025,Porto,Olbia,12049,9487
15/07/2025,Porto,Golfo Aranci,1106,1038
15/07/2025,Porto,Cagliari,1002,565
15/07/2025,Porto,Arbatax,0,202
15/07/2025,Aeroporto,Olbia,12376,11906
15/07/2025,Aeroporto,Cagliari,9606,9348
15/07/2025,Aeroporto,Alghero,3756,3487
14/07/2025,Porto,Porto Vesme,0,0
14/07/2025,Porto,Porto Torres,3863,2497
14/07/2025,Porto,Olbia,14231,9499
14/07/2025,Porto,Golfo Aranci,2544,1985
14/07/2025,Porto,Cagliari,0,1030
14/07/2025,Aeroporto,Olbia,12223,12031
14/07/2025,Aeroporto,Cagliari,10343,9855
14/07/2025,Aeroporto,Alghero,4868,4736
13/07/2025,Porto,Porto Torres,4311,3179
13/07/2025,Porto,Olbia,13900,12684
13/07/2025,Porto,Golfo Aranci,2729,2036
13/07/2025,Porto,Cagliari,1477,4
13/07/2025,Porto,Arbatax,349,0
13/07/2025,Aeroporto,Olbia,14101,14271
13/07/2025,Aeroporto,Cagliari,10875,11028
13/07/2025,Aeroporto,Alghero,4040,4221
12/07/2025,Porto,Porto Vesme,0,0
12/07/2025,Porto,Porto Torres,5794,4671
12/07/2025,Porto,Olbia,15040,14828
12/07/2025,Porto,Golfo Aranci,2568,2092
12/07/2025,Porto,Cagliari,795,918
12/07/2025,Aeroporto,Olbia,15681,14354
12/07/2025,Aeroporto,Cagliari,12456,11566
12/07/2025,Aeroporto,Alghero,3729,3469
11/07/2025,Porto,Porto Torres,5471,3629
11/07/2025,Porto,Olbia,11883,10801
11/07/2025,Porto,Golfo Aranci,2343,2072
11/07/2025,Porto,Cagliari,538,614
11/07/2025,Aeroporto,Olbia,14647,13088
11/07/2025,Aeroporto,Cagliari,11489,10257
11/07/2025,Aeroporto,Alghero,4996,4531
10/07/2025,Porto,Porto Vesme,0,0
10/07/2025,Porto,Porto Torres,1737,1293
10/07/2025,Porto,Olbia,10215,9139
10/07/2025,Porto,Golfo Aranci,1046,967
10/07/2025,Porto,Cagliari,593,618
10/07/2025,Porto,Arbatax,0,123
10/07/2025,Aeroporto,Olbia,9484,7715
10/07/2025,Aeroporto,Cagliari,9319,8653
10/07/2025,Aeroporto,Alghero,4017,3298
09/07/2025,Porto,Porto Torres,2602,1790
09/07/2025,Porto,Olbia,8835,6746
09/07/2025,Porto,Golfo Aranci,1208,996
09/07/2025,Porto,Cagliari,302,301
09/07/2025,Porto,Arbatax,288,0
09/07/2025,Aeroporto,Olbia,12929,10982
09/07/2025,Aeroporto,Cagliari,10737,9659
09/07/2025,Aeroporto,Alghero,3223,2979
08/07/2025,Porto,Porto Torres,3702,1710
08/07/2025,Porto,Olbia,10307,7337
08/07/2025,Porto,Golfo Aranci,2203,1836
08/07/2025,Porto,Cagliari,972,499
08/07/2025,Porto,Arbatax,0,141
08/07/2025,Aeroporto,Olbia,12077,10822
08/07/2025,Aeroporto,Cagliari,9360,8986
08/07/2025,Aeroporto,Alghero,3596,3576
07/07/2025,Porto,Porto Torres,3751,1722
07/07/2025,Porto,Olbia,12610,7989
07/07/2025,Porto,Golfo Aranci,1322,610
07/07/2025,Porto,Cagliari,0,777
07/07/2025,Aeroporto,Olbia,12111,11869
07/07/2025,Aeroporto,Cagliari,9923,9441
07/07/2025,Aeroporto,Alghero,4339,4025
06/07/2025,Porto,Porto Torres,3956,2528
06/07/2025,Porto,Olbia,13324,10991
06/07/2025,Porto,Golfo Aranci,1928,1855
06/07/2025,Porto,Cagliari,1502,0
06/07/2025,Porto,Arbatax,364,0
06/07/2025,Aeroporto,Olbia,14110,13787
06/07/2025,Aeroporto,Cagliari,10820,10255
06/07/2025,Aeroporto,Alghero,4466,4511
05/07/2025,Porto,Porto Torres,5636,3057
05/07/2025,Porto,Olbia,14650,13100
05/07/2025,Porto,Golfo Aranci,2495,1888
05/07/2025,Porto,Cagliari,791,807
05/07/2025,Aeroporto,Olbia,15242,13476
05/07/2025,Aeroporto,Cagliari,12393,10892
05/07/2025,Aeroporto,Alghero,3574,3275
04/07/2025,Porto,Porto Torres,5462,3022
04/07/2025,Porto,Olbia,11804,8809
04/07/2025,Porto,Golfo Aranci,2653,1525
04/07/2025,Porto,Cagliari,562,429
04/07/2025,Aeroporto,Olbia,13531,11101
04/07/2025,Aeroporto,Cagliari,10925,9533
04/07/2025,Aeroporto,Alghero,5034,4497
03/07/2025,Porto,Porto Torres,1705,1158
03/07/2025,Porto,Olbia,10593,7237
03/07/2025,Porto,Golfo Aranci,1060,798
03/07/2025,Porto,Cagliari,680,636
03/07/2025,Porto,Arbatax,0,116
03/07/2025,Aeroporto,Olbia,10675,8055
03/07/2025,Aeroporto,Cagliari,8939,8064
03/07/2025,Aeroporto,Alghero,3527,2888
02/07/2025,Porto,Porto Vesme,0,0
02/07/2025,Porto,Porto Torres,2661,1643
02/07/2025,Porto,Olbia,9254,5405
02/07/2025,Porto,Golfo Aranci,1198,855
02/07/2025,Porto,Cagliari,351,298
02/07/2025,Porto,Arbatax,303,0
02/07/2025,Aeroporto,Olbia,10881,9675
02/07/2025,Aeroporto,Cagliari,9903,9339
02/07/2025,Aeroporto,Alghero,3286,3014
01/07/2025,Porto,Porto Vesme,0,0
01/07/2025,Porto,Porto Torres,3366,1807
01/07/2025,Porto,Olbia,12143,6663
01/07/2025,Porto,Golfo Aranci,1007,760
01/07/2025,Porto,Cagliari,1061,437
01/07/2025,Porto,Arbatax,0,128
01/07/2025,Aeroporto,Olbia,11077,9731
01/07/2025,Aeroporto,Cagliari,9098,8836
01/07/2025,Aeroporto,Alghero,3548,3293
30/06/2025,Porto,Porto Vesme,0,0
30/06/2025,Porto,Porto Torres,2732,2275
30/06/2025,Porto,Olbia,12629,9142
30/06/2025,Porto,Golfo Aranci,2449,1704
30/06/2025,Porto,Cagliari,0,805
30/06/2025,Aeroporto,Olbia,11037,11428
30/06/2025,Aeroporto,Cagliari,10169,9643
30/06/2025,Aeroporto,Alghero,4362,4419
29/06/2025,Porto,Porto Torres,3492,3513
29/06/2025,Porto,Olbia,12792,12363
29/06/2025,Porto,Golfo Aranci,2910,1986
29/06/2025,Porto,Cagliari,1403,1
29/06/2025,Porto,Arbatax,278,0
29/06/2025,Aeroporto,Olbia,12691,13161
29/06/2025,Aeroporto,Cagliari,11099,11405
29/06/2025,Aeroporto,Alghero,4684,4414
28/06/2025,Porto,Porto Vesme,0,0
28/06/2025,Porto,Porto Torres,4586,4352
28/06/2025,Porto,Olbia,14398,13725
28/06/2025,Porto,Golfo Aranci,1350,1526
28/06/2025,Porto,Cagliari,773,773
28/06/2025,Aeroporto,Olbia,13869,12891
28/06/2025,Aeroporto,Cagliari,11624,10919
28/06/2025,Aeroporto,Alghero,3233,3169
27/06/2025,Porto,Porto Vesme,0,0
27/06/2025,Porto,Porto Torres,3582,2777
27/06/2025,Porto,Olbia,12356,10236
27/06/2025,Porto,Golfo Aranci,1099,699
27/06/2025,Porto,Cagliari,527,422
27/06/2025,Aeroporto,Olbia,12475,10361
27/06/2025,Aeroporto,Cagliari,11039,10247
27/06/2025,Aeroporto,Alghero,4926,4263
26/06/2025,Porto,Porto Vesme,0,0
26/06/2025,Porto,Porto Torres,1279,1190
26/06/2025,Porto,Olbia,8813,7630
26/06/2025,Porto,Golfo Aranci,905,221
26/06/2025,Porto,Cagliari,521,601
26/06/2025,Porto,Arbatax,0,92
26/06/2025,Aeroporto,Olbia,10485,8012
26/06/2025,Aeroporto,Cagliari,9397,8776
26/06/2025,Aeroporto,Alghero,3719,2781
25/06/2025,Porto,Porto Torres,2108,1517
25/06/2025,Porto,Olbia,7520,5900
25/06/2025,Porto,Golfo Aranci,963,390
25/06/2025,Porto,Cagliari,234,235
25/06/2025,Porto,Arbatax,280,0
25/06/2025,Aeroporto,Olbia,10395,8894
25/06/2025,Aeroporto,Cagliari,10159,9394
25/06/2025,Aeroporto,Alghero,3813,3417
24/06/2025,Porto,Porto Vesme,0,0
24/06/2025,Porto,Porto Torres,2722,1686
24/06/2025,Porto,Olbia,9198,6322
24/06/2025,Porto,Golfo Aranci,972,268
24/06/2025,Porto,Cagliari,910,470
24/06/2025,Porto,Arbatax,0,98
24/06/2025,Aeroporto,Olbia,10071,8997
24/06/2025,Aeroporto,Cagliari,8891,8694
24/06/2025,Aeroporto,Alghero,3217,3101
23/06/2025,Porto,Porto Vesme,0,0
23/06/2025,Porto,Porto Torres,2576,1637
23/06/2025,Porto,Olbia,9869,6225
23/06/2025,Porto,Golfo Aranci,1139,958
23/06/2025,Porto,Cagliari,4,655
23/06/2025,Aeroporto,Olbia,10148,9954
23/06/2025,Aeroporto,Cagliari,10024,9650
23/06/2025,Aeroporto,Alghero,4222,4061
22/06/2025,Porto,Porto Torres,3680,1803
22/06/2025,Porto,Olbia,10816,9224
22/06/2025,Porto,Golfo Aranci,1118,864
22/06/2025,Porto,Cagliari,1155,3
22/06/2025,Porto,Arbatax,181,0
22/06/2025,Aeroporto,Olbia,10925,11421
22/06/2025,Aeroporto,Cagliari,10215,10165
22/06/2025,Aeroporto,Alghero,4488,4270
21/06/2025,Porto,Porto Torres,5146,3510
21/06/2025,Porto,Olbia,14221,12903
21/06/2025,Porto,Golfo Aranci,2435,2535
21/06/2025,Porto,Cagliari,801,656
21/06/2025,Aeroporto,Olbia,12231,11479
21/06/2025,Aeroporto,Cagliari,10749,10207
21/06/2025,Aeroporto,Alghero,3432,2977
20/06/2025,Porto,Porto Vesme,0,0
20/06/2025,Porto,Porto Torres,3572,3180
20/06/2025,Porto,Olbia,10800,10849
20/06/2025,Porto,Golfo Aranci,2127,2555
20/06/2025,Porto,Cagliari,424,442
20/06/2025,Aeroporto,Olbia,9802,8748
20/06/2025,Aeroporto,Cagliari,10529,9540
20/06/2025,Aeroporto,Alghero,4557,4079
19/06/2025,Porto,Porto Vesme,0,0
19/06/2025,Porto,Porto Torres,2105,2323
19/06/2025,Porto,Olbia,9320,9250
19/06/2025,Porto,Golfo Aranci,504,675
19/06/2025,Porto,Cagliari,640,516
19/06/2025,Porto,Arbatax,0,74
19/06/2025,Aeroporto,Olbia,8356,7362
19/06/2025,Aeroporto,Cagliari,9437,8757
19/06/2025,Aeroporto,Alghero,3974,3038
18/06/2025,Porto,Porto Vesme,0,0
18/06/2025,Porto,Porto Torres,1136,1150
18/06/2025,Porto,Olbia,6783,6029
18/06/2025,Porto,Golfo Aranci,876,901
18/06/2025,Porto,Cagliari,274,247
18/06/2025,Porto,Arbatax,193,0
18/06/2025,Aeroporto,Olbia,8999,8036
18/06/2025,Aeroporto,Cagliari,9723,8416
18/06/2025,Aeroporto,Alghero,3413,2989
17/06/2025,Porto,Porto Torres,1491,901
17/06/2025,Porto,Olbia,7947,5243
17/06/2025,Porto,Golfo Aranci,1001,830
17/06/2025,Porto,Cagliari,866,406
17/06/2025,Porto,Arbatax,0,59
17/06/2025,Aeroporto,Olbia,9283,8552
17/06/2025,Aeroporto,Cagliari,8532,8587
17/06/2025,Aeroporto,Alghero,3628,3376
16/06/2025,Porto,Porto Torres,2098,1431
16/06/2025,Porto,Olbia,9287,5427
16/06/2025,Porto,Golfo Aranci,1045,614
16/06/2025,Porto,Cagliari,14,964
16/06/2025,Aeroporto,Olbia,7635,7747
16/06/2025,Aeroporto,Cagliari,9696,9315
16/06/2025,Aeroporto,Alghero,4070,3916
15/06/2025,Porto,Porto Torres,1720,873
15/06/2025,Porto,Olbia,9787,6801
15/06/2025,Porto,Golfo Aranci,1239,744
15/06/2025,Porto,Cagliari,759,4
15/06/2025,Porto,Arbatax,211,0
15/06/2025,Aeroporto,Olbia,10684,10737
15/06/2025,Aeroporto,Cagliari,10128,9667
15/06/2025,Aeroporto,Alghero,4323,4148
14/06/2025,Porto,Porto Torres,4040,3061
14/06/2025,Porto,Olbia,11285,8661
14/06/2025,Porto,Golfo Aranci,1022,887
14/06/2025,Porto,Cagliari,592,605
14/06/2025,Aeroporto,Olbia,11678,10887
14/06/2025,Aeroporto,Cagliari,10550,10264
14/06/2025,Aeroporto,Alghero,3069,3005
13/06/2025,Porto,Porto Torres,2935,1949
13/06/2025,Porto,Olbia,8096,5414
13/06/2025,Porto,Golfo Aranci,966,666
13/06/2025,Porto,Cagliari,348,297
13/06/2025,Aeroporto,Olbia,8987,8062
13/06/2025,Aeroporto,Cagliari,10342,9378
13/06/2025,Aeroporto,Alghero,4298,3548
12/06/2025,Porto,Porto Vesme,0,0
12/06/2025,Porto,Porto Torres,1920,1239
12/06/2025,Porto,Olbia,7139,4996
12/06/2025,Porto,Golfo Aranci,838,492
12/06/2025,Porto,Cagliari,389,587
12/06/2025,Porto,Arbatax,0,56
12/06/2025,Aeroporto,Olbia,7752,6476
12/06/2025,Aeroporto,Cagliari,8663,8261
12/06/2025,Aeroporto,Alghero,3160,2738
11/06/2025,Porto,Porto Torres,1364,587
11/06/2025,Porto,Olbia,6442,3473
11/06/2025,Porto,Golfo Aranci,1193,446
11/06/2025,Porto,Cagliari,266,202
11/06/2025,Porto,Arbatax,168,0
11/06/2025,Aeroporto,Olbia,8418,7700
11/06/2025,Aeroporto,Cagliari,9317,8198
11/06/2025,Aeroporto,Alghero,3319,2831
10/06/2025,Porto,Porto Torres,1475,651
10/06/2025,Porto,Olbia,8218,3934
10/06/2025,Porto,Golfo Aranci,0,571
10/06/2025,Porto,Cagliari,767,445
10/06/2025,Porto,Arbatax,0,45
10/06/2025,Aeroporto,Olbia,8561,8003
10/06/2025,Aeroporto,Cagliari,7780,8246
10/06/2025,Aeroporto,Alghero,3350,2845
09/06/2025,Porto,Porto Torres,2669,1481
09/06/2025,Porto,Olbia,9793,4502
09/06/2025,Porto,Golfo Aranci,1208,609
09/06/2025,Porto,Cagliari,0,600
09/06/2025,Aeroporto,Olbia,7271,7538
09/06/2025,Aeroporto,Cagliari,9042,8934
09/06/2025,Aeroporto,Alghero,4174,4022
08/06/2025,Porto,Porto Torres,2196,1083
08/06/2025,Porto,Olbia,11485,7434
08/06/2025,Porto,Golfo Aranci,2382,1001
08/06/2025,Porto,Cagliari,984,15
08/06/2025,Porto,Arbatax,160,0
08/06/2025,Aeroporto,Olbia,10343,10419
08/06/2025,Aeroporto,Cagliari,10033,9426
08/06/2025,Aeroporto,Alghero,3954,3883
07/06/2025,Porto,Porto Torres,2774,2231
07/06/2025,Porto,Olbia,11934,6799
07/06/2025,Porto,Golfo Aranci,2290,1020
07/06/2025,Porto,Cagliari,430,526
07/06/2025,Aeroporto,Olbia,11393,9983
07/06/2025,Aeroporto,Cagliari,10195,9654
07/06/2025,Aeroporto,Alghero,3145,2690
06/06/2025,Porto,Porto Vesme,0,0
06/06/2025,Porto,Porto Torres,2497,1463
06/06/2025,Porto,Olbia,6573,4814
06/06/2025,Porto,Golfo Aranci,731,684
06/06/2025,Porto,Cagliari,270,379
06/06/2025,Aeroporto,Olbia,9458,7779
06/06/2025,Aeroporto,Cagliari,10077,8828
06/06/2025,Aeroporto,Alghero,3801,3215
05/06/2025,Porto,Porto Vesme,0,0
05/06/2025,Porto,Porto Torres,1259,636
05/06/2025,Porto,Olbia,5814,4140
05/06/2025,Porto,Golfo Aranci,668,483
05/06/2025,Porto,Cagliari,427,482
05/06/2025,Porto,Arbatax,0,33
05/06/2025,Aeroporto,Olbia,7118,5413
05/06/2025,Aeroporto,Cagliari,8834,7494
05/06/2025,Aeroporto,Alghero,3406,2459
04/06/2025,Porto,Porto Torres,1484,1017
04/06/2025,Porto,Olbia,5061,3398
04/06/2025,Porto,Golfo Aranci,641,478
04/06/2025,Porto,Cagliari,175,206
04/06/2025,Porto,Arbatax,128,0
04/06/2025,Aeroporto,Olbia,7916,6808
04/06/2025,Aeroporto,Cagliari,8659,7568
04/06/2025,Aeroporto,Alghero,3040,2692
03/06/2025,Porto,Porto Torres,2118,1076
03/06/2025,Porto,Olbia,5422,4189
03/06/2025,Porto,Golfo Aranci,687,565
03/06/2025,Porto,Cagliari,734,407
03/06/2025,Porto,Arbatax,0,80
03/06/2025,Aeroporto,Olbia,8231,8576
03/06/2025,Aeroporto,Cagliari,7918,8421
03/06/2025,Aeroporto,Alghero,3014,2924
02/06/2025,Porto,Porto Torres,1965,1823
02/06/2025,Porto,Olbia,5909,6052
02/06/2025,Porto,Golfo Aranci,590,597
02/06/2025,Porto,Cagliari,1,475
02/06/2025,Aeroporto,Olbia,7336,7684
02/06/2025,Aeroporto,Cagliari,9311,8985
02/06/2025,Aeroporto,Alghero,4181,3816
01/06/2025,Porto,Porto Torres,872,552
01/06/2025,Porto,Olbia,5856,3613
01/06/2025,Porto,Golfo Aranci,777,616
01/06/2025,Porto,Cagliari,883,0
01/06/2025,Porto,Arbatax,186,0
01/06/2025,Aeroporto,Olbia,9476,8616
01/06/2025,Aeroporto,Cagliari,8863,7838
01/06/2025,Aeroporto,Alghero,3746,3428
31/05/2025,Porto,Porto Vesme,0,0
31/05/2025,Porto,Porto Torres,4505,2054
31/05/2025,Porto,Olbia,8647,4490
31/05/2025,Porto,Golfo Aranci,864,617
31/05/2025,Porto,Cagliari,656,494
31/05/2025,Aeroporto,Olbia,10507,9264
31/05/2025,Aeroporto,Cagliari,10191,9773
31/05/2025,Aeroporto,Alghero,2773,2680
30/05/2025,Porto,Porto Vesme,0,0
30/05/2025,Porto,Porto Torres,2697,1088
30/05/2025,Porto,Olbia,6587,3971
30/05/2025,Porto,Golfo Aranci,789,508
30/05/2025,Porto,Cagliari,432,417
30/05/2025,Aeroporto,Olbia,9359,7662
30/05/2025,Aeroporto,Cagliari,9902,8764
30/05/2025,Aeroporto,Alghero,3895,3192
29/05/2025,Porto,Porto Torres,2005,1172
29/05/2025,Porto,Olbia,5767,3114
29/05/2025,Porto,Golfo Aranci,672,463
29/05/2025,Porto,Cagliari,374,515
29/05/2025,Porto,Arbatax,0,45
29/05/2025,Aeroporto,Olbia,6783,4922
29/05/2025,Aeroporto,Cagliari,8981,7223
29/05/2025,Aeroporto,Alghero,3054,2307
28/05/2025,Porto,Porto Vesme,0,0
28/05/2025,Porto,Porto Torres,767,372
28/05/2025,Porto,Olbia,4520,2160
28/05/2025,Porto,Golfo Aranci,717,380
28/05/2025,Porto,Cagliari,199,179
28/05/2025,Porto,Arbatax,169,0
28/05/2025,Aeroporto,Olbia,6707,5006
28/05/2025,Aeroporto,Cagliari,9396,7077
28/05/2025,Aeroporto,Alghero,2999,2516
27/05/2025,Porto,Porto Torres,789,248
27/05/2025,Porto,Olbia,4871,2248
27/05/2025,Porto,Golfo Aranci,651,260
27/05/2025,Porto,Cagliari,746,300
27/05/2025,Porto,Arbatax,0,32
27/05/2025,Aeroporto,Olbia,5740,4695
27/05/2025,Aeroporto,Cagliari,7934,7117
27/05/2025,Aeroporto,Alghero,2357,1996
26/05/2025,Porto,Porto Torres,1515,939
26/05/2025,Porto,Olbia,4292,2201
26/05/2025,Porto,Golfo Aranci,679,329
26/05/2025,Porto,Cagliari,4,389
26/05/2025,Aeroporto,Olbia,5730,5051
26/05/2025,Aeroporto,Cagliari,8380,7775
26/05/2025,Aeroporto,Alghero,3467,3411
25/05/2025,Porto,Porto Torres,871,374
25/05/2025,Porto,Olbia,3926,2625
25/05/2025,Porto,Golfo Aranci,711,445
25/05/2025,Porto,Cagliari,825,5
25/05/2025,Porto,Arbatax,88,0
25/05/2025,Aeroporto,Olbia,7754,6808
25/05/2025,Aeroporto,Cagliari,8372,7720
25/05/2025,Aeroporto,Alghero,3198,3050
24/05/2025,Porto,Porto Torres,1658,1175
24/05/2025,Porto,Olbia,4188,2810
24/05/2025,Porto,Golfo Aranci,690,643
24/05/2025,Porto,Cagliari,337,442
24/05/2025,Aeroporto,Olbia,8977,6705
24/05/2025,Aeroporto,Cagliari,9284,8147
24/05/2025,Aeroporto,Alghero,2441,2251
23/05/2025,Porto,Porto Vesme,0,0
23/05/2025,Porto,Porto Torres,610,483
23/05/2025,Porto,Olbia,4328,3054
23/05/2025,Porto,Golfo Aranci,585,383
23/05/2025,Porto,Cagliari,337,232
23/05/2025,Aeroporto,Olbia,7103,5336
23/05/2025,Aeroporto,Cagliari,8867,7803
23/05/2025,Aeroporto,Alghero,3499,2922
22/05/2025,Porto,Porto Vesme,0,0
22/05/2025,Porto,Porto Torres,2131,1518
22/05/2025,Porto,Olbia,2716,2208
22/05/2025,Porto,Golfo Aranci,597,396
22/05/2025,Porto,Cagliari,263,462
22/05/2025,Porto,Arbatax,0,43
22/05/2025,Aeroporto,Olbia,5651,4189
22/05/2025,Aeroporto,Cagliari,7898,6791
22/05/2025,Aeroporto,Alghero,2548,2171
21/05/2025,Porto,Porto Torres,554,405
21/05/2025,Porto,Olbia,3220,1956
21/05/2025,Porto,Golfo Aranci,426,272
21/05/2025,Porto,Cagliari,178,169
21/05/2025,Porto,Arbatax,134,0
21/05/2025,Aeroporto,Olbia,5021,3868
21/05/2025,Aeroporto,Cagliari,7975,6745
21/05/2025,Aeroporto,Alghero,2836,2330
20/05/2025,Porto,Porto Vesme,0,0
20/05/2025,Porto,Porto Torres,720,356
20/05/2025,Porto,Olbia,3224,1866
20/05/2025,Porto,Golfo Aranci,615,290
20/05/2025,Porto,Cagliari,642,317
20/05/2025,Porto,Arbatax,0,39
20/05/2025,Aeroporto,Olbia,4888,4111
20/05/2025,Aeroporto,Cagliari,7041,7190
20/05/2025,Aeroporto,Alghero,2009,1914
19/05/2025,Porto,Porto Torres,1217,748
19/05/2025,Porto,Olbia,3492,2228
19/05/2025,Porto,Golfo Aranci,618,269
19/05/2025,Porto,Cagliari,0,427
19/05/2025,Porto,Arbatax,0,0
19/05/2025,Aeroporto,Olbia,5035,4699
19/05/2025,Aeroporto,Cagliari,7878,7741
19/05/2025,Aeroporto,Alghero,3185,3101
18/05/2025,Porto,Porto Torres,634,472
18/05/2025,Porto,Olbia,2874,2367
18/05/2025,Porto,Golfo Aranci,208,441
18/05/2025,Porto,Cagliari,747,0
18/05/2025,Porto,Arbatax,79,0
18/05/2025,Aeroporto,Olbia,6342,6072
18/05/2025,Aeroporto,Cagliari,7691,7610
18/05/2025,Aeroporto,Alghero,3107,3140
17/05/2025,Porto,Porto Torres,1210,1034
17/05/2025,Porto,Olbia,3163,2402
17/05/2025,Porto,Golfo Aranci,673,532
17/05/2025,Porto,Cagliari,383,385
17/05/2025,Aeroporto,Olbia,7389,6024
17/05/2025,Aeroporto,Cagliari,8429,8091
17/05/2025,Aeroporto,Alghero,2393,2097
16/05/2025,Porto,Porto Torres,615,487
16/05/2025,Porto,Olbia,2776,2380
16/05/2025,Porto,Golfo Aranci,524,327
16/05/2025,Porto,Cagliari,282,238
16/05/2025,Aeroporto,Olbia,5873,4865
16/05/2025,Aeroporto,Cagliari,8376,7774
16/05/2025,Aeroporto,Alghero,3550,2988
15/05/2025,Porto,Porto Torres,1820,1096
15/05/2025,Porto,Olbia,2997,2653
15/05/2025,Porto,Golfo Aranci,498,318
15/05/2025,Porto,Cagliari,252,376
15/05/2025,Porto,Arbatax,0,59
15/05/2025,Aeroporto,Olbia,5029,4105
15/05/2025,Aeroporto,Cagliari,7873,6980
15/05/2025,Aeroporto,Alghero,2242,2047
14/05/2025,Porto,Porto Vesme,0,0
14/05/2025,Porto,Porto Torres,489,380
14/05/2025,Porto,Olbia,2009,1648
14/05/2025,Porto,Golfo Aranci,302,278
14/05/2025,Porto,Cagliari,155,232
14/05/2025,Porto,Arbatax,99,0
14/05/2025,Aeroporto,Olbia,4173,3761
14/05/2025,Aeroporto,Cagliari,7292,6907
14/05/2025,Aeroporto,Alghero,2559,2313
13/05/2025,Porto,Porto Torres,465,495
13/05/2025,Porto,Olbia,3022,1668
13/05/2025,Porto,Golfo Aranci,473,340
13/05/2025,Porto,Cagliari,585,368
13/05/2025,Porto,Arbatax,0,36
13/05/2025,Aeroporto,Olbia,4229,3843
13/05/2025,Aeroporto,Cagliari,6494,7133
13/05/2025,Aeroporto,Alghero,1807,1808
12/05/2025,Porto,Porto Torres,1230,1002
12/05/2025,Porto,Olbia,2403,1598
12/05/2025,Porto,Golfo Aranci,513,221
12/05/2025,Porto,Cagliari,0,385
12/05/2025,Aeroporto,Olbia,4341,4387
12/05/2025,Aeroporto,Cagliari,7448,7419
12/05/2025,Aeroporto,Alghero,3127,3158
11/05/2025,Porto,Porto Torres,458,326
11/05/2025,Porto,Olbia,2489,2196
11/05/2025,Porto,Golfo Aranci,407,350
11/05/2025,Porto,Cagliari,650,0
11/05/2025,Porto,Arbatax,91,0
11/05/2025,Aeroporto,Olbia,5792,6245
11/05/2025,Aeroporto,Cagliari,7514,7980
11/05/2025,Aeroporto,Alghero,3076,3087
10/05/2025,Porto,Olbia,2020,2060
10/05/2025,Porto,Golfo Aranci,403,455
10/05/2025,Porto,Cagliari,306,364
10/05/2025,Aeroporto,Olbia,6334,6142
10/05/2025,Aeroporto,Cagliari,8282,8332
10/05/2025,Aeroporto,Alghero,2384,2392
09/05/2025,Porto,Porto Vesme,0,0
09/05/2025,Porto,Olbia,2789,2926
09/05/2025,Porto,Golfo Aranci,425,592
09/05/2025,Porto,Cagliari,287,246
09/05/2025,Porto,Arbatax,0,0
09/05/2025,Aeroporto,Olbia,5297,4868
09/05/2025,Aeroporto,Cagliari,8091,8268
09/05/2025,Aeroporto,Alghero,3145,2971
08/05/2025,Porto,Olbia,1942,2042
08/05/2025,Porto,Golfo Aranci,239,328
08/05/2025,Porto,Cagliari,227,346
08/05/2025,Porto,Arbatax,0,38
08/05/2025,Aeroporto,Olbia,4627,3895
08/05/2025,Aeroporto,Cagliari,7411,7006
08/05/2025,Aeroporto,Alghero,2344,2077
07/05/2025,Porto,Porto Vesme,0,0
07/05/2025,Porto,Porto Torres,626,309
07/05/2025,Porto,Olbia,2390,2001
07/05/2025,Porto,Golfo Aranci,378,0
07/05/2025,Porto,Cagliari,191,164
07/05/2025,Porto,Arbatax,82,0
07/05/2025,Aeroporto,Olbia,4115,3488
07/05/2025,Aeroporto,Cagliari,7037,7150
07/05/2025,Aeroporto,Alghero,2439,2322
06/05/2025,Porto,Porto Torres,523,349
06/05/2025,Porto,Olbia,2420,2964
06/05/2025,Porto,Golfo Aranci,385,433
06/05/2025,Porto,Cagliari,652,250
06/05/2025,Porto,Arbatax,0,52
06/05/2025,Aeroporto,Olbia,3890,4412
06/05/2025,Aeroporto,Cagliari,5961,7591
06/05/2025,Aeroporto,Alghero,1825,2120
05/05/2025,Porto,Porto Torres,1105,872
05/05/2025,Porto,Olbia,3242,2627
05/05/2025,Porto,Golfo Aranci,494,639
05/05/2025,Porto,Cagliari,0,709
05/05/2025,Aeroporto,Olbia,4028,5190
05/05/2025,Aeroporto,Cagliari,7068,8212
05/05/2025,Aeroporto,Alghero,2752,3405
04/05/2025,Porto,Porto Vesme,0,0
04/05/2025,Porto,Porto Torres,710,1182
04/05/2025,Porto,Olbia,2023,4181
04/05/2025,Porto,Golfo Aranci,541,810
04/05/2025,Porto,Cagliari,955,0
04/05/2025,Porto,Arbatax,82,0
04/05/2025,Aeroporto,Olbia,5670,6922
04/05/2025,Aeroporto,Cagliari,8357,9058
04/05/2025,Aeroporto,Alghero,3203,3702
03/05/2025,Porto,Porto Torres,1131,2497
03/05/2025,Porto,Olbia,2727,7690
03/05/2025,Porto,Golfo Aranci,451,996
03/05/2025,Porto,Cagliari,422,402
03/05/2025,Aeroporto,Olbia,6211,6192
03/05/2025,Aeroporto,Cagliari,7918,8493
03/05/2025,Aeroporto,Alghero,2171,2446
02/05/2025,Porto,Porto Torres,606,1050
02/05/2025,Porto,Olbia,2273,4045
02/05/2025,Porto,Golfo Aranci,887,1020
02/05/2025,Porto,Cagliari,260,323
02/05/2025,Porto,Arbatax,0,0
02/05/2025,Aeroporto,Olbia,4963,4903
02/05/2025,Aeroporto,Cagliari,7481,7312
02/05/2025,Aeroporto,Alghero,2863,2698
01/05/2025,Porto,Porto Vesme,0,0
01/05/2025,Porto,Porto Torres,3067,1717
01/05/2025,Porto,Olbia,5270,3003
01/05/2025,Porto,Golfo Aranci,801,671
01/05/2025,Porto,Cagliari,532,295
01/05/2025,Porto,Arbatax,0,85
01/05/2025,Aeroporto,Olbia,5168,3689
01/05/2025,Aeroporto,Cagliari,7687,6905
01/05/2025,Aeroporto,Alghero,2552,1937
30/04/2025,Porto,Porto Torres,614,681
30/04/2025,Porto,Olbia,2966,2833
30/04/2025,Porto,Golfo Aranci,551,607
30/04/2025,Porto,Cagliari,272,194
30/04/2025,Porto,Arbatax,126,0
30/04/2025,Aeroporto,Olbia,4364,3432
30/04/2025,Aeroporto,Cagliari,8717,7871
30/04/2025,Aeroporto,Alghero,3137,2875
29/04/2025,Porto,Porto Vesme,0,0
29/04/2025,Porto,Porto Torres,401,327
29/04/2025,Porto,Olbia,3533,2386
29/04/2025,Porto,Golfo Aranci,538,410
29/04/2025,Porto,Cagliari,837,420
29/04/2025,Porto,Arbatax,0,55
29/04/2025,Aeroporto,Olbia,4067,3556
29/04/2025,Aeroporto,Cagliari,7020,7446
29/04/2025,Aeroporto,Alghero,2140,1945
28/04/2025,Porto,Porto Torres,1412,1130
28/04/2025,Porto,Olbia,3928,2405
28/04/2025,Porto,Golfo Aranci,598,504
28/04/2025,Porto,Cagliari,0,684
28/04/2025,Aeroporto,Olbia,4229,4464
28/04/2025,Aeroporto,Cagliari,8153,7797
28/04/2025,Aeroporto,Alghero,3146,3388
27/04/2025,Porto,Porto Torres,767,1066
27/04/2025,Porto,Olbia,3169,4577
27/04/2025,Porto,Golfo Aranci,940,1999
27/04/2025,Porto,Cagliari,1204,10
27/04/2025,Porto,Arbatax,120,0
27/04/2025,Aeroporto,Olbia,5141,5989
27/04/2025,Aeroporto,Cagliari,8523,9261
27/04/2025,Aeroporto,Alghero,3088,3285
26/04/2025,Porto,Porto Torres,1605,2555
26/04/2025,Porto,Olbia,3435,7408
26/04/2025,Porto,Golfo Aranci,590,1265
26/04/2025,Porto,Cagliari,536,512
26/04/2025,Aeroporto,Olbia,4949,5866
26/04/2025,Aeroporto,Cagliari,7700,8625
26/04/2025,Aeroporto,Alghero,2055,2464
25/04/2025,Porto,Porto Vesme,0,0
25/04/2025,Porto,Porto Torres,964,1195
25/04/2025,Porto,Olbia,5016,5948
25/04/2025,Porto,Golfo Aranci,855,1180
25/04/2025,Porto,Cagliari,355,397
25/04/2025,Aeroporto,Olbia,5166,5626
25/04/2025,Aeroporto,Cagliari,7434,8503
25/04/2025,Aeroporto,Alghero,2783,3174
24/04/2025,Porto,Porto Vesme,0,0
24/04/2025,Porto,Porto Torres,1451,1668
24/04/2025,Porto,Olbia,4133,5537
24/04/2025,Porto,Cagliari,709,692
24/04/2025,Porto,Arbatax,0,65
24/04/2025,Aeroporto,Olbia,3693,3922
24/04/2025,Aeroporto,Cagliari,7396,8285
24/04/2025,Aeroporto,Alghero,2425,2730
23/04/2025,Porto,Porto Vesme,0,0
23/04/2025,Porto,Porto Torres,1486,1317
23/04/2025,Porto,Olbia,3761,2896
23/04/2025,Porto,Golfo Aranci,562,721
23/04/2025,Porto,Cagliari,192,255
23/04/2025,Porto,Arbatax,164,0
23/04/2025,Aeroporto,Olbia,3626,3934
23/04/2025,Aeroporto,Cagliari,7567,7984
23/04/2025,Aeroporto,Alghero,2434,2856
22/04/2025,Porto,Porto Torres,657,518
22/04/2025,Porto,Olbia,3122,2851
22/04/2025,Porto,Golfo Aranci,674,637
22/04/2025,Porto,Cagliari,641,476
22/04/2025,Porto,Arbatax,0,56
22/04/2025,Aeroporto,Olbia,3425,3647
22/04/2025,Aeroporto,Cagliari,7824,8572
22/04/2025,Aeroporto,Alghero,2230,2531
21/04/2025,Porto,Porto Torres,1193,1018
21/04/2025,Porto,Olbia,2858,3053
21/04/2025,Porto,Golfo Aranci,691,653
21/04/2025,Porto,Cagliari,3,451
21/04/2025,Aeroporto,Olbia,4220,4457
21/04/2025,Aeroporto,Cagliari,7100,7372
21/04/2025,Aeroporto,Alghero,2680,2696
20/04/2025,Porto,Porto Vesme,0,0
20/04/2025,Porto,Porto Torres,1114,564
20/04/2025,Porto,Olbia,2915,1628
20/04/2025,Porto,Golfo Aranci,880,537
20/04/2025,Porto,Cagliari,425,2
20/04/2025,Porto,Arbatax,179,0
20/04/2025,Aeroporto,Olbia,4963,4059
20/04/2025,Aeroporto,Cagliari,7045,6421
20/04/2025,Aeroporto,Alghero,2537,2233
19/04/2025,Porto,Porto Torres,3623,3783
19/04/2025,Porto,Olbia,7824,1808
19/04/2025,Porto,Golfo Aranci,1908,635
19/04/2025,Porto,Cagliari,512,657
19/04/2025,Porto,Arbatax,0,0
19/04/2025,Aeroporto,Olbia,5684,4318
19/04/2025,Aeroporto,Cagliari,8674,7924
19/04/2025,Aeroporto,Alghero,2582,2225
18/04/2025,Porto,Porto Torres,1259,631
18/04/2025,Porto,Olbia,6512,2620
18/04/2025,Porto,Golfo Aranci,1921,519
18/04/2025,Porto,Cagliari,459,359
18/04/2025,Porto,Arbatax,0,0
18/04/2025,Aeroporto,Olbia,5985,4561
18/04/2025,Aeroporto,Cagliari,9415,7982
18/04/2025,Aeroporto,Alghero,3695,2908
17/04/2025,Porto,Olbia,7740,3737
17/04/2025,Porto,Golfo Aranci,856,348
17/04/2025,Porto,Cagliari,397,839
17/04/2025,Porto,Arbatax,1,68
17/04/2025,Aeroporto,Olbia,3985,2780
17/04/2025,Aeroporto,Cagliari,8898,7640
17/04/2025,Aeroporto,Alghero,2925,2132
16/04/2025,Porto,Porto Torres,648,381
16/04/2025,Porto,Olbia,3145,1921
16/04/2025,Porto,Golfo Aranci,662,349
16/04/2025,Porto,Cagliari,244,254
16/04/2025,Porto,Arbatax,157,0
16/04/2025,Aeroporto,Olbia,4296,2784
16/04/2025,Aeroporto,Cagliari,8558,6746
16/04/2025,Aeroporto,Alghero,2853,2498
15/04/2025,Porto,Porto Vesme,0,0
15/04/2025,Porto,Porto Torres,591,361
15/04/2025,Porto,Olbia,2794,1322
15/04/2025,Porto,Golfo Aranci,553,196
15/04/2025,Porto,Cagliari,351,379
15/04/2025,Porto,Arbatax,0,53
15/04/2025,Aeroporto,Olbia,3488,2264
15/04/2025,Aeroporto,Cagliari,7393,6015
15/04/2025,Aeroporto,Alghero,2104,1653
14/04/2025,Porto,Porto Torres,1604,648
14/04/2025,Porto,Olbia,2666,1195
14/04/2025,Porto,Golfo Aranci,810,218
14/04/2025,Porto,Cagliari,5,290
14/04/2025,Aeroporto,Olbia,3774,2527
14/04/2025,Aeroporto,Cagliari,7232,6097
14/04/2025,Aeroporto,Alghero,2855,2480
13/04/2025,Porto,Porto Vesme,0,0
13/04/2025,Porto,Porto Torres,1112,275
13/04/2025,Porto,Olbia,3007,1486
13/04/2025,Porto,Golfo Aranci,844,187
13/04/2025,Porto,Cagliari,448,2
13/04/2025,Porto,Arbatax,72,0
13/04/2025,Aeroporto,Olbia,4877,3610
13/04/2025,Aeroporto,Cagliari,7800,6503
13/04/2025,Aeroporto,Alghero,2795,2374
12/04/2025,Porto,Porto Vesme,0,0
12/04/2025,Porto,Porto Torres,2603,961
12/04/2025,Porto,Olbia,2198,1615
12/04/2025,Porto,Cagliari,194,343
12/04/2025,Aeroporto,Olbia,4851,3339
12/04/2025,Aeroporto,Cagliari,7762,7038
12/04/2025,Aeroporto,Alghero,2366,1961
11/04/2025,Porto,Porto Torres,551,343
11/04/2025,Porto,Olbia,2360,2096
11/04/2025,Porto,Golfo Aranci,427,232
11/04/2025,Porto,Cagliari,215,220
11/04/2025,Aeroporto,Olbia,4715,3402
11/04/2025,Aeroporto,Cagliari,7574,7173
11/04/2025,Aeroporto,Alghero,2779,2464
10/04/2025,Porto,Porto Torres,1051,709
10/04/2025,Porto,Olbia,1618,1407
10/04/2025,Porto,Cagliari,188,300
10/04/2025,Porto,Arbatax,0,37
10/04/2025,Aeroporto,Olbia,3014,2331
10/04/2025,Aeroporto,Cagliari,6938,6150
10/04/2025,Aeroporto,Alghero,2024,1482
09/04/2025,Porto,Porto Vesme,0,0
09/04/2025,Porto,Porto Torres,311,239
09/04/2025,Porto,Olbia,1766,1111
09/04/2025,Porto,Golfo Aranci,409,217
09/04/2025,Porto,Cagliari,138,139
09/04/2025,Porto,Arbatax,126,0
09/04/2025,Aeroporto,Olbia,2721,1956
09/04/2025,Aeroporto,Cagliari,6878,5464
09/04/2025,Aeroporto,Alghero,2287,1860
08/04/2025,Porto,Porto Vesme,0,0
08/04/2025,Porto,Porto Torres,444,210
08/04/2025,Porto,Olbia,2010,935
08/04/2025,Porto,Cagliari,383,192
08/04/2025,Porto,Arbatax,0,33
08/04/2025,Aeroporto,Olbia,2276,1621
08/04/2025,Aeroporto,Cagliari,6033,6088
08/04/2025,Aeroporto,Alghero,1692,1572
07/04/2025,Porto,Porto Torres,1272,400
07/04/2025,Porto,Olbia,2104,1230
07/04/2025,Porto,Golfo Aranci,0,249
07/04/2025,Porto,Cagliari,0,255
07/04/2025,Porto,Arbatax,0,0
07/04/2025,Aeroporto,Olbia,2950,2375
07/04/2025,Aeroporto,Cagliari,6707,6328
07/04/2025,Aeroporto,Alghero,2718,2604
06/04/2025,Porto,Porto Vesme,0,0
06/04/2025,Porto,Porto Torres,553,248
06/04/2025,Porto,Olbia,1668,1341
06/04/2025,Porto,Golfo Aranci,563,0
06/04/2025,Porto,Cagliari,412,8
06/04/2025,Porto,Arbatax,85,0
06/04/2025,Aeroporto,Olbia,3201,3041
06/04/2025,Aeroporto,Cagliari,7171,6497
06/04/2025,Aeroporto,Alghero,2690,2626
05/04/2025,Porto,Porto Vesme,0,0
05/04/2025,Porto,Porto Torres,997,490
05/04/2025,Porto,Olbia,1596,1292
05/04/2025,Porto,Cagliari,153,287
05/04/2025,Aeroporto,Olbia,3682,2266
05/04/2025,Aeroporto,Cagliari,7344,7050
05/04/2025,Aeroporto,Alghero,2101,1985
04/04/2025,Porto,Porto Torres,430,306
04/04/2025,Porto,Olbia,1722,1531
04/04/2025,Porto,Golfo Aranci,366,294
04/04/2025,Porto,Cagliari,191,213
04/04/2025,Porto,Arbatax,0,0
04/04/2025,Aeroporto,Olbia,3997,2581
04/04/2025,Aeroporto,Cagliari,7348,7041
04/04/2025,Aeroporto,Alghero,2718,2491
03/04/2025,Porto,Porto Vesme,0,0
03/04/2025,Porto,Porto Torres,967,486
03/04/2025,Porto,Olbia,1320,1084
03/04/2025,Porto,Cagliari,242,368
03/04/2025,Porto,Arbatax,0,41
03/04/2025,Aeroporto,Olbia,2203,1716
03/04/2025,Aeroporto,Cagliari,6397,6015
03/04/2025,Aeroporto,Alghero,1922,1664
02/04/2025,Porto,Porto Torres,337,184
02/04/2025,Porto,Olbia,1385,898
02/04/2025,Porto,Golfo Aranci,228,160
02/04/2025,Porto,Cagliari,155,106
02/04/2025,Porto,Arbatax,80,0
02/04/2025,Aeroporto,Olbia,2276,1506
02/04/2025,Aeroporto,Cagliari,6246,5533
02/04/2025,Aeroporto,Alghero,2200,2046
01/04/2025,Porto,Porto Vesme,0,0
01/04/2025,Porto,Porto Torres,476,214
01/04/2025,Porto,Olbia,1604,767
01/04/2025,Porto,Cagliari,277,137
01/04/2025,Porto,Arbatax,0,33
01/04/2025,Aeroporto,Olbia,1658,1296
01/04/2025,Aeroporto,Cagliari,6074,5711
01/04/2025,Aeroporto,Alghero,1459,1278
31/03/2025,Porto,Porto Torres,772,451
31/03/2025,Porto,Olbia,1837,1120
31/03/2025,Porto,Golfo Aranci,386,263
31/03/2025,Porto,Cagliari,1,268
31/03/2025,Aeroporto,Olbia,2339,1700
31/03/2025,Aeroporto,Cagliari,6185,5881
31/03/2025,Aeroporto,Alghero,2571,2342
30/03/2025,Porto,Porto Torres,362,368
30/03/2025,Porto,Olbia,980,1285
30/03/2025,Porto,Cagliari,500,2
30/03/2025,Porto,Arbatax,66,0
30/03/2025,Aeroporto,Olbia,3141,2600
30/03/2025,Aeroporto,Cagliari,7110,5995
30/03/2025,Aeroporto,Alghero,2336,2204
29/03/2025,Porto,Porto Torres,393,327
29/03/2025,Porto,Olbia,1213,1135
29/03/2025,Porto,Cagliari,258,202
29/03/2025,Aeroporto,Olbia,1009,972
29/03/2025,Aeroporto,Cagliari,5104,4657
29/03/2025,Aeroporto,Alghero,1024,934
28/03/2025,Porto,Porto Vesme,0,0
28/03/2025,Porto,Porto Torres,1286,586
28/03/2025,Porto,Olbia,1515,1613
28/03/2025,Porto,Golfo Aranci,330,315
28/03/2025,Porto,Cagliari,199,190
28/03/2025,Aeroporto,Olbia,1963,2044
28/03/2025,Aeroporto,Cagliari,5350,5626
28/03/2025,Aeroporto,Alghero,1646,1499
27/03/2025,Porto,Porto Vesme,0,0
27/03/2025,Porto,Porto Torres,254,278
27/03/2025,Porto,Olbia,1073,1261
27/03/2025,Porto,Cagliari,275,400
27/03/2025,Porto,Arbatax,0,26
27/03/2025,Aeroporto,Olbia,1514,1491
27/03/2025,Aeroporto,Cagliari,4481,4430
27/03/2025,Aeroporto,Alghero,944,1174
26/03/2025,Porto,Porto Torres,246,178
26/03/2025,Porto,Olbia,1222,926
26/03/2025,Porto,Golfo Aranci,181,159
26/03/2025,Porto,Cagliari,137,159
26/03/2025,Porto,Arbatax,88,0
26/03/2025,Aeroporto,Olbia,937,991
26/03/2025,Aeroporto,Cagliari,4004,3835
26/03/2025,Aeroporto,Alghero,879,869
25/03/2025,Porto,Porto Vesme,0,0
25/03/2025,Porto,Porto Torres,244,150
25/03/2025,Porto,Olbia,1312,777
25/03/2025,Porto,Cagliari,298,199
25/03/2025,Porto,Arbatax,1,24
25/03/2025,Aeroporto,Olbia,956,883
25/03/2025,Aeroporto,Cagliari,3420,3489
25/03/2025,Aeroporto,Alghero,889,824
24/03/2025,Porto,Porto Vesme,0,0
24/03/2025,Porto,Porto Torres,613,446
24/03/2025,Porto,Olbia,1775,962
24/03/2025,Porto,Golfo Aranci,401,232
24/03/2025,Porto,Cagliari,105,323
24/03/2025,Aeroporto,Olbia,1706,1618
24/03/2025,Aeroporto,Cagliari,5209,4868
24/03/2025,Aeroporto,Alghero,1261,1342
23/03/2025,Porto,Porto Torres,596,913
23/03/2025,Porto,Olbia,981,1360
23/03/2025,Porto,Cagliari,355,10
23/03/2025,Porto,Arbatax,59,0
23/03/2025,Aeroporto,Olbia,1919,1822
23/03/2025,Aeroporto,Cagliari,5422,5290
23/03/2025,Aeroporto,Alghero,1569,1449
22/03/2025,Porto,Porto Vesme,0,0
22/03/2025,Porto,Porto Torres,293,369
22/03/2025,Porto,Olbia,1086,1043
22/03/2025,Porto,Cagliari,231,205
22/03/2025,Aeroporto,Olbia,982,993
22/03/2025,Aeroporto,Cagliari,5214,4738
22/03/2025,Aeroporto,Alghero,1065,1045
21/03/2025,Porto,Porto Torres,274,229
21/03/2025,Porto,Olbia,1564,1862
21/03/2025,Porto,Cagliari,250,212
21/03/2025,Aeroporto,Olbia,1906,1808
21/03/2025,Aeroporto,Cagliari,5455,5319
21/03/2025,Aeroporto,Alghero,1627,1446
20/03/2025,Porto,Porto Torres,1306,320
20/03/2025,Porto,Olbia,1155,1055
20/03/2025,Porto,Cagliari,192,272
20/03/2025,Porto,Arbatax,0,37
20/03/2025,Aeroporto,Olbia,1367,1361
20/03/2025,Aeroporto,Cagliari,4331,4570
20/03/2025,Aeroporto,Alghero,960,1030
19/03/2025,Porto,Porto Torres,203,141
19/03/2025,Porto,Olbia,1008,886
19/03/2025,Porto,Golfo Aranci,207,161
19/03/2025,Porto,Cagliari,118,135
19/03/2025,Porto,Arbatax,93,0
19/03/2025,Aeroporto,Olbia,869,779
19/03/2025,Aeroporto,Cagliari,4037,3971
19/03/2025,Aeroporto,Alghero,950,881
18/03/2025,Porto,Porto Vesme,0,0
18/03/2025,Porto,Porto Torres,295,198
18/03/2025,Porto,Olbia,1227,735
18/03/2025,Porto,Cagliari,331,187
18/03/2025,Porto,Arbatax,0,31
18/03/2025,Aeroporto,Olbia,897,836
18/03/2025,Aeroporto,Cagliari,3472,3433
18/03/2025,Aeroporto,Alghero,758,730
17/03/2025,Porto,Porto Torres,567,373
17/03/2025,Porto,Olbia,1588,971
17/03/2025,Porto,Golfo Aranci,213,166
17/03/2025,Porto,Cagliari,104,315
17/03/2025,Aeroporto,Olbia,1767,1594
17/03/2025,Aeroporto,Cagliari,5417,4772
17/03/2025,Aeroporto,Alghero,1434,1460
16/03/2025,Porto,Porto Torres,427,1252
16/03/2025,Porto,Olbia,818,894
16/03/2025,Porto,Cagliari,335,2
16/03/2025,Porto,Arbatax,54,1
16/03/2025,Aeroporto,Olbia,1772,1689
16/03/2025,Aeroporto,Cagliari,5442,5606
16/03/2025,Aeroporto,Alghero,1574,1508
15/03/2025,Porto,Porto Torres,329,414
15/03/2025,Porto,Olbia,1115,1162
15/03/2025,Porto,Cagliari,209,252
15/03/2025,Aeroporto,Olbia,948,1052
15/03/2025,Aeroporto,Cagliari,4974,5154
15/03/2025,Aeroporto,Alghero,987,1008
14/03/2025,Porto,Porto Vesme,0,0
14/03/2025,Porto,Porto Torres,240,328
14/03/2025,Porto,Olbia,1128,1302
14/03/2025,Porto,Golfo Aranci,217,230
14/03/2025,Porto,Cagliari,140,185
14/03/2025,Aeroporto,Olbia,1998,1884
14/03/2025,Aeroporto,Cagliari,5063,5613
14/03/2025,Aeroporto,Alghero,1593,1629
13/03/2025,Porto,Porto Vesme,0,0
13/03/2025,Porto,Porto Torres,418,352
13/03/2025,Porto,Olbia,929,1001
13/03/2025,Porto,Cagliari,367,323
13/03/2025,Porto,Arbatax,0,0
13/03/2025,Aeroporto,Olbia,1402,1351
13/03/2025,Aeroporto,Cagliari,4116,4458
13/03/2025,Aeroporto,Alghero,941,1056
12/03/2025,Porto,Porto Torres,210,187
12/03/2025,Porto,Olbia,984,1012
12/03/2025,Porto,Golfo Aranci,125,124
12/03/2025,Porto,Cagliari,115,183
12/03/2025,Porto,Arbatax,77,0
12/03/2025,Aeroporto,Olbia,894,829
12/03/2025,Aeroporto,Cagliari,3836,4081
12/03/2025,Aeroporto,Alghero,836,974
11/03/2025,Porto,Porto Vesme,0,0
11/03/2025,Porto,Porto Torres,273,164
11/03/2025,Porto,Olbia,1107,827
11/03/2025,Porto,Cagliari,284,153
11/03/2025,Porto,Arbatax,0,27
11/03/2025,Aeroporto,Olbia,837,1012
11/03/2025,Aeroporto,Cagliari,3450,3839
11/03/2025,Aeroporto,Alghero,785,771
10/03/2025,Porto,Porto Torres,516,470
10/03/2025,Porto,Olbia,1379,1041
10/03/2025,Porto,Golfo Aranci,392,217
10/03/2025,Porto,Cagliari,114,118
10/03/2025,Aeroporto,Olbia,1617,1783
10/03/2025,Aeroporto,Cagliari,4779,5082
10/03/2025,Aeroporto,Alghero,1401,1367
09/03/2025,Porto,Porto Vesme,0,0
09/03/2025,Porto,Porto Torres,361,312
09/03/2025,Porto,Olbia,969,1077
09/03/2025,Porto,Cagliari,308,152
09/03/2025,Porto,Arbatax,64,0
09/03/2025,Aeroporto,Olbia,1545,1740
09/03/2025,Aeroporto,Cagliari,5274,5392
09/03/2025,Aeroporto,Alghero,1526,1433
08/03/2025,Porto,Porto Vesme,0,0
08/03/2025,Porto,Porto Torres,363,451
08/03/2025,Porto,Olbia,1001,1030
08/03/2025,Porto,Cagliari,177,200
08/03/2025,Aeroporto,Olbia,863,846
08/03/2025,Aeroporto,Cagliari,4849,4942
08/03/2025,Aeroporto,Alghero,972,1047
07/03/2025,Porto,Porto Vesme,0,0
07/03/2025,Porto,Porto Torres,249,357
07/03/2025,Porto,Olbia,1188,1574
07/03/2025,Porto,Golfo Aranci,230,324
07/03/2025,Porto,Cagliari,179,234
07/03/2025,Aeroporto,Olbia,1713,1755
07/03/2025,Aeroporto,Cagliari,5271,5612
07/03/2025,Aeroporto,Alghero,1536,1542
06/03/2025,Porto,Porto Torres,729,516
06/03/2025,Porto,Olbia,1050,1153
06/03/2025,Porto,Golfo Aranci,58,0
06/03/2025,Porto,Cagliari,239,272
06/03/2025,Porto,Arbatax,0,22
06/03/2025,Aeroporto,Olbia,1237,1241
06/03/2025,Aeroporto,Cagliari,4364,4555
06/03/2025,Aeroporto,Alghero,851,977
05/03/2025,Porto,Porto Vesme,0,0
05/03/2025,Porto,Porto Torres,279,243
05/03/2025,Porto,Olbia,1163,1207
05/03/2025,Porto,Golfo Aranci,256,218
05/03/2025,Porto,Cagliari,104,123
05/03/2025,Porto,Arbatax,90,0
05/03/2025,Aeroporto,Olbia,900,905
05/03/2025,Aeroporto,Cagliari,4138,4462
05/03/2025,Aeroporto,Alghero,946,1102
04/03/2025,Porto,Porto Vesme,0,0
04/03/2025,Porto,Porto Torres,330,245
04/03/2025,Porto,Olbia,1353,829
04/03/2025,Porto,Golfo Aranci,84,88
04/03/2025,Porto,Cagliari,390,205
04/03/2025,Porto,Arbatax,0,24
04/03/2025,Aeroporto,Olbia,1168,924
04/03/2025,Aeroporto,Cagliari,4249,3970
04/03/2025,Aeroporto,Alghero,895,687
03/03/2025,Porto,Porto Torres,534,503
03/03/2025,Porto,Olbia,1862,1119
03/03/2025,Porto,Golfo Aranci,291,195
03/03/2025,Porto,Cagliari,101,119
03/03/2025,Aeroporto,Olbia,1768,1529
03/03/2025,Aeroporto,Cagliari,5105,5074
03/03/2025,Aeroporto,Alghero,1607,1452
02/03/2025,Porto,Porto Torres,369,241
02/03/2025,Porto,Olbia,1021,896
02/03/2025,Porto,Cagliari,410,145
02/03/2025,Porto,Arbatax,52,0
02/03/2025,Aeroporto,Olbia,1678,1591
02/03/2025,Aeroporto,Cagliari,5351,5242
02/03/2025,Aeroporto,Alghero,1572,1482
01/03/2025,Porto,Porto Torres,508,374
01/03/2025,Porto,Olbia,1524,1388
01/03/2025,Porto,Golfo Aranci,0,48
01/03/2025,Porto,Cagliari,220,275
01/03/2025,Aeroporto,Olbia,1024,1143
01/03/2025,Aeroporto,Cagliari,5688,5303
01/03/2025,Aeroporto,Alghero,1130,1269
28/02/2025,Porto,Porto Vesme,0,0
28/02/2025,Porto,Olbia,1407,1656
28/02/2025,Porto,Golfo Aranci,454,196
28/02/2025,Porto,Cagliari,197,186
28/02/2025,Aeroporto,Olbia,1830,1778
28/02/2025,Aeroporto,Cagliari,5528,5744
28/02/2025,Aeroporto,Alghero,1596,1661
27/02/2025,Porto,Porto Vesme,0,0
27/02/2025,Porto,Olbia,1019,1199
27/02/2025,Porto,Golfo Aranci,0,0
27/02/2025,Porto,Cagliari,160,343
27/02/2025,Porto,Arbatax,0,0
27/02/2025,Aeroporto,Olbia,1304,1269
27/02/2025,Aeroporto,Cagliari,4115,4269
27/02/2025,Aeroporto,Alghero,963,995
26/02/2025,Porto,Olbia,1082,993
26/02/2025,Porto,Golfo Aranci,120,175
26/02/2025,Porto,Cagliari,177,108
26/02/2025,Porto,Arbatax,78,0
26/02/2025,Aeroporto,Olbia,861,821
26/02/2025,Aeroporto,Cagliari,3211,3169
26/02/2025,Aeroporto,Alghero,953,928
25/02/2025,Porto,Olbia,1112,837
25/02/2025,Porto,Golfo Aranci,0,48
25/02/2025,Porto,Cagliari,482,160
25/02/2025,Porto,Arbatax,0,0
25/02/2025,Aeroporto,Olbia,982,881
25/02/2025,Aeroporto,Cagliari,3099,3024
25/02/2025,Aeroporto,Alghero,719,732
24/02/2025,Porto,Porto Vesme,0,0
24/02/2025,Porto,Porto Torres,590,465
24/02/2025,Porto,Olbia,1450,864
24/02/2025,Porto,Golfo Aranci,202,218
24/02/2025,Porto,Cagliari,100,217
24/02/2025,Porto,Arbatax,0,0
24/02/2025,Aeroporto,Olbia,1656,1608
24/02/2025,Aeroporto,Cagliari,5074,5028
24/02/2025,Aeroporto,Alghero,1425,1345
23/02/2025,Porto,Porto Torres,410,209
23/02/2025,Porto,Olbia,840,1104
23/02/2025,Porto,Golfo Aranci,45,75
23/02/2025,Porto,Cagliari,363,0
23/02/2025,Porto,Arbatax,73,0
23/02/2025,Aeroporto,Olbia,1746,1678
23/02/2025,Aeroporto,Cagliari,5256,5019
23/02/2025,Aeroporto,Alghero,1459,1268
22/02/2025,Porto,Porto Vesme,0,0
22/02/2025,Porto,Porto Torres,420,375
22/02/2025,Porto,Olbia,1039,997
22/02/2025,Porto,Golfo Aranci,46,41
22/02/2025,Porto,Cagliari,252,216
22/02/2025,Aeroporto,Olbia,833,980
22/02/2025,Aeroporto,Cagliari,4970,4511
22/02/2025,Aeroporto,Alghero,999,925
21/02/2025,Porto,Porto Torres,227,301
21/02/2025,Porto,Olbia,1170,1254
21/02/2025,Porto,Golfo Aranci,321,103
21/02/2025,Porto,Cagliari,222,205
21/02/2025,Porto,Arbatax,0,0
21/02/2025,Aeroporto,Olbia,1588,1685
21/02/2025,Aeroporto,Cagliari,5195,5397
21/02/2025,Aeroporto,Alghero,1559,1490
20/02/2025,Porto,Porto Vesme,0,0
20/02/2025,Porto,Porto Torres,179,218
20/02/2025,Porto,Olbia,1133,1112
20/02/2025,Porto,Golfo Aranci,98,55
20/02/2025,Porto,Cagliari,276,373
20/02/2025,Porto,Arbatax,0,28
20/02/2025,Aeroporto,Olbia,1531,1489
20/02/2025,Aeroporto,Cagliari,4181,4415
20/02/2025,Aeroporto,Alghero,1031,923
19/02/2025,Porto,Porto Torres,197,196
19/02/2025,Porto,Olbia,904,777
19/02/2025,Porto,Golfo Aranci,213,231
19/02/2025,Porto,Cagliari,93,90
19/02/2025,Porto,Arbatax,82,0
19/02/2025,Aeroporto,Olbia,863,740
19/02/2025,Aeroporto,Cagliari,3667,3547
19/02/2025,Aeroporto,Alghero,780,902
18/02/2025,Porto,Porto Torres,243,178
18/02/2025,Porto,Olbia,1181,650
18/02/2025,Porto,Golfo Aranci,0,0
18/02/2025,Porto,Cagliari,391,153
18/02/2025,Porto,Arbatax,0,22
18/02/2025,Aeroporto,Olbia,962,891
18/02/2025,Aeroporto,Cagliari,3660,3621
18/02/2025,Aeroporto,Alghero,894,797
17/02/2025,Porto,Porto Torres,553,377
17/02/2025,Porto,Olbia,1554,913
17/02/2025,Porto,Golfo Aranci,73,212
17/02/2025,Porto,Cagliari,98,225
17/02/2025,Aeroporto,Olbia,1438,1153
17/02/2025,Aeroporto,Cagliari,5234,4676
17/02/2025,Aeroporto,Alghero,1287,1219
16/02/2025,Porto,Porto Torres,317,251
16/02/2025,Porto,Olbia,1056,1061
16/02/2025,Porto,Golfo Aranci,88,90
16/02/2025,Porto,Cagliari,358,11
16/02/2025,Porto,Arbatax,38,0
16/02/2025,Aeroporto,Olbia,1659,1698
16/02/2025,Aeroporto,Cagliari,5087,5005
16/02/2025,Aeroporto,Alghero,1515,1160
15/02/2025,Porto,Porto Torres,306,376
15/02/2025,Porto,Olbia,929,1098
15/02/2025,Porto,Golfo Aranci,0,0
15/02/2025,Porto,Cagliari,195,184
15/02/2025,Aeroporto,Olbia,886,963
15/02/2025,Aeroporto,Cagliari,4962,4540
15/02/2025,Aeroporto,Alghero,856,948
14/02/2025,Porto,Porto Vesme,0,0
14/02/2025,Porto,Porto Torres,201,265
14/02/2025,Porto,Olbia,975,1213
14/02/2025,Porto,Golfo Aranci,130,42
14/02/2025,Porto,Cagliari,157,131
14/02/2025,Aeroporto,Olbia,1359,1506
14/02/2025,Aeroporto,Cagliari,4769,5581
14/02/2025,Aeroporto,Alghero,1422,1385
13/02/2025,Porto,Porto Torres,224,183
13/02/2025,Porto,Olbia,920,1009
13/02/2025,Porto,Golfo Aranci,0,44
13/02/2025,Porto,Cagliari,133,326
13/02/2025,Porto,Arbatax,0,21
13/02/2025,Aeroporto,Olbia,1284,1316
13/02/2025,Aeroporto,Cagliari,3689,4025
13/02/2025,Aeroporto,Alghero,837,976
12/02/2025,Porto,Porto Vesme,0,0
12/02/2025,Porto,Porto Torres,196,193
12/02/2025,Porto,Olbia,838,857
12/02/2025,Porto,Golfo Aranci,136,151
12/02/2025,Porto,Cagliari,79,143
12/02/2025,Porto,Arbatax,66,0
12/02/2025,Aeroporto,Olbia,1081,1018
12/02/2025,Aeroporto,Cagliari,2903,3062
12/02/2025,Aeroporto,Alghero,830,878
11/02/2025,Porto,Porto Torres,220,168
11/02/2025,Porto,Olbia,1033,618
11/02/2025,Porto,Golfo Aranci,50,47
11/02/2025,Porto,Cagliari,275,170
11/02/2025,Porto,Arbatax,0,18
11/02/2025,Aeroporto,Olbia,942,812
11/02/2025,Aeroporto,Cagliari,2837,2787
11/02/2025,Aeroporto,Alghero,655,678
10/02/2025,Porto,Porto Torres,556,377
10/02/2025,Porto,Olbia,1067,787
10/02/2025,Porto,Golfo Aranci,183,157
10/02/2025,Porto,Cagliari,103,182
10/02/2025,Aeroporto,Olbia,1328,1056
10/02/2025,Aeroporto,Cagliari,4730,4580
10/02/2025,Aeroporto,Alghero,1280,1184
09/02/2025,Porto,Porto Vesme,0,0
09/02/2025,Porto,Porto Torres,300,148
09/02/2025,Porto,Olbia,720,766
09/02/2025,Porto,Golfo Aranci,34,28
09/02/2025,Porto,Cagliari,308,2
09/02/2025,Porto,Arbatax,60,0
09/02/2025,Aeroporto,Olbia,1476,1324
09/02/2025,Aeroporto,Cagliari,5167,5052
09/02/2025,Aeroporto,Alghero,1383,1047
08/02/2025,Porto,Porto Vesme,0,0
08/02/2025,Porto,Porto Torres,306,242
08/02/2025,Porto,Olbia,855,677
08/02/2025,Porto,Golfo Aranci,24,24
08/02/2025,Porto,Cagliari,137,172
08/02/2025,Aeroporto,Olbia,814,975
08/02/2025,Aeroporto,Cagliari,4432,4382
08/02/2025,Aeroporto,Alghero,845,957
07/02/2025,Porto,Porto Vesme,0,0
07/02/2025,Porto,Porto Torres,176,296
07/02/2025,Porto,Olbia,840,1087
07/02/2025,Porto,Golfo Aranci,205,175
07/02/2025,Porto,Cagliari,152,161
07/02/2025,Aeroporto,Olbia,1263,1492
07/02/2025,Aeroporto,Cagliari,4811,5179
07/02/2025,Aeroporto,Alghero,1295,1389
06/02/2025,Porto,Porto Vesme,0,0
06/02/2025,Porto,Porto Torres,166,197
06/02/2025,Porto,Olbia,778,912
06/02/2025,Porto,Golfo Aranci,42,37
06/02/2025,Porto,Cagliari,110,270
06/02/2025,Porto,Arbatax,0,33
06/02/2025,Aeroporto,Olbia,941,949
06/02/2025,Aeroporto,Cagliari,3740,3934
06/02/2025,Aeroporto,Alghero,763,859
05/02/2025,Porto,Porto Torres,166,185
05/02/2025,Porto,Olbia,783,732
05/02/2025,Porto,Golfo Aranci,176,121
05/02/2025,Porto,Cagliari,148,125
05/02/2025,Porto,Arbatax,49,0
05/02/2025,Aeroporto,Olbia,705,783
05/02/2025,Aeroporto,Cagliari,2688,2832
05/02/2025,Aeroporto,Alghero,704,733
04/02/2025,Porto,Porto Torres,167,160
04/02/2025,Porto,Olbia,934,619
04/02/2025,Porto,Golfo Aranci,84,76
04/02/2025,Porto,Cagliari,240,134
04/02/2025,Porto,Arbatax,0,31
04/02/2025,Aeroporto,Olbia,781,728
04/02/2025,Aeroporto,Cagliari,2778,2725
04/02/2025,Aeroporto,Alghero,636,607
03/02/2025,Porto,Porto Torres,399,368
03/02/2025,Porto,Olbia,1018,803
03/02/2025,Porto,Golfo Aranci,130,120
03/02/2025,Porto,Cagliari,94,181
03/02/2025,Aeroporto,Olbia,1274,932
03/02/2025,Aeroporto,Cagliari,4883,4282
03/02/2025,Aeroporto,Alghero,1370,1145
02/02/2025,Porto,Porto Torres,294,215
02/02/2025,Porto,Olbia,800,725
02/02/2025,Porto,Cagliari,264,1
02/02/2025,Porto,Arbatax,52,0
02/02/2025,Aeroporto,Olbia,1468,1309
02/02/2025,Aeroporto,Cagliari,5085,4946
02/02/2025,Aeroporto,Alghero,1398,1166
01/02/2025,Porto,Porto Torres,306,334
01/02/2025,Porto,Olbia,886,749
01/02/2025,Porto,Golfo Aranci,0,32
01/02/2025,Porto,Cagliari,173,142
01/02/2025,Porto,Arbatax,0,0
01/02/2025,Aeroporto,Olbia,831,973
01/02/2025,Aeroporto,Cagliari,4271,4419
01/02/2025,Aeroporto,Alghero,910,1008
31/01/2025,Porto,Porto Vesme,0,0
31/01/2025,Porto,Porto Torres,208,226
31/01/2025,Porto,Olbia,1011,1232
31/01/2025,Porto,Golfo Aranci,178,186
31/01/2025,Porto,Cagliari,136,168
31/01/2025,Aeroporto,Olbia,1313,1445
31/01/2025,Aeroporto,Cagliari,5044,5341
31/01/2025,Aeroporto,Alghero,1401,1376
30/01/2025,Porto,Porto Torres,191,183
30/01/2025,Porto,Olbia,906,942
30/01/2025,Porto,Golfo Aranci,68,60
30/01/2025,Porto,Cagliari,150,222
30/01/2025,Porto,Arbatax,0,25
30/01/2025,Aeroporto,Olbia,988,939
30/01/2025,Aeroporto,Cagliari,2893,2872
30/01/2025,Aeroporto,Alghero,770,730
29/01/2025,Porto,Porto Torres,180,166
29/01/2025,Porto,Olbia,721,714
29/01/2025,Porto,Golfo Aranci,117,93
29/01/2025,Porto,Cagliari,90,100
29/01/2025,Porto,Arbatax,66,0
29/01/2025,Aeroporto,Olbia,778,965
29/01/2025,Aeroporto,Cagliari,2394,2832
29/01/2025,Aeroporto,Alghero,740,1031
28/01/2025,Porto,Porto Torres,197,155
28/01/2025,Porto,Olbia,906,669
28/01/2025,Porto,Cagliari,221,176
28/01/2025,Porto,Arbatax,1,27
28/01/2025,Aeroporto,Olbia,765,775
28/01/2025,Aeroporto,Cagliari,2413,2547
28/01/2025,Aeroporto,Alghero,620,634
27/01/2025,Porto,Porto Vesme,0,0
27/01/2025,Porto,Porto Torres,418,339
27/01/2025,Porto,Olbia,1024,870
27/01/2025,Porto,Golfo Aranci,180,191
27/01/2025,Porto,Cagliari,117,174
27/01/2025,Porto,Arbatax,0,0
27/01/2025,Aeroporto,Olbia,1187,1081
27/01/2025,Aeroporto,Cagliari,4713,4513
27/01/2025,Aeroporto,Alghero,1349,1230
26/01/2025,Porto,Porto Torres,249,217
26/01/2025,Porto,Olbia,812,710
26/01/2025,Porto,Cagliari,204,1
26/01/2025,Porto,Arbatax,45,0
26/01/2025,Aeroporto,Olbia,1563,1351
26/01/2025,Aeroporto,Cagliari,4724,4489
26/01/2025,Aeroporto,Alghero,1092,888
25/01/2025,Porto,Porto Torres,261,277
25/01/2025,Porto,Olbia,911,878
25/01/2025,Porto,Golfo Aranci,23,27
25/01/2025,Porto,Cagliari,167,155
25/01/2025,Aeroporto,Olbia,742,760
25/01/2025,Aeroporto,Cagliari,4169,3787
25/01/2025,Aeroporto,Alghero,816,929
24/01/2025,Porto,Porto Torres,197,250
24/01/2025,Porto,Olbia,824,1086
24/01/2025,Porto,Golfo Aranci,218,139
24/01/2025,Porto,Cagliari,147,153
24/01/2025,Aeroporto,Olbia,1292,1435
24/01/2025,Aeroporto,Cagliari,4704,5410
24/01/2025,Aeroporto,Alghero,1388,1511
23/01/2025,Porto,Porto Vesme,0,0
23/01/2025,Porto,Porto Torres,199,184
23/01/2025,Porto,Olbia,851,769
23/01/2025,Porto,Golfo Aranci,40,36
23/01/2025,Porto,Cagliari,136,248
23/01/2025,Porto,Arbatax,0,37
23/01/2025,Aeroporto,Olbia,934,996
23/01/2025,Aeroporto,Cagliari,2642,2832
23/01/2025,Aeroporto,Alghero,654,730
22/01/2025,Porto,Porto Vesme,0,0
22/01/2025,Porto,Porto Torres,197,179
22/01/2025,Porto,Olbia,824,721
22/01/2025,Porto,Golfo Aranci,139,158
22/01/2025,Porto,Cagliari,118,162
22/01/2025,Porto,Arbatax,84,0
22/01/2025,Aeroporto,Olbia,764,772
22/01/2025,Aeroporto,Cagliari,2189,2564
22/01/2025,Aeroporto,Alghero,747,812
21/01/2025,Porto,Porto Torres,226,191
21/01/2025,Porto,Olbia,992,641
21/01/2025,Porto,Golfo Aranci,41,40
21/01/2025,Porto,Cagliari,260,168
21/01/2025,Porto,Arbatax,0,34
21/01/2025,Aeroporto,Olbia,788,748
21/01/2025,Aeroporto,Cagliari,2265,2360
21/01/2025,Aeroporto,Alghero,584,562
20/01/2025,Porto,Porto Vesme,0,0
20/01/2025,Porto,Porto Torres,533,388
20/01/2025,Porto,Olbia,974,868
20/01/2025,Porto,Golfo Aranci,191,175
20/01/2025,Porto,Cagliari,133,224
20/01/2025,Aeroporto,Olbia,1181,1022
20/01/2025,Aeroporto,Cagliari,4498,4324
20/01/2025,Aeroporto,Alghero,1240,1310
19/01/2025,Porto,Porto Torres,269,207
19/01/2025,Porto,Olbia,791,855
19/01/2025,Porto,Golfo Aranci,0,0
19/01/2025,Porto,Cagliari,332,0
19/01/2025,Porto,Arbatax,46,0
19/01/2025,Aeroporto,Olbia,1393,1338
19/01/2025,Aeroporto,Cagliari,4628,4459
19/01/2025,Aeroporto,Alghero,931,954
18/01/2025,Porto,Porto Vesme,0,0
18/01/2025,Porto,Porto Torres,240,393
18/01/2025,Porto,Olbia,703,899
18/01/2025,Porto,Cagliari,108,207
18/01/2025,Aeroporto,Olbia,667,735
18/01/2025,Aeroporto,Cagliari,3837,4045
18/01/2025,Aeroporto,Alghero,748,784
17/01/2025,Porto,Porto Torres,192,319
17/01/2025,Porto,Olbia,957,1231
17/01/2025,Porto,Cagliari,160,169
17/01/2025,Aeroporto,Olbia,1083,1384
17/01/2025,Aeroporto,Cagliari,4604,5191
17/01/2025,Aeroporto,Alghero,1313,1271
16/01/2025,Porto,Porto Vesme,0,0
16/01/2025,Porto,Porto Torres,214,180
16/01/2025,Porto,Olbia,970,860
16/01/2025,Porto,Cagliari,140,253
16/01/2025,Porto,Arbatax,0,27
16/01/2025,Aeroporto,Olbia,926,932
16/01/2025,Aeroporto,Cagliari,2456,2814
16/01/2025,Aeroporto,Alghero,637,666
15/01/2025,Porto,Porto Vesme,0,0
15/01/2025,Porto,Porto Torres,167,175
15/01/2025,Porto,Olbia,894,846
15/01/2025,Porto,Golfo Aranci,105,280
15/01/2025,Porto,Cagliari,136,117
15/01/2025,Porto,Arbatax,58,0
15/01/2025,Aeroporto,Olbia,824,814
15/01/2025,Aeroporto,Cagliari,2135,2693
15/01/2025,Aeroporto,Alghero,697,895
14/01/2025,Porto,Porto Torres,272,161
14/01/2025,Porto,Olbia,904,674
14/01/2025,Porto,Golfo Aranci,0,0
14/01/2025,Porto,Cagliari,257,162
14/01/2025,Porto,Arbatax,0,37
14/01/2025,Aeroporto,Olbia,714,689
14/01/2025,Aeroporto,Cagliari,2237,2637
14/01/2025,Aeroporto,Alghero,575,562
13/01/2025,Porto,Porto Torres,237,185
13/01/2025,Porto,Olbia,1137,805
13/01/2025,Porto,Golfo Aranci,246,243
13/01/2025,Porto,Cagliari,121,117
13/01/2025,Aeroporto,Olbia,1182,980
13/01/2025,Aeroporto,Cagliari,4417,4348
13/01/2025,Aeroporto,Alghero,1032,1203
12/01/2025,Porto,Porto Torres,361,226
12/01/2025,Porto,Olbia,1202,873
12/01/2025,Porto,Cagliari,722,117
12/01/2025,Aeroporto,Olbia,1389,1150
12/01/2025,Aeroporto,Cagliari,4531,4466
12/01/2025,Aeroporto,Alghero,890,932
11/01/2025,Porto,Porto Vesme,0,0
11/01/2025,Porto,Porto Torres,258,453
11/01/2025,Porto,Olbia,966,1286
11/01/2025,Porto,Cagliari,339,144
11/01/2025,Aeroporto,Olbia,752,813
11/01/2025,Aeroporto,Cagliari,3668,4405
11/01/2025,Aeroporto,Alghero,667,773
10/01/2025,Porto,Porto Torres,358,548
10/01/2025,Porto,Olbia,1098,1764
10/01/2025,Porto,Cagliari,159,164
10/01/2025,Aeroporto,Olbia,1066,1258
10/01/2025,Aeroporto,Cagliari,4135,5117
10/01/2025,Aeroporto,Alghero,1185,1390
09/01/2025,Porto,Porto Vesme,0,0
09/01/2025,Porto,Porto Torres,216,253
09/01/2025,Porto,Olbia,1087,899
09/01/2025,Porto,Cagliari,340,155
09/01/2025,Porto,Arbatax,0,52
09/01/2025,Aeroporto,Olbia,815,893
09/01/2025,Aeroporto,Cagliari,2291,2627
09/01/2025,Aeroporto,Alghero,525,660
08/01/2025,Porto,Porto Torres,362,289
08/01/2025,Porto,Olbia,1439,1396
08/01/2025,Porto,Golfo Aranci,197,298
08/01/2025,Porto,Cagliari,143,164
08/01/2025,Porto,Arbatax,110,0
08/01/2025,Aeroporto,Olbia,710,919
08/01/2025,Aeroporto,Cagliari,2099,2723
08/01/2025,Aeroporto,Alghero,627,855
07/01/2025,Porto,Porto Vesme,0,0
07/01/2025,Porto,Porto Torres,664,574
07/01/2025,Porto,Olbia,1433,1624
07/01/2025,Porto,Cagliari,684,189
07/01/2025,Porto,Arbatax,0,71
07/01/2025,Aeroporto,Olbia,938,1101
07/01/2025,Aeroporto,Cagliari,4406,5179
07/01/2025,Aeroporto,Alghero,1145,1432
06/01/2025,Porto,Porto Torres,926,935
06/01/2025,Porto,Olbia,2679,2630
06/01/2025,Porto,Golfo Aranci,530,850
06/01/2025,Porto,Cagliari,152,564
06/01/2025,Aeroporto,Olbia,1918,2393
06/01/2025,Aeroporto,Cagliari,5863,6263
06/01/2025,Aeroporto,Alghero,1497,1811
05/01/2025,Porto,Porto Vesme,0,0
05/01/2025,Porto,Porto Torres,616,1341
05/01/2025,Porto,Olbia,2288,4078
05/01/2025,Porto,Golfo Aranci,446,1142
05/01/2025,Porto,Cagliari,1104,0
05/01/2025,Porto,Arbatax,106,0
05/01/2025,Aeroporto,Olbia,1963,2547
05/01/2025,Aeroporto,Cagliari,5950,6495
05/01/2025,Aeroporto,Alghero,1339,1382
04/01/2025,Porto,Porto Vesme,0,0
04/01/2025,Porto,Porto Torres,599,1930
04/01/2025,Porto,Olbia,2046,3804
04/01/2025,Porto,Golfo Aranci,381,1318
04/01/2025,Porto,Cagliari,824,221
04/01/2025,Aeroporto,Olbia,1348,1678
04/01/2025,Aeroporto,Cagliari,5371,6213
04/01/2025,Aeroporto,Alghero,1045,1290
03/01/2025,Porto,Porto Torres,1239,2246
03/01/2025,Porto,Olbia,2307,4944
03/01/2025,Porto,Golfo Aranci,392,996
03/01/2025,Porto,Cagliari,285,452
03/01/2025,Aeroporto,Olbia,2084,2397
03/01/2025,Aeroporto,Cagliari,5301,6233
03/01/2025,Aeroporto,Alghero,1321,1728
02/01/2025,Porto,Porto Torres,277,887
02/01/2025,Porto,Olbia,1598,3029
02/01/2025,Porto,Golfo Aranci,326,992
02/01/2025,Porto,Cagliari,235,506
02/01/2025,Porto,Arbatax,0,92
02/01/2025,Aeroporto,Olbia,1925,2516
02/01/2025,Aeroporto,Cagliari,6250,6712
02/01/2025,Aeroporto,Alghero,1366,1700
01/01/2025,Porto,Porto Vesme,0,0
01/01/2025,Porto,Porto Torres,187,1176
01/01/2025,Porto,Olbia,89,2393
01/01/2025,Porto,Golfo Aranci,58,608
01/01/2025,Porto,Cagliari,129,164
01/01/2025,Porto,Arbatax,13,0
01/01/2025,Aeroporto,Olbia,1105,1591
01/01/2025,Aeroporto,Cagliari,4722,5441
01/01/2025,Aeroporto,Alghero,620,1033
31/12/2024,Porto,Porto Torres,1085,255
31/12/2024,Porto,Olbia,2096,117
31/12/2024,Porto,Golfo Aranci,405,52
31/12/2024,Porto,Cagliari,641,75
31/12/2024,Aeroporto,Olbia,1370,1280
31/12/2024,Aeroporto,Cagliari,4195,5149
31/12/2024,Aeroporto,Alghero,965,1039
30/12/2024,Porto,Porto Torres,518,466
30/12/2024,Porto,Olbia,2497,2169
30/12/2024,Porto,Golfo Aranci,617,173
30/12/2024,Porto,Cagliari,139,1122
30/12/2024,Aeroporto,Olbia,2205,2188
30/12/2024,Aeroporto,Cagliari,5745,6968
30/12/2024,Aeroporto,Alghero,1519,1272
29/12/2024,Porto,Porto Torres,999,1216
29/12/2024,Porto,Olbia,3129,0
29/12/2024,Porto,Golfo Aranci,1003,839
29/12/2024,Porto,Cagliari,775,0
29/12/2024,Porto,Arbatax,148,0
29/12/2024,Aeroporto,Olbia,2290,2472
29/12/2024,Aeroporto,Cagliari,6163,7166
29/12/2024,Aeroporto,Alghero,1440,1583
28/12/2024,Porto,Porto Torres,1656,2099
28/12/2024,Porto,Olbia,3708,0
28/12/2024,Porto,Golfo Aranci,903,863
28/12/2024,Porto,Cagliari,735,555
28/12/2024,Aeroporto,Olbia,1770,1778
28/12/2024,Aeroporto,Cagliari,5836,6302
28/12/2024,Aeroporto,Alghero,1084,1238
27/12/2024,Porto,Porto Torres,801,789
27/12/2024,Porto,Olbia,3147,0
27/12/2024,Porto,Golfo Aranci,905,728
27/12/2024,Porto,Cagliari,280,397
27/12/2024,Aeroporto,Olbia,2357,2328
27/12/2024,Aeroporto,Cagliari,5797,6492
27/12/2024,Aeroporto,Alghero,1553,1478
26/12/2024,Porto,Porto Torres,354,423
26/12/2024,Porto,Olbia,1203,0
26/12/2024,Porto,Golfo Aranci,450,337
26/12/2024,Porto,Cagliari,70,739
26/12/2024,Porto,Arbatax,0,40
26/12/2024,Aeroporto,Olbia,2015,1949
26/12/2024,Aeroporto,Cagliari,5218,5935
26/12/2024,Aeroporto,Alghero,1473,1735
25/12/2024,Porto,Porto Torres,297,178
25/12/2024,Porto,Olbia,140,0
25/12/2024,Porto,Golfo Aranci,0,179
25/12/2024,Porto,Cagliari,131,84
25/12/2024,Porto,Arbatax,67,0
25/12/2024,Aeroporto,Olbia,411,420
25/12/2024,Aeroporto,Cagliari,829,1029
25/12/2024,Aeroporto,Alghero,326,286
24/12/2024,Porto,Porto Torres,890,134
24/12/2024,Porto,Olbia,3606,0
24/12/2024,Porto,Golfo Aranci,927,74
24/12/2024,Porto,Cagliari,350,151
24/12/2024,Porto,Arbatax,0,44
24/12/2024,Aeroporto,Olbia,1368,1057
24/12/2024,Aeroporto,Cagliari,3848,3153
24/12/2024,Aeroporto,Alghero,1011,688
23/12/2024,Porto,Olbia,5227,0
23/12/2024,Porto,Cagliari,135,1149
23/12/2024,Aeroporto,Olbia,2075,1821
23/12/2024,Aeroporto,Cagliari,6679,5719
23/12/2024,Aeroporto,Alghero,1645,1374
22/12/2024,Porto,Porto Torres,1432,417
22/12/2024,Porto,Olbia,4918,1638
22/12/2024,Porto,Golfo Aranci,1163,260
22/12/2024,Porto,Cagliari,670,0
22/12/2024,Porto,Arbatax,235,0
22/12/2024,Aeroporto,Olbia,2268,1880
22/12/2024,Aeroporto,Cagliari,7010,5484
22/12/2024,Aeroporto,Alghero,1725,1228
21/12/2024,Porto,Porto Torres,1175,628
21/12/2024,Porto,Olbia,3770,2609
21/12/2024,Porto,Golfo Aranci,798,386
21/12/2024,Porto,Cagliari,443,1022
21/12/2024,Aeroporto,Olbia,2116,1523
21/12/2024,Aeroporto,Cagliari,7119,4955
21/12/2024,Aeroporto,Alghero,1632,1172
20/12/2024,Porto,Porto Torres,0,398
20/12/2024,Porto,Olbia,4081,3703
20/12/2024,Porto,Cagliari,305,418
20/12/2024,Aeroporto,Olbia,2496,1781
20/12/2024,Aeroporto,Cagliari,7079,5068
20/12/2024,Aeroporto,Alghero,1565,1175
19/12/2024,Porto,Porto Torres,932,545
19/12/2024,Porto,Olbia,1395,1501
19/12/2024,Porto,Cagliari,170,773
19/12/2024,Porto,Arbatax,0,72
19/12/2024,Aeroporto,Olbia,2254,1876
19/12/2024,Aeroporto,Cagliari,6432,4989
19/12/2024,Aeroporto,Alghero,1454,1128
18/12/2024,Porto,Porto Torres,235,289
18/12/2024,Porto,Olbia,1227,1272
18/12/2024,Porto,Golfo Aranci,171,197
18/12/2024,Porto,Cagliari,222,170
18/12/2024,Porto,Arbatax,100,0
18/12/2024,Aeroporto,Olbia,934,1051
18/12/2024,Aeroporto,Cagliari,3808,3081
18/12/2024,Aeroporto,Alghero,913,812
17/12/2024,Porto,Porto Torres,252,216
17/12/2024,Porto,Olbia,1098,1019
17/12/2024,Porto,Golfo Aranci,63,44
17/12/2024,Porto,Cagliari,236,358
17/12/2024,Porto,Arbatax,0,35
17/12/2024,Aeroporto,Olbia,1016,973
17/12/2024,Aeroporto,Cagliari,3408,3048
17/12/2024,Aeroporto,Alghero,721,565
16/12/2024,Porto,Porto Torres,425,442
16/12/2024,Porto,Olbia,1415,1033
16/12/2024,Porto,Golfo Aranci,638,191
16/12/2024,Porto,Cagliari,118,537
16/12/2024,Aeroporto,Olbia,1706,1355
16/12/2024,Aeroporto,Cagliari,5715,4513
16/12/2024,Aeroporto,Alghero,1672,1266
15/12/2024,Porto,Porto Torres,342,270
15/12/2024,Porto,Olbia,904,1161
15/12/2024,Porto,Golfo Aranci,28,45
15/12/2024,Porto,Cagliari,303,2
15/12/2024,Porto,Arbatax,53,0
15/12/2024,Aeroporto,Olbia,1743,1421
15/12/2024,Aeroporto,Cagliari,5540,4514
15/12/2024,Aeroporto,Alghero,1188,928
14/12/2024,Aeroporto,Olbia,1032,1080
14/12/2024,Aeroporto,Cagliari,5239,4895
14/12/2024,Aeroporto,Alghero,1006,846
13/12/2024,Aeroporto,Olbia,1474,1818
13/12/2024,Aeroporto,Cagliari,5212,5210
13/12/2024,Aeroporto,Alghero,1373,1262
12/12/2024,Aeroporto,Olbia,1559,1327
12/12/2024,Aeroporto,Cagliari,4502,4349
12/12/2024,Aeroporto,Alghero,1075,1091
11/12/2024,Porto,Olbia,896,968
11/12/2024,Porto,Golfo Aranci,174,160
11/12/2024,Porto,Cagliari,161,121
11/12/2024,Porto,Arbatax,71,0
11/12/2024,Aeroporto,Olbia,870,1032
11/12/2024,Aeroporto,Cagliari,3523,3561
11/12/2024,Aeroporto,Alghero,843,850
10/12/2024,Porto,Olbia,1333,899
10/12/2024,Porto,Golfo Aranci,39,54
10/12/2024,Porto,Cagliari,469,220
10/12/2024,Porto,Arbatax,0,19
10/12/2024,Aeroporto,Olbia,921,1024
10/12/2024,Aeroporto,Cagliari,3509,3572
10/12/2024,Aeroporto,Alghero,691,690
09/12/2024,Porto,Porto Torres,302,275
09/12/2024,Porto,Olbia,1327,1020
09/12/2024,Porto,Golfo Aranci,287,242
09/12/2024,Porto,Cagliari,131,411
09/12/2024,Aeroporto,Olbia,1794,1487
09/12/2024,Aeroporto,Cagliari,5587,5022
09/12/2024,Aeroporto,Alghero,1531,1170
08/12/2024,Porto,Olbia,901,1135
08/12/2024,Porto,Cagliari,119,0
08/12/2024,Porto,Arbatax,45,0
08/12/2024,Aeroporto,Olbia,0,125
08/12/2024,Aeroporto,Cagliari,5507,5009
08/12/2024,Aeroporto,Alghero,1471,1135
07/12/2024,Porto,Porto Torres,269,305
07/12/2024,Porto,Olbia,1059,1008
07/12/2024,Porto,Cagliari,347,4
07/12/2024,Aeroporto,Olbia,921,1051
07/12/2024,Aeroporto,Cagliari,4750,4693
07/12/2024,Aeroporto,Alghero,905,944
06/12/2024,Porto,Porto Torres,346,485
06/12/2024,Porto,Olbia,978,1358
06/12/2024,Porto,Golfo Aranci,118,147
06/12/2024,Porto,Cagliari,142,206
06/12/2024,Aeroporto,Olbia,1552,2106
06/12/2024,Aeroporto,Cagliari,4986,5894
06/12/2024,Aeroporto,Alghero,1245,1508
05/12/2024,Porto,Porto Torres,354,430
05/12/2024,Porto,Olbia,819,1439
05/12/2024,Porto,Cagliari,148,467
05/12/2024,Porto,Arbatax,0,36
05/12/2024,Aeroporto,Olbia,1242,1401
05/12/2024,Aeroporto,Cagliari,3886,4453
05/12/2024,Aeroporto,Alghero,918,1250
04/12/2024,Porto,Porto Torres,223,260
04/12/2024,Porto,Olbia,961,1153
04/12/2024,Porto,Golfo Aranci,186,202
04/12/2024,Porto,Cagliari,104,106
04/12/2024,Porto,Arbatax,65,0
04/12/2024,Aeroporto,Olbia,770,948
04/12/2024,Aeroporto,Cagliari,3249,3506
04/12/2024,Aeroporto,Alghero,683,884
03/12/2024,Porto,Porto Torres,211,196
03/12/2024,Porto,Olbia,1161,914
03/12/2024,Porto,Cagliari,265,328
03/12/2024,Porto,Arbatax,0,37
03/12/2024,Aeroporto,Olbia,897,829
03/12/2024,Aeroporto,Cagliari,3102,3123
03/12/2024,Aeroporto,Alghero,561,590
02/12/2024,Porto,Porto Torres,411,547
02/12/2024,Porto,Olbia,1157,1119
02/12/2024,Porto,Golfo Aranci,174,268
02/12/2024,Porto,Cagliari,123,464
02/12/2024,Aeroporto,Olbia,1482,1560
02/12/2024,Aeroporto,Cagliari,5040,5008
02/12/2024,Aeroporto,Alghero,1327,1300
01/12/2024,Porto,Porto Torres,343,286
01/12/2024,Porto,Olbia,630,957
01/12/2024,Porto,Golfo Aranci,87,63
01/12/2024,Porto,Cagliari,364,1
01/12/2024,Porto,Arbatax,79,0
01/12/2024,Aeroporto,Olbia,1740,1498
01/12/2024,Aeroporto,Cagliari,5344,5025
01/12/2024,Aeroporto,Alghero,1314,1254
30/11/2024,Porto,Porto Torres,281,423
30/11/2024,Porto,Olbia,915,1310
30/11/2024,Porto,Cagliari,217,220
30/11/2024,Aeroporto,Olbia,1072,1045
30/11/2024,Aeroporto,Cagliari,4914,4978
30/11/2024,Aeroporto,Alghero,947,999
29/11/2024,Porto,Porto Torres,418,534
29/11/2024,Porto,Olbia,1003,1408
29/11/2024,Porto,Golfo Aranci,200,164
29/11/2024,Porto,Cagliari,227,180
29/11/2024,Aeroporto,Olbia,1396,1561
29/11/2024,Aeroporto,Cagliari,4561,5159
29/11/2024,Aeroporto,Alghero,1206,1258
28/11/2024,Porto,Porto Torres,483,460
28/11/2024,Porto,Olbia,950,1291
28/11/2024,Porto,Golfo Aranci,70,32
28/11/2024,Porto,Cagliari,190,301
28/11/2024,Porto,Arbatax,0,17
28/11/2024,Aeroporto,Olbia,1384,1530
28/11/2024,Aeroporto,Cagliari,4253,4493
28/11/2024,Aeroporto,Alghero,1031,1131
27/11/2024,Porto,Porto Torres,144,288
27/11/2024,Porto,Olbia,898,1129
27/11/2024,Porto,Golfo Aranci,158,110
27/11/2024,Porto,Cagliari,156,85
27/11/2024,Porto,Arbatax,90,0
27/11/2024,Aeroporto,Olbia,920,994
27/11/2024,Aeroporto,Cagliari,3616,3736
27/11/2024,Aeroporto,Alghero,778,926
26/11/2024,Porto,Porto Torres,266,343
26/11/2024,Porto,Olbia,1120,1083
26/11/2024,Porto,Cagliari,304,201
26/11/2024,Porto,Arbatax,0,37
26/11/2024,Aeroporto,Olbia,1003,983
26/11/2024,Aeroporto,Cagliari,3329,3469
26/11/2024,Aeroporto,Alghero,700,687
25/11/2024,Porto,Porto Torres,611,245
25/11/2024,Porto,Olbia,1302,1045
25/11/2024,Porto,Golfo Aranci,154,135
25/11/2024,Porto,Cagliari,32,469
25/11/2024,Aeroporto,Olbia,1734,1573
25/11/2024,Aeroporto,Cagliari,5515,5238
25/11/2024,Aeroporto,Alghero,1354,1289
24/11/2024,Porto,Porto Torres,254,261
24/11/2024,Porto,Olbia,871,1100
24/11/2024,Porto,Cagliari,318,2
24/11/2024,Porto,Arbatax,65,0
24/11/2024,Aeroporto,Olbia,1914,1596
24/11/2024,Aeroporto,Cagliari,5592,5270
24/11/2024,Aeroporto,Alghero,1377,1127
23/11/2024,Porto,Porto Torres,301,573
23/11/2024,Porto,Olbia,1158,1298
23/11/2024,Porto,Cagliari,13,216
23/11/2024,Aeroporto,Olbia,1056,1194
23/11/2024,Aeroporto,Cagliari,4703,5055
23/11/2024,Aeroporto,Alghero,874,898
22/11/2024,Porto,Olbia,1069,1855
22/11/2024,Porto,Cagliari,155,283
22/11/2024,Aeroporto,Olbia,1768,2010
22/11/2024,Aeroporto,Cagliari,5185,5745
22/11/2024,Aeroporto,Alghero,1269,1448
21/11/2024,Porto,Porto Torres,422,420
21/11/2024,Porto,Olbia,928,1299
21/11/2024,Porto,Cagliari,120,10
21/11/2024,Porto,Arbatax,0,41
21/11/2024,Aeroporto,Olbia,1380,1399
21/11/2024,Aeroporto,Cagliari,4002,4397
21/11/2024,Aeroporto,Alghero,966,1041
20/11/2024,Porto,Olbia,1039,1771
20/11/2024,Porto,Cagliari,200,145
20/11/2024,Aeroporto,Olbia,884,994
20/11/2024,Aeroporto,Cagliari,3351,3490
20/11/2024,Aeroporto,Alghero,708,859
19/11/2024,Porto,Olbia,1151,333
19/11/2024,Porto,Cagliari,284,187
19/11/2024,Porto,Arbatax,0,39
19/11/2024,Aeroporto,Olbia,908,975
19/11/2024,Aeroporto,Cagliari,3259,3212
19/11/2024,Aeroporto,Alghero,584,617
18/11/2024,Porto,Olbia,1318,1241
18/11/2024,Porto,Cagliari,1,138
18/11/2024,Aeroporto,Olbia,1758,1655
18/11/2024,Aeroporto,Cagliari,5262,5268
18/11/2024,Aeroporto,Alghero,1339,1268
17/11/2024,Porto,Porto Torres,378,352
17/11/2024,Porto,Olbia,938,996
17/11/2024,Aeroporto,Olbia,1757,1609
17/11/2024,Aeroporto,Cagliari,5384,5361
17/11/2024,Aeroporto,Alghero,1383,1346
16/11/2024,Porto,Porto Torres,326,508
16/11/2024,Porto,Olbia,1079,1310
16/11/2024,Aeroporto,Olbia,1011,1054
16/11/2024,Aeroporto,Cagliari,4734,5077
16/11/2024,Aeroporto,Alghero,791,939
15/11/2024,Porto,Porto Torres,486,566
15/11/2024,Porto,Olbia,1013,1393
15/11/2024,Porto,Golfo Aranci,130,219
15/11/2024,Aeroporto,Olbia,1694,1913
15/11/2024,Aeroporto,Cagliari,4909,5538
15/11/2024,Aeroporto,Alghero,1338,1415
14/11/2024,Porto,Porto Torres,451,613
14/11/2024,Porto,Olbia,994,1393
14/11/2024,Porto,Arbatax,0,34
14/11/2024,Aeroporto,Olbia,1290,1514
14/11/2024,Aeroporto,Cagliari,3839,4319
14/11/2024,Aeroporto,Alghero,979,1058
13/11/2024,Porto,Porto Torres,255,252
13/11/2024,Porto,Olbia,970,992
13/11/2024,Porto,Golfo Aranci,106,149
13/11/2024,Porto,Arbatax,85,0
13/11/2024,Aeroporto,Olbia,869,876
13/11/2024,Aeroporto,Cagliari,3180,3335
13/11/2024,Aeroporto,Alghero,710,776
12/11/2024,Porto,Porto Torres,305,273
12/11/2024,Porto,Olbia,1366,1010
12/11/2024,Porto,Cagliari,657,413
12/11/2024,Porto,Arbatax,0,23
12/11/2024,Aeroporto,Olbia,996,1017
12/11/2024,Aeroporto,Cagliari,3046,3112
12/11/2024,Aeroporto,Alghero,559,600
11/11/2024,Porto,Porto Torres,512,594
11/11/2024,Porto,Olbia,1673,1083
11/11/2024,Porto,Golfo Aranci,109,208
11/11/2024,Porto,Cagliari,7,291
11/11/2024,Aeroporto,Olbia,1840,1580
11/11/2024,Aeroporto,Cagliari,5196,5213
11/11/2024,Aeroporto,Alghero,1314,1327
10/11/2024,Porto,Porto Torres,292,338
10/11/2024,Porto,Olbia,1033,1237
10/11/2024,Porto,Cagliari,346,2
10/11/2024,Porto,Arbatax,54,0
10/11/2024,Aeroporto,Olbia,2009,1853
10/11/2024,Aeroporto,Cagliari,5627,5571
10/11/2024,Aeroporto,Alghero,1288,1361
09/11/2024,Porto,Porto Torres,557,654
09/11/2024,Porto,Olbia,1263,1744
09/11/2024,Porto,Cagliari,182,288
09/11/2024,Aeroporto,Olbia,1076,1336
09/11/2024,Aeroporto,Cagliari,5052,4979
09/11/2024,Aeroporto,Alghero,831,934
08/11/2024,Porto,Porto Torres,252,532
08/11/2024,Porto,Olbia,1115,1773
08/11/2024,Porto,Golfo Aranci,147,130
08/11/2024,Porto,Cagliari,174,193
08/11/2024,Aeroporto,Olbia,1659,2075
08/11/2024,Aeroporto,Cagliari,5281,5909
08/11/2024,Aeroporto,Alghero,1287,1445
07/11/2024,Porto,Porto Torres,608,755
07/11/2024,Porto,Olbia,1016,1601
07/11/2024,Porto,Cagliari,198,306
07/11/2024,Porto,Arbatax,0,20
07/11/2024,Aeroporto,Olbia,1477,1734
07/11/2024,Aeroporto,Cagliari,3726,4512
07/11/2024,Aeroporto,Alghero,921,1052
06/11/2024,Porto,Porto Torres,267,313
06/11/2024,Porto,Olbia,1156,1332
06/11/2024,Porto,Golfo Aranci,110,242
06/11/2024,Porto,Cagliari,186,115
06/11/2024,Porto,Arbatax,75,0
06/11/2024,Aeroporto,Olbia,956,1237
06/11/2024,Aeroporto,Cagliari,3410,3851
06/11/2024,Aeroporto,Alghero,659,869
05/11/2024,Porto,Porto Torres,349,388
05/11/2024,Porto,Olbia,1677,1430
05/11/2024,Porto,Cagliari,915,586
05/11/2024,Porto,Arbatax,0,55
05/11/2024,Aeroporto,Olbia,890,1307
05/11/2024,Aeroporto,Cagliari,3233,3338
05/11/2024,Aeroporto,Alghero,490,672
04/11/2024,Porto,Porto Torres,723,816
04/11/2024,Porto,Golfo Aranci,274,371
04/11/2024,Porto,Cagliari,11,379
04/11/2024,Aeroporto,Olbia,2208,2453
04/11/2024,Aeroporto,Cagliari,5807,6051
04/11/2024,Aeroporto,Alghero,1512,1859
03/11/2024,Porto,Porto Torres,784,909
03/11/2024,Porto,Golfo Aranci,215,415
03/11/2024,Porto,Cagliari,718,60
03/11/2024,Porto,Arbatax,167,0
03/11/2024,Aeroporto,Olbia,2741,4003
03/11/2024,Aeroporto,Cagliari,6816,6845
03/11/2024,Aeroporto,Alghero,1075,1121
02/11/2024,Porto,Porto Torres,303,949
02/11/2024,Porto,Golfo Aranci,127,821
02/11/2024,Porto,Cagliari,234,420
02/11/2024,Aeroporto,Olbia,1430,3327
02/11/2024,Aeroporto,Cagliari,5174,5083
02/11/2024,Aeroporto,Alghero,691,783
01/11/2024,Porto,Porto Torres,742,2094
01/11/2024,Porto,Golfo Aranci,280,690
01/11/2024,Porto,Cagliari,214,277
01/11/2024,Aeroporto,Olbia,1779,3046
01/11/2024,Aeroporto,Cagliari,5027,5631
01/11/2024,Aeroporto,Alghero,1417,1254
31/10/2024,Porto,Porto Torres,449,778
31/10/2024,Porto,Golfo Aranci,208,600
31/10/2024,Porto,Cagliari,215,444
31/10/2024,Porto,Arbatax,0,58
31/10/2024,Aeroporto,Olbia,2848,3666
31/10/2024,Aeroporto,Cagliari,5894,7042
31/10/2024,Aeroporto,Alghero,1199,1273
30/10/2024,Porto,Porto Torres,315,1122
30/10/2024,Porto,Golfo Aranci,109,420
30/10/2024,Porto,Cagliari,139,262
30/10/2024,Porto,Arbatax,76,0
30/10/2024,Aeroporto,Olbia,1583,2571
30/10/2024,Aeroporto,Cagliari,5176,6074
30/10/2024,Aeroporto,Alghero,864,978
29/10/2024,Porto,Porto Torres,277,353
29/10/2024,Aeroporto,Olbia,1505,2599
29/10/2024,Aeroporto,Cagliari,4626,6287
29/10/2024,Aeroporto,Alghero,881,959
28/10/2024,Porto,Porto Torres,618,1002
28/10/2024,Aeroporto,Olbia,2100,2617
28/10/2024,Aeroporto,Cagliari,5154,5352
28/10/2024,Aeroporto,Alghero,1089,998
27/10/2024,Porto,Porto Torres,563,442
27/10/2024,Aeroporto,Olbia,2745,3892
27/10/2024,Aeroporto,Cagliari,5929,5991
27/10/2024,Aeroporto,Alghero,1528,1245
26/10/2024,Aeroporto,Olbia,4561,6259
26/10/2024,Aeroporto,Cagliari,6804,8486
26/10/2024,Aeroporto,Alghero,2550,2578
25/10/2024,Aeroporto,Olbia,3723,5297
25/10/2024,Aeroporto,Cagliari,7372,8217
25/10/2024,Aeroporto,Alghero,1606,2034
24/10/2024,Aeroporto,Olbia,2930,4056
24/10/2024,Aeroporto,Cagliari,6388,7936
24/10/2024,Aeroporto,Alghero,2314,2709
23/10/2024,Porto,Cagliari,0,171
23/10/2024,Porto,Arbatax,78,0
23/10/2024,Aeroporto,Olbia,2282,3770
23/10/2024,Aeroporto,Cagliari,5136,6891
23/10/2024,Aeroporto,Alghero,1546,2453
22/10/2024,Porto,Cagliari,0,573
22/10/2024,Porto,Arbatax,0,65
22/10/2024,Aeroporto,Olbia,2726,4008
22/10/2024,Aeroporto,Cagliari,5814,7587
22/10/2024,Aeroporto,Alghero,1824,2307
21/10/2024,Porto,Cagliari,0,345
21/10/2024,Aeroporto,Olbia,3407,4749
21/10/2024,Aeroporto,Cagliari,7408,8094
21/10/2024,Aeroporto,Alghero,2462,2854
20/10/2024,Porto,Olbia,2380,3687
20/10/2024,Porto,Golfo Aranci,603,584
20/10/2024,Porto,Cagliari,589,159
20/10/2024,Porto,Arbatax,52,0
20/10/2024,Aeroporto,Olbia,4378,6488
20/10/2024,Aeroporto,Cagliari,8071,8976
20/10/2024,Aeroporto,Alghero,2316,2644
19/10/2024,Porto,Olbia,1799,3149
19/10/2024,Porto,Golfo Aranci,314,892
19/10/2024,Porto,Cagliari,235,407
19/10/2024,Aeroporto,Olbia,5567,6680
19/10/2024,Aeroporto,Cagliari,7643,7977
19/10/2024,Aeroporto,Alghero,2790,2568
18/10/2024,Porto,Olbia,2233,5142
18/10/2024,Porto,Golfo Aranci,159,794
18/10/2024,Porto,Cagliari,163,299
18/10/2024,Aeroporto,Olbia,5023,5116
18/10/2024,Aeroporto,Cagliari,7797,8048
18/10/2024,Aeroporto,Alghero,2402,2341
17/10/2024,Porto,Porto Torres,1130,1852
17/10/2024,Porto,Olbia,1971,3564
17/10/2024,Porto,Golfo Aranci,253,899
17/10/2024,Porto,Cagliari,164,412
17/10/2024,Porto,Arbatax,0,47
17/10/2024,Aeroporto,Olbia,4227,4377
17/10/2024,Aeroporto,Cagliari,7261,8091
17/10/2024,Aeroporto,Alghero,2803,2844
16/10/2024,Porto,Porto Torres,247,743
16/10/2024,Porto,Olbia,1930,3586
16/10/2024,Porto,Golfo Aranci,290,549
16/10/2024,Porto,Cagliari,172,162
16/10/2024,Porto,Arbatax,65,0
16/10/2024,Aeroporto,Olbia,3247,3589
16/10/2024,Aeroporto,Cagliari,5593,6637
16/10/2024,Aeroporto,Alghero,1975,2411
15/10/2024,Porto,Porto Torres,902,1286
15/10/2024,Porto,Olbia,2198,2876
15/10/2024,Porto,Golfo Aranci,372,552
15/10/2024,Porto,Cagliari,615,679
15/10/2024,Porto,Arbatax,0,62
15/10/2024,Aeroporto,Olbia,3443,4416
15/10/2024,Aeroporto,Cagliari,6593,7707
15/10/2024,Aeroporto,Alghero,1800,2263
14/10/2024,Porto,Porto Torres,618,715
14/10/2024,Porto,Olbia,3589,3424
14/10/2024,Porto,Golfo Aranci,711,501
14/10/2024,Porto,Cagliari,14,511
14/10/2024,Aeroporto,Olbia,3976,5111
14/10/2024,Aeroporto,Cagliari,7452,8710
14/10/2024,Aeroporto,Alghero,2539,3116
13/10/2024,Porto,Porto Torres,1265,1536
13/10/2024,Porto,Olbia,3000,2988
13/10/2024,Porto,Golfo Aranci,946,832
13/10/2024,Porto,Cagliari,752,144
13/10/2024,Porto,Arbatax,70,0
13/10/2024,Aeroporto,Olbia,5983,7243
13/10/2024,Aeroporto,Cagliari,8463,9679
13/10/2024,Aeroporto,Alghero,2395,2595
12/10/2024,Porto,Porto Torres,1236,2018
12/10/2024,Porto,Olbia,3047,5834
12/10/2024,Porto,Golfo Aranci,370,818
12/10/2024,Porto,Cagliari,252,547
12/10/2024,Aeroporto,Olbia,6487,7307
12/10/2024,Aeroporto,Cagliari,7784,8663
12/10/2024,Aeroporto,Alghero,2805,2950
11/10/2024,Porto,Porto Torres,523,2496
11/10/2024,Porto,Olbia,2284,6100
11/10/2024,Porto,Cagliari,181,376
11/10/2024,Aeroporto,Olbia,5507,5902
11/10/2024,Aeroporto,Cagliari,8518,8612
11/10/2024,Aeroporto,Alghero,2342,2324
10/10/2024,Porto,Porto Torres,1058,2075
10/10/2024,Porto,Olbia,2412,5958
10/10/2024,Porto,Golfo Aranci,284,688
10/10/2024,Porto,Cagliari,344,388
10/10/2024,Porto,Arbatax,0,68
10/10/2024,Aeroporto,Olbia,4170,4489
10/10/2024,Aeroporto,Cagliari,7972,8897
10/10/2024,Aeroporto,Alghero,3050,3027
09/10/2024,Porto,Porto Torres,1051,1986
09/10/2024,Porto,Olbia,1592,2996
09/10/2024,Porto,Golfo Aranci,379,704
09/10/2024,Porto,Cagliari,226,175
09/10/2024,Porto,Arbatax,83,0
09/10/2024,Aeroporto,Olbia,3509,4696
09/10/2024,Aeroporto,Cagliari,6143,6905
09/10/2024,Aeroporto,Alghero,2250,2736
08/10/2024,Porto,Porto Torres,405,457
08/10/2024,Porto,Olbia,3610,4737
08/10/2024,Porto,Golfo Aranci,388,519
08/10/2024,Porto,Cagliari,783,666
08/10/2024,Porto,Arbatax,0,109
08/10/2024,Aeroporto,Olbia,3459,4569
08/10/2024,Aeroporto,Cagliari,6838,8113
08/10/2024,Aeroporto,Alghero,1871,2494
07/10/2024,Porto,Porto Torres,1540,1829
07/10/2024,Porto,Olbia,3529,3515
07/10/2024,Porto,Golfo Aranci,700,738
07/10/2024,Porto,Cagliari,10,544
07/10/2024,Aeroporto,Olbia,4193,5576
07/10/2024,Aeroporto,Cagliari,7597,8647
07/10/2024,Aeroporto,Alghero,2538,2803
06/10/2024,Porto,Porto Torres,1103,820
06/10/2024,Porto,Olbia,4702,5137
06/10/2024,Porto,Golfo Aranci,866,703
06/10/2024,Porto,Cagliari,697,158
06/10/2024,Porto,Arbatax,91,0
06/10/2024,Aeroporto,Olbia,6058,7683
06/10/2024,Aeroporto,Cagliari,9202,10261
06/10/2024,Aeroporto,Alghero,2662,2861
05/10/2024,Porto,Porto Torres,1779,2691
05/10/2024,Porto,Olbia,4175,5292
05/10/2024,Porto,Golfo Aranci,970,1549
05/10/2024,Porto,Cagliari,324,765
05/10/2024,Aeroporto,Olbia,7384,8441
05/10/2024,Aeroporto,Cagliari,8095,8964
05/10/2024,Aeroporto,Alghero,2809,3024
04/10/2024,Porto,Porto Torres,399,1110
04/10/2024,Porto,Olbia,5133,8037
04/10/2024,Porto,Cagliari,250,464
04/10/2024,Aeroporto,Olbia,6237,6882
04/10/2024,Aeroporto,Cagliari,8507,8410
04/10/2024,Aeroporto,Alghero,2933,2749
03/10/2024,Porto,Porto Torres,1346,2815
03/10/2024,Porto,Olbia,2919,5069
03/10/2024,Porto,Golfo Aranci,412,677
03/10/2024,Porto,Cagliari,262,561
03/10/2024,Porto,Arbatax,0,79
03/10/2024,Aeroporto,Olbia,4792,5239
03/10/2024,Aeroporto,Cagliari,9062,9286
03/10/2024,Aeroporto,Alghero,2942,3171
02/10/2024,Porto,Porto Torres,1048,1256
02/10/2024,Porto,Golfo Aranci,467,729
02/10/2024,Porto,Arbatax,115,0
02/10/2024,Aeroporto,Olbia,4541,5713
02/10/2024,Aeroporto,Cagliari,6584,7408
02/10/2024,Aeroporto,Alghero,2466,3130
01/10/2024,Porto,Porto Torres,1037,1435
01/10/2024,Porto,Golfo Aranci,638,625
01/10/2024,Porto,Cagliari,0,4
01/10/2024,Porto,Arbatax,0,116
01/10/2024,Aeroporto,Olbia,4283,6424
01/10/2024,Aeroporto,Cagliari,7012,8499
01/10/2024,Aeroporto,Alghero,1519,2449
30/09/2024,Porto,Porto Torres,1254,1485
30/09/2024,Porto,Olbia,4299,6288
30/09/2024,Porto,Golfo Aranci,768,817
30/09/2024,Porto,Cagliari,11,728
30/09/2024,Aeroporto,Olbia,4689,7141
30/09/2024,Aeroporto,Cagliari,7643,8985
30/09/2024,Aeroporto,Alghero,2936,3706
29/09/2024,Porto,Porto Torres,1858,1492
29/09/2024,Porto,Olbia,5646,8289
29/09/2024,Porto,Golfo Aranci,715,757
29/09/2024,Porto,Cagliari,821,160
29/09/2024,Porto,Arbatax,68,0
29/09/2024,Aeroporto,Olbia,7008,9811
29/09/2024,Aeroporto,Cagliari,8948,10908
29/09/2024,Aeroporto,Alghero,3174,3524
28/09/2024,Porto,Porto Torres,1647,1783
28/09/2024,Porto,Olbia,5944,10286
28/09/2024,Porto,Golfo Aranci,738,593
28/09/2024,Porto,Cagliari,333,692
28/09/2024,Aeroporto,Olbia,8864,10698
28/09/2024,Aeroporto,Cagliari,8388,10002
28/09/2024,Aeroporto,Alghero,3489,3855
27/09/2024,Porto,Porto Torres,1641,2774
27/09/2024,Porto,Olbia,3940,6582
27/09/2024,Porto,Golfo Aranci,501,875
27/09/2024,Porto,Cagliari,213,339
27/09/2024,Aeroporto,Olbia,7300,8353
27/09/2024,Aeroporto,Cagliari,9614,9271
27/09/2024,Aeroporto,Alghero,2220,2400
26/09/2024,Porto,Porto Torres,1613,2755
26/09/2024,Porto,Olbia,3676,6502
26/09/2024,Porto,Golfo Aranci,335,753
26/09/2024,Porto,Cagliari,245,559
26/09/2024,Porto,Arbatax,0,92
26/09/2024,Aeroporto,Olbia,5529,6136
26/09/2024,Aeroporto,Cagliari,9325,10198
26/09/2024,Aeroporto,Alghero,3774,3829
25/09/2024,Porto,Porto Torres,1063,1934
25/09/2024,Porto,Olbia,3701,5636
25/09/2024,Porto,Golfo Aranci,394,758
25/09/2024,Porto,Cagliari,147,220
25/09/2024,Porto,Arbatax,84,0
25/09/2024,Aeroporto,Olbia,6501,7445
25/09/2024,Aeroporto,Cagliari,6950,8123
25/09/2024,Aeroporto,Alghero,2984,3603
24/09/2024,Porto,Porto Torres,1047,1192
24/09/2024,Porto,Olbia,5103,6200
24/09/2024,Porto,Golfo Aranci,718,720
24/09/2024,Porto,Cagliari,673,653
24/09/2024,Porto,Arbatax,0,106
24/09/2024,Aeroporto,Olbia,5508,7354
24/09/2024,Aeroporto,Cagliari,7343,8677
24/09/2024,Aeroporto,Alghero,1869,2273
23/09/2024,Porto,Porto Torres,2136,2355
23/09/2024,Porto,Olbia,5462,5713
23/09/2024,Porto,Golfo Aranci,722,809
23/09/2024,Porto,Cagliari,10,622
23/09/2024,Aeroporto,Olbia,6010,7694
23/09/2024,Aeroporto,Cagliari,8173,8965
23/09/2024,Aeroporto,Alghero,3267,3857
22/09/2024,Porto,Porto Torres,1680,1435
22/09/2024,Porto,Olbia,6961,9752
22/09/2024,Porto,Golfo Aranci,724,809
22/09/2024,Porto,Cagliari,828,159
22/09/2024,Porto,Arbatax,82,0
22/09/2024,Aeroporto,Olbia,8048,10375
22/09/2024,Aeroporto,Cagliari,9971,12063
22/09/2024,Aeroporto,Alghero,3075,3527
21/09/2024,Porto,Porto Torres,3029,4435
21/09/2024,Porto,Olbia,6988,10666
21/09/2024,Porto,Golfo Aranci,978,1642
21/09/2024,Porto,Cagliari,345,768
21/09/2024,Aeroporto,Olbia,10093,12029
21/09/2024,Aeroporto,Cagliari,8731,9806
21/09/2024,Aeroporto,Alghero,3440,3708
20/09/2024,Porto,Porto Torres,1947,3142
20/09/2024,Porto,Olbia,5096,8798
20/09/2024,Porto,Golfo Aranci,530,880
20/09/2024,Porto,Cagliari,166,331
20/09/2024,Aeroporto,Olbia,8822,8911
20/09/2024,Aeroporto,Cagliari,9086,9394
20/09/2024,Aeroporto,Alghero,2687,2885
19/09/2024,Porto,Porto Torres,1162,2110
19/09/2024,Porto,Olbia,4548,7134
19/09/2024,Porto,Golfo Aranci,464,740
19/09/2024,Porto,Cagliari,264,501
19/09/2024,Porto,Arbatax,0,91
19/09/2024,Aeroporto,Olbia,6249,6435
19/09/2024,Aeroporto,Cagliari,10146,10237
19/09/2024,Aeroporto,Alghero,3599,3568
18/09/2024,Porto,Porto Torres,1653,1557
18/09/2024,Porto,Olbia,4560,6930
18/09/2024,Porto,Golfo Aranci,459,722
18/09/2024,Porto,Cagliari,213,256
18/09/2024,Porto,Arbatax,91,0
18/09/2024,Aeroporto,Olbia,7211,7705
18/09/2024,Aeroporto,Cagliari,6946,8207
18/09/2024,Aeroporto,Alghero,3302,3418
17/09/2024,Porto,Porto Torres,1230,1347
17/09/2024,Porto,Olbia,6352,6426
17/09/2024,Porto,Golfo Aranci,720,590
17/09/2024,Porto,Cagliari,736,809
17/09/2024,Porto,Arbatax,0,120
17/09/2024,Aeroporto,Olbia,6531,8017
17/09/2024,Aeroporto,Cagliari,7460,8849
17/09/2024,Aeroporto,Alghero,1945,2492
16/09/2024,Porto,Porto Torres,2115,2158
16/09/2024,Porto,Olbia,7985,8096
16/09/2024,Porto,Golfo Aranci,1007,1070
16/09/2024,Porto,Cagliari,10,1042
16/09/2024,Aeroporto,Olbia,6647,7933
16/09/2024,Aeroporto,Cagliari,9660,9630
16/09/2024,Aeroporto,Alghero,3517,3796
15/09/2024,Porto,Porto Torres,1471,1499
15/09/2024,Porto,Olbia,8006,12122
15/09/2024,Porto,Golfo Aranci,1101,1754
15/09/2024,Porto,Cagliari,1228,162
15/09/2024,Porto,Arbatax,76,0
15/09/2024,Aeroporto,Olbia,8984,11025
15/09/2024,Aeroporto,Cagliari,11041,11298
15/09/2024,Aeroporto,Alghero,3513,4001
14/09/2024,Porto,Porto Torres,4103,5865
14/09/2024,Porto,Olbia,9938,16183
14/09/2024,Porto,Golfo Aranci,1214,2254
14/09/2024,Porto,Cagliari,356,769
14/09/2024,Aeroporto,Olbia,12464,12276
14/09/2024,Aeroporto,Cagliari,9384,10015
14/09/2024,Aeroporto,Alghero,3542,3871
13/09/2024,Porto,Porto Torres,334,751
13/09/2024,Porto,Olbia,6307,12943
13/09/2024,Porto,Cagliari,176,476
13/09/2024,Aeroporto,Olbia,9724,9855
13/09/2024,Aeroporto,Cagliari,9288,9821
13/09/2024,Aeroporto,Alghero,2889,2803
12/09/2024,Porto,Porto Torres,306,714
12/09/2024,Porto,Olbia,5997,10957
12/09/2024,Porto,Golfo Aranci,511,984
12/09/2024,Porto,Cagliari,317,667
12/09/2024,Porto,Arbatax,0,117
12/09/2024,Aeroporto,Olbia,6664,7549
12/09/2024,Aeroporto,Cagliari,9534,10063
12/09/2024,Aeroporto,Alghero,3546,3489
11/09/2024,Porto,Golfo Aranci,666,1017
11/09/2024,Porto,Cagliari,194,311
11/09/2024,Porto,Arbatax,148,0
11/09/2024,Aeroporto,Olbia,7683,8385
11/09/2024,Aeroporto,Cagliari,7682,7992
11/09/2024,Aeroporto,Alghero,3417,4012
10/09/2024,Porto,Golfo Aranci,740,991
10/09/2024,Porto,Cagliari,1072,1014
10/09/2024,Porto,Arbatax,0,176
10/09/2024,Aeroporto,Olbia,8046,9039
10/09/2024,Aeroporto,Cagliari,8093,8834
10/09/2024,Aeroporto,Alghero,2435,2884
09/09/2024,Porto,Golfo Aranci,827,938
09/09/2024,Aeroporto,Olbia,7975,9254
09/09/2024,Aeroporto,Cagliari,8388,9215
09/09/2024,Aeroporto,Alghero,3852,4211
08/09/2024,Porto,Golfo Aranci,1530,2649
08/09/2024,Porto,Arbatax,108,0
08/09/2024,Aeroporto,Olbia,10508,12183
08/09/2024,Aeroporto,Cagliari,11209,12522
08/09/2024,Aeroporto,Alghero,3532,4014
07/09/2024,Porto,Golfo Aranci,1808,2929
07/09/2024,Aeroporto,Olbia,13823,14631
07/09/2024,Aeroporto,Cagliari,9755,10512
07/09/2024,Aeroporto,Alghero,3992,4345
06/09/2024,Porto,Golfo Aranci,1139,2706
06/09/2024,Aeroporto,Olbia,10767,10798
06/09/2024,Aeroporto,Cagliari,9550,9558
06/09/2024,Aeroporto,Alghero,2751,2935
05/09/2024,Porto,Golfo Aranci,851,2341
05/09/2024,Porto,Arbatax,0,194
05/09/2024,Aeroporto,Olbia,7989,8439
05/09/2024,Aeroporto,Cagliari,10180,10555
05/09/2024,Aeroporto,Alghero,3889,3894
04/09/2024,Porto,Porto Torres,1881,2432
04/09/2024,Porto,Golfo Aranci,938,2303
04/09/2024,Porto,Cagliari,363,349
04/09/2024,Porto,Arbatax,133,0
04/09/2024,Aeroporto,Olbia,8567,9300
04/09/2024,Aeroporto,Cagliari,7331,8613
04/09/2024,Aeroporto,Alghero,3419,3995
03/09/2024,Porto,Porto Torres,4005,3942
03/09/2024,Porto,Golfo Aranci,1148,2488
03/09/2024,Porto,Cagliari,949,1229
03/09/2024,Porto,Arbatax,0,276
03/09/2024,Aeroporto,Olbia,8743,9925
03/09/2024,Aeroporto,Cagliari,7567,8833
03/09/2024,Aeroporto,Alghero,2218,2645
02/09/2024,Porto,Porto Torres,2793,2812
02/09/2024,Porto,Golfo Aranci,1522,2889
02/09/2024,Porto,Cagliari,11,1681
02/09/2024,Aeroporto,Olbia,8857,10461
02/09/2024,Aeroporto,Cagliari,8838,9867
02/09/2024,Aeroporto,Alghero,3788,3897
01/09/2024,Porto,Porto Torres,3821,6812
01/09/2024,Porto,Olbia,15245,20796
01/09/2024,Porto,Golfo Aranci,2556,2983
01/09/2024,Porto,Cagliari,556,173
01/09/2024,Porto,Arbatax,175,0
01/09/2024,Aeroporto,Olbia,12379,14419
01/09/2024,Aeroporto,Cagliari,11782,13798
01/09/2024,Aeroporto,Alghero,3538,4087
31/08/2024,Porto,Porto Torres,4497,6660
31/08/2024,Porto,Olbia,16305,19663
31/08/2024,Porto,Golfo Aranci,2558,3021
31/08/2024,Porto,Cagliari,650,1116
31/08/2024,Porto,Arbatax,0,527
31/08/2024,Aeroporto,Olbia,14709,15877
31/08/2024,Aeroporto,Cagliari,10686,12368
31/08/2024,Aeroporto,Alghero,3993,4098
30/08/2024,Porto,Porto Torres,2889,6646
30/08/2024,Porto,Olbia,8437,18734
30/08/2024,Porto,Golfo Aranci,1548,2912
30/08/2024,Porto,Cagliari,236,369
30/08/2024,Porto,Arbatax,119,0
30/08/2024,Aeroporto,Olbia,11408,14662
30/08/2024,Aeroporto,Cagliari,9106,10949
30/08/2024,Aeroporto,Alghero,2544,3056
29/08/2024,Porto,Porto Torres,1423,3480
29/08/2024,Porto,Olbia,7115,15352
29/08/2024,Porto,Golfo Aranci,1060,3015
29/08/2024,Porto,Cagliari,477,16
29/08/2024,Porto,Arbatax,0,404
29/08/2024,Aeroporto,Olbia,7428,11780
29/08/2024,Aeroporto,Cagliari,9228,11878
29/08/2024,Aeroporto,Alghero,3131,4011
28/08/2024,Porto,Porto Torres,1566,3565
28/08/2024,Porto,Olbia,6669,15434
28/08/2024,Porto,Golfo Aranci,799,3085
28/08/2024,Porto,Cagliari,250,495
28/08/2024,Porto,Arbatax,119,0
28/08/2024,Aeroporto,Olbia,8897,13283
28/08/2024,Aeroporto,Cagliari,6868,10097
28/08/2024,Aeroporto,Alghero,3489,4531
27/08/2024,Porto,Porto Torres,4032,7523
27/08/2024,Porto,Olbia,8277,17607
27/08/2024,Porto,Golfo Aranci,1335,3221
27/08/2024,Porto,Cagliari,1021,1882
27/08/2024,Porto,Arbatax,0,396
27/08/2024,Aeroporto,Olbia,8698,13115
27/08/2024,Aeroporto,Cagliari,6856,9862
27/08/2024,Aeroporto,Alghero,2124,2921
26/08/2024,Porto,Porto Torres,2048,2295
26/08/2024,Porto,Olbia,10339,19280
26/08/2024,Porto,Golfo Aranci,1586,4907
26/08/2024,Porto,Cagliari,5,2861
26/08/2024,Aeroporto,Olbia,9328,12679
26/08/2024,Aeroporto,Cagliari,8898,11373
26/08/2024,Aeroporto,Alghero,3089,3834
25/08/2024,Porto,Porto Torres,2870,7669
25/08/2024,Porto,Olbia,11093,17694
25/08/2024,Porto,Golfo Aranci,2878,7005
25/08/2024,Porto,Cagliari,1754,1952
25/08/2024,Porto,Arbatax,257,0
25/08/2024,Aeroporto,Olbia,11589,14862
25/08/2024,Aeroporto,Cagliari,11756,13605
25/08/2024,Aeroporto,Alghero,3455,4329
24/08/2024,Porto,Porto Torres,4280,7631
24/08/2024,Porto,Olbia,13510,19987
24/08/2024,Porto,Golfo Aranci,3209,3093
24/08/2024,Porto,Cagliari,852,843
24/08/2024,Porto,Arbatax,0,476
24/08/2024,Aeroporto,Olbia,14772,15982
24/08/2024,Aeroporto,Cagliari,10337,12769
24/08/2024,Aeroporto,Alghero,3754,4332
23/08/2024,Porto,Porto Torres,3796,6431
23/08/2024,Porto,Olbia,11003,21590
23/08/2024,Porto,Golfo Aranci,1581,2936
23/08/2024,Porto,Cagliari,257,418
23/08/2024,Porto,Arbatax,154,0
23/08/2024,Aeroporto,Olbia,12088,14430
23/08/2024,Aeroporto,Cagliari,9400,10772
23/08/2024,Aeroporto,Alghero,2405,3074
22/08/2024,Porto,Porto Torres,1113,3704
22/08/2024,Porto,Olbia,9241,19453
22/08/2024,Porto,Golfo Aranci,1257,3212
22/08/2024,Porto,Cagliari,790,1799
22/08/2024,Porto,Arbatax,0,496
22/08/2024,Aeroporto,Olbia,8790,12034
22/08/2024,Aeroporto,Cagliari,10124,12110
22/08/2024,Aeroporto,Alghero,3313,3774
21/08/2024,Porto,Porto Torres,1987,3915
21/08/2024,Porto,Olbia,8656,18378
21/08/2024,Porto,Golfo Aranci,1397,3138
21/08/2024,Porto,Cagliari,323,402
21/08/2024,Porto,Arbatax,279,0
21/08/2024,Aeroporto,Olbia,10718,13173
21/08/2024,Aeroporto,Cagliari,8144,10144
21/08/2024,Aeroporto,Alghero,3696,4352
20/08/2024,Porto,Porto Torres,6204,7465
20/08/2024,Porto,Olbia,11292,16372
20/08/2024,Porto,Golfo Aranci,1639,2954
20/08/2024,Porto,Cagliari,1391,1868
20/08/2024,Porto,Arbatax,0,420
20/08/2024,Aeroporto,Olbia,10856,12744
20/08/2024,Aeroporto,Cagliari,8743,9808
20/08/2024,Aeroporto,Alghero,2559,3203
19/08/2024,Porto,Porto Torres,1799,1817
19/08/2024,Porto,Olbia,13598,16019
19/08/2024,Porto,Golfo Aranci,3092,4316
19/08/2024,Porto,Cagliari,1,474
19/08/2024,Aeroporto,Olbia,10914,12277
19/08/2024,Aeroporto,Cagliari,9738,11201
19/08/2024,Aeroporto,Alghero,3724,4108
18/08/2024,Porto,Porto Torres,4916,5696
18/08/2024,Porto,Olbia,15233,19550
18/08/2024,Porto,Golfo Aranci,2728,4777
18/08/2024,Porto,Cagliari,2266,1800
18/08/2024,Porto,Arbatax,420,0
18/08/2024,Aeroporto,Olbia,13374,15399
18/08/2024,Aeroporto,Cagliari,12045,12575
18/08/2024,Aeroporto,Alghero,3630,4042
17/08/2024,Porto,Porto Torres,6650,7653
17/08/2024,Porto,Olbia,15927,19591
17/08/2024,Porto,Golfo Aranci,3903,2899
17/08/2024,Porto,Cagliari,1350,1594
17/08/2024,Porto,Arbatax,0,465
17/08/2024,Aeroporto,Olbia,14506,16676
17/08/2024,Aeroporto,Cagliari,11553,12189
17/08/2024,Aeroporto,Alghero,4098,4152
16/08/2024,Porto,Porto Torres,4931,4915
16/08/2024,Porto,Olbia,14597,18562
16/08/2024,Porto,Golfo Aranci,3585,4151
16/08/2024,Porto,Cagliari,356,432
16/08/2024,Porto,Arbatax,335,0
16/08/2024,Aeroporto,Olbia,13060,14583
16/08/2024,Aeroporto,Cagliari,9978,10165
16/08/2024,Aeroporto,Alghero,2846,2924
15/08/2024,Porto,Porto Torres,2570,3538
15/08/2024,Porto,Olbia,13688,14329
15/08/2024,Porto,Golfo Aranci,2206,2797
15/08/2024,Porto,Cagliari,1081,1004
15/08/2024,Porto,Arbatax,0,178
15/08/2024,Aeroporto,Olbia,10115,10642
15/08/2024,Aeroporto,Cagliari,10446,11118
15/08/2024,Aeroporto,Alghero,3465,3325
14/08/2024,Porto,Porto Torres,2913,2734
14/08/2024,Porto,Olbia,14763,12091
14/08/2024,Porto,Golfo Aranci,2463,2091
14/08/2024,Porto,Cagliari,372,393
14/08/2024,Porto,Arbatax,528,0
14/08/2024,Aeroporto,Olbia,12447,11620
14/08/2024,Aeroporto,Cagliari,9101,9444
14/08/2024,Aeroporto,Alghero,4410,3888
13/08/2024,Porto,Porto Torres,7192,6213
13/08/2024,Porto,Olbia,18342,11778
13/08/2024,Porto,Golfo Aranci,3296,1908
13/08/2024,Porto,Cagliari,1962,1224
13/08/2024,Porto,Arbatax,0,263
13/08/2024,Aeroporto,Olbia,12451,11722
13/08/2024,Aeroporto,Cagliari,9172,8840
13/08/2024,Aeroporto,Alghero,2933,2290
12/08/2024,Porto,Porto Torres,2861,2231
12/08/2024,Porto,Olbia,20352,13031
12/08/2024,Porto,Golfo Aranci,2899,1907
12/08/2024,Porto,Cagliari,4,1371
12/08/2024,Aeroporto,Olbia,11830,11134
12/08/2024,Aeroporto,Cagliari,10088,10174
12/08/2024,Aeroporto,Alghero,4016,3372
11/08/2024,Porto,Porto Torres,5950,4201
11/08/2024,Porto,Olbia,17642,14576
11/08/2024,Porto,Golfo Aranci,4038,4500
11/08/2024,Porto,Cagliari,2136,163
11/08/2024,Porto,Arbatax,545,0
11/08/2024,Aeroporto,Olbia,14296,13830
11/08/2024,Aeroporto,Cagliari,11786,11891
11/08/2024,Aeroporto,Alghero,3897,3637
10/08/2024,Porto,Porto Torres,6635,5438
10/08/2024,Porto,Olbia,18193,17278
10/08/2024,Porto,Golfo Aranci,4719,2443
10/08/2024,Porto,Cagliari,1798,1657
10/08/2024,Porto,Arbatax,0,251
10/08/2024,Aeroporto,Olbia,16210,16030
10/08/2024,Aeroporto,Cagliari,11896,11202
10/08/2024,Aeroporto,Alghero,4244,3644
09/08/2024,Porto,Porto Torres,5925,4469
09/08/2024,Porto,Olbia,18797,12364
09/08/2024,Porto,Golfo Aranci,3265,1970
09/08/2024,Porto,Cagliari,386,453
09/08/2024,Porto,Arbatax,533,0
09/08/2024,Aeroporto,Olbia,14036,12758
09/08/2024,Aeroporto,Cagliari,10869,9687
09/08/2024,Aeroporto,Alghero,3280,2629
08/08/2024,Porto,Porto Torres,3577,2644
08/08/2024,Porto,Olbia,16914,11051
08/08/2024,Porto,Golfo Aranci,2984,1630
08/08/2024,Porto,Cagliari,1158,1035
08/08/2024,Porto,Arbatax,0,153
08/08/2024,Aeroporto,Olbia,11325,9625
08/08/2024,Aeroporto,Cagliari,11776,10255
08/08/2024,Aeroporto,Alghero,3961,3005
07/08/2024,Porto,Porto Torres,3475,2028
07/08/2024,Porto,Olbia,17074,9023
07/08/2024,Porto,Golfo Aranci,3176,1262
07/08/2024,Porto,Cagliari,463,393
07/08/2024,Porto,Arbatax,450,0
07/08/2024,Aeroporto,Olbia,12552,10817
07/08/2024,Aeroporto,Cagliari,9512,8058
07/08/2024,Aeroporto,Alghero,4245,3110
06/08/2024,Porto,Porto Torres,5995,3172
06/08/2024,Porto,Olbia,19144,9606
06/08/2024,Porto,Golfo Aranci,3048,1222
06/08/2024,Porto,Cagliari,1457,929
06/08/2024,Porto,Arbatax,0,135
06/08/2024,Aeroporto,Olbia,12899,11145
06/08/2024,Aeroporto,Cagliari,9188,7697
06/08/2024,Aeroporto,Alghero,2830,2223
05/08/2024,Porto,Olbia,17191,9621
05/08/2024,Porto,Golfo Aranci,3902,2407
05/08/2024,Porto,Cagliari,0,1128
05/08/2024,Aeroporto,Olbia,11995,11017
05/08/2024,Aeroporto,Cagliari,10339,9567
05/08/2024,Aeroporto,Alghero,3968,3359
04/08/2024,Porto,Porto Torres,5916,3318
04/08/2024,Porto,Olbia,16894,13249
04/08/2024,Porto,Golfo Aranci,6628,2759
04/08/2024,Porto,Cagliari,1744,170
04/08/2024,Porto,Arbatax,466,0
04/08/2024,Aeroporto,Olbia,14823,13811
04/08/2024,Aeroporto,Cagliari,12527,11383
04/08/2024,Aeroporto,Alghero,4440,3755
03/08/2024,Porto,Porto Torres,8143,4834
03/08/2024,Porto,Olbia,19891,17733
03/08/2024,Porto,Golfo Aranci,3251,1969
03/08/2024,Porto,Cagliari,1365,1357
03/08/2024,Porto,Arbatax,0,155
03/08/2024,Aeroporto,Olbia,16696,15154
03/08/2024,Aeroporto,Cagliari,12454,10646
03/08/2024,Aeroporto,Alghero,3931,3200
02/08/2024,Porto,Porto Torres,7261,4713
02/08/2024,Porto,Olbia,18753,12136
02/08/2024,Porto,Golfo Aranci,3149,1806
02/08/2024,Porto,Cagliari,476,389
02/08/2024,Porto,Arbatax,439,1
02/08/2024,Aeroporto,Olbia,497,132
02/08/2024,Aeroporto,Cagliari,10680,8941
02/08/2024,Aeroporto,Alghero,3386,2009
01/08/2024,Porto,Porto Torres,1804,1294
01/08/2024,Porto,Olbia,17532,11245
01/08/2024,Porto,Golfo Aranci,2781,1629
01/08/2024,Porto,Cagliari,1052,755
01/08/2024,Porto,Arbatax,0,144
01/08/2024,Aeroporto,Olbia,10944,8938
01/08/2024,Aeroporto,Cagliari,11829,9880
01/08/2024,Aeroporto,Alghero,4170,3309
31/07/2024,Porto,Porto Torres,3334,3009
31/07/2024,Porto,Olbia,14985,12469
31/07/2024,Porto,Golfo Aranci,2613,1922
31/07/2024,Porto,Cagliari,389,379
31/07/2024,Porto,Arbatax,455,0
31/07/2024,Aeroporto,Olbia,12838,12377
31/07/2024,Aeroporto,Cagliari,9745,9033
31/07/2024,Aeroporto,Alghero,4428,3612
30/07/2024,Porto,Porto Torres,4533,4268
30/07/2024,Porto,Olbia,13169,11809
30/07/2024,Porto,Golfo Aranci,2197,1767
30/07/2024,Porto,Cagliari,1049,884
30/07/2024,Porto,Arbatax,0,190
30/07/2024,Aeroporto,Olbia,12377,12091
30/07/2024,Aeroporto,Cagliari,8957,8498
30/07/2024,Aeroporto,Alghero,2664,2501
29/07/2024,Porto,Porto Torres,3832,3081
29/07/2024,Porto,Olbia,14015,12109
29/07/2024,Porto,Golfo Aranci,3445,2624
29/07/2024,Porto,Cagliari,0,1113
29/07/2024,Aeroporto,Olbia,11288,12005
29/07/2024,Aeroporto,Cagliari,9941,10600
29/07/2024,Aeroporto,Alghero,3643,3773
28/07/2024,Porto,Porto Torres,3864,3765
28/07/2024,Porto,Olbia,15024,16694
28/07/2024,Porto,Golfo Aranci,2664,2448
28/07/2024,Porto,Cagliari,1510,173
28/07/2024,Porto,Arbatax,465,0
28/07/2024,Aeroporto,Olbia,13800,14176
28/07/2024,Aeroporto,Cagliari,11892,12444
28/07/2024,Aeroporto,Alghero,4044,4301
27/07/2024,Porto,Porto Torres,6235,5824
27/07/2024,Porto,Olbia,17794,18465
27/07/2024,Porto,Golfo Aranci,2854,2778
27/07/2024,Porto,Cagliari,998,1162
27/07/2024,Aeroporto,Olbia,16433,15741
27/07/2024,Aeroporto,Cagliari,11834,11134
27/07/2024,Aeroporto,Alghero,4149,3828
26/07/2024,Porto,Porto Torres,5750,5367
26/07/2024,Porto,Olbia,14201,14318
26/07/2024,Porto,Golfo Aranci,2210,2224
26/07/2024,Porto,Cagliari,450,495
26/07/2024,Aeroporto,Olbia,14012,12394
26/07/2024,Aeroporto,Cagliari,10812,9490
26/07/2024,Aeroporto,Alghero,3054,2295
25/07/2024,Porto,Porto Torres,1551,1757
25/07/2024,Porto,Olbia,11994,11652
25/07/2024,Porto,Golfo Aranci,1232,1343
25/07/2024,Porto,Cagliari,666,802
25/07/2024,Porto,Arbatax,0,126
25/07/2024,Aeroporto,Olbia,11416,9538
25/07/2024,Aeroporto,Cagliari,11645,10278
25/07/2024,Aeroporto,Alghero,3778,3031
24/07/2024,Porto,Porto Torres,3180,2475
24/07/2024,Porto,Olbia,11031,9250
24/07/2024,Porto,Golfo Aranci,1776,444
24/07/2024,Porto,Cagliari,279,308
24/07/2024,Porto,Arbatax,296,0
24/07/2024,Aeroporto,Olbia,12865,11938
24/07/2024,Aeroporto,Cagliari,10000,8958
24/07/2024,Aeroporto,Alghero,4306,3588
23/07/2024,Porto,Porto Torres,4984,2453
23/07/2024,Porto,Olbia,11795,8982
23/07/2024,Porto,Golfo Aranci,1787,1397
23/07/2024,Porto,Cagliari,1019,702
23/07/2024,Porto,Arbatax,0,130
23/07/2024,Aeroporto,Olbia,11903,12042
23/07/2024,Aeroporto,Cagliari,9317,8754
23/07/2024,Aeroporto,Alghero,2792,2769
22/07/2024,Porto,Porto Torres,3899,2287
22/07/2024,Porto,Olbia,14552,10019
22/07/2024,Porto,Golfo Aranci,1981,1396
22/07/2024,Porto,Cagliari,1,983
22/07/2024,Aeroporto,Olbia,11241,11677
22/07/2024,Aeroporto,Cagliari,10206,10740
22/07/2024,Aeroporto,Alghero,3847,3847
21/07/2024,Porto,Porto Torres,4020,3105
21/07/2024,Porto,Olbia,15447,13872
21/07/2024,Porto,Golfo Aranci,2438,2471
21/07/2024,Porto,Cagliari,1460,169
21/07/2024,Porto,Arbatax,334,0
21/07/2024,Aeroporto,Olbia,14039,14289
21/07/2024,Aeroporto,Cagliari,12275,12262
21/07/2024,Aeroporto,Alghero,3705,3547
20/07/2024,Porto,Porto Torres,6253,4564
20/07/2024,Porto,Olbia,16961,16005
20/07/2024,Porto,Golfo Aranci,2585,2687
20/07/2024,Porto,Cagliari,923,1451
20/07/2024,Aeroporto,Olbia,15693,14962
20/07/2024,Aeroporto,Cagliari,12367,11200
20/07/2024,Aeroporto,Alghero,4148,3203
19/07/2024,Porto,Porto Torres,5199,4132
19/07/2024,Porto,Olbia,13506,11727
19/07/2024,Porto,Golfo Aranci,2042,1810
19/07/2024,Porto,Cagliari,468,0
19/07/2024,Aeroporto,Olbia,13505,12016
19/07/2024,Aeroporto,Cagliari,10616,9362
19/07/2024,Aeroporto,Alghero,2689,2278
18/07/2024,Porto,Porto Torres,1846,1421
18/07/2024,Porto,Olbia,10720,8774
18/07/2024,Porto,Golfo Aranci,1768,1380
18/07/2024,Porto,Cagliari,587,704
18/07/2024,Porto,Arbatax,0,141
18/07/2024,Aeroporto,Olbia,11275,9269
18/07/2024,Aeroporto,Cagliari,11951,10535
18/07/2024,Aeroporto,Alghero,4239,3558
17/07/2024,Porto,Porto Torres,2992,1615
17/07/2024,Porto,Olbia,11044,7067
17/07/2024,Porto,Golfo Aranci,1557,1203
17/07/2024,Porto,Cagliari,335,272
17/07/2024,Porto,Arbatax,265,0
17/07/2024,Aeroporto,Olbia,12758,10925
17/07/2024,Aeroporto,Cagliari,10074,8809
17/07/2024,Aeroporto,Alghero,4721,3797
16/07/2024,Porto,Porto Torres,4923,2182
16/07/2024,Porto,Olbia,11770,7994
16/07/2024,Porto,Golfo Aranci,1352,1227
16/07/2024,Porto,Cagliari,1020,767
16/07/2024,Porto,Arbatax,0,159
16/07/2024,Aeroporto,Olbia,12103,11791
16/07/2024,Aeroporto,Cagliari,9512,8866
16/07/2024,Aeroporto,Alghero,3072,2803
15/07/2024,Porto,Porto Torres,3297,1952
15/07/2024,Porto,Olbia,16041,10342
15/07/2024,Porto,Golfo Aranci,2470,1634
15/07/2024,Porto,Cagliari,0,1022
15/07/2024,Aeroporto,Olbia,11595,11765
15/07/2024,Aeroporto,Cagliari,10482,10816
15/07/2024,Aeroporto,Alghero,3481,3802
14/07/2024,Porto,Porto Torres,4199,3117
14/07/2024,Porto,Olbia,15182,14049
14/07/2024,Porto,Golfo Aranci,2584,2607
14/07/2024,Porto,Cagliari,1378,170
14/07/2024,Porto,Arbatax,305,0
14/07/2024,Aeroporto,Olbia,13712,13950
14/07/2024,Aeroporto,Cagliari,13078,12699
14/07/2024,Aeroporto,Alghero,4182,4161
13/07/2024,Porto,Porto Torres,5390,4087
13/07/2024,Porto,Olbia,16982,16676
13/07/2024,Porto,Golfo Aranci,2592,2495
13/07/2024,Porto,Cagliari,803,1037
13/07/2024,Aeroporto,Olbia,16738,15169
13/07/2024,Aeroporto,Cagliari,12222,11866
13/07/2024,Aeroporto,Alghero,4195,3776
12/07/2024,Porto,Porto Torres,5500,4187
12/07/2024,Porto,Olbia,12970,12701
12/07/2024,Porto,Golfo Aranci,2022,1994
12/07/2024,Porto,Cagliari,450,545
12/07/2024,Aeroporto,Olbia,13856,11763
12/07/2024,Aeroporto,Cagliari,10556,9785
12/07/2024,Aeroporto,Alghero,2869,2283
11/07/2024,Porto,Porto Torres,1561,1454
11/07/2024,Porto,Olbia,9929,9310
11/07/2024,Porto,Golfo Aranci,1563,1373
11/07/2024,Porto,Cagliari,601,661
11/07/2024,Porto,Arbatax,0,109
11/07/2024,Aeroporto,Olbia,11174,8726
11/07/2024,Aeroporto,Cagliari,11653,10320
11/07/2024,Aeroporto,Alghero,4138,3706
10/07/2024,Porto,Porto Torres,2711,1409
10/07/2024,Porto,Olbia,9180,7936
10/07/2024,Porto,Golfo Aranci,1640,1311
10/07/2024,Porto,Cagliari,339,348
10/07/2024,Porto,Arbatax,236,0
10/07/2024,Aeroporto,Olbia,12070,10462
10/07/2024,Aeroporto,Cagliari,9608,8781
10/07/2024,Aeroporto,Alghero,4053,3569
09/07/2024,Porto,Porto Torres,1852,1027
09/07/2024,Porto,Olbia,10636,7505
09/07/2024,Porto,Golfo Aranci,1657,1264
09/07/2024,Porto,Cagliari,921,676
09/07/2024,Porto,Arbatax,0,104
09/07/2024,Aeroporto,Olbia,11551,10991
09/07/2024,Aeroporto,Cagliari,8985,8491
09/07/2024,Aeroporto,Alghero,2618,2466
08/07/2024,Porto,Porto Torres,3677,1655
08/07/2024,Porto,Olbia,12159,8407
08/07/2024,Porto,Golfo Aranci,2067,1421
08/07/2024,Porto,Cagliari,4,766
08/07/2024,Aeroporto,Olbia,11290,11696
08/07/2024,Aeroporto,Cagliari,10128,10232
08/07/2024,Aeroporto,Alghero,3497,3986
07/07/2024,Porto,Porto Torres,3615,2789
07/07/2024,Porto,Olbia,14178,13098
07/07/2024,Porto,Golfo Aranci,2372,2237
07/07/2024,Porto,Cagliari,1334,163
07/07/2024,Porto,Arbatax,282,0
07/07/2024,Aeroporto,Olbia,13438,13905
07/07/2024,Aeroporto,Cagliari,12171,12292
07/07/2024,Aeroporto,Alghero,3882,3862
06/07/2024,Porto,Porto Torres,5470,4141
06/07/2024,Porto,Olbia,15603,13509
06/07/2024,Porto,Golfo Aranci,2685,2381
06/07/2024,Porto,Cagliari,750,898
06/07/2024,Aeroporto,Olbia,16056,14519
06/07/2024,Aeroporto,Cagliari,12172,11166
06/07/2024,Aeroporto,Alghero,3920,3560
05/07/2024,Porto,Porto Torres,5247,3453
05/07/2024,Porto,Olbia,12710,10269
05/07/2024,Porto,Golfo Aranci,1950,1563
05/07/2024,Porto,Cagliari,443,446
05/07/2024,Aeroporto,Olbia,13598,10614
05/07/2024,Aeroporto,Cagliari,10891,9729
05/07/2024,Aeroporto,Alghero,2995,2295
04/07/2024,Porto,Porto Torres,1942,1080
04/07/2024,Porto,Olbia,9466,7442
04/07/2024,Porto,Golfo Aranci,1591,1062
04/07/2024,Porto,Cagliari,654,515
04/07/2024,Porto,Arbatax,0,96
04/07/2024,Aeroporto,Olbia,10421,7609
04/07/2024,Aeroporto,Cagliari,10612,9852
04/07/2024,Aeroporto,Alghero,4341,3314
03/07/2024,Porto,Porto Torres,1566,1019
03/07/2024,Porto,Olbia,10114,6216
03/07/2024,Porto,Golfo Aranci,1580,921
03/07/2024,Porto,Cagliari,377,274
03/07/2024,Porto,Arbatax,226,0
03/07/2024,Aeroporto,Olbia,10599,8998
03/07/2024,Aeroporto,Cagliari,9265,8288
03/07/2024,Aeroporto,Alghero,4349,3476
02/07/2024,Porto,Porto Torres,2165,1011
02/07/2024,Porto,Olbia,11874,7425
02/07/2024,Porto,Golfo Aranci,1891,906
02/07/2024,Porto,Cagliari,963,577
02/07/2024,Porto,Arbatax,0,68
02/07/2024,Aeroporto,Olbia,11203,10009
02/07/2024,Aeroporto,Cagliari,9188,8085
02/07/2024,Aeroporto,Alghero,2296,2115
01/07/2024,Porto,Porto Torres,0,246
01/07/2024,Porto,Olbia,15279,8256
01/07/2024,Porto,Golfo Aranci,2443,1193
01/07/2024,Porto,Cagliari,0,531
01/07/2024,Aeroporto,Olbia,11047,11477
01/07/2024,Aeroporto,Cagliari,9630,9685
01/07/2024,Aeroporto,Alghero,3688,3664
30/06/2024,Porto,Porto Torres,4571,2991
30/06/2024,Porto,Olbia,14859,14998
30/06/2024,Porto,Golfo Aranci,2601,2362
30/06/2024,Porto,Cagliari,1374,2
30/06/2024,Porto,Arbatax,341,0
30/06/2024,Aeroporto,Olbia,12472,12766
30/06/2024,Aeroporto,Cagliari,12768,12410
30/06/2024,Aeroporto,Alghero,4116,4532
29/06/2024,Porto,Porto Torres,3941,3771
29/06/2024,Porto,Olbia,17048,15819
29/06/2024,Porto,Golfo Aranci,2633,2532
29/06/2024,Porto,Cagliari,725,764
29/06/2024,Aeroporto,Olbia,14897,14675
29/06/2024,Aeroporto,Cagliari,11323,11194
29/06/2024,Aeroporto,Alghero,3523,3369
28/06/2024,Porto,Porto Torres,3786,3306
28/06/2024,Porto,Olbia,13349,11164
28/06/2024,Porto,Golfo Aranci,2012,1727
28/06/2024,Porto,Cagliari,505,445
28/06/2024,Aeroporto,Olbia,12105,10338
28/06/2024,Aeroporto,Cagliari,10025,9080
28/06/2024,Aeroporto,Alghero,2824,2366
27/06/2024,Porto,Porto Torres,2005,1966
27/06/2024,Porto,Olbia,9463,7558
27/06/2024,Porto,Golfo Aranci,1291,1016
27/06/2024,Porto,Cagliari,521,615
27/06/2024,Porto,Arbatax,0,71
27/06/2024,Aeroporto,Olbia,10117,7754
27/06/2024,Aeroporto,Cagliari,10755,10085
27/06/2024,Aeroporto,Alghero,3790,3103
26/06/2024,Porto,Porto Torres,863,891
26/06/2024,Porto,Olbia,7995,5930
26/06/2024,Porto,Golfo Aranci,1900,931
26/06/2024,Porto,Cagliari,295,271
26/06/2024,Porto,Arbatax,220,0
26/06/2024,Aeroporto,Olbia,10066,8305
26/06/2024,Aeroporto,Cagliari,9077,8120
26/06/2024,Aeroporto,Alghero,4146,3608
25/06/2024,Porto,Porto Torres,1711,987
25/06/2024,Porto,Olbia,9350,6510
25/06/2024,Porto,Golfo Aranci,1398,761
25/06/2024,Porto,Cagliari,925,571
25/06/2024,Aeroporto,Olbia,10068,8745
25/06/2024,Aeroporto,Cagliari,9073,8587
25/06/2024,Aeroporto,Alghero,2701,2347
24/06/2024,Porto,Porto Torres,3019,2134
24/06/2024,Porto,Olbia,10260,6985
24/06/2024,Porto,Golfo Aranci,1804,877
24/06/2024,Porto,Cagliari,15,581
24/06/2024,Aeroporto,Olbia,10265,10374
24/06/2024,Aeroporto,Cagliari,9256,9396
24/06/2024,Aeroporto,Alghero,3676,3862
23/06/2024,Porto,Porto Torres,3504,1372
23/06/2024,Porto,Olbia,12743,11024
23/06/2024,Porto,Golfo Aranci,1965,1391
23/06/2024,Porto,Cagliari,1161,166
23/06/2024,Porto,Arbatax,244,0
23/06/2024,Aeroporto,Olbia,11051,10640
23/06/2024,Aeroporto,Cagliari,12066,12171
23/06/2024,Aeroporto,Alghero,4091,3887
22/06/2024,Porto,Porto Torres,5121,3478
22/06/2024,Porto,Olbia,15680,12766
22/06/2024,Porto,Golfo Aranci,2551,1647
22/06/2024,Porto,Cagliari,691,665
22/06/2024,Aeroporto,Olbia,14684,13482
22/06/2024,Aeroporto,Cagliari,10365,9888
22/06/2024,Aeroporto,Alghero,4272,3877
21/06/2024,Porto,Porto Torres,2588,1347
21/06/2024,Porto,Olbia,13212,8130
21/06/2024,Porto,Golfo Aranci,1674,1018
21/06/2024,Porto,Cagliari,413,370
21/06/2024,Aeroporto,Olbia,9899,8602
21/06/2024,Aeroporto,Cagliari,9901,9025
21/06/2024,Aeroporto,Alghero,2973,2403
20/06/2024,Porto,Porto Torres,2052,1517
20/06/2024,Porto,Olbia,8846,6014
20/06/2024,Porto,Golfo Aranci,1153,820
20/06/2024,Porto,Cagliari,561,579
20/06/2024,Porto,Arbatax,0,58
20/06/2024,Aeroporto,Olbia,7170,6055
20/06/2024,Aeroporto,Cagliari,10381,9677
20/06/2024,Aeroporto,Alghero,4336,3508
19/06/2024,Porto,Porto Torres,826,407
19/06/2024,Porto,Olbia,7736,4653
19/06/2024,Porto,Golfo Aranci,1168,304
19/06/2024,Porto,Cagliari,274,189
19/06/2024,Porto,Arbatax,134,0
19/06/2024,Aeroporto,Olbia,8542,6982
19/06/2024,Aeroporto,Cagliari,8216,7568
19/06/2024,Aeroporto,Alghero,3832,3156
18/06/2024,Porto,Porto Torres,1336,881
18/06/2024,Porto,Olbia,8724,4793
18/06/2024,Porto,Golfo Aranci,1213,623
18/06/2024,Porto,Cagliari,818,670
18/06/2024,Porto,Arbatax,0,69
18/06/2024,Aeroporto,Olbia,8185,7807
18/06/2024,Aeroporto,Cagliari,8586,8446
18/06/2024,Aeroporto,Alghero,2396,2237
17/06/2024,Porto,Porto Torres,1595,1086
17/06/2024,Porto,Olbia,10127,5465
17/06/2024,Porto,Golfo Aranci,1499,715
17/06/2024,Porto,Cagliari,9,762
17/06/2024,Aeroporto,Olbia,7240,7663
17/06/2024,Aeroporto,Cagliari,8748,8819
17/06/2024,Aeroporto,Alghero,3784,3561
16/06/2024,Porto,Porto Torres,2628,1642
16/06/2024,Porto,Olbia,11453,8315
16/06/2024,Porto,Golfo Aranci,1196,993
16/06/2024,Porto,Cagliari,995,167
16/06/2024,Porto,Arbatax,191,0
16/06/2024,Aeroporto,Olbia,9404,9283
16/06/2024,Aeroporto,Cagliari,12070,11557
16/06/2024,Aeroporto,Alghero,4098,3930
15/06/2024,Porto,Porto Torres,2199,1850
15/06/2024,Porto,Olbia,15319,10060
15/06/2024,Porto,Golfo Aranci,1234,1294
15/06/2024,Porto,Cagliari,590,685
15/06/2024,Aeroporto,Olbia,13568,12199
15/06/2024,Aeroporto,Cagliari,10344,10126
15/06/2024,Aeroporto,Alghero,3481,3307
14/06/2024,Porto,Porto Torres,3058,1880
14/06/2024,Porto,Olbia,10765,6427
14/06/2024,Porto,Golfo Aranci,1504,907
14/06/2024,Porto,Cagliari,306,322
14/06/2024,Aeroporto,Olbia,9026,7910
14/06/2024,Aeroporto,Cagliari,9391,8494
14/06/2024,Aeroporto,Alghero,3038,2266
13/06/2024,Porto,Porto Torres,1931,1437
13/06/2024,Porto,Olbia,7025,4485
13/06/2024,Porto,Golfo Aranci,1365,600
13/06/2024,Porto,Cagliari,681,399
13/06/2024,Porto,Arbatax,0,52
13/06/2024,Aeroporto,Olbia,6863,5347
13/06/2024,Aeroporto,Cagliari,10213,9231
13/06/2024,Aeroporto,Alghero,3956,3137
12/06/2024,Porto,Porto Torres,1096,603
12/06/2024,Porto,Olbia,6170,3586
12/06/2024,Porto,Golfo Aranci,653,374
12/06/2024,Porto,Cagliari,203,192
12/06/2024,Porto,Arbatax,169,0
12/06/2024,Aeroporto,Olbia,7912,6220
12/06/2024,Aeroporto,Cagliari,8055,7197
12/06/2024,Aeroporto,Alghero,3716,3115
11/06/2024,Porto,Porto Torres,716,293
11/06/2024,Porto,Olbia,7791,3719
11/06/2024,Porto,Golfo Aranci,1050,397
11/06/2024,Porto,Cagliari,800,549
11/06/2024,Porto,Arbatax,0,46
11/06/2024,Aeroporto,Olbia,7873,7008
11/06/2024,Aeroporto,Cagliari,8163,7762
11/06/2024,Aeroporto,Alghero,2198,2171
10/06/2024,Porto,Porto Torres,2425,881
10/06/2024,Porto,Olbia,8185,3943
10/06/2024,Porto,Golfo Aranci,921,483
10/06/2024,Porto,Cagliari,1,447
10/06/2024,Aeroporto,Olbia,7140,7643
10/06/2024,Aeroporto,Cagliari,8413,8328
10/06/2024,Aeroporto,Alghero,3453,3613
09/06/2024,Porto,Porto Torres,1358,636
09/06/2024,Porto,Olbia,8861,5237
09/06/2024,Porto,Golfo Aranci,1701,533
09/06/2024,Porto,Cagliari,862,164
09/06/2024,Porto,Arbatax,142,0
09/06/2024,Aeroporto,Olbia,8685,8941
09/06/2024,Aeroporto,Cagliari,11233,10547
09/06/2024,Aeroporto,Alghero,3406,3496
08/06/2024,Porto,Porto Torres,3610,2288
08/06/2024,Porto,Olbia,10611,6805
08/06/2024,Porto,Golfo Aranci,1101,1122
08/06/2024,Porto,Cagliari,323,425
08/06/2024,Aeroporto,Olbia,12230,10645
08/06/2024,Aeroporto,Cagliari,9384,8933
08/06/2024,Aeroporto,Alghero,3492,2881
07/06/2024,Porto,Porto Torres,1777,903
07/06/2024,Porto,Olbia,6046,4955
07/06/2024,Porto,Golfo Aranci,719,248
07/06/2024,Porto,Cagliari,242,276
07/06/2024,Aeroporto,Cagliari,8633,8091
07/06/2024,Aeroporto,Alghero,2900,2237
06/06/2024,Porto,Porto Torres,1317,1123
06/06/2024,Porto,Olbia,4467,4395
06/06/2024,Porto,Golfo Aranci,597,492
06/06/2024,Porto,Cagliari,267,569
06/06/2024,Porto,Arbatax,0,35
06/06/2024,Aeroporto,Olbia,6201,4748
06/06/2024,Aeroporto,Cagliari,9358,8636
06/06/2024,Aeroporto,Alghero,3676,2612
05/06/2024,Porto,Porto Torres,710,604
05/06/2024,Porto,Olbia,4036,2512
05/06/2024,Porto,Golfo Aranci,417,316
05/06/2024,Porto,Cagliari,195,308
05/06/2024,Porto,Arbatax,104,0
05/06/2024,Aeroporto,Olbia,6562,5549
05/06/2024,Aeroporto,Cagliari,7218,6650
05/06/2024,Aeroporto,Alghero,3371,2587
04/06/2024,Porto,Porto Torres,1180,899
04/06/2024,Porto,Olbia,5777,2898
04/06/2024,Porto,Golfo Aranci,505,403
04/06/2024,Porto,Cagliari,725,317
04/06/2024,Porto,Arbatax,0,28
04/06/2024,Aeroporto,Olbia,6906,6303
04/06/2024,Aeroporto,Cagliari,8106,7408
04/06/2024,Aeroporto,Alghero,1918,1773
03/06/2024,Porto,Porto Torres,1392,599
03/06/2024,Porto,Olbia,4603,3355
03/06/2024,Porto,Golfo Aranci,754,459
03/06/2024,Porto,Cagliari,1,387
03/06/2024,Aeroporto,Olbia,6681,7095
03/06/2024,Aeroporto,Cagliari,8364,7564
03/06/2024,Aeroporto,Alghero,3441,3882
02/06/2024,Porto,Porto Torres,1405,858
02/06/2024,Porto,Olbia,7002,6642
02/06/2024,Porto,Golfo Aranci,373,723
02/06/2024,Porto,Cagliari,800,156
02/06/2024,Porto,Arbatax,97,0
02/06/2024,Aeroporto,Olbia,8249,8757
02/06/2024,Aeroporto,Cagliari,10009,9684
02/06/2024,Aeroporto,Alghero,2987,3123
01/06/2024,Porto,Porto Torres,2091,2226
01/06/2024,Porto,Olbia,6784,6538
01/06/2024,Porto,Golfo Aranci,1397,1759
01/06/2024,Porto,Cagliari,609,447
01/06/2024,Aeroporto,Olbia,10682,9296
01/06/2024,Aeroporto,Cagliari,8863,8349
01/06/2024,Aeroporto,Alghero,3394,2674
31/05/2024,Porto,Porto Torres,966,2629
31/05/2024,Porto,Olbia,7250,8164
31/05/2024,Porto,Golfo Aranci,888,1323
31/05/2024,Porto,Cagliari,378,377
31/05/2024,Aeroporto,Olbia,8075,6814
31/05/2024,Aeroporto,Cagliari,8669,7923
31/05/2024,Aeroporto,Alghero,2820,2069
30/05/2024,Porto,Porto Torres,1597,1594
30/05/2024,Porto,Olbia,5259,5517
30/05/2024,Porto,Golfo Aranci,743,1086
30/05/2024,Porto,Cagliari,337,481
30/05/2024,Porto,Arbatax,0,48
30/05/2024,Aeroporto,Olbia,5908,4710
30/05/2024,Aeroporto,Cagliari,9078,8340
30/05/2024,Aeroporto,Alghero,3453,2493
29/05/2024,Porto,Porto Torres,344,358
29/05/2024,Porto,Olbia,4303,4311
29/05/2024,Porto,Golfo Aranci,454,742
29/05/2024,Porto,Cagliari,212,182
29/05/2024,Porto,Arbatax,123,0
29/05/2024,Aeroporto,Olbia,5766,4799
29/05/2024,Aeroporto,Cagliari,7192,6591
29/05/2024,Aeroporto,Alghero,2872,2323
28/05/2024,Porto,Porto Torres,1794,937
28/05/2024,Porto,Olbia,4026,2755
28/05/2024,Porto,Golfo Aranci,550,507
28/05/2024,Porto,Cagliari,764,603
28/05/2024,Porto,Arbatax,0,69
28/05/2024,Aeroporto,Olbia,4880,4303
28/05/2024,Aeroporto,Cagliari,7765,7433
28/05/2024,Aeroporto,Alghero,2181,1987
27/05/2024,Porto,Porto Torres,883,614
27/05/2024,Porto,Olbia,4761,2830
27/05/2024,Porto,Golfo Aranci,660,396
27/05/2024,Porto,Cagliari,0,377
27/05/2024,Aeroporto,Olbia,6095,6221
27/05/2024,Aeroporto,Cagliari,8480,8293
27/05/2024,Aeroporto,Alghero,2835,2689
26/05/2024,Porto,Porto Torres,1228,695
26/05/2024,Porto,Olbia,3571,3199
26/05/2024,Porto,Golfo Aranci,815,465
26/05/2024,Porto,Cagliari,802,158
26/05/2024,Porto,Arbatax,95,0
26/05/2024,Aeroporto,Olbia,7094,6875
26/05/2024,Aeroporto,Cagliari,9996,9209
26/05/2024,Aeroporto,Alghero,2982,2733
25/05/2024,Porto,Porto Torres,1128,1082
25/05/2024,Porto,Olbia,4993,3628
25/05/2024,Porto,Golfo Aranci,754,730
25/05/2024,Porto,Cagliari,312,392
25/05/2024,Aeroporto,Olbia,8211,7043
25/05/2024,Aeroporto,Cagliari,9222,8446
25/05/2024,Aeroporto,Alghero,2730,2473
24/05/2024,Porto,Porto Torres,933,1215
24/05/2024,Porto,Olbia,4231,3624
24/05/2024,Porto,Golfo Aranci,626,981
24/05/2024,Porto,Cagliari,301,268
24/05/2024,Aeroporto,Olbia,6924,5748
24/05/2024,Aeroporto,Cagliari,8650,7655
24/05/2024,Aeroporto,Alghero,2806,2259
23/05/2024,Porto,Porto Torres,1336,800
23/05/2024,Porto,Olbia,4083,2894
23/05/2024,Porto,Golfo Aranci,602,481
23/05/2024,Porto,Cagliari,300,552
23/05/2024,Porto,Arbatax,0,35
23/05/2024,Aeroporto,Olbia,5772,4207
23/05/2024,Aeroporto,Cagliari,8619,7799
23/05/2024,Aeroporto,Alghero,3065,2555
22/05/2024,Porto,Porto Torres,1023,744
22/05/2024,Porto,Olbia,3191,1904
22/05/2024,Porto,Golfo Aranci,550,233
22/05/2024,Porto,Cagliari,231,133
22/05/2024,Porto,Arbatax,133,0
22/05/2024,Aeroporto,Olbia,5240,3696
22/05/2024,Aeroporto,Cagliari,6987,6120
22/05/2024,Aeroporto,Alghero,2560,2201
21/05/2024,Porto,Porto Torres,645,191
21/05/2024,Porto,Olbia,5646,2007
21/05/2024,Porto,Golfo Aranci,898,209
21/05/2024,Porto,Cagliari,711,510
21/05/2024,Porto,Arbatax,0,59
21/05/2024,Aeroporto,Olbia,4395,3933
21/05/2024,Aeroporto,Cagliari,7835,7113
21/05/2024,Aeroporto,Alghero,2220,2294
20/05/2024,Porto,Porto Torres,2479,797
20/05/2024,Porto,Olbia,4762,2041
20/05/2024,Porto,Golfo Aranci,1204,107
20/05/2024,Porto,Cagliari,2,171
20/05/2024,Aeroporto,Olbia,6187,5900
20/05/2024,Aeroporto,Cagliari,8578,7869
20/05/2024,Aeroporto,Alghero,2422,2450
19/05/2024,Porto,Porto Torres,1432,609
19/05/2024,Porto,Olbia,7369,3678
19/05/2024,Porto,Golfo Aranci,1890,477
19/05/2024,Porto,Cagliari,805,357
19/05/2024,Porto,Arbatax,115,0
19/05/2024,Aeroporto,Olbia,6341,6303
19/05/2024,Aeroporto,Cagliari,9222,8746
19/05/2024,Aeroporto,Alghero,2605,2651
18/05/2024,Porto,Porto Torres,1976,522
18/05/2024,Porto,Olbia,5177,3016
18/05/2024,Porto,Cagliari,368,435
18/05/2024,Aeroporto,Olbia,7353,6176
18/05/2024,Aeroporto,Cagliari,8140,7852
18/05/2024,Aeroporto,Alghero,2829,2364
17/05/2024,Porto,Porto Torres,365,517
17/05/2024,Porto,Olbia,3926,2997
17/05/2024,Porto,Cagliari,293,255
17/05/2024,Aeroporto,Olbia,6597,4877
17/05/2024,Aeroporto,Cagliari,8045,7162
17/05/2024,Aeroporto,Alghero,2181,1981
16/05/2024,Porto,Porto Torres,2062,1223
16/05/2024,Porto,Olbia,2570,2434
16/05/2024,Porto,Golfo Aranci,399,351
16/05/2024,Porto,Cagliari,231,439
16/05/2024,Porto,Arbatax,0,31
16/05/2024,Aeroporto,Olbia,5418,3895
16/05/2024,Aeroporto,Cagliari,8264,7345
16/05/2024,Aeroporto,Alghero,3000,2407
15/05/2024,Porto,Porto Torres,223,246
15/05/2024,Porto,Olbia,2718,1950
15/05/2024,Porto,Golfo Aranci,313,298
15/05/2024,Porto,Cagliari,180,187
15/05/2024,Porto,Arbatax,105,0
15/05/2024,Aeroporto,Olbia,3882,3161
15/05/2024,Aeroporto,Cagliari,6571,6100
15/05/2024,Aeroporto,Alghero,2078,2307
14/05/2024,Porto,Porto Torres,373,223
14/05/2024,Porto,Olbia,2846,1950
14/05/2024,Porto,Golfo Aranci,362,210
14/05/2024,Porto,Cagliari,729,473
14/05/2024,Porto,Arbatax,0,46
14/05/2024,Aeroporto,Olbia,3819,3604
14/05/2024,Aeroporto,Cagliari,7009,7132
14/05/2024,Aeroporto,Alghero,1934,1841
13/05/2024,Porto,Porto Torres,1000,786
13/05/2024,Porto,Olbia,3227,1870
13/05/2024,Porto,Golfo Aranci,445,303
13/05/2024,Porto,Cagliari,0,332
13/05/2024,Aeroporto,Olbia,4584,5225
13/05/2024,Aeroporto,Cagliari,7529,7884
13/05/2024,Aeroporto,Alghero,2404,2696
12/05/2024,Porto,Porto Torres,328,364
12/05/2024,Porto,Olbia,2296,2361
12/05/2024,Porto,Cagliari,509,3
12/05/2024,Porto,Arbatax,91,0
11/05/2024,Porto,Porto Torres,999,1863
11/05/2024,Porto,Olbia,3871,2875
11/05/2024,Porto,Golfo Aranci,120,666
11/05/2024,Porto,Cagliari,255,352
10/05/2024,Porto,Porto Torres,615,598
10/05/2024,Porto,Olbia,2960,3281
10/05/2024,Porto,Golfo Aranci,634,672
10/05/2024,Porto,Cagliari,313,245
09/05/2024,Porto,Porto Torres,1162,939
09/05/2024,Porto,Olbia,2586,2441
09/05/2024,Porto,Golfo Aranci,291,142
09/05/2024,Porto,Cagliari,237,454
09/05/2024,Porto,Arbatax,0,42
08/05/2024,Porto,Porto Torres,1032,772
08/05/2024,Porto,Olbia,1611,1813
08/05/2024,Porto,Golfo Aranci,353,102
08/05/2024,Porto,Cagliari,159,299
08/05/2024,Porto,Arbatax,105,0
07/05/2024,Porto,Porto Torres,537,377
07/05/2024,Porto,Olbia,2351,1691
07/05/2024,Porto,Golfo Aranci,471,8
07/05/2024,Porto,Cagliari,685,515
07/05/2024,Porto,Arbatax,0,51
06/05/2024,Porto,Porto Torres,1108,805
06/05/2024,Porto,Olbia,2559,2017
06/05/2024,Porto,Golfo Aranci,328,433
06/05/2024,Porto,Cagliari,0,479
05/05/2024,Porto,Porto Torres,802,621
05/05/2024,Porto,Olbia,2036,3075
05/05/2024,Porto,Golfo Aranci,461,589
05/05/2024,Porto,Cagliari,650,2
05/05/2024,Porto,Arbatax,189,0
05/05/2024,Aeroporto,Cagliari,8274,9862
05/05/2024,Aeroporto,Alghero,2381,2787
04/05/2024,Porto,Porto Torres,1557,2043
04/05/2024,Porto,Olbia,2212,4750
04/05/2024,Porto,Golfo Aranci,444,783
04/05/2024,Porto,Cagliari,438,362
04/05/2024,Aeroporto,Olbia,6444,6248
04/05/2024,Aeroporto,Cagliari,7055,7462
04/05/2024,Aeroporto,Alghero,2557,2456
03/05/2024,Porto,Porto Torres,1062,1539
03/05/2024,Porto,Olbia,2164,3275
03/05/2024,Porto,Golfo Aranci,375,783
03/05/2024,Porto,Cagliari,206,292
03/05/2024,Aeroporto,Olbia,3512,3207
03/05/2024,Aeroporto,Cagliari,6809,6729
03/05/2024,Aeroporto,Alghero,2473,2308
02/05/2024,Porto,Porto Torres,557,555
02/05/2024,Porto,Olbia,2347,2338
02/05/2024,Porto,Golfo Aranci,561,417
02/05/2024,Porto,Cagliari,333,407
02/05/2024,Porto,Arbatax,0,66
02/05/2024,Aeroporto,Cagliari,7284,7170
02/05/2024,Aeroporto,Alghero,2642,1937
01/05/2024,Porto,Porto Torres,2390,1529
01/05/2024,Porto,Olbia,3115,3710
01/05/2024,Porto,Golfo Aranci,527,574
01/05/2024,Porto,Cagliari,229,187
01/05/2024,Porto,Arbatax,107,0
01/05/2024,Aeroporto,Olbia,3761,3700
01/05/2024,Aeroporto,Cagliari,6385,6272
01/05/2024,Aeroporto,Alghero,2795,2637
30/04/2024,Porto,Porto Torres,649,1102
30/04/2024,Porto,Olbia,2675,4230
30/04/2024,Porto,Golfo Aranci,564,827
30/04/2024,Porto,Cagliari,714,661
30/04/2024,Porto,Arbatax,0,61
30/04/2024,Aeroporto,Olbia,3374,3325
30/04/2024,Aeroporto,Cagliari,7450,7088
30/04/2024,Aeroporto,Alghero,2374,2000
29/04/2024,Porto,Porto Torres,1273,910
29/04/2024,Porto,Olbia,3221,2390
29/04/2024,Porto,Golfo Aranci,764,383
29/04/2024,Porto,Cagliari,1,418
29/04/2024,Aeroporto,Olbia,4174,4256
29/04/2024,Aeroporto,Cagliari,7672,7448
29/04/2024,Aeroporto,Alghero,3095,2926
28/04/2024,Porto,Porto Torres,1528,1834
28/04/2024,Porto,Olbia,3030,3706
28/04/2024,Porto,Golfo Aranci,736,717
28/04/2024,Porto,Cagliari,628,0
28/04/2024,Porto,Arbatax,142,0
28/04/2024,Aeroporto,Olbia,5114,5127
28/04/2024,Aeroporto,Cagliari,9557,9352
28/04/2024,Aeroporto,Alghero,3107,3268
27/04/2024,Porto,Porto Torres,1662,1948
27/04/2024,Porto,Olbia,3286,3957
27/04/2024,Porto,Golfo Aranci,662,837
27/04/2024,Porto,Cagliari,378,410
27/04/2024,Aeroporto,Olbia,5096,4445
27/04/2024,Aeroporto,Cagliari,7815,7372
27/04/2024,Aeroporto,Alghero,2894,2626
26/04/2024,Porto,Porto Torres,1051,490
26/04/2024,Porto,Olbia,4182,2098
26/04/2024,Porto,Golfo Aranci,762,555
26/04/2024,Porto,Cagliari,338,213
26/04/2024,Aeroporto,Olbia,5755,4158
26/04/2024,Aeroporto,Cagliari,7587,6610
26/04/2024,Aeroporto,Alghero,2451,1802
25/04/2024,Porto,Porto Torres,2713,854
25/04/2024,Porto,Olbia,10305,1714
25/04/2024,Porto,Cagliari,493,403
25/04/2024,Porto,Arbatax,0,58
25/04/2024,Aeroporto,Olbia,4492,2745
25/04/2024,Aeroporto,Cagliari,8761,7471
25/04/2024,Aeroporto,Alghero,3510,2904
24/04/2024,Porto,Porto Torres,839,589
24/04/2024,Porto,Olbia,4455,2560
24/04/2024,Porto,Golfo Aranci,650,430
24/04/2024,Porto,Cagliari,192,250
24/04/2024,Porto,Arbatax,151,0
24/04/2024,Aeroporto,Olbia,3824,2272
24/04/2024,Aeroporto,Cagliari,7188,6514
24/04/2024,Aeroporto,Alghero,2923,2562
23/04/2024,Porto,Porto Torres,486,313
23/04/2024,Porto,Olbia,2796,1540
23/04/2024,Porto,Golfo Aranci,382,246
23/04/2024,Porto,Cagliari,633,607
23/04/2024,Porto,Arbatax,0,40
23/04/2024,Aeroporto,Olbia,3507,2119
23/04/2024,Aeroporto,Cagliari,7657,6037
23/04/2024,Aeroporto,Alghero,2610,1940
22/04/2024,Porto,Porto Torres,1171,589
22/04/2024,Porto,Olbia,2496,1307
22/04/2024,Porto,Golfo Aranci,590,71
22/04/2024,Porto,Cagliari,1,286
22/04/2024,Aeroporto,Olbia,3638,2763
22/04/2024,Aeroporto,Cagliari,6825,6708
22/04/2024,Aeroporto,Alghero,2357,2315
21/04/2024,Porto,Porto Torres,2101,1093
21/04/2024,Porto,Olbia,2313,1808
21/04/2024,Porto,Golfo Aranci,608,72
21/04/2024,Porto,Cagliari,568,1
21/04/2024,Porto,Arbatax,74,0
21/04/2024,Aeroporto,Olbia,4264,4217
21/04/2024,Aeroporto,Cagliari,8249,7850
21/04/2024,Aeroporto,Alghero,2631,2585
20/04/2024,Porto,Porto Torres,1376,882
20/04/2024,Porto,Olbia,2438,1831
20/04/2024,Porto,Golfo Aranci,659,68
20/04/2024,Porto,Cagliari,203,369
20/04/2024,Aeroporto,Olbia,4212,3218
20/04/2024,Aeroporto,Cagliari,7065,6896
20/04/2024,Aeroporto,Alghero,2668,2233
19/04/2024,Porto,Porto Torres,893,819
19/04/2024,Porto,Olbia,2119,2012
19/04/2024,Porto,Golfo Aranci,325,86
19/04/2024,Porto,Cagliari,190,218
19/04/2024,Aeroporto,Olbia,4402,3296
19/04/2024,Aeroporto,Cagliari,7493,6742
19/04/2024,Aeroporto,Alghero,2442,1859
18/04/2024,Porto,Olbia,2141,2099
18/04/2024,Porto,Cagliari,205,339
18/04/2024,Porto,Arbatax,0,31
18/04/2024,Aeroporto,Olbia,2981,2500
18/04/2024,Aeroporto,Cagliari,6670,6398
18/04/2024,Aeroporto,Alghero,2563,2050
17/04/2024,Porto,Olbia,1800,1532
17/04/2024,Porto,Golfo Aranci,261,279
17/04/2024,Porto,Cagliari,247,131
17/04/2024,Aeroporto,Olbia,1884,1649
17/04/2024,Aeroporto,Cagliari,5231,5168
17/04/2024,Aeroporto,Alghero,2023,2006
16/04/2024,Porto,Olbia,2346,1370
16/04/2024,Porto,Cagliari,507,393
16/04/2024,Porto,Arbatax,0,66
16/04/2024,Aeroporto,Olbia,2253,1897
16/04/2024,Aeroporto,Cagliari,6106,6112
16/04/2024,Aeroporto,Alghero,1899,1945
15/04/2024,Porto,Porto Torres,1039,417
15/04/2024,Porto,Olbia,2094,1250
15/04/2024,Porto,Golfo Aranci,419,196
15/04/2024,Porto,Cagliari,2,253
15/04/2024,Aeroporto,Olbia,2772,3022
15/04/2024,Aeroporto,Cagliari,6895,6709
15/04/2024,Aeroporto,Alghero,2360,2382
14/04/2024,Porto,Porto Torres,1048,705
14/04/2024,Porto,Olbia,1520,1448
14/04/2024,Porto,Cagliari,433,0
14/04/2024,Porto,Arbatax,79,0
14/04/2024,Aeroporto,Olbia,3177,3869
14/04/2024,Aeroporto,Cagliari,7096,7854
14/04/2024,Aeroporto,Alghero,2309,2675
13/04/2024,Porto,Porto Torres,808,704
13/04/2024,Porto,Olbia,1815,1416
13/04/2024,Porto,Golfo Aranci,301,331
13/04/2024,Porto,Cagliari,274,235
13/04/2024,Aeroporto,Olbia,3673,3380
13/04/2024,Aeroporto,Cagliari,6512,7082
13/04/2024,Aeroporto,Alghero,2422,2155
12/04/2024,Porto,Porto Torres,445,526
12/04/2024,Porto,Olbia,1625,1837
12/04/2024,Porto,Cagliari,151,183
12/04/2024,Aeroporto,Olbia,3671,2838
12/04/2024,Aeroporto,Cagliari,7223,6640
12/04/2024,Aeroporto,Alghero,2242,1944
11/04/2024,Porto,Porto Torres,651,491
11/04/2024,Porto,Olbia,1363,1496
11/04/2024,Porto,Golfo Aranci,194,255
11/04/2024,Porto,Cagliari,190,276
11/04/2024,Porto,Arbatax,0,45
11/04/2024,Aeroporto,Olbia,2613,2532
11/04/2024,Aeroporto,Cagliari,6056,6547
11/04/2024,Aeroporto,Alghero,2110,2006
10/04/2024,Porto,Olbia,1650,1404
10/04/2024,Porto,Cagliari,186,109
10/04/2024,Porto,Arbatax,94,0
10/04/2024,Aeroporto,Olbia,1831,1698
10/04/2024,Aeroporto,Cagliari,4700,5025
10/04/2024,Aeroporto,Alghero,1837,1971
09/04/2024,Porto,Porto Torres,359,249
09/04/2024,Porto,Olbia,1814,1274
09/04/2024,Porto,Golfo Aranci,240,160
09/04/2024,Porto,Cagliari,538,538
09/04/2024,Porto,Arbatax,0,65
09/04/2024,Aeroporto,Olbia,1943,1877
09/04/2024,Aeroporto,Cagliari,5556,6006
09/04/2024,Aeroporto,Alghero,1615,1709
08/04/2024,Porto,Porto Torres,883,507
08/04/2024,Porto,Olbia,1963,1469
08/04/2024,Porto,Golfo Aranci,215,292
08/04/2024,Porto,Cagliari,177,265
08/04/2024,Aeroporto,Olbia,2543,2954
08/04/2024,Aeroporto,Cagliari,6341,7047
08/04/2024,Aeroporto,Alghero,2283,2396
07/04/2024,Porto,Porto Torres,730,624
07/04/2024,Porto,Olbia,1464,1812
07/04/2024,Porto,Golfo Aranci,236,310
07/04/2024,Porto,Cagliari,632,0
07/04/2024,Porto,Arbatax,80,0
07/04/2024,Aeroporto,Olbia,3219,4201
07/04/2024,Aeroporto,Cagliari,7410,8386
07/04/2024,Aeroporto,Alghero,2454,2969
06/04/2024,Porto,Porto Torres,673,993
06/04/2024,Porto,Olbia,1563,2664
06/04/2024,Porto,Golfo Aranci,212,525
06/04/2024,Porto,Cagliari,391,262
06/04/2024,Aeroporto,Cagliari,6547,7307
06/04/2024,Aeroporto,Alghero,2272,2323
05/04/2024,Porto,Porto Torres,348,612
05/04/2024,Porto,Olbia,1370,2656
05/04/2024,Porto,Golfo Aranci,226,621
05/04/2024,Porto,Cagliari,275,229
05/04/2024,Aeroporto,Olbia,3087,2649
05/04/2024,Aeroporto,Cagliari,6390,6589
05/04/2024,Aeroporto,Alghero,1907,1867
04/04/2024,Porto,Porto Torres,715,566
04/04/2024,Porto,Olbia,2170,2552
04/04/2024,Porto,Cagliari,584,259
04/04/2024,Porto,Arbatax,0,58
04/04/2024,Aeroporto,Olbia,2704,2626
04/04/2024,Aeroporto,Cagliari,6295,6788
04/04/2024,Aeroporto,Alghero,2294,2519
03/04/2024,Porto,Porto Torres,1306,822
03/04/2024,Porto,Olbia,2523,2124
03/04/2024,Porto,Golfo Aranci,331,377
03/04/2024,Porto,Cagliari,216,212
03/04/2024,Porto,Arbatax,117,0
03/04/2024,Aeroporto,Olbia,2102,2598
03/04/2024,Aeroporto,Cagliari,6237,6401
03/04/2024,Aeroporto,Alghero,2286,2765
02/04/2024,Porto,Porto Torres,571,651
02/04/2024,Porto,Olbia,2630,4417
02/04/2024,Porto,Cagliari,681,519
02/04/2024,Porto,Arbatax,0,129
02/04/2024,Aeroporto,Olbia,3055,3456
02/04/2024,Aeroporto,Cagliari,7881,8252
02/04/2024,Aeroporto,Alghero,2252,2524
01/04/2024,Porto,Porto Torres,504,1044
01/04/2024,Porto,Olbia,1197,3617
01/04/2024,Porto,Golfo Aranci,356,901
01/04/2024,Porto,Cagliari,156,293
01/04/2024,Aeroporto,Olbia,2617,3013
01/04/2024,Aeroporto,Cagliari,6649,6986
01/04/2024,Aeroporto,Alghero,2823,2887
31/03/2024,Porto,Porto Torres,303,234
31/03/2024,Porto,Olbia,1293,1618
31/03/2024,Porto,Cagliari,194,1
31/03/2024,Porto,Arbatax,66,0
31/03/2024,Aeroporto,Olbia,3182,1978
31/03/2024,Aeroporto,Cagliari,6987,5836
31/03/2024,Aeroporto,Alghero,2062,1442
30/03/2024,Porto,Porto Torres,2063,1798
30/03/2024,Porto,Olbia,3932,1273
30/03/2024,Porto,Cagliari,237,313
30/03/2024,Aeroporto,Olbia,2142,1300
30/03/2024,Aeroporto,Cagliari,5292,4728
30/03/2024,Aeroporto,Alghero,2010,1572
29/03/2024,Porto,Porto Torres,824,402
29/03/2024,Porto,Olbia,4172,2008
29/03/2024,Porto,Golfo Aranci,777,18
29/03/2024,Porto,Cagliari,330,220
29/03/2024,Aeroporto,Olbia,2580,1766
29/03/2024,Aeroporto,Cagliari,6024,5499
29/03/2024,Aeroporto,Alghero,1858,1333
28/03/2024,Porto,Porto Torres,855,427
28/03/2024,Porto,Olbia,5458,2615
28/03/2024,Porto,Cagliari,302,848
28/03/2024,Aeroporto,Olbia,3180,2167
28/03/2024,Aeroporto,Cagliari,6504,5700
28/03/2024,Aeroporto,Alghero,2205,1692
27/03/2024,Porto,Porto Torres,477,351
27/03/2024,Porto,Olbia,2540,1775
27/03/2024,Porto,Golfo Aranci,377,176
27/03/2024,Porto,Cagliari,391,261
27/03/2024,Aeroporto,Olbia,1719,945
27/03/2024,Aeroporto,Cagliari,5338,4546
27/03/2024,Aeroporto,Alghero,2093,0
26/03/2024,Porto,Porto Torres,467,235
26/03/2024,Porto,Olbia,1704,1049
26/03/2024,Porto,Golfo Aranci,444,125
26/03/2024,Porto,Cagliari,328,572
26/03/2024,Porto,Arbatax,0,47
26/03/2024,Aeroporto,Olbia,1598,956
26/03/2024,Aeroporto,Cagliari,5230,3802
26/03/2024,Aeroporto,Alghero,1303,860
25/03/2024,Porto,Porto Torres,774,412
25/03/2024,Porto,Olbia,2044,875
25/03/2024,Porto,Golfo Aranci,741,135
25/03/2024,Porto,Cagliari,135,453
25/03/2024,Aeroporto,Olbia,1684,1077
25/03/2024,Aeroporto,Cagliari,5577,4537
25/03/2024,Aeroporto,Alghero,1238,946
24/03/2024,Porto,Porto Torres,2067,525
24/03/2024,Porto,Olbia,3048,1244
24/03/2024,Porto,Cagliari,361,1
24/03/2024,Porto,Arbatax,82,0
24/03/2024,Aeroporto,Cagliari,5550,4446
24/03/2024,Aeroporto,Alghero,1073,867
23/03/2024,Porto,Porto Torres,489,370
23/03/2024,Porto,Olbia,1874,1168
23/03/2024,Porto,Cagliari,269,336
23/03/2024,Aeroporto,Cagliari,5528,4385
23/03/2024,Aeroporto,Alghero,1567,1322
22/03/2024,Porto,Porto Torres,342,338
22/03/2024,Porto,Olbia,1441,1559
22/03/2024,Porto,Golfo Aranci,269,160
22/03/2024,Porto,Cagliari,177,181
22/03/2024,Aeroporto,Olbia,1539,1317
22/03/2024,Aeroporto,Cagliari,5380,5098
22/03/2024,Aeroporto,Alghero,1453,1223
21/03/2024,Porto,Porto Torres,278,269
21/03/2024,Porto,Olbia,1155,1093
21/03/2024,Porto,Cagliari,182,283
21/03/2024,Porto,Arbatax,0,30
21/03/2024,Aeroporto,Olbia,1745,1542
21/03/2024,Aeroporto,Cagliari,4031,3760
21/03/2024,Aeroporto,Alghero,869,826
20/03/2024,Porto,Porto Torres,251,206
20/03/2024,Porto,Olbia,1156,939
20/03/2024,Porto,Golfo Aranci,166,116
20/03/2024,Porto,Cagliari,114,109
20/03/2024,Porto,Arbatax,73,0
20/03/2024,Aeroporto,Olbia,805,883
20/03/2024,Aeroporto,Cagliari,3337,3396
20/03/2024,Aeroporto,Alghero,919,1001
19/03/2024,Porto,Porto Torres,265,215
19/03/2024,Porto,Olbia,1277,838
19/03/2024,Porto,Cagliari,268,140
19/03/2024,Porto,Arbatax,0,31
19/03/2024,Aeroporto,Olbia,907,940
19/03/2024,Aeroporto,Cagliari,3234,3087
19/03/2024,Aeroporto,Alghero,609,540
18/03/2024,Porto,Porto Torres,604,387
18/03/2024,Porto,Olbia,1826,968
18/03/2024,Porto,Golfo Aranci,347,145
18/03/2024,Porto,Cagliari,192,399
18/03/2024,Aeroporto,Olbia,1425,1245
18/03/2024,Aeroporto,Cagliari,5631,5069
18/03/2024,Aeroporto,Alghero,1314,1113
17/03/2024,Porto,Porto Torres,397,268
17/03/2024,Porto,Olbia,1059,1222
17/03/2024,Porto,Cagliari,337,2
17/03/2024,Porto,Arbatax,63,0
17/03/2024,Aeroporto,Olbia,1491,1434
17/03/2024,Aeroporto,Cagliari,5511,5324
17/03/2024,Aeroporto,Alghero,1122,1117
16/03/2024,Porto,Porto Torres,378,307
16/03/2024,Porto,Olbia,1132,1207
16/03/2024,Porto,Cagliari,251,211
16/03/2024,Aeroporto,Olbia,979,1027
16/03/2024,Aeroporto,Cagliari,5172,4938
16/03/2024,Aeroporto,Alghero,1482,1435
15/03/2024,Porto,Porto Torres,299,362
15/03/2024,Porto,Olbia,1308,1544
15/03/2024,Porto,Golfo Aranci,241,112
15/03/2024,Porto,Cagliari,177,196
15/03/2024,Aeroporto,Olbia,1298,1356
15/03/2024,Aeroporto,Cagliari,4967,5367
15/03/2024,Aeroporto,Alghero,1238,1272
14/03/2024,Porto,Porto Torres,1096,466
14/03/2024,Porto,Olbia,1134,1012
14/03/2024,Porto,Cagliari,151,264
14/03/2024,Porto,Arbatax,0,26
14/03/2024,Aeroporto,Olbia,1428,1252
14/03/2024,Aeroporto,Cagliari,3720,3860
14/03/2024,Aeroporto,Alghero,814,842
13/03/2024,Porto,Porto Torres,247,200
13/03/2024,Porto,Olbia,906,793
13/03/2024,Porto,Golfo Aranci,121,91
13/03/2024,Porto,Cagliari,100,107
13/03/2024,Porto,Arbatax,70,0
13/03/2024,Aeroporto,Olbia,814,779
13/03/2024,Aeroporto,Cagliari,3085,3309
13/03/2024,Aeroporto,Alghero,832,883
12/03/2024,Porto,Porto Torres,244,189
12/03/2024,Porto,Olbia,1120,763
12/03/2024,Porto,Cagliari,337,129
12/03/2024,Porto,Arbatax,0,32
12/03/2024,Aeroporto,Olbia,843,846
12/03/2024,Aeroporto,Cagliari,2898,2874
12/03/2024,Aeroporto,Alghero,553,540
11/03/2024,Porto,Porto Torres,278,225
11/03/2024,Porto,Olbia,1361,809
11/03/2024,Porto,Golfo Aranci,134,148
11/03/2024,Porto,Cagliari,204,484
11/03/2024,Aeroporto,Olbia,1367,1246
11/03/2024,Aeroporto,Cagliari,5038,4868
11/03/2024,Aeroporto,Alghero,1200,1033
10/03/2024,Porto,Porto Torres,580,1025
10/03/2024,Porto,Olbia,862,935
10/03/2024,Porto,Cagliari,316,0
10/03/2024,Porto,Arbatax,59,0
10/03/2024,Aeroporto,Olbia,1304,1282
10/03/2024,Aeroporto,Cagliari,5009,5374
10/03/2024,Aeroporto,Alghero,1074,1059
09/03/2024,Porto,Porto Torres,510,562
09/03/2024,Porto,Olbia,996,1081
09/03/2024,Porto,Cagliari,173,168
09/03/2024,Aeroporto,Olbia,770,909
09/03/2024,Aeroporto,Cagliari,4514,4561
09/03/2024,Aeroporto,Alghero,1432,1166
08/03/2024,Porto,Porto Torres,258,292
08/03/2024,Porto,Olbia,1091,1355
08/03/2024,Porto,Golfo Aranci,140,39
08/03/2024,Porto,Cagliari,141,172
08/03/2024,Aeroporto,Olbia,1251,1295
08/03/2024,Aeroporto,Cagliari,4756,5083
08/03/2024,Aeroporto,Alghero,1246,1149
07/03/2024,Porto,Porto Torres,235,210
07/03/2024,Porto,Olbia,932,968
07/03/2024,Porto,Cagliari,208,342
07/03/2024,Porto,Arbatax,0,35
07/03/2024,Aeroporto,Olbia,1068,1149
07/03/2024,Aeroporto,Cagliari,3405,3738
07/03/2024,Aeroporto,Alghero,790,747
06/03/2024,Porto,Porto Torres,225,201
06/03/2024,Porto,Olbia,854,835
06/03/2024,Porto,Golfo Aranci,111,138
06/03/2024,Porto,Cagliari,97,115
06/03/2024,Porto,Arbatax,80,0
06/03/2024,Aeroporto,Olbia,755,850
06/03/2024,Aeroporto,Cagliari,2897,3080
06/03/2024,Aeroporto,Alghero,830,978
05/03/2024,Porto,Porto Torres,256,212
05/03/2024,Porto,Olbia,1080,662
05/03/2024,Porto,Cagliari,375,205
05/03/2024,Porto,Arbatax,0,29
05/03/2024,Aeroporto,Olbia,803,721
05/03/2024,Aeroporto,Cagliari,2775,2824
05/03/2024,Aeroporto,Alghero,589,605
04/03/2024,Porto,Olbia,1667,1017
04/03/2024,Porto,Golfo Aranci,149,148
04/03/2024,Porto,Cagliari,205,402
04/03/2024,Aeroporto,Olbia,1143,1101
04/03/2024,Aeroporto,Cagliari,4647,4962
04/03/2024,Aeroporto,Alghero,1103,1083
03/03/2024,Porto,Olbia,1343,1175
03/03/2024,Porto,Cagliari,322,5
03/03/2024,Porto,Arbatax,69,0
03/03/2024,Aeroporto,Olbia,1232,1316
03/03/2024,Aeroporto,Cagliari,4795,5003
03/03/2024,Aeroporto,Alghero,1249,1099
02/03/2024,Porto,Porto Torres,556,641
02/03/2024,Porto,Olbia,1077,1131
02/03/2024,Porto,Cagliari,163,224
02/03/2024,Aeroporto,Olbia,831,882
02/03/2024,Aeroporto,Cagliari,4125,4399
02/03/2024,Aeroporto,Alghero,1132,1226
01/03/2024,Porto,Porto Torres,243,359
01/03/2024,Porto,Olbia,1094,1365
01/03/2024,Porto,Golfo Aranci,137,40
01/03/2024,Porto,Cagliari,91,207
01/03/2024,Aeroporto,Olbia,1199,1247
01/03/2024,Aeroporto,Cagliari,4613,5157
01/03/2024,Aeroporto,Alghero,1232,1193
29/02/2024,Porto,Porto Torres,590,458
29/02/2024,Porto,Olbia,851,1003
29/02/2024,Porto,Cagliari,98,367
29/02/2024,Porto,Arbatax,0,24
29/02/2024,Aeroporto,Olbia,1190,1212
29/02/2024,Aeroporto,Cagliari,3379,3855
29/02/2024,Aeroporto,Alghero,798,782
28/02/2024,Porto,Porto Torres,169,240
28/02/2024,Porto,Olbia,764,942
28/02/2024,Porto,Golfo Aranci,87,102
28/02/2024,Porto,Cagliari,137,96
28/02/2024,Porto,Arbatax,69,0
28/02/2024,Aeroporto,Olbia,786,911
28/02/2024,Aeroporto,Cagliari,3005,3522
28/02/2024,Aeroporto,Alghero,752,939
27/02/2024,Porto,Porto Torres,228,218
27/02/2024,Porto,Olbia,970,921
27/02/2024,Porto,Cagliari,410,166
27/02/2024,Porto,Arbatax,0,25
27/02/2024,Aeroporto,Olbia,813,845
27/02/2024,Aeroporto,Cagliari,2773,3047
27/02/2024,Aeroporto,Alghero,711,592
26/02/2024,Porto,Porto Torres,294,239
26/02/2024,Porto,Olbia,1373,1085
26/02/2024,Porto,Cagliari,217,263
26/02/2024,Aeroporto,Cagliari,4932,5338
26/02/2024,Aeroporto,Alghero,1006,1100
25/02/2024,Porto,Porto Torres,595,428
25/02/2024,Porto,Olbia,972,1116
25/02/2024,Porto,Cagliari,314,5
25/02/2024,Porto,Arbatax,55,0
25/02/2024,Aeroporto,Olbia,1326,1411
25/02/2024,Aeroporto,Cagliari,5337,5266
25/02/2024,Aeroporto,Alghero,1187,1166
24/02/2024,Porto,Porto Torres,371,281
24/02/2024,Porto,Olbia,1086,1022
24/02/2024,Porto,Cagliari,181,318
24/02/2024,Aeroporto,Olbia,908,805
24/02/2024,Aeroporto,Cagliari,4936,4092
24/02/2024,Aeroporto,Alghero,1408,1433
23/02/2024,Porto,Porto Torres,241,255
23/02/2024,Porto,Olbia,1092,1256
23/02/2024,Porto,Golfo Aranci,199,36
23/02/2024,Porto,Cagliari,130,3
23/02/2024,Aeroporto,Olbia,1373,1290
23/02/2024,Aeroporto,Cagliari,5164,5109
23/02/2024,Aeroporto,Alghero,1363,1291
22/02/2024,Porto,Porto Torres,585,464
22/02/2024,Porto,Olbia,858,930
22/02/2024,Porto,Cagliari,132,395
22/02/2024,Porto,Arbatax,0,28
22/02/2024,Aeroporto,Olbia,1255,1195
22/02/2024,Aeroporto,Cagliari,3862,3884
22/02/2024,Aeroporto,Alghero,899,652
21/02/2024,Porto,Porto Torres,201,184
21/02/2024,Porto,Olbia,909,764
21/02/2024,Porto,Golfo Aranci,115,117
21/02/2024,Porto,Cagliari,108,64
21/02/2024,Porto,Arbatax,49,0
21/02/2024,Aeroporto,Olbia,1040,864
21/02/2024,Aeroporto,Cagliari,3548,3317
21/02/2024,Aeroporto,Alghero,992,981
20/02/2024,Porto,Porto Torres,220,235
20/02/2024,Porto,Olbia,1010,659
20/02/2024,Porto,Cagliari,340,178
20/02/2024,Porto,Arbatax,0,33
20/02/2024,Aeroporto,Olbia,834,854
20/02/2024,Aeroporto,Cagliari,2941,3071
20/02/2024,Aeroporto,Alghero,606,756
19/02/2024,Porto,Porto Torres,367,195
19/02/2024,Porto,Olbia,1253,810
19/02/2024,Porto,Golfo Aranci,148,143
19/02/2024,Porto,Cagliari,201,445
19/02/2024,Aeroporto,Olbia,1214,1215
19/02/2024,Aeroporto,Cagliari,5119,4976
19/02/2024,Aeroporto,Alghero,1151,1106
18/02/2024,Porto,Porto Torres,516,385
18/02/2024,Porto,Olbia,1081,1245
18/02/2024,Porto,Cagliari,252,1
18/02/2024,Porto,Arbatax,50,0
18/02/2024,Aeroporto,Olbia,1395,1477
18/02/2024,Aeroporto,Cagliari,4974,4982
18/02/2024,Aeroporto,Alghero,1080,1169
17/02/2024,Porto,Porto Torres,341,430
17/02/2024,Porto,Olbia,996,1084
17/02/2024,Porto,Cagliari,162,146
17/02/2024,Aeroporto,Olbia,781,748
17/02/2024,Aeroporto,Cagliari,4208,4247
17/02/2024,Aeroporto,Alghero,1213,1153
16/02/2024,Porto,Porto Torres,251,317
16/02/2024,Porto,Olbia,963,1234
16/02/2024,Porto,Golfo Aranci,114,142
16/02/2024,Porto,Cagliari,112,162
16/02/2024,Aeroporto,Cagliari,4713,5119
16/02/2024,Aeroporto,Alghero,1220,1300
15/02/2024,Porto,Porto Torres,508,453
15/02/2024,Porto,Olbia,859,1015
15/02/2024,Porto,Cagliari,155,335
15/02/2024,Porto,Arbatax,0,21
15/02/2024,Aeroporto,Olbia,1205,1222
15/02/2024,Aeroporto,Cagliari,3750,3804
15/02/2024,Aeroporto,Alghero,828,768
14/02/2024,Porto,Porto Torres,249,224
14/02/2024,Porto,Olbia,864,931
14/02/2024,Porto,Golfo Aranci,96,109
14/02/2024,Porto,Cagliari,83,87
14/02/2024,Porto,Arbatax,61,0
14/02/2024,Aeroporto,Olbia,781,876
14/02/2024,Aeroporto,Cagliari,3292,3706
14/02/2024,Aeroporto,Alghero,891,945
13/02/2024,Porto,Porto Torres,200,232
13/02/2024,Porto,Olbia,982,839
13/02/2024,Porto,Cagliari,208,141
13/02/2024,Porto,Arbatax,0,12
13/02/2024,Aeroporto,Olbia,957,815
13/02/2024,Aeroporto,Cagliari,3238,2872
13/02/2024,Aeroporto,Alghero,708,563
12/02/2024,Porto,Porto Torres,385,373
12/02/2024,Porto,Olbia,1345,982
12/02/2024,Porto,Cagliari,162,297
12/02/2024,Aeroporto,Olbia,1167,1185
12/02/2024,Aeroporto,Cagliari,5205,5000
12/02/2024,Aeroporto,Alghero,1080,1053
11/02/2024,Porto,Olbia,1358,962
11/02/2024,Porto,Cagliari,263,1
11/02/2024,Porto,Arbatax,42,0
11/02/2024,Aeroporto,Olbia,1171,1177
11/02/2024,Aeroporto,Cagliari,4848,4637
11/02/2024,Aeroporto,Alghero,1035,1044
10/02/2024,Porto,Porto Torres,456,377
10/02/2024,Porto,Olbia,1375,954
10/02/2024,Porto,Cagliari,188,207
10/02/2024,Aeroporto,Olbia,733,788
10/02/2024,Aeroporto,Cagliari,4893,4800
10/02/2024,Aeroporto,Alghero,1407,1352
09/02/2024,Porto,Porto Torres,295,304
09/02/2024,Porto,Olbia,1151,1209
09/02/2024,Porto,Golfo Aranci,197,124
09/02/2024,Porto,Cagliari,165,170
09/02/2024,Aeroporto,Olbia,1239,1263
09/02/2024,Aeroporto,Cagliari,4880,4998
09/02/2024,Aeroporto,Alghero,1124,1177
08/02/2024,Porto,Porto Torres,591,452
08/02/2024,Porto,Olbia,879,839
08/02/2024,Porto,Cagliari,116,230
08/02/2024,Porto,Arbatax,0,13
08/02/2024,Aeroporto,Olbia,1222,1106
08/02/2024,Aeroporto,Cagliari,3679,3588
08/02/2024,Aeroporto,Alghero,699,715
07/02/2024,Porto,Porto Torres,212,181
07/02/2024,Porto,Olbia,765,675
07/02/2024,Porto,Golfo Aranci,128,77
07/02/2024,Porto,Cagliari,102,121
07/02/2024,Porto,Arbatax,61,0
07/02/2024,Aeroporto,Olbia,733,703
07/02/2024,Aeroporto,Cagliari,3118,3105
07/02/2024,Aeroporto,Alghero,822,849
06/02/2024,Porto,Porto Torres,223,224
06/02/2024,Porto,Olbia,986,707
06/02/2024,Porto,Cagliari,262,226
06/02/2024,Porto,Arbatax,0,27
06/02/2024,Aeroporto,Olbia,768,636
06/02/2024,Aeroporto,Cagliari,2464,2515
06/02/2024,Aeroporto,Alghero,1050,655
05/02/2024,Porto,Porto Torres,321,287
05/02/2024,Porto,Olbia,1107,860
05/02/2024,Porto,Golfo Aranci,146,115
05/02/2024,Porto,Cagliari,174,326
05/02/2024,Aeroporto,Olbia,1021,797
05/02/2024,Aeroporto,Cagliari,4990,4952
05/02/2024,Aeroporto,Alghero,1141,957
04/02/2024,Porto,Porto Torres,425,354
04/02/2024,Porto,Olbia,843,1013
04/02/2024,Porto,Cagliari,243,4
04/02/2024,Porto,Arbatax,33,0
04/02/2024,Aeroporto,Olbia,1133,1242
04/02/2024,Aeroporto,Cagliari,4459,4393
04/02/2024,Aeroporto,Alghero,947,988
03/02/2024,Porto,Porto Torres,301,339
03/02/2024,Porto,Olbia,883,830
03/02/2024,Porto,Cagliari,148,150
03/02/2024,Aeroporto,Olbia,637,678
03/02/2024,Aeroporto,Cagliari,4117,4065
03/02/2024,Aeroporto,Alghero,1173,1086
02/02/2024,Porto,Porto Torres,204,305
02/02/2024,Porto,Olbia,994,1023
02/02/2024,Porto,Golfo Aranci,100,99
02/02/2024,Porto,Cagliari,115,125
02/02/2024,Aeroporto,Olbia,1052,1165
02/02/2024,Aeroporto,Cagliari,4581,4920
02/02/2024,Aeroporto,Alghero,1051,1158
01/02/2024,Porto,Porto Torres,497,346
01/02/2024,Porto,Olbia,772,775
01/02/2024,Porto,Cagliari,4,4
01/02/2024,Porto,Arbatax,0,30
01/02/2024,Aeroporto,Olbia,657,780
01/02/2024,Aeroporto,Cagliari,3216,3466
01/02/2024,Aeroporto,Alghero,705,681
31/01/2024,Porto,Porto Torres,196,207
31/01/2024,Porto,Olbia,750,744
31/01/2024,Porto,Golfo Aranci,91,69
31/01/2024,Porto,Cagliari,99,82
31/01/2024,Porto,Arbatax,53,0
31/01/2024,Aeroporto,Olbia,663,673
31/01/2024,Aeroporto,Cagliari,2931,2859
31/01/2024,Aeroporto,Alghero,754,825
30/01/2024,Porto,Porto Torres,219,184
30/01/2024,Porto,Olbia,863,634
30/01/2024,Porto,Cagliari,223,1
30/01/2024,Porto,Arbatax,0,24
30/01/2024,Aeroporto,Olbia,712,652
30/01/2024,Aeroporto,Cagliari,2531,2449
30/01/2024,Aeroporto,Alghero,495,491
29/01/2024,Porto,Porto Torres,381,330
29/01/2024,Porto,Olbia,1026,755
29/01/2024,Porto,Golfo Aranci,76,78
29/01/2024,Porto,Cagliari,145,322
29/01/2024,Aeroporto,Olbia,959,788
29/01/2024,Aeroporto,Cagliari,4932,4558
29/01/2024,Aeroporto,Alghero,1112,954
28/01/2024,Porto,Porto Torres,311,234
28/01/2024,Porto,Olbia,900,967
28/01/2024,Porto,Cagliari,195,2
28/01/2024,Porto,Arbatax,39,0
28/01/2024,Aeroporto,Olbia,1233,1077
28/01/2024,Aeroporto,Cagliari,4423,4266
28/01/2024,Aeroporto,Alghero,1103,964
27/01/2024,Porto,Porto Torres,252,395
27/01/2024,Porto,Olbia,974,979
27/01/2024,Porto,Cagliari,227,171
27/01/2024,Aeroporto,Olbia,680,760
27/01/2024,Aeroporto,Cagliari,4091,4122
27/01/2024,Aeroporto,Alghero,1117,1239
26/01/2024,Porto,Porto Torres,235,298
26/01/2024,Porto,Olbia,854,1086
26/01/2024,Porto,Golfo Aranci,87,108
26/01/2024,Porto,Cagliari,129,113
26/01/2024,Aeroporto,Olbia,1105,1320
26/01/2024,Aeroporto,Cagliari,4643,5124
26/01/2024,Aeroporto,Alghero,1154,1190
25/01/2024,Porto,Porto Torres,441,401
25/01/2024,Porto,Olbia,768,852
25/01/2024,Porto,Cagliari,143,238
25/01/2024,Porto,Arbatax,0,31
25/01/2024,Aeroporto,Olbia,739,821
25/01/2024,Aeroporto,Cagliari,3267,3551
25/01/2024,Aeroporto,Alghero,752,664
24/01/2024,Porto,Porto Torres,209,182
24/01/2024,Porto,Olbia,665,698
24/01/2024,Porto,Golfo Aranci,86,83
24/01/2024,Porto,Cagliari,88,117
24/01/2024,Porto,Arbatax,70,0
24/01/2024,Aeroporto,Olbia,717,665
24/01/2024,Aeroporto,Cagliari,2954,3165
24/01/2024,Aeroporto,Alghero,721,787
23/01/2024,Porto,Porto Torres,262,184
23/01/2024,Porto,Olbia,940,629
23/01/2024,Porto,Cagliari,200,124
23/01/2024,Porto,Arbatax,0,28
23/01/2024,Aeroporto,Olbia,723,636
23/01/2024,Aeroporto,Cagliari,2636,2591
23/01/2024,Aeroporto,Alghero,522,508
22/01/2024,Porto,Porto Torres,340,199
22/01/2024,Porto,Olbia,1000,714
22/01/2024,Porto,Golfo Aranci,100,99
22/01/2024,Porto,Cagliari,202,254
22/01/2024,Aeroporto,Olbia,758,839
22/01/2024,Aeroporto,Cagliari,4633,4477
22/01/2024,Aeroporto,Alghero,1033,943
21/01/2024,Porto,Porto Torres,367,372
21/01/2024,Porto,Olbia,678,881
21/01/2024,Porto,Cagliari,278,52
21/01/2024,Porto,Arbatax,48,0
21/01/2024,Aeroporto,Olbia,1021,1157
21/01/2024,Aeroporto,Cagliari,4477,4225
21/01/2024,Aeroporto,Alghero,1051,1048
20/01/2024,Porto,Porto Torres,268,321
20/01/2024,Porto,Olbia,766,1056
20/01/2024,Porto,Cagliari,124,151
20/01/2024,Aeroporto,Olbia,584,762
20/01/2024,Aeroporto,Cagliari,3856,3975
20/01/2024,Aeroporto,Alghero,1223,1228
19/01/2024,Porto,Porto Torres,172,273
19/01/2024,Porto,Olbia,912,1201
19/01/2024,Porto,Golfo Aranci,74,110
19/01/2024,Porto,Cagliari,89,120
19/01/2024,Aeroporto,Olbia,1049,1179
19/01/2024,Aeroporto,Cagliari,4101,4737
19/01/2024,Aeroporto,Alghero,902,1127
18/01/2024,Porto,Porto Torres,421,405
18/01/2024,Porto,Olbia,952,804
18/01/2024,Porto,Cagliari,107,241
18/01/2024,Aeroporto,Olbia,903,816
18/01/2024,Aeroporto,Cagliari,3027,3247
18/01/2024,Aeroporto,Alghero,682,812
17/01/2024,Porto,Porto Torres,205,209
17/01/2024,Porto,Olbia,785,666
17/01/2024,Porto,Golfo Aranci,72,86
17/01/2024,Porto,Cagliari,92,108
17/01/2024,Porto,Arbatax,49,0
17/01/2024,Aeroporto,Olbia,757,689
17/01/2024,Aeroporto,Cagliari,2560,2900
17/01/2024,Aeroporto,Alghero,790,867
16/01/2024,Porto,Porto Torres,246,168
16/01/2024,Porto,Olbia,930,551
16/01/2024,Porto,Cagliari,236,165
16/01/2024,Porto,Arbatax,0,32
16/01/2024,Aeroporto,Cagliari,2427,2511
16/01/2024,Aeroporto,Alghero,506,534
15/01/2024,Porto,Porto Torres,400,394
15/01/2024,Porto,Olbia,1373,901
15/01/2024,Porto,Cagliari,167,393
15/01/2024,Aeroporto,Olbia,905,760
15/01/2024,Aeroporto,Cagliari,4429,4584
15/01/2024,Aeroporto,Alghero,1027,980
14/01/2024,Porto,Porto Torres,458,253
14/01/2024,Porto,Olbia,1039,837
14/01/2024,Porto,Cagliari,838,2
14/01/2024,Porto,Arbatax,58,0
14/01/2024,Aeroporto,Olbia,1060,1042
14/01/2024,Aeroporto,Cagliari,4536,4089
14/01/2024,Aeroporto,Alghero,943,879
13/01/2024,Porto,Porto Torres,303,399
13/01/2024,Porto,Olbia,934,964
13/01/2024,Porto,Cagliari,195,182
13/01/2024,Aeroporto,Olbia,721,629
13/01/2024,Aeroporto,Cagliari,3836,3799
13/01/2024,Aeroporto,Alghero,1043,1118
12/01/2024,Porto,Porto Torres,170,384
12/01/2024,Porto,Olbia,836,1006
12/01/2024,Porto,Golfo Aranci,107,193
12/01/2024,Porto,Cagliari,133,162
12/01/2024,Aeroporto,Olbia,1057,1019
12/01/2024,Aeroporto,Cagliari,3709,4587
12/01/2024,Aeroporto,Alghero,913,1151
11/01/2024,Porto,Porto Torres,700,551
11/01/2024,Porto,Olbia,1008,739
11/01/2024,Porto,Cagliari,263,143
11/01/2024,Porto,Arbatax,0,30
11/01/2024,Aeroporto,Olbia,708,668
11/01/2024,Aeroporto,Cagliari,2650,3236
11/01/2024,Aeroporto,Alghero,596,690
10/01/2024,Porto,Porto Torres,218,253
10/01/2024,Porto,Olbia,976,838
10/01/2024,Porto,Golfo Aranci,152,203
10/01/2024,Porto,Cagliari,132,105
10/01/2024,Porto,Arbatax,108,0
10/01/2024,Aeroporto,Olbia,667,711
10/01/2024,Aeroporto,Cagliari,2313,3193
10/01/2024,Aeroporto,Alghero,649,913
09/01/2024,Porto,Porto Torres,341,316
09/01/2024,Porto,Olbia,1316,1063
09/01/2024,Porto,Cagliari,652,149
09/01/2024,Porto,Arbatax,0,65
09/01/2024,Aeroporto,Olbia,573,688
09/01/2024,Aeroporto,Cagliari,2321,2921
09/01/2024,Aeroporto,Alghero,486,578
08/01/2024,Porto,Porto Torres,786,733
08/01/2024,Porto,Olbia,2009,1784
08/01/2024,Porto,Cagliari,243,601
08/01/2024,Aeroporto,Olbia,1027,1436
08/01/2024,Aeroporto,Cagliari,4851,6003
08/01/2024,Aeroporto,Alghero,1129,1289
07/01/2024,Porto,Olbia,3519,3431
07/01/2024,Porto,Cagliari,338,1
07/01/2024,Aeroporto,Olbia,1710,1930
07/01/2024,Aeroporto,Cagliari,6282,6687
07/01/2024,Aeroporto,Alghero,1169,1385
06/01/2024,Porto,Porto Torres,583,1452
06/01/2024,Porto,Olbia,1772,4721
06/01/2024,Porto,Cagliari,791,0
06/01/2024,Aeroporto,Olbia,1306,1668
06/01/2024,Aeroporto,Cagliari,5044,5683
06/01/2024,Aeroporto,Alghero,1262,1574
05/01/2024,Porto,Porto Torres,1010,2025
05/01/2024,Porto,Olbia,1592,4491
05/01/2024,Porto,Golfo Aranci,284,1048
05/01/2024,Porto,Cagliari,248,355
05/01/2024,Aeroporto,Olbia,1320,1527
05/01/2024,Aeroporto,Cagliari,5124,5990
05/01/2024,Aeroporto,Alghero,1002,1424
04/01/2024,Porto,Porto Torres,542,878
04/01/2024,Porto,Olbia,2117,4155
04/01/2024,Porto,Cagliari,726,369
04/01/2024,Porto,Arbatax,0,75
04/01/2024,Aeroporto,Olbia,1390,1787
04/01/2024,Aeroporto,Cagliari,4720,5169
04/01/2024,Aeroporto,Alghero,1206,1522
03/01/2024,Porto,Porto Torres,1359,1252
03/01/2024,Porto,Olbia,2191,2798
03/01/2024,Porto,Golfo Aranci,399,554
03/01/2024,Porto,Cagliari,174,246
03/01/2024,Porto,Arbatax,127,0
03/01/2024,Aeroporto,Olbia,1442,1601
03/01/2024,Aeroporto,Cagliari,5173,5368
03/01/2024,Aeroporto,Alghero,836,1119
02/01/2024,Porto,Porto Torres,360,915
02/01/2024,Porto,Olbia,1686,3214
02/01/2024,Porto,Golfo Aranci,431,738
02/01/2024,Porto,Cagliari,383,389
02/01/2024,Porto,Arbatax,0,102
02/01/2024,Aeroporto,Olbia,1505,1828
02/01/2024,Aeroporto,Cagliari,5638,5899
02/01/2024,Aeroporto,Alghero,1076,1288
01/01/2024,Porto,Porto Torres,214,1708
01/01/2024,Porto,Olbia,79,2696
01/01/2024,Porto,Golfo Aranci,0,618
01/01/2024,Porto,Cagliari,136,453
01/01/2024,Aeroporto,Olbia,1123,1501
01/01/2024,Aeroporto,Cagliari,4857,6179
01/01/2024,Aeroporto,Alghero,905,1181
31/12/2023,Porto,Porto Torres,1531,272
31/12/2023,Porto,Olbia,2279,107
31/12/2023,Porto,Golfo Aranci,390,0
31/12/2023,Porto,Cagliari,380,74
31/12/2023,Aeroporto,Olbia,965,1146
31/12/2023,Aeroporto,Cagliari,4398,5406
31/12/2023,Aeroporto,Alghero,535,640
30/12/2023,Porto,Porto Torres,1318,1521
30/12/2023,Porto,Olbia,2339,2263
30/12/2023,Porto,Golfo Aranci,696,195
30/12/2023,Porto,Cagliari,2,458
30/12/2023,Aeroporto,Olbia,1698,1822
30/12/2023,Aeroporto,Cagliari,5184,6392
30/12/2023,Aeroporto,Alghero,1416,1622
29/12/2023,Porto,Porto Torres,1132,1419
29/12/2023,Porto,Olbia,2645,3105
29/12/2023,Porto,Golfo Aranci,712,764
29/12/2023,Porto,Cagliari,294,443
29/12/2023,Aeroporto,Olbia,1546,1563
29/12/2023,Aeroporto,Cagliari,5787,7068
29/12/2023,Aeroporto,Alghero,1376,1458
28/12/2023,Porto,Porto Torres,964,974
28/12/2023,Porto,Olbia,3090,2366
28/12/2023,Porto,Golfo Aranci,734,238
28/12/2023,Porto,Cagliari,591,859
28/12/2023,Porto,Arbatax,0,75
28/12/2023,Aeroporto,Olbia,1741,1782
28/12/2023,Aeroporto,Cagliari,5242,5941
28/12/2023,Aeroporto,Alghero,1484,1603
27/12/2023,Porto,Porto Torres,926,690
27/12/2023,Porto,Olbia,3364,2439
27/12/2023,Porto,Golfo Aranci,884,401
27/12/2023,Porto,Cagliari,176,261
27/12/2023,Porto,Arbatax,118,0
27/12/2023,Aeroporto,Olbia,1563,1652
27/12/2023,Aeroporto,Cagliari,5180,5698
27/12/2023,Aeroporto,Alghero,1035,1148
26/12/2023,Porto,Porto Torres,329,652
26/12/2023,Porto,Olbia,1303,2071
26/12/2023,Porto,Golfo Aranci,339,277
26/12/2023,Porto,Cagliari,73,637
26/12/2023,Porto,Arbatax,0,52
26/12/2023,Aeroporto,Olbia,1341,1415
26/12/2023,Aeroporto,Cagliari,4292,4735
26/12/2023,Aeroporto,Alghero,936,1130
25/12/2023,Porto,Porto Torres,414,443
25/12/2023,Porto,Olbia,111,767
25/12/2023,Porto,Cagliari,100,292
25/12/2023,Aeroporto,Olbia,397,326
25/12/2023,Aeroporto,Cagliari,1048,1000
25/12/2023,Aeroporto,Alghero,290,242
24/12/2023,Porto,Porto Torres,2110,103
24/12/2023,Porto,Olbia,5517,188
24/12/2023,Porto,Cagliari,468,0
24/12/2023,Porto,Arbatax,196,0
24/12/2023,Aeroporto,Olbia,1419,1050
24/12/2023,Aeroporto,Cagliari,4588,3178
24/12/2023,Aeroporto,Alghero,662,368
23/12/2023,Porto,Porto Torres,2785,916
23/12/2023,Porto,Olbia,7068,2055
23/12/2023,Porto,Cagliari,471,957
23/12/2023,Aeroporto,Olbia,2059,1655
23/12/2023,Aeroporto,Cagliari,6641,6123
23/12/2023,Aeroporto,Alghero,1921,1487
22/12/2023,Porto,Olbia,5627,4468
22/12/2023,Porto,Cagliari,366,527
22/12/2023,Aeroporto,Olbia,1899,1556
22/12/2023,Aeroporto,Cagliari,6980,6135
22/12/2023,Aeroporto,Alghero,1880,1210
21/12/2023,Porto,Olbia,2626,2269
21/12/2023,Porto,Cagliari,240,889
21/12/2023,Porto,Arbatax,0,99
21/12/2023,Aeroporto,Olbia,2041,1492
21/12/2023,Aeroporto,Cagliari,6637,4320
21/12/2023,Aeroporto,Alghero,1815,1185
20/12/2023,Porto,Porto Torres,338,332
20/12/2023,Porto,Olbia,1294,1482
20/12/2023,Porto,Golfo Aranci,197,159
20/12/2023,Porto,Cagliari,194,179
20/12/2023,Porto,Arbatax,114,0
20/12/2023,Aeroporto,Olbia,1513,1128
20/12/2023,Aeroporto,Cagliari,5529,3801
20/12/2023,Aeroporto,Alghero,1155,1024
19/12/2023,Porto,Porto Torres,385,309
19/12/2023,Porto,Olbia,1046,1080
19/12/2023,Porto,Cagliari,273,485
19/12/2023,Porto,Arbatax,0,33
19/12/2023,Aeroporto,Olbia,832,828
19/12/2023,Aeroporto,Cagliari,5139,3508
19/12/2023,Aeroporto,Alghero,1036,735
18/12/2023,Porto,Porto Torres,405,318
18/12/2023,Porto,Olbia,1433,982
18/12/2023,Porto,Golfo Aranci,179,131
18/12/2023,Porto,Cagliari,26,511
18/12/2023,Aeroporto,Olbia,1263,1038
18/12/2023,Aeroporto,Cagliari,5645,4328
18/12/2023,Aeroporto,Alghero,1244,932
17/12/2023,Porto,Porto Torres,938,890
17/12/2023,Porto,Olbia,989,993
17/12/2023,Porto,Cagliari,397,0
17/12/2023,Aeroporto,Olbia,1635,1305
17/12/2023,Aeroporto,Cagliari,6148,4496
17/12/2023,Aeroporto,Alghero,1174,844
16/12/2023,Porto,Porto Torres,381,433
16/12/2023,Porto,Olbia,1177,1084
16/12/2023,Porto,Cagliari,299,405
16/12/2023,Aeroporto,Olbia,937,930
16/12/2023,Aeroporto,Cagliari,5161,4531
16/12/2023,Aeroporto,Alghero,1321,1241
15/12/2023,Porto,Porto Torres,261,360
15/12/2023,Porto,Olbia,1017,1466
15/12/2023,Porto,Golfo Aranci,116,177
15/12/2023,Porto,Cagliari,222,183
15/12/2023,Aeroporto,Olbia,1148,1321
15/12/2023,Aeroporto,Cagliari,4996,5196
15/12/2023,Aeroporto,Alghero,1245,1157
14/12/2023,Porto,Porto Torres,221,246
14/12/2023,Porto,Olbia,867,1116
14/12/2023,Porto,Cagliari,215,435
14/12/2023,Porto,Arbatax,0,38
14/12/2023,Aeroporto,Olbia,1435,1477
14/12/2023,Aeroporto,Cagliari,3941,3784
14/12/2023,Aeroporto,Alghero,869,760
13/12/2023,Porto,Porto Torres,269,243
13/12/2023,Porto,Olbia,859,913
13/12/2023,Porto,Golfo Aranci,83,113
13/12/2023,Porto,Cagliari,174,117
13/12/2023,Porto,Arbatax,65,0
13/12/2023,Aeroporto,Olbia,822,893
13/12/2023,Aeroporto,Cagliari,3334,3266
13/12/2023,Aeroporto,Alghero,1013,1036
12/12/2023,Porto,Porto Torres,428,249
12/12/2023,Porto,Olbia,1175,902
12/12/2023,Porto,Cagliari,422,329
12/12/2023,Porto,Arbatax,0,29
12/12/2023,Aeroporto,Olbia,854,920
12/12/2023,Aeroporto,Cagliari,3213,3118
12/12/2023,Aeroporto,Alghero,538,652
11/12/2023,Porto,Porto Torres,701,466
11/12/2023,Porto,Olbia,1978,1231
11/12/2023,Porto,Golfo Aranci,174,178
11/12/2023,Porto,Cagliari,0,224
11/12/2023,Aeroporto,Olbia,1562,1167
11/12/2023,Aeroporto,Cagliari,5674,4783
11/12/2023,Aeroporto,Alghero,1525,1029
10/12/2023,Porto,Porto Torres,789,844
10/12/2023,Porto,Olbia,1199,1659
10/12/2023,Porto,Cagliari,398,0
10/12/2023,Porto,Arbatax,53,0
10/12/2023,Aeroporto,Olbia,1930,1695
10/12/2023,Aeroporto,Cagliari,5711,4690
10/12/2023,Aeroporto,Alghero,1391,1190
09/12/2023,Porto,Porto Torres,206,501
09/12/2023,Porto,Olbia,649,1170
09/12/2023,Porto,Cagliari,228,156
09/12/2023,Aeroporto,Olbia,856,904
09/12/2023,Aeroporto,Cagliari,3777,3640
09/12/2023,Aeroporto,Alghero,1284,1124
08/12/2023,Porto,Porto Torres,381,292
08/12/2023,Porto,Olbia,1436,1522
08/12/2023,Porto,Golfo Aranci,155,91
08/12/2023,Porto,Cagliari,150,129
08/12/2023,Aeroporto,Olbia,935,1264
08/12/2023,Aeroporto,Cagliari,3907,4753
08/12/2023,Aeroporto,Alghero,1071,1303
07/12/2023,Porto,Porto Torres,380,553
07/12/2023,Porto,Olbia,1244,1158
07/12/2023,Porto,Cagliari,161,420
07/12/2023,Porto,Arbatax,0,57
07/12/2023,Aeroporto,Olbia,1701,1986
07/12/2023,Aeroporto,Cagliari,3658,4675
07/12/2023,Aeroporto,Alghero,868,1066
06/12/2023,Porto,Porto Torres,208,416
06/12/2023,Porto,Olbia,876,1380
06/12/2023,Porto,Golfo Aranci,106,160
06/12/2023,Porto,Cagliari,100,163
06/12/2023,Porto,Arbatax,88,0
06/12/2023,Aeroporto,Olbia,858,988
06/12/2023,Aeroporto,Cagliari,3306,3699
06/12/2023,Aeroporto,Alghero,979,1208
05/12/2023,Porto,Porto Torres,309,322
05/12/2023,Porto,Olbia,899,1017
05/12/2023,Porto,Cagliari,204,390
05/12/2023,Porto,Arbatax,0,34
05/12/2023,Aeroporto,Olbia,782,784
05/12/2023,Aeroporto,Cagliari,2846,2971
05/12/2023,Aeroporto,Alghero,862,976
04/12/2023,Porto,Porto Torres,394,444
04/12/2023,Porto,Olbia,1157,945
04/12/2023,Porto,Golfo Aranci,86,107
04/12/2023,Porto,Cagliari,0,225
04/12/2023,Aeroporto,Olbia,1358,1219
04/12/2023,Aeroporto,Cagliari,4724,4584
04/12/2023,Aeroporto,Alghero,777,825
03/12/2023,Porto,Porto Torres,581,586
03/12/2023,Porto,Olbia,805,989
03/12/2023,Porto,Cagliari,341,0
03/12/2023,Porto,Arbatax,27,0
03/12/2023,Aeroporto,Olbia,1392,1255
03/12/2023,Aeroporto,Cagliari,4894,4377
03/12/2023,Aeroporto,Alghero,1075,962
02/12/2023,Porto,Porto Torres,283,349
02/12/2023,Porto,Olbia,847,1137
02/12/2023,Porto,Cagliari,169,289
02/12/2023,Aeroporto,Olbia,780,713
02/12/2023,Aeroporto,Cagliari,3766,3848
02/12/2023,Aeroporto,Alghero,1259,1196
01/12/2023,Porto,Porto Torres,296,444
01/12/2023,Porto,Olbia,916,1092
01/12/2023,Porto,Golfo Aranci,111,124
01/12/2023,Porto,Cagliari,1,195
01/12/2023,Aeroporto,Olbia,1071,1397
01/12/2023,Aeroporto,Cagliari,4314,4987
01/12/2023,Aeroporto,Alghero,900,1206
30/11/2023,Porto,Porto Torres,224,300
30/11/2023,Porto,Olbia,816,1012
30/11/2023,Porto,Cagliari,160,249
30/11/2023,Porto,Arbatax,0,27
30/11/2023,Aeroporto,Olbia,1222,1394
30/11/2023,Aeroporto,Cagliari,3562,3797
30/11/2023,Aeroporto,Alghero,773,776
29/11/2023,Porto,Porto Torres,243,366
29/11/2023,Porto,Olbia,762,950
29/11/2023,Porto,Golfo Aranci,93,114
29/11/2023,Porto,Cagliari,116,122
29/11/2023,Porto,Arbatax,50,0
29/11/2023,Aeroporto,Olbia,744,756
29/11/2023,Aeroporto,Cagliari,3208,3439
29/11/2023,Aeroporto,Alghero,915,903
28/11/2023,Porto,Olbia,1254,1000
28/11/2023,Porto,Cagliari,308,109
28/11/2023,Porto,Arbatax,0,50
28/11/2023,Aeroporto,Olbia,719,699
28/11/2023,Aeroporto,Cagliari,2927,3091
28/11/2023,Aeroporto,Alghero,487,665
27/11/2023,Porto,Porto Torres,448,451
27/11/2023,Porto,Olbia,1391,1034
27/11/2023,Porto,Golfo Aranci,96,103
27/11/2023,Porto,Cagliari,3,392
27/11/2023,Aeroporto,Olbia,1354,1098
27/11/2023,Aeroporto,Cagliari,4976,4802
27/11/2023,Aeroporto,Alghero,1222,1093
26/11/2023,Porto,Porto Torres,513,654
26/11/2023,Porto,Olbia,707,999
26/11/2023,Porto,Cagliari,100,1
26/11/2023,Porto,Arbatax,48,0
26/11/2023,Aeroporto,Olbia,1609,1458
26/11/2023,Aeroporto,Cagliari,4867,5034
26/11/2023,Aeroporto,Alghero,1090,1008
25/11/2023,Porto,Porto Torres,344,463
25/11/2023,Porto,Olbia,994,1643
25/11/2023,Porto,Cagliari,215,8
25/11/2023,Aeroporto,Olbia,637,828
25/11/2023,Aeroporto,Cagliari,4302,4581
25/11/2023,Aeroporto,Alghero,1204,1157
24/11/2023,Porto,Porto Torres,298,369
24/11/2023,Porto,Olbia,908,725
24/11/2023,Porto,Golfo Aranci,88,124
24/11/2023,Porto,Cagliari,111,205
24/11/2023,Aeroporto,Olbia,1240,1453
24/11/2023,Aeroporto,Cagliari,4470,5182
24/11/2023,Aeroporto,Alghero,1065,1264
23/11/2023,Porto,Porto Torres,218,399
23/11/2023,Porto,Olbia,811,1050
23/11/2023,Porto,Cagliari,175,235
23/11/2023,Aeroporto,Olbia,1316,1551
23/11/2023,Aeroporto,Cagliari,3508,4071
23/11/2023,Aeroporto,Alghero,796,888
22/11/2023,Porto,Porto Torres,227,236
22/11/2023,Porto,Olbia,830,925
22/11/2023,Porto,Golfo Aranci,88,109
22/11/2023,Porto,Cagliari,112,139
22/11/2023,Porto,Arbatax,73,0
22/11/2023,Aeroporto,Olbia,666,697
22/11/2023,Aeroporto,Cagliari,3195,3451
22/11/2023,Aeroporto,Alghero,855,919
21/11/2023,Porto,Porto Torres,344,293
21/11/2023,Porto,Olbia,1107,835
21/11/2023,Porto,Cagliari,739,204
21/11/2023,Porto,Arbatax,0,36
21/11/2023,Aeroporto,Olbia,760,719
21/11/2023,Aeroporto,Cagliari,3020,2964
21/11/2023,Aeroporto,Alghero,628,589
20/11/2023,Porto,Porto Torres,363,302
20/11/2023,Porto,Olbia,1281,1062
20/11/2023,Porto,Golfo Aranci,141,140
20/11/2023,Porto,Cagliari,0,512
20/11/2023,Aeroporto,Olbia,1272,1175
20/11/2023,Aeroporto,Cagliari,4994,4816
20/11/2023,Aeroporto,Alghero,1183,1245
19/11/2023,Porto,Porto Torres,769,895
19/11/2023,Porto,Olbia,884,1037
19/11/2023,Porto,Cagliari,317,2
19/11/2023,Porto,Arbatax,59,0
19/11/2023,Aeroporto,Olbia,1660,1669
19/11/2023,Aeroporto,Cagliari,4882,4740
19/11/2023,Aeroporto,Alghero,1068,806
18/11/2023,Porto,Porto Torres,308,499
18/11/2023,Porto,Olbia,1065,1115
18/11/2023,Porto,Cagliari,158,368
18/11/2023,Aeroporto,Olbia,728,731
18/11/2023,Aeroporto,Cagliari,4189,4193
18/11/2023,Aeroporto,Alghero,1159,1146
17/11/2023,Porto,Porto Torres,312,335
17/11/2023,Porto,Olbia,936,1362
17/11/2023,Porto,Cagliari,100,181
17/11/2023,Aeroporto,Olbia,1172,1375
17/11/2023,Aeroporto,Cagliari,4343,5304
17/11/2023,Aeroporto,Alghero,1150,1301
16/11/2023,Porto,Porto Torres,316,340
16/11/2023,Porto,Olbia,911,1150
16/11/2023,Porto,Cagliari,195,457
16/11/2023,Porto,Arbatax,0,21
16/11/2023,Aeroporto,Olbia,1392,1551
16/11/2023,Aeroporto,Cagliari,3556,4030
16/11/2023,Aeroporto,Alghero,753,956
15/11/2023,Porto,Porto Torres,308,315
15/11/2023,Porto,Olbia,846,1020
15/11/2023,Porto,Golfo Aranci,0,138
15/11/2023,Porto,Cagliari,165,113
15/11/2023,Porto,Arbatax,71,0
15/11/2023,Aeroporto,Olbia,667,802
15/11/2023,Aeroporto,Cagliari,3122,3385
15/11/2023,Aeroporto,Alghero,841,918
14/11/2023,Porto,Porto Torres,338,261
14/11/2023,Porto,Olbia,1146,897
14/11/2023,Porto,Cagliari,636,147
14/11/2023,Porto,Arbatax,0,48
14/11/2023,Aeroporto,Olbia,723,717
14/11/2023,Aeroporto,Cagliari,3055,2985
14/11/2023,Aeroporto,Alghero,544,531
13/11/2023,Porto,Porto Torres,513,527
13/11/2023,Porto,Olbia,1557,1133
13/11/2023,Porto,Golfo Aranci,0,190
13/11/2023,Porto,Cagliari,6,298
13/11/2023,Aeroporto,Olbia,1248,1110
13/11/2023,Aeroporto,Cagliari,5024,4873
13/11/2023,Aeroporto,Alghero,1388,1267
12/11/2023,Porto,Porto Torres,739,838
12/11/2023,Porto,Olbia,820,1121
12/11/2023,Porto,Cagliari,417,2
12/11/2023,Porto,Arbatax,62,0
12/11/2023,Aeroporto,Olbia,1435,1443
12/11/2023,Aeroporto,Cagliari,4932,4775
12/11/2023,Aeroporto,Alghero,842,779
11/11/2023,Porto,Porto Torres,506,542
11/11/2023,Porto,Olbia,1061,1828
11/11/2023,Porto,Cagliari,202,361
11/11/2023,Aeroporto,Olbia,735,930
11/11/2023,Aeroporto,Cagliari,4091,4355
11/11/2023,Aeroporto,Alghero,1242,1305
10/11/2023,Porto,Porto Torres,325,534
10/11/2023,Porto,Olbia,1090,949
10/11/2023,Porto,Golfo Aranci,120,76
10/11/2023,Porto,Cagliari,161,188
10/11/2023,Aeroporto,Olbia,1152,1322
10/11/2023,Aeroporto,Cagliari,4605,5318
10/11/2023,Aeroporto,Alghero,1179,1326
09/11/2023,Porto,Porto Torres,408,428
09/11/2023,Porto,Olbia,1094,1498
09/11/2023,Porto,Cagliari,290,211
09/11/2023,Porto,Arbatax,0,49
09/11/2023,Aeroporto,Olbia,1372,1519
09/11/2023,Aeroporto,Cagliari,4085,4045
09/11/2023,Aeroporto,Alghero,794,812
08/11/2023,Porto,Porto Torres,177,405
08/11/2023,Porto,Olbia,918,1139
08/11/2023,Porto,Golfo Aranci,216,179
08/11/2023,Porto,Cagliari,166,150
08/11/2023,Porto,Arbatax,90,0
08/11/2023,Aeroporto,Olbia,799,861
08/11/2023,Aeroporto,Cagliari,3299,3479
08/11/2023,Aeroporto,Alghero,963,1010
07/11/2023,Porto,Porto Torres,280,476
07/11/2023,Porto,Olbia,1667,1138
07/11/2023,Porto,Cagliari,842,675
07/11/2023,Porto,Arbatax,0,25
07/11/2023,Aeroporto,Olbia,823,937
07/11/2023,Aeroporto,Cagliari,2911,3355
07/11/2023,Aeroporto,Alghero,513,654
06/11/2023,Porto,Porto Torres,246,583
06/11/2023,Porto,Olbia,2182,2143
06/11/2023,Porto,Golfo Aranci,50,269
06/11/2023,Porto,Cagliari,0,574
06/11/2023,Aeroporto,Olbia,1269,1450
06/11/2023,Aeroporto,Cagliari,5026,5845
06/11/2023,Aeroporto,Alghero,1553,1259
05/11/2023,Porto,Porto Torres,213,429
05/11/2023,Porto,Olbia,2537,2912
05/11/2023,Porto,Cagliari,687,0
05/11/2023,Porto,Arbatax,109,0
05/11/2023,Aeroporto,Olbia,1292,1688
05/11/2023,Aeroporto,Cagliari,5597,6442
05/11/2023,Aeroporto,Alghero,904,1166
04/11/2023,Porto,Golfo Aranci,0,897
04/11/2023,Porto,Cagliari,341,294
04/11/2023,Aeroporto,Olbia,1041,1991
04/11/2023,Aeroporto,Cagliari,4447,5051
04/11/2023,Aeroporto,Alghero,1434,1628
03/11/2023,Porto,Golfo Aranci,100,254
03/11/2023,Porto,Cagliari,87,244
03/11/2023,Aeroporto,Olbia,1223,2056
03/11/2023,Aeroporto,Cagliari,4910,5496
03/11/2023,Aeroporto,Alghero,804,1059
02/11/2023,Porto,Olbia,1642,394
02/11/2023,Porto,Golfo Aranci,121,429
02/11/2023,Porto,Cagliari,245,219
02/11/2023,Porto,Arbatax,0,43
02/11/2023,Aeroporto,Olbia,1094,1522
02/11/2023,Aeroporto,Cagliari,4563,5196
02/11/2023,Aeroporto,Alghero,1055,1195
01/11/2023,Porto,Porto Torres,711,1443
01/11/2023,Porto,Olbia,1672,3291
01/11/2023,Porto,Golfo Aranci,0,382
01/11/2023,Porto,Cagliari,174,113
01/11/2023,Porto,Arbatax,95,0
01/11/2023,Aeroporto,Olbia,1214,1523
01/11/2023,Aeroporto,Cagliari,4265,4821
01/11/2023,Aeroporto,Alghero,1086,1353
31/10/2023,Porto,Porto Torres,446,761
31/10/2023,Porto,Olbia,1066,1495
31/10/2023,Porto,Golfo Aranci,0,444
31/10/2023,Porto,Cagliari,781,385
31/10/2023,Porto,Arbatax,0,66
31/10/2023,Aeroporto,Olbia,922,1481
31/10/2023,Aeroporto,Cagliari,4563,5218
31/10/2023,Aeroporto,Alghero,1354,1283
30/10/2023,Porto,Porto Torres,600,603
30/10/2023,Porto,Olbia,1536,1938
30/10/2023,Porto,Golfo Aranci,0,104
30/10/2023,Porto,Cagliari,3,386
30/10/2023,Aeroporto,Olbia,1353,1615
30/10/2023,Aeroporto,Cagliari,5489,5581
30/10/2023,Aeroporto,Alghero,930,1057
29/10/2023,Porto,Porto Torres,1927,2111
29/10/2023,Porto,Olbia,2261,1986
29/10/2023,Porto,Golfo Aranci,0,302
29/10/2023,Porto,Cagliari,444,2
29/10/2023,Porto,Arbatax,77,0
29/10/2023,Aeroporto,Olbia,1477,2221
29/10/2023,Aeroporto,Cagliari,5684,6321
29/10/2023,Aeroporto,Alghero,951,937
28/10/2023,Porto,Porto Torres,1325,1761
28/10/2023,Porto,Olbia,2830,2907
28/10/2023,Porto,Golfo Aranci,0,760
28/10/2023,Porto,Cagliari,198,435
28/10/2023,Aeroporto,Olbia,3174,5496
28/10/2023,Aeroporto,Cagliari,7531,8503
28/10/2023,Aeroporto,Alghero,2273,2329
27/10/2023,Porto,Porto Torres,471,1187
27/10/2023,Porto,Golfo Aranci,303,749
27/10/2023,Porto,Cagliari,181,283
27/10/2023,Aeroporto,Olbia,2879,3816
27/10/2023,Aeroporto,Cagliari,7623,8304
27/10/2023,Aeroporto,Alghero,2207,2447
26/10/2023,Porto,Porto Torres,1103,1137
26/10/2023,Porto,Olbia,1551,2217
26/10/2023,Porto,Golfo Aranci,129,412
26/10/2023,Porto,Cagliari,242,392
26/10/2023,Porto,Arbatax,0,60
26/10/2023,Aeroporto,Olbia,1788,2663
26/10/2023,Aeroporto,Cagliari,6918,7699
26/10/2023,Aeroporto,Alghero,1991,2004
25/10/2023,Porto,Porto Torres,295,516
25/10/2023,Porto,Olbia,1021,1646
25/10/2023,Porto,Golfo Aranci,145,278
25/10/2023,Porto,Cagliari,292,160
25/10/2023,Porto,Arbatax,81,0
25/10/2023,Aeroporto,Olbia,1350,2337
25/10/2023,Aeroporto,Cagliari,5078,6306
25/10/2023,Aeroporto,Alghero,1235,1552
24/10/2023,Porto,Porto Torres,389,494
24/10/2023,Porto,Olbia,1278,1535
24/10/2023,Porto,Golfo Aranci,222,224
24/10/2023,Porto,Cagliari,725,660
24/10/2023,Porto,Arbatax,0,46
24/10/2023,Aeroporto,Olbia,1565,2122
24/10/2023,Aeroporto,Cagliari,6039,6888
24/10/2023,Aeroporto,Alghero,1876,2526
23/10/2023,Porto,Porto Torres,1451,957
23/10/2023,Porto,Olbia,1910,1942
23/10/2023,Porto,Golfo Aranci,368,239
23/10/2023,Porto,Cagliari,7,332
23/10/2023,Aeroporto,Olbia,2677,3294
23/10/2023,Aeroporto,Cagliari,7188,7505
23/10/2023,Aeroporto,Alghero,1971,2477
22/10/2023,Porto,Porto Torres,1302,1254
22/10/2023,Porto,Olbia,2291,2981
22/10/2023,Porto,Golfo Aranci,397,465
22/10/2023,Porto,Cagliari,453,0
22/10/2023,Porto,Arbatax,79,0
22/10/2023,Aeroporto,Olbia,3104,4609
22/10/2023,Aeroporto,Cagliari,7689,8033
22/10/2023,Aeroporto,Alghero,2033,2406
21/10/2023,Porto,Porto Torres,1496,1372
21/10/2023,Porto,Olbia,1630,2231
21/10/2023,Porto,Golfo Aranci,196,693
21/10/2023,Porto,Cagliari,241,412
21/10/2023,Aeroporto,Olbia,4677,5170
21/10/2023,Aeroporto,Cagliari,7677,7777
21/10/2023,Aeroporto,Alghero,2150,2253
20/10/2023,Porto,Porto Torres,644,1485
20/10/2023,Porto,Olbia,1906,4081
20/10/2023,Porto,Golfo Aranci,194,614
20/10/2023,Porto,Cagliari,156,224
20/10/2023,Aeroporto,Olbia,3051,3523
20/10/2023,Aeroporto,Cagliari,6843,7290
20/10/2023,Aeroporto,Alghero,2427,2605
19/10/2023,Porto,Porto Torres,390,966
19/10/2023,Porto,Olbia,1674,2282
19/10/2023,Porto,Golfo Aranci,266,409
19/10/2023,Porto,Cagliari,322,298
19/10/2023,Porto,Arbatax,0,27
19/10/2023,Aeroporto,Olbia,2461,2861
19/10/2023,Aeroporto,Cagliari,6865,7758
19/10/2023,Aeroporto,Alghero,2010,1947
18/10/2023,Porto,Porto Torres,274,502
18/10/2023,Porto,Olbia,1703,2728
18/10/2023,Porto,Golfo Aranci,183,319
18/10/2023,Porto,Cagliari,149,183
18/10/2023,Porto,Arbatax,113,0
18/10/2023,Aeroporto,Olbia,2119,2630
18/10/2023,Aeroporto,Cagliari,5400,5930
18/10/2023,Aeroporto,Alghero,1358,1458
17/10/2023,Porto,Porto Torres,872,1014
17/10/2023,Porto,Olbia,1723,1914
17/10/2023,Porto,Golfo Aranci,365,274
17/10/2023,Porto,Cagliari,805,742
17/10/2023,Porto,Arbatax,0,68
17/10/2023,Aeroporto,Olbia,1891,2460
17/10/2023,Aeroporto,Cagliari,5956,7023
17/10/2023,Aeroporto,Alghero,1900,2393
16/10/2023,Porto,Porto Torres,645,588
16/10/2023,Porto,Olbia,3125,3453
16/10/2023,Porto,Golfo Aranci,515,422
16/10/2023,Porto,Cagliari,1,372
16/10/2023,Aeroporto,Olbia,2974,3880
16/10/2023,Aeroporto,Cagliari,7256,8588
16/10/2023,Aeroporto,Alghero,2459,3118
15/10/2023,Porto,Porto Torres,1875,2709
15/10/2023,Porto,Olbia,2071,2630
15/10/2023,Porto,Golfo Aranci,526,620
15/10/2023,Porto,Cagliari,522,0
15/10/2023,Porto,Arbatax,68,0
15/10/2023,Aeroporto,Olbia,3870,5515
15/10/2023,Aeroporto,Cagliari,8082,8964
15/10/2023,Aeroporto,Alghero,2227,2664
14/10/2023,Porto,Porto Torres,789,2012
14/10/2023,Porto,Olbia,2699,5862
14/10/2023,Porto,Golfo Aranci,253,888
14/10/2023,Porto,Cagliari,211,502
14/10/2023,Aeroporto,Olbia,5131,5682
14/10/2023,Aeroporto,Cagliari,7767,8376
14/10/2023,Aeroporto,Alghero,2291,2336
13/10/2023,Porto,Porto Torres,589,2398
13/10/2023,Porto,Olbia,1815,4308
13/10/2023,Porto,Golfo Aranci,236,1032
13/10/2023,Porto,Cagliari,188,283
13/10/2023,Aeroporto,Olbia,4520,4956
13/10/2023,Aeroporto,Cagliari,8270,8462
13/10/2023,Aeroporto,Alghero,2709,2497
12/10/2023,Porto,Porto Torres,268,1039
12/10/2023,Porto,Olbia,2225,5085
12/10/2023,Porto,Golfo Aranci,151,754
12/10/2023,Porto,Cagliari,174,387
12/10/2023,Porto,Arbatax,0,94
12/10/2023,Aeroporto,Olbia,2848,3076
12/10/2023,Aeroporto,Cagliari,7442,8359
12/10/2023,Aeroporto,Alghero,2363,2139
11/10/2023,Porto,Porto Torres,820,1833
11/10/2023,Porto,Olbia,1437,2648
11/10/2023,Porto,Golfo Aranci,189,491
11/10/2023,Porto,Cagliari,148,196
11/10/2023,Porto,Arbatax,100,0
11/10/2023,Aeroporto,Olbia,2341,3329
11/10/2023,Aeroporto,Cagliari,5364,6310
11/10/2023,Aeroporto,Alghero,1404,1749
10/10/2023,Porto,Porto Torres,1021,694
10/10/2023,Porto,Olbia,2494,3809
10/10/2023,Porto,Golfo Aranci,246,433
10/10/2023,Porto,Cagliari,900,768
10/10/2023,Porto,Arbatax,0,52
10/10/2023,Aeroporto,Olbia,2263,2970
10/10/2023,Aeroporto,Cagliari,6005,7248
10/10/2023,Aeroporto,Alghero,2069,2396
09/10/2023,Porto,Porto Torres,1742,1585
09/10/2023,Porto,Olbia,3305,3369
09/10/2023,Porto,Golfo Aranci,344,487
09/10/2023,Porto,Cagliari,0,217
09/10/2023,Aeroporto,Olbia,3470,4325
09/10/2023,Aeroporto,Cagliari,7186,8661
09/10/2023,Aeroporto,Alghero,2337,3062
08/10/2023,Porto,Porto Torres,1666,1930
08/10/2023,Porto,Olbia,4552,4781
08/10/2023,Porto,Golfo Aranci,552,657
08/10/2023,Porto,Cagliari,729,241
08/10/2023,Porto,Arbatax,40,0
08/10/2023,Aeroporto,Olbia,4596,6382
08/10/2023,Aeroporto,Cagliari,8729,9636
08/10/2023,Aeroporto,Alghero,2286,2879
07/10/2023,Porto,Porto Torres,1208,2251
07/10/2023,Porto,Olbia,3069,4391
07/10/2023,Porto,Golfo Aranci,673,1477
07/10/2023,Porto,Cagliari,313,586
07/10/2023,Aeroporto,Olbia,5790,7196
07/10/2023,Aeroporto,Cagliari,9020,10308
07/10/2023,Aeroporto,Alghero,2389,2501
06/10/2023,Porto,Porto Torres,346,955
06/10/2023,Porto,Olbia,3119,6599
06/10/2023,Porto,Golfo Aranci,297,831
06/10/2023,Porto,Cagliari,234,452
06/10/2023,Aeroporto,Olbia,5363,6088
06/10/2023,Aeroporto,Cagliari,8420,8870
06/10/2023,Aeroporto,Alghero,2799,2736
05/10/2023,Porto,Porto Torres,501,1380
05/10/2023,Porto,Olbia,2318,4075
05/10/2023,Porto,Golfo Aranci,235,601
05/10/2023,Porto,Cagliari,223,447
05/10/2023,Porto,Arbatax,0,66
05/10/2023,Aeroporto,Olbia,3590,4193
05/10/2023,Aeroporto,Cagliari,7657,9096
05/10/2023,Aeroporto,Alghero,2307,2316
04/10/2023,Porto,Porto Torres,921,1174
04/10/2023,Porto,Olbia,2748,4203
04/10/2023,Porto,Golfo Aranci,292,441
04/10/2023,Porto,Cagliari,167,216
04/10/2023,Porto,Arbatax,86,0
04/10/2023,Aeroporto,Olbia,3843,4264
04/10/2023,Aeroporto,Cagliari,6928,6832
04/10/2023,Aeroporto,Alghero,1582,1761
03/10/2023,Porto,Porto Torres,1027,1117
03/10/2023,Porto,Olbia,3130,3604
03/10/2023,Porto,Golfo Aranci,468,410
03/10/2023,Porto,Cagliari,824,827
03/10/2023,Porto,Arbatax,0,90
03/10/2023,Aeroporto,Olbia,3675,5389
03/10/2023,Aeroporto,Cagliari,6728,7698
03/10/2023,Aeroporto,Alghero,2076,2575
02/10/2023,Porto,Porto Torres,1360,1342
02/10/2023,Porto,Olbia,5899,5682
02/10/2023,Porto,Golfo Aranci,967,793
02/10/2023,Porto,Cagliari,2,559
02/10/2023,Aeroporto,Olbia,4008,5390
02/10/2023,Aeroporto,Cagliari,7326,8662
02/10/2023,Aeroporto,Alghero,2715,3348
01/10/2023,Porto,Porto Torres,2186,1661
01/10/2023,Porto,Olbia,4418,4326
01/10/2023,Porto,Golfo Aranci,1010,733
01/10/2023,Porto,Cagliari,1,0
01/10/2023,Porto,Arbatax,80,0
01/10/2023,Aeroporto,Olbia,5689,7596
01/10/2023,Aeroporto,Cagliari,9147,9908
01/10/2023,Aeroporto,Alghero,2349,3026
30/09/2023,Porto,Porto Torres,1588,2095
30/09/2023,Porto,Olbia,5466,8556
30/09/2023,Porto,Golfo Aranci,977,1485
30/09/2023,Porto,Cagliari,317,689
30/09/2023,Aeroporto,Olbia,7689,9052
30/09/2023,Aeroporto,Cagliari,9093,10158
30/09/2023,Aeroporto,Alghero,2411,2689
29/09/2023,Porto,Porto Torres,1986,4159
29/09/2023,Porto,Olbia,3141,6437
29/09/2023,Porto,Golfo Aranci,508,941
29/09/2023,Porto,Cagliari,268,288
29/09/2023,Aeroporto,Olbia,6738,7680
29/09/2023,Aeroporto,Cagliari,7447,7885
29/09/2023,Aeroporto,Alghero,2979,3789
28/09/2023,Porto,Porto Torres,584,1472
28/09/2023,Porto,Cagliari,262,513
28/09/2023,Aeroporto,Olbia,4897,5208
28/09/2023,Aeroporto,Cagliari,8401,9320
28/09/2023,Aeroporto,Alghero,2768,2631
27/09/2023,Porto,Porto Torres,626,1677
27/09/2023,Porto,Olbia,1261,2360
27/09/2023,Porto,Cagliari,162,192
27/09/2023,Aeroporto,Olbia,4404,5589
27/09/2023,Aeroporto,Cagliari,6906,8241
27/09/2023,Aeroporto,Alghero,1696,2095
26/09/2023,Porto,Porto Torres,1498,1687
26/09/2023,Porto,Olbia,3628,5169
26/09/2023,Porto,Golfo Aranci,404,449
26/09/2023,Porto,Cagliari,956,873
26/09/2023,Porto,Arbatax,0,76
26/09/2023,Aeroporto,Olbia,4485,6551
26/09/2023,Aeroporto,Cagliari,7385,8931
26/09/2023,Aeroporto,Alghero,2353,3119
25/09/2023,Porto,Porto Torres,1904,2034
25/09/2023,Porto,Olbia,4213,5464
25/09/2023,Porto,Golfo Aranci,615,811
25/09/2023,Porto,Cagliari,3,612
25/09/2023,Aeroporto,Olbia,4620,6042
25/09/2023,Aeroporto,Cagliari,7624,9069
25/09/2023,Aeroporto,Alghero,3254,3986
24/09/2023,Porto,Porto Torres,2022,1829
24/09/2023,Porto,Olbia,4788,8429
24/09/2023,Porto,Golfo Aranci,744,793
24/09/2023,Porto,Cagliari,565,0
24/09/2023,Porto,Arbatax,65,0
24/09/2023,Aeroporto,Olbia,6625,8890
24/09/2023,Aeroporto,Cagliari,9436,11068
24/09/2023,Aeroporto,Alghero,3477,3925
23/09/2023,Porto,Porto Torres,2223,2808
23/09/2023,Porto,Olbia,6404,10048
23/09/2023,Porto,Golfo Aranci,660,698
23/09/2023,Porto,Cagliari,298,610
23/09/2023,Aeroporto,Olbia,8723,10884
23/09/2023,Aeroporto,Cagliari,9089,10064
23/09/2023,Aeroporto,Alghero,2628,2731
22/09/2023,Porto,Porto Torres,1848,3432
22/09/2023,Porto,Olbia,4012,7251
22/09/2023,Porto,Golfo Aranci,352,902
22/09/2023,Porto,Cagliari,299,333
22/09/2023,Aeroporto,Olbia,7930,7250
22/09/2023,Aeroporto,Cagliari,8966,9123
22/09/2023,Aeroporto,Alghero,3306,3357
21/09/2023,Porto,Porto Torres,707,2456
21/09/2023,Porto,Olbia,4249,6664
21/09/2023,Porto,Golfo Aranci,394,757
21/09/2023,Porto,Cagliari,268,659
21/09/2023,Porto,Arbatax,0,122
21/09/2023,Aeroporto,Olbia,5305,5374
21/09/2023,Aeroporto,Cagliari,9022,9515
21/09/2023,Aeroporto,Alghero,2861,2973
20/09/2023,Porto,Porto Torres,1167,1429
20/09/2023,Porto,Olbia,3900,5688
20/09/2023,Porto,Golfo Aranci,486,724
20/09/2023,Porto,Cagliari,187,225
20/09/2023,Porto,Arbatax,79,0
20/09/2023,Aeroporto,Olbia,5279,6182
20/09/2023,Aeroporto,Cagliari,6835,7643
20/09/2023,Aeroporto,Alghero,1893,2224
19/09/2023,Porto,Porto Torres,1743,1975
19/09/2023,Porto,Olbia,5253,5997
19/09/2023,Porto,Golfo Aranci,695,648
19/09/2023,Porto,Cagliari,866,956
19/09/2023,Porto,Arbatax,0,90
19/09/2023,Aeroporto,Olbia,5312,6809
19/09/2023,Aeroporto,Cagliari,7660,8607
19/09/2023,Aeroporto,Alghero,2586,3247
18/09/2023,Porto,Porto Torres,2540,2949
18/09/2023,Porto,Olbia,5703,6841
18/09/2023,Porto,Golfo Aranci,835,1564
18/09/2023,Porto,Cagliari,1,698
18/09/2023,Aeroporto,Olbia,5415,7019
18/09/2023,Aeroporto,Cagliari,8549,8685
18/09/2023,Aeroporto,Alghero,3366,3854
17/09/2023,Porto,Porto Torres,1557,1014
17/09/2023,Porto,Olbia,6851,10739
17/09/2023,Porto,Golfo Aranci,1022,538
17/09/2023,Porto,Cagliari,749,0
17/09/2023,Porto,Arbatax,96,0
17/09/2023,Aeroporto,Olbia,7622,9787
17/09/2023,Aeroporto,Cagliari,10116,10699
17/09/2023,Aeroporto,Alghero,3412,4259
16/09/2023,Porto,Porto Torres,2007,3042
16/09/2023,Porto,Olbia,8278,12014
16/09/2023,Porto,Golfo Aranci,1004,1911
16/09/2023,Porto,Cagliari,367,742
16/09/2023,Aeroporto,Olbia,10059,11304
16/09/2023,Aeroporto,Cagliari,9540,10212
16/09/2023,Aeroporto,Alghero,2638,2663
15/09/2023,Porto,Porto Torres,1657,3933
15/09/2023,Porto,Olbia,5634,9766
15/09/2023,Porto,Golfo Aranci,674,1048
15/09/2023,Porto,Cagliari,271,411
15/09/2023,Aeroporto,Olbia,8635,8716
15/09/2023,Aeroporto,Cagliari,8929,9198
15/09/2023,Aeroporto,Alghero,3528,3449
14/09/2023,Porto,Porto Torres,1056,2664
14/09/2023,Porto,Olbia,4946,7738
14/09/2023,Porto,Golfo Aranci,492,821
14/09/2023,Porto,Cagliari,336,615
14/09/2023,Porto,Arbatax,0,117
14/09/2023,Aeroporto,Olbia,6164,6491
14/09/2023,Aeroporto,Cagliari,8522,9234
14/09/2023,Aeroporto,Alghero,2828,2937
13/09/2023,Porto,Porto Torres,1762,2009
13/09/2023,Porto,Olbia,4133,7039
13/09/2023,Porto,Golfo Aranci,0,900
13/09/2023,Porto,Cagliari,294,305
13/09/2023,Porto,Arbatax,96,0
13/09/2023,Aeroporto,Olbia,6253,6847
13/09/2023,Aeroporto,Cagliari,7226,7757
13/09/2023,Aeroporto,Alghero,1766,2291
12/09/2023,Porto,Porto Torres,2607,3554
12/09/2023,Porto,Olbia,6448,9068
12/09/2023,Porto,Golfo Aranci,624,877
12/09/2023,Porto,Cagliari,994,1008
12/09/2023,Porto,Arbatax,0,132
12/09/2023,Aeroporto,Olbia,6507,7670
12/09/2023,Aeroporto,Cagliari,7579,8868
12/09/2023,Aeroporto,Alghero,2668,3238
11/09/2023,Porto,Porto Torres,2337,2124
11/09/2023,Porto,Olbia,7888,11109
11/09/2023,Porto,Golfo Aranci,1154,1964
11/09/2023,Porto,Cagliari,0,1136
11/09/2023,Aeroporto,Olbia,6537,7390
11/09/2023,Aeroporto,Cagliari,7835,8801
11/09/2023,Aeroporto,Alghero,3511,3811
10/09/2023,Porto,Porto Torres,2671,4490
10/09/2023,Porto,Olbia,7919,15724
10/09/2023,Porto,Golfo Aranci,1277,2637
10/09/2023,Porto,Cagliari,983,2
10/09/2023,Porto,Arbatax,131,0
10/09/2023,Aeroporto,Olbia,9064,10002
10/09/2023,Aeroporto,Cagliari,10759,11408
10/09/2023,Aeroporto,Alghero,3359,4028
09/09/2023,Porto,Porto Torres,3785,4820
09/09/2023,Porto,Olbia,9986,18328
09/09/2023,Porto,Golfo Aranci,1457,4223
09/09/2023,Porto,Cagliari,487,980
09/09/2023,Aeroporto,Olbia,11683,12074
09/09/2023,Aeroporto,Cagliari,10058,10499
09/09/2023,Aeroporto,Alghero,2825,3087
08/09/2023,Porto,Porto Torres,1937,4332
08/09/2023,Porto,Olbia,6628,14557
08/09/2023,Porto,Golfo Aranci,832,1191
08/09/2023,Porto,Cagliari,287,628
08/09/2023,Aeroporto,Olbia,8725,8873
08/09/2023,Aeroporto,Cagliari,8751,9236
08/09/2023,Aeroporto,Alghero,3597,3698
07/09/2023,Porto,Porto Torres,1238,2591
07/09/2023,Porto,Olbia,5866,12771
07/09/2023,Porto,Golfo Aranci,703,2215
07/09/2023,Porto,Cagliari,349,822
07/09/2023,Porto,Arbatax,0,236
07/09/2023,Aeroporto,Olbia,6692,7061
07/09/2023,Aeroporto,Cagliari,8827,9519
07/09/2023,Aeroporto,Alghero,2675,2977
06/09/2023,Porto,Porto Torres,1868,2056
06/09/2023,Porto,Olbia,5965,12025
06/09/2023,Porto,Golfo Aranci,854,1940
06/09/2023,Porto,Cagliari,344,322
06/09/2023,Porto,Arbatax,133,0
06/09/2023,Aeroporto,Olbia,6588,7021
06/09/2023,Aeroporto,Cagliari,6852,7849
06/09/2023,Aeroporto,Alghero,1891,2505
05/09/2023,Porto,Porto Torres,3600,4278
05/09/2023,Porto,Olbia,8786,12210
05/09/2023,Porto,Golfo Aranci,1331,2030
05/09/2023,Porto,Cagliari,1062,1330
05/09/2023,Porto,Arbatax,0,306
05/09/2023,Aeroporto,Olbia,6933,7967
05/09/2023,Aeroporto,Cagliari,7672,8951
05/09/2023,Aeroporto,Alghero,2797,3457
04/09/2023,Porto,Porto Torres,2604,2632
04/09/2023,Porto,Olbia,9955,12830
04/09/2023,Porto,Golfo Aranci,1546,2373
04/09/2023,Porto,Cagliari,4,1543
04/09/2023,Aeroporto,Olbia,6515,7553
04/09/2023,Aeroporto,Cagliari,7978,8919
04/09/2023,Aeroporto,Alghero,3549,3952
03/09/2023,Porto,Porto Torres,3336,5117
03/09/2023,Porto,Olbia,12247,17227
03/09/2023,Porto,Golfo Aranci,1685,2633
03/09/2023,Porto,Cagliari,1297,0
03/09/2023,Porto,Arbatax,198,0
03/09/2023,Aeroporto,Olbia,10809,13427
03/09/2023,Aeroporto,Cagliari,11130,12003
03/09/2023,Aeroporto,Alghero,3717,4085
02/09/2023,Porto,Porto Torres,5031,7095
02/09/2023,Porto,Olbia,15707,19478
02/09/2023,Porto,Golfo Aranci,2301,4870
02/09/2023,Porto,Cagliari,527,1123
02/09/2023,Aeroporto,Olbia,12580,14156
02/09/2023,Aeroporto,Cagliari,10647,12081
02/09/2023,Aeroporto,Alghero,3076,3577
01/09/2023,Porto,Porto Torres,3223,6072
01/09/2023,Porto,Olbia,12354,16232
01/09/2023,Porto,Golfo Aranci,1526,1211
01/09/2023,Porto,Cagliari,497,11
01/09/2023,Aeroporto,Olbia,10482,12593
01/09/2023,Aeroporto,Cagliari,8680,9988
01/09/2023,Aeroporto,Alghero,3462,3931
31/08/2023,Porto,Porto Torres,1469,3357
31/08/2023,Porto,Olbia,8021,16574
31/08/2023,Porto,Golfo Aranci,1086,2757
31/08/2023,Porto,Cagliari,435,1430
31/08/2023,Porto,Arbatax,0,479
31/08/2023,Aeroporto,Olbia,7397,10695
31/08/2023,Aeroporto,Cagliari,8363,10535
31/08/2023,Aeroporto,Alghero,2986,3543
30/08/2023,Porto,Porto Torres,2353,5247
30/08/2023,Porto,Olbia,7691,20337
30/08/2023,Porto,Golfo Aranci,179,1495
30/08/2023,Porto,Cagliari,375,431
30/08/2023,Porto,Arbatax,122,0
30/08/2023,Aeroporto,Olbia,6998,10681
30/08/2023,Aeroporto,Cagliari,6385,8869
30/08/2023,Aeroporto,Alghero,1598,2592
29/08/2023,Porto,Olbia,11153,22745
29/08/2023,Porto,Cagliari,1219,2145
29/08/2023,Porto,Arbatax,0,420
29/08/2023,Aeroporto,Olbia,7144,11320
29/08/2023,Aeroporto,Cagliari,7013,10135
29/08/2023,Aeroporto,Alghero,2923,3929
28/08/2023,Porto,Olbia,13388,23239
28/08/2023,Porto,Cagliari,2,2221
28/08/2023,Aeroporto,Olbia,7066,10424
28/08/2023,Aeroporto,Cagliari,7661,9615
28/08/2023,Aeroporto,Alghero,3626,5075
27/08/2023,Porto,Porto Torres,3211,7464
27/08/2023,Porto,Olbia,10623,20170
27/08/2023,Porto,Golfo Aranci,1058,3336
27/08/2023,Porto,Cagliari,1542,2
27/08/2023,Porto,Arbatax,208,0
27/08/2023,Aeroporto,Olbia,10570,13619
27/08/2023,Aeroporto,Cagliari,10470,12372
27/08/2023,Aeroporto,Alghero,2664,3814
26/08/2023,Porto,Porto Torres,4855,7636
26/08/2023,Porto,Olbia,12510,20887
26/08/2023,Porto,Golfo Aranci,2934,4831
26/08/2023,Porto,Cagliari,793,1447
26/08/2023,Porto,Arbatax,0,486
26/08/2023,Aeroporto,Olbia,13226,15087
26/08/2023,Aeroporto,Cagliari,10607,12102
26/08/2023,Aeroporto,Alghero,2736,3530
25/08/2023,Porto,Porto Torres,3557,6670
25/08/2023,Porto,Olbia,9885,19271
25/08/2023,Porto,Golfo Aranci,1820,3288
25/08/2023,Porto,Cagliari,314,398
25/08/2023,Porto,Arbatax,103,0
25/08/2023,Aeroporto,Olbia,10154,13083
25/08/2023,Aeroporto,Cagliari,8271,10567
25/08/2023,Aeroporto,Alghero,3675,4580
24/08/2023,Porto,Porto Torres,1303,4148
24/08/2023,Porto,Olbia,8416,17173
24/08/2023,Porto,Golfo Aranci,1093,2958
24/08/2023,Porto,Cagliari,769,1803
24/08/2023,Porto,Arbatax,0,472
24/08/2023,Aeroporto,Olbia,7902,10697
24/08/2023,Aeroporto,Cagliari,8020,10413
24/08/2023,Aeroporto,Alghero,2350,3170
23/08/2023,Porto,Porto Torres,2160,3797
23/08/2023,Porto,Olbia,8077,17797
23/08/2023,Porto,Golfo Aranci,1286,2803
23/08/2023,Porto,Cagliari,369,447
23/08/2023,Porto,Arbatax,235,0
23/08/2023,Aeroporto,Olbia,8440,10845
23/08/2023,Aeroporto,Cagliari,6827,8943
23/08/2023,Aeroporto,Alghero,1846,2291
22/08/2023,Porto,Porto Torres,4962,6854
22/08/2023,Porto,Olbia,10245,16462
22/08/2023,Porto,Golfo Aranci,1489,2663
22/08/2023,Porto,Cagliari,1482,2195
22/08/2023,Porto,Arbatax,0,430
22/08/2023,Aeroporto,Olbia,8844,11350
22/08/2023,Aeroporto,Cagliari,8277,9824
22/08/2023,Aeroporto,Alghero,2878,3516
21/08/2023,Porto,Porto Torres,2563,2480
21/08/2023,Porto,Olbia,12731,17932
21/08/2023,Porto,Golfo Aranci,2032,2880
21/08/2023,Porto,Cagliari,0,2711
21/08/2023,Aeroporto,Olbia,9443,11254
21/08/2023,Aeroporto,Cagliari,8707,10119
21/08/2023,Aeroporto,Alghero,3459,4245
20/08/2023,Porto,Porto Torres,4247,7318
20/08/2023,Porto,Olbia,12646,20634
20/08/2023,Porto,Golfo Aranci,1898,4739
20/08/2023,Porto,Cagliari,2125,1798
20/08/2023,Porto,Arbatax,322,0
20/08/2023,Aeroporto,Olbia,12004,13797
20/08/2023,Aeroporto,Cagliari,10961,12560
20/08/2023,Aeroporto,Alghero,3629,4432
19/08/2023,Porto,Porto Torres,6044,6762
19/08/2023,Porto,Olbia,14144,19491
19/08/2023,Porto,Golfo Aranci,2770,4532
19/08/2023,Porto,Cagliari,1132,1614
19/08/2023,Porto,Arbatax,0,486
19/08/2023,Aeroporto,Olbia,13556,14865
19/08/2023,Aeroporto,Cagliari,11242,12235
19/08/2023,Aeroporto,Alghero,2991,3474
18/08/2023,Porto,Porto Torres,4519,6159
18/08/2023,Porto,Olbia,12849,18055
18/08/2023,Porto,Golfo Aranci,2567,2413
18/08/2023,Porto,Cagliari,358,418
18/08/2023,Porto,Arbatax,360,0
18/08/2023,Aeroporto,Olbia,11378,12591
18/08/2023,Aeroporto,Cagliari,9057,10288
18/08/2023,Aeroporto,Alghero,3586,4105
17/08/2023,Porto,Porto Torres,1895,3796
17/08/2023,Porto,Olbia,13431,16434
17/08/2023,Porto,Golfo Aranci,1906,2542
17/08/2023,Porto,Cagliari,1173,1571
17/08/2023,Porto,Arbatax,0,480
17/08/2023,Aeroporto,Olbia,9099,10608
17/08/2023,Aeroporto,Cagliari,9742,10257
17/08/2023,Aeroporto,Alghero,2944,2995
16/08/2023,Porto,Porto Torres,2789,3435
16/08/2023,Porto,Olbia,12792,15761
16/08/2023,Porto,Golfo Aranci,1972,2241
16/08/2023,Porto,Cagliari,441,432
16/08/2023,Porto,Arbatax,439,0
16/08/2023,Aeroporto,Olbia,9588,10965
16/08/2023,Aeroporto,Cagliari,8189,8392
16/08/2023,Aeroporto,Alghero,2324,2803
15/08/2023,Porto,Porto Torres,6041,6139
15/08/2023,Porto,Olbia,12488,12037
15/08/2023,Porto,Golfo Aranci,2218,1883
15/08/2023,Porto,Cagliari,1695,1409
15/08/2023,Porto,Arbatax,0,225
15/08/2023,Aeroporto,Olbia,10089,10715
15/08/2023,Aeroporto,Cagliari,8373,8755
15/08/2023,Aeroporto,Alghero,3015,3366
14/08/2023,Porto,Porto Torres,2538,1872
14/08/2023,Porto,Olbia,16314,13640
14/08/2023,Porto,Golfo Aranci,2431,2349
14/08/2023,Porto,Cagliari,0,3213
14/08/2023,Aeroporto,Olbia,10379,9982
14/08/2023,Aeroporto,Cagliari,8826,9241
14/08/2023,Aeroporto,Alghero,3506,3424
13/08/2023,Porto,Porto Torres,5734,4606
13/08/2023,Porto,Olbia,17614,15349
13/08/2023,Porto,Golfo Aranci,3386,3298
13/08/2023,Porto,Cagliari,2081,0
13/08/2023,Porto,Arbatax,538,0
13/08/2023,Aeroporto,Olbia,12771,12915
13/08/2023,Aeroporto,Cagliari,10963,11481
13/08/2023,Aeroporto,Alghero,3990,3782
12/08/2023,Porto,Porto Torres,6489,5807
12/08/2023,Porto,Olbia,19652,15899
12/08/2023,Porto,Golfo Aranci,3136,1928
12/08/2023,Porto,Cagliari,1746,6
12/08/2023,Porto,Arbatax,0,357
12/08/2023,Aeroporto,Olbia,14126,13319
12/08/2023,Aeroporto,Cagliari,11896,11218
12/08/2023,Aeroporto,Alghero,3427,2917
11/08/2023,Porto,Porto Torres,4205,3762
11/08/2023,Porto,Olbia,17852,11846
11/08/2023,Porto,Golfo Aranci,2521,1756
11/08/2023,Porto,Cagliari,403,448
11/08/2023,Porto,Arbatax,494,0
11/08/2023,Aeroporto,Olbia,12672,11392
11/08/2023,Aeroporto,Cagliari,10147,9143
11/08/2023,Aeroporto,Alghero,3914,3555
10/08/2023,Porto,Porto Torres,5252,3608
10/08/2023,Porto,Olbia,16211,11312
10/08/2023,Porto,Golfo Aranci,2659,1507
10/08/2023,Porto,Cagliari,1401,982
10/08/2023,Porto,Arbatax,0,168
10/08/2023,Aeroporto,Olbia,10080,9245
10/08/2023,Aeroporto,Cagliari,10200,8975
10/08/2023,Aeroporto,Alghero,3312,2749
09/08/2023,Porto,Porto Torres,3996,2782
09/08/2023,Porto,Olbia,16758,9411
09/08/2023,Porto,Golfo Aranci,2789,1207
09/08/2023,Porto,Cagliari,416,326
09/08/2023,Porto,Arbatax,498,0
09/08/2023,Aeroporto,Olbia,10490,8950
09/08/2023,Aeroporto,Cagliari,8500,7025
09/08/2023,Aeroporto,Alghero,2809,2122
08/08/2023,Porto,Porto Torres,5932,3043
08/08/2023,Porto,Olbia,17104,9562
08/08/2023,Porto,Golfo Aranci,2459,1031
08/08/2023,Porto,Cagliari,1961,1071
08/08/2023,Porto,Arbatax,0,181
08/08/2023,Aeroporto,Olbia,11229,9722
08/08/2023,Aeroporto,Cagliari,9300,7964
08/08/2023,Aeroporto,Alghero,3538,2875
07/08/2023,Porto,Porto Torres,2504,1815
07/08/2023,Porto,Olbia,18946,10581
07/08/2023,Porto,Golfo Aranci,5115,2252
07/08/2023,Porto,Cagliari,2,1205
07/08/2023,Aeroporto,Olbia,11163,9741
07/08/2023,Aeroporto,Cagliari,10011,8685
07/08/2023,Aeroporto,Alghero,4091,3398
06/08/2023,Porto,Porto Torres,4327,3007
06/08/2023,Porto,Olbia,22017,15401
06/08/2023,Porto,Cagliari,1533,0
06/08/2023,Porto,Arbatax,570,0
06/08/2023,Aeroporto,Olbia,12979,12192
06/08/2023,Aeroporto,Cagliari,12139,10479
06/08/2023,Aeroporto,Alghero,4312,3628
05/08/2023,Porto,Porto Torres,8120,4208
05/08/2023,Porto,Olbia,21798,15337
05/08/2023,Porto,Golfo Aranci,2842,1402
05/08/2023,Porto,Cagliari,1557,1247
05/08/2023,Porto,Arbatax,0,218
05/08/2023,Aeroporto,Olbia,14583,13871
05/08/2023,Aeroporto,Cagliari,12138,10324
05/08/2023,Aeroporto,Alghero,3572,2615
04/08/2023,Porto,Porto Torres,6158,4640
04/08/2023,Porto,Olbia,19942,12630
04/08/2023,Porto,Golfo Aranci,2597,1614
04/08/2023,Porto,Cagliari,393,469
04/08/2023,Porto,Arbatax,508,0
04/08/2023,Aeroporto,Olbia,13063,11294
04/08/2023,Aeroporto,Cagliari,10022,8149
04/08/2023,Aeroporto,Alghero,3828,3334
03/08/2023,Porto,Porto Torres,2247,1998
03/08/2023,Porto,Olbia,14163,10029
03/08/2023,Porto,Golfo Aranci,2521,1399
03/08/2023,Porto,Cagliari,1053,838
03/08/2023,Porto,Arbatax,0,153
03/08/2023,Aeroporto,Olbia,10545,8198
03/08/2023,Aeroporto,Cagliari,10276,8304
03/08/2023,Aeroporto,Alghero,3222,2350
02/08/2023,Porto,Porto Torres,3810,2286
02/08/2023,Porto,Olbia,14942,9881
02/08/2023,Porto,Golfo Aranci,2340,1307
02/08/2023,Porto,Cagliari,425,368
02/08/2023,Porto,Arbatax,496,0
02/08/2023,Aeroporto,Olbia,10995,9565
02/08/2023,Aeroporto,Cagliari,8297,6570
02/08/2023,Aeroporto,Alghero,2895,2284
01/08/2023,Porto,Porto Torres,5169,3159
01/08/2023,Porto,Olbia,15864,10968
01/08/2023,Porto,Golfo Aranci,2116,1211
01/08/2023,Porto,Cagliari,1389,976
01/08/2023,Porto,Arbatax,0,186
01/08/2023,Aeroporto,Olbia,11746,10594
01/08/2023,Aeroporto,Cagliari,9256,8356
01/08/2023,Aeroporto,Alghero,3434,3011
31/07/2023,Porto,Porto Torres,3758,2790
31/07/2023,Porto,Olbia,15245,13481
31/07/2023,Porto,Golfo Aranci,2215,1927
31/07/2023,Porto,Cagliari,0,1395
31/07/2023,Aeroporto,Olbia,10520,10884
31/07/2023,Aeroporto,Cagliari,9117,9398
31/07/2023,Aeroporto,Alghero,3775,3921
30/07/2023,Porto,Porto Torres,5031,5421
30/07/2023,Porto,Olbia,16820,16976
30/07/2023,Porto,Golfo Aranci,2396,2420
30/07/2023,Porto,Cagliari,1474,0
30/07/2023,Porto,Arbatax,511,0
30/07/2023,Aeroporto,Olbia,13140,13330
30/07/2023,Aeroporto,Cagliari,11278,10975
30/07/2023,Aeroporto,Alghero,4269,3952
29/07/2023,Porto,Porto Torres,6404,4633
29/07/2023,Porto,Olbia,18158,16650
29/07/2023,Porto,Golfo Aranci,2363,2268
29/07/2023,Porto,Cagliari,1117,1270
29/07/2023,Aeroporto,Olbia,14698,14309
29/07/2023,Aeroporto,Cagliari,11848,10672
29/07/2023,Aeroporto,Alghero,3376,2956
28/07/2023,Porto,Porto Torres,5385,5241
28/07/2023,Porto,Olbia,14814,13818
28/07/2023,Porto,Golfo Aranci,2140,2076
28/07/2023,Porto,Cagliari,649,641
28/07/2023,Aeroporto,Olbia,12925,11518
28/07/2023,Aeroporto,Cagliari,10090,8940
28/07/2023,Aeroporto,Alghero,3900,3429
27/07/2023,Porto,Porto Torres,1928,1873
27/07/2023,Porto,Olbia,12553,11620
27/07/2023,Porto,Golfo Aranci,1627,1677
27/07/2023,Porto,Cagliari,734,724
27/07/2023,Porto,Arbatax,0,167
27/07/2023,Aeroporto,Olbia,10152,8886
27/07/2023,Aeroporto,Cagliari,10284,8665
27/07/2023,Aeroporto,Alghero,3455,3125
26/07/2023,Porto,Porto Torres,1798,1289
26/07/2023,Porto,Olbia,13004,11379
26/07/2023,Porto,Golfo Aranci,1085,306
26/07/2023,Porto,Cagliari,315,298
26/07/2023,Porto,Arbatax,336,0
26/07/2023,Aeroporto,Olbia,11216,10520
26/07/2023,Aeroporto,Cagliari,8451,7672
26/07/2023,Aeroporto,Alghero,2763,2234
25/07/2023,Porto,Porto Torres,5045,3209
25/07/2023,Porto,Olbia,11646,9664
25/07/2023,Porto,Golfo Aranci,1052,391
25/07/2023,Porto,Cagliari,1118,866
25/07/2023,Porto,Arbatax,0,136
25/07/2023,Aeroporto,Olbia,11407,11713
25/07/2023,Aeroporto,Cagliari,9392,9064
25/07/2023,Aeroporto,Alghero,3380,3322
24/07/2023,Porto,Porto Torres,3372,2099
24/07/2023,Porto,Olbia,12987,10590
24/07/2023,Porto,Golfo Aranci,1783,1375
24/07/2023,Porto,Cagliari,0,989
24/07/2023,Aeroporto,Olbia,9051,8911
24/07/2023,Aeroporto,Cagliari,9311,9192
24/07/2023,Aeroporto,Alghero,4192,4197
23/07/2023,Porto,Porto Torres,4632,4149
23/07/2023,Porto,Olbia,14346,14236
23/07/2023,Porto,Golfo Aranci,1954,1862
23/07/2023,Porto,Cagliari,1418,0
23/07/2023,Porto,Arbatax,373,0
23/07/2023,Aeroporto,Olbia,12802,13100
23/07/2023,Aeroporto,Cagliari,11664,11238
23/07/2023,Aeroporto,Alghero,4150,4061
22/07/2023,Porto,Porto Torres,2843,2184
22/07/2023,Porto,Olbia,16245,13681
22/07/2023,Porto,Golfo Aranci,2013,1999
22/07/2023,Porto,Cagliari,913,1064
22/07/2023,Aeroporto,Olbia,15262,13732
22/07/2023,Aeroporto,Cagliari,11782,11083
22/07/2023,Aeroporto,Alghero,3201,3262
21/07/2023,Porto,Porto Torres,5053,4683
21/07/2023,Porto,Olbia,13116,11488
21/07/2023,Porto,Golfo Aranci,2007,1644
21/07/2023,Porto,Cagliari,492,512
21/07/2023,Aeroporto,Olbia,12240,10877
21/07/2023,Aeroporto,Cagliari,9944,8857
21/07/2023,Aeroporto,Alghero,4049,3290
20/07/2023,Porto,Porto Torres,971,1812
20/07/2023,Porto,Olbia,10367,9348
20/07/2023,Porto,Golfo Aranci,1561,1556
20/07/2023,Porto,Cagliari,708,644
20/07/2023,Porto,Arbatax,0,151
20/07/2023,Aeroporto,Olbia,9786,8283
20/07/2023,Aeroporto,Cagliari,10075,9277
20/07/2023,Aeroporto,Alghero,3383,2936
19/07/2023,Porto,Porto Torres,2799,1607
19/07/2023,Porto,Olbia,10193,7498
19/07/2023,Porto,Golfo Aranci,1470,1193
19/07/2023,Porto,Cagliari,360,283
19/07/2023,Porto,Arbatax,235,0
19/07/2023,Aeroporto,Olbia,10748,8942
19/07/2023,Aeroporto,Cagliari,8632,7840
19/07/2023,Aeroporto,Alghero,2716,2452
18/07/2023,Porto,Porto Torres,4799,2748
18/07/2023,Porto,Olbia,12117,8133
18/07/2023,Porto,Golfo Aranci,1803,1056
18/07/2023,Porto,Cagliari,970,845
18/07/2023,Porto,Arbatax,0,173
18/07/2023,Aeroporto,Olbia,10869,10662
18/07/2023,Aeroporto,Cagliari,9420,8974
18/07/2023,Aeroporto,Alghero,3377,3539
17/07/2023,Porto,Porto Torres,3451,1697
17/07/2023,Porto,Olbia,14822,10165
17/07/2023,Porto,Golfo Aranci,2433,1408
17/07/2023,Porto,Cagliari,1,993
17/07/2023,Aeroporto,Olbia,10187,10124
17/07/2023,Aeroporto,Cagliari,9171,9799
17/07/2023,Aeroporto,Alghero,3942,4166
16/07/2023,Porto,Porto Torres,5568,4386
16/07/2023,Porto,Olbia,15965,13580
16/07/2023,Porto,Golfo Aranci,2163,2311
16/07/2023,Porto,Cagliari,1554,0
16/07/2023,Porto,Arbatax,416,0
16/07/2023,Aeroporto,Olbia,13203,13079
16/07/2023,Aeroporto,Cagliari,12277,11872
16/07/2023,Aeroporto,Alghero,4680,3987
15/07/2023,Porto,Porto Torres,3786,2210
15/07/2023,Porto,Olbia,17050,14857
15/07/2023,Porto,Golfo Aranci,2405,2046
15/07/2023,Porto,Cagliari,1025,1079
15/07/2023,Aeroporto,Olbia,13185,12718
15/07/2023,Aeroporto,Cagliari,9265,8659
15/07/2023,Aeroporto,Alghero,3326,3209
14/07/2023,Porto,Porto Torres,5590,4758
14/07/2023,Porto,Olbia,13672,12655
14/07/2023,Porto,Golfo Aranci,2020,2114
14/07/2023,Porto,Cagliari,568,571
14/07/2023,Aeroporto,Olbia,12985,11595
14/07/2023,Aeroporto,Cagliari,10434,9828
14/07/2023,Aeroporto,Alghero,4384,3782
13/07/2023,Porto,Porto Torres,1610,1598
13/07/2023,Porto,Olbia,9907,9733
13/07/2023,Porto,Golfo Aranci,1512,1697
13/07/2023,Porto,Cagliari,539,674
13/07/2023,Porto,Arbatax,0,146
13/07/2023,Aeroporto,Olbia,9423,7907
13/07/2023,Aeroporto,Cagliari,10029,9186
13/07/2023,Aeroporto,Alghero,3131,2850
12/07/2023,Porto,Porto Torres,2767,2145
12/07/2023,Porto,Olbia,9130,7775
12/07/2023,Porto,Golfo Aranci,1381,1068
12/07/2023,Porto,Cagliari,349,283
12/07/2023,Porto,Arbatax,257,0
12/07/2023,Aeroporto,Olbia,10333,8548
12/07/2023,Aeroporto,Cagliari,8723,7349
12/07/2023,Aeroporto,Alghero,2590,2340
11/07/2023,Porto,Porto Torres,3911,2874
11/07/2023,Porto,Olbia,10214,7511
11/07/2023,Porto,Golfo Aranci,1493,958
11/07/2023,Porto,Cagliari,1013,657
11/07/2023,Porto,Arbatax,0,142
11/07/2023,Aeroporto,Olbia,10675,9596
11/07/2023,Aeroporto,Cagliari,9305,8950
11/07/2023,Aeroporto,Alghero,3348,3381
10/07/2023,Porto,Porto Torres,3243,1736
10/07/2023,Porto,Olbia,12322,9531
10/07/2023,Porto,Golfo Aranci,1863,1300
10/07/2023,Porto,Cagliari,0,801
10/07/2023,Aeroporto,Olbia,9718,9590
10/07/2023,Aeroporto,Cagliari,9041,9425
10/07/2023,Aeroporto,Alghero,3810,3943
09/07/2023,Porto,Porto Torres,3661,3363
09/07/2023,Porto,Olbia,13890,12885
09/07/2023,Porto,Golfo Aranci,2114,1909
09/07/2023,Porto,Cagliari,1132,1
09/07/2023,Porto,Arbatax,310,0
09/07/2023,Aeroporto,Olbia,12263,12105
09/07/2023,Aeroporto,Cagliari,11768,11389
09/07/2023,Aeroporto,Alghero,4499,4037
08/07/2023,Porto,Porto Torres,3922,2594
08/07/2023,Porto,Olbia,15265,13303
08/07/2023,Porto,Golfo Aranci,2179,1837
08/07/2023,Porto,Cagliari,756,876
08/07/2023,Aeroporto,Olbia,14273,13307
08/07/2023,Aeroporto,Cagliari,11844,11899
08/07/2023,Aeroporto,Alghero,3053,2945
07/07/2023,Porto,Porto Torres,4230,2764
07/07/2023,Porto,Olbia,12680,10154
07/07/2023,Porto,Golfo Aranci,1663,1565
07/07/2023,Porto,Cagliari,376,510
07/07/2023,Aeroporto,Olbia,12140,10396
07/07/2023,Aeroporto,Cagliari,9926,8763
07/07/2023,Aeroporto,Alghero,4198,3767
06/07/2023,Porto,Porto Torres,1789,1436
06/07/2023,Porto,Olbia,9816,7455
06/07/2023,Porto,Golfo Aranci,1584,1006
06/07/2023,Porto,Cagliari,440,496
06/07/2023,Porto,Arbatax,0,94
06/07/2023,Aeroporto,Olbia,9669,7246
06/07/2023,Aeroporto,Cagliari,9825,8299
06/07/2023,Aeroporto,Alghero,3396,2713
05/07/2023,Porto,Porto Torres,1559,840
05/07/2023,Porto,Olbia,10019,6120
05/07/2023,Porto,Golfo Aranci,1564,685
05/07/2023,Porto,Cagliari,302,291
05/07/2023,Porto,Arbatax,249,0
05/07/2023,Aeroporto,Olbia,9819,7798
05/07/2023,Aeroporto,Cagliari,8812,7467
05/07/2023,Aeroporto,Alghero,2676,2177
04/07/2023,Porto,Porto Torres,4552,2429
04/07/2023,Porto,Olbia,10706,6214
04/07/2023,Porto,Golfo Aranci,1688,743
04/07/2023,Porto,Cagliari,1082,671
04/07/2023,Porto,Arbatax,0,72
04/07/2023,Aeroporto,Olbia,10129,9201
04/07/2023,Aeroporto,Cagliari,8997,8312
04/07/2023,Aeroporto,Alghero,3184,3068
03/07/2023,Porto,Porto Torres,2875,1663
03/07/2023,Porto,Olbia,13351,8128
03/07/2023,Porto,Golfo Aranci,2247,933
03/07/2023,Porto,Cagliari,0,748
03/07/2023,Aeroporto,Olbia,9249,9105
03/07/2023,Aeroporto,Cagliari,9092,8631
03/07/2023,Aeroporto,Alghero,4055,4158
02/07/2023,Porto,Porto Torres,4786,2767
02/07/2023,Porto,Olbia,15471,12948
02/07/2023,Porto,Golfo Aranci,2533,1905
02/07/2023,Porto,Cagliari,1117,0
02/07/2023,Porto,Arbatax,400,0
02/07/2023,Aeroporto,Olbia,11849,12185
02/07/2023,Aeroporto,Cagliari,11355,11246
02/07/2023,Aeroporto,Alghero,3933,3807
01/07/2023,Porto,Porto Torres,1883,2846
01/07/2023,Porto,Olbia,16065,13336
01/07/2023,Porto,Golfo Aranci,2283,1805
01/07/2023,Porto,Cagliari,745,809
01/07/2023,Aeroporto,Olbia,14684,13150
01/07/2023,Aeroporto,Cagliari,12199,11418
01/07/2023,Aeroporto,Alghero,3525,3046
30/06/2023,Porto,Porto Torres,5081,3453
30/06/2023,Porto,Olbia,13758,10768
30/06/2023,Porto,Golfo Aranci,2254,1582
30/06/2023,Porto,Cagliari,540,508
30/06/2023,Aeroporto,Olbia,11825,10174
30/06/2023,Aeroporto,Cagliari,9618,8820
30/06/2023,Aeroporto,Alghero,3677,3530
29/06/2023,Porto,Porto Torres,772,1154
29/06/2023,Porto,Olbia,11484,8799
29/06/2023,Porto,Golfo Aranci,1536,1183
29/06/2023,Porto,Cagliari,582,549
29/06/2023,Porto,Arbatax,0,238
29/06/2023,Aeroporto,Olbia,9099,6836
29/06/2023,Aeroporto,Cagliari,9519,8658
29/06/2023,Aeroporto,Alghero,3173,2524
28/06/2023,Porto,Porto Torres,2299,1332
28/06/2023,Porto,Olbia,8771,6006
28/06/2023,Porto,Golfo Aranci,1437,856
28/06/2023,Porto,Cagliari,341,206
28/06/2023,Porto,Arbatax,280,0
28/06/2023,Aeroporto,Olbia,8970,6915
28/06/2023,Aeroporto,Cagliari,8823,7522
28/06/2023,Aeroporto,Alghero,2838,2331
27/06/2023,Porto,Porto Torres,3276,1702
27/06/2023,Porto,Olbia,10012,7914
27/06/2023,Porto,Golfo Aranci,1196,798
27/06/2023,Porto,Cagliari,939,794
27/06/2023,Porto,Arbatax,0,144
27/06/2023,Aeroporto,Olbia,9389,7858
27/06/2023,Aeroporto,Cagliari,8592,8184
27/06/2023,Aeroporto,Alghero,3103,2819
26/06/2023,Porto,Porto Torres,1839,1881
26/06/2023,Porto,Olbia,9925,6563
26/06/2023,Porto,Golfo Aranci,1624,862
26/06/2023,Porto,Cagliari,1,536
26/06/2023,Aeroporto,Olbia,8675,8119
26/06/2023,Aeroporto,Cagliari,9182,8995
26/06/2023,Aeroporto,Alghero,3805,4020
25/06/2023,Porto,Porto Torres,1262,765
25/06/2023,Porto,Olbia,13109,11111
25/06/2023,Porto,Golfo Aranci,1753,1492
25/06/2023,Porto,Cagliari,1091,0
25/06/2023,Porto,Arbatax,246,0
25/06/2023,Aeroporto,Olbia,9352,9482
25/06/2023,Aeroporto,Cagliari,10442,10504
25/06/2023,Aeroporto,Alghero,3786,3548
24/06/2023,Porto,Porto Torres,2261,2431
24/06/2023,Porto,Olbia,15434,11553
24/06/2023,Porto,Golfo Aranci,2137,1492
24/06/2023,Porto,Cagliari,756,649
24/06/2023,Aeroporto,Olbia,13104,11762
24/06/2023,Aeroporto,Cagliari,11332,10670
24/06/2023,Aeroporto,Alghero,3126,2900
23/06/2023,Porto,Porto Torres,3997,2078
23/06/2023,Porto,Olbia,12718,7915
23/06/2023,Porto,Golfo Aranci,1673,904
23/06/2023,Porto,Cagliari,498,340
23/06/2023,Aeroporto,Olbia,9200,7656
23/06/2023,Aeroporto,Cagliari,9135,8859
23/06/2023,Aeroporto,Alghero,4113,3323
22/06/2023,Porto,Porto Torres,1574,1915
22/06/2023,Porto,Olbia,8637,6019
22/06/2023,Porto,Golfo Aranci,1374,702
22/06/2023,Porto,Cagliari,311,420
22/06/2023,Porto,Arbatax,0,148
22/06/2023,Aeroporto,Olbia,6321,5585
22/06/2023,Aeroporto,Cagliari,9426,8230
22/06/2023,Aeroporto,Alghero,2868,2567
21/06/2023,Porto,Porto Torres,1246,443
21/06/2023,Porto,Olbia,7485,4554
21/06/2023,Porto,Golfo Aranci,1326,650
21/06/2023,Porto,Cagliari,260,191
21/06/2023,Porto,Arbatax,223,0
21/06/2023,Aeroporto,Olbia,6637,5927
21/06/2023,Aeroporto,Cagliari,7658,6827
21/06/2023,Aeroporto,Alghero,2296,1887
20/06/2023,Porto,Porto Torres,3422,1860
20/06/2023,Porto,Olbia,8199,5189
20/06/2023,Porto,Golfo Aranci,765,521
20/06/2023,Porto,Cagliari,370,750
20/06/2023,Porto,Arbatax,0,170
20/06/2023,Aeroporto,Olbia,6932,6462
20/06/2023,Aeroporto,Cagliari,7771,7816
20/06/2023,Aeroporto,Alghero,2711,2768
19/06/2023,Porto,Porto Torres,879,990
19/06/2023,Porto,Olbia,8873,5289
19/06/2023,Porto,Golfo Aranci,775,478
19/06/2023,Porto,Cagliari,2,667
19/06/2023,Aeroporto,Olbia,6382,6576
19/06/2023,Aeroporto,Cagliari,8426,8296
19/06/2023,Aeroporto,Alghero,3719,3688
18/06/2023,Porto,Porto Torres,2586,1162
18/06/2023,Porto,Olbia,10377,8680
18/06/2023,Porto,Golfo Aranci,1789,1167
18/06/2023,Porto,Cagliari,891,0
18/06/2023,Porto,Arbatax,159,0
18/06/2023,Aeroporto,Olbia,9129,9482
18/06/2023,Aeroporto,Cagliari,10227,10434
18/06/2023,Aeroporto,Alghero,3689,3414
17/06/2023,Porto,Porto Torres,1743,1900
17/06/2023,Porto,Olbia,13431,9647
17/06/2023,Porto,Golfo Aranci,1903,1151
17/06/2023,Porto,Cagliari,530,624
17/06/2023,Aeroporto,Olbia,11990,10590
17/06/2023,Aeroporto,Cagliari,11064,9506
17/06/2023,Aeroporto,Alghero,2977,2622
16/06/2023,Porto,Porto Torres,3668,2288
16/06/2023,Porto,Olbia,9520,6127
16/06/2023,Porto,Golfo Aranci,1612,763
16/06/2023,Porto,Cagliari,362,313
16/06/2023,Aeroporto,Olbia,8855,7469
16/06/2023,Aeroporto,Cagliari,8891,8288
16/06/2023,Aeroporto,Alghero,3778,3127
15/06/2023,Porto,Porto Torres,1331,1341
15/06/2023,Porto,Olbia,8233,4939
15/06/2023,Porto,Golfo Aranci,1310,598
15/06/2023,Porto,Cagliari,381,507
15/06/2023,Porto,Arbatax,0,76
15/06/2023,Aeroporto,Olbia,6211,4868
15/06/2023,Aeroporto,Cagliari,9177,7922
15/06/2023,Aeroporto,Alghero,2781,2600
14/06/2023,Porto,Porto Torres,1945,678
14/06/2023,Porto,Olbia,5354,3518
14/06/2023,Porto,Golfo Aranci,813,314
14/06/2023,Porto,Cagliari,236,255
14/06/2023,Porto,Arbatax,166,0
14/06/2023,Aeroporto,Olbia,6613,5629
14/06/2023,Aeroporto,Cagliari,7741,6813
14/06/2023,Aeroporto,Alghero,2247,1640
13/06/2023,Porto,Porto Torres,2838,1452
13/06/2023,Porto,Olbia,6379,3969
13/06/2023,Porto,Golfo Aranci,707,313
13/06/2023,Porto,Cagliari,740,672
13/06/2023,Porto,Arbatax,0,68
13/06/2023,Aeroporto,Olbia,6421,6087
13/06/2023,Aeroporto,Cagliari,7713,7011
13/06/2023,Aeroporto,Alghero,2703,2590
12/06/2023,Porto,Porto Torres,1705,1431
12/06/2023,Porto,Olbia,6561,3339
12/06/2023,Porto,Golfo Aranci,927,456
12/06/2023,Porto,Cagliari,1,4
12/06/2023,Aeroporto,Olbia,5970,6005
12/06/2023,Aeroporto,Cagliari,8333,8054
12/06/2023,Aeroporto,Alghero,3818,3448
11/06/2023,Porto,Porto Torres,1359,630
11/06/2023,Porto,Olbia,9219,7461
11/06/2023,Porto,Golfo Aranci,1277,805
11/06/2023,Porto,Cagliari,839,323
11/06/2023,Porto,Arbatax,143,0
11/06/2023,Aeroporto,Olbia,8217,9145
11/06/2023,Aeroporto,Cagliari,9802,9638
11/06/2023,Aeroporto,Alghero,3112,3149
10/06/2023,Porto,Porto Torres,1628,2355
10/06/2023,Porto,Olbia,11514,9817
10/06/2023,Porto,Golfo Aranci,1456,1503
10/06/2023,Porto,Cagliari,406,454
10/06/2023,Aeroporto,Olbia,11199,10053
10/06/2023,Aeroporto,Cagliari,9615,9351
10/06/2023,Aeroporto,Alghero,2467,2249
09/06/2023,Porto,Porto Torres,3275,3321
09/06/2023,Porto,Olbia,6547,7472
09/06/2023,Porto,Golfo Aranci,1243,1471
09/06/2023,Porto,Cagliari,267,312
09/06/2023,Aeroporto,Olbia,7946,7080
09/06/2023,Aeroporto,Cagliari,8438,8325
09/06/2023,Aeroporto,Alghero,3305,2776
08/06/2023,Porto,Porto Torres,1084,2160
08/06/2023,Porto,Olbia,5673,6679
08/06/2023,Porto,Golfo Aranci,897,1112
08/06/2023,Porto,Cagliari,250,490
08/06/2023,Porto,Arbatax,0,94
08/06/2023,Aeroporto,Olbia,5953,4671
08/06/2023,Aeroporto,Cagliari,8884,7464
08/06/2023,Aeroporto,Alghero,2908,2195
07/06/2023,Porto,Porto Torres,1437,1206
07/06/2023,Porto,Olbia,3498,3679
07/06/2023,Porto,Golfo Aranci,490,508
07/06/2023,Porto,Cagliari,208,223
07/06/2023,Porto,Arbatax,106,0
07/06/2023,Aeroporto,Olbia,6473,5548
07/06/2023,Aeroporto,Cagliari,7469,6420
07/06/2023,Aeroporto,Alghero,1739,1637
06/06/2023,Porto,Porto Torres,2120,1627
06/06/2023,Porto,Olbia,5097,3506
06/06/2023,Porto,Golfo Aranci,365,385
06/06/2023,Porto,Cagliari,741,581
06/06/2023,Porto,Arbatax,0,92
06/06/2023,Aeroporto,Olbia,5792,6129
06/06/2023,Aeroporto,Cagliari,7019,7347
06/06/2023,Aeroporto,Alghero,2530,2682
05/06/2023,Porto,Porto Torres,1303,1509
05/06/2023,Porto,Olbia,5154,5415
05/06/2023,Porto,Golfo Aranci,608,623
05/06/2023,Porto,Cagliari,0,586
05/06/2023,Aeroporto,Olbia,5712,6887
05/06/2023,Aeroporto,Cagliari,8490,8370
05/06/2023,Aeroporto,Alghero,3612,3882
04/06/2023,Porto,Porto Torres,2565,2246
04/06/2023,Porto,Olbia,6302,9323
04/06/2023,Porto,Golfo Aranci,862,1201
04/06/2023,Porto,Cagliari,724,273
04/06/2023,Porto,Arbatax,92,0
04/06/2023,Aeroporto,Olbia,7883,8575
04/06/2023,Aeroporto,Cagliari,8884,8667
04/06/2023,Aeroporto,Alghero,3086,3360
03/06/2023,Porto,Porto Torres,1142,1511
03/06/2023,Porto,Olbia,6703,4912
03/06/2023,Porto,Golfo Aranci,849,885
03/06/2023,Porto,Cagliari,287,440
03/06/2023,Aeroporto,Olbia,9805,8339
03/06/2023,Aeroporto,Cagliari,9134,8339
03/06/2023,Aeroporto,Alghero,2129,2008
02/06/2023,Porto,Porto Torres,4231,2020
02/06/2023,Porto,Olbia,10430,3760
02/06/2023,Porto,Golfo Aranci,966,426
02/06/2023,Porto,Cagliari,351,220
02/06/2023,Aeroporto,Olbia,7997,5798
02/06/2023,Aeroporto,Cagliari,8400,7550
02/06/2023,Aeroporto,Alghero,3585,2571
01/06/2023,Porto,Porto Torres,1807,1131
01/06/2023,Porto,Olbia,8531,3129
01/06/2023,Porto,Golfo Aranci,1299,349
01/06/2023,Porto,Cagliari,426,546
01/06/2023,Porto,Arbatax,0,42
01/06/2023,Aeroporto,Olbia,6543,3978
01/06/2023,Aeroporto,Cagliari,8848,7800
01/06/2023,Aeroporto,Alghero,3013,2485
31/05/2023,Porto,Porto Torres,1575,593
31/05/2023,Porto,Olbia,5037,2560
31/05/2023,Porto,Golfo Aranci,967,296
31/05/2023,Porto,Cagliari,233,295
31/05/2023,Porto,Arbatax,171,0
31/05/2023,Aeroporto,Olbia,6523,4479
31/05/2023,Aeroporto,Cagliari,7926,6700
31/05/2023,Aeroporto,Alghero,1831,1333
30/05/2023,Porto,Porto Torres,1500,672
30/05/2023,Porto,Olbia,5528,2374
30/05/2023,Porto,Golfo Aranci,695,259
30/05/2023,Porto,Cagliari,753,596
30/05/2023,Porto,Arbatax,0,112
30/05/2023,Aeroporto,Olbia,6176,5146
30/05/2023,Aeroporto,Cagliari,8049,7215
30/05/2023,Aeroporto,Alghero,2371,1982
29/05/2023,Porto,Porto Torres,2225,962
29/05/2023,Porto,Olbia,5607,2585
29/05/2023,Porto,Golfo Aranci,1456,358
29/05/2023,Porto,Cagliari,1,1069
29/05/2023,Aeroporto,Olbia,5200,5423
29/05/2023,Aeroporto,Cagliari,7801,7696
29/05/2023,Aeroporto,Alghero,2446,2515
28/05/2023,Porto,Porto Torres,3960,1488
28/05/2023,Porto,Olbia,8113,4146
28/05/2023,Porto,Golfo Aranci,1606,441
28/05/2023,Porto,Cagliari,628,6
28/05/2023,Porto,Arbatax,180,0
28/05/2023,Aeroporto,Olbia,6867,5688
28/05/2023,Aeroporto,Cagliari,9245,9170
28/05/2023,Aeroporto,Alghero,2769,2568
27/05/2023,Porto,Porto Torres,1977,1516
27/05/2023,Porto,Olbia,6636,2903
27/05/2023,Porto,Golfo Aranci,1811,807
27/05/2023,Porto,Cagliari,305,399
27/05/2023,Aeroporto,Olbia,8212,6378
27/05/2023,Aeroporto,Cagliari,9750,7501
27/05/2023,Aeroporto,Alghero,2587,1985
26/05/2023,Porto,Porto Torres,1782,1103
26/05/2023,Porto,Olbia,4567,3147
26/05/2023,Porto,Golfo Aranci,900,502
26/05/2023,Porto,Cagliari,399,424
26/05/2023,Aeroporto,Olbia,7833,5675
26/05/2023,Aeroporto,Cagliari,8432,7614
26/05/2023,Aeroporto,Alghero,2535,2162
25/05/2023,Porto,Porto Torres,349,947
25/05/2023,Porto,Olbia,4147,2899
25/05/2023,Porto,Golfo Aranci,630,288
25/05/2023,Porto,Cagliari,260,430
25/05/2023,Porto,Arbatax,0,164
25/05/2023,Aeroporto,Olbia,3555,2365
25/05/2023,Aeroporto,Cagliari,7678,6364
25/05/2023,Aeroporto,Alghero,2318,1928
24/05/2023,Porto,Porto Torres,1301,564
24/05/2023,Porto,Olbia,2178,1636
24/05/2023,Porto,Golfo Aranci,514,267
24/05/2023,Porto,Cagliari,192,194
24/05/2023,Porto,Arbatax,139,0
24/05/2023,Aeroporto,Olbia,3996,3405
24/05/2023,Aeroporto,Cagliari,6503,5572
24/05/2023,Aeroporto,Alghero,1594,1215
23/05/2023,Porto,Porto Torres,400,209
23/05/2023,Porto,Olbia,3773,1871
23/05/2023,Porto,Golfo Aranci,475,179
23/05/2023,Porto,Cagliari,703,538
23/05/2023,Porto,Arbatax,0,68
23/05/2023,Aeroporto,Olbia,3248,2760
23/05/2023,Aeroporto,Cagliari,6932,6049
23/05/2023,Aeroporto,Alghero,2118,1845
22/05/2023,Porto,Porto Torres,1114,1037
22/05/2023,Porto,Olbia,3151,1696
22/05/2023,Porto,Golfo Aranci,488,342
22/05/2023,Porto,Cagliari,4,346
22/05/2023,Aeroporto,Olbia,3937,3311
22/05/2023,Aeroporto,Cagliari,7078,6884
22/05/2023,Aeroporto,Alghero,2565,2472
21/05/2023,Porto,Porto Torres,1502,1984
21/05/2023,Porto,Olbia,3098,2762
21/05/2023,Porto,Golfo Aranci,505,0
21/05/2023,Porto,Cagliari,562,0
21/05/2023,Porto,Arbatax,82,0
21/05/2023,Aeroporto,Olbia,4505,4736
21/05/2023,Aeroporto,Cagliari,7966,8240
21/05/2023,Aeroporto,Alghero,2315,2323
20/05/2023,Porto,Porto Torres,1740,1393
20/05/2023,Porto,Olbia,3294,2283
20/05/2023,Porto,Golfo Aranci,261,626
20/05/2023,Porto,Cagliari,270,421
20/05/2023,Aeroporto,Olbia,5073,4717
20/05/2023,Aeroporto,Cagliari,7851,7690
20/05/2023,Aeroporto,Alghero,2191,2037
19/05/2023,Porto,Porto Torres,1376,603
19/05/2023,Porto,Olbia,3777,3362
19/05/2023,Porto,Golfo Aranci,623,607
19/05/2023,Porto,Cagliari,217,252
19/05/2023,Aeroporto,Olbia,5046,4479
19/05/2023,Aeroporto,Cagliari,6354,6533
19/05/2023,Aeroporto,Alghero,1752,1841
18/05/2023,Porto,Porto Torres,1805,1077
18/05/2023,Porto,Olbia,2569,2184
18/05/2023,Porto,Golfo Aranci,623,0
18/05/2023,Porto,Cagliari,272,418
18/05/2023,Porto,Arbatax,0,128
18/05/2023,Aeroporto,Olbia,3313,2458
18/05/2023,Aeroporto,Cagliari,7422,6760
18/05/2023,Aeroporto,Alghero,2063,1865
17/05/2023,Porto,Porto Torres,1595,532
17/05/2023,Porto,Olbia,2617,1943
17/05/2023,Porto,Golfo Aranci,491,350
17/05/2023,Porto,Cagliari,162,139
17/05/2023,Porto,Arbatax,121,0
17/05/2023,Aeroporto,Olbia,3496,2124
17/05/2023,Aeroporto,Cagliari,6195,5421
17/05/2023,Aeroporto,Alghero,1559,1261
16/05/2023,Porto,Porto Torres,1227,388
16/05/2023,Porto,Olbia,2602,1502
16/05/2023,Porto,Golfo Aranci,491,29
16/05/2023,Porto,Cagliari,868,610
16/05/2023,Porto,Arbatax,0,86
16/05/2023,Aeroporto,Olbia,3032,2360
16/05/2023,Aeroporto,Cagliari,6438,6105
16/05/2023,Aeroporto,Alghero,1848,1941
15/05/2023,Porto,Porto Torres,753,383
15/05/2023,Porto,Olbia,3941,1681
15/05/2023,Porto,Golfo Aranci,454,260
15/05/2023,Porto,Cagliari,5,629
15/05/2023,Aeroporto,Olbia,3725,3190
15/05/2023,Aeroporto,Cagliari,6586,7104
15/05/2023,Aeroporto,Alghero,2322,2482
14/05/2023,Porto,Porto Torres,2043,1309
14/05/2023,Porto,Olbia,2245,1786
14/05/2023,Porto,Golfo Aranci,602,186
14/05/2023,Porto,Cagliari,601,1
14/05/2023,Porto,Arbatax,103,0
14/05/2023,Aeroporto,Olbia,4412,3663
14/05/2023,Aeroporto,Cagliari,7847,7508
14/05/2023,Aeroporto,Alghero,2400,2137
13/05/2023,Porto,Porto Torres,1378,642
13/05/2023,Porto,Olbia,3211,2165
13/05/2023,Porto,Golfo Aranci,500,405
13/05/2023,Porto,Cagliari,233,464
13/05/2023,Aeroporto,Olbia,4465,3768
13/05/2023,Aeroporto,Cagliari,7527,6932
13/05/2023,Aeroporto,Alghero,2046,2132
12/05/2023,Porto,Porto Torres,709,1055
12/05/2023,Porto,Olbia,2599,2245
12/05/2023,Porto,Golfo Aranci,469,338
12/05/2023,Porto,Cagliari,241,249
12/05/2023,Aeroporto,Olbia,4788,3838
12/05/2023,Aeroporto,Cagliari,7140,7012
12/05/2023,Aeroporto,Alghero,2354,1859
11/05/2023,Porto,Porto Torres,993,527
11/05/2023,Porto,Olbia,2005,1703
11/05/2023,Porto,Golfo Aranci,394,278
11/05/2023,Porto,Cagliari,221,320
11/05/2023,Porto,Arbatax,0,90
11/05/2023,Aeroporto,Olbia,2896,2098
11/05/2023,Aeroporto,Cagliari,6778,6455
11/05/2023,Aeroporto,Alghero,2126,1854
10/05/2023,Porto,Porto Torres,484,728
10/05/2023,Porto,Olbia,1794,1337
10/05/2023,Porto,Golfo Aranci,267,206
10/05/2023,Porto,Cagliari,244,104
10/05/2023,Porto,Arbatax,134,0
10/05/2023,Aeroporto,Olbia,2119,1949
10/05/2023,Aeroporto,Cagliari,5996,5175
10/05/2023,Aeroporto,Alghero,1401,1351
09/05/2023,Porto,Porto Torres,907,399
09/05/2023,Porto,Olbia,2247,1550
09/05/2023,Porto,Golfo Aranci,273,136
09/05/2023,Porto,Cagliari,852,578
09/05/2023,Porto,Arbatax,0,90
09/05/2023,Aeroporto,Olbia,2223,2250
09/05/2023,Aeroporto,Cagliari,6270,6439
09/05/2023,Aeroporto,Alghero,1990,1815
08/05/2023,Porto,Porto Torres,912,957
08/05/2023,Porto,Olbia,2578,1493
08/05/2023,Porto,Golfo Aranci,200,556
08/05/2023,Porto,Cagliari,1,2
08/05/2023,Aeroporto,Olbia,3048,3204
08/05/2023,Aeroporto,Cagliari,6297,6967
08/05/2023,Aeroporto,Alghero,2386,2537
07/05/2023,Porto,Porto Torres,1712,1085
07/05/2023,Porto,Olbia,1732,1845
07/05/2023,Porto,Golfo Aranci,368,345
07/05/2023,Porto,Cagliari,661,123
07/05/2023,Porto,Arbatax,67,0
07/05/2023,Aeroporto,Olbia,3481,3490
07/05/2023,Aeroporto,Cagliari,7596,7488
07/05/2023,Aeroporto,Alghero,1930,2030
06/05/2023,Porto,Porto Torres,671,951
06/05/2023,Porto,Olbia,1966,2230
06/05/2023,Porto,Golfo Aranci,413,609
06/05/2023,Porto,Cagliari,277,319
06/05/2023,Aeroporto,Olbia,3924,3687
06/05/2023,Aeroporto,Cagliari,7027,6684
06/05/2023,Aeroporto,Alghero,2128,2104
05/05/2023,Porto,Porto Torres,544,1393
05/05/2023,Porto,Olbia,1916,2512
05/05/2023,Porto,Golfo Aranci,429,409
05/05/2023,Porto,Cagliari,355,240
05/05/2023,Aeroporto,Olbia,4687,3877
05/05/2023,Aeroporto,Cagliari,6783,7007
05/05/2023,Aeroporto,Alghero,2214,1842
04/05/2023,Porto,Porto Torres,894,541
04/05/2023,Porto,Olbia,1650,1768
04/05/2023,Porto,Golfo Aranci,329,299
04/05/2023,Porto,Cagliari,375,350
04/05/2023,Porto,Arbatax,0,106
04/05/2023,Aeroporto,Olbia,2850,2166
04/05/2023,Aeroporto,Cagliari,6742,6594
04/05/2023,Aeroporto,Alghero,2011,1800
03/05/2023,Porto,Porto Torres,638,814
03/05/2023,Porto,Olbia,2262,930
03/05/2023,Porto,Golfo Aranci,299,361
03/05/2023,Porto,Cagliari,209,183
03/05/2023,Porto,Arbatax,132,0
03/05/2023,Aeroporto,Olbia,1708,1885
03/05/2023,Aeroporto,Cagliari,5986,5865
03/05/2023,Aeroporto,Alghero,1364,1495
02/05/2023,Porto,Porto Torres,1008,618
02/05/2023,Porto,Olbia,2291,2568
02/05/2023,Porto,Golfo Aranci,271,421
02/05/2023,Porto,Cagliari,928,715
02/05/2023,Porto,Arbatax,0,162
02/05/2023,Aeroporto,Olbia,2384,2653
02/05/2023,Aeroporto,Cagliari,7711,7270
02/05/2023,Aeroporto,Alghero,2185,2309
01/05/2023,Porto,Porto Torres,1095,1214
01/05/2023,Porto,Olbia,2929,2653
01/05/2023,Porto,Golfo Aranci,399,636
01/05/2023,Porto,Cagliari,4,366
01/05/2023,Aeroporto,Olbia,3015,3641
01/05/2023,Aeroporto,Cagliari,6685,6394
01/05/2023,Aeroporto,Alghero,2425,2393
30/04/2023,Porto,Porto Torres,4202,3538
30/04/2023,Porto,Olbia,4252,6012
30/04/2023,Porto,Golfo Aranci,1190,1452
30/04/2023,Porto,Cagliari,834,0
30/04/2023,Porto,Arbatax,208,0
30/04/2023,Aeroporto,Olbia,3063,2904
30/04/2023,Aeroporto,Cagliari,8549,7715
30/04/2023,Aeroporto,Alghero,2261,2134
29/04/2023,Porto,Porto Torres,1766,2794
29/04/2023,Porto,Olbia,6788,5234
29/04/2023,Porto,Golfo Aranci,980,1464
29/04/2023,Porto,Cagliari,400,329
29/04/2023,Aeroporto,Olbia,3627,3018
29/04/2023,Aeroporto,Cagliari,8060,7236
29/04/2023,Aeroporto,Alghero,2325,2159
28/04/2023,Porto,Porto Torres,2888,1640
28/04/2023,Porto,Olbia,6632,5228
28/04/2023,Porto,Golfo Aranci,1050,744
28/04/2023,Porto,Cagliari,275,311
28/04/2023,Aeroporto,Olbia,4792,3809
28/04/2023,Aeroporto,Cagliari,7287,7257
28/04/2023,Aeroporto,Alghero,2055,2076
27/04/2023,Porto,Porto Torres,1010,2114
27/04/2023,Porto,Olbia,4370,3972
27/04/2023,Porto,Golfo Aranci,1146,598
27/04/2023,Porto,Cagliari,254,402
27/04/2023,Porto,Arbatax,0,132
27/04/2023,Aeroporto,Olbia,2550,2111
27/04/2023,Aeroporto,Cagliari,6763,6734
27/04/2023,Aeroporto,Alghero,2171,2065
26/04/2023,Porto,Porto Torres,1554,1226
26/04/2023,Porto,Olbia,4216,3714
26/04/2023,Porto,Golfo Aranci,650,598
26/04/2023,Porto,Cagliari,193,139
26/04/2023,Porto,Arbatax,212,0
26/04/2023,Aeroporto,Olbia,1824,2005
26/04/2023,Aeroporto,Cagliari,6275,6248
26/04/2023,Aeroporto,Alghero,1482,1651
25/04/2023,Porto,Porto Torres,1304,1826
25/04/2023,Porto,Olbia,4412,8828
25/04/2023,Porto,Golfo Aranci,538,0
25/04/2023,Porto,Cagliari,366,438
25/04/2023,Porto,Arbatax,0,195
25/04/2023,Aeroporto,Olbia,2145,2522
25/04/2023,Aeroporto,Cagliari,6444,7017
25/04/2023,Aeroporto,Alghero,2069,2191
24/04/2023,Porto,Porto Torres,1638,1228
24/04/2023,Porto,Olbia,6366,5534
24/04/2023,Porto,Golfo Aranci,490,1252
24/04/2023,Porto,Cagliari,2,436
24/04/2023,Aeroporto,Olbia,2633,2672
24/04/2023,Aeroporto,Cagliari,6340,6405
24/04/2023,Aeroporto,Alghero,2197,2182
23/04/2023,Porto,Porto Torres,3812,2420
23/04/2023,Porto,Olbia,6062,2718
23/04/2023,Porto,Golfo Aranci,980,356
23/04/2023,Porto,Cagliari,464,0
23/04/2023,Porto,Arbatax,294,0
23/04/2023,Aeroporto,Olbia,2847,2679
23/04/2023,Aeroporto,Cagliari,7797,7570
23/04/2023,Aeroporto,Alghero,2159,1785
22/04/2023,Porto,Porto Torres,4200,2602
22/04/2023,Porto,Olbia,9470,3648
22/04/2023,Porto,Golfo Aranci,2492,974
22/04/2023,Porto,Cagliari,527,461
22/04/2023,Aeroporto,Olbia,3631,2894
22/04/2023,Aeroporto,Cagliari,7923,6950
22/04/2023,Aeroporto,Alghero,2582,2330
21/04/2023,Porto,Porto Torres,6,3
21/04/2023,Porto,Golfo Aranci,749,543
21/04/2023,Porto,Cagliari,329,1
21/04/2023,Aeroporto,Olbia,4608,3318
21/04/2023,Aeroporto,Cagliari,7174,7552
21/04/2023,Aeroporto,Alghero,2487,1855
20/04/2023,Porto,Porto Torres,279,524
20/04/2023,Porto,Olbia,3,411
20/04/2023,Porto,Golfo Aranci,392,318
20/04/2023,Porto,Cagliari,248,444
20/04/2023,Porto,Arbatax,0,44
20/04/2023,Aeroporto,Olbia,2419,1902
20/04/2023,Aeroporto,Cagliari,6126,6452
20/04/2023,Aeroporto,Alghero,2019,1891
19/04/2023,Porto,Porto Torres,436,328
19/04/2023,Porto,Olbia,1697,1098
19/04/2023,Porto,Golfo Aranci,290,198
19/04/2023,Porto,Cagliari,150,159
19/04/2023,Porto,Arbatax,123,0
19/04/2023,Aeroporto,Olbia,1518,1601
19/04/2023,Aeroporto,Cagliari,5087,4860
19/04/2023,Aeroporto,Alghero,1211,1336
18/04/2023,Porto,Porto Torres,447,310
18/04/2023,Porto,Olbia,67,280
18/04/2023,Porto,Golfo Aranci,209,278
18/04/2023,Porto,Cagliari,3,1
18/04/2023,Porto,Arbatax,0,36
18/04/2023,Aeroporto,Olbia,1951,1837
18/04/2023,Aeroporto,Cagliari,5095,6896
18/04/2023,Aeroporto,Alghero,1593,1931
17/04/2023,Porto,Porto Torres,622,16
17/04/2023,Porto,Olbia,198,321
17/04/2023,Porto,Golfo Aranci,335,231
17/04/2023,Porto,Cagliari,0,165
17/04/2023,Aeroporto,Olbia,2501,2666
17/04/2023,Aeroporto,Cagliari,6178,7407
17/04/2023,Aeroporto,Alghero,1716,2188
16/04/2023,Porto,Porto Torres,204,343
16/04/2023,Porto,Olbia,281,1132
16/04/2023,Porto,Golfo Aranci,340,372
16/04/2023,Porto,Cagliari,3,0
16/04/2023,Porto,Arbatax,95,0
16/04/2023,Aeroporto,Olbia,2428,3020
16/04/2023,Aeroporto,Cagliari,6540,8033
16/04/2023,Aeroporto,Alghero,1845,2211
15/04/2023,Porto,Porto Torres,12,1000
15/04/2023,Porto,Olbia,3,1506
15/04/2023,Porto,Golfo Aranci,600,745
15/04/2023,Porto,Cagliari,427,279
15/04/2023,Aeroporto,Olbia,2707,3017
15/04/2023,Aeroporto,Cagliari,6718,7218
15/04/2023,Aeroporto,Alghero,1910,2250
14/04/2023,Porto,Porto Torres,445,945
14/04/2023,Porto,Olbia,73,673
14/04/2023,Porto,Cagliari,2,248
14/04/2023,Aeroporto,Olbia,3174,2726
14/04/2023,Aeroporto,Cagliari,6339,7321
14/04/2023,Aeroporto,Alghero,1674,1798
13/04/2023,Porto,Porto Torres,6,4
13/04/2023,Porto,Olbia,109,428
13/04/2023,Porto,Golfo Aranci,375,483
13/04/2023,Porto,Cagliari,719,329
13/04/2023,Porto,Arbatax,0,64
13/04/2023,Aeroporto,Olbia,2032,2310
13/04/2023,Aeroporto,Cagliari,6094,6831
13/04/2023,Aeroporto,Alghero,1870,2072
12/04/2023,Porto,Porto Torres,552,617
12/04/2023,Porto,Olbia,65,474
12/04/2023,Porto,Golfo Aranci,349,386
12/04/2023,Porto,Cagliari,242,180
12/04/2023,Porto,Arbatax,104,0
12/04/2023,Aeroporto,Olbia,1591,2192
12/04/2023,Aeroporto,Cagliari,5902,6639
12/04/2023,Aeroporto,Alghero,1467,1908
11/04/2023,Porto,Porto Torres,334,252
11/04/2023,Porto,Olbia,151,689
11/04/2023,Porto,Golfo Aranci,264,770
11/04/2023,Porto,Cagliari,496,2
11/04/2023,Porto,Arbatax,0,116
11/04/2023,Aeroporto,Olbia,2413,2914
11/04/2023,Aeroporto,Cagliari,7163,7617
11/04/2023,Aeroporto,Alghero,2063,2628
10/04/2023,Porto,Porto Torres,467,188
10/04/2023,Porto,Olbia,173,932
10/04/2023,Porto,Golfo Aranci,385,1187
10/04/2023,Porto,Cagliari,0,456
10/04/2023,Aeroporto,Olbia,2266,2758
10/04/2023,Aeroporto,Cagliari,6612,6863
10/04/2023,Aeroporto,Alghero,2181,2559
09/04/2023,Porto,Porto Torres,475,396
09/04/2023,Porto,Olbia,167,972
09/04/2023,Porto,Cagliari,152,94
09/04/2023,Porto,Arbatax,105,0
09/04/2023,Aeroporto,Olbia,2053,1673
09/04/2023,Aeroporto,Cagliari,6200,5638
09/04/2023,Aeroporto,Alghero,1680,1329
08/04/2023,Porto,Porto Torres,349,82
08/04/2023,Porto,Olbia,4,560
08/04/2023,Porto,Golfo Aranci,785,299
08/04/2023,Porto,Cagliari,276,239
08/04/2023,Aeroporto,Olbia,3090,2073
08/04/2023,Aeroporto,Cagliari,7059,6037
08/04/2023,Aeroporto,Alghero,2373,2194
07/04/2023,Porto,Porto Torres,424,205
07/04/2023,Porto,Olbia,644,555
07/04/2023,Porto,Golfo Aranci,980,0
07/04/2023,Porto,Cagliari,378,230
07/04/2023,Aeroporto,Olbia,3561,2164
07/04/2023,Aeroporto,Cagliari,7662,6888
07/04/2023,Aeroporto,Alghero,2297,1914
06/04/2023,Porto,Porto Torres,1148,426
06/04/2023,Porto,Olbia,556,309
06/04/2023,Porto,Golfo Aranci,349,284
06/04/2023,Porto,Cagliari,302,716
06/04/2023,Porto,Arbatax,0,82
06/04/2023,Aeroporto,Olbia,2893,1619
06/04/2023,Aeroporto,Cagliari,7482,6797
06/04/2023,Aeroporto,Alghero,2353,1871
05/04/2023,Porto,Porto Torres,3,5
05/04/2023,Porto,Olbia,184,316
05/04/2023,Porto,Golfo Aranci,441,188
05/04/2023,Porto,Cagliari,196,240
05/04/2023,Porto,Arbatax,143,0
05/04/2023,Aeroporto,Olbia,1988,1113
05/04/2023,Aeroporto,Cagliari,6361,5194
05/04/2023,Aeroporto,Alghero,1793,1313
04/04/2023,Porto,Porto Torres,556,304
04/04/2023,Porto,Olbia,114,216
04/04/2023,Porto,Golfo Aranci,392,149
04/04/2023,Porto,Cagliari,2,276
04/04/2023,Porto,Arbatax,0,40
04/04/2023,Aeroporto,Olbia,1888,958
04/04/2023,Aeroporto,Cagliari,7624,5257
04/04/2023,Aeroporto,Alghero,2077,1569
03/04/2023,Porto,Porto Torres,771,213
03/04/2023,Porto,Olbia,270,247
03/04/2023,Porto,Golfo Aranci,497,107
03/04/2023,Porto,Cagliari,0,143
03/04/2023,Aeroporto,Olbia,2307,1323
03/04/2023,Aeroporto,Cagliari,6496,5557
03/04/2023,Aeroporto,Alghero,2687,1797
02/04/2023,Porto,Porto Torres,1225,306
02/04/2023,Porto,Olbia,1,631
02/04/2023,Porto,Golfo Aranci,555,133
02/04/2023,Porto,Cagliari,268,1
02/04/2023,Porto,Arbatax,99,0
02/04/2023,Aeroporto,Olbia,2255,1480
02/04/2023,Aeroporto,Cagliari,6248,5111
02/04/2023,Aeroporto,Alghero,1705,1503
01/04/2023,Porto,Porto Torres,476,179
01/04/2023,Porto,Olbia,432,706
01/04/2023,Porto,Golfo Aranci,461,216
01/04/2023,Porto,Cagliari,1,16
01/04/2023,Aeroporto,Olbia,2494,1266
01/04/2023,Aeroporto,Cagliari,6653,5587
01/04/2023,Aeroporto,Alghero,2187,1984
31/03/2023,Porto,Porto Torres,7,3
31/03/2023,Porto,Olbia,62,343
31/03/2023,Porto,Golfo Aranci,258,25
31/03/2023,Porto,Cagliari,162,265
31/03/2023,Aeroporto,Olbia,2022,1630
31/03/2023,Aeroporto,Cagliari,6319,5963
31/03/2023,Aeroporto,Alghero,1960,1655
30/03/2023,Porto,Porto Torres,391,300
30/03/2023,Porto,Olbia,49,349
30/03/2023,Porto,Cagliari,240,425
30/03/2023,Porto,Arbatax,0,29
30/03/2023,Aeroporto,Olbia,1218,992
30/03/2023,Aeroporto,Cagliari,5647,4986
30/03/2023,Aeroporto,Alghero,1956,1810
29/03/2023,Porto,Porto Torres,4,9
29/03/2023,Porto,Olbia,34,266
29/03/2023,Porto,Golfo Aranci,258,140
29/03/2023,Porto,Cagliari,8,115
29/03/2023,Porto,Arbatax,76,0
29/03/2023,Aeroporto,Olbia,924,752
29/03/2023,Aeroporto,Cagliari,4911,4406
29/03/2023,Aeroporto,Alghero,1440,1089
28/03/2023,Porto,Porto Torres,360,290
28/03/2023,Porto,Olbia,23,247
28/03/2023,Porto,Cagliari,1,205
28/03/2023,Porto,Arbatax,0,32
28/03/2023,Aeroporto,Olbia,921,737
28/03/2023,Aeroporto,Cagliari,5519,4626
28/03/2023,Aeroporto,Alghero,1569,1675
27/03/2023,Porto,Olbia,110,401
27/03/2023,Porto,Cagliari,0,78
27/03/2023,Aeroporto,Olbia,1210,936
27/03/2023,Aeroporto,Cagliari,5971,6013
27/03/2023,Aeroporto,Alghero,1974,1685
26/03/2023,Porto,Porto Torres,154,212
26/03/2023,Porto,Olbia,263,798
26/03/2023,Porto,Cagliari,2,1
26/03/2023,Porto,Arbatax,57,0
26/03/2023,Aeroporto,Olbia,1127,1166
26/03/2023,Aeroporto,Cagliari,5855,5421
26/03/2023,Aeroporto,Alghero,1979,1659
25/03/2023,Porto,Porto Torres,450,406
25/03/2023,Porto,Olbia,349,739
25/03/2023,Porto,Cagliari,230,229
25/03/2023,Aeroporto,Olbia,688,555
25/03/2023,Aeroporto,Cagliari,4103,3767
25/03/2023,Aeroporto,Alghero,1147,992
24/03/2023,Porto,Porto Torres,3,1
24/03/2023,Porto,Olbia,22,277
24/03/2023,Porto,Golfo Aranci,264,162
24/03/2023,Porto,Cagliari,216,126
24/03/2023,Aeroporto,Olbia,985,1008
24/03/2023,Aeroporto,Cagliari,4472,4490
24/03/2023,Aeroporto,Alghero,1225,1302
23/03/2023,Porto,Porto Torres,355,286
23/03/2023,Porto,Olbia,37,256
23/03/2023,Porto,Cagliari,175,261
23/03/2023,Porto,Arbatax,0,25
23/03/2023,Aeroporto,Olbia,1439,1250
23/03/2023,Aeroporto,Cagliari,3432,3789
23/03/2023,Aeroporto,Alghero,1063,1078
22/03/2023,Porto,Porto Torres,5,5
22/03/2023,Porto,Olbia,32,281
22/03/2023,Porto,Golfo Aranci,201,135
22/03/2023,Porto,Cagliari,3,2
22/03/2023,Porto,Arbatax,101,0
22/03/2023,Aeroporto,Olbia,683,638
22/03/2023,Aeroporto,Cagliari,3469,3426
22/03/2023,Aeroporto,Alghero,669,653
21/03/2023,Porto,Porto Torres,397,225
21/03/2023,Porto,Olbia,38,237
21/03/2023,Porto,Cagliari,371,205
21/03/2023,Porto,Arbatax,0,25
21/03/2023,Aeroporto,Olbia,822,711
21/03/2023,Aeroporto,Cagliari,3595,3472
21/03/2023,Aeroporto,Alghero,1005,863
20/03/2023,Porto,Porto Torres,419,6
20/03/2023,Porto,Olbia,83,270
20/03/2023,Porto,Golfo Aranci,189,148
20/03/2023,Porto,Cagliari,0,117
20/03/2023,Aeroporto,Olbia,930,750
20/03/2023,Aeroporto,Cagliari,4873,4540
20/03/2023,Aeroporto,Alghero,992,844
19/03/2023,Porto,Porto Torres,337,108
19/03/2023,Porto,Olbia,277,818
19/03/2023,Porto,Cagliari,1,1
19/03/2023,Porto,Arbatax,57,0
19/03/2023,Aeroporto,Olbia,795,722
19/03/2023,Aeroporto,Cagliari,4007,4348
19/03/2023,Aeroporto,Alghero,1423,1614
18/03/2023,Porto,Porto Torres,220,164
18/03/2023,Porto,Olbia,2,670
18/03/2023,Porto,Cagliari,210,286
18/03/2023,Aeroporto,Olbia,774,594
18/03/2023,Aeroporto,Cagliari,3986,4118
18/03/2023,Aeroporto,Alghero,1129,1092
17/03/2023,Porto,Porto Torres,2,1
17/03/2023,Porto,Olbia,32,432
17/03/2023,Porto,Cagliari,149,157
17/03/2023,Aeroporto,Olbia,741,837
17/03/2023,Aeroporto,Cagliari,4372,4447
17/03/2023,Aeroporto,Alghero,1124,1254
16/03/2023,Porto,Porto Torres,316,288
16/03/2023,Porto,Olbia,32,238
16/03/2023,Porto,Cagliari,159,2
16/03/2023,Porto,Arbatax,0,41
16/03/2023,Aeroporto,Olbia,814,755
16/03/2023,Aeroporto,Cagliari,3555,3645
16/03/2023,Aeroporto,Alghero,1001,1075
15/03/2023,Porto,Porto Torres,2,0
15/03/2023,Porto,Olbia,32,208
15/03/2023,Porto,Cagliari,3,146
15/03/2023,Aeroporto,Olbia,626,546
15/03/2023,Aeroporto,Cagliari,3326,3409
15/03/2023,Aeroporto,Alghero,623,696
14/03/2023,Porto,Olbia,48,195
14/03/2023,Porto,Cagliari,260,258
14/03/2023,Porto,Arbatax,0,38
14/03/2023,Aeroporto,Olbia,678,777
14/03/2023,Aeroporto,Cagliari,3322,3205
14/03/2023,Aeroporto,Alghero,831,695
13/03/2023,Porto,Porto Torres,125,84
13/03/2023,Porto,Olbia,84,289
13/03/2023,Porto,Cagliari,1,101
13/03/2023,Aeroporto,Olbia,923,900
13/03/2023,Aeroporto,Cagliari,4881,4204
13/03/2023,Aeroporto,Alghero,861,819
12/03/2023,Porto,Porto Torres,161,117
12/03/2023,Porto,Olbia,159,597
12/03/2023,Porto,Cagliari,107,0
12/03/2023,Porto,Arbatax,60,0
12/03/2023,Aeroporto,Olbia,854,796
12/03/2023,Aeroporto,Cagliari,4006,4131
12/03/2023,Aeroporto,Alghero,1431,1523
11/03/2023,Porto,Olbia,760,600
11/03/2023,Porto,Cagliari,103,151
11/03/2023,Aeroporto,Olbia,683,547
11/03/2023,Aeroporto,Cagliari,3707,4007
11/03/2023,Aeroporto,Alghero,1109,1075
10/03/2023,Porto,Olbia,43,275
10/03/2023,Porto,Cagliari,132,155
10/03/2023,Aeroporto,Olbia,861,765
10/03/2023,Aeroporto,Cagliari,4375,4297
10/03/2023,Aeroporto,Alghero,1177,1300
09/03/2023,Porto,Porto Torres,246,269
09/03/2023,Porto,Olbia,27,261
09/03/2023,Porto,Cagliari,1,265
09/03/2023,Porto,Arbatax,0,23
09/03/2023,Aeroporto,Olbia,712,830
09/03/2023,Aeroporto,Cagliari,3283,3729
09/03/2023,Aeroporto,Alghero,895,1025
08/03/2023,Porto,Porto Torres,6,5
08/03/2023,Porto,Olbia,34,194
08/03/2023,Porto,Golfo Aranci,129,81
08/03/2023,Porto,Cagliari,6,2
08/03/2023,Porto,Arbatax,85,0
08/03/2023,Aeroporto,Olbia,558,566
08/03/2023,Aeroporto,Cagliari,3144,3073
08/03/2023,Aeroporto,Alghero,609,638
07/03/2023,Porto,Porto Torres,338,167
07/03/2023,Porto,Olbia,26,162
07/03/2023,Porto,Cagliari,3,129
07/03/2023,Porto,Arbatax,0,24
07/03/2023,Aeroporto,Olbia,579,499
07/03/2023,Aeroporto,Cagliari,3101,3233
07/03/2023,Aeroporto,Alghero,888,791
06/03/2023,Porto,Porto Torres,440,6
06/03/2023,Porto,Olbia,90,1
06/03/2023,Porto,Golfo Aranci,124,226
06/03/2023,Porto,Cagliari,1,2
06/03/2023,Aeroporto,Olbia,954,822
06/03/2023,Aeroporto,Cagliari,4439,4336
06/03/2023,Aeroporto,Alghero,866,761
05/03/2023,Porto,Porto Torres,152,110
05/03/2023,Porto,Olbia,170,458
05/03/2023,Porto,Cagliari,177,151
05/03/2023,Porto,Arbatax,41,0
05/03/2023,Aeroporto,Olbia,878,776
05/03/2023,Aeroporto,Cagliari,3843,4273
05/03/2023,Aeroporto,Alghero,1413,1535
04/03/2023,Porto,Porto Torres,132,177
04/03/2023,Porto,Olbia,262,575
04/03/2023,Porto,Cagliari,153,255
04/03/2023,Aeroporto,Olbia,607,530
04/03/2023,Aeroporto,Cagliari,3633,3660
04/03/2023,Aeroporto,Alghero,1201,1008
03/03/2023,Porto,Porto Torres,5,3
03/03/2023,Porto,Olbia,22,302
03/03/2023,Porto,Golfo Aranci,145,43
03/03/2023,Porto,Cagliari,1,189
03/03/2023,Aeroporto,Olbia,780,959
03/03/2023,Aeroporto,Cagliari,4075,4442
03/03/2023,Aeroporto,Alghero,1074,1300
02/03/2023,Porto,Porto Torres,237,237
02/03/2023,Porto,Olbia,13,200
02/03/2023,Porto,Cagliari,114,201
02/03/2023,Porto,Arbatax,0,57
02/03/2023,Aeroporto,Olbia,672,729
02/03/2023,Aeroporto,Cagliari,3112,3577
02/03/2023,Aeroporto,Alghero,865,860
01/03/2023,Porto,Porto Torres,5,5
01/03/2023,Porto,Olbia,11,177
01/03/2023,Porto,Golfo Aranci,119,131
01/03/2023,Porto,Cagliari,2,101
01/03/2023,Porto,Arbatax,56,0
01/03/2023,Aeroporto,Olbia,529,574
01/03/2023,Aeroporto,Cagliari,3170,3351
01/03/2023,Aeroporto,Alghero,574,608
28/02/2023,Porto,Porto Torres,236,222
28/02/2023,Porto,Olbia,16,187
28/02/2023,Porto,Cagliari,1,186
28/02/2023,Porto,Arbatax,0,31
28/02/2023,Aeroporto,Olbia,619,641
28/02/2023,Aeroporto,Cagliari,2970,3038
28/02/2023,Aeroporto,Alghero,674,723
27/02/2023,Porto,Porto Torres,272,8
27/02/2023,Porto,Olbia,87,221
27/02/2023,Porto,Golfo Aranci,116,170
27/02/2023,Porto,Cagliari,1,1
27/02/2023,Aeroporto,Olbia,787,786
27/02/2023,Aeroporto,Cagliari,4503,4609
27/02/2023,Aeroporto,Alghero,737,758
26/02/2023,Porto,Porto Torres,106,103
26/02/2023,Porto,Olbia,143,567
26/02/2023,Porto,Cagliari,5,0
26/02/2023,Porto,Arbatax,66,0
26/02/2023,Aeroporto,Olbia,830,968
26/02/2023,Aeroporto,Cagliari,4289,4295
26/02/2023,Aeroporto,Alghero,1373,1540
25/02/2023,Porto,Porto Torres,357,487
25/02/2023,Porto,Olbia,1,747
25/02/2023,Porto,Cagliari,1,197
25/02/2023,Aeroporto,Olbia,715,769
25/02/2023,Aeroporto,Cagliari,3799,3972
25/02/2023,Aeroporto,Alghero,938,1055
24/02/2023,Porto,Porto Torres,8,2
24/02/2023,Porto,Olbia,13,304
24/02/2023,Porto,Golfo Aranci,171,77
24/02/2023,Porto,Cagliari,1,1
24/02/2023,Aeroporto,Olbia,837,846
24/02/2023,Aeroporto,Cagliari,4304,4555
24/02/2023,Aeroporto,Alghero,1170,1295
23/02/2023,Porto,Porto Torres,215,263
23/02/2023,Porto,Olbia,45,280
23/02/2023,Porto,Cagliari,1,263
23/02/2023,Porto,Arbatax,1,40
23/02/2023,Aeroporto,Olbia,904,844
23/02/2023,Aeroporto,Cagliari,3613,3740
23/02/2023,Aeroporto,Alghero,952,901
22/02/2023,Porto,Porto Torres,7,2
22/02/2023,Porto,Olbia,15,202
22/02/2023,Porto,Golfo Aranci,132,156
22/02/2023,Porto,Cagliari,1,1
22/02/2023,Porto,Arbatax,70,0
22/02/2023,Aeroporto,Olbia,689,667
22/02/2023,Aeroporto,Cagliari,3377,3544
22/02/2023,Aeroporto,Alghero,533,622
21/02/2023,Porto,Porto Torres,305,230
21/02/2023,Porto,Olbia,24,214
21/02/2023,Porto,Cagliari,3,151
21/02/2023,Porto,Arbatax,0,53
21/02/2023,Aeroporto,Olbia,688,625
21/02/2023,Aeroporto,Cagliari,3415,3165
21/02/2023,Aeroporto,Alghero,750,710
20/02/2023,Porto,Porto Torres,304,9
20/02/2023,Porto,Olbia,68,254
20/02/2023,Porto,Golfo Aranci,149,157
20/02/2023,Porto,Cagliari,0,102
20/02/2023,Aeroporto,Olbia,880,779
20/02/2023,Aeroporto,Cagliari,4895,4667
20/02/2023,Aeroporto,Alghero,683,639
19/02/2023,Porto,Porto Torres,155,86
19/02/2023,Porto,Olbia,246,651
19/02/2023,Porto,Cagliari,282,119
19/02/2023,Porto,Arbatax,63,0
19/02/2023,Aeroporto,Olbia,783,748
19/02/2023,Aeroporto,Cagliari,4262,4177
19/02/2023,Aeroporto,Alghero,1399,1385
18/02/2023,Porto,Porto Torres,231,194
18/02/2023,Porto,Olbia,321,661
18/02/2023,Porto,Cagliari,192,174
18/02/2023,Aeroporto,Olbia,738,766
18/02/2023,Aeroporto,Cagliari,4339,4043
18/02/2023,Aeroporto,Alghero,990,931
17/02/2023,Porto,Porto Torres,4,3
17/02/2023,Porto,Olbia,20,238
17/02/2023,Porto,Golfo Aranci,243,150
17/02/2023,Porto,Cagliari,1,163
17/02/2023,Aeroporto,Olbia,911,854
17/02/2023,Aeroporto,Cagliari,4519,4433
17/02/2023,Aeroporto,Alghero,1036,880
16/02/2023,Porto,Porto Torres,307,248
16/02/2023,Porto,Olbia,27,242
16/02/2023,Porto,Cagliari,139,280
16/02/2023,Porto,Arbatax,0,36
16/02/2023,Aeroporto,Olbia,777,824
16/02/2023,Aeroporto,Cagliari,3585,3512
16/02/2023,Aeroporto,Alghero,1286,1186
15/02/2023,Porto,Porto Torres,7,6
15/02/2023,Porto,Olbia,4,540
15/02/2023,Porto,Golfo Aranci,123,100
15/02/2023,Porto,Cagliari,1,85
15/02/2023,Porto,Arbatax,42,0
15/02/2023,Aeroporto,Olbia,687,647
15/02/2023,Aeroporto,Cagliari,3603,3148
15/02/2023,Aeroporto,Alghero,814,801
14/02/2023,Porto,Porto Torres,276,165
14/02/2023,Porto,Olbia,21,171
14/02/2023,Porto,Cagliari,2,117
14/02/2023,Porto,Arbatax,0,14
14/02/2023,Aeroporto,Olbia,714,762
14/02/2023,Aeroporto,Cagliari,2958,2893
14/02/2023,Aeroporto,Alghero,879,921
13/02/2023,Porto,Porto Torres,306,7
13/02/2023,Porto,Olbia,56,209
13/02/2023,Porto,Golfo Aranci,141,122
13/02/2023,Porto,Cagliari,4,2
13/02/2023,Aeroporto,Olbia,763,682
13/02/2023,Aeroporto,Cagliari,4445,4201
13/02/2023,Aeroporto,Alghero,936,928
12/02/2023,Porto,Porto Torres,73,118
12/02/2023,Porto,Olbia,1,455
12/02/2023,Porto,Cagliari,217,55
12/02/2023,Porto,Arbatax,40,0
12/02/2023,Aeroporto,Olbia,1188,1121
12/02/2023,Aeroporto,Cagliari,4316,4124
12/02/2023,Aeroporto,Alghero,1707,1709
11/02/2023,Porto,Porto Torres,306,272
11/02/2023,Porto,Olbia,192,616
11/02/2023,Porto,Cagliari,1,125
11/02/2023,Aeroporto,Olbia,706,694
11/02/2023,Aeroporto,Cagliari,3745,3821
11/02/2023,Aeroporto,Alghero,1146,1033
10/02/2023,Porto,Porto Torres,192,5
10/02/2023,Porto,Olbia,19,189
10/02/2023,Porto,Golfo Aranci,139,125
10/02/2023,Porto,Cagliari,117,2
10/02/2023,Aeroporto,Olbia,760,883
10/02/2023,Aeroporto,Cagliari,4083,4351
10/02/2023,Aeroporto,Alghero,1271,1331
09/02/2023,Porto,Porto Torres,244,206
09/02/2023,Porto,Olbia,13,195
09/02/2023,Porto,Cagliari,98,161
09/02/2023,Aeroporto,Olbia,881,886
09/02/2023,Aeroporto,Cagliari,3037,3570
09/02/2023,Aeroporto,Alghero,1001,1069
08/02/2023,Porto,Porto Torres,2,6
08/02/2023,Porto,Olbia,15,156
08/02/2023,Porto,Golfo Aranci,86,101
08/02/2023,Porto,Cagliari,81,68
08/02/2023,Porto,Arbatax,56,0
08/02/2023,Aeroporto,Olbia,572,570
08/02/2023,Aeroporto,Cagliari,3025,2966
08/02/2023,Aeroporto,Alghero,675,771
07/02/2023,Porto,Porto Torres,205,170
07/02/2023,Porto,Olbia,14,161
07/02/2023,Porto,Cagliari,195,137
07/02/2023,Porto,Arbatax,0,15
07/02/2023,Aeroporto,Olbia,594,506
07/02/2023,Aeroporto,Cagliari,2813,2631
07/02/2023,Aeroporto,Alghero,807,764
06/02/2023,Porto,Porto Torres,237,9
06/02/2023,Porto,Olbia,47,197
06/02/2023,Porto,Golfo Aranci,123,121
06/02/2023,Porto,Cagliari,1,2
06/02/2023,Aeroporto,Olbia,835,720
06/02/2023,Aeroporto,Cagliari,4432,3804
06/02/2023,Aeroporto,Alghero,1153,791
05/02/2023,Porto,Porto Torres,333,92
05/02/2023,Porto,Olbia,138,389
05/02/2023,Porto,Cagliari,293,1
05/02/2023,Porto,Arbatax,41,0
05/02/2023,Aeroporto,Olbia,856,975
05/02/2023,Aeroporto,Cagliari,4123,3901
05/02/2023,Aeroporto,Alghero,1527,1619
04/02/2023,Porto,Porto Torres,113,93
04/02/2023,Porto,Olbia,184,644
04/02/2023,Porto,Cagliari,129,1
04/02/2023,Aeroporto,Olbia,498,585
04/02/2023,Aeroporto,Cagliari,3620,3788
04/02/2023,Aeroporto,Alghero,1001,1020
03/02/2023,Porto,Porto Torres,238,2
03/02/2023,Porto,Olbia,190,11
03/02/2023,Porto,Golfo Aranci,129,93
03/02/2023,Porto,Cagliari,118,148
03/02/2023,Aeroporto,Olbia,765,839
03/02/2023,Aeroporto,Cagliari,3793,4332
03/02/2023,Aeroporto,Alghero,1208,1315
02/02/2023,Porto,Porto Torres,210,198
02/02/2023,Porto,Olbia,192,7
02/02/2023,Porto,Cagliari,101,166
02/02/2023,Porto,Arbatax,0,19
02/02/2023,Aeroporto,Olbia,684,778
02/02/2023,Aeroporto,Cagliari,2954,3452
02/02/2023,Aeroporto,Alghero,883,1083
01/02/2023,Porto,Porto Torres,205,9
01/02/2023,Porto,Olbia,5,163
01/02/2023,Porto,Golfo Aranci,76,88
01/02/2023,Porto,Cagliari,73,82
01/02/2023,Porto,Arbatax,64,0
01/02/2023,Aeroporto,Olbia,577,636
01/02/2023,Aeroporto,Cagliari,2881,2831
01/02/2023,Aeroporto,Alghero,746,699
31/01/2023,Porto,Porto Torres,202,3
31/01/2023,Porto,Olbia,14,34
31/01/2023,Porto,Cagliari,1,122
31/01/2023,Porto,Arbatax,0,14
31/01/2023,Aeroporto,Olbia,603,545
31/01/2023,Aeroporto,Cagliari,2987,2680
31/01/2023,Aeroporto,Alghero,721,720
30/01/2023,Porto,Porto Torres,251,7
30/01/2023,Porto,Olbia,64,59
30/01/2023,Porto,Golfo Aranci,137,96
30/01/2023,Porto,Cagliari,0,56
30/01/2023,Aeroporto,Olbia,820,632
30/01/2023,Aeroporto,Cagliari,4452,3897
30/01/2023,Aeroporto,Alghero,881,852
29/01/2023,Porto,Porto Torres,276,108
29/01/2023,Porto,Olbia,133,470
29/01/2023,Porto,Cagliari,55,0
29/01/2023,Porto,Arbatax,26,0
29/01/2023,Aeroporto,Olbia,865,854
29/01/2023,Aeroporto,Cagliari,4161,4192
29/01/2023,Aeroporto,Alghero,1689,1566
28/01/2023,Porto,Porto Torres,252,255
28/01/2023,Porto,Olbia,194,358
28/01/2023,Porto,Cagliari,114,2
28/01/2023,Aeroporto,Olbia,531,568
28/01/2023,Aeroporto,Cagliari,3515,3488
28/01/2023,Aeroporto,Alghero,1020,990
27/01/2023,Porto,Porto Torres,203,2
27/01/2023,Porto,Olbia,192,14
27/01/2023,Porto,Golfo Aranci,98,115
27/01/2023,Porto,Cagliari,100,5
27/01/2023,Aeroporto,Olbia,792,856
27/01/2023,Aeroporto,Cagliari,4095,4535
27/01/2023,Aeroporto,Alghero,1196,1222
26/01/2023,Porto,Porto Torres,165,171
26/01/2023,Porto,Olbia,195,16
26/01/2023,Porto,Cagliari,103,162
26/01/2023,Porto,Arbatax,0,26
26/01/2023,Aeroporto,Olbia,726,791
26/01/2023,Aeroporto,Cagliari,3246,3445
26/01/2023,Aeroporto,Alghero,993,1178
25/01/2023,Porto,Porto Torres,6,6
25/01/2023,Porto,Olbia,6,17
25/01/2023,Porto,Golfo Aranci,107,100
25/01/2023,Porto,Cagliari,86,73
25/01/2023,Porto,Arbatax,59,0
25/01/2023,Aeroporto,Olbia,602,581
25/01/2023,Aeroporto,Cagliari,3075,3123
25/01/2023,Aeroporto,Alghero,808,900
24/01/2023,Porto,Porto Torres,228,176
24/01/2023,Porto,Olbia,13,18
24/01/2023,Porto,Cagliari,229,106
24/01/2023,Porto,Arbatax,0,27
24/01/2023,Aeroporto,Olbia,607,524
24/01/2023,Aeroporto,Cagliari,2802,2799
24/01/2023,Aeroporto,Alghero,854,788
23/01/2023,Porto,Porto Torres,277,6
23/01/2023,Porto,Olbia,61,53
23/01/2023,Porto,Golfo Aranci,94,111
23/01/2023,Porto,Cagliari,4,2
23/01/2023,Aeroporto,Olbia,791,686
23/01/2023,Aeroporto,Cagliari,4326,3993
23/01/2023,Aeroporto,Alghero,812,817
22/01/2023,Porto,Porto Torres,64,82
22/01/2023,Porto,Olbia,136,327
22/01/2023,Porto,Cagliari,85,2
22/01/2023,Porto,Arbatax,38,0
22/01/2023,Aeroporto,Olbia,912,928
22/01/2023,Aeroporto,Cagliari,4003,3940
22/01/2023,Aeroporto,Alghero,1674,1598
21/01/2023,Porto,Porto Torres,105,132
21/01/2023,Porto,Olbia,213,176
21/01/2023,Porto,Cagliari,0,4
21/01/2023,Aeroporto,Olbia,532,573
21/01/2023,Aeroporto,Cagliari,3394,3658
21/01/2023,Aeroporto,Alghero,1062,980
20/01/2023,Porto,Porto Torres,213,2
20/01/2023,Porto,Olbia,195,22
20/01/2023,Porto,Golfo Aranci,126,176
20/01/2023,Porto,Cagliari,84,125
20/01/2023,Aeroporto,Olbia,785,807
20/01/2023,Aeroporto,Cagliari,4001,4255
20/01/2023,Aeroporto,Alghero,1195,1322
19/01/2023,Porto,Olbia,207,12
19/01/2023,Porto,Cagliari,4,196
19/01/2023,Porto,Arbatax,0,27
19/01/2023,Aeroporto,Olbia,645,843
19/01/2023,Aeroporto,Cagliari,3054,3386
19/01/2023,Aeroporto,Alghero,930,1031
18/01/2023,Porto,Olbia,154,12
18/01/2023,Porto,Golfo Aranci,64,167
18/01/2023,Porto,Cagliari,80,121
18/01/2023,Porto,Arbatax,51,0
18/01/2023,Aeroporto,Olbia,536,654
18/01/2023,Aeroporto,Cagliari,2901,3144
18/01/2023,Aeroporto,Alghero,722,771
17/01/2023,Porto,Olbia,185,230
17/01/2023,Porto,Cagliari,177,1
17/01/2023,Porto,Arbatax,0,32
17/01/2023,Aeroporto,Olbia,597,598
17/01/2023,Aeroporto,Cagliari,2519,2660
17/01/2023,Aeroporto,Alghero,696,675
16/01/2023,Porto,Porto Torres,296,8
16/01/2023,Porto,Olbia,63,69
16/01/2023,Porto,Golfo Aranci,175,140
16/01/2023,Porto,Cagliari,1,90
16/01/2023,Aeroporto,Olbia,688,539
16/01/2023,Aeroporto,Cagliari,3970,4062
16/01/2023,Aeroporto,Alghero,790,820
15/01/2023,Porto,Porto Torres,148,122
15/01/2023,Porto,Olbia,217,400
15/01/2023,Porto,Cagliari,107,0
15/01/2023,Porto,Arbatax,49,0
15/01/2023,Aeroporto,Olbia,955,888
15/01/2023,Aeroporto,Cagliari,4050,4123
15/01/2023,Aeroporto,Alghero,1552,1697
14/01/2023,Porto,Porto Torres,214,366
14/01/2023,Porto,Olbia,195,620
14/01/2023,Porto,Cagliari,225,175
14/01/2023,Aeroporto,Olbia,650,604
14/01/2023,Aeroporto,Cagliari,3635,3726
14/01/2023,Aeroporto,Alghero,1183,877
13/01/2023,Porto,Porto Torres,177,3
13/01/2023,Porto,Olbia,178,16
13/01/2023,Porto,Golfo Aranci,146,162
13/01/2023,Porto,Cagliari,193,385
13/01/2023,Aeroporto,Olbia,794,770
13/01/2023,Aeroporto,Cagliari,3857,4188
13/01/2023,Aeroporto,Alghero,991,1179
12/01/2023,Porto,Porto Torres,242,225
12/01/2023,Porto,Olbia,199,8
12/01/2023,Porto,Cagliari,189,230
12/01/2023,Porto,Arbatax,0,41
12/01/2023,Aeroporto,Olbia,654,722
12/01/2023,Aeroporto,Cagliari,2798,3307
12/01/2023,Aeroporto,Alghero,863,1113
11/01/2023,Porto,Porto Torres,255,2
11/01/2023,Porto,Olbia,4,15
11/01/2023,Porto,Golfo Aranci,144,135
11/01/2023,Porto,Cagliari,203,2
11/01/2023,Porto,Arbatax,84,0
11/01/2023,Aeroporto,Olbia,556,546
11/01/2023,Aeroporto,Cagliari,2904,3285
11/01/2023,Aeroporto,Alghero,827,842
10/01/2023,Porto,Olbia,22,19
10/01/2023,Porto,Cagliari,8,4
10/01/2023,Aeroporto,Olbia,581,637
10/01/2023,Aeroporto,Cagliari,2499,3250
10/01/2023,Aeroporto,Alghero,863,829
09/01/2023,Porto,Olbia,461,157
09/01/2023,Porto,Golfo Aranci,267,225
09/01/2023,Porto,Cagliari,0,177
09/01/2023,Aeroporto,Olbia,1028,1212
09/01/2023,Aeroporto,Cagliari,4362,5128
09/01/2023,Aeroporto,Alghero,994,1236
08/01/2023,Porto,Porto Torres,317,248
08/01/2023,Porto,Olbia,672,1247
08/01/2023,Porto,Golfo Aranci,120,106
08/01/2023,Porto,Cagliari,262,0
08/01/2023,Porto,Arbatax,80,0
08/01/2023,Aeroporto,Olbia,1485,1658
08/01/2023,Aeroporto,Cagliari,4616,5181
08/01/2023,Aeroporto,Alghero,2006,2243
07/01/2023,Porto,Porto Torres,539,1426
07/01/2023,Porto,Olbia,344,1848
07/01/2023,Porto,Golfo Aranci,330,1229
07/01/2023,Porto,Cagliari,542,280
07/01/2023,Aeroporto,Olbia,1067,1321
07/01/2023,Aeroporto,Cagliari,3992,4762
07/01/2023,Aeroporto,Alghero,1551,1641
06/01/2023,Porto,Porto Torres,5,1178
06/01/2023,Porto,Olbia,401,2561
06/01/2023,Porto,Golfo Aranci,284,1003
06/01/2023,Porto,Cagliari,250,309
06/01/2023,Aeroporto,Olbia,1195,1428
06/01/2023,Aeroporto,Cagliari,4796,4985
06/01/2023,Aeroporto,Alghero,1378,1758
05/01/2023,Porto,Porto Torres,477,942
05/01/2023,Porto,Olbia,257,91
05/01/2023,Porto,Golfo Aranci,340,1004
05/01/2023,Porto,Cagliari,528,1
05/01/2023,Porto,Arbatax,0,70
05/01/2023,Aeroporto,Olbia,1373,1324
05/01/2023,Aeroporto,Cagliari,3562,4393
05/01/2023,Aeroporto,Alghero,1366,1499
04/01/2023,Porto,Porto Torres,307,338
04/01/2023,Porto,Olbia,5,175
04/01/2023,Porto,Golfo Aranci,348,467
04/01/2023,Porto,Cagliari,199,233
04/01/2023,Porto,Arbatax,117,0
04/01/2023,Aeroporto,Olbia,1123,1256
04/01/2023,Aeroporto,Cagliari,3764,4249
04/01/2023,Aeroporto,Alghero,1024,1289
03/01/2023,Porto,Porto Torres,739,386
03/01/2023,Porto,Olbia,24,332
03/01/2023,Porto,Golfo Aranci,465,534
03/01/2023,Porto,Cagliari,539,3
03/01/2023,Porto,Arbatax,0,80
03/01/2023,Aeroporto,Olbia,951,1119
03/01/2023,Aeroporto,Cagliari,4258,4574
03/01/2023,Aeroporto,Alghero,1474,1703
02/01/2023,Porto,Porto Torres,424,923
02/01/2023,Porto,Olbia,1110,1990
02/01/2023,Porto,Golfo Aranci,579,799
02/01/2023,Porto,Cagliari,0,250
02/01/2023,Aeroporto,Olbia,1158,1321
02/01/2023,Aeroporto,Cagliari,5174,5949
02/01/2023,Aeroporto,Alghero,1441,1554
01/01/2023,Porto,Porto Torres,345,865
01/01/2023,Porto,Olbia,87,1371
01/01/2023,Porto,Golfo Aranci,0,1374
01/01/2023,Porto,Cagliari,69,0
01/01/2023,Porto,Arbatax,56,0
01/01/2023,Aeroporto,Olbia,1142,1388
01/01/2023,Aeroporto,Cagliari,3374,4361
01/01/2023,Aeroporto,Alghero,1716,2092
31/12/2022,Porto,Porto Torres,747,400
31/12/2022,Porto,Olbia,596,116
31/12/2022,Porto,Golfo Aranci,627,0
31/12/2022,Porto,Cagliari,347,177
31/12/2022,Aeroporto,Olbia,872,1011
31/12/2022,Aeroporto,Cagliari,3192,3892
31/12/2022,Aeroporto,Alghero,811,1140
30/12/2022,Porto,Porto Torres,626,948
30/12/2022,Porto,Olbia,0,2075
30/12/2022,Porto,Golfo Aranci,576,637
30/12/2022,Porto,Cagliari,279,376
30/12/2022,Aeroporto,Olbia,1362,1546
30/12/2022,Aeroporto,Cagliari,4969,5823
30/12/2022,Aeroporto,Alghero,1583,1734
29/12/2022,Porto,Porto Torres,715,349
29/12/2022,Porto,Olbia,0,1925
29/12/2022,Porto,Golfo Aranci,541,603
29/12/2022,Porto,Cagliari,453,648
29/12/2022,Porto,Arbatax,0,62
29/12/2022,Aeroporto,Olbia,1131,1323
29/12/2022,Aeroporto,Cagliari,4141,4771
29/12/2022,Aeroporto,Alghero,1425,1714
28/12/2022,Porto,Porto Torres,788,684
28/12/2022,Porto,Olbia,0,2032
28/12/2022,Porto,Golfo Aranci,729,434
28/12/2022,Porto,Cagliari,165,2
28/12/2022,Porto,Arbatax,183,0
28/12/2022,Aeroporto,Olbia,1198,1241
28/12/2022,Aeroporto,Cagliari,4250,4554
28/12/2022,Aeroporto,Alghero,1226,1705
27/12/2022,Porto,Porto Torres,740,254
27/12/2022,Porto,Olbia,0,1847
27/12/2022,Porto,Golfo Aranci,704,481
27/12/2022,Porto,Cagliari,260,487
27/12/2022,Porto,Arbatax,0,87
27/12/2022,Aeroporto,Olbia,1037,1035
27/12/2022,Aeroporto,Cagliari,4475,4365
27/12/2022,Aeroporto,Alghero,1009,1234
26/12/2022,Porto,Porto Torres,403,543
26/12/2022,Porto,Olbia,0,1738
26/12/2022,Porto,Golfo Aranci,382,384
26/12/2022,Porto,Cagliari,0,452
26/12/2022,Aeroporto,Olbia,1025,1058
26/12/2022,Aeroporto,Cagliari,4437,4822
26/12/2022,Aeroporto,Alghero,1174,1476
25/12/2022,Porto,Porto Torres,635,135
25/12/2022,Porto,Olbia,0,569
25/12/2022,Porto,Golfo Aranci,0,216
25/12/2022,Porto,Cagliari,132,1
25/12/2022,Porto,Arbatax,114,0
25/12/2022,Aeroporto,Olbia,595,320
25/12/2022,Aeroporto,Cagliari,1233,1028
25/12/2022,Aeroporto,Alghero,429,310
24/12/2022,Porto,Porto Torres,539,108
24/12/2022,Porto,Olbia,0,169
24/12/2022,Porto,Golfo Aranci,555,61
24/12/2022,Porto,Cagliari,346,1
24/12/2022,Aeroporto,Olbia,1419,987
24/12/2022,Aeroporto,Cagliari,4427,3378
24/12/2022,Aeroporto,Alghero,1216,758
23/12/2022,Porto,Porto Torres,1401,233
23/12/2022,Porto,Olbia,0,1992
23/12/2022,Porto,Golfo Aranci,918,28
23/12/2022,Porto,Cagliari,534,361
23/12/2022,Aeroporto,Olbia,1647,1259
23/12/2022,Aeroporto,Cagliari,5508,5040
23/12/2022,Aeroporto,Alghero,2287,1758
22/12/2022,Porto,Porto Torres,840,794
22/12/2022,Porto,Olbia,392,34
22/12/2022,Porto,Cagliari,260,907
22/12/2022,Porto,Arbatax,0,108
22/12/2022,Aeroporto,Olbia,1421,1079
22/12/2022,Aeroporto,Cagliari,5299,4445
22/12/2022,Aeroporto,Alghero,1742,1492
21/12/2022,Porto,Porto Torres,3,6
21/12/2022,Porto,Olbia,2,120
21/12/2022,Porto,Golfo Aranci,342,386
21/12/2022,Porto,Cagliari,243,1
21/12/2022,Porto,Arbatax,130,0
21/12/2022,Aeroporto,Olbia,1286,1055
21/12/2022,Aeroporto,Cagliari,4824,3599
21/12/2022,Aeroporto,Alghero,1484,921
20/12/2022,Porto,Porto Torres,388,381
20/12/2022,Porto,Olbia,18,14
20/12/2022,Porto,Cagliari,295,420
20/12/2022,Porto,Arbatax,0,52
20/12/2022,Aeroporto,Olbia,953,822
20/12/2022,Aeroporto,Cagliari,4313,3383
20/12/2022,Aeroporto,Alghero,1484,973
19/12/2022,Porto,Porto Torres,405,10
19/12/2022,Porto,Olbia,97,78
19/12/2022,Porto,Golfo Aranci,0,358
19/12/2022,Porto,Cagliari,1,3
19/12/2022,Aeroporto,Olbia,1194,886
19/12/2022,Aeroporto,Cagliari,5255,3819
19/12/2022,Aeroporto,Alghero,1409,937
18/12/2022,Porto,Porto Torres,1,218
18/12/2022,Porto,Olbia,190,459
18/12/2022,Porto,Golfo Aranci,226,0
18/12/2022,Porto,Cagliari,175,0
18/12/2022,Porto,Arbatax,52,0
18/12/2022,Aeroporto,Olbia,1374,1108
18/12/2022,Aeroporto,Cagliari,4627,3344
18/12/2022,Aeroporto,Alghero,1859,1494
17/12/2022,Porto,Porto Torres,393,463
17/12/2022,Porto,Olbia,320,700
17/12/2022,Porto,Cagliari,211,609
17/12/2022,Aeroporto,Olbia,1043,798
17/12/2022,Aeroporto,Cagliari,4349,3258
17/12/2022,Aeroporto,Alghero,1364,1058
16/12/2022,Porto,Porto Torres,283,3
16/12/2022,Porto,Olbia,175,16
16/12/2022,Porto,Golfo Aranci,147,143
16/12/2022,Porto,Cagliari,153,274
16/12/2022,Aeroporto,Olbia,1222,1247
16/12/2022,Aeroporto,Cagliari,4701,4359
16/12/2022,Aeroporto,Alghero,1530,1365
15/12/2022,Porto,Porto Torres,241,286
15/12/2022,Porto,Olbia,216,4
15/12/2022,Porto,Cagliari,165,267
15/12/2022,Porto,Arbatax,0,42
15/12/2022,Aeroporto,Olbia,970,973
15/12/2022,Aeroporto,Cagliari,3795,3807
15/12/2022,Aeroporto,Alghero,1181,1341
14/12/2022,Porto,Porto Torres,210,6
14/12/2022,Porto,Olbia,6,41
14/12/2022,Porto,Golfo Aranci,109,165
14/12/2022,Porto,Cagliari,131,1
14/12/2022,Porto,Arbatax,65,1
14/12/2022,Aeroporto,Olbia,642,702
14/12/2022,Aeroporto,Cagliari,3664,3575
14/12/2022,Aeroporto,Alghero,997,1058
13/12/2022,Porto,Porto Torres,377,290
13/12/2022,Porto,Olbia,10,20
13/12/2022,Porto,Cagliari,350,219
13/12/2022,Porto,Arbatax,0,35
13/12/2022,Aeroporto,Olbia,793,854
13/12/2022,Aeroporto,Cagliari,3511,3363
13/12/2022,Aeroporto,Alghero,967,814
12/12/2022,Porto,Porto Torres,2,245
12/12/2022,Porto,Olbia,116,153
12/12/2022,Porto,Golfo Aranci,239,177
12/12/2022,Porto,Cagliari,1,1
12/12/2022,Aeroporto,Olbia,1157,971
12/12/2022,Aeroporto,Cagliari,4884,4579
12/12/2022,Aeroporto,Alghero,1247,1129
11/12/2022,Porto,Olbia,314,465
11/12/2022,Porto,Cagliari,1,1
11/12/2022,Aeroporto,Olbia,1173,1255
11/12/2022,Aeroporto,Cagliari,4425,4251
11/12/2022,Aeroporto,Alghero,1808,1707
10/12/2022,Porto,Porto Torres,214,611
10/12/2022,Porto,Olbia,214,1010
10/12/2022,Porto,Cagliari,261,0
10/12/2022,Aeroporto,Olbia,764,727
10/12/2022,Aeroporto,Cagliari,3780,3636
10/12/2022,Aeroporto,Alghero,1228,1000
09/12/2022,Porto,Porto Torres,216,342
09/12/2022,Porto,Olbia,175,60
09/12/2022,Porto,Golfo Aranci,104,179
09/12/2022,Porto,Cagliari,101,168
09/12/2022,Aeroporto,Olbia,1014,1158
09/12/2022,Aeroporto,Cagliari,3859,4121
09/12/2022,Aeroporto,Alghero,1102,1168
08/12/2022,Porto,Porto Torres,501,216
08/12/2022,Porto,Olbia,363,483
08/12/2022,Porto,Cagliari,129,222
08/12/2022,Porto,Arbatax,0,23
08/12/2022,Aeroporto,Olbia,943,1013
08/12/2022,Aeroporto,Cagliari,3650,3818
08/12/2022,Aeroporto,Alghero,1157,1217
07/12/2022,Porto,Porto Torres,372,1
07/12/2022,Porto,Olbia,252,17
07/12/2022,Porto,Golfo Aranci,112,180
07/12/2022,Porto,Cagliari,141,158
07/12/2022,Porto,Arbatax,58,0
07/12/2022,Aeroporto,Olbia,671,817
07/12/2022,Aeroporto,Cagliari,3420,3653
07/12/2022,Aeroporto,Alghero,1050,1174
06/12/2022,Porto,Porto Torres,242,256
06/12/2022,Porto,Olbia,8,13
06/12/2022,Porto,Cagliari,205,288
06/12/2022,Porto,Arbatax,0,30
06/12/2022,Aeroporto,Olbia,875,790
06/12/2022,Aeroporto,Cagliari,3290,3317
06/12/2022,Aeroporto,Alghero,1226,906
05/12/2022,Porto,Porto Torres,130,165
05/12/2022,Porto,Olbia,72,102
05/12/2022,Porto,Golfo Aranci,155,135
05/12/2022,Porto,Cagliari,0,128
05/12/2022,Aeroporto,Olbia,996,929
05/12/2022,Aeroporto,Cagliari,4505,4331
05/12/2022,Aeroporto,Alghero,1142,1027
04/12/2022,Porto,Porto Torres,120,165
04/12/2022,Porto,Olbia,164,619
04/12/2022,Porto,Cagliari,106,0
04/12/2022,Porto,Arbatax,77,0
04/12/2022,Aeroporto,Olbia,1133,1102
04/12/2022,Aeroporto,Cagliari,3912,3817
04/12/2022,Aeroporto,Alghero,1521,1514
03/12/2022,Porto,Porto Torres,342,439
03/12/2022,Porto,Olbia,268,554
03/12/2022,Porto,Cagliari,1,3
03/12/2022,Aeroporto,Olbia,619,650
03/12/2022,Aeroporto,Cagliari,3904,3878
03/12/2022,Aeroporto,Alghero,1137,1174
02/12/2022,Porto,Porto Torres,266,2
02/12/2022,Porto,Olbia,171,14
02/12/2022,Porto,Golfo Aranci,155,138
02/12/2022,Porto,Cagliari,129,2
02/12/2022,Aeroporto,Olbia,1051,1117
02/12/2022,Aeroporto,Cagliari,3882,4201
02/12/2022,Aeroporto,Alghero,1117,1452
01/12/2022,Porto,Porto Torres,228,368
01/12/2022,Porto,Olbia,237,14
01/12/2022,Porto,Cagliari,2,4
01/12/2022,Porto,Arbatax,0,28
01/12/2022,Aeroporto,Olbia,906,972
01/12/2022,Aeroporto,Cagliari,3110,3675
01/12/2022,Aeroporto,Alghero,963,1181
30/11/2022,Porto,Porto Torres,223,5
30/11/2022,Porto,Olbia,165,13
30/11/2022,Porto,Golfo Aranci,77,126
30/11/2022,Porto,Cagliari,228,141
30/11/2022,Aeroporto,Olbia,622,636
30/11/2022,Aeroporto,Cagliari,3289,3364
30/11/2022,Aeroporto,Alghero,844,978
29/11/2022,Porto,Porto Torres,315,256
29/11/2022,Porto,Olbia,195,12
29/11/2022,Porto,Cagliari,261,163
29/11/2022,Porto,Arbatax,0,27
29/11/2022,Aeroporto,Olbia,737,603
29/11/2022,Aeroporto,Cagliari,3280,3318
29/11/2022,Aeroporto,Alghero,920,995
28/11/2022,Porto,Porto Torres,362,237
28/11/2022,Porto,Olbia,384,98
28/11/2022,Porto,Golfo Aranci,109,156
28/11/2022,Porto,Cagliari,0,435
28/11/2022,Aeroporto,Olbia,1104,1002
28/11/2022,Aeroporto,Cagliari,4673,4453
28/11/2022,Aeroporto,Alghero,1122,979
27/11/2022,Porto,Porto Torres,280,171
27/11/2022,Porto,Olbia,136,469
27/11/2022,Porto,Cagliari,209,4
27/11/2022,Aeroporto,Olbia,1076,1147
27/11/2022,Aeroporto,Cagliari,4137,4247
27/11/2022,Aeroporto,Alghero,1445,1631
26/11/2022,Porto,Porto Torres,292,358
26/11/2022,Porto,Olbia,242,678
26/11/2022,Porto,Cagliari,181,0
26/11/2022,Aeroporto,Olbia,437,609
26/11/2022,Aeroporto,Cagliari,3970,4000
26/11/2022,Aeroporto,Alghero,1299,1056
25/11/2022,Porto,Porto Torres,319,397
25/11/2022,Porto,Olbia,183,12
25/11/2022,Porto,Golfo Aranci,129,167
25/11/2022,Porto,Cagliari,174,287
25/11/2022,Aeroporto,Olbia,1099,1253
25/11/2022,Aeroporto,Cagliari,4130,4484
25/11/2022,Aeroporto,Alghero,1350,1460
24/11/2022,Porto,Porto Torres,231,350
24/11/2022,Porto,Olbia,215,12
24/11/2022,Porto,Cagliari,355,295
24/11/2022,Porto,Arbatax,0,39
24/11/2022,Aeroporto,Olbia,1003,1042
24/11/2022,Aeroporto,Cagliari,3504,3954
24/11/2022,Aeroporto,Alghero,1077,1207
23/11/2022,Porto,Porto Torres,193,8
23/11/2022,Porto,Olbia,10,57
23/11/2022,Porto,Cagliari,1,2
23/11/2022,Aeroporto,Olbia,655,655
23/11/2022,Aeroporto,Cagliari,3264,3506
23/11/2022,Aeroporto,Alghero,830,1035
22/11/2022,Porto,Olbia,16,183
22/11/2022,Porto,Cagliari,3,3
22/11/2022,Aeroporto,Olbia,805,633
22/11/2022,Aeroporto,Cagliari,3311,3422
22/11/2022,Aeroporto,Alghero,651,779
21/11/2022,Porto,Porto Torres,223,316
21/11/2022,Porto,Olbia,97,219
21/11/2022,Porto,Cagliari,443,3
21/11/2022,Aeroporto,Olbia,1013,990
21/11/2022,Aeroporto,Cagliari,4606,4468
21/11/2022,Aeroporto,Alghero,1204,1003
20/11/2022,Porto,Porto Torres,99,144
20/11/2022,Porto,Olbia,150,926
20/11/2022,Porto,Cagliari,114,1
20/11/2022,Porto,Arbatax,41,0
20/11/2022,Aeroporto,Olbia,1180,1238
20/11/2022,Aeroporto,Cagliari,4326,4325
20/11/2022,Aeroporto,Alghero,1448,1572
19/11/2022,Porto,Porto Torres,331,471
19/11/2022,Porto,Olbia,258,615
19/11/2022,Porto,Cagliari,205,232
19/11/2022,Aeroporto,Olbia,654,663
19/11/2022,Aeroporto,Cagliari,3725,3907
19/11/2022,Aeroporto,Alghero,1166,1136
18/11/2022,Porto,Porto Torres,301,1
18/11/2022,Porto,Olbia,182,20
18/11/2022,Porto,Golfo Aranci,117,135
18/11/2022,Porto,Cagliari,135,174
18/11/2022,Aeroporto,Olbia,1113,1234
18/11/2022,Aeroporto,Cagliari,4314,4638
18/11/2022,Aeroporto,Alghero,1472,1448
17/11/2022,Porto,Porto Torres,271,309
17/11/2022,Porto,Olbia,3,7
17/11/2022,Porto,Cagliari,166,268
17/11/2022,Porto,Arbatax,0,30
17/11/2022,Aeroporto,Olbia,901,1060
17/11/2022,Aeroporto,Cagliari,3432,3607
17/11/2022,Aeroporto,Alghero,948,1239
16/11/2022,Porto,Porto Torres,274,16
16/11/2022,Porto,Olbia,171,16
16/11/2022,Porto,Golfo Aranci,107,292
16/11/2022,Porto,Cagliari,352,275
16/11/2022,Porto,Arbatax,59,0
16/11/2022,Aeroporto,Olbia,635,661
16/11/2022,Aeroporto,Cagliari,3295,3416
16/11/2022,Aeroporto,Alghero,906,980
15/11/2022,Porto,Porto Torres,359,243
15/11/2022,Porto,Olbia,16,7
15/11/2022,Porto,Cagliari,259,175
15/11/2022,Porto,Arbatax,0,52
15/11/2022,Aeroporto,Olbia,693,577
15/11/2022,Aeroporto,Cagliari,3342,3325
15/11/2022,Aeroporto,Alghero,1083,988
14/11/2022,Porto,Porto Torres,383,10
14/11/2022,Porto,Olbia,79,109
14/11/2022,Porto,Golfo Aranci,126,152
14/11/2022,Porto,Cagliari,485,438
14/11/2022,Aeroporto,Olbia,1061,968
14/11/2022,Aeroporto,Cagliari,4687,4506
14/11/2022,Aeroporto,Alghero,1144,860
13/11/2022,Porto,Porto Torres,138,174
13/11/2022,Porto,Olbia,1,638
13/11/2022,Porto,Cagliari,446,0
13/11/2022,Porto,Arbatax,63,0
13/11/2022,Aeroporto,Olbia,1113,1167
13/11/2022,Aeroporto,Cagliari,4165,4276
13/11/2022,Aeroporto,Alghero,1543,1616
12/11/2022,Porto,Porto Torres,429,475
12/11/2022,Porto,Olbia,231,941
12/11/2022,Porto,Cagliari,165,296
12/11/2022,Aeroporto,Olbia,691,729
12/11/2022,Aeroporto,Cagliari,3913,4281
12/11/2022,Aeroporto,Alghero,1227,1139
11/11/2022,Porto,Porto Torres,337,246
11/11/2022,Porto,Olbia,181,3
11/11/2022,Porto,Golfo Aranci,143,206
11/11/2022,Porto,Cagliari,197,176
11/11/2022,Aeroporto,Olbia,1107,1265
11/11/2022,Aeroporto,Cagliari,4245,4673
11/11/2022,Aeroporto,Alghero,1362,1576
10/11/2022,Porto,Porto Torres,210,374
10/11/2022,Porto,Olbia,194,17
10/11/2022,Porto,Cagliari,160,5
10/11/2022,Porto,Arbatax,0,29
10/11/2022,Aeroporto,Olbia,913,1042
10/11/2022,Aeroporto,Cagliari,3398,3788
10/11/2022,Aeroporto,Alghero,1044,1303
09/11/2022,Porto,Porto Torres,306,7
09/11/2022,Porto,Olbia,209,27
09/11/2022,Porto,Golfo Aranci,127,200
09/11/2022,Porto,Cagliari,104,153
09/11/2022,Porto,Arbatax,100,0
09/11/2022,Aeroporto,Olbia,631,702
09/11/2022,Aeroporto,Cagliari,3085,3570
09/11/2022,Aeroporto,Alghero,811,1034
08/11/2022,Porto,Porto Torres,392,311
08/11/2022,Porto,Olbia,273,11
08/11/2022,Porto,Cagliari,322,156
08/11/2022,Porto,Arbatax,0,52
08/11/2022,Aeroporto,Olbia,642,704
08/11/2022,Aeroporto,Cagliari,3046,3442
08/11/2022,Aeroporto,Alghero,860,1014
07/11/2022,Porto,Porto Torres,168,289
07/11/2022,Porto,Olbia,129,131
07/11/2022,Porto,Golfo Aranci,191,222
07/11/2022,Porto,Cagliari,484,629
07/11/2022,Aeroporto,Olbia,1049,1043
07/11/2022,Aeroporto,Cagliari,4399,4738
07/11/2022,Aeroporto,Alghero,1190,986
06/11/2022,Porto,Porto Torres,101,214
06/11/2022,Porto,Olbia,303,869
06/11/2022,Porto,Cagliari,151,2
06/11/2022,Porto,Arbatax,69,0
06/11/2022,Aeroporto,Olbia,1096,1448
06/11/2022,Aeroporto,Cagliari,4553,4846
06/11/2022,Aeroporto,Alghero,1565,1711
05/11/2022,Porto,Porto Torres,325,833
05/11/2022,Porto,Olbia,307,1306
05/11/2022,Porto,Golfo Aranci,198,620
05/11/2022,Porto,Cagliari,170,2
05/11/2022,Aeroporto,Olbia,874,1433
05/11/2022,Aeroporto,Cagliari,3781,4392
05/11/2022,Aeroporto,Alghero,1197,1527
04/11/2022,Porto,Porto Torres,362,4
04/11/2022,Porto,Olbia,220,7
04/11/2022,Porto,Golfo Aranci,144,298
04/11/2022,Porto,Cagliari,184,2
04/11/2022,Aeroporto,Olbia,1169,1454
04/11/2022,Aeroporto,Cagliari,4460,4978
04/11/2022,Aeroporto,Alghero,1439,1779
03/11/2022,Porto,Porto Torres,348,533
03/11/2022,Porto,Olbia,245,25
03/11/2022,Porto,Golfo Aranci,167,320
03/11/2022,Porto,Cagliari,294,7
03/11/2022,Porto,Arbatax,0,48
03/11/2022,Aeroporto,Olbia,1052,1160
03/11/2022,Aeroporto,Cagliari,4051,4004
03/11/2022,Aeroporto,Alghero,1275,1458
02/11/2022,Porto,Porto Torres,218,919
02/11/2022,Porto,Olbia,270,335
02/11/2022,Porto,Golfo Aranci,240,292
02/11/2022,Porto,Cagliari,396,2
02/11/2022,Aeroporto,Olbia,928,1351
02/11/2022,Aeroporto,Cagliari,3871,4021
02/11/2022,Aeroporto,Alghero,1434,1564
01/11/2022,Porto,Porto Torres,420,927
01/11/2022,Porto,Olbia,1113,2753
01/11/2022,Porto,Golfo Aranci,160,722
01/11/2022,Porto,Cagliari,294,282
01/11/2022,Porto,Arbatax,0,48
01/11/2022,Aeroporto,Olbia,1282,1830
01/11/2022,Aeroporto,Cagliari,3935,4179
01/11/2022,Aeroporto,Alghero,1463,1875
31/10/2022,Porto,Porto Torres,415,913
31/10/2022,Porto,Olbia,1490,3057
31/10/2022,Porto,Golfo Aranci,26,632
31/10/2022,Porto,Cagliari,435,328
31/10/2022,Aeroporto,Olbia,1490,2145
31/10/2022,Aeroporto,Cagliari,4871,5070
31/10/2022,Aeroporto,Alghero,1023,1342
30/10/2022,Porto,Porto Torres,1909,2127
30/10/2022,Porto,Olbia,2167,1920
30/10/2022,Porto,Golfo Aranci,535,426
30/10/2022,Porto,Cagliari,429,0
30/10/2022,Porto,Arbatax,86,0
30/10/2022,Aeroporto,Olbia,1804,2858
30/10/2022,Aeroporto,Cagliari,5062,5483
30/10/2022,Aeroporto,Alghero,1628,1853
29/10/2022,Porto,Porto Torres,1139,1148
29/10/2022,Porto,Olbia,3347,2756
29/10/2022,Porto,Golfo Aranci,939,529
29/10/2022,Porto,Cagliari,255,410
29/10/2022,Aeroporto,Olbia,3108,5039
29/10/2022,Aeroporto,Cagliari,7731,9113
29/10/2022,Aeroporto,Alghero,3078,3373
28/10/2022,Porto,Porto Torres,646,1179
28/10/2022,Porto,Olbia,2148,3983
28/10/2022,Porto,Golfo Aranci,329,762
28/10/2022,Porto,Cagliari,224,399
28/10/2022,Aeroporto,Olbia,3241,3952
28/10/2022,Aeroporto,Cagliari,7167,7588
28/10/2022,Aeroporto,Alghero,2274,2333
27/10/2022,Porto,Porto Torres,420,511
27/10/2022,Porto,Olbia,271,22
27/10/2022,Porto,Golfo Aranci,183,445
27/10/2022,Porto,Cagliari,189,312
27/10/2022,Porto,Arbatax,0,66
27/10/2022,Aeroporto,Olbia,2252,3291
27/10/2022,Aeroporto,Cagliari,13061,14814
27/10/2022,Aeroporto,Alghero,4684,5410
26/10/2022,Porto,Porto Torres,2,8
26/10/2022,Porto,Olbia,2,245
26/10/2022,Porto,Golfo Aranci,152,271
26/10/2022,Porto,Cagliari,2,150
26/10/2022,Porto,Arbatax,83,0
26/10/2022,Aeroporto,Olbia,2632,4306
26/10/2022,Aeroporto,Cagliari,8164,9448
26/10/2022,Aeroporto,Alghero,3884,4470
25/10/2022,Porto,Porto Torres,372,514
25/10/2022,Porto,Olbia,18,23
25/10/2022,Porto,Golfo Aranci,238,205
25/10/2022,Porto,Cagliari,217,3
25/10/2022,Porto,Arbatax,0,45
25/10/2022,Aeroporto,Olbia,1781,2541
25/10/2022,Aeroporto,Cagliari,5543,6019
25/10/2022,Aeroporto,Alghero,2580,2819
24/10/2022,Porto,Porto Torres,526,168
24/10/2022,Porto,Olbia,1071,295
24/10/2022,Porto,Golfo Aranci,430,211
24/10/2022,Porto,Cagliari,394,425
24/10/2022,Aeroporto,Olbia,2502,3020
24/10/2022,Aeroporto,Cagliari,6023,6692
24/10/2022,Aeroporto,Alghero,2125,1647
23/10/2022,Porto,Porto Torres,4,297
23/10/2022,Porto,Olbia,455,1075
23/10/2022,Porto,Golfo Aranci,249,316
23/10/2022,Porto,Cagliari,430,0
23/10/2022,Porto,Arbatax,57,0
23/10/2022,Aeroporto,Olbia,3628,4769
23/10/2022,Aeroporto,Cagliari,7448,7654
23/10/2022,Aeroporto,Alghero,3100,3033
22/10/2022,Porto,Porto Torres,969,1179
22/10/2022,Porto,Olbia,394,1254
22/10/2022,Porto,Golfo Aranci,226,544
22/10/2022,Porto,Cagliari,156,311
22/10/2022,Aeroporto,Olbia,4684,4550
22/10/2022,Aeroporto,Cagliari,8198,8529
22/10/2022,Aeroporto,Alghero,3163,2530
21/10/2022,Porto,Porto Torres,759,610
21/10/2022,Porto,Olbia,312,57
21/10/2022,Porto,Golfo Aranci,221,361
21/10/2022,Porto,Cagliari,181,244
21/10/2022,Aeroporto,Olbia,2871,2851
21/10/2022,Aeroporto,Cagliari,3622,3890
21/10/2022,Aeroporto,Alghero,457,1121
20/10/2022,Porto,Porto Torres,353,1011
20/10/2022,Porto,Olbia,281,25
20/10/2022,Porto,Golfo Aranci,140,541
20/10/2022,Porto,Cagliari,173,489
20/10/2022,Porto,Arbatax,0,48
20/10/2022,Aeroporto,Olbia,3378,3443
20/10/2022,Aeroporto,Cagliari,7088,7661
20/10/2022,Aeroporto,Alghero,2627,2423
19/10/2022,Porto,Porto Torres,485,413
19/10/2022,Porto,Olbia,18,25
19/10/2022,Porto,Golfo Aranci,138,361
19/10/2022,Porto,Cagliari,144,180
19/10/2022,Porto,Arbatax,105,0
19/10/2022,Aeroporto,Olbia,1781,2271
19/10/2022,Aeroporto,Cagliari,4263,4446
19/10/2022,Aeroporto,Alghero,2197,2141
18/10/2022,Porto,Porto Torres,423,589
18/10/2022,Porto,Olbia,25,28
18/10/2022,Porto,Golfo Aranci,227,299
18/10/2022,Porto,Cagliari,235,217
18/10/2022,Porto,Arbatax,0,58
18/10/2022,Aeroporto,Olbia,1907,2250
18/10/2022,Aeroporto,Cagliari,5209,6489
18/10/2022,Aeroporto,Alghero,2159,2911
17/10/2022,Porto,Porto Torres,670,6
17/10/2022,Porto,Olbia,221,426
17/10/2022,Porto,Golfo Aranci,415,393
17/10/2022,Porto,Cagliari,373,395
17/10/2022,Aeroporto,Olbia,2867,3723
17/10/2022,Aeroporto,Cagliari,6331,6996
17/10/2022,Aeroporto,Alghero,1451,1773
16/10/2022,Porto,Porto Torres,542,697
16/10/2022,Porto,Olbia,209,1889
16/10/2022,Porto,Golfo Aranci,511,460
16/10/2022,Porto,Cagliari,465,1
16/10/2022,Porto,Arbatax,57,0
16/10/2022,Aeroporto,Olbia,3747,5404
16/10/2022,Aeroporto,Cagliari,7219,8073
16/10/2022,Aeroporto,Alghero,2809,3134
15/10/2022,Porto,Porto Torres,11,1221
15/10/2022,Porto,Olbia,430,1155
15/10/2022,Porto,Golfo Aranci,283,803
15/10/2022,Porto,Cagliari,171,421
15/10/2022,Aeroporto,Olbia,4429,4764
15/10/2022,Aeroporto,Cagliari,8323,8414
15/10/2022,Aeroporto,Alghero,2440,2467
14/10/2022,Porto,Porto Torres,257,379
14/10/2022,Porto,Olbia,434,615
14/10/2022,Porto,Golfo Aranci,222,746
14/10/2022,Porto,Cagliari,3,212
14/10/2022,Aeroporto,Olbia,4442,4456
14/10/2022,Aeroporto,Cagliari,7095,7154
14/10/2022,Aeroporto,Alghero,2210,1900
13/10/2022,Porto,Porto Torres,321,745
13/10/2022,Porto,Olbia,265,26
13/10/2022,Porto,Golfo Aranci,191,569
13/10/2022,Porto,Cagliari,3,5
13/10/2022,Porto,Arbatax,0,67
13/10/2022,Aeroporto,Olbia,3115,3351
13/10/2022,Aeroporto,Cagliari,6893,7284
13/10/2022,Aeroporto,Alghero,2148,2082
12/10/2022,Porto,Porto Torres,292,367
12/10/2022,Porto,Olbia,20,31
12/10/2022,Porto,Golfo Aranci,166,452
12/10/2022,Porto,Cagliari,202,184
12/10/2022,Porto,Arbatax,64,0
12/10/2022,Aeroporto,Olbia,2152,3177
12/10/2022,Aeroporto,Cagliari,4834,5113
12/10/2022,Aeroporto,Alghero,2198,2198
11/10/2022,Porto,Porto Torres,322,404
11/10/2022,Porto,Olbia,20,15
11/10/2022,Porto,Golfo Aranci,264,405
11/10/2022,Porto,Cagliari,268,228
11/10/2022,Porto,Arbatax,0,67
11/10/2022,Aeroporto,Olbia,2173,2963
11/10/2022,Aeroporto,Cagliari,5102,6335
11/10/2022,Aeroporto,Alghero,2275,2947
10/10/2022,Porto,Porto Torres,373,381
10/10/2022,Porto,Olbia,606,509
10/10/2022,Porto,Golfo Aranci,373,387
10/10/2022,Porto,Cagliari,262,380
10/10/2022,Aeroporto,Olbia,3299,4362
10/10/2022,Aeroporto,Cagliari,6487,7509
10/10/2022,Aeroporto,Alghero,1416,1812
09/10/2022,Porto,Porto Torres,377,811
09/10/2022,Porto,Olbia,227,1087
09/10/2022,Porto,Golfo Aranci,485,603
09/10/2022,Porto,Cagliari,395,0
09/10/2022,Porto,Arbatax,87,0
09/10/2022,Aeroporto,Olbia,3994,5994
09/10/2022,Aeroporto,Cagliari,7195,8682
09/10/2022,Aeroporto,Alghero,2724,3342
08/10/2022,Porto,Porto Torres,5,1084
08/10/2022,Porto,Olbia,773,2555
08/10/2022,Porto,Golfo Aranci,133,584
08/10/2022,Porto,Cagliari,182,552
08/10/2022,Aeroporto,Olbia,5038,6706
08/10/2022,Aeroporto,Cagliari,8141,8968
08/10/2022,Aeroporto,Alghero,2459,2662
07/10/2022,Porto,Porto Torres,363,429
07/10/2022,Porto,Olbia,294,36
07/10/2022,Porto,Golfo Aranci,286,699
07/10/2022,Porto,Cagliari,1,1
07/10/2022,Aeroporto,Olbia,4723,4679
07/10/2022,Aeroporto,Cagliari,6948,7696
07/10/2022,Aeroporto,Alghero,2088,1996
06/10/2022,Porto,Porto Torres,267,730
06/10/2022,Porto,Olbia,250,10
06/10/2022,Porto,Golfo Aranci,238,552
06/10/2022,Porto,Cagliari,19,3
06/10/2022,Porto,Arbatax,0,71
06/10/2022,Aeroporto,Olbia,3668,3667
06/10/2022,Aeroporto,Cagliari,6996,7642
06/10/2022,Aeroporto,Alghero,2235,2415
05/10/2022,Porto,Porto Torres,1345,1961
05/10/2022,Porto,Olbia,1959,3343
05/10/2022,Porto,Golfo Aranci,314,458
05/10/2022,Porto,Cagliari,209,190
05/10/2022,Porto,Arbatax,89,0
05/10/2022,Aeroporto,Olbia,3110,3799
05/10/2022,Aeroporto,Cagliari,5327,5562
05/10/2022,Aeroporto,Alghero,2179,2581
04/10/2022,Porto,Porto Torres,914,1170
04/10/2022,Porto,Olbia,2909,3300
04/10/2022,Porto,Golfo Aranci,468,369
04/10/2022,Porto,Cagliari,348,311
04/10/2022,Porto,Arbatax,0,88
04/10/2022,Aeroporto,Olbia,2959,3753
04/10/2022,Aeroporto,Cagliari,5980,7089
04/10/2022,Aeroporto,Alghero,2510,3349
03/10/2022,Porto,Porto Torres,1521,1688
03/10/2022,Porto,Olbia,4311,4087
03/10/2022,Porto,Golfo Aranci,702,577
03/10/2022,Porto,Cagliari,236,659
03/10/2022,Aeroporto,Olbia,3889,4969
03/10/2022,Aeroporto,Cagliari,7089,7870
03/10/2022,Aeroporto,Alghero,1500,1997
02/10/2022,Porto,Porto Torres,2756,1570
02/10/2022,Porto,Olbia,4641,4661
02/10/2022,Porto,Cagliari,415,2
02/10/2022,Porto,Arbatax,126,0
02/10/2022,Aeroporto,Olbia,5688,8534
02/10/2022,Aeroporto,Cagliari,8331,9799
02/10/2022,Aeroporto,Alghero,3215,3703
01/10/2022,Porto,Porto Torres,1252,1860
01/10/2022,Porto,Olbia,4389,6664
01/10/2022,Porto,Golfo Aranci,644,781
01/10/2022,Porto,Cagliari,343,613
01/10/2022,Aeroporto,Olbia,6767,8180
01/10/2022,Aeroporto,Cagliari,8644,9508
01/10/2022,Aeroporto,Alghero,2989,3241
30/09/2022,Porto,Porto Torres,2526,4742
30/09/2022,Porto,Olbia,2649,5771
30/09/2022,Porto,Cagliari,171,329
30/09/2022,Aeroporto,Olbia,6549,7181
30/09/2022,Aeroporto,Cagliari,8962,8677
30/09/2022,Aeroporto,Alghero,2303,2242
29/09/2022,Porto,Porto Torres,312,1485
29/09/2022,Porto,Olbia,2708,4850
29/09/2022,Porto,Golfo Aranci,331,670
29/09/2022,Porto,Cagliari,290,374
29/09/2022,Porto,Arbatax,0,66
29/09/2022,Aeroporto,Olbia,4448,4823
29/09/2022,Aeroporto,Cagliari,7644,8673
29/09/2022,Aeroporto,Alghero,2208,2510
28/09/2022,Porto,Porto Torres,682,1599
28/09/2022,Porto,Olbia,2829,5196
28/09/2022,Porto,Cagliari,169,230
28/09/2022,Porto,Arbatax,99,0
28/09/2022,Aeroporto,Olbia,3955,5436
28/09/2022,Aeroporto,Cagliari,5593,6501
28/09/2022,Aeroporto,Alghero,2252,3175
27/09/2022,Porto,Porto Torres,1530,1478
27/09/2022,Porto,Olbia,3212,4263
27/09/2022,Porto,Cagliari,370,353
27/09/2022,Porto,Arbatax,0,88
27/09/2022,Aeroporto,Olbia,3285,5537
27/09/2022,Aeroporto,Cagliari,6384,7643
27/09/2022,Aeroporto,Alghero,2813,3850
26/09/2022,Porto,Porto Torres,1878,2579
26/09/2022,Porto,Olbia,3690,3883
26/09/2022,Porto,Golfo Aranci,800,742
26/09/2022,Porto,Cagliari,355,679
26/09/2022,Aeroporto,Olbia,4017,5884
26/09/2022,Aeroporto,Cagliari,7513,8987
26/09/2022,Aeroporto,Alghero,1741,2214
25/09/2022,Porto,Porto Torres,2508,1755
25/09/2022,Porto,Olbia,4044,7761
25/09/2022,Porto,Golfo Aranci,579,659
25/09/2022,Porto,Cagliari,472,3
25/09/2022,Porto,Arbatax,47,0
25/09/2022,Aeroporto,Olbia,6337,9509
25/09/2022,Aeroporto,Cagliari,8121,10495
25/09/2022,Aeroporto,Alghero,3179,3923
24/09/2022,Porto,Porto Torres,1959,2963
24/09/2022,Porto,Olbia,5094,10230
24/09/2022,Porto,Golfo Aranci,811,1849
24/09/2022,Porto,Cagliari,318,517
24/09/2022,Aeroporto,Olbia,8191,10456
24/09/2022,Aeroporto,Cagliari,8942,9876
24/09/2022,Aeroporto,Alghero,3220,3566
23/09/2022,Porto,Porto Torres,1826,3875
23/09/2022,Porto,Olbia,2993,6308
23/09/2022,Porto,Golfo Aranci,369,718
23/09/2022,Porto,Cagliari,154,293
23/09/2022,Aeroporto,Olbia,7708,7932
23/09/2022,Aeroporto,Cagliari,8419,9414
23/09/2022,Aeroporto,Alghero,2597,2689
22/09/2022,Porto,Porto Torres,739,2725
22/09/2022,Porto,Olbia,2943,6396
22/09/2022,Porto,Golfo Aranci,263,850
22/09/2022,Porto,Cagliari,284,345
22/09/2022,Porto,Arbatax,0,105
22/09/2022,Aeroporto,Olbia,4989,5666
22/09/2022,Aeroporto,Cagliari,8081,8834
22/09/2022,Aeroporto,Alghero,2688,2837
21/09/2022,Porto,Porto Torres,1755,2599
21/09/2022,Porto,Olbia,2892,5382
21/09/2022,Porto,Golfo Aranci,369,635
21/09/2022,Porto,Cagliari,149,210
21/09/2022,Porto,Arbatax,67,0
21/09/2022,Aeroporto,Olbia,5017,6374
21/09/2022,Aeroporto,Cagliari,5393,6707
21/09/2022,Aeroporto,Alghero,2676,3224
20/09/2022,Porto,Porto Torres,1861,2331
20/09/2022,Porto,Olbia,3906,5725
20/09/2022,Porto,Golfo Aranci,499,738
20/09/2022,Porto,Cagliari,364,347
20/09/2022,Porto,Arbatax,0,71
20/09/2022,Aeroporto,Olbia,4595,6667
20/09/2022,Aeroporto,Cagliari,7242,8135
20/09/2022,Aeroporto,Alghero,3242,3939
19/09/2022,Porto,Porto Torres,2103,1957
19/09/2022,Porto,Olbia,4839,6309
19/09/2022,Porto,Golfo Aranci,644,697
19/09/2022,Porto,Cagliari,310,932
19/09/2022,Aeroporto,Olbia,5142,6366
19/09/2022,Aeroporto,Cagliari,8776,8538
19/09/2022,Aeroporto,Alghero,1508,2046
18/09/2022,Porto,Porto Torres,1538,1664
18/09/2022,Porto,Olbia,5698,9844
18/09/2022,Porto,Golfo Aranci,975,1665
18/09/2022,Porto,Cagliari,639,0
18/09/2022,Porto,Arbatax,76,0
18/09/2022,Aeroporto,Olbia,7889,10207
18/09/2022,Aeroporto,Cagliari,8987,10839
18/09/2022,Aeroporto,Alghero,3937,4428
17/09/2022,Porto,Porto Torres,1972,3649
17/09/2022,Porto,Olbia,8312,13659
17/09/2022,Porto,Cagliari,268,485
17/09/2022,Aeroporto,Olbia,10580,12453
17/09/2022,Aeroporto,Cagliari,9956,10529
17/09/2022,Aeroporto,Alghero,3256,3464
16/09/2022,Porto,Porto Torres,2255,4400
16/09/2022,Porto,Olbia,4198,7000
16/09/2022,Porto,Golfo Aranci,642,919
16/09/2022,Porto,Cagliari,213,312
16/09/2022,Aeroporto,Olbia,8212,7966
16/09/2022,Aeroporto,Cagliari,8660,8543
16/09/2022,Aeroporto,Alghero,2922,2883
15/09/2022,Porto,Porto Torres,1307,3250
15/09/2022,Porto,Olbia,4383,7489
15/09/2022,Porto,Golfo Aranci,470,762
15/09/2022,Porto,Cagliari,214,432
15/09/2022,Porto,Arbatax,0,74
15/09/2022,Aeroporto,Olbia,6063,5521
15/09/2022,Aeroporto,Cagliari,8489,9182
15/09/2022,Aeroporto,Alghero,2814,2868
14/09/2022,Porto,Porto Torres,1653,2207
14/09/2022,Porto,Olbia,3877,6131
14/09/2022,Porto,Golfo Aranci,531,795
14/09/2022,Porto,Cagliari,174,236
14/09/2022,Porto,Arbatax,98,0
14/09/2022,Aeroporto,Olbia,6260,6908
14/09/2022,Aeroporto,Cagliari,5565,7002
14/09/2022,Aeroporto,Alghero,2951,3341
13/09/2022,Porto,Porto Torres,2566,3398
13/09/2022,Porto,Olbia,5998,8316
13/09/2022,Porto,Golfo Aranci,632,768
13/09/2022,Porto,Cagliari,385,384
13/09/2022,Porto,Arbatax,0,122
13/09/2022,Aeroporto,Olbia,6099,6888
13/09/2022,Aeroporto,Cagliari,7223,7958
13/09/2022,Aeroporto,Alghero,3520,3887
12/09/2022,Porto,Porto Torres,2925,2897
12/09/2022,Porto,Olbia,6417,8094
12/09/2022,Porto,Golfo Aranci,1289,2467
12/09/2022,Porto,Cagliari,291,1038
12/09/2022,Aeroporto,Olbia,6090,7110
12/09/2022,Aeroporto,Cagliari,8426,8677
12/09/2022,Aeroporto,Alghero,1813,2147
11/09/2022,Porto,Porto Torres,2614,4011
11/09/2022,Porto,Olbia,8329,14998
11/09/2022,Porto,Golfo Aranci,1152,2667
11/09/2022,Porto,Cagliari,841,4
11/09/2022,Porto,Arbatax,108,0
11/09/2022,Aeroporto,Olbia,8889,10294
11/09/2022,Aeroporto,Cagliari,10048,12375
11/09/2022,Aeroporto,Alghero,3942,4499
10/09/2022,Porto,Porto Torres,3640,5907
10/09/2022,Porto,Olbia,9584,16378
10/09/2022,Porto,Golfo Aranci,1330,3119
10/09/2022,Porto,Cagliari,368,782
10/09/2022,Aeroporto,Olbia,12188,13068
10/09/2022,Aeroporto,Cagliari,10065,11129
10/09/2022,Aeroporto,Alghero,3609,4061
09/09/2022,Porto,Porto Torres,2347,5231
09/09/2022,Porto,Olbia,5568,12192
09/09/2022,Porto,Golfo Aranci,889,2781
09/09/2022,Porto,Cagliari,232,494
09/09/2022,Aeroporto,Olbia,9298,9546
09/09/2022,Aeroporto,Cagliari,8647,9076
09/09/2022,Aeroporto,Alghero,2955,2952
08/09/2022,Porto,Porto Torres,1476,3921
08/09/2022,Porto,Olbia,5020,12114
08/09/2022,Porto,Golfo Aranci,695,2582
08/09/2022,Porto,Cagliari,317,2264
08/09/2022,Porto,Arbatax,0,168
08/09/2022,Aeroporto,Olbia,6371,6595
08/09/2022,Aeroporto,Cagliari,9215,9818
08/09/2022,Aeroporto,Alghero,2997,3412
07/09/2022,Porto,Porto Torres,2016,2972
07/09/2022,Porto,Olbia,4769,11028
07/09/2022,Porto,Golfo Aranci,728,2353
07/09/2022,Porto,Cagliari,158,324
07/09/2022,Porto,Arbatax,113,0
07/09/2022,Aeroporto,Olbia,6609,7635
07/09/2022,Aeroporto,Cagliari,6085,7478
07/09/2022,Aeroporto,Alghero,3002,3730
06/09/2022,Porto,Porto Torres,3334,5429
06/09/2022,Porto,Olbia,7592,11211
06/09/2022,Porto,Golfo Aranci,883,1527
06/09/2022,Porto,Cagliari,418,511
06/09/2022,Porto,Arbatax,0,218
06/09/2022,Aeroporto,Olbia,6404,6868
06/09/2022,Aeroporto,Cagliari,7363,8643
06/09/2022,Aeroporto,Alghero,3585,4186
05/09/2022,Porto,Porto Torres,3300,3290
05/09/2022,Porto,Olbia,8955,12207
05/09/2022,Porto,Golfo Aranci,1855,2585
05/09/2022,Porto,Cagliari,326,1379
05/09/2022,Aeroporto,Olbia,6129,7458
05/09/2022,Aeroporto,Cagliari,8671,9010
05/09/2022,Aeroporto,Alghero,1825,2209
04/09/2022,Porto,Porto Torres,3098,4056
04/09/2022,Porto,Olbia,10720,15449
04/09/2022,Porto,Golfo Aranci,2129,3833
04/09/2022,Porto,Cagliari,972,0
04/09/2022,Porto,Arbatax,138,0
04/09/2022,Aeroporto,Olbia,10653,12918
04/09/2022,Aeroporto,Cagliari,10052,11775
04/09/2022,Aeroporto,Alghero,4335,4732
03/09/2022,Porto,Porto Torres,5555,8110
03/09/2022,Porto,Olbia,13585,15994
03/09/2022,Porto,Golfo Aranci,2813,4378
03/09/2022,Porto,Cagliari,486,877
03/09/2022,Aeroporto,Olbia,14032,14881
03/09/2022,Aeroporto,Cagliari,10856,11975
03/09/2022,Aeroporto,Alghero,3633,4101
02/09/2022,Porto,Porto Torres,3798,5606
02/09/2022,Porto,Olbia,9496,12708
02/09/2022,Porto,Golfo Aranci,1505,3837
02/09/2022,Porto,Cagliari,326,862
02/09/2022,Aeroporto,Olbia,10666,11838
02/09/2022,Aeroporto,Cagliari,8300,9474
02/09/2022,Aeroporto,Alghero,3208,3333
01/09/2022,Porto,Porto Torres,2487,3269
01/09/2022,Porto,Olbia,9349,13287
01/09/2022,Porto,Golfo Aranci,1784,2787
01/09/2022,Porto,Cagliari,393,926
01/09/2022,Porto,Arbatax,0,368
01/09/2022,Aeroporto,Olbia,8025,9153
01/09/2022,Aeroporto,Cagliari,8896,10797
01/09/2022,Aeroporto,Alghero,3174,3597
31/08/2022,Porto,Porto Torres,2046,3504
31/08/2022,Porto,Olbia,6403,15041
31/08/2022,Porto,Golfo Aranci,1503,3736
31/08/2022,Porto,Cagliari,258,538
31/08/2022,Porto,Arbatax,141,0
31/08/2022,Aeroporto,Olbia,7448,11255
31/08/2022,Aeroporto,Cagliari,5996,8924
31/08/2022,Aeroporto,Alghero,2963,4056
30/08/2022,Porto,Porto Torres,3286,5901
30/08/2022,Porto,Olbia,7630,16448
30/08/2022,Porto,Golfo Aranci,1009,4014
30/08/2022,Porto,Cagliari,445,932
30/08/2022,Porto,Arbatax,0,376
30/08/2022,Aeroporto,Olbia,6043,10748
30/08/2022,Aeroporto,Cagliari,6566,10035
30/08/2022,Aeroporto,Alghero,3396,4656
29/08/2022,Porto,Porto Torres,3179,4684
29/08/2022,Porto,Olbia,8847,16026
29/08/2022,Porto,Golfo Aranci,2347,4498
29/08/2022,Porto,Cagliari,346,850
29/08/2022,Aeroporto,Olbia,6944,10830
29/08/2022,Aeroporto,Cagliari,7821,9679
29/08/2022,Aeroporto,Alghero,1735,2704
28/08/2022,Porto,Porto Torres,3031,6900
28/08/2022,Porto,Olbia,9535,18953
28/08/2022,Porto,Golfo Aranci,2597,4418
28/08/2022,Porto,Cagliari,1159,938
28/08/2022,Porto,Arbatax,166,0
28/08/2022,Aeroporto,Olbia,9291,13657
28/08/2022,Aeroporto,Cagliari,9330,11983
28/08/2022,Aeroporto,Alghero,3878,5216
27/08/2022,Porto,Porto Torres,5975,9994
27/08/2022,Porto,Olbia,11977,19955
27/08/2022,Porto,Golfo Aranci,1930,4146
27/08/2022,Porto,Cagliari,426,919
27/08/2022,Porto,Arbatax,0,516
27/08/2022,Aeroporto,Olbia,13520,16189
27/08/2022,Aeroporto,Cagliari,10444,12421
27/08/2022,Aeroporto,Alghero,3516,4450
26/08/2022,Porto,Porto Torres,3573,7019
26/08/2022,Porto,Olbia,8543,17558
26/08/2022,Porto,Golfo Aranci,1950,4178
26/08/2022,Porto,Cagliari,241,382
26/08/2022,Porto,Arbatax,135,0
26/08/2022,Aeroporto,Olbia,9924,13399
26/08/2022,Aeroporto,Cagliari,7508,9804
26/08/2022,Aeroporto,Alghero,2753,4039
25/08/2022,Porto,Porto Torres,1528,4483
25/08/2022,Porto,Olbia,7882,16408
25/08/2022,Porto,Golfo Aranci,1678,4554
25/08/2022,Porto,Cagliari,445,944
25/08/2022,Porto,Arbatax,0,491
25/08/2022,Aeroporto,Olbia,6860,10324
25/08/2022,Aeroporto,Cagliari,8294,11399
25/08/2022,Aeroporto,Alghero,2957,4301
24/08/2022,Porto,Porto Torres,2090,4143
24/08/2022,Porto,Olbia,7021,16808
24/08/2022,Porto,Golfo Aranci,1138,4143
24/08/2022,Porto,Cagliari,308,397
24/08/2022,Porto,Arbatax,159,0
24/08/2022,Aeroporto,Olbia,8191,11519
24/08/2022,Aeroporto,Cagliari,5849,9054
24/08/2022,Aeroporto,Alghero,2864,3968
23/08/2022,Porto,Porto Torres,5357,7443
23/08/2022,Porto,Olbia,9886,15563
23/08/2022,Porto,Golfo Aranci,1421,2780
23/08/2022,Porto,Cagliari,651,931
23/08/2022,Porto,Arbatax,0,387
23/08/2022,Aeroporto,Olbia,7503,10471
23/08/2022,Aeroporto,Cagliari,7664,10223
23/08/2022,Aeroporto,Alghero,3671,4593
22/08/2022,Porto,Porto Torres,2636,2809
22/08/2022,Porto,Olbia,10077,14895
22/08/2022,Porto,Golfo Aranci,3266,4274
22/08/2022,Porto,Cagliari,357,1768
22/08/2022,Aeroporto,Olbia,8707,11139
22/08/2022,Aeroporto,Cagliari,8825,9947
22/08/2022,Aeroporto,Alghero,1896,2397
21/08/2022,Porto,Porto Torres,4500,6907
21/08/2022,Porto,Olbia,11427,19537
21/08/2022,Porto,Golfo Aranci,2831,4329
21/08/2022,Porto,Cagliari,1260,0
21/08/2022,Porto,Arbatax,331,0
21/08/2022,Aeroporto,Olbia,10944,13543
21/08/2022,Aeroporto,Cagliari,10062,11547
21/08/2022,Aeroporto,Alghero,4409,5247
20/08/2022,Porto,Porto Torres,7039,9477
20/08/2022,Porto,Olbia,13662,18710
20/08/2022,Porto,Golfo Aranci,2070,4063
20/08/2022,Porto,Cagliari,836,878
20/08/2022,Porto,Arbatax,0,485
20/08/2022,Aeroporto,Olbia,14205,15966
20/08/2022,Aeroporto,Cagliari,10359,11999
20/08/2022,Aeroporto,Alghero,3820,4243
19/08/2022,Porto,Porto Torres,5199,6885
19/08/2022,Porto,Olbia,11458,17564
19/08/2022,Porto,Golfo Aranci,1689,2501
19/08/2022,Porto,Cagliari,326,341
19/08/2022,Porto,Arbatax,230,0
19/08/2022,Aeroporto,Olbia,10765,13479
19/08/2022,Aeroporto,Cagliari,8305,9787
19/08/2022,Aeroporto,Alghero,2906,3934
18/08/2022,Porto,Porto Torres,2780,4099
18/08/2022,Porto,Olbia,12104,16396
18/08/2022,Porto,Golfo Aranci,2257,2703
18/08/2022,Porto,Cagliari,898,916
18/08/2022,Porto,Arbatax,0,442
18/08/2022,Aeroporto,Olbia,8378,10522
18/08/2022,Aeroporto,Cagliari,9782,10880
18/08/2022,Aeroporto,Alghero,3441,3979
17/08/2022,Porto,Porto Torres,3446,4270
17/08/2022,Porto,Olbia,12964,15260
17/08/2022,Porto,Golfo Aranci,2995,3870
17/08/2022,Porto,Cagliari,411,441
17/08/2022,Porto,Arbatax,470,0
17/08/2022,Aeroporto,Olbia,9293,10796
17/08/2022,Aeroporto,Cagliari,7416,8681
17/08/2022,Aeroporto,Alghero,3540,3733
16/08/2022,Porto,Porto Torres,7535,7322
16/08/2022,Porto,Olbia,12035,13473
16/08/2022,Porto,Golfo Aranci,2007,2456
16/08/2022,Porto,Cagliari,921,904
16/08/2022,Porto,Arbatax,0,295
16/08/2022,Aeroporto,Olbia,9966,10803
16/08/2022,Aeroporto,Cagliari,9157,9893
16/08/2022,Aeroporto,Alghero,4200,4602
15/08/2022,Porto,Porto Torres,632,1751
15/08/2022,Porto,Olbia,11498,10862
15/08/2022,Porto,Golfo Aranci,3491,3221
15/08/2022,Porto,Cagliari,275,1480
15/08/2022,Aeroporto,Olbia,9200,10204
15/08/2022,Aeroporto,Cagliari,8786,8792
15/08/2022,Aeroporto,Alghero,1920,2008
14/08/2022,Porto,Porto Torres,5528,4841
14/08/2022,Porto,Olbia,16193,14241
14/08/2022,Porto,Golfo Aranci,3607,3756
14/08/2022,Porto,Cagliari,1254,0
14/08/2022,Porto,Arbatax,536,0
14/08/2022,Aeroporto,Olbia,12291,12681
14/08/2022,Aeroporto,Cagliari,10082,10565
14/08/2022,Aeroporto,Alghero,4739,4788
13/08/2022,Porto,Porto Torres,7005,7615
13/08/2022,Porto,Olbia,18968,16128
13/08/2022,Porto,Golfo Aranci,2745,2971
13/08/2022,Porto,Cagliari,898,904
13/08/2022,Porto,Arbatax,0,319
13/08/2022,Aeroporto,Olbia,14931,15447
13/08/2022,Aeroporto,Cagliari,11647,11096
13/08/2022,Aeroporto,Alghero,4036,3831
12/08/2022,Porto,Porto Torres,6801,6266
12/08/2022,Porto,Olbia,13314,11970
12/08/2022,Porto,Golfo Aranci,3663,3040
12/08/2022,Porto,Cagliari,395,409
12/08/2022,Porto,Arbatax,491,0
12/08/2022,Aeroporto,Olbia,12785,11715
12/08/2022,Aeroporto,Cagliari,9496,8711
12/08/2022,Aeroporto,Alghero,3619,3124
11/08/2022,Porto,Porto Torres,1849,1527
11/08/2022,Porto,Olbia,14307,10559
11/08/2022,Porto,Golfo Aranci,4224,2158
11/08/2022,Porto,Cagliari,932,791
11/08/2022,Porto,Arbatax,0,187
11/08/2022,Aeroporto,Olbia,10048,8615
11/08/2022,Aeroporto,Cagliari,11218,9774
11/08/2022,Aeroporto,Alghero,3946,3331
10/08/2022,Porto,Porto Torres,4026,3654
10/08/2022,Porto,Olbia,15729,9596
10/08/2022,Porto,Golfo Aranci,2856,1499
10/08/2022,Porto,Cagliari,392,248
10/08/2022,Porto,Arbatax,518,0
10/08/2022,Aeroporto,Olbia,10313,9528
10/08/2022,Aeroporto,Cagliari,7945,7157
10/08/2022,Aeroporto,Alghero,3811,3153
09/08/2022,Porto,Porto Torres,6959,4398
09/08/2022,Porto,Olbia,15031,8373
09/08/2022,Porto,Golfo Aranci,4107,1680
09/08/2022,Porto,Cagliari,933,640
09/08/2022,Porto,Arbatax,0,133
09/08/2022,Aeroporto,Olbia,10867,8789
09/08/2022,Aeroporto,Cagliari,9764,8014
09/08/2022,Aeroporto,Alghero,4414,3863
08/08/2022,Porto,Porto Torres,3944,3212
08/08/2022,Porto,Olbia,15835,9796
08/08/2022,Porto,Golfo Aranci,4281,2164
08/08/2022,Porto,Cagliari,224,1259
08/08/2022,Aeroporto,Olbia,10693,9390
08/08/2022,Aeroporto,Cagliari,10092,8059
08/08/2022,Aeroporto,Alghero,2765,1810
07/08/2022,Porto,Porto Torres,8123,4417
07/08/2022,Porto,Olbia,19470,14059
07/08/2022,Porto,Golfo Aranci,2981,1768
07/08/2022,Porto,Cagliari,1334,1
07/08/2022,Porto,Arbatax,453,0
07/08/2022,Aeroporto,Olbia,12619,11658
07/08/2022,Aeroporto,Cagliari,10922,10453
07/08/2022,Aeroporto,Alghero,4820,4285
06/08/2022,Porto,Porto Torres,9356,5863
06/08/2022,Porto,Olbia,19237,12519
06/08/2022,Porto,Golfo Aranci,3727,2378
06/08/2022,Porto,Cagliari,939,899
06/08/2022,Porto,Arbatax,0,197
06/08/2022,Aeroporto,Olbia,16039,14475
06/08/2022,Aeroporto,Cagliari,12003,10022
06/08/2022,Aeroporto,Alghero,4402,3830
05/08/2022,Porto,Porto Torres,7508,5160
05/08/2022,Porto,Olbia,15680,10809
05/08/2022,Porto,Golfo Aranci,3832,2668
05/08/2022,Porto,Cagliari,391,338
05/08/2022,Porto,Arbatax,505,0
05/08/2022,Aeroporto,Olbia,13142,10704
05/08/2022,Aeroporto,Cagliari,9825,7505
05/08/2022,Aeroporto,Alghero,3697,2736
04/08/2022,Porto,Porto Torres,2527,2104
04/08/2022,Porto,Olbia,14410,9855
04/08/2022,Porto,Golfo Aranci,3723,1811
04/08/2022,Porto,Cagliari,913,596
04/08/2022,Porto,Arbatax,0,123
04/08/2022,Aeroporto,Olbia,10314,7740
04/08/2022,Aeroporto,Cagliari,11016,8869
04/08/2022,Aeroporto,Alghero,4006,3076
03/08/2022,Porto,Porto Torres,4002,2978
03/08/2022,Porto,Olbia,12632,9036
03/08/2022,Porto,Golfo Aranci,1279,1592
03/08/2022,Porto,Cagliari,368,300
03/08/2022,Porto,Arbatax,531,0
03/08/2022,Aeroporto,Olbia,10778,9662
03/08/2022,Aeroporto,Cagliari,7957,6483
03/08/2022,Aeroporto,Alghero,3752,2787
02/08/2022,Porto,Porto Torres,6090,4155
02/08/2022,Porto,Olbia,13634,8798
02/08/2022,Porto,Golfo Aranci,3399,1818
02/08/2022,Porto,Cagliari,920,485
02/08/2022,Porto,Arbatax,0,183
02/08/2022,Aeroporto,Olbia,10930,9268
02/08/2022,Aeroporto,Cagliari,9536,8040
02/08/2022,Aeroporto,Alghero,4519,3973
01/08/2022,Porto,Porto Torres,3720,3957
01/08/2022,Porto,Olbia,14519,11228
01/08/2022,Porto,Golfo Aranci,3703,2622
01/08/2022,Porto,Cagliari,218,1283
01/08/2022,Aeroporto,Olbia,10810,10122
01/08/2022,Aeroporto,Cagliari,9968,8768
01/08/2022,Aeroporto,Alghero,2282,2012
31/07/2022,Porto,Porto Torres,6250,4966
31/07/2022,Porto,Olbia,16288,16436
31/07/2022,Porto,Golfo Aranci,3904,3755
31/07/2022,Porto,Cagliari,1287,0
31/07/2022,Porto,Arbatax,516,0
31/07/2022,Aeroporto,Olbia,13050,13506
31/07/2022,Aeroporto,Cagliari,10616,11209
31/07/2022,Aeroporto,Alghero,4410,4109
30/07/2022,Porto,Porto Torres,9249,7362
30/07/2022,Porto,Olbia,16301,16167
30/07/2022,Porto,Golfo Aranci,3077,2933
30/07/2022,Porto,Cagliari,917,912
30/07/2022,Aeroporto,Olbia,15809,15204
30/07/2022,Aeroporto,Cagliari,11404,10231
30/07/2022,Aeroporto,Alghero,4417,4281
29/07/2022,Porto,Porto Torres,6797,5535
29/07/2022,Porto,Olbia,13119,12173
29/07/2022,Porto,Golfo Aranci,3423,3132
29/07/2022,Porto,Cagliari,532,625
29/07/2022,Aeroporto,Olbia,12785,12283
29/07/2022,Aeroporto,Cagliari,9640,8762
29/07/2022,Aeroporto,Alghero,3612,3014
28/07/2022,Porto,Porto Torres,2772,2308
28/07/2022,Porto,Olbia,12256,11862
28/07/2022,Porto,Golfo Aranci,3171,2401
28/07/2022,Porto,Cagliari,515,663
28/07/2022,Porto,Arbatax,0,168
28/07/2022,Aeroporto,Olbia,9309,8013
28/07/2022,Aeroporto,Cagliari,11061,9831
28/07/2022,Aeroporto,Alghero,3564,3189
27/07/2022,Porto,Porto Torres,3891,3309
27/07/2022,Porto,Olbia,10241,9628
27/07/2022,Porto,Golfo Aranci,2111,1388
27/07/2022,Porto,Cagliari,243,226
27/07/2022,Porto,Arbatax,317,0
27/07/2022,Aeroporto,Olbia,10218,9743
27/07/2022,Aeroporto,Cagliari,7657,7239
27/07/2022,Aeroporto,Alghero,3669,3448
26/07/2022,Porto,Porto Torres,5918,3497
26/07/2022,Porto,Olbia,11153,8393
26/07/2022,Porto,Golfo Aranci,2428,2022
26/07/2022,Porto,Cagliari,664,466
26/07/2022,Porto,Arbatax,0,153
26/07/2022,Aeroporto,Olbia,9176,9268
26/07/2022,Aeroporto,Cagliari,8775,8335
26/07/2022,Aeroporto,Alghero,4145,4187
25/07/2022,Porto,Porto Torres,3710,2509
25/07/2022,Porto,Olbia,12088,9093
25/07/2022,Porto,Golfo Aranci,3011,1975
25/07/2022,Porto,Cagliari,192,998
25/07/2022,Aeroporto,Olbia,9327,9886
25/07/2022,Aeroporto,Cagliari,9163,8529
25/07/2022,Aeroporto,Alghero,1998,2151
24/07/2022,Porto,Porto Torres,4667,4205
24/07/2022,Porto,Olbia,13742,12396
24/07/2022,Porto,Golfo Aranci,2597,2442
24/07/2022,Porto,Cagliari,1230,1
24/07/2022,Porto,Arbatax,304,0
24/07/2022,Aeroporto,Olbia,12240,12896
24/07/2022,Aeroporto,Cagliari,10535,10951
24/07/2022,Aeroporto,Alghero,4266,4279
23/07/2022,Porto,Porto Torres,7215,5121
23/07/2022,Porto,Olbia,14581,12540
23/07/2022,Porto,Golfo Aranci,2688,2433
23/07/2022,Porto,Cagliari,700,904
23/07/2022,Aeroporto,Olbia,15749,14877
23/07/2022,Aeroporto,Cagliari,11297,10373
23/07/2022,Aeroporto,Alghero,4222,3999
22/07/2022,Porto,Porto Torres,6486,4423
22/07/2022,Porto,Olbia,11653,10227
22/07/2022,Porto,Golfo Aranci,2376,2329
22/07/2022,Porto,Cagliari,373,406
22/07/2022,Aeroporto,Olbia,12964,10852
22/07/2022,Aeroporto,Cagliari,9623,8292
22/07/2022,Aeroporto,Alghero,3725,3019
21/07/2022,Porto,Porto Torres,2327,1950
21/07/2022,Porto,Olbia,9793,8728
21/07/2022,Porto,Golfo Aranci,2092,1862
21/07/2022,Porto,Cagliari,500,492
21/07/2022,Porto,Arbatax,0,83
21/07/2022,Aeroporto,Olbia,9806,7395
21/07/2022,Aeroporto,Cagliari,10865,9438
21/07/2022,Aeroporto,Alghero,3429,2762
20/07/2022,Porto,Porto Torres,3376,2111
20/07/2022,Porto,Olbia,9952,7058
20/07/2022,Porto,Golfo Aranci,1954,1603
20/07/2022,Porto,Cagliari,291,250
20/07/2022,Porto,Arbatax,237,0
20/07/2022,Aeroporto,Olbia,10052,8712
20/07/2022,Aeroporto,Cagliari,7679,7054
20/07/2022,Aeroporto,Alghero,3813,3218
19/07/2022,Porto,Porto Torres,5899,2869
19/07/2022,Porto,Olbia,11509,6902
19/07/2022,Porto,Golfo Aranci,2456,2417
19/07/2022,Porto,Cagliari,615,390
19/07/2022,Porto,Arbatax,0,100
19/07/2022,Aeroporto,Olbia,9696,9428
19/07/2022,Aeroporto,Cagliari,9130,8577
19/07/2022,Aeroporto,Alghero,4270,4219
18/07/2022,Porto,Porto Torres,3475,2305
18/07/2022,Porto,Olbia,12709,8689
18/07/2022,Porto,Golfo Aranci,2420,1336
18/07/2022,Porto,Cagliari,153,852
18/07/2022,Aeroporto,Olbia,10341,10695
18/07/2022,Aeroporto,Cagliari,9870,9430
18/07/2022,Aeroporto,Alghero,2230,2275
17/07/2022,Porto,Porto Torres,5719,4264
17/07/2022,Porto,Olbia,14454,12457
17/07/2022,Porto,Golfo Aranci,2797,2165
17/07/2022,Porto,Cagliari,1163,0
17/07/2022,Porto,Arbatax,358,0
17/07/2022,Aeroporto,Olbia,9949,9740
17/07/2022,Aeroporto,Cagliari,8173,8703
17/07/2022,Aeroporto,Alghero,3252,3413
16/07/2022,Porto,Porto Torres,4881,3028
16/07/2022,Porto,Olbia,15102,13088
16/07/2022,Porto,Golfo Aranci,2416,2606
16/07/2022,Porto,Cagliari,678,865
16/07/2022,Aeroporto,Olbia,16679,15850
16/07/2022,Aeroporto,Cagliari,11745,11147
16/07/2022,Aeroporto,Alghero,4221,3991
15/07/2022,Porto,Porto Torres,6863,4495
15/07/2022,Porto,Olbia,12324,10893
15/07/2022,Porto,Golfo Aranci,2538,2404
15/07/2022,Porto,Cagliari,422,414
15/07/2022,Aeroporto,Olbia,12555,10728
15/07/2022,Aeroporto,Cagliari,10247,8722
15/07/2022,Aeroporto,Alghero,3903,3134
14/07/2022,Porto,Porto Torres,2232,2070
14/07/2022,Porto,Olbia,9990,9630
14/07/2022,Porto,Golfo Aranci,2273,2159
14/07/2022,Porto,Cagliari,489,480
14/07/2022,Porto,Arbatax,0,107
14/07/2022,Aeroporto,Olbia,9897,7215
14/07/2022,Aeroporto,Cagliari,10772,9931
14/07/2022,Aeroporto,Alghero,3602,2666
13/07/2022,Porto,Porto Torres,3256,1646
13/07/2022,Porto,Olbia,8214,6993
13/07/2022,Porto,Golfo Aranci,2828,2514
13/07/2022,Porto,Cagliari,205,246
13/07/2022,Porto,Arbatax,215,0
13/07/2022,Aeroporto,Olbia,9121,7611
13/07/2022,Aeroporto,Cagliari,7409,6786
13/07/2022,Aeroporto,Alghero,3433,3317
12/07/2022,Porto,Porto Torres,4884,2815
12/07/2022,Porto,Olbia,10020,6779
12/07/2022,Porto,Golfo Aranci,1195,761
12/07/2022,Porto,Cagliari,486,373
12/07/2022,Porto,Arbatax,0,122
12/07/2022,Aeroporto,Olbia,8916,8457
12/07/2022,Aeroporto,Cagliari,9246,8501
12/07/2022,Aeroporto,Alghero,4156,4073
11/07/2022,Porto,Porto Torres,3115,1888
11/07/2022,Porto,Olbia,10889,7888
11/07/2022,Porto,Golfo Aranci,1332,1793
11/07/2022,Porto,Cagliari,164,416
11/07/2022,Aeroporto,Olbia,9106,9625
11/07/2022,Aeroporto,Cagliari,9215,9123
11/07/2022,Aeroporto,Alghero,2076,2176
10/07/2022,Porto,Porto Torres,4784,2926
10/07/2022,Porto,Olbia,12285,11179
10/07/2022,Porto,Golfo Aranci,2457,2364
10/07/2022,Porto,Cagliari,1094,389
10/07/2022,Porto,Arbatax,230,0
10/07/2022,Aeroporto,Olbia,11278,11778
10/07/2022,Aeroporto,Cagliari,10188,10571
10/07/2022,Aeroporto,Alghero,4321,4230
09/07/2022,Porto,Porto Torres,3691,2276
09/07/2022,Porto,Olbia,13388,11913
09/07/2022,Porto,Golfo Aranci,2597,2659
09/07/2022,Porto,Cagliari,490,640
09/07/2022,Aeroporto,Olbia,15482,13982
09/07/2022,Aeroporto,Cagliari,11197,10383
09/07/2022,Aeroporto,Alghero,4208,3862
08/07/2022,Porto,Porto Torres,5974,4242
08/07/2022,Porto,Olbia,10563,8752
08/07/2022,Porto,Golfo Aranci,2272,1939
08/07/2022,Porto,Cagliari,365,392
08/07/2022,Aeroporto,Olbia,12133,9137
08/07/2022,Aeroporto,Cagliari,9320,8118
08/07/2022,Aeroporto,Alghero,3931,3212
07/07/2022,Porto,Porto Torres,1815,1201
07/07/2022,Porto,Olbia,8400,6903
07/07/2022,Porto,Golfo Aranci,2132,1601
07/07/2022,Porto,Cagliari,391,496
07/07/2022,Porto,Arbatax,0,96
07/07/2022,Aeroporto,Olbia,9156,6095
07/07/2022,Aeroporto,Cagliari,10456,8259
07/07/2022,Aeroporto,Alghero,3180,2499
06/07/2022,Porto,Porto Torres,2993,1266
06/07/2022,Porto,Olbia,8481,4941
06/07/2022,Porto,Golfo Aranci,1987,1071
06/07/2022,Porto,Cagliari,270,174
06/07/2022,Porto,Arbatax,160,0
06/07/2022,Aeroporto,Olbia,8683,6912
06/07/2022,Aeroporto,Cagliari,7352,6421
06/07/2022,Aeroporto,Alghero,3318,2935
05/07/2022,Porto,Porto Torres,4992,2060
05/07/2022,Porto,Olbia,10118,5543
05/07/2022,Porto,Golfo Aranci,2210,1113
05/07/2022,Porto,Cagliari,470,313
05/07/2022,Porto,Arbatax,0,89
05/07/2022,Aeroporto,Olbia,8794,7558
05/07/2022,Aeroporto,Cagliari,9183,7734
05/07/2022,Aeroporto,Alghero,4075,3629
04/07/2022,Porto,Porto Torres,3000,1668
04/07/2022,Porto,Olbia,10903,6585
04/07/2022,Porto,Golfo Aranci,2739,1488
04/07/2022,Porto,Cagliari,172,724
04/07/2022,Aeroporto,Olbia,9051,8571
04/07/2022,Aeroporto,Cagliari,8773,8384
04/07/2022,Aeroporto,Alghero,1869,1937
03/07/2022,Porto,Porto Torres,4624,2593
03/07/2022,Porto,Olbia,12925,10565
03/07/2022,Porto,Golfo Aranci,2728,2303
03/07/2022,Porto,Cagliari,1031,0
03/07/2022,Porto,Arbatax,260,0
03/07/2022,Aeroporto,Olbia,10039,10070
03/07/2022,Aeroporto,Cagliari,10520,10468
03/07/2022,Aeroporto,Alghero,4170,4063
02/07/2022,Porto,Porto Torres,3395,2814
02/07/2022,Porto,Olbia,14239,11929
02/07/2022,Porto,Golfo Aranci,2916,2596
02/07/2022,Porto,Cagliari,579,792
02/07/2022,Aeroporto,Olbia,14620,12731
02/07/2022,Aeroporto,Cagliari,10975,9970
02/07/2022,Aeroporto,Alghero,4288,3792
01/07/2022,Porto,Porto Torres,4972,4232
01/07/2022,Porto,Olbia,13094,8177
01/07/2022,Porto,Golfo Aranci,2318,1955
01/07/2022,Porto,Cagliari,392,358
01/07/2022,Aeroporto,Olbia,11175,8951
01/07/2022,Aeroporto,Cagliari,9437,7800
01/07/2022,Aeroporto,Alghero,3587,2440
30/06/2022,Porto,Porto Torres,2465,2470
30/06/2022,Porto,Olbia,0,8041
30/06/2022,Porto,Golfo Aranci,2143,1556
30/06/2022,Porto,Cagliari,380,373
30/06/2022,Porto,Arbatax,0,93
30/06/2022,Aeroporto,Olbia,7880,6157
30/06/2022,Aeroporto,Cagliari,9470,8606
30/06/2022,Aeroporto,Alghero,3095,2797
29/06/2022,Porto,Porto Torres,2315,1660
29/06/2022,Porto,Olbia,8629,6340
29/06/2022,Porto,Golfo Aranci,1973,715
29/06/2022,Porto,Cagliari,275,247
29/06/2022,Porto,Arbatax,228,0
29/06/2022,Aeroporto,Olbia,8194,7026
29/06/2022,Aeroporto,Cagliari,7463,7043
29/06/2022,Aeroporto,Alghero,3124,2730
28/06/2022,Porto,Porto Torres,3594,2053
28/06/2022,Porto,Olbia,8706,5737
28/06/2022,Porto,Golfo Aranci,1763,1155
28/06/2022,Porto,Cagliari,439,303
28/06/2022,Porto,Arbatax,0,74
28/06/2022,Aeroporto,Olbia,7624,7106
28/06/2022,Aeroporto,Cagliari,8563,7818
28/06/2022,Aeroporto,Alghero,3802,3446
27/06/2022,Porto,Porto Torres,2622,2121
27/06/2022,Porto,Olbia,9158,6181
27/06/2022,Porto,Golfo Aranci,2032,1379
27/06/2022,Porto,Cagliari,175,678
27/06/2022,Aeroporto,Olbia,8232,8315
27/06/2022,Aeroporto,Cagliari,9134,8672
27/06/2022,Aeroporto,Alghero,1941,2205
26/06/2022,Porto,Porto Torres,4136,2268
26/06/2022,Porto,Olbia,10762,9852
26/06/2022,Porto,Golfo Aranci,2259,1955
26/06/2022,Porto,Cagliari,987,0
26/06/2022,Porto,Arbatax,195,0
26/06/2022,Aeroporto,Olbia,8192,8699
26/06/2022,Aeroporto,Cagliari,10352,10850
26/06/2022,Aeroporto,Alghero,3503,3353
25/06/2022,Porto,Porto Torres,2721,2189
25/06/2022,Porto,Olbia,12585,9693
25/06/2022,Porto,Golfo Aranci,2590,1910
25/06/2022,Porto,Cagliari,499,534
25/06/2022,Aeroporto,Olbia,11706,10953
25/06/2022,Aeroporto,Cagliari,10585,9918
25/06/2022,Aeroporto,Alghero,3835,3376
24/06/2022,Porto,Porto Torres,5479,2876
24/06/2022,Porto,Olbia,10461,6786
24/06/2022,Porto,Golfo Aranci,2255,1297
24/06/2022,Porto,Cagliari,371,268
24/06/2022,Aeroporto,Olbia,9291,8283
24/06/2022,Aeroporto,Cagliari,8950,7904
24/06/2022,Aeroporto,Alghero,2953,2500
23/06/2022,Porto,Porto Torres,1672,1618
23/06/2022,Porto,Olbia,7884,5082
23/06/2022,Porto,Golfo Aranci,1816,883
23/06/2022,Porto,Cagliari,362,374
23/06/2022,Porto,Arbatax,0,49
23/06/2022,Aeroporto,Olbia,6989,5233
23/06/2022,Aeroporto,Cagliari,9895,8656
23/06/2022,Aeroporto,Alghero,3388,2557
22/06/2022,Porto,Porto Torres,1927,1261
22/06/2022,Porto,Olbia,6391,3676
22/06/2022,Porto,Golfo Aranci,1508,843
22/06/2022,Porto,Cagliari,161,185
22/06/2022,Porto,Arbatax,167,0
22/06/2022,Aeroporto,Olbia,7381,5829
22/06/2022,Aeroporto,Cagliari,7384,6499
22/06/2022,Aeroporto,Alghero,2827,2589
21/06/2022,Porto,Porto Torres,2871,1491
21/06/2022,Porto,Olbia,7525,4004
21/06/2022,Porto,Golfo Aranci,863,586
21/06/2022,Porto,Cagliari,328,250
21/06/2022,Porto,Arbatax,0,57
21/06/2022,Aeroporto,Olbia,6697,6350
21/06/2022,Aeroporto,Cagliari,8232,7923
21/06/2022,Aeroporto,Alghero,3508,3412
20/06/2022,Porto,Porto Torres,1866,1616
20/06/2022,Porto,Olbia,8566,4984
20/06/2022,Porto,Golfo Aranci,2113,1003
20/06/2022,Porto,Cagliari,212,355
20/06/2022,Aeroporto,Olbia,6843,7563
20/06/2022,Aeroporto,Cagliari,8616,8132
20/06/2022,Aeroporto,Alghero,1818,1930
19/06/2022,Porto,Porto Torres,1689,1223
19/06/2022,Porto,Olbia,10584,7927
19/06/2022,Porto,Golfo Aranci,1933,1609
19/06/2022,Porto,Cagliari,755,285
19/06/2022,Porto,Arbatax,161,0
19/06/2022,Aeroporto,Olbia,7986,9135
19/06/2022,Aeroporto,Cagliari,10449,10542
19/06/2022,Aeroporto,Alghero,3668,3622
18/06/2022,Porto,Porto Torres,1702,2779
18/06/2022,Porto,Olbia,12044,9760
18/06/2022,Porto,Golfo Aranci,1972,2019
18/06/2022,Porto,Cagliari,401,472
18/06/2022,Aeroporto,Olbia,11091,10111
18/06/2022,Aeroporto,Cagliari,10637,9946
18/06/2022,Aeroporto,Alghero,4088,3568
17/06/2022,Porto,Porto Torres,3298,2766
17/06/2022,Porto,Olbia,9872,7673
17/06/2022,Porto,Golfo Aranci,1814,1503
17/06/2022,Porto,Cagliari,298,253
17/06/2022,Aeroporto,Olbia,9881,7705
17/06/2022,Aeroporto,Cagliari,8663,7901
17/06/2022,Aeroporto,Alghero,3017,2291
16/06/2022,Porto,Porto Torres,1493,2564
16/06/2022,Porto,Olbia,8002,6763
16/06/2022,Porto,Golfo Aranci,1468,1582
16/06/2022,Porto,Cagliari,321,335
16/06/2022,Porto,Arbatax,0,29
16/06/2022,Aeroporto,Olbia,6794,5652
16/06/2022,Aeroporto,Cagliari,9401,8708
16/06/2022,Aeroporto,Alghero,2877,2453
15/06/2022,Porto,Porto Torres,1711,1377
15/06/2022,Porto,Olbia,5531,3916
15/06/2022,Porto,Golfo Aranci,1368,758
15/06/2022,Porto,Cagliari,208,179
15/06/2022,Porto,Arbatax,128,0
15/06/2022,Aeroporto,Olbia,6978,5443
15/06/2022,Aeroporto,Cagliari,6900,5978
15/06/2022,Aeroporto,Alghero,2951,2634
14/06/2022,Porto,Porto Torres,2628,1232
14/06/2022,Porto,Olbia,5950,3574
14/06/2022,Porto,Golfo Aranci,992,484
14/06/2022,Porto,Cagliari,275,249
14/06/2022,Porto,Arbatax,0,34
14/06/2022,Aeroporto,Olbia,5833,5122
14/06/2022,Aeroporto,Cagliari,7992,7326
14/06/2022,Aeroporto,Alghero,3202,3034
13/06/2022,Porto,Porto Torres,2052,1558
13/06/2022,Porto,Olbia,6937,3568
13/06/2022,Porto,Golfo Aranci,1466,589
13/06/2022,Porto,Cagliari,152,565
13/06/2022,Aeroporto,Olbia,6125,5812
13/06/2022,Aeroporto,Cagliari,8475,7901
13/06/2022,Aeroporto,Alghero,1885,1680
12/06/2022,Porto,Porto Torres,2019,1158
12/06/2022,Porto,Olbia,7181,4988
12/06/2022,Porto,Golfo Aranci,1521,718
12/06/2022,Porto,Cagliari,681,9
12/06/2022,Porto,Arbatax,114,0
12/06/2022,Aeroporto,Olbia,7621,8174
12/06/2022,Aeroporto,Cagliari,9701,9312
12/06/2022,Aeroporto,Alghero,3654,3366
11/06/2022,Porto,Porto Torres,2024,1639
11/06/2022,Porto,Olbia,9600,5712
11/06/2022,Porto,Golfo Aranci,1635,875
11/06/2022,Porto,Cagliari,271,462
11/06/2022,Aeroporto,Olbia,9680,8295
11/06/2022,Aeroporto,Cagliari,10450,9360
11/06/2022,Aeroporto,Alghero,3726,3118
10/06/2022,Porto,Porto Torres,2400,1464
10/06/2022,Porto,Olbia,6414,3906
10/06/2022,Porto,Golfo Aranci,1013,536
10/06/2022,Porto,Cagliari,237,233
10/06/2022,Aeroporto,Olbia,8589,6532
10/06/2022,Aeroporto,Cagliari,8591,7817
10/06/2022,Aeroporto,Alghero,2481,1971
09/06/2022,Porto,Porto Torres,1431,1155
09/06/2022,Porto,Olbia,5273,3834
09/06/2022,Porto,Golfo Aranci,837,521
09/06/2022,Porto,Cagliari,222,314
09/06/2022,Porto,Arbatax,0,33
09/06/2022,Aeroporto,Olbia,6634,4642
09/06/2022,Aeroporto,Cagliari,8812,7795
09/06/2022,Aeroporto,Alghero,2951,2472
08/06/2022,Porto,Porto Torres,2035,1276
08/06/2022,Porto,Olbia,4005,2491
08/06/2022,Porto,Golfo Aranci,637,410
08/06/2022,Porto,Cagliari,156,187
08/06/2022,Porto,Arbatax,111,0
08/06/2022,Aeroporto,Olbia,5444,4584
08/06/2022,Aeroporto,Cagliari,5859,5573
08/06/2022,Aeroporto,Alghero,2751,2309
07/06/2022,Porto,Porto Torres,1383,479
07/06/2022,Porto,Olbia,5696,2825
07/06/2022,Porto,Golfo Aranci,854,349
07/06/2022,Porto,Cagliari,338,268
07/06/2022,Porto,Arbatax,0,59
07/06/2022,Aeroporto,Olbia,5058,6116
07/06/2022,Aeroporto,Cagliari,7448,7849
07/06/2022,Aeroporto,Alghero,2848,3233
06/06/2022,Porto,Porto Torres,2707,2046
06/06/2022,Porto,Olbia,6180,4896
06/06/2022,Porto,Golfo Aranci,1635,237
06/06/2022,Porto,Cagliari,139,615
06/06/2022,Aeroporto,Olbia,5552,7772
06/06/2022,Aeroporto,Cagliari,8149,8704
06/06/2022,Aeroporto,Alghero,1500,2114
05/06/2022,Porto,Porto Torres,1980,1791
05/06/2022,Porto,Olbia,8236,11957
05/06/2022,Porto,Golfo Aranci,1775,1464
05/06/2022,Porto,Cagliari,648,7
05/06/2022,Porto,Arbatax,112,0
05/06/2022,Aeroporto,Olbia,6876,8373
05/06/2022,Aeroporto,Cagliari,9192,10181
05/06/2022,Aeroporto,Alghero,3576,3980
04/06/2022,Porto,Porto Torres,2329,2176
04/06/2022,Porto,Olbia,8235,6835
04/06/2022,Porto,Golfo Aranci,1391,1234
04/06/2022,Porto,Cagliari,286,371
04/06/2022,Aeroporto,Olbia,8644,8959
04/06/2022,Aeroporto,Cagliari,9689,9587
04/06/2022,Aeroporto,Alghero,3259,3127
03/06/2022,Porto,Porto Torres,2194,1492
03/06/2022,Porto,Olbia,5954,3380
03/06/2022,Porto,Golfo Aranci,1111,465
03/06/2022,Porto,Cagliari,236,205
03/06/2022,Aeroporto,Olbia,7862,5830
03/06/2022,Aeroporto,Cagliari,7876,6709
03/06/2022,Aeroporto,Alghero,2147,1653
02/06/2022,Porto,Porto Torres,2538,884
02/06/2022,Porto,Olbia,11479,2524
02/06/2022,Porto,Golfo Aranci,1272,425
02/06/2022,Porto,Cagliari,391,294
02/06/2022,Porto,Arbatax,0,33
02/06/2022,Aeroporto,Olbia,7147,4580
02/06/2022,Aeroporto,Cagliari,9599,7829
02/06/2022,Aeroporto,Alghero,3259,2287
01/06/2022,Porto,Porto Torres,1645,813
01/06/2022,Porto,Olbia,6681,2535
01/06/2022,Porto,Golfo Aranci,1266,283
01/06/2022,Porto,Cagliari,158,181
01/06/2022,Porto,Arbatax,198,0
01/06/2022,Aeroporto,Olbia,7810,4328
01/06/2022,Aeroporto,Cagliari,7789,6085
01/06/2022,Aeroporto,Alghero,3801,2272
31/05/2022,Porto,Porto Torres,1749,706
31/05/2022,Porto,Olbia,4049,2146
31/05/2022,Porto,Golfo Aranci,654,281
31/05/2022,Porto,Cagliari,382,357
31/05/2022,Porto,Arbatax,0,61
31/05/2022,Aeroporto,Olbia,6073,4324
31/05/2022,Aeroporto,Cagliari,7532,6413
31/05/2022,Aeroporto,Alghero,3043,2621
30/05/2022,Porto,Porto Torres,1582,1701
30/05/2022,Porto,Olbia,3936,1964
30/05/2022,Porto,Golfo Aranci,843,490
30/05/2022,Porto,Cagliari,136,464
30/05/2022,Aeroporto,Olbia,4902,5228
30/05/2022,Aeroporto,Cagliari,7310,6797
30/05/2022,Aeroporto,Alghero,1727,1653
29/05/2022,Porto,Porto Torres,1736,661
29/05/2022,Porto,Olbia,4223,2693
29/05/2022,Porto,Golfo Aranci,727,409
29/05/2022,Porto,Cagliari,656,4
29/05/2022,Porto,Arbatax,128,0
29/05/2022,Aeroporto,Olbia,6012,7293
29/05/2022,Aeroporto,Cagliari,8765,9321
29/05/2022,Aeroporto,Alghero,3090,2956
28/05/2022,Porto,Porto Torres,1883,1558
28/05/2022,Porto,Olbia,5549,3120
28/05/2022,Porto,Golfo Aranci,1170,744
28/05/2022,Porto,Cagliari,299,408
28/05/2022,Aeroporto,Olbia,8195,6973
28/05/2022,Aeroporto,Cagliari,9750,7907
28/05/2022,Aeroporto,Alghero,2832,2147
27/05/2022,Porto,Porto Torres,1567,1291
27/05/2022,Porto,Olbia,4763,3074
27/05/2022,Porto,Golfo Aranci,831,439
27/05/2022,Porto,Cagliari,206,237
27/05/2022,Aeroporto,Olbia,7810,6049
27/05/2022,Aeroporto,Cagliari,8665,7329
27/05/2022,Aeroporto,Alghero,1885,1600
26/05/2022,Porto,Porto Torres,2199,1289
26/05/2022,Porto,Olbia,3000,2077
26/05/2022,Porto,Golfo Aranci,481,334
26/05/2022,Porto,Cagliari,218,330
26/05/2022,Porto,Arbatax,0,24
26/05/2022,Aeroporto,Olbia,6010,3313
26/05/2022,Aeroporto,Cagliari,8229,6702
26/05/2022,Aeroporto,Alghero,2624,2190
25/05/2022,Porto,Porto Torres,1352,741
25/05/2022,Porto,Olbia,2689,1849
25/05/2022,Porto,Golfo Aranci,321,198
25/05/2022,Porto,Cagliari,152,113
25/05/2022,Porto,Arbatax,99,0
25/05/2022,Aeroporto,Olbia,4853,3201
25/05/2022,Aeroporto,Cagliari,6122,4905
25/05/2022,Aeroporto,Alghero,2347,2132
24/05/2022,Porto,Porto Torres,759,356
24/05/2022,Porto,Olbia,2693,1390
24/05/2022,Porto,Golfo Aranci,404,208
24/05/2022,Porto,Cagliari,249,229
24/05/2022,Porto,Arbatax,0,38
24/05/2022,Aeroporto,Olbia,3330,2721
24/05/2022,Aeroporto,Cagliari,6698,6049
24/05/2022,Aeroporto,Alghero,2737,2546
23/05/2022,Porto,Porto Torres,1536,1064
23/05/2022,Porto,Olbia,3689,1901
23/05/2022,Porto,Golfo Aranci,632,258
23/05/2022,Porto,Cagliari,197,415
23/05/2022,Aeroporto,Olbia,4818,4168
23/05/2022,Aeroporto,Cagliari,6766,6755
23/05/2022,Aeroporto,Alghero,1463,1537
22/05/2022,Porto,Porto Torres,1823,843
22/05/2022,Porto,Olbia,2675,1853
22/05/2022,Porto,Golfo Aranci,519,221
22/05/2022,Porto,Cagliari,562,8
22/05/2022,Porto,Arbatax,79,0
22/05/2022,Aeroporto,Olbia,5529,5459
22/05/2022,Aeroporto,Cagliari,7707,8140
22/05/2022,Aeroporto,Alghero,3082,3123
21/05/2022,Porto,Porto Torres,1605,930
21/05/2022,Porto,Olbia,3580,2394
21/05/2022,Porto,Golfo Aranci,584,427
21/05/2022,Porto,Cagliari,152,385
21/05/2022,Aeroporto,Olbia,6273,4264
21/05/2022,Aeroporto,Cagliari,8527,7819
21/05/2022,Aeroporto,Alghero,2622,2268
20/05/2022,Porto,Porto Torres,1482,1245
20/05/2022,Porto,Olbia,2583,2091
20/05/2022,Porto,Golfo Aranci,387,335
20/05/2022,Porto,Cagliari,194,217
20/05/2022,Aeroporto,Olbia,7128,4729
20/05/2022,Aeroporto,Cagliari,7336,6861
20/05/2022,Aeroporto,Alghero,1722,1517
19/05/2022,Porto,Porto Torres,1493,949
19/05/2022,Porto,Olbia,2454,1803
19/05/2022,Porto,Golfo Aranci,327,257
19/05/2022,Porto,Cagliari,210,207
19/05/2022,Porto,Arbatax,0,34
19/05/2022,Aeroporto,Olbia,4058,2685
19/05/2022,Aeroporto,Cagliari,7623,6704
19/05/2022,Aeroporto,Alghero,2435,1988
18/05/2022,Porto,Porto Torres,774,579
18/05/2022,Porto,Olbia,1698,1257
18/05/2022,Porto,Golfo Aranci,214,213
18/05/2022,Porto,Cagliari,134,183
18/05/2022,Porto,Arbatax,88,0
18/05/2022,Aeroporto,Olbia,2588,1857
18/05/2022,Aeroporto,Cagliari,4902,4313
18/05/2022,Aeroporto,Alghero,2102,1935
17/05/2022,Porto,Porto Torres,627,249
17/05/2022,Porto,Olbia,2247,1276
17/05/2022,Porto,Golfo Aranci,304,158
17/05/2022,Porto,Cagliari,260,141
17/05/2022,Porto,Arbatax,0,27
17/05/2022,Aeroporto,Olbia,2708,2430
17/05/2022,Aeroporto,Cagliari,5953,5802
17/05/2022,Aeroporto,Alghero,2380,2129
16/05/2022,Porto,Porto Torres,1473,1035
16/05/2022,Porto,Olbia,3097,1499
16/05/2022,Porto,Golfo Aranci,593,254
16/05/2022,Porto,Cagliari,180,423
16/05/2022,Aeroporto,Olbia,3548,3569
16/05/2022,Aeroporto,Cagliari,6636,6723
16/05/2022,Aeroporto,Alghero,1328,1382
15/05/2022,Porto,Porto Torres,991,481
15/05/2022,Porto,Olbia,2014,1714
15/05/2022,Porto,Golfo Aranci,494,353
15/05/2022,Porto,Cagliari,477,0
15/05/2022,Porto,Arbatax,55,0
15/05/2022,Aeroporto,Olbia,4030,4586
15/05/2022,Aeroporto,Cagliari,7262,7277
15/05/2022,Aeroporto,Alghero,2786,2986
14/05/2022,Porto,Porto Torres,1545,1052
14/05/2022,Porto,Olbia,2484,1504
14/05/2022,Porto,Golfo Aranci,357,384
14/05/2022,Porto,Cagliari,199,247
14/05/2022,Aeroporto,Olbia,4670,3792
14/05/2022,Aeroporto,Cagliari,8084,7205
14/05/2022,Aeroporto,Alghero,2417,2089
13/05/2022,Porto,Porto Torres,522,508
13/05/2022,Porto,Olbia,2068,1859
13/05/2022,Porto,Golfo Aranci,297,307
13/05/2022,Porto,Cagliari,192,187
13/05/2022,Aeroporto,Olbia,5908,3774
13/05/2022,Aeroporto,Cagliari,6955,6124
13/05/2022,Aeroporto,Alghero,1752,1479
12/05/2022,Porto,Porto Torres,642,596
12/05/2022,Porto,Olbia,1598,1559
12/05/2022,Porto,Golfo Aranci,266,217
12/05/2022,Porto,Cagliari,154,278
12/05/2022,Porto,Arbatax,0,40
12/05/2022,Aeroporto,Olbia,3459,2188
12/05/2022,Aeroporto,Cagliari,7372,6526
12/05/2022,Aeroporto,Alghero,2324,1925
11/05/2022,Porto,Porto Torres,1060,793
11/05/2022,Porto,Olbia,1410,1031
11/05/2022,Porto,Golfo Aranci,300,190
11/05/2022,Porto,Cagliari,134,154
11/05/2022,Porto,Arbatax,81,0
11/05/2022,Aeroporto,Olbia,2087,1793
11/05/2022,Aeroporto,Cagliari,4324,4227
11/05/2022,Aeroporto,Alghero,1981,1925
10/05/2022,Porto,Porto Torres,556,369
10/05/2022,Porto,Olbia,1750,937
10/05/2022,Porto,Golfo Aranci,315,147
10/05/2022,Porto,Cagliari,244,96
10/05/2022,Porto,Arbatax,0,34
10/05/2022,Aeroporto,Olbia,2190,1977
10/05/2022,Aeroporto,Cagliari,5279,5625
10/05/2022,Aeroporto,Alghero,1984,2038
09/05/2022,Porto,Porto Torres,950,625
09/05/2022,Porto,Olbia,2077,1228
09/05/2022,Porto,Golfo Aranci,403,186
09/05/2022,Porto,Cagliari,174,267
09/05/2022,Aeroporto,Olbia,2952,3005
09/05/2022,Aeroporto,Cagliari,6209,5737
09/05/2022,Aeroporto,Alghero,1189,1392
08/05/2022,Porto,Porto Torres,548,386
08/05/2022,Porto,Olbia,1506,1381
08/05/2022,Porto,Golfo Aranci,386,211
08/05/2022,Porto,Cagliari,483,101
08/05/2022,Porto,Arbatax,64,0
08/05/2022,Aeroporto,Olbia,3330,4012
08/05/2022,Aeroporto,Cagliari,6161,6916
08/05/2022,Aeroporto,Alghero,2733,2930
07/05/2022,Porto,Porto Torres,1067,1131
07/05/2022,Porto,Olbia,1615,1403
07/05/2022,Porto,Golfo Aranci,339,416
07/05/2022,Porto,Cagliari,187,298
07/05/2022,Aeroporto,Olbia,3651,3345
07/05/2022,Aeroporto,Cagliari,7311,6909
07/05/2022,Aeroporto,Alghero,2215,2036
06/05/2022,Porto,Porto Torres,544,545
06/05/2022,Porto,Olbia,1508,1729
06/05/2022,Porto,Golfo Aranci,304,350
06/05/2022,Porto,Cagliari,143,200
06/05/2022,Aeroporto,Olbia,4525,3987
06/05/2022,Aeroporto,Cagliari,6123,6089
06/05/2022,Aeroporto,Alghero,1866,1671
05/05/2022,Aeroporto,Olbia,2556,2130
05/05/2022,Aeroporto,Cagliari,6374,6480
05/05/2022,Aeroporto,Alghero,2031,1845
04/05/2022,Porto,Porto Torres,1011,929
04/05/2022,Porto,Olbia,1293,1177
04/05/2022,Porto,Golfo Aranci,200,236
04/05/2022,Porto,Cagliari,111,109
04/05/2022,Porto,Arbatax,94,0
04/05/2022,Aeroporto,Olbia,1708,1695
04/05/2022,Aeroporto,Cagliari,3675,4249
04/05/2022,Aeroporto,Alghero,1738,1756
03/05/2022,Porto,Porto Torres,533,323
03/05/2022,Porto,Olbia,1242,1182
03/05/2022,Porto,Golfo Aranci,360,242
03/05/2022,Porto,Cagliari,232,181
03/05/2022,Porto,Arbatax,0,50
03/05/2022,Aeroporto,Olbia,1674,1904
03/05/2022,Aeroporto,Cagliari,5111,5792
03/05/2022,Aeroporto,Alghero,2039,2084
02/05/2022,Porto,Porto Torres,1158,685
02/05/2022,Porto,Olbia,1904,1436
02/05/2022,Porto,Golfo Aranci,407,269
02/05/2022,Porto,Cagliari,156,394
02/05/2022,Aeroporto,Olbia,3077,2975
02/05/2022,Aeroporto,Cagliari,6444,6061
02/05/2022,Aeroporto,Alghero,1300,1462
30/04/2022,Porto,Porto Torres,1216,1489
30/04/2022,Porto,Olbia,1617,2023
30/04/2022,Porto,Golfo Aranci,408,681
30/04/2022,Porto,Cagliari,264,259
30/04/2022,Aeroporto,Olbia,3624,3215
30/04/2022,Aeroporto,Cagliari,6963,6256
30/04/2022,Aeroporto,Alghero,2322,1934
29/04/2022,Porto,Porto Torres,470,696
29/04/2022,Porto,Olbia,1512,2065
29/04/2022,Porto,Golfo Aranci,288,320
29/04/2022,Porto,Cagliari,157,167
29/04/2022,Aeroporto,Olbia,4249,3421
29/04/2022,Aeroporto,Cagliari,6118,6820
29/04/2022,Aeroporto,Alghero,1641,1544
28/04/2022,Porto,Porto Torres,592,720
28/04/2022,Porto,Olbia,1475,1401
28/04/2022,Porto,Golfo Aranci,334,302
28/04/2022,Porto,Cagliari,219,183
28/04/2022,Porto,Arbatax,0,33
28/04/2022,Aeroporto,Olbia,2726,2592
28/04/2022,Aeroporto,Cagliari,6085,6209
28/04/2022,Aeroporto,Alghero,2353,2302
27/04/2022,Porto,Porto Torres,1165,1082
27/04/2022,Porto,Olbia,1469,1350
27/04/2022,Porto,Golfo Aranci,262,341
27/04/2022,Porto,Cagliari,118,116
27/04/2022,Porto,Arbatax,69,0
27/04/2022,Aeroporto,Olbia,1991,2102
27/04/2022,Aeroporto,Cagliari,3576,4386
27/04/2022,Aeroporto,Alghero,1771,2131
26/04/2022,Porto,Porto Torres,501,516
26/04/2022,Porto,Olbia,1734,1947
26/04/2022,Porto,Golfo Aranci,346,432
26/04/2022,Porto,Cagliari,322,200
26/04/2022,Porto,Arbatax,0,47
26/04/2022,Aeroporto,Olbia,2176,3278
26/04/2022,Aeroporto,Cagliari,5766,6593
26/04/2022,Aeroporto,Alghero,2315,2842
25/04/2022,Porto,Porto Torres,1316,1173
25/04/2022,Porto,Olbia,1671,3249
25/04/2022,Porto,Golfo Aranci,372,517
25/04/2022,Porto,Cagliari,161,619
25/04/2022,Aeroporto,Olbia,2777,4183
25/04/2022,Aeroporto,Cagliari,6236,5837
25/04/2022,Aeroporto,Alghero,1325,1667
24/04/2022,Porto,Porto Torres,700,1105
24/04/2022,Porto,Olbia,1779,2816
24/04/2022,Porto,Golfo Aranci,621,741
24/04/2022,Porto,Cagliari,573,0
24/04/2022,Porto,Arbatax,87,0
24/04/2022,Aeroporto,Olbia,2404,3717
24/04/2022,Aeroporto,Cagliari,5733,7212
24/04/2022,Aeroporto,Alghero,2198,2932
23/04/2022,Porto,Porto Torres,1493,1839
23/04/2022,Porto,Olbia,2963,2353
23/04/2022,Porto,Golfo Aranci,590,731
23/04/2022,Porto,Cagliari,222,272
23/04/2022,Aeroporto,Olbia,3772,3925
23/04/2022,Aeroporto,Cagliari,6913,7735
23/04/2022,Aeroporto,Alghero,2366,2609
22/04/2022,Porto,Porto Torres,709,1096
22/04/2022,Porto,Olbia,2643,2800
22/04/2022,Porto,Golfo Aranci,466,600
22/04/2022,Porto,Cagliari,193,209
22/04/2022,Aeroporto,Olbia,4557,4168
22/04/2022,Aeroporto,Cagliari,6045,6400
22/04/2022,Aeroporto,Alghero,1692,1691
21/04/2022,Porto,Porto Torres,792,950
21/04/2022,Porto,Olbia,1970,2252
21/04/2022,Porto,Golfo Aranci,485,707
21/04/2022,Porto,Cagliari,251,322
21/04/2022,Porto,Arbatax,0,58
21/04/2022,Aeroporto,Olbia,2810,3438
21/04/2022,Aeroporto,Cagliari,5964,6659
21/04/2022,Aeroporto,Alghero,2203,2523
20/04/2022,Porto,Porto Torres,1414,1569
20/04/2022,Porto,Olbia,2374,2335
20/04/2022,Porto,Golfo Aranci,270,422
20/04/2022,Porto,Cagliari,192,152
20/04/2022,Porto,Arbatax,85,0
20/04/2022,Aeroporto,Olbia,2004,3302
20/04/2022,Aeroporto,Cagliari,4687,5444
20/04/2022,Aeroporto,Alghero,2165,2726
19/04/2022,Porto,Porto Torres,601,838
19/04/2022,Porto,Olbia,2315,4227
19/04/2022,Porto,Golfo Aranci,549,1219
19/04/2022,Porto,Cagliari,371,258
19/04/2022,Porto,Arbatax,0,73
19/04/2022,Aeroporto,Olbia,2932,4201
19/04/2022,Aeroporto,Cagliari,6781,7207
19/04/2022,Aeroporto,Alghero,2699,3317
18/04/2022,Porto,Porto Torres,898,1379
18/04/2022,Porto,Olbia,1284,3681
18/04/2022,Porto,Golfo Aranci,493,976
18/04/2022,Porto,Cagliari,107,383
18/04/2022,Aeroporto,Olbia,2691,4376
18/04/2022,Aeroporto,Cagliari,5270,5916
18/04/2022,Aeroporto,Alghero,1344,1638
17/04/2022,Porto,Porto Torres,679,354
17/04/2022,Porto,Olbia,1607,1693
17/04/2022,Porto,Golfo Aranci,241,351
17/04/2022,Porto,Cagliari,174,1
17/04/2022,Porto,Arbatax,85,0
17/04/2022,Aeroporto,Olbia,2145,2445
17/04/2022,Aeroporto,Cagliari,5308,5027
17/04/2022,Aeroporto,Alghero,2495,2762
16/04/2022,Porto,Porto Torres,2361,960
16/04/2022,Porto,Olbia,3219,950
16/04/2022,Porto,Golfo Aranci,718,370
16/04/2022,Porto,Cagliari,225,249
16/04/2022,Aeroporto,Olbia,4057,3068
16/04/2022,Aeroporto,Cagliari,7392,6310
16/04/2022,Aeroporto,Alghero,2454,2275
15/04/2022,Porto,Porto Torres,1347,510
15/04/2022,Porto,Olbia,4747,2317
15/04/2022,Porto,Golfo Aranci,1238,32
15/04/2022,Porto,Cagliari,285,212
15/04/2022,Aeroporto,Olbia,5833,3157
15/04/2022,Aeroporto,Cagliari,7173,5918
15/04/2022,Aeroporto,Alghero,2151,1570
14/04/2022,Porto,Porto Torres,1494,627
14/04/2022,Porto,Olbia,4770,1825
14/04/2022,Porto,Golfo Aranci,1630,290
14/04/2022,Porto,Cagliari,197,384
14/04/2022,Porto,Arbatax,0,53
14/04/2022,Aeroporto,Olbia,4764,2486
14/04/2022,Aeroporto,Cagliari,7390,6589
14/04/2022,Aeroporto,Alghero,3099,2420
13/04/2022,Porto,Porto Torres,1775,923
13/04/2022,Porto,Olbia,2677,1583
13/04/2022,Porto,Golfo Aranci,456,354
13/04/2022,Porto,Cagliari,139,179
13/04/2022,Porto,Arbatax,121,0
13/04/2022,Aeroporto,Olbia,3154,1305
13/04/2022,Aeroporto,Cagliari,5227,3741
13/04/2022,Aeroporto,Alghero,2353,1788
12/04/2022,Porto,Porto Torres,485,270
12/04/2022,Porto,Olbia,1686,1101
12/04/2022,Porto,Golfo Aranci,397,111
12/04/2022,Porto,Cagliari,205,236
12/04/2022,Porto,Arbatax,0,34
12/04/2022,Aeroporto,Olbia,2135,1187
12/04/2022,Aeroporto,Cagliari,5679,4674
12/04/2022,Aeroporto,Alghero,2577,1989
11/04/2022,Porto,Porto Torres,1313,375
11/04/2022,Porto,Olbia,2374,862
11/04/2022,Porto,Golfo Aranci,522,113
11/04/2022,Porto,Cagliari,148,310
11/04/2022,Aeroporto,Olbia,2469,1437
11/04/2022,Aeroporto,Cagliari,5189,4339
11/04/2022,Aeroporto,Alghero,1158,1162
10/04/2022,Porto,Porto Torres,843,294
10/04/2022,Porto,Olbia,1980,1154
10/04/2022,Porto,Golfo Aranci,656,133
10/04/2022,Porto,Cagliari,345,1
10/04/2022,Porto,Arbatax,52,0
10/04/2022,Aeroporto,Olbia,2675,2329
10/04/2022,Aeroporto,Cagliari,5891,5590
10/04/2022,Aeroporto,Alghero,2944,2395
09/04/2022,Porto,Porto Torres,1749,544
09/04/2022,Porto,Olbia,1861,1332
09/04/2022,Porto,Golfo Aranci,300,186
09/04/2022,Porto,Cagliari,221,242
09/04/2022,Aeroporto,Olbia,3425,1804
09/04/2022,Aeroporto,Cagliari,6499,4858
09/04/2022,Aeroporto,Alghero,2316,1829
08/04/2022,Porto,Porto Torres,373,332
08/04/2022,Porto,Olbia,1374,1794
08/04/2022,Porto,Golfo Aranci,269,63
08/04/2022,Porto,Cagliari,118,137
08/04/2022,Aeroporto,Olbia,2720,1625
08/04/2022,Aeroporto,Cagliari,5111,4796
08/04/2022,Aeroporto,Alghero,1399,1182
07/04/2022,Porto,Porto Torres,344,244
07/04/2022,Porto,Olbia,1262,1091
07/04/2022,Porto,Golfo Aranci,182,118
07/04/2022,Porto,Cagliari,98,171
07/04/2022,Porto,Arbatax,0,27
07/04/2022,Aeroporto,Olbia,2126,1422
07/04/2022,Aeroporto,Cagliari,5522,4275
07/04/2022,Aeroporto,Alghero,2140,1565
06/04/2022,Porto,Porto Torres,721,490
06/04/2022,Porto,Olbia,1031,720
06/04/2022,Porto,Golfo Aranci,148,97
06/04/2022,Porto,Cagliari,76,88
06/04/2022,Porto,Arbatax,45,0
06/04/2022,Aeroporto,Olbia,1174,864
06/04/2022,Aeroporto,Cagliari,3271,2844
06/04/2022,Aeroporto,Alghero,1433,1311
05/04/2022,Porto,Porto Torres,351,253
05/04/2022,Porto,Olbia,1246,753
05/04/2022,Porto,Golfo Aranci,175,134
05/04/2022,Porto,Cagliari,155,177
05/04/2022,Porto,Arbatax,0,18
05/04/2022,Aeroporto,Olbia,1317,1023
05/04/2022,Aeroporto,Cagliari,4432,3780
05/04/2022,Aeroporto,Alghero,1947,1798
04/04/2022,Porto,Porto Torres,482,243
04/04/2022,Porto,Olbia,1618,845
04/04/2022,Porto,Golfo Aranci,299,90
04/04/2022,Porto,Cagliari,1,102
04/04/2022,Aeroporto,Olbia,2004,1586
04/04/2022,Aeroporto,Cagliari,4755,4379
04/04/2022,Aeroporto,Alghero,1085,1248
03/04/2022,Porto,Porto Torres,372,277
03/04/2022,Porto,Olbia,1010,872
03/04/2022,Porto,Golfo Aranci,298,146
03/04/2022,Porto,Cagliari,273,0
03/04/2022,Porto,Arbatax,40,0
03/04/2022,Aeroporto,Olbia,1947,2177
03/04/2022,Aeroporto,Cagliari,5091,5246
03/04/2022,Aeroporto,Alghero,2347,2200
02/04/2022,Porto,Olbia,1427,1246
02/04/2022,Porto,Cagliari,147,157
02/04/2022,Aeroporto,Olbia,2065,1274
02/04/2022,Aeroporto,Cagliari,4973,4238
02/04/2022,Aeroporto,Alghero,1567,1448
01/04/2022,Porto,Porto Torres,327,247
01/04/2022,Porto,Olbia,1147,1185
01/04/2022,Porto,Golfo Aranci,193,140
01/04/2022,Porto,Cagliari,127,111
01/04/2022,Aeroporto,Olbia,2025,1577
01/04/2022,Aeroporto,Cagliari,4791,4712
01/04/2022,Aeroporto,Alghero,1287,1261
31/03/2022,Porto,Porto Torres,435,309
31/03/2022,Porto,Olbia,1012,734
31/03/2022,Porto,Cagliari,95,145
31/03/2022,Porto,Arbatax,0,17
31/03/2022,Aeroporto,Olbia,1780,1316
31/03/2022,Aeroporto,Cagliari,3994,4108
31/03/2022,Aeroporto,Alghero,1955,1495
30/03/2022,Porto,Porto Torres,428,303
30/03/2022,Porto,Olbia,766,826
30/03/2022,Porto,Golfo Aranci,152,123
30/03/2022,Porto,Cagliari,55,132
30/03/2022,Porto,Arbatax,62,0
30/03/2022,Aeroporto,Olbia,853,808
30/03/2022,Aeroporto,Cagliari,2929,2711
30/03/2022,Aeroporto,Alghero,1101,1224
29/03/2022,Porto,Porto Torres,248,167
29/03/2022,Porto,Olbia,1203,735
29/03/2022,Porto,Cagliari,194,78
29/03/2022,Porto,Arbatax,0,10
29/03/2022,Aeroporto,Olbia,943,950
29/03/2022,Aeroporto,Cagliari,3924,3587
29/03/2022,Aeroporto,Alghero,1668,1508
28/03/2022,Porto,Porto Torres,534,389
28/03/2022,Porto,Olbia,1613,988
28/03/2022,Porto,Cagliari,0,164
28/03/2022,Aeroporto,Olbia,1607,1340
28/03/2022,Aeroporto,Cagliari,3989,3805
28/03/2022,Aeroporto,Alghero,1024,1093
27/03/2022,Porto,Porto Torres,342,260
27/03/2022,Porto,Olbia,956,967
27/03/2022,Porto,Cagliari,283,0
27/03/2022,Porto,Arbatax,27,0
27/03/2022,Aeroporto,Olbia,1679,1598
27/03/2022,Aeroporto,Cagliari,4898,4596
27/03/2022,Aeroporto,Alghero,2018,1758
26/03/2022,Porto,Porto Torres,292,312
26/03/2022,Porto,Olbia,1102,1530
26/03/2022,Porto,Cagliari,127,177
26/03/2022,Aeroporto,Olbia,820,785
26/03/2022,Aeroporto,Cagliari,3126,3056
26/03/2022,Aeroporto,Alghero,1166,1027
25/03/2022,Porto,Porto Torres,413,415
25/03/2022,Porto,Olbia,1201,1257
25/03/2022,Porto,Cagliari,69,83
25/03/2022,Aeroporto,Olbia,1128,1121
25/03/2022,Aeroporto,Cagliari,4262,4238
25/03/2022,Aeroporto,Alghero,1396,1311
24/03/2022,Porto,Porto Torres,219,202
24/03/2022,Porto,Olbia,1068,629
24/03/2022,Porto,Cagliari,116,218
24/03/2022,Porto,Arbatax,0,13
24/03/2022,Aeroporto,Olbia,1029,852
24/03/2022,Aeroporto,Cagliari,2796,3104
24/03/2022,Aeroporto,Alghero,1149,1191
23/03/2022,Porto,Porto Torres,494,324
23/03/2022,Porto,Olbia,844,738
23/03/2022,Porto,Golfo Aranci,156,94
23/03/2022,Porto,Cagliari,20,87
23/03/2022,Porto,Arbatax,42,0
23/03/2022,Aeroporto,Olbia,648,615
23/03/2022,Aeroporto,Cagliari,2628,2678
23/03/2022,Aeroporto,Alghero,850,911
22/03/2022,Porto,Porto Torres,283,177
22/03/2022,Porto,Olbia,1152,709
22/03/2022,Porto,Cagliari,175,164
22/03/2022,Porto,Arbatax,0,25
22/03/2022,Aeroporto,Olbia,648,582
22/03/2022,Aeroporto,Cagliari,3287,3077
22/03/2022,Aeroporto,Alghero,979,960
21/03/2022,Porto,Porto Torres,453,370
21/03/2022,Porto,Olbia,1109,724
21/03/2022,Porto,Golfo Aranci,182,111
21/03/2022,Porto,Cagliari,1,198
21/03/2022,Aeroporto,Olbia,1196,972
21/03/2022,Aeroporto,Cagliari,3768,3485
21/03/2022,Aeroporto,Alghero,1269,1101
20/03/2022,Porto,Porto Torres,338,234
20/03/2022,Porto,Olbia,929,894
20/03/2022,Porto,Cagliari,359,3
20/03/2022,Aeroporto,Olbia,893,910
20/03/2022,Aeroporto,Cagliari,4568,4868
20/03/2022,Aeroporto,Alghero,1492,1663
19/03/2022,Porto,Porto Torres,289,298
19/03/2022,Porto,Olbia,990,805
19/03/2022,Porto,Cagliari,111,134
19/03/2022,Aeroporto,Olbia,683,715
19/03/2022,Aeroporto,Cagliari,3345,3086
19/03/2022,Aeroporto,Alghero,1067,1009
18/03/2022,Porto,Porto Torres,345,375
18/03/2022,Porto,Olbia,748,939
18/03/2022,Porto,Golfo Aranci,147,118
18/03/2022,Porto,Cagliari,87,104
18/03/2022,Aeroporto,Olbia,1131,1094
18/03/2022,Aeroporto,Cagliari,4385,4294
18/03/2022,Aeroporto,Alghero,1350,1450
17/03/2022,Porto,Porto Torres,245,205
17/03/2022,Porto,Olbia,723,821
17/03/2022,Porto,Cagliari,84,192
17/03/2022,Porto,Arbatax,0,26
17/03/2022,Aeroporto,Olbia,875,879
17/03/2022,Aeroporto,Cagliari,2904,2989
17/03/2022,Aeroporto,Alghero,1178,1179
16/03/2022,Porto,Porto Torres,381,206
16/03/2022,Porto,Olbia,698,523
16/03/2022,Porto,Golfo Aranci,105,124
16/03/2022,Porto,Cagliari,83,65
16/03/2022,Porto,Arbatax,44,0
16/03/2022,Aeroporto,Olbia,549,653
16/03/2022,Aeroporto,Cagliari,2563,2912
16/03/2022,Aeroporto,Alghero,870,940
15/03/2022,Porto,Porto Torres,229,214
15/03/2022,Porto,Olbia,912,558
15/03/2022,Porto,Cagliari,137,97
15/03/2022,Porto,Arbatax,0,24
15/03/2022,Aeroporto,Olbia,587,604
15/03/2022,Aeroporto,Cagliari,3176,3060
15/03/2022,Aeroporto,Alghero,876,878
14/03/2022,Porto,Porto Torres,519,355
14/03/2022,Porto,Olbia,1188,693
14/03/2022,Porto,Golfo Aranci,178,112
14/03/2022,Porto,Cagliari,4,127
14/03/2022,Aeroporto,Olbia,1066,1004
14/03/2022,Aeroporto,Cagliari,3747,3365
14/03/2022,Aeroporto,Alghero,1100,1042
13/03/2022,Porto,Porto Torres,367,262
13/03/2022,Porto,Olbia,877,753
13/03/2022,Porto,Cagliari,216,0
13/03/2022,Aeroporto,Olbia,862,941
13/03/2022,Aeroporto,Cagliari,4642,4491
13/03/2022,Aeroporto,Alghero,1486,1665
12/03/2022,Porto,Porto Torres,307,401
12/03/2022,Porto,Olbia,1031,1052
12/03/2022,Porto,Cagliari,128,216
12/03/2022,Aeroporto,Olbia,674,781
12/03/2022,Aeroporto,Cagliari,3266,3179
12/03/2022,Aeroporto,Alghero,1125,955
11/03/2022,Porto,Porto Torres,348,429
11/03/2022,Porto,Olbia,934,1073
11/03/2022,Porto,Golfo Aranci,145,129
11/03/2022,Porto,Cagliari,105,203
11/03/2022,Aeroporto,Olbia,1163,1153
11/03/2022,Aeroporto,Cagliari,3857,4271
11/03/2022,Aeroporto,Alghero,1310,1418
10/03/2022,Porto,Porto Torres,207,209
10/03/2022,Porto,Olbia,951,937
10/03/2022,Porto,Cagliari,87,190
10/03/2022,Porto,Arbatax,0,18
10/03/2022,Aeroporto,Olbia,881,835
10/03/2022,Aeroporto,Cagliari,2749,3077
10/03/2022,Aeroporto,Alghero,1195,1127
09/03/2022,Porto,Porto Torres,390,282
09/03/2022,Porto,Olbia,775,683
09/03/2022,Porto,Golfo Aranci,96,72
09/03/2022,Porto,Cagliari,85,85
09/03/2022,Porto,Arbatax,51,0
09/03/2022,Aeroporto,Olbia,643,594
09/03/2022,Aeroporto,Cagliari,2540,2574
09/03/2022,Aeroporto,Alghero,884,804
08/03/2022,Porto,Porto Torres,169,167
08/03/2022,Porto,Olbia,1007,733
08/03/2022,Porto,Cagliari,157,67
08/03/2022,Porto,Arbatax,0,20
08/03/2022,Aeroporto,Olbia,529,618
08/03/2022,Aeroporto,Cagliari,2924,2974
08/03/2022,Aeroporto,Alghero,837,960
07/03/2022,Porto,Porto Torres,445,373
07/03/2022,Porto,Olbia,1201,780
07/03/2022,Porto,Golfo Aranci,150,104
07/03/2022,Porto,Cagliari,0,98
07/03/2022,Aeroporto,Olbia,994,1069
07/03/2022,Aeroporto,Cagliari,3530,3506
07/03/2022,Aeroporto,Alghero,1046,1064
06/03/2022,Porto,Porto Torres,379,287
06/03/2022,Porto,Olbia,994,936
06/03/2022,Porto,Cagliari,293,0
06/03/2022,Porto,Arbatax,58,0
06/03/2022,Aeroporto,Olbia,865,991
06/03/2022,Aeroporto,Cagliari,4302,5007
06/03/2022,Aeroporto,Alghero,1461,1646
05/03/2022,Porto,Porto Torres,309,375
05/03/2022,Porto,Olbia,995,1120
05/03/2022,Porto,Cagliari,102,211
05/03/2022,Aeroporto,Olbia,619,712
05/03/2022,Aeroporto,Cagliari,3446,3376
05/03/2022,Aeroporto,Alghero,1118,1118
04/03/2022,Porto,Porto Torres,396,440
04/03/2022,Porto,Olbia,980,1254
04/03/2022,Porto,Golfo Aranci,182,59
04/03/2022,Porto,Cagliari,106,117
04/03/2022,Aeroporto,Olbia,1148,1195
04/03/2022,Aeroporto,Cagliari,3898,4292
04/03/2022,Aeroporto,Alghero,1294,1459
03/03/2022,Porto,Porto Torres,293,234
03/03/2022,Porto,Olbia,934,935
03/03/2022,Porto,Cagliari,111,154
03/03/2022,Porto,Arbatax,0,29
03/03/2022,Aeroporto,Olbia,966,865
03/03/2022,Aeroporto,Cagliari,2955,3002
03/03/2022,Aeroporto,Alghero,1199,1134
02/03/2022,Porto,Porto Torres,430,309
02/03/2022,Porto,Olbia,931,734
02/03/2022,Porto,Golfo Aranci,165,82
02/03/2022,Porto,Cagliari,82,124
02/03/2022,Porto,Arbatax,57,0
02/03/2022,Aeroporto,Olbia,748,657
02/03/2022,Aeroporto,Cagliari,3004,2709
02/03/2022,Aeroporto,Alghero,1011,988
28/02/2022,Porto,Porto Torres,510,578
28/02/2022,Porto,Olbia,1151,872
28/02/2022,Porto,Golfo Aranci,68,127
28/02/2022,Porto,Cagliari,0,148
28/02/2022,Aeroporto,Olbia,1094,1054
28/02/2022,Aeroporto,Cagliari,3777,3649
28/02/2022,Aeroporto,Alghero,1251,1178
27/02/2022,Porto,Porto Torres,394,292
27/02/2022,Porto,Olbia,1069,1021
27/02/2022,Porto,Cagliari,91,0
27/02/2022,Aeroporto,Olbia,879,931
27/02/2022,Aeroporto,Cagliari,4402,4920
27/02/2022,Aeroporto,Alghero,1452,1734
26/02/2022,Porto,Porto Torres,0,356
26/02/2022,Porto,Olbia,1256,1014
26/02/2022,Porto,Cagliari,102,0
26/02/2022,Aeroporto,Olbia,722,687
26/02/2022,Aeroporto,Cagliari,3180,3464
26/02/2022,Aeroporto,Alghero,1192,1090
25/02/2022,Porto,Porto Torres,421,434
25/02/2022,Porto,Olbia,951,1315
25/02/2022,Porto,Golfo Aranci,181,37
25/02/2022,Porto,Cagliari,137,166
25/02/2022,Aeroporto,Olbia,1226,1161
25/02/2022,Aeroporto,Cagliari,4335,4498
25/02/2022,Aeroporto,Alghero,1444,1485
24/02/2022,Porto,Porto Torres,219,225
24/02/2022,Porto,Olbia,945,904
24/02/2022,Porto,Cagliari,62,151
24/02/2022,Porto,Arbatax,0,24
24/02/2022,Aeroporto,Olbia,901,829
24/02/2022,Aeroporto,Cagliari,2879,2991
24/02/2022,Aeroporto,Alghero,1065,1125
23/02/2022,Porto,Porto Torres,313,292
23/02/2022,Porto,Olbia,675,694
23/02/2022,Porto,Golfo Aranci,102,93
23/02/2022,Porto,Cagliari,67,119
23/02/2022,Porto,Arbatax,37,0
23/02/2022,Aeroporto,Olbia,601,641
23/02/2022,Aeroporto,Cagliari,2497,2458
23/02/2022,Aeroporto,Alghero,947,957
22/02/2022,Porto,Olbia,944,908
22/02/2022,Porto,Cagliari,101,0
22/02/2022,Porto,Arbatax,0,15
22/02/2022,Aeroporto,Olbia,532,516
22/02/2022,Aeroporto,Cagliari,2869,3137
22/02/2022,Aeroporto,Alghero,836,922
21/02/2022,Porto,Olbia,1135,982
21/02/2022,Porto,Cagliari,1,169
21/02/2022,Aeroporto,Olbia,1047,940
21/02/2022,Aeroporto,Cagliari,3554,3275
21/02/2022,Aeroporto,Alghero,948,980
20/02/2022,Porto,Porto Torres,267,256
20/02/2022,Porto,Olbia,832,829
20/02/2022,Porto,Cagliari,190,0
20/02/2022,Porto,Arbatax,53,0
20/02/2022,Aeroporto,Olbia,839,837
20/02/2022,Aeroporto,Cagliari,4312,4211
20/02/2022,Aeroporto,Alghero,1351,1475
19/02/2022,Porto,Porto Torres,320,313
19/02/2022,Porto,Olbia,929,956
19/02/2022,Porto,Cagliari,127,148
19/02/2022,Aeroporto,Olbia,597,575
19/02/2022,Aeroporto,Cagliari,2811,2766
19/02/2022,Aeroporto,Alghero,1018,713
18/02/2022,Porto,Porto Torres,266,460
18/02/2022,Porto,Olbia,828,944
18/02/2022,Porto,Golfo Aranci,147,37
18/02/2022,Porto,Cagliari,122,95
18/02/2022,Aeroporto,Olbia,1065,1012
18/02/2022,Aeroporto,Cagliari,4169,4027
18/02/2022,Aeroporto,Alghero,1227,1223
17/02/2022,Porto,Porto Torres,185,1
17/02/2022,Porto,Olbia,777,742
17/02/2022,Porto,Cagliari,74,129
17/02/2022,Porto,Arbatax,0,19
17/02/2022,Aeroporto,Olbia,889,935
17/02/2022,Aeroporto,Cagliari,2567,2457
17/02/2022,Aeroporto,Alghero,951,953
16/02/2022,Porto,Porto Torres,302,236
16/02/2022,Porto,Olbia,654,440
16/02/2022,Porto,Golfo Aranci,73,79
16/02/2022,Porto,Cagliari,73,80
16/02/2022,Porto,Arbatax,34,0
16/02/2022,Aeroporto,Olbia,564,530
16/02/2022,Aeroporto,Cagliari,2217,2251
16/02/2022,Aeroporto,Alghero,808,773
15/02/2022,Porto,Porto Torres,197,149
15/02/2022,Porto,Olbia,798,544
15/02/2022,Porto,Cagliari,183,72
15/02/2022,Porto,Arbatax,0,16
15/02/2022,Aeroporto,Olbia,554,465
15/02/2022,Aeroporto,Cagliari,2667,2608
15/02/2022,Aeroporto,Alghero,802,746
14/02/2022,Porto,Porto Torres,374,269
14/02/2022,Porto,Olbia,836,650
14/02/2022,Porto,Golfo Aranci,126,99
14/02/2022,Porto,Cagliari,0,128
14/02/2022,Aeroporto,Olbia,634,581
14/02/2022,Aeroporto,Cagliari,3137,2971
14/02/2022,Aeroporto,Alghero,858,887
13/02/2022,Porto,Porto Torres,252,200
13/02/2022,Porto,Olbia,652,717
13/02/2022,Porto,Cagliari,134,0
13/02/2022,Porto,Arbatax,48,0
13/02/2022,Aeroporto,Olbia,658,622
13/02/2022,Aeroporto,Cagliari,3694,4076
13/02/2022,Aeroporto,Alghero,1239,1322
12/02/2022,Porto,Porto Torres,241,273
12/02/2022,Porto,Olbia,874,995
12/02/2022,Porto,Cagliari,92,121
12/02/2022,Aeroporto,Olbia,568,581
12/02/2022,Aeroporto,Cagliari,2424,2558
12/02/2022,Aeroporto,Alghero,848,819
11/02/2022,Porto,Porto Torres,265,338
11/02/2022,Porto,Olbia,699,794
11/02/2022,Porto,Golfo Aranci,102,210
11/02/2022,Porto,Cagliari,69,88
11/02/2022,Aeroporto,Olbia,723,780
11/02/2022,Aeroporto,Cagliari,3682,3721
11/02/2022,Aeroporto,Alghero,1039,1212
10/02/2022,Porto,Porto Torres,170,165
10/02/2022,Porto,Olbia,743,778
10/02/2022,Porto,Cagliari,77,107
10/02/2022,Porto,Arbatax,0,20
10/02/2022,Aeroporto,Olbia,482,546
10/02/2022,Aeroporto,Cagliari,2128,2206
10/02/2022,Aeroporto,Alghero,864,801
09/02/2022,Porto,Porto Torres,289,274
09/02/2022,Porto,Olbia,559,389
09/02/2022,Porto,Golfo Aranci,100,80
09/02/2022,Porto,Cagliari,63,77
09/02/2022,Porto,Arbatax,41,0
09/02/2022,Aeroporto,Olbia,506,442
09/02/2022,Aeroporto,Cagliari,1887,1733
09/02/2022,Aeroporto,Alghero,653,647
08/02/2022,Porto,Porto Torres,306,285
08/02/2022,Porto,Olbia,689,606
08/02/2022,Porto,Cagliari,123,59
08/02/2022,Porto,Arbatax,0,16
08/02/2022,Aeroporto,Olbia,421,445
08/02/2022,Aeroporto,Cagliari,2133,2192
08/02/2022,Aeroporto,Alghero,647,623
07/02/2022,Porto,Olbia,960,772
07/02/2022,Porto,Golfo Aranci,128,107
07/02/2022,Porto,Cagliari,0,116
07/02/2022,Aeroporto,Olbia,1102,1140
07/02/2022,Aeroporto,Cagliari,2794,2711
07/02/2022,Aeroporto,Alghero,730,799
06/02/2022,Porto,Porto Torres,176,205
06/02/2022,Porto,Olbia,637,757
06/02/2022,Porto,Arbatax,27,0
06/02/2022,Aeroporto,Olbia,554,605
06/02/2022,Aeroporto,Cagliari,3204,3430
06/02/2022,Aeroporto,Alghero,1022,1163
05/02/2022,Porto,Porto Torres,222,251
05/02/2022,Porto,Olbia,768,774
05/02/2022,Porto,Cagliari,0,102
05/02/2022,Aeroporto,Olbia,412,431
05/02/2022,Aeroporto,Cagliari,2163,2103
05/02/2022,Aeroporto,Alghero,698,658
04/02/2022,Porto,Porto Torres,242,275
04/02/2022,Porto,Olbia,616,694
04/02/2022,Porto,Golfo Aranci,82,76
04/02/2022,Porto,Cagliari,0,108
04/02/2022,Aeroporto,Olbia,640,608
04/02/2022,Aeroporto,Cagliari,3161,3234
04/02/2022,Aeroporto,Alghero,1069,1010
03/02/2022,Porto,Porto Torres,172,168
03/02/2022,Porto,Olbia,675,481
03/02/2022,Porto,Cagliari,77,155
03/02/2022,Porto,Arbatax,0,15
03/02/2022,Aeroporto,Olbia,420,472
03/02/2022,Aeroporto,Cagliari,1975,1840
03/02/2022,Aeroporto,Alghero,659,671
02/02/2022,Porto,Porto Torres,191,165
02/02/2022,Porto,Olbia,544,451
02/02/2022,Porto,Golfo Aranci,83,83
02/02/2022,Porto,Cagliari,66,54
02/02/2022,Porto,Arbatax,31,0
02/02/2022,Aeroporto,Olbia,423,400
02/02/2022,Aeroporto,Cagliari,1590,1559
02/02/2022,Aeroporto,Alghero,590,601
01/02/2022,Porto,Porto Torres,149,281
01/02/2022,Porto,Olbia,618,460
01/02/2022,Porto,Cagliari,168,109
01/02/2022,Porto,Arbatax,0,7
01/02/2022,Aeroporto,Olbia,379,371
01/02/2022,Aeroporto,Cagliari,1844,1815
01/02/2022,Aeroporto,Alghero,587,578
31/01/2022,Porto,Porto Torres,394,103
31/01/2022,Porto,Olbia,1078,975
31/01/2022,Porto,Golfo Aranci,218,158
31/01/2022,Porto,Cagliari,2,178
31/01/2022,Aeroporto,Olbia,644,496
31/01/2022,Aeroporto,Cagliari,2478,2256
31/01/2022,Aeroporto,Alghero,367,558
30/01/2022,Porto,Porto Torres,543,572
30/01/2022,Porto,Olbia,832,1068
30/01/2022,Porto,Golfo Aranci,109,0
30/01/2022,Porto,Cagliari,218,0
30/01/2022,Porto,Arbatax,48,0
30/01/2022,Aeroporto,Olbia,519,577
30/01/2022,Aeroporto,Cagliari,1930,2276
30/01/2022,Aeroporto,Alghero,954,1001
29/01/2022,Porto,Porto Torres,431,429
29/01/2022,Porto,Olbia,1336,1344
29/01/2022,Porto,Cagliari,92,60
29/01/2022,Aeroporto,Olbia,360,382
29/01/2022,Aeroporto,Cagliari,1832,1968
29/01/2022,Aeroporto,Alghero,660,482
28/01/2022,Porto,Porto Torres,440,553
28/01/2022,Porto,Olbia,893,1226
28/01/2022,Porto,Golfo Aranci,204,264
28/01/2022,Porto,Cagliari,152,234
28/01/2022,Aeroporto,Olbia,578,591
28/01/2022,Aeroporto,Cagliari,2658,2613
28/01/2022,Aeroporto,Alghero,568,669
27/01/2022,Porto,Porto Torres,328,288
27/01/2022,Porto,Olbia,1169,983
27/01/2022,Porto,Golfo Aranci,102,0
27/01/2022,Porto,Cagliari,76,134
27/01/2022,Porto,Arbatax,0,40
27/01/2022,Aeroporto,Olbia,365,427
27/01/2022,Aeroporto,Cagliari,1685,1724
27/01/2022,Aeroporto,Alghero,579,577
26/01/2022,Porto,Porto Torres,518,400
26/01/2022,Porto,Olbia,851,824
26/01/2022,Porto,Golfo Aranci,150,156
26/01/2022,Porto,Cagliari,122,166
26/01/2022,Porto,Arbatax,72,0
26/01/2022,Aeroporto,Olbia,434,381
26/01/2022,Aeroporto,Cagliari,1282,1233
26/01/2022,Aeroporto,Alghero,510,535
25/01/2022,Porto,Porto Torres,301,321
25/01/2022,Porto,Olbia,1165,798
25/01/2022,Porto,Golfo Aranci,75,0
25/01/2022,Porto,Cagliari,120,57
25/01/2022,Porto,Arbatax,0,46
25/01/2022,Aeroporto,Olbia,413,373
25/01/2022,Aeroporto,Cagliari,1650,1689
25/01/2022,Aeroporto,Alghero,476,471
24/01/2022,Porto,Porto Torres,462,582
24/01/2022,Porto,Olbia,1032,850
24/01/2022,Porto,Golfo Aranci,186,166
24/01/2022,Porto,Cagliari,0,156
24/01/2022,Aeroporto,Olbia,442,374
24/01/2022,Aeroporto,Cagliari,2267,2227
24/01/2022,Aeroporto,Alghero,471,473
23/01/2022,Porto,Porto Torres,450,290
23/01/2022,Porto,Olbia,857,998
23/01/2022,Porto,Golfo Aranci,93,0
23/01/2022,Porto,Cagliari,86,0
23/01/2022,Porto,Arbatax,40,0
23/01/2022,Aeroporto,Olbia,527,541
23/01/2022,Aeroporto,Cagliari,1859,2291
23/01/2022,Aeroporto,Alghero,807,767
22/01/2022,Porto,Porto Torres,344,458
22/01/2022,Porto,Olbia,894,1057
22/01/2022,Porto,Cagliari,88,93
22/01/2022,Aeroporto,Olbia,360,387
22/01/2022,Aeroporto,Cagliari,1840,2006
22/01/2022,Aeroporto,Alghero,434,483
21/01/2022,Porto,Porto Torres,458,426
21/01/2022,Porto,Olbia,946,849
21/01/2022,Porto,Golfo Aranci,178,186
21/01/2022,Porto,Cagliari,132,177
21/01/2022,Aeroporto,Olbia,579,644
21/01/2022,Aeroporto,Cagliari,2322,2400
21/01/2022,Aeroporto,Alghero,522,577
20/01/2022,Porto,Porto Torres,290,339
20/01/2022,Porto,Olbia,1113,981
20/01/2022,Porto,Golfo Aranci,89,0
20/01/2022,Porto,Cagliari,62,116
20/01/2022,Porto,Arbatax,0,20
20/01/2022,Aeroporto,Olbia,384,409
20/01/2022,Aeroporto,Cagliari,1564,1583
20/01/2022,Aeroporto,Alghero,473,473
19/01/2022,Porto,Porto Torres,617,393
19/01/2022,Porto,Olbia,859,774
19/01/2022,Porto,Golfo Aranci,128,154
19/01/2022,Porto,Cagliari,83,113
19/01/2022,Porto,Arbatax,62,0
19/01/2022,Aeroporto,Olbia,342,369
19/01/2022,Aeroporto,Cagliari,1170,1219
19/01/2022,Aeroporto,Alghero,503,675
18/01/2022,Porto,Porto Torres,300,363
18/01/2022,Porto,Olbia,952,881
18/01/2022,Porto,Golfo Aranci,64,0
18/01/2022,Porto,Cagliari,157,54
18/01/2022,Porto,Arbatax,0,24
18/01/2022,Aeroporto,Olbia,375,365
18/01/2022,Aeroporto,Cagliari,1587,1697
18/01/2022,Aeroporto,Alghero,586,514
17/01/2022,Porto,Porto Torres,470,558
17/01/2022,Porto,Olbia,1200,886
17/01/2022,Porto,Golfo Aranci,218,202
17/01/2022,Porto,Cagliari,2,170
17/01/2022,Aeroporto,Olbia,381,372
17/01/2022,Aeroporto,Cagliari,2203,2142
17/01/2022,Aeroporto,Alghero,419,502
16/01/2022,Porto,Porto Torres,655,412
16/01/2022,Porto,Olbia,959,847
16/01/2022,Porto,Golfo Aranci,110,0
16/01/2022,Porto,Cagliari,354,2
16/01/2022,Porto,Arbatax,97,0
16/01/2022,Aeroporto,Olbia,460,446
16/01/2022,Aeroporto,Cagliari,1752,1980
16/01/2022,Aeroporto,Alghero,748,877
15/01/2022,Porto,Porto Torres,338,569
15/01/2022,Porto,Olbia,1152,1125
15/01/2022,Porto,Cagliari,127,101
15/01/2022,Aeroporto,Olbia,301,383
15/01/2022,Aeroporto,Cagliari,1733,1956
15/01/2022,Aeroporto,Alghero,425,393
14/01/2022,Porto,Porto Torres,560,716
14/01/2022,Porto,Olbia,794,1093
14/01/2022,Porto,Golfo Aranci,196,296
14/01/2022,Porto,Cagliari,109,242
14/01/2022,Aeroporto,Olbia,437,571
14/01/2022,Aeroporto,Cagliari,2254,2376
14/01/2022,Aeroporto,Alghero,560,581
13/01/2022,Porto,Porto Torres,358,338
13/01/2022,Porto,Olbia,960,963
13/01/2022,Porto,Golfo Aranci,98,0
13/01/2022,Porto,Cagliari,261,99
13/01/2022,Porto,Arbatax,0,54
13/01/2022,Aeroporto,Olbia,350,323
13/01/2022,Aeroporto,Cagliari,1490,1588
13/01/2022,Aeroporto,Alghero,496,419
12/01/2022,Porto,Porto Torres,567,467
12/01/2022,Porto,Olbia,855,696
12/01/2022,Porto,Golfo Aranci,196,178
12/01/2022,Porto,Cagliari,4,250
12/01/2022,Aeroporto,Olbia,345,342
12/01/2022,Aeroporto,Cagliari,1129,1332
12/01/2022,Aeroporto,Alghero,417,547
11/01/2022,Porto,Porto Torres,376,332
11/01/2022,Porto,Olbia,1161,904
11/01/2022,Porto,Golfo Aranci,98,0
11/01/2022,Porto,Cagliari,6,118
11/01/2022,Aeroporto,Olbia,348,340
11/01/2022,Aeroporto,Cagliari,1384,1820
11/01/2022,Aeroporto,Alghero,452,513
10/01/2022,Porto,Porto Torres,787,739
10/01/2022,Porto,Olbia,1962,1126
10/01/2022,Porto,Golfo Aranci,8,304
10/01/2022,Porto,Cagliari,0,2
10/01/2022,Aeroporto,Olbia,750,1109
10/01/2022,Aeroporto,Cagliari,2331,2973
10/01/2022,Aeroporto,Alghero,449,661
09/01/2022,Porto,Porto Torres,1295,1332
09/01/2022,Porto,Olbia,2682,2133
09/01/2022,Porto,Golfo Aranci,666,436
09/01/2022,Porto,Cagliari,887,0
09/01/2022,Porto,Arbatax,208,0
09/01/2022,Aeroporto,Olbia,637,1003
09/01/2022,Aeroporto,Cagliari,3972,4895
09/01/2022,Aeroporto,Alghero,1096,1564
08/01/2022,Porto,Porto Torres,788,2336
08/01/2022,Porto,Olbia,1769,5193
08/01/2022,Porto,Golfo Aranci,630,2066
08/01/2022,Porto,Cagliari,357,239
08/01/2022,Aeroporto,Olbia,501,787
08/01/2022,Aeroporto,Cagliari,2825,3567
08/01/2022,Aeroporto,Alghero,788,1346
07/01/2022,Porto,Porto Torres,551,1901
07/01/2022,Porto,Olbia,1503,4394
07/01/2022,Porto,Golfo Aranci,277,1364
07/01/2022,Porto,Cagliari,386,586
07/01/2022,Aeroporto,Olbia,800,1242
07/01/2022,Aeroporto,Cagliari,3105,4334
07/01/2022,Aeroporto,Alghero,795,1167
06/01/2022,Porto,Porto Torres,628,948
06/01/2022,Porto,Olbia,1990,2036
06/01/2022,Porto,Golfo Aranci,240,784
06/01/2022,Porto,Cagliari,122,159
06/01/2022,Porto,Arbatax,0,104
06/01/2022,Aeroporto,Olbia,550,734
06/01/2022,Aeroporto,Cagliari,2670,3408
06/01/2022,Aeroporto,Alghero,885,1035
05/01/2022,Porto,Porto Torres,1043,1438
05/01/2022,Porto,Olbia,2255,2967
05/01/2022,Porto,Golfo Aranci,238,0
05/01/2022,Porto,Cagliari,372,296
05/01/2022,Porto,Arbatax,170,0
05/01/2022,Aeroporto,Olbia,533,595
05/01/2022,Aeroporto,Cagliari,3451,3846
05/01/2022,Aeroporto,Alghero,737,833
04/01/2022,Porto,Porto Torres,1174,1131
04/01/2022,Porto,Olbia,2615,2415
04/01/2022,Porto,Golfo Aranci,520,634
04/01/2022,Porto,Cagliari,447,43
04/01/2022,Porto,Arbatax,0,114
04/01/2022,Aeroporto,Olbia,467,585
04/01/2022,Aeroporto,Cagliari,3600,4162
04/01/2022,Aeroporto,Alghero,808,980
03/01/2022,Porto,Porto Torres,1464,2088
03/01/2022,Porto,Olbia,2704,2665
03/01/2022,Porto,Golfo Aranci,717,738
03/01/2022,Porto,Cagliari,0,412
03/01/2022,Aeroporto,Olbia,1281,1517
03/01/2022,Aeroporto,Cagliari,3966,4417
03/01/2022,Aeroporto,Alghero,1107,1236
02/01/2022,Porto,Porto Torres,844,1580
02/01/2022,Porto,Olbia,2468,4107
02/01/2022,Porto,Golfo Aranci,457,0
02/01/2022,Porto,Cagliari,466,166
02/01/2022,Porto,Arbatax,94,0
02/01/2022,Aeroporto,Olbia,844,991
02/01/2022,Aeroporto,Cagliari,5150,5637
02/01/2022,Aeroporto,Alghero,1480,1604
01/01/2022,Porto,Porto Torres,504,1516
01/01/2022,Porto,Olbia,285,2041
01/01/2022,Porto,Golfo Aranci,0,1134
01/01/2022,Porto,Cagliari,63,80
01/01/2022,Aeroporto,Olbia,425,452
01/01/2022,Aeroporto,Cagliari,2230,2632
01/01/2022,Aeroporto,Alghero,718,838
31/12/2021,Porto,Porto Torres,1389,580
31/12/2021,Porto,Olbia,2041,330
31/12/2021,Porto,Golfo Aranci,1028,0
31/12/2021,Porto,Cagliari,8,122
31/12/2021,Aeroporto,Olbia,662,996
31/12/2021,Aeroporto,Cagliari,3419,3630
31/12/2021,Aeroporto,Alghero,945,997
30/12/2021,Porto,Porto Torres,878,1536
30/12/2021,Porto,Olbia,1710,2283
30/12/2021,Porto,Golfo Aranci,1078,818
30/12/2021,Porto,Cagliari,283,334
30/12/2021,Porto,Arbatax,0,132
30/12/2021,Aeroporto,Olbia,1004,1232
30/12/2021,Aeroporto,Cagliari,8761,10032
30/12/2021,Aeroporto,Alghero,1240,1497
29/12/2021,Porto,Porto Torres,1608,1646
29/12/2021,Porto,Olbia,1051,2123
29/12/2021,Porto,Golfo Aranci,855,698
29/12/2021,Porto,Cagliari,334,482
29/12/2021,Porto,Arbatax,168,0
29/12/2021,Aeroporto,Olbia,722,834
29/12/2021,Aeroporto,Cagliari,7769,9324
29/12/2021,Aeroporto,Alghero,911,1143
28/12/2021,Porto,Porto Torres,616,414
28/12/2021,Porto,Olbia,2339,2127
28/12/2021,Porto,Golfo Aranci,495,0
28/12/2021,Porto,Cagliari,349,376
28/12/2021,Porto,Arbatax,0,75
28/12/2021,Aeroporto,Olbia,653,669
28/12/2021,Aeroporto,Cagliari,8426,9666
28/12/2021,Aeroporto,Alghero,1184,1228
27/12/2021,Porto,Porto Torres,811,866
27/12/2021,Porto,Olbia,2329,1976
27/12/2021,Porto,Golfo Aranci,498,383
27/12/2021,Porto,Cagliari,0,223
27/12/2021,Aeroporto,Olbia,1398,1267
27/12/2021,Aeroporto,Cagliari,8684,9370
27/12/2021,Aeroporto,Alghero,1102,1431
26/12/2021,Porto,Porto Torres,216,412
26/12/2021,Porto,Olbia,628,1463
26/12/2021,Porto,Golfo Aranci,342,316
26/12/2021,Porto,Cagliari,132,314
26/12/2021,Porto,Arbatax,49,0
26/12/2021,Aeroporto,Olbia,980,960
26/12/2021,Aeroporto,Cagliari,8352,9858
26/12/2021,Aeroporto,Alghero,1387,1543
25/12/2021,Porto,Porto Torres,538,203
25/12/2021,Porto,Olbia,193,441
25/12/2021,Porto,Golfo Aranci,363,190
25/12/2021,Porto,Cagliari,35,120
25/12/2021,Aeroporto,Olbia,257,135
25/12/2021,Aeroporto,Cagliari,1512,1096
25/12/2021,Aeroporto,Alghero,275,152
24/12/2021,Porto,Porto Torres,1736,163
24/12/2021,Porto,Olbia,4521,165
24/12/2021,Porto,Golfo Aranci,1027,72
24/12/2021,Porto,Cagliari,354,73
24/12/2021,Aeroporto,Olbia,1299,505
24/12/2021,Aeroporto,Cagliari,9263,6620
24/12/2021,Aeroporto,Alghero,1939,1243
23/12/2021,Porto,Porto Torres,1476,601
23/12/2021,Porto,Olbia,4028,1884
23/12/2021,Porto,Golfo Aranci,949,262
23/12/2021,Porto,Cagliari,172,502
23/12/2021,Porto,Arbatax,0,74
23/12/2021,Aeroporto,Olbia,1609,1022
23/12/2021,Aeroporto,Cagliari,11779,9278
23/12/2021,Aeroporto,Alghero,1905,1357
22/12/2021,Porto,Porto Torres,1055,789
22/12/2021,Porto,Olbia,1757,2377
22/12/2021,Porto,Golfo Aranci,329,384
22/12/2021,Porto,Cagliari,148,683
22/12/2021,Porto,Arbatax,130,0
22/12/2021,Aeroporto,Olbia,1395,1045
22/12/2021,Aeroporto,Cagliari,10130,7432
22/12/2021,Aeroporto,Alghero,1596,1105
21/12/2021,Porto,Porto Torres,341,323
21/12/2021,Porto,Olbia,1167,1407
21/12/2021,Porto,Cagliari,259,447
21/12/2021,Porto,Arbatax,0,40
21/12/2021,Aeroporto,Olbia,663,592
21/12/2021,Aeroporto,Cagliari,10279,6526
21/12/2021,Aeroporto,Alghero,1347,976
20/12/2021,Porto,Porto Torres,762,496
20/12/2021,Porto,Olbia,1352,1191
20/12/2021,Porto,Golfo Aranci,247,180
20/12/2021,Porto,Cagliari,1,155
20/12/2021,Aeroporto,Olbia,1279,938
20/12/2021,Aeroporto,Cagliari,9884,6558
20/12/2021,Aeroporto,Alghero,1276,944
19/12/2021,Porto,Porto Torres,623,244
19/12/2021,Porto,Olbia,1216,919
19/12/2021,Porto,Cagliari,209,588
19/12/2021,Porto,Arbatax,80,0
19/12/2021,Aeroporto,Olbia,1153,746
19/12/2021,Aeroporto,Cagliari,10021,7784
19/12/2021,Aeroporto,Alghero,1613,1136
18/12/2021,Porto,Porto Torres,477,426
18/12/2021,Porto,Olbia,1352,1419
18/12/2021,Porto,Golfo Aranci,179,154
18/12/2021,Porto,Cagliari,192,410
18/12/2021,Aeroporto,Olbia,821,664
18/12/2021,Aeroporto,Cagliari,7927,6382
18/12/2021,Aeroporto,Alghero,1252,738
17/12/2021,Porto,Porto Torres,394,420
17/12/2021,Porto,Olbia,954,1721
17/12/2021,Porto,Golfo Aranci,131,77
17/12/2021,Porto,Cagliari,141,190
17/12/2021,Aeroporto,Olbia,1309,1094
17/12/2021,Aeroporto,Cagliari,9466,7446
17/12/2021,Aeroporto,Alghero,1271,1051
16/12/2021,Porto,Porto Torres,264,204
16/12/2021,Porto,Olbia,927,585
16/12/2021,Porto,Cagliari,277,309
16/12/2021,Porto,Arbatax,0,31
16/12/2021,Aeroporto,Olbia,2969,2497
16/12/2021,Aeroporto,Cagliari,5938,4994
16/12/2021,Aeroporto,Alghero,1024,965
15/12/2021,Porto,Porto Torres,384,393
15/12/2021,Porto,Olbia,732,879
15/12/2021,Porto,Golfo Aranci,94,112
15/12/2021,Porto,Cagliari,90,135
15/12/2021,Porto,Arbatax,53,0
15/12/2021,Aeroporto,Olbia,553,668
15/12/2021,Aeroporto,Cagliari,5588,4962
15/12/2021,Aeroporto,Alghero,951,707
14/12/2021,Porto,Porto Torres,249,242
14/12/2021,Porto,Olbia,1036,874
14/12/2021,Porto,Cagliari,194,284
14/12/2021,Porto,Arbatax,0,28
14/12/2021,Aeroporto,Olbia,517,450
14/12/2021,Aeroporto,Cagliari,6514,5448
14/12/2021,Aeroporto,Alghero,917,922
13/12/2021,Porto,Porto Torres,397,391
13/12/2021,Porto,Olbia,986,890
13/12/2021,Porto,Golfo Aranci,125,137
13/12/2021,Porto,Cagliari,4,112
13/12/2021,Aeroporto,Olbia,663,535
13/12/2021,Aeroporto,Cagliari,4100,3140
13/12/2021,Aeroporto,Alghero,1147,889
12/12/2021,Porto,Porto Torres,306,330
12/12/2021,Porto,Olbia,782,997
12/12/2021,Porto,Cagliari,150,100
12/12/2021,Porto,Arbatax,38,0
12/12/2021,Aeroporto,Olbia,1079,1135
12/12/2021,Aeroporto,Cagliari,4918,4752
12/12/2021,Aeroporto,Alghero,1588,1427
11/12/2021,Porto,Porto Torres,242,647
11/12/2021,Porto,Olbia,837,1134
11/12/2021,Porto,Cagliari,1,0
11/12/2021,Aeroporto,Olbia,571,541
11/12/2021,Aeroporto,Cagliari,2844,3010
11/12/2021,Aeroporto,Alghero,1001,945
10/12/2021,Porto,Porto Torres,221,0
10/12/2021,Porto,Olbia,770,1127
10/12/2021,Porto,Golfo Aranci,107,137
10/12/2021,Porto,Cagliari,99,160
10/12/2021,Aeroporto,Olbia,463,665
10/12/2021,Aeroporto,Cagliari,3779,3990
10/12/2021,Aeroporto,Alghero,1119,1298
09/12/2021,Porto,Porto Torres,189,160
09/12/2021,Porto,Olbia,734,741
09/12/2021,Porto,Cagliari,107,176
09/12/2021,Porto,Arbatax,0,34
09/12/2021,Aeroporto,Olbia,449,535
09/12/2021,Aeroporto,Cagliari,2783,2950
09/12/2021,Aeroporto,Alghero,1124,1142
08/12/2021,Porto,Porto Torres,467,337
08/12/2021,Porto,Olbia,1059,701
08/12/2021,Porto,Golfo Aranci,135,131
08/12/2021,Porto,Cagliari,81,61
08/12/2021,Porto,Arbatax,56,0
08/12/2021,Aeroporto,Olbia,941,999
08/12/2021,Aeroporto,Cagliari,3559,3714
08/12/2021,Aeroporto,Alghero,1119,968
07/12/2021,Porto,Porto Torres,183,316
07/12/2021,Porto,Olbia,799,1257
07/12/2021,Porto,Cagliari,151,71
07/12/2021,Porto,Arbatax,0,21
07/12/2021,Aeroporto,Olbia,441,595
07/12/2021,Aeroporto,Cagliari,3008,3545
07/12/2021,Aeroporto,Alghero,1095,931
06/12/2021,Porto,Porto Torres,360,386
06/12/2021,Porto,Olbia,962,755
06/12/2021,Porto,Golfo Aranci,126,112
06/12/2021,Porto,Cagliari,2,132
06/12/2021,Aeroporto,Olbia,688,550
06/12/2021,Aeroporto,Cagliari,3519,3317
06/12/2021,Aeroporto,Alghero,1130,1000
05/12/2021,Porto,Porto Torres,313,204
05/12/2021,Porto,Olbia,764,773
05/12/2021,Porto,Cagliari,157,141
05/12/2021,Porto,Arbatax,44,0
05/12/2021,Aeroporto,Olbia,708,590
05/12/2021,Aeroporto,Cagliari,4508,4551
05/12/2021,Aeroporto,Alghero,1380,1488
04/12/2021,Porto,Porto Torres,346,365
04/12/2021,Porto,Olbia,1404,1662
04/12/2021,Porto,Cagliari,139,156
04/12/2021,Aeroporto,Olbia,1028,965
04/12/2021,Aeroporto,Cagliari,3665,3621
04/12/2021,Aeroporto,Alghero,1192,1330
03/12/2021,Porto,Porto Torres,418,569
03/12/2021,Porto,Olbia,851,1245
03/12/2021,Porto,Golfo Aranci,114,194
03/12/2021,Porto,Cagliari,121,185
03/12/2021,Aeroporto,Olbia,730,806
03/12/2021,Aeroporto,Cagliari,4409,4690
03/12/2021,Aeroporto,Alghero,1244,1707
02/12/2021,Porto,Porto Torres,181,252
02/12/2021,Porto,Olbia,829,628
02/12/2021,Porto,Cagliari,132,237
02/12/2021,Porto,Arbatax,0,25
02/12/2021,Aeroporto,Olbia,461,482
02/12/2021,Aeroporto,Cagliari,2584,3104
02/12/2021,Aeroporto,Alghero,1052,1352
01/12/2021,Porto,Porto Torres,404,356
01/12/2021,Porto,Olbia,707,865
01/12/2021,Porto,Golfo Aranci,90,117
01/12/2021,Porto,Cagliari,1,103
01/12/2021,Porto,Arbatax,55,1
01/12/2021,Aeroporto,Olbia,502,620
01/12/2021,Aeroporto,Cagliari,2525,2487
01/12/2021,Aeroporto,Alghero,772,701
30/11/2021,Porto,Porto Torres,328,496
30/11/2021,Porto,Olbia,52,0
30/11/2021,Porto,Cagliari,164,103
30/11/2021,Porto,Arbatax,0,17
30/11/2021,Aeroporto,Olbia,474,444
30/11/2021,Aeroporto,Cagliari,3106,3075
30/11/2021,Aeroporto,Alghero,928,872
29/11/2021,Porto,Porto Torres,249,256
29/11/2021,Porto,Olbia,1087,844
29/11/2021,Porto,Golfo Aranci,135,113
29/11/2021,Porto,Cagliari,1,174
29/11/2021,Aeroporto,Olbia,627,555
29/11/2021,Aeroporto,Cagliari,3410,3598
29/11/2021,Aeroporto,Alghero,1116,966
28/11/2021,Porto,Porto Torres,268,257
28/11/2021,Porto,Olbia,620,868
28/11/2021,Porto,Cagliari,187,1
28/11/2021,Porto,Arbatax,51,0
28/11/2021,Aeroporto,Olbia,1138,1070
28/11/2021,Aeroporto,Cagliari,9063,9076
28/11/2021,Aeroporto,Alghero,1453,1532
27/11/2021,Porto,Porto Torres,286,606
27/11/2021,Porto,Olbia,906,1550
27/11/2021,Porto,Cagliari,138,143
27/11/2021,Aeroporto,Olbia,453,499
27/11/2021,Aeroporto,Cagliari,3432,3472
27/11/2021,Aeroporto,Alghero,1075,931
26/11/2021,Porto,Porto Torres,333,100
26/11/2021,Porto,Olbia,943,681
26/11/2021,Porto,Golfo Aranci,88,128
26/11/2021,Porto,Cagliari,95,182
26/11/2021,Aeroporto,Olbia,758,927
26/11/2021,Aeroporto,Cagliari,3923,4379
26/11/2021,Aeroporto,Alghero,1223,1394
25/11/2021,Porto,Porto Torres,172,316
25/11/2021,Porto,Olbia,880,1103
25/11/2021,Porto,Cagliari,162,188
25/11/2021,Porto,Arbatax,0,31
25/11/2021,Aeroporto,Olbia,932,1042
25/11/2021,Aeroporto,Cagliari,3102,3355
25/11/2021,Aeroporto,Alghero,1087,1206
24/11/2021,Porto,Porto Torres,427,361
24/11/2021,Porto,Olbia,732,836
24/11/2021,Porto,Golfo Aranci,78,112
24/11/2021,Porto,Cagliari,112,116
24/11/2021,Porto,Arbatax,53,0
24/11/2021,Aeroporto,Olbia,471,476
24/11/2021,Aeroporto,Cagliari,2804,2823
24/11/2021,Aeroporto,Alghero,931,909
23/11/2021,Porto,Porto Torres,208,256
23/11/2021,Porto,Olbia,1014,772
23/11/2021,Porto,Cagliari,197,118
23/11/2021,Porto,Arbatax,0,38
23/11/2021,Aeroporto,Olbia,486,532
23/11/2021,Aeroporto,Cagliari,3100,3204
23/11/2021,Aeroporto,Alghero,979,1021
22/11/2021,Porto,Porto Torres,373,565
22/11/2021,Porto,Olbia,1110,904
22/11/2021,Porto,Golfo Aranci,125,138
22/11/2021,Porto,Cagliari,2,90
22/11/2021,Aeroporto,Olbia,860,764
22/11/2021,Aeroporto,Cagliari,3700,3569
22/11/2021,Aeroporto,Alghero,1142,1088
21/11/2021,Porto,Porto Torres,254,295
21/11/2021,Porto,Olbia,881,1015
21/11/2021,Porto,Cagliari,194,89
21/11/2021,Porto,Arbatax,60,0
21/11/2021,Aeroporto,Olbia,1160,1152
21/11/2021,Aeroporto,Cagliari,4520,4745
21/11/2021,Aeroporto,Alghero,1442,1524
20/11/2021,Porto,Porto Torres,324,436
20/11/2021,Porto,Olbia,1077,1198
20/11/2021,Porto,Cagliari,142,188
20/11/2021,Aeroporto,Olbia,480,554
20/11/2021,Aeroporto,Cagliari,3017,3453
20/11/2021,Aeroporto,Alghero,1027,926
19/11/2021,Porto,Porto Torres,390,507
19/11/2021,Porto,Olbia,994,1253
19/11/2021,Porto,Golfo Aranci,122,149
19/11/2021,Porto,Cagliari,102,158
19/11/2021,Aeroporto,Olbia,900,971
19/11/2021,Aeroporto,Cagliari,4198,4758
19/11/2021,Aeroporto,Alghero,1203,1473
18/11/2021,Porto,Porto Torres,242,241
18/11/2021,Porto,Olbia,906,1129
18/11/2021,Porto,Cagliari,175,210
18/11/2021,Porto,Arbatax,0,36
18/11/2021,Aeroporto,Olbia,888,932
18/11/2021,Aeroporto,Cagliari,2971,3143
18/11/2021,Aeroporto,Alghero,1171,1234
17/11/2021,Porto,Porto Torres,419,377
17/11/2021,Porto,Olbia,760,761
17/11/2021,Porto,Golfo Aranci,94,124
17/11/2021,Porto,Cagliari,99,99
17/11/2021,Porto,Arbatax,54,0
17/11/2021,Aeroporto,Olbia,506,594
17/11/2021,Aeroporto,Cagliari,2652,2664
17/11/2021,Aeroporto,Alghero,762,816
16/11/2021,Porto,Porto Torres,252,195
16/11/2021,Porto,Olbia,973,823
16/11/2021,Porto,Cagliari,176,74
16/11/2021,Porto,Arbatax,0,27
16/11/2021,Aeroporto,Olbia,495,436
16/11/2021,Aeroporto,Cagliari,3039,3310
16/11/2021,Aeroporto,Alghero,875,910
15/11/2021,Porto,Porto Torres,293,269
15/11/2021,Porto,Olbia,1154,902
15/11/2021,Porto,Golfo Aranci,104,141
15/11/2021,Porto,Cagliari,2,124
15/11/2021,Aeroporto,Olbia,692,760
15/11/2021,Aeroporto,Cagliari,3786,3253
15/11/2021,Aeroporto,Alghero,1086,997
14/11/2021,Porto,Olbia,927,1158
14/11/2021,Porto,Cagliari,219,150
14/11/2021,Porto,Arbatax,56,0
14/11/2021,Aeroporto,Olbia,1063,1189
14/11/2021,Aeroporto,Cagliari,4108,4512
14/11/2021,Aeroporto,Alghero,1604,1470
13/11/2021,Porto,Olbia,1212,1800
13/11/2021,Porto,Cagliari,152,174
13/11/2021,Aeroporto,Olbia,399,444
13/11/2021,Aeroporto,Cagliari,2868,3084
13/11/2021,Aeroporto,Alghero,896,989
12/11/2021,Porto,Porto Torres,312,558
12/11/2021,Porto,Olbia,1091,1255
12/11/2021,Porto,Golfo Aranci,129,175
12/11/2021,Porto,Cagliari,102,162
12/11/2021,Aeroporto,Olbia,784,984
12/11/2021,Aeroporto,Cagliari,3901,4427
12/11/2021,Aeroporto,Alghero,1162,1461
11/11/2021,Porto,Porto Torres,549,827
11/11/2021,Porto,Olbia,897,664
11/11/2021,Porto,Cagliari,146,243
11/11/2021,Porto,Arbatax,0,46
11/11/2021,Aeroporto,Olbia,812,884
11/11/2021,Aeroporto,Cagliari,2956,3259
11/11/2021,Aeroporto,Alghero,1109,1220
10/11/2021,Porto,Porto Torres,236,284
10/11/2021,Porto,Olbia,909,868
10/11/2021,Porto,Golfo Aranci,99,142
10/11/2021,Porto,Cagliari,90,138
10/11/2021,Porto,Arbatax,44,0
10/11/2021,Aeroporto,Olbia,510,569
10/11/2021,Aeroporto,Cagliari,2459,2913
10/11/2021,Aeroporto,Alghero,809,844
09/11/2021,Porto,Porto Torres,288,299
09/11/2021,Porto,Olbia,999,894
09/11/2021,Porto,Cagliari,254,122
09/11/2021,Porto,Arbatax,0,54
09/11/2021,Aeroporto,Olbia,398,472
09/11/2021,Aeroporto,Cagliari,2939,3073
09/11/2021,Aeroporto,Alghero,954,1003
08/11/2021,Porto,Porto Torres,576,656
08/11/2021,Porto,Olbia,1294,959
08/11/2021,Porto,Golfo Aranci,168,157
08/11/2021,Porto,Cagliari,0,137
08/11/2021,Aeroporto,Olbia,642,784
08/11/2021,Aeroporto,Cagliari,3860,3406
08/11/2021,Aeroporto,Alghero,1084,950
07/11/2021,Porto,Porto Torres,344,305
07/11/2021,Porto,Olbia,862,1158
07/11/2021,Porto,Cagliari,221,158
07/11/2021,Porto,Arbatax,60,0
07/11/2021,Aeroporto,Olbia,1159,1486
07/11/2021,Aeroporto,Cagliari,4509,4966
07/11/2021,Aeroporto,Alghero,1347,1603
06/11/2021,Porto,Porto Torres,508,1922
06/11/2021,Porto,Olbia,1392,1938
06/11/2021,Porto,Golfo Aranci,135,458
06/11/2021,Porto,Cagliari,225,187
06/11/2021,Aeroporto,Olbia,570,958
06/11/2021,Aeroporto,Cagliari,3112,3507
06/11/2021,Aeroporto,Alghero,999,1011
05/11/2021,Porto,Porto Torres,297,591
05/11/2021,Porto,Olbia,976,1698
05/11/2021,Porto,Golfo Aranci,109,309
05/11/2021,Porto,Cagliari,124,190
05/11/2021,Aeroporto,Olbia,810,1055
05/11/2021,Aeroporto,Cagliari,4201,4623
05/11/2021,Aeroporto,Alghero,1104,1429
04/11/2021,Porto,Porto Torres,246,409
04/11/2021,Porto,Olbia,1144,1448
04/11/2021,Porto,Golfo Aranci,132,230
04/11/2021,Porto,Cagliari,187,333
04/11/2021,Porto,Arbatax,0,49
04/11/2021,Aeroporto,Olbia,921,1086
04/11/2021,Aeroporto,Cagliari,3014,3324
04/11/2021,Aeroporto,Alghero,1088,1188
03/11/2021,Porto,Porto Torres,959,1423
03/11/2021,Porto,Olbia,1698,1067
03/11/2021,Porto,Golfo Aranci,271,258
03/11/2021,Porto,Cagliari,115,120
03/11/2021,Porto,Arbatax,67,0
03/11/2021,Aeroporto,Olbia,643,845
03/11/2021,Aeroporto,Cagliari,3178,2971
03/11/2021,Aeroporto,Alghero,962,1037
02/11/2021,Porto,Porto Torres,473,440
02/11/2021,Porto,Olbia,2021,1745
02/11/2021,Porto,Golfo Aranci,309,286
02/11/2021,Porto,Cagliari,338,151
02/11/2021,Porto,Arbatax,0,35
02/11/2021,Aeroporto,Olbia,772,787
02/11/2021,Aeroporto,Cagliari,4419,4084
02/11/2021,Aeroporto,Alghero,1312,1110
01/11/2021,Porto,Porto Torres,390,500
01/11/2021,Porto,Olbia,1276,2089
01/11/2021,Porto,Golfo Aranci,65,488
01/11/2021,Porto,Cagliari,0,119
01/11/2021,Aeroporto,Olbia,1501,1711
01/11/2021,Aeroporto,Cagliari,4468,4679
01/11/2021,Aeroporto,Alghero,1184,1348
31/10/2021,Porto,Porto Torres,1110,1773
31/10/2021,Porto,Olbia,1532,2293
31/10/2021,Porto,Golfo Aranci,377,391
31/10/2021,Porto,Cagliari,243,140
31/10/2021,Porto,Arbatax,83,0
31/10/2021,Aeroporto,Olbia,806,1590
31/10/2021,Aeroporto,Cagliari,4752,5351
31/10/2021,Aeroporto,Alghero,1326,1461
30/10/2021,Porto,Porto Torres,1709,2290
30/10/2021,Porto,Olbia,2316,2413
30/10/2021,Porto,Golfo Aranci,480,26
30/10/2021,Porto,Cagliari,204,303
30/10/2021,Aeroporto,Olbia,1633,2934
30/10/2021,Aeroporto,Cagliari,4454,5871
30/10/2021,Aeroporto,Alghero,1732,2323
29/10/2021,Porto,Porto Torres,449,910
29/10/2021,Porto,Olbia,1853,3695
29/10/2021,Porto,Golfo Aranci,231,580
29/10/2021,Porto,Cagliari,139,282
29/10/2021,Aeroporto,Olbia,1848,2536
29/10/2021,Aeroporto,Cagliari,5839,6839
29/10/2021,Aeroporto,Alghero,1974,2152
28/10/2021,Porto,Porto Torres,935,1278
28/10/2021,Porto,Olbia,1283,2572
28/10/2021,Porto,Golfo Aranci,181,637
28/10/2021,Porto,Cagliari,321,441
28/10/2021,Porto,Arbatax,0,56
28/10/2021,Aeroporto,Olbia,912,1294
28/10/2021,Aeroporto,Cagliari,4542,5337
28/10/2021,Aeroporto,Alghero,1885,2270
27/10/2021,Porto,Porto Torres,705,924
27/10/2021,Porto,Olbia,1010,1597
27/10/2021,Porto,Golfo Aranci,121,238
27/10/2021,Porto,Cagliari,108,144
27/10/2021,Porto,Arbatax,31,0
27/10/2021,Aeroporto,Olbia,974,1240
27/10/2021,Aeroporto,Cagliari,3659,4467
27/10/2021,Aeroporto,Alghero,1293,1456
26/10/2021,Porto,Porto Torres,346,440
26/10/2021,Porto,Olbia,1367,1478
26/10/2021,Porto,Golfo Aranci,143,368
26/10/2021,Porto,Cagliari,219,179
26/10/2021,Porto,Arbatax,0,28
26/10/2021,Aeroporto,Olbia,1446,1920
26/10/2021,Aeroporto,Cagliari,3674,3974
26/10/2021,Aeroporto,Alghero,1802,1945
25/10/2021,Porto,Porto Torres,440,598
25/10/2021,Porto,Olbia,1836,1875
25/10/2021,Porto,Golfo Aranci,336,270
25/10/2021,Porto,Cagliari,3,144
25/10/2021,Aeroporto,Olbia,1068,1456
25/10/2021,Aeroporto,Cagliari,5120,5503
25/10/2021,Aeroporto,Alghero,1862,1694
24/10/2021,Porto,Porto Torres,1937,1021
24/10/2021,Porto,Olbia,1986,2039
24/10/2021,Porto,Cagliari,257,270
24/10/2021,Porto,Arbatax,65,0
24/10/2021,Aeroporto,Olbia,1860,3412
24/10/2021,Aeroporto,Cagliari,5862,6824
24/10/2021,Aeroporto,Alghero,2014,2243
23/10/2021,Porto,Porto Torres,1936,1894
23/10/2021,Porto,Olbia,1786,2768
23/10/2021,Porto,Golfo Aranci,263,582
23/10/2021,Porto,Cagliari,195,222
23/10/2021,Aeroporto,Olbia,2319,3751
23/10/2021,Aeroporto,Cagliari,4826,5366
23/10/2021,Aeroporto,Alghero,1925,1952
22/10/2021,Porto,Porto Torres,482,1214
22/10/2021,Porto,Olbia,1527,3519
22/10/2021,Porto,Golfo Aranci,203,597
22/10/2021,Porto,Cagliari,197,203
22/10/2021,Aeroporto,Olbia,1424,2219
22/10/2021,Aeroporto,Cagliari,5402,5922
22/10/2021,Aeroporto,Alghero,1665,1659
21/10/2021,Porto,Porto Torres,784,1483
21/10/2021,Porto,Olbia,1380,2817
21/10/2021,Porto,Golfo Aranci,150,413
21/10/2021,Porto,Cagliari,154,259
21/10/2021,Porto,Arbatax,0,47
21/10/2021,Aeroporto,Olbia,1427,1954
21/10/2021,Aeroporto,Cagliari,4433,4473
21/10/2021,Aeroporto,Alghero,1731,2091
20/10/2021,Porto,Porto Torres,814,1094
20/10/2021,Porto,Olbia,1127,2064
20/10/2021,Porto,Golfo Aranci,216,484
20/10/2021,Porto,Cagliari,119,146
20/10/2021,Porto,Arbatax,72,0
20/10/2021,Aeroporto,Olbia,887,1192
20/10/2021,Aeroporto,Cagliari,3648,4270
20/10/2021,Aeroporto,Alghero,1204,1285
19/10/2021,Porto,Porto Torres,417,692
19/10/2021,Porto,Olbia,1685,1773
19/10/2021,Porto,Golfo Aranci,250,0
19/10/2021,Porto,Cagliari,260,195
19/10/2021,Porto,Arbatax,0,36
19/10/2021,Aeroporto,Olbia,754,978
19/10/2021,Aeroporto,Cagliari,3535,3792
19/10/2021,Aeroporto,Alghero,1676,1692
18/10/2021,Porto,Porto Torres,650,790
18/10/2021,Porto,Olbia,2271,2160
18/10/2021,Porto,Golfo Aranci,414,431
18/10/2021,Porto,Cagliari,7,134
18/10/2021,Aeroporto,Olbia,1323,1803
18/10/2021,Aeroporto,Cagliari,4755,5075
18/10/2021,Aeroporto,Alghero,1387,1514
17/10/2021,Porto,Porto Torres,1270,1337
17/10/2021,Porto,Olbia,1965,2385
17/10/2021,Porto,Golfo Aranci,501,428
17/10/2021,Porto,Cagliari,341,194
17/10/2021,Porto,Arbatax,39,0
17/10/2021,Aeroporto,Olbia,2646,3220
17/10/2021,Aeroporto,Cagliari,5594,6320
17/10/2021,Aeroporto,Alghero,1813,1945
16/10/2021,Porto,Porto Torres,1225,1885
16/10/2021,Porto,Olbia,1824,3090
16/10/2021,Porto,Golfo Aranci,422,1259
16/10/2021,Porto,Cagliari,288,280
16/10/2021,Aeroporto,Olbia,2853,3265
16/10/2021,Aeroporto,Cagliari,5222,5343
16/10/2021,Aeroporto,Alghero,1757,1865
15/10/2021,Porto,Porto Torres,458,1291
15/10/2021,Porto,Olbia,1732,3927
15/10/2021,Porto,Golfo Aranci,214,520
15/10/2021,Porto,Cagliari,132,231
15/10/2021,Aeroporto,Olbia,1724,1926
15/10/2021,Aeroporto,Cagliari,4508,5318
15/10/2021,Aeroporto,Alghero,1174,1097
14/10/2021,Porto,Porto Torres,706,1549
14/10/2021,Porto,Olbia,1678,3871
14/10/2021,Porto,Golfo Aranci,71,393
14/10/2021,Porto,Cagliari,282,357
14/10/2021,Porto,Arbatax,0,45
14/10/2021,Aeroporto,Olbia,1516,2255
14/10/2021,Aeroporto,Cagliari,4395,5189
14/10/2021,Aeroporto,Alghero,1970,2251
13/10/2021,Porto,Porto Torres,107,0
13/10/2021,Porto,Olbia,1292,2237
13/10/2021,Porto,Golfo Aranci,210,0
13/10/2021,Porto,Cagliari,177,192
13/10/2021,Aeroporto,Olbia,1119,1428
13/10/2021,Aeroporto,Cagliari,3804,4191
13/10/2021,Aeroporto,Alghero,1205,1620
12/10/2021,Porto,Porto Torres,562,771
12/10/2021,Porto,Olbia,1980,2317
12/10/2021,Porto,Golfo Aranci,548,433
12/10/2021,Porto,Cagliari,265,199
12/10/2021,Porto,Arbatax,0,46
12/10/2021,Aeroporto,Olbia,1339,1533
12/10/2021,Aeroporto,Cagliari,3268,3635
12/10/2021,Aeroporto,Alghero,1755,1840
11/10/2021,Porto,Porto Torres,997,813
11/10/2021,Porto,Olbia,3038,2786
11/10/2021,Porto,Golfo Aranci,670,594
11/10/2021,Porto,Cagliari,0,155
11/10/2021,Aeroporto,Olbia,1905,2180
11/10/2021,Aeroporto,Cagliari,4869,5442
11/10/2021,Aeroporto,Alghero,1376,1807
10/10/2021,Porto,Porto Torres,1810,1518
10/10/2021,Porto,Olbia,3026,2682
10/10/2021,Porto,Golfo Aranci,891,477
10/10/2021,Porto,Cagliari,325,235
10/10/2021,Porto,Arbatax,68,0
10/10/2021,Aeroporto,Olbia,3494,4293
10/10/2021,Aeroporto,Cagliari,6593,7824
10/10/2021,Aeroporto,Alghero,1804,2326
09/10/2021,Porto,Porto Torres,1591,1799
09/10/2021,Porto,Olbia,2153,3330
09/10/2021,Porto,Golfo Aranci,728,1405
09/10/2021,Porto,Cagliari,346,449
09/10/2021,Aeroporto,Olbia,3821,4097
09/10/2021,Aeroporto,Cagliari,5863,6055
09/10/2021,Aeroporto,Alghero,2091,2126
08/10/2021,Porto,Porto Torres,557,1121
08/10/2021,Porto,Olbia,2023,4395
08/10/2021,Porto,Cagliari,143,209
08/10/2021,Aeroporto,Olbia,2838,2755
08/10/2021,Aeroporto,Cagliari,5743,5888
08/10/2021,Aeroporto,Alghero,1749,1724
07/10/2021,Porto,Porto Torres,780,0
07/10/2021,Porto,Olbia,1681,3302
07/10/2021,Porto,Golfo Aranci,149,303
07/10/2021,Porto,Cagliari,190,280
07/10/2021,Porto,Arbatax,0,66
07/10/2021,Aeroporto,Olbia,1974,2430
07/10/2021,Aeroporto,Cagliari,4926,5022
07/10/2021,Aeroporto,Alghero,1944,2234
06/10/2021,Porto,Porto Torres,1000,1285
06/10/2021,Porto,Olbia,1917,2826
06/10/2021,Porto,Cagliari,122,127
06/10/2021,Porto,Arbatax,73,0
06/10/2021,Aeroporto,Olbia,1429,1853
06/10/2021,Aeroporto,Cagliari,4143,4598
06/10/2021,Aeroporto,Alghero,1386,1643
05/10/2021,Porto,Porto Torres,590,650
05/10/2021,Porto,Olbia,2406,2504
05/10/2021,Porto,Golfo Aranci,353,474
05/10/2021,Porto,Cagliari,328,297
05/10/2021,Porto,Arbatax,0,50
05/10/2021,Aeroporto,Olbia,1359,1626
05/10/2021,Aeroporto,Cagliari,3861,4104
05/10/2021,Aeroporto,Alghero,1628,2163
04/10/2021,Porto,Porto Torres,894,719
04/10/2021,Porto,Olbia,3214,3201
04/10/2021,Porto,Golfo Aranci,1042,717
04/10/2021,Porto,Cagliari,2,148
04/10/2021,Aeroporto,Olbia,1998,2297
04/10/2021,Aeroporto,Cagliari,5648,6183
04/10/2021,Aeroporto,Alghero,1740,2069
03/10/2021,Porto,Porto Torres,1744,2030
03/10/2021,Porto,Olbia,3877,4183
03/10/2021,Porto,Golfo Aranci,610,601
03/10/2021,Porto,Cagliari,235,331
03/10/2021,Porto,Arbatax,52,0
03/10/2021,Aeroporto,Olbia,7560,10480
03/10/2021,Aeroporto,Cagliari,6562,7511
03/10/2021,Aeroporto,Alghero,2044,2552
02/10/2021,Porto,Porto Torres,1588,2483
02/10/2021,Porto,Olbia,2946,4272
02/10/2021,Porto,Golfo Aranci,978,1556
02/10/2021,Porto,Cagliari,321,365
02/10/2021,Aeroporto,Olbia,4693,5632
02/10/2021,Aeroporto,Cagliari,6358,6939
02/10/2021,Aeroporto,Alghero,2024,2178
01/10/2021,Porto,Porto Torres,476,722
01/10/2021,Porto,Olbia,3013,6053
01/10/2021,Porto,Golfo Aranci,386,759
01/10/2021,Porto,Cagliari,3,233
01/10/2021,Aeroporto,Olbia,4056,4386
01/10/2021,Aeroporto,Cagliari,6447,6607
01/10/2021,Aeroporto,Alghero,1939,1917
30/09/2021,Porto,Porto Torres,755,1665
30/09/2021,Porto,Olbia,2175,4271
30/09/2021,Porto,Golfo Aranci,442,1029
30/09/2021,Porto,Cagliari,228,360
30/09/2021,Porto,Arbatax,0,40
30/09/2021,Aeroporto,Olbia,3056,3522
30/09/2021,Aeroporto,Cagliari,5008,5728
30/09/2021,Aeroporto,Alghero,2081,2488
29/09/2021,Porto,Porto Torres,1115,2757
29/09/2021,Porto,Olbia,1771,3696
29/09/2021,Porto,Golfo Aranci,229,689
29/09/2021,Porto,Cagliari,80,159
29/09/2021,Porto,Arbatax,34,0
29/09/2021,Aeroporto,Olbia,2068,3446
29/09/2021,Aeroporto,Cagliari,4160,5788
29/09/2021,Aeroporto,Alghero,1254,1675
28/09/2021,Porto,Olbia,2108,4125
28/09/2021,Porto,Cagliari,275,316
28/09/2021,Porto,Arbatax,0,47
28/09/2021,Aeroporto,Olbia,3202,6292
28/09/2021,Aeroporto,Cagliari,3598,4952
28/09/2021,Aeroporto,Alghero,1556,2244
27/09/2021,Porto,Porto Torres,988,1378
27/09/2021,Porto,Olbia,3292,4120
27/09/2021,Porto,Golfo Aranci,575,866
27/09/2021,Porto,Cagliari,3,121
27/09/2021,Aeroporto,Olbia,2930,4431
27/09/2021,Aeroporto,Cagliari,5841,6992
27/09/2021,Aeroporto,Alghero,1725,2572
26/09/2021,Porto,Porto Torres,960,1776
26/09/2021,Porto,Olbia,4047,6789
26/09/2021,Porto,Golfo Aranci,626,697
26/09/2021,Porto,Cagliari,242,306
26/09/2021,Porto,Arbatax,27,0
26/09/2021,Aeroporto,Olbia,4615,7908
26/09/2021,Aeroporto,Cagliari,7506,9542
26/09/2021,Aeroporto,Alghero,2045,2719
25/09/2021,Porto,Porto Torres,1924,3417
25/09/2021,Porto,Olbia,4068,6883
25/09/2021,Porto,Golfo Aranci,616,1458
25/09/2021,Porto,Cagliari,241,396
25/09/2021,Aeroporto,Olbia,6408,7991
25/09/2021,Aeroporto,Cagliari,6790,7815
25/09/2021,Aeroporto,Alghero,2643,2488
24/09/2021,Porto,Porto Torres,1320,1107
24/09/2021,Porto,Olbia,3203,1890
24/09/2021,Porto,Golfo Aranci,449,1489
24/09/2021,Porto,Cagliari,62,196
24/09/2021,Aeroporto,Olbia,4592,5394
24/09/2021,Aeroporto,Cagliari,5093,5695
24/09/2021,Aeroporto,Alghero,1580,1791
23/09/2021,Porto,Porto Torres,602,1850
23/09/2021,Porto,Olbia,2466,4799
23/09/2021,Porto,Golfo Aranci,360,1161
23/09/2021,Porto,Cagliari,296,366
23/09/2021,Aeroporto,Olbia,3887,3918
23/09/2021,Aeroporto,Cagliari,5657,5993
23/09/2021,Aeroporto,Alghero,2218,2519
22/09/2021,Porto,Porto Torres,1385,2880
22/09/2021,Porto,Olbia,2667,4382
22/09/2021,Porto,Golfo Aranci,334,676
22/09/2021,Porto,Cagliari,12,17
22/09/2021,Aeroporto,Olbia,3171,4030
22/09/2021,Aeroporto,Cagliari,4571,5739
22/09/2021,Aeroporto,Alghero,1421,1693
21/09/2021,Porto,Porto Torres,1176,1966
21/09/2021,Porto,Olbia,3663,5351
21/09/2021,Porto,Golfo Aranci,627,843
21/09/2021,Porto,Cagliari,323,274
21/09/2021,Aeroporto,Olbia,2643,5043
21/09/2021,Aeroporto,Cagliari,3989,4947
21/09/2021,Aeroporto,Alghero,1795,2195
20/09/2021,Porto,Porto Torres,1752,2684
20/09/2021,Porto,Olbia,4392,5578
20/09/2021,Porto,Golfo Aranci,643,652
20/09/2021,Porto,Cagliari,1,2
20/09/2021,Aeroporto,Olbia,3815,5650
20/09/2021,Aeroporto,Cagliari,6153,7149
20/09/2021,Aeroporto,Alghero,1826,2407
19/09/2021,Porto,Porto Torres,1410,1324
19/09/2021,Porto,Olbia,4842,7546
19/09/2021,Porto,Golfo Aranci,1263,2938
19/09/2021,Porto,Cagliari,261,322
19/09/2021,Aeroporto,Olbia,6166,9032
19/09/2021,Aeroporto,Cagliari,8319,10673
19/09/2021,Aeroporto,Alghero,2283,2879
18/09/2021,Porto,Porto Torres,2816,3935
18/09/2021,Porto,Olbia,5653,8473
18/09/2021,Porto,Golfo Aranci,899,1255
18/09/2021,Porto,Cagliari,282,449
18/09/2021,Aeroporto,Olbia,15982,18660
18/09/2021,Aeroporto,Cagliari,7313,8532
18/09/2021,Aeroporto,Alghero,2415,2797
17/09/2021,Porto,Porto Torres,1012,1472
17/09/2021,Porto,Olbia,4431,6907
17/09/2021,Porto,Golfo Aranci,603,789
17/09/2021,Porto,Cagliari,2,7
17/09/2021,Aeroporto,Olbia,7088,6389
17/09/2021,Aeroporto,Cagliari,6614,6947
17/09/2021,Aeroporto,Alghero,2456,1932
16/09/2021,Porto,Porto Torres,1144,2141
16/09/2021,Porto,Olbia,4282,5849
16/09/2021,Porto,Golfo Aranci,708,1083
16/09/2021,Porto,Cagliari,308,415
16/09/2021,Aeroporto,Olbia,4568,4215
16/09/2021,Aeroporto,Cagliari,5786,5801
16/09/2021,Aeroporto,Alghero,2124,2423
15/09/2021,Porto,Porto Torres,2090,2852
15/09/2021,Porto,Olbia,3277,5264
15/09/2021,Porto,Golfo Aranci,616,779
15/09/2021,Porto,Cagliari,2,19
15/09/2021,Aeroporto,Olbia,3969,4313
15/09/2021,Aeroporto,Cagliari,5034,5773
15/09/2021,Aeroporto,Alghero,1457,1844
14/09/2021,Porto,Porto Torres,1896,2661
14/09/2021,Porto,Olbia,4173,6356
14/09/2021,Porto,Golfo Aranci,792,914
14/09/2021,Porto,Cagliari,327,409
14/09/2021,Aeroporto,Olbia,3840,4613
14/09/2021,Aeroporto,Cagliari,4477,5415
14/09/2021,Aeroporto,Alghero,1987,2687
13/09/2021,Porto,Porto Torres,1466,1551
13/09/2021,Porto,Olbia,6404,7418
13/09/2021,Porto,Golfo Aranci,1365,1995
13/09/2021,Porto,Cagliari,142,8
13/09/2021,Aeroporto,Olbia,4868,5932
13/09/2021,Aeroporto,Cagliari,6011,6895
13/09/2021,Aeroporto,Alghero,1998,2348
12/09/2021,Porto,Porto Torres,1662,3620
12/09/2021,Porto,Olbia,6398,11330
12/09/2021,Porto,Golfo Aranci,1363,2384
12/09/2021,Porto,Cagliari,568,735
12/09/2021,Aeroporto,Olbia,7408,9551
12/09/2021,Aeroporto,Cagliari,8714,10789
12/09/2021,Aeroporto,Alghero,2436,2960
11/09/2021,Porto,Porto Torres,3087,5096
11/09/2021,Porto,Olbia,7530,14285
11/09/2021,Porto,Golfo Aranci,1417,3090
11/09/2021,Porto,Cagliari,454,773
11/09/2021,Aeroporto,Olbia,9276,10528
11/09/2021,Aeroporto,Cagliari,8454,9292
11/09/2021,Aeroporto,Alghero,2925,3606
10/09/2021,Porto,Porto Torres,1489,3054
10/09/2021,Porto,Olbia,4491,10489
10/09/2021,Porto,Golfo Aranci,956,2458
10/09/2021,Porto,Cagliari,425,391
10/09/2021,Aeroporto,Olbia,7256,7587
10/09/2021,Aeroporto,Cagliari,6325,7829
10/09/2021,Aeroporto,Alghero,2209,2251
09/09/2021,Porto,Porto Torres,1116,2479
09/09/2021,Porto,Olbia,4208,9976
09/09/2021,Porto,Golfo Aranci,794,2420
09/09/2021,Porto,Cagliari,465,810
09/09/2021,Aeroporto,Olbia,4479,5322
09/09/2021,Aeroporto,Cagliari,5845,6297
09/09/2021,Aeroporto,Alghero,2406,2698
08/09/2021,Porto,Porto Torres,1915,3367
08/09/2021,Porto,Olbia,3931,8468
08/09/2021,Porto,Golfo Aranci,819,2207
08/09/2021,Porto,Cagliari,142,419
08/09/2021,Aeroporto,Olbia,4396,5106
08/09/2021,Aeroporto,Cagliari,5632,6600
08/09/2021,Aeroporto,Alghero,1705,2188
07/09/2021,Porto,Porto Torres,2094,3596
07/09/2021,Porto,Olbia,5872,9306
07/09/2021,Porto,Golfo Aranci,1072,1970
07/09/2021,Porto,Cagliari,425,802
07/09/2021,Aeroporto,Olbia,4264,4975
07/09/2021,Aeroporto,Cagliari,4104,4903
07/09/2021,Aeroporto,Alghero,2008,2455
06/09/2021,Porto,Porto Torres,1486,1480
06/09/2021,Porto,Olbia,8624,13044
06/09/2021,Porto,Golfo Aranci,1752,2820
06/09/2021,Porto,Cagliari,197,407
06/09/2021,Aeroporto,Olbia,5043,6052
06/09/2021,Aeroporto,Cagliari,6410,7554
06/09/2021,Aeroporto,Alghero,2035,2339
05/09/2021,Porto,Porto Torres,2134,3532
05/09/2021,Porto,Olbia,9060,13754
05/09/2021,Porto,Golfo Aranci,1880,2187
05/09/2021,Porto,Cagliari,517,0
05/09/2021,Aeroporto,Olbia,8546,11375
05/09/2021,Aeroporto,Cagliari,9294,11255
05/09/2021,Aeroporto,Alghero,2790,3840
04/09/2021,Porto,Porto Torres,3826,3899
04/09/2021,Porto,Olbia,10094,13526
04/09/2021,Porto,Golfo Aranci,2473,4026
04/09/2021,Porto,Cagliari,592,0
04/09/2021,Aeroporto,Olbia,11073,11980
04/09/2021,Aeroporto,Cagliari,9131,9581
04/09/2021,Aeroporto,Alghero,3141,3307
03/09/2021,Porto,Porto Torres,1888,5026
03/09/2021,Porto,Olbia,7411,13454
03/09/2021,Porto,Golfo Aranci,1453,2264
03/09/2021,Porto,Cagliari,364,0
03/09/2021,Aeroporto,Olbia,8353,8193
03/09/2021,Aeroporto,Cagliari,6844,7934
03/09/2021,Aeroporto,Alghero,2387,2660
02/09/2021,Porto,Porto Torres,1922,1495
02/09/2021,Porto,Olbia,5872,11660
02/09/2021,Porto,Golfo Aranci,1741,3853
02/09/2021,Porto,Cagliari,822,1283
02/09/2021,Aeroporto,Olbia,6161,6205
02/09/2021,Aeroporto,Cagliari,5694,6668
02/09/2021,Aeroporto,Alghero,2652,2870
01/09/2021,Porto,Porto Torres,1995,5190
01/09/2021,Porto,Olbia,8491,13607
01/09/2021,Porto,Golfo Aranci,1744,3762
01/09/2021,Porto,Cagliari,337,405
01/09/2021,Aeroporto,Olbia,6404,7623
01/09/2021,Aeroporto,Cagliari,5578,7175
01/09/2021,Aeroporto,Alghero,1571,2024
31/08/2021,Porto,Porto Torres,2584,5083
31/08/2021,Porto,Olbia,6598,16069
31/08/2021,Porto,Golfo Aranci,1616,4118
31/08/2021,Porto,Cagliari,698,1012
31/08/2021,Aeroporto,Olbia,4962,10251
31/08/2021,Aeroporto,Cagliari,5349,9084
31/08/2021,Aeroporto,Alghero,2653,4304
30/08/2021,Porto,Porto Torres,1400,5347
30/08/2021,Porto,Olbia,8722,15742
30/08/2021,Porto,Golfo Aranci,1106,4496
30/08/2021,Porto,Cagliari,140,403
30/08/2021,Aeroporto,Olbia,5758,10625
30/08/2021,Aeroporto,Cagliari,6249,9935
30/08/2021,Aeroporto,Alghero,1867,3249
29/08/2021,Porto,Porto Torres,2538,5390
29/08/2021,Porto,Olbia,9121,17675
29/08/2021,Porto,Golfo Aranci,2316,6192
29/08/2021,Porto,Cagliari,910,1412
29/08/2021,Aeroporto,Olbia,8311,14110
29/08/2021,Aeroporto,Cagliari,8546,12110
29/08/2021,Aeroporto,Alghero,2843,4319
28/08/2021,Porto,Porto Torres,3835,8778
28/08/2021,Porto,Olbia,10329,17129
28/08/2021,Porto,Golfo Aranci,2109,2291
28/08/2021,Porto,Cagliari,677,1354
28/08/2021,Aeroporto,Olbia,11659,15756
28/08/2021,Aeroporto,Cagliari,9087,12280
28/08/2021,Aeroporto,Alghero,3045,4353
27/08/2021,Porto,Porto Torres,1994,6346
27/08/2021,Porto,Olbia,7608,16956
27/08/2021,Porto,Golfo Aranci,1926,4625
27/08/2021,Porto,Cagliari,335,769
27/08/2021,Aeroporto,Olbia,8301,12383
27/08/2021,Aeroporto,Cagliari,6255,9247
27/08/2021,Aeroporto,Alghero,2304,3157
26/08/2021,Porto,Porto Torres,1330,3736
26/08/2021,Porto,Olbia,6151,14848
26/08/2021,Porto,Golfo Aranci,1355,3043
26/08/2021,Porto,Cagliari,855,1258
26/08/2021,Aeroporto,Olbia,5988,10039
26/08/2021,Aeroporto,Cagliari,5394,8721
26/08/2021,Aeroporto,Alghero,2004,3252
25/08/2021,Porto,Porto Torres,1933,6527
25/08/2021,Porto,Olbia,6149,16117
25/08/2021,Porto,Golfo Aranci,1584,4370
25/08/2021,Porto,Cagliari,254,575
25/08/2021,Aeroporto,Olbia,5879,9605
25/08/2021,Aeroporto,Cagliari,4742,7925
25/08/2021,Aeroporto,Alghero,1681,2935
24/08/2021,Porto,Porto Torres,3272,5987
24/08/2021,Porto,Olbia,8354,15219
24/08/2021,Porto,Golfo Aranci,2147,5730
24/08/2021,Porto,Cagliari,753,1007
24/08/2021,Aeroporto,Olbia,6390,10183
24/08/2021,Aeroporto,Cagliari,5567,9333
24/08/2021,Aeroporto,Alghero,3008,4200
23/08/2021,Porto,Porto Torres,1716,2995
23/08/2021,Porto,Olbia,11106,15981
23/08/2021,Porto,Golfo Aranci,2146,3026
23/08/2021,Porto,Cagliari,294,409
23/08/2021,Aeroporto,Olbia,16756,21702
23/08/2021,Aeroporto,Cagliari,7267,9938
23/08/2021,Aeroporto,Alghero,2424,3285
22/08/2021,Porto,Porto Torres,3664,7100
22/08/2021,Porto,Olbia,10796,17618
22/08/2021,Porto,Golfo Aranci,3180,6601
22/08/2021,Porto,Cagliari,1226,1584
22/08/2021,Aeroporto,Olbia,10010,13525
22/08/2021,Aeroporto,Cagliari,9944,11877
22/08/2021,Aeroporto,Alghero,3378,4283
21/08/2021,Porto,Porto Torres,5249,8934
21/08/2021,Porto,Olbia,11366,19287
21/08/2021,Porto,Golfo Aranci,1531,2098
21/08/2021,Porto,Cagliari,666,889
21/08/2021,Aeroporto,Olbia,13202,15166
21/08/2021,Aeroporto,Cagliari,10210,11987
21/08/2021,Aeroporto,Alghero,3389,4074
20/08/2021,Porto,Porto Torres,3493,5814
20/08/2021,Porto,Olbia,9795,17184
20/08/2021,Porto,Golfo Aranci,2404,4661
20/08/2021,Porto,Cagliari,384,580
20/08/2021,Aeroporto,Olbia,9396,11928
20/08/2021,Aeroporto,Cagliari,6830,9100
20/08/2021,Aeroporto,Alghero,2413,3141
19/08/2021,Porto,Porto Torres,1695,3782
19/08/2021,Porto,Olbia,8042,14546
19/08/2021,Porto,Golfo Aranci,1021,1325
19/08/2021,Porto,Cagliari,1271,1199
19/08/2021,Aeroporto,Olbia,6539,9943
19/08/2021,Aeroporto,Cagliari,6308,8627
19/08/2021,Aeroporto,Alghero,2555,2986
18/08/2021,Porto,Porto Torres,4158,5551
18/08/2021,Porto,Olbia,9961,14063
18/08/2021,Porto,Golfo Aranci,2618,3839
18/08/2021,Porto,Cagliari,225,335
18/08/2021,Aeroporto,Olbia,6405,7468
18/08/2021,Aeroporto,Cagliari,6405,7468
18/08/2021,Aeroporto,Alghero,2130,2563
17/08/2021,Porto,Porto Torres,5486,4045
17/08/2021,Porto,Olbia,12562,12964
17/08/2021,Porto,Golfo Aranci,2836,2772
17/08/2021,Porto,Cagliari,1147,1156
17/08/2021,Aeroporto,Olbia,8349,9614
17/08/2021,Aeroporto,Cagliari,7212,8477
17/08/2021,Aeroporto,Alghero,3555,3877
16/08/2021,Porto,Porto Torres,2005,1715
16/08/2021,Porto,Olbia,14612,12854
16/08/2021,Porto,Golfo Aranci,3841,3567
16/08/2021,Porto,Cagliari,269,271
16/08/2021,Aeroporto,Olbia,10134,11114
16/08/2021,Aeroporto,Cagliari,8511,8417
16/08/2021,Aeroporto,Alghero,2850,2663
15/08/2021,Porto,Porto Torres,5525,4363
15/08/2021,Porto,Olbia,12524,10619
15/08/2021,Porto,Golfo Aranci,3329,3513
15/08/2021,Porto,Cagliari,1265,986
15/08/2021,Aeroporto,Olbia,10461,11886
15/08/2021,Aeroporto,Cagliari,9168,9949
15/08/2021,Aeroporto,Alghero,3236,3551
14/08/2021,Porto,Porto Torres,6641,5340
14/08/2021,Porto,Olbia,15499,15516
14/08/2021,Porto,Golfo Aranci,3476,3302
14/08/2021,Porto,Cagliari,1187,1080
14/08/2021,Aeroporto,Olbia,13269,14225
14/08/2021,Aeroporto,Cagliari,10712,10302
14/08/2021,Aeroporto,Alghero,3830,3725
13/08/2021,Porto,Porto Torres,5480,4880
13/08/2021,Porto,Olbia,13053,11554
13/08/2021,Porto,Golfo Aranci,3592,3514
13/08/2021,Porto,Cagliari,447,466
13/08/2021,Aeroporto,Olbia,10694,9920
13/08/2021,Aeroporto,Cagliari,7994,7814
13/08/2021,Aeroporto,Alghero,2908,2604
12/08/2021,Porto,Porto Torres,1962,1805
12/08/2021,Porto,Olbia,10897,9992
12/08/2021,Porto,Golfo Aranci,2895,3347
12/08/2021,Porto,Cagliari,1098,884
12/08/2021,Aeroporto,Olbia,8506,7971
12/08/2021,Aeroporto,Cagliari,7813,7108
12/08/2021,Aeroporto,Alghero,2950,2891
11/08/2021,Porto,Porto Torres,5647,3781
11/08/2021,Porto,Olbia,14068,8815
11/08/2021,Porto,Golfo Aranci,3568,1681
11/08/2021,Porto,Cagliari,343,364
11/08/2021,Aeroporto,Olbia,7904,6906
11/08/2021,Aeroporto,Cagliari,6617,6010
11/08/2021,Aeroporto,Alghero,2570,1911
10/08/2021,Porto,Porto Torres,5427,2069
10/08/2021,Porto,Olbia,18359,9831
10/08/2021,Porto,Golfo Aranci,4603,2300
10/08/2021,Porto,Cagliari,1257,1034
10/08/2021,Aeroporto,Olbia,9782,7313
10/08/2021,Aeroporto,Cagliari,8541,6581
10/08/2021,Aeroporto,Alghero,3803,3219
09/08/2021,Porto,Porto Torres,3816,1756
09/08/2021,Porto,Olbia,16022,9024
09/08/2021,Porto,Golfo Aranci,4243,2619
09/08/2021,Porto,Cagliari,448,309
09/08/2021,Aeroporto,Olbia,10722,8645
09/08/2021,Aeroporto,Cagliari,9568,7027
09/08/2021,Aeroporto,Alghero,3013,2217
08/08/2021,Porto,Porto Torres,6646,3658
08/08/2021,Porto,Olbia,16905,13679
08/08/2021,Porto,Golfo Aranci,4132,3276
08/08/2021,Porto,Cagliari,1307,775
08/08/2021,Aeroporto,Olbia,12637,12155
08/08/2021,Aeroporto,Cagliari,10792,9713
08/08/2021,Aeroporto,Alghero,4005,3584
07/08/2021,Porto,Porto Torres,7520,3916
07/08/2021,Porto,Olbia,18923,13513
07/08/2021,Porto,Golfo Aranci,2496,2452
07/08/2021,Porto,Cagliari,1520,1353
07/08/2021,Aeroporto,Olbia,15652,13881
07/08/2021,Aeroporto,Cagliari,12179,9295
07/08/2021,Aeroporto,Alghero,4322,3156
06/08/2021,Porto,Porto Torres,6789,3139
06/08/2021,Porto,Olbia,16849,10067
06/08/2021,Porto,Golfo Aranci,4059,1213
06/08/2021,Porto,Cagliari,513,456
06/08/2021,Aeroporto,Olbia,12560,8970
06/08/2021,Aeroporto,Cagliari,9444,6325
06/08/2021,Aeroporto,Alghero,3388,2255
05/08/2021,Porto,Porto Torres,2550,1901
05/08/2021,Porto,Olbia,11741,8485
05/08/2021,Porto,Golfo Aranci,3841,2310
05/08/2021,Porto,Cagliari,551,498
05/08/2021,Aeroporto,Olbia,10139,6734
05/08/2021,Aeroporto,Cagliari,8718,5833
05/08/2021,Aeroporto,Alghero,3136,2371
04/08/2021,Porto,Porto Torres,5552,2472
04/08/2021,Porto,Olbia,13294,7070
04/08/2021,Porto,Golfo Aranci,4223,1992
04/08/2021,Porto,Cagliari,425,379
04/08/2021,Aeroporto,Olbia,8529,6657
04/08/2021,Aeroporto,Cagliari,7171,5116
04/08/2021,Aeroporto,Alghero,2564,1591
03/08/2021,Porto,Porto Torres,5741,2942
03/08/2021,Porto,Olbia,14870,9081
03/08/2021,Porto,Golfo Aranci,3313,1641
03/08/2021,Porto,Cagliari,808,597
03/08/2021,Aeroporto,Olbia,8617,6251
03/08/2021,Aeroporto,Cagliari,8163,5633
03/08/2021,Aeroporto,Alghero,3812,2940
02/08/2021,Porto,Porto Torres,4137,2664
02/08/2021,Porto,Olbia,14317,10840
02/08/2021,Porto,Golfo Aranci,4076,2716
02/08/2021,Porto,Cagliari,650,482
02/08/2021,Aeroporto,Olbia,10933,8963
02/08/2021,Aeroporto,Cagliari,9498,7580
02/08/2021,Aeroporto,Alghero,2897,2264
01/08/2021,Porto,Porto Torres,4941,4371
01/08/2021,Porto,Olbia,14485,10870
01/08/2021,Porto,Golfo Aranci,3693,3619
01/08/2021,Porto,Cagliari,772,470
01/08/2021,Aeroporto,Olbia,12822,11701
01/08/2021,Aeroporto,Cagliari,10532,9267
01/08/2021,Aeroporto,Alghero,4006,3665
31/07/2021,Porto,Porto Torres,6648,3987
31/07/2021,Porto,Olbia,16640,16315
31/07/2021,Porto,Golfo Aranci,3350,3177
31/07/2021,Porto,Cagliari,1360,1452
31/07/2021,Aeroporto,Olbia,15970,14946
31/07/2021,Aeroporto,Cagliari,11306,9886
31/07/2021,Aeroporto,Alghero,3964,3530
30/07/2021,Porto,Porto Torres,5977,3282
30/07/2021,Porto,Olbia,14461,12394
30/07/2021,Porto,Golfo Aranci,3334,4793
30/07/2021,Porto,Cagliari,194,113
30/07/2021,Aeroporto,Olbia,12146,9995
30/07/2021,Aeroporto,Cagliari,8523,7472
30/07/2021,Aeroporto,Alghero,2943,2496
29/07/2021,Porto,Porto Torres,2170,2460
29/07/2021,Porto,Olbia,12347,9762
29/07/2021,Porto,Golfo Aranci,2308,1217
29/07/2021,Porto,Cagliari,786,760
29/07/2021,Aeroporto,Olbia,4372,3766
29/07/2021,Aeroporto,Cagliari,7497,6477
29/07/2021,Aeroporto,Alghero,3047,2569
28/07/2021,Porto,Porto Torres,4346,3371
28/07/2021,Porto,Olbia,11106,0
28/07/2021,Porto,Golfo Aranci,1302,1092
28/07/2021,Porto,Cagliari,257,303
28/07/2021,Aeroporto,Olbia,7730,7679
28/07/2021,Aeroporto,Cagliari,0,2
28/07/2021,Aeroporto,Alghero,1917,1846
27/07/2021,Porto,Porto Torres,3339,1924
27/07/2021,Porto,Olbia,12095,0
27/07/2021,Porto,Golfo Aranci,1843,1182
27/07/2021,Porto,Cagliari,734,773
27/07/2021,Aeroporto,Olbia,5426,6164
27/07/2021,Aeroporto,Cagliari,7807,7598
27/07/2021,Aeroporto,Alghero,3656,3653
26/07/2021,Porto,Porto Torres,3183,1721
26/07/2021,Porto,Olbia,13593,9490
26/07/2021,Porto,Golfo Aranci,1816,1070
26/07/2021,Porto,Cagliari,365,309
26/07/2021,Aeroporto,Olbia,5298,5515
26/07/2021,Aeroporto,Cagliari,10066,10063
26/07/2021,Aeroporto,Alghero,1462,1472
25/07/2021,Porto,Porto Torres,3285,2590
25/07/2021,Porto,Olbia,13396,11476
25/07/2021,Porto,Golfo Aranci,1796,1915
25/07/2021,Porto,Cagliari,893,619
25/07/2021,Aeroporto,Olbia,10988,11760
25/07/2021,Aeroporto,Cagliari,9779,10538
25/07/2021,Aeroporto,Alghero,3769,3670
24/07/2021,Porto,Porto Torres,4676,3471
24/07/2021,Porto,Olbia,13472,11675
24/07/2021,Porto,Golfo Aranci,3589,2977
24/07/2021,Porto,Cagliari,896,1049
24/07/2021,Aeroporto,Olbia,15442,13202
24/07/2021,Aeroporto,Cagliari,10760,9110
24/07/2021,Aeroporto,Alghero,3638,3252
23/07/2021,Porto,Porto Torres,3122,2343
23/07/2021,Porto,Olbia,11949,8959
23/07/2021,Porto,Golfo Aranci,2663,2135
23/07/2021,Porto,Cagliari,411,395
23/07/2021,Aeroporto,Olbia,5983,4251
23/07/2021,Aeroporto,Cagliari,8249,6875
23/07/2021,Aeroporto,Alghero,2853,2111
22/07/2021,Porto,Porto Torres,1735,1554
22/07/2021,Porto,Olbia,9642,7423
22/07/2021,Porto,Golfo Aranci,2589,2003
22/07/2021,Porto,Cagliari,810,676
22/07/2021,Aeroporto,Olbia,8174,5402
22/07/2021,Aeroporto,Cagliari,7518,6027
22/07/2021,Aeroporto,Alghero,2819,2224
21/07/2021,Porto,Porto Torres,4195,2200
21/07/2021,Porto,Olbia,7832,5867
21/07/2021,Porto,Golfo Aranci,2038,1476
21/07/2021,Porto,Cagliari,424,168
21/07/2021,Aeroporto,Olbia,7479,6007
21/07/2021,Aeroporto,Cagliari,6088,5496
21/07/2021,Aeroporto,Alghero,1910,1644
20/07/2021,Porto,Porto Torres,3460,1732
20/07/2021,Porto,Olbia,10190,5818
20/07/2021,Porto,Golfo Aranci,2408,1265
20/07/2021,Porto,Cagliari,425,706
20/07/2021,Aeroporto,Olbia,6655,6428
20/07/2021,Aeroporto,Cagliari,6496,5872
20/07/2021,Aeroporto,Alghero,3506,3147
19/07/2021,Porto,Porto Torres,3722,1740
19/07/2021,Porto,Olbia,13096,8414
19/07/2021,Porto,Golfo Aranci,3103,2540
19/07/2021,Porto,Cagliari,311,235
19/07/2021,Aeroporto,Olbia,7836,8458
19/07/2021,Aeroporto,Cagliari,7700,7345
19/07/2021,Aeroporto,Alghero,2008,2201
18/07/2021,Porto,Porto Torres,3544,2342
18/07/2021,Porto,Olbia,10961,9336
18/07/2021,Porto,Golfo Aranci,2844,2123
18/07/2021,Porto,Cagliari,967,342
18/07/2021,Aeroporto,Olbia,163,343
18/07/2021,Aeroporto,Cagliari,9285,9524
18/07/2021,Aeroporto,Alghero,3581,3304
17/07/2021,Porto,Porto Torres,4713,3218
17/07/2021,Porto,Olbia,13427,11477
17/07/2021,Porto,Golfo Aranci,3181,2896
17/07/2021,Porto,Cagliari,883,916
17/07/2021,Aeroporto,Olbia,6230,5228
17/07/2021,Aeroporto,Cagliari,10683,8903
17/07/2021,Aeroporto,Alghero,3634,3082
16/07/2021,Porto,Porto Torres,4182,2360
16/07/2021,Porto,Olbia,12578,9529
16/07/2021,Porto,Golfo Aranci,2724,2221
16/07/2021,Porto,Cagliari,491,542
16/07/2021,Porto,Arbatax,101,48
16/07/2021,Aeroporto,Olbia,11244,7400
16/07/2021,Aeroporto,Cagliari,8189,6649
16/07/2021,Aeroporto,Alghero,2701,1986
15/07/2021,Porto,Porto Torres,1868,1527
15/07/2021,Porto,Olbia,8536,6413
15/07/2021,Porto,Golfo Aranci,2331,1556
15/07/2021,Porto,Cagliari,643,555
15/07/2021,Aeroporto,Olbia,6951,4851
15/07/2021,Aeroporto,Cagliari,7186,5703
15/07/2021,Aeroporto,Alghero,2819,2203
14/07/2021,Porto,Porto Torres,2769,1283
14/07/2021,Porto,Olbia,7785,6068
14/07/2021,Porto,Golfo Aranci,2180,1553
14/07/2021,Porto,Cagliari,389,253
14/07/2021,Aeroporto,Olbia,6831,5502
14/07/2021,Aeroporto,Cagliari,6115,5258
14/07/2021,Aeroporto,Alghero,1664,1409
13/07/2021,Porto,Porto Torres,3420,1552
13/07/2021,Porto,Olbia,8241,5160
13/07/2021,Porto,Golfo Aranci,2000,1188
13/07/2021,Porto,Cagliari,673,508
13/07/2021,Aeroporto,Olbia,5613,5495
13/07/2021,Aeroporto,Cagliari,5289,5008
13/07/2021,Aeroporto,Alghero,3171,2747
12/07/2021,Porto,Porto Torres,3169,1674
12/07/2021,Porto,Olbia,9250,6746
12/07/2021,Porto,Golfo Aranci,2335,1695
12/07/2021,Porto,Cagliari,257,289
12/07/2021,Aeroporto,Olbia,6946,7504
12/07/2021,Aeroporto,Cagliari,7334,7237
12/07/2021,Aeroporto,Alghero,1823,2090
11/07/2021,Porto,Porto Torres,2804,2250
11/07/2021,Porto,Olbia,9003,8037
11/07/2021,Porto,Golfo Aranci,2868,1970
11/07/2021,Porto,Cagliari,951,638
11/07/2021,Aeroporto,Olbia,8145,9499
11/07/2021,Aeroporto,Cagliari,8484,9100
11/07/2021,Aeroporto,Alghero,3332,3185
10/07/2021,Porto,Porto Torres,4536,2449
10/07/2021,Porto,Olbia,11121,10897
10/07/2021,Porto,Golfo Aranci,1619,2754
10/07/2021,Porto,Cagliari,407,490
10/07/2021,Aeroporto,Olbia,12990,10673
10/07/2021,Aeroporto,Cagliari,10034,8049
10/07/2021,Aeroporto,Alghero,3447,2689
09/07/2021,Porto,Porto Torres,3823,1661
09/07/2021,Porto,Olbia,10057,5806
09/07/2021,Porto,Golfo Aranci,2580,1563
09/07/2021,Porto,Cagliari,370,532
09/07/2021,Aeroporto,Olbia,10182,6054
09/07/2021,Aeroporto,Cagliari,8100,6058
09/07/2021,Aeroporto,Alghero,2591,1794
08/07/2021,Porto,Porto Torres,1866,1227
08/07/2021,Porto,Olbia,6760,4902
08/07/2021,Porto,Golfo Aranci,1790,1340
08/07/2021,Porto,Cagliari,364,420
08/07/2021,Aeroporto,Olbia,6533,3800
08/07/2021,Aeroporto,Cagliari,6160,4865
08/07/2021,Aeroporto,Alghero,2510,1808
07/07/2021,Porto,Porto Torres,2620,837
07/07/2021,Porto,Olbia,6665,4119
07/07/2021,Porto,Golfo Aranci,2057,1069
07/07/2021,Porto,Cagliari,338,10
07/07/2021,Aeroporto,Olbia,6120,4437
07/07/2021,Aeroporto,Cagliari,5991,4728
07/07/2021,Aeroporto,Alghero,1672,1319
06/07/2021,Porto,Porto Torres,3693,1113
06/07/2021,Porto,Olbia,8219,3811
06/07/2021,Porto,Golfo Aranci,2077,842
06/07/2021,Porto,Cagliari,714,488
06/07/2021,Aeroporto,Olbia,4217,3610
06/07/2021,Aeroporto,Cagliari,4248,3557
06/07/2021,Aeroporto,Alghero,2259,1876
05/07/2021,Porto,Porto Torres,2774,991
05/07/2021,Porto,Olbia,9536,5328
05/07/2021,Porto,Golfo Aranci,3043,1936
05/07/2021,Porto,Cagliari,378,174
05/07/2021,Aeroporto,Olbia,6480,6444
05/07/2021,Aeroporto,Cagliari,7069,6633
05/07/2021,Aeroporto,Alghero,1812,1730
04/07/2021,Porto,Porto Torres,2841,1671
04/07/2021,Porto,Olbia,9973,6705
04/07/2021,Porto,Golfo Aranci,2316,1335
04/07/2021,Porto,Cagliari,826,585
04/07/2021,Aeroporto,Olbia,7691,8557
04/07/2021,Aeroporto,Cagliari,8736,7499
04/07/2021,Aeroporto,Alghero,3257,2784
03/07/2021,Porto,Porto Torres,4079,2120
03/07/2021,Porto,Olbia,11209,8114
03/07/2021,Porto,Golfo Aranci,3154,2063
03/07/2021,Porto,Cagliari,795,776
03/07/2021,Aeroporto,Olbia,12711,7882
03/07/2021,Aeroporto,Cagliari,9899,7039
03/07/2021,Aeroporto,Alghero,3072,2133
02/07/2021,Porto,Porto Torres,3614,1386
02/07/2021,Porto,Olbia,10009,5238
02/07/2021,Porto,Golfo Aranci,2748,1203
02/07/2021,Porto,Cagliari,354,311
02/07/2021,Aeroporto,Olbia,9217,4448
02/07/2021,Aeroporto,Cagliari,7475,5426
02/07/2021,Aeroporto,Alghero,2389,1512
01/07/2021,Porto,Porto Torres,2266,891
01/07/2021,Porto,Olbia,7823,3941
01/07/2021,Porto,Golfo Aranci,2427,1072
01/07/2021,Porto,Cagliari,307,456
01/07/2021,Aeroporto,Olbia,6267,3259
01/07/2021,Aeroporto,Cagliari,6677,5031
01/07/2021,Aeroporto,Alghero,2798,1963
30/06/2021,Porto,Porto Torres,803,0
30/06/2021,Porto,Olbia,7341,5078
30/06/2021,Porto,Golfo Aranci,920,0
30/06/2021,Porto,Cagliari,383,204
30/06/2021,Aeroporto,Olbia,4748,3955
30/06/2021,Aeroporto,Cagliari,4316,4182
30/06/2021,Aeroporto,Alghero,1356,1360
29/06/2021,Porto,Olbia,5857,5134
29/06/2021,Porto,Cagliari,644,523
29/06/2021,Aeroporto,Olbia,4029,3956
29/06/2021,Aeroporto,Cagliari,4673,5026
29/06/2021,Aeroporto,Alghero,1619,1655
28/06/2021,Porto,Olbia,5366,2494
28/06/2021,Porto,Cagliari,300,279
28/06/2021,Porto,Arbatax,0,88
28/06/2021,Aeroporto,Olbia,5182,5805
28/06/2021,Aeroporto,Cagliari,5949,5734
28/06/2021,Aeroporto,Alghero,1266,1376
27/06/2021,Porto,Porto Torres,2438,0
27/06/2021,Porto,Olbia,7511,6335
27/06/2021,Porto,Golfo Aranci,1960,0
27/06/2021,Porto,Cagliari,885,358
27/06/2021,Aeroporto,Olbia,5620,6107
27/06/2021,Aeroporto,Cagliari,6884,7195
27/06/2021,Aeroporto,Alghero,2283,2305
26/06/2021,Porto,Porto Torres,3509,0
26/06/2021,Porto,Olbia,10050,8192
26/06/2021,Porto,Golfo Aranci,2186,0
26/06/2021,Porto,Cagliari,685,693
26/06/2021,Porto,Arbatax,297,0
26/06/2021,Aeroporto,Olbia,8544,6847
26/06/2021,Aeroporto,Cagliari,7877,6476
26/06/2021,Aeroporto,Alghero,2597,1855
25/06/2021,Porto,Porto Torres,2637,0
25/06/2021,Porto,Olbia,8297,3737
25/06/2021,Porto,Golfo Aranci,1749,0
25/06/2021,Porto,Cagliari,360,279
25/06/2021,Aeroporto,Olbia,6748,4568
25/06/2021,Aeroporto,Cagliari,6493,5238
25/06/2021,Aeroporto,Alghero,1528,1120
24/06/2021,Porto,Porto Torres,1927,854
24/06/2021,Porto,Olbia,6484,1358
24/06/2021,Porto,Golfo Aranci,2081,680
24/06/2021,Porto,Cagliari,402,0
24/06/2021,Porto,Arbatax,197,57
24/06/2021,Aeroporto,Olbia,4509,2562
24/06/2021,Aeroporto,Cagliari,5600,4219
24/06/2021,Aeroporto,Alghero,2346,1518
23/06/2021,Porto,Porto Torres,1137,633
23/06/2021,Porto,Olbia,4965,1990
23/06/2021,Porto,Golfo Aranci,776,450
23/06/2021,Porto,Cagliari,305,266
23/06/2021,Aeroporto,Olbia,3461,2430
23/06/2021,Aeroporto,Cagliari,3898,2983
23/06/2021,Aeroporto,Alghero,1375,1076
22/06/2021,Porto,Porto Torres,2253,823
22/06/2021,Porto,Olbia,5320,2563
22/06/2021,Porto,Golfo Aranci,856,370
22/06/2021,Porto,Cagliari,512,291
22/06/2021,Aeroporto,Olbia,2422,2009
22/06/2021,Aeroporto,Cagliari,4506,3578
22/06/2021,Aeroporto,Alghero,1478,1168
21/06/2021,Porto,Porto Torres,1755,659
21/06/2021,Porto,Olbia,5454,2673
21/06/2021,Porto,Golfo Aranci,1390,661
21/06/2021,Porto,Cagliari,263,138
21/06/2021,Aeroporto,Olbia,4528,4442
21/06/2021,Aeroporto,Cagliari,5393,4794
21/06/2021,Aeroporto,Alghero,1063,1090
20/06/2021,Porto,Porto Torres,1526,802
20/06/2021,Porto,Olbia,7156,0
20/06/2021,Porto,Golfo Aranci,1144,571
20/06/2021,Porto,Cagliari,697,89
20/06/2021,Aeroporto,Olbia,5322,4929
20/06/2021,Aeroporto,Cagliari,6685,5667
20/06/2021,Aeroporto,Alghero,2136,1885
19/06/2021,Porto,Porto Torres,2915,1262
19/06/2021,Porto,Olbia,8556,0
19/06/2021,Porto,Golfo Aranci,2270,1274
19/06/2021,Porto,Cagliari,466,549
19/06/2021,Porto,Arbatax,148,0
19/06/2021,Aeroporto,Olbia,7596,4635
19/06/2021,Aeroporto,Cagliari,7184,5083
19/06/2021,Aeroporto,Alghero,2120,1364
18/06/2021,Porto,Porto Torres,1469,649
18/06/2021,Porto,Olbia,6774,0
18/06/2021,Porto,Golfo Aranci,1501,472
18/06/2021,Porto,Cagliari,248,224
18/06/2021,Aeroporto,Olbia,5593,2849
18/06/2021,Aeroporto,Cagliari,4756,3871
18/06/2021,Aeroporto,Alghero,1268,932
17/06/2021,Porto,Porto Torres,1139,614
17/06/2021,Porto,Olbia,4617,2217
17/06/2021,Porto,Golfo Aranci,1382,468
17/06/2021,Porto,Cagliari,420,370
17/06/2021,Porto,Arbatax,148,0
17/06/2021,Aeroporto,Olbia,3668,1570
17/06/2021,Aeroporto,Cagliari,4589,3329
17/06/2021,Aeroporto,Alghero,1958,1145
16/06/2021,Porto,Porto Torres,1650,559
16/06/2021,Porto,Olbia,3166,1793
16/06/2021,Porto,Golfo Aranci,734,277
16/06/2021,Porto,Cagliari,189,240
16/06/2021,Porto,Arbatax,0,19
16/06/2021,Aeroporto,Olbia,2858,1906
16/06/2021,Aeroporto,Cagliari,3549,2860
16/06/2021,Aeroporto,Alghero,1107,870
15/06/2021,Porto,Porto Torres,1115,353
15/06/2021,Porto,Olbia,3955,1347
15/06/2021,Porto,Golfo Aranci,540,299
15/06/2021,Porto,Cagliari,354,193
15/06/2021,Aeroporto,Olbia,2241,1782
15/06/2021,Aeroporto,Cagliari,3189,2914
15/06/2021,Aeroporto,Alghero,1133,966
14/06/2021,Porto,Porto Torres,1266,604
14/06/2021,Porto,Olbia,4093,2159
14/06/2021,Porto,Golfo Aranci,823,388
14/06/2021,Porto,Cagliari,181,109
14/06/2021,Porto,Arbatax,0,33
14/06/2021,Aeroporto,Olbia,3097,3220
14/06/2021,Aeroporto,Cagliari,4265,4249
14/06/2021,Aeroporto,Alghero,900,1044
13/06/2021,Porto,Porto Torres,1118,661
13/06/2021,Porto,Olbia,5094,2875
13/06/2021,Porto,Golfo Aranci,881,545
13/06/2021,Porto,Cagliari,424,190
13/06/2021,Aeroporto,Olbia,3536,3766
13/06/2021,Aeroporto,Cagliari,5014,5062
13/06/2021,Aeroporto,Alghero,1534,1553
12/06/2021,Porto,Porto Torres,2209,990
12/06/2021,Porto,Olbia,5860,3912
12/06/2021,Porto,Golfo Aranci,1483,753
12/06/2021,Porto,Cagliari,339,381
12/06/2021,Porto,Arbatax,93,0
12/06/2021,Aeroporto,Olbia,5164,3198
12/06/2021,Aeroporto,Cagliari,5014,3896
12/06/2021,Aeroporto,Alghero,1332,935
11/06/2021,Porto,Porto Torres,80,433
11/06/2021,Porto,Olbia,634,1720
11/06/2021,Porto,Golfo Aranci,1,390
11/06/2021,Porto,Cagliari,175,120
11/06/2021,Aeroporto,Olbia,4146,2194
11/06/2021,Aeroporto,Cagliari,4896,3627
11/06/2021,Aeroporto,Alghero,1126,810
10/06/2021,Porto,Porto Torres,837,395
10/06/2021,Porto,Olbia,3467,1555
10/06/2021,Porto,Golfo Aranci,686,327
10/06/2021,Porto,Cagliari,187,244
10/06/2021,Porto,Arbatax,0,44
10/06/2021,Aeroporto,Olbia,2716,1531
10/06/2021,Aeroporto,Cagliari,3365,2638
10/06/2021,Aeroporto,Alghero,1361,917
09/06/2021,Porto,Porto Torres,1115,478
09/06/2021,Porto,Olbia,2254,1418
09/06/2021,Porto,Golfo Aranci,336,241
09/06/2021,Porto,Cagliari,110,90
09/06/2021,Aeroporto,Olbia,1782,1324
09/06/2021,Aeroporto,Cagliari,3128,2583
09/06/2021,Aeroporto,Alghero,865,742
08/06/2021,Porto,Porto Torres,744,313
08/06/2021,Porto,Olbia,2297,1799
08/06/2021,Porto,Golfo Aranci,617,220
08/06/2021,Porto,Cagliari,223,166
08/06/2021,Aeroporto,Olbia,1553,1448
08/06/2021,Aeroporto,Cagliari,2687,2559
08/06/2021,Aeroporto,Alghero,887,954
07/06/2021,Porto,Porto Torres,796,529
07/06/2021,Porto,Olbia,3062,1638
07/06/2021,Porto,Golfo Aranci,546,354
07/06/2021,Porto,Cagliari,375,121
07/06/2021,Porto,Arbatax,0,51
07/06/2021,Aeroporto,Olbia,2163,2953
07/06/2021,Aeroporto,Cagliari,3648,4159
07/06/2021,Aeroporto,Alghero,807,1100
06/06/2021,Porto,Porto Torres,797,690
06/06/2021,Porto,Olbia,3564,4593
06/06/2021,Porto,Golfo Aranci,324,797
06/06/2021,Porto,Cagliari,408,159
06/06/2021,Aeroporto,Olbia,2524,4839
06/06/2021,Aeroporto,Cagliari,4265,5161
06/06/2021,Aeroporto,Alghero,1353,1705
05/06/2021,Porto,Porto Torres,1512,1311
05/06/2021,Porto,Olbia,4022,4613
05/06/2021,Porto,Golfo Aranci,1465,1487
05/06/2021,Porto,Cagliari,181,375
05/06/2021,Porto,Arbatax,86,0
05/06/2021,Aeroporto,Olbia,3733,3297
05/06/2021,Aeroporto,Cagliari,4270,3817
05/06/2021,Aeroporto,Alghero,1020,1033
04/06/2021,Porto,Porto Torres,501,598
04/06/2021,Porto,Olbia,3519,3799
04/06/2021,Porto,Golfo Aranci,632,859
04/06/2021,Porto,Cagliari,158,139
04/06/2021,Aeroporto,Olbia,2698,1747
04/06/2021,Aeroporto,Cagliari,4024,3137
04/06/2021,Aeroporto,Alghero,929,567
03/06/2021,Porto,Porto Torres,871,620
03/06/2021,Porto,Olbia,2762,1977
03/06/2021,Porto,Golfo Aranci,520,483
03/06/2021,Porto,Cagliari,97,201
03/06/2021,Porto,Arbatax,55,55
03/06/2021,Aeroporto,Olbia,2630,1873
03/06/2021,Aeroporto,Cagliari,2734,2464
03/06/2021,Aeroporto,Alghero,1287,864
02/06/2021,Porto,Porto Torres,1303,737
02/06/2021,Porto,Olbia,3651,2781
02/06/2021,Porto,Golfo Aranci,786,529
02/06/2021,Porto,Cagliari,245,325
02/06/2021,Aeroporto,Olbia,3237,2576
02/06/2021,Aeroporto,Cagliari,3770,3534
02/06/2021,Aeroporto,Alghero,1152,728
01/06/2021,Porto,Porto Torres,424,482
01/06/2021,Porto,Olbia,3076,2228
01/06/2021,Porto,Golfo Aranci,486,411
01/06/2021,Porto,Cagliari,271,184
01/06/2021,Aeroporto,Olbia,2337,1290
01/06/2021,Aeroporto,Cagliari,3012,2094
01/06/2021,Aeroporto,Alghero,1182,659
31/05/2021,Porto,Porto Torres,507,261
31/05/2021,Porto,Olbia,2726,1366
31/05/2021,Porto,Golfo Aranci,635,199
31/05/2021,Porto,Cagliari,0,193
31/05/2021,Aeroporto,Olbia,1497,1090
31/05/2021,Aeroporto,Cagliari,2040,1949
31/05/2021,Aeroporto,Alghero,607,582
30/05/2021,Porto,Porto Torres,682,275
30/05/2021,Porto,Olbia,3622,1647
30/05/2021,Porto,Golfo Aranci,595,221
30/05/2021,Porto,Cagliari,443,1
30/05/2021,Porto,Arbatax,0,46
30/05/2021,Aeroporto,Olbia,2253,1726
30/05/2021,Aeroporto,Cagliari,2742,2309
30/05/2021,Aeroporto,Alghero,620,447
29/05/2021,Porto,Porto Torres,2346,1071
29/05/2021,Porto,Olbia,5648,2243
29/05/2021,Porto,Golfo Aranci,868,104
29/05/2021,Porto,Cagliari,302,313
29/05/2021,Porto,Arbatax,162,0
29/05/2021,Aeroporto,Olbia,3581,1756
29/05/2021,Aeroporto,Cagliari,4300,2715
29/05/2021,Aeroporto,Alghero,858,532
28/05/2021,Porto,Porto Torres,383,200
28/05/2021,Porto,Olbia,3179,2007
28/05/2021,Porto,Golfo Aranci,593,52
28/05/2021,Porto,Cagliari,137,206
28/05/2021,Aeroporto,Olbia,3439,1390
28/05/2021,Aeroporto,Cagliari,3702,2908
28/05/2021,Aeroporto,Alghero,918,647
27/05/2021,Porto,Cagliari,177,185
27/05/2021,Aeroporto,Olbia,1522,823
27/05/2021,Aeroporto,Cagliari,1787,1471
27/05/2021,Aeroporto,Alghero,719,483
26/05/2021,Porto,Porto Torres,764,402
26/05/2021,Porto,Olbia,1479,921
26/05/2021,Porto,Golfo Aranci,374,159
26/05/2021,Porto,Cagliari,170,219
26/05/2021,Aeroporto,Olbia,701,536
26/05/2021,Aeroporto,Cagliari,1947,1607
26/05/2021,Aeroporto,Alghero,325,281
25/05/2021,Porto,Olbia,2036,956
25/05/2021,Porto,Golfo Aranci,308,93
25/05/2021,Porto,Cagliari,184,130
25/05/2021,Porto,Arbatax,2,41
25/05/2021,Aeroporto,Olbia,648,559
25/05/2021,Aeroporto,Cagliari,1802,1664
25/05/2021,Aeroporto,Alghero,569,571
24/05/2021,Porto,Porto Torres,383,144
24/05/2021,Porto,Olbia,2603,1244
24/05/2021,Porto,Golfo Aranci,678,176
24/05/2021,Porto,Cagliari,0,113
24/05/2021,Aeroporto,Olbia,1184,1195
24/05/2021,Aeroporto,Cagliari,2233,2176
24/05/2021,Aeroporto,Alghero,590,673
23/05/2021,Porto,Porto Torres,634,328
23/05/2021,Porto,Olbia,3195,1739
23/05/2021,Porto,Golfo Aranci,911,59
23/05/2021,Porto,Cagliari,404,3
23/05/2021,Porto,Arbatax,0,36
23/05/2021,Aeroporto,Olbia,1216,1220
23/05/2021,Aeroporto,Cagliari,2282,2329
23/05/2021,Aeroporto,Alghero,375,358
22/05/2021,Porto,Porto Torres,1400,616
22/05/2021,Porto,Olbia,3262,1820
22/05/2021,Porto,Golfo Aranci,683,59
22/05/2021,Porto,Cagliari,126,172
22/05/2021,Porto,Arbatax,56,0
22/05/2021,Aeroporto,Olbia,1602,665
22/05/2021,Aeroporto,Cagliari,2411,1657
22/05/2021,Aeroporto,Alghero,532,494
21/05/2021,Porto,Porto Torres,257,159
21/05/2021,Porto,Olbia,2142,868
21/05/2021,Porto,Golfo Aranci,410,23
21/05/2021,Porto,Cagliari,157,323
21/05/2021,Aeroporto,Olbia,1576,744
21/05/2021,Aeroporto,Cagliari,2769,2399
21/05/2021,Aeroporto,Alghero,688,595
20/05/2021,Porto,Porto Torres,555,0
20/05/2021,Porto,Olbia,172,0
20/05/2021,Porto,Cagliari,77,0
20/05/2021,Aeroporto,Olbia,1281,785
20/05/2021,Aeroporto,Cagliari,1600,1351
20/05/2021,Aeroporto,Alghero,489,403
19/05/2021,Porto,Porto Torres,610,319
19/05/2021,Porto,Olbia,1182,817
19/05/2021,Porto,Golfo Aranci,336,122
19/05/2021,Porto,Cagliari,189,165
19/05/2021,Aeroporto,Olbia,497,470
19/05/2021,Aeroporto,Cagliari,1765,1652
19/05/2021,Aeroporto,Alghero,306,294
18/05/2021,Porto,Porto Torres,423,132
18/05/2021,Porto,Olbia,1393,779
18/05/2021,Porto,Cagliari,136,73
18/05/2021,Porto,Arbatax,0,16
18/05/2021,Aeroporto,Olbia,467,388
18/05/2021,Aeroporto,Cagliari,1548,1342
18/05/2021,Aeroporto,Alghero,487,474
17/05/2021,Porto,Porto Torres,339,176
17/05/2021,Porto,Olbia,1683,863
17/05/2021,Porto,Golfo Aranci,166,148
17/05/2021,Porto,Cagliari,0,98
17/05/2021,Aeroporto,Olbia,654,603
17/05/2021,Aeroporto,Cagliari,1924,1785
17/05/2021,Aeroporto,Alghero,494,552
16/05/2021,Porto,Porto Torres,569,244
16/05/2021,Porto,Olbia,1117,926
16/05/2021,Porto,Cagliari,361,3
16/05/2021,Aeroporto,Olbia,813,1015
16/05/2021,Aeroporto,Cagliari,1782,1924
16/05/2021,Aeroporto,Alghero,269,266
15/05/2021,Porto,Porto Torres,748,579
15/05/2021,Porto,Olbia,1316,1306
15/05/2021,Porto,Golfo Aranci,315,4
15/05/2021,Porto,Cagliari,97,73
15/05/2021,Porto,Arbatax,57,29
15/05/2021,Aeroporto,Olbia,684,437
15/05/2021,Aeroporto,Cagliari,1345,1195
15/05/2021,Aeroporto,Alghero,574,406
14/05/2021,Porto,Porto Torres,188,221
14/05/2021,Porto,Olbia,1237,1060
14/05/2021,Porto,Cagliari,99,190
14/05/2021,Aeroporto,Olbia,719,569
14/05/2021,Aeroporto,Cagliari,2188,2196
14/05/2021,Aeroporto,Alghero,580,552
13/05/2021,Porto,Porto Torres,336,207
13/05/2021,Porto,Olbia,1134,862
13/05/2021,Porto,Golfo Aranci,5,75
13/05/2021,Porto,Cagliari,65,106
13/05/2021,Porto,Arbatax,41,0
13/05/2021,Aeroporto,Olbia,918,590
13/05/2021,Aeroporto,Cagliari,1130,1145
13/05/2021,Aeroporto,Alghero,398,361
12/05/2021,Porto,Porto Torres,418,270
12/05/2021,Porto,Olbia,857,444
12/05/2021,Porto,Golfo Aranci,145,12
12/05/2021,Porto,Cagliari,279,179
12/05/2021,Aeroporto,Olbia,434,367
12/05/2021,Aeroporto,Cagliari,1465,1345
12/05/2021,Aeroporto,Alghero,261,273
11/05/2021,Porto,Porto Torres,182,121
11/05/2021,Porto,Olbia,870,741
11/05/2021,Porto,Cagliari,142,58
11/05/2021,Aeroporto,Olbia,347,375
11/05/2021,Aeroporto,Cagliari,1215,1102
11/05/2021,Aeroporto,Alghero,402,407
10/05/2021,Porto,Porto Torres,288,213
10/05/2021,Porto,Olbia,935,722
10/05/2021,Porto,Golfo Aranci,222,127
10/05/2021,Porto,Cagliari,0,76
10/05/2021,Aeroporto,Olbia,471,507
10/05/2021,Aeroporto,Cagliari,1470,1604
10/05/2021,Aeroporto,Alghero,447,523
09/05/2021,Porto,Porto Torres,228,124
09/05/2021,Porto,Olbia,841,837
09/05/2021,Porto,Cagliari,267,0
09/05/2021,Porto,Arbatax,0,24
09/05/2021,Aeroporto,Olbia,458,733
09/05/2021,Aeroporto,Cagliari,1576,1714
09/05/2021,Aeroporto,Alghero,266,320
08/05/2021,Porto,Porto Torres,669,445
08/05/2021,Porto,Olbia,1026,821
08/05/2021,Porto,Cagliari,54,0
08/05/2021,Porto,Arbatax,26,0
08/05/2021,Aeroporto,Olbia,559,451
08/05/2021,Aeroporto,Cagliari,1295,1296
08/05/2021,Aeroporto,Alghero,412,442
07/05/2021,Porto,Porto Torres,169,146
07/05/2021,Porto,Olbia,979,969
07/05/2021,Porto,Golfo Aranci,203,19
07/05/2021,Porto,Cagliari,65,0
07/05/2021,Aeroporto,Olbia,637,469
07/05/2021,Aeroporto,Cagliari,2056,1982
07/05/2021,Aeroporto,Alghero,573,493
06/05/2021,Porto,Porto Torres,180,107
06/05/2021,Porto,Olbia,880,703
06/05/2021,Porto,Cagliari,53,80
06/05/2021,Porto,Arbatax,21,0
06/05/2021,Aeroporto,Olbia,607,510
06/05/2021,Aeroporto,Cagliari,914,909
06/05/2021,Aeroporto,Alghero,312,269
05/05/2021,Porto,Porto Torres,405,298
05/05/2021,Porto,Olbia,725,605
05/05/2021,Porto,Golfo Aranci,144,95
05/05/2021,Porto,Cagliari,122,236
05/05/2021,Porto,Arbatax,0,11
05/05/2021,Aeroporto,Olbia,438,317
05/05/2021,Aeroporto,Cagliari,1123,1160
05/05/2021,Aeroporto,Alghero,226,249
04/05/2021,Porto,Porto Torres,156,142
04/05/2021,Porto,Olbia,1012,675
04/05/2021,Porto,Cagliari,137,47
04/05/2021,Aeroporto,Olbia,333,341
04/05/2021,Aeroporto,Cagliari,1013,981
04/05/2021,Aeroporto,Alghero,351,396
03/05/2021,Porto,Porto Torres,246,264
03/05/2021,Porto,Olbia,962,724
03/05/2021,Porto,Golfo Aranci,0,124
03/05/2021,Porto,Cagliari,0,163
03/05/2021,Aeroporto,Olbia,412,393
03/05/2021,Aeroporto,Cagliari,1314,1320
03/05/2021,Aeroporto,Alghero,385,435
02/05/2021,Porto,Porto Torres,143,106
02/05/2021,Porto,Olbia,621,717
02/05/2021,Porto,Cagliari,173,0
02/05/2021,Porto,Arbatax,0,12
02/05/2021,Aeroporto,Olbia,385,542
02/05/2021,Aeroporto,Cagliari,1364,1472
02/05/2021,Aeroporto,Alghero,237,225
01/05/2021,Porto,Porto Torres,463,299
01/05/2021,Porto,Olbia,774,672
01/05/2021,Porto,Golfo Aranci,176,0
01/05/2021,Porto,Cagliari,46,2
01/05/2021,Porto,Arbatax,23,0
01/05/2021,Aeroporto,Olbia,427,339
01/05/2021,Aeroporto,Cagliari,1091,1107
01/05/2021,Aeroporto,Alghero,359,374
30/04/2021,Porto,Porto Torres,135,165
30/04/2021,Porto,Olbia,883,883
30/04/2021,Porto,Cagliari,91,207
30/04/2021,Aeroporto,Olbia,478,469
30/04/2021,Aeroporto,Cagliari,1534,1507
30/04/2021,Aeroporto,Alghero,348,242
29/04/2021,Porto,Porto Torres,139,118
29/04/2021,Porto,Olbia,724,877
29/04/2021,Porto,Cagliari,71,78
29/04/2021,Porto,Arbatax,30,0
29/04/2021,Aeroporto,Olbia,461,382
29/04/2021,Aeroporto,Cagliari,757,792
29/04/2021,Aeroporto,Alghero,304,252
28/04/2021,Porto,Porto Torres,352,253
28/04/2021,Porto,Olbia,604,657
28/04/2021,Porto,Golfo Aranci,103,81
28/04/2021,Porto,Cagliari,94,80
28/04/2021,Aeroporto,Olbia,333,363
28/04/2021,Aeroporto,Cagliari,1048,1136
28/04/2021,Aeroporto,Alghero,129,241
27/04/2021,Porto,Porto Torres,107,133
27/04/2021,Porto,Olbia,730,573
27/04/2021,Porto,Cagliari,96,54
27/04/2021,Porto,Arbatax,0,12
27/04/2021,Aeroporto,Olbia,267,258
27/04/2021,Aeroporto,Cagliari,668,710
27/04/2021,Aeroporto,Alghero,314,387
26/04/2021,Porto,Porto Torres,201,232
26/04/2021,Porto,Olbia,687,683
26/04/2021,Porto,Golfo Aranci,0,113
26/04/2021,Porto,Cagliari,0,145
26/04/2021,Aeroporto,Olbia,326,345
26/04/2021,Aeroporto,Cagliari,989,1118
26/04/2021,Aeroporto,Alghero,179,247
25/04/2021,Porto,Porto Torres,122,122
25/04/2021,Porto,Olbia,466,752
25/04/2021,Porto,Cagliari,155,0
25/04/2021,Porto,Arbatax,0,14
25/04/2021,Aeroporto,Olbia,366,535
25/04/2021,Aeroporto,Cagliari,1096,1262
25/04/2021,Aeroporto,Alghero,206,200
24/04/2021,Porto,Porto Torres,341,351
24/04/2021,Porto,Olbia,721,679
24/04/2021,Porto,Cagliari,62,61
24/04/2021,Porto,Arbatax,22,0
24/04/2021,Aeroporto,Olbia,381,295
24/04/2021,Aeroporto,Cagliari,1240,905
24/04/2021,Aeroporto,Alghero,376,361
23/04/2021,Porto,Porto Torres,103,145
23/04/2021,Porto,Olbia,669,950
23/04/2021,Porto,Golfo Aranci,86,0
23/04/2021,Porto,Cagliari,102,176
23/04/2021,Aeroporto,Olbia,408,416
23/04/2021,Aeroporto,Cagliari,931,1300
23/04/2021,Aeroporto,Alghero,235,190
22/04/2021,Porto,Porto Torres,104,141
22/04/2021,Porto,Olbia,714,611
22/04/2021,Porto,Cagliari,51,84
22/04/2021,Porto,Arbatax,26,0
22/04/2021,Aeroporto,Olbia,314,293
22/04/2021,Aeroporto,Cagliari,712,727
22/04/2021,Aeroporto,Alghero,259,253
21/04/2021,Porto,Porto Torres,266,201
21/04/2021,Porto,Olbia,618,595
21/04/2021,Porto,Golfo Aranci,101,86
21/04/2021,Porto,Cagliari,76,76
21/04/2021,Aeroporto,Olbia,287,322
21/04/2021,Aeroporto,Cagliari,890,1003
21/04/2021,Aeroporto,Alghero,176,167
20/04/2021,Porto,Porto Torres,113,92
20/04/2021,Porto,Olbia,615,507
20/04/2021,Porto,Cagliari,168,59
20/04/2021,Porto,Arbatax,0,11
20/04/2021,Aeroporto,Olbia,267,266
20/04/2021,Aeroporto,Cagliari,744,928
20/04/2021,Aeroporto,Alghero,298,350
19/04/2021,Porto,Porto Torres,145,118
19/04/2021,Porto,Olbia,614,604
19/04/2021,Porto,Golfo Aranci,0,136
19/04/2021,Porto,Cagliari,0,66
19/04/2021,Aeroporto,Olbia,294,273
19/04/2021,Aeroporto,Cagliari,1126,1330
19/04/2021,Aeroporto,Alghero,161,232
18/04/2021,Porto,Porto Torres,115,110
18/04/2021,Porto,Olbia,415,640
18/04/2021,Porto,Cagliari,172,0
18/04/2021,Aeroporto,Olbia,256,435
18/04/2021,Aeroporto,Cagliari,1058,1750
18/04/2021,Aeroporto,Alghero,382,395
17/04/2021,Porto,Porto Torres,338,401
17/04/2021,Porto,Olbia,636,867
17/04/2021,Aeroporto,Olbia,209,404
17/04/2021,Aeroporto,Cagliari,941,975
17/04/2021,Aeroporto,Alghero,222,0
16/04/2021,Porto,Porto Torres,124,145
16/04/2021,Porto,Olbia,623,962
16/04/2021,Porto,Golfo Aranci,120,0
16/04/2021,Porto,Cagliari,79,151
16/04/2021,Aeroporto,Olbia,329,354
16/04/2021,Aeroporto,Cagliari,1411,1628
16/04/2021,Aeroporto,Alghero,263,383
15/04/2021,Aeroporto,Olbia,310,335
15/04/2021,Aeroporto,Cagliari,780,906
15/04/2021,Aeroporto,Alghero,264,376
14/04/2021,Porto,Porto Torres,256,301
14/04/2021,Porto,Olbia,513,589
14/04/2021,Porto,Golfo Aranci,77,93
14/04/2021,Porto,Cagliari,108,73
14/04/2021,Aeroporto,Olbia,266,360
14/04/2021,Aeroporto,Cagliari,910,1234
14/04/2021,Aeroporto,Alghero,197,207
13/04/2021,Porto,Porto Torres,88,122
13/04/2021,Porto,Olbia,551,586
13/04/2021,Porto,Cagliari,74,1
13/04/2021,Aeroporto,Olbia,297,308
13/04/2021,Aeroporto,Cagliari,776,1028
13/04/2021,Aeroporto,Alghero,248,452
12/04/2021,Porto,Porto Torres,108,148
12/04/2021,Porto,Olbia,677,719
12/04/2021,Porto,Golfo Aranci,92,122
12/04/2021,Porto,Cagliari,1,62
12/04/2021,Aeroporto,Olbia,290,494
12/04/2021,Aeroporto,Cagliari,1137,1668
12/04/2021,Aeroporto,Alghero,184,276
11/04/2021,Porto,Porto Torres,145,211
11/04/2021,Porto,Olbia,607,996
11/04/2021,Porto,Cagliari,374,0
11/04/2021,Aeroporto,Olbia,272,795
11/04/2021,Aeroporto,Cagliari,1131,2067
11/04/2021,Aeroporto,Alghero,284,519
10/04/2021,Porto,Porto Torres,507,681
10/04/2021,Porto,Olbia,642,1183
10/04/2021,Porto,Golfo Aranci,117,262
10/04/2021,Porto,Cagliari,50,62
10/04/2021,Porto,Arbatax,34,0
10/04/2021,Aeroporto,Olbia,295,516
10/04/2021,Aeroporto,Cagliari,1006,1278
10/04/2021,Aeroporto,Alghero,362,457
09/04/2021,Porto,Porto Torres,130,175
09/04/2021,Porto,Olbia,703,998
09/04/2021,Porto,Golfo Aranci,175,140
09/04/2021,Porto,Cagliari,206,131
09/04/2021,Aeroporto,Olbia,472,477
09/04/2021,Aeroporto,Cagliari,1515,1616
09/04/2021,Aeroporto,Alghero,302,410
08/04/2021,Porto,Porto Torres,177,134
08/04/2021,Porto,Olbia,894,432
08/04/2021,Porto,Cagliari,35,39
08/04/2021,Porto,Arbatax,14,0
08/04/2021,Aeroporto,Olbia,346,437
08/04/2021,Aeroporto,Cagliari,861,938
08/04/2021,Aeroporto,Alghero,326,390
07/04/2021,Porto,Porto Torres,384,354
07/04/2021,Porto,Olbia,833,626
07/04/2021,Porto,Golfo Aranci,128,0
07/04/2021,Porto,Cagliari,86,60
07/04/2021,Porto,Arbatax,0,30
07/04/2021,Aeroporto,Olbia,314,474
07/04/2021,Aeroporto,Cagliari,1108,1537
07/04/2021,Aeroporto,Alghero,217,433
06/04/2021,Porto,Porto Torres,63,308
06/04/2021,Porto,Olbia,372,1229
06/04/2021,Porto,Cagliari,40,34
06/04/2021,Aeroporto,Olbia,487,798
06/04/2021,Aeroporto,Cagliari,886,1914
06/04/2021,Aeroporto,Alghero,338,775
05/04/2021,Porto,Porto Torres,18,186
05/04/2021,Porto,Olbia,123,967
05/04/2021,Porto,Golfo Aranci,40,235
05/04/2021,Porto,Cagliari,0,28
05/04/2021,Aeroporto,Olbia,180,402
05/04/2021,Aeroporto,Cagliari,629,1384
05/04/2021,Aeroporto,Alghero,129,285
04/04/2021,Porto,Porto Torres,72,105
04/04/2021,Porto,Olbia,223,342
04/04/2021,Porto,Cagliari,59,0
04/04/2021,Porto,Arbatax,0,7
04/04/2021,Aeroporto,Olbia,65,107
04/04/2021,Aeroporto,Cagliari,441,429
04/04/2021,Aeroporto,Alghero,111,108
03/04/2021,Porto,Porto Torres,623,259
03/04/2021,Porto,Olbia,779,208
03/04/2021,Porto,Cagliari,19,32
03/04/2021,Porto,Arbatax,13,0
03/04/2021,Aeroporto,Olbia,288,191
03/04/2021,Aeroporto,Cagliari,933,530
03/04/2021,Aeroporto,Alghero,332,215
02/04/2021,Porto,Porto Torres,231,113
02/04/2021,Porto,Olbia,1014,703
02/04/2021,Porto,Golfo Aranci,187,85
02/04/2021,Porto,Cagliari,42,271
02/04/2021,Aeroporto,Olbia,748,425
02/04/2021,Aeroporto,Cagliari,2287,1385
02/04/2021,Aeroporto,Alghero,554,250
01/04/2021,Porto,Porto Torres,269,139
01/04/2021,Porto,Olbia,1099,786
01/04/2021,Porto,Golfo Aranci,218,14
01/04/2021,Porto,Cagliari,51,63
01/04/2021,Porto,Arbatax,45,0
01/04/2021,Aeroporto,Olbia,605,292
01/04/2021,Aeroporto,Cagliari,1489,886
01/04/2021,Aeroporto,Alghero,703,307
31/03/2021,Porto,Porto Torres,397,227
31/03/2021,Porto,Olbia,731,773
31/03/2021,Porto,Golfo Aranci,152,6
31/03/2021,Porto,Cagliari,93,192
31/03/2021,Porto,Arbatax,0,14
31/03/2021,Aeroporto,Cagliari,1513,1013
31/03/2021,Aeroporto,Alghero,403,188
30/03/2021,Porto,Porto Torres,110,110
30/03/2021,Porto,Olbia,614,533
30/03/2021,Porto,Cagliari,68,55
30/03/2021,Aeroporto,Olbia,314,195
30/03/2021,Aeroporto,Cagliari,947,647
30/03/2021,Aeroporto,Alghero,463,283
29/03/2021,Porto,Porto Torres,268,271
29/03/2021,Porto,Olbia,631,572
29/03/2021,Porto,Golfo Aranci,0,172
29/03/2021,Porto,Cagliari,0,87
29/03/2021,Aeroporto,Olbia,356,275
29/03/2021,Aeroporto,Cagliari,1250,978
29/03/2021,Aeroporto,Alghero,219,220
28/03/2021,Porto,Porto Torres,204,104
28/03/2021,Porto,Olbia,627,635
28/03/2021,Porto,Golfo Aranci,170,0
28/03/2021,Porto,Cagliari,166,0
28/03/2021,Porto,Arbatax,0,20
28/03/2021,Aeroporto,Olbia,296,269
28/03/2021,Aeroporto,Cagliari,1460,1427
28/03/2021,Aeroporto,Alghero,294,259
27/03/2021,Porto,Porto Torres,553,391
27/03/2021,Porto,Olbia,827,667
27/03/2021,Porto,Golfo Aranci,171,13
27/03/2021,Porto,Cagliari,52,46
27/03/2021,Porto,Arbatax,31,0
27/03/2021,Aeroporto,Olbia,475,328
27/03/2021,Aeroporto,Cagliari,1142,805
27/03/2021,Aeroporto,Alghero,244,214
26/03/2021,Porto,Porto Torres,154,127
26/03/2021,Porto,Olbia,457,817
26/03/2021,Porto,Golfo Aranci,1,1
26/03/2021,Porto,Cagliari,67,254
26/03/2021,Aeroporto,Olbia,481,364
26/03/2021,Aeroporto,Cagliari,948,881
26/03/2021,Aeroporto,Alghero,339,185
25/03/2021,Porto,Porto Torres,136,134
25/03/2021,Porto,Olbia,686,601
25/03/2021,Porto,Cagliari,42,66
25/03/2021,Porto,Arbatax,20,0
25/03/2021,Aeroporto,Olbia,303,285
25/03/2021,Aeroporto,Cagliari,879,812
25/03/2021,Aeroporto,Alghero,244,199
24/03/2021,Porto,Porto Torres,353,222
24/03/2021,Porto,Olbia,605,429
24/03/2021,Porto,Golfo Aranci,98,69
24/03/2021,Porto,Cagliari,86,81
24/03/2021,Aeroporto,Olbia,281,238
24/03/2021,Aeroporto,Cagliari,934,736
24/03/2021,Aeroporto,Alghero,201,181
23/03/2021,Porto,Porto Torres,141,112
23/03/2021,Porto,Olbia,648,563
23/03/2021,Porto,Cagliari,91,66
23/03/2021,Porto,Arbatax,0,4
23/03/2021,Aeroporto,Olbia,260,255
23/03/2021,Aeroporto,Cagliari,803,701
23/03/2021,Aeroporto,Alghero,197,177
22/03/2021,Porto,Porto Torres,133,167
22/03/2021,Porto,Olbia,680,568
22/03/2021,Porto,Golfo Aranci,98,105
22/03/2021,Porto,Cagliari,0,111
22/03/2021,Aeroporto,Olbia,315,230
22/03/2021,Aeroporto,Cagliari,817,723
22/03/2021,Aeroporto,Alghero,209,227
21/03/2021,Porto,Cagliari,150,0
21/03/2021,Aeroporto,Olbia,243,375
21/03/2021,Aeroporto,Cagliari,891,1069
21/03/2021,Aeroporto,Alghero,166,260
20/03/2021,Porto,Cagliari,45,22
20/03/2021,Aeroporto,Olbia,333,214
20/03/2021,Aeroporto,Cagliari,1136,838
20/03/2021,Aeroporto,Alghero,288,135
19/03/2021,Porto,Golfo Aranci,112,74
19/03/2021,Porto,Cagliari,63,197
19/03/2021,Aeroporto,Olbia,360,338
19/03/2021,Aeroporto,Cagliari,967,966
19/03/2021,Aeroporto,Alghero,295,226
18/03/2021,Porto,Porto Torres,141,140
18/03/2021,Porto,Olbia,737,597
18/03/2021,Porto,Cagliari,57,70
18/03/2021,Aeroporto,Olbia,339,265
18/03/2021,Aeroporto,Cagliari,962,733
18/03/2021,Aeroporto,Alghero,219,163
17/03/2021,Porto,Porto Torres,370,202
17/03/2021,Porto,Olbia,579,535
17/03/2021,Porto,Golfo Aranci,113,57
17/03/2021,Porto,Cagliari,86,130
17/03/2021,Aeroporto,Olbia,339,282
17/03/2021,Aeroporto,Cagliari,932,802
17/03/2021,Aeroporto,Alghero,223,193
16/03/2021,Porto,Porto Torres,139,83
16/03/2021,Porto,Olbia,701,508
16/03/2021,Porto,Cagliari,57,43
16/03/2021,Aeroporto,Olbia,282,198
16/03/2021,Aeroporto,Cagliari,918,641
16/03/2021,Aeroporto,Alghero,172,158
15/03/2021,Porto,Porto Torres,346,252
15/03/2021,Porto,Olbia,936,550
15/03/2021,Porto,Cagliari,1,100
15/03/2021,Aeroporto,Olbia,340,277
15/03/2021,Aeroporto,Cagliari,920,825
15/03/2021,Aeroporto,Alghero,232,270
14/03/2021,Porto,Olbia,807,678
14/03/2021,Porto,Cagliari,190,0
14/03/2021,Aeroporto,Olbia,416,414
14/03/2021,Aeroporto,Cagliari,1059,1150
14/03/2021,Aeroporto,Alghero,273,249
13/03/2021,Porto,Porto Torres,456,330
13/03/2021,Porto,Olbia,776,537
13/03/2021,Porto,Cagliari,37,38
13/03/2021,Porto,Arbatax,26,12
13/03/2021,Aeroporto,Olbia,308,218
13/03/2021,Aeroporto,Cagliari,1199,1075
13/03/2021,Aeroporto,Alghero,177,182
12/03/2021,Porto,Porto Torres,171,126
12/03/2021,Porto,Olbia,820,650
12/03/2021,Porto,Cagliari,85,180
12/03/2021,Aeroporto,Olbia,431,385
12/03/2021,Aeroporto,Cagliari,1053,1105
12/03/2021,Aeroporto,Alghero,304,239
11/03/2021,Porto,Porto Torres,160,80
11/03/2021,Porto,Olbia,742,643
11/03/2021,Porto,Cagliari,37,58
11/03/2021,Porto,Arbatax,15,0
11/03/2021,Aeroporto,Olbia,391,328
11/03/2021,Aeroporto,Cagliari,950,832
11/03/2021,Aeroporto,Alghero,244,188
10/03/2021,Porto,Porto Torres,321,239
10/03/2021,Porto,Olbia,630,521
10/03/2021,Porto,Cagliari,115,62
10/03/2021,Porto,Arbatax,0,10
10/03/2021,Aeroporto,Olbia,402,275
10/03/2021,Aeroporto,Cagliari,971,907
10/03/2021,Aeroporto,Alghero,227,185
09/03/2021,Porto,Porto Torres,123,107
09/03/2021,Porto,Olbia,834,499
09/03/2021,Porto,Cagliari,122,73
09/03/2021,Aeroporto,Olbia,265,308
09/03/2021,Aeroporto,Cagliari,834,866
09/03/2021,Aeroporto,Alghero,204,207
08/03/2021,Porto,Porto Torres,146,157
08/03/2021,Porto,Olbia,739,618
08/03/2021,Porto,Golfo Aranci,91,125
08/03/2021,Porto,Cagliari,0,96
08/03/2021,Aeroporto,Olbia,310,304
08/03/2021,Aeroporto,Cagliari,885,894
08/03/2021,Aeroporto,Alghero,213,282
07/03/2021,Porto,Porto Torres,256,218
07/03/2021,Porto,Olbia,809,902
07/03/2021,Porto,Cagliari,71,0
07/03/2021,Porto,Arbatax,0,19
07/03/2021,Aeroporto,Olbia,325,433
07/03/2021,Aeroporto,Cagliari,1023,1152
07/03/2021,Aeroporto,Alghero,318,278
06/03/2021,Porto,Porto Torres,493,367
06/03/2021,Porto,Olbia,885,610
06/03/2021,Porto,Cagliari,38,81
06/03/2021,Porto,Arbatax,35,0
06/03/2021,Aeroporto,Olbia,324,316
06/03/2021,Aeroporto,Cagliari,1121,992
06/03/2021,Aeroporto,Alghero,226,211
05/03/2021,Porto,Porto Torres,215,122
05/03/2021,Porto,Olbia,843,823
05/03/2021,Porto,Golfo Aranci,167,58
05/03/2021,Porto,Cagliari,88,165
05/03/2021,Aeroporto,Olbia,364,380
05/03/2021,Aeroporto,Cagliari,1286,1240
05/03/2021,Aeroporto,Alghero,349,267
04/03/2021,Porto,Porto Torres,141,115
04/03/2021,Porto,Olbia,723,24
04/03/2021,Porto,Cagliari,36,46
04/03/2021,Porto,Arbatax,15,0
04/03/2021,Aeroporto,Olbia,454,340
04/03/2021,Aeroporto,Cagliari,1123,987
04/03/2021,Aeroporto,Alghero,303,255
03/03/2021,Porto,Porto Torres,312,297
03/03/2021,Porto,Olbia,639,546
03/03/2021,Porto,Golfo Aranci,69,72
03/03/2021,Porto,Cagliari,98,77
03/03/2021,Porto,Arbatax,0,5
03/03/2021,Aeroporto,Olbia,371,332
03/03/2021,Aeroporto,Cagliari,967,961
03/03/2021,Aeroporto,Alghero,243,262
02/03/2021,Porto,Porto Torres,141,120
02/03/2021,Porto,Olbia,537,47
02/03/2021,Porto,Cagliari,43,38
02/03/2021,Aeroporto,Olbia,306,306
02/03/2021,Aeroporto,Cagliari,980,877
02/03/2021,Aeroporto,Alghero,207,214
01/03/2021,Porto,Porto Torres,344,285
01/03/2021,Porto,Olbia,732,631
01/03/2021,Porto,Golfo Aranci,92,99
01/03/2021,Porto,Cagliari,1,66
01/03/2021,Aeroporto,Olbia,382,354
01/03/2021,Aeroporto,Cagliari,885,1059
01/03/2021,Aeroporto,Alghero,281,64
28/02/2021,Porto,Porto Torres,188,190
28/02/2021,Porto,Olbia,662,907
28/02/2021,Porto,Cagliari,95,1
28/02/2021,Porto,Arbatax,0,24
28/02/2021,Aeroporto,Olbia,380,453
28/02/2021,Aeroporto,Cagliari,944,1225
28/02/2021,Aeroporto,Alghero,219,334
27/02/2021,Porto,Porto Torres,468,365
27/02/2021,Porto,Olbia,859,936
27/02/2021,Porto,Cagliari,108,105
27/02/2021,Porto,Arbatax,41,0
27/02/2021,Aeroporto,Olbia,248,315
27/02/2021,Aeroporto,Cagliari,1059,1086
27/02/2021,Aeroporto,Alghero,293,269
26/02/2021,Porto,Porto Torres,162,164
26/02/2021,Porto,Olbia,806,614
26/02/2021,Porto,Golfo Aranci,119,111
26/02/2021,Porto,Cagliari,91,158
26/02/2021,Aeroporto,Olbia,463,469
26/02/2021,Aeroporto,Cagliari,1078,1109
26/02/2021,Aeroporto,Alghero,355,294
25/02/2021,Porto,Porto Torres,184,165
25/02/2021,Porto,Olbia,748,699
25/02/2021,Porto,Cagliari,523,119
25/02/2021,Porto,Arbatax,28,0
25/02/2021,Aeroporto,Olbia,344,343
25/02/2021,Aeroporto,Cagliari,926,1074
25/02/2021,Aeroporto,Alghero,255,234
24/02/2021,Porto,Porto Torres,289,264
24/02/2021,Porto,Olbia,649,570
24/02/2021,Porto,Golfo Aranci,110,61
24/02/2021,Porto,Cagliari,118,134
24/02/2021,Porto,Arbatax,0,9
24/02/2021,Aeroporto,Olbia,350,352
24/02/2021,Aeroporto,Cagliari,1095,1023
24/02/2021,Aeroporto,Alghero,257,231
23/02/2021,Porto,Porto Torres,155,165
23/02/2021,Porto,Olbia,657,547
23/02/2021,Porto,Cagliari,134,79
23/02/2021,Aeroporto,Olbia,335,298
23/02/2021,Aeroporto,Cagliari,886,871
23/02/2021,Aeroporto,Alghero,242,217
22/02/2021,Porto,Porto Torres,187,150
22/02/2021,Porto,Olbia,797,662
22/02/2021,Porto,Golfo Aranci,160,111
22/02/2021,Porto,Cagliari,0,93
22/02/2021,Aeroporto,Olbia,389,400
22/02/2021,Aeroporto,Cagliari,1118,997
22/02/2021,Aeroporto,Alghero,210,331
21/02/2021,Porto,Porto Torres,232,208
21/02/2021,Porto,Olbia,558,677
21/02/2021,Porto,Cagliari,241,0
21/02/2021,Porto,Arbatax,0,28
21/02/2021,Aeroporto,Olbia,344,463
21/02/2021,Aeroporto,Cagliari,923,1253
21/02/2021,Aeroporto,Alghero,223,308
20/02/2021,Porto,Porto Torres,342,264
20/02/2021,Porto,Olbia,762,844
20/02/2021,Porto,Cagliari,47,116
20/02/2021,Porto,Arbatax,21,0
20/02/2021,Aeroporto,Olbia,285,369
20/02/2021,Aeroporto,Cagliari,1064,1163
20/02/2021,Aeroporto,Alghero,308,236
19/02/2021,Porto,Porto Torres,207,232
19/02/2021,Porto,Olbia,817,710
19/02/2021,Porto,Golfo Aranci,124,125
19/02/2021,Porto,Cagliari,69,75
19/02/2021,Aeroporto,Olbia,418,426
19/02/2021,Aeroporto,Cagliari,1043,1090
19/02/2021,Aeroporto,Alghero,353,284
18/02/2021,Porto,Porto Torres,211,101
18/02/2021,Porto,Olbia,765,701
18/02/2021,Porto,Cagliari,56,79
18/02/2021,Porto,Arbatax,24,0
18/02/2021,Aeroporto,Olbia,418,327
18/02/2021,Aeroporto,Cagliari,1178,1031
18/02/2021,Aeroporto,Alghero,315,280
17/02/2021,Porto,Porto Torres,229,278
17/02/2021,Porto,Olbia,593,415
17/02/2021,Porto,Golfo Aranci,88,84
17/02/2021,Porto,Cagliari,101,83
17/02/2021,Porto,Arbatax,0,15
17/02/2021,Aeroporto,Olbia,367,347
17/02/2021,Aeroporto,Cagliari,1087,1070
17/02/2021,Aeroporto,Alghero,247,237
16/02/2021,Porto,Porto Torres,142,174
16/02/2021,Porto,Olbia,786,549
16/02/2021,Porto,Cagliari,109,59
16/02/2021,Aeroporto,Olbia,399,340
16/02/2021,Aeroporto,Cagliari,975,995
16/02/2021,Aeroporto,Alghero,251,263
15/02/2021,Porto,Porto Torres,290,270
15/02/2021,Porto,Olbia,645,680
15/02/2021,Porto,Golfo Aranci,94,118
15/02/2021,Porto,Cagliari,162,173
15/02/2021,Aeroporto,Olbia,376,313
15/02/2021,Aeroporto,Cagliari,978,954
15/02/2021,Aeroporto,Alghero,270,302
14/02/2021,Porto,Porto Torres,181,179
14/02/2021,Porto,Olbia,539,622
14/02/2021,Porto,Cagliari,2,0
14/02/2021,Aeroporto,Olbia,308,397
14/02/2021,Aeroporto,Cagliari,834,1149
14/02/2021,Aeroporto,Alghero,209,240
13/02/2021,Porto,Porto Torres,358,231
13/02/2021,Porto,Olbia,732,731
13/02/2021,Porto,Cagliari,43,68
13/02/2021,Porto,Arbatax,33,0
13/02/2021,Aeroporto,Olbia,322,309
13/02/2021,Aeroporto,Cagliari,1154,1100
13/02/2021,Aeroporto,Alghero,194,210
12/02/2021,Porto,Porto Torres,144,174
12/02/2021,Porto,Olbia,697,552
12/02/2021,Porto,Golfo Aranci,105,82
12/02/2021,Porto,Cagliari,108,177
12/02/2021,Aeroporto,Olbia,434,391
12/02/2021,Aeroporto,Cagliari,1043,1002
12/02/2021,Aeroporto,Alghero,323,295
11/02/2021,Porto,Porto Torres,140,126
11/02/2021,Porto,Olbia,684,700
11/02/2021,Porto,Cagliari,67,77
11/02/2021,Porto,Arbatax,17,0
11/02/2021,Aeroporto,Olbia,311,384
11/02/2021,Aeroporto,Cagliari,998,940
11/02/2021,Aeroporto,Alghero,218,209
10/02/2021,Porto,Porto Torres,274,194
10/02/2021,Porto,Olbia,507,432
10/02/2021,Porto,Golfo Aranci,87,63
10/02/2021,Porto,Cagliari,139,100
10/02/2021,Aeroporto,Olbia,271,299
10/02/2021,Aeroporto,Cagliari,887,919
10/02/2021,Aeroporto,Alghero,204,210
09/02/2021,Porto,Porto Torres,143,126
09/02/2021,Porto,Olbia,707,531
09/02/2021,Porto,Cagliari,0,6
09/02/2021,Aeroporto,Olbia,267,272
09/02/2021,Aeroporto,Cagliari,926,822
09/02/2021,Aeroporto,Alghero,213,232
08/02/2021,Porto,Porto Torres,121,126
08/02/2021,Porto,Olbia,549,528
08/02/2021,Porto,Golfo Aranci,105,82
08/02/2021,Porto,Cagliari,0,78
08/02/2021,Aeroporto,Olbia,304,265
08/02/2021,Aeroporto,Cagliari,1064,828
08/02/2021,Aeroporto,Alghero,223,263
07/02/2021,Porto,Porto Torres,146,132
07/02/2021,Porto,Olbia,414,524
07/02/2021,Porto,Cagliari,120,0
07/02/2021,Porto,Arbatax,0,17
07/02/2021,Aeroporto,Olbia,254,329
07/02/2021,Aeroporto,Cagliari,748,964
07/02/2021,Aeroporto,Alghero,184,258
06/02/2021,Porto,Porto Torres,301,305
06/02/2021,Porto,Olbia,640,493
06/02/2021,Porto,Cagliari,58,57
06/02/2021,Porto,Arbatax,19,0
06/02/2021,Aeroporto,Olbia,177,259
06/02/2021,Aeroporto,Cagliari,865,1027
06/02/2021,Aeroporto,Alghero,254,141
05/02/2021,Porto,Porto Torres,127,116
05/02/2021,Porto,Olbia,594,777
05/02/2021,Porto,Golfo Aranci,104,85
05/02/2021,Porto,Cagliari,179,132
05/02/2021,Aeroporto,Olbia,321,371
05/02/2021,Aeroporto,Cagliari,862,888
05/02/2021,Aeroporto,Alghero,278,235
04/02/2021,Porto,Porto Torres,116,117
04/02/2021,Porto,Olbia,613,465
04/02/2021,Porto,Cagliari,47,93
04/02/2021,Porto,Arbatax,24,0
04/02/2021,Aeroporto,Olbia,288,282
04/02/2021,Aeroporto,Cagliari,770,795
04/02/2021,Aeroporto,Alghero,228,175
03/02/2021,Porto,Porto Torres,203,209
03/02/2021,Porto,Olbia,489,442
03/02/2021,Porto,Golfo Aranci,79,65
03/02/2021,Porto,Cagliari,113,89
03/02/2021,Porto,Arbatax,0,7
03/02/2021,Aeroporto,Olbia,264,288
03/02/2021,Aeroporto,Cagliari,774,864
03/02/2021,Aeroporto,Alghero,203,237
02/02/2021,Porto,Porto Torres,116,117
02/02/2021,Porto,Olbia,636,445
02/02/2021,Porto,Cagliari,89,57
02/02/2021,Aeroporto,Olbia,210,232
02/02/2021,Aeroporto,Cagliari,710,719
02/02/2021,Aeroporto,Alghero,211,210
01/02/2021,Porto,Porto Torres,219,269
01/02/2021,Porto,Olbia,484,502
01/02/2021,Porto,Golfo Aranci,78,92
01/02/2021,Porto,Cagliari,2,71
01/02/2021,Aeroporto,Olbia,257,282
01/02/2021,Aeroporto,Cagliari,859,751
01/02/2021,Aeroporto,Alghero,231,240
31/01/2021,Porto,Porto Torres,58,0
31/01/2021,Porto,Olbia,390,520
31/01/2021,Porto,Golfo Aranci,79,0
31/01/2021,Porto,Cagliari,136,0
31/01/2021,Porto,Arbatax,0,23
31/01/2021,Aeroporto,Olbia,210,344
31/01/2021,Aeroporto,Cagliari,866,1164
31/01/2021,Aeroporto,Alghero,210,213
30/01/2021,Porto,Porto Torres,294,287
30/01/2021,Porto,Olbia,635,296
30/01/2021,Porto,Cagliari,55,43
30/01/2021,Porto,Arbatax,30,0
30/01/2021,Aeroporto,Olbia,279,301
30/01/2021,Aeroporto,Cagliari,909,995
30/01/2021,Aeroporto,Alghero,141,229
29/01/2021,Porto,Porto Torres,105,128
29/01/2021,Porto,Olbia,637,326
29/01/2021,Porto,Golfo Aranci,110,76
29/01/2021,Porto,Cagliari,1042,116
29/01/2021,Aeroporto,Olbia,283,232
29/01/2021,Aeroporto,Cagliari,856,868
29/01/2021,Aeroporto,Alghero,270,218
28/01/2021,Porto,Porto Torres,147,117
28/01/2021,Porto,Olbia,600,582
28/01/2021,Porto,Golfo Aranci,112,0
28/01/2021,Porto,Cagliari,51,68
28/01/2021,Porto,Arbatax,17,0
28/01/2021,Aeroporto,Olbia,292,314
28/01/2021,Aeroporto,Cagliari,888,846
28/01/2021,Aeroporto,Alghero,214,186
27/01/2021,Porto,Porto Torres,222,265
27/01/2021,Porto,Olbia,514,461
27/01/2021,Porto,Golfo Aranci,71,84
27/01/2021,Porto,Cagliari,117,85
27/01/2021,Porto,Arbatax,0,17
27/01/2021,Aeroporto,Olbia,276,266
27/01/2021,Aeroporto,Cagliari,779,809
27/01/2021,Aeroporto,Alghero,181,226
26/01/2021,Porto,Porto Torres,136,187
26/01/2021,Porto,Olbia,673,492
26/01/2021,Porto,Golfo Aranci,71,0
26/01/2021,Porto,Cagliari,100,59
26/01/2021,Aeroporto,Olbia,249,228
26/01/2021,Aeroporto,Cagliari,689,742
26/01/2021,Aeroporto,Alghero,212,199
25/01/2021,Porto,Olbia,623,549
25/01/2021,Porto,Golfo Aranci,110,81
25/01/2021,Porto,Cagliari,0,84
25/01/2021,Aeroporto,Olbia,261,255
25/01/2021,Aeroporto,Cagliari,761,711
25/01/2021,Aeroporto,Alghero,195,229
24/01/2021,Porto,Olbia,586,604
24/01/2021,Porto,Golfo Aranci,111,0
24/01/2021,Porto,Cagliari,140,0
24/01/2021,Porto,Arbatax,0,22
24/01/2021,Aeroporto,Olbia,296,329
24/01/2021,Aeroporto,Cagliari,844,1107
24/01/2021,Aeroporto,Alghero,179,185
23/01/2021,Porto,Olbia,623,554
23/01/2021,Porto,Cagliari,35,52
23/01/2021,Porto,Arbatax,25,0
23/01/2021,Aeroporto,Olbia,201,237
23/01/2021,Aeroporto,Cagliari,863,756
23/01/2021,Aeroporto,Alghero,153,149
22/01/2021,Porto,Porto Torres,110,113
22/01/2021,Porto,Olbia,582,559
22/01/2021,Porto,Golfo Aranci,78,56
22/01/2021,Porto,Cagliari,120,75
22/01/2021,Aeroporto,Olbia,322,350
22/01/2021,Aeroporto,Cagliari,958,946
22/01/2021,Aeroporto,Alghero,212,176
21/01/2021,Porto,Porto Torres,128,102
21/01/2021,Porto,Olbia,584,569
21/01/2021,Porto,Golfo Aranci,78,0
21/01/2021,Porto,Cagliari,78,79
21/01/2021,Porto,Arbatax,19,0
21/01/2021,Aeroporto,Olbia,229,254
21/01/2021,Aeroporto,Cagliari,718,718
21/01/2021,Aeroporto,Alghero,199,156
20/01/2021,Porto,Porto Torres,272,172
20/01/2021,Porto,Olbia,492,405
20/01/2021,Porto,Golfo Aranci,60,79
20/01/2021,Porto,Cagliari,96,100
20/01/2021,Porto,Arbatax,0,8
20/01/2021,Aeroporto,Olbia,216,237
20/01/2021,Aeroporto,Cagliari,655,679
20/01/2021,Aeroporto,Alghero,158,151
19/01/2021,Porto,Porto Torres,137,107
19/01/2021,Porto,Olbia,625,388
19/01/2021,Porto,Golfo Aranci,61,0
19/01/2021,Porto,Cagliari,109,62
19/01/2021,Aeroporto,Olbia,226,227
19/01/2021,Aeroporto,Cagliari,653,859
19/01/2021,Aeroporto,Alghero,213,203
18/01/2021,Porto,Porto Torres,101,138
18/01/2021,Porto,Olbia,410,544
18/01/2021,Porto,Golfo Aranci,63,70
18/01/2021,Porto,Cagliari,0,89
18/01/2021,Aeroporto,Olbia,275,187
18/01/2021,Aeroporto,Cagliari,961,833
18/01/2021,Aeroporto,Alghero,225,344
17/01/2021,Porto,Porto Torres,91,112
17/01/2021,Porto,Olbia,350,448
17/01/2021,Porto,Golfo Aranci,63,0
17/01/2021,Porto,Cagliari,113,2
17/01/2021,Porto,Arbatax,0,11
17/01/2021,Aeroporto,Olbia,220,308
17/01/2021,Aeroporto,Cagliari,776,964
17/01/2021,Aeroporto,Alghero,212,260
16/01/2021,Porto,Porto Torres,509,440
16/01/2021,Porto,Olbia,497,460
16/01/2021,Porto,Cagliari,37,39
16/01/2021,Porto,Arbatax,22,0
16/01/2021,Aeroporto,Olbia,155,214
16/01/2021,Aeroporto,Cagliari,715,831
16/01/2021,Aeroporto,Alghero,209,257
15/01/2021,Porto,Porto Torres,115,141
15/01/2021,Porto,Olbia,497,482
15/01/2021,Porto,Golfo Aranci,103,102
15/01/2021,Porto,Cagliari,74,77
15/01/2021,Aeroporto,Olbia,295,297
15/01/2021,Aeroporto,Cagliari,1030,1130
15/01/2021,Aeroporto,Alghero,256,316
14/01/2021,Porto,Olbia,681,679
14/01/2021,Porto,Golfo Aranci,106,0
14/01/2021,Porto,Cagliari,29,72
14/01/2021,Porto,Arbatax,21,0
14/01/2021,Aeroporto,Olbia,185,245
14/01/2021,Aeroporto,Cagliari,570,693
14/01/2021,Aeroporto,Alghero,165,163
13/01/2021,Porto,Olbia,562,498
13/01/2021,Porto,Golfo Aranci,82,69
13/01/2021,Porto,Cagliari,112,9
13/01/2021,Porto,Arbatax,0,8
13/01/2021,Aeroporto,Olbia,196,231
13/01/2021,Aeroporto,Cagliari,620,752
13/01/2021,Aeroporto,Alghero,175,175
12/01/2021,Porto,Porto Torres,113,125
12/01/2021,Porto,Olbia,575,480
12/01/2021,Porto,Golfo Aranci,83,0
12/01/2021,Porto,Cagliari,90,106
12/01/2021,Aeroporto,Olbia,195,225
12/01/2021,Aeroporto,Cagliari,624,802
12/01/2021,Aeroporto,Alghero,217,324
11/01/2021,Porto,Porto Torres,99,133
11/01/2021,Porto,Olbia,290,349
11/01/2021,Porto,Golfo Aranci,63,95
11/01/2021,Porto,Cagliari,0,60
11/01/2021,Aeroporto,Olbia,256,238
11/01/2021,Aeroporto,Cagliari,875,877
11/01/2021,Aeroporto,Alghero,214,295
10/01/2021,Porto,Porto Torres,87,307
10/01/2021,Porto,Olbia,435,498
10/01/2021,Porto,Golfo Aranci,64,0
10/01/2021,Porto,Cagliari,250,0
10/01/2021,Porto,Arbatax,0,28
10/01/2021,Aeroporto,Olbia,242,351
10/01/2021,Aeroporto,Cagliari,1324,2273
10/01/2021,Aeroporto,Alghero,289,645
09/01/2021,Porto,Porto Torres,340,461
09/01/2021,Porto,Olbia,366,770
09/01/2021,Porto,Golfo Aranci,109,229
09/01/2021,Porto,Cagliari,91,88
09/01/2021,Porto,Arbatax,16,0
09/01/2021,Aeroporto,Olbia,217,623
09/01/2021,Aeroporto,Cagliari,716,1222
09/01/2021,Aeroporto,Alghero,213,363
08/01/2021,Porto,Porto Torres,158,236
08/01/2021,Porto,Olbia,540,593
08/01/2021,Porto,Golfo Aranci,114,0
08/01/2021,Porto,Cagliari,113,61
08/01/2021,Aeroporto,Olbia,202,261
08/01/2021,Aeroporto,Cagliari,1088,1706
08/01/2021,Aeroporto,Alghero,214,186
07/01/2021,Porto,Porto Torres,67,232
07/01/2021,Porto,Olbia,554,661
07/01/2021,Porto,Golfo Aranci,41,191
07/01/2021,Porto,Cagliari,32,111
07/01/2021,Aeroporto,Olbia,172,270
07/01/2021,Aeroporto,Cagliari,588,1004
07/01/2021,Aeroporto,Alghero,252,437
06/01/2021,Porto,Porto Torres,154,284
06/01/2021,Porto,Olbia,240,315
06/01/2021,Porto,Golfo Aranci,41,0
06/01/2021,Porto,Cagliari,97,54
06/01/2021,Porto,Arbatax,0,16
06/01/2021,Aeroporto,Olbia,124,222
06/01/2021,Aeroporto,Cagliari,544,1126
06/01/2021,Aeroporto,Alghero,113,208
05/01/2021,Porto,Porto Torres,76,268
05/01/2021,Porto,Olbia,395,551
05/01/2021,Porto,Golfo Aranci,9,181
05/01/2021,Porto,Cagliari,24,59
05/01/2021,Aeroporto,Olbia,93,109
05/01/2021,Aeroporto,Cagliari,385,617
05/01/2021,Aeroporto,Alghero,149,412
04/01/2021,Porto,Porto Torres,73,213
04/01/2021,Porto,Olbia,390,569
04/01/2021,Porto,Golfo Aranci,30,240
04/01/2021,Porto,Cagliari,30,66
04/01/2021,Porto,Arbatax,0,22
04/01/2021,Aeroporto,Olbia,243,296
04/01/2021,Aeroporto,Cagliari,719,1407
04/01/2021,Aeroporto,Alghero,135,262
03/01/2021,Porto,Porto Torres,53,134
03/01/2021,Porto,Olbia,223,337
03/01/2021,Porto,Golfo Aranci,31,0
03/01/2021,Porto,Cagliari,159,31
03/01/2021,Aeroporto,Olbia,176,423
03/01/2021,Aeroporto,Cagliari,697,2033
03/01/2021,Aeroporto,Alghero,191,526
02/01/2021,Porto,Porto Torres,26,229
02/01/2021,Porto,Olbia,31,625
02/01/2021,Porto,Golfo Aranci,0,83
02/01/2021,Porto,Cagliari,0,67
02/01/2021,Aeroporto,Olbia,94,219
02/01/2021,Aeroporto,Cagliari,446,688
02/01/2021,Aeroporto,Alghero,61,219
01/01/2021,Porto,Porto Torres,28,71
01/01/2021,Porto,Olbia,20,46
01/01/2021,Porto,Cagliari,10,33
01/01/2021,Aeroporto,Olbia,25,41
01/01/2021,Aeroporto,Cagliari,91,164
01/01/2021,Aeroporto,Alghero,34,37
31/12/2020,Porto,Porto Torres,75,30
31/12/2020,Porto,Olbia,295,36
31/12/2020,Porto,Cagliari,18,5
31/12/2020,Porto,Arbatax,19,3
31/12/2020,Aeroporto,Olbia,45,60
31/12/2020,Aeroporto,Cagliari,320,280
31/12/2020,Aeroporto,Alghero,97,147
30/12/2020,Porto,Porto Torres,249,253
30/12/2020,Porto,Olbia,316,326
30/12/2020,Porto,Cagliari,60,44
30/12/2020,Aeroporto,Olbia,168,207
30/12/2020,Aeroporto,Cagliari,676,1120
30/12/2020,Aeroporto,Alghero,137,216
29/12/2020,Porto,Porto Torres,71,88
29/12/2020,Porto,Olbia,345,410
29/12/2020,Porto,Golfo Aranci,65,0
29/12/2020,Porto,Cagliari,30,58
29/12/2020,Aeroporto,Olbia,173,218
29/12/2020,Aeroporto,Cagliari,527,891
29/12/2020,Aeroporto,Alghero,142,215
28/12/2020,Porto,Porto Torres,54,95
28/12/2020,Porto,Olbia,407,402
28/12/2020,Porto,Golfo Aranci,97,155
28/12/2020,Porto,Cagliari,24,70
28/12/2020,Aeroporto,Olbia,188,197
28/12/2020,Aeroporto,Cagliari,973,1456
28/12/2020,Aeroporto,Alghero,140,269
27/12/2020,Porto,Porto Torres,38,121
27/12/2020,Porto,Olbia,143,492
27/12/2020,Porto,Golfo Aranci,97,0
27/12/2020,Porto,Cagliari,47,28
27/12/2020,Aeroporto,Olbia,216,377
27/12/2020,Aeroporto,Cagliari,883,1688
27/12/2020,Aeroporto,Alghero,205,412
26/12/2020,Porto,Olbia,21,215
26/12/2020,Porto,Golfo Aranci,0,91
26/12/2020,Porto,Cagliari,1,27
26/12/2020,Aeroporto,Olbia,62,71
26/12/2020,Aeroporto,Cagliari,218,224
26/12/2020,Aeroporto,Alghero,84,74
25/12/2020,Porto,Olbia,59,22
25/12/2020,Porto,Cagliari,18,14
25/12/2020,Aeroporto,Olbia,24,14
25/12/2020,Aeroporto,Cagliari,90,70
25/12/2020,Aeroporto,Alghero,28,19
24/12/2020,Porto,Porto Torres,153,19
24/12/2020,Porto,Olbia,533,25
24/12/2020,Porto,Golfo Aranci,91,0
24/12/2020,Porto,Cagliari,36,7
24/12/2020,Porto,Arbatax,20,2
24/12/2020,Aeroporto,Olbia,113,57
24/12/2020,Aeroporto,Cagliari,1037,380
24/12/2020,Aeroporto,Alghero,286,88
23/12/2020,Porto,Porto Torres,310,135
23/12/2020,Porto,Olbia,593,366
23/12/2020,Porto,Golfo Aranci,91,16
23/12/2020,Porto,Cagliari,84,56
23/12/2020,Aeroporto,Olbia,456,323
23/12/2020,Aeroporto,Cagliari,1717,915
23/12/2020,Aeroporto,Alghero,524,222
22/12/2020,Porto,Porto Torres,103,99
22/12/2020,Porto,Olbia,292,584
22/12/2020,Porto,Golfo Aranci,62,0
22/12/2020,Porto,Cagliari,75,78
22/12/2020,Aeroporto,Olbia,267,139
22/12/2020,Aeroporto,Cagliari,1074,684
22/12/2020,Aeroporto,Alghero,353,185
21/12/2020,Porto,Porto Torres,295,210
21/12/2020,Porto,Olbia,908,415
21/12/2020,Porto,Golfo Aranci,269,60
21/12/2020,Porto,Cagliari,92,89
21/12/2020,Aeroporto,Olbia,230,195
21/12/2020,Aeroporto,Cagliari,1503,775
21/12/2020,Aeroporto,Alghero,320,190
20/12/2020,Porto,Porto Torres,704,140
20/12/2020,Porto,Olbia,1398,545
20/12/2020,Porto,Golfo Aranci,283,63
20/12/2020,Porto,Cagliari,89,0
20/12/2020,Aeroporto,Olbia,569,385
20/12/2020,Aeroporto,Cagliari,3399,2217
20/12/2020,Aeroporto,Alghero,770,468
19/12/2020,Porto,Porto Torres,1269,654
19/12/2020,Porto,Olbia,1225,1043
19/12/2020,Porto,Golfo Aranci,434,16
19/12/2020,Porto,Cagliari,125,271
19/12/2020,Porto,Arbatax,74,0
19/12/2020,Aeroporto,Olbia,850,520
19/12/2020,Aeroporto,Cagliari,3126,1851
19/12/2020,Aeroporto,Alghero,1198,583
18/12/2020,Porto,Porto Torres,390,241
18/12/2020,Porto,Olbia,1117,1192
18/12/2020,Porto,Golfo Aranci,284,32
18/12/2020,Porto,Cagliari,75,331
18/12/2020,Aeroporto,Olbia,736,569
18/12/2020,Aeroporto,Cagliari,3610,2187
18/12/2020,Aeroporto,Alghero,732,508
17/12/2020,Porto,Olbia,502,1002
17/12/2020,Porto,Golfo Aranci,172,0
17/12/2020,Porto,Cagliari,73,110
17/12/2020,Porto,Arbatax,31,0
17/12/2020,Aeroporto,Olbia,302,289
17/12/2020,Aeroporto,Cagliari,1699,1129
17/12/2020,Aeroporto,Alghero,322,262
16/12/2020,Porto,Porto Torres,419,292
16/12/2020,Porto,Olbia,638,587
16/12/2020,Porto,Golfo Aranci,126,140
16/12/2020,Porto,Cagliari,116,109
16/12/2020,Porto,Arbatax,0,21
16/12/2020,Aeroporto,Olbia,292,274
16/12/2020,Aeroporto,Cagliari,1101,899
16/12/2020,Aeroporto,Alghero,241,248
15/12/2020,Porto,Porto Torres,129,155
15/12/2020,Porto,Olbia,771,706
15/12/2020,Porto,Golfo Aranci,127,0
15/12/2020,Porto,Cagliari,108,138
15/12/2020,Aeroporto,Olbia,323,273
15/12/2020,Aeroporto,Cagliari,980,722
15/12/2020,Aeroporto,Alghero,392,245
14/12/2020,Porto,Porto Torres,158,163
14/12/2020,Porto,Olbia,640,582
14/12/2020,Porto,Golfo Aranci,0,116
14/12/2020,Porto,Cagliari,0,102
14/12/2020,Aeroporto,Olbia,289,260
14/12/2020,Aeroporto,Cagliari,1318,1044
14/12/2020,Aeroporto,Alghero,411,319
13/12/2020,Porto,Porto Torres,229,278
13/12/2020,Porto,Olbia,474,655
13/12/2020,Porto,Cagliari,84,2
13/12/2020,Porto,Arbatax,0,11
13/12/2020,Aeroporto,Olbia,248,258
13/12/2020,Aeroporto,Cagliari,1494,1620
13/12/2020,Aeroporto,Alghero,233,237
12/12/2020,Porto,Porto Torres,405,326
12/12/2020,Porto,Olbia,604,595
12/12/2020,Porto,Golfo Aranci,114,0
12/12/2020,Porto,Cagliari,53,63
12/12/2020,Porto,Arbatax,20,0
12/12/2020,Aeroporto,Olbia,242,216
12/12/2020,Aeroporto,Cagliari,810,629
12/12/2020,Aeroporto,Alghero,322,196
11/12/2020,Porto,Porto Torres,155,152
11/12/2020,Porto,Olbia,533,698
11/12/2020,Porto,Golfo Aranci,116,0
11/12/2020,Porto,Cagliari,46,123
11/12/2020,Aeroporto,Olbia,257,303
11/12/2020,Aeroporto,Cagliari,1529,1312
11/12/2020,Aeroporto,Alghero,254,235
10/12/2020,Porto,Porto Torres,196,194
10/12/2020,Porto,Olbia,639,595
10/12/2020,Porto,Golfo Aranci,0,101
10/12/2020,Porto,Cagliari,55,39
10/12/2020,Porto,Arbatax,13,0
10/12/2020,Aeroporto,Olbia,195,228
10/12/2020,Aeroporto,Cagliari,714,722
10/12/2020,Aeroporto,Alghero,140,153
09/12/2020,Porto,Porto Torres,96,107
09/12/2020,Porto,Olbia,443,600
09/12/2020,Porto,Golfo Aranci,89,0
09/12/2020,Porto,Cagliari,69,46
09/12/2020,Porto,Arbatax,0,15
09/12/2020,Aeroporto,Olbia,225,221
09/12/2020,Aeroporto,Cagliari,858,862
09/12/2020,Aeroporto,Alghero,194,226
08/12/2020,Porto,Porto Torres,104,151
08/12/2020,Porto,Olbia,401,706
08/12/2020,Porto,Golfo Aranci,0,126
08/12/2020,Porto,Cagliari,39,81
08/12/2020,Aeroporto,Olbia,259,430
08/12/2020,Aeroporto,Cagliari,668,853
08/12/2020,Aeroporto,Alghero,200,248
07/12/2020,Porto,Porto Torres,99,252
07/12/2020,Porto,Olbia,419,588
07/12/2020,Porto,Cagliari,40,36
07/12/2020,Aeroporto,Olbia,168,215
07/12/2020,Aeroporto,Cagliari,646,662
07/12/2020,Aeroporto,Alghero,226,241
06/12/2020,Porto,Porto Torres,226,72
06/12/2020,Porto,Olbia,411,429
06/12/2020,Porto,Cagliari,40,0
06/12/2020,Porto,Arbatax,0,4
06/12/2020,Aeroporto,Olbia,245,200
06/12/2020,Aeroporto,Cagliari,1007,945
06/12/2020,Aeroporto,Alghero,213,217
05/12/2020,Porto,Porto Torres,359,253
05/12/2020,Porto,Olbia,663,498
05/12/2020,Porto,Golfo Aranci,142,0
05/12/2020,Porto,Cagliari,5,28
05/12/2020,Porto,Arbatax,11,0
05/12/2020,Aeroporto,Olbia,237,218
05/12/2020,Aeroporto,Cagliari,615,503
05/12/2020,Aeroporto,Alghero,385,265
04/12/2020,Porto,Porto Torres,95,131
04/12/2020,Porto,Olbia,508,783
04/12/2020,Porto,Golfo Aranci,144,13
04/12/2020,Porto,Cagliari,26,16
04/12/2020,Aeroporto,Olbia,344,383
04/12/2020,Aeroporto,Cagliari,1602,1453
04/12/2020,Aeroporto,Alghero,293,276
03/12/2020,Porto,Porto Torres,100,112
03/12/2020,Porto,Olbia,463,608
03/12/2020,Porto,Golfo Aranci,89,0
03/12/2020,Porto,Cagliari,31,89
03/12/2020,Porto,Arbatax,15,0
03/12/2020,Aeroporto,Olbia,202,204
03/12/2020,Aeroporto,Cagliari,597,577
03/12/2020,Aeroporto,Alghero,144,145
02/12/2020,Porto,Porto Torres,270,211
02/12/2020,Porto,Olbia,429,487
02/12/2020,Porto,Golfo Aranci,54,79
02/12/2020,Porto,Cagliari,27,32
02/12/2020,Porto,Arbatax,0,1
02/12/2020,Aeroporto,Olbia,156,174
02/12/2020,Aeroporto,Cagliari,566,616
02/12/2020,Aeroporto,Alghero,137,112
01/12/2020,Porto,Porto Torres,70,105
01/12/2020,Porto,Olbia,579,619
01/12/2020,Porto,Golfo Aranci,54,0
01/12/2020,Porto,Cagliari,91,23
01/12/2020,Aeroporto,Olbia,156,146
01/12/2020,Aeroporto,Cagliari,522,493
01/12/2020,Aeroporto,Alghero,151,134
30/11/2020,Porto,Porto Torres,70,137
30/11/2020,Porto,Olbia,382,530
30/11/2020,Porto,Golfo Aranci,46,72
30/11/2020,Porto,Cagliari,0,74
30/11/2020,Aeroporto,Olbia,226,192
30/11/2020,Aeroporto,Cagliari,835,871
30/11/2020,Aeroporto,Alghero,203,513
29/11/2020,Porto,Porto Torres,74,148
29/11/2020,Porto,Olbia,295,462
29/11/2020,Porto,Golfo Aranci,46,0
29/11/2020,Porto,Cagliari,115,4
29/11/2020,Aeroporto,Olbia,220,300
29/11/2020,Aeroporto,Cagliari,819,986
29/11/2020,Aeroporto,Alghero,153,251
28/11/2020,Porto,Porto Torres,247,231
28/11/2020,Porto,Olbia,443,356
28/11/2020,Porto,Cagliari,46,59
28/11/2020,Aeroporto,Olbia,157,136
28/11/2020,Aeroporto,Cagliari,424,382
28/11/2020,Aeroporto,Alghero,197,143
27/11/2020,Porto,Porto Torres,76,103
27/11/2020,Porto,Olbia,448,641
27/11/2020,Porto,Golfo Aranci,57,51
27/11/2020,Porto,Cagliari,110,121
27/11/2020,Aeroporto,Olbia,162,234
27/11/2020,Aeroporto,Cagliari,1253,1055
27/11/2020,Aeroporto,Alghero,173,226
26/11/2020,Porto,Porto Torres,75,140
26/11/2020,Porto,Olbia,546,566
26/11/2020,Porto,Golfo Aranci,57,0
26/11/2020,Porto,Cagliari,51,146
26/11/2020,Porto,Arbatax,21,0
26/11/2020,Aeroporto,Olbia,235,347
26/11/2020,Aeroporto,Cagliari,508,528
26/11/2020,Aeroporto,Alghero,132,114
25/11/2020,Porto,Porto Torres,231,96
25/11/2020,Porto,Olbia,420,434
25/11/2020,Porto,Golfo Aranci,45,68
25/11/2020,Porto,Cagliari,71,44
25/11/2020,Porto,Arbatax,0,10
25/11/2020,Aeroporto,Olbia,197,140
25/11/2020,Aeroporto,Cagliari,444,551
25/11/2020,Aeroporto,Alghero,112,108
24/11/2020,Porto,Porto Torres,74,75
24/11/2020,Porto,Olbia,572,469
24/11/2020,Porto,Golfo Aranci,46,0
24/11/2020,Porto,Cagliari,71,38
24/11/2020,Aeroporto,Olbia,128,169
24/11/2020,Aeroporto,Cagliari,454,454
24/11/2020,Aeroporto,Alghero,132,124
23/11/2020,Porto,Porto Torres,96,119
23/11/2020,Porto,Olbia,465,425
23/11/2020,Porto,Golfo Aranci,43,64
23/11/2020,Porto,Cagliari,1,40
23/11/2020,Aeroporto,Olbia,233,171
23/11/2020,Aeroporto,Cagliari,804,804
23/11/2020,Aeroporto,Alghero,184,227
22/11/2020,Porto,Porto Torres,172,250
22/11/2020,Porto,Olbia,244,477
22/11/2020,Porto,Golfo Aranci,43,0
22/11/2020,Porto,Cagliari,9,28
22/11/2020,Aeroporto,Olbia,192,261
22/11/2020,Aeroporto,Cagliari,799,877
22/11/2020,Aeroporto,Alghero,125,172
21/11/2020,Porto,Porto Torres,85,126
21/11/2020,Porto,Olbia,509,470
21/11/2020,Porto,Cagliari,1,1
21/11/2020,Aeroporto,Olbia,138,105
21/11/2020,Aeroporto,Cagliari,553,542
21/11/2020,Aeroporto,Alghero,205,102
20/11/2020,Porto,Olbia,453,487
20/11/2020,Porto,Golfo Aranci,61,17
20/11/2020,Porto,Cagliari,42,1
20/11/2020,Aeroporto,Olbia,187,212
20/11/2020,Aeroporto,Cagliari,1059,1093
20/11/2020,Aeroporto,Alghero,191,179
19/11/2020,Porto,Porto Torres,60,72
19/11/2020,Porto,Olbia,477,463
19/11/2020,Porto,Golfo Aranci,62,0
19/11/2020,Porto,Cagliari,31,143
19/11/2020,Porto,Arbatax,13,0
19/11/2020,Aeroporto,Olbia,199,245
19/11/2020,Aeroporto,Cagliari,602,609
19/11/2020,Aeroporto,Alghero,212,173
18/11/2020,Porto,Porto Torres,210,142
18/11/2020,Porto,Olbia,460,401
18/11/2020,Porto,Golfo Aranci,58,56
18/11/2020,Porto,Cagliari,39,43
18/11/2020,Porto,Arbatax,0,3
18/11/2020,Aeroporto,Olbia,141,134
18/11/2020,Aeroporto,Cagliari,487,453
18/11/2020,Aeroporto,Alghero,92,94
17/11/2020,Porto,Porto Torres,80,145
17/11/2020,Porto,Olbia,534,387
17/11/2020,Porto,Golfo Aranci,59,0
17/11/2020,Porto,Cagliari,107,85
17/11/2020,Aeroporto,Olbia,140,124
17/11/2020,Aeroporto,Cagliari,566,555
17/11/2020,Aeroporto,Alghero,135,136
16/11/2020,Porto,Porto Torres,85,99
16/11/2020,Porto,Olbia,443,436
16/11/2020,Porto,Golfo Aranci,35,70
16/11/2020,Porto,Cagliari,1,40
16/11/2020,Aeroporto,Olbia,161,131
16/11/2020,Aeroporto,Cagliari,912,1033
16/11/2020,Aeroporto,Alghero,177,237
15/11/2020,Porto,Porto Torres,127,112
15/11/2020,Porto,Olbia,399,414
15/11/2020,Porto,Golfo Aranci,35,0
15/11/2020,Porto,Cagliari,111,1
15/11/2020,Porto,Arbatax,0,4
15/11/2020,Aeroporto,Olbia,186,235
15/11/2020,Aeroporto,Cagliari,808,1018
15/11/2020,Aeroporto,Alghero,166,222
14/11/2020,Porto,Porto Torres,226,273
14/11/2020,Porto,Olbia,526,552
14/11/2020,Porto,Cagliari,81,70
14/11/2020,Porto,Arbatax,26,0
14/11/2020,Aeroporto,Olbia,130,129
14/11/2020,Aeroporto,Cagliari,833,557
14/11/2020,Aeroporto,Alghero,233,181
13/11/2020,Porto,Porto Torres,62,99
13/11/2020,Porto,Olbia,472,576
13/11/2020,Porto,Golfo Aranci,59,93
13/11/2020,Porto,Cagliari,38,64
13/11/2020,Aeroporto,Olbia,184,198
13/11/2020,Aeroporto,Cagliari,1409,1179
13/11/2020,Aeroporto,Alghero,236,209
12/11/2020,Porto,Porto Torres,79,65
12/11/2020,Porto,Olbia,480,499
12/11/2020,Porto,Golfo Aranci,59,0
12/11/2020,Porto,Cagliari,49,69
12/11/2020,Porto,Arbatax,13,0
12/11/2020,Aeroporto,Olbia,251,199
12/11/2020,Aeroporto,Cagliari,686,565
12/11/2020,Aeroporto,Alghero,204,187
11/11/2020,Porto,Porto Torres,256,176
11/11/2020,Porto,Olbia,558,442
11/11/2020,Porto,Golfo Aranci,66,75
11/11/2020,Porto,Cagliari,112,41
11/11/2020,Porto,Arbatax,0,11
11/11/2020,Aeroporto,Olbia,156,165
11/11/2020,Aeroporto,Cagliari,596,609
11/11/2020,Aeroporto,Alghero,54,102
10/11/2020,Porto,Porto Torres,59,78
10/11/2020,Porto,Olbia,648,560
10/11/2020,Porto,Golfo Aranci,67,0
10/11/2020,Porto,Cagliari,146,64
10/11/2020,Aeroporto,Olbia,174,160
10/11/2020,Aeroporto,Cagliari,666,703
10/11/2020,Aeroporto,Alghero,139,179
09/11/2020,Porto,Porto Torres,95,169
09/11/2020,Porto,Olbia,457,474
09/11/2020,Porto,Golfo Aranci,84,101
09/11/2020,Porto,Cagliari,0,52
09/11/2020,Aeroporto,Olbia,149,157
09/11/2020,Aeroporto,Cagliari,1013,1044
09/11/2020,Aeroporto,Alghero,142,174
08/11/2020,Porto,Porto Torres,139,74
08/11/2020,Porto,Olbia,393,453
08/11/2020,Porto,Golfo Aranci,85,0
08/11/2020,Porto,Cagliari,153,0
08/11/2020,Aeroporto,Olbia,241,312
08/11/2020,Aeroporto,Cagliari,1159,1361
08/11/2020,Aeroporto,Alghero,184,195
07/11/2020,Porto,Porto Torres,309,293
07/11/2020,Porto,Olbia,611,503
07/11/2020,Porto,Golfo Aranci,0,90
07/11/2020,Porto,Cagliari,72,80
07/11/2020,Aeroporto,Olbia,100,130
07/11/2020,Aeroporto,Cagliari,887,823
07/11/2020,Aeroporto,Alghero,278,187
06/11/2020,Porto,Porto Torres,149,142
06/11/2020,Porto,Olbia,675,593
06/11/2020,Porto,Golfo Aranci,82,95
06/11/2020,Porto,Cagliari,51,132
06/11/2020,Aeroporto,Olbia,235,274
06/11/2020,Aeroporto,Cagliari,1424,1201
06/11/2020,Aeroporto,Alghero,219,217
05/11/2020,Porto,Porto Torres,132,94
05/11/2020,Porto,Olbia,689,562
05/11/2020,Porto,Golfo Aranci,67,72
05/11/2020,Porto,Cagliari,54,126
05/11/2020,Porto,Arbatax,19,0
05/11/2020,Aeroporto,Olbia,319,225
05/11/2020,Aeroporto,Cagliari,1088,788
05/11/2020,Aeroporto,Alghero,312,308
04/11/2020,Porto,Porto Torres,306,199
04/11/2020,Porto,Olbia,570,545
04/11/2020,Porto,Golfo Aranci,82,76
04/11/2020,Porto,Cagliari,53,57
04/11/2020,Porto,Arbatax,0,10
04/11/2020,Aeroporto,Olbia,257,189
04/11/2020,Aeroporto,Cagliari,847,760
04/11/2020,Aeroporto,Alghero,160,130
03/11/2020,Porto,Porto Torres,125,124
03/11/2020,Porto,Olbia,732,666
03/11/2020,Porto,Golfo Aranci,65,76
03/11/2020,Porto,Cagliari,154,127
03/11/2020,Aeroporto,Olbia,182,262
03/11/2020,Aeroporto,Cagliari,1057,1042
03/11/2020,Aeroporto,Alghero,249,233
02/11/2020,Porto,Porto Torres,139,305
02/11/2020,Porto,Olbia,585,715
02/11/2020,Porto,Golfo Aranci,68,101
02/11/2020,Porto,Cagliari,0,50
02/11/2020,Aeroporto,Olbia,276,377
02/11/2020,Aeroporto,Cagliari,1573,1654
02/11/2020,Aeroporto,Alghero,350,400
01/11/2020,Porto,Porto Torres,213,157
01/11/2020,Porto,Olbia,461,574
01/11/2020,Porto,Golfo Aranci,95,89
01/11/2020,Porto,Cagliari,188,0
01/11/2020,Porto,Arbatax,0,22
01/11/2020,Aeroporto,Olbia,416,616
01/11/2020,Aeroporto,Cagliari,1471,1694
01/11/2020,Aeroporto,Alghero,249,307
31/10/2020,Porto,Porto Torres,365,782
31/10/2020,Porto,Olbia,775,961
31/10/2020,Porto,Golfo Aranci,61,194
31/10/2020,Porto,Cagliari,81,127
31/10/2020,Porto,Arbatax,36,0
31/10/2020,Aeroporto,Olbia,248,396
31/10/2020,Aeroporto,Cagliari,1197,998
31/10/2020,Aeroporto,Alghero,418,329
30/10/2020,Porto,Porto Torres,163,574
30/10/2020,Porto,Olbia,623,958
30/10/2020,Porto,Golfo Aranci,136,242
30/10/2020,Porto,Cagliari,126,231
30/10/2020,Aeroporto,Olbia,453,435
30/10/2020,Aeroporto,Cagliari,2022,1904
30/10/2020,Aeroporto,Alghero,410,354
29/10/2020,Porto,Porto Torres,133,348
29/10/2020,Porto,Olbia,653,860
29/10/2020,Porto,Golfo Aranci,117,149
29/10/2020,Porto,Cagliari,68,52
29/10/2020,Porto,Arbatax,18,0
29/10/2020,Aeroporto,Olbia,470,478
29/10/2020,Aeroporto,Cagliari,1184,1083
29/10/2020,Aeroporto,Alghero,374,347
28/10/2020,Porto,Porto Torres,359,329
28/10/2020,Porto,Olbia,557,646
28/10/2020,Porto,Golfo Aranci,121,147
28/10/2020,Porto,Cagliari,118,118
28/10/2020,Aeroporto,Olbia,198,220
28/10/2020,Aeroporto,Cagliari,1072,1215
28/10/2020,Aeroporto,Alghero,187,160
27/10/2020,Porto,Porto Torres,112,109
27/10/2020,Porto,Olbia,712,906
27/10/2020,Porto,Golfo Aranci,62,178
27/10/2020,Porto,Cagliari,737,134
27/10/2020,Porto,Arbatax,0,15
27/10/2020,Aeroporto,Olbia,301,350
27/10/2020,Aeroporto,Cagliari,1293,1426
27/10/2020,Aeroporto,Alghero,257,285
26/10/2020,Porto,Porto Torres,172,232
26/10/2020,Porto,Olbia,780,934
26/10/2020,Porto,Golfo Aranci,74,221
26/10/2020,Porto,Cagliari,0,141
26/10/2020,Aeroporto,Olbia,324,480
26/10/2020,Aeroporto,Cagliari,1739,1933
26/10/2020,Aeroporto,Alghero,286,461
25/10/2020,Porto,Porto Torres,182,509
25/10/2020,Porto,Olbia,650,1180
25/10/2020,Porto,Golfo Aranci,119,290
25/10/2020,Porto,Cagliari,144,1
25/10/2020,Porto,Arbatax,0,36
25/10/2020,Aeroporto,Olbia,597,861
25/10/2020,Aeroporto,Cagliari,1900,2424
25/10/2020,Aeroporto,Alghero,370,436
24/10/2020,Porto,Porto Torres,682,883
24/10/2020,Porto,Olbia,1365,1754
24/10/2020,Porto,Golfo Aranci,188,405
24/10/2020,Porto,Cagliari,90,128
24/10/2020,Porto,Arbatax,35,0
24/10/2020,Aeroporto,Olbia,755,2094
24/10/2020,Aeroporto,Cagliari,1768,2311
24/10/2020,Aeroporto,Alghero,484,514
23/10/2020,Porto,Porto Torres,214,483
23/10/2020,Porto,Olbia,883,1860
23/10/2020,Porto,Golfo Aranci,174,585
23/10/2020,Porto,Cagliari,85,258
23/10/2020,Aeroporto,Olbia,552,1095
23/10/2020,Aeroporto,Cagliari,2456,2764
23/10/2020,Aeroporto,Alghero,584,543
22/10/2020,Porto,Porto Torres,138,432
22/10/2020,Porto,Olbia,1064,2065
22/10/2020,Porto,Golfo Aranci,174,0
22/10/2020,Porto,Cagliari,56,137
22/10/2020,Porto,Arbatax,30,0
22/10/2020,Aeroporto,Olbia,633,1008
22/10/2020,Aeroporto,Cagliari,1724,1977
22/10/2020,Aeroporto,Alghero,698,778
21/10/2020,Porto,Porto Torres,598,436
21/10/2020,Porto,Olbia,792,790
21/10/2020,Porto,Golfo Aranci,149,260
21/10/2020,Porto,Cagliari,126,99
21/10/2020,Aeroporto,Olbia,425,753
21/10/2020,Aeroporto,Cagliari,1311,1859
21/10/2020,Aeroporto,Alghero,406,539
20/10/2020,Porto,Porto Torres,136,191
20/10/2020,Porto,Olbia,1041,1132
20/10/2020,Porto,Golfo Aranci,151,202
20/10/2020,Porto,Cagliari,868,135
20/10/2020,Porto,Arbatax,0,24
20/10/2020,Aeroporto,Olbia,370,584
20/10/2020,Aeroporto,Cagliari,1786,2113
20/10/2020,Aeroporto,Alghero,413,412
19/10/2020,Porto,Porto Torres,223,260
19/10/2020,Porto,Olbia,937,1119
19/10/2020,Porto,Golfo Aranci,170,230
19/10/2020,Porto,Cagliari,4,92
19/10/2020,Aeroporto,Olbia,454,732
19/10/2020,Aeroporto,Cagliari,2613,3019
19/10/2020,Aeroporto,Alghero,528,609
18/10/2020,Porto,Porto Torres,274,530
18/10/2020,Porto,Olbia,1120,1231
18/10/2020,Porto,Golfo Aranci,182,314
18/10/2020,Porto,Cagliari,173,0
18/10/2020,Aeroporto,Olbia,775,1534
18/10/2020,Aeroporto,Cagliari,2244,2959
18/10/2020,Aeroporto,Alghero,708,1063
17/10/2020,Porto,Porto Torres,705,656
17/10/2020,Porto,Olbia,1287,1879
17/10/2020,Porto,Golfo Aranci,248,451
17/10/2020,Porto,Cagliari,77,127
17/10/2020,Porto,Arbatax,44,46
17/10/2020,Aeroporto,Olbia,1759,2284
17/10/2020,Aeroporto,Cagliari,2543,3093
17/10/2020,Aeroporto,Alghero,578,537
16/10/2020,Porto,Porto Torres,514,363
16/10/2020,Porto,Olbia,1108,1978
16/10/2020,Porto,Golfo Aranci,203,501
16/10/2020,Porto,Cagliari,87,314
16/10/2020,Aeroporto,Olbia,867,1009
16/10/2020,Aeroporto,Cagliari,3130,3378
16/10/2020,Aeroporto,Alghero,671,655
15/10/2020,Porto,Porto Torres,163,291
15/10/2020,Porto,Olbia,1078,1689
15/10/2020,Porto,Golfo Aranci,207,472
15/10/2020,Porto,Cagliari,53,143
15/10/2020,Porto,Arbatax,43,43
15/10/2020,Aeroporto,Olbia,915,1076
15/10/2020,Aeroporto,Cagliari,2178,2338
15/10/2020,Aeroporto,Alghero,786,1006
14/10/2020,Porto,Porto Torres,270,442
14/10/2020,Porto,Olbia,860,1442
14/10/2020,Porto,Golfo Aranci,232,316
14/10/2020,Porto,Cagliari,221,196
14/10/2020,Aeroporto,Olbia,675,992
14/10/2020,Aeroporto,Cagliari,2055,2393
14/10/2020,Aeroporto,Alghero,467,707
13/10/2020,Porto,Porto Torres,357,299
13/10/2020,Porto,Olbia,1067,1436
13/10/2020,Porto,Golfo Aranci,157,366
13/10/2020,Porto,Cagliari,116,157
13/10/2020,Aeroporto,Olbia,498,699
13/10/2020,Aeroporto,Cagliari,2124,2433
13/10/2020,Aeroporto,Alghero,501,686
12/10/2020,Porto,Porto Torres,267,398
12/10/2020,Porto,Olbia,1266,1500
12/10/2020,Porto,Golfo Aranci,233,493
12/10/2020,Porto,Cagliari,88,171
12/10/2020,Porto,Arbatax,0,76
12/10/2020,Aeroporto,Olbia,621,848
12/10/2020,Aeroporto,Cagliari,2923,3706
12/10/2020,Aeroporto,Alghero,489,1221
11/10/2020,Porto,Porto Torres,394,916
11/10/2020,Porto,Olbia,1243,2163
11/10/2020,Porto,Golfo Aranci,364,715
11/10/2020,Porto,Cagliari,343,89
11/10/2020,Aeroporto,Olbia,1281,2400
11/10/2020,Aeroporto,Cagliari,2659,4248
11/10/2020,Aeroporto,Alghero,930,1379
10/10/2020,Porto,Porto Torres,683,1519
10/10/2020,Porto,Olbia,1416,3645
10/10/2020,Porto,Golfo Aranci,450,957
10/10/2020,Porto,Cagliari,665,308
10/10/2020,Aeroporto,Olbia,2307,3378
10/10/2020,Aeroporto,Cagliari,3222,3923
10/10/2020,Aeroporto,Alghero,587,722
09/10/2020,Porto,Porto Torres,200,722
09/10/2020,Porto,Olbia,1459,2881
09/10/2020,Porto,Golfo Aranci,402,784
09/10/2020,Porto,Cagliari,138,429
09/10/2020,Aeroporto,Olbia,1140,1254
09/10/2020,Aeroporto,Cagliari,3618,4159
09/10/2020,Aeroporto,Alghero,778,720
08/10/2020,Porto,Porto Torres,212,754
08/10/2020,Porto,Olbia,1371,2525
08/10/2020,Porto,Golfo Aranci,258,600
08/10/2020,Porto,Cagliari,83,148
08/10/2020,Porto,Arbatax,35,42
08/10/2020,Aeroporto,Olbia,1311,1286
08/10/2020,Aeroporto,Cagliari,2262,2343
08/10/2020,Aeroporto,Alghero,1081,1109
07/10/2020,Porto,Porto Torres,675,539
07/10/2020,Porto,Olbia,1288,1865
07/10/2020,Porto,Golfo Aranci,296,373
07/10/2020,Porto,Cagliari,225,201
07/10/2020,Aeroporto,Olbia,1180,1303
07/10/2020,Aeroporto,Cagliari,2030,2411
07/10/2020,Aeroporto,Alghero,697,736
06/10/2020,Porto,Porto Torres,271,264
06/10/2020,Porto,Olbia,1695,1915
06/10/2020,Porto,Golfo Aranci,298,348
06/10/2020,Porto,Cagliari,123,95
06/10/2020,Aeroporto,Olbia,636,696
06/10/2020,Aeroporto,Cagliari,2277,2446
06/10/2020,Aeroporto,Alghero,607,796
05/10/2020,Porto,Porto Torres,635,310
05/10/2020,Porto,Olbia,1843,1802
05/10/2020,Porto,Golfo Aranci,324,357
05/10/2020,Porto,Cagliari,126,298
05/10/2020,Aeroporto,Olbia,1021,1350
05/10/2020,Aeroporto,Cagliari,3172,3803
05/10/2020,Aeroporto,Alghero,908,742
04/10/2020,Porto,Porto Torres,1231,1600
04/10/2020,Porto,Olbia,2313,2300
04/10/2020,Porto,Golfo Aranci,592,510
04/10/2020,Porto,Cagliari,320,113
04/10/2020,Aeroporto,Olbia,1732,2055
04/10/2020,Aeroporto,Cagliari,3647,4235
04/10/2020,Aeroporto,Alghero,1094,1282
03/10/2020,Porto,Porto Torres,833,965
03/10/2020,Porto,Olbia,2324,2517
03/10/2020,Porto,Golfo Aranci,839,1013
03/10/2020,Aeroporto,Olbia,3314,3944
03/10/2020,Aeroporto,Cagliari,3492,3802
03/10/2020,Aeroporto,Alghero,764,941
02/10/2020,Porto,Porto Torres,643,1586
02/10/2020,Porto,Olbia,2221,3020
02/10/2020,Porto,Golfo Aranci,505,689
02/10/2020,Porto,Cagliari,198,1
02/10/2020,Aeroporto,Olbia,1334,1430
02/10/2020,Aeroporto,Cagliari,3868,3875
02/10/2020,Aeroporto,Alghero,807,787
01/10/2020,Porto,Porto Torres,320,769
01/10/2020,Porto,Olbia,1813,2346
01/10/2020,Porto,Golfo Aranci,443,483
01/10/2020,Porto,Cagliari,51,179
01/10/2020,Porto,Arbatax,32,58
01/10/2020,Aeroporto,Olbia,1385,1453
01/10/2020,Aeroporto,Cagliari,2712,2843
01/10/2020,Aeroporto,Alghero,1054,1053
30/09/2020,Porto,Porto Torres,704,2052
30/09/2020,Porto,Olbia,1370,2791
30/09/2020,Porto,Golfo Aranci,34,579
30/09/2020,Porto,Cagliari,219,324
30/09/2020,Aeroporto,Olbia,1475,1791
30/09/2020,Aeroporto,Cagliari,2424,3182
30/09/2020,Aeroporto,Alghero,672,1068
29/09/2020,Porto,Porto Torres,341,423
29/09/2020,Porto,Olbia,1734,2240
29/09/2020,Porto,Golfo Aranci,224,418
29/09/2020,Porto,Cagliari,101,124
29/09/2020,Aeroporto,Olbia,827,1761
29/09/2020,Aeroporto,Cagliari,2094,2917
29/09/2020,Aeroporto,Alghero,646,766
28/09/2020,Porto,Porto Torres,1300,1423
28/09/2020,Porto,Olbia,1493,2186
28/09/2020,Porto,Golfo Aranci,308,457
28/09/2020,Porto,Cagliari,366,258
28/09/2020,Porto,Arbatax,0,98
28/09/2020,Aeroporto,Olbia,1337,1846
28/09/2020,Aeroporto,Cagliari,3032,4359
28/09/2020,Aeroporto,Alghero,888,1368
27/09/2020,Porto,Porto Torres,602,937
27/09/2020,Porto,Olbia,2912,4502
27/09/2020,Porto,Golfo Aranci,506,527
27/09/2020,Porto,Cagliari,71,104
27/09/2020,Aeroporto,Olbia,1655,3197
27/09/2020,Aeroporto,Cagliari,3599,4998
27/09/2020,Aeroporto,Alghero,1060,1759
26/09/2020,Porto,Olbia,3219,4932
26/09/2020,Porto,Golfo Aranci,606,1529
26/09/2020,Porto,Cagliari,0,518
26/09/2020,Aeroporto,Olbia,3459,5412
26/09/2020,Aeroporto,Cagliari,3660,5139
26/09/2020,Aeroporto,Alghero,788,1221
25/09/2020,Porto,Porto Torres,348,750
25/09/2020,Porto,Olbia,1946,3904
25/09/2020,Porto,Golfo Aranci,510,746
25/09/2020,Porto,Cagliari,189,4
25/09/2020,Aeroporto,Olbia,1916,2549
25/09/2020,Aeroporto,Cagliari,4059,4184
25/09/2020,Aeroporto,Alghero,929,1011
24/09/2020,Porto,Porto Torres,542,1403
24/09/2020,Porto,Olbia,1633,3223
24/09/2020,Porto,Golfo Aranci,355,486
24/09/2020,Porto,Cagliari,52,147
24/09/2020,Porto,Arbatax,50,66
24/09/2020,Aeroporto,Olbia,2046,2630
24/09/2020,Aeroporto,Cagliari,3352,3516
24/09/2020,Aeroporto,Alghero,1133,1389
23/09/2020,Porto,Porto Torres,662,1224
23/09/2020,Porto,Olbia,1679,2820
23/09/2020,Porto,Golfo Aranci,316,560
23/09/2020,Porto,Cagliari,322,236
23/09/2020,Aeroporto,Olbia,1787,2113
23/09/2020,Aeroporto,Cagliari,2575,3148
23/09/2020,Aeroporto,Alghero,810,915
22/09/2020,Porto,Porto Torres,622,1014
22/09/2020,Porto,Olbia,2020,4471
22/09/2020,Porto,Golfo Aranci,368,465
22/09/2020,Porto,Cagliari,123,146
22/09/2020,Aeroporto,Olbia,1168,1997
22/09/2020,Aeroporto,Cagliari,2604,2958
22/09/2020,Aeroporto,Alghero,593,844
21/09/2020,Porto,Porto Torres,964,803
21/09/2020,Porto,Olbia,2916,3332
21/09/2020,Porto,Golfo Aranci,424,885
21/09/2020,Porto,Cagliari,140,245
21/09/2020,Porto,Arbatax,0,111
21/09/2020,Aeroporto,Olbia,1737,2818
21/09/2020,Aeroporto,Cagliari,3289,4372
21/09/2020,Aeroporto,Alghero,1066,1302
20/09/2020,Porto,Porto Torres,1143,1595
20/09/2020,Porto,Olbia,3795,5135
20/09/2020,Porto,Golfo Aranci,581,1231
20/09/2020,Porto,Cagliari,331,116
20/09/2020,Aeroporto,Olbia,2219,4348
20/09/2020,Aeroporto,Cagliari,4121,5803
20/09/2020,Aeroporto,Alghero,1414,1968
19/09/2020,Porto,Porto Torres,1081,1454
19/09/2020,Porto,Olbia,3357,7117
19/09/2020,Porto,Golfo Aranci,674,1422
19/09/2020,Porto,Cagliari,129,207
19/09/2020,Porto,Arbatax,46,0
19/09/2020,Aeroporto,Olbia,4729,5629
19/09/2020,Aeroporto,Cagliari,4162,5336
19/09/2020,Aeroporto,Alghero,1169,1512
18/09/2020,Porto,Porto Torres,485,2136
18/09/2020,Porto,Olbia,1571,4177
18/09/2020,Porto,Golfo Aranci,536,1204
18/09/2020,Porto,Cagliari,207,544
18/09/2020,Aeroporto,Olbia,2881,3100
18/09/2020,Aeroporto,Cagliari,3900,4119
18/09/2020,Aeroporto,Alghero,921,835
17/09/2020,Porto,Porto Torres,548,974
17/09/2020,Porto,Olbia,1963,4075
17/09/2020,Porto,Golfo Aranci,489,560
17/09/2020,Porto,Cagliari,89,177
17/09/2020,Porto,Arbatax,50,105
17/09/2020,Aeroporto,Olbia,2625,2798
17/09/2020,Aeroporto,Cagliari,3206,3339
17/09/2020,Aeroporto,Alghero,1029,1215
16/09/2020,Porto,Porto Torres,921,2159
16/09/2020,Porto,Olbia,1894,3198
16/09/2020,Porto,Golfo Aranci,353,720
16/09/2020,Porto,Cagliari,213,289
16/09/2020,Aeroporto,Olbia,2021,2694
16/09/2020,Aeroporto,Cagliari,2643,3600
16/09/2020,Aeroporto,Alghero,727,897
15/09/2020,Porto,Porto Torres,752,719
15/09/2020,Porto,Olbia,2233,4537
15/09/2020,Porto,Golfo Aranci,395,821
15/09/2020,Porto,Cagliari,131,232
15/09/2020,Aeroporto,Olbia,1543,2409
15/09/2020,Aeroporto,Cagliari,2447,3116
15/09/2020,Aeroporto,Alghero,536,870
14/09/2020,Porto,Porto Torres,1020,2238
14/09/2020,Porto,Olbia,2677,4218
14/09/2020,Porto,Golfo Aranci,639,1288
14/09/2020,Porto,Cagliari,96,270
14/09/2020,Porto,Arbatax,0,95
14/09/2020,Aeroporto,Olbia,2005,3469
14/09/2020,Aeroporto,Cagliari,3061,4598
14/09/2020,Aeroporto,Alghero,913,1334
13/09/2020,Porto,Porto Torres,1404,1495
13/09/2020,Porto,Olbia,6256,9541
13/09/2020,Porto,Golfo Aranci,1037,2179
13/09/2020,Porto,Cagliari,517,149
13/09/2020,Aeroporto,Olbia,3980,5059
13/09/2020,Aeroporto,Cagliari,5439,6667
13/09/2020,Aeroporto,Alghero,1716,2118
12/09/2020,Porto,Porto Torres,1421,3724
12/09/2020,Porto,Olbia,4739,8971
12/09/2020,Porto,Golfo Aranci,1200,2274
12/09/2020,Porto,Cagliari,95,396
12/09/2020,Porto,Arbatax,60,0
12/09/2020,Aeroporto,Olbia,5824,6483
12/09/2020,Aeroporto,Cagliari,5143,6070
12/09/2020,Aeroporto,Alghero,1586,2002
11/09/2020,Porto,Porto Torres,890,1920
11/09/2020,Porto,Olbia,3057,7434
11/09/2020,Porto,Golfo Aranci,986,3323
11/09/2020,Porto,Cagliari,288,904
11/09/2020,Aeroporto,Olbia,3599,3747
11/09/2020,Aeroporto,Cagliari,4047,5040
11/09/2020,Aeroporto,Alghero,967,941
10/09/2020,Porto,Porto Torres,700,2992
10/09/2020,Porto,Olbia,2437,6002
10/09/2020,Porto,Golfo Aranci,787,2001
10/09/2020,Porto,Cagliari,87,308
10/09/2020,Porto,Arbatax,53,184
10/09/2020,Aeroporto,Olbia,3462,4230
10/09/2020,Aeroporto,Cagliari,3536,4590
10/09/2020,Aeroporto,Alghero,1241,1635
09/09/2020,Porto,Porto Torres,1032,1635
09/09/2020,Porto,Olbia,2316,6892
09/09/2020,Porto,Golfo Aranci,784,2034
09/09/2020,Porto,Cagliari,251,402
09/09/2020,Aeroporto,Olbia,2540,3411
09/09/2020,Aeroporto,Cagliari,3043,4129
09/09/2020,Aeroporto,Alghero,873,1386
08/09/2020,Porto,Porto Torres,1093,3558
08/09/2020,Porto,Olbia,2964,6448
08/09/2020,Porto,Golfo Aranci,517,1328
08/09/2020,Porto,Cagliari,128,298
08/09/2020,Aeroporto,Olbia,2231,3536
08/09/2020,Aeroporto,Cagliari,3070,4046
08/09/2020,Aeroporto,Alghero,705,1228
07/09/2020,Porto,Porto Torres,681,1044
07/09/2020,Porto,Olbia,5425,8534
07/09/2020,Porto,Golfo Aranci,1068,2236
07/09/2020,Porto,Cagliari,393,838
07/09/2020,Porto,Arbatax,0,191
07/09/2020,Aeroporto,Olbia,2854,4161
07/09/2020,Aeroporto,Cagliari,3626,5346
07/09/2020,Aeroporto,Alghero,971,1404
06/09/2020,Porto,Porto Torres,1489,3074
06/09/2020,Porto,Olbia,5502,10651
06/09/2020,Porto,Golfo Aranci,1889,3321
06/09/2020,Porto,Cagliari,256,189
06/09/2020,Porto,Arbatax,47,222
06/09/2020,Aeroporto,Olbia,4128,5617
06/09/2020,Aeroporto,Cagliari,5511,7542
06/09/2020,Aeroporto,Alghero,1649,2399
05/09/2020,Porto,Porto Torres,2577,5912
05/09/2020,Porto,Olbia,6966,12201
05/09/2020,Porto,Golfo Aranci,956,2104
05/09/2020,Porto,Cagliari,242,797
05/09/2020,Porto,Arbatax,80,0
05/09/2020,Aeroporto,Olbia,6698,7193
05/09/2020,Aeroporto,Cagliari,5516,6663
05/09/2020,Aeroporto,Alghero,1814,2191
04/09/2020,Porto,Porto Torres,785,880
04/09/2020,Porto,Olbia,5113,11564
04/09/2020,Porto,Golfo Aranci,1665,3497
04/09/2020,Porto,Cagliari,151,344
04/09/2020,Aeroporto,Olbia,4164,4100
04/09/2020,Aeroporto,Cagliari,4493,5076
04/09/2020,Aeroporto,Alghero,1112,1135
03/09/2020,Porto,Porto Torres,1191,2648
03/09/2020,Porto,Olbia,3852,11014
03/09/2020,Porto,Golfo Aranci,1144,2446
03/09/2020,Porto,Cagliari,341,759
03/09/2020,Porto,Arbatax,73,386
03/09/2020,Aeroporto,Olbia,3630,4141
03/09/2020,Aeroporto,Cagliari,3905,4682
03/09/2020,Aeroporto,Alghero,1430,1501
02/09/2020,Porto,Porto Torres,1133,2505
02/09/2020,Porto,Olbia,4630,10711
02/09/2020,Porto,Golfo Aranci,1258,4364
02/09/2020,Porto,Cagliari,490,679
02/09/2020,Aeroporto,Olbia,2738,3796
02/09/2020,Aeroporto,Cagliari,3212,4325
02/09/2020,Aeroporto,Alghero,1000,1538
01/09/2020,Porto,Porto Torres,2694,3734
01/09/2020,Porto,Olbia,6281,12706
01/09/2020,Porto,Golfo Aranci,1812,2776
01/09/2020,Porto,Cagliari,298,448
01/09/2020,Porto,Arbatax,53,152
01/09/2020,Aeroporto,Olbia,3087,4558
01/09/2020,Aeroporto,Cagliari,3169,4916
01/09/2020,Aeroporto,Alghero,935,1516
31/08/2020,Porto,Porto Torres,1320,2338
31/08/2020,Porto,Olbia,6635,13398
31/08/2020,Porto,Golfo Aranci,1509,2611
31/08/2020,Porto,Cagliari,755,802
31/08/2020,Aeroporto,Olbia,3038,6014
31/08/2020,Aeroporto,Cagliari,4187,6895
31/08/2020,Aeroporto,Alghero,906,2011
30/08/2020,Porto,Porto Torres,1990,4877
30/08/2020,Porto,Olbia,6270,13975
30/08/2020,Porto,Golfo Aranci,2054,4247
30/08/2020,Porto,Cagliari,205,342
30/08/2020,Porto,Arbatax,0,207
30/08/2020,Aeroporto,Olbia,4508,8993
30/08/2020,Aeroporto,Cagliari,5833,9903
30/08/2020,Aeroporto,Alghero,1934,3596
29/08/2020,Porto,Porto Torres,3639,6929
29/08/2020,Porto,Olbia,8301,14417
29/08/2020,Porto,Golfo Aranci,1128,4919
29/08/2020,Porto,Cagliari,305,884
29/08/2020,Porto,Arbatax,47,0
29/08/2020,Aeroporto,Olbia,6516,9264
29/08/2020,Aeroporto,Cagliari,6187,8965
29/08/2020,Aeroporto,Alghero,2253,3714
28/08/2020,Porto,Porto Torres,1044,2972
28/08/2020,Porto,Olbia,6150,19589
28/08/2020,Porto,Golfo Aranci,2398,4563
28/08/2020,Porto,Cagliari,169,478
28/08/2020,Aeroporto,Olbia,4456,7752
28/08/2020,Aeroporto,Cagliari,4363,6918
28/08/2020,Aeroporto,Alghero,1145,1757
27/08/2020,Porto,Porto Torres,1394,3998
27/08/2020,Porto,Olbia,3933,14081
27/08/2020,Porto,Golfo Aranci,1244,4686
27/08/2020,Porto,Cagliari,537,1146
27/08/2020,Porto,Arbatax,109,370
27/08/2020,Aeroporto,Olbia,3251,6085
27/08/2020,Aeroporto,Cagliari,3860,6858
27/08/2020,Aeroporto,Alghero,1473,2707
26/08/2020,Porto,Porto Torres,1140,4429
26/08/2020,Porto,Olbia,4394,15551
26/08/2020,Porto,Golfo Aranci,1174,3343
26/08/2020,Porto,Cagliari,458,799
26/08/2020,Aeroporto,Olbia,3225,6521
26/08/2020,Aeroporto,Cagliari,3469,6312
26/08/2020,Aeroporto,Alghero,1024,1944
25/08/2020,Porto,Porto Torres,2760,5255
25/08/2020,Porto,Olbia,6396,13220
25/08/2020,Porto,Golfo Aranci,2101,3516
25/08/2020,Porto,Cagliari,272,462
25/08/2020,Porto,Arbatax,80,179
25/08/2020,Aeroporto,Olbia,3151,6593
25/08/2020,Aeroporto,Cagliari,3654,6291
25/08/2020,Aeroporto,Alghero,1148,2562
24/08/2020,Porto,Porto Torres,1062,2386
24/08/2020,Porto,Olbia,8700,17064
24/08/2020,Porto,Golfo Aranci,490,3552
24/08/2020,Porto,Cagliari,826,917
24/08/2020,Porto,Arbatax,0,286
24/08/2020,Aeroporto,Olbia,4290,6929
24/08/2020,Aeroporto,Cagliari,4771,7321
24/08/2020,Aeroporto,Alghero,1436,2293
23/08/2020,Porto,Porto Torres,2776,6461
23/08/2020,Porto,Olbia,10555,17848
23/08/2020,Porto,Golfo Aranci,2975,4574
23/08/2020,Porto,Cagliari,276,503
23/08/2020,Aeroporto,Olbia,6031,8779
23/08/2020,Aeroporto,Cagliari,6741,9544
23/08/2020,Aeroporto,Alghero,2373,3757
22/08/2020,Porto,Porto Torres,3066,7974
22/08/2020,Porto,Olbia,10794,19622
22/08/2020,Porto,Golfo Aranci,1471,3290
22/08/2020,Porto,Cagliari,474,1454
22/08/2020,Porto,Arbatax,206,169
22/08/2020,Aeroporto,Olbia,8016,9351
22/08/2020,Aeroporto,Cagliari,7503,8841
22/08/2020,Aeroporto,Alghero,2575,3613
21/08/2020,Porto,Porto Torres,1756,3485
21/08/2020,Porto,Olbia,8765,19210
21/08/2020,Porto,Golfo Aranci,2581,4743
21/08/2020,Porto,Cagliari,344,772
21/08/2020,Aeroporto,Olbia,5194,7276
21/08/2020,Aeroporto,Cagliari,5035,6956
21/08/2020,Aeroporto,Alghero,1334,1956
20/08/2020,Porto,Porto Torres,1872,4310
20/08/2020,Porto,Olbia,6970,14561
20/08/2020,Porto,Golfo Aranci,1759,4677
20/08/2020,Porto,Cagliari,771,505
20/08/2020,Porto,Arbatax,183,189
20/08/2020,Aeroporto,Olbia,4519,6341
20/08/2020,Aeroporto,Cagliari,5016,6532
20/08/2020,Aeroporto,Alghero,2062,2752
19/08/2020,Porto,Porto Torres,2436,3067
19/08/2020,Porto,Olbia,8677,16750
19/08/2020,Porto,Golfo Aranci,1988,2592
19/08/2020,Porto,Cagliari,951,894
19/08/2020,Aeroporto,Olbia,4506,6280
19/08/2020,Aeroporto,Cagliari,4251,5052
19/08/2020,Aeroporto,Alghero,1538,2001
18/08/2020,Porto,Porto Torres,4487,3914
18/08/2020,Porto,Olbia,10885,9149
18/08/2020,Porto,Golfo Aranci,2901,4100
18/08/2020,Porto,Cagliari,428,238
18/08/2020,Porto,Arbatax,194,100
18/08/2020,Aeroporto,Olbia,4983,6043
18/08/2020,Aeroporto,Cagliari,4955,5879
18/08/2020,Aeroporto,Alghero,1936,2214
17/08/2020,Porto,Porto Torres,2028,2362
17/08/2020,Porto,Olbia,14297,14014
17/08/2020,Porto,Golfo Aranci,3248,3541
17/08/2020,Porto,Cagliari,1060,763
17/08/2020,Aeroporto,Olbia,5768,6579
17/08/2020,Aeroporto,Cagliari,5960,6582
17/08/2020,Aeroporto,Alghero,2040,2301
16/08/2020,Porto,Porto Torres,3596,3580
16/08/2020,Porto,Olbia,14717,14111
16/08/2020,Porto,Golfo Aranci,4179,4055
16/08/2020,Porto,Cagliari,578,394
16/08/2020,Aeroporto,Olbia,7574,8098
16/08/2020,Aeroporto,Cagliari,7640,8684
16/08/2020,Aeroporto,Alghero,2722,3106
15/08/2020,Porto,Porto Torres,4665,5078
15/08/2020,Porto,Olbia,14272,11960
15/08/2020,Porto,Golfo Aranci,1947,2330
15/08/2020,Porto,Cagliari,684,807
15/08/2020,Porto,Arbatax,285,109
15/08/2020,Aeroporto,Olbia,8407,8107
15/08/2020,Aeroporto,Cagliari,7178,6759
15/08/2020,Aeroporto,Alghero,2784,2688
14/08/2020,Porto,Porto Torres,2667,2112
14/08/2020,Porto,Olbia,12950,12930
14/08/2020,Porto,Golfo Aranci,4668,3647
14/08/2020,Porto,Cagliari,311,219
14/08/2020,Aeroporto,Olbia,7018,6091
14/08/2020,Aeroporto,Cagliari,6381,5498
14/08/2020,Aeroporto,Alghero,1673,1284
13/08/2020,Porto,Porto Torres,2220,3561
13/08/2020,Porto,Olbia,11891,9494
13/08/2020,Porto,Golfo Aranci,1878,2452
13/08/2020,Porto,Cagliari,1000,833
13/08/2020,Porto,Arbatax,321,174
13/08/2020,Aeroporto,Olbia,5874,4824
13/08/2020,Aeroporto,Cagliari,6033,5171
13/08/2020,Aeroporto,Alghero,2510,2277
12/08/2020,Porto,Porto Torres,3088,1599
12/08/2020,Porto,Olbia,14371,9325
12/08/2020,Porto,Golfo Aranci,3120,1512
12/08/2020,Porto,Cagliari,1063,873
12/08/2020,Porto,Arbatax,2,0
12/08/2020,Aeroporto,Olbia,5836,5090
12/08/2020,Aeroporto,Cagliari,5248,4303
12/08/2020,Aeroporto,Alghero,1808,1444
11/08/2020,Porto,Porto Torres,5363,3724
11/08/2020,Porto,Olbia,14847,5114
11/08/2020,Porto,Golfo Aranci,5029,1987
11/08/2020,Porto,Cagliari,474,176
11/08/2020,Porto,Arbatax,123,121
11/08/2020,Aeroporto,Olbia,6142,4718
11/08/2020,Aeroporto,Cagliari,5587,4347
11/08/2020,Aeroporto,Alghero,2231,1592
10/08/2020,Porto,Porto Torres,2506,1190
10/08/2020,Porto,Olbia,17679,8955
10/08/2020,Porto,Golfo Aranci,4367,2178
10/08/2020,Porto,Cagliari,1361,719
10/08/2020,Aeroporto,Olbia,6328,5016
10/08/2020,Aeroporto,Cagliari,6325,4703
10/08/2020,Aeroporto,Alghero,2295,1591
09/08/2020,Porto,Porto Torres,6024,2741
09/08/2020,Porto,Olbia,19293,11851
09/08/2020,Porto,Golfo Aranci,5416,3143
09/08/2020,Porto,Cagliari,9,204
09/08/2020,Aeroporto,Olbia,7982,6850
09/08/2020,Aeroporto,Cagliari,9341,6941
09/08/2020,Aeroporto,Alghero,3070,2459
08/08/2020,Porto,Porto Torres,6682,2524
08/08/2020,Porto,Olbia,16607,6857
08/08/2020,Porto,Golfo Aranci,3172,1960
08/08/2020,Porto,Cagliari,961,931
08/08/2020,Porto,Arbatax,271,0
08/08/2020,Aeroporto,Olbia,9153,7418
08/08/2020,Aeroporto,Cagliari,8994,6289
08/08/2020,Aeroporto,Alghero,3656,2371
07/08/2020,Porto,Porto Torres,2935,1889
07/08/2020,Porto,Olbia,14895,8916
07/08/2020,Porto,Golfo Aranci,3904,1955
07/08/2020,Porto,Cagliari,434,332
07/08/2020,Aeroporto,Olbia,7487,5167
07/08/2020,Aeroporto,Cagliari,7090,4552
07/08/2020,Aeroporto,Alghero,2256,1005
06/08/2020,Porto,Porto Torres,1476,1623
06/08/2020,Porto,Olbia,11940,5401
06/08/2020,Porto,Golfo Aranci,2698,2078
06/08/2020,Porto,Cagliari,633,659
06/08/2020,Porto,Arbatax,259,178
06/08/2020,Aeroporto,Olbia,6491,3854
06/08/2020,Aeroporto,Cagliari,6148,4056
06/08/2020,Aeroporto,Alghero,2796,1898
05/08/2020,Porto,Porto Torres,1363,966
05/08/2020,Porto,Olbia,13900,5698
05/08/2020,Porto,Golfo Aranci,4314,1467
05/08/2020,Porto,Cagliari,754,654
05/08/2020,Porto,Arbatax,0,13
05/08/2020,Aeroporto,Olbia,6214,4209
05/08/2020,Aeroporto,Cagliari,5352,3483
05/08/2020,Aeroporto,Alghero,1804,1119
04/08/2020,Porto,Porto Torres,5376,2400
04/08/2020,Porto,Olbia,9551,5290
04/08/2020,Porto,Golfo Aranci,4478,1498
04/08/2020,Porto,Cagliari,297,192
04/08/2020,Porto,Arbatax,91,0
04/08/2020,Aeroporto,Olbia,5656,3765
04/08/2020,Aeroporto,Cagliari,5287,3864
04/08/2020,Aeroporto,Alghero,2022,1361
03/08/2020,Porto,Porto Torres,1214,646
03/08/2020,Porto,Olbia,11978,7252
03/08/2020,Porto,Golfo Aranci,3604,2069
03/08/2020,Porto,Cagliari,825,639
03/08/2020,Porto,Arbatax,0,179
03/08/2020,Aeroporto,Olbia,6381,4844
03/08/2020,Aeroporto,Cagliari,6026,4382
03/08/2020,Aeroporto,Alghero,2251,1579
02/08/2020,Porto,Porto Torres,3916,3589
02/08/2020,Porto,Olbia,14959,7916
02/08/2020,Porto,Golfo Aranci,4381,3649
02/08/2020,Porto,Cagliari,335,168
02/08/2020,Aeroporto,Olbia,7525,6021
02/08/2020,Aeroporto,Cagliari,7964,6436
02/08/2020,Aeroporto,Alghero,2807,2311
01/08/2020,Porto,Porto Torres,4527,3372
01/08/2020,Porto,Olbia,13615,9353
01/08/2020,Porto,Golfo Aranci,2413,2242
01/08/2020,Porto,Cagliari,736,894
01/08/2020,Porto,Arbatax,394,60
01/08/2020,Aeroporto,Olbia,9119,6944
01/08/2020,Aeroporto,Cagliari,8050,5802
01/08/2020,Aeroporto,Alghero,3301,2232
31/07/2020,Porto,Porto Torres,3372,2011
31/07/2020,Porto,Olbia,11896,9451
31/07/2020,Porto,Golfo Aranci,3112,2467
31/07/2020,Porto,Cagliari,297,343
31/07/2020,Aeroporto,Olbia,6647,5052
31/07/2020,Aeroporto,Cagliari,6089,4551
31/07/2020,Aeroporto,Alghero,1513,1048
30/07/2020,Porto,Porto Torres,3332,2657
30/07/2020,Porto,Olbia,10338,8153
30/07/2020,Porto,Golfo Aranci,2584,1893
30/07/2020,Porto,Cagliari,570,842
30/07/2020,Porto,Arbatax,152,203
30/07/2020,Aeroporto,Olbia,4954,3765
30/07/2020,Aeroporto,Cagliari,5064,3938
30/07/2020,Aeroporto,Alghero,2348,1688
29/07/2020,Porto,Porto Torres,2898,1772
29/07/2020,Porto,Olbia,10265,7110
29/07/2020,Porto,Golfo Aranci,1303,813
29/07/2020,Porto,Cagliari,475,469
29/07/2020,Aeroporto,Olbia,4824,3897
29/07/2020,Aeroporto,Cagliari,4204,3693
29/07/2020,Aeroporto,Alghero,1485,1206
28/07/2020,Porto,Porto Torres,4040,2062
28/07/2020,Porto,Olbia,8459,5517
28/07/2020,Porto,Golfo Aranci,2446,1959
28/07/2020,Porto,Cagliari,296,271
28/07/2020,Porto,Arbatax,163,77
28/07/2020,Aeroporto,Olbia,3948,3417
28/07/2020,Aeroporto,Cagliari,4228,3622
28/07/2020,Aeroporto,Alghero,1575,1243
27/07/2020,Porto,Porto Torres,1037,878
27/07/2020,Porto,Olbia,8979,6126
27/07/2020,Porto,Golfo Aranci,2298,1457
27/07/2020,Porto,Cagliari,679,492
27/07/2020,Porto,Arbatax,0,148
27/07/2020,Aeroporto,Olbia,4667,4870
27/07/2020,Aeroporto,Cagliari,4862,4782
27/07/2020,Aeroporto,Alghero,1466,1484
26/07/2020,Porto,Porto Torres,5070,2141
26/07/2020,Porto,Olbia,11557,8967
26/07/2020,Porto,Golfo Aranci,3844,2785
26/07/2020,Porto,Cagliari,215,276
26/07/2020,Porto,Arbatax,2,0
26/07/2020,Aeroporto,Olbia,5823,5476
26/07/2020,Aeroporto,Cagliari,5928,6062
26/07/2020,Aeroporto,Alghero,2446,2637
25/07/2020,Porto,Porto Torres,3274,2621
25/07/2020,Porto,Olbia,11060,7787
25/07/2020,Porto,Golfo Aranci,2293,1708
25/07/2020,Porto,Cagliari,403,702
25/07/2020,Porto,Arbatax,300,51
25/07/2020,Aeroporto,Olbia,7681,6047
25/07/2020,Aeroporto,Cagliari,6851,5108
25/07/2020,Aeroporto,Alghero,2441,1606
24/07/2020,Porto,Porto Torres,2448,1376
24/07/2020,Porto,Olbia,8872,6612
24/07/2020,Porto,Golfo Aranci,2540,1889
24/07/2020,Porto,Cagliari,283,220
24/07/2020,Aeroporto,Olbia,6186,4357
24/07/2020,Aeroporto,Cagliari,5951,4089
24/07/2020,Aeroporto,Alghero,1357,888
23/07/2020,Porto,Porto Torres,2280,1489
23/07/2020,Porto,Olbia,8288,5325
23/07/2020,Porto,Golfo Aranci,2150,1311
23/07/2020,Porto,Cagliari,427,437
23/07/2020,Porto,Arbatax,158,165
23/07/2020,Aeroporto,Olbia,3905,2757
23/07/2020,Aeroporto,Cagliari,3974,2999
23/07/2020,Aeroporto,Alghero,2133,1520
22/07/2020,Porto,Porto Torres,1612,802
22/07/2020,Porto,Olbia,7899,4519
22/07/2020,Porto,Golfo Aranci,1278,900
22/07/2020,Porto,Cagliari,490,361
22/07/2020,Aeroporto,Olbia,3706,2935
22/07/2020,Aeroporto,Cagliari,3787,2986
22/07/2020,Aeroporto,Alghero,1185,969
21/07/2020,Porto,Porto Torres,2820,1263
21/07/2020,Porto,Olbia,6613,3726
21/07/2020,Porto,Golfo Aranci,1939,1112
21/07/2020,Porto,Cagliari,405,154
21/07/2020,Porto,Arbatax,143,42
21/07/2020,Aeroporto,Olbia,2882,2703
21/07/2020,Aeroporto,Cagliari,3843,3079
21/07/2020,Aeroporto,Alghero,1138,945
20/07/2020,Porto,Porto Torres,1019,1258
20/07/2020,Porto,Olbia,9998,4968
20/07/2020,Porto,Golfo Aranci,2191,1445
20/07/2020,Porto,Cagliari,1075,537
20/07/2020,Porto,Arbatax,0,258
20/07/2020,Aeroporto,Olbia,3851,3769
20/07/2020,Aeroporto,Cagliari,3983,3795
20/07/2020,Aeroporto,Alghero,1377,1316
19/07/2020,Porto,Porto Torres,4484,1590
19/07/2020,Porto,Olbia,8997,6994
19/07/2020,Porto,Golfo Aranci,3097,2800
19/07/2020,Porto,Cagliari,479,216
19/07/2020,Aeroporto,Olbia,4998,4762
19/07/2020,Aeroporto,Cagliari,5777,5553
19/07/2020,Aeroporto,Alghero,2177,2126
18/07/2020,Porto,Porto Torres,1811,1689
18/07/2020,Porto,Olbia,9599,7496
18/07/2020,Porto,Golfo Aranci,2455,1856
18/07/2020,Porto,Cagliari,642,1008
18/07/2020,Porto,Arbatax,456,183
18/07/2020,Aeroporto,Olbia,6670,5047
18/07/2020,Aeroporto,Cagliari,5864,4442
18/07/2020,Aeroporto,Alghero,2155,1619
17/07/2020,Porto,Porto Torres,3654,1930
17/07/2020,Porto,Olbia,8126,5005
17/07/2020,Porto,Golfo Aranci,2772,1760
17/07/2020,Porto,Cagliari,419,243
17/07/2020,Aeroporto,Olbia,4915,3499
17/07/2020,Aeroporto,Cagliari,5277,3268
17/07/2020,Aeroporto,Alghero,1232,684
16/07/2020,Porto,Porto Torres,1604,514
16/07/2020,Porto,Olbia,8036,4481
16/07/2020,Porto,Golfo Aranci,1973,1031
16/07/2020,Porto,Cagliari,551,477
16/07/2020,Porto,Arbatax,425,152
16/07/2020,Aeroporto,Olbia,3518,2533
16/07/2020,Aeroporto,Cagliari,3631,2579
16/07/2020,Aeroporto,Alghero,1743,1207
15/07/2020,Porto,Porto Torres,2370,1621
15/07/2020,Porto,Olbia,6590,3843
15/07/2020,Porto,Golfo Aranci,1351,1183
15/07/2020,Porto,Cagliari,619,278
15/07/2020,Aeroporto,Olbia,3392,2457
15/07/2020,Aeroporto,Cagliari,3461,2779
15/07/2020,Aeroporto,Alghero,1322,1015
14/07/2020,Porto,Porto Torres,2466,937
14/07/2020,Porto,Olbia,6707,4020
14/07/2020,Porto,Golfo Aranci,1772,583
14/07/2020,Porto,Cagliari,270,182
14/07/2020,Porto,Arbatax,217,27
14/07/2020,Aeroporto,Olbia,2546,2505
14/07/2020,Aeroporto,Cagliari,3640,2935
14/07/2020,Aeroporto,Alghero,1021,941
13/07/2020,Porto,Porto Torres,2230,1356
13/07/2020,Porto,Olbia,6799,4121
13/07/2020,Porto,Golfo Aranci,1868,1234
13/07/2020,Porto,Cagliari,261,409
13/07/2020,Porto,Arbatax,1,205
13/07/2020,Aeroporto,Olbia,3416,3369
13/07/2020,Aeroporto,Cagliari,3751,3376
13/07/2020,Aeroporto,Alghero,979,1088
12/07/2020,Porto,Porto Torres,2394,1127
12/07/2020,Porto,Olbia,7550,6447
12/07/2020,Porto,Golfo Aranci,2630,2098
12/07/2020,Porto,Cagliari,950,223
12/07/2020,Aeroporto,Olbia,4534,4099
12/07/2020,Aeroporto,Cagliari,5344,4742
12/07/2020,Aeroporto,Alghero,1949,1834
11/07/2020,Porto,Porto Torres,3287,2229
11/07/2020,Porto,Olbia,7678,5852
11/07/2020,Porto,Golfo Aranci,1618,1212
11/07/2020,Porto,Cagliari,319,342
11/07/2020,Porto,Arbatax,341,0
11/07/2020,Aeroporto,Olbia,5879,3902
11/07/2020,Aeroporto,Cagliari,5430,3467
11/07/2020,Aeroporto,Alghero,2049,1379
10/07/2020,Porto,Porto Torres,2198,896
10/07/2020,Porto,Olbia,7734,4885
10/07/2020,Porto,Golfo Aranci,2555,1312
10/07/2020,Porto,Cagliari,602,635
10/07/2020,Aeroporto,Olbia,4816,2667
10/07/2020,Aeroporto,Cagliari,4707,2881
10/07/2020,Aeroporto,Alghero,1044,583
09/07/2020,Porto,Porto Torres,2257,1100
09/07/2020,Porto,Olbia,5305,3044
09/07/2020,Porto,Golfo Aranci,1777,727
09/07/2020,Porto,Cagliari,167,134
09/07/2020,Porto,Arbatax,243,100
09/07/2020,Aeroporto,Olbia,2879,1566
09/07/2020,Aeroporto,Cagliari,3134,1961
09/07/2020,Aeroporto,Alghero,1789,837
08/07/2020,Porto,Porto Torres,1368,549
08/07/2020,Porto,Olbia,5729,2438
08/07/2020,Porto,Golfo Aranci,1109,557
08/07/2020,Porto,Cagliari,553,343
08/07/2020,Aeroporto,Olbia,2732,1377
08/07/2020,Aeroporto,Cagliari,3201,2181
08/07/2020,Aeroporto,Alghero,1193,831
07/07/2020,Porto,Porto Torres,2993,834
07/07/2020,Porto,Olbia,4913,2340
07/07/2020,Porto,Golfo Aranci,871,609
07/07/2020,Porto,Cagliari,289,84
07/07/2020,Aeroporto,Olbia,1991,1643
07/07/2020,Aeroporto,Cagliari,3230,2109
07/07/2020,Aeroporto,Alghero,1082,759
06/07/2020,Porto,Porto Torres,897,577
06/07/2020,Porto,Olbia,6419,3637
06/07/2020,Porto,Golfo Aranci,2182,913
06/07/2020,Porto,Cagliari,375,382
06/07/2020,Porto,Arbatax,0,176
06/07/2020,Aeroporto,Olbia,3059,2266
06/07/2020,Aeroporto,Cagliari,3556,2688
06/07/2020,Aeroporto,Alghero,991,824
05/07/2020,Porto,Porto Torres,3842,1105
05/07/2020,Porto,Olbia,6851,3865
05/07/2020,Porto,Golfo Aranci,2696,1620
05/07/2020,Porto,Cagliari,809,95
05/07/2020,Aeroporto,Olbia,4070,2965
05/07/2020,Aeroporto,Cagliari,5084,2856
05/07/2020,Aeroporto,Alghero,1989,1288
04/07/2020,Porto,Porto Torres,1976,840
04/07/2020,Porto,Olbia,8128,4872
04/07/2020,Porto,Golfo Aranci,2104,1247
04/07/2020,Porto,Cagliari,290,291
04/07/2020,Porto,Arbatax,355,1
04/07/2020,Aeroporto,Olbia,5272,2036
04/07/2020,Aeroporto,Cagliari,5094,2525
04/07/2020,Aeroporto,Alghero,1944,815
03/07/2020,Porto,Porto Torres,3434,956
03/07/2020,Porto,Olbia,6636,2634
03/07/2020,Porto,Golfo Aranci,2367,813
03/07/2020,Porto,Cagliari,725,593
03/07/2020,Aeroporto,Olbia,4238,2081
03/07/2020,Aeroporto,Cagliari,4497,2308
03/07/2020,Aeroporto,Alghero,1030,408
02/07/2020,Porto,Porto Torres,1522,390
02/07/2020,Porto,Olbia,6680,2261
02/07/2020,Porto,Golfo Aranci,903,601
02/07/2020,Porto,Cagliari,229,169
02/07/2020,Porto,Arbatax,313,74
02/07/2020,Aeroporto,Olbia,1832,958
02/07/2020,Aeroporto,Cagliari,2860,1512
02/07/2020,Aeroporto,Alghero,1746,522
01/07/2020,Porto,Porto Torres,1542,490
01/07/2020,Porto,Olbia,5925,1966
01/07/2020,Porto,Golfo Aranci,1874,483
01/07/2020,Porto,Cagliari,669,262
01/07/2020,Aeroporto,Olbia,2050,951
01/07/2020,Aeroporto,Cagliari,2902,1569
01/07/2020,Aeroporto,Alghero,1126,584
30/06/2020,Porto,Porto Torres,1521,610
30/06/2020,Porto,Olbia,5491,3120
30/06/2020,Porto,Golfo Aranci,2098,688
30/06/2020,Porto,Cagliari,286,126
30/06/2020,Aeroporto,Olbia,1235,1214
30/06/2020,Aeroporto,Cagliari,1707,1634
30/06/2020,Aeroporto,Alghero,458,475
29/06/2020,Porto,Porto Torres,1326,879
29/06/2020,Porto,Olbia,5057,3385
29/06/2020,Porto,Golfo Aranci,1680,990
29/06/2020,Porto,Cagliari,209,481
29/06/2020,Aeroporto,Olbia,1339,1299
29/06/2020,Aeroporto,Cagliari,1713,1839
29/06/2020,Aeroporto,Alghero,549,481
28/06/2020,Porto,Porto Torres,2264,989
28/06/2020,Porto,Olbia,5579,4117
28/06/2020,Porto,Golfo Aranci,1456,1218
28/06/2020,Porto,Cagliari,889,106
28/06/2020,Aeroporto,Olbia,2085,1458
28/06/2020,Aeroporto,Cagliari,1800,1600
28/06/2020,Aeroporto,Alghero,843,737
27/06/2020,Porto,Porto Torres,1790,677
27/06/2020,Porto,Olbia,7281,3569
27/06/2020,Porto,Golfo Aranci,1410,817
27/06/2020,Porto,Cagliari,280,180
27/06/2020,Aeroporto,Olbia,2851,1194
27/06/2020,Aeroporto,Cagliari,3035,1513
27/06/2020,Aeroporto,Alghero,780,354
26/06/2020,Porto,Porto Torres,2627,786
26/06/2020,Porto,Olbia,5946,2463
26/06/2020,Porto,Golfo Aranci,1610,559
26/06/2020,Porto,Cagliari,553,466
26/06/2020,Aeroporto,Olbia,1272,733
26/06/2020,Aeroporto,Cagliari,2461,1516
26/06/2020,Aeroporto,Alghero,779,350
25/06/2020,Porto,Porto Torres,639,261
25/06/2020,Porto,Olbia,5232,1891
25/06/2020,Porto,Golfo Aranci,1290,360
25/06/2020,Porto,Cagliari,115,143
25/06/2020,Porto,Arbatax,180,50
25/06/2020,Aeroporto,Olbia,1602,806
25/06/2020,Aeroporto,Cagliari,1892,1265
25/06/2020,Aeroporto,Alghero,627,323
24/06/2020,Porto,Porto Torres,1493,422
24/06/2020,Porto,Olbia,3321,1326
24/06/2020,Porto,Golfo Aranci,761,304
24/06/2020,Porto,Cagliari,471,288
24/06/2020,Aeroporto,Olbia,839,470
24/06/2020,Aeroporto,Cagliari,1153,841
24/06/2020,Aeroporto,Alghero,542,347
23/06/2020,Porto,Porto Torres,990,380
23/06/2020,Porto,Olbia,3832,1403
23/06/2020,Porto,Golfo Aranci,724,276
23/06/2020,Porto,Cagliari,192,108
23/06/2020,Aeroporto,Olbia,990,735
23/06/2020,Aeroporto,Cagliari,1527,1162
23/06/2020,Aeroporto,Alghero,332,301
22/06/2020,Porto,Porto Torres,957,474
22/06/2020,Porto,Olbia,3548,1589
22/06/2020,Porto,Golfo Aranci,1081,442
22/06/2020,Porto,Cagliari,190,247
22/06/2020,Porto,Arbatax,0,48
22/06/2020,Aeroporto,Olbia,1052,1027
22/06/2020,Aeroporto,Cagliari,1593,1417
22/06/2020,Aeroporto,Alghero,304,353
21/06/2020,Porto,Porto Torres,524,406
21/06/2020,Porto,Olbia,4468,2356
21/06/2020,Porto,Golfo Aranci,1270,615
21/06/2020,Porto,Cagliari,649,81
21/06/2020,Aeroporto,Olbia,1194,839
21/06/2020,Aeroporto,Cagliari,1496,1281
21/06/2020,Aeroporto,Alghero,554,487
20/06/2020,Porto,Porto Torres,1892,639
20/06/2020,Porto,Olbia,5078,2103
20/06/2020,Porto,Golfo Aranci,1108,516
20/06/2020,Porto,Cagliari,169,83
20/06/2020,Porto,Arbatax,197,0
20/06/2020,Aeroporto,Olbia,1381,706
20/06/2020,Aeroporto,Cagliari,1702,1021
20/06/2020,Aeroporto,Alghero,346,175
19/06/2020,Porto,Porto Torres,891,262
19/06/2020,Porto,Olbia,4598,1309
19/06/2020,Porto,Golfo Aranci,1365,333
19/06/2020,Porto,Cagliari,423,387
19/06/2020,Aeroporto,Olbia,1196,455
19/06/2020,Aeroporto,Cagliari,1509,1230
19/06/2020,Aeroporto,Alghero,423,237
18/06/2020,Porto,Porto Torres,1091,324
18/06/2020,Porto,Olbia,3196,1093
18/06/2020,Porto,Golfo Aranci,687,181
18/06/2020,Porto,Cagliari,97,145
18/06/2020,Porto,Arbatax,131,33
18/06/2020,Aeroporto,Olbia,1014,489
18/06/2020,Aeroporto,Cagliari,1306,925
18/06/2020,Aeroporto,Alghero,331,188
17/06/2020,Porto,Porto Torres,386,153
17/06/2020,Porto,Olbia,2772,990
17/06/2020,Porto,Golfo Aranci,689,195
17/06/2020,Porto,Cagliari,388,253
17/06/2020,Aeroporto,Olbia,545,292
17/06/2020,Aeroporto,Cagliari,878,575
17/06/2020,Aeroporto,Alghero,284,209
16/06/2020,Porto,Porto Torres,1238,356
16/06/2020,Porto,Olbia,2586,973
16/06/2020,Porto,Golfo Aranci,1365,164
16/06/2020,Porto,Cagliari,192,93
16/06/2020,Aeroporto,Olbia,518,337
16/06/2020,Aeroporto,Cagliari,910,735
16/06/2020,Aeroporto,Alghero,260,229
15/06/2020,Porto,Porto Torres,296,195
15/06/2020,Porto,Olbia,3123,1399
15/06/2020,Porto,Golfo Aranci,778,285
15/06/2020,Porto,Cagliari,204,259
15/06/2020,Porto,Arbatax,0,39
15/06/2020,Aeroporto,Olbia,561,418
15/06/2020,Aeroporto,Cagliari,746,673
15/06/2020,Aeroporto,Alghero,296,324
14/06/2020,Porto,Porto Torres,1217,361
14/06/2020,Porto,Olbia,2558,1369
14/06/2020,Porto,Golfo Aranci,763,328
14/06/2020,Porto,Cagliari,557,68
14/06/2020,Aeroporto,Olbia,401,300
14/06/2020,Aeroporto,Cagliari,636,646
14/06/2020,Aeroporto,Alghero,272,281
13/06/2020,Porto,Porto Torres,704,263
13/06/2020,Porto,Olbia,3472,1314
13/06/2020,Porto,Golfo Aranci,1000,270
13/06/2020,Porto,Cagliari,100,91
13/06/2020,Porto,Arbatax,86,0
13/06/2020,Aeroporto,Olbia,470,257
13/06/2020,Aeroporto,Cagliari,661,520
13/06/2020,Aeroporto,Alghero,314,159
12/06/2020,Porto,Porto Torres,1038,218
12/06/2020,Porto,Olbia,2889,1076
12/06/2020,Porto,Golfo Aranci,863,158
12/06/2020,Porto,Cagliari,320,387
12/06/2020,Aeroporto,Olbia,418,244
12/06/2020,Aeroporto,Cagliari,654,579
12/06/2020,Aeroporto,Alghero,369,230
11/06/2020,Porto,Porto Torres,339,116
11/06/2020,Porto,Olbia,1747,790
11/06/2020,Porto,Golfo Aranci,609,140
11/06/2020,Porto,Cagliari,81,98
11/06/2020,Porto,Arbatax,84,22
11/06/2020,Aeroporto,Olbia,399,221
11/06/2020,Aeroporto,Cagliari,656,478
11/06/2020,Aeroporto,Alghero,305,174
10/06/2020,Porto,Porto Torres,1015,283
10/06/2020,Porto,Olbia,1578,725
10/06/2020,Porto,Golfo Aranci,345,124
10/06/2020,Porto,Cagliari,335,266
10/06/2020,Aeroporto,Olbia,314,217
10/06/2020,Aeroporto,Cagliari,581,506
10/06/2020,Aeroporto,Alghero,193,164
09/06/2020,Porto,Porto Torres,302,133
09/06/2020,Porto,Olbia,1392,631
09/06/2020,Porto,Golfo Aranci,522,110
09/06/2020,Porto,Cagliari,137,39
09/06/2020,Aeroporto,Olbia,282,224
09/06/2020,Aeroporto,Cagliari,590,542
09/06/2020,Aeroporto,Alghero,196,183
08/06/2020,Porto,Porto Torres,617,171
08/06/2020,Porto,Olbia,1868,734
08/06/2020,Porto,Golfo Aranci,469,108
08/06/2020,Porto,Cagliari,193,178
08/06/2020,Porto,Arbatax,0,34
08/06/2020,Aeroporto,Olbia,292,298
08/06/2020,Aeroporto,Cagliari,625,611
08/06/2020,Aeroporto,Alghero,189,209
07/06/2020,Porto,Porto Torres,356,158
07/06/2020,Porto,Olbia,1593,669
07/06/2020,Porto,Golfo Aranci,101,61
07/06/2020,Porto,Cagliari,415,40
07/06/2020,Aeroporto,Olbia,218,206
07/06/2020,Aeroporto,Cagliari,573,496
07/06/2020,Aeroporto,Alghero,187,171
06/06/2020,Porto,Porto Torres,1123,270
06/06/2020,Porto,Olbia,1809,559
06/06/2020,Porto,Golfo Aranci,261,75
06/06/2020,Porto,Cagliari,75,47
06/06/2020,Porto,Arbatax,88,0
06/06/2020,Aeroporto,Olbia,256,145
06/06/2020,Aeroporto,Cagliari,688,457
06/06/2020,Aeroporto,Alghero,178,108
05/06/2020,Porto,Porto Torres,286,112
05/06/2020,Porto,Olbia,1811,672
05/06/2020,Porto,Golfo Aranci,50,59
05/06/2020,Porto,Cagliari,358,337
05/06/2020,Aeroporto,Olbia,405,148
05/06/2020,Aeroporto,Cagliari,655,551
05/06/2020,Aeroporto,Alghero,288,163
04/06/2020,Porto,Porto Torres,683,151
04/06/2020,Porto,Olbia,2079,622
04/06/2020,Porto,Golfo Aranci,336,62
04/06/2020,Porto,Cagliari,110,64
04/06/2020,Porto,Arbatax,68,16
04/06/2020,Aeroporto,Olbia,359,136
04/06/2020,Aeroporto,Cagliari,573,472
04/06/2020,Aeroporto,Alghero,259,122
03/06/2020,Porto,Porto Torres,91,219
03/06/2020,Porto,Olbia,569,669
03/06/2020,Porto,Golfo Aranci,37,37
03/06/2020,Porto,Cagliari,76,214
03/06/2020,Aeroporto,Olbia,313,182
03/06/2020,Aeroporto,Cagliari,533,502
03/06/2020,Aeroporto,Alghero,286,212
02/06/2020,Porto,Porto Torres,28,75
02/06/2020,Porto,Olbia,210,335
02/06/2020,Porto,Golfo Aranci,0,52
02/06/2020,Porto,Cagliari,24,25
02/06/2020,Aeroporto,Cagliari,164,245
01/06/2020,Porto,Porto Torres,33,36
01/06/2020,Porto,Olbia,192,178
01/06/2020,Porto,Golfo Aranci,0,17
01/06/2020,Porto,Cagliari,0,54
01/06/2020,Aeroporto,Cagliari,154,168
31/05/2020,Porto,Porto Torres,88,60
31/05/2020,Porto,Olbia,137,171
31/05/2020,Porto,Golfo Aranci,38,0
31/05/2020,Porto,Cagliari,68,0
31/05/2020,Porto,Arbatax,0,3
31/05/2020,Aeroporto,Cagliari,162,146
30/05/2020,Porto,Porto Torres,64,44
30/05/2020,Porto,Olbia,281,194
30/05/2020,Porto,Golfo Aranci,19,0
30/05/2020,Porto,Cagliari,24,46
30/05/2020,Porto,Arbatax,13,0
30/05/2020,Aeroporto,Cagliari,201,149
29/05/2020,Porto,Porto Torres,73,77
29/05/2020,Porto,Olbia,337,426
29/05/2020,Porto,Golfo Aranci,39,19
29/05/2020,Porto,Cagliari,37,83
29/05/2020,Aeroporto,Cagliari,223,215
28/05/2020,Porto,Porto Torres,61,63
28/05/2020,Porto,Olbia,315,316
28/05/2020,Porto,Golfo Aranci,24,28
28/05/2020,Porto,Cagliari,30,49
28/05/2020,Porto,Arbatax,16,0
28/05/2020,Aeroporto,Cagliari,226,176
27/05/2020,Porto,Porto Torres,78,77
27/05/2020,Porto,Olbia,304,213
27/05/2020,Porto,Golfo Aranci,49,20
27/05/2020,Porto,Cagliari,66,59
27/05/2020,Porto,Arbatax,0,3
27/05/2020,Aeroporto,Cagliari,220,206
26/05/2020,Porto,Porto Torres,60,52
26/05/2020,Porto,Olbia,349,281
26/05/2020,Porto,Golfo Aranci,18,54
26/05/2020,Porto,Cagliari,56,47
26/05/2020,Aeroporto,Cagliari,199,233
25/05/2020,Porto,Porto Torres,62,81
25/05/2020,Porto,Olbia,244,265
25/05/2020,Porto,Golfo Aranci,0,44
25/05/2020,Porto,Cagliari,2,2
25/05/2020,Aeroporto,Cagliari,247,220
24/05/2020,Porto,Porto Torres,87,75
24/05/2020,Porto,Olbia,223,186
24/05/2020,Porto,Golfo Aranci,0,34
24/05/2020,Porto,Cagliari,106,1
24/05/2020,Porto,Arbatax,0,10
24/05/2020,Aeroporto,Cagliari,176,193
23/05/2020,Porto,Porto Torres,91,79
23/05/2020,Porto,Olbia,259,203
23/05/2020,Porto,Golfo Aranci,53,0
23/05/2020,Porto,Cagliari,38,36
23/05/2020,Porto,Arbatax,12,0
23/05/2020,Aeroporto,Cagliari,177,176
22/05/2020,Porto,Porto Torres,57,38
22/05/2020,Porto,Olbia,305,328
22/05/2020,Porto,Golfo Aranci,25,0
22/05/2020,Porto,Cagliari,29,122
22/05/2020,Aeroporto,Cagliari,240,205
21/05/2020,Porto,Porto Torres,93,42
21/05/2020,Porto,Olbia,297,299
21/05/2020,Porto,Golfo Aranci,60,48
21/05/2020,Porto,Cagliari,43,44
21/05/2020,Porto,Arbatax,23,0
21/05/2020,Aeroporto,Cagliari,239,188
20/05/2020,Porto,Porto Torres,54,48
20/05/2020,Porto,Olbia,295,181
20/05/2020,Porto,Golfo Aranci,25,84
20/05/2020,Porto,Cagliari,65,84
20/05/2020,Porto,Arbatax,0,2
20/05/2020,Aeroporto,Cagliari,159,197
19/05/2020,Porto,Porto Torres,65,50
19/05/2020,Porto,Olbia,445,278
19/05/2020,Porto,Cagliari,60,53
19/05/2020,Aeroporto,Cagliari,218,186
18/05/2020,Porto,Porto Torres,81,62
18/05/2020,Porto,Olbia,217,295
18/05/2020,Porto,Golfo Aranci,0,56
18/05/2020,Porto,Cagliari,1,52
18/05/2020,Aeroporto,Cagliari,265,214
17/05/2020,Porto,Porto Torres,53,51
17/05/2020,Porto,Olbia,153,150
17/05/2020,Porto,Cagliari,13,0
17/05/2020,Aeroporto,Cagliari,180,170
16/05/2020,Porto,Porto Torres,127,87
16/05/2020,Porto,Olbia,183,130
16/05/2020,Porto,Cagliari,21,39
16/05/2020,Porto,Arbatax,15,0
16/05/2020,Aeroporto,Cagliari,213,128
15/05/2020,Porto,Porto Torres,15,61
15/05/2020,Porto,Olbia,238,258
15/05/2020,Porto,Golfo Aranci,28,0
15/05/2020,Porto,Cagliari,36,15
15/05/2020,Aeroporto,Cagliari,177,253
14/05/2020,Porto,Porto Torres,57,58
14/05/2020,Porto,Olbia,258,214
14/05/2020,Porto,Cagliari,23,44
14/05/2020,Porto,Arbatax,17,0
14/05/2020,Aeroporto,Cagliari,201,136
13/05/2020,Porto,Porto Torres,109,87
13/05/2020,Porto,Olbia,272,215
13/05/2020,Porto,Cagliari,59,34
13/05/2020,Aeroporto,Cagliari,185,117
12/05/2020,Porto,Porto Torres,73,33
12/05/2020,Porto,Olbia,242,217
12/05/2020,Porto,Cagliari,15,18
12/05/2020,Porto,Arbatax,0,4
12/05/2020,Aeroporto,Cagliari,159,145
11/05/2020,Porto,Porto Torres,48,55
11/05/2020,Porto,Olbia,250,233
11/05/2020,Porto,Golfo Aranci,0,56
11/05/2020,Porto,Cagliari,2,60
11/05/2020,Aeroporto,Cagliari,183,185
10/05/2020,Porto,Porto Torres,66,54
10/05/2020,Porto,Olbia,156,168
10/05/2020,Porto,Cagliari,2,0
10/05/2020,Aeroporto,Cagliari,164,130
09/05/2020,Porto,Porto Torres,164,92
09/05/2020,Porto,Olbia,206,132
09/05/2020,Porto,Cagliari,37,28
09/05/2020,Porto,Arbatax,13,7
09/05/2020,Aeroporto,Cagliari,182,145
08/05/2020,Porto,Porto Torres,66,45
08/05/2020,Porto,Olbia,236,190
08/05/2020,Porto,Golfo Aranci,32,0
08/05/2020,Porto,Cagliari,34,11
08/05/2020,Aeroporto,Cagliari,184,162
07/05/2020,Porto,Porto Torres,67,48
07/05/2020,Porto,Olbia,258,228
07/05/2020,Porto,Cagliari,23,26
07/05/2020,Porto,Arbatax,7,0
07/05/2020,Aeroporto,Cagliari,177,153
06/05/2020,Porto,Porto Torres,133,77
06/05/2020,Porto,Olbia,258,192
06/05/2020,Porto,Golfo Aranci,26,52
06/05/2020,Porto,Cagliari,33,33
06/05/2020,Aeroporto,Cagliari,252,131
05/05/2020,Porto,Porto Torres,92,46
05/05/2020,Porto,Olbia,232,179
05/05/2020,Porto,Cagliari,36,29
05/05/2020,Porto,Arbatax,0,2
05/05/2020,Aeroporto,Cagliari,99,152
04/05/2020,Porto,Porto Torres,15,100
04/05/2020,Porto,Olbia,118,252
04/05/2020,Porto,Golfo Aranci,0,78
04/05/2020,Porto,Cagliari,6,44
04/05/2020,Aeroporto,Cagliari,170,136
03/05/2020,Porto,Porto Torres,10,56
03/05/2020,Porto,Olbia,58,92
03/05/2020,Porto,Cagliari,6,0
03/05/2020,Aeroporto,Cagliari,119,72
02/05/2020,Porto,Porto Torres,48,41
02/05/2020,Porto,Olbia,50,81
02/05/2020,Porto,Cagliari,2,2
02/05/2020,Porto,Arbatax,1,0
02/05/2020,Aeroporto,Cagliari,90,43
01/05/2020,Porto,Porto Torres,46,8
01/05/2020,Porto,Olbia,130,34
01/05/2020,Porto,Golfo Aranci,16,0
01/05/2020,Porto,Cagliari,13,10
01/05/2020,Aeroporto,Cagliari,102,50
30/04/2020,Porto,Porto Torres,26,14
30/04/2020,Porto,Olbia,140,88
30/04/2020,Porto,Cagliari,5,21
30/04/2020,Porto,Arbatax,1,0
30/04/2020,Aeroporto,Cagliari,120,100
29/04/2020,Porto,Porto Torres,50,45
29/04/2020,Porto,Olbia,173,115
29/04/2020,Porto,Golfo Aranci,17,7
29/04/2020,Porto,Cagliari,11,16
29/04/2020,Aeroporto,Cagliari,86,60
28/04/2020,Porto,Porto Torres,24,26
28/04/2020,Porto,Olbia,138,127
28/04/2020,Porto,Cagliari,14,12
28/04/2020,Aeroporto,Cagliari,80,50
27/04/2020,Porto,Porto Torres,18,19
27/04/2020,Porto,Olbia,89,155
27/04/2020,Porto,Golfo Aranci,0,25
27/04/2020,Porto,Cagliari,0,11
27/04/2020,Porto,Arbatax,0,4
27/04/2020,Aeroporto,Cagliari,78,80
26/04/2020,Porto,Porto Torres,21,37
26/04/2020,Porto,Olbia,42,82
26/04/2020,Porto,Cagliari,5,0
26/04/2020,Aeroporto,Cagliari,65,58
25/04/2020,Porto,Porto Torres,64,40
25/04/2020,Porto,Olbia,110,70
25/04/2020,Porto,Cagliari,2,0
25/04/2020,Aeroporto,Cagliari,56,32
24/04/2020,Porto,Porto Torres,33,12
24/04/2020,Porto,Olbia,124,102
24/04/2020,Porto,Golfo Aranci,19,0
24/04/2020,Porto,Cagliari,8,9
24/04/2020,Porto,Arbatax,4,0
24/04/2020,Aeroporto,Cagliari,103,81
23/04/2020,Porto,Porto Torres,21,9
23/04/2020,Porto,Olbia,147,118
23/04/2020,Aeroporto,Cagliari,84,80
22/04/2020,Porto,Porto Torres,81,41
22/04/2020,Porto,Olbia,125,91
22/04/2020,Porto,Golfo Aranci,18,15
22/04/2020,Porto,Cagliari,38,16
22/04/2020,Aeroporto,Cagliari,75,65
21/04/2020,Porto,Porto Torres,28,34
21/04/2020,Porto,Olbia,127,127
21/04/2020,Aeroporto,Cagliari,100,51
20/04/2020,Porto,Porto Torres,15,23
20/04/2020,Porto,Olbia,40,127
20/04/2020,Porto,Golfo Aranci,0,15
20/04/2020,Porto,Cagliari,0,9
20/04/2020,Aeroporto,Cagliari,124,101
19/04/2020,Porto,Porto Torres,24,38
19/04/2020,Porto,Olbia,74,57
19/04/2020,Porto,Cagliari,8,9
19/04/2020,Porto,Arbatax,1,0
19/04/2020,Aeroporto,Cagliari,41,57
18/04/2020,Porto,Porto Torres,52,58
18/04/2020,Porto,Olbia,121,72
18/04/2020,Porto,Golfo Aranci,23,0
18/04/2020,Aeroporto,Cagliari,69,24
17/04/2020,Porto,Porto Torres,29,12
17/04/2020,Porto,Olbia,145,74
17/04/2020,Porto,Cagliari,17,8
17/04/2020,Aeroporto,Cagliari,96,82
16/04/2020,Porto,Porto Torres,36,16
16/04/2020,Porto,Olbia,127,112
16/04/2020,Porto,Golfo Aranci,13,14
16/04/2020,Porto,Cagliari,10,19
16/04/2020,Aeroporto,Cagliari,99,70
15/04/2020,Porto,Porto Torres,50,32
15/04/2020,Porto,Olbia,146,109
15/04/2020,Porto,Cagliari,22,12
15/04/2020,Porto,Arbatax,0,2
15/04/2020,Aeroporto,Cagliari,132,62
14/04/2020,Porto,Porto Torres,8,45
14/04/2020,Porto,Olbia,51,141
14/04/2020,Porto,Golfo Aranci,0,9
14/04/2020,Porto,Cagliari,4,11
14/04/2020,Aeroporto,Cagliari,89,76
13/04/2020,Porto,Porto Torres,3,24
13/04/2020,Porto,Olbia,5,83
13/04/2020,Porto,Cagliari,0,3
13/04/2020,Aeroporto,Cagliari,71,51
12/04/2020,Porto,Porto Torres,12,16
12/04/2020,Porto,Olbia,42,10
12/04/2020,Porto,Cagliari,2,0
12/04/2020,Aeroporto,Cagliari,52,27
11/04/2020,Porto,Porto Torres,31,9
11/04/2020,Porto,Olbia,96,38
11/04/2020,Porto,Cagliari,1,6
11/04/2020,Porto,Arbatax,4,0
11/04/2020,Aeroporto,Cagliari,100,85
10/04/2020,Porto,Porto Torres,21,18
10/04/2020,Porto,Olbia,130,69
10/04/2020,Porto,Golfo Aranci,13,0
10/04/2020,Porto,Cagliari,5,6
10/04/2020,Aeroporto,Cagliari,18,7
09/04/2020,Porto,Porto Torres,20,12
09/04/2020,Porto,Olbia,131,100
09/04/2020,Porto,Cagliari,6,11
09/04/2020,Porto,Arbatax,3,0
09/04/2020,Aeroporto,Cagliari,38,30
08/04/2020,Porto,Porto Torres,29,45
08/04/2020,Porto,Olbia,148,120
08/04/2020,Porto,Cagliari,25,26
08/04/2020,Aeroporto,Cagliari,66,46
07/04/2020,Porto,Porto Torres,16,25
07/04/2020,Porto,Olbia,121,112
07/04/2020,Porto,Cagliari,7,9
07/04/2020,Aeroporto,Cagliari,177,95
06/04/2020,Porto,Porto Torres,10,18
06/04/2020,Porto,Olbia,97,143
06/04/2020,Porto,Golfo Aranci,4,29
06/04/2020,Porto,Cagliari,1,19
06/04/2020,Aeroporto,Cagliari,127,65
05/04/2020,Porto,Porto Torres,52,30
05/04/2020,Porto,Olbia,85,84
05/04/2020,Porto,Cagliari,1,1
05/04/2020,Aeroporto,Cagliari,81,54
04/04/2020,Porto,Porto Torres,915,1267
04/04/2020,Porto,Olbia,99,122
04/04/2020,Porto,Cagliari,7,4
04/04/2020,Porto,Arbatax,2,1
04/04/2020,Aeroporto,Cagliari,132,63
03/04/2020,Porto,Porto Torres,12,7
03/04/2020,Porto,Olbia,130,76
03/04/2020,Porto,Cagliari,1,1
03/04/2020,Aeroporto,Cagliari,148,63
02/04/2020,Porto,Porto Torres,6,17
02/04/2020,Porto,Olbia,126,94
02/04/2020,Porto,Cagliari,6,14
02/04/2020,Porto,Arbatax,1,0
02/04/2020,Aeroporto,Cagliari,118,64
01/04/2020,Porto,Porto Torres,52,33
01/04/2020,Porto,Olbia,136,161
01/04/2020,Porto,Cagliari,0,2
01/04/2020,Aeroporto,Cagliari,161,58
31/03/2020,Porto,Olbia,103,153
31/03/2020,Porto,Cagliari,1,7
31/03/2020,Aeroporto,Cagliari,198,77
30/03/2020,Porto,Porto Torres,10,5
30/03/2020,Porto,Olbia,65,73
30/03/2020,Aeroporto,Cagliari,160,63
29/03/2020,Porto,Porto Torres,14,25
29/03/2020,Porto,Olbia,72,66
29/03/2020,Porto,Cagliari,1,0
29/03/2020,Aeroporto,Cagliari,149,35
28/03/2020,Porto,Porto Torres,81,45
28/03/2020,Porto,Olbia,123,87
28/03/2020,Porto,Cagliari,10,17
28/03/2020,Porto,Arbatax,4,0
28/03/2020,Aeroporto,Cagliari,196,37
27/03/2020,Porto,Porto Torres,61,22
27/03/2020,Porto,Olbia,115,76
27/03/2020,Porto,Cagliari,18,10
27/03/2020,Aeroporto,Cagliari,138,56
26/03/2020,Porto,Porto Torres,22,17
26/03/2020,Porto,Olbia,148,121
26/03/2020,Porto,Cagliari,6,15
26/03/2020,Porto,Arbatax,1,0
26/03/2020,Aeroporto,Cagliari,190,62
25/03/2020,Porto,Porto Torres,81,62
25/03/2020,Porto,Olbia,123,86
25/03/2020,Porto,Cagliari,9,14
25/03/2020,Aeroporto,Cagliari,244,109
24/03/2020,Porto,Porto Torres,16,23
24/03/2020,Porto,Olbia,109,116
24/03/2020,Porto,Cagliari,4,8
24/03/2020,Aeroporto,Cagliari,260,86
23/03/2020,Porto,Porto Torres,12,30
23/03/2020,Porto,Olbia,99,144
23/03/2020,Porto,Cagliari,0,2
23/03/2020,Aeroporto,Cagliari,216,76
22/03/2020,Porto,Porto Torres,47,24
22/03/2020,Porto,Olbia,112,63
22/03/2020,Porto,Cagliari,1,1
22/03/2020,Aeroporto,Cagliari,212,71
21/03/2020,Porto,Porto Torres,146,54
21/03/2020,Porto,Olbia,127,75
21/03/2020,Porto,Cagliari,1,0
21/03/2020,Aeroporto,Cagliari,241,66
20/03/2020,Porto,Porto Torres,56,17
20/03/2020,Porto,Olbia,160,90
20/03/2020,Porto,Cagliari,19,7
20/03/2020,Aeroporto,Cagliari,240,58
19/03/2020,Porto,Porto Torres,326,107
19/03/2020,Porto,Olbia,227,148
19/03/2020,Porto,Cagliari,2,0
19/03/2020,Aeroporto,Cagliari,234,71
18/03/2020,Porto,Porto Torres,192,32
18/03/2020,Porto,Olbia,160,123
18/03/2020,Porto,Cagliari,22,14
18/03/2020,Aeroporto,Cagliari,229,51
17/03/2020,Porto,Porto Torres,39,20
17/03/2020,Porto,Olbia,82,93
17/03/2020,Aeroporto,Cagliari,196,40
16/03/2020,Porto,Porto Torres,56,9
16/03/2020,Porto,Olbia,168,79
16/03/2020,Porto,Cagliari,1,11
16/03/2020,Aeroporto,Cagliari,179,51
15/03/2020,Porto,Porto Torres,120,23
15/03/2020,Porto,Olbia,253,115
15/03/2020,Porto,Cagliari,38,0
15/03/2020,Porto,Arbatax,0,14
15/03/2020,Aeroporto,Cagliari,279,176
14/03/2020,Porto,Porto Torres,474,185
14/03/2020,Porto,Olbia,407,277
14/03/2020,Porto,Golfo Aranci,64,0
14/03/2020,Porto,Cagliari,48,27
14/03/2020,Porto,Arbatax,11,0
14/03/2020,Aeroporto,Cagliari,218,241
14/03/2020,Aeroporto,Alghero,77,13
13/03/2020,Porto,Porto Torres,160,40
13/03/2020,Porto,Olbia,481,410
13/03/2020,Porto,Cagliari,87,509
13/03/2020,Aeroporto,Cagliari,714,674
13/03/2020,Aeroporto,Alghero,92,157
12/03/2020,Porto,Porto Torres,108,66
12/03/2020,Porto,Olbia,562,455
12/03/2020,Porto,Golfo Aranci,93,47
12/03/2020,Porto,Cagliari,60,94
12/03/2020,Porto,Arbatax,16,0
12/03/2020,Aeroporto,Cagliari,516,372
12/03/2020,Aeroporto,Alghero,204,117
11/03/2020,Porto,Porto Torres,426,282
11/03/2020,Porto,Olbia,604,450
11/03/2020,Porto,Cagliari,127,130
11/03/2020,Porto,Arbatax,0,21
11/03/2020,Aeroporto,Cagliari,812,689
11/03/2020,Aeroporto,Alghero,289,175
10/03/2020,Porto,Porto Torres,118,89
10/03/2020,Porto,Olbia,744,733
10/03/2020,Porto,Golfo Aranci,71,134
10/03/2020,Porto,Cagliari,109,89
10/03/2020,Aeroporto,Alghero,426,356
09/03/2020,Porto,Porto Torres,387,328
09/03/2020,Porto,Olbia,886,512
09/03/2020,Porto,Golfo Aranci,253,24
09/03/2020,Porto,Cagliari,2,92
09/03/2020,Aeroporto,Cagliari,1951,1712
09/03/2020,Aeroporto,Alghero,519,448
08/03/2020,Porto,Porto Torres,191,235
08/03/2020,Porto,Olbia,641,594
08/03/2020,Porto,Cagliari,244,0
08/03/2020,Porto,Arbatax,0,26
08/03/2020,Aeroporto,Cagliari,2224,2312
08/03/2020,Aeroporto,Alghero,856,680
07/03/2020,Porto,Porto Torres,471,374
07/03/2020,Porto,Olbia,816,949
07/03/2020,Porto,Golfo Aranci,194,156
07/03/2020,Porto,Cagliari,71,133
07/03/2020,Porto,Arbatax,40,0
07/03/2020,Aeroporto,Cagliari,1647,1454
07/03/2020,Aeroporto,Alghero,731,582
06/03/2020,Porto,Porto Torres,185,168
06/03/2020,Porto,Olbia,876,703
06/03/2020,Porto,Cagliari,132,179
06/03/2020,Aeroporto,Cagliari,3166,2604
06/03/2020,Aeroporto,Alghero,726,629
05/03/2020,Porto,Porto Torres,115,101
05/03/2020,Porto,Olbia,799,689
05/03/2020,Porto,Golfo Aranci,191,165
05/03/2020,Porto,Cagliari,62,88
05/03/2020,Porto,Arbatax,36,0
05/03/2020,Aeroporto,Cagliari,2387,2015
05/03/2020,Aeroporto,Alghero,835,750
04/03/2020,Porto,Porto Torres,401,323
04/03/2020,Porto,Olbia,615,666
04/03/2020,Porto,Cagliari,171,134
04/03/2020,Porto,Arbatax,0,23
04/03/2020,Aeroporto,Cagliari,2361,2069
04/03/2020,Aeroporto,Alghero,611,490
03/03/2020,Porto,Olbia,934,547
03/03/2020,Porto,Golfo Aranci,17,213
03/03/2020,Porto,Cagliari,111,92
03/03/2020,Aeroporto,Cagliari,2129,2018
03/03/2020,Aeroporto,Alghero,842,864
02/03/2020,Porto,Porto Torres,205,180
02/03/2020,Porto,Olbia,879,709
02/03/2020,Porto,Golfo Aranci,153,99
02/03/2020,Porto,Cagliari,6,423
02/03/2020,Aeroporto,Cagliari,2963,3447
02/03/2020,Aeroporto,Alghero,805,888
01/03/2020,Porto,Porto Torres,209,194
01/03/2020,Porto,Olbia,698,739
01/03/2020,Porto,Golfo Aranci,207,210
01/03/2020,Porto,Cagliari,301,0
01/03/2020,Porto,Arbatax,0,34
01/03/2020,Aeroporto,Cagliari,3063,3441
01/03/2020,Aeroporto,Alghero,1017,1074
29/02/2020,Porto,Porto Torres,474,259
29/02/2020,Porto,Olbia,886,953
29/02/2020,Porto,Golfo Aranci,143,279
29/02/2020,Porto,Cagliari,79,90
29/02/2020,Porto,Arbatax,58,0
29/02/2020,Aeroporto,Cagliari,2428,2558
29/02/2020,Aeroporto,Alghero,1020,977
28/02/2020,Porto,Porto Torres,135,230
28/02/2020,Porto,Olbia,846,1001
28/02/2020,Porto,Golfo Aranci,141,203
28/02/2020,Porto,Cagliari,106,275
28/02/2020,Aeroporto,Cagliari,3999,3630
28/02/2020,Aeroporto,Alghero,1144,721
27/02/2020,Porto,Porto Torres,185,432
27/02/2020,Porto,Olbia,1089,885
27/02/2020,Porto,Golfo Aranci,261,284
27/02/2020,Porto,Cagliari,81,116
27/02/2020,Porto,Arbatax,22,0
27/02/2020,Aeroporto,Cagliari,2887,2638
27/02/2020,Aeroporto,Alghero,1175,831
26/02/2020,Porto,Porto Torres,608,54
26/02/2020,Porto,Olbia,980,688
26/02/2020,Porto,Golfo Aranci,210,160
26/02/2020,Porto,Cagliari,159,124
26/02/2020,Porto,Arbatax,0,26
26/02/2020,Aeroporto,Cagliari,3518,2921
26/02/2020,Aeroporto,Alghero,929,740
25/02/2020,Porto,Porto Torres,427,121
25/02/2020,Porto,Olbia,1540,945
25/02/2020,Porto,Golfo Aranci,28,24
25/02/2020,Porto,Cagliari,169,167
25/02/2020,Aeroporto,Cagliari,2395,1976
25/02/2020,Aeroporto,Alghero,943,709
24/02/2020,Porto,Porto Torres,641,276
24/02/2020,Porto,Olbia,1299,933
24/02/2020,Porto,Golfo Aranci,229,209
24/02/2020,Porto,Cagliari,4,148
24/02/2020,Aeroporto,Cagliari,4507,4118
24/02/2020,Aeroporto,Alghero,987,1107
23/02/2020,Porto,Porto Torres,260,240
23/02/2020,Porto,Olbia,835,797
23/02/2020,Porto,Golfo Aranci,259,231
23/02/2020,Porto,Cagliari,206,2
23/02/2020,Porto,Arbatax,0,26
23/02/2020,Aeroporto,Cagliari,5285,4354
23/02/2020,Aeroporto,Alghero,1529,1270
22/02/2020,Porto,Porto Torres,862,213
22/02/2020,Porto,Olbia,1522,999
22/02/2020,Porto,Golfo Aranci,386,197
22/02/2020,Porto,Cagliari,100,88
22/02/2020,Porto,Arbatax,77,0
22/02/2020,Aeroporto,Cagliari,4203,3658
22/02/2020,Aeroporto,Alghero,1698,1501
21/02/2020,Porto,Porto Torres,258,3
21/02/2020,Porto,Olbia,1151,1307
21/02/2020,Porto,Golfo Aranci,204,337
21/02/2020,Porto,Cagliari,169,238
21/02/2020,Aeroporto,Cagliari,5844,5735
21/02/2020,Aeroporto,Alghero,1241,1554
20/02/2020,Porto,Porto Torres,150,167
20/02/2020,Porto,Olbia,1023,1164
20/02/2020,Porto,Golfo Aranci,368,219
20/02/2020,Porto,Cagliari,59,124
20/02/2020,Porto,Arbatax,30,0
20/02/2020,Aeroporto,Cagliari,4009,4114
20/02/2020,Aeroporto,Alghero,1432,1514
19/02/2020,Porto,Porto Torres,540,207
19/02/2020,Porto,Olbia,846,788
19/02/2020,Porto,Golfo Aranci,273,184
19/02/2020,Porto,Cagliari,212,118
19/02/2020,Porto,Arbatax,0,28
19/02/2020,Aeroporto,Cagliari,4055,3895
19/02/2020,Aeroporto,Alghero,1021,992
18/02/2020,Porto,Porto Torres,158,132
18/02/2020,Porto,Olbia,1136,798
18/02/2020,Porto,Golfo Aranci,134,140
18/02/2020,Porto,Cagliari,159,58
18/02/2020,Aeroporto,Cagliari,3818,3518
18/02/2020,Aeroporto,Alghero,1582,1366
17/02/2020,Porto,Porto Torres,542,244
17/02/2020,Porto,Olbia,1112,750
17/02/2020,Porto,Golfo Aranci,192,125
17/02/2020,Porto,Cagliari,0,143
17/02/2020,Aeroporto,Cagliari,5090,4698
17/02/2020,Aeroporto,Alghero,1418,1326
16/02/2020,Porto,Porto Torres,286,185
16/02/2020,Porto,Olbia,769,796
16/02/2020,Porto,Golfo Aranci,219,225
16/02/2020,Porto,Cagliari,220,2
16/02/2020,Porto,Arbatax,0,43
16/02/2020,Aeroporto,Cagliari,4803,4622
16/02/2020,Aeroporto,Alghero,1449,1395
15/02/2020,Porto,Porto Torres,430,240
15/02/2020,Porto,Olbia,903,968
15/02/2020,Porto,Golfo Aranci,198,147
15/02/2020,Porto,Cagliari,68,108
15/02/2020,Porto,Arbatax,39,0
15/02/2020,Aeroporto,Cagliari,3733,3549
15/02/2020,Aeroporto,Alghero,1517,1382
14/02/2020,Porto,Porto Torres,210,121
14/02/2020,Porto,Olbia,897,947
14/02/2020,Porto,Golfo Aranci,212,180
14/02/2020,Porto,Cagliari,116,177
14/02/2020,Aeroporto,Cagliari,5616,5428
14/02/2020,Aeroporto,Alghero,1137,1259
13/02/2020,Porto,Porto Torres,160,1
13/02/2020,Porto,Olbia,954,1005
13/02/2020,Porto,Golfo Aranci,111,159
13/02/2020,Porto,Cagliari,81,82
13/02/2020,Porto,Arbatax,26,0
13/02/2020,Aeroporto,Cagliari,3781,4070
13/02/2020,Aeroporto,Alghero,1318,1399
12/02/2020,Porto,Porto Torres,402,168
12/02/2020,Porto,Olbia,650,689
12/02/2020,Porto,Golfo Aranci,108,133
12/02/2020,Porto,Cagliari,119,103
12/02/2020,Porto,Arbatax,0,21
12/02/2020,Aeroporto,Cagliari,3850,3626
12/02/2020,Aeroporto,Alghero,977,926
11/02/2020,Porto,Porto Torres,209,124
11/02/2020,Porto,Olbia,772,715
11/02/2020,Porto,Golfo Aranci,237,65
11/02/2020,Porto,Cagliari,117,52
11/02/2020,Aeroporto,Alghero,1388,1406
10/02/2020,Porto,Porto Torres,464,219
10/02/2020,Porto,Olbia,1140,848
10/02/2020,Porto,Golfo Aranci,177,156
10/02/2020,Porto,Cagliari,0,98
10/02/2020,Aeroporto,Cagliari,4951,4718
10/02/2020,Aeroporto,Alghero,1380,1362
09/02/2020,Porto,Porto Torres,365,196
09/02/2020,Porto,Olbia,779,770
09/02/2020,Porto,Golfo Aranci,217,171
09/02/2020,Porto,Cagliari,269,0
09/02/2020,Porto,Arbatax,0,33
09/02/2020,Aeroporto,Cagliari,4062,4394
09/02/2020,Aeroporto,Alghero,1483,1542
08/02/2020,Porto,Porto Torres,446,225
08/02/2020,Porto,Olbia,989,1030
08/02/2020,Porto,Golfo Aranci,277,157
08/02/2020,Porto,Cagliari,89,131
08/02/2020,Porto,Arbatax,33,0
08/02/2020,Aeroporto,Cagliari,3461,3354
08/02/2020,Aeroporto,Alghero,1487,1415
07/02/2020,Porto,Porto Torres,206,210
07/02/2020,Porto,Olbia,826,936
07/02/2020,Porto,Golfo Aranci,150,384
07/02/2020,Porto,Cagliari,95,195
07/02/2020,Aeroporto,Cagliari,4706,4946
07/02/2020,Aeroporto,Alghero,1082,1168
06/02/2020,Porto,Porto Torres,152,171
06/02/2020,Porto,Olbia,764,776
06/02/2020,Porto,Golfo Aranci,108,155
06/02/2020,Porto,Cagliari,128,117
06/02/2020,Aeroporto,Cagliari,3567,3873
06/02/2020,Aeroporto,Alghero,1253,1304
05/02/2020,Porto,Porto Torres,325,24
05/02/2020,Porto,Olbia,687,694
05/02/2020,Porto,Golfo Aranci,91,104
05/02/2020,Porto,Cagliari,96,168
05/02/2020,Aeroporto,Cagliari,3303,3390
05/02/2020,Aeroporto,Alghero,774,833
04/02/2020,Porto,Porto Torres,132,101
04/02/2020,Porto,Olbia,1048,780
04/02/2020,Porto,Cagliari,147,1
04/02/2020,Aeroporto,Cagliari,3257,3317
04/02/2020,Aeroporto,Alghero,1244,1342
03/02/2020,Porto,Porto Torres,276,262
03/02/2020,Porto,Olbia,1007,722
03/02/2020,Porto,Golfo Aranci,173,72
03/02/2020,Porto,Cagliari,10,115
03/02/2020,Aeroporto,Olbia,0,96
03/02/2020,Aeroporto,Cagliari,4230,4134
03/02/2020,Aeroporto,Alghero,1130,1129
02/02/2020,Porto,Porto Torres,236,177
02/02/2020,Porto,Olbia,747,667
02/02/2020,Porto,Golfo Aranci,156,129
02/02/2020,Porto,Cagliari,207,3
02/02/2020,Porto,Arbatax,0,23
02/02/2020,Aeroporto,Olbia,1003,1108
02/02/2020,Aeroporto,Cagliari,4134,4290
02/02/2020,Aeroporto,Alghero,1210,1157
01/02/2020,Porto,Porto Torres,655,202
01/02/2020,Porto,Olbia,1011,855
01/02/2020,Porto,Golfo Aranci,150,135
01/02/2020,Porto,Cagliari,96,52
01/02/2020,Porto,Arbatax,35,0
01/02/2020,Aeroporto,Olbia,706,744
01/02/2020,Aeroporto,Cagliari,3448,3142
01/02/2020,Aeroporto,Alghero,1232,1184
31/01/2020,Porto,Porto Torres,148,5715
31/01/2020,Porto,Olbia,779,909
31/01/2020,Porto,Golfo Aranci,134,196
31/01/2020,Porto,Cagliari,2,1
31/01/2020,Aeroporto,Olbia,919,922
31/01/2020,Aeroporto,Cagliari,5030,4884
31/01/2020,Aeroporto,Alghero,991,963
30/01/2020,Porto,Porto Torres,131,159
30/01/2020,Porto,Olbia,757,868
30/01/2020,Porto,Golfo Aranci,78,130
30/01/2020,Porto,Cagliari,95,95
30/01/2020,Porto,Arbatax,35,0
30/01/2020,Aeroporto,Olbia,750,709
30/01/2020,Aeroporto,Cagliari,3436,3722
30/01/2020,Aeroporto,Alghero,1032,1105
29/01/2020,Porto,Porto Torres,378,315
29/01/2020,Porto,Olbia,588,633
29/01/2020,Porto,Golfo Aranci,96,159
29/01/2020,Porto,Cagliari,213,96
29/01/2020,Porto,Arbatax,0,18
29/01/2020,Aeroporto,Olbia,665,586
29/01/2020,Aeroporto,Cagliari,3470,3518
29/01/2020,Aeroporto,Alghero,731,768
28/01/2020,Porto,Porto Torres,155,153
28/01/2020,Porto,Olbia,804,666
28/01/2020,Porto,Golfo Aranci,103,109
28/01/2020,Porto,Cagliari,121,56
28/01/2020,Aeroporto,Olbia,790,693
28/01/2020,Aeroporto,Cagliari,3432,3347
28/01/2020,Aeroporto,Alghero,1094,1084
27/01/2020,Porto,Porto Torres,324,290
27/01/2020,Porto,Olbia,1008,673
27/01/2020,Porto,Golfo Aranci,165,113
27/01/2020,Porto,Cagliari,3,112
27/01/2020,Aeroporto,Olbia,920,784
27/01/2020,Aeroporto,Cagliari,4581,4183
27/01/2020,Aeroporto,Alghero,1166,1112
26/01/2020,Porto,Porto Torres,205,230
26/01/2020,Porto,Olbia,737,825
26/01/2020,Porto,Golfo Aranci,172,231
26/01/2020,Porto,Cagliari,177,0
26/01/2020,Porto,Arbatax,0,26
26/01/2020,Aeroporto,Olbia,1033,981
26/01/2020,Aeroporto,Cagliari,4478,4264
26/01/2020,Aeroporto,Alghero,1230,1165
25/01/2020,Porto,Porto Torres,418,417
25/01/2020,Porto,Olbia,871,797
25/01/2020,Porto,Golfo Aranci,215,111
25/01/2020,Porto,Cagliari,96,98
25/01/2020,Porto,Arbatax,34,0
25/01/2020,Aeroporto,Olbia,697,737
25/01/2020,Aeroporto,Cagliari,2960,3383
25/01/2020,Aeroporto,Alghero,1693,1204
24/01/2020,Porto,Porto Torres,198,207
24/01/2020,Porto,Olbia,742,866
24/01/2020,Porto,Golfo Aranci,141,107
24/01/2020,Porto,Cagliari,87,176
24/01/2020,Aeroporto,Olbia,847,885
24/01/2020,Aeroporto,Cagliari,5070,5141
24/01/2020,Aeroporto,Alghero,1052,979
23/01/2020,Porto,Porto Torres,220,192
23/01/2020,Porto,Olbia,742,787
23/01/2020,Porto,Golfo Aranci,132,103
23/01/2020,Porto,Cagliari,100,118
23/01/2020,Porto,Arbatax,38,0
23/01/2020,Aeroporto,Olbia,590,673
23/01/2020,Aeroporto,Cagliari,3402,3620
23/01/2020,Aeroporto,Alghero,982,1181
22/01/2020,Porto,Porto Torres,199,254
22/01/2020,Porto,Olbia,658,851
22/01/2020,Porto,Golfo Aranci,72,133
22/01/2020,Porto,Cagliari,142,98
22/01/2020,Aeroporto,Olbia,576,556
22/01/2020,Aeroporto,Cagliari,3262,3299
22/01/2020,Aeroporto,Alghero,618,703
21/01/2020,Porto,Porto Torres,164,93
21/01/2020,Porto,Olbia,869,617
21/01/2020,Porto,Golfo Aranci,124,102
21/01/2020,Porto,Cagliari,153,0
21/01/2020,Aeroporto,Olbia,707,560
21/01/2020,Aeroporto,Cagliari,3301,3312
21/01/2020,Aeroporto,Alghero,1041,1063
20/01/2020,Porto,Porto Torres,260,291
20/01/2020,Porto,Olbia,866,710
20/01/2020,Porto,Golfo Aranci,192,99
20/01/2020,Porto,Cagliari,3,92
20/01/2020,Aeroporto,Olbia,748,655
20/01/2020,Aeroporto,Cagliari,4169,4221
20/01/2020,Aeroporto,Alghero,1012,1102
19/01/2020,Porto,Porto Torres,247,230
19/01/2020,Porto,Olbia,693,808
19/01/2020,Porto,Golfo Aranci,204,158
19/01/2020,Porto,Cagliari,252,2
19/01/2020,Porto,Arbatax,0,19
19/01/2020,Aeroporto,Olbia,688,772
19/01/2020,Aeroporto,Cagliari,3906,4067
19/01/2020,Aeroporto,Alghero,1065,1160
18/01/2020,Porto,Porto Torres,427,429
18/01/2020,Porto,Olbia,910,926
18/01/2020,Porto,Golfo Aranci,126,200
18/01/2020,Porto,Cagliari,135,189
18/01/2020,Porto,Arbatax,39,0
18/01/2020,Aeroporto,Olbia,709,757
18/01/2020,Aeroporto,Cagliari,3074,3341
18/01/2020,Aeroporto,Alghero,1175,1181
17/01/2020,Porto,Porto Torres,199,212
17/01/2020,Porto,Olbia,855,949
17/01/2020,Porto,Golfo Aranci,154,182
17/01/2020,Porto,Cagliari,121,122
17/01/2020,Aeroporto,Olbia,604,706
17/01/2020,Aeroporto,Cagliari,4626,5126
17/01/2020,Aeroporto,Alghero,878,963
16/01/2020,Porto,Porto Torres,169,128
16/01/2020,Porto,Olbia,912,891
16/01/2020,Porto,Golfo Aranci,114,102
16/01/2020,Porto,Cagliari,62,140
16/01/2020,Porto,Arbatax,39,0
16/01/2020,Aeroporto,Olbia,565,556
16/01/2020,Aeroporto,Cagliari,3371,3633
16/01/2020,Aeroporto,Alghero,1077,1136
15/01/2020,Porto,Porto Torres,532,316
15/01/2020,Porto,Olbia,715,639
15/01/2020,Porto,Golfo Aranci,124,105
15/01/2020,Porto,Cagliari,182,259
15/01/2020,Aeroporto,Olbia,648,597
15/01/2020,Aeroporto,Cagliari,3319,3375
15/01/2020,Aeroporto,Alghero,727,777
14/01/2020,Porto,Porto Torres,179,146
14/01/2020,Porto,Olbia,902,603
14/01/2020,Porto,Golfo Aranci,119,95
14/01/2020,Porto,Cagliari,146,2
14/01/2020,Aeroporto,Olbia,630,576
14/01/2020,Aeroporto,Cagliari,2615,2690
14/01/2020,Aeroporto,Alghero,873,901
13/01/2020,Porto,Porto Torres,365,298
13/01/2020,Porto,Olbia,1000,737
13/01/2020,Porto,Golfo Aranci,239,163
13/01/2020,Porto,Cagliari,0,110
13/01/2020,Aeroporto,Olbia,735,711
13/01/2020,Aeroporto,Cagliari,4126,4202
13/01/2020,Aeroporto,Alghero,955,1080
12/01/2020,Porto,Porto Torres,270,183
12/01/2020,Porto,Olbia,849,628
12/01/2020,Porto,Golfo Aranci,236,143
12/01/2020,Porto,Cagliari,434,0
12/01/2020,Aeroporto,Olbia,778,741
12/01/2020,Aeroporto,Cagliari,4318,4295
12/01/2020,Aeroporto,Alghero,1015,1188
11/01/2020,Porto,Porto Torres,480,631
11/01/2020,Porto,Olbia,853,991
11/01/2020,Porto,Golfo Aranci,199,228
11/01/2020,Porto,Cagliari,88,136
11/01/2020,Porto,Arbatax,51,64
11/01/2020,Aeroporto,Olbia,675,776
11/01/2020,Aeroporto,Cagliari,3210,3247
11/01/2020,Aeroporto,Alghero,1158,1165
10/01/2020,Porto,Porto Torres,149,310
10/01/2020,Porto,Olbia,759,971
10/01/2020,Porto,Golfo Aranci,147,225
10/01/2020,Porto,Cagliari,227,159
10/01/2020,Aeroporto,Olbia,745,738
10/01/2020,Aeroporto,Cagliari,4523,4869
10/01/2020,Aeroporto,Alghero,856,916
09/01/2020,Porto,Porto Torres,168,178
09/01/2020,Porto,Olbia,1052,800
09/01/2020,Porto,Golfo Aranci,223,200
09/01/2020,Porto,Cagliari,91,120
09/01/2020,Porto,Arbatax,69,0
09/01/2020,Aeroporto,Olbia,622,635
09/01/2020,Aeroporto,Cagliari,3032,3599
09/01/2020,Aeroporto,Alghero,888,1035
08/01/2020,Porto,Porto Torres,976,697
08/01/2020,Porto,Olbia,1084,843
08/01/2020,Porto,Golfo Aranci,295,185
08/01/2020,Porto,Cagliari,628,98
08/01/2020,Porto,Arbatax,0,60
08/01/2020,Aeroporto,Olbia,680,700
08/01/2020,Aeroporto,Cagliari,3005,3690
08/01/2020,Aeroporto,Alghero,616,825
07/01/2020,Porto,Porto Torres,237,375
07/01/2020,Porto,Olbia,1219,1569
07/01/2020,Porto,Golfo Aranci,335,398
07/01/2020,Porto,Cagliari,151,125
07/01/2020,Aeroporto,Olbia,953,1348
07/01/2020,Aeroporto,Cagliari,4063,4987
07/01/2020,Aeroporto,Alghero,1321,1641
06/01/2020,Porto,Porto Torres,736,728
06/01/2020,Porto,Olbia,1877,2569
06/01/2020,Porto,Golfo Aranci,317,403
06/01/2020,Porto,Cagliari,400,373
06/01/2020,Porto,Arbatax,0,324
06/01/2020,Aeroporto,Olbia,956,1211
06/01/2020,Aeroporto,Cagliari,6292,6261
06/01/2020,Aeroporto,Alghero,1152,1474
05/01/2020,Porto,Porto Torres,458,1075
05/01/2020,Porto,Olbia,1567,3297
05/01/2020,Porto,Golfo Aranci,846,1241
05/01/2020,Porto,Cagliari,1314,294
05/01/2020,Aeroporto,Olbia,1205,1545
05/01/2020,Aeroporto,Cagliari,5507,6425
05/01/2020,Aeroporto,Alghero,1325,1742
04/01/2020,Porto,Porto Torres,399,1463
04/01/2020,Porto,Olbia,1822,3530
04/01/2020,Porto,Golfo Aranci,511,601
04/01/2020,Porto,Cagliari,200,389
04/01/2020,Porto,Arbatax,147,0
04/01/2020,Aeroporto,Olbia,1202,1552
04/01/2020,Aeroporto,Cagliari,5304,6670
04/01/2020,Aeroporto,Alghero,1416,1783
03/01/2020,Porto,Porto Torres,1491,1577
03/01/2020,Porto,Olbia,1491,2506
03/01/2020,Porto,Golfo Aranci,725,758
03/01/2020,Porto,Cagliari,801,495
03/01/2020,Aeroporto,Olbia,870,1258
03/01/2020,Aeroporto,Cagliari,6115,7001
03/01/2020,Aeroporto,Alghero,1140,1563
02/01/2020,Porto,Porto Torres,324,842
02/01/2020,Porto,Olbia,1172,2418
02/01/2020,Porto,Golfo Aranci,372,653
02/01/2020,Porto,Cagliari,66,252
02/01/2020,Porto,Arbatax,45,90
02/01/2020,Aeroporto,Olbia,907,1164
02/01/2020,Aeroporto,Cagliari,5768,6219
02/01/2020,Aeroporto,Alghero,1354,1689
01/01/2020,Porto,Porto Torres,139,441
01/01/2020,Porto,Olbia,80,1562
01/01/2020,Porto,Golfo Aranci,0,510
01/01/2020,Porto,Cagliari,107,269
01/01/2020,Aeroporto,Olbia,646,847
01/01/2020,Aeroporto,Cagliari,3425,4322
01/01/2020,Aeroporto,Alghero,694,864
31/12/2019,Porto,Porto Torres,252,145
31/12/2019,Porto,Olbia,1375,331
31/12/2019,Porto,Golfo Aranci,421,0
31/12/2019,Porto,Cagliari,144,47
31/12/2019,Aeroporto,Olbia,696,822
31/12/2019,Aeroporto,Cagliari,3461,4706
31/12/2019,Aeroporto,Alghero,1144,1507
30/12/2019,Porto,Porto Torres,521,457
30/12/2019,Porto,Olbia,1919,2206
30/12/2019,Porto,Golfo Aranci,578,567
30/12/2019,Porto,Cagliari,163,695
30/12/2019,Aeroporto,Olbia,845,1184
30/12/2019,Aeroporto,Cagliari,5686,7125
30/12/2019,Aeroporto,Alghero,1345,1419
29/12/2019,Porto,Porto Torres,2102,2682
29/12/2019,Porto,Olbia,2033,2061
29/12/2019,Porto,Golfo Aranci,627,653
29/12/2019,Porto,Cagliari,812,282
29/12/2019,Aeroporto,Olbia,1246,1608
29/12/2019,Aeroporto,Cagliari,5780,6773
29/12/2019,Aeroporto,Alghero,1516,1769
28/12/2019,Porto,Porto Torres,553,595
28/12/2019,Porto,Olbia,2652,2600
28/12/2019,Porto,Golfo Aranci,634,700
28/12/2019,Porto,Cagliari,172,525
28/12/2019,Porto,Arbatax,224,0
28/12/2019,Aeroporto,Olbia,1378,1479
28/12/2019,Aeroporto,Cagliari,5929,6875
28/12/2019,Aeroporto,Alghero,1654,1824
27/12/2019,Porto,Porto Torres,928,591
27/12/2019,Porto,Olbia,2412,2297
27/12/2019,Porto,Golfo Aranci,775,892
27/12/2019,Porto,Cagliari,465,1120
27/12/2019,Aeroporto,Olbia,1210,1210
27/12/2019,Aeroporto,Cagliari,6681,7151
27/12/2019,Aeroporto,Alghero,1350,1476
26/12/2019,Porto,Porto Torres,251,344
26/12/2019,Porto,Olbia,1232,1742
26/12/2019,Porto,Golfo Aranci,446,591
26/12/2019,Porto,Cagliari,50,276
26/12/2019,Porto,Arbatax,43,47
26/12/2019,Aeroporto,Olbia,794,863
26/12/2019,Aeroporto,Cagliari,4609,5329
26/12/2019,Aeroporto,Alghero,915,1149
25/12/2019,Porto,Porto Torres,853,227
25/12/2019,Porto,Olbia,227,751
25/12/2019,Porto,Cagliari,101,196
25/12/2019,Aeroporto,Olbia,295,236
25/12/2019,Aeroporto,Cagliari,1279,1080
25/12/2019,Aeroporto,Alghero,447,439
24/12/2019,Porto,Porto Torres,1263,215
24/12/2019,Porto,Olbia,3400,300
24/12/2019,Porto,Cagliari,397,57
24/12/2019,Aeroporto,Olbia,1045,782
24/12/2019,Aeroporto,Cagliari,5400,3698
24/12/2019,Aeroporto,Alghero,1796,1201
23/12/2019,Porto,Olbia,3613,1652
23/12/2019,Porto,Cagliari,419,684
23/12/2019,Aeroporto,Olbia,1269,900
23/12/2019,Aeroporto,Cagliari,6569,5657
23/12/2019,Aeroporto,Alghero,1490,1016
22/12/2019,Porto,Olbia,3572,2845
22/12/2019,Porto,Golfo Aranci,1078,501
22/12/2019,Porto,Cagliari,945,218
22/12/2019,Aeroporto,Olbia,1670,1001
22/12/2019,Aeroporto,Cagliari,6768,5214
22/12/2019,Aeroporto,Alghero,1839,1344
21/12/2019,Porto,Porto Torres,2126,1354
21/12/2019,Porto,Olbia,3882,1989
21/12/2019,Porto,Golfo Aranci,1218,571
21/12/2019,Porto,Cagliari,360,394
21/12/2019,Porto,Arbatax,404,0
21/12/2019,Aeroporto,Olbia,2056,1508
21/12/2019,Aeroporto,Cagliari,6791,4984
21/12/2019,Aeroporto,Alghero,2009,1532
20/12/2019,Porto,Porto Torres,589,491
20/12/2019,Porto,Olbia,2442,2576
20/12/2019,Porto,Golfo Aranci,721,623
20/12/2019,Porto,Cagliari,470,1614
20/12/2019,Aeroporto,Olbia,1447,976
20/12/2019,Aeroporto,Cagliari,6893,5618
20/12/2019,Aeroporto,Alghero,1427,1101
19/12/2019,Porto,Porto Torres,277,203
19/12/2019,Porto,Olbia,1396,1012
19/12/2019,Porto,Golfo Aranci,232,283
19/12/2019,Porto,Cagliari,154,162
19/12/2019,Porto,Arbatax,100,0
19/12/2019,Aeroporto,Olbia,1499,863
19/12/2019,Aeroporto,Cagliari,5585,3950
19/12/2019,Aeroporto,Alghero,1456,1092
18/12/2019,Porto,Porto Torres,555,533
18/12/2019,Porto,Olbia,795,661
18/12/2019,Porto,Golfo Aranci,144,156
18/12/2019,Porto,Cagliari,277,356
18/12/2019,Porto,Arbatax,0,51
18/12/2019,Aeroporto,Olbia,1111,998
18/12/2019,Aeroporto,Cagliari,4398,3551
18/12/2019,Aeroporto,Alghero,924,807
17/12/2019,Porto,Porto Torres,175,176
17/12/2019,Porto,Olbia,1030,947
17/12/2019,Porto,Golfo Aranci,180,110
17/12/2019,Porto,Cagliari,242,173
17/12/2019,Aeroporto,Olbia,963,809
17/12/2019,Aeroporto,Cagliari,4492,3716
17/12/2019,Aeroporto,Alghero,1284,1040
16/12/2019,Porto,Porto Torres,400,364
16/12/2019,Porto,Olbia,1128,833
16/12/2019,Porto,Golfo Aranci,211,129
16/12/2019,Porto,Cagliari,175,175
16/12/2019,Aeroporto,Olbia,890,721
16/12/2019,Aeroporto,Cagliari,5519,4306
16/12/2019,Aeroporto,Alghero,1260,1073
15/12/2019,Porto,Porto Torres,205,208
15/12/2019,Porto,Olbia,751,967
15/12/2019,Porto,Golfo Aranci,168,212
15/12/2019,Aeroporto,Olbia,984,965
15/12/2019,Aeroporto,Cagliari,4891,3700
15/12/2019,Aeroporto,Alghero,1139,1017
14/12/2019,Porto,Porto Torres,338,522
14/12/2019,Porto,Olbia,1020,1130
14/12/2019,Porto,Golfo Aranci,116,212
14/12/2019,Porto,Cagliari,145,390
14/12/2019,Aeroporto,Olbia,1353,1088
14/12/2019,Aeroporto,Cagliari,4264,3666
14/12/2019,Aeroporto,Alghero,1502,1145
13/12/2019,Porto,Porto Torres,186,192
13/12/2019,Porto,Olbia,819,1029
13/12/2019,Porto,Cagliari,144,0
13/12/2019,Aeroporto,Olbia,166,648
13/12/2019,Aeroporto,Cagliari,4487,4390
13/12/2019,Aeroporto,Alghero,522,541
12/12/2019,Porto,Porto Torres,134,157
12/12/2019,Porto,Olbia,914,882
12/12/2019,Porto,Cagliari,89,206
12/12/2019,Porto,Arbatax,65,0
12/12/2019,Aeroporto,Olbia,927,988
12/12/2019,Aeroporto,Cagliari,3855,4133
12/12/2019,Aeroporto,Alghero,922,1250
11/12/2019,Porto,Porto Torres,478,397
11/12/2019,Porto,Olbia,651,790
11/12/2019,Porto,Golfo Aranci,119,152
11/12/2019,Porto,Cagliari,145,150
11/12/2019,Aeroporto,Olbia,783,767
11/12/2019,Aeroporto,Cagliari,4175,3912
11/12/2019,Aeroporto,Alghero,831,795
10/12/2019,Porto,Porto Torres,215,144
10/12/2019,Porto,Olbia,1166,858
10/12/2019,Porto,Golfo Aranci,268,152
10/12/2019,Porto,Cagliari,189,90
10/12/2019,Aeroporto,Olbia,766,766
10/12/2019,Aeroporto,Cagliari,3920,3824
10/12/2019,Aeroporto,Alghero,1278,1252
09/12/2019,Porto,Porto Torres,183,209
09/12/2019,Porto,Olbia,1214,808
09/12/2019,Porto,Golfo Aranci,236,147
09/12/2019,Porto,Cagliari,0,157
09/12/2019,Aeroporto,Olbia,924,793
09/12/2019,Aeroporto,Cagliari,5553,5244
09/12/2019,Aeroporto,Alghero,1205,1148
08/12/2019,Porto,Porto Torres,203,207
08/12/2019,Porto,Olbia,671,847
08/12/2019,Porto,Golfo Aranci,142,181
08/12/2019,Porto,Cagliari,176,0
08/12/2019,Aeroporto,Olbia,966,843
08/12/2019,Aeroporto,Cagliari,4594,4442
08/12/2019,Aeroporto,Alghero,1269,1208
07/12/2019,Porto,Porto Torres,465,531
07/12/2019,Porto,Olbia,927,970
07/12/2019,Porto,Golfo Aranci,201,169
07/12/2019,Porto,Cagliari,99,98
07/12/2019,Aeroporto,Olbia,801,914
07/12/2019,Aeroporto,Cagliari,3449,4050
07/12/2019,Aeroporto,Alghero,1252,1175
06/12/2019,Porto,Porto Torres,169,214
06/12/2019,Porto,Olbia,853,1066
06/12/2019,Porto,Golfo Aranci,0,188
06/12/2019,Porto,Cagliari,133,188
06/12/2019,Aeroporto,Olbia,797,940
06/12/2019,Aeroporto,Cagliari,5055,5600
06/12/2019,Aeroporto,Alghero,1405,1098
05/12/2019,Porto,Porto Torres,160,204
05/12/2019,Porto,Olbia,870,963
05/12/2019,Porto,Golfo Aranci,136,324
05/12/2019,Porto,Cagliari,146,175
05/12/2019,Porto,Arbatax,45,0
05/12/2019,Aeroporto,Olbia,731,849
05/12/2019,Aeroporto,Cagliari,3792,4152
05/12/2019,Aeroporto,Alghero,999,1472
04/12/2019,Porto,Porto Torres,141,225
04/12/2019,Porto,Olbia,768,724
04/12/2019,Porto,Golfo Aranci,153,201
04/12/2019,Porto,Cagliari,228,140
04/12/2019,Porto,Arbatax,0,40
04/12/2019,Aeroporto,Olbia,614,648
04/12/2019,Aeroporto,Cagliari,3641,3939
04/12/2019,Aeroporto,Alghero,730,835
03/12/2019,Porto,Porto Torres,129,204
03/12/2019,Porto,Olbia,901,810
03/12/2019,Porto,Golfo Aranci,161,138
03/12/2019,Porto,Cagliari,155,124
03/12/2019,Aeroporto,Olbia,829,694
03/12/2019,Aeroporto,Cagliari,3726,3943
03/12/2019,Aeroporto,Alghero,1054,1072
02/12/2019,Porto,Porto Torres,290,370
02/12/2019,Porto,Olbia,914,954
02/12/2019,Porto,Golfo Aranci,166,175
02/12/2019,Porto,Cagliari,0,226
02/12/2019,Aeroporto,Olbia,746,747
02/12/2019,Aeroporto,Cagliari,5137,4916
02/12/2019,Aeroporto,Alghero,1074,1133
01/12/2019,Porto,Porto Torres,267,218
01/12/2019,Porto,Olbia,771,849
01/12/2019,Porto,Golfo Aranci,154,162
01/12/2019,Porto,Cagliari,176,5
01/12/2019,Porto,Arbatax,0,47
01/12/2019,Aeroporto,Olbia,999,953
01/12/2019,Aeroporto,Cagliari,4500,4240
01/12/2019,Aeroporto,Alghero,1230,1267
30/11/2019,Porto,Porto Torres,415,554
30/11/2019,Porto,Olbia,960,1001
30/11/2019,Porto,Golfo Aranci,157,208
30/11/2019,Porto,Cagliari,169,150
30/11/2019,Porto,Arbatax,51,0
30/11/2019,Aeroporto,Olbia,802,734
30/11/2019,Aeroporto,Cagliari,3577,3708
30/11/2019,Aeroporto,Alghero,1419,1249
29/11/2019,Porto,Porto Torres,190,263
29/11/2019,Porto,Olbia,817,1097
29/11/2019,Porto,Golfo Aranci,194,198
29/11/2019,Porto,Cagliari,152,176
29/11/2019,Aeroporto,Olbia,766,917
29/11/2019,Aeroporto,Cagliari,5440,5854
29/11/2019,Aeroporto,Alghero,1023,1123
28/11/2019,Porto,Porto Torres,171,202
28/11/2019,Porto,Olbia,809,1010
28/11/2019,Porto,Golfo Aranci,127,189
28/11/2019,Porto,Cagliari,108,152
28/11/2019,Porto,Arbatax,56,0
28/11/2019,Aeroporto,Olbia,688,794
28/11/2019,Aeroporto,Cagliari,3656,4129
28/11/2019,Aeroporto,Alghero,1153,1297
27/11/2019,Porto,Porto Torres,441,383
27/11/2019,Porto,Olbia,626,797
27/11/2019,Porto,Golfo Aranci,133,172
27/11/2019,Porto,Cagliari,149,157
27/11/2019,Porto,Arbatax,0,40
27/11/2019,Aeroporto,Olbia,733,590
27/11/2019,Aeroporto,Cagliari,3671,3787
27/11/2019,Aeroporto,Alghero,819,764
26/11/2019,Porto,Porto Torres,152,157
26/11/2019,Porto,Olbia,986,831
26/11/2019,Porto,Golfo Aranci,193,130
26/11/2019,Porto,Cagliari,195,108
26/11/2019,Aeroporto,Olbia,860,845
26/11/2019,Aeroporto,Cagliari,3997,4109
26/11/2019,Aeroporto,Alghero,1166,1239
25/11/2019,Porto,Porto Torres,261,362
25/11/2019,Porto,Olbia,1023,791
25/11/2019,Porto,Golfo Aranci,241,171
25/11/2019,Porto,Cagliari,224,119
25/11/2019,Aeroporto,Olbia,649,648
25/11/2019,Aeroporto,Cagliari,4561,4411
25/11/2019,Aeroporto,Alghero,1081,991
24/11/2019,Porto,Porto Torres,167,229
24/11/2019,Porto,Olbia,716,736
24/11/2019,Porto,Golfo Aranci,185,217
24/11/2019,Porto,Cagliari,4,1
24/11/2019,Porto,Arbatax,0,48
24/11/2019,Aeroporto,Olbia,996,974
24/11/2019,Aeroporto,Cagliari,4663,4611
24/11/2019,Aeroporto,Alghero,1246,1296
23/11/2019,Porto,Porto Torres,438,419
23/11/2019,Porto,Olbia,884,897
23/11/2019,Porto,Golfo Aranci,254,265
23/11/2019,Porto,Cagliari,152,256
23/11/2019,Porto,Arbatax,63,0
23/11/2019,Aeroporto,Olbia,905,970
23/11/2019,Aeroporto,Cagliari,3712,3629
23/11/2019,Aeroporto,Alghero,1397,1322
22/11/2019,Porto,Porto Torres,200,263
22/11/2019,Porto,Olbia,876,1015
22/11/2019,Porto,Golfo Aranci,161,224
22/11/2019,Porto,Cagliari,111,195
22/11/2019,Aeroporto,Olbia,822,919
22/11/2019,Aeroporto,Cagliari,5436,5884
22/11/2019,Aeroporto,Alghero,966,1154
21/11/2019,Porto,Porto Torres,189,156
21/11/2019,Porto,Olbia,937,1008
21/11/2019,Porto,Golfo Aranci,200,258
21/11/2019,Porto,Cagliari,85,219
21/11/2019,Porto,Arbatax,40,0
21/11/2019,Aeroporto,Olbia,748,790
21/11/2019,Aeroporto,Cagliari,3661,4159
21/11/2019,Aeroporto,Alghero,1104,1224
20/11/2019,Porto,Porto Torres,453,476
20/11/2019,Porto,Olbia,716,806
20/11/2019,Porto,Golfo Aranci,140,164
20/11/2019,Porto,Cagliari,142,145
20/11/2019,Porto,Arbatax,0,46
20/11/2019,Aeroporto,Olbia,646,702
20/11/2019,Aeroporto,Cagliari,3570,3709
20/11/2019,Aeroporto,Alghero,805,798
19/11/2019,Porto,Porto Torres,138,174
19/11/2019,Porto,Olbia,810,886
19/11/2019,Porto,Golfo Aranci,149,162
19/11/2019,Porto,Cagliari,146,231
19/11/2019,Aeroporto,Olbia,914,906
19/11/2019,Aeroporto,Cagliari,3755,3767
19/11/2019,Aeroporto,Alghero,1105,1119
18/11/2019,Porto,Porto Torres,313,376
18/11/2019,Porto,Olbia,1022,838
18/11/2019,Porto,Golfo Aranci,164,141
18/11/2019,Porto,Cagliari,0,12
18/11/2019,Aeroporto,Olbia,853,761
18/11/2019,Aeroporto,Cagliari,5094,5246
18/11/2019,Aeroporto,Alghero,1148,1104
17/11/2019,Porto,Porto Torres,256,205
17/11/2019,Porto,Olbia,785,867
17/11/2019,Porto,Golfo Aranci,56,371
17/11/2019,Porto,Cagliari,240,0
17/11/2019,Porto,Arbatax,0,49
17/11/2019,Aeroporto,Olbia,916,889
17/11/2019,Aeroporto,Cagliari,4585,5458
17/11/2019,Aeroporto,Alghero,1187,1292
16/11/2019,Porto,Porto Torres,501,576
16/11/2019,Porto,Olbia,893,989
16/11/2019,Porto,Golfo Aranci,165,235
16/11/2019,Porto,Cagliari,95,145
16/11/2019,Porto,Arbatax,53,0
16/11/2019,Aeroporto,Olbia,1066,1055
16/11/2019,Aeroporto,Cagliari,3738,4334
16/11/2019,Aeroporto,Alghero,1571,1340
15/11/2019,Porto,Porto Torres,225,238
15/11/2019,Porto,Olbia,770,1060
15/11/2019,Porto,Golfo Aranci,225,234
15/11/2019,Porto,Cagliari,117,415
15/11/2019,Aeroporto,Olbia,919,922
15/11/2019,Aeroporto,Cagliari,5428,5889
15/11/2019,Aeroporto,Alghero,899,1094
14/11/2019,Porto,Porto Torres,156,213
14/11/2019,Porto,Olbia,938,1114
14/11/2019,Porto,Golfo Aranci,111,150
14/11/2019,Porto,Cagliari,164,202
14/11/2019,Porto,Arbatax,66,0
14/11/2019,Aeroporto,Olbia,777,856
14/11/2019,Aeroporto,Cagliari,4639,5066
14/11/2019,Aeroporto,Alghero,1128,1363
13/11/2019,Porto,Porto Torres,199,413
13/11/2019,Porto,Olbia,746,853
13/11/2019,Porto,Golfo Aranci,149,228
13/11/2019,Porto,Cagliari,161,49
13/11/2019,Aeroporto,Olbia,663,788
13/11/2019,Aeroporto,Cagliari,4481,4645
13/11/2019,Aeroporto,Alghero,832,784
12/11/2019,Porto,Porto Torres,176,167
12/11/2019,Porto,Olbia,1029,882
12/11/2019,Porto,Golfo Aranci,146,119
12/11/2019,Porto,Cagliari,202,432
12/11/2019,Aeroporto,Olbia,930,980
12/11/2019,Aeroporto,Cagliari,4010,3873
12/11/2019,Aeroporto,Alghero,1183,1257
11/11/2019,Porto,Porto Torres,478,389
11/11/2019,Porto,Olbia,1326,795
11/11/2019,Porto,Golfo Aranci,312,167
11/11/2019,Porto,Cagliari,0,136
11/11/2019,Aeroporto,Olbia,959,821
11/11/2019,Aeroporto,Cagliari,5852,6046
11/11/2019,Aeroporto,Alghero,1230,1114
10/11/2019,Porto,Porto Torres,246,228
10/11/2019,Porto,Olbia,906,1015
10/11/2019,Porto,Golfo Aranci,171,277
10/11/2019,Porto,Cagliari,322,1
10/11/2019,Aeroporto,Olbia,981,889
10/11/2019,Aeroporto,Cagliari,5475,5857
10/11/2019,Aeroporto,Alghero,1316,1265
09/11/2019,Porto,Porto Torres,673,842
09/11/2019,Porto,Olbia,1109,1321
09/11/2019,Porto,Golfo Aranci,209,298
09/11/2019,Porto,Cagliari,196,140
09/11/2019,Porto,Arbatax,65,0
09/11/2019,Aeroporto,Olbia,818,1088
09/11/2019,Aeroporto,Cagliari,3782,3716
09/11/2019,Aeroporto,Alghero,1301,1371
08/11/2019,Porto,Porto Torres,231,324
08/11/2019,Porto,Olbia,966,1218
08/11/2019,Porto,Golfo Aranci,170,242
08/11/2019,Porto,Cagliari,313,275
08/11/2019,Aeroporto,Olbia,812,993
08/11/2019,Aeroporto,Cagliari,6354,6473
08/11/2019,Aeroporto,Alghero,973,1113
07/11/2019,Porto,Porto Torres,121,205
07/11/2019,Porto,Olbia,923,1248
07/11/2019,Porto,Golfo Aranci,206,301
07/11/2019,Porto,Cagliari,106,215
07/11/2019,Porto,Arbatax,87,0
07/11/2019,Aeroporto,Olbia,735,805
07/11/2019,Aeroporto,Cagliari,4416,4958
07/11/2019,Aeroporto,Alghero,1103,1432
06/11/2019,Porto,Porto Torres,599,635
06/11/2019,Porto,Olbia,807,1035
06/11/2019,Porto,Golfo Aranci,174,202
06/11/2019,Porto,Cagliari,193,153
06/11/2019,Porto,Arbatax,0,81
06/11/2019,Aeroporto,Olbia,690,800
06/11/2019,Aeroporto,Cagliari,3727,4295
06/11/2019,Aeroporto,Alghero,688,896
05/11/2019,Porto,Porto Torres,221,190
05/11/2019,Porto,Olbia,1475,1065
05/11/2019,Porto,Golfo Aranci,305,233
05/11/2019,Porto,Cagliari,257,324
05/11/2019,Aeroporto,Olbia,804,1101
05/11/2019,Aeroporto,Cagliari,5438,5721
05/11/2019,Aeroporto,Alghero,1154,1569
04/11/2019,Porto,Porto Torres,324,433
04/11/2019,Porto,Olbia,2255,1670
04/11/2019,Porto,Golfo Aranci,746,457
04/11/2019,Porto,Cagliari,0,234
04/11/2019,Aeroporto,Olbia,1333,1464
04/11/2019,Aeroporto,Cagliari,6572,6804
04/11/2019,Aeroporto,Alghero,1341,1427
03/11/2019,Porto,Porto Torres,492,921
03/11/2019,Porto,Olbia,1284,2412
03/11/2019,Porto,Golfo Aranci,350,314
03/11/2019,Porto,Cagliari,395,0
03/11/2019,Porto,Arbatax,0,102
03/11/2019,Aeroporto,Olbia,1238,1725
03/11/2019,Aeroporto,Cagliari,5907,6002
03/11/2019,Aeroporto,Alghero,1563,1693
02/11/2019,Porto,Porto Torres,457,925
02/11/2019,Porto,Olbia,876,2372
02/11/2019,Porto,Golfo Aranci,260,805
02/11/2019,Porto,Cagliari,154,171
02/11/2019,Porto,Arbatax,67,0
02/11/2019,Aeroporto,Olbia,1132,1937
02/11/2019,Aeroporto,Cagliari,4671,5262
02/11/2019,Aeroporto,Alghero,1104,1279
01/11/2019,Porto,Porto Torres,166,414
01/11/2019,Porto,Olbia,2331,1394
01/11/2019,Porto,Golfo Aranci,584,466
01/11/2019,Porto,Cagliari,138,305
01/11/2019,Aeroporto,Olbia,1002,1391
01/11/2019,Aeroporto,Cagliari,6291,6049
01/11/2019,Aeroporto,Alghero,990,1027
31/10/2019,Porto,Porto Torres,302,438
31/10/2019,Porto,Olbia,1876,2636
31/10/2019,Porto,Golfo Aranci,516,710
31/10/2019,Porto,Cagliari,134,245
31/10/2019,Porto,Arbatax,131,0
31/10/2019,Aeroporto,Olbia,1496,1471
31/10/2019,Aeroporto,Cagliari,5438,6599
31/10/2019,Aeroporto,Alghero,1742,2017
30/10/2019,Porto,Porto Torres,769,1542
30/10/2019,Porto,Olbia,949,1851
30/10/2019,Porto,Golfo Aranci,208,585
30/10/2019,Porto,Cagliari,196,347
30/10/2019,Porto,Arbatax,0,109
30/10/2019,Aeroporto,Olbia,1052,1548
30/10/2019,Aeroporto,Cagliari,5521,6557
30/10/2019,Aeroporto,Alghero,909,976
29/10/2019,Porto,Porto Torres,239,254
29/10/2019,Porto,Olbia,1256,1472
29/10/2019,Porto,Cagliari,385,590
29/10/2019,Porto,Arbatax,1,0
29/10/2019,Aeroporto,Olbia,1309,1565
29/10/2019,Aeroporto,Cagliari,5527,6588
29/10/2019,Aeroporto,Alghero,1347,1759
28/10/2019,Porto,Porto Torres,475,264
28/10/2019,Porto,Olbia,2283,1468
28/10/2019,Porto,Golfo Aranci,210,368
28/10/2019,Porto,Cagliari,2,186
28/10/2019,Aeroporto,Olbia,844,997
28/10/2019,Aeroporto,Cagliari,5538,5796
28/10/2019,Aeroporto,Alghero,1237,1302
27/10/2019,Porto,Porto Torres,363,802
27/10/2019,Porto,Olbia,1493,1314
27/10/2019,Porto,Golfo Aranci,503,319
27/10/2019,Porto,Cagliari,316,0
27/10/2019,Porto,Arbatax,0,95
27/10/2019,Aeroporto,Olbia,1341,1703
27/10/2019,Aeroporto,Cagliari,5701,6083
27/10/2019,Aeroporto,Alghero,1245,1418
26/10/2019,Porto,Porto Torres,1059,1790
26/10/2019,Porto,Olbia,1823,1851
26/10/2019,Porto,Golfo Aranci,313,509
26/10/2019,Porto,Cagliari,183,265
26/10/2019,Porto,Arbatax,91,0
26/10/2019,Aeroporto,Olbia,3177,5350
26/10/2019,Aeroporto,Cagliari,7153,8507
26/10/2019,Aeroporto,Alghero,1626,1684
25/10/2019,Porto,Porto Torres,209,398
25/10/2019,Porto,Olbia,1218,2453
25/10/2019,Porto,Golfo Aranci,277,568
25/10/2019,Porto,Cagliari,124,553
25/10/2019,Aeroporto,Olbia,1691,2846
25/10/2019,Aeroporto,Cagliari,4942,5069
25/10/2019,Aeroporto,Alghero,1333,1742
24/10/2019,Porto,Porto Torres,226,354
24/10/2019,Porto,Olbia,1148,2074
24/10/2019,Porto,Golfo Aranci,190,357
24/10/2019,Porto,Cagliari,18,247
24/10/2019,Porto,Arbatax,47,0
24/10/2019,Aeroporto,Olbia,1338,2477
24/10/2019,Aeroporto,Cagliari,6425,7344
24/10/2019,Aeroporto,Alghero,1406,1804
23/10/2019,Porto,Porto Torres,183,255
23/10/2019,Porto,Olbia,1323,1880
23/10/2019,Porto,Cagliari,212,235
23/10/2019,Porto,Arbatax,0,89
23/10/2019,Aeroporto,Olbia,1132,2943
23/10/2019,Aeroporto,Cagliari,6150,7195
23/10/2019,Aeroporto,Alghero,1621,1752
22/10/2019,Porto,Porto Torres,579,424
22/10/2019,Porto,Olbia,1392,1581
22/10/2019,Porto,Golfo Aranci,217,431
22/10/2019,Porto,Cagliari,351,372
22/10/2019,Aeroporto,Olbia,1957,3242
22/10/2019,Aeroporto,Cagliari,4942,5521
22/10/2019,Aeroporto,Alghero,1435,1604
21/10/2019,Porto,Porto Torres,1262,597
21/10/2019,Porto,Olbia,1745,2094
21/10/2019,Porto,Cagliari,87,183
21/10/2019,Aeroporto,Olbia,1897,2222
21/10/2019,Aeroporto,Cagliari,6573,7168
21/10/2019,Aeroporto,Alghero,1535,1688
20/10/2019,Porto,Porto Torres,290,399
20/10/2019,Porto,Olbia,1631,2283
20/10/2019,Porto,Golfo Aranci,310,487
20/10/2019,Porto,Cagliari,290,3
20/10/2019,Porto,Arbatax,0,86
20/10/2019,Aeroporto,Olbia,2654,4027
20/10/2019,Aeroporto,Cagliari,7393,8049
20/10/2019,Aeroporto,Alghero,2084,2376
19/10/2019,Porto,Porto Torres,1573,1471
19/10/2019,Porto,Olbia,1424,2498
19/10/2019,Porto,Golfo Aranci,499,714
19/10/2019,Porto,Cagliari,141,254
19/10/2019,Porto,Arbatax,84,0
19/10/2019,Aeroporto,Olbia,4765,6032
19/10/2019,Aeroporto,Cagliari,6658,7582
19/10/2019,Aeroporto,Alghero,1901,1730
18/10/2019,Porto,Porto Torres,218,659
18/10/2019,Porto,Olbia,1419,3254
18/10/2019,Porto,Golfo Aranci,368,776
18/10/2019,Porto,Cagliari,140,469
18/10/2019,Aeroporto,Olbia,2793,3703
18/10/2019,Aeroporto,Cagliari,6993,7675
18/10/2019,Aeroporto,Alghero,1929,2047
17/10/2019,Porto,Porto Torres,344,815
17/10/2019,Porto,Olbia,1219,2572
17/10/2019,Porto,Golfo Aranci,252,753
17/10/2019,Porto,Cagliari,125,308
17/10/2019,Porto,Arbatax,120,0
17/10/2019,Aeroporto,Olbia,2075,2691
17/10/2019,Aeroporto,Cagliari,6331,7038
17/10/2019,Aeroporto,Alghero,1544,1764
16/10/2019,Porto,Porto Torres,605,766
16/10/2019,Porto,Olbia,1235,2170
16/10/2019,Porto,Golfo Aranci,295,558
16/10/2019,Porto,Cagliari,259,196
16/10/2019,Porto,Arbatax,0,49
16/10/2019,Aeroporto,Olbia,2456,3603
16/10/2019,Aeroporto,Cagliari,5600,6659
16/10/2019,Aeroporto,Alghero,1641,1978
15/10/2019,Porto,Porto Torres,246,259
15/10/2019,Porto,Olbia,1522,1988
15/10/2019,Porto,Golfo Aranci,290,438
15/10/2019,Porto,Cagliari,392,389
15/10/2019,Aeroporto,Olbia,2458,3466
15/10/2019,Aeroporto,Cagliari,5931,6938
15/10/2019,Aeroporto,Alghero,1442,1711
14/10/2019,Porto,Porto Torres,628,810
14/10/2019,Porto,Olbia,2207,2874
14/10/2019,Porto,Golfo Aranci,565,371
14/10/2019,Porto,Cagliari,137,604
14/10/2019,Porto,Arbatax,0,65
14/10/2019,Aeroporto,Olbia,2371,3083
14/10/2019,Aeroporto,Cagliari,6848,7453
14/10/2019,Aeroporto,Alghero,1513,1739
13/10/2019,Porto,Porto Torres,352,557
13/10/2019,Porto,Olbia,1967,2681
13/10/2019,Porto,Golfo Aranci,571,738
13/10/2019,Porto,Cagliari,511,116
13/10/2019,Aeroporto,Olbia,3707,4711
13/10/2019,Aeroporto,Cagliari,6544,8246
13/10/2019,Aeroporto,Alghero,2173,2473
12/10/2019,Porto,Porto Torres,1055,1921
12/10/2019,Porto,Olbia,2001,3344
12/10/2019,Porto,Golfo Aranci,623,1518
12/10/2019,Porto,Cagliari,0,361
12/10/2019,Porto,Arbatax,81,0
12/10/2019,Aeroporto,Olbia,5903,6816
12/10/2019,Aeroporto,Cagliari,8248,8322
12/10/2019,Aeroporto,Alghero,1915,2006
11/10/2019,Porto,Porto Torres,292,929
11/10/2019,Porto,Olbia,1797,3942
11/10/2019,Porto,Golfo Aranci,564,1008
11/10/2019,Porto,Cagliari,390,615
11/10/2019,Aeroporto,Olbia,3504,3782
11/10/2019,Aeroporto,Cagliari,7521,6911
11/10/2019,Aeroporto,Alghero,1798,2074
10/10/2019,Porto,Porto Torres,277,708
10/10/2019,Porto,Olbia,1914,2996
10/10/2019,Porto,Golfo Aranci,349,774
10/10/2019,Porto,Cagliari,77,320
10/10/2019,Porto,Arbatax,59,106
10/10/2019,Aeroporto,Olbia,2747,2751
10/10/2019,Aeroporto,Cagliari,5879,6666
10/10/2019,Aeroporto,Alghero,1735,1906
09/10/2019,Porto,Porto Torres,990,1389
09/10/2019,Porto,Olbia,1327,2399
09/10/2019,Porto,Golfo Aranci,293,636
09/10/2019,Porto,Cagliari,415,617
09/10/2019,Aeroporto,Olbia,3089,3975
09/10/2019,Aeroporto,Cagliari,5673,6945
09/10/2019,Aeroporto,Alghero,1605,2121
08/10/2019,Porto,Porto Torres,293,543
08/10/2019,Porto,Olbia,1963,2831
08/10/2019,Porto,Golfo Aranci,342,534
08/10/2019,Porto,Cagliari,313,949
08/10/2019,Aeroporto,Olbia,2897,3928
08/10/2019,Aeroporto,Cagliari,5632,6276
08/10/2019,Aeroporto,Alghero,1437,1802
07/10/2019,Porto,Porto Torres,895,992
07/10/2019,Porto,Olbia,2014,2703
07/10/2019,Porto,Golfo Aranci,721,856
07/10/2019,Porto,Cagliari,178,384
07/10/2019,Porto,Arbatax,0,124
07/10/2019,Aeroporto,Olbia,2638,3219
07/10/2019,Aeroporto,Cagliari,6421,6850
07/10/2019,Aeroporto,Alghero,1504,1899
06/10/2019,Porto,Porto Torres,1052,1065
06/10/2019,Porto,Olbia,2789,3376
06/10/2019,Porto,Golfo Aranci,736,751
06/10/2019,Porto,Cagliari,522,109
06/10/2019,Aeroporto,Olbia,4610,5849
06/10/2019,Aeroporto,Cagliari,7626,8720
06/10/2019,Aeroporto,Alghero,2201,2600
05/10/2019,Porto,Porto Torres,1527,1555
05/10/2019,Porto,Olbia,2698,3699
05/10/2019,Porto,Golfo Aranci,1285,1986
05/10/2019,Porto,Cagliari,105,252
05/10/2019,Porto,Arbatax,85,0
05/10/2019,Aeroporto,Olbia,6500,7111
05/10/2019,Aeroporto,Cagliari,7949,8810
05/10/2019,Aeroporto,Alghero,1994,2170
04/10/2019,Porto,Porto Torres,483,911
04/10/2019,Porto,Olbia,3124,4651
04/10/2019,Porto,Golfo Aranci,938,856
04/10/2019,Porto,Cagliari,398,867
04/10/2019,Aeroporto,Olbia,4493,5166
04/10/2019,Aeroporto,Cagliari,6976,7564
04/10/2019,Aeroporto,Alghero,2109,2098
03/10/2019,Porto,Porto Torres,859,1507
03/10/2019,Porto,Olbia,1956,3074
03/10/2019,Porto,Golfo Aranci,411,694
03/10/2019,Porto,Cagliari,379,388
03/10/2019,Porto,Arbatax,57,138
03/10/2019,Aeroporto,Olbia,3250,3560
03/10/2019,Aeroporto,Cagliari,6474,7108
03/10/2019,Aeroporto,Alghero,1820,1895
02/10/2019,Porto,Porto Torres,1742,1883
02/10/2019,Porto,Olbia,1998,3049
02/10/2019,Porto,Golfo Aranci,480,655
02/10/2019,Porto,Cagliari,331,399
02/10/2019,Aeroporto,Olbia,4072,4403
02/10/2019,Aeroporto,Cagliari,6964,8236
02/10/2019,Aeroporto,Alghero,2269,2891
01/10/2019,Porto,Porto Torres,519,551
01/10/2019,Porto,Olbia,2253,2562
01/10/2019,Porto,Golfo Aranci,590,712
01/10/2019,Porto,Cagliari,377,644
01/10/2019,Aeroporto,Olbia,3144,4178
01/10/2019,Aeroporto,Cagliari,6099,6801
01/10/2019,Aeroporto,Alghero,1616,2117
30/09/2019,Porto,Porto Torres,1296,1474
30/09/2019,Porto,Olbia,3147,4844
30/09/2019,Porto,Golfo Aranci,661,696
30/09/2019,Porto,Cagliari,180,449
30/09/2019,Porto,Arbatax,0,158
30/09/2019,Aeroporto,Olbia,3176,4670
30/09/2019,Aeroporto,Cagliari,6536,8451
30/09/2019,Aeroporto,Alghero,1592,2247
29/09/2019,Porto,Porto Torres,1850,2298
29/09/2019,Porto,Olbia,2343,5419
29/09/2019,Porto,Golfo Aranci,1039,1689
29/09/2019,Porto,Cagliari,556,190
29/09/2019,Aeroporto,Olbia,4905,7547
29/09/2019,Aeroporto,Cagliari,8147,10154
29/09/2019,Aeroporto,Alghero,2205,2883
28/09/2019,Porto,Porto Torres,1489,2163
28/09/2019,Porto,Olbia,4237,6487
28/09/2019,Porto,Golfo Aranci,835,1705
28/09/2019,Porto,Cagliari,112,249
28/09/2019,Porto,Arbatax,117,0
28/09/2019,Aeroporto,Olbia,7263,8816
28/09/2019,Aeroporto,Cagliari,8945,9699
28/09/2019,Aeroporto,Alghero,2372,3099
27/09/2019,Porto,Porto Torres,717,2254
27/09/2019,Porto,Olbia,2899,4850
27/09/2019,Porto,Golfo Aranci,715,1393
27/09/2019,Porto,Cagliari,342,1321
27/09/2019,Aeroporto,Olbia,5701,7794
27/09/2019,Aeroporto,Cagliari,7920,7869
27/09/2019,Aeroporto,Alghero,2379,2265
26/09/2019,Porto,Porto Torres,927,1289
26/09/2019,Porto,Olbia,2590,5260
26/09/2019,Porto,Golfo Aranci,530,692
26/09/2019,Porto,Cagliari,333,507
26/09/2019,Porto,Arbatax,62,112
26/09/2019,Aeroporto,Olbia,4167,4635
26/09/2019,Aeroporto,Cagliari,7552,8430
26/09/2019,Aeroporto,Alghero,2095,2246
25/09/2019,Porto,Porto Torres,1264,2346
25/09/2019,Porto,Olbia,2153,3481
25/09/2019,Porto,Golfo Aranci,433,726
25/09/2019,Porto,Cagliari,385,441
25/09/2019,Aeroporto,Olbia,4750,6359
25/09/2019,Aeroporto,Cagliari,7216,8614
25/09/2019,Aeroporto,Alghero,2470,2832
24/09/2019,Porto,Porto Torres,580,789
24/09/2019,Porto,Olbia,2841,4843
24/09/2019,Porto,Golfo Aranci,517,596
24/09/2019,Porto,Cagliari,335,445
24/09/2019,Aeroporto,Olbia,3747,5242
24/09/2019,Aeroporto,Cagliari,6496,8019
24/09/2019,Aeroporto,Alghero,1879,2187
23/09/2019,Porto,Porto Torres,1958,2310
23/09/2019,Porto,Olbia,3711,4762
23/09/2019,Porto,Golfo Aranci,989,1324
23/09/2019,Porto,Cagliari,120,486
23/09/2019,Porto,Arbatax,0,138
23/09/2019,Aeroporto,Olbia,3718,5196
23/09/2019,Aeroporto,Cagliari,7196,8779
23/09/2019,Aeroporto,Alghero,1900,2340
22/09/2019,Porto,Porto Torres,1065,962
22/09/2019,Porto,Olbia,4715,7362
22/09/2019,Porto,Golfo Aranci,1001,1914
22/09/2019,Porto,Cagliari,611,180
22/09/2019,Aeroporto,Olbia,6244,7731
22/09/2019,Aeroporto,Cagliari,8549,10444
22/09/2019,Aeroporto,Alghero,2413,2871
21/09/2019,Porto,Porto Torres,2873,4661
21/09/2019,Porto,Olbia,5317,7748
21/09/2019,Porto,Golfo Aranci,1262,1974
21/09/2019,Porto,Cagliari,152,391
21/09/2019,Porto,Arbatax,76,1
21/09/2019,Aeroporto,Olbia,8497,9510
21/09/2019,Aeroporto,Cagliari,8904,11049
21/09/2019,Aeroporto,Alghero,2874,3427
20/09/2019,Porto,Porto Torres,563,1061
20/09/2019,Porto,Olbia,3751,5878
20/09/2019,Porto,Golfo Aranci,811,1615
20/09/2019,Porto,Cagliari,419,1219
20/09/2019,Aeroporto,Olbia,7563,7984
20/09/2019,Aeroporto,Cagliari,7939,8212
20/09/2019,Aeroporto,Alghero,2436,2504
19/09/2019,Porto,Porto Torres,1267,2418
19/09/2019,Porto,Olbia,3321,5003
19/09/2019,Porto,Golfo Aranci,800,1292
19/09/2019,Porto,Cagliari,550,554
19/09/2019,Porto,Arbatax,69,145
19/09/2019,Aeroporto,Olbia,4438,4706
19/09/2019,Aeroporto,Cagliari,8280,8672
19/09/2019,Aeroporto,Alghero,2064,2334
18/09/2019,Porto,Porto Torres,1711,2033
18/09/2019,Porto,Olbia,2971,5097
18/09/2019,Porto,Golfo Aranci,481,591
18/09/2019,Porto,Cagliari,419,458
18/09/2019,Porto,Arbatax,3,0
18/09/2019,Aeroporto,Olbia,5766,5781
18/09/2019,Aeroporto,Cagliari,8373,9058
18/09/2019,Aeroporto,Alghero,2893,3064
17/09/2019,Porto,Porto Torres,1423,1765
17/09/2019,Porto,Olbia,4076,4577
17/09/2019,Porto,Golfo Aranci,620,584
17/09/2019,Porto,Cagliari,381,324
17/09/2019,Aeroporto,Olbia,4824,5419
17/09/2019,Aeroporto,Cagliari,7135,7933
17/09/2019,Aeroporto,Alghero,2046,2375
16/09/2019,Porto,Porto Torres,1630,1535
16/09/2019,Porto,Olbia,5465,7074
16/09/2019,Porto,Golfo Aranci,1375,1895
16/09/2019,Porto,Cagliari,195,851
16/09/2019,Porto,Arbatax,0,366
16/09/2019,Aeroporto,Olbia,4627,5300
16/09/2019,Aeroporto,Cagliari,7338,8982
16/09/2019,Aeroporto,Alghero,1998,2324
15/09/2019,Porto,Porto Torres,2480,5047
15/09/2019,Porto,Olbia,5278,9605
15/09/2019,Porto,Golfo Aranci,1501,2635
15/09/2019,Porto,Cagliari,761,2
15/09/2019,Porto,Arbatax,1,0
15/09/2019,Aeroporto,Olbia,6956,8747
15/09/2019,Aeroporto,Cagliari,9667,10598
15/09/2019,Aeroporto,Alghero,2764,3192
14/09/2019,Porto,Porto Torres,2156,5370
14/09/2019,Porto,Olbia,7210,14127
14/09/2019,Porto,Golfo Aranci,1409,2368
14/09/2019,Porto,Cagliari,162,699
14/09/2019,Porto,Arbatax,91,2
14/09/2019,Aeroporto,Olbia,9620,10474
14/09/2019,Aeroporto,Cagliari,9711,10782
14/09/2019,Aeroporto,Alghero,3397,3568
13/09/2019,Porto,Porto Torres,1647,4480
13/09/2019,Porto,Olbia,4253,8922
13/09/2019,Porto,Golfo Aranci,1069,2700
13/09/2019,Porto,Cagliari,489,1097
13/09/2019,Aeroporto,Olbia,8399,8125
13/09/2019,Aeroporto,Cagliari,8196,8644
13/09/2019,Aeroporto,Alghero,2386,2422
12/09/2019,Porto,Porto Torres,724,1300
12/09/2019,Porto,Olbia,4350,8433
12/09/2019,Porto,Golfo Aranci,672,2019
12/09/2019,Porto,Cagliari,341,738
12/09/2019,Porto,Arbatax,99,320
12/09/2019,Aeroporto,Olbia,5096,4757
12/09/2019,Aeroporto,Cagliari,8162,8696
12/09/2019,Aeroporto,Alghero,2134,2395
11/09/2019,Porto,Porto Torres,2148,4387
11/09/2019,Porto,Olbia,3524,5949
11/09/2019,Porto,Golfo Aranci,789,1977
11/09/2019,Porto,Cagliari,484,539
11/09/2019,Aeroporto,Olbia,5914,6409
11/09/2019,Aeroporto,Cagliari,8460,9994
11/09/2019,Aeroporto,Alghero,2714,3266
10/09/2019,Porto,Porto Torres,1882,3407
10/09/2019,Porto,Olbia,5505,10835
10/09/2019,Porto,Golfo Aranci,1000,2579
10/09/2019,Porto,Cagliari,352,502
10/09/2019,Aeroporto,Olbia,5019,5634
10/09/2019,Aeroporto,Cagliari,7130,8185
10/09/2019,Aeroporto,Alghero,2526,3072
09/09/2019,Porto,Porto Torres,2836,3619
09/09/2019,Porto,Olbia,6037,10546
09/09/2019,Porto,Golfo Aranci,821,1124
09/09/2019,Porto,Cagliari,877,938
09/09/2019,Aeroporto,Olbia,5010,6222
09/09/2019,Aeroporto,Cagliari,7551,8845
09/09/2019,Aeroporto,Alghero,1992,2720
08/09/2019,Porto,Porto Torres,1908,3833
08/09/2019,Porto,Olbia,7732,16357
08/09/2019,Porto,Cagliari,344,514
08/09/2019,Aeroporto,Olbia,7620,9129
08/09/2019,Aeroporto,Cagliari,10772,11466
08/09/2019,Aeroporto,Alghero,2698,3581
07/09/2019,Porto,Porto Torres,2608,6648
07/09/2019,Porto,Olbia,10879,17755
07/09/2019,Porto,Golfo Aranci,1725,2877
07/09/2019,Porto,Cagliari,590,1550
07/09/2019,Porto,Arbatax,191,0
07/09/2019,Aeroporto,Olbia,10291,11512
07/09/2019,Aeroporto,Cagliari,10476,11712
07/09/2019,Aeroporto,Alghero,3757,3693
06/09/2019,Porto,Porto Torres,2391,3384
06/09/2019,Porto,Olbia,6431,11881
06/09/2019,Porto,Golfo Aranci,1641,4028
06/09/2019,Porto,Cagliari,237,701
06/09/2019,Aeroporto,Olbia,8379,7405
06/09/2019,Aeroporto,Cagliari,7638,8271
06/09/2019,Aeroporto,Alghero,2077,2291
05/09/2019,Porto,Porto Torres,1192,1983
05/09/2019,Porto,Olbia,6434,12847
05/09/2019,Porto,Golfo Aranci,1043,2751
05/09/2019,Porto,Cagliari,844,1459
05/09/2019,Porto,Arbatax,180,515
05/09/2019,Aeroporto,Olbia,5246,5784
05/09/2019,Aeroporto,Cagliari,8019,9374
05/09/2019,Aeroporto,Alghero,2475,2533
04/09/2019,Porto,Porto Torres,3823,6170
04/09/2019,Porto,Olbia,5421,11602
04/09/2019,Porto,Golfo Aranci,1468,4393
04/09/2019,Porto,Cagliari,469,599
04/09/2019,Aeroporto,Olbia,6439,6940
04/09/2019,Aeroporto,Cagliari,8105,9271
04/09/2019,Aeroporto,Alghero,2966,3073
03/09/2019,Porto,Porto Torres,3866,4694
03/09/2019,Porto,Olbia,8624,12253
03/09/2019,Porto,Golfo Aranci,1582,2931
03/09/2019,Porto,Cagliari,446,769
03/09/2019,Porto,Arbatax,61,333
03/09/2019,Aeroporto,Olbia,6278,7214
03/09/2019,Aeroporto,Cagliari,7624,8698
03/09/2019,Aeroporto,Alghero,2677,2869
02/09/2019,Porto,Porto Torres,2520,4063
02/09/2019,Porto,Olbia,9991,13219
02/09/2019,Porto,Golfo Aranci,3115,3272
02/09/2019,Porto,Cagliari,1169,1962
02/09/2019,Aeroporto,Olbia,5455,7038
02/09/2019,Aeroporto,Cagliari,7518,9317
02/09/2019,Aeroporto,Alghero,1956,2669
01/09/2019,Porto,Porto Torres,4557,6389
01/09/2019,Porto,Olbia,13371,18936
01/09/2019,Porto,Golfo Aranci,2323,3246
01/09/2019,Porto,Cagliari,684,993
01/09/2019,Aeroporto,Olbia,8766,11248
01/09/2019,Aeroporto,Cagliari,10018,11981
01/09/2019,Aeroporto,Alghero,3110,4061
31/08/2019,Porto,Porto Torres,3960,9360
31/08/2019,Porto,Olbia,12700,20116
31/08/2019,Porto,Golfo Aranci,2839,4871
31/08/2019,Porto,Cagliari,653,2424
31/08/2019,Porto,Arbatax,210,383
31/08/2019,Aeroporto,Olbia,11453,13640
31/08/2019,Aeroporto,Cagliari,11137,12684
31/08/2019,Aeroporto,Alghero,3954,5038
30/08/2019,Porto,Porto Torres,3217,9068
30/08/2019,Porto,Olbia,7122,16197
30/08/2019,Porto,Golfo Aranci,1755,2908
30/08/2019,Porto,Cagliari,284,2015
30/08/2019,Aeroporto,Olbia,9411,12818
30/08/2019,Aeroporto,Cagliari,8219,11436
30/08/2019,Aeroporto,Alghero,2411,3402
29/08/2019,Porto,Porto Torres,637,1218
29/08/2019,Porto,Olbia,5913,18549
29/08/2019,Porto,Golfo Aranci,1097,4122
29/08/2019,Porto,Cagliari,896,2745
29/08/2019,Porto,Arbatax,168,1423
29/08/2019,Aeroporto,Olbia,5761,8888
29/08/2019,Aeroporto,Cagliari,7651,11121
29/08/2019,Aeroporto,Alghero,2411,3685
28/08/2019,Porto,Porto Torres,2898,9208
28/08/2019,Porto,Olbia,5535,16005
28/08/2019,Porto,Golfo Aranci,1328,3087
28/08/2019,Porto,Cagliari,584,1096
28/08/2019,Aeroporto,Olbia,6692,10038
28/08/2019,Aeroporto,Cagliari,6828,9831
28/08/2019,Aeroporto,Alghero,2504,3535
27/08/2019,Porto,Porto Torres,3039,4703
27/08/2019,Porto,Olbia,7701,14321
27/08/2019,Porto,Golfo Aranci,1099,1988
27/08/2019,Porto,Cagliari,445,1498
27/08/2019,Porto,Arbatax,83,453
27/08/2019,Aeroporto,Olbia,6318,9342
27/08/2019,Aeroporto,Cagliari,7928,11430
27/08/2019,Aeroporto,Alghero,2671,4261
26/08/2019,Porto,Porto Torres,2841,6565
26/08/2019,Porto,Olbia,8986,16121
26/08/2019,Porto,Golfo Aranci,1961,3344
26/08/2019,Porto,Cagliari,1455,3549
26/08/2019,Porto,Arbatax,0,954
26/08/2019,Aeroporto,Olbia,5961,8818
26/08/2019,Aeroporto,Cagliari,7030,9595
26/08/2019,Aeroporto,Alghero,2165,3403
25/08/2019,Porto,Porto Torres,3857,10363
25/08/2019,Porto,Olbia,10425,18434
25/08/2019,Porto,Golfo Aranci,3029,4970
25/08/2019,Porto,Cagliari,533,671
25/08/2019,Aeroporto,Olbia,9055,12040
25/08/2019,Aeroporto,Cagliari,9525,12619
25/08/2019,Aeroporto,Alghero,3012,4385
24/08/2019,Porto,Porto Torres,5627,9340
24/08/2019,Porto,Olbia,12409,21387
24/08/2019,Porto,Golfo Aranci,1608,1515
24/08/2019,Porto,Cagliari,448,3621
24/08/2019,Porto,Arbatax,194,409
24/08/2019,Aeroporto,Olbia,12042,14337
24/08/2019,Aeroporto,Cagliari,10973,12863
24/08/2019,Aeroporto,Alghero,4088,4938
23/08/2019,Porto,Porto Torres,4914,9474
23/08/2019,Porto,Olbia,8574,16527
23/08/2019,Porto,Golfo Aranci,2466,4529
23/08/2019,Porto,Cagliari,403,1632
23/08/2019,Aeroporto,Olbia,10495,11473
23/08/2019,Aeroporto,Cagliari,8360,11263
23/08/2019,Aeroporto,Alghero,2534,3414
22/08/2019,Porto,Porto Torres,1215,3270
22/08/2019,Porto,Olbia,7627,18015
22/08/2019,Porto,Golfo Aranci,1784,4380
22/08/2019,Porto,Cagliari,1313,3727
22/08/2019,Porto,Arbatax,303,1009
22/08/2019,Aeroporto,Olbia,6811,8581
22/08/2019,Aeroporto,Cagliari,8662,10912
22/08/2019,Aeroporto,Alghero,2599,3397
21/08/2019,Porto,Porto Torres,5413,8371
21/08/2019,Porto,Olbia,7230,14775
21/08/2019,Porto,Golfo Aranci,1524,2769
21/08/2019,Porto,Cagliari,974,1221
21/08/2019,Porto,Arbatax,2,0
21/08/2019,Aeroporto,Olbia,8067,10058
21/08/2019,Aeroporto,Cagliari,7467,9452
21/08/2019,Aeroporto,Alghero,2887,3479
20/08/2019,Porto,Porto Torres,4482,4070
20/08/2019,Porto,Olbia,10541,14470
20/08/2019,Porto,Golfo Aranci,3135,3651
20/08/2019,Porto,Cagliari,833,1496
20/08/2019,Porto,Arbatax,121,408
20/08/2019,Aeroporto,Olbia,7763,9050
20/08/2019,Aeroporto,Cagliari,9317,10939
20/08/2019,Aeroporto,Alghero,3395,3957
19/08/2019,Porto,Porto Torres,2911,5993
19/08/2019,Porto,Olbia,12565,15153
19/08/2019,Porto,Golfo Aranci,3160,4302
19/08/2019,Porto,Cagliari,2007,2497
19/08/2019,Porto,Arbatax,0,1220
19/08/2019,Aeroporto,Olbia,7573,8956
19/08/2019,Aeroporto,Cagliari,8146,9535
19/08/2019,Aeroporto,Alghero,2675,3304
18/08/2019,Porto,Porto Torres,6160,7108
18/08/2019,Porto,Olbia,13713,18761
18/08/2019,Porto,Golfo Aranci,3504,3808
18/08/2019,Porto,Cagliari,1054,952
18/08/2019,Aeroporto,Olbia,9902,11771
18/08/2019,Aeroporto,Cagliari,10369,12514
18/08/2019,Aeroporto,Alghero,3787,4695
17/08/2019,Porto,Porto Torres,6452,7651
17/08/2019,Porto,Olbia,14988,19676
17/08/2019,Porto,Golfo Aranci,787,1641
17/08/2019,Porto,Cagliari,1851,2949
17/08/2019,Porto,Arbatax,859,347
17/08/2019,Aeroporto,Olbia,12175,13875
17/08/2019,Aeroporto,Cagliari,11335,12253
17/08/2019,Aeroporto,Alghero,4040,4356
16/08/2019,Porto,Porto Torres,6168,7077
16/08/2019,Porto,Olbia,13126,15295
16/08/2019,Porto,Golfo Aranci,2711,2039
16/08/2019,Porto,Cagliari,698,1420
16/08/2019,Aeroporto,Olbia,10753,12462
16/08/2019,Aeroporto,Cagliari,8993,9477
16/08/2019,Aeroporto,Alghero,2892,3110
15/08/2019,Porto,Porto Torres,4193,3639
15/08/2019,Porto,Olbia,12616,11451
15/08/2019,Porto,Golfo Aranci,2853,2405
15/08/2019,Porto,Cagliari,1229,1453
15/08/2019,Porto,Arbatax,563,349
15/08/2019,Aeroporto,Olbia,7765,7709
15/08/2019,Aeroporto,Cagliari,8823,9330
15/08/2019,Aeroporto,Alghero,2700,2723
14/08/2019,Porto,Porto Torres,4758,4002
14/08/2019,Porto,Olbia,12709,10294
14/08/2019,Porto,Golfo Aranci,2855,3033
14/08/2019,Porto,Cagliari,1660,977
14/08/2019,Porto,Arbatax,1,0
14/08/2019,Aeroporto,Olbia,9450,9616
14/08/2019,Aeroporto,Cagliari,8516,8393
14/08/2019,Aeroporto,Alghero,3260,3130
13/08/2019,Porto,Porto Torres,8930,6437
13/08/2019,Porto,Olbia,12724,9268
13/08/2019,Porto,Golfo Aranci,3363,1793
13/08/2019,Porto,Cagliari,1405,586
13/08/2019,Porto,Arbatax,164,53
13/08/2019,Aeroporto,Olbia,8772,8261
13/08/2019,Aeroporto,Cagliari,10537,9526
13/08/2019,Aeroporto,Alghero,3841,3686
12/08/2019,Porto,Porto Torres,2321,1793
12/08/2019,Porto,Olbia,18502,11299
12/08/2019,Porto,Golfo Aranci,3952,2283
12/08/2019,Porto,Cagliari,3155,2637
12/08/2019,Porto,Arbatax,0,422
12/08/2019,Aeroporto,Olbia,8391,7475
12/08/2019,Aeroporto,Cagliari,8588,7679
12/08/2019,Aeroporto,Alghero,2945,2338
11/08/2019,Porto,Porto Torres,7229,5586
11/08/2019,Porto,Olbia,19429,12112
11/08/2019,Porto,Golfo Aranci,4473,2896
11/08/2019,Porto,Cagliari,1539,590
11/08/2019,Porto,Arbatax,469,120
11/08/2019,Aeroporto,Olbia,11269,11160
11/08/2019,Aeroporto,Cagliari,11012,10194
11/08/2019,Aeroporto,Alghero,4342,3805
10/08/2019,Porto,Porto Torres,10531,6399
10/08/2019,Porto,Olbia,19817,13554
10/08/2019,Porto,Golfo Aranci,3025,2364
10/08/2019,Porto,Cagliari,2889,2190
10/08/2019,Porto,Arbatax,1310,2
10/08/2019,Aeroporto,Olbia,13052,12806
10/08/2019,Aeroporto,Cagliari,13023,11400
10/08/2019,Aeroporto,Alghero,4921,3896
09/08/2019,Porto,Porto Torres,6903,4618
09/08/2019,Porto,Olbia,18658,12309
09/08/2019,Porto,Golfo Aranci,2805,2120
09/08/2019,Porto,Cagliari,1330,1289
09/08/2019,Aeroporto,Olbia,12333,11124
09/08/2019,Aeroporto,Cagliari,10049,8215
09/08/2019,Aeroporto,Alghero,3544,2795
08/08/2019,Porto,Porto Torres,2895,2554
08/08/2019,Porto,Olbia,15263,8287
08/08/2019,Porto,Golfo Aranci,2659,1727
08/08/2019,Porto,Cagliari,1375,659
08/08/2019,Porto,Arbatax,1070,283
08/08/2019,Aeroporto,Olbia,8431,7118
08/08/2019,Aeroporto,Cagliari,10277,8859
08/08/2019,Aeroporto,Alghero,3425,2617
07/08/2019,Porto,Porto Torres,4836,2550
07/08/2019,Porto,Olbia,15059,7031
07/08/2019,Porto,Golfo Aranci,4585,2629
07/08/2019,Porto,Cagliari,2059,795
07/08/2019,Porto,Arbatax,1,0
07/08/2019,Aeroporto,Olbia,9977,9116
07/08/2019,Aeroporto,Cagliari,9478,7309
07/08/2019,Aeroporto,Alghero,3471,2925
06/08/2019,Porto,Porto Torres,9035,4522
06/08/2019,Porto,Olbia,14077,6640
06/08/2019,Porto,Golfo Aranci,4267,2174
06/08/2019,Porto,Cagliari,1704,471
06/08/2019,Porto,Arbatax,336,132
06/08/2019,Aeroporto,Olbia,9093,8411
06/08/2019,Aeroporto,Cagliari,10026,8671
06/08/2019,Aeroporto,Alghero,3801,3310
05/08/2019,Porto,Porto Torres,2672,1174
05/08/2019,Porto,Olbia,15133,8423
05/08/2019,Porto,Golfo Aranci,2835,1942
05/08/2019,Porto,Cagliari,2294,950
05/08/2019,Porto,Arbatax,0,327
05/08/2019,Aeroporto,Olbia,8912,7856
05/08/2019,Aeroporto,Cagliari,8829,7417
05/08/2019,Aeroporto,Alghero,3106,2313
04/08/2019,Porto,Porto Torres,7879,4548
04/08/2019,Porto,Olbia,18189,12132
04/08/2019,Porto,Golfo Aranci,4608,3117
04/08/2019,Porto,Cagliari,2988,1346
04/08/2019,Porto,Arbatax,543,113
04/08/2019,Aeroporto,Olbia,11289,10465
04/08/2019,Aeroporto,Cagliari,11301,10318
04/08/2019,Aeroporto,Alghero,3902,3327
03/08/2019,Porto,Porto Torres,9330,5252
03/08/2019,Porto,Olbia,17379,13690
03/08/2019,Porto,Golfo Aranci,4629,1992
03/08/2019,Porto,Cagliari,1706,901
03/08/2019,Porto,Arbatax,895,0
03/08/2019,Aeroporto,Olbia,14150,12753
03/08/2019,Aeroporto,Cagliari,12595,10750
03/08/2019,Aeroporto,Alghero,4505,3608
02/08/2019,Porto,Porto Torres,6712,3969
02/08/2019,Porto,Olbia,17085,11863
02/08/2019,Porto,Golfo Aranci,3372,2960
02/08/2019,Porto,Cagliari,1324,469
02/08/2019,Aeroporto,Olbia,11071,9882
02/08/2019,Aeroporto,Cagliari,9959,8366
02/08/2019,Aeroporto,Alghero,3402,2490
01/08/2019,Porto,Porto Torres,4139,3465
01/08/2019,Porto,Olbia,14850,8140
01/08/2019,Porto,Golfo Aranci,3401,3153
01/08/2019,Porto,Cagliari,1255,1174
01/08/2019,Porto,Arbatax,748,498
01/08/2019,Aeroporto,Olbia,8893,7519
01/08/2019,Aeroporto,Cagliari,11241,8850
01/08/2019,Aeroporto,Alghero,3544,2682
31/07/2019,Porto,Porto Torres,5266,2404
31/07/2019,Porto,Olbia,13480,10939
31/07/2019,Porto,Golfo Aranci,4534,3350
31/07/2019,Porto,Cagliari,1361,977
31/07/2019,Porto,Arbatax,2,0
31/07/2019,Aeroporto,Olbia,10186,9971
31/07/2019,Aeroporto,Cagliari,9018,8484
31/07/2019,Aeroporto,Alghero,3527,3357
30/07/2019,Porto,Porto Torres,5291,4350
30/07/2019,Porto,Olbia,10787,9872
30/07/2019,Porto,Golfo Aranci,4176,4386
30/07/2019,Porto,Cagliari,661,685
30/07/2019,Porto,Arbatax,206,105
30/07/2019,Aeroporto,Olbia,8570,8958
30/07/2019,Aeroporto,Cagliari,9815,9265
30/07/2019,Aeroporto,Alghero,3715,3735
29/07/2019,Porto,Porto Torres,2154,1782
29/07/2019,Porto,Olbia,13037,12361
29/07/2019,Porto,Golfo Aranci,4532,4698
29/07/2019,Porto,Cagliari,1378,854
29/07/2019,Porto,Arbatax,0,336
29/07/2019,Aeroporto,Olbia,7315,8651
29/07/2019,Aeroporto,Cagliari,8123,8201
29/07/2019,Aeroporto,Alghero,2920,3025
28/07/2019,Porto,Porto Torres,4779,3725
28/07/2019,Porto,Olbia,16894,16271
28/07/2019,Porto,Golfo Aranci,2476,2504
28/07/2019,Porto,Cagliari,994,384
28/07/2019,Porto,Arbatax,321,95
28/07/2019,Aeroporto,Olbia,10388,12670
28/07/2019,Aeroporto,Cagliari,10324,11669
28/07/2019,Aeroporto,Alghero,3332,4022
27/07/2019,Porto,Porto Torres,7590,6318
27/07/2019,Porto,Olbia,14951,14527
27/07/2019,Porto,Golfo Aranci,5086,4998
27/07/2019,Porto,Cagliari,1165,1687
27/07/2019,Porto,Arbatax,620,0
27/07/2019,Aeroporto,Olbia,12793,11763
27/07/2019,Aeroporto,Cagliari,11020,10051
27/07/2019,Aeroporto,Alghero,3769,3001
26/07/2019,Porto,Porto Torres,4187,3784
26/07/2019,Porto,Olbia,13076,12702
26/07/2019,Porto,Golfo Aranci,4502,4432
26/07/2019,Porto,Cagliari,609,479
26/07/2019,Aeroporto,Olbia,10566,10615
26/07/2019,Aeroporto,Cagliari,9697,8899
26/07/2019,Aeroporto,Alghero,2978,2490
25/07/2019,Porto,Porto Torres,3395,3412
25/07/2019,Porto,Olbia,10456,9139
25/07/2019,Porto,Golfo Aranci,5326,4100
25/07/2019,Porto,Cagliari,910,1022
25/07/2019,Porto,Arbatax,581,238
25/07/2019,Aeroporto,Olbia,8133,7205
25/07/2019,Aeroporto,Cagliari,10255,9309
25/07/2019,Aeroporto,Alghero,3251,2837
24/07/2019,Porto,Porto Torres,4698,2986
24/07/2019,Porto,Olbia,9556,7655
24/07/2019,Porto,Golfo Aranci,2258,1328
24/07/2019,Porto,Cagliari,726,656
24/07/2019,Aeroporto,Olbia,10028,9523
24/07/2019,Aeroporto,Cagliari,8854,8097
24/07/2019,Aeroporto,Alghero,3491,3156
23/07/2019,Porto,Porto Torres,4170,4032
23/07/2019,Porto,Olbia,8231,6313
23/07/2019,Porto,Golfo Aranci,2734,2452
23/07/2019,Porto,Cagliari,636,376
23/07/2019,Porto,Arbatax,119,69
23/07/2019,Aeroporto,Olbia,8180,8209
23/07/2019,Aeroporto,Cagliari,9642,9101
23/07/2019,Aeroporto,Alghero,3757,3653
22/07/2019,Porto,Porto Torres,4038,1875
22/07/2019,Porto,Olbia,10905,7981
22/07/2019,Porto,Golfo Aranci,2250,1660
22/07/2019,Porto,Cagliari,1225,684
22/07/2019,Porto,Arbatax,0,260
22/07/2019,Aeroporto,Olbia,8094,8546
22/07/2019,Aeroporto,Cagliari,8419,8538
22/07/2019,Aeroporto,Alghero,2735,2938
21/07/2019,Porto,Porto Torres,3668,2520
21/07/2019,Porto,Olbia,13554,12309
21/07/2019,Porto,Golfo Aranci,5172,3528
21/07/2019,Porto,Cagliari,7380,328
21/07/2019,Porto,Arbatax,214,78
21/07/2019,Aeroporto,Olbia,10634,11230
21/07/2019,Aeroporto,Cagliari,10638,11244
21/07/2019,Aeroporto,Alghero,3581,3750
20/07/2019,Porto,Porto Torres,5728,5698
20/07/2019,Porto,Olbia,14202,12021
20/07/2019,Porto,Golfo Aranci,1352,2776
20/07/2019,Porto,Cagliari,1036,1396
20/07/2019,Porto,Arbatax,435,0
20/07/2019,Aeroporto,Olbia,13722,12444
20/07/2019,Aeroporto,Cagliari,11915,11085
20/07/2019,Aeroporto,Alghero,4315,3934
19/07/2019,Porto,Porto Torres,4164,2960
19/07/2019,Porto,Olbia,13036,10179
19/07/2019,Porto,Cagliari,468,512
19/07/2019,Aeroporto,Olbia,11703,10443
19/07/2019,Aeroporto,Cagliari,10364,8490
19/07/2019,Aeroporto,Alghero,3209,2449
18/07/2019,Porto,Porto Torres,3339,2483
18/07/2019,Porto,Olbia,9079,6747
18/07/2019,Porto,Golfo Aranci,1822,2428
18/07/2019,Porto,Cagliari,1097,827
18/07/2019,Porto,Arbatax,470,0
18/07/2019,Aeroporto,Olbia,8527,6964
18/07/2019,Aeroporto,Cagliari,10194,9303
18/07/2019,Aeroporto,Alghero,3212,2591
17/07/2019,Porto,Porto Torres,4969,2138
17/07/2019,Porto,Olbia,8704,5970
17/07/2019,Porto,Golfo Aranci,3244,2494
17/07/2019,Porto,Cagliari,868,490
17/07/2019,Porto,Arbatax,1,168
17/07/2019,Aeroporto,Olbia,10216,8937
17/07/2019,Aeroporto,Cagliari,9179,8360
17/07/2019,Aeroporto,Alghero,3566,3280
16/07/2019,Porto,Porto Torres,4773,2870
16/07/2019,Porto,Olbia,9691,6464
16/07/2019,Porto,Golfo Aranci,3654,2942
16/07/2019,Porto,Cagliari,685,400
16/07/2019,Porto,Arbatax,245,61
16/07/2019,Aeroporto,Olbia,8483,8091
16/07/2019,Aeroporto,Cagliari,10126,9033
16/07/2019,Aeroporto,Alghero,3804,3602
15/07/2019,Porto,Porto Torres,4200,1794
15/07/2019,Porto,Olbia,13476,9313
15/07/2019,Porto,Golfo Aranci,5552,4134
15/07/2019,Porto,Cagliari,912,307
15/07/2019,Porto,Arbatax,0,348
15/07/2019,Aeroporto,Olbia,7946,7906
15/07/2019,Aeroporto,Cagliari,8909,8565
15/07/2019,Aeroporto,Alghero,2591,2736
14/07/2019,Porto,Porto Torres,3489,2686
14/07/2019,Porto,Olbia,14397,12989
14/07/2019,Porto,Golfo Aranci,6196,5772
14/07/2019,Porto,Cagliari,1547,423
14/07/2019,Aeroporto,Olbia,10563,11038
14/07/2019,Aeroporto,Cagliari,11200,11387
14/07/2019,Aeroporto,Alghero,3664,3718
13/07/2019,Porto,Porto Torres,5567,4903
13/07/2019,Porto,Olbia,14666,12927
13/07/2019,Porto,Golfo Aranci,2958,1602
13/07/2019,Porto,Cagliari,560,834
13/07/2019,Porto,Arbatax,404,0
13/07/2019,Aeroporto,Olbia,13895,13251
13/07/2019,Aeroporto,Cagliari,11195,10503
13/07/2019,Aeroporto,Alghero,4158,3628
12/07/2019,Porto,Porto Torres,2787,2234
12/07/2019,Porto,Olbia,11832,10673
12/07/2019,Porto,Golfo Aranci,4714,4570
12/07/2019,Porto,Cagliari,864,1212
12/07/2019,Aeroporto,Olbia,11683,8915
12/07/2019,Aeroporto,Cagliari,10559,8756
12/07/2019,Aeroporto,Alghero,3350,2629
11/07/2019,Porto,Porto Torres,3652,1921
11/07/2019,Porto,Olbia,7790,6995
11/07/2019,Porto,Golfo Aranci,4802,3396
11/07/2019,Porto,Cagliari,4629,645
11/07/2019,Porto,Arbatax,357,218
11/07/2019,Aeroporto,Olbia,8353,6838
11/07/2019,Aeroporto,Cagliari,9974,8918
11/07/2019,Aeroporto,Alghero,3123,2616
10/07/2019,Porto,Porto Torres,3608,1670
10/07/2019,Porto,Olbia,7658,6014
10/07/2019,Porto,Golfo Aranci,2604,2334
10/07/2019,Porto,Cagliari,662,560
10/07/2019,Aeroporto,Olbia,9971,8037
10/07/2019,Aeroporto,Cagliari,8723,8002
10/07/2019,Aeroporto,Alghero,3609,3376
09/07/2019,Porto,Porto Torres,4231,2889
09/07/2019,Porto,Olbia,8247,5899
09/07/2019,Porto,Golfo Aranci,5386,3502
09/07/2019,Porto,Cagliari,575,392
09/07/2019,Aeroporto,Olbia,8394,7563
09/07/2019,Aeroporto,Cagliari,9538,8526
09/07/2019,Aeroporto,Alghero,3867,3598
08/07/2019,Porto,Porto Torres,3482,1311
08/07/2019,Porto,Olbia,9881,6869
08/07/2019,Porto,Golfo Aranci,4258,4002
08/07/2019,Porto,Cagliari,538,531
08/07/2019,Aeroporto,Olbia,7590,7936
08/07/2019,Aeroporto,Cagliari,7817,8184
08/07/2019,Aeroporto,Alghero,2473,2597
07/07/2019,Porto,Porto Torres,3044,2192
07/07/2019,Porto,Olbia,12371,10396
07/07/2019,Porto,Golfo Aranci,6228,4358
07/07/2019,Porto,Cagliari,1333,7
07/07/2019,Porto,Arbatax,3,206
07/07/2019,Aeroporto,Olbia,10112,10581
07/07/2019,Aeroporto,Cagliari,10626,10911
07/07/2019,Aeroporto,Alghero,3324,3740
06/07/2019,Porto,Porto Torres,6706,5188
06/07/2019,Porto,Olbia,13615,11219
06/07/2019,Porto,Golfo Aranci,1048,3862
06/07/2019,Porto,Cagliari,457,565
06/07/2019,Porto,Arbatax,385,0
06/07/2019,Aeroporto,Olbia,13927,11569
06/07/2019,Aeroporto,Cagliari,11538,10062
06/07/2019,Aeroporto,Alghero,4179,3428
05/07/2019,Porto,Porto Torres,3805,1857
05/07/2019,Porto,Olbia,11938,8083
05/07/2019,Porto,Golfo Aranci,2932,3740
05/07/2019,Porto,Cagliari,864,1153
05/07/2019,Aeroporto,Olbia,10938,8413
05/07/2019,Aeroporto,Cagliari,10000,7826
05/07/2019,Aeroporto,Alghero,3239,2185
04/07/2019,Porto,Porto Torres,3034,1767
04/07/2019,Porto,Olbia,7799,5408
04/07/2019,Porto,Golfo Aranci,0,2740
04/07/2019,Porto,Cagliari,572,525
04/07/2019,Porto,Arbatax,424,0
04/07/2019,Aeroporto,Olbia,7809,5701
04/07/2019,Aeroporto,Cagliari,9971,8498
04/07/2019,Aeroporto,Alghero,2997,2419
03/07/2019,Porto,Porto Torres,1864,777
03/07/2019,Porto,Olbia,8290,4427
03/07/2019,Porto,Golfo Aranci,614,1818
03/07/2019,Porto,Cagliari,646,501
03/07/2019,Porto,Arbatax,1,102
03/07/2019,Aeroporto,Olbia,9135,6896
03/07/2019,Aeroporto,Cagliari,8927,7620
03/07/2019,Aeroporto,Alghero,3484,3176
02/07/2019,Porto,Porto Torres,5172,3170
02/07/2019,Porto,Olbia,9540,4888
02/07/2019,Porto,Golfo Aranci,2342,2014
02/07/2019,Porto,Cagliari,576,342
02/07/2019,Aeroporto,Olbia,7721,6830
02/07/2019,Aeroporto,Cagliari,8698,8172
02/07/2019,Aeroporto,Alghero,3708,3216
01/07/2019,Porto,Porto Torres,3445,1473
01/07/2019,Porto,Olbia,11787,6843
01/07/2019,Porto,Golfo Aranci,2564,4106
01/07/2019,Porto,Cagliari,780,504
01/07/2019,Porto,Arbatax,0,289
01/07/2019,Aeroporto,Olbia,7360,7287
01/07/2019,Aeroporto,Cagliari,8306,8064
01/07/2019,Aeroporto,Alghero,2485,2915
30/06/2019,Porto,Porto Torres,3616,2295
30/06/2019,Porto,Olbia,14311,12068
30/06/2019,Porto,Golfo Aranci,7102,5644
30/06/2019,Porto,Cagliari,1539,472
30/06/2019,Aeroporto,Olbia,10172,10104
30/06/2019,Aeroporto,Cagliari,11523,11251
30/06/2019,Aeroporto,Alghero,3781,3838
29/06/2019,Porto,Porto Torres,4755,4769
29/06/2019,Porto,Olbia,14788,12647
29/06/2019,Porto,Golfo Aranci,3298,1594
29/06/2019,Porto,Cagliari,531,703
29/06/2019,Porto,Arbatax,478,2
29/06/2019,Aeroporto,Olbia,12984,12775
29/06/2019,Aeroporto,Cagliari,11903,11224
29/06/2019,Aeroporto,Alghero,4200,3812
28/06/2019,Porto,Porto Torres,2567,1726
28/06/2019,Porto,Olbia,12266,9025
28/06/2019,Porto,Golfo Aranci,3182,2180
28/06/2019,Porto,Cagliari,917,959
28/06/2019,Aeroporto,Olbia,10183,9092
28/06/2019,Aeroporto,Cagliari,9414,7821
28/06/2019,Aeroporto,Alghero,2804,2136
27/06/2019,Porto,Porto Torres,2407,1636
27/06/2019,Porto,Olbia,7552,5793
27/06/2019,Porto,Golfo Aranci,2526,1070
27/06/2019,Porto,Cagliari,461,555
27/06/2019,Porto,Arbatax,330,141
27/06/2019,Aeroporto,Olbia,6889,5246
27/06/2019,Aeroporto,Cagliari,10033,8988
27/06/2019,Aeroporto,Alghero,3287,2377
26/06/2019,Porto,Porto Torres,1684,899
26/06/2019,Porto,Olbia,6719,4665
26/06/2019,Porto,Golfo Aranci,2616,2428
26/06/2019,Porto,Cagliari,615,531
26/06/2019,Aeroporto,Olbia,7484,6204
26/06/2019,Aeroporto,Cagliari,8251,8048
26/06/2019,Aeroporto,Alghero,3361,2964
25/06/2019,Porto,Porto Torres,4509,2322
25/06/2019,Porto,Olbia,6695,5084
25/06/2019,Porto,Golfo Aranci,4372,2814
25/06/2019,Porto,Cagliari,541,341
25/06/2019,Porto,Arbatax,5,0
25/06/2019,Aeroporto,Olbia,6888,6185
25/06/2019,Aeroporto,Cagliari,8608,7970
25/06/2019,Aeroporto,Alghero,3280,2827
24/06/2019,Porto,Porto Torres,1765,1155
24/06/2019,Porto,Olbia,7181,5013
24/06/2019,Porto,Golfo Aranci,4804,3800
24/06/2019,Porto,Cagliari,463,479
24/06/2019,Aeroporto,Olbia,6577,6680
24/06/2019,Aeroporto,Cagliari,7779,8011
24/06/2019,Aeroporto,Alghero,2460,2654
23/06/2019,Porto,Porto Torres,1598,1286
23/06/2019,Porto,Olbia,10043,8868
23/06/2019,Porto,Golfo Aranci,5590,5198
23/06/2019,Porto,Cagliari,1143,215
23/06/2019,Porto,Arbatax,0,162
23/06/2019,Aeroporto,Olbia,7807,8540
23/06/2019,Aeroporto,Cagliari,11128,10900
23/06/2019,Aeroporto,Alghero,3110,3267
22/06/2019,Porto,Porto Torres,5765,3885
22/06/2019,Porto,Olbia,13574,11697
22/06/2019,Porto,Golfo Aranci,3924,5294
22/06/2019,Porto,Cagliari,462,615
22/06/2019,Porto,Arbatax,318,0
22/06/2019,Aeroporto,Olbia,11744,10322
22/06/2019,Aeroporto,Cagliari,10764,10177
22/06/2019,Aeroporto,Alghero,4025,3275
21/06/2019,Porto,Porto Torres,1134,948
21/06/2019,Porto,Olbia,11457,9310
21/06/2019,Porto,Golfo Aranci,1678,1420
21/06/2019,Porto,Cagliari,913,919
21/06/2019,Porto,Arbatax,0,5
21/06/2019,Aeroporto,Olbia,9565,8283
21/06/2019,Aeroporto,Cagliari,9269,8098
21/06/2019,Aeroporto,Alghero,2706,2179
20/06/2019,Porto,Porto Torres,1368,2686
20/06/2019,Porto,Olbia,7465,6296
20/06/2019,Porto,Golfo Aranci,3968,2898
20/06/2019,Porto,Cagliari,546,525
20/06/2019,Porto,Arbatax,283,0
20/06/2019,Aeroporto,Olbia,5875,4532
20/06/2019,Aeroporto,Cagliari,9486,8780
20/06/2019,Aeroporto,Alghero,2813,2170
19/06/2019,Porto,Porto Torres,2151,905
19/06/2019,Porto,Olbia,6251,4826
19/06/2019,Porto,Golfo Aranci,2294,1834
19/06/2019,Porto,Cagliari,750,494
19/06/2019,Porto,Arbatax,6,114
19/06/2019,Aeroporto,Olbia,6906,5787
19/06/2019,Aeroporto,Cagliari,8971,8189
19/06/2019,Aeroporto,Alghero,3368,2945
18/06/2019,Porto,Porto Torres,3093,1471
18/06/2019,Porto,Olbia,6820,3950
18/06/2019,Porto,Golfo Aranci,3612,2516
18/06/2019,Porto,Cagliari,704,123
18/06/2019,Aeroporto,Olbia,5783,5123
18/06/2019,Aeroporto,Cagliari,7973,7641
18/06/2019,Aeroporto,Alghero,2830,2467
17/06/2019,Porto,Porto Torres,1075,665
17/06/2019,Porto,Olbia,7619,3960
17/06/2019,Porto,Golfo Aranci,4924,2488
17/06/2019,Porto,Cagliari,455,498
17/06/2019,Porto,Arbatax,0,132
17/06/2019,Aeroporto,Olbia,5261,5576
17/06/2019,Aeroporto,Cagliari,8017,7747
17/06/2019,Aeroporto,Alghero,2231,2487
16/06/2019,Porto,Porto Torres,3817,2607
16/06/2019,Porto,Olbia,8624,7059
16/06/2019,Porto,Golfo Aranci,6574,4718
16/06/2019,Porto,Cagliari,1038,168
16/06/2019,Aeroporto,Olbia,7748,7819
16/06/2019,Aeroporto,Cagliari,10809,10352
16/06/2019,Aeroporto,Alghero,3138,3313
15/06/2019,Porto,Porto Torres,1366,756
15/06/2019,Porto,Olbia,11706,7724
15/06/2019,Porto,Golfo Aranci,2558,1636
15/06/2019,Porto,Cagliari,396,325
15/06/2019,Aeroporto,Olbia,10843,8754
15/06/2019,Aeroporto,Cagliari,10524,9334
15/06/2019,Aeroporto,Alghero,3612,2936
14/06/2019,Porto,Porto Torres,3726,1812
14/06/2019,Porto,Olbia,7753,4270
14/06/2019,Porto,Golfo Aranci,4910,2104
14/06/2019,Porto,Cagliari,675,844
14/06/2019,Porto,Arbatax,0,6
14/06/2019,Aeroporto,Olbia,8491,6984
14/06/2019,Aeroporto,Cagliari,9030,7548
14/06/2019,Aeroporto,Alghero,2769,2188
13/06/2019,Porto,Porto Torres,1279,1019
13/06/2019,Porto,Olbia,7768,3669
13/06/2019,Porto,Golfo Aranci,2032,992
13/06/2019,Porto,Cagliari,422,389
13/06/2019,Porto,Arbatax,257,90
13/06/2019,Aeroporto,Olbia,5438,3958
13/06/2019,Aeroporto,Cagliari,8533,7258
13/06/2019,Aeroporto,Alghero,2454,1700
12/06/2019,Porto,Porto Torres,2044,971
12/06/2019,Porto,Olbia,4897,2512
12/06/2019,Porto,Golfo Aranci,1676,1727
12/06/2019,Porto,Cagliari,539,386
12/06/2019,Aeroporto,Olbia,5982,5021
12/06/2019,Aeroporto,Cagliari,8609,7417
12/06/2019,Aeroporto,Alghero,3377,2602
11/06/2019,Porto,Porto Torres,1430,783
11/06/2019,Porto,Olbia,7100,3033
11/06/2019,Porto,Golfo Aranci,2258,981
11/06/2019,Porto,Cagliari,442,265
11/06/2019,Aeroporto,Olbia,5147,4541
11/06/2019,Aeroporto,Cagliari,7406,6849
11/06/2019,Aeroporto,Alghero,2409,1761
10/06/2019,Porto,Porto Torres,4078,1260
10/06/2019,Porto,Olbia,5907,2350
10/06/2019,Porto,Golfo Aranci,4028,2027
10/06/2019,Porto,Cagliari,2576,317
10/06/2019,Aeroporto,Olbia,4998,4880
10/06/2019,Aeroporto,Cagliari,7719,7412
10/06/2019,Aeroporto,Alghero,2162,1967
09/06/2019,Porto,Porto Torres,2208,1286
09/06/2019,Porto,Olbia,9770,4480
09/06/2019,Porto,Golfo Aranci,5192,2083
09/06/2019,Porto,Cagliari,934,1
09/06/2019,Porto,Arbatax,1,82
09/06/2019,Aeroporto,Olbia,6979,6715
09/06/2019,Aeroporto,Cagliari,8857,9108
09/06/2019,Aeroporto,Alghero,2947,2683
08/06/2019,Porto,Porto Torres,4074,2491
08/06/2019,Porto,Olbia,9689,4707
08/06/2019,Porto,Golfo Aranci,5474,2266
08/06/2019,Porto,Cagliari,211,204
08/06/2019,Porto,Arbatax,183,8
08/06/2019,Aeroporto,Olbia,9707,8537
08/06/2019,Aeroporto,Cagliari,10274,8239
08/06/2019,Aeroporto,Alghero,3180,2651
07/06/2019,Porto,Porto Torres,839,478
07/06/2019,Porto,Olbia,5549,3859
07/06/2019,Porto,Golfo Aranci,1614,1018
07/06/2019,Porto,Cagliari,456,621
07/06/2019,Aeroporto,Olbia,8089,6335
07/06/2019,Aeroporto,Cagliari,8788,7133
07/06/2019,Aeroporto,Alghero,2377,1760
06/06/2019,Porto,Porto Torres,1742,1048
06/06/2019,Porto,Olbia,4117,3279
06/06/2019,Porto,Golfo Aranci,1218,781
06/06/2019,Porto,Cagliari,331,418
06/06/2019,Porto,Arbatax,163,0
06/06/2019,Aeroporto,Olbia,4733,3260
06/06/2019,Aeroporto,Cagliari,7845,6318
06/06/2019,Aeroporto,Alghero,1909,1658
05/06/2019,Porto,Porto Torres,1090,740
05/06/2019,Porto,Olbia,2954,1781
05/06/2019,Porto,Golfo Aranci,1152,650
05/06/2019,Porto,Cagliari,421,313
05/06/2019,Porto,Arbatax,0,46
05/06/2019,Aeroporto,Olbia,5168,4266
05/06/2019,Aeroporto,Cagliari,8046,6450
05/06/2019,Aeroporto,Alghero,2760,2387
04/06/2019,Porto,Porto Torres,1933,776
04/06/2019,Porto,Olbia,3764,1929
04/06/2019,Porto,Golfo Aranci,1410,534
04/06/2019,Porto,Cagliari,347,211
04/06/2019,Aeroporto,Olbia,4605,3985
04/06/2019,Aeroporto,Cagliari,7090,6168
04/06/2019,Aeroporto,Alghero,1894,1523
03/06/2019,Porto,Porto Torres,1129,749
03/06/2019,Porto,Olbia,4467,2487
03/06/2019,Porto,Golfo Aranci,2184,922
03/06/2019,Porto,Cagliari,1,85
03/06/2019,Porto,Arbatax,0,72
03/06/2019,Aeroporto,Olbia,4664,4859
03/06/2019,Aeroporto,Cagliari,7175,6960
03/06/2019,Aeroporto,Alghero,1793,2109
02/06/2019,Porto,Porto Torres,2371,1587
02/06/2019,Porto,Olbia,3772,3738
02/06/2019,Porto,Golfo Aranci,2386,1686
02/06/2019,Porto,Cagliari,717,111
02/06/2019,Aeroporto,Olbia,6182,6187
02/06/2019,Aeroporto,Cagliari,7841,8558
02/06/2019,Aeroporto,Alghero,2603,2519
01/06/2019,Porto,Porto Torres,1913,1581
01/06/2019,Porto,Olbia,6928,3141
01/06/2019,Porto,Golfo Aranci,3058,1684
01/06/2019,Porto,Cagliari,153,152
01/06/2019,Porto,Arbatax,161,0
01/06/2019,Aeroporto,Olbia,8837,7276
01/06/2019,Aeroporto,Cagliari,9233,8730
01/06/2019,Aeroporto,Alghero,3184,2398
31/05/2019,Porto,Porto Torres,1816,1196
31/05/2019,Porto,Olbia,4381,2863
31/05/2019,Porto,Golfo Aranci,798,514
31/05/2019,Porto,Cagliari,392,544
31/05/2019,Aeroporto,Olbia,7609,6187
31/05/2019,Aeroporto,Cagliari,7853,6617
31/05/2019,Aeroporto,Alghero,2259,1962
30/05/2019,Porto,Porto Torres,1430,709
30/05/2019,Porto,Olbia,4759,2613
30/05/2019,Porto,Golfo Aranci,652,131
30/05/2019,Porto,Cagliari,438,412
30/05/2019,Porto,Arbatax,148,45
30/05/2019,Aeroporto,Olbia,3905,3021
30/05/2019,Aeroporto,Cagliari,7113,6191
30/05/2019,Aeroporto,Alghero,1974,1671
29/05/2019,Porto,Porto Torres,1400,605
29/05/2019,Porto,Olbia,2347,1671
29/05/2019,Porto,Golfo Aranci,707,288
29/05/2019,Porto,Cagliari,339,334
29/05/2019,Aeroporto,Olbia,5563,3746
29/05/2019,Aeroporto,Cagliari,7479,6147
29/05/2019,Aeroporto,Alghero,2673,2277
28/05/2019,Porto,Porto Torres,724,494
28/05/2019,Porto,Olbia,3766,1777
28/05/2019,Porto,Golfo Aranci,502,262
28/05/2019,Porto,Cagliari,301,240
28/05/2019,Aeroporto,Olbia,4187,3505
28/05/2019,Aeroporto,Cagliari,6016,5480
28/05/2019,Aeroporto,Alghero,1744,1513
27/05/2019,Porto,Porto Torres,2379,1089
27/05/2019,Porto,Olbia,3047,1596
27/05/2019,Porto,Golfo Aranci,812,288
27/05/2019,Porto,Cagliari,177,279
27/05/2019,Aeroporto,Olbia,3360,3098
27/05/2019,Aeroporto,Cagliari,6302,6522
27/05/2019,Aeroporto,Alghero,1701,1835
26/05/2019,Porto,Porto Torres,768,978
26/05/2019,Porto,Olbia,2877,1792
26/05/2019,Porto,Golfo Aranci,515,371
26/05/2019,Porto,Cagliari,671,81
26/05/2019,Aeroporto,Olbia,5005,5253
26/05/2019,Aeroporto,Cagliari,7484,7711
26/05/2019,Aeroporto,Alghero,2438,2636
25/05/2019,Porto,Porto Torres,2403,1664
25/05/2019,Porto,Olbia,3285,2527
25/05/2019,Porto,Golfo Aranci,809,749
25/05/2019,Porto,Cagliari,148,130
25/05/2019,Porto,Arbatax,105,0
25/05/2019,Aeroporto,Olbia,8185,6362
25/05/2019,Aeroporto,Cagliari,8066,6709
25/05/2019,Aeroporto,Alghero,2342,1954
24/05/2019,Porto,Porto Torres,906,833
24/05/2019,Porto,Olbia,2296,2308
24/05/2019,Porto,Golfo Aranci,502,484
24/05/2019,Porto,Cagliari,516,511
24/05/2019,Aeroporto,Olbia,6574,5083
24/05/2019,Aeroporto,Cagliari,7246,6503
24/05/2019,Aeroporto,Alghero,2224,1890
23/05/2019,Porto,Porto Torres,942,711
23/05/2019,Porto,Olbia,2074,1966
23/05/2019,Porto,Golfo Aranci,416,262
23/05/2019,Porto,Cagliari,234,358
23/05/2019,Aeroporto,Olbia,3196,2035
23/05/2019,Aeroporto,Cagliari,7673,5868
23/05/2019,Aeroporto,Alghero,1995,1568
22/05/2019,Porto,Porto Torres,1099,728
22/05/2019,Porto,Olbia,1559,1374
22/05/2019,Porto,Golfo Aranci,356,231
22/05/2019,Porto,Cagliari,374,373
22/05/2019,Aeroporto,Olbia,4616,3306
22/05/2019,Aeroporto,Cagliari,7094,5666
22/05/2019,Aeroporto,Alghero,2851,2048
21/05/2019,Porto,Porto Torres,1503,759
21/05/2019,Porto,Olbia,2677,1448
21/05/2019,Porto,Golfo Aranci,487,245
21/05/2019,Porto,Cagliari,349,151
21/05/2019,Aeroporto,Olbia,3113,2845
21/05/2019,Aeroporto,Cagliari,5236,4538
21/05/2019,Aeroporto,Alghero,1331,1301
20/05/2019,Porto,Porto Torres,1013,503
20/05/2019,Porto,Olbia,2761,1540
20/05/2019,Porto,Golfo Aranci,497,261
20/05/2019,Porto,Cagliari,495,246
20/05/2019,Porto,Arbatax,0,92
20/05/2019,Aeroporto,Olbia,2833,2518
20/05/2019,Aeroporto,Cagliari,6920,6581
20/05/2019,Aeroporto,Alghero,1752,1628
19/05/2019,Porto,Porto Torres,1548,869
19/05/2019,Porto,Olbia,1654,1871
19/05/2019,Porto,Golfo Aranci,517,336
19/05/2019,Porto,Cagliari,565,173
19/05/2019,Porto,Arbatax,5,0
19/05/2019,Aeroporto,Olbia,3895,4082
19/05/2019,Aeroporto,Cagliari,6597,6844
19/05/2019,Aeroporto,Alghero,2327,2366
18/05/2019,Porto,Porto Torres,1026,1253
18/05/2019,Porto,Olbia,2915,1869
18/05/2019,Porto,Golfo Aranci,515,427
18/05/2019,Porto,Cagliari,195,182
18/05/2019,Porto,Arbatax,142,1
18/05/2019,Aeroporto,Olbia,6680,5312
18/05/2019,Aeroporto,Cagliari,7057,6377
18/05/2019,Aeroporto,Alghero,2242,1812
17/05/2019,Porto,Porto Torres,855,904
17/05/2019,Porto,Olbia,2499,1983
17/05/2019,Porto,Golfo Aranci,467,409
17/05/2019,Porto,Cagliari,370,684
17/05/2019,Porto,Arbatax,0,26
17/05/2019,Aeroporto,Olbia,5929,4760
17/05/2019,Aeroporto,Cagliari,6585,5913
17/05/2019,Aeroporto,Alghero,2147,1822
16/05/2019,Porto,Porto Torres,290,377
16/05/2019,Porto,Olbia,2206,1683
16/05/2019,Porto,Golfo Aranci,361,310
16/05/2019,Porto,Cagliari,373,320
16/05/2019,Porto,Arbatax,116,0
16/05/2019,Aeroporto,Olbia,2906,2041
16/05/2019,Aeroporto,Cagliari,6660,6131
16/05/2019,Aeroporto,Alghero,1815,1486
15/05/2019,Porto,Porto Torres,674,752
15/05/2019,Porto,Olbia,1693,1320
15/05/2019,Porto,Golfo Aranci,335,232
15/05/2019,Porto,Cagliari,233,514
15/05/2019,Aeroporto,Olbia,3507,2786
15/05/2019,Aeroporto,Cagliari,5966,5785
15/05/2019,Aeroporto,Alghero,2426,1685
14/05/2019,Porto,Porto Torres,565,466
14/05/2019,Porto,Olbia,1992,1370
14/05/2019,Porto,Golfo Aranci,446,238
14/05/2019,Porto,Cagliari,360,352
14/05/2019,Aeroporto,Olbia,3320,3195
14/05/2019,Aeroporto,Cagliari,5527,5283
14/05/2019,Aeroporto,Alghero,1556,1501
13/05/2019,Porto,Porto Torres,781,495
13/05/2019,Porto,Olbia,2491,1456
13/05/2019,Porto,Golfo Aranci,403,254
13/05/2019,Porto,Cagliari,0,189
13/05/2019,Aeroporto,Olbia,2502,2614
13/05/2019,Aeroporto,Cagliari,6215,5989
13/05/2019,Aeroporto,Alghero,1568,1628
12/05/2019,Porto,Porto Torres,1091,1031
12/05/2019,Porto,Olbia,1395,1266
12/05/2019,Porto,Golfo Aranci,339,231
12/05/2019,Porto,Cagliari,480,0
12/05/2019,Porto,Arbatax,0,345
12/05/2019,Aeroporto,Olbia,3155,3655
12/05/2019,Aeroporto,Cagliari,6363,6577
12/05/2019,Aeroporto,Alghero,2195,2450
11/05/2019,Porto,Porto Torres,1133,806
11/05/2019,Porto,Olbia,2042,1732
11/05/2019,Porto,Golfo Aranci,471,504
11/05/2019,Porto,Cagliari,272,327
11/05/2019,Porto,Arbatax,123,0
11/05/2019,Aeroporto,Olbia,5657,5496
11/05/2019,Aeroporto,Cagliari,6928,6474
11/05/2019,Aeroporto,Alghero,2056,1869
10/05/2019,Porto,Porto Torres,379,418
10/05/2019,Porto,Olbia,1870,2249
10/05/2019,Porto,Golfo Aranci,244,546
10/05/2019,Porto,Cagliari,209,337
10/05/2019,Aeroporto,Olbia,5316,4628
10/05/2019,Aeroporto,Cagliari,6713,6354
10/05/2019,Aeroporto,Alghero,2019,1932
09/05/2019,Porto,Porto Torres,725,611
09/05/2019,Porto,Olbia,1656,1610
09/05/2019,Porto,Golfo Aranci,303,395
09/05/2019,Porto,Cagliari,206,279
09/05/2019,Porto,Arbatax,118,0
09/05/2019,Aeroporto,Olbia,2481,2003
09/05/2019,Aeroporto,Cagliari,6161,6297
09/05/2019,Aeroporto,Alghero,1618,1349
08/05/2019,Porto,Porto Torres,310,554
08/05/2019,Porto,Olbia,1414,1424
08/05/2019,Porto,Golfo Aranci,254,247
08/05/2019,Porto,Cagliari,188,246
08/05/2019,Porto,Arbatax,0,43
08/05/2019,Aeroporto,Olbia,3253,2676
08/05/2019,Aeroporto,Cagliari,5861,6393
08/05/2019,Aeroporto,Alghero,1721,1686
07/05/2019,Porto,Porto Torres,543,671
07/05/2019,Porto,Olbia,2017,1670
07/05/2019,Porto,Golfo Aranci,429,239
07/05/2019,Porto,Cagliari,422,323
07/05/2019,Aeroporto,Olbia,3034,3296
07/05/2019,Aeroporto,Cagliari,5411,5591
07/05/2019,Aeroporto,Alghero,1603,1577
06/05/2019,Porto,Porto Torres,867,625
06/05/2019,Porto,Olbia,1961,1746
06/05/2019,Porto,Golfo Aranci,430,340
06/05/2019,Porto,Cagliari,0,189
06/05/2019,Aeroporto,Olbia,2375,2579
06/05/2019,Aeroporto,Cagliari,5707,6544
06/05/2019,Aeroporto,Alghero,1561,1885
05/05/2019,Porto,Porto Torres,31,239
05/05/2019,Porto,Olbia,1796,2490
05/05/2019,Porto,Golfo Aranci,576,918
05/05/2019,Porto,Cagliari,530,2
05/05/2019,Aeroporto,Olbia,2821,4318
05/05/2019,Aeroporto,Cagliari,6184,7440
05/05/2019,Aeroporto,Alghero,1880,2331
04/05/2019,Porto,Porto Torres,1031,1542
04/05/2019,Porto,Olbia,2066,4038
04/05/2019,Porto,Golfo Aranci,391,859
04/05/2019,Porto,Cagliari,290,343
04/05/2019,Aeroporto,Olbia,5154,5275
04/05/2019,Aeroporto,Cagliari,5971,6499
04/05/2019,Aeroporto,Alghero,1755,1586
03/05/2019,Porto,Porto Torres,431,787
03/05/2019,Porto,Olbia,1730,2807
03/05/2019,Porto,Golfo Aranci,538,1147
03/05/2019,Porto,Cagliari,188,307
03/05/2019,Aeroporto,Olbia,4807,4544
03/05/2019,Aeroporto,Cagliari,4830,5474
03/05/2019,Aeroporto,Alghero,1942,2179
02/05/2019,Porto,Porto Torres,482,583
02/05/2019,Porto,Olbia,1609,2362
02/05/2019,Porto,Golfo Aranci,467,658
02/05/2019,Porto,Cagliari,204,389
02/05/2019,Porto,Arbatax,86,0
02/05/2019,Aeroporto,Olbia,2419,2099
02/05/2019,Aeroporto,Cagliari,5511,5991
02/05/2019,Aeroporto,Alghero,1529,1710
01/05/2019,Porto,Porto Torres,1737,1194
01/05/2019,Porto,Olbia,1984,2749
01/05/2019,Porto,Golfo Aranci,647,747
01/05/2019,Porto,Cagliari,286,146
01/05/2019,Porto,Arbatax,0,228
01/05/2019,Aeroporto,Olbia,3480,3167
01/05/2019,Aeroporto,Cagliari,5927,5960
01/05/2019,Aeroporto,Alghero,1639,1856
30/04/2019,Porto,Porto Torres,637,1139
30/04/2019,Porto,Olbia,1791,3832
30/04/2019,Porto,Golfo Aranci,640,882
30/04/2019,Porto,Cagliari,526,506
30/04/2019,Aeroporto,Olbia,3054,2950
30/04/2019,Aeroporto,Cagliari,5334,5610
30/04/2019,Aeroporto,Alghero,1569,1798
29/04/2019,Porto,Porto Torres,979,793
29/04/2019,Porto,Olbia,2473,3572
29/04/2019,Porto,Golfo Aranci,752,798
29/04/2019,Porto,Cagliari,0,369
29/04/2019,Aeroporto,Olbia,2461,3094
29/04/2019,Aeroporto,Cagliari,6008,6852
29/04/2019,Aeroporto,Alghero,1367,1759
28/04/2019,Porto,Porto Torres,1159,1360
28/04/2019,Porto,Olbia,2481,3501
28/04/2019,Porto,Golfo Aranci,1217,2887
28/04/2019,Porto,Cagliari,1443,5
28/04/2019,Porto,Arbatax,0,489
28/04/2019,Aeroporto,Olbia,3690,4861
28/04/2019,Aeroporto,Cagliari,6776,7813
28/04/2019,Aeroporto,Alghero,2642,3351
27/04/2019,Porto,Porto Torres,1644,3346
27/04/2019,Porto,Olbia,3777,8596
27/04/2019,Porto,Cagliari,511,891
27/04/2019,Porto,Arbatax,162,0
27/04/2019,Aeroporto,Olbia,5166,5570
27/04/2019,Aeroporto,Cagliari,6554,7493
27/04/2019,Aeroporto,Alghero,1584,1691
26/04/2019,Porto,Porto Torres,635,1131
26/04/2019,Porto,Olbia,2556,4745
26/04/2019,Porto,Golfo Aranci,909,1680
26/04/2019,Porto,Cagliari,563,674
26/04/2019,Porto,Arbatax,2,0
26/04/2019,Aeroporto,Olbia,5220,5082
26/04/2019,Aeroporto,Cagliari,5582,6560
26/04/2019,Aeroporto,Alghero,1956,2327
25/04/2019,Porto,Porto Torres,1365,1167
25/04/2019,Porto,Olbia,4388,4106
25/04/2019,Porto,Golfo Aranci,1171,1213
25/04/2019,Porto,Cagliari,357,462
25/04/2019,Porto,Arbatax,359,0
25/04/2019,Aeroporto,Olbia,2415,2472
25/04/2019,Aeroporto,Cagliari,6309,6677
25/04/2019,Aeroporto,Alghero,1762,1902
24/04/2019,Porto,Porto Torres,1600,1494
24/04/2019,Porto,Olbia,2944,3102
24/04/2019,Porto,Golfo Aranci,1238,1473
24/04/2019,Porto,Cagliari,676,457
24/04/2019,Aeroporto,Olbia,2379,1998
24/04/2019,Aeroporto,Cagliari,6552,6659
24/04/2019,Aeroporto,Alghero,2030,2147
23/04/2019,Porto,Porto Torres,537,472
23/04/2019,Porto,Olbia,3319,2823
23/04/2019,Porto,Golfo Aranci,640,749
23/04/2019,Porto,Cagliari,353,292
23/04/2019,Porto,Arbatax,0,120
23/04/2019,Aeroporto,Olbia,3145,3397
23/04/2019,Aeroporto,Cagliari,6069,6530
23/04/2019,Aeroporto,Alghero,1884,2125
22/04/2019,Porto,Porto Torres,1207,325
22/04/2019,Porto,Olbia,4060,3193
22/04/2019,Porto,Cagliari,68,406
22/04/2019,Aeroporto,Olbia,2451,2549
22/04/2019,Aeroporto,Cagliari,5908,5897
22/04/2019,Aeroporto,Alghero,1524,1494
21/04/2019,Porto,Porto Torres,2045,1861
21/04/2019,Porto,Olbia,3435,1179
21/04/2019,Porto,Golfo Aranci,1130,446
21/04/2019,Porto,Cagliari,728,99
21/04/2019,Aeroporto,Olbia,3272,2883
21/04/2019,Aeroporto,Cagliari,5555,4875
21/04/2019,Aeroporto,Alghero,2102,1867
20/04/2019,Porto,Porto Torres,2970,652
20/04/2019,Porto,Olbia,7098,1365
20/04/2019,Porto,Golfo Aranci,2849,673
20/04/2019,Porto,Cagliari,597,161
20/04/2019,Porto,Arbatax,571,0
20/04/2019,Aeroporto,Olbia,6574,4752
20/04/2019,Aeroporto,Cagliari,7777,6388
20/04/2019,Aeroporto,Alghero,2231,1406
19/04/2019,Porto,Porto Torres,3216,1469
19/04/2019,Porto,Olbia,5842,2757
19/04/2019,Porto,Golfo Aranci,2767,817
19/04/2019,Porto,Cagliari,1117,706
19/04/2019,Aeroporto,Olbia,5607,4038
19/04/2019,Aeroporto,Cagliari,7302,6558
19/04/2019,Aeroporto,Alghero,2834,2049
18/04/2019,Porto,Porto Torres,832,404
18/04/2019,Porto,Olbia,5521,2178
18/04/2019,Porto,Golfo Aranci,1761,879
18/04/2019,Porto,Cagliari,222,439
18/04/2019,Porto,Arbatax,231,0
18/04/2019,Aeroporto,Olbia,3063,2007
18/04/2019,Aeroporto,Cagliari,7395,6574
18/04/2019,Aeroporto,Alghero,2179,1906
17/04/2019,Porto,Porto Torres,483,386
17/04/2019,Porto,Olbia,2538,1703
17/04/2019,Porto,Golfo Aranci,551,428
17/04/2019,Porto,Cagliari,194,883
17/04/2019,Porto,Arbatax,0,169
17/04/2019,Aeroporto,Olbia,2255,1259
17/04/2019,Aeroporto,Cagliari,6921,5709
17/04/2019,Aeroporto,Alghero,2155,1824
16/04/2019,Porto,Porto Torres,1734,382
16/04/2019,Porto,Olbia,2238,1225
16/04/2019,Porto,Golfo Aranci,531,221
16/04/2019,Porto,Cagliari,428,129
16/04/2019,Aeroporto,Olbia,2732,2091
16/04/2019,Aeroporto,Cagliari,5942,4817
16/04/2019,Aeroporto,Alghero,1772,1419
15/04/2019,Porto,Porto Torres,1380,201
15/04/2019,Porto,Olbia,2434,919
15/04/2019,Porto,Golfo Aranci,645,244
15/04/2019,Porto,Cagliari,0,259
15/04/2019,Aeroporto,Olbia,1939,1294
15/04/2019,Aeroporto,Cagliari,6173,5254
15/04/2019,Aeroporto,Alghero,1540,1160
14/04/2019,Porto,Porto Torres,925,468
14/04/2019,Porto,Olbia,2222,1094
14/04/2019,Porto,Golfo Aranci,746,405
14/04/2019,Porto,Cagliari,351,0
14/04/2019,Aeroporto,Olbia,3522,1874
14/04/2019,Aeroporto,Cagliari,6315,5014
14/04/2019,Aeroporto,Alghero,2487,2191
13/04/2019,Porto,Porto Torres,1546,436
13/04/2019,Porto,Olbia,2264,1405
13/04/2019,Porto,Golfo Aranci,567,318
13/04/2019,Porto,Cagliari,184,163
13/04/2019,Porto,Arbatax,153,69
13/04/2019,Aeroporto,Olbia,5086,2938
13/04/2019,Aeroporto,Cagliari,6331,5278
13/04/2019,Aeroporto,Alghero,1479,1216
12/04/2019,Porto,Porto Torres,264,476
12/04/2019,Porto,Olbia,1470,1421
12/04/2019,Porto,Golfo Aranci,407,403
12/04/2019,Porto,Cagliari,164,269
12/04/2019,Aeroporto,Olbia,3867,1670
12/04/2019,Aeroporto,Cagliari,5807,5581
12/04/2019,Aeroporto,Alghero,1927,1687
11/04/2019,Porto,Porto Torres,268,207
11/04/2019,Porto,Olbia,1349,1226
11/04/2019,Porto,Golfo Aranci,273,296
11/04/2019,Porto,Cagliari,126,311
11/04/2019,Porto,Arbatax,99,0
11/04/2019,Aeroporto,Olbia,2326,1418
11/04/2019,Aeroporto,Cagliari,5654,5142
11/04/2019,Aeroporto,Alghero,1684,1458
10/04/2019,Porto,Porto Torres,481,354
10/04/2019,Porto,Olbia,1226,921
10/04/2019,Porto,Golfo Aranci,224,304
10/04/2019,Porto,Cagliari,143,155
10/04/2019,Aeroporto,Olbia,1272,1020
10/04/2019,Aeroporto,Cagliari,5182,4592
10/04/2019,Aeroporto,Alghero,1702,1509
09/04/2019,Porto,Porto Torres,420,324
09/04/2019,Porto,Olbia,1365,852
09/04/2019,Porto,Golfo Aranci,294,220
09/04/2019,Porto,Cagliari,323,264
09/04/2019,Aeroporto,Olbia,2358,1775
09/04/2019,Aeroporto,Cagliari,5075,4515
09/04/2019,Aeroporto,Alghero,1299,1242
08/04/2019,Porto,Porto Torres,1085,220
08/04/2019,Porto,Olbia,1742,1227
08/04/2019,Porto,Golfo Aranci,461,172
08/04/2019,Porto,Cagliari,0,192
08/04/2019,Aeroporto,Olbia,1619,1494
08/04/2019,Aeroporto,Cagliari,5821,5173
08/04/2019,Aeroporto,Alghero,1339,1269
07/04/2019,Porto,Porto Torres,655,382
07/04/2019,Porto,Olbia,1096,1136
07/04/2019,Porto,Golfo Aranci,510,201
07/04/2019,Porto,Cagliari,321,3
07/04/2019,Aeroporto,Olbia,1884,1909
07/04/2019,Aeroporto,Cagliari,5550,5259
07/04/2019,Aeroporto,Alghero,2136,2063
06/04/2019,Porto,Porto Torres,389,321
06/04/2019,Porto,Olbia,1326,1165
06/04/2019,Porto,Golfo Aranci,382,324
06/04/2019,Porto,Cagliari,121,157
06/04/2019,Porto,Arbatax,72,50
06/04/2019,Aeroporto,Olbia,3317,2656
06/04/2019,Aeroporto,Cagliari,5672,4943
06/04/2019,Aeroporto,Alghero,1475,1160
05/04/2019,Porto,Porto Torres,208,357
05/04/2019,Porto,Olbia,1188,1206
05/04/2019,Porto,Golfo Aranci,183,309
05/04/2019,Porto,Cagliari,250,169
05/04/2019,Aeroporto,Olbia,2008,1367
05/04/2019,Aeroporto,Cagliari,5702,5171
05/04/2019,Aeroporto,Alghero,1915,1565
04/04/2019,Porto,Porto Torres,230,124
04/04/2019,Porto,Olbia,1311,1274
04/04/2019,Porto,Golfo Aranci,300,294
04/04/2019,Porto,Cagliari,0,191
04/04/2019,Aeroporto,Olbia,1730,1156
04/04/2019,Aeroporto,Cagliari,4924,4831
04/04/2019,Aeroporto,Alghero,1490,1288
03/04/2019,Porto,Porto Torres,629,241
03/04/2019,Porto,Olbia,1098,763
03/04/2019,Porto,Golfo Aranci,211,276
03/04/2019,Porto,Cagliari,162,111
03/04/2019,Aeroporto,Olbia,1252,851
03/04/2019,Aeroporto,Cagliari,4502,4819
03/04/2019,Aeroporto,Alghero,1560,1291
02/04/2019,Porto,Porto Torres,521,224
02/04/2019,Porto,Olbia,1345,837
02/04/2019,Porto,Golfo Aranci,402,121
02/04/2019,Porto,Cagliari,338,145
02/04/2019,Aeroporto,Olbia,1736,1363
02/04/2019,Aeroporto,Cagliari,4818,4575
02/04/2019,Aeroporto,Alghero,1350,1172
01/04/2019,Porto,Porto Torres,720,182
01/04/2019,Porto,Olbia,1588,842
01/04/2019,Porto,Golfo Aranci,391,126
01/04/2019,Porto,Cagliari,274,178
01/04/2019,Aeroporto,Olbia,1319,1161
01/04/2019,Aeroporto,Cagliari,5085,5066
01/04/2019,Aeroporto,Alghero,1156,1146
31/03/2019,Porto,Porto Torres,418,258
31/03/2019,Porto,Olbia,1026,924
31/03/2019,Porto,Golfo Aranci,246,175
31/03/2019,Porto,Cagliari,0,4
31/03/2019,Porto,Arbatax,0,82
31/03/2019,Aeroporto,Olbia,1750,1661
31/03/2019,Aeroporto,Cagliari,4852,4574
31/03/2019,Aeroporto,Alghero,1417,1489
30/03/2019,Porto,Porto Torres,476,393
30/03/2019,Porto,Olbia,1464,1389
30/03/2019,Porto,Golfo Aranci,367,232
30/03/2019,Porto,Cagliari,206,165
30/03/2019,Porto,Arbatax,87,0
30/03/2019,Aeroporto,Olbia,1523,1340
30/03/2019,Aeroporto,Cagliari,4892,4155
30/03/2019,Aeroporto,Alghero,1168,705
29/03/2019,Porto,Porto Torres,217,271
29/03/2019,Porto,Olbia,1235,1432
29/03/2019,Porto,Golfo Aranci,184,296
29/03/2019,Porto,Cagliari,125,189
29/03/2019,Aeroporto,Olbia,1136,1064
29/03/2019,Aeroporto,Cagliari,4755,4736
29/03/2019,Aeroporto,Alghero,1204,1237
28/03/2019,Porto,Porto Torres,142,165
28/03/2019,Porto,Olbia,1194,1406
28/03/2019,Porto,Golfo Aranci,245,155
28/03/2019,Porto,Cagliari,172,222
28/03/2019,Porto,Arbatax,74,0
28/03/2019,Aeroporto,Olbia,953,916
28/03/2019,Aeroporto,Cagliari,4402,4264
28/03/2019,Aeroporto,Alghero,1080,1088
27/03/2019,Porto,Porto Torres,398,304
27/03/2019,Porto,Olbia,875,891
27/03/2019,Porto,Golfo Aranci,379,185
27/03/2019,Porto,Cagliari,187,173
27/03/2019,Aeroporto,Olbia,830,806
27/03/2019,Aeroporto,Cagliari,3939,4033
27/03/2019,Aeroporto,Alghero,613,787
26/03/2019,Porto,Porto Torres,183,205
26/03/2019,Porto,Olbia,1255,980
26/03/2019,Porto,Golfo Aranci,162,77
26/03/2019,Porto,Cagliari,277,110
26/03/2019,Aeroporto,Olbia,1200,1140
26/03/2019,Aeroporto,Cagliari,4637,4430
26/03/2019,Aeroporto,Alghero,908,981
25/03/2019,Porto,Porto Torres,660,324
25/03/2019,Porto,Olbia,1767,952
25/03/2019,Porto,Golfo Aranci,227,250
25/03/2019,Porto,Cagliari,0,159
25/03/2019,Aeroporto,Olbia,844,809
25/03/2019,Aeroporto,Cagliari,4012,4080
25/03/2019,Aeroporto,Alghero,965,865
24/03/2019,Porto,Porto Torres,368,291
24/03/2019,Porto,Olbia,945,997
24/03/2019,Porto,Golfo Aranci,270,181
24/03/2019,Porto,Cagliari,191,0
24/03/2019,Aeroporto,Olbia,1156,1172
24/03/2019,Aeroporto,Cagliari,4408,4311
24/03/2019,Aeroporto,Alghero,1048,1109
23/03/2019,Porto,Porto Torres,289,410
23/03/2019,Porto,Olbia,1246,1165
23/03/2019,Porto,Golfo Aranci,202,214
23/03/2019,Porto,Cagliari,144,126
23/03/2019,Porto,Arbatax,91,0
23/03/2019,Aeroporto,Olbia,1269,1132
23/03/2019,Aeroporto,Cagliari,4758,4475
23/03/2019,Aeroporto,Alghero,1038,908
22/03/2019,Porto,Porto Torres,224,240
22/03/2019,Porto,Olbia,1207,1321
22/03/2019,Porto,Golfo Aranci,174,120
22/03/2019,Porto,Cagliari,137,148
22/03/2019,Aeroporto,Olbia,1122,1046
22/03/2019,Aeroporto,Cagliari,4662,4730
22/03/2019,Aeroporto,Alghero,1197,1129
21/03/2019,Porto,Porto Torres,150,173
21/03/2019,Porto,Olbia,1059,1135
21/03/2019,Porto,Golfo Aranci,147,140
21/03/2019,Porto,Cagliari,100,244
21/03/2019,Porto,Arbatax,74,0
21/03/2019,Aeroporto,Olbia,841,780
21/03/2019,Aeroporto,Cagliari,4101,4143
21/03/2019,Aeroporto,Alghero,977,1000
20/03/2019,Porto,Porto Torres,415,318
20/03/2019,Porto,Olbia,882,774
20/03/2019,Porto,Golfo Aranci,118,147
20/03/2019,Porto,Cagliari,142,129
20/03/2019,Porto,Arbatax,0,40
20/03/2019,Aeroporto,Olbia,888,887
20/03/2019,Aeroporto,Cagliari,3829,3990
20/03/2019,Aeroporto,Alghero,661,781
19/03/2019,Porto,Porto Torres,224,275
19/03/2019,Porto,Olbia,1115,760
19/03/2019,Porto,Golfo Aranci,123,117
19/03/2019,Porto,Cagliari,211,132
19/03/2019,Aeroporto,Olbia,1243,1006
19/03/2019,Aeroporto,Cagliari,4235,4164
19/03/2019,Aeroporto,Alghero,839,889
18/03/2019,Porto,Porto Torres,505,320
18/03/2019,Porto,Olbia,1287,983
18/03/2019,Porto,Golfo Aranci,267,85
18/03/2019,Porto,Cagliari,0,172
18/03/2019,Aeroporto,Olbia,946,812
18/03/2019,Aeroporto,Cagliari,4572,4356
18/03/2019,Aeroporto,Alghero,1074,959
17/03/2019,Porto,Porto Torres,398,189
17/03/2019,Porto,Olbia,967,1189
17/03/2019,Porto,Golfo Aranci,230,408
17/03/2019,Porto,Cagliari,159,3
17/03/2019,Porto,Arbatax,0,61
17/03/2019,Aeroporto,Olbia,1137,1149
17/03/2019,Aeroporto,Cagliari,4155,4261
17/03/2019,Aeroporto,Alghero,1097,1138
16/03/2019,Porto,Porto Torres,204,290
16/03/2019,Porto,Olbia,1282,1311
16/03/2019,Porto,Golfo Aranci,260,258
16/03/2019,Porto,Cagliari,151,124
16/03/2019,Porto,Arbatax,41,0
16/03/2019,Aeroporto,Olbia,1281,1330
16/03/2019,Aeroporto,Cagliari,4670,4408
16/03/2019,Aeroporto,Alghero,999,901
15/03/2019,Porto,Olbia,1329,1439
15/03/2019,Porto,Golfo Aranci,372,190
15/03/2019,Porto,Cagliari,191,206
15/03/2019,Aeroporto,Olbia,1078,1182
15/03/2019,Aeroporto,Cagliari,4504,4821
15/03/2019,Aeroporto,Alghero,1219,1233
14/03/2019,Porto,Porto Torres,140,167
14/03/2019,Porto,Olbia,1038,904
14/03/2019,Porto,Golfo Aranci,128,183
14/03/2019,Porto,Cagliari,105,127
14/03/2019,Porto,Arbatax,66,0
14/03/2019,Aeroporto,Olbia,774,797
14/03/2019,Aeroporto,Cagliari,3948,4235
14/03/2019,Aeroporto,Alghero,940,1086
13/03/2019,Porto,Porto Torres,352,285
13/03/2019,Porto,Olbia,641,798
13/03/2019,Porto,Golfo Aranci,114,166
13/03/2019,Porto,Cagliari,172,115
13/03/2019,Porto,Arbatax,0,28
13/03/2019,Aeroporto,Olbia,906,1039
13/03/2019,Aeroporto,Cagliari,3853,3832
13/03/2019,Aeroporto,Alghero,721,739
12/03/2019,Porto,Porto Torres,297,392
12/03/2019,Porto,Olbia,1043,872
12/03/2019,Porto,Golfo Aranci,114,103
12/03/2019,Porto,Cagliari,186,112
12/03/2019,Porto,Arbatax,1,0
12/03/2019,Aeroporto,Olbia,1290,1141
12/03/2019,Aeroporto,Cagliari,3695,4220
12/03/2019,Aeroporto,Alghero,767,919
11/03/2019,Porto,Porto Torres,240,146
11/03/2019,Porto,Olbia,1206,903
11/03/2019,Porto,Cagliari,0,168
11/03/2019,Aeroporto,Olbia,890,777
11/03/2019,Aeroporto,Cagliari,4403,4463
11/03/2019,Aeroporto,Alghero,1010,1051
10/03/2019,Porto,Porto Torres,329,178
10/03/2019,Porto,Olbia,921,937
10/03/2019,Porto,Golfo Aranci,270,181
10/03/2019,Porto,Cagliari,155,3
10/03/2019,Aeroporto,Olbia,1216,1242
10/03/2019,Aeroporto,Cagliari,3928,4217
10/03/2019,Aeroporto,Alghero,986,1048
09/03/2019,Porto,Porto Torres,228,349
09/03/2019,Porto,Olbia,1147,1220
09/03/2019,Porto,Golfo Aranci,174,343
09/03/2019,Porto,Cagliari,143,151
09/03/2019,Aeroporto,Olbia,1065,1218
09/03/2019,Aeroporto,Cagliari,4340,4322
09/03/2019,Aeroporto,Alghero,905,832
08/03/2019,Porto,Porto Torres,193,291
08/03/2019,Porto,Olbia,1038,1275
08/03/2019,Porto,Golfo Aranci,157,200
08/03/2019,Porto,Cagliari,132,377
08/03/2019,Aeroporto,Olbia,924,959
08/03/2019,Aeroporto,Cagliari,4368,4834
08/03/2019,Aeroporto,Alghero,1111,1149
07/03/2019,Porto,Porto Torres,148,176
07/03/2019,Porto,Olbia,1010,1058
07/03/2019,Porto,Golfo Aranci,167,166
07/03/2019,Porto,Cagliari,111,176
07/03/2019,Porto,Arbatax,42,0
07/03/2019,Aeroporto,Olbia,877,809
07/03/2019,Aeroporto,Cagliari,3850,4406
07/03/2019,Aeroporto,Alghero,957,1014
06/03/2019,Porto,Porto Torres,412,328
06/03/2019,Porto,Olbia,881,946
06/03/2019,Porto,Golfo Aranci,156,155
06/03/2019,Porto,Cagliari,139,150
06/03/2019,Porto,Arbatax,0,72
06/03/2019,Aeroporto,Olbia,991,1167
06/03/2019,Aeroporto,Cagliari,3776,4231
06/03/2019,Aeroporto,Alghero,700,767
05/03/2019,Porto,Porto Torres,233,278
05/03/2019,Porto,Olbia,1091,900
05/03/2019,Porto,Golfo Aranci,145,132
05/03/2019,Porto,Cagliari,200,139
05/03/2019,Aeroporto,Olbia,1018,1082
05/03/2019,Aeroporto,Cagliari,4259,4470
05/03/2019,Aeroporto,Alghero,920,922
04/03/2019,Porto,Porto Torres,360,379
04/03/2019,Porto,Olbia,1053,999
04/03/2019,Porto,Golfo Aranci,220,143
04/03/2019,Porto,Cagliari,0,168
04/03/2019,Aeroporto,Olbia,803,884
04/03/2019,Aeroporto,Cagliari,4441,4613
04/03/2019,Aeroporto,Alghero,1022,1062
03/03/2019,Porto,Porto Torres,272,199
03/03/2019,Porto,Olbia,1083,913
03/03/2019,Porto,Golfo Aranci,264,181
03/03/2019,Porto,Cagliari,190,1
03/03/2019,Porto,Arbatax,0,61
03/03/2019,Aeroporto,Olbia,1114,1191
03/03/2019,Aeroporto,Cagliari,4094,4312
03/03/2019,Aeroporto,Alghero,1009,1166
02/03/2019,Porto,Porto Torres,345,243
02/03/2019,Porto,Olbia,1618,1098
02/03/2019,Porto,Golfo Aranci,281,210
02/03/2019,Porto,Cagliari,149,189
02/03/2019,Porto,Arbatax,51,0
02/03/2019,Aeroporto,Olbia,1203,1148
02/03/2019,Aeroporto,Cagliari,4925,5000
02/03/2019,Aeroporto,Alghero,1134,953
01/03/2019,Porto,Porto Torres,197,220
01/03/2019,Porto,Olbia,1248,1156
01/03/2019,Porto,Golfo Aranci,187,270
01/03/2019,Porto,Cagliari,383,272
01/03/2019,Aeroporto,Olbia,1115,1097
01/03/2019,Aeroporto,Cagliari,4895,4960
01/03/2019,Aeroporto,Alghero,1327,1154
28/02/2019,Porto,Porto Torres,180,179
28/02/2019,Porto,Olbia,1014,1131
28/02/2019,Porto,Golfo Aranci,128,179
28/02/2019,Porto,Cagliari,125,165
28/02/2019,Aeroporto,Olbia,801,874
28/02/2019,Aeroporto,Cagliari,4076,4300
28/02/2019,Aeroporto,Alghero,1018,1076
27/02/2019,Porto,Porto Torres,180,121
27/02/2019,Porto,Olbia,853,755
27/02/2019,Porto,Golfo Aranci,138,120
27/02/2019,Porto,Cagliari,151,154
27/02/2019,Porto,Arbatax,0,60
27/02/2019,Aeroporto,Olbia,858,940
27/02/2019,Aeroporto,Cagliari,3922,4086
27/02/2019,Aeroporto,Alghero,567,780
26/02/2019,Porto,Porto Torres,131,149
26/02/2019,Porto,Olbia,993,983
26/02/2019,Porto,Golfo Aranci,151,93
26/02/2019,Porto,Cagliari,143,165
26/02/2019,Aeroporto,Olbia,1130,1105
26/02/2019,Aeroporto,Cagliari,4145,4534
26/02/2019,Aeroporto,Alghero,755,958
25/02/2019,Porto,Porto Torres,325,372
25/02/2019,Porto,Olbia,1103,931
25/02/2019,Porto,Golfo Aranci,154,169
25/02/2019,Porto,Cagliari,150,162
25/02/2019,Aeroporto,Olbia,788,859
25/02/2019,Aeroporto,Cagliari,4449,4573
25/02/2019,Aeroporto,Alghero,889,1060
24/02/2019,Porto,Porto Torres,355,383
24/02/2019,Porto,Olbia,772,990
24/02/2019,Porto,Golfo Aranci,221,189
24/02/2019,Porto,Cagliari,3,0
24/02/2019,Aeroporto,Olbia,1001,1149
24/02/2019,Aeroporto,Cagliari,4230,4509
24/02/2019,Aeroporto,Alghero,1035,1084
23/02/2019,Porto,Porto Torres,535,234
23/02/2019,Porto,Olbia,1206,772
23/02/2019,Porto,Golfo Aranci,204,150
23/02/2019,Porto,Cagliari,167,184
23/02/2019,Porto,Arbatax,105,0
23/02/2019,Aeroporto,Olbia,1277,1004
23/02/2019,Aeroporto,Cagliari,5046,4161
23/02/2019,Aeroporto,Alghero,1207,724
22/02/2019,Porto,Porto Torres,193,204
22/02/2019,Porto,Olbia,1082,1055
22/02/2019,Porto,Golfo Aranci,187,244
22/02/2019,Porto,Cagliari,199,197
22/02/2019,Aeroporto,Olbia,1174,999
22/02/2019,Aeroporto,Cagliari,4840,4760
22/02/2019,Aeroporto,Alghero,1257,1097
21/02/2019,Porto,Porto Torres,321,189
21/02/2019,Porto,Olbia,937,840
21/02/2019,Porto,Golfo Aranci,152,100
21/02/2019,Porto,Cagliari,100,181
21/02/2019,Porto,Arbatax,58,0
21/02/2019,Aeroporto,Olbia,785,783
21/02/2019,Aeroporto,Cagliari,4217,4126
21/02/2019,Aeroporto,Alghero,977,1013
20/02/2019,Porto,Porto Torres,186,273
20/02/2019,Porto,Olbia,786,599
20/02/2019,Porto,Golfo Aranci,84,116
20/02/2019,Porto,Cagliari,155,156
20/02/2019,Porto,Arbatax,1,48
20/02/2019,Aeroporto,Olbia,884,833
20/02/2019,Aeroporto,Cagliari,3742,3695
20/02/2019,Aeroporto,Alghero,761,698
19/02/2019,Porto,Porto Torres,214,153
19/02/2019,Porto,Olbia,896,777
19/02/2019,Porto,Golfo Aranci,180,100
19/02/2019,Porto,Cagliari,235,122
19/02/2019,Aeroporto,Olbia,1072,868
19/02/2019,Aeroporto,Cagliari,4169,3874
19/02/2019,Aeroporto,Alghero,854,831
18/02/2019,Porto,Porto Torres,466,289
18/02/2019,Porto,Olbia,1095,830
18/02/2019,Porto,Golfo Aranci,281,103
18/02/2019,Porto,Cagliari,0,107
18/02/2019,Aeroporto,Olbia,826,779
18/02/2019,Aeroporto,Cagliari,4371,4213
18/02/2019,Aeroporto,Alghero,1042,1025
17/02/2019,Porto,Porto Torres,346,227
17/02/2019,Porto,Olbia,764,751
17/02/2019,Porto,Golfo Aranci,202,238
17/02/2019,Porto,Cagliari,153,1
17/02/2019,Porto,Arbatax,0,52
17/02/2019,Aeroporto,Olbia,1060,1022
17/02/2019,Aeroporto,Cagliari,3955,3734
17/02/2019,Aeroporto,Alghero,1010,1036
16/02/2019,Porto,Porto Torres,302,290
16/02/2019,Porto,Olbia,954,845
16/02/2019,Porto,Golfo Aranci,183,253
16/02/2019,Porto,Cagliari,133,102
16/02/2019,Porto,Arbatax,60,0
16/02/2019,Aeroporto,Olbia,1099,1048
16/02/2019,Aeroporto,Cagliari,4551,3997
16/02/2019,Aeroporto,Alghero,906,737
15/02/2019,Porto,Porto Torres,146,201
15/02/2019,Porto,Olbia,763,881
15/02/2019,Porto,Golfo Aranci,146,162
15/02/2019,Porto,Cagliari,127,194
15/02/2019,Aeroporto,Olbia,945,943
15/02/2019,Aeroporto,Cagliari,4562,4480
15/02/2019,Aeroporto,Alghero,1174,1282
14/02/2019,Porto,Porto Torres,278,327
14/02/2019,Porto,Olbia,747,845
14/02/2019,Porto,Golfo Aranci,117,155
14/02/2019,Porto,Cagliari,77,167
14/02/2019,Porto,Arbatax,45,0
14/02/2019,Aeroporto,Olbia,740,748
14/02/2019,Aeroporto,Cagliari,4013,3972
14/02/2019,Aeroporto,Alghero,900,942
13/02/2019,Porto,Porto Torres,213,241
13/02/2019,Porto,Olbia,572,712
13/02/2019,Porto,Golfo Aranci,101,95
13/02/2019,Porto,Cagliari,161,122
13/02/2019,Porto,Arbatax,0,28
13/02/2019,Aeroporto,Olbia,874,881
13/02/2019,Aeroporto,Cagliari,3510,3630
13/02/2019,Aeroporto,Alghero,685,688
12/02/2019,Porto,Porto Torres,200,216
12/02/2019,Porto,Olbia,835,676
12/02/2019,Porto,Golfo Aranci,129,78
12/02/2019,Porto,Cagliari,154,117
12/02/2019,Aeroporto,Olbia,839,792
12/02/2019,Aeroporto,Cagliari,3923,3865
12/02/2019,Aeroporto,Alghero,726,820
11/02/2019,Porto,Porto Torres,193,100
11/02/2019,Porto,Olbia,926,657
11/02/2019,Porto,Golfo Aranci,153,67
11/02/2019,Porto,Cagliari,0,89
11/02/2019,Porto,Arbatax,0,24
11/02/2019,Aeroporto,Olbia,747,716
11/02/2019,Aeroporto,Cagliari,4103,4045
11/02/2019,Aeroporto,Alghero,924,887
10/02/2019,Porto,Porto Torres,386,254
10/02/2019,Porto,Olbia,1417,697
10/02/2019,Porto,Golfo Aranci,133,133
10/02/2019,Porto,Cagliari,1249,36
10/02/2019,Porto,Arbatax,170,1
10/02/2019,Aeroporto,Olbia,1183,1316
10/02/2019,Aeroporto,Cagliari,3637,3834
10/02/2019,Aeroporto,Alghero,1042,1101
09/02/2019,Porto,Porto Torres,281,228
09/02/2019,Porto,Olbia,844,791
09/02/2019,Porto,Golfo Aranci,170,163
09/02/2019,Aeroporto,Olbia,813,942
09/02/2019,Aeroporto,Cagliari,4168,4008
09/02/2019,Aeroporto,Alghero,830,686
08/02/2019,Porto,Porto Torres,186,217
08/02/2019,Porto,Olbia,715,1512
08/02/2019,Porto,Golfo Aranci,159,134
08/02/2019,Porto,Cagliari,180,1256
08/02/2019,Aeroporto,Olbia,910,970
08/02/2019,Aeroporto,Cagliari,4318,4376
08/02/2019,Aeroporto,Alghero,1000,1106
07/02/2019,Porto,Porto Torres,261,213
07/02/2019,Porto,Olbia,755,812
07/02/2019,Porto,Golfo Aranci,65,108
07/02/2019,Porto,Cagliari,87,1
07/02/2019,Porto,Arbatax,48,0
07/02/2019,Aeroporto,Olbia,747,813
07/02/2019,Aeroporto,Cagliari,3601,3782
07/02/2019,Aeroporto,Alghero,817,944
06/02/2019,Porto,Porto Torres,295,227
06/02/2019,Porto,Olbia,709,571
06/02/2019,Porto,Golfo Aranci,104,97
06/02/2019,Porto,Cagliari,154,98
06/02/2019,Porto,Arbatax,0,43
06/02/2019,Aeroporto,Olbia,522,571
06/02/2019,Aeroporto,Cagliari,3137,3414
06/02/2019,Aeroporto,Alghero,601,605
05/02/2019,Porto,Porto Torres,121,129
05/02/2019,Porto,Olbia,690,681
05/02/2019,Porto,Golfo Aranci,92,72
05/02/2019,Porto,Cagliari,123,95
05/02/2019,Aeroporto,Olbia,789,745
05/02/2019,Aeroporto,Cagliari,3727,3762
05/02/2019,Aeroporto,Alghero,748,862
04/02/2019,Porto,Porto Torres,313,296
04/02/2019,Porto,Olbia,865,578
04/02/2019,Porto,Golfo Aranci,155,69
04/02/2019,Porto,Cagliari,0,99
04/02/2019,Aeroporto,Olbia,789,646
04/02/2019,Aeroporto,Cagliari,3848,3697
04/02/2019,Aeroporto,Alghero,938,870
03/02/2019,Porto,Porto Torres,134,179
03/02/2019,Porto,Olbia,574,656
03/02/2019,Porto,Golfo Aranci,90,119
03/02/2019,Porto,Cagliari,179,3
03/02/2019,Porto,Arbatax,0,36
03/02/2019,Aeroporto,Olbia,962,810
03/02/2019,Aeroporto,Cagliari,3602,3453
03/02/2019,Aeroporto,Alghero,888,857
02/02/2019,Porto,Porto Torres,218,249
02/02/2019,Porto,Olbia,837,727
02/02/2019,Porto,Golfo Aranci,151,102
02/02/2019,Porto,Cagliari,121,100
02/02/2019,Porto,Arbatax,43,0
02/02/2019,Aeroporto,Olbia,676,796
02/02/2019,Aeroporto,Cagliari,3949,3681
02/02/2019,Aeroporto,Alghero,671,623
01/02/2019,Porto,Porto Torres,178,184
01/02/2019,Porto,Olbia,696,943
01/02/2019,Porto,Golfo Aranci,134,140
01/02/2019,Porto,Cagliari,110,115
01/02/2019,Aeroporto,Olbia,915,876
01/02/2019,Aeroporto,Cagliari,4304,4222
01/02/2019,Aeroporto,Alghero,1065,952
31/01/2019,Porto,Porto Torres,275,162
31/01/2019,Porto,Olbia,665,722
31/01/2019,Porto,Golfo Aranci,85,134
31/01/2019,Porto,Cagliari,82,41
31/01/2019,Porto,Arbatax,46,0
31/01/2019,Aeroporto,Olbia,778,733
31/01/2019,Aeroporto,Cagliari,3643,3797
31/01/2019,Aeroporto,Alghero,849,913
30/01/2019,Porto,Porto Torres,138,143
30/01/2019,Porto,Olbia,637,571
30/01/2019,Porto,Golfo Aranci,122,83
30/01/2019,Porto,Cagliari,151,60
30/01/2019,Porto,Arbatax,0,26
30/01/2019,Aeroporto,Olbia,465,612
30/01/2019,Aeroporto,Cagliari,3291,3301
30/01/2019,Aeroporto,Alghero,595,599
29/01/2019,Porto,Porto Torres,184,240
29/01/2019,Porto,Olbia,685,533
29/01/2019,Porto,Golfo Aranci,143,90
29/01/2019,Porto,Cagliari,143,74
29/01/2019,Porto,Arbatax,1,0
29/01/2019,Aeroporto,Olbia,841,659
29/01/2019,Aeroporto,Cagliari,3874,3590
29/01/2019,Aeroporto,Alghero,735,880
28/01/2019,Porto,Olbia,918,772
28/01/2019,Porto,Golfo Aranci,163,108
28/01/2019,Porto,Cagliari,0,82
28/01/2019,Aeroporto,Olbia,548,614
28/01/2019,Aeroporto,Cagliari,3969,3943
28/01/2019,Aeroporto,Alghero,963,869
27/01/2019,Porto,Porto Torres,210,283
27/01/2019,Porto,Olbia,641,777
27/01/2019,Porto,Golfo Aranci,112,240
27/01/2019,Porto,Cagliari,242,0
27/01/2019,Porto,Arbatax,0,47
27/01/2019,Aeroporto,Olbia,986,926
27/01/2019,Aeroporto,Cagliari,3756,3751
27/01/2019,Aeroporto,Alghero,944,904
26/01/2019,Porto,Porto Torres,316,243
26/01/2019,Porto,Olbia,868,687
26/01/2019,Porto,Golfo Aranci,185,132
26/01/2019,Porto,Cagliari,97,95
26/01/2019,Porto,Arbatax,32,1
26/01/2019,Aeroporto,Olbia,631,727
26/01/2019,Aeroporto,Cagliari,4022,3803
26/01/2019,Aeroporto,Alghero,781,706
25/01/2019,Porto,Porto Torres,140,213
25/01/2019,Porto,Olbia,758,849
25/01/2019,Porto,Golfo Aranci,124,117
25/01/2019,Porto,Cagliari,110,118
25/01/2019,Aeroporto,Olbia,953,1007
25/01/2019,Aeroporto,Cagliari,4150,4687
25/01/2019,Aeroporto,Alghero,939,1080
24/01/2019,Porto,Porto Torres,45,90
24/01/2019,Porto,Olbia,839,590
24/01/2019,Porto,Golfo Aranci,101,122
24/01/2019,Porto,Cagliari,65,183
24/01/2019,Porto,Arbatax,51,0
24/01/2019,Aeroporto,Olbia,635,718
24/01/2019,Aeroporto,Cagliari,3491,3868
24/01/2019,Aeroporto,Alghero,828,955
23/01/2019,Porto,Porto Torres,251,237
23/01/2019,Porto,Olbia,624,563
23/01/2019,Porto,Golfo Aranci,146,85
23/01/2019,Porto,Cagliari,110,130
23/01/2019,Porto,Arbatax,0,24
23/01/2019,Aeroporto,Olbia,561,643
23/01/2019,Aeroporto,Cagliari,3533,3425
23/01/2019,Aeroporto,Alghero,654,641
22/01/2019,Porto,Porto Torres,125,128
22/01/2019,Porto,Olbia,766,604
22/01/2019,Porto,Golfo Aranci,92,87
22/01/2019,Porto,Cagliari,179,93
22/01/2019,Aeroporto,Olbia,754,642
22/01/2019,Aeroporto,Cagliari,3734,3519
22/01/2019,Aeroporto,Alghero,904,874
21/01/2019,Porto,Porto Torres,256,269
21/01/2019,Porto,Olbia,810,638
21/01/2019,Porto,Golfo Aranci,167,108
21/01/2019,Porto,Cagliari,5,117
21/01/2019,Aeroporto,Olbia,794,782
21/01/2019,Aeroporto,Cagliari,3923,3944
21/01/2019,Aeroporto,Alghero,775,813
20/01/2019,Porto,Porto Torres,264,203
20/01/2019,Porto,Olbia,741,744
20/01/2019,Porto,Golfo Aranci,157,183
20/01/2019,Porto,Cagliari,307,0
20/01/2019,Porto,Arbatax,0,38
20/01/2019,Aeroporto,Olbia,991,883
20/01/2019,Aeroporto,Cagliari,3695,3642
20/01/2019,Aeroporto,Alghero,1022,908
19/01/2019,Porto,Porto Torres,312,269
19/01/2019,Porto,Olbia,841,914
19/01/2019,Porto,Golfo Aranci,172,195
19/01/2019,Porto,Cagliari,117,197
19/01/2019,Porto,Arbatax,36,0
19/01/2019,Aeroporto,Olbia,716,783
19/01/2019,Aeroporto,Cagliari,3857,4003
19/01/2019,Aeroporto,Alghero,657,707
18/01/2019,Porto,Porto Torres,134,147
18/01/2019,Porto,Olbia,770,922
18/01/2019,Porto,Golfo Aranci,117,263
18/01/2019,Porto,Cagliari,113,124
18/01/2019,Aeroporto,Olbia,914,1099
18/01/2019,Aeroporto,Cagliari,4128,4518
18/01/2019,Aeroporto,Alghero,1063,1082
17/01/2019,Porto,Porto Torres,249,257
17/01/2019,Porto,Olbia,760,850
17/01/2019,Porto,Golfo Aranci,117,152
17/01/2019,Porto,Cagliari,87,133
17/01/2019,Porto,Arbatax,68,0
17/01/2019,Aeroporto,Olbia,663,706
17/01/2019,Aeroporto,Cagliari,3377,3835
17/01/2019,Aeroporto,Alghero,775,933
16/01/2019,Porto,Porto Torres,261,250
16/01/2019,Porto,Olbia,703,573
16/01/2019,Porto,Golfo Aranci,130,94
16/01/2019,Porto,Cagliari,146,158
16/01/2019,Porto,Arbatax,0,31
16/01/2019,Aeroporto,Olbia,654,649
16/01/2019,Aeroporto,Cagliari,3190,3216
16/01/2019,Aeroporto,Alghero,631,727
15/01/2019,Porto,Porto Torres,326,289
15/01/2019,Porto,Olbia,719,720
15/01/2019,Porto,Golfo Aranci,118,134
15/01/2019,Porto,Cagliari,160,109
15/01/2019,Aeroporto,Olbia,712,589
15/01/2019,Aeroporto,Cagliari,3674,3796
15/01/2019,Aeroporto,Alghero,773,882
14/01/2019,Porto,Porto Torres,0,5
14/01/2019,Porto,Olbia,1014,769
14/01/2019,Porto,Golfo Aranci,212,130
14/01/2019,Porto,Cagliari,0,94
14/01/2019,Aeroporto,Olbia,683,639
14/01/2019,Aeroporto,Cagliari,3656,3735
14/01/2019,Aeroporto,Alghero,847,842
13/01/2019,Porto,Porto Torres,241,163
13/01/2019,Porto,Olbia,727,548
13/01/2019,Porto,Golfo Aranci,262,118
13/01/2019,Porto,Cagliari,338,2
13/01/2019,Porto,Arbatax,0,50
13/01/2019,Aeroporto,Olbia,903,699
13/01/2019,Aeroporto,Cagliari,3736,3380
13/01/2019,Aeroporto,Alghero,740,899
12/01/2019,Porto,Porto Torres,632,464
12/01/2019,Porto,Olbia,841,810
12/01/2019,Porto,Golfo Aranci,224,204
12/01/2019,Porto,Cagliari,112,113
12/01/2019,Porto,Arbatax,57,0
12/01/2019,Aeroporto,Olbia,712,777
12/01/2019,Aeroporto,Cagliari,3692,3765
12/01/2019,Aeroporto,Alghero,713,750
11/01/2019,Porto,Porto Torres,173,305
11/01/2019,Porto,Olbia,750,869
11/01/2019,Porto,Golfo Aranci,121,175
11/01/2019,Porto,Cagliari,210,55
11/01/2019,Aeroporto,Olbia,988,869
11/01/2019,Aeroporto,Cagliari,3339,3389
11/01/2019,Aeroporto,Alghero,813,913
10/01/2019,Porto,Porto Torres,194,225
10/01/2019,Porto,Olbia,933,768
10/01/2019,Porto,Golfo Aranci,195,136
10/01/2019,Porto,Cagliari,149,252
10/01/2019,Porto,Arbatax,53,0
10/01/2019,Aeroporto,Olbia,508,638
10/01/2019,Aeroporto,Cagliari,3137,3809
10/01/2019,Aeroporto,Alghero,695,868
09/01/2019,Porto,Porto Torres,3,8
09/01/2019,Porto,Olbia,1151,851
09/01/2019,Porto,Golfo Aranci,160,120
09/01/2019,Porto,Cagliari,446,106
09/01/2019,Porto,Arbatax,1,57
09/01/2019,Aeroporto,Olbia,686,781
09/01/2019,Aeroporto,Cagliari,3029,3275
09/01/2019,Aeroporto,Alghero,614,627
08/01/2019,Porto,Porto Torres,246,216
08/01/2019,Porto,Olbia,1297,983
08/01/2019,Porto,Golfo Aranci,250,150
08/01/2019,Porto,Cagliari,207,193
08/01/2019,Aeroporto,Olbia,758,824
08/01/2019,Aeroporto,Cagliari,3628,4104
08/01/2019,Aeroporto,Alghero,609,1061
07/01/2019,Porto,Porto Torres,373,514
07/01/2019,Porto,Olbia,1146,1299
07/01/2019,Porto,Golfo Aranci,460,406
07/01/2019,Porto,Cagliari,162,383
07/01/2019,Porto,Arbatax,0,125
07/01/2019,Aeroporto,Olbia,711,883
07/01/2019,Aeroporto,Cagliari,4574,5305
07/01/2019,Aeroporto,Alghero,1044,1296
06/01/2019,Porto,Porto Torres,500,538
06/01/2019,Porto,Olbia,1828,1950
06/01/2019,Porto,Golfo Aranci,643,742
06/01/2019,Porto,Cagliari,1627,213
06/01/2019,Aeroporto,Olbia,1078,1680
06/01/2019,Aeroporto,Cagliari,5344,6022
06/01/2019,Aeroporto,Alghero,1207,1480
05/01/2019,Porto,Porto Torres,1330,1905
05/01/2019,Porto,Olbia,1670,3393
05/01/2019,Porto,Golfo Aranci,747,927
05/01/2019,Porto,Cagliari,202,389
05/01/2019,Porto,Arbatax,145,0
05/01/2019,Aeroporto,Olbia,1223,1587
05/01/2019,Aeroporto,Cagliari,5207,6321
05/01/2019,Aeroporto,Alghero,989,1187
04/01/2019,Porto,Porto Torres,341,539
04/01/2019,Porto,Olbia,1396,3055
04/01/2019,Porto,Golfo Aranci,175,1234
04/01/2019,Porto,Cagliari,789,635
04/01/2019,Aeroporto,Olbia,818,1044
04/01/2019,Aeroporto,Cagliari,5028,5722
04/01/2019,Aeroporto,Alghero,1176,1478
03/01/2019,Porto,Porto Torres,1688,1130
03/01/2019,Porto,Olbia,1894,2840
03/01/2019,Porto,Golfo Aranci,254,779
03/01/2019,Porto,Cagliari,219,371
03/01/2019,Porto,Arbatax,118,125
03/01/2019,Aeroporto,Olbia,1064,1295
03/01/2019,Aeroporto,Cagliari,5239,5573
03/01/2019,Aeroporto,Alghero,1034,1233
02/01/2019,Porto,Porto Torres,266,545
02/01/2019,Porto,Olbia,1209,2349
02/01/2019,Porto,Golfo Aranci,344,1067
02/01/2019,Porto,Cagliari,246,425
02/01/2019,Aeroporto,Olbia,1159,1509
02/01/2019,Aeroporto,Cagliari,6549,7225
02/01/2019,Aeroporto,Alghero,1392,1396
01/01/2019,Porto,Porto Torres,57,383
01/01/2019,Porto,Olbia,160,2120
01/01/2019,Porto,Cagliari,37,207
01/01/2019,Aeroporto,Olbia,800,1126
01/01/2019,Aeroporto,Cagliari,4066,4962
01/01/2019,Aeroporto,Alghero,562,757