anno,provincia,comune,tipologia,categoria,numero_strutture,letti,camere
2022,Provincia di Oristano,Abbasanta,Agriturismo,,1,10,6
2022,Provincia di Oristano,Abbasanta,Albergo,3 Stelle,1,91,31
2022,Provincia di Oristano,Abbasanta,Albergo,4 Stelle,1,25,10
2022,Provincia di Oristano,Abbasanta,Alloggi privati,,2,9,3
2022,Provincia di Oristano,Abbasanta,Bed and breakfast,2 Stelle,1,4,2
2022,Provincia di Sassari,Aggius,Agriturismo,,3,38,21
2022,Provincia di Sassari,Aggius,Alloggi privati,,7,32,17
2022,Provincia di Sassari,Aggius,Bed and breakfast,2 Stelle,1,6,3
2022,Provincia di Sassari,Aggius,Bed and breakfast,3 Stelle,2,15,6
2022,Provincia di Sassari,Aggius,Case e appartamenti per vacanze,II Categoria,1,8,3
2022,Provincia di Sassari,Aglientu,Affittacamere,III Categoria,1,4,1
2022,Provincia di Sassari,Aglientu,Agriturismo,,10,118,44
2022,Provincia di Sassari,Aglientu,Albergo,2 Stelle,1,12,7
2022,Provincia di Sassari,Aglientu,Albergo,3 Stelle,5,725,284
2022,Provincia di Sassari,Aglientu,Albergo residenziale,3 Stelle,1,176,88
2022,Provincia di Sassari,Aglientu,Alloggi privati,,113,633,259
2022,Provincia di Sassari,Aglientu,Bed and breakfast,2 Stelle,1,4,2
2022,Provincia di Sassari,Aglientu,Campeggio,1 Stella,1,250,50
2022,Provincia di Sassari,Aglientu,Campeggio,4 Stelle,2,3449,993
2022,Provincia di Sassari,Aglientu,Case e appartamenti per vacanze,II Categoria,2,72,33
2022,Provincia di Sassari,Aglientu,Case e appartamenti per vacanze,III Categoria,1,26,8
2022,Provincia di Sassari,Alà Dei Sardi,Alloggi privati,,4,19,8
2022,Provincia di Sassari,Alà Dei Sardi,Bed and breakfast,2 Stelle,1,2,2
2022,Provincia di Oristano,Ales,Affittacamere,II Categoria,3,17,9
2022,Provincia di Oristano,Ales,Alloggi privati,,2,10,5
2022,Provincia di Oristano,Ales,Bed and breakfast,1 Stella,2,8,5
2022,Provincia di Oristano,Ales,Case e appartamenti per vacanze,II Categoria,3,9,3
2022,Provincia di Sassari,Alghero,Affittacamere,,36,262,126
2022,Provincia di Sassari,Alghero,Affittacamere,I Categoria,11,81,44
2022,Provincia di Sassari,Alghero,Affittacamere,II Categoria,97,734,350
2022,Provincia di Sassari,Alghero,Affittacamere,III Categoria,11,93,45
2022,Provincia di Sassari,Alghero,Agriturismo,,32,384,185
2022,Provincia di Sassari,Alghero,Albergo,3 Stelle,14,1403,640
2022,Provincia di Sassari,Alghero,Albergo,4 Stelle,15,3791,1473
2022,Provincia di Sassari,Alghero,Albergo,5 Stelle,2,534,203
2022,Provincia di Sassari,Alghero,Albergo residenziale,2 Stelle,1,275,66
2022,Provincia di Sassari,Alghero,Albergo residenziale,3 Stelle,3,411,116
2022,Provincia di Sassari,Alghero,Albergo residenziale,4 Stelle,1,42,25
2022,Provincia di Sassari,Alghero,Alloggi privati,,1223,5702,2459
2022,Provincia di Sassari,Alghero,Bed and breakfast,,6,27,15
2022,Provincia di Sassari,Alghero,Bed and breakfast,1 Stella,72,275,145
2022,Provincia di Sassari,Alghero,Bed and breakfast,2 Stelle,105,452,212
2022,Provincia di Sassari,Alghero,Bed and breakfast,3 Stelle,47,225,125
2022,Provincia di Sassari,Alghero,Boat and Breakfast,,2,10,4
2022,Provincia di Sassari,Alghero,Campeggio,3 Stelle,1,500,125
2022,Provincia di Sassari,Alghero,Campeggio,4 Stelle,1,2432,612
2022,Provincia di Sassari,Alghero,Case e appartamenti per vacanze,,10,180,90
2022,Provincia di Sassari,Alghero,Case e appartamenti per vacanze,I Categoria,1,8,4
2022,Provincia di Sassari,Alghero,Case e appartamenti per vacanze,II Categoria,39,948,381
2022,Provincia di Sassari,Alghero,Case e appartamenti per vacanze,III Categoria,7,246,105
2022,Provincia di Sassari,Alghero,Case per ferie,,1,20,7
2022,Provincia di Sassari,Alghero,Case per ferie,III Categoria,4,142,87
2022,Provincia di Sassari,Alghero,Ostelli per la gioventù,,1,76,24
2022,Provincia di Sassari,Alghero,Ostelli per la gioventù,III Categoria,2,152,38
2022,Provincia di Sassari,Alghero,Turismo Rurale,1 Stella,1,7,7
2022,Provincia di Sassari,Alghero,Turismo Rurale,3 Stelle,7,246,110
2022,Provincia di Sassari,Alghero,Turismo Rurale,4 Stelle,1,49,22
2022,Provincia di Sassari,Alghero,Villaggi turistici,3 Stelle,1,200,30
2022,Provincia di Sassari,Alghero,Villaggi turistici,4 Stelle,1,800,270
2022,Provincia di Oristano,Allai,Agriturismo,,1,16,8
2022,Provincia di Oristano,Allai,Alloggi privati,,2,10,6
2022,Provincia di Sassari,Anela,Agriturismo,,1,6,5
2022,Provincia di Sassari,Anela,Alloggi privati,,1,4,1
2022,Provincia di Oristano,Arborea,Affittacamere,II Categoria,1,12,5
2022,Provincia di Oristano,Arborea,Albergo,2 Stelle,4,129,53
2022,Provincia di Oristano,Arborea,Albergo,3 Stelle,2,274,81
2022,Provincia di Oristano,Arborea,Albergo,4 Stelle,4,730,321
2022,Provincia di Oristano,Arborea,Alloggi privati,,6,29,12
2022,Provincia di Oristano,Arborea,Bed and breakfast,1 Stella,2,7,4
2022,Provincia di Oristano,Arborea,Bed and breakfast,3 Stelle,1,4,2
2022,Provincia di Oristano,Arborea,Campeggio,3 Stelle,1,654,170
2022,Provincia di Oristano,Arborea,Case per ferie,III Categoria,2,66,22
2022,Provincia del Sud Sardegna,Arbus,Affittacamere,,1,6,3
2022,Provincia del Sud Sardegna,Arbus,Agriturismo,,15,257,117
2022,Provincia del Sud Sardegna,Arbus,Albergo,1 Stella,1,14,8
2022,Provincia del Sud Sardegna,Arbus,Albergo,2 Stelle,1,24,9
2022,Provincia del Sud Sardegna,Arbus,Albergo,3 Stelle,6,196,105
2022,Provincia del Sud Sardegna,Arbus,Albergo,4 Stelle,2,95,52
2022,Provincia del Sud Sardegna,Arbus,Alloggi privati,,98,445,198
2022,Provincia del Sud Sardegna,Arbus,Bed and breakfast,1 Stella,6,24,13
2022,Provincia del Sud Sardegna,Arbus,Bed and breakfast,2 Stelle,4,19,11
2022,Provincia del Sud Sardegna,Arbus,Bed and breakfast,3 Stelle,6,34,17
2022,Provincia del Sud Sardegna,Arbus,Campeggio,3 Stelle,1,147,6
2022,Provincia del Sud Sardegna,Arbus,Case e appartamenti per vacanze,II Categoria,2,61,22
2022,Provincia del Sud Sardegna,Arbus,Case per ferie,III Categoria,1,9,5
2022,Provincia del Sud Sardegna,Arbus,Locanda,III Categoria,1,12,4
2022,Provincia del Sud Sardegna,Arbus,Turismo Rurale,3 Stelle,1,19,11
2022,Provincia di Sassari,Ardara,Bed and breakfast,2 Stelle,1,4,3
2022,Provincia di Nuoro,Aritzo,Affittacamere,II Categoria,1,4,2
2022,Provincia di Nuoro,Aritzo,Agriturismo,,1,15,8
2022,Provincia di Nuoro,Aritzo,Albergo,2 Stelle,1,40,16
2022,Provincia di Nuoro,Aritzo,Albergo,3 Stelle,1,50,31
2022,Provincia di Nuoro,Aritzo,Albergo,4 Stelle,1,113,50
2022,Provincia di Nuoro,Aritzo,Alloggi privati,,3,11,4
2022,Provincia di Nuoro,Aritzo,Bed and breakfast,1 Stella,2,10,5
2022,Provincia di Nuoro,Aritzo,Bed and breakfast,3 Stelle,1,4,2
2022,Provincia di Nuoro,Aritzo,Case e appartamenti per vacanze,I Categoria,1,14,10
2022,Provincia del Sud Sardegna,Armungia,Affittacamere,III Categoria,1,9,4
2022,Provincia del Sud Sardegna,Armungia,Bed and breakfast,1 Stella,1,5,3
2022,Provincia del Sud Sardegna,Armungia,Bed and breakfast,3 Stelle,1,6,3
2022,Provincia di Sassari,Arzachena,Affittacamere,,6,50,23
2022,Provincia di Sassari,Arzachena,Affittacamere,I Categoria,5,52,23
2022,Provincia di Sassari,Arzachena,Affittacamere,II Categoria,7,54,28
2022,Provincia di Sassari,Arzachena,Affittacamere,III Categoria,1,4,3
2022,Provincia di Sassari,Arzachena,Agriturismo,,16,194,104
2022,Provincia di Sassari,Arzachena,Albergo,2 Stelle,1,20,10
2022,Provincia di Sassari,Arzachena,Albergo,3 Stelle,19,1374,609
2022,Provincia di Sassari,Arzachena,Albergo,4 Stelle,33,4717,2097
2022,Provincia di Sassari,Arzachena,Albergo,5 Stelle,13,1755,804
2022,Provincia di Sassari,Arzachena,Albergo,5 Stelle Lusso,3,621,282
2022,Provincia di Sassari,Arzachena,Albergo residenziale,3 Stelle,2,210,81
2022,Provincia di Sassari,Arzachena,Albergo residenziale,4 Stelle,6,1242,523
2022,Provincia di Sassari,Arzachena,Alloggi privati,,433,2102,836
2022,Provincia di Sassari,Arzachena,Bed and breakfast,1 Stella,7,36,18
2022,Provincia di Sassari,Arzachena,Bed and breakfast,2 Stelle,3,13,8
2022,Provincia di Sassari,Arzachena,Bed and breakfast,3 Stelle,12,71,30
2022,Provincia di Sassari,Arzachena,Campeggio,3 Stelle,1,259,628
2022,Provincia di Sassari,Arzachena,Campeggio,4 Stelle,1,2904,600
2022,Provincia di Sassari,Arzachena,Case e appartamenti per vacanze,,6,148,17
2022,Provincia di Sassari,Arzachena,Case e appartamenti per vacanze,I Categoria,8,303,101
2022,Provincia di Sassari,Arzachena,Case e appartamenti per vacanze,II Categoria,6,460,142
2022,Provincia di Sassari,Arzachena,Locanda,II Categoria,1,0,0
2022,Provincia di Sassari,Arzachena,Marina Resort,,1,3624,305
2022,Provincia di Sassari,Arzachena,Residence,I Categoria,2,267,73
2022,Provincia di Sassari,Arzachena,Residence,II Categoria,4,185,45
2022,Provincia di Sassari,Arzachena,Turismo Rurale,2 Stelle,1,20,13
2022,Provincia di Sassari,Arzachena,Turismo Rurale,3 Stelle,1,20,10
2022,Provincia di Sassari,Arzachena,Turismo Rurale,4 Stelle,2,24,12
2022,Provincia di Sassari,Arzachena,Turismo Rurale,5 Stelle,1,36,14
2022,Provincia di Sassari,Arzachena,Villaggio albergo,5 Stelle,1,151,66
2022,Provincia di Nuoro,Arzana,Albergo,3 Stelle,1,73,29
2022,Città metropolitana di Cagliari,Assemini,Affittacamere,,1,5,3
2022,Città metropolitana di Cagliari,Assemini,Affittacamere,II Categoria,2,15,7
2022,Città metropolitana di Cagliari,Assemini,Agriturismo,,3,27,14
2022,Città metropolitana di Cagliari,Assemini,Albergo,3 Stelle,1,103,55
2022,Città metropolitana di Cagliari,Assemini,Albergo,4 Stelle,1,182,84
2022,Città metropolitana di Cagliari,Assemini,Alloggi privati,,37,225,72
2022,Città metropolitana di Cagliari,Assemini,Bed and breakfast,,2,9,5
2022,Città metropolitana di Cagliari,Assemini,Bed and breakfast,1 Stella,3,16,6
2022,Città metropolitana di Cagliari,Assemini,Bed and breakfast,3 Stelle,4,23,10
2022,Città metropolitana di Cagliari,Assemini,Residence,II Categoria,1,50,25
2022,Provincia di Oristano,Assolo,Agriturismo,,1,14,7
2022,Provincia di Oristano,Assolo,Alloggi privati,,1,4,2
2022,Provincia di Nuoro,Atzara,Agriturismo,,1,12,6
2022,Provincia di Nuoro,Atzara,Alloggi privati,,4,12,6
2022,Provincia di Nuoro,Austis,Agriturismo,,2,32,15
2022,Provincia di Nuoro,Austis,Alloggi privati,,1,10,3
2022,Provincia di Nuoro,Austis,Bed and breakfast,2 Stelle,2,6,4
2022,Provincia di Sassari,Badesi,Affittacamere,,1,6,3
2022,Provincia di Sassari,Badesi,Affittacamere,II Categoria,3,11,3
2022,Provincia di Sassari,Badesi,Agriturismo,,1,6,4
2022,Provincia di Sassari,Badesi,Albergo,2 Stelle,1,12,8
2022,Provincia di Sassari,Badesi,Albergo,3 Stelle,2,86,42
2022,Provincia di Sassari,Badesi,Albergo,4 Stelle,4,1563,509
2022,Provincia di Sassari,Badesi,Alloggi privati,,68,285,97
2022,Provincia di Sassari,Badesi,Bed and breakfast,2 Stelle,2,8,4
2022,Provincia di Sassari,Badesi,Campeggio,1 Stella,1,129,33
2022,Provincia di Sassari,Badesi,Campeggio,3 Stelle,1,500,38
2022,Provincia di Sassari,Badesi,Case e appartamenti per vacanze,I Categoria,3,87,24
2022,Provincia di Sassari,Badesi,Case e appartamenti per vacanze,II Categoria,8,900,337
2022,Provincia di Sassari,Badesi,Case e appartamenti per vacanze,III Categoria,2,210,11
2022,Provincia di Sassari,Badesi,Residence,II Categoria,1,203,86
2022,Provincia di Sassari,Badesi,Turismo Rurale,3 Stelle,1,20,10
2022,Provincia di Sassari,Badesi,Villaggio albergo,4 Stelle,1,927,363
2022,Provincia del Sud Sardegna,Ballao,Bed and breakfast,2 Stelle,1,8,3
2022,Provincia di Sassari,Banari,Alloggi privati,,1,5,20
2022,Provincia di Sassari,Banari,Bed and breakfast,2 Stelle,1,6,3
2022,Provincia di Oristano,Baradili,Affittacamere,II Categoria,2,10,2
2022,Provincia di Oristano,Baradili,Locanda,II Categoria,1,14,6
2022,Provincia di Oristano,Baratili San Pietro,Alloggi privati,,17,83,34
2022,Provincia di Oristano,Baratili San Pietro,Bed and breakfast,1 Stella,1,4,2
2022,Provincia di Oristano,Baratili San Pietro,Bed and breakfast,2 Stelle,1,5,2
2022,Provincia di Oristano,Baressa,Albergo diffuso,3 Stelle,2,24,12
2022,Provincia di Oristano,Baressa,Bed and breakfast,1 Stella,1,3,2
2022,Provincia di Nuoro,Bari Sardo,Affittacamere,I Categoria,1,20,6
2022,Provincia di Nuoro,Bari Sardo,Affittacamere,II Categoria,1,19,6
2022,Provincia di Nuoro,Bari Sardo,Agriturismo,,2,34,17
2022,Provincia di Nuoro,Bari Sardo,Albergo,3 Stelle,2,81,35
2022,Provincia di Nuoro,Bari Sardo,Albergo,4 Stelle,2,221,103
2022,Provincia di Nuoro,Bari Sardo,Albergo residenziale,3 Stelle,3,145,62
2022,Provincia di Nuoro,Bari Sardo,Alloggi privati,,107,527,248
2022,Provincia di Nuoro,Bari Sardo,Bed and breakfast,,1,6,3
2022,Provincia di Nuoro,Bari Sardo,Bed and breakfast,1 Stella,1,5,3
2022,Provincia di Nuoro,Bari Sardo,Bed and breakfast,2 Stelle,2,13,5
2022,Provincia di Nuoro,Bari Sardo,Bed and breakfast,3 Stelle,1,10,6
2022,Provincia di Nuoro,Bari Sardo,Campeggio,1 Stella,1,140,50
2022,Provincia di Nuoro,Bari Sardo,Campeggio,3 Stelle,1,320,85
2022,Provincia di Nuoro,Bari Sardo,Campeggio,4 Stelle,1,320,103
2022,Provincia di Nuoro,Bari Sardo,Case e appartamenti per vacanze,II Categoria,3,36,21
2022,Provincia di Nuoro,Bari Sardo,Residence,II Categoria,2,38,16
2022,Provincia di Nuoro,Bari Sardo,Villaggi turistici,4 Stelle,1,850,195
2022,Provincia di Nuoro,Bari Sardo,Villaggio albergo,3 Stelle,1,40,20
2022,Provincia del Sud Sardegna,Barumini,Affittacamere,II Categoria,1,11,6
2022,Provincia del Sud Sardegna,Barumini,Albergo,3 Stelle,2,35,17
2022,Provincia del Sud Sardegna,Barumini,Bed and breakfast,3 Stelle,1,2,1
2022,Provincia di Oristano,Bauladu,Affittacamere,II Categoria,1,4,2
2022,Provincia di Oristano,Bauladu,Agriturismo,,1,9,4
2022,Provincia di Oristano,Bauladu,Alloggi privati,,1,9,2
2022,Provincia di Oristano,Bauladu,Bed and breakfast,3 Stelle,1,6,3
2022,Provincia di Nuoro,Baunei,Affittacamere,I Categoria,2,23,12
2022,Provincia di Nuoro,Baunei,Affittacamere,II Categoria,5,33,17
2022,Provincia di Nuoro,Baunei,Albergo,2 Stelle,1,37,17
2022,Provincia di Nuoro,Baunei,Albergo,3 Stelle,5,198,104
2022,Provincia di Nuoro,Baunei,Albergo,4 Stelle,2,87,40
2022,Provincia di Nuoro,Baunei,Alloggi privati,,261,1071,503
2022,Provincia di Nuoro,Baunei,Bed and breakfast,1 Stella,3,11,6
2022,Provincia di Nuoro,Baunei,Bed and breakfast,2 Stelle,2,6,3
2022,Provincia di Nuoro,Baunei,Bed and breakfast,3 Stelle,8,42,22
2022,Provincia di Nuoro,Baunei,Case e appartamenti per vacanze,II Categoria,4,67,38
2022,Provincia di Nuoro,Baunei,Locanda,II Categoria,1,12,6
2022,Provincia di Nuoro,Baunei,Ostelli per la gioventù,,1,29,18
2022,Provincia di Nuoro,Belvì,Agriturismo,,1,8,4
2022,Provincia di Nuoro,Belvì,Albergo,2 Stelle,1,24,12
2022,Provincia di Nuoro,Belvì,Alloggi privati,,3,14,9
2022,Provincia di Sassari,Benetutti,Agriturismo,,1,2,0
2022,Provincia di Sassari,Benetutti,Albergo,3 Stelle,1,120,61
2022,Provincia di Sassari,Benetutti,Albergo,4 Stelle,1,46,23
2022,Provincia di Sassari,Benetutti,Bed and breakfast,1 Stella,1,6,3
2022,Provincia di Sassari,Benetutti,Bed and breakfast,2 Stelle,2,11,5
2022,Provincia di Sassari,Berchidda,Affittacamere,I Categoria,2,16,8
2022,Provincia di Sassari,Berchidda,Affittacamere,III Categoria,1,6,4
2022,Provincia di Sassari,Berchidda,Agriturismo,,1,5,3
2022,Provincia di Sassari,Berchidda,Albergo,3 Stelle,2,103,55
2022,Provincia di Sassari,Berchidda,Alloggi privati,,7,34,16
2022,Provincia di Sassari,Berchidda,Bed and breakfast,1 Stella,1,2,1
2022,Provincia di Sassari,Berchidda,Bed and breakfast,2 Stelle,2,8,4
2022,Provincia di Sassari,Berchidda,Campeggio,2 Stelle,1,272,68
2022,Provincia di Sassari,Bessude,Affittacamere,II Categoria,1,6,3
2022,Provincia di Sassari,Bessude,Agriturismo,,1,7,4
2022,Provincia di Sassari,Bessude,Alloggi privati,,1,6,3
2022,Provincia di Sassari,Bessude,Bed and breakfast,1 Stella,1,4,2
2022,Provincia di Sassari,Bessude,Bed and breakfast,2 Stelle,1,3,2
2022,Provincia di Nuoro,Bitti,Affittacamere,II Categoria,2,13,5
2022,Provincia di Nuoro,Bitti,Agriturismo,,3,45,20
2022,Provincia di Nuoro,Bitti,Albergo,4 Stelle,1,40,18
2022,Provincia di Nuoro,Bitti,Bed and breakfast,1 Stella,2,8,5
2022,Provincia di Nuoro,Bolotana,Albergo,3 Stelle,1,84,53
2022,Provincia di Nuoro,Bolotana,Alloggi privati,,6,32,16
2022,Provincia di Nuoro,Bolotana,Bed and breakfast,2 Stelle,2,9,5
2022,Provincia di Nuoro,Bolotana,Bed and breakfast,3 Stelle,1,2,1
2022,Provincia di Oristano,Bonarcado,Alloggi privati,,2,8,4
2022,Provincia di Oristano,Bonarcado,Villaggio albergo,3 Stelle,1,67,22
2022,Provincia di Sassari,Bonnanaro,Alloggi privati,,1,8,4
2022,Provincia di Sassari,Bonnanaro,Bed and breakfast,1 Stella,2,8,5
2022,Provincia di Sassari,Bono,Agriturismo,,1,2,1
2022,Provincia di Sassari,Bono,Albergo,3 Stelle,1,34,32
2022,Provincia di Sassari,Bono,Alloggi privati,,1,6,3
2022,Provincia di Sassari,Bono,Bed and breakfast,3 Stelle,2,14,6
2022,Provincia di Sassari,Bonorva,Agriturismo,,1,6,2
2022,Provincia di Sassari,Bonorva,Alloggi privati,,1,8,4
2022,Provincia di Sassari,Bonorva,Bed and breakfast,2 Stelle,2,12,6
2022,Provincia di Sassari,Bonorva,Bed and breakfast,3 Stelle,1,5,2
2022,Provincia di Sassari,Bonorva,Case per ferie,III Categoria,1,24,14
2022,Provincia di Nuoro,Bortigali,Bed and breakfast,3 Stelle,1,6,3
2022,Provincia di Sassari,Bortigiadas,Agriturismo,,1,9,5
2022,Provincia di Sassari,Bortigiadas,Albergo,3 Stelle,1,21,8
2022,Provincia di Sassari,Bortigiadas,Alloggi privati,,1,7,3
2022,Provincia di Sassari,Bortigiadas,Bed and breakfast,2 Stelle,1,5,2
2022,Provincia di Sassari,Borutta,Bed and breakfast,1 Stella,1,4,1
2022,Provincia di Oristano,Bosa,Affittacamere,II Categoria,30,275,128
2022,Provincia di Oristano,Bosa,Agriturismo,,2,21,6
2022,Provincia di Oristano,Bosa,Albergo,1 Stella,2,40,23
2022,Provincia di Oristano,Bosa,Albergo,2 Stelle,1,22,12
2022,Provincia di Oristano,Bosa,Albergo,3 Stelle,4,216,103
2022,Provincia di Oristano,Bosa,Albergo,4 Stelle,1,254,139
2022,Provincia di Oristano,Bosa,Albergo diffuso,3 Stelle,10,122,45
2022,Provincia di Oristano,Bosa,Albergo residenziale,3 Stelle,2,177,49
2022,Provincia di Oristano,Bosa,Alloggi privati,,119,557,237
2022,Provincia di Oristano,Bosa,Bed and breakfast,1 Stella,8,35,18
2022,Provincia di Oristano,Bosa,Bed and breakfast,2 Stelle,7,34,18
2022,Provincia di Oristano,Bosa,Bed and breakfast,3 Stelle,12,64,29
2022,Provincia di Oristano,Bosa,Boat and Breakfast,,1,4,2
2022,Provincia di Oristano,Bosa,Case e appartamenti per vacanze,II Categoria,22,200,360
2022,Provincia di Oristano,Bosa,Villaggi turistici,3 Stelle,1,24,12
2022,Provincia di Sassari,Bottidda,Agriturismo,,1,4,2
2022,Provincia di Sassari,Bottidda,Alloggi privati,,1,4,2
2022,Provincia di Sassari,Bottidda,Bed and breakfast,,1,6,4
2022,Provincia di Sassari,Bottidda,Bed and breakfast,1 Stella,1,4,30
2022,Provincia di Sassari,Buddusò,Affittacamere,III Categoria,1,4,2
2022,Provincia di Sassari,Buddusò,Agriturismo,,2,30,13
2022,Provincia di Sassari,Buddusò,Albergo,3 Stelle,1,42,26
2022,Provincia di Sassari,Buddusò,Albergo,4 Stelle,1,34,14
2022,Provincia di Sassari,Budoni,Affittacamere,,3,13,7
2022,Provincia di Sassari,Budoni,Affittacamere,II Categoria,4,40,19
2022,Provincia di Sassari,Budoni,Agriturismo,,2,25,12
2022,Provincia di Sassari,Budoni,Albergo,1 Stella,1,13,7
2022,Provincia di Sassari,Budoni,Albergo,3 Stelle,13,1159,585
2022,Provincia di Sassari,Budoni,Albergo,4 Stelle,7,2192,1245
2022,Provincia di Sassari,Budoni,Albergo residenziale,2 Stelle,1,49,18
2022,Provincia di Sassari,Budoni,Albergo residenziale,3 Stelle,4,423,149
2022,Provincia di Sassari,Budoni,Albergo residenziale,4 Stelle,1,36,0
2022,Provincia di Sassari,Budoni,Alloggi privati,,424,2140,815
2022,Provincia di Sassari,Budoni,Bed and breakfast,1 Stella,2,4,2
2022,Provincia di Sassari,Budoni,Bed and breakfast,2 Stelle,5,25,13
2022,Provincia di Sassari,Budoni,Bed and breakfast,3 Stelle,4,25,11
2022,Provincia di Sassari,Budoni,Campeggio,3 Stelle,2,800,249
2022,Provincia di Sassari,Budoni,Case e appartamenti per vacanze,,8,201,51
2022,Provincia di Sassari,Budoni,Case e appartamenti per vacanze,I Categoria,8,269,62
2022,Provincia di Sassari,Budoni,Case e appartamenti per vacanze,II Categoria,21,852,156
2022,Provincia di Sassari,Budoni,Residence,II Categoria,1,36,13
2022,Provincia di Sassari,Budoni,Turismo Rurale,1 Stella,1,10,5
2022,Provincia di Sassari,Budoni,Turismo Rurale,2 Stelle,1,18,7
2022,Provincia di Sassari,Budoni,Turismo Rurale,4 Stelle,1,20,15
2022,Provincia di Sassari,Budoni,Villaggi turistici,4 Stelle,1,434,158
2022,Provincia di Sassari,Budoni,Villaggio albergo,4 Stelle,3,839,315
2022,Provincia del Sud Sardegna,Buggerru,Affittacamere,II Categoria,1,15,4
2022,Provincia del Sud Sardegna,Buggerru,Albergo,3 Stelle,1,22,11
2022,Provincia del Sud Sardegna,Buggerru,Albergo,4 Stelle,1,68,28
2022,Provincia del Sud Sardegna,Buggerru,Alloggi privati,,43,193,82
2022,Provincia del Sud Sardegna,Buggerru,Bed and breakfast,2 Stelle,1,6,2
2022,Provincia del Sud Sardegna,Buggerru,Bed and breakfast,3 Stelle,3,13,8
2022,Provincia del Sud Sardegna,Buggerru,Campeggio,1 Stella,1,20,5
2022,Provincia del Sud Sardegna,Buggerru,Case e appartamenti per vacanze,II Categoria,2,24,10
2022,Provincia del Sud Sardegna,Buggerru,Ostelli per la gioventù,III Categoria,1,18,11
2022,Provincia di Sassari,Bultei,Albergo,2 Stelle,1,25,15
2022,Provincia di Sassari,Bulzi,Alloggi privati,,1,2,1
2022,Provincia del Sud Sardegna,Burcei,Albergo,3 Stelle,1,20,9
2022,Provincia del Sud Sardegna,Burcei,Turismo Rurale,3 Stelle,1,10,7
2022,Provincia di Sassari,Burgos,Agriturismo,,1,9,3
2022,Provincia di Oristano,Busachi,Affittacamere,II Categoria,1,6,3
2022,Provincia di Oristano,Busachi,Alloggi privati,,1,4,2
2022,Provincia di Oristano,Busachi,Bed and breakfast,1 Stella,2,12,4
2022,Provincia di Oristano,Cabras,Affittacamere,,1,8,4
2022,Provincia di Oristano,Cabras,Affittacamere,II Categoria,13,114,55
2022,Provincia di Oristano,Cabras,Agriturismo,,24,386,168
2022,Provincia di Oristano,Cabras,Albergo,2 Stelle,1,20,10
2022,Provincia di Oristano,Cabras,Albergo,3 Stelle,2,65,37
2022,Provincia di Oristano,Cabras,Albergo,4 Stelle,2,62,31
2022,Provincia di Oristano,Cabras,Albergo diffuso,4 Stelle,1,34,16
2022,Provincia di Oristano,Cabras,Alloggi privati,,228,1100,490
2022,Provincia di Oristano,Cabras,Bed and breakfast,1 Stella,2,12,4
2022,Provincia di Oristano,Cabras,Bed and breakfast,2 Stelle,5,21,12
2022,Provincia di Oristano,Cabras,Bed and breakfast,3 Stelle,21,109,56
2022,Provincia di Oristano,Cabras,Campeggio,3 Stelle,1,660,165
2022,Provincia di Oristano,Cabras,Case e appartamenti per vacanze,,1,6,3
2022,Provincia di Oristano,Cabras,Case e appartamenti per vacanze,II Categoria,2,27,17
2022,Provincia di Oristano,Cabras,Residence,I Categoria,2,48,17
2022,Città metropolitana di Cagliari,Cagliari,Affittacamere,,6,48,25
2022,Città metropolitana di Cagliari,Cagliari,Affittacamere,I Categoria,19,166,82
2022,Città metropolitana di Cagliari,Cagliari,Affittacamere,II Categoria,182,1416,716
2022,Città metropolitana di Cagliari,Cagliari,Affittacamere,III Categoria,1,8,6
2022,Città metropolitana di Cagliari,Cagliari,Albergo,1 Stella,4,75,35
2022,Città metropolitana di Cagliari,Cagliari,Albergo,2 Stelle,3,67,37
2022,Città metropolitana di Cagliari,Cagliari,Albergo,3 Stelle,15,680,362
2022,Città metropolitana di Cagliari,Cagliari,Albergo,4 Stelle,8,1351,645
2022,Città metropolitana di Cagliari,Cagliari,Albergo diffuso,2 Stelle,1,21,13
2022,Città metropolitana di Cagliari,Cagliari,Albergo residenziale,3 Stelle,1,298,122
2022,Città metropolitana di Cagliari,Cagliari,Alloggi privati,,1065,4195,1861
2022,Città metropolitana di Cagliari,Cagliari,Bed and breakfast,,1,1,1
2022,Città metropolitana di Cagliari,Cagliari,Bed and breakfast,1 Stella,60,232,123
2022,Città metropolitana di Cagliari,Cagliari,Bed and breakfast,2 Stelle,35,179,87
2022,Città metropolitana di Cagliari,Cagliari,Bed and breakfast,3 Stelle,53,232,117
2022,Città metropolitana di Cagliari,Cagliari,Boat and Breakfast,,3,9,3
2022,Città metropolitana di Cagliari,Cagliari,Case e appartamenti per vacanze,II Categoria,18,253,124
2022,Città metropolitana di Cagliari,Cagliari,Case per ferie,,4,807,461
2022,Città metropolitana di Cagliari,Cagliari,Case per ferie,III Categoria,4,285,226
2022,Città metropolitana di Cagliari,Cagliari,Locanda,,2,18,9
2022,Città metropolitana di Cagliari,Cagliari,Ostelli per la gioventù,III Categoria,1,125,35
2022,Città metropolitana di Cagliari,Cagliari,Residence,II Categoria,1,50,25
2022,Provincia di Sassari,Calangianus,Affittacamere,II Categoria,1,6,3
2022,Provincia di Sassari,Calangianus,Agriturismo,,2,36,14
2022,Provincia di Sassari,Calangianus,Alloggi privati,,6,28,10
2022,Provincia di Sassari,Calangianus,Bed and breakfast,1 Stella,1,4,2
2022,Provincia di Sassari,Calangianus,Bed and breakfast,2 Stelle,1,2,0
2022,Provincia del Sud Sardegna,Calasetta,Affittacamere,II Categoria,2,15,7
2022,Provincia del Sud Sardegna,Calasetta,Agriturismo,,1,10,5
2022,Provincia del Sud Sardegna,Calasetta,Albergo,2 Stelle,2,58,32
2022,Provincia del Sud Sardegna,Calasetta,Albergo,3 Stelle,4,283,135
2022,Provincia del Sud Sardegna,Calasetta,Alloggi privati,,287,1347,599
2022,Provincia del Sud Sardegna,Calasetta,Bed and breakfast,2 Stelle,3,14,8
2022,Provincia del Sud Sardegna,Calasetta,Bed and breakfast,3 Stelle,5,34,13
2022,Provincia del Sud Sardegna,Calasetta,Campeggio,2 Stelle,1,366,103
2022,Provincia del Sud Sardegna,Calasetta,Case e appartamenti per vacanze,II Categoria,6,120,35
2022,Città metropolitana di Cagliari,Capoterra,Affittacamere,,2,15,7
2022,Città metropolitana di Cagliari,Capoterra,Affittacamere,I Categoria,1,12,3
2022,Città metropolitana di Cagliari,Capoterra,Affittacamere,II Categoria,5,43,22
2022,Città metropolitana di Cagliari,Capoterra,Albergo,3 Stelle,2,40,20
2022,Città metropolitana di Cagliari,Capoterra,Albergo,4 Stelle,1,127,71
2022,Città metropolitana di Cagliari,Capoterra,Alloggi privati,,79,364,166
2022,Città metropolitana di Cagliari,Capoterra,Bed and breakfast,,15,74,40
2022,Città metropolitana di Cagliari,Capoterra,Bed and breakfast,1 Stella,4,19,9
2022,Città metropolitana di Cagliari,Capoterra,Bed and breakfast,2 Stelle,1,4,3
2022,Città metropolitana di Cagliari,Capoterra,Bed and breakfast,3 Stelle,13,68,34
2022,Città metropolitana di Cagliari,Capoterra,Case e appartamenti per vacanze,II Categoria,2,32,12
2022,Provincia del Sud Sardegna,Carbonia,Affittacamere,II Categoria,2,20,10
2022,Provincia del Sud Sardegna,Carbonia,Agriturismo,,3,60,28
2022,Provincia del Sud Sardegna,Carbonia,Albergo,1 Stella,1,10,7
2022,Provincia del Sud Sardegna,Carbonia,Albergo,4 Stelle,1,132,66
2022,Provincia del Sud Sardegna,Carbonia,Alloggi privati,,35,156,74
2022,Provincia del Sud Sardegna,Carbonia,Bed and breakfast,1 Stella,2,9,5
2022,Provincia del Sud Sardegna,Carbonia,Bed and breakfast,2 Stelle,2,11,5
2022,Provincia del Sud Sardegna,Carbonia,Bed and breakfast,3 Stelle,4,27,12
2022,Provincia del Sud Sardegna,Carbonia,Case per ferie,III Categoria,1,22,10
2022,Provincia del Sud Sardegna,Carbonia,Villaggio albergo,3 Stelle,1,48,24
2022,Provincia di Nuoro,Cardedu,Affittacamere,II Categoria,1,8,6
2022,Provincia di Nuoro,Cardedu,Agriturismo,,2,14,7
2022,Provincia di Nuoro,Cardedu,Albergo,3 Stelle,5,133,60
2022,Provincia di Nuoro,Cardedu,Albergo,4 Stelle,2,556,200
2022,Provincia di Nuoro,Cardedu,Albergo residenziale,4 Stelle,1,48,12
2022,Provincia di Nuoro,Cardedu,Alloggi privati,,63,295,136
2022,Provincia di Nuoro,Cardedu,Bed and breakfast,1 Stella,4,17,7
2022,Provincia di Nuoro,Cardedu,Bed and breakfast,3 Stelle,1,4,2
2022,Provincia di Nuoro,Cardedu,Case e appartamenti per vacanze,III Categoria,1,33,11
2022,Provincia di Nuoro,Cardedu,Residence,I Categoria,1,68,42
2022,Provincia di Nuoro,Cardedu,Villaggio albergo,4 Stelle,1,357,170
2022,Provincia del Sud Sardegna,Carloforte,Affittacamere,I Categoria,3,36,13
2022,Provincia del Sud Sardegna,Carloforte,Affittacamere,II Categoria,7,70,33
2022,Provincia del Sud Sardegna,Carloforte,Affittacamere,III Categoria,1,4,2
2022,Provincia del Sud Sardegna,Carloforte,Albergo,3 Stelle,7,251,135
2022,Provincia del Sud Sardegna,Carloforte,Albergo,4 Stelle,3,193,84
2022,Provincia del Sud Sardegna,Carloforte,Alloggi privati,,143,654,300
2022,Provincia del Sud Sardegna,Carloforte,Bed and breakfast,1 Stella,4,15,7
2022,Provincia del Sud Sardegna,Carloforte,Bed and breakfast,2 Stelle,4,16,9
2022,Provincia del Sud Sardegna,Carloforte,Bed and breakfast,3 Stelle,9,46,22
2022,Provincia del Sud Sardegna,Carloforte,Case e appartamenti per vacanze,,1,14,5
2022,Provincia del Sud Sardegna,Carloforte,Case e appartamenti per vacanze,II Categoria,2,31,10
2022,Provincia del Sud Sardegna,Carloforte,Case e appartamenti per vacanze,III Categoria,1,10,4
2022,Provincia di Sassari,Castelsardo,Affittacamere,,4,43,22
2022,Provincia di Sassari,Castelsardo,Affittacamere,I Categoria,1,8,4
2022,Provincia di Sassari,Castelsardo,Affittacamere,II Categoria,5,47,21
2022,Provincia di Sassari,Castelsardo,Albergo,2 Stelle,2,46,24
2022,Provincia di Sassari,Castelsardo,Albergo,3 Stelle,6,366,166
2022,Provincia di Sassari,Castelsardo,Albergo,4 Stelle,6,919,400
2022,Provincia di Sassari,Castelsardo,Albergo residenziale,3 Stelle,2,170,52
2022,Provincia di Sassari,Castelsardo,Alloggi privati,,222,1035,399
2022,Provincia di Sassari,Castelsardo,Bed and breakfast,1 Stella,4,23,10
2022,Provincia di Sassari,Castelsardo,Bed and breakfast,2 Stelle,16,87,39
2022,Provincia di Sassari,Castelsardo,Bed and breakfast,3 Stelle,13,68,35
2022,Provincia di Sassari,Castelsardo,Case e appartamenti per vacanze,,1,6,3
2022,Provincia di Sassari,Castelsardo,Case e appartamenti per vacanze,I Categoria,1,11,6
2022,Provincia di Sassari,Castelsardo,Case e appartamenti per vacanze,II Categoria,5,204,81
2022,Provincia di Sassari,Castelsardo,Locanda,I Categoria,1,11,5
2022,Provincia di Sassari,Castelsardo,Ostelli per la gioventù,III Categoria,1,65,19
2022,Provincia di Sassari,Castelsardo,Villaggi turistici,4 Stelle,1,351,117
2022,Provincia del Sud Sardegna,Castiadas,Affittacamere,,1,6,2
2022,Provincia del Sud Sardegna,Castiadas,Affittacamere,I Categoria,2,22,11
2022,Provincia del Sud Sardegna,Castiadas,Affittacamere,II Categoria,1,7,4
2022,Provincia del Sud Sardegna,Castiadas,Agriturismo,,10,167,79
2022,Provincia del Sud Sardegna,Castiadas,Albergo,1 Stella,1,20,8
2022,Provincia del Sud Sardegna,Castiadas,Albergo,2 Stelle,1,20,7
2022,Provincia del Sud Sardegna,Castiadas,Albergo,3 Stelle,1,20,10
2022,Provincia del Sud Sardegna,Castiadas,Albergo,4 Stelle,5,1616,720
2022,Provincia del Sud Sardegna,Castiadas,Albergo,5 Stelle,1,133,61
2022,Provincia del Sud Sardegna,Castiadas,Albergo residenziale,2 Stelle,1,25,8
2022,Provincia del Sud Sardegna,Castiadas,Alloggi privati,,107,556,241
2022,Provincia del Sud Sardegna,Castiadas,Bed and breakfast,1 Stella,3,16,9
2022,Provincia del Sud Sardegna,Castiadas,Bed and breakfast,2 Stelle,4,22,9
2022,Provincia del Sud Sardegna,Castiadas,Bed and breakfast,3 Stelle,4,22,11
2022,Provincia del Sud Sardegna,Castiadas,Case e appartamenti per vacanze,,1,137,32
2022,Provincia del Sud Sardegna,Castiadas,Case e appartamenti per vacanze,II Categoria,2,81,26
2022,Provincia del Sud Sardegna,Castiadas,Case per ferie,III Categoria,1,16,8
2022,Provincia del Sud Sardegna,Castiadas,Turismo Rurale,1 Stella,1,20,12
2022,Provincia del Sud Sardegna,Castiadas,Turismo Rurale,3 Stelle,1,20,10
2022,Provincia del Sud Sardegna,Castiadas,Villaggio albergo,4 Stelle,5,864,433
2022,Provincia di Sassari,Cheremule,Alloggi privati,,1,6,3
2022,Provincia di Sassari,Cheremule,Bed and breakfast,2 Stelle,1,6,2
2022,Provincia di Sassari,Chiaramonti,Agriturismo,,2,20,10
2022,Provincia di Sassari,Chiaramonti,Bed and breakfast,2 Stelle,1,6,3
2022,Provincia di Sassari,Codrongianos,Affittacamere,II Categoria,1,1,1
2022,Provincia di Sassari,Codrongianos,Alloggi privati,,2,10,5
2022,Provincia di Sassari,Codrongianos,Bed and breakfast,2 Stelle,1,4,2
2022,Provincia del Sud Sardegna,Collinas,Alloggi privati,,5,15,9
2022,Provincia di Sassari,Cossoine,Bed and breakfast,2 Stelle,3,17,8
2022,Provincia di Oristano,Cuglieri,Affittacamere,II Categoria,9,62,33
2022,Provincia di Oristano,Cuglieri,Agriturismo,,5,71,36
2022,Provincia di Oristano,Cuglieri,Albergo,3 Stelle,1,24,12
2022,Provincia di Oristano,Cuglieri,Albergo,4 Stelle,1,57,29
2022,Provincia di Oristano,Cuglieri,Alloggi privati,,90,443,214
2022,Provincia di Oristano,Cuglieri,Bed and breakfast,2 Stelle,2,9,6
2022,Provincia di Oristano,Cuglieri,Campeggio,3 Stelle,1,1198,300
2022,Provincia di Oristano,Cuglieri,Case e appartamenti per vacanze,II Categoria,1,36,18
2022,Provincia di Oristano,Cuglieri,Villaggi turistici,3 Stelle,1,88,21
2022,Città metropolitana di Cagliari,Decimomannu,Alloggi privati,,11,38,16
2022,Città metropolitana di Cagliari,Decimomannu,Bed and breakfast,,1,5,3
2022,Città metropolitana di Cagliari,Decimomannu,Bed and breakfast,1 Stella,2,7,4
2022,Provincia del Sud Sardegna,Decimoputzu,Bed and breakfast,2 Stelle,1,6,3
2022,Provincia di Nuoro,Desulo,Affittacamere,II Categoria,1,2,1
2022,Provincia di Nuoro,Desulo,Agriturismo,,2,36,13
2022,Provincia di Nuoro,Desulo,Albergo,1 Stella,1,19,7
2022,Provincia di Nuoro,Desulo,Alloggi privati,,4,26,13
2022,Provincia di Nuoro,Desulo,Bed and breakfast,3 Stelle,1,4,3
2022,Provincia di Nuoro,Dolianova,Albergo,5 Stelle,1,20,10
2022,Provincia di Nuoro,Dolianova,Alloggi privati,,6,31,14
2022,Provincia di Nuoro,Dolianova,Bed and breakfast,,2,5,3
2022,Provincia di Nuoro,Dolianova,Bed and breakfast,1 Stella,3,14,7
2022,Provincia di Nuoro,Dolianova,Bed and breakfast,2 Stelle,2,12,4
2022,Provincia di Nuoro,Dolianova,Bed and breakfast,3 Stelle,3,12,8
2022,Provincia di Nuoro,Dolianova,Turismo Rurale,2 Stelle,1,20,11
2022,Provincia di Nuoro,Dolianova,Turismo Rurale,3 Stelle,1,20,10
2022,Provincia del Sud Sardegna,Domus De Maria,Affittacamere,I Categoria,2,18,9
2022,Provincia del Sud Sardegna,Domus De Maria,Affittacamere,II Categoria,3,30,12
2022,Provincia del Sud Sardegna,Domus De Maria,Albergo,2 Stelle,1,37,20
2022,Provincia del Sud Sardegna,Domus De Maria,Albergo,3 Stelle,2,109,48
2022,Provincia del Sud Sardegna,Domus De Maria,Albergo,4 Stelle,3,1276,563
2022,Provincia del Sud Sardegna,Domus De Maria,Albergo,5 Stelle,2,228,83
2022,Provincia del Sud Sardegna,Domus De Maria,Alloggi privati,,183,974,441
2022,Provincia del Sud Sardegna,Domus De Maria,Bed and breakfast,1 Stella,3,13,7
2022,Provincia del Sud Sardegna,Domus De Maria,Bed and breakfast,2 Stelle,3,16,8
2022,Provincia del Sud Sardegna,Domus De Maria,Bed and breakfast,3 Stelle,9,48,24
2022,Provincia del Sud Sardegna,Domus De Maria,Campeggio,3 Stelle,1,420,108
2022,Provincia del Sud Sardegna,Domus De Maria,Case e appartamenti per vacanze,II Categoria,11,224,58
2022,Provincia del Sud Sardegna,Domus De Maria,Case e appartamenti per vacanze,III Categoria,2,10,6
2022,Provincia del Sud Sardegna,Domus De Maria,Residence,II Categoria,1,60,24
2022,Provincia del Sud Sardegna,Domus De Maria,Villaggio albergo,5 Stelle,1,170,77
2022,Provincia del Sud Sardegna,Domusnovas,Affittacamere,II Categoria,1,4,2
2022,Provincia del Sud Sardegna,Domusnovas,Albergo,3 Stelle,1,44,19
2022,Provincia del Sud Sardegna,Domusnovas,Alloggi privati,,8,42,18
2022,Provincia del Sud Sardegna,Domusnovas,Bed and breakfast,1 Stella,2,7,4
2022,Provincia di Nuoro,Dorgali,Affittacamere,I Categoria,3,22,11
2022,Provincia di Nuoro,Dorgali,Affittacamere,II Categoria,16,123,70
2022,Provincia di Nuoro,Dorgali,Affittacamere,III Categoria,1,6,3
2022,Provincia di Nuoro,Dorgali,Agriturismo,,16,241,113
2022,Provincia di Nuoro,Dorgali,Albergo,2 Stelle,2,39,21
2022,Provincia di Nuoro,Dorgali,Albergo,3 Stelle,15,581,307
2022,Provincia di Nuoro,Dorgali,Albergo,4 Stelle,10,1272,619
2022,Provincia di Nuoro,Dorgali,Albergo diffuso,2 Stelle,1,12,13
2022,Provincia di Nuoro,Dorgali,Alloggi privati,,353,1600,736
2022,Provincia di Nuoro,Dorgali,Bed and breakfast,,1,4,2
2022,Provincia di Nuoro,Dorgali,Bed and breakfast,1 Stella,13,45,29
2022,Provincia di Nuoro,Dorgali,Bed and breakfast,2 Stelle,12,55,29
2022,Provincia di Nuoro,Dorgali,Bed and breakfast,3 Stelle,7,37,18
2022,Provincia di Nuoro,Dorgali,Campeggio,4 Stelle,1,1200,300
2022,Provincia di Nuoro,Dorgali,Case e appartamenti per vacanze,,1,21,16
2022,Provincia di Nuoro,Dorgali,Case e appartamenti per vacanze,II Categoria,7,58,32
2022,Provincia di Nuoro,Dorgali,Locanda,I Categoria,1,8,3
2022,Provincia di Nuoro,Dorgali,Turismo Rurale,2 Stelle,4,64,35
2022,Provincia di Nuoro,Dorgali,Turismo Rurale,3 Stelle,3,46,25
2022,Provincia di Nuoro,Dorgali,Villaggio albergo,4 Stelle,1,885,427
2022,Provincia di Nuoro,Elini,Affittacamere,II Categoria,2,8,4
2022,Provincia di Nuoro,Elini,Agriturismo,,1,10,6
2022,Città metropolitana di Cagliari,Elmas,Affittacamere,II Categoria,1,4,2
2022,Città metropolitana di Cagliari,Elmas,Albergo residenziale,3 Stelle,1,66,38
2022,Città metropolitana di Cagliari,Elmas,Alloggi privati,,8,28,15
2022,Città metropolitana di Cagliari,Elmas,Bed and breakfast,,1,5,2
2022,Città metropolitana di Cagliari,Elmas,Bed and breakfast,3 Stelle,2,8,4
2022,Provincia di Sassari,Erula,Bed and breakfast,1 Stella,1,5,2
2022,Provincia del Sud Sardegna,Escalaplano,Bed and breakfast,1 Stella,1,3,2
2022,Provincia del Sud Sardegna,Escalaplano,Bed and breakfast,3 Stelle,1,4,2
2022,Provincia del Sud Sardegna,Escolca,Affittacamere,II Categoria,1,9,4
2022,Provincia del Sud Sardegna,Esterzili,Albergo,3 Stelle,1,20,10
2022,Provincia del Sud Sardegna,Esterzili,Bed and breakfast,1 Stella,2,5,3
2022,Provincia di Sassari,Florinas,Alloggi privati,,1,12,6
2022,Provincia del Sud Sardegna,Fluminimaggiore,Agriturismo,,6,83,35
2022,Provincia del Sud Sardegna,Fluminimaggiore,Albergo,1 Stella,1,18,9
2022,Provincia del Sud Sardegna,Fluminimaggiore,Albergo,3 Stelle,1,20,14
2022,Provincia del Sud Sardegna,Fluminimaggiore,Alloggi privati,,21,105,46
2022,Provincia del Sud Sardegna,Fluminimaggiore,Bed and breakfast,1 Stella,1,4,2
2022,Provincia del Sud Sardegna,Fluminimaggiore,Bed and breakfast,2 Stelle,1,4,3
2022,Provincia del Sud Sardegna,Fluminimaggiore,Bed and breakfast,3 Stelle,1,6,3
2022,Provincia di Oristano,Flussio,Alloggi privati,,5,22,11
2022,Provincia di Nuoro,Fonni,Affittacamere,II Categoria,1,6,5
2022,Provincia di Nuoro,Fonni,Agriturismo,,6,63,28
2022,Provincia di Nuoro,Fonni,Albergo,2 Stelle,1,12,7
2022,Provincia di Nuoro,Fonni,Albergo,3 Stelle,1,88,50
2022,Provincia di Nuoro,Fonni,Alloggi privati,,1,4,1
2022,Provincia di Nuoro,Fonni,Bed and breakfast,1 Stella,2,10,5
2022,Provincia di Nuoro,Fonni,Bed and breakfast,2 Stelle,6,31,14
2022,Provincia di Nuoro,Fonni,Bed and breakfast,3 Stelle,1,4,1
2022,Provincia di Nuoro,Fonni,Turismo Rurale,3 Stelle,1,20,20
2022,Provincia di Oristano,Fordongianus,Albergo,4 Stelle,1,180,90
2022,Provincia di Oristano,Fordongianus,Alloggi privati,,2,9,4
2022,Provincia di Oristano,Fordongianus,Bed and breakfast,3 Stelle,1,3,2
2022,Provincia del Sud Sardegna,Furtei,Bed and breakfast,1 Stella,1,3,2
2022,Provincia del Sud Sardegna,Furtei,Bed and breakfast,3 Stelle,1,3,1
2022,Provincia di Nuoro,Gadoni,Affittacamere,II Categoria,1,16,5
2022,Provincia di Nuoro,Gadoni,Bed and breakfast,1 Stella,2,11,5
2022,Provincia di Nuoro,Gairo,Alloggi privati,,2,6,2
2022,Provincia di Nuoro,Gairo,Bed and breakfast,2 Stelle,1,7,3
2022,Provincia di Nuoro,Gairo,Campeggio,3 Stelle,1,400,172
2022,Provincia di Nuoro,Galtellì,Agriturismo,,5,57,33
2022,Provincia di Nuoro,Galtellì,Albergo,2 Stelle,3,31,22
2022,Provincia di Nuoro,Galtellì,Alloggi privati,,32,164,74
2022,Provincia di Nuoro,Galtellì,Bed and breakfast,1 Stella,2,7,5
2022,Provincia di Nuoro,Galtellì,Bed and breakfast,2 Stelle,4,21,11
2022,Provincia di Nuoro,Galtellì,Bed and breakfast,3 Stelle,2,14,6
2022,Provincia di Nuoro,Galtellì,Case e appartamenti per vacanze,II Categoria,1,12,6
2022,Provincia di Nuoro,Gavoi,Agriturismo,,3,32,13
2022,Provincia di Nuoro,Gavoi,Albergo,3 Stelle,2,117,58
2022,Provincia di Nuoro,Gavoi,Albergo,4 Stelle,1,180,90
2022,Provincia di Nuoro,Gavoi,Alloggi privati,,2,9,4
2022,Provincia di Nuoro,Gavoi,Bed and breakfast,1 Stella,1,6,3
2022,Provincia di Nuoro,Gavoi,Bed and breakfast,2 Stelle,2,14,6
2022,Provincia di Nuoro,Gavoi,Bed and breakfast,3 Stelle,1,5,3
2022,Provincia del Sud Sardegna,Genoni,Agriturismo,,1,18,9
2022,Provincia del Sud Sardegna,Genoni,Alloggi privati,,1,4,2
2022,Provincia del Sud Sardegna,Genuri,Bed and breakfast,3 Stelle,1,3,1
2022,Provincia del Sud Sardegna,Gergei,Affittacamere,,1,9,4
2022,Provincia del Sud Sardegna,Gergei,Affittacamere,III Categoria,1,7,3
2022,Provincia del Sud Sardegna,Gergei,Alloggi privati,,2,13,6
2022,Provincia del Sud Sardegna,Gergei,Bed and breakfast,,1,5,2
2022,Provincia del Sud Sardegna,Gergei,Bed and breakfast,1 Stella,1,2,1
2022,Provincia del Sud Sardegna,Gergei,Bed and breakfast,3 Stelle,1,2,1
2022,Provincia del Sud Sardegna,Gesturi,Affittacamere,III Categoria,1,7,4
2022,Provincia del Sud Sardegna,Gesturi,Bed and breakfast,1 Stella,1,1,1
2022,Provincia del Sud Sardegna,Gesturi,Bed and breakfast,3 Stelle,2,11,6
2022,Provincia di Oristano,Ghilarza,Affittacamere,II Categoria,1,4,2
2022,Provincia di Oristano,Ghilarza,Alloggi privati,,6,25,8
2022,Provincia di Oristano,Ghilarza,Bed and breakfast,1 Stella,3,16,8
2022,Provincia di Oristano,Ghilarza,Bed and breakfast,3 Stelle,1,5,2
2022,Provincia di Sassari,Giave,Alloggi privati,,1,8,4
2022,Provincia di Sassari,Giave,Bed and breakfast,2 Stelle,1,7,3
2022,Provincia del Sud Sardegna,Giba,Agriturismo,,1,10,5
2022,Provincia del Sud Sardegna,Giba,Albergo,2 Stelle,1,28,13
2022,Provincia del Sud Sardegna,Giba,Alloggi privati,,18,93,42
2022,Provincia del Sud Sardegna,Giba,Bed and breakfast,2 Stelle,0,8,3
2022,Provincia di Nuoro,Girasole,Affittacamere,II Categoria,1,12,6
2022,Provincia di Nuoro,Girasole,Agriturismo,,2,15,8
2022,Provincia di Nuoro,Girasole,Albergo,3 Stelle,1,18,10
2022,Provincia di Nuoro,Girasole,Alloggi privati,,18,70,33
2022,Provincia di Nuoro,Girasole,Bed and breakfast,1 Stella,1,3,2
2022,Provincia di Nuoro,Girasole,Bed and breakfast,3 Stelle,2,5,3
2022,Provincia di Sassari,Golfo Aranci,Affittacamere,,2,26,10
2022,Provincia di Sassari,Golfo Aranci,Affittacamere,III Categoria,1,4,2
2022,Provincia di Sassari,Golfo Aranci,Albergo,2 Stelle,2,68,24
2022,Provincia di Sassari,Golfo Aranci,Albergo,3 Stelle,4,123,67
2022,Provincia di Sassari,Golfo Aranci,Albergo,4 Stelle,7,1793,715
2022,Provincia di Sassari,Golfo Aranci,Albergo residenziale,3 Stelle,1,432,111
2022,Provincia di Sassari,Golfo Aranci,Alloggi privati,,186,997,386
2022,Provincia di Sassari,Golfo Aranci,Bed and breakfast,1 Stella,2,7,3
2022,Provincia di Sassari,Golfo Aranci,Bed and breakfast,3 Stelle,1,4,3
2022,Provincia di Sassari,Golfo Aranci,Case e appartamenti per vacanze,,4,250,6
2022,Provincia di Sassari,Golfo Aranci,Case e appartamenti per vacanze,I Categoria,2,42,5
2022,Provincia di Sassari,Golfo Aranci,Case e appartamenti per vacanze,II Categoria,13,977,120
2022,Provincia di Sassari,Golfo Aranci,Residence,II Categoria,1,48,48
2022,Provincia di Sassari,Golfo Aranci,Turismo Rurale,3 Stelle,1,20,10
2022,Provincia del Sud Sardegna,Gonnesa,Affittacamere,II Categoria,2,14,8
2022,Provincia del Sud Sardegna,Gonnesa,Affittacamere,III Categoria,1,4,2
2022,Provincia del Sud Sardegna,Gonnesa,Agriturismo,,4,70,38
2022,Provincia del Sud Sardegna,Gonnesa,Alloggi privati,,34,166,73
2022,Provincia del Sud Sardegna,Gonnesa,Bed and breakfast,1 Stella,3,13,8
2022,Provincia del Sud Sardegna,Gonnesa,Bed and breakfast,2 Stelle,2,9,3
2022,Provincia del Sud Sardegna,Gonnesa,Bed and breakfast,3 Stelle,4,20,8
2022,Provincia del Sud Sardegna,Gonnesa,Case e appartamenti per vacanze,II Categoria,2,19,7
2022,Provincia del Sud Sardegna,Gonnosfanadiga,Affittacamere,II Categoria,2,5,4
2022,Provincia del Sud Sardegna,Gonnosfanadiga,Agriturismo,,1,13,7
2022,Provincia del Sud Sardegna,Gonnosfanadiga,Alloggi privati,,2,10,4
2022,Provincia del Sud Sardegna,Gonnosfanadiga,Bed and breakfast,1 Stella,1,4,2
2022,Provincia del Sud Sardegna,Gonnosfanadiga,Bed and breakfast,2 Stelle,1,4,2
2022,Provincia di Oristano,Gonnosnò,Alloggi privati,,1,2,1
2022,Provincia di Oristano,Gonnostramatza,Agriturismo,,1,20,7
2022,Provincia di Oristano,Gonnostramatza,Bed and breakfast,1 Stella,1,6,3
2022,Provincia del Sud Sardegna,Guamaggiore,Bed and breakfast,2 Stelle,1,7,3
2022,Provincia del Sud Sardegna,Guasila,Turismo Rurale,1 Stella,1,12,8
2022,Provincia del Sud Sardegna,Guspini,Affittacamere,II Categoria,2,10,8
2022,Provincia del Sud Sardegna,Guspini,Agriturismo,,4,54,19
2022,Provincia del Sud Sardegna,Guspini,Albergo,3 Stelle,1,12,9
2022,Provincia del Sud Sardegna,Guspini,Albergo,4 Stelle,2,135,28
2022,Provincia del Sud Sardegna,Guspini,Alloggi privati,,5,24,12
2022,Provincia del Sud Sardegna,Guspini,Bed and breakfast,1 Stella,7,35,17
2022,Provincia del Sud Sardegna,Guspini,Bed and breakfast,3 Stelle,6,27,11
2022,Provincia del Sud Sardegna,Iglesias,Affittacamere,,2,19,9
2022,Provincia del Sud Sardegna,Iglesias,Affittacamere,I Categoria,2,20,10
2022,Provincia del Sud Sardegna,Iglesias,Affittacamere,II Categoria,10,69,36
2022,Provincia del Sud Sardegna,Iglesias,Affittacamere,III Categoria,1,8,4
2022,Provincia del Sud Sardegna,Iglesias,Agriturismo,,4,61,32
2022,Provincia del Sud Sardegna,Iglesias,Albergo,3 Stelle,5,96,59
2022,Provincia del Sud Sardegna,Iglesias,Albergo,4 Stelle,1,63,26
2022,Provincia del Sud Sardegna,Iglesias,Alloggi privati,,180,752,330
2022,Provincia del Sud Sardegna,Iglesias,Bed and breakfast,1 Stella,3,16,7
2022,Provincia del Sud Sardegna,Iglesias,Bed and breakfast,2 Stelle,4,13,6
2022,Provincia del Sud Sardegna,Iglesias,Bed and breakfast,3 Stelle,10,56,25
2022,Provincia del Sud Sardegna,Iglesias,Case e appartamenti per vacanze,II Categoria,3,43,16
2022,Provincia del Sud Sardegna,Iglesias,Case per ferie,III Categoria,2,9,6
2022,Provincia del Sud Sardegna,Iglesias,Ostelli per la gioventù,III Categoria,1,20,6
2022,Provincia di Nuoro,Ilbono,Agriturismo,,2,32,16
2022,Provincia di Nuoro,Ilbono,Alloggi privati,,1,7,2
2022,Provincia di Nuoro,Ilbono,Bed and breakfast,2 Stelle,1,5,3
2022,Provincia di Nuoro,Ilbono,Bed and breakfast,3 Stelle,2,11,6
2022,Provincia di Nuoro,Ilbono,Ostelli per la gioventù,III Categoria,1,48,23
2022,Provincia di Nuoro,Irgoli,Affittacamere,II Categoria,1,4,2
2022,Provincia di Nuoro,Irgoli,Agriturismo,,3,44,16
2022,Provincia di Nuoro,Irgoli,Albergo,2 Stelle,1,21,7
2022,Provincia di Nuoro,Irgoli,Alloggi privati,,17,110,42
2022,Provincia di Nuoro,Irgoli,Bed and breakfast,1 Stella,2,11,6
2022,Provincia di Nuoro,Irgoli,Bed and breakfast,3 Stelle,1,4,2
2022,Provincia di Nuoro,Irgoli,Locanda,II Categoria,1,12,6
2022,Provincia del Sud Sardegna,Isili,Affittacamere,II Categoria,1,3,2
2022,Provincia del Sud Sardegna,Isili,Albergo,2 Stelle,1,25,14
2022,Provincia del Sud Sardegna,Isili,Alloggi privati,,1,2,1
2022,Provincia del Sud Sardegna,Isili,Bed and breakfast,1 Stella,1,4,2
2022,Provincia del Sud Sardegna,Isili,Bed and breakfast,2 Stelle,1,4,3
2022,Provincia del Sud Sardegna,Isili,Bed and breakfast,3 Stelle,1,2,1
2022,Provincia di Sassari,Ittireddu,Albergo diffuso,2 Stelle,1,9,6
2022,Provincia di Sassari,Ittiri,Affittacamere,II Categoria,2,20,8
2022,Provincia di Sassari,Ittiri,Agriturismo,,1,16,9
2022,Provincia di Sassari,Ittiri,Alloggi privati,,2,13,5
2022,Provincia di Sassari,Ittiri,Bed and breakfast,2 Stelle,1,4,3
2022,Provincia di Nuoro,Jerzu,Affittacamere,II Categoria,1,8,3
2022,Provincia di Nuoro,Jerzu,Agriturismo,,1,10,4
2022,Provincia di Nuoro,Jerzu,Albergo,1 Stella,1,19,8
2022,Provincia di Nuoro,Jerzu,Albergo,3 Stelle,1,25,11
2022,Provincia di Nuoro,Jerzu,Albergo residenziale,3 Stelle,1,20,11
2022,Provincia di Nuoro,Jerzu,Alloggi privati,,6,27,12
2022,Provincia di Nuoro,Jerzu,Bed and breakfast,1 Stella,1,4,3
2022,Provincia di Nuoro,Jerzu,Bed and breakfast,3 Stelle,1,4,2
2022,Provincia di Sassari,La Maddalena,Affittacamere,,4,28,12
2022,Provincia di Sassari,La Maddalena,Affittacamere,I Categoria,4,49,22
2022,Provincia di Sassari,La Maddalena,Affittacamere,II Categoria,10,85,33
2022,Provincia di Sassari,La Maddalena,Affittacamere,III Categoria,1,11,5
2022,Provincia di Sassari,La Maddalena,Albergo,3 Stelle,10,1244,563
2022,Provincia di Sassari,La Maddalena,Albergo,4 Stelle,2,230,101
2022,Provincia di Sassari,La Maddalena,Albergo,5 Stelle,1,202,92
2022,Provincia di Sassari,La Maddalena,Albergo diffuso,3 Stelle,1,13,8
2022,Provincia di Sassari,La Maddalena,Albergo residenziale,2 Stelle,1,50,18
2022,Provincia di Sassari,La Maddalena,Albergo residenziale,3 Stelle,1,58,19
2022,Provincia di Sassari,La Maddalena,Alloggi privati,,374,1615,671
2022,Provincia di Sassari,La Maddalena,Bed and breakfast,1 Stella,4,22,10
2022,Provincia di Sassari,La Maddalena,Bed and breakfast,2 Stelle,13,62,33
2022,Provincia di Sassari,La Maddalena,Bed and breakfast,3 Stelle,8,41,19
2022,Provincia di Sassari,La Maddalena,Campeggio,1 Stella,1,45,15
2022,Provincia di Sassari,La Maddalena,Campeggio,2 Stelle,1,540,116
2022,Provincia di Sassari,La Maddalena,Campeggio,3 Stelle,1,380,80
2022,Provincia di Sassari,La Maddalena,Case e appartamenti per vacanze,,6,281,46
2022,Provincia di Sassari,La Maddalena,Case e appartamenti per vacanze,I Categoria,1,14,0
2022,Provincia di Sassari,La Maddalena,Case e appartamenti per vacanze,II Categoria,2,61,0
2022,Provincia di Sassari,La Maddalena,Villaggi turistici,2 Stelle,1,202,19
2022,Provincia di Sassari,La Maddalena,Villaggi turistici,3 Stelle,1,227,74
2022,Provincia di Oristano,Laconi,Affittacamere,I Categoria,2,14,7
2022,Provincia di Oristano,Laconi,Affittacamere,II Categoria,1,6,3
2022,Provincia di Oristano,Laconi,Agriturismo,,1,20,10
2022,Provincia di Oristano,Laconi,Bed and breakfast,,3,16,9
2022,Provincia di Oristano,Laconi,Bed and breakfast,1 Stella,1,3,1
2022,Provincia di Oristano,Laconi,Bed and breakfast,2 Stelle,1,6,3
2022,Provincia di Nuoro,Lanusei,Affittacamere,II Categoria,1,9,5
2022,Provincia di Nuoro,Lanusei,Albergo,3 Stelle,3,55,25
2022,Provincia di Nuoro,Lanusei,Albergo,4 Stelle,1,164,77
2022,Provincia di Nuoro,Lanusei,Alloggi privati,,10,42,18
2022,Provincia di Nuoro,Lanusei,Bed and breakfast,1 Stella,5,23,14
2022,Provincia di Nuoro,Lanusei,Bed and breakfast,2 Stelle,1,6,3
2022,Provincia di Nuoro,Lanusei,Case per ferie,III Categoria,1,69,30
2022,Provincia del Sud Sardegna,Las Plassas,Bed and breakfast,3 Stelle,1,3,1
2022,Provincia di Nuoro,Loceri,Albergo diffuso,3 Stelle,1,16,8
2022,Provincia di Nuoro,Loceri,Alloggi privati,,4,17,7
2022,Provincia di Nuoro,Loceri,Bed and breakfast,1 Stella,13,47,23
2022,Provincia di Nuoro,Loceri,Bed and breakfast,2 Stelle,3,15,5
2022,Provincia di Nuoro,Loceri,Bed and breakfast,3 Stelle,1,7,3
2022,Provincia di Nuoro,Loculi,Agriturismo,,2,24,11
2022,Provincia di Nuoro,Loculi,Alloggi privati,,5,21,9
2022,Provincia di Nuoro,Loculi,Bed and breakfast,2 Stelle,1,6,3
2022,Provincia di Nuoro,Lodè,Agriturismo,,2,24,11
2022,Provincia di Nuoro,Lodè,Albergo,2 Stelle,1,20,11
2022,Provincia di Nuoro,Lodine,Bed and breakfast,1 Stella,1,6,3
2022,Provincia di Nuoro,Lodine,Bed and breakfast,3 Stelle,1,6,3
2022,Provincia di Sassari,Loiri Porto San Paolo,Affittacamere,,2,24,11
2022,Provincia di Sassari,Loiri Porto San Paolo,Affittacamere,II Categoria,5,34,15
2022,Provincia di Sassari,Loiri Porto San Paolo,Affittacamere,III Categoria,1,6,3
2022,Provincia di Sassari,Loiri Porto San Paolo,Agriturismo,,4,39,20
2022,Provincia di Sassari,Loiri Porto San Paolo,Albergo,3 Stelle,2,148,64
2022,Provincia di Sassari,Loiri Porto San Paolo,Albergo,4 Stelle,4,341,145
2022,Provincia di Sassari,Loiri Porto San Paolo,Albergo residenziale,3 Stelle,1,98,35
2022,Provincia di Sassari,Loiri Porto San Paolo,Alloggi privati,,139,699,314
2022,Provincia di Sassari,Loiri Porto San Paolo,Bed and breakfast,1 Stella,2,6,3
2022,Provincia di Sassari,Loiri Porto San Paolo,Bed and breakfast,2 Stelle,4,22,11
2022,Provincia di Sassari,Loiri Porto San Paolo,Bed and breakfast,3 Stelle,9,45,23
2022,Provincia di Sassari,Loiri Porto San Paolo,Campeggio,3 Stelle,1,1280,269
2022,Provincia di Sassari,Loiri Porto San Paolo,Case e appartamenti per vacanze,,2,16,6
2022,Provincia di Sassari,Loiri Porto San Paolo,Case e appartamenti per vacanze,I Categoria,2,30,18
2022,Provincia di Sassari,Loiri Porto San Paolo,Case e appartamenti per vacanze,II Categoria,10,445,42
2022,Provincia di Sassari,Loiri Porto San Paolo,Residence,,1,114,20
2022,Provincia di Sassari,Loiri Porto San Paolo,Residence,III Categoria,1,100,0
2022,Provincia di Sassari,Loiri Porto San Paolo,Turismo Rurale,3 Stelle,1,19,10
2022,Provincia di Nuoro,Lotzorai,Affittacamere,II Categoria,3,26,14
2022,Provincia di Nuoro,Lotzorai,Albergo,3 Stelle,3,163,87
2022,Provincia di Nuoro,Lotzorai,Alloggi privati,,42,208,93
2022,Provincia di Nuoro,Lotzorai,Bed and breakfast,1 Stella,2,5,4
2022,Provincia di Nuoro,Lotzorai,Bed and breakfast,2 Stelle,3,13,7
2022,Provincia di Nuoro,Lotzorai,Bed and breakfast,3 Stelle,5,19,10
2022,Provincia di Nuoro,Lotzorai,Campeggio,1 Stella,1,250,125
2022,Provincia di Nuoro,Lotzorai,Campeggio,3 Stelle,4,1580,439
2022,Provincia di Nuoro,Lula,Affittacamere,I Categoria,1,4,2
2022,Provincia di Nuoro,Lula,Affittacamere,II Categoria,1,12,6
2022,Provincia di Nuoro,Lula,Agriturismo,,3,26,12
2022,Provincia di Nuoro,Lula,Bed and breakfast,2 Stelle,1,5,2
2022,Provincia di Nuoro,Lula,Bed and breakfast,3 Stelle,1,5,2
2022,Provincia del Sud Sardegna,Lunamatrona,Alloggi privati,,2,8,4
2022,Provincia del Sud Sardegna,Lunamatrona,Bed and breakfast,3 Stelle,1,3,3
2022,Provincia del Sud Sardegna,Lunamatrona,Campeggio,3 Stelle,1,256,90
2022,Provincia di Sassari,Luogosanto,Agriturismo,,9,92,40
2022,Provincia di Sassari,Luogosanto,Albergo,3 Stelle,1,128,64
2022,Provincia di Sassari,Luogosanto,Alloggi privati,,8,44,22
2022,Provincia di Sassari,Luogosanto,Bed and breakfast,2 Stelle,1,6,2
2022,Provincia di Sassari,Luogosanto,Locanda,II Categoria,1,12,5
2022,Provincia di Sassari,Luogosanto,Turismo Rurale,3 Stelle,1,20,12
2022,Provincia di Sassari,Luras,Affittacamere,,1,4,2
2022,Provincia di Sassari,Luras,Affittacamere,II Categoria,1,11,6
2022,Provincia di Sassari,Luras,Agriturismo,,1,10,5
2022,Provincia di Sassari,Luras,Albergo,4 Stelle,1,20,13
2022,Provincia di Sassari,Luras,Turismo Rurale,3 Stelle,1,20,11
2022,Provincia di Nuoro,Macomer,Affittacamere,II Categoria,1,11,6
2022,Provincia di Nuoro,Macomer,Albergo,1 Stella,1,18,12
2022,Provincia di Nuoro,Macomer,Albergo,2 Stelle,1,25,15
2022,Provincia di Nuoro,Macomer,Albergo,3 Stelle,1,10,9
2022,Provincia di Nuoro,Macomer,Alloggi privati,,1,2,1
2022,Provincia di Nuoro,Macomer,Bed and breakfast,1 Stella,1,3,2
2022,Provincia di Nuoro,Macomer,Bed and breakfast,2 Stelle,1,8,3
2022,Provincia di Nuoro,Macomer,Bed and breakfast,3 Stelle,1,4,2
2022,Provincia di Oristano,Magomadas,Affittacamere,II Categoria,8,74,37
2022,Provincia di Oristano,Magomadas,Albergo,3 Stelle,1,28,15
2022,Provincia di Oristano,Magomadas,Alloggi privati,,40,181,77
2022,Provincia di Oristano,Magomadas,Bed and breakfast,1 Stella,1,2,2
2022,Provincia di Oristano,Magomadas,Bed and breakfast,2 Stelle,1,4,2
2022,Provincia di Oristano,Magomadas,Case e appartamenti per vacanze,II Categoria,1,27,9
2022,Provincia di Nuoro,Mamoiada,Affittacamere,I Categoria,2,20,11
2022,Provincia di Nuoro,Mamoiada,Affittacamere,II Categoria,1,9,5
2022,Provincia di Nuoro,Mamoiada,Agriturismo,,2,17,7
2022,Provincia di Nuoro,Mamoiada,Alloggi privati,,8,62,27
2022,Provincia di Nuoro,Mamoiada,Bed and breakfast,1 Stella,4,23,11
2022,Provincia di Nuoro,Mamoiada,Bed and breakfast,2 Stelle,1,6,3
2022,Provincia di Nuoro,Mamoiada,Bed and breakfast,3 Stelle,1,8,3
2022,Provincia del Sud Sardegna,Mandas,Affittacamere,I Categoria,1,12,5
2022,Provincia del Sud Sardegna,Mandas,Agriturismo,,1,8,4
2022,Provincia del Sud Sardegna,Mandas,Bed and breakfast,,1,3,2
2022,Provincia del Sud Sardegna,Mandas,Bed and breakfast,1 Stella,1,3,2
2022,Provincia del Sud Sardegna,Mandas,Bed and breakfast,3 Stelle,2,9,5
2022,Provincia di Sassari,Mara,Bed and breakfast,3 Stelle,1,6,3
2022,Città metropolitana di Cagliari,Maracalagonis,Affittacamere,,1,5,4
2022,Città metropolitana di Cagliari,Maracalagonis,Affittacamere,II Categoria,1,2,2
2022,Città metropolitana di Cagliari,Maracalagonis,Albergo,3 Stelle,1,30,15
2022,Città metropolitana di Cagliari,Maracalagonis,Alloggi privati,,161,1003,464
2022,Città metropolitana di Cagliari,Maracalagonis,Bed and breakfast,,2,12,6
2022,Città metropolitana di Cagliari,Maracalagonis,Bed and breakfast,1 Stella,2,8,5
2022,Città metropolitana di Cagliari,Maracalagonis,Bed and breakfast,2 Stelle,2,10,5
2022,Città metropolitana di Cagliari,Maracalagonis,Bed and breakfast,3 Stelle,1,2,2
2022,Città metropolitana di Cagliari,Maracalagonis,Case e appartamenti per vacanze,,1,184,0
2022,Città metropolitana di Cagliari,Maracalagonis,Case e appartamenti per vacanze,II Categoria,1,44,10
2022,Città metropolitana di Cagliari,Maracalagonis,Residence,III Categoria,1,140,46
2022,Città metropolitana di Cagliari,Maracalagonis,Villaggio albergo,4 Stelle,1,989,369
2022,Provincia di Oristano,Marrubiu,Agriturismo,,1,12,6
2022,Provincia di Oristano,Marrubiu,Alloggi privati,,6,29,15
2022,Provincia di Oristano,Marrubiu,Bed and breakfast,1 Stella,6,27,13
2022,Provincia di Oristano,Marrubiu,Bed and breakfast,2 Stelle,3,14,8
2022,Provincia di Oristano,Marrubiu,Bed and breakfast,3 Stelle,2,10,5
2022,Provincia di Oristano,Marrubiu,Ostelli per la gioventù,III Categoria,1,20,6
2022,Provincia di Sassari,Martis,Agriturismo,,2,16,6
2022,Provincia di Sassari,Martis,Alloggi privati,,3,22,7
2022,Provincia del Sud Sardegna,Masainas,Affittacamere,II Categoria,1,12,6
2022,Provincia del Sud Sardegna,Masainas,Agriturismo,,1,6,3
2022,Provincia del Sud Sardegna,Masainas,Alloggi privati,,12,44,20
2022,Provincia del Sud Sardegna,Masainas,Bed and breakfast,1 Stella,1,5,3
2022,Provincia del Sud Sardegna,Masainas,Bed and breakfast,3 Stelle,1,8,3
2022,Provincia di Oristano,Masullas,Bed and breakfast,1 Stella,1,5,3
2022,Provincia di Nuoro,Meana Sardo,Agriturismo,,1,8,4
2022,Provincia di Nuoro,Meana Sardo,Bed and breakfast,1 Stella,2,12,6
2022,Provincia di Nuoro,Meana Sardo,Villaggi turistici,2 Stelle,1,32,5
2022,Provincia di Oristano,Milis,Agriturismo,,1,12,6
2022,Provincia di Oristano,Milis,Alloggi privati,,7,34,15
2022,Provincia di Oristano,Milis,Bed and breakfast,1 Stella,1,4,3
2022,Provincia di Oristano,Modolo,Alloggi privati,,12,64,31
2022,Provincia di Oristano,Modolo,Bed and breakfast,1 Stella,2,11,5
2022,Provincia di Oristano,Modolo,Bed and breakfast,3 Stelle,1,6,3
2022,Provincia di Oristano,Mogoro,Alloggi privati,,3,16,8
2022,Provincia di Oristano,Mogoro,Bed and breakfast,1 Stella,1,6,3
2022,Provincia del Sud Sardegna,Monastir,Affittacamere,III Categoria,1,10,5
2022,Provincia del Sud Sardegna,Monastir,Albergo,3 Stelle,1,46,22
2022,Provincia del Sud Sardegna,Monastir,Alloggi privati,,1,6,3
2022,Provincia del Sud Sardegna,Monastir,Bed and breakfast,1 Stella,1,4,3
2022,Provincia del Sud Sardegna,Monastir,Bed and breakfast,3 Stelle,2,8,3
2022,Città metropolitana di Cagliari,Monserrato,Affittacamere,II Categoria,3,25,12
2022,Città metropolitana di Cagliari,Monserrato,Alloggi privati,,29,107,55
2022,Città metropolitana di Cagliari,Monserrato,Bed and breakfast,,3,15,6
2022,Città metropolitana di Cagliari,Monserrato,Bed and breakfast,1 Stella,1,5,2
2022,Città metropolitana di Cagliari,Monserrato,Bed and breakfast,3 Stelle,2,5,3
2022,Provincia di Sassari,Monteleone Rocca Doria,Bed and breakfast,3 Stelle,2,11,2
2022,Provincia di Sassari,Monti,Affittacamere,III Categoria,2,13,8
2022,Provincia di Sassari,Monti,Agriturismo,,8,87,43
2022,Provincia di Sassari,Monti,Alloggi privati,,2,4,2
2022,Provincia di Sassari,Mores,Affittacamere,II Categoria,1,6,4
2022,Provincia di Sassari,Mores,Albergo,3 Stelle,1,20,10
2022,Provincia di Oristano,Morgongiori,Agriturismo,,1,12,5
2022,Provincia del Sud Sardegna,Muravera,Affittacamere,,1,13,6
2022,Provincia del Sud Sardegna,Muravera,Affittacamere,II Categoria,3,34,16
2022,Provincia del Sud Sardegna,Muravera,Affittacamere,III Categoria,1,12,6
2022,Provincia del Sud Sardegna,Muravera,Agriturismo,,3,38,16
2022,Provincia del Sud Sardegna,Muravera,Albergo,1 Stella,1,24,16
2022,Provincia del Sud Sardegna,Muravera,Albergo,2 Stelle,1,26,13
2022,Provincia del Sud Sardegna,Muravera,Albergo,3 Stelle,4,502,245
2022,Provincia del Sud Sardegna,Muravera,Albergo,4 Stelle,6,1137,521
2022,Provincia del Sud Sardegna,Muravera,Albergo residenziale,3 Stelle,1,302,98
2022,Provincia del Sud Sardegna,Muravera,Alloggi privati,,265,1284,541
2022,Provincia del Sud Sardegna,Muravera,Bed and breakfast,,1,6,2
2022,Provincia del Sud Sardegna,Muravera,Bed and breakfast,1 Stella,3,13,7
2022,Provincia del Sud Sardegna,Muravera,Bed and breakfast,2 Stelle,9,39,23
2022,Provincia del Sud Sardegna,Muravera,Bed and breakfast,3 Stelle,5,27,13
2022,Provincia del Sud Sardegna,Muravera,Campeggio,,1,224,56
2022,Provincia del Sud Sardegna,Muravera,Campeggio,3 Stelle,3,1535,364
2022,Provincia del Sud Sardegna,Muravera,Campeggio,4 Stelle,1,1108,286
2022,Provincia del Sud Sardegna,Muravera,Case e appartamenti per vacanze,,3,131,51
2022,Provincia del Sud Sardegna,Muravera,Case e appartamenti per vacanze,I Categoria,1,72,36
2022,Provincia del Sud Sardegna,Muravera,Case e appartamenti per vacanze,II Categoria,14,504,183
2022,Provincia del Sud Sardegna,Muravera,Case e appartamenti per vacanze,III Categoria,1,8,4
2022,Provincia del Sud Sardegna,Muravera,Locanda,II Categoria,1,15,6
2022,Provincia del Sud Sardegna,Muravera,Residence,I Categoria,1,16,8
2022,Provincia del Sud Sardegna,Muravera,Turismo Rurale,3 Stelle,1,20,15
2022,Provincia del Sud Sardegna,Muravera,Turismo Rurale,4 Stelle,1,19,10
2022,Provincia del Sud Sardegna,Muravera,Villaggi turistici,4 Stelle,1,1536,315
2022,Provincia del Sud Sardegna,Muravera,Villaggio albergo,4 Stelle,2,1418,530
2022,Provincia di Sassari,Muros,Bed and breakfast,2 Stelle,1,2,1
2022,Provincia di Oristano,Narbolia,Affittacamere,II Categoria,4,41,19
2022,Provincia di Oristano,Narbolia,Agriturismo,,3,22,11
2022,Provincia di Oristano,Narbolia,Albergo,3 Stelle,9,24,9
2022,Provincia di Oristano,Narbolia,Albergo,5 Stelle,1,332,109
2022,Provincia di Oristano,Narbolia,Alloggi privati,,15,73,31
2022,Provincia di Oristano,Narbolia,Bed and breakfast,2 Stelle,1,9,3
2022,Provincia di Oristano,Narbolia,Campeggio,3 Stelle,2,1436,416
2022,Provincia di Oristano,Narbolia,Case e appartamenti per vacanze,I Categoria,1,108,15
2022,Provincia del Sud Sardegna,Narcao,Agriturismo,,1,4,2
2022,Provincia del Sud Sardegna,Narcao,Albergo,3 Stelle,1,17,9
2022,Provincia del Sud Sardegna,Narcao,Bed and breakfast,1 Stella,1,2,2
2022,Provincia del Sud Sardegna,Narcao,Villaggi turistici,2 Stelle,1,37,23
2022,Provincia di Oristano,Neoneli,Agriturismo,,2,25,17
2022,Provincia di Oristano,Norbello,Campeggio,3 Stelle,1,204,54
2022,Provincia di Sassari,Nughedu San Nicolò,Campeggio,3 Stelle,1,105,29
2022,Provincia di Oristano,Nughedu Santa Vittoria,Bed and breakfast,1 Stella,1,4,2
2022,Provincia di Sassari,Nulvi,Agriturismo,,6,78,37
2022,Provincia di Sassari,Nulvi,Alloggi privati,,4,20,7
2022,Provincia di Sassari,Nulvi,Bed and breakfast,2 Stelle,1,6,3
2022,Provincia di Sassari,Nulvi,Case e appartamenti per vacanze,III Categoria,1,16,4
2022,Provincia di Nuoro,Nuoro,Affittacamere,I Categoria,1,4,2
2022,Provincia di Nuoro,Nuoro,Affittacamere,II Categoria,15,86,44
2022,Provincia di Nuoro,Nuoro,Agriturismo,,4,63,29
2022,Provincia di Nuoro,Nuoro,Albergo,2 Stelle,1,20,13
2022,Provincia di Nuoro,Nuoro,Albergo,3 Stelle,3,279,145
2022,Provincia di Nuoro,Nuoro,Albergo residenziale,3 Stelle,1,24,11
2022,Provincia di Nuoro,Nuoro,Alloggi privati,,29,124,53
2022,Provincia di Nuoro,Nuoro,Bed and breakfast,1 Stella,6,25,13
2022,Provincia di Nuoro,Nuoro,Bed and breakfast,2 Stelle,9,47,21
2022,Provincia di Nuoro,Nuoro,Bed and breakfast,3 Stelle,4,12,5
2022,Provincia di Nuoro,Nuoro,Case e appartamenti per vacanze,II Categoria,2,39,18
2022,Provincia di Nuoro,Nuoro,Ostelli per la gioventù,,2,24,14
2022,Provincia di Nuoro,Nuoro,Residence,I Categoria,1,55,15
2022,Provincia di Oristano,Nurachi,Affittacamere,I Categoria,1,7,4
2022,Provincia di Oristano,Nurachi,Agriturismo,,3,36,16
2022,Provincia di Oristano,Nurachi,Alloggi privati,,26,140,63
2022,Provincia di Oristano,Nurachi,Bed and breakfast,1 Stella,1,6,3
2022,Provincia di Oristano,Nurachi,Bed and breakfast,2 Stelle,1,6,3
2022,Provincia di Oristano,Nurachi,Bed and breakfast,3 Stelle,2,12,5
2022,Provincia di Oristano,Nurachi,Case e appartamenti per vacanze,II Categoria,1,18,6
2022,Provincia del Sud Sardegna,Nuragus,Bed and breakfast,,1,5,3
2022,Provincia del Sud Sardegna,Nuragus,Bed and breakfast,1 Stella,1,3,2
2022,Provincia del Sud Sardegna,Nurallao,Agriturismo,,1,12,6
2022,Provincia del Sud Sardegna,Nurallao,Bed and breakfast,3 Stelle,2,11,4
2022,Provincia del Sud Sardegna,Nuraminis,Albergo,2 Stelle,1,20,10
2022,Provincia del Sud Sardegna,Nuraminis,Alloggi privati,,1,4,2
2022,Provincia del Sud Sardegna,Nuraminis,Bed and breakfast,1 Stella,1,3,3
2022,Provincia di Oristano,Nureci,Bed and breakfast,3 Stelle,1,8,3
2022,Provincia del Sud Sardegna,Nurri,Agriturismo,,1,6,3
2022,Provincia del Sud Sardegna,Nurri,Albergo,3 Stelle,1,20,10
2022,Provincia del Sud Sardegna,Nuxis,Alloggi privati,,1,6,3
2022,Provincia di Sassari,Olbia,Affittacamere,,28,222,99
2022,Provincia di Sassari,Olbia,Affittacamere,I Categoria,10,75,42
2022,Provincia di Sassari,Olbia,Affittacamere,II Categoria,34,257,134
2022,Provincia di Sassari,Olbia,Affittacamere,III Categoria,3,13,8
2022,Provincia di Sassari,Olbia,Agriturismo,,23,225,116
2022,Provincia di Sassari,Olbia,Albergo,1 Stella,1,13,7
2022,Provincia di Sassari,Olbia,Albergo,2 Stelle,2,42,22
2022,Provincia di Sassari,Olbia,Albergo,3 Stelle,16,911,432
2022,Provincia di Sassari,Olbia,Albergo,4 Stelle,32,3610,1909
2022,Provincia di Sassari,Olbia,Albergo,5 Stelle,2,519,247
2022,Provincia di Sassari,Olbia,Albergo diffuso,3 Stelle,1,23,9
2022,Provincia di Sassari,Olbia,Albergo diffuso,4 Stelle,1,14,7
2022,Provincia di Sassari,Olbia,Albergo residenziale,3 Stelle,4,903,235
2022,Provincia di Sassari,Olbia,Alloggi privati,,1115,6077,2258
2022,Provincia di Sassari,Olbia,Bed and breakfast,,1,4,3
2022,Provincia di Sassari,Olbia,Bed and breakfast,1 Stella,24,109,54
2022,Provincia di Sassari,Olbia,Bed and breakfast,2 Stelle,32,146,69
2022,Provincia di Sassari,Olbia,Bed and breakfast,3 Stelle,24,116,56
2022,Provincia di Sassari,Olbia,Boat and Breakfast,,1,3,1
2022,Provincia di Sassari,Olbia,Campeggio,1 Stella,1,36,9
2022,Provincia di Sassari,Olbia,Campeggio,3 Stelle,1,644,120
2022,Provincia di Sassari,Olbia,Case e appartamenti per vacanze,,11,184,49
2022,Provincia di Sassari,Olbia,Case e appartamenti per vacanze,I Categoria,6,849,9
2022,Provincia di Sassari,Olbia,Case e appartamenti per vacanze,II Categoria,23,460,95
2022,Provincia di Sassari,Olbia,Locanda,,1,11,6
2022,Provincia di Sassari,Olbia,Locanda,II Categoria,1,8,3
2022,Provincia di Sassari,Olbia,Residence,II Categoria,1,292,31
2022,Provincia di Sassari,Olbia,Residence,III Categoria,1,120,24
2022,Provincia di Sassari,Olbia,Turismo Rurale,1 Stella,1,20,10
2022,Provincia di Sassari,Olbia,Turismo Rurale,3 Stelle,2,38,19
2022,Provincia di Sassari,Olbia,Turismo Rurale,4 Stelle,2,40,24
2022,Provincia di Sassari,Olbia,Villaggio albergo,2 Stelle,1,130,0
2022,Provincia di Nuoro,Oliena,Affittacamere,II Categoria,1,10,4
2022,Provincia di Nuoro,Oliena,Agriturismo,,2,29,14
2022,Provincia di Nuoro,Oliena,Albergo,3 Stelle,1,32,16
2022,Provincia di Nuoro,Oliena,Albergo,4 Stelle,1,134,67
2022,Provincia di Nuoro,Oliena,Alloggi privati,,40,165,74
2022,Provincia di Nuoro,Oliena,Bed and breakfast,1 Stella,2,6,4
2022,Provincia di Nuoro,Oliena,Bed and breakfast,2 Stelle,5,32,15
2022,Provincia di Nuoro,Oliena,Bed and breakfast,3 Stelle,6,38,15
2022,Provincia di Nuoro,Oliena,Locanda,,1,8,4
2022,Provincia di Nuoro,Oliena,Locanda,II Categoria,1,13,6
2022,Provincia di Oristano,Ollastra,Alloggi privati,,2,6,3
2022,Provincia di Nuoro,Ollolai,Agriturismo,,1,20,11
2022,Provincia di Nuoro,Ollolai,Bed and breakfast,1 Stella,1,4,1
2022,Provincia di Nuoro,Ollolai,Bed and breakfast,2 Stelle,1,3,2
2022,Provincia di Nuoro,Ollolai,Bed and breakfast,3 Stelle,3,15,8
2022,Provincia di Sassari,Olmedo,Affittacamere,II Categoria,2,12,9
2022,Provincia di Sassari,Olmedo,Agriturismo,,5,51,27
2022,Provincia di Sassari,Olmedo,Alloggi privati,,28,136,57
2022,Provincia di Sassari,Olmedo,Bed and breakfast,1 Stella,3,11,7
2022,Provincia di Sassari,Olmedo,Bed and breakfast,2 Stelle,6,28,15
2022,Provincia di Sassari,Olmedo,Bed and breakfast,3 Stelle,3,14,7
2022,Provincia di Sassari,Olmedo,Case e appartamenti per vacanze,III Categoria,1,10,5
2022,Provincia di Nuoro,Olzai,Agriturismo,,1,10,5
2022,Provincia di Nuoro,Onifai,Affittacamere,II Categoria,1,12,6
2022,Provincia di Nuoro,Onifai,Alloggi privati,,10,53,24
2022,Provincia di Nuoro,Oniferi,Agriturismo,,1,12,6
2022,Provincia di Nuoro,Oniferi,Bed and breakfast,,1,6,3
2022,Provincia di Nuoro,Orani,Agriturismo,,1,12,6
2022,Provincia di Nuoro,Orani,Alloggi privati,,3,8,4
2022,Provincia di Nuoro,Orani,Bed and breakfast,1 Stella,1,6,3
2022,Provincia di Nuoro,Orani,Locanda,,1,10,5
2022,Provincia di Nuoro,Orgosolo,Affittacamere,I Categoria,1,11,4
2022,Provincia di Nuoro,Orgosolo,Affittacamere,II Categoria,3,22,12
2022,Provincia di Nuoro,Orgosolo,Agriturismo,,3,23,11
2022,Provincia di Nuoro,Orgosolo,Albergo,2 Stelle,2,55,32
2022,Provincia di Nuoro,Orgosolo,Alloggi privati,,8,49,19
2022,Provincia di Nuoro,Orgosolo,Bed and breakfast,1 Stella,4,19,10
2022,Provincia di Nuoro,Orgosolo,Bed and breakfast,2 Stelle,4,22,11
2022,Provincia di Nuoro,Orgosolo,Bed and breakfast,3 Stelle,1,4,3
2022,Provincia di Nuoro,Orgosolo,Locanda,II Categoria,2,11,6
2022,Provincia di Oristano,Oristano,Affittacamere,I Categoria,1,17,6
2022,Provincia di Oristano,Oristano,Affittacamere,II Categoria,21,169,89
2022,Provincia di Oristano,Oristano,Agriturismo,,3,54,23
2022,Provincia di Oristano,Oristano,Albergo,3 Stelle,3,192,97
2022,Provincia di Oristano,Oristano,Albergo,4 Stelle,3,403,210
2022,Provincia di Oristano,Oristano,Alloggi privati,,234,962,430
2022,Provincia di Oristano,Oristano,Bed and breakfast,1 Stella,8,27,13
2022,Provincia di Oristano,Oristano,Bed and breakfast,2 Stelle,5,24,12
2022,Provincia di Oristano,Oristano,Bed and breakfast,3 Stelle,13,57,28
2022,Provincia di Oristano,Oristano,Boat and Breakfast,,1,6,3
2022,Provincia di Oristano,Oristano,Campeggio,1 Stella,1,200,50
2022,Provincia di Oristano,Oristano,Case e appartamenti per vacanze,II Categoria,12,55,34
2022,Provincia di Oristano,Oristano,Case per ferie,III Categoria,1,40,10
2022,Provincia di Oristano,Oristano,Ostelli per la gioventù,III Categoria,1,138,69
2022,Provincia di Oristano,Oristano,Residence,II Categoria,1,24,10
2022,Provincia di Oristano,Oristano,Villaggi turistici,4 Stelle,1,390,100
2022,Provincia di Nuoro,Orosei,Affittacamere,I Categoria,2,23,12
2022,Provincia di Nuoro,Orosei,Affittacamere,II Categoria,9,86,39
2022,Provincia di Nuoro,Orosei,Agriturismo,,10,117,54
2022,Provincia di Nuoro,Orosei,Albergo,3 Stelle,9,346,168
2022,Provincia di Nuoro,Orosei,Albergo,4 Stelle,7,2199,1017
2022,Provincia di Nuoro,Orosei,Albergo diffuso,4 Stelle,1,44,19
2022,Provincia di Nuoro,Orosei,Albergo residenziale,3 Stelle,5,907,249
2022,Provincia di Nuoro,Orosei,Albergo residenziale,4 Stelle,1,391,176
2022,Provincia di Nuoro,Orosei,Alloggi privati,,476,2295,1037
2022,Provincia di Nuoro,Orosei,Bed and breakfast,1 Stella,2,8,4
2022,Provincia di Nuoro,Orosei,Bed and breakfast,2 Stelle,5,24,13
2022,Provincia di Nuoro,Orosei,Bed and breakfast,3 Stelle,5,34,15
2022,Provincia di Nuoro,Orosei,Campeggio,1 Stella,1,394,88
2022,Provincia di Nuoro,Orosei,Campeggio,2 Stelle,1,340,82
2022,Provincia di Nuoro,Orosei,Campeggio,3 Stelle,2,1880,570
2022,Provincia di Nuoro,Orosei,Case e appartamenti per vacanze,,1,12,5
2022,Provincia di Nuoro,Orosei,Case e appartamenti per vacanze,I Categoria,1,15,6
2022,Provincia di Nuoro,Orosei,Case e appartamenti per vacanze,II Categoria,12,278,116
2022,Provincia di Nuoro,Orosei,Residence,II Categoria,2,261,94
2022,Provincia di Nuoro,Orosei,Turismo Rurale,3 Stelle,1,21,12
2022,Provincia di Nuoro,Orosei,Villaggio albergo,4 Stelle,2,872,391
2022,Provincia di Nuoro,Orotelli,Affittacamere,II Categoria,2,8,4
2022,Provincia del Sud Sardegna,Orroli,Albergo diffuso,3 Stelle,1,23,11
2022,Provincia del Sud Sardegna,Orroli,Alloggi privati,,1,6,3
2022,Provincia del Sud Sardegna,Orroli,Bed and breakfast,2 Stelle,1,6,3
2022,Provincia del Sud Sardegna,Orroli,Bed and breakfast,3 Stelle,1,6,3
2022,Provincia del Sud Sardegna,Orroli,Turismo Rurale,1 Stella,1,18,9
2022,Provincia del Sud Sardegna,Orroli,Turismo Rurale,2 Stelle,1,20,7
2022,Provincia di Nuoro,Ortueri,Albergo,1 Stella,1,13,8
2022,Provincia di Sassari,Oschiri,Affittacamere,I Categoria,1,7,3
2022,Provincia di Sassari,Oschiri,Alloggi privati,,2,8,2
2022,Provincia di Sassari,Oschiri,Bed and breakfast,2 Stelle,1,8,3
2022,Provincia di Sassari,Oschiri,Turismo Rurale,2 Stelle,1,15,8
2022,Provincia di Nuoro,Osidda,Agriturismo,,1,12,6
2022,Provincia di Nuoro,Osidda,Bed and breakfast,2 Stelle,1,8,3
2022,Provincia di Sassari,Osilo,Affittacamere,,1,11,6
2022,Provincia di Sassari,Osilo,Affittacamere,II Categoria,2,5,2
2022,Provincia di Sassari,Osilo,Alloggi privati,,2,9,4
2022,Provincia di Sassari,Osilo,Bed and breakfast,,1,14,0
2022,Provincia di Nuoro,Osini,Agriturismo,,1,9,4
2022,Provincia di Nuoro,Osini,Albergo,3 Stelle,2,38,22
2022,Provincia di Nuoro,Osini,Bed and breakfast,1 Stella,1,6,3
2022,Provincia di Nuoro,Osini,Bed and breakfast,3 Stelle,1,2,1
2022,Provincia di Nuoro,Osini,Campeggio,2 Stelle,1,80,20
2022,Provincia di Sassari,Ossi,Affittacamere,,2,15,6
2022,Provincia di Sassari,Ossi,Affittacamere,II Categoria,1,4,1
2022,Provincia di Sassari,Ossi,Alloggi privati,,1,5,1
2022,Provincia di Sassari,Ossi,Bed and breakfast,2 Stelle,1,1,1
2022,Provincia di Nuoro,Ottana,Albergo,2 Stelle,2,39,34
2022,Provincia di Nuoro,Ottana,Alloggi privati,,1,8,4
2022,Provincia di Nuoro,Ovodda,Agriturismo,,2,13,6
2022,Provincia di Nuoro,Ovodda,Bed and breakfast,3 Stelle,1,6,3
2022,Provincia di Sassari,Ozieri,Affittacamere,III Categoria,1,13,6
2022,Provincia di Sassari,Ozieri,Agriturismo,,1,11,5
2022,Provincia di Sassari,Ozieri,Albergo,3 Stelle,1,28,14
2022,Provincia di Sassari,Ozieri,Alloggi privati,,2,6,5
2022,Provincia di Sassari,Ozieri,Bed and breakfast,1 Stella,2,7,4
2022,Provincia di Sassari,Ozieri,Bed and breakfast,2 Stelle,5,24,13
2022,Provincia di Sassari,Ozieri,Bed and breakfast,3 Stelle,3,16,8
2022,Provincia di Sassari,Ozieri,Case e appartamenti per vacanze,II Categoria,1,12,3
2022,Provincia del Sud Sardegna,Pabillonis,Alloggi privati,,1,6,3
2022,Provincia del Sud Sardegna,Pabillonis,Bed and breakfast,1 Stella,2,11,5
2022,Provincia di Sassari,Padria,Agriturismo,,1,16,4
2022,Provincia di Sassari,Padria,Alloggi privati,,1,6,3
2022,Provincia di Sassari,Padru,Agriturismo,,13,167,88
2022,Provincia di Sassari,Padru,Albergo,2 Stelle,1,18,9
2022,Provincia di Sassari,Padru,Alloggi privati,,7,32,15
2022,Provincia di Sassari,Padru,Bed and breakfast,2 Stelle,1,6,3
2022,Provincia di Sassari,Palau,Affittacamere,I Categoria,4,26,13
2022,Provincia di Sassari,Palau,Affittacamere,II Categoria,4,30,14
2022,Provincia di Sassari,Palau,Affittacamere,III Categoria,1,8,6
2022,Provincia di Sassari,Palau,Agriturismo,,1,18,8
2022,Provincia di Sassari,Palau,Albergo,3 Stelle,6,321,153
2022,Provincia di Sassari,Palau,Albergo,4 Stelle,5,1865,723
2022,Provincia di Sassari,Palau,Albergo,5 Stelle,1,200,64
2022,Provincia di Sassari,Palau,Albergo residenziale,3 Stelle,3,338,47
2022,Provincia di Sassari,Palau,Alloggi privati,,411,1981,761
2022,Provincia di Sassari,Palau,Bed and breakfast,1 Stella,4,18,8
2022,Provincia di Sassari,Palau,Bed and breakfast,2 Stelle,4,18,9
2022,Provincia di Sassari,Palau,Bed and breakfast,3 Stelle,12,65,31
2022,Provincia di Sassari,Palau,Campeggio,3 Stelle,4,3426,975
2022,Provincia di Sassari,Palau,Case e appartamenti per vacanze,,2,231,77
2022,Provincia di Sassari,Palau,Case e appartamenti per vacanze,I Categoria,2,96,10
2022,Provincia di Sassari,Palau,Case e appartamenti per vacanze,II Categoria,12,1002,38
2022,Provincia di Sassari,Palau,Locanda,I Categoria,1,13,6
2022,Provincia di Sassari,Palau,Residence,II Categoria,2,277,70
2022,Provincia di Sassari,Palau,Turismo Rurale,3 Stelle,1,16,8
2022,Provincia di Oristano,Palmas Arborea,Agriturismo,,3,40,20
2022,Provincia di Oristano,Palmas Arborea,Bed and breakfast,1 Stella,1,4,2
2022,Provincia di Sassari,Pattada,Agriturismo,,1,12,6
2022,Provincia di Sassari,Pattada,Albergo,3 Stelle,2,93,39
2022,Provincia del Sud Sardegna,Pauli Arbarei,Affittacamere,II Categoria,1,12,5
2022,Provincia del Sud Sardegna,Pauli Arbarei,Agriturismo,,1,12,6
2022,Provincia di Oristano,Paulilatino,Affittacamere,II Categoria,2,16,9
2022,Provincia di Oristano,Paulilatino,Alloggi privati,,4,15,7
2022,Provincia di Oristano,Paulilatino,Bed and breakfast,2 Stelle,1,2,1
2022,Provincia di Oristano,Paulilatino,Case per ferie,III Categoria,1,7,4
2022,Provincia di Nuoro,Perdasdefogu,Bed and breakfast,1 Stella,2,10,5
2022,Provincia di Nuoro,Perdasdefogu,Bed and breakfast,2 Stelle,1,2,1
2022,Provincia del Sud Sardegna,Perdaxius,Alloggi privati,,1,2,1
2022,Provincia di Sassari,Perfugas,Agriturismo,,2,17,9
2022,Provincia di Sassari,Perfugas,Albergo,2 Stelle,1,18,9
2022,Provincia di Sassari,Perfugas,Alloggi privati,,3,19,6
2022,Provincia di Sassari,Perfugas,Bed and breakfast,1 Stella,1,5,3
2022,Provincia di Sassari,Perfugas,Bed and breakfast,2 Stelle,1,6,3
2022,Provincia di Sassari,Perfugas,Bed and breakfast,3 Stelle,1,6,3
2022,Provincia del Sud Sardegna,Piscinas,Affittacamere,II Categoria,2,15,7
2022,Provincia del Sud Sardegna,Piscinas,Affittacamere,III Categoria,1,10,5
2022,Provincia del Sud Sardegna,Piscinas,Bed and breakfast,1 Stella,1,6,2
2022,Provincia di Sassari,Ploaghe,Alloggi privati,,1,4,2
2022,Provincia di Sassari,Ploaghe,Bed and breakfast,1 Stella,3,14,5
2022,Provincia di Sassari,Ploaghe,Bed and breakfast,3 Stelle,2,12,6
2022,Provincia di Sassari,Porto Torres,Affittacamere,,7,50,28
2022,Provincia di Sassari,Porto Torres,Affittacamere,I Categoria,3,20,10
2022,Provincia di Sassari,Porto Torres,Affittacamere,II Categoria,8,63,33
2022,Provincia di Sassari,Porto Torres,Agriturismo,,3,43,20
2022,Provincia di Sassari,Porto Torres,Albergo,3 Stelle,2,126,64
2022,Provincia di Sassari,Porto Torres,Albergo,4 Stelle,1,87,36
2022,Provincia di Sassari,Porto Torres,Albergo residenziale,3 Stelle,1,35,12
2022,Provincia di Sassari,Porto Torres,Alloggi privati,,90,398,167
2022,Provincia di Sassari,Porto Torres,Bed and breakfast,1 Stella,1,6,3
2022,Provincia di Sassari,Porto Torres,Bed and breakfast,2 Stelle,6,28,12
2022,Provincia di Sassari,Porto Torres,Bed and breakfast,3 Stelle,3,9,6
2022,Provincia di Sassari,Porto Torres,Case e appartamenti per vacanze,II Categoria,4,85,31
2022,Provincia di Sassari,Porto Torres,Ostelli per la gioventù,III Categoria,1,20,4
2022,Provincia del Sud Sardegna,Portoscuso,Affittacamere,I Categoria,1,8,4
2022,Provincia del Sud Sardegna,Portoscuso,Affittacamere,II Categoria,1,9,5
2022,Provincia del Sud Sardegna,Portoscuso,Albergo,3 Stelle,2,115,55
2022,Provincia del Sud Sardegna,Portoscuso,Albergo,4 Stelle,2,80,41
2022,Provincia del Sud Sardegna,Portoscuso,Alloggi privati,,45,186,82
2022,Provincia del Sud Sardegna,Portoscuso,Bed and breakfast,1 Stella,5,22,10
2022,Provincia del Sud Sardegna,Portoscuso,Bed and breakfast,2 Stelle,2,10,4
2022,Provincia del Sud Sardegna,Portoscuso,Bed and breakfast,3 Stelle,5,26,13
2022,Provincia di Nuoro,Posada,Affittacamere,I Categoria,2,18,11
2022,Provincia di Nuoro,Posada,Affittacamere,II Categoria,8,50,26
2022,Provincia di Nuoro,Posada,Affittacamere,III Categoria,1,10,5
2022,Provincia di Nuoro,Posada,Agriturismo,,3,40,22
2022,Provincia di Nuoro,Posada,Albergo,2 Stelle,2,43,21
2022,Provincia di Nuoro,Posada,Albergo,3 Stelle,3,96,51
2022,Provincia di Nuoro,Posada,Albergo,4 Stelle,2,126,67
2022,Provincia di Nuoro,Posada,Alloggi privati,,61,277,131
2022,Provincia di Nuoro,Posada,Bed and breakfast,,1,2,1
2022,Provincia di Nuoro,Posada,Bed and breakfast,1 Stella,4,16,8
2022,Provincia di Nuoro,Posada,Bed and breakfast,2 Stelle,5,22,11
2022,Provincia di Nuoro,Posada,Bed and breakfast,3 Stelle,7,40,21
2022,Provincia di Nuoro,Posada,Campeggio,2 Stelle,1,552,138
2022,Provincia di Nuoro,Posada,Case e appartamenti per vacanze,II Categoria,1,19,12
2022,Provincia di Sassari,Pozzomaggiore,Alloggi privati,,2,7,2
2022,Provincia di Sassari,Pozzomaggiore,Bed and breakfast,1 Stella,2,11,5
2022,Provincia di Sassari,Pozzomaggiore,Bed and breakfast,2 Stelle,1,4,2
2022,Provincia di Sassari,Pozzomaggiore,Bed and breakfast,3 Stelle,1,6,3
2022,Città metropolitana di Cagliari,Pula,Affittacamere,II Categoria,10,68,39
2022,Città metropolitana di Cagliari,Pula,Agriturismo,,2,17,11
2022,Città metropolitana di Cagliari,Pula,Albergo,1 Stella,2,27,16
2022,Città metropolitana di Cagliari,Pula,Albergo,3 Stelle,6,232,118
2022,Città metropolitana di Cagliari,Pula,Albergo,4 Stelle,16,2679,1196
2022,Città metropolitana di Cagliari,Pula,Albergo,5 Stelle,5,1124,475
2022,Città metropolitana di Cagliari,Pula,Albergo residenziale,2 Stelle,1,64,26
2022,Città metropolitana di Cagliari,Pula,Albergo residenziale,3 Stelle,4,242,68
2022,Città metropolitana di Cagliari,Pula,Albergo residenziale,4 Stelle,1,173,45
2022,Città metropolitana di Cagliari,Pula,Alloggi privati,,415,2122,996
2022,Città metropolitana di Cagliari,Pula,Bed and breakfast,,20,93,47
2022,Città metropolitana di Cagliari,Pula,Bed and breakfast,1 Stella,1,4,2
2022,Città metropolitana di Cagliari,Pula,Bed and breakfast,2 Stelle,2,13,6
2022,Città metropolitana di Cagliari,Pula,Bed and breakfast,3 Stelle,2,10,5
2022,Città metropolitana di Cagliari,Pula,Campeggio,,1,350,90
2022,Città metropolitana di Cagliari,Pula,Campeggio,2 Stelle,1,720,159
2022,Città metropolitana di Cagliari,Pula,Campeggio,3 Stelle,1,399,119
2022,Città metropolitana di Cagliari,Pula,Case e appartamenti per vacanze,,1,23,12
2022,Città metropolitana di Cagliari,Pula,Case e appartamenti per vacanze,II Categoria,3,660,158
2022,Città metropolitana di Cagliari,Pula,Ostelli per la gioventù,III Categoria,1,83,21
2022,Città metropolitana di Cagliari,Pula,Turismo Rurale,2 Stelle,1,25,10
2022,Città metropolitana di Cagliari,Pula,Turismo Rurale,3 Stelle,1,67,32
2022,Provincia di Sassari,Putifigari,Affittacamere,I Categoria,1,6,3
2022,Provincia di Sassari,Putifigari,Agriturismo,,1,8,4
2022,Provincia di Sassari,Putifigari,Alloggi privati,,3,19,8
2022,Città metropolitana di Cagliari,Quartu Sant'Elena,Affittacamere,,1,5,3
2022,Città metropolitana di Cagliari,Quartu Sant'Elena,Affittacamere,I Categoria,7,74,30
2022,Città metropolitana di Cagliari,Quartu Sant'Elena,Affittacamere,II Categoria,14,98,51
2022,Città metropolitana di Cagliari,Quartu Sant'Elena,Affittacamere,III Categoria,2,19,10
2022,Città metropolitana di Cagliari,Quartu Sant'Elena,Agriturismo,,1,4,2
2022,Città metropolitana di Cagliari,Quartu Sant'Elena,Albergo,1 Stella,1,18,13
2022,Città metropolitana di Cagliari,Quartu Sant'Elena,Albergo,2 Stelle,2,31,22
2022,Città metropolitana di Cagliari,Quartu Sant'Elena,Albergo,3 Stelle,2,40,22
2022,Città metropolitana di Cagliari,Quartu Sant'Elena,Albergo,4 Stelle,3,1215,522
2022,Città metropolitana di Cagliari,Quartu Sant'Elena,Albergo residenziale,3 Stelle,1,198,83
2022,Città metropolitana di Cagliari,Quartu Sant'Elena,Alloggi privati,,531,2499,1094
2022,Città metropolitana di Cagliari,Quartu Sant'Elena,Bed and breakfast,,37,165,88
2022,Città metropolitana di Cagliari,Quartu Sant'Elena,Bed and breakfast,1 Stella,6,20,12
2022,Città metropolitana di Cagliari,Quartu Sant'Elena,Bed and breakfast,3 Stelle,7,39,18
2022,Città metropolitana di Cagliari,Quartu Sant'Elena,Campeggio,3 Stelle,1,400,113
2022,Città metropolitana di Cagliari,Quartu Sant'Elena,Case e appartamenti per vacanze,II Categoria,3,91,38
2022,Città metropolitana di Cagliari,Quartu Sant'Elena,Residence,,1,81,30
2022,Città metropolitana di Cagliari,Quartu Sant'Elena,Turismo Rurale,3 Stelle,1,78,39
2022,Città metropolitana di Cagliari,Quartucciu,Affittacamere,,1,17,5
2022,Città metropolitana di Cagliari,Quartucciu,Affittacamere,II Categoria,2,19,7
2022,Città metropolitana di Cagliari,Quartucciu,Agriturismo,,1,6,4
2022,Città metropolitana di Cagliari,Quartucciu,Albergo,3 Stelle,2,83,42
2022,Città metropolitana di Cagliari,Quartucciu,Alloggi privati,,17,81,40
2022,Città metropolitana di Cagliari,Quartucciu,Bed and breakfast,,10,35,17
2022,Città metropolitana di Cagliari,Quartucciu,Bed and breakfast,1 Stella,1,3,2
2022,Città metropolitana di Cagliari,Quartucciu,Bed and breakfast,2 Stelle,1,4,2
2022,Città metropolitana di Cagliari,Quartucciu,Bed and breakfast,3 Stelle,1,5,3
2022,Provincia di Oristano,Riola Sardo,Affittacamere,II Categoria,2,24,12
2022,Provincia di Oristano,Riola Sardo,Affittacamere,III Categoria,1,6,4
2022,Provincia di Oristano,Riola Sardo,Agriturismo,,9,135,61
2022,Provincia di Oristano,Riola Sardo,Albergo,3 Stelle,1,17,7
2022,Provincia di Oristano,Riola Sardo,Alloggi privati,,27,123,54
2022,Provincia di Oristano,Riola Sardo,Bed and breakfast,1 Stella,1,4,2
2022,Provincia di Oristano,Riola Sardo,Bed and breakfast,3 Stelle,1,3,3
2022,Provincia di Oristano,Riola Sardo,Case e appartamenti per vacanze,II Categoria,1,23,7
2022,Provincia di Sassari,Romana,Agriturismo,,1,20,12
2022,Provincia di Oristano,Ruinas,Alloggi privati,,2,6,2
2022,Provincia del Sud Sardegna,Sadali,Affittacamere,I Categoria,1,12,5
2022,Provincia del Sud Sardegna,Sadali,Affittacamere,II Categoria,2,26,12
2022,Provincia del Sud Sardegna,Sadali,Alloggi privati,,1,4,2
2022,Provincia di Oristano,Sagama,Agriturismo,,1,22,7
2022,Provincia di Oristano,Sagama,Alloggi privati,,1,4,2
2022,Provincia di Oristano,Sagama,Bed and breakfast,1 Stella,1,5,2
2022,Provincia del Sud Sardegna,Samassi,Alloggi privati,,1,6,3
2022,Provincia di Oristano,Samugheo,Affittacamere,II Categoria,1,9,6
2022,Provincia di Oristano,Samugheo,Agriturismo,,2,22,12
2022,Provincia di Oristano,Samugheo,Alloggi privati,,1,5,3
2022,Provincia di Oristano,Samugheo,Bed and breakfast,1 Stella,4,11,6
2022,Provincia del Sud Sardegna,San Basilio,Bed and breakfast,,1,6,0
2022,Provincia del Sud Sardegna,San Gavino Monreale,Albergo,1 Stella,1,19,16
2022,Provincia del Sud Sardegna,San Gavino Monreale,Albergo,3 Stelle,1,13,10
2022,Provincia del Sud Sardegna,San Gavino Monreale,Bed and breakfast,1 Stella,2,6,4
2022,Provincia del Sud Sardegna,San Gavino Monreale,Bed and breakfast,3 Stelle,1,4,2
2022,Provincia del Sud Sardegna,San Giovanni Suergiu,Agriturismo,,2,34,14
2022,Provincia del Sud Sardegna,San Giovanni Suergiu,Albergo,3 Stelle,1,20,12
2022,Provincia del Sud Sardegna,San Giovanni Suergiu,Alloggi privati,,31,146,71
2022,Provincia del Sud Sardegna,San Giovanni Suergiu,Bed and breakfast,1 Stella,2,3,3
2022,Provincia del Sud Sardegna,San Giovanni Suergiu,Bed and breakfast,3 Stelle,1,10,3
2022,Provincia del Sud Sardegna,San Giovanni Suergiu,Case e appartamenti per vacanze,II Categoria,1,9,4
2022,Provincia del Sud Sardegna,San Giovanni Suergiu,Case e appartamenti per vacanze,III Categoria,2,48,18
2022,Provincia di Oristano,San Nicolò D'Arcidano,Agriturismo,,1,12,5
2022,Provincia di Oristano,San Nicolò D'Arcidano,Alloggi privati,,3,9,4
2022,Provincia del Sud Sardegna,San Nicolò Gerrei,Bed and breakfast,1 Stella,1,6,3
2022,Provincia del Sud Sardegna,San Sperate,Albergo,3 Stelle,1,23,15
2022,Provincia del Sud Sardegna,San Sperate,Alloggi privati,,8,32,16
2022,Provincia del Sud Sardegna,San Sperate,Bed and breakfast,,3,16,8
2022,Provincia del Sud Sardegna,San Sperate,Bed and breakfast,2 Stelle,1,2,1
2022,Provincia del Sud Sardegna,San Sperate,Bed and breakfast,3 Stelle,1,7,3
2022,Provincia di Sassari,San Teodoro,Affittacamere,,14,110,46
2022,Provincia di Sassari,San Teodoro,Affittacamere,I Categoria,9,84,39
2022,Provincia di Sassari,San Teodoro,Affittacamere,II Categoria,22,244,71
2022,Provincia di Sassari,San Teodoro,Agriturismo,,3,49,30
2022,Provincia di Sassari,San Teodoro,Albergo,2 Stelle,1,25,15
2022,Provincia di Sassari,San Teodoro,Albergo,3 Stelle,14,861,486
2022,Provincia di Sassari,San Teodoro,Albergo,4 Stelle,5,1099,470
2022,Provincia di Sassari,San Teodoro,Albergo,5 Stelle,2,434,176
2022,Provincia di Sassari,San Teodoro,Albergo,5 Stelle Lusso,1,292,100
2022,Provincia di Sassari,San Teodoro,Albergo residenziale,3 Stelle,2,929,225
2022,Provincia di Sassari,San Teodoro,Albergo residenziale,4 Stelle,2,314,203
2022,Provincia di Sassari,San Teodoro,Alloggi privati,,821,4223,1614
2022,Provincia di Sassari,San Teodoro,Bed and breakfast,1 Stella,6,26,11
2022,Provincia di Sassari,San Teodoro,Bed and breakfast,2 Stelle,10,51,25
2022,Provincia di Sassari,San Teodoro,Bed and breakfast,3 Stelle,18,100,40
2022,Provincia di Sassari,San Teodoro,Campeggio,3 Stelle,3,1770,596
2022,Provincia di Sassari,San Teodoro,Case e appartamenti per vacanze,,8,222,65
2022,Provincia di Sassari,San Teodoro,Case e appartamenti per vacanze,I Categoria,11,659,112
2022,Provincia di Sassari,San Teodoro,Case e appartamenti per vacanze,II Categoria,30,1646,421
2022,Provincia di Sassari,San Teodoro,Residence,III Categoria,1,57,0
2022,Provincia di Sassari,San Teodoro,Villaggio albergo,4 Stelle,1,328,127
2022,Provincia di Oristano,San Vero Milis,Agriturismo,,10,128,63
2022,Provincia di Oristano,San Vero Milis,Albergo,3 Stelle,1,24,9
2022,Provincia di Oristano,San Vero Milis,Albergo,4 Stelle,2,96,47
2022,Provincia di Oristano,San Vero Milis,Albergo residenziale,2 Stelle,1,20,11
2022,Provincia di Oristano,San Vero Milis,Alloggi privati,,152,771,356
2022,Provincia di Oristano,San Vero Milis,Bed and breakfast,1 Stella,2,6,5
2022,Provincia di Oristano,San Vero Milis,Bed and breakfast,3 Stelle,4,20,10
2022,Provincia di Oristano,San Vero Milis,Case e appartamenti per vacanze,II Categoria,1,10,5
2022,Provincia di Oristano,San Vero Milis,Locanda,II Categoria,1,14,5
2022,Provincia del Sud Sardegna,San Vito,Affittacamere,I Categoria,2,17,10
2022,Provincia del Sud Sardegna,San Vito,Albergo,2 Stelle,1,48,25
2022,Provincia del Sud Sardegna,San Vito,Alloggi privati,,11,57,28
2022,Provincia del Sud Sardegna,San Vito,Bed and breakfast,1 Stella,1,4,2
2022,Provincia del Sud Sardegna,San Vito,Bed and breakfast,2 Stelle,1,2,1
2022,Provincia del Sud Sardegna,San Vito,Bed and breakfast,3 Stelle,7,36,17
2022,Provincia del Sud Sardegna,San Vito,Case e appartamenti per vacanze,,1,7,4
2022,Provincia del Sud Sardegna,Sanluri,Affittacamere,II Categoria,1,4,3
2022,Provincia del Sud Sardegna,Sanluri,Agriturismo,,1,14,5
2022,Provincia del Sud Sardegna,Sanluri,Albergo,3 Stelle,2,93,51
2022,Provincia del Sud Sardegna,Sanluri,Alloggi privati,,2,14,7
2022,Provincia di Oristano,Santa Giusta,Agriturismo,,2,13,7
2022,Provincia di Oristano,Santa Giusta,Alloggi privati,,7,29,12
2022,Provincia di Oristano,Santa Giusta,Bed and breakfast,1 Stella,1,3,2
2022,Provincia di Oristano,Santa Giusta,Bed and breakfast,2 Stelle,2,12,5
2022,Provincia di Sassari,Santa Maria Coghinas,Agriturismo,,2,18,9
2022,Provincia di Sassari,Santa Maria Coghinas,Albergo,4 Stelle,2,142,60
2022,Provincia di Sassari,Santa Maria Coghinas,Alloggi privati,,7,40,15
2022,Provincia di Sassari,Santa Maria Coghinas,Bed and breakfast,3 Stelle,2,14,5
2022,Provincia di Sassari,Santa Maria Coghinas,Case e appartamenti per vacanze,II Categoria,2,68,26
2022,Provincia di Sassari,Santa Teresa Gallura,Affittacamere,,5,30,15
2022,Provincia di Sassari,Santa Teresa Gallura,Affittacamere,I Categoria,7,60,27
2022,Provincia di Sassari,Santa Teresa Gallura,Affittacamere,II Categoria,12,104,49
2022,Provincia di Sassari,Santa Teresa Gallura,Agriturismo,,4,24,14
2022,Provincia di Sassari,Santa Teresa Gallura,Albergo,2 Stelle,2,50,26
2022,Provincia di Sassari,Santa Teresa Gallura,Albergo,3 Stelle,16,3294,1007
2022,Provincia di Sassari,Santa Teresa Gallura,Albergo,4 Stelle,7,1336,490
2022,Provincia di Sassari,Santa Teresa Gallura,Albergo,5 Stelle,3,850,390
2022,Provincia di Sassari,Santa Teresa Gallura,Albergo residenziale,4 Stelle,1,216,52
2022,Provincia di Sassari,Santa Teresa Gallura,Alloggi privati,,495,2219,821
2022,Provincia di Sassari,Santa Teresa Gallura,Alloggi privati,1 Stella,1,4,3
2022,Provincia di Sassari,Santa Teresa Gallura,Alloggi privati,2 Stelle,1,6,3
2022,Provincia di Sassari,Santa Teresa Gallura,Bed and breakfast,1 Stella,4,18,7
2022,Provincia di Sassari,Santa Teresa Gallura,Bed and breakfast,2 Stelle,9,54,22
2022,Provincia di Sassari,Santa Teresa Gallura,Bed and breakfast,3 Stelle,13,62,31
2022,Provincia di Sassari,Santa Teresa Gallura,Campeggio,3 Stelle,2,1324,266
2022,Provincia di Sassari,Santa Teresa Gallura,Case e appartamenti per vacanze,,4,93,26
2022,Provincia di Sassari,Santa Teresa Gallura,Case e appartamenti per vacanze,I Categoria,2,29,0
2022,Provincia di Sassari,Santa Teresa Gallura,Case e appartamenti per vacanze,II Categoria,10,294,101
2022,Provincia di Sassari,Santa Teresa Gallura,Case e appartamenti per vacanze,III Categoria,1,60,180
2022,Provincia di Sassari,Santa Teresa Gallura,Locanda,II Categoria,1,6,3
2022,Provincia di Sassari,Santa Teresa Gallura,Residence,II Categoria,3,336,0
2022,Provincia di Sassari,Santa Teresa Gallura,Turismo Rurale,3 Stelle,1,12,8
2022,Provincia del Sud Sardegna,Santadi,Agriturismo,,2,20,11
2022,Provincia del Sud Sardegna,Santadi,Albergo,4 Stelle,1,33,11
2022,Provincia del Sud Sardegna,Santadi,Alloggi privati,,3,16,8
2022,Provincia del Sud Sardegna,Santadi,Bed and breakfast,2 Stelle,1,6,2
2022,Provincia del Sud Sardegna,Santadi,Bed and breakfast,3 Stelle,1,7,3
2022,Provincia del Sud Sardegna,Sant'Andrea Frius,Bed and breakfast,,1,5,3
2022,Provincia del Sud Sardegna,Sant'Anna Arresi,Affittacamere,II Categoria,4,31,18
2022,Provincia del Sud Sardegna,Sant'Anna Arresi,Albergo,3 Stelle,4,193,101
2022,Provincia del Sud Sardegna,Sant'Anna Arresi,Albergo,4 Stelle,2,427,201
2022,Provincia del Sud Sardegna,Sant'Anna Arresi,Alloggi privati,,132,595,272
2022,Provincia del Sud Sardegna,Sant'Anna Arresi,Bed and breakfast,1 Stella,3,13,7
2022,Provincia del Sud Sardegna,Sant'Anna Arresi,Bed and breakfast,2 Stelle,4,20,11
2022,Provincia del Sud Sardegna,Sant'Anna Arresi,Bed and breakfast,3 Stelle,4,18,9
2022,Provincia del Sud Sardegna,Sant'Anna Arresi,Campeggio,1 Stella,1,360,98
2022,Provincia del Sud Sardegna,Sant'Anna Arresi,Case e appartamenti per vacanze,I Categoria,1,12,6
2022,Provincia del Sud Sardegna,Sant'Anna Arresi,Case e appartamenti per vacanze,II Categoria,2,55,18
2022,Provincia del Sud Sardegna,Sant'Anna Arresi,Locanda,I Categoria,1,10,6
2022,Provincia del Sud Sardegna,Sant'Antioco,Affittacamere,I Categoria,1,12,6
2022,Provincia del Sud Sardegna,Sant'Antioco,Affittacamere,II Categoria,10,62,36
2022,Provincia del Sud Sardegna,Sant'Antioco,Agriturismo,,2,34,18
2022,Provincia del Sud Sardegna,Sant'Antioco,Albergo,2 Stelle,1,25,15
2022,Provincia del Sud Sardegna,Sant'Antioco,Albergo,3 Stelle,6,186,92
2022,Provincia del Sud Sardegna,Sant'Antioco,Albergo,4 Stelle,2,139,69
2022,Provincia del Sud Sardegna,Sant'Antioco,Alloggi privati,,341,1529,675
2022,Provincia del Sud Sardegna,Sant'Antioco,Bed and breakfast,1 Stella,10,46,22
2022,Provincia del Sud Sardegna,Sant'Antioco,Bed and breakfast,2 Stelle,10,44,20
2022,Provincia del Sud Sardegna,Sant'Antioco,Bed and breakfast,3 Stelle,18,104,49
2022,Provincia del Sud Sardegna,Sant'Antioco,Campeggio,3 Stelle,1,708,176
2022,Provincia del Sud Sardegna,Sant'Antioco,Case e appartamenti per vacanze,II Categoria,5,157,83
2022,Provincia del Sud Sardegna,Sant'Antioco,Locanda,III Categoria,1,7,4
2022,Provincia del Sud Sardegna,Sant'Antioco,Ostelli per la gioventù,,1,89,32
2022,Provincia di Sassari,Sant'Antonio Di Gallura,Agriturismo,,2,15,6
2022,Provincia di Sassari,Sant'Antonio Di Gallura,Albergo,3 Stelle,1,30,15
2022,Provincia di Sassari,Sant'Antonio Di Gallura,Albergo,4 Stelle,2,60,36
2022,Provincia di Sassari,Sant'Antonio Di Gallura,Alloggi privati,,5,24,10
2022,Provincia di Sassari,Sant'Antonio Di Gallura,Locanda,II Categoria,1,8,3
2022,Provincia di Oristano,Santu Lussurgiu,Agriturismo,,1,24,10
2022,Provincia di Oristano,Santu Lussurgiu,Albergo,2 Stelle,1,22,12
2022,Provincia di Oristano,Santu Lussurgiu,Albergo diffuso,3 Stelle,4,67,28
2022,Provincia di Oristano,Santu Lussurgiu,Alloggi privati,,13,67,32
2022,Provincia di Oristano,Santu Lussurgiu,Bed and breakfast,1 Stella,1,2,2
2022,Provincia di Oristano,Santu Lussurgiu,Bed and breakfast,2 Stelle,3,14,9
2022,Provincia di Oristano,Santu Lussurgiu,Bed and breakfast,3 Stelle,3,14,6
2022,Provincia di Oristano,Santu Lussurgiu,Case e appartamenti per vacanze,II Categoria,2,16,7
2022,Provincia del Sud Sardegna,Sardara,Albergo,2 Stelle,2,59,28
2022,Provincia del Sud Sardegna,Sardara,Albergo,3 Stelle,2,280,135
2022,Provincia del Sud Sardegna,Sardara,Albergo,4 Stelle,1,15,7
2022,Provincia del Sud Sardegna,Sardara,Alloggi privati,,2,7,4
2022,Provincia del Sud Sardegna,Sardara,Bed and breakfast,1 Stella,2,10,6
2022,Provincia del Sud Sardegna,Sardara,Bed and breakfast,3 Stelle,4,17,7
2022,Città metropolitana di Cagliari,Sarroch,Affittacamere,III Categoria,1,10,5
2022,Città metropolitana di Cagliari,Sarroch,Albergo,1 Stella,1,25,14
2022,Città metropolitana di Cagliari,Sarroch,Albergo,2 Stelle,1,24,15
2022,Città metropolitana di Cagliari,Sarroch,Alloggi privati,,61,356,171
2022,Città metropolitana di Cagliari,Sarroch,Bed and breakfast,,2,11,6
2022,Città metropolitana di Cagliari,Sarroch,Bed and breakfast,1 Stella,2,13,5
2022,Città metropolitana di Cagliari,Sarroch,Bed and breakfast,3 Stelle,3,23,9
2022,Città metropolitana di Cagliari,Sarroch,Case e appartamenti per vacanze,II Categoria,1,10,6
2022,Provincia di Nuoro,Sarule,Affittacamere,II Categoria,1,4,2
2022,Provincia di Nuoro,Sarule,Agriturismo,,1,20,9
2022,Provincia di Nuoro,Sarule,Bed and breakfast,1 Stella,1,6,3
2022,Provincia di Nuoro,Sarule,Bed and breakfast,2 Stelle,1,6,3
2022,Provincia di Sassari,Sassari,Affittacamere,,9,67,33
2022,Provincia di Sassari,Sassari,Affittacamere,I Categoria,5,43,18
2022,Provincia di Sassari,Sassari,Affittacamere,II Categoria,21,150,77
2022,Provincia di Sassari,Sassari,Affittacamere,III Categoria,1,6,3
2022,Provincia di Sassari,Sassari,Agriturismo,,31,315,162
2022,Provincia di Sassari,Sassari,Albergo,2 Stelle,2,66,35
2022,Provincia di Sassari,Sassari,Albergo,3 Stelle,3,443,234
2022,Provincia di Sassari,Sassari,Albergo,4 Stelle,3,431,269
2022,Provincia di Sassari,Sassari,Alloggi privati,,185,819,353
2022,Provincia di Sassari,Sassari,Bed and breakfast,1 Stella,11,47,24
2022,Provincia di Sassari,Sassari,Bed and breakfast,2 Stelle,22,96,48
2022,Provincia di Sassari,Sassari,Bed and breakfast,3 Stelle,12,75,30
2022,Provincia di Sassari,Sassari,Case e appartamenti per vacanze,II Categoria,3,30,15
2022,Provincia di Sassari,Sassari,Case e appartamenti per vacanze,III Categoria,1,43,12
2022,Provincia di Sassari,Sassari,Case per ferie,III Categoria,2,35,29
2022,Provincia di Sassari,Sassari,Ostelli per la gioventù,III Categoria,1,60,30
2022,Provincia di Sassari,Sassari,Residence,II Categoria,1,13,13
2022,Provincia di Oristano,Scano Di Montiferro,Agriturismo,,1,10,5
2022,Provincia di Oristano,Scano Di Montiferro,Alloggi privati,,12,64,34
2022,Provincia di Oristano,Scano Di Montiferro,Bed and breakfast,3 Stelle,1,6,3
2022,Provincia di Oristano,Sedilo,Affittacamere,II Categoria,2,13,6
2022,Provincia di Oristano,Sedilo,Alloggi privati,,1,3,1
2022,Provincia di Oristano,Sedilo,Bed and breakfast,1 Stella,3,14,8
2022,Provincia di Sassari,Sedini,Agriturismo,,1,7,3
2022,Provincia di Sassari,Sedini,Alloggi privati,,5,26,12
2022,Provincia di Sassari,Sedini,Bed and breakfast,2 Stelle,1,9,3
2022,Città metropolitana di Cagliari,Selargius,Affittacamere,II Categoria,2,10,6
2022,Città metropolitana di Cagliari,Selargius,Albergo,3 Stelle,1,147,87
2022,Città metropolitana di Cagliari,Selargius,Albergo,4 Stelle,1,117,63
2022,Città metropolitana di Cagliari,Selargius,Alloggi privati,,25,102,48
2022,Città metropolitana di Cagliari,Selargius,Bed and breakfast,,6,21,13
2022,Città metropolitana di Cagliari,Selargius,Bed and breakfast,1 Stella,1,4,2
2022,Città metropolitana di Cagliari,Selargius,Bed and breakfast,2 Stelle,1,2,1
2022,Città metropolitana di Cagliari,Selargius,Bed and breakfast,3 Stelle,1,1,1
2022,Provincia di Oristano,Seneghe,Alloggi privati,,5,25,11
2022,Provincia di Oristano,Seneghe,Bed and breakfast,1 Stella,1,6,3
2022,Provincia di Oristano,Seneghe,Bed and breakfast,2 Stelle,1,4,2
2022,Provincia di Oristano,Seneghe,Bed and breakfast,3 Stelle,1,6,3
2022,Provincia di Oristano,Sennariolo,Agriturismo,,2,34,17
2022,Provincia di Oristano,Sennariolo,Alloggi privati,,2,12,6
2022,Provincia di Oristano,Sennariolo,Bed and breakfast,2 Stelle,1,6,3
2022,Provincia di Oristano,Sennariolo,Locanda,II Categoria,1,12,6
2022,Provincia di Sassari,Sennori,Albergo,2 Stelle,1,17,9
2022,Provincia di Sassari,Sennori,Alloggi privati,,10,49,18
2022,Provincia di Sassari,Sennori,Bed and breakfast,2 Stelle,2,10,4
2022,Provincia del Sud Sardegna,Senorbì,Albergo,3 Stelle,1,24,12
2022,Provincia del Sud Sardegna,Senorbì,Alloggi privati,,4,16,8
2022,Provincia del Sud Sardegna,Senorbì,Bed and breakfast,1 Stella,1,5,2
2022,Provincia del Sud Sardegna,Senorbì,Bed and breakfast,2 Stelle,3,12,7
2022,Provincia del Sud Sardegna,Serdiana,Alloggi privati,,3,13,5
2022,Provincia del Sud Sardegna,Serdiana,Bed and breakfast,,1,1,1
2022,Provincia del Sud Sardegna,Serdiana,Bed and breakfast,2 Stelle,1,6,3
2022,Provincia del Sud Sardegna,Serramanna,Alloggi privati,,4,16,8
2022,Provincia del Sud Sardegna,Serrenti,Albergo,2 Stelle,1,18,11
2022,Provincia del Sud Sardegna,Serrenti,Bed and breakfast,1 Stella,1,3,2
2022,Provincia del Sud Sardegna,Serri,Affittacamere,II Categoria,1,8,4
2022,Provincia del Sud Sardegna,Serri,Agriturismo,,1,6,4
2022,Provincia del Sud Sardegna,Serri,Alloggi privati,,1,10,4
2022,Provincia del Sud Sardegna,Serri,Bed and breakfast,,2,9,5
2022,Provincia del Sud Sardegna,Serri,Bed and breakfast,2 Stelle,1,4,3
2022,Città metropolitana di Cagliari,Sestu,Affittacamere,II Categoria,4,18,11
2022,Città metropolitana di Cagliari,Sestu,Agriturismo,,1,16,8
2022,Città metropolitana di Cagliari,Sestu,Alloggi privati,,13,52,26
2022,Città metropolitana di Cagliari,Sestu,Bed and breakfast,,2,9,5
2022,Città metropolitana di Cagliari,Sestu,Bed and breakfast,1 Stella,2,8,6
2022,Città metropolitana di Cagliari,Settimo San Pietro,Albergo,2 Stelle,1,20,7
2022,Città metropolitana di Cagliari,Settimo San Pietro,Alloggi privati,,3,14,5
2022,Città metropolitana di Cagliari,Settimo San Pietro,Bed and breakfast,2 Stelle,1,3,1
2022,Città metropolitana di Cagliari,Settimo San Pietro,Bed and breakfast,3 Stelle,1,5,3
2022,Provincia del Sud Sardegna,Seui,Alloggi privati,,1,4,2
2022,Provincia del Sud Sardegna,Seui,Bed and breakfast,1 Stella,1,6,3
2022,Provincia del Sud Sardegna,Seulo,Agriturismo,,1,14,8
2022,Provincia del Sud Sardegna,Seulo,Albergo,2 Stelle,1,22,10
2022,Provincia del Sud Sardegna,Seulo,Alloggi privati,,1,8,4
2022,Provincia del Sud Sardegna,Seulo,Bed and breakfast,3 Stelle,1,6,2
2022,Provincia di Oristano,Siamaggiore,Agriturismo,,3,40,18
2022,Provincia di Oristano,Siamaggiore,Alloggi privati,,2,8,3
2022,Provincia di Oristano,Siamaggiore,Locanda,II Categoria,1,9,4
2022,Provincia di Oristano,Siamanna,Agriturismo,,1,8,4
2022,Provincia di Oristano,Siamanna,Alloggi privati,,2,12,5
2022,Provincia di Oristano,Siapiccia,Alloggi privati,,2,10,5
2022,Provincia del Sud Sardegna,Siddi,Affittacamere,II Categoria,1,6,3
2022,Provincia di Nuoro,Silanus,Agriturismo,,1,12,3
2022,Provincia di Nuoro,Silanus,Bed and breakfast,3 Stelle,1,6,3
2022,Provincia del Sud Sardegna,Siliqua,Agriturismo,,1,11,7
2022,Provincia del Sud Sardegna,Siliqua,Alloggi privati,,1,6,3
2022,Provincia del Sud Sardegna,Siliqua,Bed and breakfast,1 Stella,1,4,2
2022,Provincia del Sud Sardegna,Siliqua,Bed and breakfast,3 Stelle,1,7,2
2022,Provincia di Oristano,Simaxis,Agriturismo,,2,22,10
2022,Provincia di Oristano,Simaxis,Alloggi privati,,5,22,10
2022,Provincia di Oristano,Simaxis,Bed and breakfast,1 Stella,1,4,2
2022,Provincia di Nuoro,Sindia,Agriturismo,,2,29,10
2022,Provincia di Oristano,Sini,Agriturismo,,1,8,3
2022,Provincia di Oristano,Sini,Bed and breakfast,1 Stella,2,13,6
2022,Provincia di Nuoro,Siniscola,Affittacamere,,1,12,6
2022,Provincia di Nuoro,Siniscola,Affittacamere,II Categoria,10,88,47
2022,Provincia di Nuoro,Siniscola,Affittacamere,III Categoria,2,15,8
2022,Provincia di Nuoro,Siniscola,Agriturismo,,12,157,80
2022,Provincia di Nuoro,Siniscola,Albergo,3 Stelle,5,150,76
2022,Provincia di Nuoro,Siniscola,Albergo,4 Stelle,1,391,184
2022,Provincia di Nuoro,Siniscola,Alloggi privati,,198,929,415
2022,Provincia di Nuoro,Siniscola,Bed and breakfast,,2,10,5
2022,Provincia di Nuoro,Siniscola,Bed and breakfast,1 Stella,7,28,14
2022,Provincia di Nuoro,Siniscola,Bed and breakfast,2 Stelle,8,41,20
2022,Provincia di Nuoro,Siniscola,Bed and breakfast,3 Stelle,18,82,39
2022,Provincia di Nuoro,Siniscola,Campeggio,3 Stelle,3,1620,519
2022,Provincia di Nuoro,Siniscola,Case e appartamenti per vacanze,,1,8,5
2022,Provincia di Nuoro,Siniscola,Case e appartamenti per vacanze,II Categoria,2,39,16
2022,Provincia di Nuoro,Siniscola,Case e appartamenti per vacanze,III Categoria,1,20,12
2022,Provincia di Nuoro,Siniscola,Locanda,II Categoria,2,16,8
2022,Provincia di Nuoro,Siniscola,Ostelli per la gioventù,III Categoria,1,29,7
2022,Provincia di Nuoro,Siniscola,Residence,II Categoria,1,16,8
2022,Provincia di Nuoro,Siniscola,Turismo Rurale,3 Stelle,3,56,24
2022,Provincia di Nuoro,Siniscola,Villaggi turistici,2 Stelle,1,12,4
2022,Provincia di Nuoro,Siniscola,Villaggio albergo,4 Stelle,1,40,20
2022,Città metropolitana di Cagliari,Sinnai,Affittacamere,I Categoria,1,3,3
2022,Città metropolitana di Cagliari,Sinnai,Affittacamere,II Categoria,4,40,16
2022,Città metropolitana di Cagliari,Sinnai,Agriturismo,,1,4,5
2022,Città metropolitana di Cagliari,Sinnai,Albergo,3 Stelle,3,143,54
2022,Città metropolitana di Cagliari,Sinnai,Albergo residenziale,3 Stelle,1,114,32
2022,Città metropolitana di Cagliari,Sinnai,Alloggi privati,,108,617,279
2022,Città metropolitana di Cagliari,Sinnai,Bed and breakfast,,11,57,31
2022,Città metropolitana di Cagliari,Sinnai,Bed and breakfast,1 Stella,2,4,3
2022,Città metropolitana di Cagliari,Sinnai,Bed and breakfast,3 Stelle,2,10,5
2022,Città metropolitana di Cagliari,Sinnai,Case per ferie,III Categoria,2,136,50
2022,Provincia del Sud Sardegna,Siurgus Donigala,Bed and breakfast,3 Stelle,1,6,2
2022,Provincia del Sud Sardegna,Siurgus Donigala,Locanda,,1,14,6
2022,Provincia di Oristano,Solarussa,Affittacamere,II Categoria,2,21,7
2022,Provincia di Oristano,Solarussa,Alloggi privati,,4,21,10
2022,Provincia del Sud Sardegna,Soleminis,Alloggi privati,,3,10,5
2022,Provincia di Nuoro,Sorgono,Affittacamere,II Categoria,3,17,11
2022,Provincia di Nuoro,Sorgono,Agriturismo,,2,22,10
2022,Provincia di Nuoro,Sorgono,Albergo,2 Stelle,1,24,14
2022,Provincia di Nuoro,Sorgono,Bed and breakfast,1 Stella,1,5,2
2022,Provincia di Nuoro,Sorgono,Bed and breakfast,2 Stelle,3,8,6
2022,Provincia di Nuoro,Sorgono,Bed and breakfast,3 Stelle,4,14,9
2022,Provincia di Oristano,Sorradile,Affittacamere,II Categoria,1,6,3
2022,Provincia di Sassari,Sorso,Affittacamere,,3,34,16
2022,Provincia di Sassari,Sorso,Affittacamere,I Categoria,1,13,6
2022,Provincia di Sassari,Sorso,Affittacamere,II Categoria,3,29,15
2022,Provincia di Sassari,Sorso,Affittacamere,III Categoria,2,12,3
2022,Provincia di Sassari,Sorso,Agriturismo,,1,12,6
2022,Provincia di Sassari,Sorso,Albergo,3 Stelle,3,550,236
2022,Provincia di Sassari,Sorso,Albergo,4 Stelle,2,1156,448
2022,Provincia di Sassari,Sorso,Alloggi privati,,79,435,211
2022,Provincia di Sassari,Sorso,Bed and breakfast,1 Stella,2,16,6
2022,Provincia di Sassari,Sorso,Bed and breakfast,2 Stelle,3,23,8
2022,Provincia di Sassari,Sorso,Bed and breakfast,3 Stelle,6,35,13
2022,Provincia di Sassari,Sorso,Campeggio,4 Stelle,2,1997,685
2022,Provincia di Sassari,Sorso,Case e appartamenti per vacanze,II Categoria,3,54,20
2022,Provincia di Sassari,Sorso,Turismo Rurale,3 Stelle,1,20,18
2022,Provincia di Sassari,Stintino,Affittacamere,,7,54,30
2022,Provincia di Sassari,Stintino,Affittacamere,I Categoria,1,9,6
2022,Provincia di Sassari,Stintino,Affittacamere,II Categoria,6,49,28
2022,Provincia di Sassari,Stintino,Agriturismo,,5,54,29
2022,Provincia di Sassari,Stintino,Albergo,2 Stelle,1,18,8
2022,Provincia di Sassari,Stintino,Albergo,3 Stelle,5,226,113
2022,Provincia di Sassari,Stintino,Albergo,4 Stelle,5,1589,515
2022,Provincia di Sassari,Stintino,Albergo residenziale,3 Stelle,5,2920,622
2022,Provincia di Sassari,Stintino,Alloggi privati,,252,1231,515
2022,Provincia di Sassari,Stintino,Alloggi privati,2 Stelle,1,2,1
2022,Provincia di Sassari,Stintino,Bed and breakfast,1 Stella,2,6,4
2022,Provincia di Sassari,Stintino,Bed and breakfast,2 Stelle,7,32,17
2022,Provincia di Sassari,Stintino,Bed and breakfast,3 Stelle,5,25,11
2022,Provincia di Sassari,Stintino,Boat and Breakfast,,2,8,4
2022,Provincia di Sassari,Stintino,Case e appartamenti per vacanze,,5,365,126
2022,Provincia di Sassari,Stintino,Case e appartamenti per vacanze,II Categoria,3,59,25
2022,Provincia di Sassari,Stintino,Case e appartamenti per vacanze,III Categoria,1,40,14
2022,Provincia di Sassari,Stintino,Turismo Rurale,2 Stelle,1,20,9
2022,Provincia del Sud Sardegna,Suelli,Agriturismo,,1,13,9
2022,Provincia del Sud Sardegna,Suelli,Alloggi privati,,1,2,1
2022,Provincia del Sud Sardegna,Suelli,Bed and breakfast,2 Stelle,2,6,3
2022,Provincia di Oristano,Suni,Agriturismo,,1,20,10
2022,Provincia di Oristano,Suni,Alloggi privati,,9,44,23
2022,Provincia di Oristano,Suni,Bed and breakfast,2 Stelle,1,4,2
2022,Provincia di Oristano,Suni,Bed and breakfast,3 Stelle,1,6,3
2022,Provincia di Nuoro,Talana,Affittacamere,II Categoria,2,10,4
2022,Provincia di Nuoro,Talana,Albergo,3 Stelle,1,20,10
2022,Provincia di Nuoro,Talana,Alloggi privati,,1,6,3
2022,Provincia di Sassari,Telti,Agriturismo,,2,14,7
2022,Provincia di Sassari,Telti,Alloggi privati,,14,72,27
2022,Provincia di Sassari,Telti,Bed and breakfast,1 Stella,3,14,7
2022,Provincia di Sassari,Telti,Bed and breakfast,2 Stelle,6,36,14
2022,Provincia di Sassari,Tempio Pausania,Affittacamere,,1,3,6
2022,Provincia di Sassari,Tempio Pausania,Affittacamere,I Categoria,1,12,6
2022,Provincia di Sassari,Tempio Pausania,Affittacamere,II Categoria,2,8,6
2022,Provincia di Sassari,Tempio Pausania,Agriturismo,,6,56,29
2022,Provincia di Sassari,Tempio Pausania,Albergo,3 Stelle,4,270,129
2022,Provincia di Sassari,Tempio Pausania,Albergo,4 Stelle,1,41,18
2022,Provincia di Sassari,Tempio Pausania,Alloggi privati,,37,169,69
2022,Provincia di Sassari,Tempio Pausania,Bed and breakfast,1 Stella,4,18,11
2022,Provincia di Sassari,Tempio Pausania,Bed and breakfast,2 Stelle,7,31,13
2022,Provincia di Sassari,Tempio Pausania,Bed and breakfast,3 Stelle,1,6,3
2022,Provincia di Sassari,Tempio Pausania,Case e appartamenti per vacanze,II Categoria,2,45,0
2022,Provincia di Sassari,Tempio Pausania,Locanda,III Categoria,1,12,4
2022,Provincia di Sassari,Tempio Pausania,Turismo Rurale,3 Stelle,3,47,20
2022,Provincia di Sassari,Tergu,Affittacamere,II Categoria,1,9,5
2022,Provincia di Sassari,Tergu,Agriturismo,,1,8,4
2022,Provincia di Sassari,Tergu,Alloggi privati,,4,20,14
2022,Provincia di Sassari,Tergu,Case e appartamenti per vacanze,,1,77,43
2022,Provincia di Sassari,Tergu,Case e appartamenti per vacanze,II Categoria,1,84,28
2022,Provincia di Sassari,Tergu,Case e appartamenti per vacanze,III Categoria,1,9,3
2022,Provincia di Sassari,Tergu,Turismo Rurale,3 Stelle,1,18,12
2022,Provincia di Oristano,Terralba,Affittacamere,I Categoria,1,12,6
2022,Provincia di Oristano,Terralba,Albergo,1 Stella,1,9,8
2022,Provincia di Oristano,Terralba,Albergo,2 Stelle,1,14,9
2022,Provincia di Oristano,Terralba,Alloggi privati,,10,45,22
2022,Provincia di Oristano,Terralba,Bed and breakfast,1 Stella,6,22,13
2022,Provincia di Nuoro,Tertenia,Agriturismo,,1,3,1
2022,Provincia di Nuoro,Tertenia,Albergo,3 Stelle,2,40,21
2022,Provincia di Nuoro,Tertenia,Albergo residenziale,4 Stelle,1,20,13
2022,Provincia di Nuoro,Tertenia,Alloggi privati,,101,497,229
2022,Provincia di Nuoro,Tertenia,Campeggio,3 Stelle,1,85,40
2022,Provincia di Nuoro,Tertenia,Case e appartamenti per vacanze,II Categoria,1,108,54
2022,Provincia di Nuoro,Tertenia,Villaggio albergo,4 Stelle,1,83,43
2022,Provincia di Nuoro,Teti,Affittacamere,I Categoria,1,6,3
2022,Provincia di Nuoro,Teti,Agriturismo,,4,50,33
2022,Provincia del Sud Sardegna,Teulada,Affittacamere,II Categoria,4,24,13
2022,Provincia del Sud Sardegna,Teulada,Agriturismo,,3,36,18
2022,Provincia del Sud Sardegna,Teulada,Albergo,3 Stelle,3,116,65
2022,Provincia del Sud Sardegna,Teulada,Albergo residenziale,4 Stelle,1,197,45
2022,Provincia del Sud Sardegna,Teulada,Alloggi privati,,102,453,203
2022,Provincia del Sud Sardegna,Teulada,Bed and breakfast,1 Stella,2,9,4
2022,Provincia del Sud Sardegna,Teulada,Bed and breakfast,2 Stelle,3,12,5
2022,Provincia del Sud Sardegna,Teulada,Bed and breakfast,3 Stelle,17,102,48
2022,Provincia del Sud Sardegna,Teulada,Case e appartamenti per vacanze,II Categoria,3,72,22
2022,Provincia del Sud Sardegna,Teulada,Case e appartamenti per vacanze,III Categoria,1,9,4
2022,Provincia di Sassari,Thiesi,Agriturismo,,1,4,2
2022,Provincia di Sassari,Thiesi,Albergo,3 Stelle,1,31,15
2022,Provincia di Sassari,Thiesi,Alloggi privati,,2,9,4
2022,Provincia di Sassari,Thiesi,Bed and breakfast,2 Stelle,1,6,3
2022,Provincia di Sassari,Thiesi,Bed and breakfast,3 Stelle,1,2,1
2022,Provincia di Sassari,Tissi,Alloggi privati,,2,6,3
2022,Provincia di Nuoro,Tonara,Affittacamere,I Categoria,1,8,5
2022,Provincia di Nuoro,Tonara,Agriturismo,,3,35,21
2022,Provincia di Nuoro,Tonara,Albergo,1 Stella,1,10,7
2022,Provincia di Nuoro,Tonara,Albergo,2 Stelle,1,24,14
2022,Provincia di Nuoro,Tonara,Albergo,3 Stelle,1,22,11
2022,Provincia di Nuoro,Tonara,Alloggi privati,,1,5,2
2022,Provincia di Nuoro,Tonara,Bed and breakfast,2 Stelle,1,2,2
2022,Provincia di Nuoro,Tonara,Campeggio,1 Stella,1,210,55
2022,Provincia di Nuoro,Torpè,Affittacamere,,1,12,6
2022,Provincia di Nuoro,Torpè,Affittacamere,I Categoria,1,2,2
2022,Provincia di Nuoro,Torpè,Affittacamere,II Categoria,2,22,12
2022,Provincia di Nuoro,Torpè,Affittacamere,III Categoria,1,8,4
2022,Provincia di Nuoro,Torpè,Agriturismo,,3,45,18
2022,Provincia di Nuoro,Torpè,Alloggi privati,,11,58,26
2022,Provincia di Nuoro,Torpè,Bed and breakfast,1 Stella,3,9,5
2022,Provincia di Nuoro,Torpè,Bed and breakfast,2 Stelle,3,13,7
2022,Provincia di Nuoro,Torpè,Bed and breakfast,3 Stelle,2,12,6
2022,Provincia di Nuoro,Torpè,Turismo Rurale,3 Stelle,4,45,23
2022,Provincia di Sassari,Torralba,Bed and breakfast,2 Stelle,1,2,2
2022,Provincia di Nuoro,Tortolì,Affittacamere,I Categoria,1,12,6
2022,Provincia di Nuoro,Tortolì,Affittacamere,II Categoria,15,124,68
2022,Provincia di Nuoro,Tortolì,Agriturismo,,2,30,15
2022,Provincia di Nuoro,Tortolì,Albergo,2 Stelle,1,28,14
2022,Provincia di Nuoro,Tortolì,Albergo,3 Stelle,7,296,129
2022,Provincia di Nuoro,Tortolì,Albergo,4 Stelle,6,483,237
2022,Provincia di Nuoro,Tortolì,Albergo residenziale,3 Stelle,2,133,36
2022,Provincia di Nuoro,Tortolì,Alloggi privati,,196,915,404
2022,Provincia di Nuoro,Tortolì,Bed and breakfast,1 Stella,10,42,24
2022,Provincia di Nuoro,Tortolì,Bed and breakfast,2 Stelle,4,16,10
2022,Provincia di Nuoro,Tortolì,Bed and breakfast,3 Stelle,17,93,44
2022,Provincia di Nuoro,Tortolì,Boat and Breakfast,,2,10,5
2022,Provincia di Nuoro,Tortolì,Campeggio,3 Stelle,2,1112,279
2022,Provincia di Nuoro,Tortolì,Campeggio,4 Stelle,1,656,206
2022,Provincia di Nuoro,Tortolì,Case e appartamenti per vacanze,I Categoria,3,62,20
2022,Provincia di Nuoro,Tortolì,Case e appartamenti per vacanze,II Categoria,10,142,56
2022,Provincia di Nuoro,Tortolì,Locanda,II Categoria,3,35,17
2022,Provincia di Nuoro,Tortolì,Residence,I Categoria,1,32,11
2022,Provincia di Nuoro,Tortolì,Villaggi turistici,3 Stelle,2,1024,234
2022,Provincia di Nuoro,Tortolì,Villaggio albergo,4 Stelle,3,2301,991
2022,Provincia di Oristano,Tramatza,Affittacamere,II Categoria,1,6,3
2022,Provincia di Oristano,Tramatza,Agriturismo,,1,14,7
2022,Provincia di Oristano,Tramatza,Albergo,2 Stelle,1,27,14
2022,Provincia di Oristano,Tramatza,Alloggi privati,,1,11,5
2022,Provincia di Oristano,Tramatza,Bed and breakfast,3 Stelle,1,2,2
2022,Provincia del Sud Sardegna,Tratalias,Agriturismo,,5,69,34
2022,Provincia del Sud Sardegna,Tratalias,Alloggi privati,,3,10,4
2022,Provincia del Sud Sardegna,Tratalias,Bed and breakfast,1 Stella,1,3,2
2022,Provincia di Oristano,Tresnuraghes,Affittacamere,II Categoria,1,10,3
2022,Provincia di Oristano,Tresnuraghes,Agriturismo,,2,30,13
2022,Provincia di Oristano,Tresnuraghes,Albergo,2 Stelle,1,16,9
2022,Provincia di Oristano,Tresnuraghes,Albergo,3 Stelle,1,48,22
2022,Provincia di Oristano,Tresnuraghes,Albergo diffuso,3 Stelle,4,110,44
2022,Provincia di Oristano,Tresnuraghes,Alloggi privati,,58,281,133
2022,Provincia di Oristano,Tresnuraghes,Bed and breakfast,1 Stella,1,6,3
2022,Provincia di Oristano,Tresnuraghes,Case e appartamenti per vacanze,II Categoria,1,18,9
2022,Provincia di Nuoro,Triei,Affittacamere,II Categoria,1,5,3
2022,Provincia di Nuoro,Triei,Agriturismo,,1,21,10
2022,Provincia di Nuoro,Triei,Alloggi privati,,8,38,17
2022,Provincia di Nuoro,Triei,Bed and breakfast,2 Stelle,3,12,8
2022,Provincia di Sassari,Trinità D'Agultu E Vignola,Affittacamere,II Categoria,2,10,6
2022,Provincia di Sassari,Trinità D'Agultu E Vignola,Agriturismo,,2,47,17
2022,Provincia di Sassari,Trinità D'Agultu E Vignola,Albergo,2 Stelle,2,25,17
2022,Provincia di Sassari,Trinità D'Agultu E Vignola,Albergo,3 Stelle,2,60,29
2022,Provincia di Sassari,Trinità D'Agultu E Vignola,Albergo,4 Stelle,4,740,305
2022,Provincia di Sassari,Trinità D'Agultu E Vignola,Albergo,5 Stelle,1,662,219
2022,Provincia di Sassari,Trinità D'Agultu E Vignola,Alloggi privati,,153,767,289
2022,Provincia di Sassari,Trinità D'Agultu E Vignola,Bed and breakfast,1 Stella,1,1,1
2022,Provincia di Sassari,Trinità D'Agultu E Vignola,Bed and breakfast,3 Stelle,1,4,0
2022,Provincia di Sassari,Trinità D'Agultu E Vignola,Case e appartamenti per vacanze,,1,44,0
2022,Provincia di Sassari,Trinità D'Agultu E Vignola,Case e appartamenti per vacanze,I Categoria,1,48,22
2022,Provincia di Sassari,Trinità D'Agultu E Vignola,Case e appartamenti per vacanze,II Categoria,8,1723,591
2022,Provincia di Sassari,Trinità D'Agultu E Vignola,Case e appartamenti per vacanze,III Categoria,1,60,0
2022,Provincia di Sassari,Trinità D'Agultu E Vignola,Residence,I Categoria,1,345,115
2022,Provincia del Sud Sardegna,Tuili,Agriturismo,,1,10,5
2022,Provincia del Sud Sardegna,Tuili,Bed and breakfast,1 Stella,1,3,2
2022,Provincia del Sud Sardegna,Tuili,Bed and breakfast,2 Stelle,3,13,6
2022,Provincia di Sassari,Tula,Agriturismo,,2,32,14
2022,Provincia di Sassari,Tula,Bed and breakfast,1 Stella,1,5,3
2022,Provincia di Sassari,Tula,Bed and breakfast,2 Stelle,2,5,6
2022,Provincia di Sassari,Tula,Turismo Rurale,3 Stelle,1,20,12
2022,Provincia del Sud Sardegna,Turri,Agriturismo,,1,16,8
2022,Provincia di Oristano,Ulà Tirso,Agriturismo,,1,10,5
2022,Provincia di Nuoro,Ulassai,Affittacamere,II Categoria,2,13,8
2022,Provincia di Nuoro,Ulassai,Albergo,3 Stelle,1,24,13
2022,Provincia di Nuoro,Ulassai,Alloggi privati,,8,45,19
2022,Provincia di Nuoro,Ulassai,Bed and breakfast,1 Stella,2,10,5
2022,Provincia di Nuoro,Ulassai,Bed and breakfast,2 Stelle,1,4,2
2022,Provincia di Nuoro,Ulassai,Campeggio,1 Stella,1,75,25
2022,Provincia di Oristano,Uras,Agriturismo,,2,16,9
2022,Provincia di Oristano,Uras,Alloggi privati,,1,4,2
2022,Provincia di Oristano,Uras,Bed and breakfast,1 Stella,3,10,6
2022,Provincia di Oristano,Uras,Bed and breakfast,3 Stelle,1,8,3
2022,Provincia di Sassari,Uri,Albergo,3 Stelle,1,29,15
2022,Provincia di Sassari,Uri,Alloggi privati,,2,9,4
2022,Provincia di Sassari,Uri,Bed and breakfast,2 Stelle,2,10,5
2022,Provincia di Nuoro,Urzulei,Albergo,3 Stelle,1,70,36
2022,Provincia di Nuoro,Urzulei,Alloggi privati,,4,15,7
2022,Provincia di Nuoro,Urzulei,Bed and breakfast,1 Stella,2,8,5
2022,Provincia di Nuoro,Urzulei,Bed and breakfast,3 Stelle,1,4,2
2022,Provincia di Nuoro,Urzulei,Campeggio,1 Stella,1,44,11
2022,Provincia di Sassari,Usini,Alloggi privati,,1,2,1
2022,Provincia di Sassari,Usini,Bed and breakfast,1 Stella,1,6,3
2022,Provincia di Sassari,Usini,Bed and breakfast,2 Stelle,1,2,1
2022,Provincia di Sassari,Usini,Bed and breakfast,3 Stelle,1,2,1
2022,Provincia del Sud Sardegna,Ussana,Alloggi privati,,2,9,4
2022,Provincia del Sud Sardegna,Ussana,Bed and breakfast,,1,4,2
2022,Provincia di Nuoro,Ussassai,Alloggi privati,,1,5,2
2022,Provincia di Nuoro,Ussassai,Bed and breakfast,1 Stella,4,21,10
2022,Città metropolitana di Cagliari,Uta,Agriturismo,,1,8,4
2022,Città metropolitana di Cagliari,Uta,Albergo,3 Stelle,1,20,10
2022,Città metropolitana di Cagliari,Uta,Alloggi privati,,2,15,5
2022,Città metropolitana di Cagliari,Uta,Bed and breakfast,,2,12,6
2022,Città metropolitana di Cagliari,Uta,Bed and breakfast,2 Stelle,1,6,3
2022,Città metropolitana di Cagliari,Uta,Bed and breakfast,3 Stelle,1,6,3
2022,Città metropolitana di Cagliari,Uta,Turismo Rurale,2 Stelle,1,13,7
2022,Provincia di Sassari,Valledoria,Affittacamere,I Categoria,1,12,6
2022,Provincia di Sassari,Valledoria,Agriturismo,,6,60,27
2022,Provincia di Sassari,Valledoria,Albergo,2 Stelle,1,20,10
2022,Provincia di Sassari,Valledoria,Albergo,3 Stelle,3,148,70
2022,Provincia di Sassari,Valledoria,Albergo,4 Stelle,2,340,147
2022,Provincia di Sassari,Valledoria,Albergo residenziale,3 Stelle,2,546,232
2022,Provincia di Sassari,Valledoria,Alloggi privati,,148,725,291
2022,Provincia di Sassari,Valledoria,Bed and breakfast,1 Stella,3,14,7
2022,Provincia di Sassari,Valledoria,Bed and breakfast,2 Stelle,1,2,1
2022,Provincia di Sassari,Valledoria,Bed and breakfast,3 Stelle,1,10,3
2022,Provincia di Sassari,Valledoria,Campeggio,3 Stelle,1,560,140
2022,Provincia di Sassari,Valledoria,Campeggio,4 Stelle,1,1000,261
2022,Provincia di Sassari,Valledoria,Case e appartamenti per vacanze,,3,90,44
2022,Provincia di Sassari,Valledoria,Case e appartamenti per vacanze,I Categoria,1,115,66
2022,Provincia di Sassari,Valledoria,Case e appartamenti per vacanze,II Categoria,4,493,129
2022,Provincia di Sassari,Valledoria,Locanda,,1,11,4
2022,Provincia di Sassari,Valledoria,Turismo Rurale,2 Stelle,1,14,7
2022,Provincia del Sud Sardegna,Vallermosa,Albergo,1 Stella,1,24,12
2022,Provincia del Sud Sardegna,Vallermosa,Alloggi privati,,1,4,2
2022,Provincia del Sud Sardegna,Vallermosa,Bed and breakfast,3 Stelle,1,6,3
2022,Provincia di Sassari,Viddalba,Alloggi privati,,38,177,82
2022,Provincia di Sassari,Viddalba,Case e appartamenti per vacanze,II Categoria,1,22,7
2022,Provincia del Sud Sardegna,Villa San Pietro,Affittacamere,II Categoria,1,5,4
2022,Provincia del Sud Sardegna,Villa San Pietro,Albergo,3 Stelle,1,20,10
2022,Provincia del Sud Sardegna,Villa San Pietro,Alloggi privati,,22,106,50
2022,Provincia del Sud Sardegna,Villa San Pietro,Bed and breakfast,2 Stelle,1,3,1
2022,Provincia del Sud Sardegna,Villa San Pietro,Bed and breakfast,3 Stelle,4,24,9
2022,Provincia del Sud Sardegna,Villa San Pietro,Residence,II Categoria,1,12,7
2022,Provincia di Oristano,Villa Sant'Antonio,Agriturismo,,1,10,5
2022,Provincia del Sud Sardegna,Villacidro,Agriturismo,,3,28,16
2022,Provincia del Sud Sardegna,Villacidro,Albergo,3 Stelle,1,42,26
2022,Provincia del Sud Sardegna,Villacidro,Alloggi privati,,7,27,9
2022,Provincia del Sud Sardegna,Villacidro,Bed and breakfast,1 Stella,2,7,4
2022,Provincia del Sud Sardegna,Villacidro,Bed and breakfast,2 Stelle,2,12,5
2022,Provincia del Sud Sardegna,Villacidro,Case per ferie,III Categoria,1,11,4
2022,Provincia di Nuoro,Villagrande Strisaili,Affittacamere,II Categoria,2,17,8
2022,Provincia di Nuoro,Villagrande Strisaili,Agriturismo,,1,10,5
2022,Provincia di Nuoro,Villagrande Strisaili,Albergo,3 Stelle,1,14,7
2022,Provincia di Nuoro,Villagrande Strisaili,Albergo,4 Stelle,1,72,24
2022,Provincia di Nuoro,Villagrande Strisaili,Alloggi privati,,1,6,3
2022,Provincia di Nuoro,Villagrande Strisaili,Bed and breakfast,1 Stella,2,9,5
2022,Provincia di Nuoro,Villagrande Strisaili,Bed and breakfast,2 Stelle,1,5,3
2022,Provincia del Sud Sardegna,Villamar,Affittacamere,II Categoria,1,8,4
2022,Provincia del Sud Sardegna,Villamar,Bed and breakfast,3 Stelle,1,4,2
2022,Provincia del Sud Sardegna,Villamassargia,Agriturismo,,3,30,13
2022,Provincia del Sud Sardegna,Villamassargia,Alloggi privati,,6,26,10
2022,Provincia del Sud Sardegna,Villamassargia,Bed and breakfast,2 Stelle,2,12,5
2022,Provincia del Sud Sardegna,Villamassargia,Bed and breakfast,3 Stelle,1,2,1
2022,Provincia di Sassari,Villanova Monteleone,Affittacamere,,1,0,0
2022,Provincia di Sassari,Villanova Monteleone,Affittacamere,II Categoria,1,7,4
2022,Provincia di Sassari,Villanova Monteleone,Agriturismo,,3,18,8
2022,Provincia di Sassari,Villanova Monteleone,Albergo,2 Stelle,1,24,11
2022,Provincia di Sassari,Villanova Monteleone,Alloggi privati,,8,42,19
2022,Provincia di Sassari,Villanova Monteleone,Bed and breakfast,1 Stella,1,6,3
2022,Provincia di Oristano,Villanova Truschedu,Alloggi privati,,1,2,1
2022,Provincia del Sud Sardegna,Villanova Tulo,Bed and breakfast,1 Stella,1,3,2
2022,Provincia del Sud Sardegna,Villanovaforru,Affittacamere,II Categoria,1,9,4
2022,Provincia del Sud Sardegna,Villanovaforru,Albergo,3 Stelle,1,72,30
2022,Provincia del Sud Sardegna,Villanovaforru,Bed and breakfast,2 Stelle,1,2,1
2022,Provincia del Sud Sardegna,Villanovafranca,Affittacamere,II Categoria,1,2,1
2022,Provincia del Sud Sardegna,Villanovafranca,Alloggi privati,,1,8,4
2022,Provincia del Sud Sardegna,Villanovafranca,Bed and breakfast,1 Stella,1,6,3
2022,Provincia del Sud Sardegna,Villaperuccio,Agriturismo,,1,6,3
2022,Provincia del Sud Sardegna,Villaperuccio,Bed and breakfast,2 Stelle,1,8,3
2022,Provincia del Sud Sardegna,Villaperuccio,Locanda,II Categoria,1,6,3
2022,Provincia del Sud Sardegna,Villaputzu,Affittacamere,II Categoria,2,16,10
2022,Provincia del Sud Sardegna,Villaputzu,Agriturismo,,2,32,15
2022,Provincia del Sud Sardegna,Villaputzu,Albergo,3 Stelle,1,20,16
2022,Provincia del Sud Sardegna,Villaputzu,Alloggi privati,,64,331,140
2022,Provincia del Sud Sardegna,Villaputzu,Bed and breakfast,,1,4,1
2022,Provincia del Sud Sardegna,Villaputzu,Bed and breakfast,1 Stella,3,9,5
2022,Provincia del Sud Sardegna,Villaputzu,Bed and breakfast,2 Stelle,1,6,3
2022,Provincia del Sud Sardegna,Villaputzu,Bed and breakfast,3 Stelle,2,9,5
2022,Provincia del Sud Sardegna,Villaputzu,Campeggio,3 Stelle,1,1000,232
2022,Provincia del Sud Sardegna,Villaputzu,Case e appartamenti per vacanze,,2,160,65
2022,Provincia del Sud Sardegna,Villaputzu,Case e appartamenti per vacanze,II Categoria,1,22,8
2022,Provincia del Sud Sardegna,Villaputzu,Residence,I Categoria,1,81,27
2022,Provincia del Sud Sardegna,Villaputzu,Residence,II Categoria,1,59,27
2022,Provincia del Sud Sardegna,Villasalto,Bed and breakfast,,1,4,2
2022,Provincia del Sud Sardegna,Villasimius,Affittacamere,,2,7,5
2022,Provincia del Sud Sardegna,Villasimius,Affittacamere,I Categoria,6,48,22
2022,Provincia del Sud Sardegna,Villasimius,Affittacamere,II Categoria,14,103,54
2022,Provincia del Sud Sardegna,Villasimius,Affittacamere,III Categoria,1,4,2
2022,Provincia del Sud Sardegna,Villasimius,Albergo,1 Stella,1,12,7
2022,Provincia del Sud Sardegna,Villasimius,Albergo,2 Stelle,2,69,35
2022,Provincia del Sud Sardegna,Villasimius,Albergo,3 Stelle,26,758,379
2022,Provincia del Sud Sardegna,Villasimius,Albergo,4 Stelle,6,746,309
2022,Provincia del Sud Sardegna,Villasimius,Albergo,5 Stelle,2,1044,429
2022,Provincia del Sud Sardegna,Villasimius,Albergo residenziale,2 Stelle,3,78,34
2022,Provincia del Sud Sardegna,Villasimius,Albergo residenziale,3 Stelle,9,797,256
2022,Provincia del Sud Sardegna,Villasimius,Albergo residenziale,4 Stelle,1,165,45
2022,Provincia del Sud Sardegna,Villasimius,Alloggi privati,,709,3473,1550
2022,Provincia del Sud Sardegna,Villasimius,Bed and breakfast,,1,4,3
2022,Provincia del Sud Sardegna,Villasimius,Bed and breakfast,1 Stella,4,13,7
2022,Provincia del Sud Sardegna,Villasimius,Bed and breakfast,2 Stelle,5,25,12
2022,Provincia del Sud Sardegna,Villasimius,Bed and breakfast,3 Stelle,14,75,36
2022,Provincia del Sud Sardegna,Villasimius,Campeggio,3 Stelle,1,959,214
2022,Provincia del Sud Sardegna,Villasimius,Case e appartamenti per vacanze,,1,10,3
2022,Provincia del Sud Sardegna,Villasimius,Case e appartamenti per vacanze,I Categoria,1,10,5
2022,Provincia del Sud Sardegna,Villasimius,Case e appartamenti per vacanze,II Categoria,7,421,139
2022,Provincia del Sud Sardegna,Villasimius,Case per ferie,III Categoria,1,17,9
2022,Provincia del Sud Sardegna,Villasimius,Residence,I Categoria,1,164,43
2022,Provincia del Sud Sardegna,Villasimius,Turismo Rurale,3 Stelle,1,20,10
2022,Provincia del Sud Sardegna,Villasimius,Villaggio albergo,4 Stelle,1,2865,914
2022,Provincia del Sud Sardegna,Villasor,Alloggi privati,,1,4,2
2022,Provincia del Sud Sardegna,Villasor,Bed and breakfast,1 Stella,1,6,3
2022,Provincia del Sud Sardegna,Villaspeciosa,Bed and breakfast,1 Stella,1,4,2
2022,Provincia di Oristano,Villaurbana,Agriturismo,,1,10,5
2022,Provincia di Oristano,Villaurbana,Alloggi privati,,3,24,9
2022,Provincia di Oristano,Zeddiani,Agriturismo,,1,4,2
2022,Provincia di Oristano,Zeddiani,Bed and breakfast,3 Stelle,1,4,2
2022,Provincia di Oristano,Zerfaliu,Agriturismo,,1,16,6
2022,Provincia di Oristano,Zerfaliu,Alloggi privati,,1,7,3
2023,Città metropolitana di Cagliari,Assemini,Affittacamere,,1,5,3
2023,Città metropolitana di Cagliari,Cagliari,Affittacamere,,9,69,36
2023,Città metropolitana di Cagliari,Capoterra,Affittacamere,,1,6,3
2023,Città metropolitana di Cagliari,Maracalagonis,Affittacamere,,1,5,4
2023,Città metropolitana di Cagliari,Quartu Sant'Elena,Affittacamere,,1,5,3
2023,Città metropolitana di Cagliari,Quartucciu,Affittacamere,,1,17,5
2023,Provincia del Sud Sardegna,Arbus,Affittacamere,,1,6,3
2023,Provincia del Sud Sardegna,Gergei,Affittacamere,,1,9,4
2023,Provincia del Sud Sardegna,Iglesias,Affittacamere,,4,31,15
2023,Provincia del Sud Sardegna,Villasimius,Affittacamere,,2,7,5
2023,Provincia di Nuoro,Baunei,Affittacamere,,1,12,6
2023,Provincia di Nuoro,Torpè,Affittacamere,,1,12,6
2023,Provincia di Nuoro,Tortolì,Affittacamere,,1,8,4
2023,Provincia di Oristano,Cabras,Affittacamere,,2,20,8
2023,Provincia di Sassari,Alghero,Affittacamere,,40,292,136
2023,Provincia di Sassari,Arzachena,Affittacamere,,7,60,15
2023,Provincia di Sassari,Badesi,Affittacamere,,2,8,4
2023,Provincia di Sassari,Budoni,Affittacamere,,2,17,8
2023,Provincia di Sassari,Bultei,Affittacamere,,1,6,2
2023,Provincia di Sassari,Calangianus,Affittacamere,,1,5,2
2023,Provincia di Sassari,Castelsardo,Affittacamere,,5,49,25
2023,Provincia di Sassari,Golfo Aranci,Affittacamere,,3,32,13
2023,Provincia di Sassari,La Maddalena,Affittacamere,,4,28,12
2023,Provincia di Sassari,Loiri Porto San Paolo,Affittacamere,,2,24,11
2023,Provincia di Sassari,Luras,Affittacamere,,1,4,2
2023,Provincia di Sassari,Olbia,Affittacamere,,30,245,96
2023,Provincia di Sassari,Osilo,Affittacamere,,1,11,6
2023,Provincia di Sassari,Ossi,Affittacamere,,2,15,6
2023,Provincia di Sassari,Porto Torres,Affittacamere,,8,56,28
2023,Provincia di Sassari,San Teodoro,Affittacamere,,19,169,60
2023,Provincia di Sassari,Santa Teresa Gallura,Affittacamere,,8,60,22
2023,Provincia di Sassari,Sassari,Affittacamere,,9,65,32
2023,Provincia di Sassari,Sorso,Affittacamere,,3,34,11
2023,Provincia di Sassari,Stintino,Affittacamere,,8,64,38
2023,Provincia di Sassari,Villanova Monteleone,Affittacamere,,1,0,0
2023,Provincia di Sassari,Olbia,Affittacamere,3 Stelle,1,13,6
2023,Città metropolitana di Cagliari,Cagliari,Affittacamere,I Categoria,20,171,85
2023,Città metropolitana di Cagliari,Capoterra,Affittacamere,I Categoria,1,12,3
2023,Città metropolitana di Cagliari,Pula,Affittacamere,I Categoria,1,6,3
2023,Città metropolitana di Cagliari,Quartu Sant'Elena,Affittacamere,I Categoria,7,76,30
2023,Città metropolitana di Cagliari,Sinnai,Affittacamere,I Categoria,1,3,3
2023,Provincia del Sud Sardegna,Carloforte,Affittacamere,I Categoria,3,36,13
2023,Provincia del Sud Sardegna,Castiadas,Affittacamere,I Categoria,2,20,11
2023,Provincia del Sud Sardegna,Domus De Maria,Affittacamere,I Categoria,2,18,9
2023,Provincia del Sud Sardegna,Iglesias,Affittacamere,I Categoria,2,20,10
2023,Provincia del Sud Sardegna,Mandas,Affittacamere,I Categoria,1,12,5
2023,Provincia del Sud Sardegna,Portoscuso,Affittacamere,I Categoria,1,8,4
2023,Provincia del Sud Sardegna,Sadali,Affittacamere,I Categoria,1,12,5
2023,Provincia del Sud Sardegna,San Vito,Affittacamere,I Categoria,2,17,10
2023,Provincia del Sud Sardegna,Sant'Antioco,Affittacamere,I Categoria,1,12,6
2023,Provincia del Sud Sardegna,Villasimius,Affittacamere,I Categoria,5,44,21
2023,Provincia di Nuoro,Bari Sardo,Affittacamere,I Categoria,1,20,6
2023,Provincia di Nuoro,Baunei,Affittacamere,I Categoria,3,35,18
2023,Provincia di Nuoro,Dorgali,Affittacamere,I Categoria,3,22,11
2023,Provincia di Nuoro,Lula,Affittacamere,I Categoria,1,4,2
2023,Provincia di Nuoro,Mamoiada,Affittacamere,I Categoria,2,20,11
2023,Provincia di Nuoro,Nuoro,Affittacamere,I Categoria,1,4,2
2023,Provincia di Nuoro,Orgosolo,Affittacamere,I Categoria,1,11,4
2023,Provincia di Nuoro,Orosei,Affittacamere,I Categoria,3,35,17
2023,Provincia di Nuoro,Posada,Affittacamere,I Categoria,1,10,6
2023,Provincia di Nuoro,Teti,Affittacamere,I Categoria,1,6,3
2023,Provincia di Nuoro,Tonara,Affittacamere,I Categoria,1,8,5
2023,Provincia di Nuoro,Torpè,Affittacamere,I Categoria,1,2,2
2023,Provincia di Nuoro,Tortolì,Affittacamere,I Categoria,1,12,6
2023,Provincia di Oristano,Laconi,Affittacamere,I Categoria,1,10,5
2023,Provincia di Oristano,Nurachi,Affittacamere,I Categoria,1,7,4
2023,Provincia di Oristano,Oristano,Affittacamere,I Categoria,1,17,6
2023,Provincia di Oristano,Terralba,Affittacamere,I Categoria,1,12,6
2023,Provincia di Sassari,Aggius,Affittacamere,I Categoria,1,11,5
2023,Provincia di Sassari,Alghero,Affittacamere,I Categoria,13,99,48
2023,Provincia di Sassari,Arzachena,Affittacamere,I Categoria,5,52,12
2023,Provincia di Sassari,Berchidda,Affittacamere,I Categoria,2,16,0
2023,Provincia di Sassari,Castelsardo,Affittacamere,I Categoria,1,8,4
2023,Provincia di Sassari,La Maddalena,Affittacamere,I Categoria,5,54,13
2023,Provincia di Sassari,Olbia,Affittacamere,I Categoria,12,85,25
2023,Provincia di Sassari,Oschiri,Affittacamere,I Categoria,1,7,3
2023,Provincia di Sassari,Palau,Affittacamere,I Categoria,5,31,14
2023,Provincia di Sassari,Porto Torres,Affittacamere,I Categoria,3,20,10
2023,Provincia di Sassari,Putifigari,Affittacamere,I Categoria,1,6,3
2023,Provincia di Sassari,San Teodoro,Affittacamere,I Categoria,10,87,35
2023,Provincia di Sassari,Santa Teresa Gallura,Affittacamere,I Categoria,7,60,18
2023,Provincia di Sassari,Sassari,Affittacamere,I Categoria,7,63,27
2023,Provincia di Sassari,Sorso,Affittacamere,I Categoria,1,13,6
2023,Provincia di Sassari,Tempio Pausania,Affittacamere,I Categoria,1,12,0
2023,Provincia di Sassari,Valledoria,Affittacamere,I Categoria,1,12,6
2023,Città metropolitana di Cagliari,Assemini,Affittacamere,II Categoria,2,15,7
2023,Città metropolitana di Cagliari,Cagliari,Affittacamere,II Categoria,201,1598,792
2023,Città metropolitana di Cagliari,Capoterra,Affittacamere,II Categoria,6,52,26
2023,Città metropolitana di Cagliari,Maracalagonis,Affittacamere,II Categoria,1,2,2
2023,Città metropolitana di Cagliari,Monserrato,Affittacamere,II Categoria,4,31,16
2023,Città metropolitana di Cagliari,Pula,Affittacamere,II Categoria,13,85,49
2023,Città metropolitana di Cagliari,Quartu Sant'Elena,Affittacamere,II Categoria,21,132,69
2023,Città metropolitana di Cagliari,Quartucciu,Affittacamere,II Categoria,2,19,7
2023,Città metropolitana di Cagliari,Selargius,Affittacamere,II Categoria,4,20,12
2023,Città metropolitana di Cagliari,Sestu,Affittacamere,II Categoria,4,18,11
2023,Città metropolitana di Cagliari,Sinnai,Affittacamere,II Categoria,4,42,19
2023,Città metropolitana di Cagliari,Villa San Pietro,Affittacamere,II Categoria,1,5,0
2023,Provincia del Sud Sardegna,Barumini,Affittacamere,II Categoria,1,11,6
2023,Provincia del Sud Sardegna,Buggerru,Affittacamere,II Categoria,1,15,4
2023,Provincia del Sud Sardegna,Calasetta,Affittacamere,II Categoria,3,17,8
2023,Provincia del Sud Sardegna,Carbonia,Affittacamere,II Categoria,2,20,10
2023,Provincia del Sud Sardegna,Carloforte,Affittacamere,II Categoria,8,76,35
2023,Provincia del Sud Sardegna,Castiadas,Affittacamere,II Categoria,2,12,7
2023,Provincia del Sud Sardegna,Dolianova,Affittacamere,II Categoria,1,6,2
2023,Provincia del Sud Sardegna,Domus De Maria,Affittacamere,II Categoria,4,34,14
2023,Provincia del Sud Sardegna,Domusnovas,Affittacamere,II Categoria,1,4,2
2023,Provincia del Sud Sardegna,Escalaplano,Affittacamere,II Categoria,1,10,5
2023,Provincia del Sud Sardegna,Escolca,Affittacamere,II Categoria,1,9,4
2023,Provincia del Sud Sardegna,Gergei,Affittacamere,II Categoria,1,2,1
2023,Provincia del Sud Sardegna,Gonnesa,Affittacamere,II Categoria,2,14,8
2023,Provincia del Sud Sardegna,Gonnosfanadiga,Affittacamere,II Categoria,3,12,8
2023,Provincia del Sud Sardegna,Guspini,Affittacamere,II Categoria,3,12,4
2023,Provincia del Sud Sardegna,Iglesias,Affittacamere,II Categoria,10,72,35
2023,Provincia del Sud Sardegna,Isili,Affittacamere,II Categoria,1,3,2
2023,Provincia del Sud Sardegna,Masainas,Affittacamere,II Categoria,1,12,6
2023,Provincia del Sud Sardegna,Muravera,Affittacamere,II Categoria,3,26,11
2023,Provincia del Sud Sardegna,Nuragus,Affittacamere,II Categoria,1,6,5
2023,Provincia del Sud Sardegna,Pauli Arbarei,Affittacamere,II Categoria,1,12,5
2023,Provincia del Sud Sardegna,Piscinas,Affittacamere,II Categoria,2,15,3
2023,Provincia del Sud Sardegna,Portoscuso,Affittacamere,II Categoria,1,9,5
2023,Provincia del Sud Sardegna,Sadali,Affittacamere,II Categoria,2,26,12
2023,Provincia del Sud Sardegna,Sanluri,Affittacamere,II Categoria,1,4,3
2023,Provincia del Sud Sardegna,Sant'Anna Arresi,Affittacamere,II Categoria,6,49,27
2023,Provincia del Sud Sardegna,Sant'Antioco,Affittacamere,II Categoria,11,66,33
2023,Provincia del Sud Sardegna,Senorbì,Affittacamere,II Categoria,1,12,6
2023,Provincia del Sud Sardegna,Serri,Affittacamere,II Categoria,1,8,4
2023,Provincia del Sud Sardegna,Siddi,Affittacamere,II Categoria,1,6,3
2023,Provincia del Sud Sardegna,Teulada,Affittacamere,II Categoria,4,24,13
2023,Provincia del Sud Sardegna,Villamar,Affittacamere,II Categoria,1,8,4
2023,Provincia del Sud Sardegna,Villanovafranca,Affittacamere,II Categoria,1,2,1
2023,Provincia del Sud Sardegna,Villaputzu,Affittacamere,II Categoria,2,16,10
2023,Provincia del Sud Sardegna,Villasimius,Affittacamere,II Categoria,12,102,51
2023,Provincia di Nuoro,Aritzo,Affittacamere,II Categoria,1,4,2
2023,Provincia di Nuoro,Austis,Affittacamere,II Categoria,1,2,1
2023,Provincia di Nuoro,Bari Sardo,Affittacamere,II Categoria,1,19,6
2023,Provincia di Nuoro,Baunei,Affittacamere,II Categoria,6,49,25
2023,Provincia di Nuoro,Bitti,Affittacamere,II Categoria,2,13,5
2023,Provincia di Nuoro,Borore,Affittacamere,II Categoria,1,4,2
2023,Provincia di Nuoro,Cardedu,Affittacamere,II Categoria,1,8,6
2023,Provincia di Nuoro,Desulo,Affittacamere,II Categoria,1,2,1
2023,Provincia di Nuoro,Dorgali,Affittacamere,II Categoria,16,123,70
2023,Provincia di Nuoro,Elini,Affittacamere,II Categoria,2,8,4
2023,Provincia di Nuoro,Fonni,Affittacamere,II Categoria,4,23,15
2023,Provincia di Nuoro,Gadoni,Affittacamere,II Categoria,1,16,5
2023,Provincia di Nuoro,Gavoi,Affittacamere,II Categoria,1,5,2
2023,Provincia di Nuoro,Girasole,Affittacamere,II Categoria,1,12,6
2023,Provincia di Nuoro,Irgoli,Affittacamere,II Categoria,1,4,2
2023,Provincia di Nuoro,Jerzu,Affittacamere,II Categoria,1,8,3
2023,Provincia di Nuoro,Lanusei,Affittacamere,II Categoria,1,9,5
2023,Provincia di Nuoro,Lotzorai,Affittacamere,II Categoria,4,35,20
2023,Provincia di Nuoro,Lula,Affittacamere,II Categoria,1,12,6
2023,Provincia di Nuoro,Macomer,Affittacamere,II Categoria,1,11,6
2023,Provincia di Nuoro,Mamoiada,Affittacamere,II Categoria,1,9,5
2023,Provincia di Nuoro,Nuoro,Affittacamere,II Categoria,14,79,41
2023,Provincia di Nuoro,Oliena,Affittacamere,II Categoria,1,10,4
2023,Provincia di Nuoro,Onifai,Affittacamere,II Categoria,1,12,6
2023,Provincia di Nuoro,Orani,Affittacamere,II Categoria,1,6,4
2023,Provincia di Nuoro,Orgosolo,Affittacamere,II Categoria,4,28,15
2023,Provincia di Nuoro,Orosei,Affittacamere,II Categoria,10,92,42
2023,Provincia di Nuoro,Orotelli,Affittacamere,II Categoria,1,6,3
2023,Provincia di Nuoro,Posada,Affittacamere,II Categoria,15,108,54
2023,Provincia di Nuoro,Sarule,Affittacamere,II Categoria,1,4,2
2023,Provincia di Nuoro,Siniscola,Affittacamere,II Categoria,10,95,48
2023,Provincia di Nuoro,Sorgono,Affittacamere,II Categoria,3,17,11
2023,Provincia di Nuoro,Talana,Affittacamere,II Categoria,1,4,2
2023,Provincia di Nuoro,Tertenia,Affittacamere,II Categoria,2,12,7
2023,Provincia di Nuoro,Tonara,Affittacamere,II Categoria,1,10,5
2023,Provincia di Nuoro,Torpè,Affittacamere,II Categoria,2,19,12
2023,Provincia di Nuoro,Tortolì,Affittacamere,II Categoria,17,142,77
2023,Provincia di Nuoro,Triei,Affittacamere,II Categoria,1,5,3
2023,Provincia di Nuoro,Ulassai,Affittacamere,II Categoria,2,17,8
2023,Provincia di Nuoro,Villagrande Strisaili,Affittacamere,II Categoria,2,17,8
2023,Provincia di Oristano,Ales,Affittacamere,II Categoria,3,17,9
2023,Provincia di Oristano,Arborea,Affittacamere,II Categoria,1,12,5
2023,Provincia di Oristano,Baradili,Affittacamere,II Categoria,2,10,2
2023,Provincia di Oristano,Bauladu,Affittacamere,II Categoria,1,4,2
2023,Provincia di Oristano,Bosa,Affittacamere,II Categoria,34,282,135
2023,Provincia di Oristano,Cabras,Affittacamere,II Categoria,16,142,69
2023,Provincia di Oristano,Cuglieri,Affittacamere,II Categoria,8,56,31
2023,Provincia di Oristano,Ghilarza,Affittacamere,II Categoria,1,4,2
2023,Provincia di Oristano,Laconi,Affittacamere,II Categoria,3,14,7
2023,Provincia di Oristano,Magomadas,Affittacamere,II Categoria,7,68,34
2023,Provincia di Oristano,Narbolia,Affittacamere,II Categoria,4,41,19
2023,Provincia di Oristano,Oristano,Affittacamere,II Categoria,23,182,96
2023,Provincia di Oristano,Paulilatino,Affittacamere,II Categoria,2,16,9
2023,Provincia di Oristano,Riola Sardo,Affittacamere,II Categoria,3,41,18
2023,Provincia di Oristano,Samugheo,Affittacamere,II Categoria,1,9,6
2023,Provincia di Oristano,Santu Lussurgiu,Affittacamere,II Categoria,1,5,3
2023,Provincia di Oristano,Sedilo,Affittacamere,II Categoria,2,13,5
2023,Provincia di Oristano,Solarussa,Affittacamere,II Categoria,1,14,5
2023,Provincia di Oristano,Sorradile,Affittacamere,II Categoria,1,6,3
2023,Provincia di Oristano,Terralba,Affittacamere,II Categoria,1,4,3
2023,Provincia di Oristano,Tramatza,Affittacamere,II Categoria,1,6,3
2023,Provincia di Oristano,Tresnuraghes,Affittacamere,II Categoria,2,13,6
2023,Provincia di Sassari,Aglientu,Affittacamere,II Categoria,1,10,5
2023,Provincia di Sassari,Alghero,Affittacamere,II Categoria,120,877,383
2023,Provincia di Sassari,Arzachena,Affittacamere,II Categoria,7,54,26
2023,Provincia di Sassari,Badesi,Affittacamere,II Categoria,3,11,1
2023,Provincia di Sassari,Benetutti,Affittacamere,II Categoria,1,11,4
2023,Provincia di Sassari,Bessude,Affittacamere,II Categoria,1,6,3
2023,Provincia di Sassari,Budoni,Affittacamere,II Categoria,5,47,23
2023,Provincia di Sassari,Calangianus,Affittacamere,II Categoria,1,9,5
2023,Provincia di Sassari,Castelsardo,Affittacamere,II Categoria,7,62,27
2023,Provincia di Sassari,Cheremule,Affittacamere,II Categoria,1,9,3
2023,Provincia di Sassari,Codrongianos,Affittacamere,II Categoria,1,1,1
2023,Provincia di Sassari,Ittiri,Affittacamere,II Categoria,2,20,8
2023,Provincia di Sassari,La Maddalena,Affittacamere,II Categoria,14,116,43
2023,Provincia di Sassari,Loiri Porto San Paolo,Affittacamere,II Categoria,4,29,11
2023,Provincia di Sassari,Luras,Affittacamere,II Categoria,1,11,6
2023,Provincia di Sassari,Mores,Affittacamere,II Categoria,1,6,4
2023,Provincia di Sassari,Nughedu San Nicolò,Affittacamere,II Categoria,1,6,3
2023,Provincia di Sassari,Olbia,Affittacamere,II Categoria,49,380,172
2023,Provincia di Sassari,Olmedo,Affittacamere,II Categoria,1,5,3
2023,Provincia di Sassari,Osilo,Affittacamere,II Categoria,1,3,1
2023,Provincia di Sassari,Ossi,Affittacamere,II Categoria,1,4,1
2023,Provincia di Sassari,Palau,Affittacamere,II Categoria,4,30,8
2023,Provincia di Sassari,Porto Torres,Affittacamere,II Categoria,11,94,44
2023,Provincia di Sassari,Putifigari,Affittacamere,II Categoria,1,10,6
2023,Provincia di Sassari,San Teodoro,Affittacamere,II Categoria,29,306,88
2023,Provincia di Sassari,Santa Teresa Gallura,Affittacamere,II Categoria,18,154,73
2023,Provincia di Sassari,Sassari,Affittacamere,II Categoria,27,189,93
2023,Provincia di Sassari,Sorso,Affittacamere,II Categoria,3,31,15
2023,Provincia di Sassari,Stintino,Affittacamere,II Categoria,8,71,38
2023,Provincia di Sassari,Tempio Pausania,Affittacamere,II Categoria,3,10,5
2023,Provincia di Sassari,Tergu,Affittacamere,II Categoria,1,8,4
2023,Provincia di Sassari,Trinità D'Agultu E Vignola,Affittacamere,II Categoria,2,10,4
2023,Provincia di Sassari,Villanova Monteleone,Affittacamere,II Categoria,2,11,6
2023,Città metropolitana di Cagliari,Quartu Sant'Elena,Affittacamere,III Categoria,1,10,5
2023,Città metropolitana di Cagliari,Quartucciu,Affittacamere,III Categoria,1,9,3
2023,Città metropolitana di Cagliari,Sarroch,Affittacamere,III Categoria,1,10,5
2023,Città metropolitana di Cagliari,Sestu,Affittacamere,III Categoria,1,8,4
2023,Provincia del Sud Sardegna,Armungia,Affittacamere,III Categoria,1,9,0
2023,Provincia del Sud Sardegna,Carloforte,Affittacamere,III Categoria,1,4,2
2023,Provincia del Sud Sardegna,Gergei,Affittacamere,III Categoria,1,7,3
2023,Provincia del Sud Sardegna,Gesturi,Affittacamere,III Categoria,1,7,4
2023,Provincia del Sud Sardegna,Gonnesa,Affittacamere,III Categoria,1,4,2
2023,Provincia del Sud Sardegna,Iglesias,Affittacamere,III Categoria,1,8,4
2023,Provincia del Sud Sardegna,Monastir,Affittacamere,III Categoria,1,10,5
2023,Provincia del Sud Sardegna,Piscinas,Affittacamere,III Categoria,1,10,5
2023,Provincia del Sud Sardegna,Sant'Antioco,Affittacamere,III Categoria,1,5,3
2023,Provincia del Sud Sardegna,Teulada,Affittacamere,III Categoria,1,5,3
2023,Provincia del Sud Sardegna,Villasimius,Affittacamere,III Categoria,1,4,2
2023,Provincia di Nuoro,Dorgali,Affittacamere,III Categoria,1,6,3
2023,Provincia di Nuoro,Posada,Affittacamere,III Categoria,1,10,5
2023,Provincia di Nuoro,Siniscola,Affittacamere,III Categoria,3,18,10
2023,Provincia di Nuoro,Torpè,Affittacamere,III Categoria,1,8,4
2023,Provincia di Oristano,Pompu,Affittacamere,III Categoria,1,7,4
2023,Provincia di Oristano,Riola Sardo,Affittacamere,III Categoria,1,6,4
2023,Provincia di Sassari,Aglientu,Affittacamere,III Categoria,1,4,0
2023,Provincia di Sassari,Alghero,Affittacamere,III Categoria,11,94,39
2023,Provincia di Sassari,Berchidda,Affittacamere,III Categoria,1,6,4
2023,Provincia di Sassari,Buddusò,Affittacamere,III Categoria,1,4,2
2023,Provincia di Sassari,Golfo Aranci,Affittacamere,III Categoria,1,4,0
2023,Provincia di Sassari,La Maddalena,Affittacamere,III Categoria,1,11,0
2023,Provincia di Sassari,Loiri Porto San Paolo,Affittacamere,III Categoria,1,6,0
2023,Provincia di Sassari,Monti,Affittacamere,III Categoria,2,13,4
2023,Provincia di Sassari,Olbia,Affittacamere,III Categoria,5,25,13
2023,Provincia di Sassari,Ozieri,Affittacamere,III Categoria,1,13,6
2023,Provincia di Sassari,Santa Teresa Gallura,Affittacamere,III Categoria,1,6,3
2023,Provincia di Sassari,Sassari,Affittacamere,III Categoria,2,12,6
2023,Provincia di Sassari,Sorso,Affittacamere,III Categoria,2,12,2
2023,Città metropolitana di Cagliari,Assemini,Agriturismo,,3,32,17
2023,Città metropolitana di Cagliari,Quartucciu,Agriturismo,,1,6,4
2023,Città metropolitana di Cagliari,Sestu,Agriturismo,,1,16,8
2023,Provincia del Sud Sardegna,Arbus,Agriturismo,,14,256,115
2023,Provincia del Sud Sardegna,Calasetta,Agriturismo,,1,10,5
2023,Provincia del Sud Sardegna,Carbonia,Agriturismo,,3,60,21
2023,Provincia del Sud Sardegna,Castiadas,Agriturismo,,10,167,79
2023,Provincia del Sud Sardegna,Fluminimaggiore,Agriturismo,,6,83,35
2023,Provincia del Sud Sardegna,Giba,Agriturismo,,1,10,5
2023,Provincia del Sud Sardegna,Gonnesa,Agriturismo,,4,70,38
2023,Provincia del Sud Sardegna,Gonnosfanadiga,Agriturismo,,1,13,7
2023,Provincia del Sud Sardegna,Guspini,Agriturismo,,4,52,18
2023,Provincia del Sud Sardegna,Iglesias,Agriturismo,,4,61,32
2023,Provincia del Sud Sardegna,Mandas,Agriturismo,,1,8,4
2023,Provincia del Sud Sardegna,Masainas,Agriturismo,,1,6,3
2023,Provincia del Sud Sardegna,Muravera,Agriturismo,,3,38,12
2023,Provincia del Sud Sardegna,Narcao,Agriturismo,,1,4,2
2023,Provincia del Sud Sardegna,Nurallao,Agriturismo,,1,12,6
2023,Provincia del Sud Sardegna,Nurri,Agriturismo,,1,6,3
2023,Provincia del Sud Sardegna,Pauli Arbarei,Agriturismo,,1,12,6
2023,Provincia del Sud Sardegna,San Giovanni Suergiu,Agriturismo,,2,34,14
2023,Provincia del Sud Sardegna,Sanluri,Agriturismo,,1,14,5
2023,Provincia del Sud Sardegna,Sant'Antioco,Agriturismo,,2,34,8
2023,Provincia del Sud Sardegna,Santadi,Agriturismo,,2,20,11
2023,Provincia del Sud Sardegna,Serri,Agriturismo,,1,6,4
2023,Provincia del Sud Sardegna,Seulo,Agriturismo,,1,14,8
2023,Provincia del Sud Sardegna,Siliqua,Agriturismo,,1,11,7
2023,Provincia del Sud Sardegna,Suelli,Agriturismo,,1,13,9
2023,Provincia del Sud Sardegna,Teulada,Agriturismo,,4,52,16
2023,Provincia del Sud Sardegna,Tratalias,Agriturismo,,5,69,34
2023,Provincia del Sud Sardegna,Tuili,Agriturismo,,1,10,5
2023,Provincia del Sud Sardegna,Turri,Agriturismo,,1,16,8
2023,Provincia del Sud Sardegna,Villacidro,Agriturismo,,3,28,16
2023,Provincia del Sud Sardegna,Villamassargia,Agriturismo,,3,30,13
2023,Provincia del Sud Sardegna,Villaputzu,Agriturismo,,1,12,4
2023,Provincia di Nuoro,Aritzo,Agriturismo,,1,15,8
2023,Provincia di Nuoro,Atzara,Agriturismo,,1,12,6
2023,Provincia di Nuoro,Austis,Agriturismo,,2,32,15
2023,Provincia di Nuoro,Bari Sardo,Agriturismo,,2,34,17
2023,Provincia di Nuoro,Belvì,Agriturismo,,1,8,4
2023,Provincia di Nuoro,Bitti,Agriturismo,,3,45,20
2023,Provincia di Nuoro,Cardedu,Agriturismo,,2,14,7
2023,Provincia di Nuoro,Desulo,Agriturismo,,2,36,13
2023,Provincia di Nuoro,Dorgali,Agriturismo,,18,266,120
2023,Provincia di Nuoro,Elini,Agriturismo,,1,10,6
2023,Provincia di Nuoro,Fonni,Agriturismo,,6,63,30
2023,Provincia di Nuoro,Galtellì,Agriturismo,,5,57,33
2023,Provincia di Nuoro,Gavoi,Agriturismo,,3,32,13
2023,Provincia di Nuoro,Girasole,Agriturismo,,2,15,8
2023,Provincia di Nuoro,Ilbono,Agriturismo,,2,32,16
2023,Provincia di Nuoro,Irgoli,Agriturismo,,3,44,16
2023,Provincia di Nuoro,Jerzu,Agriturismo,,1,10,4
2023,Provincia di Nuoro,Loculi,Agriturismo,,2,24,11
2023,Provincia di Nuoro,Lodè,Agriturismo,,2,24,11
2023,Provincia di Nuoro,Lula,Agriturismo,,3,26,12
2023,Provincia di Nuoro,Mamoiada,Agriturismo,,2,17,7
2023,Provincia di Nuoro,Meana Sardo,Agriturismo,,1,8,4
2023,Provincia di Nuoro,Nuoro,Agriturismo,,4,63,29
2023,Provincia di Nuoro,Oliena,Agriturismo,,2,29,14
2023,Provincia di Nuoro,Ollolai,Agriturismo,,1,20,11
2023,Provincia di Nuoro,Olzai,Agriturismo,,1,10,5
2023,Provincia di Nuoro,Oniferi,Agriturismo,,1,12,6
2023,Provincia di Nuoro,Orani,Agriturismo,,1,12,6
2023,Provincia di Nuoro,Orgosolo,Agriturismo,,3,23,11
2023,Provincia di Nuoro,Orosei,Agriturismo,,11,126,60
2023,Provincia di Nuoro,Osidda,Agriturismo,,1,12,6
2023,Provincia di Nuoro,Osini,Agriturismo,,1,9,4
2023,Provincia di Nuoro,Ovodda,Agriturismo,,2,13,6
2023,Provincia di Nuoro,Posada,Agriturismo,,3,40,22
2023,Provincia di Nuoro,Sarule,Agriturismo,,1,20,9
2023,Provincia di Nuoro,Silanus,Agriturismo,,1,12,3
2023,Provincia di Nuoro,Sindia,Agriturismo,,2,29,10
2023,Provincia di Nuoro,Siniscola,Agriturismo,,12,157,80
2023,Provincia di Nuoro,Sorgono,Agriturismo,,2,22,10
2023,Provincia di Nuoro,Tertenia,Agriturismo,,1,3,1
2023,Provincia di Nuoro,Teti,Agriturismo,,4,50,33
2023,Provincia di Nuoro,Tonara,Agriturismo,,3,35,21
2023,Provincia di Nuoro,Torpè,Agriturismo,,3,45,18
2023,Provincia di Nuoro,Tortolì,Agriturismo,,2,30,15
2023,Provincia di Nuoro,Triei,Agriturismo,,1,21,10
2023,Provincia di Nuoro,Villagrande Strisaili,Agriturismo,,1,10,5
2023,Provincia di Oristano,Abbasanta,Agriturismo,,1,10,6
2023,Provincia di Oristano,Allai,Agriturismo,,1,16,8
2023,Provincia di Oristano,Assolo,Agriturismo,,1,14,7
2023,Provincia di Oristano,Bauladu,Agriturismo,,1,9,4
2023,Provincia di Oristano,Bosa,Agriturismo,,2,21,6
2023,Provincia di Oristano,Cabras,Agriturismo,,22,371,158
2023,Provincia di Oristano,Cuglieri,Agriturismo,,5,71,36
2023,Provincia di Oristano,Gonnostramatza,Agriturismo,,1,20,7
2023,Provincia di Oristano,Laconi,Agriturismo,,1,20,10
2023,Provincia di Oristano,Marrubiu,Agriturismo,,1,12,6
2023,Provincia di Oristano,Milis,Agriturismo,,1,12,6
2023,Provincia di Oristano,Morgongiori,Agriturismo,,1,12,5
2023,Provincia di Oristano,Narbolia,Agriturismo,,3,20,10
2023,Provincia di Oristano,Neoneli,Agriturismo,,2,25,17
2023,Provincia di Oristano,Nurachi,Agriturismo,,3,36,16
2023,Provincia di Oristano,Oristano,Agriturismo,,4,56,23
2023,Provincia di Oristano,Palmas Arborea,Agriturismo,,3,40,20
2023,Provincia di Oristano,Riola Sardo,Agriturismo,,9,135,61
2023,Provincia di Oristano,Sagama,Agriturismo,,1,22,7
2023,Provincia di Oristano,Samugheo,Agriturismo,,2,22,12
2023,Provincia di Oristano,San Nicolò D'Arcidano,Agriturismo,,1,12,5
2023,Provincia di Oristano,San Vero Milis,Agriturismo,,9,121,60
2023,Provincia di Oristano,Santa Giusta,Agriturismo,,1,3,2
2023,Provincia di Oristano,Santu Lussurgiu,Agriturismo,,1,24,10
2023,Provincia di Oristano,Scano Di Montiferro,Agriturismo,,1,10,5
2023,Provincia di Oristano,Sedilo,Agriturismo,,1,6,2
2023,Provincia di Oristano,Sennariolo,Agriturismo,,2,34,17
2023,Provincia di Oristano,Siamaggiore,Agriturismo,,3,40,18
2023,Provincia di Oristano,Siamanna,Agriturismo,,1,8,4
2023,Provincia di Oristano,Simaxis,Agriturismo,,2,22,10
2023,Provincia di Oristano,Sini,Agriturismo,,1,8,3
2023,Provincia di Oristano,Suni,Agriturismo,,1,20,10
2023,Provincia di Oristano,Tramatza,Agriturismo,,1,14,7
2023,Provincia di Oristano,Tresnuraghes,Agriturismo,,2,30,13
2023,Provincia di Oristano,Uras,Agriturismo,,2,16,9
2023,Provincia di Oristano,Villa Sant'Antonio,Agriturismo,,1,10,5
2023,Provincia di Oristano,Villaurbana,Agriturismo,,1,10,5
2023,Provincia di Oristano,Zeddiani,Agriturismo,,1,4,2
2023,Provincia di Oristano,Zerfaliu,Agriturismo,,1,16,6
2023,Provincia di Sassari,Aggius,Agriturismo,,3,38,21
2023,Provincia di Sassari,Aglientu,Agriturismo,,10,120,55
2023,Provincia di Sassari,Alghero,Agriturismo,,33,404,191
2023,Provincia di Sassari,Anela,Agriturismo,,1,6,5
2023,Provincia di Sassari,Arzachena,Agriturismo,,18,210,122
2023,Provincia di Sassari,Badesi,Agriturismo,,1,6,4
2023,Provincia di Sassari,Benetutti,Agriturismo,,1,2,0
2023,Provincia di Sassari,Berchidda,Agriturismo,,1,5,5
2023,Provincia di Sassari,Bessude,Agriturismo,,1,7,4
2023,Provincia di Sassari,Bono,Agriturismo,,1,2,1
2023,Provincia di Sassari,Bonorva,Agriturismo,,1,6,2
2023,Provincia di Sassari,Bortigiadas,Agriturismo,,1,9,5
2023,Provincia di Sassari,Buddusò,Agriturismo,,2,30,8
2023,Provincia di Sassari,Budoni,Agriturismo,,4,45,16
2023,Provincia di Sassari,Burgos,Agriturismo,,1,9,3
2023,Provincia di Sassari,Calangianus,Agriturismo,,2,36,14
2023,Provincia di Sassari,Chiaramonti,Agriturismo,,2,20,10
2023,Provincia di Sassari,Ittiri,Agriturismo,,1,16,9
2023,Provincia di Sassari,Loiri Porto San Paolo,Agriturismo,,4,39,0
2023,Provincia di Sassari,Luogosanto,Agriturismo,,10,113,36
2023,Provincia di Sassari,Luras,Agriturismo,,1,10,5
2023,Provincia di Sassari,Martis,Agriturismo,,3,26,19
2023,Provincia di Sassari,Monti,Agriturismo,,8,87,32
2023,Provincia di Sassari,Nulvi,Agriturismo,,7,125,40
2023,Provincia di Sassari,Olbia,Agriturismo,,23,225,85
2023,Provincia di Sassari,Olmedo,Agriturismo,,5,51,21
2023,Provincia di Sassari,Ozieri,Agriturismo,,1,11,5
2023,Provincia di Sassari,Padria,Agriturismo,,1,16,0
2023,Provincia di Sassari,Padru,Agriturismo,,14,178,68
2023,Provincia di Sassari,Palau,Agriturismo,,1,18,0
2023,Provincia di Sassari,Pattada,Agriturismo,,1,12,6
2023,Provincia di Sassari,Perfugas,Agriturismo,,2,17,9
2023,Provincia di Sassari,Porto Torres,Agriturismo,,3,43,12
2023,Provincia di Sassari,Putifigari,Agriturismo,,1,8,4
2023,Provincia di Sassari,Romana,Agriturismo,,1,20,0
2023,Provincia di Sassari,San Teodoro,Agriturismo,,3,49,19
2023,Provincia di Sassari,Sant'Antonio Di Gallura,Agriturismo,,2,15,2
2023,Provincia di Sassari,Santa Maria Coghinas,Agriturismo,,2,18,9
2023,Provincia di Sassari,Santa Teresa Gallura,Agriturismo,,4,24,14
2023,Provincia di Sassari,Sassari,Agriturismo,,32,339,122
2023,Provincia di Sassari,Sedini,Agriturismo,,1,7,3
2023,Provincia di Sassari,Sorso,Agriturismo,,1,12,6
2023,Provincia di Sassari,Stintino,Agriturismo,,6,74,38
2023,Provincia di Sassari,Telti,Agriturismo,,2,14,7
2023,Provincia di Sassari,Tempio Pausania,Agriturismo,,6,56,27
2023,Provincia di Sassari,Tergu,Agriturismo,,1,8,4
2023,Provincia di Sassari,Thiesi,Agriturismo,,1,4,2
2023,Provincia di Sassari,Trinità D'Agultu E Vignola,Agriturismo,,3,59,27
2023,Provincia di Sassari,Tula,Agriturismo,,1,20,11
2023,Provincia di Sassari,Valledoria,Agriturismo,,6,60,13
2023,Provincia di Sassari,Villanova Monteleone,Agriturismo,,3,24,11
2023,Provincia di Oristano,Samugheo,Agriturismo,Non definito,1,6,3
2023,Città metropolitana di Cagliari,Cagliari,Albergo,1 Stella,4,75,35
2023,Città metropolitana di Cagliari,Quartu Sant'Elena,Albergo,1 Stella,1,18,13
2023,Città metropolitana di Cagliari,Sarroch,Albergo,1 Stella,1,25,14
2023,Provincia del Sud Sardegna,Arbus,Albergo,1 Stella,1,14,8
2023,Provincia del Sud Sardegna,Carbonia,Albergo,1 Stella,1,10,7
2023,Provincia del Sud Sardegna,Fluminimaggiore,Albergo,1 Stella,1,18,9
2023,Provincia del Sud Sardegna,Muravera,Albergo,1 Stella,1,24,16
2023,Provincia del Sud Sardegna,San Gavino Monreale,Albergo,1 Stella,1,19,16
2023,Provincia del Sud Sardegna,Vallermosa,Albergo,1 Stella,1,24,12
2023,Provincia del Sud Sardegna,Villasimius,Albergo,1 Stella,1,20,8
2023,Provincia del Sud Sardegna,Villasor,Albergo,1 Stella,1,13,11
2023,Provincia di Nuoro,Desulo,Albergo,1 Stella,1,19,7
2023,Provincia di Nuoro,Jerzu,Albergo,1 Stella,1,19,8
2023,Provincia di Nuoro,Macomer,Albergo,1 Stella,1,18,12
2023,Provincia di Nuoro,Ortueri,Albergo,1 Stella,1,13,8
2023,Provincia di Nuoro,Tonara,Albergo,1 Stella,1,10,7
2023,Provincia di Nuoro,Tortolì,Albergo,1 Stella,1,20,10
2023,Provincia di Oristano,Bosa,Albergo,1 Stella,1,24,14
2023,Provincia di Oristano,Terralba,Albergo,1 Stella,1,9,8
2023,Provincia di Sassari,Budoni,Albergo,1 Stella,2,41,21
2023,Provincia di Sassari,Olbia,Albergo,1 Stella,1,13,7
2023,Città metropolitana di Cagliari,Cagliari,Albergo,2 Stelle,3,67,37
2023,Città metropolitana di Cagliari,Quartu Sant'Elena,Albergo,2 Stelle,1,23,15
2023,Città metropolitana di Cagliari,Sarroch,Albergo,2 Stelle,1,24,15
2023,Città metropolitana di Cagliari,Settimo San Pietro,Albergo,2 Stelle,1,20,7
2023,Provincia del Sud Sardegna,Arbus,Albergo,2 Stelle,2,37,16
2023,Provincia del Sud Sardegna,Calasetta,Albergo,2 Stelle,1,36,20
2023,Provincia del Sud Sardegna,Castiadas,Albergo,2 Stelle,1,20,7
2023,Provincia del Sud Sardegna,Domus De Maria,Albergo,2 Stelle,1,37,20
2023,Provincia del Sud Sardegna,Giba,Albergo,2 Stelle,1,28,13
2023,Provincia del Sud Sardegna,Guspini,Albergo,2 Stelle,1,20,17
2023,Provincia del Sud Sardegna,Isili,Albergo,2 Stelle,1,25,14
2023,Provincia del Sud Sardegna,Muravera,Albergo,2 Stelle,1,26,13
2023,Provincia del Sud Sardegna,Nuraminis,Albergo,2 Stelle,1,37,20
2023,Provincia del Sud Sardegna,Sant'Antioco,Albergo,2 Stelle,1,25,15
2023,Provincia del Sud Sardegna,Sardara,Albergo,2 Stelle,2,59,28
2023,Provincia del Sud Sardegna,Serrenti,Albergo,2 Stelle,1,18,11
2023,Provincia del Sud Sardegna,Seulo,Albergo,2 Stelle,1,22,10
2023,Provincia del Sud Sardegna,Villasimius,Albergo,2 Stelle,1,49,27
2023,Provincia di Nuoro,Aritzo,Albergo,2 Stelle,1,40,16
2023,Provincia di Nuoro,Baunei,Albergo,2 Stelle,1,37,17
2023,Provincia di Nuoro,Belvì,Albergo,2 Stelle,1,24,12
2023,Provincia di Nuoro,Dorgali,Albergo,2 Stelle,3,45,24
2023,Provincia di Nuoro,Fonni,Albergo,2 Stelle,1,12,7
2023,Provincia di Nuoro,Galtellì,Albergo,2 Stelle,3,37,22
2023,Provincia di Nuoro,Irgoli,Albergo,2 Stelle,1,21,7
2023,Provincia di Nuoro,Lodè,Albergo,2 Stelle,1,22,11
2023,Provincia di Nuoro,Macomer,Albergo,2 Stelle,1,25,15
2023,Provincia di Nuoro,Nuoro,Albergo,2 Stelle,1,20,13
2023,Provincia di Nuoro,Orgosolo,Albergo,2 Stelle,2,55,32
2023,Provincia di Nuoro,Ottana,Albergo,2 Stelle,2,39,34
2023,Provincia di Nuoro,Posada,Albergo,2 Stelle,2,43,21
2023,Provincia di Nuoro,Sorgono,Albergo,2 Stelle,1,24,14
2023,Provincia di Nuoro,Tonara,Albergo,2 Stelle,1,24,14
2023,Provincia di Oristano,Arborea,Albergo,2 Stelle,4,129,53
2023,Provincia di Oristano,Bosa,Albergo,2 Stelle,1,22,12
2023,Provincia di Oristano,Cabras,Albergo,2 Stelle,1,20,10
2023,Provincia di Oristano,Oristano,Albergo,2 Stelle,1,25,12
2023,Provincia di Oristano,Santu Lussurgiu,Albergo,2 Stelle,1,22,12
2023,Provincia di Oristano,Tramatza,Albergo,2 Stelle,1,27,14
2023,Provincia di Oristano,Tresnuraghes,Albergo,2 Stelle,1,16,9
2023,Provincia di Sassari,Aglientu,Albergo,2 Stelle,1,12,7
2023,Provincia di Sassari,Arzachena,Albergo,2 Stelle,1,20,10
2023,Provincia di Sassari,Badesi,Albergo,2 Stelle,1,12,8
2023,Provincia di Sassari,Bultei,Albergo,2 Stelle,1,25,15
2023,Provincia di Sassari,Castelsardo,Albergo,2 Stelle,1,22,12
2023,Provincia di Sassari,Golfo Aranci,Albergo,2 Stelle,2,39,15
2023,Provincia di Sassari,Olbia,Albergo,2 Stelle,1,22,15
2023,Provincia di Sassari,Padru,Albergo,2 Stelle,1,18,9
2023,Provincia di Sassari,San Teodoro,Albergo,2 Stelle,1,25,0
2023,Provincia di Sassari,Santa Teresa Gallura,Albergo,2 Stelle,1,26,11
2023,Provincia di Sassari,Sassari,Albergo,2 Stelle,2,66,35
2023,Provincia di Sassari,Sennori,Albergo,2 Stelle,1,17,9
2023,Provincia di Sassari,Stintino,Albergo,2 Stelle,1,18,8
2023,Provincia di Sassari,Tempio Pausania,Albergo,2 Stelle,1,14,7
2023,Provincia di Sassari,Trinità D'Agultu E Vignola,Albergo,2 Stelle,2,25,17
2023,Provincia di Sassari,Valledoria,Albergo,2 Stelle,1,20,10
2023,Provincia di Sassari,Villanova Monteleone,Albergo,2 Stelle,1,24,11
2023,Città metropolitana di Cagliari,Cagliari,Albergo,3 Stelle,13,647,337
2023,Città metropolitana di Cagliari,Capoterra,Albergo,3 Stelle,2,40,20
2023,Città metropolitana di Cagliari,Maracalagonis,Albergo,3 Stelle,1,30,15
2023,Città metropolitana di Cagliari,Pula,Albergo,3 Stelle,6,234,121
2023,Città metropolitana di Cagliari,Quartu Sant'Elena,Albergo,3 Stelle,3,57,30
2023,Città metropolitana di Cagliari,Quartucciu,Albergo,3 Stelle,2,83,42
2023,Città metropolitana di Cagliari,Selargius,Albergo,3 Stelle,1,147,87
2023,Città metropolitana di Cagliari,Sinnai,Albergo,3 Stelle,2,79,28
2023,Città metropolitana di Cagliari,Uta,Albergo,3 Stelle,1,20,10
2023,Città metropolitana di Cagliari,Villa San Pietro,Albergo,3 Stelle,1,20,10
2023,Provincia del Sud Sardegna,Arbus,Albergo,3 Stelle,5,132,73
2023,Provincia del Sud Sardegna,Barumini,Albergo,3 Stelle,2,35,17
2023,Provincia del Sud Sardegna,Buggerru,Albergo,3 Stelle,1,22,11
2023,Provincia del Sud Sardegna,Calasetta,Albergo,3 Stelle,4,283,135
2023,Provincia del Sud Sardegna,Carloforte,Albergo,3 Stelle,7,251,135
2023,Provincia del Sud Sardegna,Castiadas,Albergo,3 Stelle,1,20,10
2023,Provincia del Sud Sardegna,Domus De Maria,Albergo,3 Stelle,2,109,48
2023,Provincia del Sud Sardegna,Domusnovas,Albergo,3 Stelle,1,44,19
2023,Provincia del Sud Sardegna,Fluminimaggiore,Albergo,3 Stelle,1,20,14
2023,Provincia del Sud Sardegna,Guspini,Albergo,3 Stelle,1,12,9
2023,Provincia del Sud Sardegna,Iglesias,Albergo,3 Stelle,4,83,48
2023,Provincia del Sud Sardegna,Monastir,Albergo,3 Stelle,1,46,22
2023,Provincia del Sud Sardegna,Muravera,Albergo,3 Stelle,3,487,239
2023,Provincia del Sud Sardegna,Narcao,Albergo,3 Stelle,1,17,9
2023,Provincia del Sud Sardegna,Nurri,Albergo,3 Stelle,1,20,10
2023,Provincia del Sud Sardegna,Portoscuso,Albergo,3 Stelle,2,115,55
2023,Provincia del Sud Sardegna,San Gavino Monreale,Albergo,3 Stelle,1,13,10
2023,Provincia del Sud Sardegna,San Giovanni Suergiu,Albergo,3 Stelle,1,20,12
2023,Provincia del Sud Sardegna,San Sperate,Albergo,3 Stelle,1,23,8
2023,Provincia del Sud Sardegna,Sanluri,Albergo,3 Stelle,1,19,11
2023,Provincia del Sud Sardegna,Sant'Anna Arresi,Albergo,3 Stelle,4,193,97
2023,Provincia del Sud Sardegna,Sant'Antioco,Albergo,3 Stelle,4,112,57
2023,Provincia del Sud Sardegna,Sardara,Albergo,3 Stelle,1,170,83
2023,Provincia del Sud Sardegna,Senorbì,Albergo,3 Stelle,1,24,12
2023,Provincia del Sud Sardegna,Teulada,Albergo,3 Stelle,2,70,44
2023,Provincia del Sud Sardegna,Villanovaforru,Albergo,3 Stelle,1,72,30
2023,Provincia del Sud Sardegna,Villaputzu,Albergo,3 Stelle,1,20,20
2023,Provincia del Sud Sardegna,Villasimius,Albergo,3 Stelle,24,721,360
2023,Provincia di Nuoro,Aritzo,Albergo,3 Stelle,1,50,31
2023,Provincia di Nuoro,Bari Sardo,Albergo,3 Stelle,2,81,35
2023,Provincia di Nuoro,Baunei,Albergo,3 Stelle,5,198,104
2023,Provincia di Nuoro,Bolotana,Albergo,3 Stelle,1,84,53
2023,Provincia di Nuoro,Cardedu,Albergo,3 Stelle,4,105,47
2023,Provincia di Nuoro,Dorgali,Albergo,3 Stelle,15,587,307
2023,Provincia di Nuoro,Fonni,Albergo,3 Stelle,1,88,50
2023,Provincia di Nuoro,Gavoi,Albergo,3 Stelle,2,117,58
2023,Provincia di Nuoro,Girasole,Albergo,3 Stelle,1,18,10
2023,Provincia di Nuoro,Ilbono,Albergo,3 Stelle,1,20,13
2023,Provincia di Nuoro,Jerzu,Albergo,3 Stelle,1,25,11
2023,Provincia di Nuoro,Lanusei,Albergo,3 Stelle,3,55,25
2023,Provincia di Nuoro,Lotzorai,Albergo,3 Stelle,3,163,87
2023,Provincia di Nuoro,Macomer,Albergo,3 Stelle,1,10,9
2023,Provincia di Nuoro,Nuoro,Albergo,3 Stelle,3,279,145
2023,Provincia di Nuoro,Oliena,Albergo,3 Stelle,1,32,16
2023,Provincia di Nuoro,Orosei,Albergo,3 Stelle,9,355,175
2023,Provincia di Nuoro,Osini,Albergo,3 Stelle,2,38,22
2023,Provincia di Nuoro,Posada,Albergo,3 Stelle,3,96,51
2023,Provincia di Nuoro,Siniscola,Albergo,3 Stelle,5,150,76
2023,Provincia di Nuoro,Talana,Albergo,3 Stelle,1,20,10
2023,Provincia di Nuoro,Tertenia,Albergo,3 Stelle,2,40,21
2023,Provincia di Nuoro,Tonara,Albergo,3 Stelle,1,22,11
2023,Provincia di Nuoro,Tortolì,Albergo,3 Stelle,5,251,109
2023,Provincia di Nuoro,Ulassai,Albergo,3 Stelle,1,24,13
2023,Provincia di Nuoro,Urzulei,Albergo,3 Stelle,1,70,36
2023,Provincia di Nuoro,Villagrande Strisaili,Albergo,3 Stelle,1,14,7
2023,Provincia di Oristano,Arborea,Albergo,3 Stelle,2,274,81
2023,Provincia di Oristano,Bosa,Albergo,3 Stelle,4,211,103
2023,Provincia di Oristano,Cabras,Albergo,3 Stelle,2,60,33
2023,Provincia di Oristano,Cuglieri,Albergo,3 Stelle,1,24,12
2023,Provincia di Oristano,Magomadas,Albergo,3 Stelle,1,28,15
2023,Provincia di Oristano,Oristano,Albergo,3 Stelle,3,192,97
2023,Provincia di Oristano,Riola Sardo,Albergo,3 Stelle,1,17,7
2023,Provincia di Oristano,San Vero Milis,Albergo,3 Stelle,1,24,9
2023,Provincia di Sassari,Aglientu,Albergo,3 Stelle,4,127,31
2023,Provincia di Sassari,Alghero,Albergo,3 Stelle,14,1403,640
2023,Provincia di Sassari,Arzachena,Albergo,3 Stelle,21,1462,659
2023,Provincia di Sassari,Badesi,Albergo,3 Stelle,3,106,52
2023,Provincia di Sassari,Benetutti,Albergo,3 Stelle,1,120,61
2023,Provincia di Sassari,Berchidda,Albergo,3 Stelle,2,103,55
2023,Provincia di Sassari,Bono,Albergo,3 Stelle,1,34,0
2023,Provincia di Sassari,Bortigiadas,Albergo,3 Stelle,1,21,8
2023,Provincia di Sassari,Buddusò,Albergo,3 Stelle,1,42,26
2023,Provincia di Sassari,Budoni,Albergo,3 Stelle,10,916,451
2023,Provincia di Sassari,Castelsardo,Albergo,3 Stelle,5,346,146
2023,Provincia di Sassari,Golfo Aranci,Albergo,3 Stelle,4,150,78
2023,Provincia di Sassari,La Maddalena,Albergo,3 Stelle,10,1249,588
2023,Provincia di Sassari,Loiri Porto San Paolo,Albergo,3 Stelle,2,148,64
2023,Provincia di Sassari,Luogosanto,Albergo,3 Stelle,1,128,64
2023,Provincia di Sassari,Luras,Albergo,3 Stelle,1,20,11
2023,Provincia di Sassari,Mores,Albergo,3 Stelle,1,20,10
2023,Provincia di Sassari,Olbia,Albergo,3 Stelle,15,839,393
2023,Provincia di Sassari,Ozieri,Albergo,3 Stelle,1,28,14
2023,Provincia di Sassari,Palau,Albergo,3 Stelle,6,324,126
2023,Provincia di Sassari,Pattada,Albergo,3 Stelle,2,93,11
2023,Provincia di Sassari,Porto Torres,Albergo,3 Stelle,2,126,22
2023,Provincia di Sassari,San Teodoro,Albergo,3 Stelle,14,878,472
2023,Provincia di Sassari,Sant'Antonio Di Gallura,Albergo,3 Stelle,1,30,15
2023,Provincia di Sassari,Santa Teresa Gallura,Albergo,3 Stelle,18,3342,1049
2023,Provincia di Sassari,Sassari,Albergo,3 Stelle,3,443,234
2023,Provincia di Sassari,Sorso,Albergo,3 Stelle,3,550,236
2023,Provincia di Sassari,Stintino,Albergo,3 Stelle,5,226,113
2023,Provincia di Sassari,Tempio Pausania,Albergo,3 Stelle,4,343,165
2023,Provincia di Sassari,Thiesi,Albergo,3 Stelle,1,31,15
2023,Provincia di Sassari,Trinità D'Agultu E Vignola,Albergo,3 Stelle,2,60,29
2023,Provincia di Sassari,Uri,Albergo,3 Stelle,1,29,15
2023,Provincia di Sassari,Valledoria,Albergo,3 Stelle,3,148,70
2023,Città metropolitana di Cagliari,Assemini,Albergo,4 Stelle,1,182,84
2023,Città metropolitana di Cagliari,Cagliari,Albergo,4 Stelle,8,1351,645
2023,Città metropolitana di Cagliari,Capoterra,Albergo,4 Stelle,1,153,71
2023,Città metropolitana di Cagliari,Pula,Albergo,4 Stelle,16,2679,1193
2023,Città metropolitana di Cagliari,Quartu Sant'Elena,Albergo,4 Stelle,2,845,370
2023,Provincia del Sud Sardegna,Arbus,Albergo,4 Stelle,2,95,52
2023,Provincia del Sud Sardegna,Buggerru,Albergo,4 Stelle,1,68,28
2023,Provincia del Sud Sardegna,Carbonia,Albergo,4 Stelle,1,132,66
2023,Provincia del Sud Sardegna,Carloforte,Albergo,4 Stelle,3,178,86
2023,Provincia del Sud Sardegna,Castiadas,Albergo,4 Stelle,5,1616,720
2023,Provincia del Sud Sardegna,Domus De Maria,Albergo,4 Stelle,3,1276,563
2023,Provincia del Sud Sardegna,Iglesias,Albergo,4 Stelle,1,63,26
2023,Provincia del Sud Sardegna,Muravera,Albergo,4 Stelle,6,1184,520
2023,Provincia del Sud Sardegna,Portoscuso,Albergo,4 Stelle,2,114,47
2023,Provincia del Sud Sardegna,Sant'Anna Arresi,Albergo,4 Stelle,2,427,187
2023,Provincia del Sud Sardegna,Sant'Antioco,Albergo,4 Stelle,2,139,69
2023,Provincia del Sud Sardegna,Santadi,Albergo,4 Stelle,1,33,0
2023,Provincia del Sud Sardegna,Sardara,Albergo,4 Stelle,1,102,51
2023,Provincia del Sud Sardegna,Villasimius,Albergo,4 Stelle,6,770,319
2023,Provincia di Nuoro,Aritzo,Albergo,4 Stelle,1,113,50
2023,Provincia di Nuoro,Bari Sardo,Albergo,4 Stelle,2,221,103
2023,Provincia di Nuoro,Baunei,Albergo,4 Stelle,2,87,40
2023,Provincia di Nuoro,Bitti,Albergo,4 Stelle,1,40,18
2023,Provincia di Nuoro,Cardedu,Albergo,4 Stelle,2,556,200
2023,Provincia di Nuoro,Dorgali,Albergo,4 Stelle,10,1272,619
2023,Provincia di Nuoro,Gavoi,Albergo,4 Stelle,1,180,90
2023,Provincia di Nuoro,Lanusei,Albergo,4 Stelle,1,164,77
2023,Provincia di Nuoro,Oliena,Albergo,4 Stelle,1,134,67
2023,Provincia di Nuoro,Orosei,Albergo,4 Stelle,8,2263,1044
2023,Provincia di Nuoro,Posada,Albergo,4 Stelle,3,131,71
2023,Provincia di Nuoro,Siniscola,Albergo,4 Stelle,1,391,184
2023,Provincia di Nuoro,Tortolì,Albergo,4 Stelle,6,483,237
2023,Provincia di Nuoro,Villagrande Strisaili,Albergo,4 Stelle,1,72,24
2023,Provincia di Oristano,Abbasanta,Albergo,4 Stelle,1,25,10
2023,Provincia di Oristano,Arborea,Albergo,4 Stelle,4,730,321
2023,Provincia di Oristano,Bosa,Albergo,4 Stelle,1,254,139
2023,Provincia di Oristano,Cabras,Albergo,4 Stelle,1,22,11
2023,Provincia di Oristano,Cuglieri,Albergo,4 Stelle,1,57,29
2023,Provincia di Oristano,Fordongianus,Albergo,4 Stelle,1,200,90
2023,Provincia di Oristano,Oristano,Albergo,4 Stelle,3,403,210
2023,Provincia di Oristano,San Vero Milis,Albergo,4 Stelle,2,96,47
2023,Provincia di Sassari,Alghero,Albergo,4 Stelle,14,3742,1453
2023,Provincia di Sassari,Arzachena,Albergo,4 Stelle,31,4536,2020
2023,Provincia di Sassari,Badesi,Albergo,4 Stelle,2,44,20
2023,Provincia di Sassari,Benetutti,Albergo,4 Stelle,1,46,23
2023,Provincia di Sassari,Buddusò,Albergo,4 Stelle,2,57,32
2023,Provincia di Sassari,Budoni,Albergo,4 Stelle,9,3125,1300
2023,Provincia di Sassari,Castelsardo,Albergo,4 Stelle,6,919,400
2023,Provincia di Sassari,Golfo Aranci,Albergo,4 Stelle,7,1793,715
2023,Provincia di Sassari,La Maddalena,Albergo,4 Stelle,2,230,94
2023,Provincia di Sassari,Loiri Porto San Paolo,Albergo,4 Stelle,4,341,145
2023,Provincia di Sassari,Luras,Albergo,4 Stelle,1,20,13
2023,Provincia di Sassari,Olbia,Albergo,4 Stelle,33,3610,1623
2023,Provincia di Sassari,Palau,Albergo,4 Stelle,5,1858,723
2023,Provincia di Sassari,Porto Torres,Albergo,4 Stelle,1,87,36
2023,Provincia di Sassari,San Teodoro,Albergo,4 Stelle,4,922,374
2023,Provincia di Sassari,Sant'Antonio Di Gallura,Albergo,4 Stelle,2,60,36
2023,Provincia di Sassari,Santa Maria Coghinas,Albergo,4 Stelle,2,142,60
2023,Provincia di Sassari,Santa Teresa Gallura,Albergo,4 Stelle,6,677,301
2023,Provincia di Sassari,Sassari,Albergo,4 Stelle,3,431,269
2023,Provincia di Sassari,Sorso,Albergo,4 Stelle,2,1156,448
2023,Provincia di Sassari,Stintino,Albergo,4 Stelle,5,1589,617
2023,Provincia di Sassari,Tempio Pausania,Albergo,4 Stelle,3,225,78
2023,Provincia di Sassari,Trinità D'Agultu E Vignola,Albergo,4 Stelle,4,759,121
2023,Provincia di Sassari,Valledoria,Albergo,4 Stelle,2,340,78
2023,Provincia di Sassari,Arzachena,Albergo,4 Stelle Superior,1,95,42
2023,Città metropolitana di Cagliari,Cagliari,Albergo,5 Stelle,2,192,94
2023,Città metropolitana di Cagliari,Pula,Albergo,5 Stelle,5,1124,475
2023,Provincia del Sud Sardegna,Castiadas,Albergo,5 Stelle,1,133,61
2023,Provincia del Sud Sardegna,Dolianova,Albergo,5 Stelle,1,20,10
2023,Provincia del Sud Sardegna,Domus De Maria,Albergo,5 Stelle,2,228,83
2023,Provincia del Sud Sardegna,Villasimius,Albergo,5 Stelle,2,1044,429
2023,Provincia di Oristano,Narbolia,Albergo,5 Stelle,1,332,109
2023,Provincia di Sassari,Alghero,Albergo,5 Stelle,2,534,203
2023,Provincia di Sassari,Arzachena,Albergo,5 Stelle,13,1752,807
2023,Provincia di Sassari,La Maddalena,Albergo,5 Stelle,1,202,92
2023,Provincia di Sassari,Olbia,Albergo,5 Stelle,2,519,224
2023,Provincia di Sassari,Palau,Albergo,5 Stelle,1,131,65
2023,Provincia di Sassari,San Teodoro,Albergo,5 Stelle,2,434,178
2023,Provincia di Sassari,Santa Teresa Gallura,Albergo,5 Stelle,3,978,476
2023,Provincia di Sassari,Trinità D'Agultu E Vignola,Albergo,5 Stelle,1,621,214
2023,Provincia di Sassari,Arzachena,Albergo,5 Stelle Lusso,3,621,282
2023,Provincia di Sassari,San Teodoro,Albergo,5 Stelle Lusso,1,292,0
2023,Provincia di Nuoro,Dorgali,Albergo diffuso,2 Stelle,1,12,7
2023,Provincia di Sassari,Ittireddu,Albergo diffuso,2 Stelle,2,20,13
2023,Città metropolitana di Cagliari,Cagliari,Albergo diffuso,3 Stelle,1,26,12
2023,Provincia del Sud Sardegna,Orroli,Albergo diffuso,3 Stelle,1,23,11
2023,Provincia di Nuoro,Loceri,Albergo diffuso,3 Stelle,1,16,8
2023,Provincia di Oristano,Baressa,Albergo diffuso,3 Stelle,2,24,12
2023,Provincia di Oristano,Bosa,Albergo diffuso,3 Stelle,8,94,38
2023,Provincia di Oristano,Santu Lussurgiu,Albergo diffuso,3 Stelle,4,67,28
2023,Provincia di Oristano,Tresnuraghes,Albergo diffuso,3 Stelle,4,115,44
2023,Provincia di Sassari,La Maddalena,Albergo diffuso,3 Stelle,1,12,6
2023,Provincia di Sassari,Olbia,Albergo diffuso,3 Stelle,1,23,9
2023,Provincia di Nuoro,Orosei,Albergo diffuso,4 Stelle,1,44,19
2023,Provincia di Oristano,Cabras,Albergo diffuso,4 Stelle,1,34,16
2023,Provincia di Sassari,Olbia,Albergo diffuso,4 Stelle,3,14,7
2023,Città metropolitana di Cagliari,Pula,Albergo residenziale,2 Stelle,2,89,36
2023,Provincia del Sud Sardegna,Villasimius,Albergo residenziale,2 Stelle,3,78,34
2023,Provincia di Oristano,San Vero Milis,Albergo residenziale,2 Stelle,1,20,11
2023,Provincia di Sassari,Alghero,Albergo residenziale,2 Stelle,1,275,66
2023,Provincia di Sassari,Budoni,Albergo residenziale,2 Stelle,1,49,18
2023,Provincia di Sassari,La Maddalena,Albergo residenziale,2 Stelle,1,50,17
2023,Città metropolitana di Cagliari,Cagliari,Albergo residenziale,3 Stelle,1,298,122
2023,Città metropolitana di Cagliari,Elmas,Albergo residenziale,3 Stelle,1,66,38
2023,Città metropolitana di Cagliari,Pula,Albergo residenziale,3 Stelle,4,253,71
2023,Città metropolitana di Cagliari,Quartu Sant'Elena,Albergo residenziale,3 Stelle,1,198,83
2023,Città metropolitana di Cagliari,Sinnai,Albergo residenziale,3 Stelle,1,114,32
2023,Provincia del Sud Sardegna,Muravera,Albergo residenziale,3 Stelle,1,302,98
2023,Provincia del Sud Sardegna,Villasimius,Albergo residenziale,3 Stelle,9,797,256
2023,Provincia di Nuoro,Bari Sardo,Albergo residenziale,3 Stelle,3,165,79
2023,Provincia di Nuoro,Nuoro,Albergo residenziale,3 Stelle,1,24,11
2023,Provincia di Nuoro,Orosei,Albergo residenziale,3 Stelle,4,887,239
2023,Provincia di Nuoro,Tortolì,Albergo residenziale,3 Stelle,2,133,36
2023,Provincia di Oristano,Bosa,Albergo residenziale,3 Stelle,1,130,36
2023,Provincia di Sassari,Aglientu,Albergo residenziale,3 Stelle,1,176,88
2023,Provincia di Sassari,Alghero,Albergo residenziale,3 Stelle,2,375,72
2023,Provincia di Sassari,Arzachena,Albergo residenziale,3 Stelle,2,210,38
2023,Provincia di Sassari,Budoni,Albergo residenziale,3 Stelle,4,423,96
2023,Provincia di Sassari,Castelsardo,Albergo residenziale,3 Stelle,2,170,52
2023,Provincia di Sassari,Golfo Aranci,Albergo residenziale,3 Stelle,1,432,0
2023,Provincia di Sassari,La Maddalena,Albergo residenziale,3 Stelle,1,58,19
2023,Provincia di Sassari,Loiri Porto San Paolo,Albergo residenziale,3 Stelle,1,98,0
2023,Provincia di Sassari,Olbia,Albergo residenziale,3 Stelle,4,975,170
2023,Provincia di Sassari,Palau,Albergo residenziale,3 Stelle,3,852,260
2023,Provincia di Sassari,Porto Torres,Albergo residenziale,3 Stelle,1,35,0
2023,Provincia di Sassari,San Teodoro,Albergo residenziale,3 Stelle,2,755,128
2023,Provincia di Sassari,Stintino,Albergo residenziale,3 Stelle,5,2920,607
2023,Provincia di Sassari,Valledoria,Albergo residenziale,3 Stelle,3,621,232
2023,Città metropolitana di Cagliari,Pula,Albergo residenziale,4 Stelle,1,173,45
2023,Provincia del Sud Sardegna,Teulada,Albergo residenziale,4 Stelle,1,197,45
2023,Provincia del Sud Sardegna,Villasimius,Albergo residenziale,4 Stelle,1,165,45
2023,Provincia di Nuoro,Cardedu,Albergo residenziale,4 Stelle,1,48,12
2023,Provincia di Nuoro,Orosei,Albergo residenziale,4 Stelle,1,391,176
2023,Provincia di Nuoro,Tertenia,Albergo residenziale,4 Stelle,1,20,13
2023,Provincia di Sassari,Alghero,Albergo residenziale,4 Stelle,1,42,25
2023,Provincia di Sassari,Arzachena,Albergo residenziale,4 Stelle,8,1757,480
2023,Provincia di Sassari,Badesi,Albergo residenziale,4 Stelle,1,280,0
2023,Provincia di Sassari,San Teodoro,Albergo residenziale,4 Stelle,2,314,979
2023,Provincia di Sassari,Santa Teresa Gallura,Albergo residenziale,4 Stelle,1,216,0
2023,Città metropolitana di Cagliari,Assemini,Alloggi privati,,50,260,88
2023,Città metropolitana di Cagliari,Cagliari,Alloggi privati,,1411,5453,2388
2023,Città metropolitana di Cagliari,Capoterra,Alloggi privati,,111,530,233
2023,Città metropolitana di Cagliari,Decimomannu,Alloggi privati,,19,62,28
2023,Città metropolitana di Cagliari,Elmas,Alloggi privati,,17,69,33
2023,Città metropolitana di Cagliari,Maracalagonis,Alloggi privati,,200,1257,570
2023,Città metropolitana di Cagliari,Monserrato,Alloggi privati,,47,176,86
2023,Città metropolitana di Cagliari,Pula,Alloggi privati,,520,2691,1256
2023,Città metropolitana di Cagliari,Quartu Sant'Elena,Alloggi privati,,772,3512,1525
2023,Città metropolitana di Cagliari,Quartucciu,Alloggi privati,,32,133,58
2023,Città metropolitana di Cagliari,Sarroch,Alloggi privati,,76,427,200
2023,Città metropolitana di Cagliari,Selargius,Alloggi privati,,36,148,65
2023,Città metropolitana di Cagliari,Sestu,Alloggi privati,,26,96,50
2023,Città metropolitana di Cagliari,Settimo San Pietro,Alloggi privati,,3,10,4
2023,Città metropolitana di Cagliari,Sinnai,Alloggi privati,,141,793,359
2023,Città metropolitana di Cagliari,Uta,Alloggi privati,,3,20,8
2023,Città metropolitana di Cagliari,Villa San Pietro,Alloggi privati,,27,126,62
2023,Provincia del Sud Sardegna,Arbus,Alloggi privati,,144,662,229
2023,Provincia del Sud Sardegna,Armungia,Alloggi privati,,1,6,3
2023,Provincia del Sud Sardegna,Buggerru,Alloggi privati,,53,230,97
2023,Provincia del Sud Sardegna,Burcei,Alloggi privati,,1,5,3
2023,Provincia del Sud Sardegna,Calasetta,Alloggi privati,,321,1484,469
2023,Provincia del Sud Sardegna,Carbonia,Alloggi privati,,45,197,70
2023,Provincia del Sud Sardegna,Carloforte,Alloggi privati,,198,906,316
2023,Provincia del Sud Sardegna,Castiadas,Alloggi privati,,135,744,322
2023,Provincia del Sud Sardegna,Collinas,Alloggi privati,,4,11,7
2023,Provincia del Sud Sardegna,Dolianova,Alloggi privati,,8,40,17
2023,Provincia del Sud Sardegna,Domus De Maria,Alloggi privati,,247,1266,481
2023,Provincia del Sud Sardegna,Domusnovas,Alloggi privati,,10,53,18
2023,Provincia del Sud Sardegna,Fluminimaggiore,Alloggi privati,,29,146,61
2023,Provincia del Sud Sardegna,Furtei,Alloggi privati,,1,2,1
2023,Provincia del Sud Sardegna,Genoni,Alloggi privati,,1,6,3
2023,Provincia del Sud Sardegna,Gergei,Alloggi privati,,3,19,9
2023,Provincia del Sud Sardegna,Giba,Alloggi privati,,24,107,35
2023,Provincia del Sud Sardegna,Gonnesa,Alloggi privati,,50,248,105
2023,Provincia del Sud Sardegna,Gonnosfanadiga,Alloggi privati,,3,13,7
2023,Provincia del Sud Sardegna,Guspini,Alloggi privati,,10,44,11
2023,Provincia del Sud Sardegna,Iglesias,Alloggi privati,,237,948,350
2023,Provincia del Sud Sardegna,Isili,Alloggi privati,,2,6,3
2023,Provincia del Sud Sardegna,Lunamatrona,Alloggi privati,,1,4,2
2023,Provincia del Sud Sardegna,Masainas,Alloggi privati,,15,54,24
2023,Provincia del Sud Sardegna,Monastir,Alloggi privati,,2,10,5
2023,Provincia del Sud Sardegna,Muravera,Alloggi privati,,349,1731,732
2023,Provincia del Sud Sardegna,Musei,Alloggi privati,,1,4,2
2023,Provincia del Sud Sardegna,Nuraminis,Alloggi privati,,1,4,2
2023,Provincia del Sud Sardegna,Nuxis,Alloggi privati,,2,8,4
2023,Provincia del Sud Sardegna,Orroli,Alloggi privati,,1,6,3
2023,Provincia del Sud Sardegna,Pabillonis,Alloggi privati,,3,14,7
2023,Provincia del Sud Sardegna,Perdaxius,Alloggi privati,,1,2,0
2023,Provincia del Sud Sardegna,Pimentel,Alloggi privati,,3,12,6
2023,Provincia del Sud Sardegna,Piscinas,Alloggi privati,,1,4,2
2023,Provincia del Sud Sardegna,Portoscuso,Alloggi privati,,82,312,111
2023,Provincia del Sud Sardegna,Sadali,Alloggi privati,,1,4,2
2023,Provincia del Sud Sardegna,Samassi,Alloggi privati,,3,17,4
2023,Provincia del Sud Sardegna,San Giovanni Suergiu,Alloggi privati,,43,199,82
2023,Provincia del Sud Sardegna,San Sperate,Alloggi privati,,11,40,19
2023,Provincia del Sud Sardegna,San Vito,Alloggi privati,,15,70,36
2023,Provincia del Sud Sardegna,Sanluri,Alloggi privati,,3,13,6
2023,Provincia del Sud Sardegna,Sant'Anna Arresi,Alloggi privati,,164,777,285
2023,Provincia del Sud Sardegna,Sant'Antioco,Alloggi privati,,392,1740,513
2023,Provincia del Sud Sardegna,Santadi,Alloggi privati,,6,29,11
2023,Provincia del Sud Sardegna,Sardara,Alloggi privati,,1,4,2
2023,Provincia del Sud Sardegna,Senorbì,Alloggi privati,,8,34,19
2023,Provincia del Sud Sardegna,Serdiana,Alloggi privati,,3,13,5
2023,Provincia del Sud Sardegna,Serramanna,Alloggi privati,,6,22,8
2023,Provincia del Sud Sardegna,Serri,Alloggi privati,,1,10,4
2023,Provincia del Sud Sardegna,Seui,Alloggi privati,,2,10,4
2023,Provincia del Sud Sardegna,Seulo,Alloggi privati,,2,10,5
2023,Provincia del Sud Sardegna,Silius,Alloggi privati,,1,2,1
2023,Provincia del Sud Sardegna,Soleminis,Alloggi privati,,4,12,6
2023,Provincia del Sud Sardegna,Suelli,Alloggi privati,,1,2,1
2023,Provincia del Sud Sardegna,Teulada,Alloggi privati,,150,640,231
2023,Provincia del Sud Sardegna,Tratalias,Alloggi privati,,2,11,4
2023,Provincia del Sud Sardegna,Turri,Alloggi privati,,1,5,2
2023,Provincia del Sud Sardegna,Ussana,Alloggi privati,,4,17,7
2023,Provincia del Sud Sardegna,Vallermosa,Alloggi privati,,1,4,0
2023,Provincia del Sud Sardegna,Villacidro,Alloggi privati,,8,32,11
2023,Provincia del Sud Sardegna,Villamassargia,Alloggi privati,,8,33,10
2023,Provincia del Sud Sardegna,Villanovaforru,Alloggi privati,,1,5,3
2023,Provincia del Sud Sardegna,Villanovafranca,Alloggi privati,,1,8,4
2023,Provincia del Sud Sardegna,Villaputzu,Alloggi privati,,77,388,156
2023,Provincia del Sud Sardegna,Villasimius,Alloggi privati,,724,3536,1550
2023,Provincia del Sud Sardegna,Villasor,Alloggi privati,,3,13,5
2023,Provincia del Sud Sardegna,Villaspeciosa,Alloggi privati,,1,4,2
2023,Provincia di Nuoro,Aritzo,Alloggi privati,,3,11,4
2023,Provincia di Nuoro,Arzana,Alloggi privati,,1,4,2
2023,Provincia di Nuoro,Atzara,Alloggi privati,,4,12,6
2023,Provincia di Nuoro,Austis,Alloggi privati,,5,28,12
2023,Provincia di Nuoro,Bari Sardo,Alloggi privati,,126,594,272
2023,Provincia di Nuoro,Baunei,Alloggi privati,,291,1185,560
2023,Provincia di Nuoro,Belvì,Alloggi privati,,3,14,9
2023,Provincia di Nuoro,Bolotana,Alloggi privati,,7,40,20
2023,Provincia di Nuoro,Cardedu,Alloggi privati,,77,353,161
2023,Provincia di Nuoro,Desulo,Alloggi privati,,5,30,14
2023,Provincia di Nuoro,Dorgali,Alloggi privati,,410,1879,863
2023,Provincia di Nuoro,Fonni,Alloggi privati,,1,4,1
2023,Provincia di Nuoro,Gairo,Alloggi privati,,4,16,7
2023,Provincia di Nuoro,Galtellì,Alloggi privati,,32,160,71
2023,Provincia di Nuoro,Gavoi,Alloggi privati,,3,13,6
2023,Provincia di Nuoro,Girasole,Alloggi privati,,19,81,39
2023,Provincia di Nuoro,Ilbono,Alloggi privati,,4,19,7
2023,Provincia di Nuoro,Irgoli,Alloggi privati,,22,126,49
2023,Provincia di Nuoro,Jerzu,Alloggi privati,,9,40,18
2023,Provincia di Nuoro,Lanusei,Alloggi privati,,10,41,18
2023,Provincia di Nuoro,Loceri,Alloggi privati,,11,46,19
2023,Provincia di Nuoro,Loculi,Alloggi privati,,7,29,12
2023,Provincia di Nuoro,Lotzorai,Alloggi privati,,76,302,136
2023,Provincia di Nuoro,Macomer,Alloggi privati,,1,2,1
2023,Provincia di Nuoro,Mamoiada,Alloggi privati,,17,103,49
2023,Provincia di Nuoro,Nuoro,Alloggi privati,,36,143,62
2023,Provincia di Nuoro,Oliena,Alloggi privati,,34,145,63
2023,Provincia di Nuoro,Onifai,Alloggi privati,,8,45,20
2023,Provincia di Nuoro,Orani,Alloggi privati,,4,12,6
2023,Provincia di Nuoro,Orgosolo,Alloggi privati,,8,50,20
2023,Provincia di Nuoro,Orosei,Alloggi privati,,565,2662,1204
2023,Provincia di Nuoro,Ortueri,Alloggi privati,,1,4,2
2023,Provincia di Nuoro,Orune,Alloggi privati,,1,4,2
2023,Provincia di Nuoro,Ottana,Alloggi privati,,1,8,4
2023,Provincia di Nuoro,Posada,Alloggi privati,,105,486,220
2023,Provincia di Nuoro,Sindia,Alloggi privati,,1,6,3
2023,Provincia di Nuoro,Siniscola,Alloggi privati,,298,1433,638
2023,Provincia di Nuoro,Talana,Alloggi privati,,2,12,6
2023,Provincia di Nuoro,Tertenia,Alloggi privati,,156,791,354
2023,Provincia di Nuoro,Tonara,Alloggi privati,,1,5,2
2023,Provincia di Nuoro,Torpè,Alloggi privati,,15,65,30
2023,Provincia di Nuoro,Tortolì,Alloggi privati,,279,1273,558
2023,Provincia di Nuoro,Triei,Alloggi privati,,9,41,19
2023,Provincia di Nuoro,Ulassai,Alloggi privati,,9,49,22
2023,Provincia di Nuoro,Urzulei,Alloggi privati,,6,24,11
2023,Provincia di Nuoro,Ussassai,Alloggi privati,,4,22,9
2023,Provincia di Nuoro,Villagrande Strisaili,Alloggi privati,,3,14,7
2023,Provincia di Oristano,Abbasanta,Alloggi privati,,4,20,7
2023,Provincia di Oristano,Aidomaggiore,Alloggi privati,,1,8,3
2023,Provincia di Oristano,Ales,Alloggi privati,,2,10,5
2023,Provincia di Oristano,Allai,Alloggi privati,,2,10,6
2023,Provincia di Oristano,Arborea,Alloggi privati,,7,33,15
2023,Provincia di Oristano,Ardauli,Alloggi privati,,1,4,2
2023,Provincia di Oristano,Assolo,Alloggi privati,,1,4,2
2023,Provincia di Oristano,Baratili San Pietro,Alloggi privati,,17,85,35
2023,Provincia di Oristano,Bauladu,Alloggi privati,,1,9,2
2023,Provincia di Oristano,Bonarcado,Alloggi privati,,2,8,4
2023,Provincia di Oristano,Bosa,Alloggi privati,,142,651,278
2023,Provincia di Oristano,Busachi,Alloggi privati,,1,4,2
2023,Provincia di Oristano,Cabras,Alloggi privati,,264,1237,549
2023,Provincia di Oristano,Cuglieri,Alloggi privati,,106,536,253
2023,Provincia di Oristano,Flussio,Alloggi privati,,7,30,14
2023,Provincia di Oristano,Fordongianus,Alloggi privati,,2,8,4
2023,Provincia di Oristano,Ghilarza,Alloggi privati,,7,29,10
2023,Provincia di Oristano,Gonnosnò,Alloggi privati,,2,4,2
2023,Provincia di Oristano,Gonnostramatza,Alloggi privati,,1,5,3
2023,Provincia di Oristano,Magomadas,Alloggi privati,,47,215,90
2023,Provincia di Oristano,Marrubiu,Alloggi privati,,9,48,22
2023,Provincia di Oristano,Milis,Alloggi privati,,10,52,25
2023,Provincia di Oristano,Modolo,Alloggi privati,,12,65,30
2023,Provincia di Oristano,Mogoro,Alloggi privati,,4,19,9
2023,Provincia di Oristano,Narbolia,Alloggi privati,,19,86,41
2023,Provincia di Oristano,Nurachi,Alloggi privati,,31,160,72
2023,Provincia di Oristano,Ollastra,Alloggi privati,,2,6,3
2023,Provincia di Oristano,Oristano,Alloggi privati,,274,1135,503
2023,Provincia di Oristano,Palmas Arborea,Alloggi privati,,4,8,5
2023,Provincia di Oristano,Paulilatino,Alloggi privati,,5,19,8
2023,Provincia di Oristano,Riola Sardo,Alloggi privati,,29,132,58
2023,Provincia di Oristano,Ruinas,Alloggi privati,,2,6,2
2023,Provincia di Oristano,Samugheo,Alloggi privati,,1,5,3
2023,Provincia di Oristano,San Nicolò D'Arcidano,Alloggi privati,,4,14,6
2023,Provincia di Oristano,San Vero Milis,Alloggi privati,,158,807,368
2023,Provincia di Oristano,Santa Giusta,Alloggi privati,,12,52,24
2023,Provincia di Oristano,Santu Lussurgiu,Alloggi privati,,11,64,31
2023,Provincia di Oristano,Scano Di Montiferro,Alloggi privati,,19,93,49
2023,Provincia di Oristano,Sedilo,Alloggi privati,,1,6,1
2023,Provincia di Oristano,Seneghe,Alloggi privati,,5,25,11
2023,Provincia di Oristano,Sennariolo,Alloggi privati,,2,12,6
2023,Provincia di Oristano,Siamaggiore,Alloggi privati,,3,12,5
2023,Provincia di Oristano,Siamanna,Alloggi privati,,2,12,5
2023,Provincia di Oristano,Siapiccia,Alloggi privati,,1,4,2
2023,Provincia di Oristano,Simaxis,Alloggi privati,,4,18,8
2023,Provincia di Oristano,Solarussa,Alloggi privati,,6,30,15
2023,Provincia di Oristano,Sorradile,Alloggi privati,,1,8,3
2023,Provincia di Oristano,Suni,Alloggi privati,,12,59,30
2023,Provincia di Oristano,Terralba,Alloggi privati,,17,79,34
2023,Provincia di Oristano,Tramatza,Alloggi privati,,1,4,2
2023,Provincia di Oristano,Tresnuraghes,Alloggi privati,,62,292,134
2023,Provincia di Oristano,Uras,Alloggi privati,,1,4,2
2023,Provincia di Oristano,Villanova Truschedu,Alloggi privati,,1,2,1
2023,Provincia di Oristano,Villaurbana,Alloggi privati,,4,30,12
2023,Provincia di Oristano,Zeddiani,Alloggi privati,,1,5,3
2023,Provincia di Oristano,Zerfaliu,Alloggi privati,,1,7,3
2023,Provincia di Sassari,Aggius,Alloggi privati,,12,51,25
2023,Provincia di Sassari,Aglientu,Alloggi privati,,141,788,296
2023,Provincia di Sassari,Alghero,Alloggi privati,,1728,7914,2398
2023,Provincia di Sassari,Alà Dei Sardi,Alloggi privati,,4,19,6
2023,Provincia di Sassari,Arzachena,Alloggi privati,,613,3008,1128
2023,Provincia di Sassari,Badesi,Alloggi privati,,109,478,159
2023,Provincia di Sassari,Banari,Alloggi privati,,1,5,20
2023,Provincia di Sassari,Berchidda,Alloggi privati,,8,39,11
2023,Provincia di Sassari,Bessude,Alloggi privati,,1,6,3
2023,Provincia di Sassari,Bonnanaro,Alloggi privati,,1,8,4
2023,Provincia di Sassari,Bono,Alloggi privati,,1,6,0
2023,Provincia di Sassari,Bonorva,Alloggi privati,,1,8,4
2023,Provincia di Sassari,Bortigiadas,Alloggi privati,,1,7,3
2023,Provincia di Sassari,Bottidda,Alloggi privati,,1,4,2
2023,Provincia di Sassari,Budoni,Alloggi privati,,605,3010,1103
2023,Provincia di Sassari,Bulzi,Alloggi privati,,1,2,1
2023,Provincia di Sassari,Calangianus,Alloggi privati,,9,43,12
2023,Provincia di Sassari,Castelsardo,Alloggi privati,,352,1606,502
2023,Provincia di Sassari,Cheremule,Alloggi privati,,1,6,3
2023,Provincia di Sassari,Codrongianos,Alloggi privati,,3,16,7
2023,Provincia di Sassari,Cossoine,Alloggi privati,,1,3,1
2023,Provincia di Sassari,Florinas,Alloggi privati,,1,12,6
2023,Provincia di Sassari,Golfo Aranci,Alloggi privati,,305,1610,594
2023,Provincia di Sassari,Ittiri,Alloggi privati,,2,13,5
2023,Provincia di Sassari,La Maddalena,Alloggi privati,,520,2263,808
2023,Provincia di Sassari,Loiri Porto San Paolo,Alloggi privati,,201,995,357
2023,Provincia di Sassari,Luogosanto,Alloggi privati,,14,70,34
2023,Provincia di Sassari,Luras,Alloggi privati,,3,8,6
2023,Provincia di Sassari,Martis,Alloggi privati,,3,22,7
2023,Provincia di Sassari,Monti,Alloggi privati,,3,8,1
2023,Provincia di Sassari,Nulvi,Alloggi privati,,7,32,13
2023,Provincia di Sassari,Olbia,Alloggi privati,,1678,8591,2669
2023,Provincia di Sassari,Olmedo,Alloggi privati,,40,190,64
2023,Provincia di Sassari,Oschiri,Alloggi privati,,2,8,1
2023,Provincia di Sassari,Osilo,Alloggi privati,,6,41,17
2023,Provincia di Sassari,Ossi,Alloggi privati,,3,9,5
2023,Provincia di Sassari,Ozieri,Alloggi privati,,5,16,8
2023,Provincia di Sassari,Padria,Alloggi privati,,1,6,0
2023,Provincia di Sassari,Padru,Alloggi privati,,11,46,22
2023,Provincia di Sassari,Palau,Alloggi privati,,522,2491,899
2023,Provincia di Sassari,Perfugas,Alloggi privati,,4,22,3
2023,Provincia di Sassari,Ploaghe,Alloggi privati,,1,4,2
2023,Provincia di Sassari,Porto Torres,Alloggi privati,,152,645,249
2023,Provincia di Sassari,Pozzomaggiore,Alloggi privati,,2,7,1
2023,Provincia di Sassari,Putifigari,Alloggi privati,,4,25,4
2023,Provincia di Sassari,San Teodoro,Alloggi privati,,1064,5432,1994
2023,Provincia di Sassari,Sant'Antonio Di Gallura,Alloggi privati,,9,42,15
2023,Provincia di Sassari,Santa Maria Coghinas,Alloggi privati,,19,82,33
2023,Provincia di Sassari,Santa Teresa Gallura,Alloggi privati,,597,2689,882
2023,Provincia di Sassari,Sassari,Alloggi privati,,280,1191,424
2023,Provincia di Sassari,Sedini,Alloggi privati,,5,26,6
2023,Provincia di Sassari,Sennori,Alloggi privati,,18,80,26
2023,Provincia di Sassari,Sorso,Alloggi privati,,126,665,287
2023,Provincia di Sassari,Stintino,Alloggi privati,,329,1643,501
2023,Provincia di Sassari,Telti,Alloggi privati,,24,122,44
2023,Provincia di Sassari,Tempio Pausania,Alloggi privati,,44,201,60
2023,Provincia di Sassari,Tergu,Alloggi privati,,8,36,19
2023,Provincia di Sassari,Thiesi,Alloggi privati,,3,13,5
2023,Provincia di Sassari,Tissi,Alloggi privati,,4,12,3
2023,Provincia di Sassari,Trinità D'Agultu E Vignola,Alloggi privati,,245,1217,407
2023,Provincia di Sassari,Uri,Alloggi privati,,6,30,11
2023,Provincia di Sassari,Usini,Alloggi privati,,1,2,1
2023,Provincia di Sassari,Valledoria,Alloggi privati,,222,1032,347
2023,Provincia di Sassari,Viddalba,Alloggi privati,,60,282,112
2023,Provincia di Sassari,Villanova Monteleone,Alloggi privati,,10,52,17
2023,Provincia di Oristano,Cabras,Alloggi privati,1 Stella,1,4,1
2023,Provincia di Oristano,Oristano,Alloggi privati,1 Stella,2,9,3
2023,Provincia di Sassari,Stintino,Alloggi privati,2 Stelle,1,2,0
2023,Città metropolitana di Cagliari,Assemini,Bed and breakfast,,2,9,5
2023,Città metropolitana di Cagliari,Cagliari,Bed and breakfast,,2,7,4
2023,Città metropolitana di Cagliari,Capoterra,Bed and breakfast,,12,60,33
2023,Città metropolitana di Cagliari,Decimomannu,Bed and breakfast,,1,5,3
2023,Città metropolitana di Cagliari,Elmas,Bed and breakfast,,1,5,2
2023,Città metropolitana di Cagliari,Maracalagonis,Bed and breakfast,,2,12,6
2023,Città metropolitana di Cagliari,Monserrato,Bed and breakfast,,2,13,5
2023,Città metropolitana di Cagliari,Pula,Bed and breakfast,,19,90,41
2023,Città metropolitana di Cagliari,Quartu Sant'Elena,Bed and breakfast,,27,125,68
2023,Città metropolitana di Cagliari,Quartucciu,Bed and breakfast,,7,25,11
2023,Città metropolitana di Cagliari,Sarroch,Bed and breakfast,,2,11,6
2023,Città metropolitana di Cagliari,Selargius,Bed and breakfast,,6,21,13
2023,Città metropolitana di Cagliari,Sestu,Bed and breakfast,,1,6,3
2023,Città metropolitana di Cagliari,Sinnai,Bed and breakfast,,9,46,14
2023,Città metropolitana di Cagliari,Uta,Bed and breakfast,,2,12,6
2023,Provincia del Sud Sardegna,Calasetta,Bed and breakfast,,1,6,2
2023,Provincia del Sud Sardegna,Fluminimaggiore,Bed and breakfast,,1,2,1
2023,Provincia del Sud Sardegna,San Basilio,Bed and breakfast,,1,6,0
2023,Provincia del Sud Sardegna,Sardara,Bed and breakfast,,1,4,1
2023,Provincia del Sud Sardegna,Villasalto,Bed and breakfast,,1,4,2
2023,Provincia di Nuoro,Arzana,Bed and breakfast,,1,3,2
2023,Provincia di Nuoro,Bari Sardo,Bed and breakfast,,1,6,3
2023,Provincia di Nuoro,Dorgali,Bed and breakfast,,1,4,2
2023,Provincia di Nuoro,Posada,Bed and breakfast,,1,2,1
2023,Provincia di Sassari,Aggius,Bed and breakfast,,1,4,2
2023,Provincia di Sassari,Alghero,Bed and breakfast,,13,57,26
2023,Provincia di Sassari,Arzachena,Bed and breakfast,,1,6,3
2023,Provincia di Sassari,Buddusò,Bed and breakfast,,1,6,3
2023,Provincia di Sassari,Castelsardo,Bed and breakfast,,1,4,2
2023,Provincia di Sassari,Luogosanto,Bed and breakfast,,1,6,3
2023,Provincia di Sassari,Olbia,Bed and breakfast,,5,17,12
2023,Provincia di Sassari,Porto Torres,Bed and breakfast,,1,5,3
2023,Provincia di Sassari,San Teodoro,Bed and breakfast,,2,12,6
2023,Provincia di Sassari,Sant'Antonio Di Gallura,Bed and breakfast,,1,6,3
2023,Provincia di Sassari,Santa Teresa Gallura,Bed and breakfast,,6,22,8
2023,Provincia di Sassari,Sassari,Bed and breakfast,,1,3,3
2023,Provincia di Sassari,Telti,Bed and breakfast,,1,2,1
2023,Provincia di Sassari,Usini,Bed and breakfast,,1,6,3
2023,Città metropolitana di Cagliari,Assemini,Bed and breakfast,1 Stella,3,16,6
2023,Città metropolitana di Cagliari,Cagliari,Bed and breakfast,1 Stella,53,201,99
2023,Città metropolitana di Cagliari,Capoterra,Bed and breakfast,1 Stella,3,13,6
2023,Città metropolitana di Cagliari,Decimomannu,Bed and breakfast,1 Stella,2,7,4
2023,Città metropolitana di Cagliari,Elmas,Bed and breakfast,1 Stella,1,4,2
2023,Città metropolitana di Cagliari,Maracalagonis,Bed and breakfast,1 Stella,2,8,5
2023,Città metropolitana di Cagliari,Monserrato,Bed and breakfast,1 Stella,1,5,2
2023,Città metropolitana di Cagliari,Pula,Bed and breakfast,1 Stella,1,4,2
2023,Città metropolitana di Cagliari,Quartu Sant'Elena,Bed and breakfast,1 Stella,4,11,8
2023,Città metropolitana di Cagliari,Sarroch,Bed and breakfast,1 Stella,3,15,6
2023,Città metropolitana di Cagliari,Selargius,Bed and breakfast,1 Stella,2,8,4
2023,Città metropolitana di Cagliari,Sestu,Bed and breakfast,1 Stella,1,4,3
2023,Città metropolitana di Cagliari,Sinnai,Bed and breakfast,1 Stella,2,5,3
2023,Provincia del Sud Sardegna,Arbus,Bed and breakfast,1 Stella,6,29,14
2023,Provincia del Sud Sardegna,Carbonia,Bed and breakfast,1 Stella,2,9,5
2023,Provincia del Sud Sardegna,Carloforte,Bed and breakfast,1 Stella,3,11,3
2023,Provincia del Sud Sardegna,Castiadas,Bed and breakfast,1 Stella,1,6,3
2023,Provincia del Sud Sardegna,Decimoputzu,Bed and breakfast,1 Stella,1,3,1
2023,Provincia del Sud Sardegna,Dolianova,Bed and breakfast,1 Stella,3,14,7
2023,Provincia del Sud Sardegna,Domus De Maria,Bed and breakfast,1 Stella,3,13,7
2023,Provincia del Sud Sardegna,Domusnovas,Bed and breakfast,1 Stella,2,7,4
2023,Provincia del Sud Sardegna,Escalaplano,Bed and breakfast,1 Stella,1,3,2
2023,Provincia del Sud Sardegna,Esterzili,Bed and breakfast,1 Stella,1,3,2
2023,Provincia del Sud Sardegna,Fluminimaggiore,Bed and breakfast,1 Stella,1,4,2
2023,Provincia del Sud Sardegna,Furtei,Bed and breakfast,1 Stella,1,3,0
2023,Provincia del Sud Sardegna,Gesturi,Bed and breakfast,1 Stella,1,1,1
2023,Provincia del Sud Sardegna,Gonnesa,Bed and breakfast,1 Stella,3,13,8
2023,Provincia del Sud Sardegna,Gonnosfanadiga,Bed and breakfast,1 Stella,1,4,2
2023,Provincia del Sud Sardegna,Guspini,Bed and breakfast,1 Stella,9,43,22
2023,Provincia del Sud Sardegna,Iglesias,Bed and breakfast,1 Stella,3,16,7
2023,Provincia del Sud Sardegna,Isili,Bed and breakfast,1 Stella,1,4,2
2023,Provincia del Sud Sardegna,Mandas,Bed and breakfast,1 Stella,1,3,2
2023,Provincia del Sud Sardegna,Masainas,Bed and breakfast,1 Stella,1,5,2
2023,Provincia del Sud Sardegna,Monastir,Bed and breakfast,1 Stella,1,4,3
2023,Provincia del Sud Sardegna,Muravera,Bed and breakfast,1 Stella,3,13,7
2023,Provincia del Sud Sardegna,Musei,Bed and breakfast,1 Stella,1,2,2
2023,Provincia del Sud Sardegna,Narcao,Bed and breakfast,1 Stella,1,2,2
2023,Provincia del Sud Sardegna,Nuragus,Bed and breakfast,1 Stella,1,3,2
2023,Provincia del Sud Sardegna,Nuraminis,Bed and breakfast,1 Stella,1,3,3
2023,Provincia del Sud Sardegna,Pabillonis,Bed and breakfast,1 Stella,1,5,3
2023,Provincia del Sud Sardegna,Piscinas,Bed and breakfast,1 Stella,1,6,2
2023,Provincia del Sud Sardegna,Portoscuso,Bed and breakfast,1 Stella,5,22,10
2023,Provincia del Sud Sardegna,San Gavino Monreale,Bed and breakfast,1 Stella,2,6,4
2023,Provincia del Sud Sardegna,San Giovanni Suergiu,Bed and breakfast,1 Stella,4,12,5
2023,Provincia del Sud Sardegna,San Vito,Bed and breakfast,1 Stella,1,4,2
2023,Provincia del Sud Sardegna,Sant'Anna Arresi,Bed and breakfast,1 Stella,2,10,5
2023,Provincia del Sud Sardegna,Sant'Antioco,Bed and breakfast,1 Stella,7,33,16
2023,Provincia del Sud Sardegna,Sardara,Bed and breakfast,1 Stella,2,10,6
2023,Provincia del Sud Sardegna,Senorbì,Bed and breakfast,1 Stella,1,5,2
2023,Provincia del Sud Sardegna,Serrenti,Bed and breakfast,1 Stella,1,3,0
2023,Provincia del Sud Sardegna,Seui,Bed and breakfast,1 Stella,1,6,3
2023,Provincia del Sud Sardegna,Seulo,Bed and breakfast,1 Stella,1,4,3
2023,Provincia del Sud Sardegna,Teulada,Bed and breakfast,1 Stella,2,8,4
2023,Provincia del Sud Sardegna,Tuili,Bed and breakfast,1 Stella,1,3,2
2023,Provincia del Sud Sardegna,Villacidro,Bed and breakfast,1 Stella,2,7,2
2023,Provincia del Sud Sardegna,Villanova Tulo,Bed and breakfast,1 Stella,1,3,2
2023,Provincia del Sud Sardegna,Villanovafranca,Bed and breakfast,1 Stella,1,6,3
2023,Provincia del Sud Sardegna,Villaputzu,Bed and breakfast,1 Stella,2,7,4
2023,Provincia del Sud Sardegna,Villasimius,Bed and breakfast,1 Stella,3,13,7
2023,Provincia del Sud Sardegna,Villasor,Bed and breakfast,1 Stella,1,6,3
2023,Provincia del Sud Sardegna,Villaspeciosa,Bed and breakfast,1 Stella,1,4,2
2023,Provincia di Nuoro,Aritzo,Bed and breakfast,1 Stella,1,6,3
2023,Provincia di Nuoro,Arzana,Bed and breakfast,1 Stella,1,6,3
2023,Provincia di Nuoro,Atzara,Bed and breakfast,1 Stella,1,6,3
2023,Provincia di Nuoro,Bari Sardo,Bed and breakfast,1 Stella,1,5,3
2023,Provincia di Nuoro,Baunei,Bed and breakfast,1 Stella,3,11,6
2023,Provincia di Nuoro,Bitti,Bed and breakfast,1 Stella,2,8,5
2023,Provincia di Nuoro,Cardedu,Bed and breakfast,1 Stella,4,17,7
2023,Provincia di Nuoro,Dorgali,Bed and breakfast,1 Stella,14,47,30
2023,Provincia di Nuoro,Fonni,Bed and breakfast,1 Stella,3,16,7
2023,Provincia di Nuoro,Gadoni,Bed and breakfast,1 Stella,2,11,5
2023,Provincia di Nuoro,Galtellì,Bed and breakfast,1 Stella,2,7,4
2023,Provincia di Nuoro,Gavoi,Bed and breakfast,1 Stella,1,6,3
2023,Provincia di Nuoro,Irgoli,Bed and breakfast,1 Stella,2,11,6
2023,Provincia di Nuoro,Jerzu,Bed and breakfast,1 Stella,1,4,3
2023,Provincia di Nuoro,Lanusei,Bed and breakfast,1 Stella,5,23,14
2023,Provincia di Nuoro,Loceri,Bed and breakfast,1 Stella,11,40,20
2023,Provincia di Nuoro,Lodine,Bed and breakfast,1 Stella,1,6,3
2023,Provincia di Nuoro,Lotzorai,Bed and breakfast,1 Stella,2,5,4
2023,Provincia di Nuoro,Macomer,Bed and breakfast,1 Stella,1,3,2
2023,Provincia di Nuoro,Mamoiada,Bed and breakfast,1 Stella,2,12,6
2023,Provincia di Nuoro,Meana Sardo,Bed and breakfast,1 Stella,2,12,6
2023,Provincia di Nuoro,Nuoro,Bed and breakfast,1 Stella,7,26,14
2023,Provincia di Nuoro,Oliena,Bed and breakfast,1 Stella,2,6,4
2023,Provincia di Nuoro,Ollolai,Bed and breakfast,1 Stella,1,4,1
2023,Provincia di Nuoro,Orani,Bed and breakfast,1 Stella,1,6,3
2023,Provincia di Nuoro,Orgosolo,Bed and breakfast,1 Stella,5,25,13
2023,Provincia di Nuoro,Orosei,Bed and breakfast,1 Stella,5,19,11
2023,Provincia di Nuoro,Osini,Bed and breakfast,1 Stella,1,6,3
2023,Provincia di Nuoro,Perdasdefogu,Bed and breakfast,1 Stella,2,10,5
2023,Provincia di Nuoro,Posada,Bed and breakfast,1 Stella,3,13,6
2023,Provincia di Nuoro,Sarule,Bed and breakfast,1 Stella,1,6,3
2023,Provincia di Nuoro,Siniscola,Bed and breakfast,1 Stella,8,32,17
2023,Provincia di Nuoro,Sorgono,Bed and breakfast,1 Stella,1,5,3
2023,Provincia di Nuoro,Torpè,Bed and breakfast,1 Stella,3,9,5
2023,Provincia di Nuoro,Tortolì,Bed and breakfast,1 Stella,9,36,21
2023,Provincia di Nuoro,Ulassai,Bed and breakfast,1 Stella,2,10,5
2023,Provincia di Nuoro,Urzulei,Bed and breakfast,1 Stella,2,8,5
2023,Provincia di Nuoro,Ussassai,Bed and breakfast,1 Stella,4,21,10
2023,Provincia di Nuoro,Villagrande Strisaili,Bed and breakfast,1 Stella,2,9,5
2023,Provincia di Oristano,Ales,Bed and breakfast,1 Stella,2,8,5
2023,Provincia di Oristano,Arborea,Bed and breakfast,1 Stella,2,7,4
2023,Provincia di Oristano,Baratili San Pietro,Bed and breakfast,1 Stella,1,4,2
2023,Provincia di Oristano,Baressa,Bed and breakfast,1 Stella,1,3,2
2023,Provincia di Oristano,Bosa,Bed and breakfast,1 Stella,6,26,14
2023,Provincia di Oristano,Busachi,Bed and breakfast,1 Stella,2,12,4
2023,Provincia di Oristano,Cabras,Bed and breakfast,1 Stella,3,20,6
2023,Provincia di Oristano,Ghilarza,Bed and breakfast,1 Stella,2,9,5
2023,Provincia di Oristano,Gonnostramatza,Bed and breakfast,1 Stella,1,6,3
2023,Provincia di Oristano,Laconi,Bed and breakfast,1 Stella,2,9,4
2023,Provincia di Oristano,Magomadas,Bed and breakfast,1 Stella,1,2,2
2023,Provincia di Oristano,Marrubiu,Bed and breakfast,1 Stella,5,21,11
2023,Provincia di Oristano,Masullas,Bed and breakfast,1 Stella,1,5,3
2023,Provincia di Oristano,Milis,Bed and breakfast,1 Stella,1,4,3
2023,Provincia di Oristano,Modolo,Bed and breakfast,1 Stella,2,11,5
2023,Provincia di Oristano,Mogoro,Bed and breakfast,1 Stella,1,6,3
2023,Provincia di Oristano,Nughedu Santa Vittoria,Bed and breakfast,1 Stella,1,4,2
2023,Provincia di Oristano,Nurachi,Bed and breakfast,1 Stella,1,6,3
2023,Provincia di Oristano,Oristano,Bed and breakfast,1 Stella,7,24,11
2023,Provincia di Oristano,Palmas Arborea,Bed and breakfast,1 Stella,1,4,2
2023,Provincia di Oristano,Riola Sardo,Bed and breakfast,1 Stella,1,4,2
2023,Provincia di Oristano,Sagama,Bed and breakfast,1 Stella,1,5,2
2023,Provincia di Oristano,Samugheo,Bed and breakfast,1 Stella,4,11,8
2023,Provincia di Oristano,San Nicolò D'Arcidano,Bed and breakfast,1 Stella,1,4,3
2023,Provincia di Oristano,San Vero Milis,Bed and breakfast,1 Stella,2,6,5
2023,Provincia di Oristano,Santa Giusta,Bed and breakfast,1 Stella,1,3,2
2023,Provincia di Oristano,Santu Lussurgiu,Bed and breakfast,1 Stella,1,2,2
2023,Provincia di Oristano,Sedilo,Bed and breakfast,1 Stella,1,4,2
2023,Provincia di Oristano,Seneghe,Bed and breakfast,1 Stella,1,6,3
2023,Provincia di Oristano,Simaxis,Bed and breakfast,1 Stella,2,7,3
2023,Provincia di Oristano,Sini,Bed and breakfast,1 Stella,1,7,3
2023,Provincia di Oristano,Terralba,Bed and breakfast,1 Stella,6,22,13
2023,Provincia di Oristano,Tresnuraghes,Bed and breakfast,1 Stella,1,6,3
2023,Provincia di Oristano,Uras,Bed and breakfast,1 Stella,3,10,6
2023,Provincia di Sassari,Alghero,Bed and breakfast,1 Stella,73,281,143
2023,Provincia di Sassari,Arzachena,Bed and breakfast,1 Stella,8,38,21
2023,Provincia di Sassari,Benetutti,Bed and breakfast,1 Stella,1,6,3
2023,Provincia di Sassari,Berchidda,Bed and breakfast,1 Stella,2,5,3
2023,Provincia di Sassari,Bessude,Bed and breakfast,1 Stella,1,4,2
2023,Provincia di Sassari,Bonnanaro,Bed and breakfast,1 Stella,1,6,3
2023,Provincia di Sassari,Bottidda,Bed and breakfast,1 Stella,2,9,32
2023,Provincia di Sassari,Budoni,Bed and breakfast,1 Stella,1,4,0
2023,Provincia di Sassari,Calangianus,Bed and breakfast,1 Stella,1,4,2
2023,Provincia di Sassari,Castelsardo,Bed and breakfast,1 Stella,3,17,7
2023,Provincia di Sassari,Cossoine,Bed and breakfast,1 Stella,1,5,3
2023,Provincia di Sassari,Erula,Bed and breakfast,1 Stella,1,5,2
2023,Provincia di Sassari,Golfo Aranci,Bed and breakfast,1 Stella,2,7,3
2023,Provincia di Sassari,La Maddalena,Bed and breakfast,1 Stella,4,22,11
2023,Provincia di Sassari,Loiri Porto San Paolo,Bed and breakfast,1 Stella,2,6,3
2023,Provincia di Sassari,Olbia,Bed and breakfast,1 Stella,26,115,52
2023,Provincia di Sassari,Olmedo,Bed and breakfast,1 Stella,3,11,7
2023,Provincia di Sassari,Ozieri,Bed and breakfast,1 Stella,3,11,6
2023,Provincia di Sassari,Palau,Bed and breakfast,1 Stella,4,16,4
2023,Provincia di Sassari,Perfugas,Bed and breakfast,1 Stella,1,5,3
2023,Provincia di Sassari,Ploaghe,Bed and breakfast,1 Stella,3,14,5
2023,Provincia di Sassari,Porto Torres,Bed and breakfast,1 Stella,1,6,3
2023,Provincia di Sassari,Pozzomaggiore,Bed and breakfast,1 Stella,2,11,6
2023,Provincia di Sassari,San Teodoro,Bed and breakfast,1 Stella,5,19,6
2023,Provincia di Sassari,Santa Teresa Gallura,Bed and breakfast,1 Stella,4,18,4
2023,Provincia di Sassari,Sassari,Bed and breakfast,1 Stella,14,62,32
2023,Provincia di Sassari,Sedini,Bed and breakfast,1 Stella,1,4,2
2023,Provincia di Sassari,Sorso,Bed and breakfast,1 Stella,2,16,6
2023,Provincia di Sassari,Stintino,Bed and breakfast,1 Stella,2,6,4
2023,Provincia di Sassari,Telti,Bed and breakfast,1 Stella,3,14,5
2023,Provincia di Sassari,Tempio Pausania,Bed and breakfast,1 Stella,5,23,14
2023,Provincia di Sassari,Trinità D'Agultu E Vignola,Bed and breakfast,1 Stella,1,1,1
2023,Provincia di Sassari,Tula,Bed and breakfast,1 Stella,1,5,3
2023,Provincia di Sassari,Usini,Bed and breakfast,1 Stella,1,6,3
2023,Provincia di Sassari,Valledoria,Bed and breakfast,1 Stella,3,14,7
2023,Città metropolitana di Cagliari,Cagliari,Bed and breakfast,2 Stelle,36,175,83
2023,Città metropolitana di Cagliari,Capoterra,Bed and breakfast,2 Stelle,1,4,3
2023,Città metropolitana di Cagliari,Maracalagonis,Bed and breakfast,2 Stelle,2,10,5
2023,Città metropolitana di Cagliari,Pula,Bed and breakfast,2 Stelle,2,13,6
2023,Città metropolitana di Cagliari,Quartu Sant'Elena,Bed and breakfast,2 Stelle,2,6,3
2023,Città metropolitana di Cagliari,Quartucciu,Bed and breakfast,2 Stelle,1,4,2
2023,Città metropolitana di Cagliari,Sestu,Bed and breakfast,2 Stelle,1,3,2
2023,Città metropolitana di Cagliari,Settimo San Pietro,Bed and breakfast,2 Stelle,1,3,1
2023,Città metropolitana di Cagliari,Sinnai,Bed and breakfast,2 Stelle,1,6,2
2023,Città metropolitana di Cagliari,Uta,Bed and breakfast,2 Stelle,1,6,3
2023,Città metropolitana di Cagliari,Villa San Pietro,Bed and breakfast,2 Stelle,1,3,1
2023,Provincia del Sud Sardegna,Arbus,Bed and breakfast,2 Stelle,4,19,11
2023,Provincia del Sud Sardegna,Ballao,Bed and breakfast,2 Stelle,1,8,3
2023,Provincia del Sud Sardegna,Buggerru,Bed and breakfast,2 Stelle,1,6,2
2023,Provincia del Sud Sardegna,Calasetta,Bed and breakfast,2 Stelle,3,14,8
2023,Provincia del Sud Sardegna,Carbonia,Bed and breakfast,2 Stelle,2,11,5
2023,Provincia del Sud Sardegna,Carloforte,Bed and breakfast,2 Stelle,4,16,9
2023,Provincia del Sud Sardegna,Castiadas,Bed and breakfast,2 Stelle,3,16,8
2023,Provincia del Sud Sardegna,Decimoputzu,Bed and breakfast,2 Stelle,1,6,3
2023,Provincia del Sud Sardegna,Dolianova,Bed and breakfast,2 Stelle,2,12,5
2023,Provincia del Sud Sardegna,Domus De Maria,Bed and breakfast,2 Stelle,3,16,8
2023,Provincia del Sud Sardegna,Fluminimaggiore,Bed and breakfast,2 Stelle,1,4,3
2023,Provincia del Sud Sardegna,Giba,Bed and breakfast,2 Stelle,0,8,3
2023,Provincia del Sud Sardegna,Gonnesa,Bed and breakfast,2 Stelle,2,9,1
2023,Provincia del Sud Sardegna,Gonnosfanadiga,Bed and breakfast,2 Stelle,1,4,2
2023,Provincia del Sud Sardegna,Guamaggiore,Bed and breakfast,2 Stelle,1,7,3
2023,Provincia del Sud Sardegna,Iglesias,Bed and breakfast,2 Stelle,3,10,3
2023,Provincia del Sud Sardegna,Muravera,Bed and breakfast,2 Stelle,9,39,23
2023,Provincia del Sud Sardegna,Orroli,Bed and breakfast,2 Stelle,2,12,6
2023,Provincia del Sud Sardegna,Portoscuso,Bed and breakfast,2 Stelle,2,10,4
2023,Provincia del Sud Sardegna,San Sperate,Bed and breakfast,2 Stelle,2,9,4
2023,Provincia del Sud Sardegna,San Vito,Bed and breakfast,2 Stelle,1,2,0
2023,Provincia del Sud Sardegna,Sant'Anna Arresi,Bed and breakfast,2 Stelle,5,24,13
2023,Provincia del Sud Sardegna,Sant'Antioco,Bed and breakfast,2 Stelle,10,44,20
2023,Provincia del Sud Sardegna,Santadi,Bed and breakfast,2 Stelle,1,6,2
2023,Provincia del Sud Sardegna,Senorbì,Bed and breakfast,2 Stelle,2,9,5
2023,Provincia del Sud Sardegna,Serdiana,Bed and breakfast,2 Stelle,1,6,3
2023,Provincia del Sud Sardegna,Serri,Bed and breakfast,2 Stelle,1,4,3
2023,Provincia del Sud Sardegna,Suelli,Bed and breakfast,2 Stelle,2,6,3
2023,Provincia del Sud Sardegna,Teulada,Bed and breakfast,2 Stelle,3,12,5
2023,Provincia del Sud Sardegna,Tuili,Bed and breakfast,2 Stelle,2,7,4
2023,Provincia del Sud Sardegna,Villacidro,Bed and breakfast,2 Stelle,2,12,5
2023,Provincia del Sud Sardegna,Villamassargia,Bed and breakfast,2 Stelle,3,12,6
2023,Provincia del Sud Sardegna,Villanovaforru,Bed and breakfast,2 Stelle,1,2,1
2023,Provincia del Sud Sardegna,Villaperuccio,Bed and breakfast,2 Stelle,1,8,3
2023,Provincia del Sud Sardegna,Villasimius,Bed and breakfast,2 Stelle,6,32,15
2023,Provincia di Nuoro,Austis,Bed and breakfast,2 Stelle,2,6,4
2023,Provincia di Nuoro,Bari Sardo,Bed and breakfast,2 Stelle,2,15,6
2023,Provincia di Nuoro,Baunei,Bed and breakfast,2 Stelle,2,6,3
2023,Provincia di Nuoro,Bolotana,Bed and breakfast,2 Stelle,2,9,5
2023,Provincia di Nuoro,Dorgali,Bed and breakfast,2 Stelle,12,55,29
2023,Provincia di Nuoro,Fonni,Bed and breakfast,2 Stelle,6,31,14
2023,Provincia di Nuoro,Gairo,Bed and breakfast,2 Stelle,1,7,3
2023,Provincia di Nuoro,Galtellì,Bed and breakfast,2 Stelle,4,21,9
2023,Provincia di Nuoro,Gavoi,Bed and breakfast,2 Stelle,2,14,6
2023,Provincia di Nuoro,Ilbono,Bed and breakfast,2 Stelle,1,5,3
2023,Provincia di Nuoro,Lanusei,Bed and breakfast,2 Stelle,2,8,4
2023,Provincia di Nuoro,Loceri,Bed and breakfast,2 Stelle,3,15,5
2023,Provincia di Nuoro,Loculi,Bed and breakfast,2 Stelle,1,6,3
2023,Provincia di Nuoro,Lotzorai,Bed and breakfast,2 Stelle,2,9,5
2023,Provincia di Nuoro,Lula,Bed and breakfast,2 Stelle,1,5,2
2023,Provincia di Nuoro,Macomer,Bed and breakfast,2 Stelle,1,8,3
2023,Provincia di Nuoro,Mamoiada,Bed and breakfast,2 Stelle,1,6,3
2023,Provincia di Nuoro,Nuoro,Bed and breakfast,2 Stelle,9,47,21
2023,Provincia di Nuoro,Oliena,Bed and breakfast,2 Stelle,6,34,16
2023,Provincia di Nuoro,Ollolai,Bed and breakfast,2 Stelle,1,3,2
2023,Provincia di Nuoro,Orgosolo,Bed and breakfast,2 Stelle,4,22,11
2023,Provincia di Nuoro,Orosei,Bed and breakfast,2 Stelle,6,29,15
2023,Provincia di Nuoro,Osidda,Bed and breakfast,2 Stelle,1,8,3
2023,Provincia di Nuoro,Perdasdefogu,Bed and breakfast,2 Stelle,1,2,1
2023,Provincia di Nuoro,Posada,Bed and breakfast,2 Stelle,5,22,11
2023,Provincia di Nuoro,Sarule,Bed and breakfast,2 Stelle,1,6,3
2023,Provincia di Nuoro,Siniscola,Bed and breakfast,2 Stelle,8,39,19
2023,Provincia di Nuoro,Sorgono,Bed and breakfast,2 Stelle,3,8,6
2023,Provincia di Nuoro,Tonara,Bed and breakfast,2 Stelle,1,2,2
2023,Provincia di Nuoro,Torpè,Bed and breakfast,2 Stelle,3,13,8
2023,Provincia di Nuoro,Tortolì,Bed and breakfast,2 Stelle,4,16,10
2023,Provincia di Nuoro,Triei,Bed and breakfast,2 Stelle,2,7,5
2023,Provincia di Nuoro,Ulassai,Bed and breakfast,2 Stelle,2,8,4
2023,Provincia di Nuoro,Villagrande Strisaili,Bed and breakfast,2 Stelle,1,5,3
2023,Provincia di Oristano,Abbasanta,Bed and breakfast,2 Stelle,1,4,2
2023,Provincia di Oristano,Baratili San Pietro,Bed and breakfast,2 Stelle,1,5,2
2023,Provincia di Oristano,Bosa,Bed and breakfast,2 Stelle,7,34,18
2023,Provincia di Oristano,Cabras,Bed and breakfast,2 Stelle,6,25,13
2023,Provincia di Oristano,Cuglieri,Bed and breakfast,2 Stelle,2,9,6
2023,Provincia di Oristano,Ghilarza,Bed and breakfast,2 Stelle,1,4,1
2023,Provincia di Oristano,Laconi,Bed and breakfast,2 Stelle,2,8,4
2023,Provincia di Oristano,Marrubiu,Bed and breakfast,2 Stelle,3,14,8
2023,Provincia di Oristano,Narbolia,Bed and breakfast,2 Stelle,1,9,3
2023,Provincia di Oristano,Nurachi,Bed and breakfast,2 Stelle,1,6,3
2023,Provincia di Oristano,Oristano,Bed and breakfast,2 Stelle,4,19,9
2023,Provincia di Oristano,Paulilatino,Bed and breakfast,2 Stelle,1,2,1
2023,Provincia di Oristano,Riola Sardo,Bed and breakfast,2 Stelle,1,7,3
2023,Provincia di Oristano,Santa Giusta,Bed and breakfast,2 Stelle,1,7,2
2023,Provincia di Oristano,Santu Lussurgiu,Bed and breakfast,2 Stelle,3,14,9
2023,Provincia di Oristano,Sennariolo,Bed and breakfast,2 Stelle,1,6,3
2023,Provincia di Oristano,Suni,Bed and breakfast,2 Stelle,1,4,2
2023,Provincia di Sassari,Aggius,Bed and breakfast,2 Stelle,1,6,3
2023,Provincia di Sassari,Aglientu,Bed and breakfast,2 Stelle,1,4,2
2023,Provincia di Sassari,Alghero,Bed and breakfast,2 Stelle,109,464,248
2023,Provincia di Sassari,Alà Dei Sardi,Bed and breakfast,2 Stelle,1,2,2
2023,Provincia di Sassari,Ardara,Bed and breakfast,2 Stelle,1,4,3
2023,Provincia di Sassari,Arzachena,Bed and breakfast,2 Stelle,2,10,5
2023,Provincia di Sassari,Badesi,Bed and breakfast,2 Stelle,2,8,2
2023,Provincia di Sassari,Banari,Bed and breakfast,2 Stelle,1,6,3
2023,Provincia di Sassari,Benetutti,Bed and breakfast,2 Stelle,2,11,5
2023,Provincia di Sassari,Berchidda,Bed and breakfast,2 Stelle,2,8,2
2023,Provincia di Sassari,Bessude,Bed and breakfast,2 Stelle,1,3,2
2023,Provincia di Sassari,Bonorva,Bed and breakfast,2 Stelle,2,12,6
2023,Provincia di Sassari,Bortigiadas,Bed and breakfast,2 Stelle,1,5,2
2023,Provincia di Sassari,Budoni,Bed and breakfast,2 Stelle,4,19,10
2023,Provincia di Sassari,Calangianus,Bed and breakfast,2 Stelle,1,2,1
2023,Provincia di Sassari,Castelsardo,Bed and breakfast,2 Stelle,15,82,37
2023,Provincia di Sassari,Cheremule,Bed and breakfast,2 Stelle,1,6,2
2023,Provincia di Sassari,Chiaramonti,Bed and breakfast,2 Stelle,1,6,3
2023,Provincia di Sassari,Codrongianos,Bed and breakfast,2 Stelle,1,4,2
2023,Provincia di Sassari,Cossoine,Bed and breakfast,2 Stelle,3,17,6
2023,Provincia di Sassari,Giave,Bed and breakfast,2 Stelle,1,7,3
2023,Provincia di Sassari,Ittiri,Bed and breakfast,2 Stelle,1,4,3
2023,Provincia di Sassari,La Maddalena,Bed and breakfast,2 Stelle,12,57,28
2023,Provincia di Sassari,Loiri Porto San Paolo,Bed and breakfast,2 Stelle,4,22,5
2023,Provincia di Sassari,Luogosanto,Bed and breakfast,2 Stelle,1,6,3
2023,Provincia di Sassari,Muros,Bed and breakfast,2 Stelle,1,2,1
2023,Provincia di Sassari,Nulvi,Bed and breakfast,2 Stelle,1,6,3
2023,Provincia di Sassari,Olbia,Bed and breakfast,2 Stelle,28,130,54
2023,Provincia di Sassari,Olmedo,Bed and breakfast,2 Stelle,5,24,13
2023,Provincia di Sassari,Oschiri,Bed and breakfast,2 Stelle,1,5,3
2023,Provincia di Sassari,Ossi,Bed and breakfast,2 Stelle,1,1,1
2023,Provincia di Sassari,Ozieri,Bed and breakfast,2 Stelle,5,24,13
2023,Provincia di Sassari,Padru,Bed and breakfast,2 Stelle,1,6,3
2023,Provincia di Sassari,Palau,Bed and breakfast,2 Stelle,4,20,7
2023,Provincia di Sassari,Perfugas,Bed and breakfast,2 Stelle,1,6,3
2023,Provincia di Sassari,Porto Torres,Bed and breakfast,2 Stelle,5,22,11
2023,Provincia di Sassari,Pozzomaggiore,Bed and breakfast,2 Stelle,2,11,5
2023,Provincia di Sassari,San Teodoro,Bed and breakfast,2 Stelle,9,47,14
2023,Provincia di Sassari,Sant'Antonio Di Gallura,Bed and breakfast,2 Stelle,1,9,3
2023,Provincia di Sassari,Santa Teresa Gallura,Bed and breakfast,2 Stelle,10,59,21
2023,Provincia di Sassari,Sassari,Bed and breakfast,2 Stelle,23,100,50
2023,Provincia di Sassari,Sedini,Bed and breakfast,2 Stelle,1,9,3
2023,Provincia di Sassari,Sennori,Bed and breakfast,2 Stelle,2,10,4
2023,Provincia di Sassari,Sorso,Bed and breakfast,2 Stelle,4,30,11
2023,Provincia di Sassari,Stintino,Bed and breakfast,2 Stelle,6,26,14
2023,Provincia di Sassari,Telti,Bed and breakfast,2 Stelle,6,36,9
2023,Provincia di Sassari,Tempio Pausania,Bed and breakfast,2 Stelle,7,31,13
2023,Provincia di Sassari,Thiesi,Bed and breakfast,2 Stelle,1,6,3
2023,Provincia di Sassari,Torralba,Bed and breakfast,2 Stelle,1,2,2
2023,Provincia di Sassari,Tula,Bed and breakfast,2 Stelle,2,5,6
2023,Provincia di Sassari,Uri,Bed and breakfast,2 Stelle,2,10,5
2023,Provincia di Sassari,Usini,Bed and breakfast,2 Stelle,1,2,1
2023,Provincia di Sassari,Valledoria,Bed and breakfast,2 Stelle,1,2,1
2023,Città metropolitana di Cagliari,Assemini,Bed and breakfast,3 Stelle,4,23,10
2023,Città metropolitana di Cagliari,Cagliari,Bed and breakfast,3 Stelle,49,222,105
2023,Città metropolitana di Cagliari,Capoterra,Bed and breakfast,3 Stelle,13,67,33
2023,Città metropolitana di Cagliari,Elmas,Bed and breakfast,3 Stelle,3,12,7
2023,Città metropolitana di Cagliari,Maracalagonis,Bed and breakfast,3 Stelle,1,2,2
2023,Città metropolitana di Cagliari,Monserrato,Bed and breakfast,3 Stelle,1,1,1
2023,Città metropolitana di Cagliari,Pula,Bed and breakfast,3 Stelle,3,12,6
2023,Città metropolitana di Cagliari,Quartu Sant'Elena,Bed and breakfast,3 Stelle,10,58,27
2023,Città metropolitana di Cagliari,Quartucciu,Bed and breakfast,3 Stelle,1,5,3
2023,Città metropolitana di Cagliari,Sarroch,Bed and breakfast,3 Stelle,2,15,6
2023,Città metropolitana di Cagliari,Selargius,Bed and breakfast,3 Stelle,2,5,3
2023,Città metropolitana di Cagliari,Sestu,Bed and breakfast,3 Stelle,1,5,3
2023,Città metropolitana di Cagliari,Settimo San Pietro,Bed and breakfast,3 Stelle,1,5,2
2023,Città metropolitana di Cagliari,Sinnai,Bed and breakfast,3 Stelle,2,10,5
2023,Città metropolitana di Cagliari,Uta,Bed and breakfast,3 Stelle,1,6,3
2023,Città metropolitana di Cagliari,Villa San Pietro,Bed and breakfast,3 Stelle,4,24,9
2023,Provincia del Sud Sardegna,Arbus,Bed and breakfast,3 Stelle,4,21,11
2023,Provincia del Sud Sardegna,Armungia,Bed and breakfast,3 Stelle,1,6,3
2023,Provincia del Sud Sardegna,Barumini,Bed and breakfast,3 Stelle,1,2,1
2023,Provincia del Sud Sardegna,Buggerru,Bed and breakfast,3 Stelle,3,13,8
2023,Provincia del Sud Sardegna,Calasetta,Bed and breakfast,3 Stelle,5,37,14
2023,Provincia del Sud Sardegna,Carbonia,Bed and breakfast,3 Stelle,4,27,12
2023,Provincia del Sud Sardegna,Carloforte,Bed and breakfast,3 Stelle,9,43,20
2023,Provincia del Sud Sardegna,Castiadas,Bed and breakfast,3 Stelle,3,16,8
2023,Provincia del Sud Sardegna,Dolianova,Bed and breakfast,3 Stelle,4,18,9
2023,Provincia del Sud Sardegna,Domus De Maria,Bed and breakfast,3 Stelle,9,48,24
2023,Provincia del Sud Sardegna,Escalaplano,Bed and breakfast,3 Stelle,1,4,2
2023,Provincia del Sud Sardegna,Fluminimaggiore,Bed and breakfast,3 Stelle,1,6,0
2023,Provincia del Sud Sardegna,Furtei,Bed and breakfast,3 Stelle,1,3,1
2023,Provincia del Sud Sardegna,Genuri,Bed and breakfast,3 Stelle,1,3,1
2023,Provincia del Sud Sardegna,Gergei,Bed and breakfast,3 Stelle,1,2,1
2023,Provincia del Sud Sardegna,Gesturi,Bed and breakfast,3 Stelle,2,11,6
2023,Provincia del Sud Sardegna,Gonnesa,Bed and breakfast,3 Stelle,2,16,6
2023,Provincia del Sud Sardegna,Guspini,Bed and breakfast,3 Stelle,6,27,10
2023,Provincia del Sud Sardegna,Iglesias,Bed and breakfast,3 Stelle,9,50,22
2023,Provincia del Sud Sardegna,Isili,Bed and breakfast,3 Stelle,1,2,1
2023,Provincia del Sud Sardegna,Las Plassas,Bed and breakfast,3 Stelle,1,3,1
2023,Provincia del Sud Sardegna,Lunamatrona,Bed and breakfast,3 Stelle,1,3,2
2023,Provincia del Sud Sardegna,Mandas,Bed and breakfast,3 Stelle,2,9,2
2023,Provincia del Sud Sardegna,Monastir,Bed and breakfast,3 Stelle,2,8,3
2023,Provincia del Sud Sardegna,Muravera,Bed and breakfast,3 Stelle,4,21,10
2023,Provincia del Sud Sardegna,Nurallao,Bed and breakfast,3 Stelle,2,11,4
2023,Provincia del Sud Sardegna,Orroli,Bed and breakfast,3 Stelle,1,6,3
2023,Provincia del Sud Sardegna,Portoscuso,Bed and breakfast,3 Stelle,5,26,13
2023,Provincia del Sud Sardegna,San Gavino Monreale,Bed and breakfast,3 Stelle,1,4,2
2023,Provincia del Sud Sardegna,San Giovanni Suergiu,Bed and breakfast,3 Stelle,1,10,3
2023,Provincia del Sud Sardegna,San Sperate,Bed and breakfast,3 Stelle,2,9,5
2023,Provincia del Sud Sardegna,San Vito,Bed and breakfast,3 Stelle,7,40,19
2023,Provincia del Sud Sardegna,Sant'Anna Arresi,Bed and breakfast,3 Stelle,4,18,9
2023,Provincia del Sud Sardegna,Sant'Antioco,Bed and breakfast,3 Stelle,16,94,44
2023,Provincia del Sud Sardegna,Santadi,Bed and breakfast,3 Stelle,1,7,3
2023,Provincia del Sud Sardegna,Sardara,Bed and breakfast,3 Stelle,4,17,6
2023,Provincia del Sud Sardegna,Seulo,Bed and breakfast,3 Stelle,1,6,2
2023,Provincia del Sud Sardegna,Siliqua,Bed and breakfast,3 Stelle,1,7,2
2023,Provincia del Sud Sardegna,Siurgus Donigala,Bed and breakfast,3 Stelle,1,6,3
2023,Provincia del Sud Sardegna,Soleminis,Bed and breakfast,3 Stelle,1,2,1
2023,Provincia del Sud Sardegna,Teulada,Bed and breakfast,3 Stelle,15,91,39
2023,Provincia del Sud Sardegna,Vallermosa,Bed and breakfast,3 Stelle,1,6,3
2023,Provincia del Sud Sardegna,Villamar,Bed and breakfast,3 Stelle,1,4,2
2023,Provincia del Sud Sardegna,Villamassargia,Bed and breakfast,3 Stelle,1,2,1
2023,Provincia del Sud Sardegna,Villaputzu,Bed and breakfast,3 Stelle,2,9,5
2023,Provincia del Sud Sardegna,Villasimius,Bed and breakfast,3 Stelle,13,67,32
2023,Provincia di Nuoro,Aritzo,Bed and breakfast,3 Stelle,1,4,2
2023,Provincia di Nuoro,Bari Sardo,Bed and breakfast,3 Stelle,1,10,6
2023,Provincia di Nuoro,Baunei,Bed and breakfast,3 Stelle,8,42,22
2023,Provincia di Nuoro,Bolotana,Bed and breakfast,3 Stelle,1,2,1
2023,Provincia di Nuoro,Bortigali,Bed and breakfast,3 Stelle,1,6,3
2023,Provincia di Nuoro,Cardedu,Bed and breakfast,3 Stelle,1,4,2
2023,Provincia di Nuoro,Desulo,Bed and breakfast,3 Stelle,1,4,3
2023,Provincia di Nuoro,Dorgali,Bed and breakfast,3 Stelle,6,31,15
2023,Provincia di Nuoro,Fonni,Bed and breakfast,3 Stelle,1,4,1
2023,Provincia di Nuoro,Galtellì,Bed and breakfast,3 Stelle,2,14,6
2023,Provincia di Nuoro,Gavoi,Bed and breakfast,3 Stelle,1,5,3
2023,Provincia di Nuoro,Girasole,Bed and breakfast,3 Stelle,2,5,3
2023,Provincia di Nuoro,Ilbono,Bed and breakfast,3 Stelle,2,11,6
2023,Provincia di Nuoro,Irgoli,Bed and breakfast,3 Stelle,1,4,2
2023,Provincia di Nuoro,Jerzu,Bed and breakfast,3 Stelle,1,4,2
2023,Provincia di Nuoro,Loceri,Bed and breakfast,3 Stelle,1,7,3
2023,Provincia di Nuoro,Lodine,Bed and breakfast,3 Stelle,1,6,3
2023,Provincia di Nuoro,Lotzorai,Bed and breakfast,3 Stelle,3,12,6
2023,Provincia di Nuoro,Lula,Bed and breakfast,3 Stelle,1,5,2
2023,Provincia di Nuoro,Macomer,Bed and breakfast,3 Stelle,1,4,2
2023,Provincia di Nuoro,Mamoiada,Bed and breakfast,3 Stelle,1,8,3
2023,Provincia di Nuoro,Nuoro,Bed and breakfast,3 Stelle,4,12,5
2023,Provincia di Nuoro,Oliena,Bed and breakfast,3 Stelle,5,34,14
2023,Provincia di Nuoro,Ollolai,Bed and breakfast,3 Stelle,3,15,8
2023,Provincia di Nuoro,Orgosolo,Bed and breakfast,3 Stelle,1,4,3
2023,Provincia di Nuoro,Orosei,Bed and breakfast,3 Stelle,4,27,12
2023,Provincia di Nuoro,Osini,Bed and breakfast,3 Stelle,1,2,1
2023,Provincia di Nuoro,Ovodda,Bed and breakfast,3 Stelle,1,6,3
2023,Provincia di Nuoro,Posada,Bed and breakfast,3 Stelle,8,42,22
2023,Provincia di Nuoro,Silanus,Bed and breakfast,3 Stelle,1,6,3
2023,Provincia di Nuoro,Siniscola,Bed and breakfast,3 Stelle,16,76,35
2023,Provincia di Nuoro,Sorgono,Bed and breakfast,3 Stelle,3,11,7
2023,Provincia di Nuoro,Torpè,Bed and breakfast,3 Stelle,3,16,8
2023,Provincia di Nuoro,Tortolì,Bed and breakfast,3 Stelle,17,93,44
2023,Provincia di Nuoro,Ulassai,Bed and breakfast,3 Stelle,1,6,2
2023,Provincia di Nuoro,Urzulei,Bed and breakfast,3 Stelle,1,4,2
2023,Provincia di Oristano,Arborea,Bed and breakfast,3 Stelle,1,4,2
2023,Provincia di Oristano,Bauladu,Bed and breakfast,3 Stelle,1,6,3
2023,Provincia di Oristano,Bosa,Bed and breakfast,3 Stelle,9,52,23
2023,Provincia di Oristano,Cabras,Bed and breakfast,3 Stelle,19,106,53
2023,Provincia di Oristano,Fordongianus,Bed and breakfast,3 Stelle,1,3,2
2023,Provincia di Oristano,Ghilarza,Bed and breakfast,3 Stelle,1,5,2
2023,Provincia di Oristano,Marrubiu,Bed and breakfast,3 Stelle,2,10,5
2023,Provincia di Oristano,Modolo,Bed and breakfast,3 Stelle,1,6,3
2023,Provincia di Oristano,Nurachi,Bed and breakfast,3 Stelle,2,12,6
2023,Provincia di Oristano,Nureci,Bed and breakfast,3 Stelle,1,8,3
2023,Provincia di Oristano,Oristano,Bed and breakfast,3 Stelle,12,55,27
2023,Provincia di Oristano,Riola Sardo,Bed and breakfast,3 Stelle,1,3,3
2023,Provincia di Oristano,San Vero Milis,Bed and breakfast,3 Stelle,4,20,10
2023,Provincia di Oristano,Santu Lussurgiu,Bed and breakfast,3 Stelle,3,14,6
2023,Provincia di Oristano,Scano Di Montiferro,Bed and breakfast,3 Stelle,1,6,3
2023,Provincia di Oristano,Sedilo,Bed and breakfast,3 Stelle,1,4,1
2023,Provincia di Oristano,Seneghe,Bed and breakfast,3 Stelle,1,6,3
2023,Provincia di Oristano,Suni,Bed and breakfast,3 Stelle,1,6,3
2023,Provincia di Oristano,Tramatza,Bed and breakfast,3 Stelle,1,2,2
2023,Provincia di Oristano,Uras,Bed and breakfast,3 Stelle,1,8,3
2023,Provincia di Oristano,Zeddiani,Bed and breakfast,3 Stelle,1,4,2
2023,Provincia di Sassari,Aggius,Bed and breakfast,3 Stelle,2,15,6
2023,Provincia di Sassari,Alghero,Bed and breakfast,3 Stelle,47,233,127
2023,Provincia di Sassari,Arzachena,Bed and breakfast,3 Stelle,13,77,31
2023,Provincia di Sassari,Bono,Bed and breakfast,3 Stelle,2,14,6
2023,Provincia di Sassari,Bonorva,Bed and breakfast,3 Stelle,1,5,2
2023,Provincia di Sassari,Budoni,Bed and breakfast,3 Stelle,4,25,12
2023,Provincia di Sassari,Castelsardo,Bed and breakfast,3 Stelle,12,62,32
2023,Provincia di Sassari,Golfo Aranci,Bed and breakfast,3 Stelle,1,4,3
2023,Provincia di Sassari,La Maddalena,Bed and breakfast,3 Stelle,8,41,21
2023,Provincia di Sassari,Loiri Porto San Paolo,Bed and breakfast,3 Stelle,7,35,18
2023,Provincia di Sassari,Mara,Bed and breakfast,3 Stelle,1,6,3
2023,Provincia di Sassari,Monteleone Rocca Doria,Bed and breakfast,3 Stelle,2,11,2
2023,Provincia di Sassari,Olbia,Bed and breakfast,3 Stelle,22,100,48
2023,Provincia di Sassari,Olmedo,Bed and breakfast,3 Stelle,4,22,10
2023,Provincia di Sassari,Ozieri,Bed and breakfast,3 Stelle,3,16,8
2023,Provincia di Sassari,Palau,Bed and breakfast,3 Stelle,11,59,20
2023,Provincia di Sassari,Perfugas,Bed and breakfast,3 Stelle,1,6,3
2023,Provincia di Sassari,Ploaghe,Bed and breakfast,3 Stelle,2,12,6
2023,Provincia di Sassari,Porto Torres,Bed and breakfast,3 Stelle,3,12,6
2023,Provincia di Sassari,Pozzomaggiore,Bed and breakfast,3 Stelle,1,6,3
2023,Provincia di Sassari,San Teodoro,Bed and breakfast,3 Stelle,22,125,42
2023,Provincia di Sassari,Santa Maria Coghinas,Bed and breakfast,3 Stelle,3,20,8
2023,Provincia di Sassari,Santa Teresa Gallura,Bed and breakfast,3 Stelle,13,64,28
2023,Provincia di Sassari,Sassari,Bed and breakfast,3 Stelle,11,69,29
2023,Provincia di Sassari,Sorso,Bed and breakfast,3 Stelle,6,35,13
2023,Provincia di Sassari,Stintino,Bed and breakfast,3 Stelle,5,25,11
2023,Provincia di Sassari,Tempio Pausania,Bed and breakfast,3 Stelle,1,6,3
2023,Provincia di Sassari,Thiesi,Bed and breakfast,3 Stelle,1,2,1
2023,Provincia di Sassari,Trinità D'Agultu E Vignola,Bed and breakfast,3 Stelle,1,6,3
2023,Provincia di Sassari,Usini,Bed and breakfast,3 Stelle,1,2,1
2023,Provincia di Sassari,Valledoria,Bed and breakfast,3 Stelle,1,10,3
2023,Provincia di Sassari,Villanova Monteleone,Bed and breakfast,3 Stelle,1,6,3
2023,Città metropolitana di Cagliari,Cagliari,Boat and Breakfast,,3,9,3
2023,Provincia di Nuoro,Tortolì,Boat and Breakfast,,3,18,9
2023,Provincia di Oristano,Bosa,Boat and Breakfast,,1,4,2
2023,Provincia di Oristano,Oristano,Boat and Breakfast,,1,6,3
2023,Provincia di Sassari,Alghero,Boat and Breakfast,,3,22,10
2023,Provincia di Sassari,Olbia,Boat and Breakfast,,1,3,1
2023,Provincia di Sassari,Stintino,Boat and Breakfast,,2,8,4
2023,Provincia del Sud Sardegna,Muravera,Campeggio,,1,224,56
2023,Provincia di Nuoro,Bari Sardo,Campeggio,1 Stella,1,140,50
2023,Provincia di Nuoro,Lotzorai,Campeggio,1 Stella,1,250,125
2023,Provincia di Nuoro,Orosei,Campeggio,1 Stella,1,394,88
2023,Provincia di Nuoro,Tonara,Campeggio,1 Stella,1,210,55
2023,Provincia di Nuoro,Ulassai,Campeggio,1 Stella,1,75,25
2023,Provincia di Nuoro,Urzulei,Campeggio,1 Stella,1,44,11
2023,Provincia di Oristano,Oristano,Campeggio,1 Stella,1,200,50
2023,Provincia di Sassari,Aglientu,Campeggio,1 Stella,1,250,50
2023,Provincia di Sassari,Badesi,Campeggio,1 Stella,1,129,0
2023,Provincia di Sassari,La Maddalena,Campeggio,1 Stella,1,45,0
2023,Provincia di Sassari,Olbia,Campeggio,1 Stella,1,36,9
2023,Provincia di Sassari,Perfugas,Campeggio,1 Stella,1,12,5
2023,Città metropolitana di Cagliari,Pula,Campeggio,2 Stelle,1,720,159
2023,Provincia del Sud Sardegna,Buggerru,Campeggio,2 Stelle,1,40,5
2023,Provincia del Sud Sardegna,Calasetta,Campeggio,2 Stelle,1,366,103
2023,Provincia di Nuoro,Orosei,Campeggio,2 Stelle,1,340,82
2023,Provincia di Nuoro,Posada,Campeggio,2 Stelle,1,552,138
2023,Provincia di Sassari,Berchidda,Campeggio,2 Stelle,1,272,68
2023,Provincia di Sassari,La Maddalena,Campeggio,2 Stelle,1,540,116
2023,Provincia del Sud Sardegna,Arbus,Campeggio,3 Stelle,1,147,47
2023,Provincia del Sud Sardegna,Domus De Maria,Campeggio,3 Stelle,1,420,108
2023,Provincia del Sud Sardegna,Lunamatrona,Campeggio,3 Stelle,1,256,90
2023,Provincia del Sud Sardegna,Muravera,Campeggio,3 Stelle,2,899,205
2023,Provincia del Sud Sardegna,Sant'Antioco,Campeggio,3 Stelle,1,708,176
2023,Provincia del Sud Sardegna,Villasimius,Campeggio,3 Stelle,1,959,214
2023,Provincia di Nuoro,Bari Sardo,Campeggio,3 Stelle,1,320,85
2023,Provincia di Nuoro,Gairo,Campeggio,3 Stelle,1,400,172
2023,Provincia di Nuoro,Lotzorai,Campeggio,3 Stelle,4,1580,439
2023,Provincia di Nuoro,Orosei,Campeggio,3 Stelle,2,1880,570
2023,Provincia di Nuoro,Siniscola,Campeggio,3 Stelle,3,1620,519
2023,Provincia di Nuoro,Tertenia,Campeggio,3 Stelle,1,85,40
2023,Provincia di Nuoro,Tortolì,Campeggio,3 Stelle,2,1112,279
2023,Provincia di Oristano,Arborea,Campeggio,3 Stelle,1,654,170
2023,Provincia di Oristano,Cabras,Campeggio,3 Stelle,1,660,165
2023,Provincia di Oristano,Cuglieri,Campeggio,3 Stelle,1,1198,300
2023,Provincia di Oristano,Narbolia,Campeggio,3 Stelle,2,1456,416
2023,Provincia di Oristano,Norbello,Campeggio,3 Stelle,1,204,54
2023,Provincia di Sassari,Alghero,Campeggio,3 Stelle,1,500,125
2023,Provincia di Sassari,Arzachena,Campeggio,3 Stelle,1,259,258
2023,Provincia di Sassari,Badesi,Campeggio,3 Stelle,1,500,116
2023,Provincia di Sassari,Budoni,Campeggio,3 Stelle,2,800,278
2023,Provincia di Sassari,La Maddalena,Campeggio,3 Stelle,1,380,80
2023,Provincia di Sassari,Loiri Porto San Paolo,Campeggio,3 Stelle,1,1280,269
2023,Provincia di Sassari,Nughedu San Nicolò,Campeggio,3 Stelle,1,105,0
2023,Provincia di Sassari,Olbia,Campeggio,3 Stelle,1,644,120
2023,Provincia di Sassari,Palau,Campeggio,3 Stelle,4,3426,1029
2023,Provincia di Sassari,San Teodoro,Campeggio,3 Stelle,3,1770,586
2023,Provincia di Sassari,Santa Teresa Gallura,Campeggio,3 Stelle,3,1324,579
2023,Provincia di Sassari,Valledoria,Campeggio,3 Stelle,1,560,140
2023,Provincia del Sud Sardegna,Muravera,Campeggio,4 Stelle,1,1108,286
2023,Provincia di Nuoro,Bari Sardo,Campeggio,4 Stelle,1,320,103
2023,Provincia di Nuoro,Dorgali,Campeggio,4 Stelle,1,1200,300
2023,Provincia di Nuoro,Tortolì,Campeggio,4 Stelle,1,656,206
2023,Provincia di Sassari,Aglientu,Campeggio,4 Stelle,2,3449,993
2023,Provincia di Sassari,Alghero,Campeggio,4 Stelle,1,2432,612
2023,Provincia di Sassari,Arzachena,Campeggio,4 Stelle,1,2904,600
2023,Provincia di Sassari,Sorso,Campeggio,4 Stelle,2,1997,685
2023,Provincia di Sassari,Valledoria,Campeggio,4 Stelle,1,1000,261
2023,Provincia del Sud Sardegna,Carloforte,Case e appartamenti per vacanze,,1,14,5
2023,Provincia del Sud Sardegna,Castiadas,Case e appartamenti per vacanze,,1,137,32
2023,Provincia del Sud Sardegna,Muravera,Case e appartamenti per vacanze,,4,192,102
2023,Provincia del Sud Sardegna,San Vito,Case e appartamenti per vacanze,,1,7,4
2023,Provincia del Sud Sardegna,Villaputzu,Case e appartamenti per vacanze,,2,215,104
2023,Provincia del Sud Sardegna,Villasimius,Case e appartamenti per vacanze,,1,10,3
2023,Provincia di Nuoro,Bari Sardo,Case e appartamenti per vacanze,,1,28,15
2023,Provincia di Nuoro,Dorgali,Case e appartamenti per vacanze,,1,21,16
2023,Provincia di Nuoro,Orosei,Case e appartamenti per vacanze,,4,22,8
2023,Provincia di Nuoro,Siniscola,Case e appartamenti per vacanze,,1,8,5
2023,Provincia di Nuoro,Tortolì,Case e appartamenti per vacanze,,1,20,20
2023,Provincia di Oristano,Cabras,Case e appartamenti per vacanze,,1,6,3
2023,Provincia di Sassari,Alghero,Case e appartamenti per vacanze,,11,208,99
2023,Provincia di Sassari,Arzachena,Case e appartamenti per vacanze,,7,174,15
2023,Provincia di Sassari,Budoni,Case e appartamenti per vacanze,,9,243,29
2023,Provincia di Sassari,Castelsardo,Case e appartamenti per vacanze,,1,6,3
2023,Provincia di Sassari,Golfo Aranci,Case e appartamenti per vacanze,,6,284,34
2023,Provincia di Sassari,La Maddalena,Case e appartamenti per vacanze,,6,286,99
2023,Provincia di Sassari,Loiri Porto San Paolo,Case e appartamenti per vacanze,,2,16,6
2023,Provincia di Sassari,Olbia,Case e appartamenti per vacanze,,18,281,101
2023,Provincia di Sassari,Palau,Case e appartamenti per vacanze,,2,231,77
2023,Provincia di Sassari,San Teodoro,Case e appartamenti per vacanze,,7,181,55
2023,Provincia di Sassari,Santa Teresa Gallura,Case e appartamenti per vacanze,,5,90,26
2023,Provincia di Sassari,Stintino,Case e appartamenti per vacanze,,5,365,126
2023,Provincia di Sassari,Tergu,Case e appartamenti per vacanze,,1,77,43
2023,Provincia di Sassari,Trinità D'Agultu E Vignola,Case e appartamenti per vacanze,,1,44,0
2023,Provincia di Sassari,Valledoria,Case e appartamenti per vacanze,,4,102,36
2023,Provincia di Nuoro,Orosei,Case e appartamenti per vacanze,1 Stella,1,24,8
2023,Città metropolitana di Cagliari,Pula,Case e appartamenti per vacanze,I Categoria,1,23,12
2023,Provincia del Sud Sardegna,Muravera,Case e appartamenti per vacanze,I Categoria,1,72,36
2023,Provincia del Sud Sardegna,Sant'Anna Arresi,Case e appartamenti per vacanze,I Categoria,1,12,6
2023,Provincia del Sud Sardegna,Villasimius,Case e appartamenti per vacanze,I Categoria,1,10,5
2023,Provincia di Nuoro,Aritzo,Case e appartamenti per vacanze,I Categoria,1,14,10
2023,Provincia di Nuoro,Orosei,Case e appartamenti per vacanze,I Categoria,1,15,6
2023,Provincia di Nuoro,Tortolì,Case e appartamenti per vacanze,I Categoria,3,62,20
2023,Provincia di Oristano,Narbolia,Case e appartamenti per vacanze,I Categoria,1,108,27
2023,Provincia di Sassari,Alghero,Case e appartamenti per vacanze,I Categoria,1,8,4
2023,Provincia di Sassari,Arzachena,Case e appartamenti per vacanze,I Categoria,9,395,95
2023,Provincia di Sassari,Badesi,Case e appartamenti per vacanze,I Categoria,3,87,0
2023,Provincia di Sassari,Budoni,Case e appartamenti per vacanze,I Categoria,7,231,57
2023,Provincia di Sassari,Castelsardo,Case e appartamenti per vacanze,I Categoria,1,11,6
2023,Provincia di Sassari,Golfo Aranci,Case e appartamenti per vacanze,I Categoria,2,52,8
2023,Provincia di Sassari,Loiri Porto San Paolo,Case e appartamenti per vacanze,I Categoria,2,47,20
2023,Provincia di Sassari,Olbia,Case e appartamenti per vacanze,I Categoria,5,773,101
2023,Provincia di Sassari,Palau,Case e appartamenti per vacanze,I Categoria,2,96,32
2023,Provincia di Sassari,San Teodoro,Case e appartamenti per vacanze,I Categoria,11,664,74
2023,Provincia di Sassari,Santa Teresa Gallura,Case e appartamenti per vacanze,I Categoria,2,29,0
2023,Provincia di Sassari,Trinità D'Agultu E Vignola,Case e appartamenti per vacanze,I Categoria,1,48,22
2023,Provincia di Sassari,Valledoria,Case e appartamenti per vacanze,I Categoria,1,115,1
2023,Città metropolitana di Cagliari,Cagliari,Case e appartamenti per vacanze,II Categoria,21,284,146
2023,Città metropolitana di Cagliari,Capoterra,Case e appartamenti per vacanze,II Categoria,1,16,8
2023,Città metropolitana di Cagliari,Maracalagonis,Case e appartamenti per vacanze,II Categoria,1,44,13
2023,Città metropolitana di Cagliari,Pula,Case e appartamenti per vacanze,II Categoria,4,676,217
2023,Città metropolitana di Cagliari,Quartu Sant'Elena,Case e appartamenti per vacanze,II Categoria,2,19,6
2023,Provincia del Sud Sardegna,Arbus,Case e appartamenti per vacanze,II Categoria,2,61,22
2023,Provincia del Sud Sardegna,Buggerru,Case e appartamenti per vacanze,II Categoria,2,24,9
2023,Provincia del Sud Sardegna,Calasetta,Case e appartamenti per vacanze,II Categoria,6,120,31
2023,Provincia del Sud Sardegna,Carloforte,Case e appartamenti per vacanze,II Categoria,2,42,16
2023,Provincia del Sud Sardegna,Castiadas,Case e appartamenti per vacanze,II Categoria,2,81,26
2023,Provincia del Sud Sardegna,Domus De Maria,Case e appartamenti per vacanze,II Categoria,12,228,46
2023,Provincia del Sud Sardegna,Gonnesa,Case e appartamenti per vacanze,II Categoria,2,19,7
2023,Provincia del Sud Sardegna,Iglesias,Case e appartamenti per vacanze,II Categoria,3,43,16
2023,Provincia del Sud Sardegna,Muravera,Case e appartamenti per vacanze,II Categoria,14,520,196
2023,Provincia del Sud Sardegna,San Giovanni Suergiu,Case e appartamenti per vacanze,II Categoria,1,9,4
2023,Provincia del Sud Sardegna,Sant'Anna Arresi,Case e appartamenti per vacanze,II Categoria,2,54,13
2023,Provincia del Sud Sardegna,Sant'Antioco,Case e appartamenti per vacanze,II Categoria,6,175,94
2023,Provincia del Sud Sardegna,Teulada,Case e appartamenti per vacanze,II Categoria,3,72,23
2023,Provincia del Sud Sardegna,Villaputzu,Case e appartamenti per vacanze,II Categoria,1,22,8
2023,Provincia del Sud Sardegna,Villasimius,Case e appartamenti per vacanze,II Categoria,7,421,144
2023,Provincia di Nuoro,Bari Sardo,Case e appartamenti per vacanze,II Categoria,3,36,21
2023,Provincia di Nuoro,Baunei,Case e appartamenti per vacanze,II Categoria,7,77,44
2023,Provincia di Nuoro,Cardedu,Case e appartamenti per vacanze,II Categoria,22,75,49
2023,Provincia di Nuoro,Dorgali,Case e appartamenti per vacanze,II Categoria,7,58,32
2023,Provincia di Nuoro,Galtellì,Case e appartamenti per vacanze,II Categoria,1,12,6
2023,Provincia di Nuoro,Girasole,Case e appartamenti per vacanze,II Categoria,1,10,6
2023,Provincia di Nuoro,Nuoro,Case e appartamenti per vacanze,II Categoria,2,39,18
2023,Provincia di Nuoro,Orosei,Case e appartamenti per vacanze,II Categoria,21,343,140
2023,Provincia di Nuoro,Posada,Case e appartamenti per vacanze,II Categoria,5,39,18
2023,Provincia di Nuoro,Siniscola,Case e appartamenti per vacanze,II Categoria,3,49,21
2023,Provincia di Nuoro,Tertenia,Case e appartamenti per vacanze,II Categoria,1,108,54
2023,Provincia di Nuoro,Tortolì,Case e appartamenti per vacanze,II Categoria,11,172,80
2023,Provincia di Oristano,Ales,Case e appartamenti per vacanze,II Categoria,3,12,3
2023,Provincia di Oristano,Bosa,Case e appartamenti per vacanze,II Categoria,11,157,76
2023,Provincia di Oristano,Cabras,Case e appartamenti per vacanze,II Categoria,3,45,19
2023,Provincia di Oristano,Cuglieri,Case e appartamenti per vacanze,II Categoria,1,37,21
2023,Provincia di Oristano,Ghilarza,Case e appartamenti per vacanze,II Categoria,1,20,5
2023,Provincia di Oristano,Magomadas,Case e appartamenti per vacanze,II Categoria,1,27,9
2023,Provincia di Oristano,Nurachi,Case e appartamenti per vacanze,II Categoria,1,18,6
2023,Provincia di Oristano,Oristano,Case e appartamenti per vacanze,II Categoria,5,84,48
2023,Provincia di Oristano,Riola Sardo,Case e appartamenti per vacanze,II Categoria,1,23,7
2023,Provincia di Oristano,Santu Lussurgiu,Case e appartamenti per vacanze,II Categoria,2,13,7
2023,Provincia di Oristano,Tresnuraghes,Case e appartamenti per vacanze,II Categoria,1,18,9
2023,Provincia di Sassari,Aggius,Case e appartamenti per vacanze,II Categoria,1,8,3
2023,Provincia di Sassari,Aglientu,Case e appartamenti per vacanze,II Categoria,2,71,26
2023,Provincia di Sassari,Alghero,Case e appartamenti per vacanze,II Categoria,42,1049,280
2023,Provincia di Sassari,Arzachena,Case e appartamenti per vacanze,II Categoria,6,148,12
2023,Provincia di Sassari,Badesi,Case e appartamenti per vacanze,II Categoria,9,933,199
2023,Provincia di Sassari,Budoni,Case e appartamenti per vacanze,II Categoria,27,1484,354
2023,Provincia di Sassari,Castelsardo,Case e appartamenti per vacanze,II Categoria,4,253,84
2023,Provincia di Sassari,Golfo Aranci,Case e appartamenti per vacanze,II Categoria,15,993,145
2023,Provincia di Sassari,La Maddalena,Case e appartamenti per vacanze,II Categoria,3,85,24
2023,Provincia di Sassari,Loiri Porto San Paolo,Case e appartamenti per vacanze,II Categoria,10,445,35
2023,Provincia di Sassari,Olbia,Case e appartamenti per vacanze,II Categoria,29,648,271
2023,Provincia di Sassari,Ozieri,Case e appartamenti per vacanze,II Categoria,1,12,0
2023,Provincia di Sassari,Palau,Case e appartamenti per vacanze,II Categoria,12,904,139
2023,Provincia di Sassari,Porto Torres,Case e appartamenti per vacanze,II Categoria,4,42,4
2023,Provincia di Sassari,San Teodoro,Case e appartamenti per vacanze,II Categoria,37,1967,661
2023,Provincia di Sassari,Santa Maria Coghinas,Case e appartamenti per vacanze,II Categoria,3,104,20
2023,Provincia di Sassari,Santa Teresa Gallura,Case e appartamenti per vacanze,II Categoria,12,329,182
2023,Provincia di Sassari,Sassari,Case e appartamenti per vacanze,II Categoria,5,33,14
2023,Provincia di Sassari,Sorso,Case e appartamenti per vacanze,II Categoria,2,38,12
2023,Provincia di Sassari,Stintino,Case e appartamenti per vacanze,II Categoria,6,169,67
2023,Provincia di Sassari,Tempio Pausania,Case e appartamenti per vacanze,II Categoria,2,45,14
2023,Provincia di Sassari,Tergu,Case e appartamenti per vacanze,II Categoria,1,84,28
2023,Provincia di Sassari,Trinità D'Agultu E Vignola,Case e appartamenti per vacanze,II Categoria,10,1831,615
2023,Provincia di Sassari,Valledoria,Case e appartamenti per vacanze,II Categoria,5,511,18
2023,Provincia di Sassari,Viddalba,Case e appartamenti per vacanze,II Categoria,1,22,7
2023,Provincia del Sud Sardegna,Carloforte,Case e appartamenti per vacanze,III Categoria,1,10,4
2023,Provincia del Sud Sardegna,Domus De Maria,Case e appartamenti per vacanze,III Categoria,1,4,3
2023,Provincia del Sud Sardegna,Muravera,Case e appartamenti per vacanze,III Categoria,1,8,4
2023,Provincia del Sud Sardegna,San Giovanni Suergiu,Case e appartamenti per vacanze,III Categoria,3,60,26
2023,Provincia del Sud Sardegna,Teulada,Case e appartamenti per vacanze,III Categoria,1,9,4
2023,Provincia di Nuoro,Cardedu,Case e appartamenti per vacanze,III Categoria,2,48,26
2023,Provincia di Nuoro,Dorgali,Case e appartamenti per vacanze,III Categoria,3,14,6
2023,Provincia di Nuoro,Orosei,Case e appartamenti per vacanze,III Categoria,9,20,15
2023,Provincia di Nuoro,Siniscola,Case e appartamenti per vacanze,III Categoria,1,20,12
2023,Provincia di Sassari,Aglientu,Case e appartamenti per vacanze,III Categoria,2,33,14
2023,Provincia di Sassari,Alghero,Case e appartamenti per vacanze,III Categoria,8,255,134
2023,Provincia di Sassari,Badesi,Case e appartamenti per vacanze,III Categoria,2,384,127
2023,Provincia di Sassari,Nulvi,Case e appartamenti per vacanze,III Categoria,1,16,0
2023,Provincia di Sassari,Olbia,Case e appartamenti per vacanze,III Categoria,1,9,5
2023,Provincia di Sassari,Olmedo,Case e appartamenti per vacanze,III Categoria,1,10,5
2023,Provincia di Sassari,San Teodoro,Case e appartamenti per vacanze,III Categoria,1,9,6
2023,Provincia di Sassari,Santa Teresa Gallura,Case e appartamenti per vacanze,III Categoria,1,60,180
2023,Provincia di Sassari,Sassari,Case e appartamenti per vacanze,III Categoria,1,43,12
2023,Provincia di Sassari,Stintino,Case e appartamenti per vacanze,III Categoria,1,40,14
2023,Provincia di Sassari,Tergu,Case e appartamenti per vacanze,III Categoria,1,9,3
2023,Provincia di Sassari,Trinità D'Agultu E Vignola,Case e appartamenti per vacanze,III Categoria,1,60,0
2023,Provincia di Sassari,Valledoria,Case e appartamenti per vacanze,III Categoria,1,53,0
2023,Provincia di Sassari,Alghero,Case per ferie,,1,20,7
2023,Provincia di Sassari,Olbia,Case per ferie,,1,4,2
2023,Città metropolitana di Cagliari,Sinnai,Case per ferie,III Categoria,1,38,20
2023,Provincia del Sud Sardegna,Arbus,Case per ferie,III Categoria,1,9,5
2023,Provincia del Sud Sardegna,Carbonia,Case per ferie,III Categoria,1,22,10
2023,Provincia del Sud Sardegna,Castiadas,Case per ferie,III Categoria,1,16,8
2023,Provincia del Sud Sardegna,Fluminimaggiore,Case per ferie,III Categoria,1,11,10
2023,Provincia del Sud Sardegna,Iglesias,Case per ferie,III Categoria,3,18,11
2023,Provincia del Sud Sardegna,Villacidro,Case per ferie,III Categoria,1,11,4
2023,Provincia del Sud Sardegna,Villasimius,Case per ferie,III Categoria,1,17,9
2023,Provincia di Nuoro,Lanusei,Case per ferie,III Categoria,1,69,30
2023,Provincia di Oristano,Arborea,Case per ferie,III Categoria,1,40,15
2023,Provincia di Oristano,Laconi,Case per ferie,III Categoria,1,31,22
2023,Provincia di Oristano,Oristano,Case per ferie,III Categoria,1,40,10
2023,Provincia di Oristano,Paulilatino,Case per ferie,III Categoria,1,7,4
2023,Provincia di Sassari,Alghero,Case per ferie,III Categoria,4,142,87
2023,Provincia di Sassari,Bonorva,Case per ferie,III Categoria,1,24,14
2023,Provincia di Sassari,Sassari,Case per ferie,III Categoria,2,35,29
2023,Città metropolitana di Cagliari,Cagliari,Locanda,,2,18,9
2023,Provincia del Sud Sardegna,Siurgus Donigala,Locanda,,1,14,6
2023,Provincia di Nuoro,Oliena,Locanda,,1,8,4
2023,Provincia di Nuoro,Orani,Locanda,,1,10,5
2023,Provincia di Sassari,Olbia,Locanda,,1,11,0
2023,Provincia di Sassari,Tempio Pausania,Locanda,,1,5,3
2023,Provincia del Sud Sardegna,Sant'Anna Arresi,Locanda,I Categoria,1,10,6
2023,Provincia di Nuoro,Dorgali,Locanda,I Categoria,1,8,3
2023,Provincia di Sassari,Castelsardo,Locanda,I Categoria,1,11,5
2023,Provincia di Sassari,Palau,Locanda,I Categoria,1,13,6
2023,Provincia del Sud Sardegna,Muravera,Locanda,II Categoria,1,15,6
2023,Provincia del Sud Sardegna,Villaperuccio,Locanda,II Categoria,1,6,3
2023,Provincia di Nuoro,Baunei,Locanda,II Categoria,1,12,6
2023,Provincia di Nuoro,Irgoli,Locanda,II Categoria,1,12,6
2023,Provincia di Nuoro,Oliena,Locanda,II Categoria,1,13,6
2023,Provincia di Nuoro,Orgosolo,Locanda,II Categoria,2,11,6
2023,Provincia di Nuoro,Siniscola,Locanda,II Categoria,2,16,8
2023,Provincia di Nuoro,Tortolì,Locanda,II Categoria,3,35,17
2023,Provincia di Oristano,Baradili,Locanda,II Categoria,1,14,6
2023,Provincia di Oristano,Sennariolo,Locanda,II Categoria,1,12,6
2023,Provincia di Oristano,Siamaggiore,Locanda,II Categoria,1,9,4
2023,Provincia di Sassari,Arzachena,Locanda,II Categoria,1,0,0
2023,Provincia di Sassari,Luogosanto,Locanda,II Categoria,1,12,5
2023,Provincia di Sassari,Olbia,Locanda,II Categoria,1,8,3
2023,Provincia di Sassari,Sant'Antonio Di Gallura,Locanda,II Categoria,1,8,3
2023,Provincia di Sassari,Santa Teresa Gallura,Locanda,II Categoria,1,6,3
2023,Provincia di Sassari,Valledoria,Locanda,II Categoria,1,11,4
2023,Provincia del Sud Sardegna,Sant'Antioco,Locanda,III Categoria,1,7,4
2023,Provincia di Sassari,Tempio Pausania,Locanda,III Categoria,1,12,4
2023,Provincia di Sassari,Arzachena,Marina Resort,,1,1220,305
2023,Provincia di Sassari,Castelsardo,Marina Resort,,1,550,550
2023,Provincia del Sud Sardegna,Sant'Antioco,Ostelli per la gioventù,,1,89,32
2023,Provincia di Nuoro,Baunei,Ostelli per la gioventù,,1,29,18
2023,Provincia di Nuoro,Nuoro,Ostelli per la gioventù,,2,24,14
2023,Provincia di Sassari,Alghero,Ostelli per la gioventù,,1,76,43
2023,Città metropolitana di Cagliari,Cagliari,Ostelli per la gioventù,III Categoria,1,125,35
2023,Città metropolitana di Cagliari,Pula,Ostelli per la gioventù,III Categoria,1,83,0
2023,Provincia del Sud Sardegna,Buggerru,Ostelli per la gioventù,III Categoria,1,18,0
2023,Provincia del Sud Sardegna,Iglesias,Ostelli per la gioventù,III Categoria,1,20,6
2023,Provincia del Sud Sardegna,Tuili,Ostelli per la gioventù,III Categoria,1,25,13
2023,Provincia di Nuoro,Ilbono,Ostelli per la gioventù,III Categoria,1,48,23
2023,Provincia di Nuoro,Lanusei,Ostelli per la gioventù,III Categoria,1,24,6
2023,Provincia di Nuoro,Siniscola,Ostelli per la gioventù,III Categoria,1,29,7
2023,Provincia di Oristano,Marrubiu,Ostelli per la gioventù,III Categoria,1,20,6
2023,Provincia di Oristano,Oristano,Ostelli per la gioventù,III Categoria,1,138,69
2023,Provincia di Sassari,Alghero,Ostelli per la gioventù,III Categoria,1,132,30
2023,Provincia di Sassari,Castelsardo,Ostelli per la gioventù,III Categoria,1,65,19
2023,Provincia di Sassari,Porto Torres,Ostelli per la gioventù,III Categoria,1,20,4
2023,Provincia di Sassari,Sassari,Ostelli per la gioventù,III Categoria,1,60,30
2023,Città metropolitana di Cagliari,Quartu Sant'Elena,Residence,,1,81,30
2023,Provincia di Sassari,Arzachena,Residence,,1,120,28
2023,Provincia di Sassari,Loiri Porto San Paolo,Residence,,1,114,0
2023,Provincia del Sud Sardegna,Muravera,Residence,I Categoria,1,16,8
2023,Provincia del Sud Sardegna,Villaputzu,Residence,I Categoria,1,81,35
2023,Provincia del Sud Sardegna,Villasimius,Residence,I Categoria,1,164,43
2023,Provincia di Nuoro,Cardedu,Residence,I Categoria,1,68,42
2023,Provincia di Nuoro,Nuoro,Residence,I Categoria,1,55,15
2023,Provincia di Nuoro,Tortolì,Residence,I Categoria,1,32,11
2023,Provincia di Oristano,Cabras,Residence,I Categoria,1,20,10
2023,Provincia di Sassari,Arzachena,Residence,I Categoria,2,267,73
2023,Provincia di Sassari,La Maddalena,Residence,I Categoria,1,203,57
2023,Provincia di Sassari,Trinità D'Agultu E Vignola,Residence,I Categoria,1,345,115
2023,Città metropolitana di Cagliari,Assemini,Residence,II Categoria,1,50,25
2023,Città metropolitana di Cagliari,Cagliari,Residence,II Categoria,1,50,25
2023,Città metropolitana di Cagliari,Villa San Pietro,Residence,II Categoria,1,12,7
2023,Provincia del Sud Sardegna,Domus De Maria,Residence,II Categoria,1,60,24
2023,Provincia del Sud Sardegna,Villaputzu,Residence,II Categoria,1,59,27
2023,Provincia di Nuoro,Bari Sardo,Residence,II Categoria,2,38,16
2023,Provincia di Nuoro,Orosei,Residence,II Categoria,2,261,94
2023,Provincia di Nuoro,Siniscola,Residence,II Categoria,1,16,8
2023,Provincia di Oristano,Oristano,Residence,II Categoria,1,24,10
2023,Provincia di Sassari,Arzachena,Residence,II Categoria,5,531,72
2023,Provincia di Sassari,Badesi,Residence,II Categoria,1,203,86
2023,Provincia di Sassari,Budoni,Residence,II Categoria,1,36,0
2023,Provincia di Sassari,Golfo Aranci,Residence,II Categoria,1,48,187
2023,Provincia di Sassari,Olbia,Residence,II Categoria,1,141,70
2023,Provincia di Sassari,Palau,Residence,II Categoria,2,277,15
2023,Provincia di Sassari,Santa Teresa Gallura,Residence,II Categoria,3,336,28
2023,Provincia di Sassari,Sassari,Residence,II Categoria,1,13,13
2023,Città metropolitana di Cagliari,Maracalagonis,Residence,III Categoria,1,140,46
2023,Provincia di Sassari,Loiri Porto San Paolo,Residence,III Categoria,1,100,0
2023,Provincia di Sassari,Olbia,Residence,III Categoria,1,120,0
2023,Provincia di Sassari,San Teodoro,Residence,III Categoria,1,57,0
2023,Città metropolitana di Cagliari,Pula,Turismo Rurale,1 Stella,1,13,7
2023,Provincia del Sud Sardegna,Calasetta,Turismo Rurale,1 Stella,1,16,8
2023,Provincia del Sud Sardegna,Castiadas,Turismo Rurale,1 Stella,1,20,12
2023,Provincia del Sud Sardegna,Guasila,Turismo Rurale,1 Stella,1,12,8
2023,Provincia del Sud Sardegna,Orroli,Turismo Rurale,1 Stella,1,18,9
2023,Provincia di Nuoro,Siniscola,Turismo Rurale,1 Stella,1,20,10
2023,Provincia di Sassari,Alghero,Turismo Rurale,1 Stella,1,7,7
2023,Provincia di Sassari,Arzachena,Turismo Rurale,1 Stella,1,20,13
2023,Provincia di Sassari,Budoni,Turismo Rurale,1 Stella,1,10,5
2023,Provincia di Sassari,Olbia,Turismo Rurale,1 Stella,1,20,10
2023,Provincia del Sud Sardegna,Dolianova,Turismo Rurale,2 Stelle,1,20,11
2023,Provincia del Sud Sardegna,Orroli,Turismo Rurale,2 Stelle,1,20,7
2023,Provincia di Nuoro,Dorgali,Turismo Rurale,2 Stelle,3,40,23
2023,Provincia di Sassari,Arzachena,Turismo Rurale,2 Stelle,1,14,7
2023,Provincia di Sassari,Budoni,Turismo Rurale,2 Stelle,1,18,7
2023,Provincia di Sassari,Oschiri,Turismo Rurale,2 Stelle,1,15,7
2023,Provincia di Sassari,Stintino,Turismo Rurale,2 Stelle,1,20,9
2023,Provincia di Sassari,Valledoria,Turismo Rurale,2 Stelle,1,14,7
2023,Città metropolitana di Cagliari,Pula,Turismo Rurale,3 Stelle,1,67,32
2023,Città metropolitana di Cagliari,Quartu Sant'Elena,Turismo Rurale,3 Stelle,1,78,39
2023,Provincia del Sud Sardegna,Arbus,Turismo Rurale,3 Stelle,1,19,11
2023,Provincia del Sud Sardegna,Burcei,Turismo Rurale,3 Stelle,1,10,7
2023,Provincia del Sud Sardegna,Castiadas,Turismo Rurale,3 Stelle,1,20,10
2023,Provincia del Sud Sardegna,Dolianova,Turismo Rurale,3 Stelle,1,20,10
2023,Provincia del Sud Sardegna,Muravera,Turismo Rurale,3 Stelle,2,42,24
2023,Provincia del Sud Sardegna,Villasimius,Turismo Rurale,3 Stelle,1,20,10
2023,Provincia di Nuoro,Dorgali,Turismo Rurale,3 Stelle,3,46,25
2023,Provincia di Nuoro,Fonni,Turismo Rurale,3 Stelle,1,20,20
2023,Provincia di Nuoro,Orosei,Turismo Rurale,3 Stelle,1,23,12
2023,Provincia di Nuoro,Siniscola,Turismo Rurale,3 Stelle,1,16,7
2023,Provincia di Nuoro,Torpè,Turismo Rurale,3 Stelle,4,45,23
2023,Provincia di Oristano,Narbolia,Turismo Rurale,3 Stelle,9,24,9
2023,Provincia di Oristano,Tresnuraghes,Turismo Rurale,3 Stelle,1,48,22
2023,Provincia di Sassari,Alghero,Turismo Rurale,3 Stelle,7,246,79
2023,Provincia di Sassari,Arzachena,Turismo Rurale,3 Stelle,2,30,8
2023,Provincia di Sassari,Golfo Aranci,Turismo Rurale,3 Stelle,1,20,10
2023,Provincia di Sassari,Loiri Porto San Paolo,Turismo Rurale,3 Stelle,1,19,10
2023,Provincia di Sassari,Luogosanto,Turismo Rurale,3 Stelle,1,20,12
2023,Provincia di Sassari,Olbia,Turismo Rurale,3 Stelle,2,38,19
2023,Provincia di Sassari,Palau,Turismo Rurale,3 Stelle,1,16,8
2023,Provincia di Sassari,Santa Teresa Gallura,Turismo Rurale,3 Stelle,1,12,8
2023,Provincia di Sassari,Sorso,Turismo Rurale,3 Stelle,1,20,15
2023,Provincia di Sassari,Tempio Pausania,Turismo Rurale,3 Stelle,2,33,16
2023,Provincia di Sassari,Tergu,Turismo Rurale,3 Stelle,1,18,12
2023,Provincia di Sassari,Tula,Turismo Rurale,3 Stelle,1,20,12
2023,Città metropolitana di Cagliari,Pula,Turismo Rurale,4 Stelle,1,20,14
2023,Provincia di Sassari,Alghero,Turismo Rurale,4 Stelle,2,112,45
2023,Provincia di Sassari,Arzachena,Turismo Rurale,4 Stelle,2,24,2
2023,Provincia di Sassari,Olbia,Turismo Rurale,4 Stelle,2,40,24
2023,Provincia di Sassari,Arzachena,Turismo Rurale,5 Stelle,1,46,19
2023,Provincia del Sud Sardegna,Narcao,Villaggi turistici,2 Stelle,1,37,23
2023,Provincia di Nuoro,Meana Sardo,Villaggi turistici,2 Stelle,1,32,5
2023,Provincia di Nuoro,Siniscola,Villaggi turistici,2 Stelle,1,12,4
2023,Provincia di Sassari,La Maddalena,Villaggi turistici,2 Stelle,1,202,25
2023,Città metropolitana di Cagliari,Pula,Villaggi turistici,3 Stelle,1,399,100
2023,Provincia di Nuoro,Tortolì,Villaggi turistici,3 Stelle,2,1024,234
2023,Provincia di Oristano,Bosa,Villaggi turistici,3 Stelle,1,24,12
2023,Provincia di Oristano,Cuglieri,Villaggi turistici,3 Stelle,1,88,21
2023,Provincia di Sassari,Alghero,Villaggi turistici,3 Stelle,2,297,61
2023,Provincia di Sassari,La Maddalena,Villaggi turistici,3 Stelle,1,227,74
2023,Provincia del Sud Sardegna,Muravera,Villaggi turistici,4 Stelle,1,1536,384
2023,Provincia di Nuoro,Bari Sardo,Villaggi turistici,4 Stelle,1,850,195
2023,Provincia di Oristano,Oristano,Villaggi turistici,4 Stelle,1,441,151
2023,Provincia di Sassari,Alghero,Villaggi turistici,4 Stelle,1,800,270
2023,Provincia di Sassari,Budoni,Villaggi turistici,4 Stelle,1,434,116
2023,Provincia di Sassari,Olbia,Villaggio albergo,2 Stelle,1,130,0
2023,Provincia del Sud Sardegna,Carbonia,Villaggio albergo,3 Stelle,1,48,24
2023,Provincia di Nuoro,Bari Sardo,Villaggio albergo,3 Stelle,1,40,20
2023,Provincia di Oristano,Bonarcado,Villaggio albergo,3 Stelle,1,67,22
2023,Provincia di Sassari,Aglientu,Villaggio albergo,3 Stelle,1,598,155
2023,Provincia di Sassari,Budoni,Villaggio albergo,3 Stelle,1,179,90
2023,Città metropolitana di Cagliari,Maracalagonis,Villaggio albergo,4 Stelle,1,989,369
2023,Provincia del Sud Sardegna,Castiadas,Villaggio albergo,4 Stelle,4,663,330
2023,Provincia del Sud Sardegna,Guspini,Villaggio albergo,4 Stelle,1,115,11
2023,Provincia del Sud Sardegna,Muravera,Villaggio albergo,4 Stelle,2,1418,530
2023,Provincia del Sud Sardegna,Villasimius,Villaggio albergo,4 Stelle,1,2865,914
2023,Provincia di Nuoro,Cardedu,Villaggio albergo,4 Stelle,1,357,170
2023,Provincia di Nuoro,Dorgali,Villaggio albergo,4 Stelle,1,885,427
2023,Provincia di Nuoro,Orosei,Villaggio albergo,4 Stelle,2,872,391
2023,Provincia di Nuoro,Siniscola,Villaggio albergo,4 Stelle,1,40,20
2023,Provincia di Nuoro,Tertenia,Villaggio albergo,4 Stelle,1,83,43
2023,Provincia di Nuoro,Tortolì,Villaggio albergo,4 Stelle,3,2301,991
2023,Provincia di Sassari,Badesi,Villaggio albergo,4 Stelle,2,2412,870
2023,Provincia di Sassari,Budoni,Villaggio albergo,4 Stelle,2,180,79
2023,Provincia di Sassari,San Teodoro,Villaggio albergo,4 Stelle,2,648,242
2023,Provincia del Sud Sardegna,Domus De Maria,Villaggio albergo,5 Stelle,1,170,77
2023,Provincia di Sassari,Arzachena,Villaggio albergo,5 Stelle,1,151,32
2023,Provincia di Sassari,Santa Teresa Gallura,Villaggio albergo,5 Stelle,1,280,123
2024,Provincia di Oristano,Abbasanta,Albergo,4 Stelle,1,25,10
2024,Provincia di Oristano,Abbasanta,Affittacamere,1 Stella,1,9,5
2024,Provincia di Oristano,Abbasanta,Affittacamere,I Categoria,1,5,3
2024,Provincia di Oristano,Abbasanta,Bed & Breakfast,1 Stella,1,2,2
2024,Provincia di Oristano,Abbasanta,Altri alloggi privati,,5,23,8
2024,Provincia di Sassari,Aggius,Agriturismo,,5,44,21
2024,Provincia di Sassari,Aggius,Casa/App. vacanze,II Categoria,1,10,5
2024,Provincia di Sassari,Aggius,Affittacamere,1 Stella,1,4,2
2024,Provincia di Sassari,Aggius,Affittacamere,I Categoria,1,11,5
2024,Provincia di Sassari,Aggius,Bed & Breakfast,2 Stelle,2,9,5
2024,Provincia di Sassari,Aggius,Bed & Breakfast,3 Stelle,2,15,6
2024,Provincia di Sassari,Aggius,Bed & Breakfast,,1,4,2
2024,Provincia di Sassari,Aggius,Altri alloggi privati,,1,9,4
2024,Provincia di Sassari,Aggius,Altri alloggi privati,,18,88,40
2024,Provincia di Sassari,Aglientu,Albergo,2 Stelle,1,12,7
2024,Provincia di Sassari,Aglientu,Albergo,3 Stelle,4,127,33
2024,Provincia di Sassari,Aglientu,Albergo,4 Stelle,1,16,9
2024,Provincia di Sassari,Aglientu,Residenza Turistico Alberghiera (R.T.A.),3 Stelle,1,176,88
2024,Provincia di Sassari,Aglientu,Campeggio,1 Stella,1,250,50
2024,Provincia di Sassari,Aglientu,Campeggio,4 Stelle,2,3449,993
2024,Provincia di Sassari,Aglientu,Agriturismo,,10,139,18
2024,Provincia di Sassari,Aglientu,Casa/App. vacanze,II Categoria,2,71,47
2024,Provincia di Sassari,Aglientu,Casa/App. vacanze,III Categoria,2,33,15
2024,Provincia di Sassari,Aglientu,Affittacamere,3 Stelle,1,10,5
2024,Provincia di Sassari,Aglientu,Affittacamere,II Categoria,1,10,5
2024,Provincia di Sassari,Aglientu,Affittacamere,III Categoria,4,20,10
2024,Provincia di Sassari,Aglientu,Bed & Breakfast,2 Stelle,1,4,2
2024,Provincia di Sassari,Aglientu,Residence,I Categoria,1,279,79
2024,Provincia di Sassari,Aglientu,Villaggio albergo,3 Stelle,1,598,251
2024,Provincia di Sassari,Aglientu,Albergo Rurale,1 Stella,1,18,7
2024,Provincia di Sassari,Aglientu,Altri alloggi privati,,2,17,9
2024,Provincia di Sassari,Aglientu,Altri alloggi privati,,270,1408,608
2024,Provincia di Sassari,Aglientu,Locanda,,1,6,4
2024,Provincia di Oristano,Aidomaggiore,Altri alloggi privati,,1,8,3
2024,Provincia di Oristano,Albagiara,Altri alloggi privati,,1,4,2
2024,Provincia di Oristano,Ales,Casa/App. vacanze,II Categoria,3,12,3
2024,Provincia di Oristano,Ales,Affittacamere,II Categoria,3,17,9
2024,Provincia di Oristano,Ales,Bed & Breakfast,1 Stella,2,8,5
2024,Provincia di Oristano,Ales,Altri alloggi privati,,1,4,2
2024,Provincia di Oristano,Ales,Altri alloggi privati,,1,6,3
2024,Provincia di Sassari,Alghero,Albergo,3 Stelle,13,1013,484
2024,Provincia di Sassari,Alghero,Albergo,4 Stelle,15,4046,1605
2024,Provincia di Sassari,Alghero,Albergo,5 Stelle,2,534,203
2024,Provincia di Sassari,Alghero,Residenza Turistico Alberghiera (R.T.A.),2 Stelle,1,275,66
2024,Provincia di Sassari,Alghero,Residenza Turistico Alberghiera (R.T.A.),3 Stelle,3,421,118
2024,Provincia di Sassari,Alghero,Residenza Turistico Alberghiera (R.T.A.),4 Stelle,1,42,25
2024,Provincia di Sassari,Alghero,Ostello,III Categoria,1,132,30
2024,Provincia di Sassari,Alghero,Ostello,,1,76,43
2024,Provincia di Sassari,Alghero,Campeggio,3 Stelle,1,500,125
2024,Provincia di Sassari,Alghero,Campeggio,4 Stelle,1,2432,612
2024,Provincia di Sassari,Alghero,Agriturismo,,37,455,166
2024,Provincia di Sassari,Alghero,Casa/App. vacanze,1 Stella,3,31,11
2024,Provincia di Sassari,Alghero,Casa/App. vacanze,2 Stelle,7,91,31
2024,Provincia di Sassari,Alghero,Casa/App. vacanze,3 Stelle,4,92,24
2024,Provincia di Sassari,Alghero,Casa/App. vacanze,I Categoria,1,8,4
2024,Provincia di Sassari,Alghero,Casa/App. vacanze,II Categoria,48,1039,401
2024,Provincia di Sassari,Alghero,Casa/App. vacanze,III Categoria,8,217,75
2024,Provincia di Sassari,Alghero,Casa/App. vacanze,,9,184,87
2024,Provincia di Sassari,Alghero,Affittacamere,1 Stella,5,21,12
2024,Provincia di Sassari,Alghero,Affittacamere,2 Stelle,25,141,71
2024,Provincia di Sassari,Alghero,Affittacamere,3 Stelle,25,201,93
2024,Provincia di Sassari,Alghero,Affittacamere,I Categoria,9,58,35
2024,Provincia di Sassari,Alghero,Affittacamere,II Categoria,113,843,404
2024,Provincia di Sassari,Alghero,Affittacamere,III Categoria,13,100,49
2024,Provincia di Sassari,Alghero,Affittacamere,,42,298,144
2024,Provincia di Sassari,Alghero,Villaggio turistico,3 Stelle,2,297,61
2024,Provincia di Sassari,Alghero,Villaggio turistico,4 Stelle,1,800,270
2024,Provincia di Sassari,Alghero,Casa per ferie e ospitalità religiosa,III Categoria,5,154,93
2024,Provincia di Sassari,Alghero,Casa per ferie e ospitalità religiosa,,1,20,7
2024,Provincia di Sassari,Alghero,Bed & Breakfast,1 Stella,72,280,139
2024,Provincia di Sassari,Alghero,Bed & Breakfast,2 Stelle,109,467,243
2024,Provincia di Sassari,Alghero,Bed & Breakfast,3 Stelle,44,222,120
2024,Provincia di Sassari,Alghero,Bed & Breakfast,,15,67,33
2024,Provincia di Sassari,Alghero,Albergo Rurale,1 Stella,1,7,7
2024,Provincia di Sassari,Alghero,Albergo Rurale,3 Stelle,7,265,120
2024,Provincia di Sassari,Alghero,Albergo Rurale,4 Stelle,2,112,45
2024,Provincia di Sassari,Alghero,Altri alloggi privati,,32,146,83
2024,Provincia di Sassari,Alghero,Altri alloggi privati,,2417,11002,4647
2024,Provincia di Sassari,Alghero,Boat & Breakfast,,5,30,14
2024,Provincia di Sassari,Alghero,Bed & Breakfast,1 Stella,2,6,3
2024,Provincia di Sassari,Alghero,Bed & Breakfast,3 Stelle,1,7,3
2024,Provincia di Oristano,Allai,Agriturismo,,1,16,8
2024,Provincia di Oristano,Allai,Altri alloggi privati,,3,16,9
2024,Provincia di Sassari,Alà Dei Sardi,Affittacamere,1 Stella,1,4,2
2024,Provincia di Sassari,Alà Dei Sardi,Bed & Breakfast,2 Stelle,1,2,2
2024,Provincia di Sassari,Alà Dei Sardi,Altri alloggi privati,,3,15,7
2024,Provincia di Sassari,Anela,Agriturismo,,1,6,5
2024,Provincia di Oristano,Arborea,Albergo,2 Stelle,4,129,53
2024,Provincia di Oristano,Arborea,Albergo,3 Stelle,3,297,93
2024,Provincia di Oristano,Arborea,Albergo,4 Stelle,4,730,321
2024,Provincia di Oristano,Arborea,Campeggio,3 Stelle,1,654,170
2024,Provincia di Oristano,Arborea,Affittacamere,II Categoria,1,12,5
2024,Provincia di Oristano,Arborea,Casa per ferie e ospitalità religiosa,III Categoria,1,40,15
2024,Provincia di Oristano,Arborea,Bed & Breakfast,1 Stella,2,7,4
2024,Provincia di Oristano,Arborea,Bed & Breakfast,3 Stelle,1,4,2
2024,Provincia di Oristano,Arborea,Altri alloggi privati,,10,58,21
2024,Provincia del Sud Sardegna,Arbus,Albergo,1 Stella,1,14,8
2024,Provincia del Sud Sardegna,Arbus,Albergo,2 Stelle,2,37,16
2024,Provincia del Sud Sardegna,Arbus,Albergo,3 Stelle,5,132,73
2024,Provincia del Sud Sardegna,Arbus,Albergo,4 Stelle,1,25,25
2024,Provincia del Sud Sardegna,Arbus,Albergo,5 Stelle,1,66,28
2024,Provincia del Sud Sardegna,Arbus,Campeggio,3 Stelle,1,147,47
2024,Provincia del Sud Sardegna,Arbus,Agriturismo,,16,208,116
2024,Provincia del Sud Sardegna,Arbus,Casa/App. vacanze,II Categoria,2,61,22
2024,Provincia del Sud Sardegna,Arbus,Affittacamere,2 Stelle,1,9,5
2024,Provincia del Sud Sardegna,Arbus,Affittacamere,3 Stelle,1,9,5
2024,Provincia del Sud Sardegna,Arbus,Affittacamere,I Categoria,1,3,2
2024,Provincia del Sud Sardegna,Arbus,Affittacamere,,1,6,3
2024,Provincia del Sud Sardegna,Arbus,Casa per ferie e ospitalità religiosa,III Categoria,1,9,5
2024,Provincia del Sud Sardegna,Arbus,Bed & Breakfast,1 Stella,6,29,14
2024,Provincia del Sud Sardegna,Arbus,Bed & Breakfast,2 Stelle,4,19,11
2024,Provincia del Sud Sardegna,Arbus,Bed & Breakfast,3 Stelle,4,21,11
2024,Provincia del Sud Sardegna,Arbus,Albergo Rurale,3 Stelle,1,19,11
2024,Provincia del Sud Sardegna,Arbus,Altri alloggi privati,,1,4,1
2024,Provincia del Sud Sardegna,Arbus,Altri alloggi privati,,244,1086,437
2024,Provincia di Sassari,Ardara,Bed & Breakfast,2 Stelle,1,4,3
2024,Provincia di Oristano,Ardauli,Altri alloggi privati,,1,4,2
2024,Provincia di Nuoro,Aritzo,Albergo,2 Stelle,1,40,16
2024,Provincia di Nuoro,Aritzo,Albergo,3 Stelle,1,50,31
2024,Provincia di Nuoro,Aritzo,Albergo,4 Stelle,1,113,50
2024,Provincia di Nuoro,Aritzo,Agriturismo,,1,12,8
2024,Provincia di Nuoro,Aritzo,Casa/App. vacanze,I Categoria,1,14,10
2024,Provincia di Nuoro,Aritzo,Affittacamere,II Categoria,1,4,2
2024,Provincia di Nuoro,Aritzo,Bed & Breakfast,1 Stella,1,6,3
2024,Provincia di Nuoro,Aritzo,Bed & Breakfast,3 Stelle,1,4,2
2024,Provincia di Nuoro,Aritzo,Altri alloggi privati,,4,16,6
2024,Provincia del Sud Sardegna,Armungia,Affittacamere,III Categoria,1,9,4
2024,Provincia del Sud Sardegna,Armungia,Bed & Breakfast,1 Stella,0,0,0
2024,Provincia del Sud Sardegna,Armungia,Bed & Breakfast,3 Stelle,1,6,3
2024,Provincia del Sud Sardegna,Armungia,Altri alloggi privati,,2,16,7
2024,Provincia di Sassari,Arzachena,Albergo,2 Stelle,1,20,10
2024,Provincia di Sassari,Arzachena,Albergo,3 Stelle,20,1442,658
2024,Provincia di Sassari,Arzachena,Albergo,4 Stelle,32,4556,2018
2024,Provincia di Sassari,Arzachena,Albergo,4 Stelle Superior,1,95,42
2024,Provincia di Sassari,Arzachena,Albergo,5 Stelle,14,1890,874
2024,Provincia di Sassari,Arzachena,Albergo,5 Stelle Lusso,3,621,282
2024,Provincia di Sassari,Arzachena,Residenza Turistico Alberghiera (R.T.A.),3 Stelle,3,224,88
2024,Provincia di Sassari,Arzachena,Residenza Turistico Alberghiera (R.T.A.),4 Stelle,8,1757,559
2024,Provincia di Sassari,Arzachena,Campeggio,3 Stelle,1,259,628
2024,Provincia di Sassari,Arzachena,Campeggio,4 Stelle,1,2904,600
2024,Provincia di Sassari,Arzachena,Agriturismo,II Categoria,1,12,6
2024,Provincia di Sassari,Arzachena,Agriturismo,,16,157,60
2024,Provincia di Sassari,Arzachena,Casa/App. vacanze,1 Stella,3,70,24
2024,Provincia di Sassari,Arzachena,Casa/App. vacanze,2 Stelle,1,14,5
2024,Provincia di Sassari,Arzachena,Casa/App. vacanze,3 Stelle,2,38,19
2024,Provincia di Sassari,Arzachena,Casa/App. vacanze,I Categoria,10,436,154
2024,Provincia di Sassari,Arzachena,Casa/App. vacanze,II Categoria,9,227,61
2024,Provincia di Sassari,Arzachena,Casa/App. vacanze,,8,190,35
2024,Provincia di Sassari,Arzachena,Affittacamere,I Categoria,10,104,42
2024,Provincia di Sassari,Arzachena,Affittacamere,II Categoria,8,54,28
2024,Provincia di Sassari,Arzachena,Affittacamere,,6,50,24
2024,Provincia di Sassari,Arzachena,Bed & Breakfast,1 Stella,8,38,20
2024,Provincia di Sassari,Arzachena,Bed & Breakfast,2 Stelle,3,16,8
2024,Provincia di Sassari,Arzachena,Bed & Breakfast,3 Stelle,13,77,33
2024,Provincia di Sassari,Arzachena,Bed & Breakfast,,3,15,9
2024,Provincia di Sassari,Arzachena,Residence,I Categoria,2,267,73
2024,Provincia di Sassari,Arzachena,Residence,II Categoria,5,531,104
2024,Provincia di Sassari,Arzachena,Residence,,1,120,28
2024,Provincia di Sassari,Arzachena,Villaggio albergo,5 Stelle,1,151,66
2024,Provincia di Sassari,Arzachena,Albergo Rurale,2 Stelle,1,14,7
2024,Provincia di Sassari,Arzachena,Albergo Rurale,3 Stelle,2,30,18
2024,Provincia di Sassari,Arzachena,Albergo Rurale,4 Stelle,2,24,12
2024,Provincia di Sassari,Arzachena,Albergo Rurale,5 Stelle,1,46,19
2024,Provincia di Sassari,Arzachena,Altri alloggi privati,,74,496,220
2024,Provincia di Sassari,Arzachena,Altri alloggi privati,,1065,5341,2309
2024,Provincia di Sassari,Arzachena,Locanda,II Categoria,1,6,3
2024,Provincia di Sassari,Arzachena,Marina Resort,,1,1220,305
2024,Provincia di Nuoro,Arzana,Bed & Breakfast,1 Stella,2,9,4
2024,Provincia di Nuoro,Arzana,Bed & Breakfast,3 Stelle,1,8,3
2024,Provincia di Nuoro,Arzana,Altri alloggi privati,,2,9,4
2024,Città metropolitana di Cagliari,Assemini,Albergo,4 Stelle,1,182,84
2024,Città metropolitana di Cagliari,Assemini,Agriturismo,,4,54,17
2024,Città metropolitana di Cagliari,Assemini,Affittacamere,1 Stella,1,6,4
2024,Città metropolitana di Cagliari,Assemini,Affittacamere,II Categoria,2,15,7
2024,Città metropolitana di Cagliari,Assemini,Affittacamere,,1,5,3
2024,Città metropolitana di Cagliari,Assemini,Bed & Breakfast,1 Stella,3,16,6
2024,Città metropolitana di Cagliari,Assemini,Bed & Breakfast,2 Stelle,2,9,5
2024,Città metropolitana di Cagliari,Assemini,Bed & Breakfast,3 Stelle,5,25,11
2024,Città metropolitana di Cagliari,Assemini,Bed & Breakfast,,2,9,5
2024,Città metropolitana di Cagliari,Assemini,Residence,II Categoria,1,50,25
2024,Città metropolitana di Cagliari,Assemini,Altri alloggi privati,,2,8,4
2024,Città metropolitana di Cagliari,Assemini,Altri alloggi privati,,70,340,117
2024,Provincia di Oristano,Assolo,Agriturismo,,1,13,0
2024,Provincia di Oristano,Assolo,Altri alloggi privati,,1,4,2
2024,Provincia di Nuoro,Atzara,Bed & Breakfast,1 Stella,1,6,3
2024,Provincia di Nuoro,Atzara,Altri alloggi privati,,4,12,6
2024,Provincia di Nuoro,Austis,Agriturismo,,2,30,15
2024,Provincia di Nuoro,Austis,Affittacamere,II Categoria,1,2,1
2024,Provincia di Nuoro,Austis,Bed & Breakfast,2 Stelle,2,6,4
2024,Provincia di Nuoro,Austis,Altri alloggi privati,,6,32,14
2024,Provincia di Sassari,Badesi,Albergo,2 Stelle,1,12,8
2024,Provincia di Sassari,Badesi,Albergo,3 Stelle,3,106,52
2024,Provincia di Sassari,Badesi,Albergo,4 Stelle,3,285,130
2024,Provincia di Sassari,Badesi,Campeggio,1 Stella,1,129,33
2024,Provincia di Sassari,Badesi,Campeggio,3 Stelle,1,399,154
2024,Provincia di Sassari,Badesi,Agriturismo,,1,6,4
2024,Provincia di Sassari,Badesi,Casa/App. vacanze,I Categoria,3,87,24
2024,Provincia di Sassari,Badesi,Casa/App. vacanze,II Categoria,9,1183,470
2024,Provincia di Sassari,Badesi,Casa/App. vacanze,III Categoria,2,384,127
2024,Provincia di Sassari,Badesi,Casa/App. vacanze,,1,58,26
2024,Provincia di Sassari,Badesi,Affittacamere,1 Stella,2,8,5
2024,Provincia di Sassari,Badesi,Affittacamere,II Categoria,3,11,3
2024,Provincia di Sassari,Badesi,Affittacamere,,2,8,4
2024,Provincia di Sassari,Badesi,Bed & Breakfast,2 Stelle,2,8,4
2024,Provincia di Sassari,Badesi,Residence,II Categoria,1,203,86
2024,Provincia di Sassari,Badesi,Villaggio albergo,4 Stelle,2,2412,870
2024,Provincia di Sassari,Badesi,Albergo Rurale,3 Stelle,1,24,12
2024,Provincia di Sassari,Badesi,Altri alloggi privati,,8,33,16
2024,Provincia di Sassari,Badesi,Altri alloggi privati,,223,953,349
2024,Provincia del Sud Sardegna,Ballao,Bed & Breakfast,2 Stelle,1,8,3
2024,Provincia di Sassari,Banari,Bed & Breakfast,2 Stelle,1,6,3
2024,Provincia di Sassari,Banari,Altri alloggi privati,,1,5,20
2024,Provincia di Oristano,Baradili,Affittacamere,II Categoria,2,10,2
2024,Provincia di Oristano,Baradili,Altri alloggi privati,,1,6,2
2024,Provincia di Oristano,Baradili,Locanda,II Categoria,1,14,6
2024,Provincia di Oristano,Baratili San Pietro,Agriturismo,,3,37,0
2024,Provincia di Oristano,Baratili San Pietro,Bed & Breakfast,1 Stella,1,4,2
2024,Provincia di Oristano,Baratili San Pietro,Bed & Breakfast,2 Stelle,1,5,2
2024,Provincia di Oristano,Baratili San Pietro,Altri alloggi privati,,21,108,45
2024,Provincia di Oristano,Baressa,Bed & Breakfast,1 Stella,1,3,2
2024,Provincia di Oristano,Baressa,Albergo diffuso,3 Stelle,2,24,12
2024,Provincia di Nuoro,Bari Sardo,Albergo,3 Stelle,2,81,35
2024,Provincia di Nuoro,Bari Sardo,Albergo,4 Stelle,3,253,123
2024,Provincia di Nuoro,Bari Sardo,Residenza Turistico Alberghiera (R.T.A.),3 Stelle,3,165,99
2024,Provincia di Nuoro,Bari Sardo,Campeggio,1 Stella,1,140,50
2024,Provincia di Nuoro,Bari Sardo,Campeggio,3 Stelle,1,320,85
2024,Provincia di Nuoro,Bari Sardo,Campeggio,4 Stelle,1,320,103
2024,Provincia di Nuoro,Bari Sardo,Agriturismo,,3,53,32
2024,Provincia di Nuoro,Bari Sardo,Casa/App. vacanze,II Categoria,3,36,21
2024,Provincia di Nuoro,Bari Sardo,Casa/App. vacanze,,1,28,15
2024,Provincia di Nuoro,Bari Sardo,Affittacamere,I Categoria,0,0,0
2024,Provincia di Nuoro,Bari Sardo,Affittacamere,II Categoria,1,19,6
2024,Provincia di Nuoro,Bari Sardo,Villaggio turistico,4 Stelle,1,850,195
2024,Provincia di Nuoro,Bari Sardo,Bed & Breakfast,1 Stella,1,5,3
2024,Provincia di Nuoro,Bari Sardo,Bed & Breakfast,2 Stelle,2,15,6
2024,Provincia di Nuoro,Bari Sardo,Bed & Breakfast,3 Stelle,2,10,6
2024,Provincia di Nuoro,Bari Sardo,Residence,II Categoria,2,38,16
2024,Provincia di Nuoro,Bari Sardo,Altri alloggi privati,,196,903,418
2024,Provincia di Nuoro,Barrali,Altri alloggi privati,,1,4,2
2024,Provincia del Sud Sardegna,Barumini,Albergo,3 Stelle,2,35,17
2024,Provincia del Sud Sardegna,Barumini,Affittacamere,II Categoria,1,11,6
2024,Provincia del Sud Sardegna,Barumini,Bed & Breakfast,3 Stelle,1,2,1
2024,Provincia del Sud Sardegna,Barumini,Altri alloggi privati,,1,4,2
2024,Provincia di Oristano,Bauladu,Agriturismo,,1,9,4
2024,Provincia di Oristano,Bauladu,Affittacamere,II Categoria,1,4,2
2024,Provincia di Oristano,Bauladu,Bed & Breakfast,3 Stelle,1,6,3
2024,Provincia di Oristano,Bauladu,Altri alloggi privati,,1,8,3
2024,Provincia di Nuoro,Baunei,Albergo,2 Stelle,1,37,17
2024,Provincia di Nuoro,Baunei,Albergo,3 Stelle,5,198,104
2024,Provincia di Nuoro,Baunei,Albergo,4 Stelle,2,87,40
2024,Provincia di Nuoro,Baunei,Ostello,,1,29,18
2024,Provincia di Nuoro,Baunei,Casa/App. vacanze,II Categoria,7,77,56
2024,Provincia di Nuoro,Baunei,Affittacamere,1 Stella,1,7,6
2024,Provincia di Nuoro,Baunei,Affittacamere,3 Stelle,4,29,15
2024,Provincia di Nuoro,Baunei,Affittacamere,I Categoria,3,35,18
2024,Provincia di Nuoro,Baunei,Affittacamere,II Categoria,7,59,30
2024,Provincia di Nuoro,Baunei,Affittacamere,III Categoria,1,2,2
2024,Provincia di Nuoro,Baunei,Affittacamere,,2,24,14
2024,Provincia di Nuoro,Baunei,Bed & Breakfast,1 Stella,4,12,7
2024,Provincia di Nuoro,Baunei,Bed & Breakfast,2 Stelle,3,9,4
2024,Provincia di Nuoro,Baunei,Bed & Breakfast,3 Stelle,8,42,22
2024,Provincia di Nuoro,Baunei,Altri alloggi privati,,5,24,10
2024,Provincia di Nuoro,Baunei,Altri alloggi privati,,407,1646,777
2024,Provincia di Nuoro,Baunei,Locanda,II Categoria,1,12,6
2024,Provincia di Nuoro,Belvì,Albergo,2 Stelle,1,24,12
2024,Provincia di Nuoro,Belvì,Agriturismo,,1,8,4
2024,Provincia di Nuoro,Belvì,Altri alloggi privati,,4,20,12
2024,Provincia di Sassari,Benetutti,Albergo,3 Stelle,1,120,61
2024,Provincia di Sassari,Benetutti,Albergo,4 Stelle,1,46,23
2024,Provincia di Sassari,Benetutti,Affittacamere,II Categoria,1,11,4
2024,Provincia di Sassari,Benetutti,Bed & Breakfast,1 Stella,1,6,3
2024,Provincia di Sassari,Benetutti,Bed & Breakfast,2 Stelle,2,11,5
2024,Provincia di Sassari,Berchidda,Albergo,3 Stelle,2,103,55
2024,Provincia di Sassari,Berchidda,Campeggio,2 Stelle,1,272,68
2024,Provincia di Sassari,Berchidda,Agriturismo,,2,19,5
2024,Provincia di Sassari,Berchidda,Affittacamere,I Categoria,2,16,8
2024,Provincia di Sassari,Berchidda,Affittacamere,III Categoria,1,6,4
2024,Provincia di Sassari,Berchidda,Bed & Breakfast,1 Stella,3,9,5
2024,Provincia di Sassari,Berchidda,Bed & Breakfast,2 Stelle,2,8,4
2024,Provincia di Sassari,Berchidda,Altri alloggi privati,,14,67,31
2024,Provincia di Sassari,Bessude,Agriturismo,,1,7,4
2024,Provincia di Sassari,Bessude,Affittacamere,II Categoria,1,6,3
2024,Provincia di Sassari,Bessude,Bed & Breakfast,1 Stella,1,4,2
2024,Provincia di Sassari,Bessude,Bed & Breakfast,2 Stelle,1,3,2
2024,Provincia di Sassari,Bessude,Altri alloggi privati,,1,6,3
2024,Provincia di Nuoro,Bitti,Albergo,4 Stelle,1,40,18
2024,Provincia di Nuoro,Bitti,Agriturismo,,5,56,20
2024,Provincia di Nuoro,Bitti,Affittacamere,II Categoria,2,13,5
2024,Provincia di Nuoro,Bitti,Bed & Breakfast,1 Stella,3,13,8
2024,Provincia di Nuoro,Bitti,Altri alloggi privati,,1,4,2
2024,Provincia di Nuoro,Bolotana,Albergo,3 Stelle,1,84,53
2024,Provincia di Nuoro,Bolotana,Bed & Breakfast,2 Stelle,2,9,5
2024,Provincia di Nuoro,Bolotana,Bed & Breakfast,3 Stelle,1,2,1
2024,Provincia di Nuoro,Bolotana,Altri alloggi privati,,6,34,17
2024,Provincia di Oristano,Bonarcado,Affittacamere,II Categoria,1,4,2
2024,Provincia di Oristano,Bonarcado,Villaggio albergo,3 Stelle,1,67,22
2024,Provincia di Oristano,Bonarcado,Altri alloggi privati,,4,16,9
2024,Provincia di Sassari,Bonnanaro,Bed & Breakfast,1 Stella,1,6,3
2024,Provincia di Sassari,Bonnanaro,Altri alloggi privati,,3,14,7
2024,Provincia di Sassari,Bono,Albergo,3 Stelle,1,34,32
2024,Provincia di Sassari,Bono,Agriturismo,,1,14,1
2024,Provincia di Sassari,Bono,Bed & Breakfast,3 Stelle,3,19,9
2024,Provincia di Sassari,Bono,Altri alloggi privati,3 Stelle,1,5,3
2024,Provincia di Sassari,Bono,Altri alloggi privati,,1,6,3
2024,Provincia di Sassari,Bonorva,Ostello,III Categoria,1,40,18
2024,Provincia di Sassari,Bonorva,Agriturismo,,2,12,3
2024,Provincia di Sassari,Bonorva,Affittacamere,3 Stelle,1,13,5
2024,Provincia di Sassari,Bonorva,Casa per ferie e ospitalità religiosa,III Categoria,1,24,14
2024,Provincia di Sassari,Bonorva,Bed & Breakfast,2 Stelle,2,12,6
2024,Provincia di Sassari,Bonorva,Bed & Breakfast,3 Stelle,1,5,2
2024,Provincia di Sassari,Bonorva,Altri alloggi privati,,2,13,7
2024,Provincia di Nuoro,Borore,Affittacamere,3 Stelle,1,7,3
2024,Provincia di Nuoro,Borore,Affittacamere,II Categoria,1,4,2
2024,Provincia di Nuoro,Bortigali,Bed & Breakfast,3 Stelle,1,6,3
2024,Provincia di Nuoro,Bortigali,Altri alloggi privati,,1,6,2
2024,Provincia di Sassari,Bortigiadas,Albergo,3 Stelle,1,21,8
2024,Provincia di Sassari,Bortigiadas,Agriturismo,,2,13,5
2024,Provincia di Sassari,Bortigiadas,Bed & Breakfast,2 Stelle,1,5,2
2024,Provincia di Sassari,Bortigiadas,Altri alloggi privati,,1,5,2
2024,Provincia di Sassari,Bortigiadas,Altri alloggi privati,,3,15,7
2024,Provincia di Sassari,Borutta,Bed & Breakfast,1 Stella,0,0,0
2024,Provincia di Oristano,Bosa,Albergo,1 Stella,1,24,14
2024,Provincia di Oristano,Bosa,Albergo,2 Stelle,1,22,12
2024,Provincia di Oristano,Bosa,Albergo,3 Stelle,4,211,103
2024,Provincia di Oristano,Bosa,Albergo,4 Stelle,1,254,139
2024,Provincia di Oristano,Bosa,Residenza Turistico Alberghiera (R.T.A.),3 Stelle,1,130,36
2024,Provincia di Oristano,Bosa,Agriturismo,,2,21,6
2024,Provincia di Oristano,Bosa,Casa/App. vacanze,II Categoria,11,157,76
2024,Provincia di Oristano,Bosa,Affittacamere,1 Stella,1,2,1
2024,Provincia di Oristano,Bosa,Affittacamere,2 Stelle,3,29,14
2024,Provincia di Oristano,Bosa,Affittacamere,II Categoria,37,309,153
2024,Provincia di Oristano,Bosa,Villaggio turistico,3 Stelle,1,24,12
2024,Provincia di Oristano,Bosa,Bed & Breakfast,1 Stella,6,26,14
2024,Provincia di Oristano,Bosa,Bed & Breakfast,2 Stelle,7,34,18
2024,Provincia di Oristano,Bosa,Bed & Breakfast,3 Stelle,8,46,20
2024,Provincia di Oristano,Bosa,Albergo diffuso,2 Stelle,1,25,11
2024,Provincia di Oristano,Bosa,Albergo diffuso,3 Stelle,7,82,30
2024,Provincia di Oristano,Bosa,Albergo Rurale,1 Stella,1,16,9
2024,Provincia di Oristano,Bosa,Altri alloggi privati,,3,16,7
2024,Provincia di Oristano,Bosa,Altri alloggi privati,,243,1159,501
2024,Provincia di Oristano,Bosa,Boat & Breakfast,,1,4,2
2024,Provincia di Sassari,Bottidda,Bed & Breakfast,1 Stella,2,9,32
2024,Provincia di Sassari,Buddusò,Albergo,3 Stelle,1,42,26
2024,Provincia di Sassari,Buddusò,Albergo,4 Stelle,2,57,32
2024,Provincia di Sassari,Buddusò,Affittacamere,III Categoria,1,4,2
2024,Provincia di Sassari,Buddusò,Bed & Breakfast,,1,6,3
2024,Provincia di Sassari,Buddusò,Altri alloggi privati,,2,4,2
2024,Provincia di Sassari,Budoni,Albergo,1 Stella,2,41,21
2024,Provincia di Sassari,Budoni,Albergo,3 Stelle,10,916,463
2024,Provincia di Sassari,Budoni,Albergo,4 Stelle,10,3217,1419
2024,Provincia di Sassari,Budoni,Residenza Turistico Alberghiera (R.T.A.),2 Stelle,1,49,18
2024,Provincia di Sassari,Budoni,Residenza Turistico Alberghiera (R.T.A.),3 Stelle,4,423,149
2024,Provincia di Sassari,Budoni,Campeggio,3 Stelle,1,400,180
2024,Provincia di Sassari,Budoni,Agriturismo,,3,35,16
2024,Provincia di Sassari,Budoni,Casa/App. vacanze,3 Stelle,1,75,31
2024,Provincia di Sassari,Budoni,Casa/App. vacanze,I Categoria,7,231,70
2024,Provincia di Sassari,Budoni,Casa/App. vacanze,II Categoria,29,1518,390
2024,Provincia di Sassari,Budoni,Casa/App. vacanze,III Categoria,1,20,8
2024,Provincia di Sassari,Budoni,Casa/App. vacanze,,12,231,88
2024,Provincia di Sassari,Budoni,Affittacamere,II Categoria,6,62,27
2024,Provincia di Sassari,Budoni,Affittacamere,,2,17,8
2024,Provincia di Sassari,Budoni,Villaggio turistico,3 Stelle,1,400,98
2024,Provincia di Sassari,Budoni,Villaggio turistico,4 Stelle,1,434,158
2024,Provincia di Sassari,Budoni,Bed & Breakfast,1 Stella,2,7,5
2024,Provincia di Sassari,Budoni,Bed & Breakfast,2 Stelle,4,21,11
2024,Provincia di Sassari,Budoni,Bed & Breakfast,3 Stelle,6,35,15
2024,Provincia di Sassari,Budoni,Residence,II Categoria,1,36,13
2024,Provincia di Sassari,Budoni,Villaggio albergo,3 Stelle,1,179,90
2024,Provincia di Sassari,Budoni,Villaggio albergo,4 Stelle,2,180,79
2024,Provincia di Sassari,Budoni,Albergo Rurale,1 Stella,1,10,5
2024,Provincia di Sassari,Budoni,Albergo Rurale,2 Stelle,1,18,7
2024,Provincia di Sassari,Budoni,Altri alloggi privati,,13,60,23
2024,Provincia di Sassari,Budoni,Altri alloggi privati,,943,4580,1853
2024,Provincia del Sud Sardegna,Buggerru,Albergo,3 Stelle,1,22,11
2024,Provincia del Sud Sardegna,Buggerru,Albergo,4 Stelle,1,68,28
2024,Provincia del Sud Sardegna,Buggerru,Ostello,III Categoria,2,43,19
2024,Provincia del Sud Sardegna,Buggerru,Campeggio,2 Stelle,1,40,15
2024,Provincia del Sud Sardegna,Buggerru,Casa/App. vacanze,II Categoria,2,24,10
2024,Provincia del Sud Sardegna,Buggerru,Affittacamere,II Categoria,1,15,4
2024,Provincia del Sud Sardegna,Buggerru,Bed & Breakfast,2 Stelle,1,6,2
2024,Provincia del Sud Sardegna,Buggerru,Bed & Breakfast,3 Stelle,3,13,8
2024,Provincia del Sud Sardegna,Buggerru,Altri alloggi privati,,2,6,2
2024,Provincia del Sud Sardegna,Buggerru,Altri alloggi privati,,69,308,125
2024,Provincia di Sassari,Bultei,Albergo,2 Stelle,1,25,15
2024,Provincia di Sassari,Bultei,Affittacamere,,1,6,2
2024,Provincia di Sassari,Bulzi,Altri alloggi privati,,1,2,1
2024,Provincia del Sud Sardegna,Burcei,Albergo Rurale,3 Stelle,1,10,7
2024,Provincia del Sud Sardegna,Burcei,Altri alloggi privati,,2,9,5
2024,Provincia di Oristano,Busachi,Bed & Breakfast,1 Stella,2,12,4
2024,Provincia di Oristano,Busachi,Altri alloggi privati,,1,4,2
2024,Provincia di Oristano,Cabras,Albergo,2 Stelle,1,20,10
2024,Provincia di Oristano,Cabras,Albergo,3 Stelle,2,60,33
2024,Provincia di Oristano,Cabras,Albergo,4 Stelle,1,22,11
2024,Provincia di Oristano,Cabras,Campeggio,3 Stelle,1,660,165
2024,Provincia di Oristano,Cabras,Agriturismo,,18,344,131
2024,Provincia di Oristano,Cabras,Casa/App. vacanze,II Categoria,2,31,14
2024,Provincia di Oristano,Cabras,Casa/App. vacanze,,1,6,3
2024,Provincia di Oristano,Cabras,Affittacamere,1 Stella,1,3,3
2024,Provincia di Oristano,Cabras,Affittacamere,3 Stelle,2,22,11
2024,Provincia di Oristano,Cabras,Affittacamere,II Categoria,16,142,69
2024,Provincia di Oristano,Cabras,Affittacamere,III Categoria,1,10,4
2024,Provincia di Oristano,Cabras,Affittacamere,,2,20,8
2024,Provincia di Oristano,Cabras,Bed & Breakfast,1 Stella,3,20,6
2024,Provincia di Oristano,Cabras,Bed & Breakfast,2 Stelle,5,25,13
2024,Provincia di Oristano,Cabras,Bed & Breakfast,3 Stelle,20,107,54
2024,Provincia di Oristano,Cabras,Residence,I Categoria,1,20,10
2024,Provincia di Oristano,Cabras,Albergo diffuso,4 Stelle,1,34,16
2024,Provincia di Oristano,Cabras,Altri alloggi privati,,4,19,10
2024,Provincia di Oristano,Cabras,Altri alloggi privati,1 Stella,1,4,1
2024,Provincia di Oristano,Cabras,Altri alloggi privati,,342,1611,709
2024,Città metropolitana di Cagliari,Cagliari,Albergo,1 Stella,5,106,49
2024,Città metropolitana di Cagliari,Cagliari,Albergo,2 Stelle,3,67,37
2024,Città metropolitana di Cagliari,Cagliari,Albergo,3 Stelle,13,658,348
2024,Città metropolitana di Cagliari,Cagliari,Albergo,4 Stelle,8,1356,645
2024,Città metropolitana di Cagliari,Cagliari,Albergo,5 Stelle,2,192,94
2024,Città metropolitana di Cagliari,Cagliari,Residenza Turistico Alberghiera (R.T.A.),3 Stelle,1,298,122
2024,Città metropolitana di Cagliari,Cagliari,Ostello,III Categoria,1,125,35
2024,Città metropolitana di Cagliari,Cagliari,Casa/App. vacanze,1 Stella,2,26,10
2024,Città metropolitana di Cagliari,Cagliari,Casa/App. vacanze,2 Stelle,2,23,10
2024,Città metropolitana di Cagliari,Cagliari,Casa/App. vacanze,3 Stelle,2,30,11
2024,Città metropolitana di Cagliari,Cagliari,Casa/App. vacanze,II Categoria,20,267,125
2024,Città metropolitana di Cagliari,Cagliari,Affittacamere,1 Stella,2,11,7
2024,Città metropolitana di Cagliari,Cagliari,Affittacamere,2 Stelle,12,77,42
2024,Città metropolitana di Cagliari,Cagliari,Affittacamere,3 Stelle,29,250,118
2024,Città metropolitana di Cagliari,Cagliari,Affittacamere,I Categoria,18,148,72
2024,Città metropolitana di Cagliari,Cagliari,Affittacamere,II Categoria,182,1459,732
2024,Città metropolitana di Cagliari,Cagliari,Affittacamere,III Categoria,1,7,5
2024,Città metropolitana di Cagliari,Cagliari,Affittacamere,,10,78,39
2024,Città metropolitana di Cagliari,Cagliari,Casa per ferie e ospitalità religiosa,III Categoria,4,506,380
2024,Città metropolitana di Cagliari,Cagliari,Casa per ferie e ospitalità religiosa,,4,807,461
2024,Città metropolitana di Cagliari,Cagliari,Bed & Breakfast,1 Stella,53,202,108
2024,Città metropolitana di Cagliari,Cagliari,Bed & Breakfast,2 Stelle,34,164,81
2024,Città metropolitana di Cagliari,Cagliari,Bed & Breakfast,3 Stelle,48,222,109
2024,Città metropolitana di Cagliari,Cagliari,Bed & Breakfast,,2,7,4
2024,Città metropolitana di Cagliari,Cagliari,Residence,II Categoria,1,50,25
2024,Città metropolitana di Cagliari,Cagliari,Albergo diffuso,3 Stelle,1,26,12
2024,Città metropolitana di Cagliari,Cagliari,Altri alloggi privati,,26,105,47
2024,Città metropolitana di Cagliari,Cagliari,Altri alloggi privati,3 Stelle,1,2,1
2024,Città metropolitana di Cagliari,Cagliari,Altri alloggi privati,,1908,7415,3266
2024,Città metropolitana di Cagliari,Cagliari,Locanda,,2,18,9
2024,Città metropolitana di Cagliari,Cagliari,Boat & Breakfast,,4,10,4
2024,Provincia di Sassari,Calangianus,Agriturismo,,2,29,6
2024,Provincia di Sassari,Calangianus,Affittacamere,II Categoria,1,9,5
2024,Provincia di Sassari,Calangianus,Affittacamere,III Categoria,1,4,2
2024,Provincia di Sassari,Calangianus,Affittacamere,,1,5,2
2024,Provincia di Sassari,Calangianus,Bed & Breakfast,1 Stella,1,4,2
2024,Provincia di Sassari,Calangianus,Bed & Breakfast,2 Stelle,1,2,0
2024,Provincia di Sassari,Calangianus,Altri alloggi privati,,25,67,28
2024,Provincia del Sud Sardegna,Calasetta,Albergo,2 Stelle,1,36,20
2024,Provincia del Sud Sardegna,Calasetta,Albergo,3 Stelle,3,202,103
2024,Provincia del Sud Sardegna,Calasetta,Albergo,4 Stelle,1,100,40
2024,Provincia del Sud Sardegna,Calasetta,Campeggio,2 Stelle,1,366,103
2024,Provincia del Sud Sardegna,Calasetta,Agriturismo,,2,22,5
2024,Provincia del Sud Sardegna,Calasetta,Casa/App. vacanze,2 Stelle,2,43,19
2024,Provincia del Sud Sardegna,Calasetta,Casa/App. vacanze,II Categoria,5,103,25
2024,Provincia del Sud Sardegna,Calasetta,Affittacamere,II Categoria,2,8,4
2024,Provincia del Sud Sardegna,Calasetta,Affittacamere,,1,6,3
2024,Provincia del Sud Sardegna,Calasetta,Bed & Breakfast,2 Stelle,3,14,8
2024,Provincia del Sud Sardegna,Calasetta,Bed & Breakfast,3 Stelle,5,37,14
2024,Provincia del Sud Sardegna,Calasetta,Albergo Rurale,1 Stella,1,16,8
2024,Provincia del Sud Sardegna,Calasetta,Altri alloggi privati,,7,38,15
2024,Provincia del Sud Sardegna,Calasetta,Altri alloggi privati,,398,1816,794
2024,Città metropolitana di Cagliari,Capoterra,Albergo,3 Stelle,2,40,20
2024,Città metropolitana di Cagliari,Capoterra,Albergo,4 Stelle,1,153,71
2024,Città metropolitana di Cagliari,Capoterra,Agriturismo,,5,40,0
2024,Città metropolitana di Cagliari,Capoterra,Casa/App. vacanze,II Categoria,1,16,4
2024,Città metropolitana di Cagliari,Capoterra,Affittacamere,2 Stelle,1,4,3
2024,Città metropolitana di Cagliari,Capoterra,Affittacamere,3 Stelle,1,13,6
2024,Città metropolitana di Cagliari,Capoterra,Affittacamere,I Categoria,1,12,3
2024,Città metropolitana di Cagliari,Capoterra,Affittacamere,II Categoria,6,52,26
2024,Città metropolitana di Cagliari,Capoterra,Affittacamere,,1,6,3
2024,Città metropolitana di Cagliari,Capoterra,Bed & Breakfast,1 Stella,3,13,6
2024,Città metropolitana di Cagliari,Capoterra,Bed & Breakfast,2 Stelle,2,9,5
2024,Città metropolitana di Cagliari,Capoterra,Bed & Breakfast,3 Stelle,12,60,30
2024,Città metropolitana di Cagliari,Capoterra,Bed & Breakfast,,13,67,36
2024,Città metropolitana di Cagliari,Capoterra,Altri alloggi privati,,5,20,10
2024,Città metropolitana di Cagliari,Capoterra,Altri alloggi privati,,181,803,366
2024,Provincia del Sud Sardegna,Carbonia,Albergo,1 Stella,1,10,7
2024,Provincia del Sud Sardegna,Carbonia,Albergo,4 Stelle,1,156,78
2024,Provincia del Sud Sardegna,Carbonia,Agriturismo,,3,54,28
2024,Provincia del Sud Sardegna,Carbonia,Affittacamere,II Categoria,2,20,10
2024,Provincia del Sud Sardegna,Carbonia,Casa per ferie e ospitalità religiosa,III Categoria,1,22,10
2024,Provincia del Sud Sardegna,Carbonia,Bed & Breakfast,1 Stella,2,9,5
2024,Provincia del Sud Sardegna,Carbonia,Bed & Breakfast,2 Stelle,2,11,5
2024,Provincia del Sud Sardegna,Carbonia,Bed & Breakfast,3 Stelle,4,27,12
2024,Provincia del Sud Sardegna,Carbonia,Bed & Breakfast,,1,5,3
2024,Provincia del Sud Sardegna,Carbonia,Villaggio albergo,3 Stelle,1,48,24
2024,Provincia del Sud Sardegna,Carbonia,Altri alloggi privati,,84,372,161
2024,Provincia di Nuoro,Cardedu,Albergo,3 Stelle,4,105,47
2024,Provincia di Nuoro,Cardedu,Albergo,4 Stelle,2,556,200
2024,Provincia di Nuoro,Cardedu,Residenza Turistico Alberghiera (R.T.A.),4 Stelle,1,48,12
2024,Provincia di Nuoro,Cardedu,Agriturismo,,1,7,3
2024,Provincia di Nuoro,Cardedu,Casa/App. vacanze,II Categoria,22,75,70
2024,Provincia di Nuoro,Cardedu,Casa/App. vacanze,III Categoria,2,48,34
2024,Provincia di Nuoro,Cardedu,Affittacamere,II Categoria,1,8,6
2024,Provincia di Nuoro,Cardedu,Bed & Breakfast,1 Stella,4,17,7
2024,Provincia di Nuoro,Cardedu,Bed & Breakfast,3 Stelle,1,4,2
2024,Provincia di Nuoro,Cardedu,Residence,I Categoria,1,68,42
2024,Provincia di Nuoro,Cardedu,Villaggio albergo,4 Stelle,1,357,170
2024,Provincia di Nuoro,Cardedu,Altri alloggi privati,,1,6,2
2024,Provincia di Nuoro,Cardedu,Altri alloggi privati,,110,531,247
2024,Provincia del Sud Sardegna,Carloforte,Albergo,3 Stelle,7,251,135
2024,Provincia del Sud Sardegna,Carloforte,Albergo,4 Stelle,3,178,86
2024,Provincia del Sud Sardegna,Carloforte,Casa/App. vacanze,II Categoria,2,42,11
2024,Provincia del Sud Sardegna,Carloforte,Casa/App. vacanze,III Categoria,2,17,9
2024,Provincia del Sud Sardegna,Carloforte,Affittacamere,3 Stelle,1,8,4
2024,Provincia del Sud Sardegna,Carloforte,Affittacamere,I Categoria,3,36,13
2024,Provincia del Sud Sardegna,Carloforte,Affittacamere,II Categoria,8,71,35
2024,Provincia del Sud Sardegna,Carloforte,Affittacamere,III Categoria,1,4,2
2024,Provincia del Sud Sardegna,Carloforte,Bed & Breakfast,1 Stella,3,11,5
2024,Provincia del Sud Sardegna,Carloforte,Bed & Breakfast,2 Stelle,5,22,12
2024,Provincia del Sud Sardegna,Carloforte,Bed & Breakfast,3 Stelle,9,43,22
2024,Provincia del Sud Sardegna,Carloforte,Bed & Breakfast,,1,6,2
2024,Provincia del Sud Sardegna,Carloforte,Altri alloggi privati,,9,37,17
2024,Provincia del Sud Sardegna,Carloforte,Altri alloggi privati,,317,1427,602
2024,Provincia di Sassari,Castelsardo,Albergo,2 Stelle,1,22,12
2024,Provincia di Sassari,Castelsardo,Albergo,3 Stelle,5,346,146
2024,Provincia di Sassari,Castelsardo,Albergo,4 Stelle,6,919,400
2024,Provincia di Sassari,Castelsardo,Residenza Turistico Alberghiera (R.T.A.),3 Stelle,2,170,52
2024,Provincia di Sassari,Castelsardo,Ostello,III Categoria,1,65,19
2024,Provincia di Sassari,Castelsardo,Casa/App. vacanze,1 Stella,5,47,22
2024,Provincia di Sassari,Castelsardo,Casa/App. vacanze,2 Stelle,7,9,7
2024,Provincia di Sassari,Castelsardo,Casa/App. vacanze,3 Stelle,2,28,10
2024,Provincia di Sassari,Castelsardo,Casa/App. vacanze,I Categoria,4,22,14
2024,Provincia di Sassari,Castelsardo,Casa/App. vacanze,II Categoria,5,260,88
2024,Provincia di Sassari,Castelsardo,Casa/App. vacanze,III Categoria,1,6,3
2024,Provincia di Sassari,Castelsardo,Casa/App. vacanze,,1,6,3
2024,Provincia di Sassari,Castelsardo,Affittacamere,1 Stella,1,12,5
2024,Provincia di Sassari,Castelsardo,Affittacamere,3 Stelle,4,31,18
2024,Provincia di Sassari,Castelsardo,Affittacamere,I Categoria,1,8,4
2024,Provincia di Sassari,Castelsardo,Affittacamere,II Categoria,8,68,30
2024,Provincia di Sassari,Castelsardo,Affittacamere,,5,49,25
2024,Provincia di Sassari,Castelsardo,Villaggio turistico,4 Stelle,0,0,0
2024,Provincia di Sassari,Castelsardo,Bed & Breakfast,1 Stella,3,17,7
2024,Provincia di Sassari,Castelsardo,Bed & Breakfast,2 Stelle,20,107,48
2024,Provincia di Sassari,Castelsardo,Bed & Breakfast,3 Stelle,12,62,32
2024,Provincia di Sassari,Castelsardo,Bed & Breakfast,,1,4,2
2024,Provincia di Sassari,Castelsardo,Altri alloggi privati,,22,107,42
2024,Provincia di Sassari,Castelsardo,Altri alloggi privati,,583,2637,1025
2024,Provincia di Sassari,Castelsardo,Locanda,I Categoria,1,11,5
2024,Provincia di Sassari,Castelsardo,Marina Resort,,1,550,550
2024,Provincia del Sud Sardegna,Castiadas,Albergo,2 Stelle,1,20,7
2024,Provincia del Sud Sardegna,Castiadas,Albergo,3 Stelle,1,20,10
2024,Provincia del Sud Sardegna,Castiadas,Albergo,4 Stelle,5,1616,720
2024,Provincia del Sud Sardegna,Castiadas,Albergo,5 Stelle,1,133,61
2024,Provincia del Sud Sardegna,Castiadas,Agriturismo,,11,150,71
2024,Provincia del Sud Sardegna,Castiadas,Casa/App. vacanze,I Categoria,1,59,30
2024,Provincia del Sud Sardegna,Castiadas,Casa/App. vacanze,II Categoria,2,81,32
2024,Provincia del Sud Sardegna,Castiadas,Casa/App. vacanze,,2,151,43
2024,Provincia del Sud Sardegna,Castiadas,Affittacamere,2 Stelle,1,6,2
2024,Provincia del Sud Sardegna,Castiadas,Affittacamere,I Categoria,2,19,10
2024,Provincia del Sud Sardegna,Castiadas,Affittacamere,II Categoria,2,12,7
2024,Provincia del Sud Sardegna,Castiadas,Casa per ferie e ospitalità religiosa,III Categoria,1,16,8
2024,Provincia del Sud Sardegna,Castiadas,Bed & Breakfast,1 Stella,2,12,6
2024,Provincia del Sud Sardegna,Castiadas,Bed & Breakfast,2 Stelle,3,16,8
2024,Provincia del Sud Sardegna,Castiadas,Bed & Breakfast,3 Stelle,4,22,11
2024,Provincia del Sud Sardegna,Castiadas,Villaggio albergo,4 Stelle,4,663,330
2024,Provincia del Sud Sardegna,Castiadas,Albergo Rurale,1 Stella,1,20,12
2024,Provincia del Sud Sardegna,Castiadas,Albergo Rurale,3 Stelle,1,20,10
2024,Provincia del Sud Sardegna,Castiadas,Altri alloggi privati,,2,11,5
2024,Provincia del Sud Sardegna,Castiadas,Altri alloggi privati,,241,1338,577
2024,Provincia del Sud Sardegna,Castiadas,Agriturismo,,1,30,10
2024,Provincia di Sassari,Cheremule,Affittacamere,II Categoria,1,9,3
2024,Provincia di Sassari,Cheremule,Altri alloggi privati,,1,6,3
2024,Provincia di Sassari,Chiaramonti,Agriturismo,,1,20,5
2024,Provincia di Sassari,Chiaramonti,Bed & Breakfast,2 Stelle,1,6,3
2024,Provincia di Sassari,Chiaramonti,Altri alloggi privati,,3,11,5
2024,Provincia di Sassari,Codrongianos,Agriturismo,,2,14,0
2024,Provincia di Sassari,Codrongianos,Affittacamere,II Categoria,1,1,1
2024,Provincia di Sassari,Codrongianos,Bed & Breakfast,2 Stelle,1,4,2
2024,Provincia di Sassari,Codrongianos,Altri alloggi privati,,5,26,12
2024,Provincia del Sud Sardegna,Collinas,Altri alloggi privati,,5,16,8
2024,Provincia di Sassari,Cossoine,Bed & Breakfast,1 Stella,1,5,3
2024,Provincia di Sassari,Cossoine,Bed & Breakfast,2 Stelle,4,25,10
2024,Provincia di Sassari,Cossoine,Altri alloggi privati,,1,3,1
2024,Provincia di Oristano,Cuglieri,Albergo,3 Stelle,1,24,12
2024,Provincia di Oristano,Cuglieri,Albergo,4 Stelle,1,57,29
2024,Provincia di Oristano,Cuglieri,Campeggio,3 Stelle,1,1198,300
2024,Provincia di Oristano,Cuglieri,Agriturismo,,3,59,15
2024,Provincia di Oristano,Cuglieri,Casa/App. vacanze,II Categoria,1,37,21
2024,Provincia di Oristano,Cuglieri,Affittacamere,II Categoria,8,56,31
2024,Provincia di Oristano,Cuglieri,Villaggio turistico,3 Stelle,1,88,21
2024,Provincia di Oristano,Cuglieri,Bed & Breakfast,2 Stelle,3,15,8
2024,Provincia di Oristano,Cuglieri,Altri alloggi privati,,3,18,10
2024,Provincia di Oristano,Cuglieri,Altri alloggi privati,,158,793,373
2024,Città metropolitana di Cagliari,Decimomannu,Agriturismo,,1,12,0
2024,Città metropolitana di Cagliari,Decimomannu,Affittacamere,1 Stella,1,6,4
2024,Città metropolitana di Cagliari,Decimomannu,Bed & Breakfast,1 Stella,1,3,2
2024,Città metropolitana di Cagliari,Decimomannu,Bed & Breakfast,,1,5,3
2024,Città metropolitana di Cagliari,Decimomannu,Altri alloggi privati,,27,101,43
2024,Provincia del Sud Sardegna,Decimoputzu,Bed & Breakfast,1 Stella,1,3,1
2024,Provincia del Sud Sardegna,Decimoputzu,Bed & Breakfast,2 Stelle,1,6,3
2024,Provincia di Nuoro,Desulo,Albergo,1 Stella,1,19,7
2024,Provincia di Nuoro,Desulo,Affittacamere,II Categoria,1,2,1
2024,Provincia di Nuoro,Desulo,Bed & Breakfast,3 Stelle,2,9,6
2024,Provincia di Nuoro,Desulo,Altri alloggi privati,,1,12,6
2024,Provincia di Nuoro,Desulo,Altri alloggi privati,,8,49,21
2024,Provincia del Sud Sardegna,Dolianova,Albergo,5 Stelle,1,20,10
2024,Provincia del Sud Sardegna,Dolianova,Affittacamere,II Categoria,1,6,2
2024,Provincia del Sud Sardegna,Dolianova,Bed & Breakfast,1 Stella,4,17,9
2024,Provincia del Sud Sardegna,Dolianova,Bed & Breakfast,2 Stelle,3,16,6
2024,Provincia del Sud Sardegna,Dolianova,Bed & Breakfast,3 Stelle,4,18,11
2024,Provincia del Sud Sardegna,Dolianova,Bed & Breakfast,,0,0,0
2024,Provincia del Sud Sardegna,Dolianova,Albergo Rurale,2 Stelle,1,20,11
2024,Provincia del Sud Sardegna,Dolianova,Albergo Rurale,3 Stelle,1,20,10
2024,Provincia del Sud Sardegna,Dolianova,Altri alloggi privati,,12,60,26
2024,Provincia del Sud Sardegna,Domus De Maria,Albergo,2 Stelle,1,37,20
2024,Provincia del Sud Sardegna,Domus De Maria,Albergo,3 Stelle,2,109,48
2024,Provincia del Sud Sardegna,Domus De Maria,Albergo,4 Stelle,3,1276,563
2024,Provincia del Sud Sardegna,Domus De Maria,Albergo,5 Stelle,2,228,83
2024,Provincia del Sud Sardegna,Domus De Maria,Campeggio,3 Stelle,1,420,108
2024,Provincia del Sud Sardegna,Domus De Maria,Agriturismo,,1,20,0
2024,Provincia del Sud Sardegna,Domus De Maria,Casa/App. vacanze,2 Stelle,1,23,11
2024,Provincia del Sud Sardegna,Domus De Maria,Casa/App. vacanze,II Categoria,11,218,57
2024,Provincia del Sud Sardegna,Domus De Maria,Casa/App. vacanze,III Categoria,1,4,3
2024,Provincia del Sud Sardegna,Domus De Maria,Affittacamere,I Categoria,2,18,9
2024,Provincia del Sud Sardegna,Domus De Maria,Affittacamere,II Categoria,5,41,18
2024,Provincia del Sud Sardegna,Domus De Maria,Affittacamere,,2,7,4
2024,Provincia del Sud Sardegna,Domus De Maria,Bed & Breakfast,1 Stella,3,13,7
2024,Provincia del Sud Sardegna,Domus De Maria,Bed & Breakfast,2 Stelle,2,12,6
2024,Provincia del Sud Sardegna,Domus De Maria,Bed & Breakfast,3 Stelle,10,54,26
2024,Provincia del Sud Sardegna,Domus De Maria,Residence,II Categoria,1,60,24
2024,Provincia del Sud Sardegna,Domus De Maria,Villaggio albergo,5 Stelle,1,170,77
2024,Provincia del Sud Sardegna,Domus De Maria,Altri alloggi privati,,19,103,45
2024,Provincia del Sud Sardegna,Domus De Maria,Altri alloggi privati,,353,1780,777
2024,Provincia del Sud Sardegna,Domusnovas,Albergo,3 Stelle,1,44,19
2024,Provincia del Sud Sardegna,Domusnovas,Agriturismo,,1,20,0
2024,Provincia del Sud Sardegna,Domusnovas,Affittacamere,II Categoria,1,4,2
2024,Provincia del Sud Sardegna,Domusnovas,Bed & Breakfast,1 Stella,2,7,4
2024,Provincia del Sud Sardegna,Domusnovas,Altri alloggi privati,,17,85,33
2024,Provincia di Nuoro,Donori,Altri alloggi privati,,3,14,6
2024,Provincia di Nuoro,Dorgali,Albergo,2 Stelle,3,45,24
2024,Provincia di Nuoro,Dorgali,Albergo,3 Stelle,15,585,304
2024,Provincia di Nuoro,Dorgali,Albergo,4 Stelle,10,1165,583
2024,Provincia di Nuoro,Dorgali,Albergo,4 Stelle Superior,1,132,50
2024,Provincia di Nuoro,Dorgali,Campeggio,4 Stelle,1,1200,300
2024,Provincia di Nuoro,Dorgali,Agriturismo,,23,261,127
2024,Provincia di Nuoro,Dorgali,Casa/App. vacanze,1 Stella,1,6,3
2024,Provincia di Nuoro,Dorgali,Casa/App. vacanze,2 Stelle,8,31,14
2024,Provincia di Nuoro,Dorgali,Casa/App. vacanze,II Categoria,6,52,29
2024,Provincia di Nuoro,Dorgali,Casa/App. vacanze,III Categoria,1,14,6
2024,Provincia di Nuoro,Dorgali,Casa/App. vacanze,,1,21,16
2024,Provincia di Nuoro,Dorgali,Affittacamere,1 Stella,3,19,12
2024,Provincia di Nuoro,Dorgali,Affittacamere,2 Stelle,1,7,4
2024,Provincia di Nuoro,Dorgali,Affittacamere,3 Stelle,7,57,24
2024,Provincia di Nuoro,Dorgali,Affittacamere,I Categoria,2,12,6
2024,Provincia di Nuoro,Dorgali,Affittacamere,II Categoria,14,114,64
2024,Provincia di Nuoro,Dorgali,Affittacamere,III Categoria,1,6,3
2024,Provincia di Nuoro,Dorgali,Affittacamere,,1,6,3
2024,Provincia di Nuoro,Dorgali,Bed & Breakfast,1 Stella,13,45,29
2024,Provincia di Nuoro,Dorgali,Bed & Breakfast,2 Stelle,12,55,29
2024,Provincia di Nuoro,Dorgali,Bed & Breakfast,3 Stelle,6,32,16
2024,Provincia di Nuoro,Dorgali,Bed & Breakfast,,1,4,2
2024,Provincia di Nuoro,Dorgali,Albergo diffuso,2 Stelle,1,24,13
2024,Provincia di Nuoro,Dorgali,Villaggio albergo,4 Stelle,1,885,427
2024,Provincia di Nuoro,Dorgali,Albergo Rurale,2 Stelle,4,36,23
2024,Provincia di Nuoro,Dorgali,Albergo Rurale,3 Stelle,3,55,24
2024,Provincia di Nuoro,Dorgali,Altri alloggi privati,,5,20,5
2024,Provincia di Nuoro,Dorgali,Altri alloggi privati,,540,2606,1164
2024,Provincia di Nuoro,Dorgali,Locanda,I Categoria,1,8,3
2024,Provincia di Nuoro,Dualchi,Bed & Breakfast,1 Stella,1,6,3
2024,Provincia di Nuoro,Elini,Agriturismo,,1,10,6
2024,Provincia di Nuoro,Elini,Affittacamere,II Categoria,2,8,4
2024,Città metropolitana di Cagliari,Elmas,Residenza Turistico Alberghiera (R.T.A.),3 Stelle,1,66,20
2024,Città metropolitana di Cagliari,Elmas,Affittacamere,3 Stelle,1,4,2
2024,Città metropolitana di Cagliari,Elmas,Bed & Breakfast,1 Stella,1,4,2
2024,Città metropolitana di Cagliari,Elmas,Bed & Breakfast,2 Stelle,1,2,1
2024,Città metropolitana di Cagliari,Elmas,Bed & Breakfast,3 Stelle,3,12,7
2024,Città metropolitana di Cagliari,Elmas,Bed & Breakfast,,1,5,2
2024,Città metropolitana di Cagliari,Elmas,Altri alloggi privati,,31,117,56
2024,Provincia di Sassari,Erula,Altri alloggi privati,,1,2,1
2024,Provincia del Sud Sardegna,Escalaplano,Agriturismo,,2,12,0
2024,Provincia del Sud Sardegna,Escalaplano,Affittacamere,II Categoria,1,10,5
2024,Provincia del Sud Sardegna,Escalaplano,Bed & Breakfast,1 Stella,1,3,2
2024,Provincia del Sud Sardegna,Escalaplano,Bed & Breakfast,3 Stelle,1,4,2
2024,Provincia del Sud Sardegna,Escolca,Affittacamere,II Categoria,1,9,4
2024,Provincia del Sud Sardegna,Esterzili,Bed & Breakfast,1 Stella,1,3,2
2024,Provincia del Sud Sardegna,Esterzili,Altri alloggi privati,,1,6,2
2024,Provincia di Sassari,Florinas,Altri alloggi privati,,2,16,9
2024,Provincia del Sud Sardegna,Fluminimaggiore,Albergo,1 Stella,1,18,9
2024,Provincia del Sud Sardegna,Fluminimaggiore,Albergo,2 Stelle,1,28,14
2024,Provincia del Sud Sardegna,Fluminimaggiore,Albergo,3 Stelle,1,20,14
2024,Provincia del Sud Sardegna,Fluminimaggiore,Agriturismo,,7,63,39
2024,Provincia del Sud Sardegna,Fluminimaggiore,Casa per ferie e ospitalità religiosa,III Categoria,1,11,10
2024,Provincia del Sud Sardegna,Fluminimaggiore,Bed & Breakfast,1 Stella,1,4,2
2024,Provincia del Sud Sardegna,Fluminimaggiore,Bed & Breakfast,2 Stelle,1,4,3
2024,Provincia del Sud Sardegna,Fluminimaggiore,Bed & Breakfast,3 Stelle,2,14,6
2024,Provincia del Sud Sardegna,Fluminimaggiore,Altri alloggi privati,,2,8,3
2024,Provincia del Sud Sardegna,Fluminimaggiore,Altri alloggi privati,,46,227,95
2024,Provincia di Oristano,Flussio,Altri alloggi privati,,10,43,19
2024,Provincia di Nuoro,Fonni,Albergo,2 Stelle,1,12,7
2024,Provincia di Nuoro,Fonni,Albergo,3 Stelle,2,137,76
2024,Provincia di Nuoro,Fonni,Agriturismo,,5,45,2
2024,Provincia di Nuoro,Fonni,Casa/App. vacanze,II Categoria,1,11,6
2024,Provincia di Nuoro,Fonni,Affittacamere,2 Stelle,1,3,1
2024,Provincia di Nuoro,Fonni,Affittacamere,II Categoria,5,33,20
2024,Provincia di Nuoro,Fonni,Bed & Breakfast,1 Stella,3,13,5
2024,Provincia di Nuoro,Fonni,Bed & Breakfast,2 Stelle,7,38,16
2024,Provincia di Nuoro,Fonni,Bed & Breakfast,3 Stelle,1,4,1
2024,Provincia di Nuoro,Fonni,Albergo Rurale,3 Stelle,1,20,20
2024,Provincia di Nuoro,Fonni,Altri alloggi privati,,3,22,10
2024,Provincia di Oristano,Fordongianus,Albergo,4 Stelle,1,200,90
2024,Provincia di Oristano,Fordongianus,Bed & Breakfast,3 Stelle,1,3,2
2024,Provincia di Oristano,Fordongianus,Altri alloggi privati,,2,8,4
2024,Provincia del Sud Sardegna,Furtei,Bed & Breakfast,1 Stella,1,3,2
2024,Provincia del Sud Sardegna,Furtei,Bed & Breakfast,3 Stelle,1,3,1
2024,Provincia del Sud Sardegna,Furtei,Altri alloggi privati,,1,2,1
2024,Provincia di Nuoro,Gadoni,Affittacamere,II Categoria,2,23,8
2024,Provincia di Nuoro,Gadoni,Bed & Breakfast,1 Stella,2,11,5
2024,Provincia di Nuoro,Gadoni,Altri alloggi privati,,1,9,5
2024,Provincia di Nuoro,Gairo,Campeggio,3 Stelle,1,400,172
2024,Provincia di Nuoro,Gairo,Affittacamere,1 Stella,3,11,8
2024,Provincia di Nuoro,Gairo,Bed & Breakfast,2 Stelle,1,7,3
2024,Provincia di Nuoro,Gairo,Altri alloggi privati,,6,23,11
2024,Provincia di Nuoro,Galtellì,Albergo,2 Stelle,2,29,15
2024,Provincia di Nuoro,Galtellì,Albergo,3 Stelle,1,8,7
2024,Provincia di Nuoro,Galtellì,Agriturismo,,4,59,30
2024,Provincia di Nuoro,Galtellì,Casa/App. vacanze,II Categoria,1,12,6
2024,Provincia di Nuoro,Galtellì,Affittacamere,1 Stella,3,14,6
2024,Provincia di Nuoro,Galtellì,Affittacamere,3 Stelle,1,10,6
2024,Provincia di Nuoro,Galtellì,Bed & Breakfast,1 Stella,2,7,5
2024,Provincia di Nuoro,Galtellì,Bed & Breakfast,2 Stelle,4,21,11
2024,Provincia di Nuoro,Galtellì,Bed & Breakfast,3 Stelle,2,14,11
2024,Provincia di Nuoro,Galtellì,Altri alloggi privati,,1,8,3
2024,Provincia di Nuoro,Galtellì,Altri alloggi privati,,33,162,72
2024,Provincia di Nuoro,Gavoi,Albergo,3 Stelle,2,117,58
2024,Provincia di Nuoro,Gavoi,Albergo,4 Stelle,1,180,90
2024,Provincia di Nuoro,Gavoi,Agriturismo,,1,13,6
2024,Provincia di Nuoro,Gavoi,Affittacamere,II Categoria,1,5,2
2024,Provincia di Nuoro,Gavoi,Bed & Breakfast,1 Stella,1,6,3
2024,Provincia di Nuoro,Gavoi,Bed & Breakfast,2 Stelle,2,14,6
2024,Provincia di Nuoro,Gavoi,Bed & Breakfast,3 Stelle,1,5,3
2024,Provincia di Nuoro,Gavoi,Altri alloggi privati,,3,13,6
2024,Provincia del Sud Sardegna,Genoni,Agriturismo,,0,0,0
2024,Provincia del Sud Sardegna,Genoni,Affittacamere,3 Stelle,1,9,4
2024,Provincia del Sud Sardegna,Genoni,Altri alloggi privati,,1,6,3
2024,Provincia del Sud Sardegna,Genuri,Bed & Breakfast,3 Stelle,1,3,1
2024,Provincia del Sud Sardegna,Gergei,Agriturismo,,1,13,0
2024,Provincia del Sud Sardegna,Gergei,Affittacamere,2 Stelle,1,8,2
2024,Provincia del Sud Sardegna,Gergei,Affittacamere,II Categoria,1,2,1
2024,Provincia del Sud Sardegna,Gergei,Affittacamere,,1,9,4
2024,Provincia del Sud Sardegna,Gergei,Bed & Breakfast,3 Stelle,1,2,1
2024,Provincia del Sud Sardegna,Gergei,Altri alloggi privati,,4,23,11
2024,Provincia del Sud Sardegna,Gesturi,Agriturismo,,1,6,0
2024,Provincia del Sud Sardegna,Gesturi,Affittacamere,I Categoria,1,12,6
2024,Provincia del Sud Sardegna,Gesturi,Affittacamere,III Categoria,1,7,4
2024,Provincia del Sud Sardegna,Gesturi,Bed & Breakfast,1 Stella,1,1,1
2024,Provincia del Sud Sardegna,Gesturi,Bed & Breakfast,3 Stelle,2,11,6
2024,Provincia del Sud Sardegna,Gesturi,Altri alloggi privati,,1,4,2
2024,Provincia di Oristano,Ghilarza,Casa/App. vacanze,II Categoria,1,20,5
2024,Provincia di Oristano,Ghilarza,Affittacamere,II Categoria,1,4,2
2024,Provincia di Oristano,Ghilarza,Bed & Breakfast,1 Stella,2,9,5
2024,Provincia di Oristano,Ghilarza,Bed & Breakfast,2 Stelle,1,6,2
2024,Provincia di Oristano,Ghilarza,Bed & Breakfast,3 Stelle,1,5,2
2024,Provincia di Oristano,Ghilarza,Altri alloggi privati,,7,36,15
2024,Provincia di Sassari,Giave,Agriturismo,,1,8,0
2024,Provincia di Sassari,Giave,Bed & Breakfast,2 Stelle,1,7,3
2024,Provincia del Sud Sardegna,Giba,Albergo,2 Stelle,1,28,13
2024,Provincia del Sud Sardegna,Giba,Agriturismo,,1,10,5
2024,Provincia del Sud Sardegna,Giba,Casa/App. vacanze,,1,18,6
2024,Provincia del Sud Sardegna,Giba,Bed & Breakfast,2 Stelle,1,8,3
2024,Provincia del Sud Sardegna,Giba,Altri alloggi privati,,29,130,59
2024,Provincia di Nuoro,Girasole,Albergo,3 Stelle,1,18,10
2024,Provincia di Nuoro,Girasole,Agriturismo,,1,10,5
2024,Provincia di Nuoro,Girasole,Casa/App. vacanze,II Categoria,1,10,11
2024,Provincia di Nuoro,Girasole,Affittacamere,II Categoria,1,12,6
2024,Provincia di Nuoro,Girasole,Bed & Breakfast,3 Stelle,2,5,3
2024,Provincia di Nuoro,Girasole,Altri alloggi privati,,33,148,66
2024,Provincia di Sassari,Golfo Aranci,Albergo,2 Stelle,2,39,15
2024,Provincia di Sassari,Golfo Aranci,Albergo,3 Stelle,4,150,77
2024,Provincia di Sassari,Golfo Aranci,Albergo,4 Stelle,7,1793,715
2024,Provincia di Sassari,Golfo Aranci,Residenza Turistico Alberghiera (R.T.A.),3 Stelle,1,432,111
2024,Provincia di Sassari,Golfo Aranci,Agriturismo,,2,10,0
2024,Provincia di Sassari,Golfo Aranci,Casa/App. vacanze,1 Stella,1,20,7
2024,Provincia di Sassari,Golfo Aranci,Casa/App. vacanze,3 Stelle,2,51,28
2024,Provincia di Sassari,Golfo Aranci,Casa/App. vacanze,I Categoria,2,62,38
2024,Provincia di Sassari,Golfo Aranci,Casa/App. vacanze,II Categoria,19,1098,219
2024,Provincia di Sassari,Golfo Aranci,Casa/App. vacanze,,4,93,34
2024,Provincia di Sassari,Golfo Aranci,Affittacamere,2 Stelle,1,3,3
2024,Provincia di Sassari,Golfo Aranci,Affittacamere,3 Stelle,3,12,6
2024,Provincia di Sassari,Golfo Aranci,Affittacamere,II Categoria,2,8,5
2024,Provincia di Sassari,Golfo Aranci,Affittacamere,III Categoria,1,4,2
2024,Provincia di Sassari,Golfo Aranci,Affittacamere,,2,26,10
2024,Provincia di Sassari,Golfo Aranci,Bed & Breakfast,1 Stella,3,13,6
2024,Provincia di Sassari,Golfo Aranci,Bed & Breakfast,2 Stelle,1,7,3
2024,Provincia di Sassari,Golfo Aranci,Bed & Breakfast,3 Stelle,2,9,6
2024,Provincia di Sassari,Golfo Aranci,Residence,II Categoria,1,48,48
2024,Provincia di Sassari,Golfo Aranci,Albergo Rurale,3 Stelle,1,20,10
2024,Provincia di Sassari,Golfo Aranci,Altri alloggi privati,,21,100,41
2024,Provincia di Sassari,Golfo Aranci,Altri alloggi privati,,500,2537,1009
2024,Provincia di Sassari,Golfo Aranci,Locanda,2 Stelle,1,10,5
2024,Provincia del Sud Sardegna,Goni,Agriturismo,,1,6,0
2024,Provincia del Sud Sardegna,Gonnesa,Agriturismo,,4,64,30
2024,Provincia del Sud Sardegna,Gonnesa,Casa/App. vacanze,1 Stella,5,7,6
2024,Provincia del Sud Sardegna,Gonnesa,Casa/App. vacanze,II Categoria,2,19,7
2024,Provincia del Sud Sardegna,Gonnesa,Affittacamere,II Categoria,2,14,8
2024,Provincia del Sud Sardegna,Gonnesa,Affittacamere,III Categoria,1,4,2
2024,Provincia del Sud Sardegna,Gonnesa,Bed & Breakfast,1 Stella,3,13,8
2024,Provincia del Sud Sardegna,Gonnesa,Bed & Breakfast,2 Stelle,2,9,3
2024,Provincia del Sud Sardegna,Gonnesa,Bed & Breakfast,3 Stelle,2,16,6
2024,Provincia del Sud Sardegna,Gonnesa,Altri alloggi privati,,2,11,6
2024,Provincia del Sud Sardegna,Gonnesa,Altri alloggi privati,,83,382,160
2024,Provincia del Sud Sardegna,Gonnosfanadiga,Agriturismo,,1,12,7
2024,Provincia del Sud Sardegna,Gonnosfanadiga,Affittacamere,3 Stelle,1,6,3
2024,Provincia del Sud Sardegna,Gonnosfanadiga,Affittacamere,II Categoria,3,12,8
2024,Provincia del Sud Sardegna,Gonnosfanadiga,Bed & Breakfast,1 Stella,1,4,2
2024,Provincia del Sud Sardegna,Gonnosfanadiga,Bed & Breakfast,2 Stelle,1,4,2
2024,Provincia del Sud Sardegna,Gonnosfanadiga,Altri alloggi privati,,4,19,10
2024,Provincia di Oristano,Gonnosnò,Altri alloggi privati,,2,4,2
2024,Provincia di Oristano,Gonnostramatza,Agriturismo,,1,17,7
2024,Provincia di Oristano,Gonnostramatza,Bed & Breakfast,1 Stella,1,6,3
2024,Provincia di Oristano,Gonnostramatza,Altri alloggi privati,,2,10,5
2024,Provincia del Sud Sardegna,Guamaggiore,Bed & Breakfast,2 Stelle,1,7,3
2024,Provincia del Sud Sardegna,Guasila,Bed & Breakfast,1 Stella,1,6,2
2024,Provincia del Sud Sardegna,Guasila,Albergo Rurale,1 Stella,1,12,8
2024,Provincia del Sud Sardegna,Guspini,Albergo,2 Stelle,1,20,17
2024,Provincia del Sud Sardegna,Guspini,Albergo,3 Stelle,1,12,9
2024,Provincia del Sud Sardegna,Guspini,Agriturismo,,3,22,11
2024,Provincia del Sud Sardegna,Guspini,Affittacamere,3 Stelle,1,4,3
2024,Provincia del Sud Sardegna,Guspini,Affittacamere,II Categoria,3,17,11
2024,Provincia del Sud Sardegna,Guspini,Bed & Breakfast,1 Stella,8,40,19
2024,Provincia del Sud Sardegna,Guspini,Bed & Breakfast,3 Stelle,5,20,8
2024,Provincia del Sud Sardegna,Guspini,Villaggio albergo,4 Stelle,1,115,29
2024,Provincia del Sud Sardegna,Guspini,Altri alloggi privati,,17,68,31
2024,Provincia del Sud Sardegna,Iglesias,Albergo,3 Stelle,5,96,59
2024,Provincia del Sud Sardegna,Iglesias,Albergo,4 Stelle,2,113,53
2024,Provincia del Sud Sardegna,Iglesias,Ostello,III Categoria,1,20,6
2024,Provincia del Sud Sardegna,Iglesias,Agriturismo,,5,62,32
2024,Provincia del Sud Sardegna,Iglesias,Casa/App. vacanze,1 Stella,5,14,7
2024,Provincia del Sud Sardegna,Iglesias,Casa/App. vacanze,3 Stelle,1,19,8
2024,Provincia del Sud Sardegna,Iglesias,Casa/App. vacanze,II Categoria,2,20,11
2024,Provincia del Sud Sardegna,Iglesias,Affittacamere,1 Stella,1,4,3
2024,Provincia del Sud Sardegna,Iglesias,Affittacamere,2 Stelle,1,8,4
2024,Provincia del Sud Sardegna,Iglesias,Affittacamere,3 Stelle,1,8,4
2024,Provincia del Sud Sardegna,Iglesias,Affittacamere,I Categoria,3,24,12
2024,Provincia del Sud Sardegna,Iglesias,Affittacamere,II Categoria,10,76,39
2024,Provincia del Sud Sardegna,Iglesias,Affittacamere,III Categoria,2,22,8
2024,Provincia del Sud Sardegna,Iglesias,Affittacamere,,4,39,14
2024,Provincia del Sud Sardegna,Iglesias,Casa per ferie e ospitalità religiosa,III Categoria,3,18,10
2024,Provincia del Sud Sardegna,Iglesias,Bed & Breakfast,1 Stella,3,16,7
2024,Provincia del Sud Sardegna,Iglesias,Bed & Breakfast,2 Stelle,4,17,8
2024,Provincia del Sud Sardegna,Iglesias,Bed & Breakfast,3 Stelle,8,42,19
2024,Provincia del Sud Sardegna,Iglesias,Bed & Breakfast,,1,4,2
2024,Provincia del Sud Sardegna,Iglesias,Altri alloggi privati,,3,8,3
2024,Provincia del Sud Sardegna,Iglesias,Altri alloggi privati,,344,1425,572
2024,Provincia del Sud Sardegna,Iglesias,Locanda,3 Stelle,1,4,2
2024,Provincia di Nuoro,Ilbono,Albergo,3 Stelle,1,20,13
2024,Provincia di Nuoro,Ilbono,Ostello,III Categoria,1,48,23
2024,Provincia di Nuoro,Ilbono,Agriturismo,,3,40,16
2024,Provincia di Nuoro,Ilbono,Bed & Breakfast,2 Stelle,1,5,3
2024,Provincia di Nuoro,Ilbono,Bed & Breakfast,3 Stelle,2,11,6
2024,Provincia di Nuoro,Ilbono,Altri alloggi privati,,7,36,13
2024,Provincia di Nuoro,Irgoli,Albergo,2 Stelle,1,21,7
2024,Provincia di Nuoro,Irgoli,Agriturismo,,1,20,10
2024,Provincia di Nuoro,Irgoli,Affittacamere,II Categoria,1,4,2
2024,Provincia di Nuoro,Irgoli,Bed & Breakfast,1 Stella,2,11,6
2024,Provincia di Nuoro,Irgoli,Bed & Breakfast,3 Stelle,1,4,2
2024,Provincia di Nuoro,Irgoli,Altri alloggi privati,,25,132,53
2024,Provincia di Nuoro,Irgoli,Locanda,II Categoria,1,12,6
2024,Provincia del Sud Sardegna,Isili,Albergo,2 Stelle,1,25,14
2024,Provincia del Sud Sardegna,Isili,Agriturismo,,1,8,0
2024,Provincia del Sud Sardegna,Isili,Affittacamere,II Categoria,1,3,2
2024,Provincia del Sud Sardegna,Isili,Bed & Breakfast,1 Stella,2,9,5
2024,Provincia del Sud Sardegna,Isili,Bed & Breakfast,3 Stelle,1,2,1
2024,Provincia del Sud Sardegna,Isili,Altri alloggi privati,,3,10,5
2024,Provincia di Sassari,Ittireddu,Albergo diffuso,2 Stelle,1,11,7
2024,Provincia di Sassari,Ittiri,Agriturismo,,1,14,5
2024,Provincia di Sassari,Ittiri,Affittacamere,II Categoria,2,20,8
2024,Provincia di Sassari,Ittiri,Bed & Breakfast,2 Stelle,1,4,3
2024,Provincia di Sassari,Ittiri,Altri alloggi privati,,1,7,2
2024,Provincia di Nuoro,Jerzu,Albergo,1 Stella,1,19,8
2024,Provincia di Nuoro,Jerzu,Albergo,3 Stelle,1,25,11
2024,Provincia di Nuoro,Jerzu,Residenza Turistico Alberghiera (R.T.A.),3 Stelle,1,20,11
2024,Provincia di Nuoro,Jerzu,Agriturismo,,2,14,4
2024,Provincia di Nuoro,Jerzu,Affittacamere,3 Stelle,1,5,3
2024,Provincia di Nuoro,Jerzu,Affittacamere,II Categoria,1,8,3
2024,Provincia di Nuoro,Jerzu,Bed & Breakfast,1 Stella,1,4,3
2024,Provincia di Nuoro,Jerzu,Bed & Breakfast,3 Stelle,1,4,2
2024,Provincia di Nuoro,Jerzu,Altri alloggi privati,,32,155,70
2024,Provincia di Sassari,La Maddalena,Albergo,3 Stelle,10,1249,588
2024,Provincia di Sassari,La Maddalena,Albergo,4 Stelle,2,230,97
2024,Provincia di Sassari,La Maddalena,Albergo,5 Stelle,1,202,92
2024,Provincia di Sassari,La Maddalena,Residenza Turistico Alberghiera (R.T.A.),2 Stelle,1,50,17
2024,Provincia di Sassari,La Maddalena,Residenza Turistico Alberghiera (R.T.A.),3 Stelle,1,58,19
2024,Provincia di Sassari,La Maddalena,Campeggio,1 Stella,1,45,15
2024,Provincia di Sassari,La Maddalena,Campeggio,2 Stelle,1,540,116
2024,Provincia di Sassari,La Maddalena,Campeggio,3 Stelle,1,380,80
2024,Provincia di Sassari,La Maddalena,Casa/App. vacanze,1 Stella,1,15,8
2024,Provincia di Sassari,La Maddalena,Casa/App. vacanze,2 Stelle,1,20,8
2024,Provincia di Sassari,La Maddalena,Casa/App. vacanze,3 Stelle,1,16,8
2024,Provincia di Sassari,La Maddalena,Casa/App. vacanze,II Categoria,4,97,29
2024,Provincia di Sassari,La Maddalena,Casa/App. vacanze,,5,336,111
2024,Provincia di Sassari,La Maddalena,Affittacamere,2 Stelle,1,15,5
2024,Provincia di Sassari,La Maddalena,Affittacamere,3 Stelle,1,12,6
2024,Provincia di Sassari,La Maddalena,Affittacamere,I Categoria,6,64,30
2024,Provincia di Sassari,La Maddalena,Affittacamere,II Categoria,14,108,45
2024,Provincia di Sassari,La Maddalena,Affittacamere,III Categoria,2,15,8
2024,Provincia di Sassari,La Maddalena,Affittacamere,,4,28,12
2024,Provincia di Sassari,La Maddalena,Villaggio turistico,2 Stelle,1,202,25
2024,Provincia di Sassari,La Maddalena,Villaggio turistico,3 Stelle,1,227,74
2024,Provincia di Sassari,La Maddalena,Bed & Breakfast,1 Stella,4,22,10
2024,Provincia di Sassari,La Maddalena,Bed & Breakfast,2 Stelle,13,59,32
2024,Provincia di Sassari,La Maddalena,Bed & Breakfast,3 Stelle,9,45,21
2024,Provincia di Sassari,La Maddalena,Bed & Breakfast,,1,5,2
2024,Provincia di Sassari,La Maddalena,Residence,I Categoria,1,203,57
2024,Provincia di Sassari,La Maddalena,Albergo diffuso,3 Stelle,1,12,6
2024,Provincia di Sassari,La Maddalena,Altri alloggi privati,,17,75,29
2024,Provincia di Sassari,La Maddalena,Altri alloggi privati,,810,3495,1446
2024,Provincia di Sassari,La Maddalena,Affittacamere,II Categoria,1,10,5
2024,Provincia di Oristano,Laconi,Affittacamere,I Categoria,1,10,5
2024,Provincia di Oristano,Laconi,Affittacamere,II Categoria,3,14,7
2024,Provincia di Oristano,Laconi,Casa per ferie e ospitalità religiosa,III Categoria,1,31,22
2024,Provincia di Oristano,Laconi,Bed & Breakfast,1 Stella,2,9,4
2024,Provincia di Oristano,Laconi,Bed & Breakfast,2 Stelle,2,8,4
2024,Provincia di Oristano,Laconi,Altri alloggi privati,,2,13,4
2024,Provincia di Sassari,Laerru,Affittacamere,III Categoria,1,3,2
2024,Provincia di Sassari,Laerru,Altri alloggi privati,,1,6,3
2024,Provincia di Nuoro,Lanusei,Albergo,3 Stelle,16,74,26
2024,Provincia di Nuoro,Lanusei,Albergo,4 Stelle,1,164,77
2024,Provincia di Nuoro,Lanusei,Agriturismo,,1,8,0
2024,Provincia di Nuoro,Lanusei,Affittacamere,II Categoria,1,9,5
2024,Provincia di Nuoro,Lanusei,Casa per ferie e ospitalità religiosa,III Categoria,1,69,30
2024,Provincia di Nuoro,Lanusei,Bed & Breakfast,1 Stella,3,15,8
2024,Provincia di Nuoro,Lanusei,Bed & Breakfast,2 Stelle,2,8,4
2024,Provincia di Nuoro,Lanusei,Altri alloggi privati,,16,61,28
2024,Provincia del Sud Sardegna,Las Plassas,Bed & Breakfast,2 Stelle,1,4,3
2024,Provincia del Sud Sardegna,Las Plassas,Bed & Breakfast,3 Stelle,1,3,1
2024,Provincia di Nuoro,Loceri,Agriturismo,,1,23,0
2024,Provincia di Nuoro,Loceri,Bed & Breakfast,1 Stella,10,42,19
2024,Provincia di Nuoro,Loceri,Bed & Breakfast,2 Stelle,3,15,5
2024,Provincia di Nuoro,Loceri,Bed & Breakfast,3 Stelle,2,13,6
2024,Provincia di Nuoro,Loceri,Albergo diffuso,3 Stelle,1,16,8
2024,Provincia di Nuoro,Loceri,Altri alloggi privati,,2,14,4
2024,Provincia di Nuoro,Loceri,Altri alloggi privati,,18,77,31
2024,Provincia di Nuoro,Loculi,Agriturismo,,3,34,11
2024,Provincia di Nuoro,Loculi,Affittacamere,1 Stella,1,4,2
2024,Provincia di Nuoro,Loculi,Bed & Breakfast,2 Stelle,1,6,3
2024,Provincia di Nuoro,Loculi,Altri alloggi privati,,8,37,14
2024,Provincia di Nuoro,Lodine,Bed & Breakfast,1 Stella,1,6,3
2024,Provincia di Nuoro,Lodine,Bed & Breakfast,3 Stelle,1,6,3
2024,Provincia di Nuoro,Lodè,Albergo,2 Stelle,1,22,11
2024,Provincia di Nuoro,Lodè,Agriturismo,,1,10,4
2024,Provincia di Nuoro,Lodè,Altri alloggi privati,,1,2,1
2024,Provincia di Sassari,Loiri Porto San Paolo,Albergo,3 Stelle,3,196,88
2024,Provincia di Sassari,Loiri Porto San Paolo,Albergo,4 Stelle,3,176,82
2024,Provincia di Sassari,Loiri Porto San Paolo,Residenza Turistico Alberghiera (R.T.A.),3 Stelle,1,98,35
2024,Provincia di Sassari,Loiri Porto San Paolo,Campeggio,3 Stelle,1,1280,269
2024,Provincia di Sassari,Loiri Porto San Paolo,Agriturismo,,6,56,17
2024,Provincia di Sassari,Loiri Porto San Paolo,Casa/App. vacanze,1 Stella,1,16,8
2024,Provincia di Sassari,Loiri Porto San Paolo,Casa/App. vacanze,I Categoria,2,57,30
2024,Provincia di Sassari,Loiri Porto San Paolo,Casa/App. vacanze,II Categoria,11,540,86
2024,Provincia di Sassari,Loiri Porto San Paolo,Casa/App. vacanze,,3,22,9
2024,Provincia di Sassari,Loiri Porto San Paolo,Affittacamere,3 Stelle,1,10,5
2024,Provincia di Sassari,Loiri Porto San Paolo,Affittacamere,II Categoria,4,29,14
2024,Provincia di Sassari,Loiri Porto San Paolo,Affittacamere,III Categoria,1,6,3
2024,Provincia di Sassari,Loiri Porto San Paolo,Affittacamere,,2,24,11
2024,Provincia di Sassari,Loiri Porto San Paolo,Bed & Breakfast,1 Stella,2,6,3
2024,Provincia di Sassari,Loiri Porto San Paolo,Bed & Breakfast,2 Stelle,5,26,13
2024,Provincia di Sassari,Loiri Porto San Paolo,Bed & Breakfast,3 Stelle,6,31,16
2024,Provincia di Sassari,Loiri Porto San Paolo,Bed & Breakfast,,1,6,3
2024,Provincia di Sassari,Loiri Porto San Paolo,Residence,III Categoria,1,100,0
2024,Provincia di Sassari,Loiri Porto San Paolo,Residence,,1,114,20
2024,Provincia di Sassari,Loiri Porto San Paolo,Albergo diffuso,4 Stelle,1,165,63
2024,Provincia di Sassari,Loiri Porto San Paolo,Albergo Rurale,3 Stelle,1,19,10
2024,Provincia di Sassari,Loiri Porto San Paolo,Altri alloggi privati,,12,59,24
2024,Provincia di Sassari,Loiri Porto San Paolo,Altri alloggi privati,,369,1796,744
2024,Provincia di Nuoro,Lotzorai,Albergo,3 Stelle,3,121,65
2024,Provincia di Nuoro,Lotzorai,Residenza Turistico Alberghiera (R.T.A.),3 Stelle,1,130,50
2024,Provincia di Nuoro,Lotzorai,Campeggio,1 Stella,1,250,125
2024,Provincia di Nuoro,Lotzorai,Campeggio,3 Stelle,4,1580,476
2024,Provincia di Nuoro,Lotzorai,Affittacamere,2 Stelle,1,5,3
2024,Provincia di Nuoro,Lotzorai,Affittacamere,II Categoria,5,39,22
2024,Provincia di Nuoro,Lotzorai,Bed & Breakfast,1 Stella,2,5,4
2024,Provincia di Nuoro,Lotzorai,Bed & Breakfast,2 Stelle,2,9,5
2024,Provincia di Nuoro,Lotzorai,Bed & Breakfast,3 Stelle,3,12,6
2024,Provincia di Nuoro,Lotzorai,Altri alloggi privati,,120,500,225
2024,Provincia di Nuoro,Lula,Affittacamere,I Categoria,1,4,2
2024,Provincia di Nuoro,Lula,Affittacamere,II Categoria,1,12,6
2024,Provincia di Nuoro,Lula,Bed & Breakfast,2 Stelle,1,5,2
2024,Provincia di Nuoro,Lula,Bed & Breakfast,3 Stelle,1,5,2
2024,Provincia di Nuoro,Lula,Altri alloggi privati,,1,12,6
2024,Provincia del Sud Sardegna,Lunamatrona,Campeggio,3 Stelle,1,256,90
2024,Provincia del Sud Sardegna,Lunamatrona,Bed & Breakfast,3 Stelle,1,3,3
2024,Provincia del Sud Sardegna,Lunamatrona,Altri alloggi privati,,3,14,5
2024,Provincia di Sassari,Luogosanto,Albergo,3 Stelle,1,128,64
2024,Provincia di Sassari,Luogosanto,Agriturismo,,5,41,25
2024,Provincia di Sassari,Luogosanto,Bed & Breakfast,2 Stelle,1,6,2
2024,Provincia di Sassari,Luogosanto,Bed & Breakfast,,2,10,6
2024,Provincia di Sassari,Luogosanto,Albergo Rurale,3 Stelle,1,20,12
2024,Provincia di Sassari,Luogosanto,Altri alloggi privati,2 Stelle,1,2,1
2024,Provincia di Sassari,Luogosanto,Altri alloggi privati,,29,156,75
2024,Provincia di Sassari,Luogosanto,Locanda,II Categoria,1,12,5
2024,Provincia di Sassari,Luras,Albergo,3 Stelle,1,20,11
2024,Provincia di Sassari,Luras,Albergo,4 Stelle,1,20,13
2024,Provincia di Sassari,Luras,Affittacamere,II Categoria,2,22,11
2024,Provincia di Sassari,Luras,Affittacamere,,1,4,2
2024,Provincia di Sassari,Luras,Altri alloggi privati,,10,43,18
2024,Provincia di Nuoro,Macomer,Albergo,1 Stella,1,18,12
2024,Provincia di Nuoro,Macomer,Albergo,2 Stelle,1,25,15
2024,Provincia di Nuoro,Macomer,Albergo,3 Stelle,1,10,9
2024,Provincia di Nuoro,Macomer,Affittacamere,2 Stelle,1,3,1
2024,Provincia di Nuoro,Macomer,Affittacamere,3 Stelle,1,4,2
2024,Provincia di Nuoro,Macomer,Affittacamere,II Categoria,1,11,6
2024,Provincia di Nuoro,Macomer,Bed & Breakfast,1 Stella,1,3,2
2024,Provincia di Nuoro,Macomer,Bed & Breakfast,2 Stelle,1,8,3
2024,Provincia di Nuoro,Macomer,Bed & Breakfast,3 Stelle,1,4,2
2024,Provincia di Nuoro,Macomer,Altri alloggi privati,,4,9,4
2024,Provincia di Oristano,Magomadas,Albergo,3 Stelle,1,28,15
2024,Provincia di Oristano,Magomadas,Casa/App. vacanze,II Categoria,1,27,9
2024,Provincia di Oristano,Magomadas,Affittacamere,II Categoria,7,68,34
2024,Provincia di Oristano,Magomadas,Bed & Breakfast,1 Stella,1,2,2
2024,Provincia di Oristano,Magomadas,Bed & Breakfast,2 Stelle,1,4,2
2024,Provincia di Oristano,Magomadas,Bed & Breakfast,3 Stelle,0,0,0
2024,Provincia di Oristano,Magomadas,Altri alloggi privati,,1,3,1
2024,Provincia di Oristano,Magomadas,Altri alloggi privati,,61,278,117
2024,Provincia di Nuoro,Mamoiada,Agriturismo,,2,6,0
2024,Provincia di Nuoro,Mamoiada,Affittacamere,1 Stella,2,14,7
2024,Provincia di Nuoro,Mamoiada,Affittacamere,I Categoria,2,20,11
2024,Provincia di Nuoro,Mamoiada,Affittacamere,II Categoria,1,9,5
2024,Provincia di Nuoro,Mamoiada,Bed & Breakfast,1 Stella,2,12,5
2024,Provincia di Nuoro,Mamoiada,Bed & Breakfast,2 Stelle,1,6,3
2024,Provincia di Nuoro,Mamoiada,Bed & Breakfast,3 Stelle,1,8,3
2024,Provincia di Nuoro,Mamoiada,Altri alloggi privati,,19,110,52
2024,Provincia del Sud Sardegna,Mandas,Agriturismo,,1,8,4
2024,Provincia del Sud Sardegna,Mandas,Affittacamere,3 Stelle,2,20,15
2024,Provincia del Sud Sardegna,Mandas,Affittacamere,I Categoria,1,12,5
2024,Provincia del Sud Sardegna,Mandas,Bed & Breakfast,1 Stella,1,3,2
2024,Provincia del Sud Sardegna,Mandas,Bed & Breakfast,3 Stelle,2,9,5
2024,Provincia di Sassari,Mara,Bed & Breakfast,3 Stelle,1,6,3
2024,Città metropolitana di Cagliari,Maracalagonis,Albergo,3 Stelle,1,32,15
2024,Città metropolitana di Cagliari,Maracalagonis,Agriturismo,,2,22,8
2024,Città metropolitana di Cagliari,Maracalagonis,Casa/App. vacanze,3 Stelle,1,16,8
2024,Città metropolitana di Cagliari,Maracalagonis,Casa/App. vacanze,II Categoria,1,44,13
2024,Città metropolitana di Cagliari,Maracalagonis,Casa/App. vacanze,,1,184,0
2024,Città metropolitana di Cagliari,Maracalagonis,Affittacamere,3 Stelle,1,11,5
2024,Città metropolitana di Cagliari,Maracalagonis,Affittacamere,II Categoria,1,2,2
2024,Città metropolitana di Cagliari,Maracalagonis,Affittacamere,,1,5,4
2024,Città metropolitana di Cagliari,Maracalagonis,Bed & Breakfast,1 Stella,2,8,5
2024,Città metropolitana di Cagliari,Maracalagonis,Bed & Breakfast,2 Stelle,4,17,8
2024,Città metropolitana di Cagliari,Maracalagonis,Bed & Breakfast,3 Stelle,1,2,2
2024,Città metropolitana di Cagliari,Maracalagonis,Bed & Breakfast,,2,12,6
2024,Città metropolitana di Cagliari,Maracalagonis,Residence,III Categoria,1,140,46
2024,Città metropolitana di Cagliari,Maracalagonis,Villaggio albergo,4 Stelle,1,836,336
2024,Città metropolitana di Cagliari,Maracalagonis,Altri alloggi privati,,3,22,12
2024,Città metropolitana di Cagliari,Maracalagonis,Altri alloggi privati,,315,1961,907
2024,Provincia di Oristano,Marrubiu,Ostello,III Categoria,1,20,6
2024,Provincia di Oristano,Marrubiu,Agriturismo,,1,12,0
2024,Provincia di Oristano,Marrubiu,Bed & Breakfast,1 Stella,5,25,12
2024,Provincia di Oristano,Marrubiu,Bed & Breakfast,2 Stelle,3,14,8
2024,Provincia di Oristano,Marrubiu,Bed & Breakfast,3 Stelle,1,6,3
2024,Provincia di Oristano,Marrubiu,Altri alloggi privati,,18,86,37
2024,Provincia di Sassari,Martis,Agriturismo,,2,22,9
2024,Provincia di Sassari,Martis,Bed & Breakfast,1 Stella,1,3,2
2024,Provincia di Sassari,Martis,Altri alloggi privati,,5,32,10
2024,Provincia del Sud Sardegna,Masainas,Agriturismo,,2,28,0
2024,Provincia del Sud Sardegna,Masainas,Affittacamere,2 Stelle,1,12,5
2024,Provincia del Sud Sardegna,Masainas,Affittacamere,II Categoria,1,12,6
2024,Provincia del Sud Sardegna,Masainas,Bed & Breakfast,1 Stella,1,5,3
2024,Provincia del Sud Sardegna,Masainas,Altri alloggi privati,,1,2,1
2024,Provincia del Sud Sardegna,Masainas,Altri alloggi privati,,26,111,51
2024,Provincia di Oristano,Masullas,Bed & Breakfast,1 Stella,1,5,3
2024,Provincia di Oristano,Masullas,Altri alloggi privati,,1,4,2
2024,Provincia di Nuoro,Meana Sardo,Villaggio turistico,2 Stelle,1,32,5
2024,Provincia di Nuoro,Meana Sardo,Bed & Breakfast,1 Stella,2,12,6
2024,Provincia di Nuoro,Meana Sardo,Altri alloggi privati,,1,3,2
2024,Provincia di Oristano,Milis,Casa/App. vacanze,2 Stelle,1,4,1
2024,Provincia di Oristano,Milis,Bed & Breakfast,1 Stella,2,5,4
2024,Provincia di Oristano,Milis,Altri alloggi privati,,12,64,30
2024,Provincia di Oristano,Modolo,Bed & Breakfast,1 Stella,2,11,5
2024,Provincia di Oristano,Modolo,Bed & Breakfast,3 Stelle,1,6,3
2024,Provincia di Oristano,Modolo,Altri alloggi privati,,12,61,28
2024,Provincia di Oristano,Mogoro,Bed & Breakfast,1 Stella,1,6,3
2024,Provincia di Oristano,Mogoro,Altri alloggi privati,,10,45,22
2024,Provincia del Sud Sardegna,Monastir,Albergo,3 Stelle,1,46,22
2024,Provincia del Sud Sardegna,Monastir,Agriturismo,,1,0,0
2024,Provincia del Sud Sardegna,Monastir,Affittacamere,III Categoria,1,10,5
2024,Provincia del Sud Sardegna,Monastir,Bed & Breakfast,1 Stella,1,4,3
2024,Provincia del Sud Sardegna,Monastir,Bed & Breakfast,3 Stelle,2,8,3
2024,Provincia del Sud Sardegna,Monastir,Altri alloggi privati,,3,14,6
2024,Città metropolitana di Cagliari,Monserrato,Casa/App. vacanze,II Categoria,1,9,7
2024,Città metropolitana di Cagliari,Monserrato,Affittacamere,3 Stelle,1,7,5
2024,Città metropolitana di Cagliari,Monserrato,Affittacamere,II Categoria,4,31,16
2024,Città metropolitana di Cagliari,Monserrato,Bed & Breakfast,1 Stella,1,5,2
2024,Città metropolitana di Cagliari,Monserrato,Bed & Breakfast,3 Stelle,1,1,1
2024,Città metropolitana di Cagliari,Monserrato,Bed & Breakfast,,2,13,5
2024,Città metropolitana di Cagliari,Monserrato,Altri alloggi privati,,73,288,137
2024,Provincia di Sassari,Monteleone Rocca Doria,Bed & Breakfast,3 Stelle,2,11,2
2024,Provincia di Sassari,Monti,Agriturismo,,5,52,21
2024,Provincia di Sassari,Monti,Affittacamere,III Categoria,2,13,8
2024,Provincia di Sassari,Monti,Bed & Breakfast,3 Stelle,1,3,2
2024,Provincia di Sassari,Monti,Bed & Breakfast,,1,6,2
2024,Provincia di Sassari,Monti,Altri alloggi privati,,12,41,16
2024,Provincia di Sassari,Mores,Albergo,3 Stelle,1,20,10
2024,Provincia di Sassari,Mores,Agriturismo,,2,10,3
2024,Provincia di Sassari,Mores,Affittacamere,3 Stelle,1,11,4
2024,Provincia di Sassari,Mores,Affittacamere,II Categoria,1,6,4
2024,Provincia del Sud Sardegna,Muravera,Albergo,1 Stella,1,24,16
2024,Provincia del Sud Sardegna,Muravera,Albergo,2 Stelle,1,26,13
2024,Provincia del Sud Sardegna,Muravera,Albergo,3 Stelle,3,493,239
2024,Provincia del Sud Sardegna,Muravera,Albergo,4 Stelle,6,1184,535
2024,Provincia del Sud Sardegna,Muravera,Residenza Turistico Alberghiera (R.T.A.),3 Stelle,1,302,98
2024,Provincia del Sud Sardegna,Muravera,Campeggio,3 Stelle,2,899,205
2024,Provincia del Sud Sardegna,Muravera,Campeggio,4 Stelle,1,1108,286
2024,Provincia del Sud Sardegna,Muravera,Agriturismo,,8,125,45
2024,Provincia del Sud Sardegna,Muravera,Casa/App. vacanze,1 Stella,1,6,6
2024,Provincia del Sud Sardegna,Muravera,Casa/App. vacanze,I Categoria,1,72,36
2024,Provincia del Sud Sardegna,Muravera,Casa/App. vacanze,II Categoria,15,544,238
2024,Provincia del Sud Sardegna,Muravera,Casa/App. vacanze,III Categoria,18,14,11
2024,Provincia del Sud Sardegna,Muravera,Casa/App. vacanze,,4,182,187
2024,Provincia del Sud Sardegna,Muravera,Affittacamere,1 Stella,2,6,4
2024,Provincia del Sud Sardegna,Muravera,Affittacamere,II Categoria,3,26,11
2024,Provincia del Sud Sardegna,Muravera,Affittacamere,,1,14,6
2024,Provincia del Sud Sardegna,Muravera,Villaggio turistico,4 Stelle,2,1479,364
2024,Provincia del Sud Sardegna,Muravera,Bed & Breakfast,1 Stella,4,16,9
2024,Provincia del Sud Sardegna,Muravera,Bed & Breakfast,2 Stelle,10,42,25
2024,Provincia del Sud Sardegna,Muravera,Bed & Breakfast,3 Stelle,7,39,19
2024,Provincia del Sud Sardegna,Muravera,Residence,I Categoria,1,16,8
2024,Provincia del Sud Sardegna,Muravera,Villaggio albergo,4 Stelle,2,1418,530
2024,Provincia del Sud Sardegna,Muravera,Albergo Rurale,3 Stelle,2,42,24
2024,Provincia del Sud Sardegna,Muravera,Altri alloggi privati,,17,73,32
2024,Provincia del Sud Sardegna,Muravera,Altri alloggi privati,,625,3044,1309
2024,Provincia del Sud Sardegna,Muravera,Locanda,II Categoria,1,15,6
2024,Provincia di Sassari,Muros,Agriturismo,,1,10,4
2024,Provincia di Sassari,Muros,Bed & Breakfast,2 Stelle,1,2,1
2024,Provincia del Sud Sardegna,Musei,Bed & Breakfast,1 Stella,1,2,2
2024,Provincia del Sud Sardegna,Musei,Altri alloggi privati,,2,8,3
2024,Provincia di Oristano,Narbolia,Albergo,5 Stelle,1,332,109
2024,Provincia di Oristano,Narbolia,Campeggio,3 Stelle,2,1456,416
2024,Provincia di Oristano,Narbolia,Agriturismo,,2,14,7
2024,Provincia di Oristano,Narbolia,Casa/App. vacanze,I Categoria,1,108,15
2024,Provincia di Oristano,Narbolia,Affittacamere,II Categoria,4,41,19
2024,Provincia di Oristano,Narbolia,Bed & Breakfast,2 Stelle,1,9,3
2024,Provincia di Oristano,Narbolia,Albergo Rurale,3 Stelle,9,24,9
2024,Provincia di Oristano,Narbolia,Altri alloggi privati,,32,149,69
2024,Provincia del Sud Sardegna,Narcao,Albergo,3 Stelle,1,17,9
2024,Provincia del Sud Sardegna,Narcao,Agriturismo,,1,4,2
2024,Provincia del Sud Sardegna,Narcao,Villaggio turistico,2 Stelle,1,37,23
2024,Provincia del Sud Sardegna,Narcao,Bed & Breakfast,1 Stella,1,2,2
2024,Provincia del Sud Sardegna,Narcao,Altri alloggi privati,,2,9,3
2024,Provincia di Oristano,Norbello,Campeggio,3 Stelle,1,204,54
2024,Provincia di Sassari,Nughedu San Nicolò,Campeggio,3 Stelle,1,105,29
2024,Provincia di Sassari,Nughedu San Nicolò,Affittacamere,II Categoria,1,6,3
2024,Provincia di Oristano,Nughedu Santa Vittoria,Bed & Breakfast,1 Stella,1,4,2
2024,Provincia di Sassari,Nulvi,Agriturismo,,9,115,28
2024,Provincia di Sassari,Nulvi,Casa/App. vacanze,III Categoria,1,16,4
2024,Provincia di Sassari,Nulvi,Bed & Breakfast,2 Stelle,1,6,3
2024,Provincia di Sassari,Nulvi,Altri alloggi privati,,15,73,29
2024,Provincia di Nuoro,Nuoro,Albergo,2 Stelle,1,20,13
2024,Provincia di Nuoro,Nuoro,Albergo,3 Stelle,3,279,145
2024,Provincia di Nuoro,Nuoro,Residenza Turistico Alberghiera (R.T.A.),3 Stelle,1,24,11
2024,Provincia di Nuoro,Nuoro,Ostello,,2,24,14
2024,Provincia di Nuoro,Nuoro,Agriturismo,,4,58,24
2024,Provincia di Nuoro,Nuoro,Casa/App. vacanze,II Categoria,2,39,18
2024,Provincia di Nuoro,Nuoro,Affittacamere,1 Stella,1,3,1
2024,Provincia di Nuoro,Nuoro,Affittacamere,3 Stelle,1,10,4
2024,Provincia di Nuoro,Nuoro,Affittacamere,I Categoria,1,4,2
2024,Provincia di Nuoro,Nuoro,Affittacamere,II Categoria,14,79,41
2024,Provincia di Nuoro,Nuoro,Bed & Breakfast,1 Stella,7,26,14
2024,Provincia di Nuoro,Nuoro,Bed & Breakfast,2 Stelle,11,54,25
2024,Provincia di Nuoro,Nuoro,Bed & Breakfast,3 Stelle,5,20,9
2024,Provincia di Nuoro,Nuoro,Residence,I Categoria,1,55,15
2024,Provincia di Nuoro,Nuoro,Altri alloggi privati,,49,189,81
2024,Provincia di Oristano,Nurachi,Casa/App. vacanze,II Categoria,1,18,6
2024,Provincia di Oristano,Nurachi,Affittacamere,I Categoria,1,7,4
2024,Provincia di Oristano,Nurachi,Affittacamere,II Categoria,1,3,2
2024,Provincia di Oristano,Nurachi,Bed & Breakfast,2 Stelle,1,6,3
2024,Provincia di Oristano,Nurachi,Bed & Breakfast,3 Stelle,2,12,5
2024,Provincia di Oristano,Nurachi,Altri alloggi privati,,37,202,88
2024,Provincia del Sud Sardegna,Nuragus,Affittacamere,II Categoria,1,6,5
2024,Provincia del Sud Sardegna,Nuragus,Bed & Breakfast,1 Stella,1,3,2
2024,Provincia del Sud Sardegna,Nurallao,Agriturismo,,1,12,6
2024,Provincia del Sud Sardegna,Nurallao,Bed & Breakfast,3 Stelle,2,11,4
2024,Provincia del Sud Sardegna,Nuraminis,Albergo,2 Stelle,1,37,20
2024,Provincia di Oristano,Nureci,Bed & Breakfast,3 Stelle,1,8,3
2024,Provincia del Sud Sardegna,Nurri,Albergo,3 Stelle,1,20,10
2024,Provincia del Sud Sardegna,Nurri,Agriturismo,,1,6,3
2024,Provincia del Sud Sardegna,Nuxis,Affittacamere,1 Stella,1,6,3
2024,Provincia del Sud Sardegna,Nuxis,Bed & Breakfast,2 Stelle,1,5,3
2024,Provincia del Sud Sardegna,Nuxis,Altri alloggi privati,,3,14,6
2024,Provincia di Sassari,Olbia,Albergo,1 Stella,1,13,7
2024,Provincia di Sassari,Olbia,Albergo,2 Stelle,2,70,36
2024,Provincia di Sassari,Olbia,Albergo,3 Stelle,14,787,369
2024,Provincia di Sassari,Olbia,Albergo,4 Stelle,35,3777,1706
2024,Provincia di Sassari,Olbia,Albergo,5 Stelle,2,476,224
2024,Provincia di Sassari,Olbia,Residenza Turistico Alberghiera (R.T.A.),3 Stelle,4,975,243
2024,Provincia di Sassari,Olbia,Campeggio,1 Stella,1,36,9
2024,Provincia di Sassari,Olbia,Campeggio,3 Stelle,1,644,120
2024,Provincia di Sassari,Olbia,Agriturismo,,22,236,73
2024,Provincia di Sassari,Olbia,Casa/App. vacanze,1 Stella,2,49,26
2024,Provincia di Sassari,Olbia,Casa/App. vacanze,2 Stelle,2,12,7
2024,Provincia di Sassari,Olbia,Casa/App. vacanze,3 Stelle,2,61,31
2024,Provincia di Sassari,Olbia,Casa/App. vacanze,I Categoria,6,735,167
2024,Provincia di Sassari,Olbia,Casa/App. vacanze,II Categoria,34,917,410
2024,Provincia di Sassari,Olbia,Casa/App. vacanze,,20,338,141
2024,Provincia di Sassari,Olbia,Affittacamere,1 Stella,8,34,22
2024,Provincia di Sassari,Olbia,Affittacamere,2 Stelle,7,45,26
2024,Provincia di Sassari,Olbia,Affittacamere,3 Stelle,11,84,44
2024,Provincia di Sassari,Olbia,Affittacamere,I Categoria,16,119,66
2024,Provincia di Sassari,Olbia,Affittacamere,II Categoria,55,441,227
2024,Provincia di Sassari,Olbia,Affittacamere,III Categoria,11,70,37
2024,Provincia di Sassari,Olbia,Affittacamere,,36,290,134
2024,Provincia di Sassari,Olbia,Casa per ferie e ospitalità religiosa,,1,4,2
2024,Provincia di Sassari,Olbia,Bed & Breakfast,1 Stella,33,140,72
2024,Provincia di Sassari,Olbia,Bed & Breakfast,2 Stelle,27,128,62
2024,Provincia di Sassari,Olbia,Bed & Breakfast,3 Stelle,24,109,56
2024,Provincia di Sassari,Olbia,Bed & Breakfast,,7,27,14
2024,Provincia di Sassari,Olbia,Residence,II Categoria,1,141,70
2024,Provincia di Sassari,Olbia,Albergo diffuso,3 Stelle,1,23,9
2024,Provincia di Sassari,Olbia,Albergo diffuso,4 Stelle,3,14,7
2024,Provincia di Sassari,Olbia,Villaggio albergo,2 Stelle,1,130,0
2024,Provincia di Sassari,Olbia,Albergo Rurale,1 Stella,1,20,10
2024,Provincia di Sassari,Olbia,Albergo Rurale,3 Stelle,2,38,19
2024,Provincia di Sassari,Olbia,Albergo Rurale,4 Stelle,1,20,11
2024,Provincia di Sassari,Olbia,Albergo Rurale,5 Stelle,1,40,36
2024,Provincia di Sassari,Olbia,Altri alloggi privati,,73,357,152
2024,Provincia di Sassari,Olbia,Altri alloggi privati,1 Stella,1,2,2
2024,Provincia di Sassari,Olbia,Altri alloggi privati,,2723,13356,5283
2024,Provincia di Sassari,Olbia,Locanda,II Categoria,1,8,3
2024,Provincia di Sassari,Olbia,Locanda,,1,11,6
2024,Provincia di Sassari,Olbia,Boat & Breakfast,,1,3,1
2024,Provincia di Nuoro,Oliena,Albergo,3 Stelle,1,32,16
2024,Provincia di Nuoro,Oliena,Albergo,4 Stelle,1,134,67
2024,Provincia di Nuoro,Oliena,Agriturismo,,1,9,4
2024,Provincia di Nuoro,Oliena,Affittacamere,II Categoria,1,10,4
2024,Provincia di Nuoro,Oliena,Bed & Breakfast,1 Stella,2,6,4
2024,Provincia di Nuoro,Oliena,Bed & Breakfast,2 Stelle,6,34,16
2024,Provincia di Nuoro,Oliena,Bed & Breakfast,3 Stelle,5,34,14
2024,Provincia di Nuoro,Oliena,Altri alloggi privati,,1,8,4
2024,Provincia di Nuoro,Oliena,Altri alloggi privati,,33,138,60
2024,Provincia di Nuoro,Oliena,Locanda,II Categoria,1,13,6
2024,Provincia di Nuoro,Oliena,Locanda,,1,8,4
2024,Provincia di Oristano,Ollastra,Altri alloggi privati,,0,0,0
2024,Provincia di Nuoro,Ollolai,Agriturismo,,1,8,11
2024,Provincia di Nuoro,Ollolai,Affittacamere,3 Stelle,1,10,6
2024,Provincia di Nuoro,Ollolai,Bed & Breakfast,1 Stella,1,4,1
2024,Provincia di Nuoro,Ollolai,Bed & Breakfast,2 Stelle,1,3,2
2024,Provincia di Nuoro,Ollolai,Bed & Breakfast,3 Stelle,3,15,8
2024,Provincia di Sassari,Olmedo,Campeggio,1 Stella,1,63,30
2024,Provincia di Sassari,Olmedo,Agriturismo,,2,26,11
2024,Provincia di Sassari,Olmedo,Casa/App. vacanze,1 Stella,1,11,5
2024,Provincia di Sassari,Olmedo,Affittacamere,3 Stelle,1,4,2
2024,Provincia di Sassari,Olmedo,Affittacamere,II Categoria,1,5,3
2024,Provincia di Sassari,Olmedo,Bed & Breakfast,1 Stella,3,11,7
2024,Provincia di Sassari,Olmedo,Bed & Breakfast,2 Stelle,5,24,13
2024,Provincia di Sassari,Olmedo,Bed & Breakfast,3 Stelle,3,14,7
2024,Provincia di Sassari,Olmedo,Altri alloggi privati,,64,310,128
2024,Provincia di Nuoro,Onifai,Agriturismo,,1,17,0
2024,Provincia di Nuoro,Onifai,Affittacamere,II Categoria,1,12,6
2024,Provincia di Nuoro,Onifai,Altri alloggi privati,,10,57,26
2024,Provincia di Nuoro,Orani,Agriturismo,,1,13,7
2024,Provincia di Nuoro,Orani,Affittacamere,2 Stelle,1,3,2
2024,Provincia di Nuoro,Orani,Affittacamere,3 Stelle,1,8,4
2024,Provincia di Nuoro,Orani,Affittacamere,II Categoria,1,6,4
2024,Provincia di Nuoro,Orani,Bed & Breakfast,1 Stella,1,6,3
2024,Provincia di Nuoro,Orani,Altri alloggi privati,,4,12,6
2024,Provincia di Nuoro,Orani,Locanda,,1,10,5
2024,Provincia di Nuoro,Orgosolo,Albergo,2 Stelle,2,55,32
2024,Provincia di Nuoro,Orgosolo,Agriturismo,,3,22,11
2024,Provincia di Nuoro,Orgosolo,Affittacamere,1 Stella,1,4,2
2024,Provincia di Nuoro,Orgosolo,Affittacamere,I Categoria,1,11,4
2024,Provincia di Nuoro,Orgosolo,Affittacamere,II Categoria,4,28,15
2024,Provincia di Nuoro,Orgosolo,Bed & Breakfast,1 Stella,5,25,13
2024,Provincia di Nuoro,Orgosolo,Bed & Breakfast,2 Stelle,4,22,11
2024,Provincia di Nuoro,Orgosolo,Bed & Breakfast,3 Stelle,1,4,3
2024,Provincia di Nuoro,Orgosolo,Altri alloggi privati,,13,70,29
2024,Provincia di Nuoro,Orgosolo,Locanda,II Categoria,2,11,6
2024,Provincia di Oristano,Oristano,Albergo,2 Stelle,1,25,12
2024,Provincia di Oristano,Oristano,Albergo,3 Stelle,4,215,107
2024,Provincia di Oristano,Oristano,Albergo,4 Stelle,2,381,200
2024,Provincia di Oristano,Oristano,Ostello,III Categoria,1,138,69
2024,Provincia di Oristano,Oristano,Agriturismo,,3,36,18
2024,Provincia di Oristano,Oristano,Casa/App. vacanze,3 Stelle,1,8,3
2024,Provincia di Oristano,Oristano,Casa/App. vacanze,II Categoria,4,65,39
2024,Provincia di Oristano,Oristano,Affittacamere,2 Stelle,1,6,3
2024,Provincia di Oristano,Oristano,Affittacamere,3 Stelle,2,24,9
2024,Provincia di Oristano,Oristano,Affittacamere,I Categoria,1,17,6
2024,Provincia di Oristano,Oristano,Affittacamere,II Categoria,25,203,105
2024,Provincia di Oristano,Oristano,Villaggio turistico,4 Stelle,1,441,151
2024,Provincia di Oristano,Oristano,Casa per ferie e ospitalità religiosa,III Categoria,1,40,10
2024,Provincia di Oristano,Oristano,Bed & Breakfast,1 Stella,6,22,10
2024,Provincia di Oristano,Oristano,Bed & Breakfast,2 Stelle,4,19,9
2024,Provincia di Oristano,Oristano,Bed & Breakfast,3 Stelle,12,55,27
2024,Provincia di Oristano,Oristano,Residence,II Categoria,1,24,10
2024,Provincia di Oristano,Oristano,Albergo Rurale,4 Stelle,1,18,9
2024,Provincia di Oristano,Oristano,Altri alloggi privati,,6,31,13
2024,Provincia di Oristano,Oristano,Altri alloggi privati,1 Stella,1,7,2
2024,Provincia di Oristano,Oristano,Altri alloggi privati,,336,1396,617
2024,Provincia di Oristano,Oristano,Boat & Breakfast,,1,6,3
2024,Provincia di Nuoro,Orosei,Albergo,3 Stelle,9,355,175
2024,Provincia di Nuoro,Orosei,Albergo,4 Stelle,8,2263,1044
2024,Provincia di Nuoro,Orosei,Residenza Turistico Alberghiera (R.T.A.),3 Stelle,4,887,239
2024,Provincia di Nuoro,Orosei,Residenza Turistico Alberghiera (R.T.A.),4 Stelle,1,391,176
2024,Provincia di Nuoro,Orosei,Campeggio,1 Stella,1,394,88
2024,Provincia di Nuoro,Orosei,Campeggio,2 Stelle,1,340,82
2024,Provincia di Nuoro,Orosei,Campeggio,3 Stelle,2,1880,570
2024,Provincia di Nuoro,Orosei,Agriturismo,,9,151,67
2024,Provincia di Nuoro,Orosei,Casa/App. vacanze,1 Stella,8,75,38
2024,Provincia di Nuoro,Orosei,Casa/App. vacanze,2 Stelle,1,28,12
2024,Provincia di Nuoro,Orosei,Casa/App. vacanze,3 Stelle,3,81,38
2024,Provincia di Nuoro,Orosei,Casa/App. vacanze,II Categoria,22,374,158
2024,Provincia di Nuoro,Orosei,Casa/App. vacanze,III Categoria,2,6,4
2024,Provincia di Nuoro,Orosei,Casa/App. vacanze,,4,95,41
2024,Provincia di Nuoro,Orosei,Affittacamere,2 Stelle,2,28,11
2024,Provincia di Nuoro,Orosei,Affittacamere,I Categoria,3,35,17
2024,Provincia di Nuoro,Orosei,Affittacamere,II Categoria,9,76,37
2024,Provincia di Nuoro,Orosei,Bed & Breakfast,1 Stella,5,19,11
2024,Provincia di Nuoro,Orosei,Bed & Breakfast,2 Stelle,5,27,15
2024,Provincia di Nuoro,Orosei,Bed & Breakfast,3 Stelle,4,27,12
2024,Provincia di Nuoro,Orosei,Residence,II Categoria,2,261,94
2024,Provincia di Nuoro,Orosei,Albergo diffuso,4 Stelle,1,92,40
2024,Provincia di Nuoro,Orosei,Villaggio albergo,4 Stelle,2,872,391
2024,Provincia di Nuoro,Orosei,Albergo Rurale,3 Stelle,1,23,12
2024,Provincia di Nuoro,Orosei,Altri alloggi privati,,3,12,4
2024,Provincia di Nuoro,Orosei,Altri alloggi privati,,729,3475,1552
2024,Provincia di Nuoro,Orotelli,Agriturismo,,1,3,0
2024,Provincia di Nuoro,Orotelli,Affittacamere,II Categoria,1,6,3
2024,Provincia del Sud Sardegna,Orroli,Bed & Breakfast,2 Stelle,2,12,6
2024,Provincia del Sud Sardegna,Orroli,Bed & Breakfast,3 Stelle,1,4,3
2024,Provincia del Sud Sardegna,Orroli,Albergo diffuso,3 Stelle,1,23,11
2024,Provincia del Sud Sardegna,Orroli,Albergo Rurale,1 Stella,1,18,9
2024,Provincia del Sud Sardegna,Orroli,Albergo Rurale,2 Stelle,1,20,7
2024,Provincia del Sud Sardegna,Orroli,Altri alloggi privati,,3,16,8
2024,Provincia di Nuoro,Ortueri,Albergo,1 Stella,1,13,8
2024,Provincia di Nuoro,Ortueri,Agriturismo,,1,8,0
2024,Provincia di Nuoro,Ortueri,Bed & Breakfast,2 Stelle,1,4,3
2024,Provincia di Nuoro,Ortueri,Altri alloggi privati,,1,4,2
2024,Provincia di Nuoro,Orune,Agriturismo,,1,12,0
2024,Provincia di Nuoro,Orune,Altri alloggi privati,,1,4,2
2024,Provincia di Sassari,Oschiri,Affittacamere,I Categoria,1,7,3
2024,Provincia di Sassari,Oschiri,Bed & Breakfast,2 Stelle,1,5,3
2024,Provincia di Sassari,Oschiri,Bed & Breakfast,,1,8,3
2024,Provincia di Sassari,Oschiri,Albergo Rurale,2 Stelle,1,15,8
2024,Provincia di Sassari,Oschiri,Altri alloggi privati,,4,20,7
2024,Provincia di Nuoro,Osidda,Agriturismo,,2,18,4
2024,Provincia di Nuoro,Osidda,Bed & Breakfast,2 Stelle,1,8,3
2024,Provincia di Sassari,Osilo,Affittacamere,II Categoria,1,3,1
2024,Provincia di Sassari,Osilo,Affittacamere,,1,11,6
2024,Provincia di Sassari,Osilo,Altri alloggi privati,,10,60,28
2024,Provincia di Nuoro,Osini,Albergo,3 Stelle,2,38,22
2024,Provincia di Nuoro,Osini,Campeggio,2 Stelle,0,0,0
2024,Provincia di Nuoro,Osini,Agriturismo,,1,9,4
2024,Provincia di Nuoro,Osini,Bed & Breakfast,1 Stella,1,6,3
2024,Provincia di Nuoro,Osini,Bed & Breakfast,3 Stelle,1,2,1
2024,Provincia di Nuoro,Osini,Altri alloggi privati,,2,6,3
2024,Provincia di Sassari,Ossi,Agriturismo,,1,14,0
2024,Provincia di Sassari,Ossi,Affittacamere,II Categoria,1,4,1
2024,Provincia di Sassari,Ossi,Affittacamere,,2,15,6
2024,Provincia di Sassari,Ossi,Bed & Breakfast,3 Stelle,1,3,3
2024,Provincia di Sassari,Ossi,Altri alloggi privati,,7,27,12
2024,Provincia di Nuoro,Ottana,Albergo,2 Stelle,2,39,34
2024,Provincia di Nuoro,Ottana,Altri alloggi privati,,2,19,8
2024,Provincia di Nuoro,Ovodda,Agriturismo,,1,7,3
2024,Provincia di Nuoro,Ovodda,Bed & Breakfast,3 Stelle,1,6,3
2024,Provincia di Sassari,Ozieri,Albergo,3 Stelle,1,28,14
2024,Provincia di Sassari,Ozieri,Agriturismo,,2,14,0
2024,Provincia di Sassari,Ozieri,Casa/App. vacanze,II Categoria,1,12,3
2024,Provincia di Sassari,Ozieri,Affittacamere,III Categoria,1,13,6
2024,Provincia di Sassari,Ozieri,Bed & Breakfast,1 Stella,3,11,6
2024,Provincia di Sassari,Ozieri,Bed & Breakfast,2 Stelle,5,24,13
2024,Provincia di Sassari,Ozieri,Bed & Breakfast,3 Stelle,3,16,8
2024,Provincia di Sassari,Ozieri,Altri alloggi privati,,10,37,23
2024,Provincia del Sud Sardegna,Pabillonis,Agriturismo,,1,9,0
2024,Provincia del Sud Sardegna,Pabillonis,Affittacamere,II Categoria,1,2,1
2024,Provincia del Sud Sardegna,Pabillonis,Bed & Breakfast,1 Stella,1,5,2
2024,Provincia del Sud Sardegna,Pabillonis,Altri alloggi privati,,4,18,8
2024,Provincia di Sassari,Padria,Altri alloggi privati,,1,6,3
2024,Provincia di Sassari,Padru,Albergo,2 Stelle,1,18,9
2024,Provincia di Sassari,Padru,Agriturismo,,8,112,32
2024,Provincia di Sassari,Padru,Casa/App. vacanze,2 Stelle,1,19,9
2024,Provincia di Sassari,Padru,Bed & Breakfast,2 Stelle,1,6,3
2024,Provincia di Sassari,Padru,Altri alloggi privati,,18,75,36
2024,Provincia di Sassari,Palau,Albergo,3 Stelle,9,513,256
2024,Provincia di Sassari,Palau,Albergo,4 Stelle,5,1857,737
2024,Provincia di Sassari,Palau,Albergo,4 Stelle Superior,1,63,25
2024,Provincia di Sassari,Palau,Albergo,5 Stelle,1,131,65
2024,Provincia di Sassari,Palau,Residenza Turistico Alberghiera (R.T.A.),3 Stelle,3,852,260
2024,Provincia di Sassari,Palau,Campeggio,3 Stelle,4,3426,975
2024,Provincia di Sassari,Palau,Agriturismo,,1,12,8
2024,Provincia di Sassari,Palau,Casa/App. vacanze,1 Stella,1,12,5
2024,Provincia di Sassari,Palau,Casa/App. vacanze,I Categoria,3,115,41
2024,Provincia di Sassari,Palau,Casa/App. vacanze,II Categoria,13,930,165
2024,Provincia di Sassari,Palau,Casa/App. vacanze,III Categoria,1,62,27
2024,Provincia di Sassari,Palau,Casa/App. vacanze,,2,231,77
2024,Provincia di Sassari,Palau,Affittacamere,2 Stelle,1,6,3
2024,Provincia di Sassari,Palau,Affittacamere,I Categoria,5,32,17
2024,Provincia di Sassari,Palau,Affittacamere,II Categoria,5,36,17
2024,Provincia di Sassari,Palau,Bed & Breakfast,1 Stella,4,16,8
2024,Provincia di Sassari,Palau,Bed & Breakfast,2 Stelle,4,20,10
2024,Provincia di Sassari,Palau,Bed & Breakfast,3 Stelle,10,49,25
2024,Provincia di Sassari,Palau,Residence,II Categoria,2,277,70
2024,Provincia di Sassari,Palau,Albergo Rurale,2 Stelle,1,24,9
2024,Provincia di Sassari,Palau,Albergo Rurale,3 Stelle,1,16,8
2024,Provincia di Sassari,Palau,Altri alloggi privati,,11,55,23
2024,Provincia di Sassari,Palau,Altri alloggi privati,,844,4039,1579
2024,Provincia di Sassari,Palau,Locanda,I Categoria,1,13,6
2024,Provincia di Oristano,Palmas Arborea,Agriturismo,,2,24,5
2024,Provincia di Oristano,Palmas Arborea,Bed & Breakfast,1 Stella,1,4,2
2024,Provincia di Oristano,Palmas Arborea,Altri alloggi privati,,4,8,5
2024,Provincia di Sassari,Pattada,Albergo,3 Stelle,2,93,39
2024,Provincia di Sassari,Pattada,Agriturismo,,1,12,6
2024,Provincia di Sassari,Pattada,Altri alloggi privati,,1,4,1
2024,Provincia di Oristano,Pau,Altri alloggi privati,,2,9,5
2024,Provincia del Sud Sardegna,Pauli Arbarei,Agriturismo,,1,12,6
2024,Provincia del Sud Sardegna,Pauli Arbarei,Affittacamere,II Categoria,1,12,5
2024,Provincia del Sud Sardegna,Pauli Arbarei,Altri alloggi privati,,1,3,1
2024,Provincia di Oristano,Paulilatino,Affittacamere,II Categoria,2,16,9
2024,Provincia di Oristano,Paulilatino,Casa per ferie e ospitalità religiosa,III Categoria,1,7,4
2024,Provincia di Oristano,Paulilatino,Bed & Breakfast,2 Stelle,1,2,1
2024,Provincia di Oristano,Paulilatino,Albergo diffuso,3 Stelle,2,20,8
2024,Provincia di Oristano,Paulilatino,Altri alloggi privati,,7,29,12
2024,Provincia di Nuoro,Perdasdefogu,Bed & Breakfast,1 Stella,2,10,5
2024,Provincia di Nuoro,Perdasdefogu,Bed & Breakfast,2 Stelle,1,2,1
2024,Provincia del Sud Sardegna,Perdaxius,Agriturismo,,1,12,0
2024,Provincia del Sud Sardegna,Perdaxius,Altri alloggi privati,,5,23,5
2024,Provincia di Sassari,Perfugas,Albergo,2 Stelle,1,18,9
2024,Provincia di Sassari,Perfugas,Campeggio,1 Stella,1,12,5
2024,Provincia di Sassari,Perfugas,Agriturismo,,1,12,0
2024,Provincia di Sassari,Perfugas,Bed & Breakfast,1 Stella,1,5,3
2024,Provincia di Sassari,Perfugas,Bed & Breakfast,2 Stelle,1,6,3
2024,Provincia di Sassari,Perfugas,Bed & Breakfast,3 Stelle,1,6,3
2024,Provincia di Sassari,Perfugas,Altri alloggi privati,,5,24,8
2024,Provincia del Sud Sardegna,Pimentel,Altri alloggi privati,,4,18,9
2024,Provincia del Sud Sardegna,Piscinas,Affittacamere,II Categoria,2,15,7
2024,Provincia del Sud Sardegna,Piscinas,Affittacamere,III Categoria,1,10,5
2024,Provincia del Sud Sardegna,Piscinas,Bed & Breakfast,1 Stella,1,6,2
2024,Provincia del Sud Sardegna,Piscinas,Altri alloggi privati,,5,22,9
2024,Provincia di Sassari,Ploaghe,Affittacamere,,1,6,3
2024,Provincia di Sassari,Ploaghe,Bed & Breakfast,1 Stella,4,18,7
2024,Provincia di Sassari,Ploaghe,Bed & Breakfast,3 Stelle,2,14,6
2024,Provincia di Sassari,Ploaghe,Altri alloggi privati,,2,13,5
2024,Provincia di Oristano,Pompu,Affittacamere,III Categoria,1,7,4
2024,Provincia di Sassari,Porto Torres,Albergo,3 Stelle,1,50,22
2024,Provincia di Sassari,Porto Torres,Albergo,4 Stelle,1,87,36
2024,Provincia di Sassari,Porto Torres,Residenza Turistico Alberghiera (R.T.A.),3 Stelle,1,35,12
2024,Provincia di Sassari,Porto Torres,Ostello,III Categoria,0,0,0
2024,Provincia di Sassari,Porto Torres,Agriturismo,,2,30,14
2024,Provincia di Sassari,Porto Torres,Casa/App. vacanze,2 Stelle,2,61,24
2024,Provincia di Sassari,Porto Torres,Casa/App. vacanze,3 Stelle,1,10,5
2024,Provincia di Sassari,Porto Torres,Casa/App. vacanze,II Categoria,4,42,16
2024,Provincia di Sassari,Porto Torres,Affittacamere,2 Stelle,2,17,6
2024,Provincia di Sassari,Porto Torres,Affittacamere,I Categoria,3,22,12
2024,Provincia di Sassari,Porto Torres,Affittacamere,II Categoria,12,99,47
2024,Provincia di Sassari,Porto Torres,Affittacamere,III Categoria,1,6,3
2024,Provincia di Sassari,Porto Torres,Affittacamere,,7,53,29
2024,Provincia di Sassari,Porto Torres,Bed & Breakfast,1 Stella,1,6,3
2024,Provincia di Sassari,Porto Torres,Bed & Breakfast,2 Stelle,4,15,7
2024,Provincia di Sassari,Porto Torres,Bed & Breakfast,3 Stelle,5,22,10
2024,Provincia di Sassari,Porto Torres,Bed & Breakfast,,1,5,3
2024,Provincia di Sassari,Porto Torres,Residence,I Categoria,1,22,8
2024,Provincia di Sassari,Porto Torres,Altri alloggi privati,,7,31,12
2024,Provincia di Sassari,Porto Torres,Altri alloggi privati,,229,962,413
2024,Provincia di Sassari,Porto Torres,Bed & Breakfast,3 Stelle,1,5,3
2024,Provincia del Sud Sardegna,Portoscuso,Albergo,3 Stelle,2,115,55
2024,Provincia del Sud Sardegna,Portoscuso,Albergo,4 Stelle,2,104,47
2024,Provincia del Sud Sardegna,Portoscuso,Affittacamere,II Categoria,1,9,5
2024,Provincia del Sud Sardegna,Portoscuso,Bed & Breakfast,1 Stella,6,25,11
2024,Provincia del Sud Sardegna,Portoscuso,Bed & Breakfast,2 Stelle,2,10,4
2024,Provincia del Sud Sardegna,Portoscuso,Bed & Breakfast,3 Stelle,5,26,13
2024,Provincia del Sud Sardegna,Portoscuso,Altri alloggi privati,,118,471,197
2024,Provincia di Nuoro,Posada,Albergo,2 Stelle,2,43,21
2024,Provincia di Nuoro,Posada,Albergo,3 Stelle,3,96,51
2024,Provincia di Nuoro,Posada,Albergo,4 Stelle,2,111,54
2024,Provincia di Nuoro,Posada,Campeggio,2 Stelle,1,552,138
2024,Provincia di Nuoro,Posada,Agriturismo,,3,60,15
2024,Provincia di Nuoro,Posada,Casa/App. vacanze,1 Stella,1,13,5
2024,Provincia di Nuoro,Posada,Casa/App. vacanze,II Categoria,2,49,22
2024,Provincia di Nuoro,Posada,Affittacamere,1 Stella,1,5,3
2024,Provincia di Nuoro,Posada,Affittacamere,2 Stelle,3,14,8
2024,Provincia di Nuoro,Posada,Affittacamere,3 Stelle,1,11,6
2024,Provincia di Nuoro,Posada,Affittacamere,I Categoria,1,10,6
2024,Provincia di Nuoro,Posada,Affittacamere,II Categoria,15,108,54
2024,Provincia di Nuoro,Posada,Affittacamere,III Categoria,1,10,5
2024,Provincia di Nuoro,Posada,Bed & Breakfast,1 Stella,3,11,5
2024,Provincia di Nuoro,Posada,Bed & Breakfast,2 Stelle,6,26,13
2024,Provincia di Nuoro,Posada,Bed & Breakfast,3 Stelle,10,52,27
2024,Provincia di Nuoro,Posada,Albergo Rurale,4 Stelle,1,38,18
2024,Provincia di Nuoro,Posada,Altri alloggi privati,,2,7,4
2024,Provincia di Nuoro,Posada,Altri alloggi privati,,177,814,364
2024,Provincia di Sassari,Pozzomaggiore,Affittacamere,III Categoria,1,11,4
2024,Provincia di Sassari,Pozzomaggiore,Bed & Breakfast,1 Stella,2,11,5
2024,Provincia di Sassari,Pozzomaggiore,Bed & Breakfast,2 Stelle,3,17,7
2024,Provincia di Sassari,Pozzomaggiore,Bed & Breakfast,3 Stelle,1,6,3
2024,Provincia di Sassari,Pozzomaggiore,Altri alloggi privati,,5,29,13
2024,Città metropolitana di Cagliari,Pula,Albergo,3 Stelle,6,234,121
2024,Città metropolitana di Cagliari,Pula,Albergo,4 Stelle,15,2279,1033
2024,Città metropolitana di Cagliari,Pula,Albergo,4 Stelle Superior,1,156,72
2024,Città metropolitana di Cagliari,Pula,Albergo,5 Stelle,5,1124,475
2024,Città metropolitana di Cagliari,Pula,Residenza Turistico Alberghiera (R.T.A.),2 Stelle,2,89,36
2024,Città metropolitana di Cagliari,Pula,Residenza Turistico Alberghiera (R.T.A.),3 Stelle,5,252,76
2024,Città metropolitana di Cagliari,Pula,Residenza Turistico Alberghiera (R.T.A.),4 Stelle,1,173,45
2024,Città metropolitana di Cagliari,Pula,Ostello,III Categoria,1,83,21
2024,Città metropolitana di Cagliari,Pula,Campeggio,2 Stelle,2,1070,249
2024,Città metropolitana di Cagliari,Pula,Agriturismo,,2,17,9
2024,Città metropolitana di Cagliari,Pula,Casa/App. vacanze,I Categoria,1,27,17
2024,Città metropolitana di Cagliari,Pula,Casa/App. vacanze,II Categoria,4,676,166
2024,Città metropolitana di Cagliari,Pula,Affittacamere,3 Stelle,1,7,4
2024,Città metropolitana di Cagliari,Pula,Affittacamere,I Categoria,1,6,3
2024,Città metropolitana di Cagliari,Pula,Affittacamere,II Categoria,13,85,49
2024,Città metropolitana di Cagliari,Pula,Villaggio turistico,3 Stelle,1,399,100
2024,Città metropolitana di Cagliari,Pula,Bed & Breakfast,1 Stella,1,4,2
2024,Città metropolitana di Cagliari,Pula,Bed & Breakfast,2 Stelle,3,14,8
2024,Città metropolitana di Cagliari,Pula,Bed & Breakfast,3 Stelle,4,16,8
2024,Città metropolitana di Cagliari,Pula,Bed & Breakfast,,16,76,38
2024,Città metropolitana di Cagliari,Pula,Villaggio albergo,4 Stelle,1,198,87
2024,Città metropolitana di Cagliari,Pula,Albergo Rurale,1 Stella,1,13,7
2024,Città metropolitana di Cagliari,Pula,Albergo Rurale,3 Stelle,1,67,35
2024,Città metropolitana di Cagliari,Pula,Albergo Rurale,4 Stelle,1,20,14
2024,Città metropolitana di Cagliari,Pula,Altri alloggi privati,,20,116,49
2024,Città metropolitana di Cagliari,Pula,Altri alloggi privati,,788,4085,1881
2024,Provincia di Sassari,Putifigari,Affittacamere,II Categoria,1,10,6
2024,Provincia di Sassari,Putifigari,Bed & Breakfast,2 Stelle,1,4,2
2024,Provincia di Sassari,Putifigari,Altri alloggi privati,,8,45,19
2024,Città metropolitana di Cagliari,Quartu Sant'Elena,Albergo,1 Stella,1,18,13
2024,Città metropolitana di Cagliari,Quartu Sant'Elena,Albergo,2 Stelle,1,23,15
2024,Città metropolitana di Cagliari,Quartu Sant'Elena,Albergo,3 Stelle,2,41,22
2024,Città metropolitana di Cagliari,Quartu Sant'Elena,Albergo,4 Stelle,2,845,358
2024,Città metropolitana di Cagliari,Quartu Sant'Elena,Residenza Turistico Alberghiera (R.T.A.),3 Stelle,1,198,83
2024,Città metropolitana di Cagliari,Quartu Sant'Elena,Casa/App. vacanze,1 Stella,1,18,6
2024,Città metropolitana di Cagliari,Quartu Sant'Elena,Casa/App. vacanze,3 Stelle,1,5,3
2024,Città metropolitana di Cagliari,Quartu Sant'Elena,Casa/App. vacanze,II Categoria,4,107,44
2024,Città metropolitana di Cagliari,Quartu Sant'Elena,Affittacamere,1 Stella,3,21,11
2024,Città metropolitana di Cagliari,Quartu Sant'Elena,Affittacamere,3 Stelle,4,34,16
2024,Città metropolitana di Cagliari,Quartu Sant'Elena,Affittacamere,I Categoria,7,76,30
2024,Città metropolitana di Cagliari,Quartu Sant'Elena,Affittacamere,II Categoria,20,127,66
2024,Città metropolitana di Cagliari,Quartu Sant'Elena,Affittacamere,III Categoria,1,10,5
2024,Città metropolitana di Cagliari,Quartu Sant'Elena,Affittacamere,,1,5,3
2024,Città metropolitana di Cagliari,Quartu Sant'Elena,Villaggio turistico,3 Stelle,1,234,88
2024,Città metropolitana di Cagliari,Quartu Sant'Elena,Bed & Breakfast,1 Stella,8,28,18
2024,Città metropolitana di Cagliari,Quartu Sant'Elena,Bed & Breakfast,2 Stelle,3,11,6
2024,Città metropolitana di Cagliari,Quartu Sant'Elena,Bed & Breakfast,3 Stelle,10,58,27
2024,Città metropolitana di Cagliari,Quartu Sant'Elena,Bed & Breakfast,,17,82,42
2024,Città metropolitana di Cagliari,Quartu Sant'Elena,Residence,,1,81,30
2024,Città metropolitana di Cagliari,Quartu Sant'Elena,Albergo Rurale,3 Stelle,1,78,39
2024,Città metropolitana di Cagliari,Quartu Sant'Elena,Altri alloggi privati,,10,49,24
2024,Città metropolitana di Cagliari,Quartu Sant'Elena,Altri alloggi privati,,1127,5128,2252
2024,Città metropolitana di Cagliari,Quartucciu,Albergo,3 Stelle,2,83,42
2024,Città metropolitana di Cagliari,Quartucciu,Agriturismo,,2,14,8
2024,Città metropolitana di Cagliari,Quartucciu,Affittacamere,II Categoria,2,19,7
2024,Città metropolitana di Cagliari,Quartucciu,Affittacamere,III Categoria,1,9,3
2024,Città metropolitana di Cagliari,Quartucciu,Affittacamere,,1,17,5
2024,Città metropolitana di Cagliari,Quartucciu,Bed & Breakfast,2 Stelle,1,4,2
2024,Città metropolitana di Cagliari,Quartucciu,Bed & Breakfast,3 Stelle,2,11,6
2024,Città metropolitana di Cagliari,Quartucciu,Bed & Breakfast,,7,25,13
2024,Città metropolitana di Cagliari,Quartucciu,Altri alloggi privati,,4,32,15
2024,Città metropolitana di Cagliari,Quartucciu,Altri alloggi privati,,47,177,81
2024,Provincia di Oristano,Riola Sardo,Albergo,3 Stelle,1,17,7
2024,Provincia di Oristano,Riola Sardo,Agriturismo,,9,114,53
2024,Provincia di Oristano,Riola Sardo,Casa/App. vacanze,2 Stelle,1,13,4
2024,Provincia di Oristano,Riola Sardo,Casa/App. vacanze,II Categoria,1,23,7
2024,Provincia di Oristano,Riola Sardo,Affittacamere,II Categoria,3,41,18
2024,Provincia di Oristano,Riola Sardo,Affittacamere,III Categoria,1,6,4
2024,Provincia di Oristano,Riola Sardo,Bed & Breakfast,2 Stelle,1,7,3
2024,Provincia di Oristano,Riola Sardo,Bed & Breakfast,3 Stelle,2,9,6
2024,Provincia di Oristano,Riola Sardo,Altri alloggi privati,,38,172,77
2024,Provincia di Oristano,Ruinas,Altri alloggi privati,,4,18,7
2024,Provincia del Sud Sardegna,Sadali,Affittacamere,2 Stelle,1,12,5
2024,Provincia del Sud Sardegna,Sadali,Affittacamere,II Categoria,2,26,12
2024,Provincia del Sud Sardegna,Sadali,Altri alloggi privati,,3,15,7
2024,Provincia di Oristano,Sagama,Agriturismo,,1,22,7
2024,Provincia di Oristano,Sagama,Bed & Breakfast,1 Stella,1,5,2
2024,Provincia di Oristano,Sagama,Bed & Breakfast,2 Stelle,1,6,3
2024,Provincia del Sud Sardegna,Samassi,Altri alloggi privati,,4,23,5
2024,Provincia del Sud Sardegna,Samatzai,Altri alloggi privati,,1,4,2
2024,Provincia di Oristano,Samugheo,Agriturismo,Non definito,1,4,3
2024,Provincia di Oristano,Samugheo,Agriturismo,,2,37,0
2024,Provincia di Oristano,Samugheo,Affittacamere,II Categoria,1,9,6
2024,Provincia di Oristano,Samugheo,Bed & Breakfast,1 Stella,4,11,6
2024,Provincia di Oristano,Samugheo,Altri alloggi privati,,1,5,3
2024,Provincia del Sud Sardegna,San Basilio,Bed & Breakfast,,1,6,0
2024,Provincia del Sud Sardegna,San Gavino Monreale,Albergo,1 Stella,1,19,16
2024,Provincia del Sud Sardegna,San Gavino Monreale,Albergo,3 Stelle,1,13,10
2024,Provincia del Sud Sardegna,San Gavino Monreale,Affittacamere,1 Stella,1,5,3
2024,Provincia del Sud Sardegna,San Gavino Monreale,Bed & Breakfast,1 Stella,2,6,4
2024,Provincia del Sud Sardegna,San Gavino Monreale,Bed & Breakfast,3 Stelle,1,4,2
2024,Provincia del Sud Sardegna,San Gavino Monreale,Altri alloggi privati,,1,6,4
2024,Provincia del Sud Sardegna,San Giovanni Suergiu,Albergo,3 Stelle,1,20,12
2024,Provincia del Sud Sardegna,San Giovanni Suergiu,Agriturismo,,3,28,9
2024,Provincia del Sud Sardegna,San Giovanni Suergiu,Casa/App. vacanze,2 Stelle,1,23,9
2024,Provincia del Sud Sardegna,San Giovanni Suergiu,Casa/App. vacanze,3 Stelle,1,15,6
2024,Provincia del Sud Sardegna,San Giovanni Suergiu,Casa/App. vacanze,II Categoria,1,9,4
2024,Provincia del Sud Sardegna,San Giovanni Suergiu,Casa/App. vacanze,III Categoria,2,37,18
2024,Provincia del Sud Sardegna,San Giovanni Suergiu,Bed & Breakfast,1 Stella,5,16,9
2024,Provincia del Sud Sardegna,San Giovanni Suergiu,Bed & Breakfast,3 Stelle,1,10,3
2024,Provincia del Sud Sardegna,San Giovanni Suergiu,Altri alloggi privati,,1,4,2
2024,Provincia del Sud Sardegna,San Giovanni Suergiu,Altri alloggi privati,,57,248,115
2024,Provincia di Oristano,San Nicolò D'Arcidano,Agriturismo,,1,10,5
2024,Provincia di Oristano,San Nicolò D'Arcidano,Bed & Breakfast,1 Stella,1,4,3
2024,Provincia di Oristano,San Nicolò D'Arcidano,Altri alloggi privati,,6,25,11
2024,Provincia del Sud Sardegna,San Nicolò Gerrei,Agriturismo,,1,6,0
2024,Provincia del Sud Sardegna,San Nicolò Gerrei,Bed & Breakfast,1 Stella,0,0,0
2024,Provincia del Sud Sardegna,San Sperate,Albergo,3 Stelle,1,23,15
2024,Provincia del Sud Sardegna,San Sperate,Agriturismo,,1,0,0
2024,Provincia del Sud Sardegna,San Sperate,Bed & Breakfast,2 Stelle,1,7,3
2024,Provincia del Sud Sardegna,San Sperate,Bed & Breakfast,3 Stelle,3,11,6
2024,Provincia del Sud Sardegna,San Sperate,Altri alloggi privati,,17,65,30
2024,Provincia di Sassari,San Teodoro,Albergo,2 Stelle,1,25,15
2024,Provincia di Sassari,San Teodoro,Albergo,3 Stelle,14,878,493
2024,Provincia di Sassari,San Teodoro,Albergo,4 Stelle,4,878,394
2024,Provincia di Sassari,San Teodoro,Albergo,5 Stelle,2,434,176
2024,Provincia di Sassari,San Teodoro,Albergo,5 Stelle Lusso,1,292,100
2024,Provincia di Sassari,San Teodoro,Residenza Turistico Alberghiera (R.T.A.),3 Stelle,2,755,225
2024,Provincia di Sassari,San Teodoro,Residenza Turistico Alberghiera (R.T.A.),4 Stelle,2,976,315
2024,Provincia di Sassari,San Teodoro,Campeggio,3 Stelle,3,1770,596
2024,Provincia di Sassari,San Teodoro,Agriturismo,,3,65,19
2024,Provincia di Sassari,San Teodoro,Casa/App. vacanze,1 Stella,1,15,6
2024,Provincia di Sassari,San Teodoro,Casa/App. vacanze,2 Stelle,4,142,62
2024,Provincia di Sassari,San Teodoro,Casa/App. vacanze,3 Stelle,1,54,36
2024,Provincia di Sassari,San Teodoro,Casa/App. vacanze,I Categoria,10,646,108
2024,Provincia di Sassari,San Teodoro,Casa/App. vacanze,II Categoria,37,2166,679
2024,Provincia di Sassari,San Teodoro,Casa/App. vacanze,III Categoria,2,22,13
2024,Provincia di Sassari,San Teodoro,Casa/App. vacanze,,12,196,83
2024,Provincia di Sassari,San Teodoro,Affittacamere,1 Stella,1,1,1
2024,Provincia di Sassari,San Teodoro,Affittacamere,2 Stelle,3,26,12
2024,Provincia di Sassari,San Teodoro,Affittacamere,3 Stelle,1,7,5
2024,Provincia di Sassari,San Teodoro,Affittacamere,I Categoria,11,99,47
2024,Provincia di Sassari,San Teodoro,Affittacamere,II Categoria,36,365,127
2024,Provincia di Sassari,San Teodoro,Affittacamere,III Categoria,2,24,11
2024,Provincia di Sassari,San Teodoro,Affittacamere,,20,163,71
2024,Provincia di Sassari,San Teodoro,Bed & Breakfast,1 Stella,6,18,10
2024,Provincia di Sassari,San Teodoro,Bed & Breakfast,2 Stelle,8,41,20
2024,Provincia di Sassari,San Teodoro,Bed & Breakfast,3 Stelle,26,155,68
2024,Provincia di Sassari,San Teodoro,Bed & Breakfast,,1,6,3
2024,Provincia di Sassari,San Teodoro,Residence,II Categoria,1,24,7
2024,Provincia di Sassari,San Teodoro,Residence,III Categoria,1,57,0
2024,Provincia di Sassari,San Teodoro,Villaggio albergo,4 Stelle,2,648,237
2024,Provincia di Sassari,San Teodoro,Albergo Rurale,3 Stelle,1,23,11
2024,Provincia di Sassari,San Teodoro,Altri alloggi privati,,32,175,76
2024,Provincia di Sassari,San Teodoro,Altri alloggi privati,,1502,7588,3041
2024,Provincia di Oristano,San Vero Milis,Albergo,3 Stelle,1,18,9
2024,Provincia di Oristano,San Vero Milis,Albergo,4 Stelle,2,102,47
2024,Provincia di Oristano,San Vero Milis,Residenza Turistico Alberghiera (R.T.A.),2 Stelle,1,20,11
2024,Provincia di Oristano,San Vero Milis,Agriturismo,,9,134,56
2024,Provincia di Oristano,San Vero Milis,Casa/App. vacanze,II Categoria,0,0,0
2024,Provincia di Oristano,San Vero Milis,Affittacamere,1 Stella,1,3,3
2024,Provincia di Oristano,San Vero Milis,Bed & Breakfast,1 Stella,2,6,5
2024,Provincia di Oristano,San Vero Milis,Bed & Breakfast,2 Stelle,1,5,3
2024,Provincia di Oristano,San Vero Milis,Bed & Breakfast,3 Stelle,3,14,7
2024,Provincia di Oristano,San Vero Milis,Altri alloggi privati,,3,22,9
2024,Provincia di Oristano,San Vero Milis,Altri alloggi privati,,192,961,441
2024,Provincia del Sud Sardegna,San Vito,Albergo,2 Stelle,0,0,0
2024,Provincia del Sud Sardegna,San Vito,Agriturismo,,1,19,5
2024,Provincia del Sud Sardegna,San Vito,Casa/App. vacanze,,1,7,4
2024,Provincia del Sud Sardegna,San Vito,Affittacamere,I Categoria,2,17,10
2024,Provincia del Sud Sardegna,San Vito,Bed & Breakfast,1 Stella,1,4,2
2024,Provincia del Sud Sardegna,San Vito,Bed & Breakfast,2 Stelle,1,2,1
2024,Provincia del Sud Sardegna,San Vito,Bed & Breakfast,3 Stelle,7,40,19
2024,Provincia del Sud Sardegna,San Vito,Altri alloggi privati,,34,162,76
2024,Provincia del Sud Sardegna,Sanluri,Albergo,3 Stelle,1,19,11
2024,Provincia del Sud Sardegna,Sanluri,Agriturismo,,1,5,5
2024,Provincia del Sud Sardegna,Sanluri,Affittacamere,2 Stelle,1,6,4
2024,Provincia del Sud Sardegna,Sanluri,Affittacamere,II Categoria,1,4,3
2024,Provincia del Sud Sardegna,Sanluri,Altri alloggi privati,,7,24,11
2024,Provincia del Sud Sardegna,Sant'Andrea Frius,Altri alloggi privati,,1,2,1
2024,Provincia del Sud Sardegna,Sant'Anna Arresi,Albergo,3 Stelle,4,193,101
2024,Provincia del Sud Sardegna,Sant'Anna Arresi,Albergo,4 Stelle,2,427,201
2024,Provincia del Sud Sardegna,Sant'Anna Arresi,Campeggio,1 Stella,0,0,0
2024,Provincia del Sud Sardegna,Sant'Anna Arresi,Agriturismo,,1,12,0
2024,Provincia del Sud Sardegna,Sant'Anna Arresi,Casa/App. vacanze,I Categoria,1,12,6
2024,Provincia del Sud Sardegna,Sant'Anna Arresi,Casa/App. vacanze,II Categoria,2,54,18
2024,Provincia del Sud Sardegna,Sant'Anna Arresi,Affittacamere,2 Stelle,1,3,1
2024,Provincia del Sud Sardegna,Sant'Anna Arresi,Affittacamere,II Categoria,6,49,22
2024,Provincia del Sud Sardegna,Sant'Anna Arresi,Bed & Breakfast,1 Stella,2,10,5
2024,Provincia del Sud Sardegna,Sant'Anna Arresi,Bed & Breakfast,2 Stelle,4,20,11
2024,Provincia del Sud Sardegna,Sant'Anna Arresi,Bed & Breakfast,3 Stelle,4,18,9
2024,Provincia del Sud Sardegna,Sant'Anna Arresi,Altri alloggi privati,,10,40,18
2024,Provincia del Sud Sardegna,Sant'Anna Arresi,Altri alloggi privati,,257,1252,512
2024,Provincia del Sud Sardegna,Sant'Anna Arresi,Locanda,I Categoria,1,10,6
2024,Provincia del Sud Sardegna,Sant'Antioco,Albergo,2 Stelle,1,25,15
2024,Provincia del Sud Sardegna,Sant'Antioco,Albergo,3 Stelle,4,112,57
2024,Provincia del Sud Sardegna,Sant'Antioco,Albergo,4 Stelle,2,139,69
2024,Provincia del Sud Sardegna,Sant'Antioco,Ostello,,1,89,32
2024,Provincia del Sud Sardegna,Sant'Antioco,Campeggio,3 Stelle,1,708,176
2024,Provincia del Sud Sardegna,Sant'Antioco,Agriturismo,,3,70,25
2024,Provincia del Sud Sardegna,Sant'Antioco,Casa/App. vacanze,II Categoria,6,181,97
2024,Provincia del Sud Sardegna,Sant'Antioco,Affittacamere,2 Stelle,1,11,6
2024,Provincia del Sud Sardegna,Sant'Antioco,Affittacamere,I Categoria,1,12,6
2024,Provincia del Sud Sardegna,Sant'Antioco,Affittacamere,II Categoria,10,62,34
2024,Provincia del Sud Sardegna,Sant'Antioco,Affittacamere,III Categoria,1,5,3
2024,Provincia del Sud Sardegna,Sant'Antioco,Bed & Breakfast,1 Stella,6,30,14
2024,Provincia del Sud Sardegna,Sant'Antioco,Bed & Breakfast,2 Stelle,10,44,20
2024,Provincia del Sud Sardegna,Sant'Antioco,Bed & Breakfast,3 Stelle,17,98,46
2024,Provincia del Sud Sardegna,Sant'Antioco,Albergo Rurale,4 Stelle,1,20,10
2024,Provincia del Sud Sardegna,Sant'Antioco,Altri alloggi privati,,4,26,10
2024,Provincia del Sud Sardegna,Sant'Antioco,Altri alloggi privati,,459,1990,862
2024,Provincia del Sud Sardegna,Sant'Antioco,Locanda,III Categoria,1,7,4
2024,Provincia di Sassari,Sant'Antonio Di Gallura,Albergo,3 Stelle,1,30,15
2024,Provincia di Sassari,Sant'Antonio Di Gallura,Albergo,4 Stelle,2,60,36
2024,Provincia di Sassari,Sant'Antonio Di Gallura,Agriturismo,,1,10,0
2024,Provincia di Sassari,Sant'Antonio Di Gallura,Bed & Breakfast,2 Stelle,1,9,3
2024,Provincia di Sassari,Sant'Antonio Di Gallura,Bed & Breakfast,,1,6,3
2024,Provincia di Sassari,Sant'Antonio Di Gallura,Altri alloggi privati,,20,96,42
2024,Provincia di Sassari,Sant'Antonio Di Gallura,Locanda,II Categoria,1,8,3
2024,Provincia di Oristano,Santa Giusta,Bed & Breakfast,1 Stella,1,3,2
2024,Provincia di Oristano,Santa Giusta,Bed & Breakfast,2 Stelle,1,7,2
2024,Provincia di Oristano,Santa Giusta,Altri alloggi privati,,15,64,29
2024,Provincia di Sassari,Santa Maria Coghinas,Albergo,4 Stelle,1,96,36
2024,Provincia di Sassari,Santa Maria Coghinas,Agriturismo,,2,30,14
2024,Provincia di Sassari,Santa Maria Coghinas,Casa/App. vacanze,3 Stelle,1,36,12
2024,Provincia di Sassari,Santa Maria Coghinas,Casa/App. vacanze,II Categoria,2,68,26
2024,Provincia di Sassari,Santa Maria Coghinas,Bed & Breakfast,3 Stelle,3,20,8
2024,Provincia di Sassari,Santa Maria Coghinas,Altri alloggi privati,,1,6,2
2024,Provincia di Sassari,Santa Maria Coghinas,Altri alloggi privati,,32,133,57
2024,Provincia di Sassari,Santa Teresa Gallura,Albergo,2 Stelle,2,282,139
2024,Provincia di Sassari,Santa Teresa Gallura,Albergo,3 Stelle,17,3086,906
2024,Provincia di Sassari,Santa Teresa Gallura,Albergo,4 Stelle,6,581,272
2024,Provincia di Sassari,Santa Teresa Gallura,Albergo,4 Stelle Superior,1,184,84
2024,Provincia di Sassari,Santa Teresa Gallura,Albergo,5 Stelle,4,1077,519
2024,Provincia di Sassari,Santa Teresa Gallura,Residenza Turistico Alberghiera (R.T.A.),4 Stelle,1,216,52
2024,Provincia di Sassari,Santa Teresa Gallura,Campeggio,3 Stelle,3,1324,461
2024,Provincia di Sassari,Santa Teresa Gallura,Agriturismo,,9,71,15
2024,Provincia di Sassari,Santa Teresa Gallura,Casa/App. vacanze,1 Stella,1,57,19
2024,Provincia di Sassari,Santa Teresa Gallura,Casa/App. vacanze,2 Stelle,1,32,23
2024,Provincia di Sassari,Santa Teresa Gallura,Casa/App. vacanze,3 Stelle,2,104,47
2024,Provincia di Sassari,Santa Teresa Gallura,Casa/App. vacanze,I Categoria,3,98,45
2024,Provincia di Sassari,Santa Teresa Gallura,Casa/App. vacanze,II Categoria,14,352,151
2024,Provincia di Sassari,Santa Teresa Gallura,Casa/App. vacanze,III Categoria,1,60,180
2024,Provincia di Sassari,Santa Teresa Gallura,Casa/App. vacanze,,6,114,32
2024,Provincia di Sassari,Santa Teresa Gallura,Affittacamere,2 Stelle,3,22,13
2024,Provincia di Sassari,Santa Teresa Gallura,Affittacamere,3 Stelle,2,18,4
2024,Provincia di Sassari,Santa Teresa Gallura,Affittacamere,I Categoria,7,54,29
2024,Provincia di Sassari,Santa Teresa Gallura,Affittacamere,II Categoria,21,174,85
2024,Provincia di Sassari,Santa Teresa Gallura,Affittacamere,III Categoria,1,6,3
2024,Provincia di Sassari,Santa Teresa Gallura,Affittacamere,,6,60,26
2024,Provincia di Sassari,Santa Teresa Gallura,Bed & Breakfast,1 Stella,5,24,12
2024,Provincia di Sassari,Santa Teresa Gallura,Bed & Breakfast,2 Stelle,9,53,22
2024,Provincia di Sassari,Santa Teresa Gallura,Bed & Breakfast,3 Stelle,13,64,32
2024,Provincia di Sassari,Santa Teresa Gallura,Bed & Breakfast,,5,18,10
2024,Provincia di Sassari,Santa Teresa Gallura,Residence,II Categoria,3,336,100
2024,Provincia di Sassari,Santa Teresa Gallura,Villaggio albergo,5 Stelle,1,280,123
2024,Provincia di Sassari,Santa Teresa Gallura,Albergo Rurale,3 Stelle,1,12,8
2024,Provincia di Sassari,Santa Teresa Gallura,Altri alloggi privati,,18,89,34
2024,Provincia di Sassari,Santa Teresa Gallura,Altri alloggi privati,2 Stelle,1,10,3
2024,Provincia di Sassari,Santa Teresa Gallura,Altri alloggi privati,,892,4068,1562
2024,Provincia di Sassari,Santa Teresa Gallura,Locanda,II Categoria,1,6,3
2024,Provincia di Sassari,Santa Teresa Gallura,Boat & Breakfast,,1,6,3
2024,Provincia di Sassari,Santa Teresa Gallura,Casa/App. vacanze,,1,0,29
2024,Provincia del Sud Sardegna,Santadi,Albergo,4 Stelle,1,33,11
2024,Provincia del Sud Sardegna,Santadi,Agriturismo,,1,20,5
2024,Provincia del Sud Sardegna,Santadi,Bed & Breakfast,2 Stelle,1,6,2
2024,Provincia del Sud Sardegna,Santadi,Bed & Breakfast,3 Stelle,1,7,3
2024,Provincia del Sud Sardegna,Santadi,Altri alloggi privati,,12,53,25
2024,Provincia di Oristano,Santu Lussurgiu,Albergo,2 Stelle,1,22,12
2024,Provincia di Oristano,Santu Lussurgiu,Agriturismo,,3,33,10
2024,Provincia di Oristano,Santu Lussurgiu,Casa/App. vacanze,II Categoria,2,13,7
2024,Provincia di Oristano,Santu Lussurgiu,Affittacamere,1 Stella,1,8,4
2024,Provincia di Oristano,Santu Lussurgiu,Affittacamere,II Categoria,1,5,3
2024,Provincia di Oristano,Santu Lussurgiu,Bed & Breakfast,1 Stella,1,2,2
2024,Provincia di Oristano,Santu Lussurgiu,Bed & Breakfast,2 Stelle,3,14,9
2024,Provincia di Oristano,Santu Lussurgiu,Bed & Breakfast,3 Stelle,2,8,4
2024,Provincia di Oristano,Santu Lussurgiu,Albergo diffuso,3 Stelle,4,67,28
2024,Provincia di Oristano,Santu Lussurgiu,Altri alloggi privati,,16,87,45
2024,Provincia del Sud Sardegna,Sardara,Albergo,2 Stelle,2,59,28
2024,Provincia del Sud Sardegna,Sardara,Albergo,3 Stelle,1,170,83
2024,Provincia del Sud Sardegna,Sardara,Albergo,4 Stelle,1,102,51
2024,Provincia del Sud Sardegna,Sardara,Agriturismo,,1,19,0
2024,Provincia del Sud Sardegna,Sardara,Bed & Breakfast,1 Stella,2,10,6
2024,Provincia del Sud Sardegna,Sardara,Bed & Breakfast,3 Stelle,5,21,9
2024,Provincia del Sud Sardegna,Sardara,Bed & Breakfast,,1,4,1
2024,Provincia del Sud Sardegna,Sardara,Altri alloggi privati,,2,8,4
2024,Città metropolitana di Cagliari,Sarroch,Albergo,1 Stella,1,25,14
2024,Città metropolitana di Cagliari,Sarroch,Albergo,2 Stelle,1,24,15
2024,Città metropolitana di Cagliari,Sarroch,Agriturismo,,1,9,0
2024,Città metropolitana di Cagliari,Sarroch,Affittacamere,III Categoria,1,10,5
2024,Città metropolitana di Cagliari,Sarroch,Bed & Breakfast,1 Stella,4,21,9
2024,Città metropolitana di Cagliari,Sarroch,Bed & Breakfast,2 Stelle,1,2,1
2024,Città metropolitana di Cagliari,Sarroch,Bed & Breakfast,3 Stelle,1,6,3
2024,Città metropolitana di Cagliari,Sarroch,Bed & Breakfast,,2,11,6
2024,Città metropolitana di Cagliari,Sarroch,Altri alloggi privati,,3,22,12
2024,Città metropolitana di Cagliari,Sarroch,Altri alloggi privati,,118,649,299
2024,Provincia di Nuoro,Sarule,Bed & Breakfast,1 Stella,1,6,3
2024,Provincia di Nuoro,Sarule,Bed & Breakfast,2 Stelle,1,6,3
2024,Provincia di Nuoro,Sarule,Altri alloggi privati,,1,2,1
2024,Provincia di Sassari,Sassari,Albergo,3 Stelle,3,587,267
2024,Provincia di Sassari,Sassari,Albergo,4 Stelle,3,431,269
2024,Provincia di Sassari,Sassari,Agriturismo,,16,191,59
2024,Provincia di Sassari,Sassari,Casa/App. vacanze,1 Stella,2,27,10
2024,Provincia di Sassari,Sassari,Casa/App. vacanze,I Categoria,5,17,7
2024,Provincia di Sassari,Sassari,Casa/App. vacanze,II Categoria,5,33,14
2024,Provincia di Sassari,Sassari,Casa/App. vacanze,III Categoria,1,43,12
2024,Provincia di Sassari,Sassari,Affittacamere,1 Stella,2,12,7
2024,Provincia di Sassari,Sassari,Affittacamere,2 Stelle,5,28,12
2024,Provincia di Sassari,Sassari,Affittacamere,3 Stelle,3,13,9
2024,Provincia di Sassari,Sassari,Affittacamere,I Categoria,7,63,27
2024,Provincia di Sassari,Sassari,Affittacamere,II Categoria,24,187,90
2024,Provincia di Sassari,Sassari,Affittacamere,III Categoria,2,12,6
2024,Provincia di Sassari,Sassari,Affittacamere,,8,64,31
2024,Provincia di Sassari,Sassari,Casa per ferie e ospitalità religiosa,III Categoria,1,11,9
2024,Provincia di Sassari,Sassari,Bed & Breakfast,1 Stella,15,65,34
2024,Provincia di Sassari,Sassari,Bed & Breakfast,2 Stelle,24,102,51
2024,Provincia di Sassari,Sassari,Bed & Breakfast,3 Stelle,13,87,35
2024,Provincia di Sassari,Sassari,Bed & Breakfast,,5,22,14
2024,Provincia di Sassari,Sassari,Residence,III Categoria,1,20,9
2024,Provincia di Sassari,Sassari,Altri alloggi privati,,13,54,25
2024,Provincia di Sassari,Sassari,Altri alloggi privati,,410,1790,773
2024,Provincia di Oristano,Scano Di Montiferro,Agriturismo,,1,15,0
2024,Provincia di Oristano,Scano Di Montiferro,Affittacamere,I Categoria,1,5,3
2024,Provincia di Oristano,Scano Di Montiferro,Bed & Breakfast,3 Stelle,1,6,3
2024,Provincia di Oristano,Scano Di Montiferro,Altri alloggi privati,,27,141,70
2024,Provincia di Oristano,Sedilo,Agriturismo,,2,10,2
2024,Provincia di Oristano,Sedilo,Affittacamere,1 Stella,3,12,6
2024,Provincia di Oristano,Sedilo,Affittacamere,II Categoria,2,13,6
2024,Provincia di Oristano,Sedilo,Bed & Breakfast,1 Stella,1,4,2
2024,Provincia di Oristano,Sedilo,Bed & Breakfast,3 Stelle,1,4,1
2024,Provincia di Oristano,Sedilo,Altri alloggi privati,,1,6,1
2024,Provincia di Sassari,Sedini,Agriturismo,,1,18,0
2024,Provincia di Sassari,Sedini,Bed & Breakfast,1 Stella,1,6,3
2024,Provincia di Sassari,Sedini,Bed & Breakfast,2 Stelle,1,9,3
2024,Provincia di Sassari,Sedini,Altri alloggi privati,,8,48,22
2024,Città metropolitana di Cagliari,Selargius,Albergo,3 Stelle,1,147,87
2024,Città metropolitana di Cagliari,Selargius,Affittacamere,II Categoria,4,20,12
2024,Città metropolitana di Cagliari,Selargius,Bed & Breakfast,1 Stella,2,8,4
2024,Città metropolitana di Cagliari,Selargius,Bed & Breakfast,3 Stelle,2,5,3
2024,Città metropolitana di Cagliari,Selargius,Bed & Breakfast,,6,21,13
2024,Città metropolitana di Cagliari,Selargius,Altri alloggi privati,,64,240,104
2024,Provincia del Sud Sardegna,Selegas,Agriturismo,,1,6,0
2024,Provincia del Sud Sardegna,Selegas,Bed & Breakfast,3 Stelle,1,8,3
2024,Provincia di Oristano,Seneghe,Casa/App. vacanze,2 Stelle,3,11,5
2024,Provincia di Oristano,Seneghe,Affittacamere,2 Stelle,1,6,3
2024,Provincia di Oristano,Seneghe,Bed & Breakfast,1 Stella,1,6,3
2024,Provincia di Oristano,Seneghe,Bed & Breakfast,2 Stelle,1,4,2
2024,Provincia di Oristano,Seneghe,Bed & Breakfast,3 Stelle,1,6,3
2024,Provincia di Oristano,Seneghe,Altri alloggi privati,,10,55,25
2024,Provincia di Oristano,Sennariolo,Agriturismo,,1,20,8
2024,Provincia di Oristano,Sennariolo,Bed & Breakfast,2 Stelle,1,6,3
2024,Provincia di Oristano,Sennariolo,Altri alloggi privati,,4,28,13
2024,Provincia di Oristano,Sennariolo,Locanda,II Categoria,1,12,6
2024,Provincia di Sassari,Sennori,Albergo,2 Stelle,1,17,9
2024,Provincia di Sassari,Sennori,Bed & Breakfast,2 Stelle,3,19,7
2024,Provincia di Sassari,Sennori,Altri alloggi privati,,28,128,55
2024,Provincia del Sud Sardegna,Senorbì,Albergo,3 Stelle,1,24,12
2024,Provincia del Sud Sardegna,Senorbì,Agriturismo,,1,4,0
2024,Provincia del Sud Sardegna,Senorbì,Affittacamere,II Categoria,1,12,6
2024,Provincia del Sud Sardegna,Senorbì,Affittacamere,,0,0,0
2024,Provincia del Sud Sardegna,Senorbì,Bed & Breakfast,1 Stella,1,5,2
2024,Provincia del Sud Sardegna,Senorbì,Bed & Breakfast,2 Stelle,1,3,2
2024,Provincia del Sud Sardegna,Senorbì,Altri alloggi privati,,9,38,19
2024,Provincia del Sud Sardegna,Serdiana,Agriturismo,,1,10,0
2024,Provincia del Sud Sardegna,Serdiana,Bed & Breakfast,2 Stelle,1,6,3
2024,Provincia del Sud Sardegna,Serdiana,Altri alloggi privati,,3,13,5
2024,Provincia del Sud Sardegna,Serramanna,Bed & Breakfast,2 Stelle,1,2,2
2024,Provincia del Sud Sardegna,Serramanna,Altri alloggi privati,,7,28,14
2024,Provincia del Sud Sardegna,Serrenti,Albergo,2 Stelle,1,18,11
2024,Provincia del Sud Sardegna,Serrenti,Bed & Breakfast,1 Stella,1,3,2
2024,Provincia del Sud Sardegna,Serri,Agriturismo,,1,6,4
2024,Provincia del Sud Sardegna,Serri,Affittacamere,II Categoria,1,8,4
2024,Provincia del Sud Sardegna,Serri,Bed & Breakfast,2 Stelle,1,4,3
2024,Provincia del Sud Sardegna,Serri,Altri alloggi privati,,1,10,4
2024,Città metropolitana di Cagliari,Sestu,Agriturismo,,1,16,8
2024,Città metropolitana di Cagliari,Sestu,Casa/App. vacanze,II Categoria,1,12,4
2024,Città metropolitana di Cagliari,Sestu,Affittacamere,1 Stella,1,12,5
2024,Città metropolitana di Cagliari,Sestu,Affittacamere,2 Stelle,3,13,10
2024,Città metropolitana di Cagliari,Sestu,Affittacamere,II Categoria,1,9,4
2024,Città metropolitana di Cagliari,Sestu,Affittacamere,III Categoria,1,8,4
2024,Città metropolitana di Cagliari,Sestu,Bed & Breakfast,1 Stella,2,15,5
2024,Città metropolitana di Cagliari,Sestu,Bed & Breakfast,2 Stelle,2,10,5
2024,Città metropolitana di Cagliari,Sestu,Bed & Breakfast,3 Stelle,2,9,6
2024,Città metropolitana di Cagliari,Sestu,Altri alloggi privati,,43,150,78
2024,Città metropolitana di Cagliari,Settimo San Pietro,Albergo,2 Stelle,1,20,7
2024,Città metropolitana di Cagliari,Settimo San Pietro,Bed & Breakfast,2 Stelle,1,3,1
2024,Città metropolitana di Cagliari,Settimo San Pietro,Bed & Breakfast,3 Stelle,1,5,3
2024,Città metropolitana di Cagliari,Settimo San Pietro,Altri alloggi privati,,7,26,11
2024,Provincia del Sud Sardegna,Seui,Agriturismo,,1,8,0
2024,Provincia del Sud Sardegna,Seui,Bed & Breakfast,1 Stella,1,6,3
2024,Provincia del Sud Sardegna,Seui,Altri alloggi privati,,2,10,4
2024,Provincia del Sud Sardegna,Seulo,Albergo,2 Stelle,1,22,10
2024,Provincia del Sud Sardegna,Seulo,Agriturismo,,4,28,12
2024,Provincia del Sud Sardegna,Seulo,Bed & Breakfast,1 Stella,1,4,3
2024,Provincia del Sud Sardegna,Seulo,Bed & Breakfast,3 Stelle,1,6,2
2024,Provincia del Sud Sardegna,Seulo,Altri alloggi privati,,5,24,12
2024,Provincia di Oristano,Siamaggiore,Agriturismo,,2,23,10
2024,Provincia di Oristano,Siamaggiore,Affittacamere,II Categoria,1,9,4
2024,Provincia di Oristano,Siamaggiore,Altri alloggi privati,,5,18,8
2024,Provincia di Oristano,Siamanna,Bed & Breakfast,2 Stelle,1,5,2
2024,Provincia di Oristano,Siamanna,Altri alloggi privati,,2,12,5
2024,Provincia di Oristano,Siapiccia,Altri alloggi privati,,1,4,2
2024,Provincia del Sud Sardegna,Siddi,Affittacamere,II Categoria,1,6,3
2024,Provincia del Sud Sardegna,Siddi,Altri alloggi privati,,1,4,2
2024,Provincia di Nuoro,Silanus,Agriturismo,,2,12,3
2024,Provincia di Nuoro,Silanus,Bed & Breakfast,3 Stelle,1,6,3
2024,Provincia del Sud Sardegna,Siliqua,Agriturismo,,1,12,0
2024,Provincia del Sud Sardegna,Siliqua,Bed & Breakfast,3 Stelle,1,7,2
2024,Provincia del Sud Sardegna,Siliqua,Altri alloggi privati,,0,0,0
2024,Provincia del Sud Sardegna,Silius,Altri alloggi privati,,1,2,1
2024,Provincia di Oristano,Simaxis,Agriturismo,,1,8,4
2024,Provincia di Oristano,Simaxis,Bed & Breakfast,1 Stella,2,7,3
2024,Provincia di Oristano,Simaxis,Altri alloggi privati,,5,18,7
2024,Provincia di Nuoro,Sindia,Agriturismo,,4,47,10
2024,Provincia di Nuoro,Sindia,Affittacamere,II Categoria,1,12,4
2024,Provincia di Nuoro,Sindia,Altri alloggi privati,,1,6,3
2024,Provincia di Oristano,Sini,Bed & Breakfast,1 Stella,1,7,3
2024,Provincia di Nuoro,Siniscola,Albergo,3 Stelle,5,150,76
2024,Provincia di Nuoro,Siniscola,Albergo,4 Stelle,1,391,184
2024,Provincia di Nuoro,Siniscola,Ostello,III Categoria,1,29,7
2024,Provincia di Nuoro,Siniscola,Campeggio,3 Stelle,3,1620,519
2024,Provincia di Nuoro,Siniscola,Agriturismo,,14,165,57
2024,Provincia di Nuoro,Siniscola,Casa/App. vacanze,1 Stella,2,34,21
2024,Provincia di Nuoro,Siniscola,Casa/App. vacanze,3 Stelle,7,20,13
2024,Provincia di Nuoro,Siniscola,Casa/App. vacanze,II Categoria,3,49,21
2024,Provincia di Nuoro,Siniscola,Casa/App. vacanze,III Categoria,1,20,12
2024,Provincia di Nuoro,Siniscola,Casa/App. vacanze,,4,14,8
2024,Provincia di Nuoro,Siniscola,Affittacamere,2 Stelle,3,23,12
2024,Provincia di Nuoro,Siniscola,Affittacamere,3 Stelle,3,18,9
2024,Provincia di Nuoro,Siniscola,Affittacamere,II Categoria,10,95,48
2024,Provincia di Nuoro,Siniscola,Affittacamere,III Categoria,3,18,10
2024,Provincia di Nuoro,Siniscola,Villaggio turistico,2 Stelle,1,12,4
2024,Provincia di Nuoro,Siniscola,Bed & Breakfast,1 Stella,8,32,17
2024,Provincia di Nuoro,Siniscola,Bed & Breakfast,2 Stelle,7,32,16
2024,Provincia di Nuoro,Siniscola,Bed & Breakfast,3 Stelle,14,70,31
2024,Provincia di Nuoro,Siniscola,Residence,II Categoria,1,16,8
2024,Provincia di Nuoro,Siniscola,Villaggio albergo,4 Stelle,1,40,20
2024,Provincia di Nuoro,Siniscola,Albergo Rurale,2 Stelle,1,20,10
2024,Provincia di Nuoro,Siniscola,Albergo Rurale,3 Stelle,1,16,7
2024,Provincia di Nuoro,Siniscola,Altri alloggi privati,,3,24,10
2024,Provincia di Nuoro,Siniscola,Altri alloggi privati,,471,2211,980
2024,Provincia di Nuoro,Siniscola,Locanda,II Categoria,2,16,8
2024,Città metropolitana di Cagliari,Sinnai,Albergo,3 Stelle,3,99,37
2024,Città metropolitana di Cagliari,Sinnai,Residenza Turistico Alberghiera (R.T.A.),3 Stelle,1,114,32
2024,Città metropolitana di Cagliari,Sinnai,Agriturismo,,2,31,0
2024,Città metropolitana di Cagliari,Sinnai,Affittacamere,2 Stelle,1,4,4
2024,Città metropolitana di Cagliari,Sinnai,Affittacamere,I Categoria,1,3,3
2024,Città metropolitana di Cagliari,Sinnai,Affittacamere,II Categoria,4,42,19
2024,Città metropolitana di Cagliari,Sinnai,Casa per ferie e ospitalità religiosa,III Categoria,2,136,50
2024,Città metropolitana di Cagliari,Sinnai,Bed & Breakfast,1 Stella,2,5,3
2024,Città metropolitana di Cagliari,Sinnai,Bed & Breakfast,2 Stelle,1,6,2
2024,Città metropolitana di Cagliari,Sinnai,Bed & Breakfast,3 Stelle,4,18,9
2024,Città metropolitana di Cagliari,Sinnai,Bed & Breakfast,,8,40,22
2024,Città metropolitana di Cagliari,Sinnai,Albergo Rurale,2 Stelle,1,20,10
2024,Città metropolitana di Cagliari,Sinnai,Altri alloggi privati,,4,20,13
2024,Città metropolitana di Cagliari,Sinnai,Altri alloggi privati,,207,1159,522
2024,Provincia del Sud Sardegna,Siurgus Donigala,Bed & Breakfast,3 Stelle,1,6,2
2024,Provincia di Oristano,Solarussa,Affittacamere,II Categoria,1,14,5
2024,Provincia di Oristano,Solarussa,Altri alloggi privati,,7,32,16
2024,Provincia del Sud Sardegna,Soleminis,Agriturismo,,2,30,0
2024,Provincia del Sud Sardegna,Soleminis,Bed & Breakfast,3 Stelle,1,2,1
2024,Provincia del Sud Sardegna,Soleminis,Altri alloggi privati,,4,12,6
2024,Provincia di Nuoro,Sorgono,Albergo,2 Stelle,1,24,14
2024,Provincia di Nuoro,Sorgono,Agriturismo,,1,12,0
2024,Provincia di Nuoro,Sorgono,Affittacamere,II Categoria,3,17,11
2024,Provincia di Nuoro,Sorgono,Bed & Breakfast,1 Stella,1,5,2
2024,Provincia di Nuoro,Sorgono,Bed & Breakfast,2 Stelle,3,8,6
2024,Provincia di Nuoro,Sorgono,Bed & Breakfast,3 Stelle,3,11,7
2024,Provincia di Nuoro,Sorgono,Altri alloggi privati,,1,2,1
2024,Provincia di Oristano,Sorradile,Casa/App. vacanze,,1,16,6
2024,Provincia di Oristano,Sorradile,Altri alloggi privati,,1,18,6
2024,Provincia di Oristano,Sorradile,Altri alloggi privati,,1,8,3
2024,Provincia di Sassari,Sorso,Albergo,3 Stelle,2,530,227
2024,Provincia di Sassari,Sorso,Albergo,4 Stelle,1,231,114
2024,Provincia di Sassari,Sorso,Residenza Turistico Alberghiera (R.T.A.),4 Stelle,1,590,219
2024,Provincia di Sassari,Sorso,Campeggio,4 Stelle,1,999,340
2024,Provincia di Sassari,Sorso,Agriturismo,,3,29,6
2024,Provincia di Sassari,Sorso,Casa/App. vacanze,II Categoria,1,18,3
2024,Provincia di Sassari,Sorso,Affittacamere,3 Stelle,1,13,6
2024,Provincia di Sassari,Sorso,Affittacamere,II Categoria,4,38,19
2024,Provincia di Sassari,Sorso,Affittacamere,III Categoria,2,12,3
2024,Provincia di Sassari,Sorso,Affittacamere,,3,34,16
2024,Provincia di Sassari,Sorso,Bed & Breakfast,1 Stella,2,16,6
2024,Provincia di Sassari,Sorso,Bed & Breakfast,2 Stelle,4,30,11
2024,Provincia di Sassari,Sorso,Bed & Breakfast,3 Stelle,5,29,10
2024,Provincia di Sassari,Sorso,Villaggio albergo,3 Stelle,1,18,18
2024,Provincia di Sassari,Sorso,Albergo Rurale,3 Stelle,0,0,0
2024,Provincia di Sassari,Sorso,Altri alloggi privati,,4,30,15
2024,Provincia di Sassari,Sorso,Altri alloggi privati,,202,1035,475
2024,Provincia di Sassari,Stintino,Albergo,2 Stelle,1,18,8
2024,Provincia di Sassari,Stintino,Albergo,3 Stelle,5,222,113
2024,Provincia di Sassari,Stintino,Albergo,4 Stelle,5,1589,530
2024,Provincia di Sassari,Stintino,Residenza Turistico Alberghiera (R.T.A.),3 Stelle,5,2920,690
2024,Provincia di Sassari,Stintino,Agriturismo,,5,62,32
2024,Provincia di Sassari,Stintino,Casa/App. vacanze,1 Stella,4,174,48
2024,Provincia di Sassari,Stintino,Casa/App. vacanze,I Categoria,1,14,5
2024,Provincia di Sassari,Stintino,Casa/App. vacanze,II Categoria,6,108,49
2024,Provincia di Sassari,Stintino,Casa/App. vacanze,III Categoria,1,40,14
2024,Provincia di Sassari,Stintino,Casa/App. vacanze,,5,365,126
2024,Provincia di Sassari,Stintino,Affittacamere,3 Stelle,1,9,5
2024,Provincia di Sassari,Stintino,Affittacamere,II Categoria,11,95,50
2024,Provincia di Sassari,Stintino,Affittacamere,,8,64,38
2024,Provincia di Sassari,Stintino,Bed & Breakfast,1 Stella,3,15,7
2024,Provincia di Sassari,Stintino,Bed & Breakfast,2 Stelle,6,26,14
2024,Provincia di Sassari,Stintino,Bed & Breakfast,3 Stelle,5,25,11
2024,Provincia di Sassari,Stintino,Albergo Rurale,2 Stelle,1,20,9
2024,Provincia di Sassari,Stintino,Altri alloggi privati,,20,117,47
2024,Provincia di Sassari,Stintino,Altri alloggi privati,2 Stelle,1,2,1
2024,Provincia di Sassari,Stintino,Altri alloggi privati,,501,2514,1015
2024,Provincia di Sassari,Stintino,Boat & Breakfast,,2,8,4
2024,Provincia del Sud Sardegna,Suelli,Bed & Breakfast,2 Stelle,2,6,3
2024,Provincia del Sud Sardegna,Suelli,Altri alloggi privati,,1,2,1
2024,Provincia di Oristano,Suni,Agriturismo,,1,12,10
2024,Provincia di Oristano,Suni,Affittacamere,3 Stelle,1,10,5
2024,Provincia di Oristano,Suni,Bed & Breakfast,2 Stelle,1,4,2
2024,Provincia di Oristano,Suni,Bed & Breakfast,3 Stelle,1,6,3
2024,Provincia di Oristano,Suni,Altri alloggi privati,,14,74,38
2024,Provincia di Nuoro,Talana,Albergo,3 Stelle,1,20,10
2024,Provincia di Nuoro,Talana,Agriturismo,,2,20,0
2024,Provincia di Nuoro,Talana,Affittacamere,II Categoria,1,4,2
2024,Provincia di Nuoro,Talana,Altri alloggi privati,,2,12,6
2024,Provincia di Sassari,Telti,Agriturismo,,3,33,3
2024,Provincia di Sassari,Telti,Casa/App. vacanze,3 Stelle,1,12,3
2024,Provincia di Sassari,Telti,Bed & Breakfast,1 Stella,3,14,7
2024,Provincia di Sassari,Telti,Bed & Breakfast,2 Stelle,7,43,16
2024,Provincia di Sassari,Telti,Bed & Breakfast,,1,2,1
2024,Provincia di Sassari,Telti,Altri alloggi privati,,30,156,62
2024,Provincia di Sassari,Tempio Pausania,Albergo,2 Stelle,1,14,7
2024,Provincia di Sassari,Tempio Pausania,Albergo,3 Stelle,5,368,175
2024,Provincia di Sassari,Tempio Pausania,Albergo,4 Stelle,3,225,100
2024,Provincia di Sassari,Tempio Pausania,Agriturismo,,2,32,8
2024,Provincia di Sassari,Tempio Pausania,Casa/App. vacanze,1 Stella,1,36,14
2024,Provincia di Sassari,Tempio Pausania,Casa/App. vacanze,II Categoria,1,9,0
2024,Provincia di Sassari,Tempio Pausania,Affittacamere,3 Stelle,1,8,4
2024,Provincia di Sassari,Tempio Pausania,Affittacamere,I Categoria,1,12,6
2024,Provincia di Sassari,Tempio Pausania,Affittacamere,II Categoria,4,16,11
2024,Provincia di Sassari,Tempio Pausania,Bed & Breakfast,1 Stella,5,23,14
2024,Provincia di Sassari,Tempio Pausania,Bed & Breakfast,2 Stelle,7,31,13
2024,Provincia di Sassari,Tempio Pausania,Bed & Breakfast,3 Stelle,1,6,3
2024,Provincia di Sassari,Tempio Pausania,Albergo Rurale,3 Stelle,2,33,13
2024,Provincia di Sassari,Tempio Pausania,Altri alloggi privati,,1,8,3
2024,Provincia di Sassari,Tempio Pausania,Altri alloggi privati,,85,370,149
2024,Provincia di Sassari,Tempio Pausania,Locanda,II Categoria,1,11,5
2024,Provincia di Sassari,Tempio Pausania,Locanda,III Categoria,1,12,4
2024,Provincia di Sassari,Tempio Pausania,Locanda,,1,5,3
2024,Provincia di Sassari,Tergu,Agriturismo,,1,8,4
2024,Provincia di Sassari,Tergu,Casa/App. vacanze,1 Stella,1,12,4
2024,Provincia di Sassari,Tergu,Casa/App. vacanze,II Categoria,2,182,71
2024,Provincia di Sassari,Tergu,Affittacamere,II Categoria,1,8,4
2024,Provincia di Sassari,Tergu,Bed & Breakfast,,1,9,3
2024,Provincia di Sassari,Tergu,Albergo Rurale,3 Stelle,1,18,12
2024,Provincia di Sassari,Tergu,Altri alloggi privati,,15,71,40
2024,Provincia di Oristano,Terralba,Albergo,1 Stella,1,9,8
2024,Provincia di Oristano,Terralba,Affittacamere,I Categoria,1,12,6
2024,Provincia di Oristano,Terralba,Bed & Breakfast,1 Stella,5,19,11
2024,Provincia di Oristano,Terralba,Altri alloggi privati,,29,135,56
2024,Provincia di Nuoro,Tertenia,Albergo,3 Stelle,2,40,21
2024,Provincia di Nuoro,Tertenia,Residenza Turistico Alberghiera (R.T.A.),4 Stelle,1,20,13
2024,Provincia di Nuoro,Tertenia,Campeggio,3 Stelle,1,85,40
2024,Provincia di Nuoro,Tertenia,Agriturismo,,2,8,1
2024,Provincia di Nuoro,Tertenia,Casa/App. vacanze,II Categoria,1,108,54
2024,Provincia di Nuoro,Tertenia,Affittacamere,II Categoria,2,12,7
2024,Provincia di Nuoro,Tertenia,Villaggio albergo,4 Stelle,1,83,43
2024,Provincia di Nuoro,Tertenia,Altri alloggi privati,,1,6,3
2024,Provincia di Nuoro,Tertenia,Altri alloggi privati,,289,1486,663
2024,Provincia di Nuoro,Teti,Agriturismo,,2,22,17
2024,Provincia di Nuoro,Teti,Affittacamere,I Categoria,1,6,3
2024,Provincia del Sud Sardegna,Teulada,Albergo,3 Stelle,2,70,44
2024,Provincia del Sud Sardegna,Teulada,Residenza Turistico Alberghiera (R.T.A.),4 Stelle,1,197,45
2024,Provincia del Sud Sardegna,Teulada,Agriturismo,,7,103,37
2024,Provincia del Sud Sardegna,Teulada,Casa/App. vacanze,1 Stella,1,26,13
2024,Provincia del Sud Sardegna,Teulada,Casa/App. vacanze,II Categoria,3,72,22
2024,Provincia del Sud Sardegna,Teulada,Affittacamere,II Categoria,4,20,11
2024,Provincia del Sud Sardegna,Teulada,Affittacamere,III Categoria,1,5,3
2024,Provincia del Sud Sardegna,Teulada,Bed & Breakfast,1 Stella,2,8,4
2024,Provincia del Sud Sardegna,Teulada,Bed & Breakfast,2 Stelle,2,6,2
2024,Provincia del Sud Sardegna,Teulada,Bed & Breakfast,3 Stelle,15,91,43
2024,Provincia del Sud Sardegna,Teulada,Bed & Breakfast,,1,4,2
2024,Provincia del Sud Sardegna,Teulada,Altri alloggi privati,,1,6,2
2024,Provincia del Sud Sardegna,Teulada,Altri alloggi privati,,219,942,401
2024,Provincia del Sud Sardegna,Teulada,Agriturismo,,1,4,2
2024,Provincia di Sassari,Thiesi,Albergo,3 Stelle,1,31,15
2024,Provincia di Sassari,Thiesi,Affittacamere,3 Stelle,1,11,5
2024,Provincia di Sassari,Thiesi,Bed & Breakfast,2 Stelle,1,6,3
2024,Provincia di Sassari,Thiesi,Bed & Breakfast,3 Stelle,1,2,1
2024,Provincia di Sassari,Thiesi,Altri alloggi privati,,2,9,3
2024,Provincia di Oristano,Tinnura,Bed & Breakfast,1 Stella,1,3,2
2024,Provincia di Oristano,Tinnura,Altri alloggi privati,,1,5,3
2024,Provincia di Sassari,Tissi,Affittacamere,I Categoria,1,6,3
2024,Provincia di Sassari,Tissi,Altri alloggi privati,,4,12,5
2024,Provincia di Nuoro,Tonara,Albergo,2 Stelle,1,24,14
2024,Provincia di Nuoro,Tonara,Albergo,3 Stelle,1,22,11
2024,Provincia di Nuoro,Tonara,Campeggio,1 Stella,1,210,55
2024,Provincia di Nuoro,Tonara,Agriturismo,,1,10,0
2024,Provincia di Nuoro,Tonara,Affittacamere,I Categoria,1,8,5
2024,Provincia di Nuoro,Tonara,Affittacamere,II Categoria,1,10,5
2024,Provincia di Nuoro,Tonara,Bed & Breakfast,2 Stelle,2,7,5
2024,Provincia di Nuoro,Tonara,Altri alloggi privati,,2,7,3
2024,Provincia di Nuoro,Torpè,Agriturismo,,2,17,6
2024,Provincia di Nuoro,Torpè,Casa/App. vacanze,1 Stella,1,31,19
2024,Provincia di Nuoro,Torpè,Affittacamere,3 Stelle,2,16,7
2024,Provincia di Nuoro,Torpè,Affittacamere,I Categoria,1,2,2
2024,Provincia di Nuoro,Torpè,Affittacamere,II Categoria,2,19,12
2024,Provincia di Nuoro,Torpè,Affittacamere,III Categoria,1,8,4
2024,Provincia di Nuoro,Torpè,Affittacamere,,1,12,6
2024,Provincia di Nuoro,Torpè,Bed & Breakfast,1 Stella,3,9,5
2024,Provincia di Nuoro,Torpè,Bed & Breakfast,2 Stelle,4,16,10
2024,Provincia di Nuoro,Torpè,Bed & Breakfast,3 Stelle,3,16,8
2024,Provincia di Nuoro,Torpè,Albergo Rurale,3 Stelle,4,45,23
2024,Provincia di Nuoro,Torpè,Altri alloggi privati,,35,170,75
2024,Provincia di Sassari,Torralba,Bed & Breakfast,2 Stelle,1,2,2
2024,Provincia di Nuoro,Tortolì,Albergo,1 Stella,1,20,10
2024,Provincia di Nuoro,Tortolì,Albergo,2 Stelle,1,24,12
2024,Provincia di Nuoro,Tortolì,Albergo,3 Stelle,6,297,135
2024,Provincia di Nuoro,Tortolì,Albergo,4 Stelle,6,483,237
2024,Provincia di Nuoro,Tortolì,Residenza Turistico Alberghiera (R.T.A.),3 Stelle,2,133,36
2024,Provincia di Nuoro,Tortolì,Campeggio,3 Stelle,2,1112,279
2024,Provincia di Nuoro,Tortolì,Campeggio,4 Stelle,1,656,206
2024,Provincia di Nuoro,Tortolì,Agriturismo,,3,48,22
2024,Provincia di Nuoro,Tortolì,Casa/App. vacanze,I Categoria,2,42,13
2024,Provincia di Nuoro,Tortolì,Casa/App. vacanze,II Categoria,11,178,99
2024,Provincia di Nuoro,Tortolì,Casa/App. vacanze,,2,43,37
2024,Provincia di Nuoro,Tortolì,Affittacamere,2 Stelle,1,4,3
2024,Provincia di Nuoro,Tortolì,Affittacamere,3 Stelle,3,29,13
2024,Provincia di Nuoro,Tortolì,Affittacamere,I Categoria,1,12,6
2024,Provincia di Nuoro,Tortolì,Affittacamere,II Categoria,18,168,83
2024,Provincia di Nuoro,Tortolì,Affittacamere,,2,18,9
2024,Provincia di Nuoro,Tortolì,Villaggio turistico,3 Stelle,2,1024,234
2024,Provincia di Nuoro,Tortolì,Bed & Breakfast,1 Stella,9,38,22
2024,Provincia di Nuoro,Tortolì,Bed & Breakfast,2 Stelle,4,16,10
2024,Provincia di Nuoro,Tortolì,Bed & Breakfast,3 Stelle,17,93,44
2024,Provincia di Nuoro,Tortolì,Bed & Breakfast,,1,2,1
2024,Provincia di Nuoro,Tortolì,Residence,I Categoria,1,32,11
2024,Provincia di Nuoro,Tortolì,Villaggio albergo,4 Stelle,3,2301,991
2024,Provincia di Nuoro,Tortolì,Altri alloggi privati,,7,39,17
2024,Provincia di Nuoro,Tortolì,Altri alloggi privati,,424,1870,808
2024,Provincia di Nuoro,Tortolì,Locanda,II Categoria,2,17,11
2024,Provincia di Nuoro,Tortolì,Boat & Breakfast,,3,18,9
2024,Provincia di Oristano,Tramatza,Albergo,2 Stelle,1,27,14
2024,Provincia di Oristano,Tramatza,Agriturismo,,1,14,7
2024,Provincia di Oristano,Tramatza,Affittacamere,II Categoria,1,6,3
2024,Provincia di Oristano,Tramatza,Bed & Breakfast,3 Stelle,1,2,2
2024,Provincia di Oristano,Tramatza,Altri alloggi privati,,2,6,3
2024,Provincia del Sud Sardegna,Tratalias,Agriturismo,,5,57,38
2024,Provincia del Sud Sardegna,Tratalias,Bed & Breakfast,1 Stella,0,0,0
2024,Provincia del Sud Sardegna,Tratalias,Altri alloggi privati,,3,21,8
2024,Provincia di Oristano,Tresnuraghes,Albergo,2 Stelle,1,16,9
2024,Provincia di Oristano,Tresnuraghes,Casa/App. vacanze,II Categoria,2,26,13
2024,Provincia di Oristano,Tresnuraghes,Affittacamere,II Categoria,2,13,6
2024,Provincia di Oristano,Tresnuraghes,Bed & Breakfast,1 Stella,1,6,3
2024,Provincia di Oristano,Tresnuraghes,Bed & Breakfast,2 Stelle,1,6,3
2024,Provincia di Oristano,Tresnuraghes,Albergo diffuso,3 Stelle,4,115,44
2024,Provincia di Oristano,Tresnuraghes,Albergo Rurale,3 Stelle,1,48,22
2024,Provincia di Oristano,Tresnuraghes,Altri alloggi privati,,1,2,1
2024,Provincia di Oristano,Tresnuraghes,Altri alloggi privati,,97,490,224
2024,Provincia di Nuoro,Triei,Agriturismo,,2,25,10
2024,Provincia di Nuoro,Triei,Affittacamere,1 Stella,1,10,5
2024,Provincia di Nuoro,Triei,Affittacamere,II Categoria,1,5,3
2024,Provincia di Nuoro,Triei,Bed & Breakfast,2 Stelle,2,7,5
2024,Provincia di Nuoro,Triei,Altri alloggi privati,,14,58,28
2024,Provincia di Sassari,Trinità D'Agultu E Vignola,Albergo,2 Stelle,2,25,17
2024,Provincia di Sassari,Trinità D'Agultu E Vignola,Albergo,3 Stelle,2,60,29
2024,Provincia di Sassari,Trinità D'Agultu E Vignola,Albergo,4 Stelle,4,755,307
2024,Provincia di Sassari,Trinità D'Agultu E Vignola,Albergo,5 Stelle,1,621,214
2024,Provincia di Sassari,Trinità D'Agultu E Vignola,Agriturismo,,6,73,23
2024,Provincia di Sassari,Trinità D'Agultu E Vignola,Casa/App. vacanze,2 Stelle,2,240,107
2024,Provincia di Sassari,Trinità D'Agultu E Vignola,Casa/App. vacanze,I Categoria,1,48,22
2024,Provincia di Sassari,Trinità D'Agultu E Vignola,Casa/App. vacanze,II Categoria,11,1841,631
2024,Provincia di Sassari,Trinità D'Agultu E Vignola,Casa/App. vacanze,III Categoria,1,60,0
2024,Provincia di Sassari,Trinità D'Agultu E Vignola,Casa/App. vacanze,,3,76,26
2024,Provincia di Sassari,Trinità D'Agultu E Vignola,Affittacamere,II Categoria,3,14,9
2024,Provincia di Sassari,Trinità D'Agultu E Vignola,Bed & Breakfast,1 Stella,1,1,1
2024,Provincia di Sassari,Trinità D'Agultu E Vignola,Bed & Breakfast,3 Stelle,1,6,4
2024,Provincia di Sassari,Trinità D'Agultu E Vignola,Residence,I Categoria,1,345,115
2024,Provincia di Sassari,Trinità D'Agultu E Vignola,Altri alloggi privati,,16,85,30
2024,Provincia di Sassari,Trinità D'Agultu E Vignola,Altri alloggi privati,,612,3018,1163
2024,Provincia del Sud Sardegna,Tuili,Ostello,III Categoria,1,25,13
2024,Provincia del Sud Sardegna,Tuili,Agriturismo,,1,10,5
2024,Provincia del Sud Sardegna,Tuili,Bed & Breakfast,1 Stella,2,10,5
2024,Provincia del Sud Sardegna,Tuili,Bed & Breakfast,2 Stelle,2,7,4
2024,Provincia di Sassari,Tula,Agriturismo,,1,20,11
2024,Provincia di Sassari,Tula,Bed & Breakfast,1 Stella,1,5,3
2024,Provincia di Sassari,Tula,Bed & Breakfast,2 Stelle,2,5,6
2024,Provincia di Sassari,Tula,Albergo Rurale,3 Stelle,1,20,12
2024,Provincia del Sud Sardegna,Turri,Agriturismo,,1,16,8
2024,Provincia del Sud Sardegna,Turri,Altri alloggi privati,,1,5,2
2024,Provincia di Nuoro,Ulassai,Albergo,3 Stelle,1,24,13
2024,Provincia di Nuoro,Ulassai,Campeggio,1 Stella,1,75,25
2024,Provincia di Nuoro,Ulassai,Affittacamere,1 Stella,1,4,2
2024,Provincia di Nuoro,Ulassai,Affittacamere,II Categoria,2,17,8
2024,Provincia di Nuoro,Ulassai,Bed & Breakfast,1 Stella,2,10,5
2024,Provincia di Nuoro,Ulassai,Bed & Breakfast,2 Stelle,2,8,4
2024,Provincia di Nuoro,Ulassai,Bed & Breakfast,3 Stelle,1,6,2
2024,Provincia di Nuoro,Ulassai,Altri alloggi privati,,13,65,29
2024,Provincia di Oristano,Ulà Tirso,Agriturismo,,1,10,5
2024,Provincia di Oristano,Ulà Tirso,Altri alloggi privati,,1,5,3
2024,Provincia di Oristano,Uras,Agriturismo,,2,16,9
2024,Provincia di Oristano,Uras,Bed & Breakfast,1 Stella,2,7,4
2024,Provincia di Oristano,Uras,Bed & Breakfast,3 Stelle,1,8,3
2024,Provincia di Oristano,Uras,Altri alloggi privati,,1,4,2
2024,Provincia di Sassari,Uri,Albergo,3 Stelle,1,29,15
2024,Provincia di Sassari,Uri,Bed & Breakfast,2 Stelle,2,10,5
2024,Provincia di Sassari,Uri,Bed & Breakfast,3 Stelle,1,8,3
2024,Provincia di Sassari,Uri,Altri alloggi privati,,1,6,2
2024,Provincia di Sassari,Uri,Altri alloggi privati,,7,34,13
2024,Provincia di Nuoro,Urzulei,Albergo,3 Stelle,1,70,36
2024,Provincia di Nuoro,Urzulei,Campeggio,1 Stella,1,44,11
2024,Provincia di Nuoro,Urzulei,Bed & Breakfast,1 Stella,2,8,5
2024,Provincia di Nuoro,Urzulei,Bed & Breakfast,3 Stelle,1,4,2
2024,Provincia di Nuoro,Urzulei,Altri alloggi privati,,1,8,2
2024,Provincia di Nuoro,Urzulei,Altri alloggi privati,,9,57,23
2024,Provincia di Oristano,Usellus,Altri alloggi privati,,2,10,4
2024,Provincia di Sassari,Usini,Bed & Breakfast,1 Stella,1,6,3
2024,Provincia di Sassari,Usini,Bed & Breakfast,2 Stelle,1,2,1
2024,Provincia di Sassari,Usini,Bed & Breakfast,3 Stelle,1,2,1
2024,Provincia di Sassari,Usini,Bed & Breakfast,,1,6,3
2024,Provincia di Sassari,Usini,Altri alloggi privati,,2,6,3
2024,Provincia del Sud Sardegna,Ussana,Agriturismo,,1,12,0
2024,Provincia del Sud Sardegna,Ussana,Altri alloggi privati,,6,24,10
2024,Provincia di Nuoro,Ussassai,Bed & Breakfast,1 Stella,4,21,10
2024,Provincia di Nuoro,Ussassai,Altri alloggi privati,,1,5,2
2024,Città metropolitana di Cagliari,Uta,Albergo,3 Stelle,1,20,10
2024,Città metropolitana di Cagliari,Uta,Agriturismo,,4,58,14
2024,Città metropolitana di Cagliari,Uta,Affittacamere,II Categoria,2,16,8
2024,Città metropolitana di Cagliari,Uta,Bed & Breakfast,2 Stelle,1,6,3
2024,Città metropolitana di Cagliari,Uta,Bed & Breakfast,3 Stelle,1,6,3
2024,Città metropolitana di Cagliari,Uta,Bed & Breakfast,,1,6,3
2024,Città metropolitana di Cagliari,Uta,Albergo Rurale,2 Stelle,0,0,0
2024,Città metropolitana di Cagliari,Uta,Altri alloggi privati,,10,47,21
2024,Città metropolitana di Cagliari,Uta,Bed & Breakfast,1 Stella,1,6,3
2024,Provincia di Sassari,Valledoria,Albergo,2 Stelle,1,20,10
2024,Provincia di Sassari,Valledoria,Albergo,3 Stelle,3,144,73
2024,Provincia di Sassari,Valledoria,Albergo,4 Stelle,3,472,215
2024,Provincia di Sassari,Valledoria,Residenza Turistico Alberghiera (R.T.A.),3 Stelle,3,510,158
2024,Provincia di Sassari,Valledoria,Campeggio,3 Stelle,1,560,140
2024,Provincia di Sassari,Valledoria,Campeggio,4 Stelle,1,1000,261
2024,Provincia di Sassari,Valledoria,Agriturismo,,6,80,27
2024,Provincia di Sassari,Valledoria,Casa/App. vacanze,1 Stella,3,44,10
2024,Provincia di Sassari,Valledoria,Casa/App. vacanze,2 Stelle,2,65,20
2024,Provincia di Sassari,Valledoria,Casa/App. vacanze,3 Stelle,1,12,4
2024,Provincia di Sassari,Valledoria,Casa/App. vacanze,I Categoria,1,115,66
2024,Provincia di Sassari,Valledoria,Casa/App. vacanze,II Categoria,4,493,129
2024,Provincia di Sassari,Valledoria,Casa/App. vacanze,III Categoria,1,53,15
2024,Provincia di Sassari,Valledoria,Casa/App. vacanze,,3,90,44
2024,Provincia di Sassari,Valledoria,Affittacamere,I Categoria,1,12,6
2024,Provincia di Sassari,Valledoria,Bed & Breakfast,1 Stella,3,14,7
2024,Provincia di Sassari,Valledoria,Bed & Breakfast,2 Stelle,1,2,1
2024,Provincia di Sassari,Valledoria,Bed & Breakfast,3 Stelle,1,10,3
2024,Provincia di Sassari,Valledoria,Bed & Breakfast,,1,4,2
2024,Provincia di Sassari,Valledoria,Albergo Rurale,2 Stelle,1,14,7
2024,Provincia di Sassari,Valledoria,Altri alloggi privati,,8,35,14
2024,Provincia di Sassari,Valledoria,Altri alloggi privati,,382,1748,696
2024,Provincia di Sassari,Valledoria,Locanda,II Categoria,1,11,4
2024,Provincia del Sud Sardegna,Vallermosa,Albergo,1 Stella,1,24,12
2024,Provincia del Sud Sardegna,Vallermosa,Casa per ferie e ospitalità religiosa,,1,54,54
2024,Provincia del Sud Sardegna,Vallermosa,Bed & Breakfast,3 Stelle,1,6,3
2024,Provincia del Sud Sardegna,Vallermosa,Altri alloggi privati,,1,4,2
2024,Provincia di Sassari,Viddalba,Agriturismo,,1,11,0
2024,Provincia di Sassari,Viddalba,Casa/App. vacanze,II Categoria,1,22,7
2024,Provincia di Sassari,Viddalba,Altri alloggi privati,,5,22,6
2024,Provincia di Sassari,Viddalba,Altri alloggi privati,,96,414,169
2024,Città metropolitana di Cagliari,Villa San Pietro,Albergo,3 Stelle,1,20,10
2024,Città metropolitana di Cagliari,Villa San Pietro,Agriturismo,,4,39,8
2024,Città metropolitana di Cagliari,Villa San Pietro,Affittacamere,II Categoria,2,15,9
2024,Città metropolitana di Cagliari,Villa San Pietro,Bed & Breakfast,2 Stelle,1,3,1
2024,Città metropolitana di Cagliari,Villa San Pietro,Bed & Breakfast,3 Stelle,4,24,9
2024,Città metropolitana di Cagliari,Villa San Pietro,Residence,II Categoria,1,12,7
2024,Città metropolitana di Cagliari,Villa San Pietro,Altri alloggi privati,,1,7,4
2024,Città metropolitana di Cagliari,Villa San Pietro,Altri alloggi privati,,39,173,83
2024,Provincia del Sud Sardegna,Villacidro,Albergo,3 Stelle,0,0,0
2024,Provincia del Sud Sardegna,Villacidro,Agriturismo,,1,11,7
2024,Provincia del Sud Sardegna,Villacidro,Affittacamere,III Categoria,1,9,3
2024,Provincia del Sud Sardegna,Villacidro,Casa per ferie e ospitalità religiosa,III Categoria,1,11,4
2024,Provincia del Sud Sardegna,Villacidro,Bed & Breakfast,1 Stella,2,7,4
2024,Provincia del Sud Sardegna,Villacidro,Bed & Breakfast,2 Stelle,2,12,5
2024,Provincia del Sud Sardegna,Villacidro,Bed & Breakfast,3 Stelle,2,11,6
2024,Provincia del Sud Sardegna,Villacidro,Altri alloggi privati,,12,46,16
2024,Provincia di Nuoro,Villagrande Strisaili,Albergo,3 Stelle,1,14,7
2024,Provincia di Nuoro,Villagrande Strisaili,Albergo,4 Stelle,1,72,24
2024,Provincia di Nuoro,Villagrande Strisaili,Agriturismo,,3,20,10
2024,Provincia di Nuoro,Villagrande Strisaili,Affittacamere,II Categoria,2,17,8
2024,Provincia di Nuoro,Villagrande Strisaili,Bed & Breakfast,1 Stella,2,9,5
2024,Provincia di Nuoro,Villagrande Strisaili,Bed & Breakfast,2 Stelle,1,5,3
2024,Provincia di Nuoro,Villagrande Strisaili,Altri alloggi privati,,4,18,9
2024,Provincia del Sud Sardegna,Villamar,Affittacamere,II Categoria,1,8,4
2024,Provincia del Sud Sardegna,Villamar,Bed & Breakfast,3 Stelle,1,4,2
2024,Provincia del Sud Sardegna,Villamassargia,Agriturismo,,4,25,13
2024,Provincia del Sud Sardegna,Villamassargia,Bed & Breakfast,2 Stelle,4,15,8
2024,Provincia del Sud Sardegna,Villamassargia,Altri alloggi privati,,14,59,24
2024,Provincia di Sassari,Villanova Monteleone,Albergo,2 Stelle,1,24,11
2024,Provincia di Sassari,Villanova Monteleone,Agriturismo,,2,15,8
2024,Provincia di Sassari,Villanova Monteleone,Affittacamere,II Categoria,2,11,6
2024,Provincia di Sassari,Villanova Monteleone,Affittacamere,,1,0,0
2024,Provincia di Sassari,Villanova Monteleone,Bed & Breakfast,3 Stelle,1,6,3
2024,Provincia di Sassari,Villanova Monteleone,Altri alloggi privati,,16,82,38
2024,Provincia di Oristano,Villanova Truschedu,Altri alloggi privati,,1,2,1
2024,Provincia del Sud Sardegna,Villanova Tulo,Bed & Breakfast,1 Stella,1,3,2
2024,Provincia del Sud Sardegna,Villanovaforru,Albergo,3 Stelle,1,72,30
2024,Provincia del Sud Sardegna,Villanovaforru,Bed & Breakfast,2 Stelle,1,2,1
2024,Provincia del Sud Sardegna,Villanovaforru,Altri alloggi privati,,1,5,3
2024,Provincia del Sud Sardegna,Villanovafranca,Affittacamere,II Categoria,1,2,1
2024,Provincia del Sud Sardegna,Villanovafranca,Bed & Breakfast,1 Stella,2,12,6
2024,Provincia del Sud Sardegna,Villanovafranca,Altri alloggi privati,,1,8,4
2024,Provincia del Sud Sardegna,Villaperuccio,Bed & Breakfast,2 Stelle,1,8,3
2024,Provincia del Sud Sardegna,Villaperuccio,Locanda,II Categoria,1,6,3
2024,Provincia del Sud Sardegna,Villaputzu,Albergo,3 Stelle,1,20,16
2024,Provincia del Sud Sardegna,Villaputzu,Agriturismo,,2,32,15
2024,Provincia del Sud Sardegna,Villaputzu,Casa/App. vacanze,II Categoria,1,22,8
2024,Provincia del Sud Sardegna,Villaputzu,Casa/App. vacanze,,2,215,121
2024,Provincia del Sud Sardegna,Villaputzu,Affittacamere,II Categoria,2,16,10
2024,Provincia del Sud Sardegna,Villaputzu,Affittacamere,III Categoria,1,6,2
2024,Provincia del Sud Sardegna,Villaputzu,Bed & Breakfast,1 Stella,3,9,5
2024,Provincia del Sud Sardegna,Villaputzu,Bed & Breakfast,2 Stelle,1,4,2
2024,Provincia del Sud Sardegna,Villaputzu,Bed & Breakfast,3 Stelle,2,9,5
2024,Provincia del Sud Sardegna,Villaputzu,Residence,I Categoria,1,81,27
2024,Provincia del Sud Sardegna,Villaputzu,Residence,II Categoria,1,59,27
2024,Provincia del Sud Sardegna,Villaputzu,Altri alloggi privati,,111,553,224
2024,Provincia del Sud Sardegna,Villasalto,Bed & Breakfast,,1,4,2
2024,Provincia del Sud Sardegna,Villasimius,Albergo,1 Stella,1,20,8
2024,Provincia del Sud Sardegna,Villasimius,Albergo,2 Stelle,1,45,23
2024,Provincia del Sud Sardegna,Villasimius,Albergo,3 Stelle,26,763,384
2024,Provincia del Sud Sardegna,Villasimius,Albergo,4 Stelle,6,784,319
2024,Provincia del Sud Sardegna,Villasimius,Albergo,5 Stelle,2,1090,403
2024,Provincia del Sud Sardegna,Villasimius,Residenza Turistico Alberghiera (R.T.A.),2 Stelle,3,78,34
2024,Provincia del Sud Sardegna,Villasimius,Residenza Turistico Alberghiera (R.T.A.),3 Stelle,9,835,270
2024,Provincia del Sud Sardegna,Villasimius,Residenza Turistico Alberghiera (R.T.A.),4 Stelle,1,189,45
2024,Provincia del Sud Sardegna,Villasimius,Campeggio,3 Stelle,1,959,214
2024,Provincia del Sud Sardegna,Villasimius,Casa/App. vacanze,I Categoria,1,10,5
2024,Provincia del Sud Sardegna,Villasimius,Casa/App. vacanze,II Categoria,6,416,152
2024,Provincia del Sud Sardegna,Villasimius,Casa/App. vacanze,III Categoria,1,13,12
2024,Provincia del Sud Sardegna,Villasimius,Casa/App. vacanze,,1,10,3
2024,Provincia del Sud Sardegna,Villasimius,Affittacamere,1 Stella,1,2,1
2024,Provincia del Sud Sardegna,Villasimius,Affittacamere,3 Stelle,3,40,16
2024,Provincia del Sud Sardegna,Villasimius,Affittacamere,I Categoria,7,60,28
2024,Provincia del Sud Sardegna,Villasimius,Affittacamere,II Categoria,14,108,57
2024,Provincia del Sud Sardegna,Villasimius,Affittacamere,III Categoria,2,7,5
2024,Provincia del Sud Sardegna,Villasimius,Affittacamere,,1,3,2
2024,Provincia del Sud Sardegna,Villasimius,Casa per ferie e ospitalità religiosa,III Categoria,1,17,9
2024,Provincia del Sud Sardegna,Villasimius,Bed & Breakfast,1 Stella,4,14,8
2024,Provincia del Sud Sardegna,Villasimius,Bed & Breakfast,2 Stelle,6,32,15
2024,Provincia del Sud Sardegna,Villasimius,Bed & Breakfast,3 Stelle,14,73,35
2024,Provincia del Sud Sardegna,Villasimius,Residence,I Categoria,1,164,43
2024,Provincia del Sud Sardegna,Villasimius,Villaggio albergo,4 Stelle,1,2865,914
2024,Provincia del Sud Sardegna,Villasimius,Albergo Rurale,3 Stelle,1,20,10
2024,Provincia del Sud Sardegna,Villasimius,Altri alloggi privati,,22,122,52
2024,Provincia del Sud Sardegna,Villasimius,Altri alloggi privati,,1153,5594,2463
2024,Provincia del Sud Sardegna,Villasor,Albergo,1 Stella,1,13,11
2024,Provincia del Sud Sardegna,Villasor,Bed & Breakfast,1 Stella,1,6,3
2024,Provincia del Sud Sardegna,Villasor,Altri alloggi privati,,3,13,5
2024,Provincia del Sud Sardegna,Villaspeciosa,Bed & Breakfast,1 Stella,1,4,2
2024,Provincia del Sud Sardegna,Villaspeciosa,Altri alloggi privati,,1,4,2
2024,Provincia di Oristano,Villaurbana,Agriturismo,,1,20,11
2024,Provincia di Oristano,Villaurbana,Altri alloggi privati,,5,36,15
2024,Provincia di Oristano,Zeddiani,Bed & Breakfast,3 Stelle,1,4,2
2024,Provincia di Oristano,Zeddiani,Altri alloggi privati,,1,5,3
2025,Città Metropolitana di Cagliari,Armungia,Affittacamere,2 Stelle,1,2,2
2025,Città Metropolitana di Cagliari,Armungia,Altri alloggi privati,,3,18,8
2025,Città Metropolitana di Cagliari,Armungia,Bed & Breakfast,1 Stella,2,7,5
2025,Città Metropolitana di Cagliari,Armungia,Bed & Breakfast,3 Stelle,1,6,3
2025,Città Metropolitana di Cagliari,Assemini,Affittacamere,,1,5,3
2025,Città Metropolitana di Cagliari,Assemini,Affittacamere,1 Stella,1,6,4
2025,Città Metropolitana di Cagliari,Assemini,Affittacamere,2 Stelle,1,9,5
2025,Città Metropolitana di Cagliari,Assemini,Affittacamere,II Categoria,2,15,7
2025,Città Metropolitana di Cagliari,Assemini,Agriturismo,,5,64,30
2025,Città Metropolitana di Cagliari,Assemini,Albergo,4 Stelle,1,182,84
2025,Città Metropolitana di Cagliari,Assemini,Altri alloggi privati,,103,460,169
2025,Città Metropolitana di Cagliari,Assemini,Bed & Breakfast,,2,9,5
2025,Città Metropolitana di Cagliari,Assemini,Bed & Breakfast,1 Stella,4,21,9
2025,Città Metropolitana di Cagliari,Assemini,Bed & Breakfast,2 Stelle,2,9,5
2025,Città Metropolitana di Cagliari,Assemini,Bed & Breakfast,3 Stelle,5,25,11
2025,Città Metropolitana di Cagliari,Assemini,Residence,II Categoria,1,50,25
2025,Città Metropolitana di Cagliari,Ballao,Agriturismo,,1,5,3
2025,Città Metropolitana di Cagliari,Ballao,Bed & Breakfast,2 Stelle,1,8,3
2025,Città Metropolitana di Cagliari,Barrali,Altri alloggi privati,,1,4,2
2025,Città Metropolitana di Cagliari,Burcei,Albergo Rurale,3 Stelle,1,10,7
2025,Città Metropolitana di Cagliari,Burcei,Altri alloggi privati,,2,9,5
2025,Città Metropolitana di Cagliari,Cagliari,Affittacamere,,9,69,35
2025,Città Metropolitana di Cagliari,Cagliari,Affittacamere,1 Stella,5,37,16
2025,Città Metropolitana di Cagliari,Cagliari,Affittacamere,2 Stelle,35,242,127
2025,Città Metropolitana di Cagliari,Cagliari,Affittacamere,3 Stelle,74,618,293
2025,Città Metropolitana di Cagliari,Cagliari,Affittacamere,I Categoria,15,121,60
2025,Città Metropolitana di Cagliari,Cagliari,Affittacamere,II Categoria,148,1235,614
2025,Città Metropolitana di Cagliari,Cagliari,Affittacamere,III Categoria,2,15,11
2025,Città Metropolitana di Cagliari,Cagliari,Albergo,1 Stella,5,96,44
2025,Città Metropolitana di Cagliari,Cagliari,Albergo,2 Stelle,4,83,45
2025,Città Metropolitana di Cagliari,Cagliari,Albergo,3 Stelle,14,687,362
2025,Città Metropolitana di Cagliari,Cagliari,Albergo,4 Stelle,9,1392,662
2025,Città Metropolitana di Cagliari,Cagliari,Albergo,4 Stelle Superior,1,20,10
2025,Città Metropolitana di Cagliari,Cagliari,Albergo,5 Stelle,2,192,94
2025,Città Metropolitana di Cagliari,Cagliari,Albergo diffuso,3 Stelle,1,26,12
2025,Città Metropolitana di Cagliari,Cagliari,Altri alloggi privati,,2436,9566,4210
2025,Città Metropolitana di Cagliari,Cagliari,Altri alloggi privati,3 Stelle,1,2,1
2025,Città Metropolitana di Cagliari,Cagliari,Bed & Breakfast,,2,7,4
2025,Città Metropolitana di Cagliari,Cagliari,Bed & Breakfast,1 Stella,52,205,107
2025,Città Metropolitana di Cagliari,Cagliari,Bed & Breakfast,2 Stelle,36,167,84
2025,Città Metropolitana di Cagliari,Cagliari,Bed & Breakfast,3 Stelle,50,214,109
2025,Città Metropolitana di Cagliari,Cagliari,Boat & Breakfast,,5,12,5
2025,Città Metropolitana di Cagliari,Cagliari,Boat & Breakfast,Non definito,2,4,2
2025,Città Metropolitana di Cagliari,Cagliari,Casa per ferie e ospitalità religiosa,,4,807,461
2025,Città Metropolitana di Cagliari,Cagliari,Casa per ferie e ospitalità religiosa,III Categoria,5,525,395
2025,Città Metropolitana di Cagliari,Cagliari,Casa/App. vacanze,1 Stella,12,152,73
2025,Città Metropolitana di Cagliari,Cagliari,Casa/App. vacanze,2 Stelle,3,47,18
2025,Città Metropolitana di Cagliari,Cagliari,Casa/App. vacanze,3 Stelle,3,43,14
2025,Città Metropolitana di Cagliari,Cagliari,Casa/App. vacanze,II Categoria,12,140,79
2025,Città Metropolitana di Cagliari,Cagliari,Locanda,,2,18,9
2025,Città Metropolitana di Cagliari,Cagliari,Ostello,III Categoria,1,125,35
2025,Città Metropolitana di Cagliari,Cagliari,Residence,II Categoria,1,50,25
2025,Città Metropolitana di Cagliari,Cagliari,Residenza Turistico Alberghiera (R.T.A.),3 Stelle,1,298,122
2025,Città Metropolitana di Cagliari,Capoterra,Affittacamere,1 Stella,1,5,3
2025,Città Metropolitana di Cagliari,Capoterra,Affittacamere,2 Stelle,1,4,3
2025,Città Metropolitana di Cagliari,Capoterra,Affittacamere,3 Stelle,5,52,22
2025,Città Metropolitana di Cagliari,Capoterra,Affittacamere,II Categoria,4,39,18
2025,Città Metropolitana di Cagliari,Capoterra,Agriturismo,,5,48,7
2025,Città Metropolitana di Cagliari,Capoterra,Albergo,3 Stelle,2,40,20
2025,Città Metropolitana di Cagliari,Capoterra,Albergo,4 Stelle,1,153,71
2025,Città Metropolitana di Cagliari,Capoterra,Altri alloggi privati,,269,1198,552
2025,Città Metropolitana di Cagliari,Capoterra,Bed & Breakfast,,9,47,25
2025,Città Metropolitana di Cagliari,Capoterra,Bed & Breakfast,1 Stella,3,15,8
2025,Città Metropolitana di Cagliari,Capoterra,Bed & Breakfast,2 Stelle,5,25,13
2025,Città Metropolitana di Cagliari,Capoterra,Bed & Breakfast,3 Stelle,14,70,34
2025,Città Metropolitana di Cagliari,Capoterra,Casa/App. vacanze,II Categoria,1,16,8
2025,Città Metropolitana di Cagliari,Castiadas,Affittacamere,2 Stelle,1,6,2
2025,Città Metropolitana di Cagliari,Castiadas,Affittacamere,I Categoria,2,19,10
2025,Città Metropolitana di Cagliari,Castiadas,Affittacamere,II Categoria,2,12,7
2025,Città Metropolitana di Cagliari,Castiadas,Agriturismo,,14,213,102
2025,Città Metropolitana di Cagliari,Castiadas,Albergo,2 Stelle,1,20,7
2025,Città Metropolitana di Cagliari,Castiadas,Albergo,3 Stelle,1,20,10
2025,Città Metropolitana di Cagliari,Castiadas,Albergo,4 Stelle,6,1749,777
2025,Città Metropolitana di Cagliari,Castiadas,Albergo,5 Stelle,1,133,61
2025,Città Metropolitana di Cagliari,Castiadas,Albergo Rurale,1 Stella,1,20,12
2025,Città Metropolitana di Cagliari,Castiadas,Altri alloggi privati,,353,1882,827
2025,Città Metropolitana di Cagliari,Castiadas,Bed & Breakfast,1 Stella,3,16,9
2025,Città Metropolitana di Cagliari,Castiadas,Bed & Breakfast,2 Stelle,4,22,11
2025,Città Metropolitana di Cagliari,Castiadas,Bed & Breakfast,3 Stelle,7,36,19
2025,Città Metropolitana di Cagliari,Castiadas,Casa per ferie e ospitalità religiosa,III Categoria,1,16,8
2025,Città Metropolitana di Cagliari,Castiadas,Casa/App. vacanze,,2,151,43
2025,Città Metropolitana di Cagliari,Castiadas,Casa/App. vacanze,2 Stelle,1,16,9
2025,Città Metropolitana di Cagliari,Castiadas,Casa/App. vacanze,I Categoria,1,59,30
2025,Città Metropolitana di Cagliari,Castiadas,Casa/App. vacanze,II Categoria,1,39,18
2025,Città Metropolitana di Cagliari,Castiadas,Villaggio albergo,4 Stelle,3,618,312
2025,Città Metropolitana di Cagliari,Decimomannu,Affittacamere,1 Stella,1,6,4
2025,Città Metropolitana di Cagliari,Decimomannu,Affittacamere,3 Stelle,1,10,6
2025,Città Metropolitana di Cagliari,Decimomannu,Agriturismo,,1,12,0
2025,Città Metropolitana di Cagliari,Decimomannu,Altri alloggi privati,,29,105,44
2025,Città Metropolitana di Cagliari,Decimomannu,Bed & Breakfast,,1,5,3
2025,Città Metropolitana di Cagliari,Decimomannu,Bed & Breakfast,1 Stella,1,3,2
2025,Città Metropolitana di Cagliari,Decimoputzu,Bed & Breakfast,1 Stella,1,3,1
2025,Città Metropolitana di Cagliari,Decimoputzu,Bed & Breakfast,2 Stelle,1,6,3
2025,Città Metropolitana di Cagliari,Dolianova,Affittacamere,II Categoria,1,6,2
2025,Città Metropolitana di Cagliari,Dolianova,Albergo,5 Stelle,1,20,10
2025,Città Metropolitana di Cagliari,Dolianova,Albergo Rurale,2 Stelle,1,20,11
2025,Città Metropolitana di Cagliari,Dolianova,Albergo Rurale,3 Stelle,1,20,10
2025,Città Metropolitana di Cagliari,Dolianova,Altri alloggi privati,,26,116,47
2025,Città Metropolitana di Cagliari,Dolianova,Bed & Breakfast,,1,7,3
2025,Città Metropolitana di Cagliari,Dolianova,Bed & Breakfast,1 Stella,5,19,11
2025,Città Metropolitana di Cagliari,Dolianova,Bed & Breakfast,2 Stelle,4,20,9
2025,Città Metropolitana di Cagliari,Dolianova,Bed & Breakfast,3 Stelle,3,16,8
2025,Città Metropolitana di Cagliari,Domus De Maria,Affittacamere,,2,7,4
2025,Città Metropolitana di Cagliari,Domus De Maria,Affittacamere,3 Stelle,3,27,13
2025,Città Metropolitana di Cagliari,Domus De Maria,Affittacamere,I Categoria,2,18,9
2025,Città Metropolitana di Cagliari,Domus De Maria,Affittacamere,II Categoria,3,29,13
2025,Città Metropolitana di Cagliari,Domus De Maria,Agriturismo,,1,20,0
2025,Città Metropolitana di Cagliari,Domus De Maria,Albergo,2 Stelle,1,37,20
2025,Città Metropolitana di Cagliari,Domus De Maria,Albergo,3 Stelle,2,109,48
2025,Città Metropolitana di Cagliari,Domus De Maria,Albergo,4 Stelle,3,1132,502
2025,Città Metropolitana di Cagliari,Domus De Maria,Albergo,5 Stelle,2,322,118
2025,Città Metropolitana di Cagliari,Domus De Maria,Altri alloggi privati,,478,2381,1058
2025,Città Metropolitana di Cagliari,Domus De Maria,Bed & Breakfast,1 Stella,2,8,4
2025,Città Metropolitana di Cagliari,Domus De Maria,Bed & Breakfast,2 Stelle,3,17,9
2025,Città Metropolitana di Cagliari,Domus De Maria,Bed & Breakfast,3 Stelle,10,54,26
2025,Città Metropolitana di Cagliari,Domus De Maria,Campeggio,3 Stelle,1,420,108
2025,Città Metropolitana di Cagliari,Domus De Maria,Casa/App. vacanze,1 Stella,1,5,2
2025,Città Metropolitana di Cagliari,Domus De Maria,Casa/App. vacanze,2 Stelle,1,23,11
2025,Città Metropolitana di Cagliari,Domus De Maria,Casa/App. vacanze,3 Stelle,2,12,4
2025,Città Metropolitana di Cagliari,Domus De Maria,Casa/App. vacanze,II Categoria,11,221,58
2025,Città Metropolitana di Cagliari,Domus De Maria,Casa/App. vacanze,III Categoria,1,4,3
2025,Città Metropolitana di Cagliari,Domus De Maria,Residence,II Categoria,1,60,24
2025,Città Metropolitana di Cagliari,Domus De Maria,Villaggio albergo,5 Stelle,1,165,77
2025,Città Metropolitana di Cagliari,Donori,Agriturismo,,1,17,5
2025,Città Metropolitana di Cagliari,Donori,Altri alloggi privati,,3,14,6
2025,Città Metropolitana di Cagliari,Elmas,Affittacamere,3 Stelle,1,4,2
2025,Città Metropolitana di Cagliari,Elmas,Albergo,3 Stelle,1,72,34
2025,Città Metropolitana di Cagliari,Elmas,Altri alloggi privati,,46,183,83
2025,Città Metropolitana di Cagliari,Elmas,Bed & Breakfast,,1,3,2
2025,Città Metropolitana di Cagliari,Elmas,Bed & Breakfast,1 Stella,3,12,4
2025,Città Metropolitana di Cagliari,Elmas,Bed & Breakfast,2 Stelle,1,2,1
2025,Città Metropolitana di Cagliari,Elmas,Bed & Breakfast,3 Stelle,2,8,5
2025,Città Metropolitana di Cagliari,Escalaplano,Affittacamere,1 Stella,1,8,5
2025,Città Metropolitana di Cagliari,Escalaplano,Affittacamere,II Categoria,1,10,5
2025,Città Metropolitana di Cagliari,Escalaplano,Agriturismo,,2,12,0
2025,Città Metropolitana di Cagliari,Escalaplano,Bed & Breakfast,1 Stella,1,4,2
2025,Città Metropolitana di Cagliari,Escalaplano,Bed & Breakfast,2 Stelle,1,6,3
2025,Città Metropolitana di Cagliari,Escalaplano,Bed & Breakfast,3 Stelle,1,4,2
2025,Città Metropolitana di Cagliari,Escolca,Affittacamere,II Categoria,1,9,4
2025,Città Metropolitana di Cagliari,Esterzili,Altri alloggi privati,,2,12,5
2025,Città Metropolitana di Cagliari,Esterzili,Bed & Breakfast,1 Stella,2,5,3
2025,Città Metropolitana di Cagliari,Genoni,Affittacamere,3 Stelle,1,9,4
2025,Città Metropolitana di Cagliari,Genoni,Agriturismo,,1,18,9
2025,Città Metropolitana di Cagliari,Genoni,Altri alloggi privati,,2,16,6
2025,Città Metropolitana di Cagliari,Gergei,Affittacamere,,1,9,4
2025,Città Metropolitana di Cagliari,Gergei,Affittacamere,1 Stella,1,5,2
2025,Città Metropolitana di Cagliari,Gergei,Affittacamere,2 Stelle,1,8,2
2025,Città Metropolitana di Cagliari,Gergei,Affittacamere,3 Stelle,1,4,2
2025,Città Metropolitana di Cagliari,Gergei,Affittacamere,II Categoria,1,2,1
2025,Città Metropolitana di Cagliari,Gergei,Agriturismo,,1,20,10
2025,Città Metropolitana di Cagliari,Gergei,Altri alloggi privati,,6,36,16
2025,Città Metropolitana di Cagliari,Gergei,Bed & Breakfast,3 Stelle,1,2,1
2025,Città Metropolitana di Cagliari,Goni,Agriturismo,,1,6,0
2025,Città Metropolitana di Cagliari,Guamaggiore,Bed & Breakfast,2 Stelle,1,7,3
2025,Città Metropolitana di Cagliari,Guasila,Albergo Rurale,1 Stella,1,12,8
2025,Città Metropolitana di Cagliari,Guasila,Bed & Breakfast,1 Stella,1,6,2
2025,Città Metropolitana di Cagliari,Isili,Affittacamere,2 Stelle,1,5,3
2025,Città Metropolitana di Cagliari,Isili,Affittacamere,3 Stelle,1,2,1
2025,Città Metropolitana di Cagliari,Isili,Affittacamere,II Categoria,1,3,2
2025,Città Metropolitana di Cagliari,Isili,Agriturismo,,1,8,0
2025,Città Metropolitana di Cagliari,Isili,Albergo,2 Stelle,1,25,14
2025,Città Metropolitana di Cagliari,Isili,Altri alloggi privati,,5,16,8
2025,Città Metropolitana di Cagliari,Isili,Bed & Breakfast,1 Stella,2,9,5
2025,Città Metropolitana di Cagliari,Isili,Bed & Breakfast,3 Stelle,1,2,1
2025,Città Metropolitana di Cagliari,Mandas,Affittacamere,3 Stelle,2,20,15
2025,Città Metropolitana di Cagliari,Mandas,Agriturismo,,1,8,4
2025,Città Metropolitana di Cagliari,Mandas,Bed & Breakfast,1 Stella,1,3,2
2025,Città Metropolitana di Cagliari,Mandas,Bed & Breakfast,3 Stelle,2,9,5
2025,Città Metropolitana di Cagliari,Maracalagonis,Affittacamere,,1,5,4
2025,Città Metropolitana di Cagliari,Maracalagonis,Affittacamere,1 Stella,1,6,5
2025,Città Metropolitana di Cagliari,Maracalagonis,Affittacamere,3 Stelle,2,21,9
2025,Città Metropolitana di Cagliari,Maracalagonis,Affittacamere,II Categoria,1,2,2
2025,Città Metropolitana di Cagliari,Maracalagonis,Agriturismo,,2,22,8
2025,Città Metropolitana di Cagliari,Maracalagonis,Albergo,3 Stelle,1,32,15
2025,Città Metropolitana di Cagliari,Maracalagonis,Altri alloggi privati,,420,2625,1213
2025,Città Metropolitana di Cagliari,Maracalagonis,Bed & Breakfast,1 Stella,3,14,8
2025,Città Metropolitana di Cagliari,Maracalagonis,Bed & Breakfast,2 Stelle,4,17,8
2025,Città Metropolitana di Cagliari,Maracalagonis,Bed & Breakfast,3 Stelle,1,6,3
2025,Città Metropolitana di Cagliari,Maracalagonis,Casa/App. vacanze,,1,184,0
2025,Città Metropolitana di Cagliari,Maracalagonis,Casa/App. vacanze,2 Stelle,1,15,6
2025,Città Metropolitana di Cagliari,Maracalagonis,Casa/App. vacanze,3 Stelle,1,16,8
2025,Città Metropolitana di Cagliari,Maracalagonis,Casa/App. vacanze,II Categoria,1,44,13
2025,Città Metropolitana di Cagliari,Maracalagonis,Residence,III Categoria,1,140,46
2025,Città Metropolitana di Cagliari,Maracalagonis,Villaggio albergo,4 Stelle,1,828,328
2025,Città Metropolitana di Cagliari,Monastir,Affittacamere,III Categoria,1,10,5
2025,Città Metropolitana di Cagliari,Monastir,Agriturismo,,1,0,0
2025,Città Metropolitana di Cagliari,Monastir,Albergo,3 Stelle,1,46,22
2025,Città Metropolitana di Cagliari,Monastir,Altri alloggi privati,,5,22,8
2025,Città Metropolitana di Cagliari,Monastir,Bed & Breakfast,3 Stelle,2,8,3
2025,Città Metropolitana di Cagliari,Monserrato,Affittacamere,3 Stelle,2,11,7
2025,Città Metropolitana di Cagliari,Monserrato,Affittacamere,II Categoria,3,27,14
2025,Città Metropolitana di Cagliari,Monserrato,Altri alloggi privati,,95,370,177
2025,Città Metropolitana di Cagliari,Monserrato,Bed & Breakfast,,3,15,6
2025,Città Metropolitana di Cagliari,Monserrato,Bed & Breakfast,1 Stella,1,4,2
2025,Città Metropolitana di Cagliari,Monserrato,Bed & Breakfast,3 Stelle,1,1,1
2025,Città Metropolitana di Cagliari,Monserrato,Casa/App. vacanze,II Categoria,1,9,7
2025,Città Metropolitana di Cagliari,Muravera,Affittacamere,,1,14,6
2025,Città Metropolitana di Cagliari,Muravera,Affittacamere,1 Stella,2,6,4
2025,Città Metropolitana di Cagliari,Muravera,Affittacamere,2 Stelle,1,10,5
2025,Città Metropolitana di Cagliari,Muravera,Affittacamere,II Categoria,4,38,17
2025,Città Metropolitana di Cagliari,Muravera,Agriturismo,,8,125,45
2025,Città Metropolitana di Cagliari,Muravera,Albergo,1 Stella,1,24,16
2025,Città Metropolitana di Cagliari,Muravera,Albergo,2 Stelle,1,26,13
2025,Città Metropolitana di Cagliari,Muravera,Albergo,3 Stelle,3,493,239
2025,Città Metropolitana di Cagliari,Muravera,Albergo,4 Stelle,6,1184,535
2025,Città Metropolitana di Cagliari,Muravera,Albergo Rurale,3 Stelle,2,42,24
2025,Città Metropolitana di Cagliari,Muravera,Altri alloggi privati,,963,4487,1970
2025,Città Metropolitana di Cagliari,Muravera,Altri alloggi privati,1 Stella,1,4,2
2025,Città Metropolitana di Cagliari,Muravera,Bed & Breakfast,1 Stella,4,15,9
2025,Città Metropolitana di Cagliari,Muravera,Bed & Breakfast,2 Stelle,9,36,22
2025,Città Metropolitana di Cagliari,Muravera,Bed & Breakfast,3 Stelle,7,39,19
2025,Città Metropolitana di Cagliari,Muravera,Campeggio,3 Stelle,2,899,216
2025,Città Metropolitana di Cagliari,Muravera,Campeggio,4 Stelle,1,1108,286
2025,Città Metropolitana di Cagliari,Muravera,Casa/App. vacanze,,4,182,187
2025,Città Metropolitana di Cagliari,Muravera,Casa/App. vacanze,1 Stella,5,94,66
2025,Città Metropolitana di Cagliari,Muravera,Casa/App. vacanze,2 Stelle,2,221,182
2025,Città Metropolitana di Cagliari,Muravera,Casa/App. vacanze,3 Stelle,2,34,23
2025,Città Metropolitana di Cagliari,Muravera,Casa/App. vacanze,I Categoria,1,72,36
2025,Città Metropolitana di Cagliari,Muravera,Casa/App. vacanze,II Categoria,11,538,241
2025,Città Metropolitana di Cagliari,Muravera,Casa/App. vacanze,III Categoria,18,14,11
2025,Città Metropolitana di Cagliari,Muravera,Locanda,II Categoria,1,15,6
2025,Città Metropolitana di Cagliari,Muravera,Residence,I Categoria,1,16,8
2025,Città Metropolitana di Cagliari,Muravera,Residenza Turistico Alberghiera (R.T.A.),3 Stelle,1,302,98
2025,Città Metropolitana di Cagliari,Muravera,Villaggio albergo,4 Stelle,2,1418,530
2025,Città Metropolitana di Cagliari,Muravera,Villaggio turistico,4 Stelle,2,1479,364
2025,Città Metropolitana di Cagliari,Nuragus,Affittacamere,II Categoria,1,6,5
2025,Città Metropolitana di Cagliari,Nuragus,Altri alloggi privati,,1,4,2
2025,Città Metropolitana di Cagliari,Nuragus,Bed & Breakfast,1 Stella,1,3,2
2025,Città Metropolitana di Cagliari,Nurallao,Agriturismo,,1,12,6
2025,Città Metropolitana di Cagliari,Nurallao,Bed & Breakfast,3 Stelle,2,11,4
2025,Città Metropolitana di Cagliari,Nuraminis,Albergo,2 Stelle,1,37,20
2025,Città Metropolitana di Cagliari,Nuraminis,Altri alloggi privati,,1,7,4
2025,Città Metropolitana di Cagliari,Nuraminis,Bed & Breakfast,3 Stelle,1,3,2
2025,Città Metropolitana di Cagliari,Nurri,Agriturismo,,1,6,3
2025,Città Metropolitana di Cagliari,Nurri,Albergo,3 Stelle,1,20,10
2025,Città Metropolitana di Cagliari,Nurri,Altri alloggi privati,,1,8,4
2025,Città Metropolitana di Cagliari,Orroli,Albergo Rurale,1 Stella,1,18,9
2025,Città Metropolitana di Cagliari,Orroli,Albergo Rurale,2 Stelle,1,20,7
2025,Città Metropolitana di Cagliari,Orroli,Albergo diffuso,3 Stelle,1,23,11
2025,Città Metropolitana di Cagliari,Orroli,Altri alloggi privati,,3,16,8
2025,Città Metropolitana di Cagliari,Orroli,Bed & Breakfast,2 Stelle,2,12,6
2025,Città Metropolitana di Cagliari,Orroli,Bed & Breakfast,3 Stelle,1,4,3
2025,Città Metropolitana di Cagliari,Pimentel,Altri alloggi privati,,4,18,9
2025,Città Metropolitana di Cagliari,Pimentel,Bed & Breakfast,,1,5,3
2025,Città Metropolitana di Cagliari,Pula,Affittacamere,1 Stella,2,8,5
2025,Città Metropolitana di Cagliari,Pula,Affittacamere,2 Stelle,1,8,5
2025,Città Metropolitana di Cagliari,Pula,Affittacamere,3 Stelle,3,27,15
2025,Città Metropolitana di Cagliari,Pula,Affittacamere,I Categoria,1,6,3
2025,Città Metropolitana di Cagliari,Pula,Affittacamere,II Categoria,12,80,46
2025,Città Metropolitana di Cagliari,Pula,Agriturismo,,2,17,9
2025,Città Metropolitana di Cagliari,Pula,Albergo,3 Stelle,6,234,121
2025,Città Metropolitana di Cagliari,Pula,Albergo,4 Stelle,15,2250,1031
2025,Città Metropolitana di Cagliari,Pula,Albergo,4 Stelle Superior,1,156,72
2025,Città Metropolitana di Cagliari,Pula,Albergo,5 Stelle,5,1124,475
2025,Città Metropolitana di Cagliari,Pula,Albergo Rurale,1 Stella,1,13,7
2025,Città Metropolitana di Cagliari,Pula,Albergo Rurale,3 Stelle,1,67,35
2025,Città Metropolitana di Cagliari,Pula,Albergo Rurale,4 Stelle,1,20,14
2025,Città Metropolitana di Cagliari,Pula,Altri alloggi privati,,1096,5607,2573
2025,Città Metropolitana di Cagliari,Pula,Bed & Breakfast,,4,24,11
2025,Città Metropolitana di Cagliari,Pula,Bed & Breakfast,1 Stella,1,4,2
2025,Città Metropolitana di Cagliari,Pula,Bed & Breakfast,2 Stelle,8,39,20
2025,Città Metropolitana di Cagliari,Pula,Bed & Breakfast,3 Stelle,9,37,19
2025,Città Metropolitana di Cagliari,Pula,Campeggio,2 Stelle,2,1070,249
2025,Città Metropolitana di Cagliari,Pula,Casa/App. vacanze,1 Stella,2,45,11
2025,Città Metropolitana di Cagliari,Pula,Casa/App. vacanze,3 Stelle,3,95,34
2025,Città Metropolitana di Cagliari,Pula,Casa/App. vacanze,II Categoria,3,630,148
2025,Città Metropolitana di Cagliari,Pula,Ostello,III Categoria,1,83,21
2025,Città Metropolitana di Cagliari,Pula,Residenza Turistico Alberghiera (R.T.A.),2 Stelle,2,89,36
2025,Città Metropolitana di Cagliari,Pula,Residenza Turistico Alberghiera (R.T.A.),3 Stelle,5,252,76
2025,Città Metropolitana di Cagliari,Pula,Residenza Turistico Alberghiera (R.T.A.),4 Stelle,1,173,54
2025,Città Metropolitana di Cagliari,Pula,Villaggio albergo,4 Stelle,1,198,87
2025,Città Metropolitana di Cagliari,Pula,Villaggio turistico,3 Stelle,1,399,100
2025,Città Metropolitana di Cagliari,Quartu Sant'Elena,Affittacamere,,1,5,3
2025,Città Metropolitana di Cagliari,Quartu Sant'Elena,Affittacamere,1 Stella,5,27,15
2025,Città Metropolitana di Cagliari,Quartu Sant'Elena,Affittacamere,2 Stelle,1,5,2
2025,Città Metropolitana di Cagliari,Quartu Sant'Elena,Affittacamere,3 Stelle,12,85,42
2025,Città Metropolitana di Cagliari,Quartu Sant'Elena,Affittacamere,I Categoria,7,76,30
2025,Città Metropolitana di Cagliari,Quartu Sant'Elena,Affittacamere,II Categoria,17,109,56
2025,Città Metropolitana di Cagliari,Quartu Sant'Elena,Affittacamere,III Categoria,1,10,5
2025,Città Metropolitana di Cagliari,Quartu Sant'Elena,Albergo,1 Stella,1,18,13
2025,Città Metropolitana di Cagliari,Quartu Sant'Elena,Albergo,2 Stelle,1,23,15
2025,Città Metropolitana di Cagliari,Quartu Sant'Elena,Albergo,3 Stelle,2,41,22
2025,Città Metropolitana di Cagliari,Quartu Sant'Elena,Albergo,4 Stelle,2,845,358
2025,Città Metropolitana di Cagliari,Quartu Sant'Elena,Albergo Rurale,3 Stelle,1,78,39
2025,Città Metropolitana di Cagliari,Quartu Sant'Elena,Altri alloggi privati,,1511,6921,3023
2025,Città Metropolitana di Cagliari,Quartu Sant'Elena,Bed & Breakfast,,7,34,15
2025,Città Metropolitana di Cagliari,Quartu Sant'Elena,Bed & Breakfast,1 Stella,13,49,28
2025,Città Metropolitana di Cagliari,Quartu Sant'Elena,Bed & Breakfast,2 Stelle,5,13,8
2025,Città Metropolitana di Cagliari,Quartu Sant'Elena,Bed & Breakfast,3 Stelle,14,72,38
2025,Città Metropolitana di Cagliari,Quartu Sant'Elena,Casa/App. vacanze,1 Stella,2,42,18
2025,Città Metropolitana di Cagliari,Quartu Sant'Elena,Casa/App. vacanze,3 Stelle,2,20,9
2025,Città Metropolitana di Cagliari,Quartu Sant'Elena,Casa/App. vacanze,II Categoria,4,107,44
2025,Città Metropolitana di Cagliari,Quartu Sant'Elena,Marina Resort,4 Stelle,1,1897,390
2025,Città Metropolitana di Cagliari,Quartu Sant'Elena,Residence,,1,81,30
2025,Città Metropolitana di Cagliari,Quartu Sant'Elena,Residenza Turistico Alberghiera (R.T.A.),3 Stelle,1,198,83
2025,Città Metropolitana di Cagliari,Quartu Sant'Elena,Villaggio turistico,3 Stelle,1,246,93
2025,Città Metropolitana di Cagliari,Quartucciu,Affittacamere,3 Stelle,2,18,9
2025,Città Metropolitana di Cagliari,Quartucciu,Affittacamere,II Categoria,1,6,3
2025,Città Metropolitana di Cagliari,Quartucciu,Affittacamere,III Categoria,1,9,3
2025,Città Metropolitana di Cagliari,Quartucciu,Agriturismo,,2,14,8
2025,Città Metropolitana di Cagliari,Quartucciu,Albergo,3 Stelle,2,83,42
2025,Città Metropolitana di Cagliari,Quartucciu,Altri alloggi privati,,66,261,122
2025,Città Metropolitana di Cagliari,Quartucciu,Bed & Breakfast,,3,10,5
2025,Città Metropolitana di Cagliari,Quartucciu,Bed & Breakfast,1 Stella,2,4,3
2025,Città Metropolitana di Cagliari,Quartucciu,Bed & Breakfast,2 Stelle,3,11,5
2025,Città Metropolitana di Cagliari,Quartucciu,Bed & Breakfast,3 Stelle,4,21,11
2025,Città Metropolitana di Cagliari,Sadali,Affittacamere,2 Stelle,1,12,5
2025,Città Metropolitana di Cagliari,Sadali,Affittacamere,II Categoria,2,26,12
2025,Città Metropolitana di Cagliari,Sadali,Altri alloggi privati,,4,19,9
2025,Città Metropolitana di Cagliari,Samatzai,Altri alloggi privati,,2,12,5
2025,Città Metropolitana di Cagliari,San Basilio,Bed & Breakfast,,1,6,0
2025,Città Metropolitana di Cagliari,San Basilio,Bed & Breakfast,2 Stelle,1,2,1
2025,Città Metropolitana di Cagliari,San Nicolò Gerrei,Agriturismo,,1,6,0
2025,Città Metropolitana di Cagliari,San Nicolò Gerrei,Altri alloggi privati,,2,8,4
2025,Città Metropolitana di Cagliari,San Nicolò Gerrei,Bed & Breakfast,1 Stella,1,6,3
2025,Città Metropolitana di Cagliari,San Sperate,Agriturismo,,1,0,0
2025,Città Metropolitana di Cagliari,San Sperate,Albergo,3 Stelle,1,24,15
2025,Città Metropolitana di Cagliari,San Sperate,Altri alloggi privati,,25,104,45
2025,Città Metropolitana di Cagliari,San Sperate,Bed & Breakfast,2 Stelle,1,7,3
2025,Città Metropolitana di Cagliari,San Sperate,Bed & Breakfast,3 Stelle,3,11,6
2025,Città Metropolitana di Cagliari,San Vito,Affittacamere,3 Stelle,1,7,4
2025,Città Metropolitana di Cagliari,San Vito,Affittacamere,I Categoria,2,17,10
2025,Città Metropolitana di Cagliari,San Vito,Agriturismo,,1,19,5
2025,Città Metropolitana di Cagliari,San Vito,Albergo,2 Stelle,1,48,25
2025,Città Metropolitana di Cagliari,San Vito,Altri alloggi privati,,54,251,116
2025,Città Metropolitana di Cagliari,San Vito,Bed & Breakfast,1 Stella,2,10,5
2025,Città Metropolitana di Cagliari,San Vito,Bed & Breakfast,2 Stelle,1,2,1
2025,Città Metropolitana di Cagliari,San Vito,Bed & Breakfast,3 Stelle,10,56,27
2025,Città Metropolitana di Cagliari,San Vito,Casa/App. vacanze,,1,7,4
2025,Città Metropolitana di Cagliari,Sant'Andrea Frius,Altri alloggi privati,,2,7,3
2025,Città Metropolitana di Cagliari,Sarroch,Affittacamere,III Categoria,1,10,5
2025,Città Metropolitana di Cagliari,Sarroch,Agriturismo,,1,9,0
2025,Città Metropolitana di Cagliari,Sarroch,Albergo,1 Stella,1,25,14
2025,Città Metropolitana di Cagliari,Sarroch,Albergo,2 Stelle,1,24,15
2025,Città Metropolitana di Cagliari,Sarroch,Altri alloggi privati,,161,909,419
2025,Città Metropolitana di Cagliari,Sarroch,Bed & Breakfast,,1,6,3
2025,Città Metropolitana di Cagliari,Sarroch,Bed & Breakfast,1 Stella,3,14,6
2025,Città Metropolitana di Cagliari,Sarroch,Bed & Breakfast,2 Stelle,2,8,4
2025,Città Metropolitana di Cagliari,Sarroch,Bed & Breakfast,3 Stelle,2,11,6
2025,Città Metropolitana di Cagliari,Sarroch,Casa/App. vacanze,3 Stelle,1,23,16
2025,Città Metropolitana di Cagliari,Selargius,Affittacamere,3 Stelle,2,5,3
2025,Città Metropolitana di Cagliari,Selargius,Affittacamere,II Categoria,4,20,12
2025,Città Metropolitana di Cagliari,Selargius,Albergo,3 Stelle,1,147,87
2025,Città Metropolitana di Cagliari,Selargius,Altri alloggi privati,,89,327,144
2025,Città Metropolitana di Cagliari,Selargius,Bed & Breakfast,,4,13,8
2025,Città Metropolitana di Cagliari,Selargius,Bed & Breakfast,1 Stella,4,15,8
2025,Città Metropolitana di Cagliari,Selargius,Bed & Breakfast,3 Stelle,6,25,14
2025,Città Metropolitana di Cagliari,Selegas,Agriturismo,,1,6,0
2025,Città Metropolitana di Cagliari,Selegas,Bed & Breakfast,3 Stelle,1,8,3
2025,Città Metropolitana di Cagliari,Senorbì,Affittacamere,3 Stelle,2,16,8
2025,Città Metropolitana di Cagliari,Senorbì,Agriturismo,,1,4,2
2025,Città Metropolitana di Cagliari,Senorbì,Albergo,3 Stelle,1,24,12
2025,Città Metropolitana di Cagliari,Senorbì,Altri alloggi privati,,9,40,18
2025,Città Metropolitana di Cagliari,Senorbì,Bed & Breakfast,,2,7,3
2025,Città Metropolitana di Cagliari,Senorbì,Bed & Breakfast,1 Stella,1,5,2
2025,Città Metropolitana di Cagliari,Senorbì,Bed & Breakfast,2 Stelle,1,3,2
2025,Città Metropolitana di Cagliari,Serdiana,Affittacamere,3 Stelle,1,17,5
2025,Città Metropolitana di Cagliari,Serdiana,Agriturismo,,1,10,5
2025,Città Metropolitana di Cagliari,Serdiana,Altri alloggi privati,,3,13,6
2025,Città Metropolitana di Cagliari,Serdiana,Bed & Breakfast,2 Stelle,1,6,3
2025,Città Metropolitana di Cagliari,Serri,Affittacamere,1 Stella,1,5,3
2025,Città Metropolitana di Cagliari,Serri,Affittacamere,II Categoria,1,8,4
2025,Città Metropolitana di Cagliari,Serri,Agriturismo,,1,6,4
2025,Città Metropolitana di Cagliari,Serri,Altri alloggi privati,,1,10,4
2025,Città Metropolitana di Cagliari,Serri,Bed & Breakfast,2 Stelle,1,4,3
2025,Città Metropolitana di Cagliari,Sestu,Affittacamere,1 Stella,1,12,5
2025,Città Metropolitana di Cagliari,Sestu,Affittacamere,2 Stelle,4,16,12
2025,Città Metropolitana di Cagliari,Sestu,Affittacamere,3 Stelle,2,20,8
2025,Città Metropolitana di Cagliari,Sestu,Affittacamere,III Categoria,1,8,4
2025,Città Metropolitana di Cagliari,Sestu,Agriturismo,,1,16,8
2025,Città Metropolitana di Cagliari,Sestu,Altri alloggi privati,,55,184,95
2025,Città Metropolitana di Cagliari,Sestu,Bed & Breakfast,1 Stella,2,10,5
2025,Città Metropolitana di Cagliari,Sestu,Bed & Breakfast,2 Stelle,2,10,4
2025,Città Metropolitana di Cagliari,Sestu,Bed & Breakfast,3 Stelle,2,9,6
2025,Città Metropolitana di Cagliari,Sestu,Casa/App. vacanze,II Categoria,1,12,4
2025,Città Metropolitana di Cagliari,Settimo San Pietro,Albergo,2 Stelle,1,20,7
2025,Città Metropolitana di Cagliari,Settimo San Pietro,Altri alloggi privati,,9,35,15
2025,Città Metropolitana di Cagliari,Settimo San Pietro,Bed & Breakfast,2 Stelle,1,3,1
2025,Città Metropolitana di Cagliari,Settimo San Pietro,Bed & Breakfast,3 Stelle,1,5,3
2025,Città Metropolitana di Cagliari,Siliqua,Agriturismo,,1,12,0
2025,Città Metropolitana di Cagliari,Siliqua,Altri alloggi privati,,3,14,5
2025,Città Metropolitana di Cagliari,Siliqua,Bed & Breakfast,3 Stelle,1,7,2
2025,Città Metropolitana di Cagliari,Silius,Altri alloggi privati,,1,2,1
2025,Città Metropolitana di Cagliari,Sinnai,Affittacamere,2 Stelle,1,4,4
2025,Città Metropolitana di Cagliari,Sinnai,Affittacamere,3 Stelle,1,6,3
2025,Città Metropolitana di Cagliari,Sinnai,Affittacamere,I Categoria,1,3,3
2025,Città Metropolitana di Cagliari,Sinnai,Affittacamere,II Categoria,3,25,13
2025,Città Metropolitana di Cagliari,Sinnai,Agriturismo,,2,31,0
2025,Città Metropolitana di Cagliari,Sinnai,Albergo,3 Stelle,3,99,37
2025,Città Metropolitana di Cagliari,Sinnai,Albergo Rurale,2 Stelle,1,20,10
2025,Città Metropolitana di Cagliari,Sinnai,Altri alloggi privati,,318,1765,814
2025,Città Metropolitana di Cagliari,Sinnai,Bed & Breakfast,,6,31,15
2025,Città Metropolitana di Cagliari,Sinnai,Bed & Breakfast,1 Stella,4,12,7
2025,Città Metropolitana di Cagliari,Sinnai,Bed & Breakfast,2 Stelle,4,21,10
2025,Città Metropolitana di Cagliari,Sinnai,Bed & Breakfast,3 Stelle,4,18,9
2025,Città Metropolitana di Cagliari,Sinnai,Casa per ferie e ospitalità religiosa,III Categoria,2,136,50
2025,Città Metropolitana di Cagliari,Sinnai,Residenza Turistico Alberghiera (R.T.A.),3 Stelle,1,114,32
2025,Città Metropolitana di Cagliari,Siurgus Donigala,Bed & Breakfast,3 Stelle,1,6,2
2025,Città Metropolitana di Cagliari,Soleminis,Agriturismo,,2,30,0
2025,Città Metropolitana di Cagliari,Soleminis,Altri alloggi privati,,7,25,10
2025,Città Metropolitana di Cagliari,Soleminis,Bed & Breakfast,3 Stelle,1,2,1
2025,Città Metropolitana di Cagliari,Suelli,Altri alloggi privati,,1,2,1
2025,Città Metropolitana di Cagliari,Suelli,Bed & Breakfast,2 Stelle,2,6,3
2025,Città Metropolitana di Cagliari,Ussana,Agriturismo,,1,12,0
2025,Città Metropolitana di Cagliari,Ussana,Altri alloggi privati,,11,46,19
2025,Città Metropolitana di Cagliari,Uta,Affittacamere,II Categoria,2,16,8
2025,Città Metropolitana di Cagliari,Uta,Agriturismo,,4,54,17
2025,Città Metropolitana di Cagliari,Uta,Albergo,3 Stelle,1,20,10
2025,Città Metropolitana di Cagliari,Uta,Albergo Rurale,2 Stelle,1,13,7
2025,Città Metropolitana di Cagliari,Uta,Altri alloggi privati,,14,65,29
2025,Città Metropolitana di Cagliari,Uta,Bed & Breakfast,1 Stella,1,6,3
2025,Città Metropolitana di Cagliari,Uta,Bed & Breakfast,2 Stelle,1,6,3
2025,Città Metropolitana di Cagliari,Uta,Bed & Breakfast,3 Stelle,2,12,6
2025,Città Metropolitana di Cagliari,Vallermosa,Albergo,1 Stella,1,24,12
2025,Città Metropolitana di Cagliari,Vallermosa,Altri alloggi privati,,1,4,2
2025,Città Metropolitana di Cagliari,Vallermosa,Bed & Breakfast,3 Stelle,1,6,3
2025,Città Metropolitana di Cagliari,Vallermosa,Casa per ferie e ospitalità religiosa,,1,54,54
2025,Città Metropolitana di Cagliari,Villa San Pietro,Affittacamere,1 Stella,1,3,2
2025,Città Metropolitana di Cagliari,Villa San Pietro,Affittacamere,3 Stelle,1,7,3
2025,Città Metropolitana di Cagliari,Villa San Pietro,Affittacamere,II Categoria,1,5,4
2025,Città Metropolitana di Cagliari,Villa San Pietro,Agriturismo,,4,39,12
2025,Città Metropolitana di Cagliari,Villa San Pietro,Albergo,3 Stelle,1,20,10
2025,Città Metropolitana di Cagliari,Villa San Pietro,Altri alloggi privati,,58,266,130
2025,Città Metropolitana di Cagliari,Villa San Pietro,Bed & Breakfast,2 Stelle,1,3,1
2025,Città Metropolitana di Cagliari,Villa San Pietro,Bed & Breakfast,3 Stelle,3,20,7
2025,Città Metropolitana di Cagliari,Villa San Pietro,Residence,II Categoria,1,12,7
2025,Città Metropolitana di Cagliari,Villanova Tulo,Bed & Breakfast,1 Stella,1,3,2
2025,Città Metropolitana di Cagliari,Villanova Tulo,Bed & Breakfast,2 Stelle,1,4,2
2025,Città Metropolitana di Cagliari,Villaputzu,Affittacamere,II Categoria,2,16,10
2025,Città Metropolitana di Cagliari,Villaputzu,Affittacamere,III Categoria,1,6,2
2025,Città Metropolitana di Cagliari,Villaputzu,Agriturismo,,2,32,15
2025,Città Metropolitana di Cagliari,Villaputzu,Albergo,3 Stelle,1,20,16
2025,Città Metropolitana di Cagliari,Villaputzu,Altri alloggi privati,,156,757,313
2025,Città Metropolitana di Cagliari,Villaputzu,Bed & Breakfast,1 Stella,4,13,8
2025,Città Metropolitana di Cagliari,Villaputzu,Bed & Breakfast,2 Stelle,3,12,6
2025,Città Metropolitana di Cagliari,Villaputzu,Bed & Breakfast,3 Stelle,2,9,5
2025,Città Metropolitana di Cagliari,Villaputzu,Boat & Breakfast,Non definito,1,5,2
2025,Città Metropolitana di Cagliari,Villaputzu,Casa/App. vacanze,,2,215,121
2025,Città Metropolitana di Cagliari,Villaputzu,Casa/App. vacanze,3 Stelle,1,11,5
2025,Città Metropolitana di Cagliari,Villaputzu,Casa/App. vacanze,II Categoria,1,22,8
2025,Città Metropolitana di Cagliari,Villaputzu,Residence,I Categoria,1,81,27
2025,Città Metropolitana di Cagliari,Villaputzu,Residence,II Categoria,1,59,27
2025,Città Metropolitana di Cagliari,Villasalto,Bed & Breakfast,,2,8,4
2025,Città Metropolitana di Cagliari,Villasalto,Bed & Breakfast,1 Stella,2,9,5
2025,Città Metropolitana di Cagliari,Villasimius,Affittacamere,,1,3,2
2025,Città Metropolitana di Cagliari,Villasimius,Affittacamere,1 Stella,4,17,10
2025,Città Metropolitana di Cagliari,Villasimius,Affittacamere,2 Stelle,3,14,10
2025,Città Metropolitana di Cagliari,Villasimius,Affittacamere,3 Stelle,10,106,47
2025,Città Metropolitana di Cagliari,Villasimius,Affittacamere,I Categoria,6,55,25
2025,Città Metropolitana di Cagliari,Villasimius,Affittacamere,II Categoria,15,113,60
2025,Città Metropolitana di Cagliari,Villasimius,Affittacamere,III Categoria,2,7,5
2025,Città Metropolitana di Cagliari,Villasimius,Albergo,1 Stella,1,20,8
2025,Città Metropolitana di Cagliari,Villasimius,Albergo,2 Stelle,1,45,23
2025,Città Metropolitana di Cagliari,Villasimius,Albergo,3 Stelle,26,756,384
2025,Città Metropolitana di Cagliari,Villasimius,Albergo,4 Stelle,8,1103,419
2025,Città Metropolitana di Cagliari,Villasimius,Albergo,5 Stelle,2,1084,386
2025,Città Metropolitana di Cagliari,Villasimius,Albergo Rurale,3 Stelle,1,20,10
2025,Città Metropolitana di Cagliari,Villasimius,Altri alloggi privati,,1662,8029,3582
2025,Città Metropolitana di Cagliari,Villasimius,Bed & Breakfast,,1,7,3
2025,Città Metropolitana di Cagliari,Villasimius,Bed & Breakfast,1 Stella,4,16,8
2025,Città Metropolitana di Cagliari,Villasimius,Bed & Breakfast,2 Stelle,5,28,13
2025,Città Metropolitana di Cagliari,Villasimius,Bed & Breakfast,3 Stelle,14,73,35
2025,Città Metropolitana di Cagliari,Villasimius,Campeggio,3 Stelle,1,959,214
2025,Città Metropolitana di Cagliari,Villasimius,Casa per ferie e ospitalità religiosa,III Categoria,1,17,9
2025,Città Metropolitana di Cagliari,Villasimius,Casa/App. vacanze,,1,10,3
2025,Città Metropolitana di Cagliari,Villasimius,Casa/App. vacanze,1 Stella,1,20,14
2025,Città Metropolitana di Cagliari,Villasimius,Casa/App. vacanze,2 Stelle,1,36,25
2025,Città Metropolitana di Cagliari,Villasimius,Casa/App. vacanze,3 Stelle,2,65,52
2025,Città Metropolitana di Cagliari,Villasimius,Casa/App. vacanze,II Categoria,6,416,152
2025,Città Metropolitana di Cagliari,Villasimius,Residenza Turistico Alberghiera (R.T.A.),2 Stelle,4,242,77
2025,Città Metropolitana di Cagliari,Villasimius,Residenza Turistico Alberghiera (R.T.A.),3 Stelle,8,712,230
2025,Città Metropolitana di Cagliari,Villasimius,Residenza Turistico Alberghiera (R.T.A.),4 Stelle,1,189,45
2025,Città Metropolitana di Cagliari,Villasimius,Villaggio albergo,4 Stelle,1,2865,914
2025,Città Metropolitana di Cagliari,Villasor,Albergo,1 Stella,1,13,11
2025,Città Metropolitana di Cagliari,Villasor,Altri alloggi privati,,6,20,9
2025,Città Metropolitana di Cagliari,Villasor,Bed & Breakfast,1 Stella,1,6,3
2025,Città Metropolitana di Cagliari,Villaspeciosa,Altri alloggi privati,,4,13,7
2025,Città Metropolitana di Cagliari,Villaspeciosa,Bed & Breakfast,,1,3,1
2025,Città Metropolitana di Cagliari,Villaspeciosa,Bed & Breakfast,1 Stella,1,4,2
2025,Città Metropolitana di Sassari,Alghero,Affittacamere,,38,271,131
2025,Città Metropolitana di Sassari,Alghero,Affittacamere,1 Stella,13,70,40
2025,Città Metropolitana di Sassari,Alghero,Affittacamere,2 Stelle,49,309,157
2025,Città Metropolitana di Sassari,Alghero,Affittacamere,3 Stelle,59,480,227
2025,Città Metropolitana di Sassari,Alghero,Affittacamere,I Categoria,5,27,19
2025,Città Metropolitana di Sassari,Alghero,Affittacamere,II Categoria,86,678,322
2025,Città Metropolitana di Sassari,Alghero,Affittacamere,III Categoria,10,84,42
2025,Città Metropolitana di Sassari,Alghero,Agriturismo,,38,491,194
2025,Città Metropolitana di Sassari,Alghero,Albergo,3 Stelle,13,999,483
2025,Città Metropolitana di Sassari,Alghero,Albergo,4 Stelle,14,3615,1457
2025,Città Metropolitana di Sassari,Alghero,Albergo,4 Stelle Superior,1,304,152
2025,Città Metropolitana di Sassari,Alghero,Albergo,5 Stelle,2,534,203
2025,Città Metropolitana di Sassari,Alghero,Albergo Rurale,1 Stella,1,7,7
2025,Città Metropolitana di Sassari,Alghero,Albergo Rurale,3 Stelle,7,265,120
2025,Città Metropolitana di Sassari,Alghero,Albergo Rurale,4 Stelle,2,112,45
2025,Città Metropolitana di Sassari,Alghero,Altri alloggi privati,,3059,13785,5892
2025,Città Metropolitana di Sassari,Alghero,Bed & Breakfast,,14,60,28
2025,Città Metropolitana di Sassari,Alghero,Bed & Breakfast,1 Stella,73,292,143
2025,Città Metropolitana di Sassari,Alghero,Bed & Breakfast,2 Stelle,98,428,221
2025,Città Metropolitana di Sassari,Alghero,Bed & Breakfast,3 Stelle,42,211,97
2025,Città Metropolitana di Sassari,Alghero,Boat & Breakfast,,6,34,15
2025,Città Metropolitana di Sassari,Alghero,Campeggio,3 Stelle,1,500,125
2025,Città Metropolitana di Sassari,Alghero,Casa per ferie e ospitalità religiosa,,1,20,7
2025,Città Metropolitana di Sassari,Alghero,Casa per ferie e ospitalità religiosa,III Categoria,5,154,93
2025,Città Metropolitana di Sassari,Alghero,Casa/App. vacanze,,8,148,68
2025,Città Metropolitana di Sassari,Alghero,Casa/App. vacanze,1 Stella,9,112,45
2025,Città Metropolitana di Sassari,Alghero,Casa/App. vacanze,2 Stelle,16,192,68
2025,Città Metropolitana di Sassari,Alghero,Casa/App. vacanze,3 Stelle,6,141,40
2025,Città Metropolitana di Sassari,Alghero,Casa/App. vacanze,I Categoria,1,8,4
2025,Città Metropolitana di Sassari,Alghero,Casa/App. vacanze,II Categoria,39,885,362
2025,Città Metropolitana di Sassari,Alghero,Casa/App. vacanze,III Categoria,7,213,71
2025,Città Metropolitana di Sassari,Alghero,Ostello,,1,76,43
2025,Città Metropolitana di Sassari,Alghero,Ostello,III Categoria,1,132,30
2025,Città Metropolitana di Sassari,Alghero,Residenza Turistico Alberghiera (R.T.A.),2 Stelle,1,275,66
2025,Città Metropolitana di Sassari,Alghero,Residenza Turistico Alberghiera (R.T.A.),3 Stelle,3,421,118
2025,Città Metropolitana di Sassari,Alghero,Residenza Turistico Alberghiera (R.T.A.),4 Stelle,1,42,25
2025,Città Metropolitana di Sassari,Alghero,Villaggio turistico,3 Stelle,2,297,61
2025,Città Metropolitana di Sassari,Alghero,Villaggio turistico,4 Stelle,1,800,270
2025,Città Metropolitana di Sassari,Alghero,Villaggio turistico,5 Stelle,1,2400,600
2025,Città Metropolitana di Sassari,Anela,Agriturismo,,1,6,5
2025,Città Metropolitana di Sassari,Ardara,Altri alloggi privati,,1,10,4
2025,Città Metropolitana di Sassari,Ardara,Bed & Breakfast,2 Stelle,1,4,3
2025,Città Metropolitana di Sassari,Banari,Affittacamere,3 Stelle,1,12,4
2025,Città Metropolitana di Sassari,Banari,Altri alloggi privati,,2,7,21
2025,Città Metropolitana di Sassari,Benetutti,Affittacamere,2 Stelle,1,8,4
2025,Città Metropolitana di Sassari,Benetutti,Affittacamere,II Categoria,1,11,4
2025,Città Metropolitana di Sassari,Benetutti,Albergo,3 Stelle,1,120,61
2025,Città Metropolitana di Sassari,Benetutti,Albergo,4 Stelle,1,46,23
2025,Città Metropolitana di Sassari,Benetutti,Bed & Breakfast,1 Stella,1,6,3
2025,Città Metropolitana di Sassari,Benetutti,Bed & Breakfast,2 Stelle,2,11,5
2025,Città Metropolitana di Sassari,Bessude,Affittacamere,II Categoria,1,6,3
2025,Città Metropolitana di Sassari,Bessude,Agriturismo,,1,7,4
2025,Città Metropolitana di Sassari,Bessude,Altri alloggi privati,,2,8,4
2025,Città Metropolitana di Sassari,Bessude,Bed & Breakfast,1 Stella,1,4,2
2025,Città Metropolitana di Sassari,Bessude,Bed & Breakfast,2 Stelle,1,3,2
2025,Città Metropolitana di Sassari,Bonnanaro,Altri alloggi privati,,5,26,12
2025,Città Metropolitana di Sassari,Bonnanaro,Bed & Breakfast,1 Stella,1,6,3
2025,Città Metropolitana di Sassari,Bono,Affittacamere,1 Stella,1,11,5
2025,Città Metropolitana di Sassari,Bono,Agriturismo,,1,14,1
2025,Città Metropolitana di Sassari,Bono,Albergo,3 Stelle,1,34,32
2025,Città Metropolitana di Sassari,Bono,Altri alloggi privati,,2,10,5
2025,Città Metropolitana di Sassari,Bono,Altri alloggi privati,3 Stelle,1,5,3
2025,Città Metropolitana di Sassari,Bono,Bed & Breakfast,3 Stelle,3,20,9
2025,Città Metropolitana di Sassari,Bonorva,Affittacamere,2 Stelle,2,20,11
2025,Città Metropolitana di Sassari,Bonorva,Affittacamere,3 Stelle,2,18,8
2025,Città Metropolitana di Sassari,Bonorva,Agriturismo,,2,12,3
2025,Città Metropolitana di Sassari,Bonorva,Altri alloggi privati,,2,12,6
2025,Città Metropolitana di Sassari,Bonorva,Bed & Breakfast,2 Stelle,3,17,9
2025,Città Metropolitana di Sassari,Bonorva,Bed & Breakfast,3 Stelle,1,5,2
2025,Città Metropolitana di Sassari,Bonorva,Casa per ferie e ospitalità religiosa,III Categoria,1,24,14
2025,Città Metropolitana di Sassari,Bonorva,Ostello,III Categoria,1,40,18
2025,Città Metropolitana di Sassari,Borutta,Bed & Breakfast,1 Stella,1,4,1
2025,Città Metropolitana di Sassari,Borutta,Casa per ferie e ospitalità religiosa,III Categoria,1,24,24
2025,Città Metropolitana di Sassari,Bottidda,Bed & Breakfast,1 Stella,2,9,32
2025,Città Metropolitana di Sassari,Bultei,Affittacamere,,1,6,2
2025,Città Metropolitana di Sassari,Bultei,Albergo,2 Stelle,1,25,15
2025,Città Metropolitana di Sassari,Bultei,Altri alloggi privati,1 Stella,1,6,3
2025,Città Metropolitana di Sassari,Bulzi,Altri alloggi privati,,2,6,3
2025,Città Metropolitana di Sassari,Burgos,Altri alloggi privati,,1,8,5
2025,Città Metropolitana di Sassari,Burgos,Bed & Breakfast,1 Stella,1,4,2
2025,Città Metropolitana di Sassari,Burgos,Bed & Breakfast,2 Stelle,1,5,3
2025,Città Metropolitana di Sassari,Castelsardo,Affittacamere,,5,49,25
2025,Città Metropolitana di Sassari,Castelsardo,Affittacamere,1 Stella,2,15,7
2025,Città Metropolitana di Sassari,Castelsardo,Affittacamere,2 Stelle,3,31,17
2025,Città Metropolitana di Sassari,Castelsardo,Affittacamere,3 Stelle,5,40,22
2025,Città Metropolitana di Sassari,Castelsardo,Affittacamere,I Categoria,1,8,4
2025,Città Metropolitana di Sassari,Castelsardo,Affittacamere,II Categoria,7,54,25
2025,Città Metropolitana di Sassari,Castelsardo,Agriturismo,,1,20,10
2025,Città Metropolitana di Sassari,Castelsardo,Albergo,2 Stelle,2,46,24
2025,Città Metropolitana di Sassari,Castelsardo,Albergo,3 Stelle,5,346,156
2025,Città Metropolitana di Sassari,Castelsardo,Albergo,4 Stelle,7,939,410
2025,Città Metropolitana di Sassari,Castelsardo,Altri alloggi privati,,830,3769,1464
2025,Città Metropolitana di Sassari,Castelsardo,Bed & Breakfast,,2,9,4
2025,Città Metropolitana di Sassari,Castelsardo,Bed & Breakfast,1 Stella,3,17,7
2025,Città Metropolitana di Sassari,Castelsardo,Bed & Breakfast,2 Stelle,18,99,46
2025,Città Metropolitana di Sassari,Castelsardo,Bed & Breakfast,3 Stelle,10,53,27
2025,Città Metropolitana di Sassari,Castelsardo,Boat & Breakfast,,1,6,3
2025,Città Metropolitana di Sassari,Castelsardo,Casa/App. vacanze,,1,6,3
2025,Città Metropolitana di Sassari,Castelsardo,Casa/App. vacanze,1 Stella,9,104,42
2025,Città Metropolitana di Sassari,Castelsardo,Casa/App. vacanze,2 Stelle,7,9,7
2025,Città Metropolitana di Sassari,Castelsardo,Casa/App. vacanze,3 Stelle,2,68,25
2025,Città Metropolitana di Sassari,Castelsardo,Casa/App. vacanze,I Categoria,3,11,8
2025,Città Metropolitana di Sassari,Castelsardo,Casa/App. vacanze,II Categoria,6,270,97
2025,Città Metropolitana di Sassari,Castelsardo,Casa/App. vacanze,III Categoria,1,6,3
2025,Città Metropolitana di Sassari,Castelsardo,Marina Resort,,1,550,550
2025,Città Metropolitana di Sassari,Castelsardo,Ostello,III Categoria,1,65,19
2025,Città Metropolitana di Sassari,Castelsardo,Residenza Turistico Alberghiera (R.T.A.),3 Stelle,2,170,52
2025,Città Metropolitana di Sassari,Castelsardo,Villaggio turistico,4 Stelle,1,351,117
2025,Città Metropolitana di Sassari,Cheremule,Affittacamere,II Categoria,1,9,3
2025,Città Metropolitana di Sassari,Cheremule,Altri alloggi privati,,2,10,4
2025,Città Metropolitana di Sassari,Chiaramonti,Agriturismo,,1,20,5
2025,Città Metropolitana di Sassari,Chiaramonti,Altri alloggi privati,,7,30,15
2025,Città Metropolitana di Sassari,Chiaramonti,Bed & Breakfast,2 Stelle,1,6,3
2025,Città Metropolitana di Sassari,Codrongianos,Affittacamere,2 Stelle,1,6,3
2025,Città Metropolitana di Sassari,Codrongianos,Affittacamere,3 Stelle,1,9,4
2025,Città Metropolitana di Sassari,Codrongianos,Affittacamere,II Categoria,1,1,1
2025,Città Metropolitana di Sassari,Codrongianos,Agriturismo,,2,14,0
2025,Città Metropolitana di Sassari,Codrongianos,Altri alloggi privati,,6,30,14
2025,Città Metropolitana di Sassari,Codrongianos,Bed & Breakfast,2 Stelle,1,4,2
2025,Città Metropolitana di Sassari,Cossoine,Altri alloggi privati,,1,2,1
2025,Città Metropolitana di Sassari,Cossoine,Bed & Breakfast,1 Stella,1,5,3
2025,Città Metropolitana di Sassari,Cossoine,Bed & Breakfast,2 Stelle,4,25,10
2025,Città Metropolitana di Sassari,Erula,Altri alloggi privati,,2,10,4
2025,Città Metropolitana di Sassari,Florinas,Altri alloggi privati,,5,34,18
2025,Città Metropolitana di Sassari,Florinas,Bed & Breakfast,2 Stelle,1,5,3
2025,Città Metropolitana di Sassari,Giave,Agriturismo,,1,8,0
2025,Città Metropolitana di Sassari,Giave,Bed & Breakfast,2 Stelle,1,7,3
2025,Città Metropolitana di Sassari,Ittireddu,Albergo diffuso,2 Stelle,1,11,7
2025,Città Metropolitana di Sassari,Ittiri,Affittacamere,II Categoria,2,20,8
2025,Città Metropolitana di Sassari,Ittiri,Agriturismo,,1,14,5
2025,Città Metropolitana di Sassari,Ittiri,Altri alloggi privati,,1,7,2
2025,Città Metropolitana di Sassari,Ittiri,Bed & Breakfast,2 Stelle,1,4,3
2025,Città Metropolitana di Sassari,Laerru,Affittacamere,III Categoria,1,3,2
2025,Città Metropolitana di Sassari,Laerru,Albergo,3 Stelle,1,16,14
2025,Città Metropolitana di Sassari,Laerru,Altri alloggi privati,,1,6,3
2025,Città Metropolitana di Sassari,Mara,Bed & Breakfast,3 Stelle,1,6,3
2025,Città Metropolitana di Sassari,Martis,Agriturismo,,2,22,9
2025,Città Metropolitana di Sassari,Martis,Altri alloggi privati,,5,32,10
2025,Città Metropolitana di Sassari,Martis,Bed & Breakfast,1 Stella,1,3,2
2025,Città Metropolitana di Sassari,Monteleone Rocca Doria,Bed & Breakfast,3 Stelle,2,11,2
2025,Città Metropolitana di Sassari,Mores,Affittacamere,3 Stelle,1,11,4
2025,Città Metropolitana di Sassari,Mores,Affittacamere,II Categoria,1,6,4
2025,Città Metropolitana di Sassari,Mores,Agriturismo,,2,14,3
2025,Città Metropolitana di Sassari,Mores,Albergo,4 Stelle,1,22,11
2025,Città Metropolitana di Sassari,Muros,Agriturismo,,1,10,4
2025,Città Metropolitana di Sassari,Muros,Bed & Breakfast,2 Stelle,1,2,1
2025,Città Metropolitana di Sassari,Nughedu San Nicolò,Affittacamere,II Categoria,1,6,3
2025,Città Metropolitana di Sassari,Nughedu San Nicolò,Campeggio,3 Stelle,1,105,29
2025,Città Metropolitana di Sassari,Nule,Altri alloggi privati,,1,4,3
2025,Città Metropolitana di Sassari,Nule,Bed & Breakfast,2 Stelle,1,3,3
2025,Città Metropolitana di Sassari,Nulvi,Agriturismo,,10,117,31
2025,Città Metropolitana di Sassari,Nulvi,Altri alloggi privati,,28,131,51
2025,Città Metropolitana di Sassari,Nulvi,Bed & Breakfast,2 Stelle,1,6,3
2025,Città Metropolitana di Sassari,Nulvi,Casa/App. vacanze,III Categoria,1,16,4
2025,Città Metropolitana di Sassari,Olmedo,Affittacamere,3 Stelle,2,15,7
2025,Città Metropolitana di Sassari,Olmedo,Affittacamere,II Categoria,2,12,9
2025,Città Metropolitana di Sassari,Olmedo,Agriturismo,,4,45,18
2025,Città Metropolitana di Sassari,Olmedo,Altri alloggi privati,,76,376,157
2025,Città Metropolitana di Sassari,Olmedo,Bed & Breakfast,1 Stella,2,8,4
2025,Città Metropolitana di Sassari,Olmedo,Bed & Breakfast,2 Stelle,5,24,13
2025,Città Metropolitana di Sassari,Olmedo,Bed & Breakfast,3 Stelle,3,14,7
2025,Città Metropolitana di Sassari,Olmedo,Campeggio,1 Stella,1,100,48
2025,Città Metropolitana di Sassari,Olmedo,Casa/App. vacanze,1 Stella,1,11,5
2025,Città Metropolitana di Sassari,Osilo,Affittacamere,,1,11,6
2025,Città Metropolitana di Sassari,Osilo,Affittacamere,II Categoria,1,3,1
2025,Città Metropolitana di Sassari,Osilo,Altri alloggi privati,,11,64,31
2025,Città Metropolitana di Sassari,Ossi,Affittacamere,,2,15,6
2025,Città Metropolitana di Sassari,Ossi,Affittacamere,2 Stelle,1,4,4
2025,Città Metropolitana di Sassari,Ossi,Affittacamere,II Categoria,1,4,1
2025,Città Metropolitana di Sassari,Ossi,Agriturismo,,1,14,0
2025,Città Metropolitana di Sassari,Ossi,Altri alloggi privati,,9,37,15
2025,Città Metropolitana di Sassari,Ossi,Bed & Breakfast,1 Stella,2,5,2
2025,Città Metropolitana di Sassari,Ossi,Bed & Breakfast,3 Stelle,2,5,4
2025,Città Metropolitana di Sassari,Ozieri,Affittacamere,3 Stelle,1,9,4
2025,Città Metropolitana di Sassari,Ozieri,Affittacamere,III Categoria,1,13,6
2025,Città Metropolitana di Sassari,Ozieri,Agriturismo,,2,14,0
2025,Città Metropolitana di Sassari,Ozieri,Albergo,3 Stelle,1,28,14
2025,Città Metropolitana di Sassari,Ozieri,Altri alloggi privati,,11,40,24
2025,Città Metropolitana di Sassari,Ozieri,Bed & Breakfast,1 Stella,3,11,6
2025,Città Metropolitana di Sassari,Ozieri,Bed & Breakfast,2 Stelle,6,27,15
2025,Città Metropolitana di Sassari,Ozieri,Bed & Breakfast,3 Stelle,3,16,8
2025,Città Metropolitana di Sassari,Ozieri,Casa/App. vacanze,II Categoria,1,12,3
2025,Città Metropolitana di Sassari,Padria,Affittacamere,2 Stelle,1,18,5
2025,Città Metropolitana di Sassari,Padria,Altri alloggi privati,,1,6,3
2025,Città Metropolitana di Sassari,Pattada,Agriturismo,,1,12,6
2025,Città Metropolitana di Sassari,Pattada,Albergo,3 Stelle,2,93,39
2025,Città Metropolitana di Sassari,Pattada,Altri alloggi privati,,2,10,3
2025,Città Metropolitana di Sassari,Perfugas,Agriturismo,,2,34,6
2025,Città Metropolitana di Sassari,Perfugas,Albergo,2 Stelle,1,18,9
2025,Città Metropolitana di Sassari,Perfugas,Altri alloggi privati,,10,55,21
2025,Città Metropolitana di Sassari,Perfugas,Bed & Breakfast,2 Stelle,1,6,3
2025,Città Metropolitana di Sassari,Perfugas,Bed & Breakfast,3 Stelle,1,6,3
2025,Città Metropolitana di Sassari,Perfugas,Campeggio,1 Stella,1,12,5
2025,Città Metropolitana di Sassari,Ploaghe,Affittacamere,,1,6,3
2025,Città Metropolitana di Sassari,Ploaghe,Affittacamere,3 Stelle,1,5,3
2025,Città Metropolitana di Sassari,Ploaghe,Altri alloggi privati,,2,9,4
2025,Città Metropolitana di Sassari,Ploaghe,Bed & Breakfast,1 Stella,3,12,5
2025,Città Metropolitana di Sassari,Ploaghe,Bed & Breakfast,3 Stelle,2,14,6
2025,Città Metropolitana di Sassari,Porto Torres,Affittacamere,,5,41,23
2025,Città Metropolitana di Sassari,Porto Torres,Affittacamere,1 Stella,2,12,6
2025,Città Metropolitana di Sassari,Porto Torres,Affittacamere,2 Stelle,3,26,11
2025,Città Metropolitana di Sassari,Porto Torres,Affittacamere,3 Stelle,3,21,10
2025,Città Metropolitana di Sassari,Porto Torres,Affittacamere,I Categoria,3,22,12
2025,Città Metropolitana di Sassari,Porto Torres,Affittacamere,II Categoria,10,86,42
2025,Città Metropolitana di Sassari,Porto Torres,Agriturismo,,2,30,14
2025,Città Metropolitana di Sassari,Porto Torres,Albergo,3 Stelle,2,126,64
2025,Città Metropolitana di Sassari,Porto Torres,Albergo,4 Stelle,1,87,36
2025,Città Metropolitana di Sassari,Porto Torres,Altri alloggi privati,,331,1436,611
2025,Città Metropolitana di Sassari,Porto Torres,Bed & Breakfast,1 Stella,1,6,3
2025,Città Metropolitana di Sassari,Porto Torres,Bed & Breakfast,2 Stelle,5,17,8
2025,Città Metropolitana di Sassari,Porto Torres,Bed & Breakfast,3 Stelle,6,26,12
2025,Città Metropolitana di Sassari,Porto Torres,Casa/App. vacanze,1 Stella,1,6,3
2025,Città Metropolitana di Sassari,Porto Torres,Casa/App. vacanze,2 Stelle,2,61,24
2025,Città Metropolitana di Sassari,Porto Torres,Casa/App. vacanze,3 Stelle,1,10,5
2025,Città Metropolitana di Sassari,Porto Torres,Casa/App. vacanze,II Categoria,4,42,16
2025,Città Metropolitana di Sassari,Porto Torres,Ostello,III Categoria,1,20,4
2025,Città Metropolitana di Sassari,Porto Torres,Residence,I Categoria,1,22,8
2025,Città Metropolitana di Sassari,Porto Torres,Residenza Turistico Alberghiera (R.T.A.),3 Stelle,1,35,12
2025,Città Metropolitana di Sassari,Pozzomaggiore,Affittacamere,3 Stelle,1,6,2
2025,Città Metropolitana di Sassari,Pozzomaggiore,Affittacamere,III Categoria,1,11,4
2025,Città Metropolitana di Sassari,Pozzomaggiore,Altri alloggi privati,,5,29,13
2025,Città Metropolitana di Sassari,Pozzomaggiore,Bed & Breakfast,1 Stella,2,11,5
2025,Città Metropolitana di Sassari,Pozzomaggiore,Bed & Breakfast,2 Stelle,3,18,7
2025,Città Metropolitana di Sassari,Pozzomaggiore,Bed & Breakfast,3 Stelle,1,6,3
2025,Città Metropolitana di Sassari,Putifigari,Affittacamere,II Categoria,1,10,6
2025,Città Metropolitana di Sassari,Putifigari,Altri alloggi privati,,9,51,22
2025,Città Metropolitana di Sassari,Putifigari,Bed & Breakfast,2 Stelle,1,4,2
2025,Città Metropolitana di Sassari,Santa Maria Coghinas,Agriturismo,,2,30,14
2025,Città Metropolitana di Sassari,Santa Maria Coghinas,Albergo,4 Stelle,1,96,36
2025,Città Metropolitana di Sassari,Santa Maria Coghinas,Altri alloggi privati,,48,204,86
2025,Città Metropolitana di Sassari,Santa Maria Coghinas,Bed & Breakfast,3 Stelle,3,20,8
2025,Città Metropolitana di Sassari,Santa Maria Coghinas,Casa/App. vacanze,3 Stelle,1,39,13
2025,Città Metropolitana di Sassari,Santa Maria Coghinas,Casa/App. vacanze,II Categoria,2,68,26
2025,Città Metropolitana di Sassari,Sassari,Affittacamere,,6,49,24
2025,Città Metropolitana di Sassari,Sassari,Affittacamere,1 Stella,6,39,22
2025,Città Metropolitana di Sassari,Sassari,Affittacamere,2 Stelle,10,88,39
2025,Città Metropolitana di Sassari,Sassari,Affittacamere,3 Stelle,9,49,26
2025,Città Metropolitana di Sassari,Sassari,Affittacamere,I Categoria,6,56,24
2025,Città Metropolitana di Sassari,Sassari,Affittacamere,II Categoria,21,161,76
2025,Città Metropolitana di Sassari,Sassari,Affittacamere,III Categoria,1,6,3
2025,Città Metropolitana di Sassari,Sassari,Agriturismo,,19,251,92
2025,Città Metropolitana di Sassari,Sassari,Albergo,3 Stelle,4,671,312
2025,Città Metropolitana di Sassari,Sassari,Albergo,4 Stelle,3,431,269
2025,Città Metropolitana di Sassari,Sassari,Altri alloggi privati,,563,2431,1057
2025,Città Metropolitana di Sassari,Sassari,Bed & Breakfast,,4,19,11
2025,Città Metropolitana di Sassari,Sassari,Bed & Breakfast,1 Stella,15,65,35
2025,Città Metropolitana di Sassari,Sassari,Bed & Breakfast,2 Stelle,25,104,52
2025,Città Metropolitana di Sassari,Sassari,Bed & Breakfast,3 Stelle,14,98,40
2025,Città Metropolitana di Sassari,Sassari,Casa per ferie e ospitalità religiosa,III Categoria,1,11,9
2025,Città Metropolitana di Sassari,Sassari,Casa/App. vacanze,1 Stella,3,63,29
2025,Città Metropolitana di Sassari,Sassari,Casa/App. vacanze,3 Stelle,1,20,4
2025,Città Metropolitana di Sassari,Sassari,Casa/App. vacanze,I Categoria,5,17,7
2025,Città Metropolitana di Sassari,Sassari,Casa/App. vacanze,II Categoria,5,33,14
2025,Città Metropolitana di Sassari,Sassari,Casa/App. vacanze,III Categoria,1,43,12
2025,Città Metropolitana di Sassari,Sassari,Residence,III Categoria,1,20,9
2025,Città Metropolitana di Sassari,Sedini,Agriturismo,,1,18,0
2025,Città Metropolitana di Sassari,Sedini,Altri alloggi privati,,11,64,28
2025,Città Metropolitana di Sassari,Sedini,Bed & Breakfast,1 Stella,1,6,3
2025,Città Metropolitana di Sassari,Sedini,Bed & Breakfast,2 Stelle,1,9,3
2025,Città Metropolitana di Sassari,Sennori,Agriturismo,,1,14,4
2025,Città Metropolitana di Sassari,Sennori,Albergo,2 Stelle,1,17,9
2025,Città Metropolitana di Sassari,Sennori,Altri alloggi privati,,38,167,71
2025,Città Metropolitana di Sassari,Sennori,Bed & Breakfast,2 Stelle,3,19,7
2025,Città Metropolitana di Sassari,Sorso,Affittacamere,,3,34,16
2025,Città Metropolitana di Sassari,Sorso,Affittacamere,1 Stella,1,3,3
2025,Città Metropolitana di Sassari,Sorso,Affittacamere,2 Stelle,1,5,3
2025,Città Metropolitana di Sassari,Sorso,Affittacamere,3 Stelle,3,35,15
2025,Città Metropolitana di Sassari,Sorso,Affittacamere,II Categoria,2,16,10
2025,Città Metropolitana di Sassari,Sorso,Affittacamere,III Categoria,2,12,3
2025,Città Metropolitana di Sassari,Sorso,Agriturismo,,3,29,6
2025,Città Metropolitana di Sassari,Sorso,Albergo,3 Stelle,2,530,227
2025,Città Metropolitana di Sassari,Sorso,Albergo,4 Stelle,2,947,476
2025,Città Metropolitana di Sassari,Sorso,Albergo Rurale,3 Stelle,1,20,18
2025,Città Metropolitana di Sassari,Sorso,Altri alloggi privati,,304,1567,700
2025,Città Metropolitana di Sassari,Sorso,Bed & Breakfast,1 Stella,3,17,7
2025,Città Metropolitana di Sassari,Sorso,Bed & Breakfast,2 Stelle,4,30,11
2025,Città Metropolitana di Sassari,Sorso,Bed & Breakfast,3 Stelle,5,29,10
2025,Città Metropolitana di Sassari,Sorso,Campeggio,4 Stelle,2,1997,685
2025,Città Metropolitana di Sassari,Sorso,Casa/App. vacanze,II Categoria,1,18,3
2025,Città Metropolitana di Sassari,Sorso,Villaggio albergo,3 Stelle,1,18,18
2025,Città Metropolitana di Sassari,Stintino,Affittacamere,,8,65,38
2025,Città Metropolitana di Sassari,Stintino,Affittacamere,2 Stelle,1,6,5
2025,Città Metropolitana di Sassari,Stintino,Affittacamere,3 Stelle,2,17,9
2025,Città Metropolitana di Sassari,Stintino,Affittacamere,II Categoria,11,95,50
2025,Città Metropolitana di Sassari,Stintino,Agriturismo,,6,74,35
2025,Città Metropolitana di Sassari,Stintino,Albergo,2 Stelle,1,18,8
2025,Città Metropolitana di Sassari,Stintino,Albergo,3 Stelle,5,356,155
2025,Città Metropolitana di Sassari,Stintino,Albergo,4 Stelle,6,1669,567
2025,Città Metropolitana di Sassari,Stintino,Albergo Rurale,2 Stelle,1,20,9
2025,Città Metropolitana di Sassari,Stintino,Albergo diffuso,3 Stelle,1,55,23
2025,Città Metropolitana di Sassari,Stintino,Altri alloggi privati,,718,3643,1453
2025,Città Metropolitana di Sassari,Stintino,Altri alloggi privati,2 Stelle,1,2,1
2025,Città Metropolitana di Sassari,Stintino,Bed & Breakfast,1 Stella,3,15,7
2025,Città Metropolitana di Sassari,Stintino,Bed & Breakfast,2 Stelle,6,26,14
2025,Città Metropolitana di Sassari,Stintino,Bed & Breakfast,3 Stelle,6,33,13
2025,Città Metropolitana di Sassari,Stintino,Boat & Breakfast,,2,8,4
2025,Città Metropolitana di Sassari,Stintino,Casa/App. vacanze,,5,365,126
2025,Città Metropolitana di Sassari,Stintino,Casa/App. vacanze,1 Stella,7,324,91
2025,Città Metropolitana di Sassari,Stintino,Casa/App. vacanze,2 Stelle,2,116,41
2025,Città Metropolitana di Sassari,Stintino,Casa/App. vacanze,3 Stelle,1,10,5
2025,Città Metropolitana di Sassari,Stintino,Casa/App. vacanze,II Categoria,5,130,60
2025,Città Metropolitana di Sassari,Stintino,Casa/App. vacanze,III Categoria,1,40,14
2025,Città Metropolitana di Sassari,Stintino,Residenza Turistico Alberghiera (R.T.A.),3 Stelle,5,2920,690
2025,Città Metropolitana di Sassari,Tergu,Affittacamere,3 Stelle,1,12,4
2025,Città Metropolitana di Sassari,Tergu,Agriturismo,,1,8,4
2025,Città Metropolitana di Sassari,Tergu,Albergo Rurale,3 Stelle,1,18,12
2025,Città Metropolitana di Sassari,Tergu,Altri alloggi privati,,28,127,60
2025,Città Metropolitana di Sassari,Tergu,Bed & Breakfast,,1,9,3
2025,Città Metropolitana di Sassari,Tergu,Bed & Breakfast,1 Stella,1,6,3
2025,Città Metropolitana di Sassari,Tergu,Casa/App. vacanze,1 Stella,1,12,4
2025,Città Metropolitana di Sassari,Tergu,Casa/App. vacanze,II Categoria,2,182,71
2025,Città Metropolitana di Sassari,Thiesi,Affittacamere,3 Stelle,1,11,5
2025,Città Metropolitana di Sassari,Thiesi,Albergo,3 Stelle,1,31,15
2025,Città Metropolitana di Sassari,Thiesi,Altri alloggi privati,,2,9,3
2025,Città Metropolitana di Sassari,Thiesi,Bed & Breakfast,2 Stelle,1,6,3
2025,Città Metropolitana di Sassari,Thiesi,Bed & Breakfast,3 Stelle,1,2,1
2025,Città Metropolitana di Sassari,Tissi,Affittacamere,I Categoria,1,6,3
2025,Città Metropolitana di Sassari,Tissi,Altri alloggi privati,,4,12,5
2025,Città Metropolitana di Sassari,Torralba,Altri alloggi privati,,1,8,4
2025,Città Metropolitana di Sassari,Torralba,Bed & Breakfast,2 Stelle,1,2,2
2025,Città Metropolitana di Sassari,Tula,Agriturismo,,1,20,11
2025,Città Metropolitana di Sassari,Tula,Albergo Rurale,3 Stelle,1,20,12
2025,Città Metropolitana di Sassari,Tula,Bed & Breakfast,1 Stella,1,5,3
2025,Città Metropolitana di Sassari,Tula,Bed & Breakfast,2 Stelle,2,5,6
2025,Città Metropolitana di Sassari,Uri,Agriturismo,,1,4,1
2025,Città Metropolitana di Sassari,Uri,Albergo,3 Stelle,1,29,15
2025,Città Metropolitana di Sassari,Uri,Altri alloggi privati,,10,48,20
2025,Città Metropolitana di Sassari,Uri,Bed & Breakfast,2 Stelle,2,10,5
2025,Città Metropolitana di Sassari,Uri,Bed & Breakfast,3 Stelle,1,8,3
2025,Città Metropolitana di Sassari,Usini,Altri alloggi privati,,4,18,8
2025,Città Metropolitana di Sassari,Usini,Bed & Breakfast,,1,6,3
2025,Città Metropolitana di Sassari,Usini,Bed & Breakfast,1 Stella,1,6,3
2025,Città Metropolitana di Sassari,Usini,Bed & Breakfast,2 Stelle,1,2,1
2025,Città Metropolitana di Sassari,Usini,Bed & Breakfast,3 Stelle,2,6,3
2025,Città Metropolitana di Sassari,Valledoria,Affittacamere,I Categoria,1,12,6
2025,Città Metropolitana di Sassari,Valledoria,Agriturismo,,6,77,27
2025,Città Metropolitana di Sassari,Valledoria,Albergo,2 Stelle,1,20,10
2025,Città Metropolitana di Sassari,Valledoria,Albergo,3 Stelle,3,144,73
2025,Città Metropolitana di Sassari,Valledoria,Albergo,4 Stelle,3,472,215
2025,Città Metropolitana di Sassari,Valledoria,Albergo Rurale,2 Stelle,1,14,7
2025,Città Metropolitana di Sassari,Valledoria,Altri alloggi privati,,546,2504,976
2025,Città Metropolitana di Sassari,Valledoria,Bed & Breakfast,,1,4,2
2025,Città Metropolitana di Sassari,Valledoria,Bed & Breakfast,1 Stella,3,14,7
2025,Città Metropolitana di Sassari,Valledoria,Bed & Breakfast,2 Stelle,1,2,1
2025,Città Metropolitana di Sassari,Valledoria,Bed & Breakfast,3 Stelle,1,10,3
2025,Città Metropolitana di Sassari,Valledoria,Campeggio,4 Stelle,2,1600,485
2025,Città Metropolitana di Sassari,Valledoria,Casa/App. vacanze,,3,80,39
2025,Città Metropolitana di Sassari,Valledoria,Casa/App. vacanze,1 Stella,4,81,22
2025,Città Metropolitana di Sassari,Valledoria,Casa/App. vacanze,2 Stelle,3,256,61
2025,Città Metropolitana di Sassari,Valledoria,Casa/App. vacanze,3 Stelle,2,95,32
2025,Città Metropolitana di Sassari,Valledoria,Casa/App. vacanze,II Categoria,3,263,80
2025,Città Metropolitana di Sassari,Valledoria,Casa/App. vacanze,III Categoria,1,53,15
2025,Città Metropolitana di Sassari,Valledoria,Locanda,II Categoria,1,11,4
2025,Città Metropolitana di Sassari,Valledoria,Residenza Turistico Alberghiera (R.T.A.),3 Stelle,3,510,158
2025,Città Metropolitana di Sassari,Viddalba,Agriturismo,,1,11,0
2025,Città Metropolitana di Sassari,Viddalba,Altri alloggi privati,,133,557,220
2025,Città Metropolitana di Sassari,Viddalba,Casa/App. vacanze,II Categoria,1,22,7
2025,Città Metropolitana di Sassari,Villanova Monteleone,Affittacamere,,1,7,5
2025,Città Metropolitana di Sassari,Villanova Monteleone,Affittacamere,3 Stelle,1,8,4
2025,Città Metropolitana di Sassari,Villanova Monteleone,Affittacamere,II Categoria,2,11,6
2025,Città Metropolitana di Sassari,Villanova Monteleone,Agriturismo,,2,15,8
2025,Città Metropolitana di Sassari,Villanova Monteleone,Albergo,2 Stelle,1,24,11
2025,Città Metropolitana di Sassari,Villanova Monteleone,Altri alloggi privati,,17,87,39
2025,Città Metropolitana di Sassari,Villanova Monteleone,Bed & Breakfast,2 Stelle,1,2,1
2025,Città Metropolitana di Sassari,Villanova Monteleone,Bed & Breakfast,3 Stelle,1,6,3
2025,Provincia del Medio Campidano,Arbus,Affittacamere,,1,6,3
2025,Provincia del Medio Campidano,Arbus,Affittacamere,2 Stelle,2,15,7
2025,Provincia del Medio Campidano,Arbus,Affittacamere,3 Stelle,1,9,5
2025,Provincia del Medio Campidano,Arbus,Affittacamere,I Categoria,1,3,2
2025,Provincia del Medio Campidano,Arbus,Agriturismo,,16,208,118
2025,Provincia del Medio Campidano,Arbus,Albergo,1 Stella,1,14,8
2025,Provincia del Medio Campidano,Arbus,Albergo,2 Stelle,2,37,16
2025,Provincia del Medio Campidano,Arbus,Albergo,3 Stelle,7,221,116
2025,Provincia del Medio Campidano,Arbus,Albergo,4 Stelle,1,25,25
2025,Provincia del Medio Campidano,Arbus,Albergo,5 Stelle,1,66,28
2025,Provincia del Medio Campidano,Arbus,Albergo Rurale,3 Stelle,1,19,11
2025,Provincia del Medio Campidano,Arbus,Altri alloggi privati,,330,1465,590
2025,Provincia del Medio Campidano,Arbus,Bed & Breakfast,1 Stella,7,33,16
2025,Provincia del Medio Campidano,Arbus,Bed & Breakfast,2 Stelle,4,19,11
2025,Provincia del Medio Campidano,Arbus,Bed & Breakfast,3 Stelle,5,25,14
2025,Provincia del Medio Campidano,Arbus,Campeggio,3 Stelle,1,147,47
2025,Provincia del Medio Campidano,Arbus,Casa per ferie e ospitalità religiosa,III Categoria,1,9,5
2025,Provincia del Medio Campidano,Arbus,Casa/App. vacanze,1 Stella,1,12,6
2025,Provincia del Medio Campidano,Arbus,Casa/App. vacanze,II Categoria,2,61,22
2025,Provincia del Medio Campidano,Barumini,Affittacamere,II Categoria,1,11,6
2025,Provincia del Medio Campidano,Barumini,Albergo,3 Stelle,2,35,17
2025,Provincia del Medio Campidano,Barumini,Altri alloggi privati,,2,7,4
2025,Provincia del Medio Campidano,Barumini,Bed & Breakfast,2 Stelle,1,8,3
2025,Provincia del Medio Campidano,Barumini,Bed & Breakfast,3 Stelle,1,2,1
2025,Provincia del Medio Campidano,Collinas,Altri alloggi privati,,6,29,12
2025,Provincia del Medio Campidano,Furtei,Altri alloggi privati,,1,2,1
2025,Provincia del Medio Campidano,Furtei,Bed & Breakfast,1 Stella,1,3,2
2025,Provincia del Medio Campidano,Furtei,Bed & Breakfast,3 Stelle,1,3,1
2025,Provincia del Medio Campidano,Genuri,Bed & Breakfast,3 Stelle,1,3,1
2025,Provincia del Medio Campidano,Gesturi,Affittacamere,I Categoria,1,12,6
2025,Provincia del Medio Campidano,Gesturi,Affittacamere,III Categoria,1,7,4
2025,Provincia del Medio Campidano,Gesturi,Agriturismo,,1,6,0
2025,Provincia del Medio Campidano,Gesturi,Altri alloggi privati,,1,4,2
2025,Provincia del Medio Campidano,Gesturi,Bed & Breakfast,1 Stella,1,1,1
2025,Provincia del Medio Campidano,Gesturi,Bed & Breakfast,3 Stelle,1,5,3
2025,Provincia del Medio Campidano,Gonnosfanadiga,Affittacamere,2 Stelle,1,3,3
2025,Provincia del Medio Campidano,Gonnosfanadiga,Affittacamere,3 Stelle,1,6,3
2025,Provincia del Medio Campidano,Gonnosfanadiga,Affittacamere,II Categoria,3,12,8
2025,Provincia del Medio Campidano,Gonnosfanadiga,Agriturismo,,1,12,7
2025,Provincia del Medio Campidano,Gonnosfanadiga,Altri alloggi privati,,6,29,14
2025,Provincia del Medio Campidano,Gonnosfanadiga,Bed & Breakfast,2 Stelle,1,4,2
2025,Provincia del Medio Campidano,Guspini,Affittacamere,2 Stelle,1,6,3
2025,Provincia del Medio Campidano,Guspini,Affittacamere,3 Stelle,2,14,9
2025,Provincia del Medio Campidano,Guspini,Affittacamere,II Categoria,2,15,9
2025,Provincia del Medio Campidano,Guspini,Agriturismo,,3,22,11
2025,Provincia del Medio Campidano,Guspini,Albergo,2 Stelle,1,20,17
2025,Provincia del Medio Campidano,Guspini,Albergo,3 Stelle,2,27,19
2025,Provincia del Medio Campidano,Guspini,Altri alloggi privati,,18,75,34
2025,Provincia del Medio Campidano,Guspini,Bed & Breakfast,,1,4,2
2025,Provincia del Medio Campidano,Guspini,Bed & Breakfast,1 Stella,8,40,19
2025,Provincia del Medio Campidano,Guspini,Bed & Breakfast,3 Stelle,5,20,8
2025,Provincia del Medio Campidano,Guspini,Villaggio albergo,4 Stelle,1,115,29
2025,Provincia del Medio Campidano,Las Plassas,Bed & Breakfast,2 Stelle,1,4,3
2025,Provincia del Medio Campidano,Las Plassas,Bed & Breakfast,3 Stelle,1,3,1
2025,Provincia del Medio Campidano,Lunamatrona,Altri alloggi privati,,4,18,9
2025,Provincia del Medio Campidano,Lunamatrona,Bed & Breakfast,3 Stelle,1,3,3
2025,Provincia del Medio Campidano,Lunamatrona,Campeggio,3 Stelle,1,256,90
2025,Provincia del Medio Campidano,Pabillonis,Affittacamere,II Categoria,1,2,1
2025,Provincia del Medio Campidano,Pabillonis,Agriturismo,,1,9,0
2025,Provincia del Medio Campidano,Pabillonis,Altri alloggi privati,,4,18,8
2025,Provincia del Medio Campidano,Pabillonis,Bed & Breakfast,1 Stella,1,5,2
2025,Provincia del Medio Campidano,Pauli Arbarei,Affittacamere,II Categoria,1,12,5
2025,Provincia del Medio Campidano,Pauli Arbarei,Agriturismo,,1,12,6
2025,Provincia del Medio Campidano,Pauli Arbarei,Altri alloggi privati,,1,3,1
2025,Provincia del Medio Campidano,Samassi,Altri alloggi privati,,4,23,6
2025,Provincia del Medio Campidano,San Gavino Monreale,Affittacamere,1 Stella,1,5,3
2025,Provincia del Medio Campidano,San Gavino Monreale,Albergo,1 Stella,1,19,16
2025,Provincia del Medio Campidano,San Gavino Monreale,Albergo,3 Stelle,1,13,10
2025,Provincia del Medio Campidano,San Gavino Monreale,Altri alloggi privati,,2,10,6
2025,Provincia del Medio Campidano,San Gavino Monreale,Bed & Breakfast,1 Stella,2,6,4
2025,Provincia del Medio Campidano,San Gavino Monreale,Bed & Breakfast,3 Stelle,1,4,2
2025,Provincia del Medio Campidano,Sanluri,Affittacamere,2 Stelle,1,6,4
2025,Provincia del Medio Campidano,Sanluri,Affittacamere,3 Stelle,1,7,4
2025,Provincia del Medio Campidano,Sanluri,Affittacamere,II Categoria,1,4,3
2025,Provincia del Medio Campidano,Sanluri,Agriturismo,,1,14,5
2025,Provincia del Medio Campidano,Sanluri,Albergo,3 Stelle,1,23,12
2025,Provincia del Medio Campidano,Sanluri,Altri alloggi privati,,14,59,27
2025,Provincia del Medio Campidano,Sardara,Agriturismo,,1,19,0
2025,Provincia del Medio Campidano,Sardara,Albergo,2 Stelle,2,59,28
2025,Provincia del Medio Campidano,Sardara,Albergo,3 Stelle,1,170,83
2025,Provincia del Medio Campidano,Sardara,Albergo,4 Stelle,2,117,58
2025,Provincia del Medio Campidano,Sardara,Altri alloggi privati,,3,11,6
2025,Provincia del Medio Campidano,Sardara,Bed & Breakfast,,1,4,1
2025,Provincia del Medio Campidano,Sardara,Bed & Breakfast,1 Stella,2,10,6
2025,Provincia del Medio Campidano,Sardara,Bed & Breakfast,3 Stelle,5,21,9
2025,Provincia del Medio Campidano,Serramanna,Affittacamere,3 Stelle,1,6,3
2025,Provincia del Medio Campidano,Serramanna,Altri alloggi privati,,10,40,20
2025,Provincia del Medio Campidano,Serramanna,Bed & Breakfast,2 Stelle,1,2,2
2025,Provincia del Medio Campidano,Serrenti,Affittacamere,2 Stelle,1,10,4
2025,Provincia del Medio Campidano,Serrenti,Albergo,2 Stelle,1,18,11
2025,Provincia del Medio Campidano,Serrenti,Altri alloggi privati,,1,6,3
2025,Provincia del Medio Campidano,Serrenti,Bed & Breakfast,1 Stella,1,3,2
2025,Provincia del Medio Campidano,Siddi,Affittacamere,II Categoria,1,6,3
2025,Provincia del Medio Campidano,Siddi,Altri alloggi privati,,1,4,2
2025,Provincia del Medio Campidano,Tuili,Agriturismo,,1,10,5
2025,Provincia del Medio Campidano,Tuili,Altri alloggi privati,,3,12,7
2025,Provincia del Medio Campidano,Tuili,Bed & Breakfast,1 Stella,2,10,5
2025,Provincia del Medio Campidano,Tuili,Bed & Breakfast,2 Stelle,3,13,6
2025,Provincia del Medio Campidano,Tuili,Ostello,III Categoria,1,25,13
2025,Provincia del Medio Campidano,Turri,Agriturismo,,1,16,8
2025,Provincia del Medio Campidano,Turri,Altri alloggi privati,,1,5,2
2025,Provincia del Medio Campidano,Villacidro,Affittacamere,1 Stella,1,5,3
2025,Provincia del Medio Campidano,Villacidro,Affittacamere,3 Stelle,3,12,7
2025,Provincia del Medio Campidano,Villacidro,Affittacamere,III Categoria,1,9,3
2025,Provincia del Medio Campidano,Villacidro,Agriturismo,,2,15,9
2025,Provincia del Medio Campidano,Villacidro,Altri alloggi privati,,17,70,29
2025,Provincia del Medio Campidano,Villacidro,Bed & Breakfast,1 Stella,2,7,4
2025,Provincia del Medio Campidano,Villacidro,Bed & Breakfast,2 Stelle,2,12,5
2025,Provincia del Medio Campidano,Villacidro,Bed & Breakfast,3 Stelle,2,11,6
2025,Provincia del Medio Campidano,Villacidro,Casa per ferie e ospitalità religiosa,III Categoria,1,11,4
2025,Provincia del Medio Campidano,Villamar,Affittacamere,II Categoria,1,8,4
2025,Provincia del Medio Campidano,Villamar,Altri alloggi privati,,1,3,1
2025,Provincia del Medio Campidano,Villamar,Bed & Breakfast,3 Stelle,1,4,2
2025,Provincia del Medio Campidano,Villanovaforru,Albergo,3 Stelle,1,72,30
2025,Provincia del Medio Campidano,Villanovaforru,Altri alloggi privati,,2,10,5
2025,Provincia del Medio Campidano,Villanovaforru,Bed & Breakfast,2 Stelle,1,2,1
2025,Provincia del Medio Campidano,Villanovafranca,Affittacamere,II Categoria,1,2,1
2025,Provincia del Medio Campidano,Villanovafranca,Altri alloggi privati,,2,15,7
2025,Provincia del Medio Campidano,Villanovafranca,Bed & Breakfast,1 Stella,1,6,3
2025,Provincia del Sulcis Iglesiente,Buggerru,Affittacamere,2 Stelle,1,4,2
2025,Provincia del Sulcis Iglesiente,Buggerru,Affittacamere,3 Stelle,1,3,3
2025,Provincia del Sulcis Iglesiente,Buggerru,Affittacamere,II Categoria,1,15,4
2025,Provincia del Sulcis Iglesiente,Buggerru,Albergo,3 Stelle,1,22,11
2025,Provincia del Sulcis Iglesiente,Buggerru,Albergo,4 Stelle,1,68,28
2025,Provincia del Sulcis Iglesiente,Buggerru,Altri alloggi privati,,101,458,185
2025,Provincia del Sulcis Iglesiente,Buggerru,Bed & Breakfast,2 Stelle,1,6,2
2025,Provincia del Sulcis Iglesiente,Buggerru,Bed & Breakfast,3 Stelle,4,17,10
2025,Provincia del Sulcis Iglesiente,Buggerru,Campeggio,2 Stelle,1,40,15
2025,Provincia del Sulcis Iglesiente,Buggerru,Casa/App. vacanze,II Categoria,2,24,10
2025,Provincia del Sulcis Iglesiente,Buggerru,Ostello,III Categoria,2,43,19
2025,Provincia del Sulcis Iglesiente,Calasetta,Affittacamere,,1,6,3
2025,Provincia del Sulcis Iglesiente,Calasetta,Affittacamere,3 Stelle,1,13,6
2025,Provincia del Sulcis Iglesiente,Calasetta,Affittacamere,II Categoria,2,8,4
2025,Provincia del Sulcis Iglesiente,Calasetta,Agriturismo,,2,22,10
2025,Provincia del Sulcis Iglesiente,Calasetta,Albergo,2 Stelle,2,58,32
2025,Provincia del Sulcis Iglesiente,Calasetta,Albergo,3 Stelle,3,202,103
2025,Provincia del Sulcis Iglesiente,Calasetta,Albergo,4 Stelle,1,100,40
2025,Provincia del Sulcis Iglesiente,Calasetta,Albergo Rurale,1 Stella,1,16,8
2025,Provincia del Sulcis Iglesiente,Calasetta,Altri alloggi privati,,487,2246,970
2025,Provincia del Sulcis Iglesiente,Calasetta,Bed & Breakfast,2 Stelle,3,14,8
2025,Provincia del Sulcis Iglesiente,Calasetta,Bed & Breakfast,3 Stelle,5,37,14
2025,Provincia del Sulcis Iglesiente,Calasetta,Campeggio,2 Stelle,1,366,103
2025,Provincia del Sulcis Iglesiente,Calasetta,Casa/App. vacanze,2 Stelle,2,43,19
2025,Provincia del Sulcis Iglesiente,Calasetta,Casa/App. vacanze,II Categoria,4,91,22
2025,Provincia del Sulcis Iglesiente,Carbonia,Affittacamere,II Categoria,2,20,10
2025,Provincia del Sulcis Iglesiente,Carbonia,Agriturismo,,3,54,28
2025,Provincia del Sulcis Iglesiente,Carbonia,Albergo,1 Stella,1,10,7
2025,Provincia del Sulcis Iglesiente,Carbonia,Albergo,4 Stelle,1,156,78
2025,Provincia del Sulcis Iglesiente,Carbonia,Altri alloggi privati,,116,510,226
2025,Provincia del Sulcis Iglesiente,Carbonia,Bed & Breakfast,,2,8,4
2025,Provincia del Sulcis Iglesiente,Carbonia,Bed & Breakfast,1 Stella,1,3,2
2025,Provincia del Sulcis Iglesiente,Carbonia,Bed & Breakfast,2 Stelle,2,11,5
2025,Provincia del Sulcis Iglesiente,Carbonia,Bed & Breakfast,3 Stelle,4,27,12
2025,Provincia del Sulcis Iglesiente,Carbonia,Casa per ferie e ospitalità religiosa,III Categoria,1,22,10
2025,Provincia del Sulcis Iglesiente,Carbonia,Casa/App. vacanze,3 Stelle,1,26,20
2025,Provincia del Sulcis Iglesiente,Carbonia,Villaggio albergo,3 Stelle,1,48,24
2025,Provincia del Sulcis Iglesiente,Carloforte,Affittacamere,2 Stelle,1,4,2
2025,Provincia del Sulcis Iglesiente,Carloforte,Affittacamere,3 Stelle,3,22,11
2025,Provincia del Sulcis Iglesiente,Carloforte,Affittacamere,I Categoria,3,36,13
2025,Provincia del Sulcis Iglesiente,Carloforte,Affittacamere,II Categoria,8,71,35
2025,Provincia del Sulcis Iglesiente,Carloforte,Affittacamere,III Categoria,1,4,2
2025,Provincia del Sulcis Iglesiente,Carloforte,Albergo,3 Stelle,7,251,135
2025,Provincia del Sulcis Iglesiente,Carloforte,Albergo,4 Stelle,3,178,86
2025,Provincia del Sulcis Iglesiente,Carloforte,Altri alloggi privati,,449,2004,835
2025,Provincia del Sulcis Iglesiente,Carloforte,Bed & Breakfast,,1,6,2
2025,Provincia del Sulcis Iglesiente,Carloforte,Bed & Breakfast,1 Stella,3,11,5
2025,Provincia del Sulcis Iglesiente,Carloforte,Bed & Breakfast,2 Stelle,5,22,12
2025,Provincia del Sulcis Iglesiente,Carloforte,Bed & Breakfast,3 Stelle,9,43,22
2025,Provincia del Sulcis Iglesiente,Carloforte,Casa/App. vacanze,3 Stelle,1,12,4
2025,Provincia del Sulcis Iglesiente,Carloforte,Casa/App. vacanze,II Categoria,2,42,11
2025,Provincia del Sulcis Iglesiente,Carloforte,Casa/App. vacanze,III Categoria,1,7,5
2025,Provincia del Sulcis Iglesiente,Domusnovas,Affittacamere,II Categoria,1,4,2
2025,Provincia del Sulcis Iglesiente,Domusnovas,Agriturismo,,1,20,0
2025,Provincia del Sulcis Iglesiente,Domusnovas,Albergo,3 Stelle,1,44,19
2025,Provincia del Sulcis Iglesiente,Domusnovas,Altri alloggi privati,,26,135,53
2025,Provincia del Sulcis Iglesiente,Domusnovas,Bed & Breakfast,1 Stella,2,7,4
2025,Provincia del Sulcis Iglesiente,Fluminimaggiore,Agriturismo,,7,79,39
2025,Provincia del Sulcis Iglesiente,Fluminimaggiore,Albergo,1 Stella,1,18,9
2025,Provincia del Sulcis Iglesiente,Fluminimaggiore,Albergo,2 Stelle,1,28,14
2025,Provincia del Sulcis Iglesiente,Fluminimaggiore,Albergo,3 Stelle,1,20,14
2025,Provincia del Sulcis Iglesiente,Fluminimaggiore,Altri alloggi privati,,61,299,131
2025,Provincia del Sulcis Iglesiente,Fluminimaggiore,Bed & Breakfast,,1,6,3
2025,Provincia del Sulcis Iglesiente,Fluminimaggiore,Bed & Breakfast,1 Stella,1,4,2
2025,Provincia del Sulcis Iglesiente,Fluminimaggiore,Bed & Breakfast,2 Stelle,1,4,3
2025,Provincia del Sulcis Iglesiente,Fluminimaggiore,Bed & Breakfast,3 Stelle,2,14,6
2025,Provincia del Sulcis Iglesiente,Fluminimaggiore,Casa per ferie e ospitalità religiosa,III Categoria,1,11,10
2025,Provincia del Sulcis Iglesiente,Fluminimaggiore,Ostello,III Categoria,1,24,10
2025,Provincia del Sulcis Iglesiente,Giba,Affittacamere,2 Stelle,1,10,5
2025,Provincia del Sulcis Iglesiente,Giba,Agriturismo,,1,10,5
2025,Provincia del Sulcis Iglesiente,Giba,Albergo,2 Stelle,1,28,13
2025,Provincia del Sulcis Iglesiente,Giba,Altri alloggi privati,,45,216,98
2025,Provincia del Sulcis Iglesiente,Giba,Bed & Breakfast,2 Stelle,1,8,3
2025,Provincia del Sulcis Iglesiente,Giba,Casa/App. vacanze,,1,18,6
2025,Provincia del Sulcis Iglesiente,Giba,Casa/App. vacanze,3 Stelle,1,18,6
2025,Provincia del Sulcis Iglesiente,Gonnesa,Affittacamere,3 Stelle,1,6,4
2025,Provincia del Sulcis Iglesiente,Gonnesa,Affittacamere,II Categoria,2,14,8
2025,Provincia del Sulcis Iglesiente,Gonnesa,Affittacamere,III Categoria,1,4,2
2025,Provincia del Sulcis Iglesiente,Gonnesa,Agriturismo,,4,64,39
2025,Provincia del Sulcis Iglesiente,Gonnesa,Altri alloggi privati,,108,496,207
2025,Provincia del Sulcis Iglesiente,Gonnesa,Bed & Breakfast,1 Stella,4,19,11
2025,Provincia del Sulcis Iglesiente,Gonnesa,Bed & Breakfast,2 Stelle,2,9,3
2025,Provincia del Sulcis Iglesiente,Gonnesa,Bed & Breakfast,3 Stelle,4,20,8
2025,Provincia del Sulcis Iglesiente,Gonnesa,Casa/App. vacanze,1 Stella,5,7,6
2025,Provincia del Sulcis Iglesiente,Gonnesa,Casa/App. vacanze,II Categoria,2,19,7
2025,Provincia del Sulcis Iglesiente,Gonnesa,Ostello,III Categoria,1,16,10
2025,Provincia del Sulcis Iglesiente,Iglesias,Affittacamere,,5,43,20
2025,Provincia del Sulcis Iglesiente,Iglesias,Affittacamere,1 Stella,2,16,9
2025,Provincia del Sulcis Iglesiente,Iglesias,Affittacamere,2 Stelle,2,16,7
2025,Provincia del Sulcis Iglesiente,Iglesias,Affittacamere,3 Stelle,5,42,17
2025,Provincia del Sulcis Iglesiente,Iglesias,Affittacamere,I Categoria,3,24,12
2025,Provincia del Sulcis Iglesiente,Iglesias,Affittacamere,II Categoria,11,83,43
2025,Provincia del Sulcis Iglesiente,Iglesias,Affittacamere,III Categoria,1,8,4
2025,Provincia del Sulcis Iglesiente,Iglesias,Agriturismo,,5,62,32
2025,Provincia del Sulcis Iglesiente,Iglesias,Albergo,3 Stelle,5,96,59
2025,Provincia del Sulcis Iglesiente,Iglesias,Albergo,4 Stelle,2,113,53
2025,Provincia del Sulcis Iglesiente,Iglesias,Altri alloggi privati,,453,1888,773
2025,Provincia del Sulcis Iglesiente,Iglesias,Bed & Breakfast,,1,4,2
2025,Provincia del Sulcis Iglesiente,Iglesias,Bed & Breakfast,1 Stella,4,25,10
2025,Provincia del Sulcis Iglesiente,Iglesias,Bed & Breakfast,2 Stelle,4,17,8
2025,Provincia del Sulcis Iglesiente,Iglesias,Bed & Breakfast,3 Stelle,10,50,23
2025,Provincia del Sulcis Iglesiente,Iglesias,Casa per ferie e ospitalità religiosa,III Categoria,3,18,11
2025,Provincia del Sulcis Iglesiente,Iglesias,Casa/App. vacanze,,1,11,5
2025,Provincia del Sulcis Iglesiente,Iglesias,Casa/App. vacanze,1 Stella,5,14,7
2025,Provincia del Sulcis Iglesiente,Iglesias,Casa/App. vacanze,2 Stelle,1,6,4
2025,Provincia del Sulcis Iglesiente,Iglesias,Casa/App. vacanze,3 Stelle,1,19,8
2025,Provincia del Sulcis Iglesiente,Iglesias,Casa/App. vacanze,II Categoria,2,20,11
2025,Provincia del Sulcis Iglesiente,Iglesias,Locanda,3 Stelle,1,4,2
2025,Provincia del Sulcis Iglesiente,Iglesias,Ostello,III Categoria,1,20,6
2025,Provincia del Sulcis Iglesiente,Masainas,Affittacamere,2 Stelle,1,12,5
2025,Provincia del Sulcis Iglesiente,Masainas,Affittacamere,II Categoria,1,12,6
2025,Provincia del Sulcis Iglesiente,Masainas,Agriturismo,,2,28,15
2025,Provincia del Sulcis Iglesiente,Masainas,Altri alloggi privati,,32,150,65
2025,Provincia del Sulcis Iglesiente,Masainas,Bed & Breakfast,1 Stella,1,5,3
2025,Provincia del Sulcis Iglesiente,Musei,Altri alloggi privati,,2,8,3
2025,Provincia del Sulcis Iglesiente,Musei,Bed & Breakfast,1 Stella,1,2,2
2025,Provincia del Sulcis Iglesiente,Narcao,Agriturismo,,1,4,2
2025,Provincia del Sulcis Iglesiente,Narcao,Albergo,3 Stelle,1,17,9
2025,Provincia del Sulcis Iglesiente,Narcao,Altri alloggi privati,,4,18,8
2025,Provincia del Sulcis Iglesiente,Narcao,Bed & Breakfast,1 Stella,1,2,2
2025,Provincia del Sulcis Iglesiente,Narcao,Villaggio turistico,2 Stelle,1,37,23
2025,Provincia del Sulcis Iglesiente,Nuxis,Affittacamere,1 Stella,1,6,3
2025,Provincia del Sulcis Iglesiente,Nuxis,Altri alloggi privati,,7,30,14
2025,Provincia del Sulcis Iglesiente,Nuxis,Bed & Breakfast,2 Stelle,1,5,3
2025,Provincia del Sulcis Iglesiente,Perdaxius,Agriturismo,,1,12,0
2025,Provincia del Sulcis Iglesiente,Perdaxius,Altri alloggi privati,,6,29,6
2025,Provincia del Sulcis Iglesiente,Piscinas,Affittacamere,II Categoria,2,15,7
2025,Provincia del Sulcis Iglesiente,Piscinas,Affittacamere,III Categoria,1,10,5
2025,Provincia del Sulcis Iglesiente,Piscinas,Agriturismo,,1,10,5
2025,Provincia del Sulcis Iglesiente,Piscinas,Altri alloggi privati,,7,33,15
2025,Provincia del Sulcis Iglesiente,Piscinas,Bed & Breakfast,1 Stella,1,6,2
2025,Provincia del Sulcis Iglesiente,Portoscuso,Affittacamere,II Categoria,1,9,5
2025,Provincia del Sulcis Iglesiente,Portoscuso,Albergo,3 Stelle,2,115,55
2025,Provincia del Sulcis Iglesiente,Portoscuso,Albergo,4 Stelle,2,108,49
2025,Provincia del Sulcis Iglesiente,Portoscuso,Altri alloggi privati,,150,628,267
2025,Provincia del Sulcis Iglesiente,Portoscuso,Bed & Breakfast,,1,6,3
2025,Provincia del Sulcis Iglesiente,Portoscuso,Bed & Breakfast,1 Stella,6,25,11
2025,Provincia del Sulcis Iglesiente,Portoscuso,Bed & Breakfast,2 Stelle,3,17,6
2025,Provincia del Sulcis Iglesiente,Portoscuso,Bed & Breakfast,3 Stelle,4,22,11
2025,Provincia del Sulcis Iglesiente,San Giovanni Suergiu,Agriturismo,,3,58,19
2025,Provincia del Sulcis Iglesiente,San Giovanni Suergiu,Albergo,3 Stelle,1,20,12
2025,Provincia del Sulcis Iglesiente,San Giovanni Suergiu,Altri alloggi privati,,75,329,152
2025,Provincia del Sulcis Iglesiente,San Giovanni Suergiu,Bed & Breakfast,1 Stella,5,16,9
2025,Provincia del Sulcis Iglesiente,San Giovanni Suergiu,Bed & Breakfast,3 Stelle,1,10,3
2025,Provincia del Sulcis Iglesiente,San Giovanni Suergiu,Casa/App. vacanze,2 Stelle,1,23,9
2025,Provincia del Sulcis Iglesiente,San Giovanni Suergiu,Casa/App. vacanze,3 Stelle,1,15,6
2025,Provincia del Sulcis Iglesiente,San Giovanni Suergiu,Casa/App. vacanze,II Categoria,1,9,4
2025,Provincia del Sulcis Iglesiente,San Giovanni Suergiu,Casa/App. vacanze,III Categoria,2,37,18
2025,Provincia del Sulcis Iglesiente,Sant'Anna Arresi,Affittacamere,1 Stella,1,4,3
2025,Provincia del Sulcis Iglesiente,Sant'Anna Arresi,Affittacamere,2 Stelle,1,3,1
2025,Provincia del Sulcis Iglesiente,Sant'Anna Arresi,Affittacamere,3 Stelle,1,9,4
2025,Provincia del Sulcis Iglesiente,Sant'Anna Arresi,Affittacamere,II Categoria,6,49,27
2025,Provincia del Sulcis Iglesiente,Sant'Anna Arresi,Agriturismo,,1,12,0
2025,Provincia del Sulcis Iglesiente,Sant'Anna Arresi,Albergo,3 Stelle,4,193,101
2025,Provincia del Sulcis Iglesiente,Sant'Anna Arresi,Albergo,4 Stelle,2,427,201
2025,Provincia del Sulcis Iglesiente,Sant'Anna Arresi,Altri alloggi privati,,339,1636,688
2025,Provincia del Sulcis Iglesiente,Sant'Anna Arresi,Bed & Breakfast,1 Stella,3,13,7
2025,Provincia del Sulcis Iglesiente,Sant'Anna Arresi,Bed & Breakfast,2 Stelle,4,20,11
2025,Provincia del Sulcis Iglesiente,Sant'Anna Arresi,Bed & Breakfast,3 Stelle,5,24,12
2025,Provincia del Sulcis Iglesiente,Sant'Anna Arresi,Campeggio,1 Stella,1,360,98
2025,Provincia del Sulcis Iglesiente,Sant'Anna Arresi,Casa per ferie e ospitalità religiosa,,1,10,3
2025,Provincia del Sulcis Iglesiente,Sant'Anna Arresi,Casa/App. vacanze,I Categoria,1,12,6
2025,Provincia del Sulcis Iglesiente,Sant'Anna Arresi,Casa/App. vacanze,II Categoria,3,93,33
2025,Provincia del Sulcis Iglesiente,Sant'Anna Arresi,Locanda,I Categoria,1,10,6
2025,Provincia del Sulcis Iglesiente,Sant'Anna Arresi,Residence,I Categoria,1,29,13
2025,Provincia del Sulcis Iglesiente,Sant'Antioco,Affittacamere,,2,15,6
2025,Provincia del Sulcis Iglesiente,Sant'Antioco,Affittacamere,2 Stelle,2,19,10
2025,Provincia del Sulcis Iglesiente,Sant'Antioco,Affittacamere,3 Stelle,4,37,19
2025,Provincia del Sulcis Iglesiente,Sant'Antioco,Affittacamere,I Categoria,1,12,6
2025,Provincia del Sulcis Iglesiente,Sant'Antioco,Affittacamere,II Categoria,8,46,27
2025,Provincia del Sulcis Iglesiente,Sant'Antioco,Affittacamere,III Categoria,1,5,3
2025,Provincia del Sulcis Iglesiente,Sant'Antioco,Agriturismo,,3,70,25
2025,Provincia del Sulcis Iglesiente,Sant'Antioco,Albergo,2 Stelle,1,25,15
2025,Provincia del Sulcis Iglesiente,Sant'Antioco,Albergo,3 Stelle,4,110,58
2025,Provincia del Sulcis Iglesiente,Sant'Antioco,Albergo,4 Stelle,2,139,69
2025,Provincia del Sulcis Iglesiente,Sant'Antioco,Albergo Rurale,4 Stelle,1,20,10
2025,Provincia del Sulcis Iglesiente,Sant'Antioco,Altri alloggi privati,,559,2432,1067
2025,Provincia del Sulcis Iglesiente,Sant'Antioco,Bed & Breakfast,,2,12,6
2025,Provincia del Sulcis Iglesiente,Sant'Antioco,Bed & Breakfast,1 Stella,7,34,16
2025,Provincia del Sulcis Iglesiente,Sant'Antioco,Bed & Breakfast,2 Stelle,10,44,20
2025,Provincia del Sulcis Iglesiente,Sant'Antioco,Bed & Breakfast,3 Stelle,18,104,49
2025,Provincia del Sulcis Iglesiente,Sant'Antioco,Campeggio,3 Stelle,1,708,176
2025,Provincia del Sulcis Iglesiente,Sant'Antioco,Casa/App. vacanze,II Categoria,6,185,105
2025,Provincia del Sulcis Iglesiente,Sant'Antioco,Locanda,III Categoria,1,7,4
2025,Provincia del Sulcis Iglesiente,Sant'Antioco,Ostello,,1,89,32
2025,Provincia del Sulcis Iglesiente,Santadi,Agriturismo,,1,20,5
2025,Provincia del Sulcis Iglesiente,Santadi,Albergo,4 Stelle,1,33,11
2025,Provincia del Sulcis Iglesiente,Santadi,Altri alloggi privati,,23,99,43
2025,Provincia del Sulcis Iglesiente,Santadi,Bed & Breakfast,2 Stelle,1,6,2
2025,Provincia del Sulcis Iglesiente,Santadi,Bed & Breakfast,3 Stelle,2,14,6
2025,Provincia del Sulcis Iglesiente,Teulada,Affittacamere,3 Stelle,1,5,3
2025,Provincia del Sulcis Iglesiente,Teulada,Affittacamere,II Categoria,3,17,9
2025,Provincia del Sulcis Iglesiente,Teulada,Affittacamere,III Categoria,1,5,3
2025,Provincia del Sulcis Iglesiente,Teulada,Agriturismo,,9,143,59
2025,Provincia del Sulcis Iglesiente,Teulada,Albergo,3 Stelle,2,70,44
2025,Provincia del Sulcis Iglesiente,Teulada,Altri alloggi privati,,292,1302,548
2025,Provincia del Sulcis Iglesiente,Teulada,Bed & Breakfast,,1,4,2
2025,Provincia del Sulcis Iglesiente,Teulada,Bed & Breakfast,2 Stelle,3,9,4
2025,Provincia del Sulcis Iglesiente,Teulada,Bed & Breakfast,3 Stelle,13,77,36
2025,Provincia del Sulcis Iglesiente,Teulada,Casa/App. vacanze,1 Stella,1,26,13
2025,Provincia del Sulcis Iglesiente,Teulada,Casa/App. vacanze,II Categoria,3,72,22
2025,Provincia del Sulcis Iglesiente,Teulada,Marina Resort,,1,731,268
2025,Provincia del Sulcis Iglesiente,Teulada,Residenza Turistico Alberghiera (R.T.A.),4 Stelle,1,197,45
2025,Provincia del Sulcis Iglesiente,Tratalias,Agriturismo,,5,67,37
2025,Provincia del Sulcis Iglesiente,Tratalias,Altri alloggi privati,,7,38,17
2025,Provincia del Sulcis Iglesiente,Tratalias,Bed & Breakfast,1 Stella,1,3,2
2025,Provincia del Sulcis Iglesiente,Villamassargia,Agriturismo,,4,40,18
2025,Provincia del Sulcis Iglesiente,Villamassargia,Altri alloggi privati,,19,78,32
2025,Provincia del Sulcis Iglesiente,Villamassargia,Bed & Breakfast,2 Stelle,4,15,8
2025,Provincia del Sulcis Iglesiente,Villaperuccio,Altri alloggi privati,,1,6,3
2025,Provincia del Sulcis Iglesiente,Villaperuccio,Bed & Breakfast,2 Stelle,1,8,3
2025,Provincia del Sulcis Iglesiente,Villaperuccio,Locanda,II Categoria,1,6,3
2025,Provincia della Gallura Nord-Est Sardegna,Aggius,Affittacamere,1 Stella,1,4,2
2025,Provincia della Gallura Nord-Est Sardegna,Aggius,Affittacamere,2 Stelle,1,8,4
2025,Provincia della Gallura Nord-Est Sardegna,Aggius,Affittacamere,I Categoria,1,11,5
2025,Provincia della Gallura Nord-Est Sardegna,Aggius,Agriturismo,,4,40,21
2025,Provincia della Gallura Nord-Est Sardegna,Aggius,Altri alloggi privati,,27,132,61
2025,Provincia della Gallura Nord-Est Sardegna,Aggius,Bed & Breakfast,,1,4,2
2025,Provincia della Gallura Nord-Est Sardegna,Aggius,Bed & Breakfast,2 Stelle,3,12,7
2025,Provincia della Gallura Nord-Est Sardegna,Aggius,Bed & Breakfast,3 Stelle,2,15,6
2025,Provincia della Gallura Nord-Est Sardegna,Aggius,Casa/App. vacanze,II Categoria,1,10,5
2025,Provincia della Gallura Nord-Est Sardegna,Aglientu,Affittacamere,2 Stelle,2,12,6
2025,Provincia della Gallura Nord-Est Sardegna,Aglientu,Affittacamere,3 Stelle,2,16,8
2025,Provincia della Gallura Nord-Est Sardegna,Aglientu,Affittacamere,II Categoria,1,10,5
2025,Provincia della Gallura Nord-Est Sardegna,Aglientu,Affittacamere,III Categoria,3,15,7
2025,Provincia della Gallura Nord-Est Sardegna,Aglientu,Agriturismo,,11,151,24
2025,Provincia della Gallura Nord-Est Sardegna,Aglientu,Albergo,2 Stelle,1,12,7
2025,Provincia della Gallura Nord-Est Sardegna,Aglientu,Albergo,3 Stelle,4,127,33
2025,Provincia della Gallura Nord-Est Sardegna,Aglientu,Albergo,4 Stelle,1,16,9
2025,Provincia della Gallura Nord-Est Sardegna,Aglientu,Albergo Rurale,1 Stella,1,18,7
2025,Provincia della Gallura Nord-Est Sardegna,Aglientu,Altri alloggi privati,,411,2149,914
2025,Provincia della Gallura Nord-Est Sardegna,Aglientu,Bed & Breakfast,,1,8,3
2025,Provincia della Gallura Nord-Est Sardegna,Aglientu,Bed & Breakfast,2 Stelle,1,4,2
2025,Provincia della Gallura Nord-Est Sardegna,Aglientu,Campeggio,1 Stella,1,250,50
2025,Provincia della Gallura Nord-Est Sardegna,Aglientu,Campeggio,4 Stelle,1,1049,293
2025,Provincia della Gallura Nord-Est Sardegna,Aglientu,Casa/App. vacanze,1 Stella,2,50,35
2025,Provincia della Gallura Nord-Est Sardegna,Aglientu,Casa/App. vacanze,2 Stelle,3,117,45
2025,Provincia della Gallura Nord-Est Sardegna,Aglientu,Casa/App. vacanze,3 Stelle,1,12,7
2025,Provincia della Gallura Nord-Est Sardegna,Aglientu,Casa/App. vacanze,II Categoria,2,71,47
2025,Provincia della Gallura Nord-Est Sardegna,Aglientu,Casa/App. vacanze,III Categoria,2,33,15
2025,Provincia della Gallura Nord-Est Sardegna,Aglientu,Locanda,,1,6,4
2025,Provincia della Gallura Nord-Est Sardegna,Aglientu,Residence,I Categoria,1,213,88
2025,Provincia della Gallura Nord-Est Sardegna,Aglientu,Residenza Turistico Alberghiera (R.T.A.),3 Stelle,1,176,88
2025,Provincia della Gallura Nord-Est Sardegna,Aglientu,Villaggio albergo,3 Stelle,1,598,251
2025,Provincia della Gallura Nord-Est Sardegna,Aglientu,Villaggio turistico,5 Stelle,1,2400,600
2025,Provincia della Gallura Nord-Est Sardegna,Alà Dei Sardi,Affittacamere,1 Stella,1,4,2
2025,Provincia della Gallura Nord-Est Sardegna,Alà Dei Sardi,Altri alloggi privati,,3,15,7
2025,Provincia della Gallura Nord-Est Sardegna,Alà Dei Sardi,Bed & Breakfast,2 Stelle,1,2,2
2025,Provincia della Gallura Nord-Est Sardegna,Arzachena,Affittacamere,,4,36,17
2025,Provincia della Gallura Nord-Est Sardegna,Arzachena,Affittacamere,1 Stella,1,14,6
2025,Provincia della Gallura Nord-Est Sardegna,Arzachena,Affittacamere,2 Stelle,1,10,5
2025,Provincia della Gallura Nord-Est Sardegna,Arzachena,Affittacamere,3 Stelle,4,41,19
2025,Provincia della Gallura Nord-Est Sardegna,Arzachena,Affittacamere,I Categoria,8,84,32
2025,Provincia della Gallura Nord-Est Sardegna,Arzachena,Affittacamere,II Categoria,7,35,19
2025,Provincia della Gallura Nord-Est Sardegna,Arzachena,Agriturismo,,16,164,67
2025,Provincia della Gallura Nord-Est Sardegna,Arzachena,Albergo,2 Stelle,1,20,10
2025,Provincia della Gallura Nord-Est Sardegna,Arzachena,Albergo,3 Stelle,19,1361,615
2025,Provincia della Gallura Nord-Est Sardegna,Arzachena,Albergo,4 Stelle,32,4449,1984
2025,Provincia della Gallura Nord-Est Sardegna,Arzachena,Albergo,4 Stelle Superior,1,95,42
2025,Provincia della Gallura Nord-Est Sardegna,Arzachena,Albergo,5 Stelle,15,2114,1040
2025,Provincia della Gallura Nord-Est Sardegna,Arzachena,Albergo,5 Stelle Lusso,3,621,282
2025,Provincia della Gallura Nord-Est Sardegna,Arzachena,Albergo Rurale,2 Stelle,1,14,7
2025,Provincia della Gallura Nord-Est Sardegna,Arzachena,Albergo Rurale,3 Stelle,2,30,18
2025,Provincia della Gallura Nord-Est Sardegna,Arzachena,Albergo Rurale,4 Stelle,2,104,52
2025,Provincia della Gallura Nord-Est Sardegna,Arzachena,Albergo Rurale,5 Stelle,1,46,19
2025,Provincia della Gallura Nord-Est Sardegna,Arzachena,Altri alloggi privati,,1909,9873,4315
2025,Provincia della Gallura Nord-Est Sardegna,Arzachena,Bed & Breakfast,,3,15,9
2025,Provincia della Gallura Nord-Est Sardegna,Arzachena,Bed & Breakfast,1 Stella,8,38,20
2025,Provincia della Gallura Nord-Est Sardegna,Arzachena,Bed & Breakfast,2 Stelle,3,16,8
2025,Provincia della Gallura Nord-Est Sardegna,Arzachena,Bed & Breakfast,3 Stelle,14,83,38
2025,Provincia della Gallura Nord-Est Sardegna,Arzachena,Campeggio,3 Stelle,1,259,628
2025,Provincia della Gallura Nord-Est Sardegna,Arzachena,Casa per ferie e ospitalità religiosa,III Categoria,1,10,3
2025,Provincia della Gallura Nord-Est Sardegna,Arzachena,Casa/App. vacanze,,9,204,44
2025,Provincia della Gallura Nord-Est Sardegna,Arzachena,Casa/App. vacanze,1 Stella,7,368,194
2025,Provincia della Gallura Nord-Est Sardegna,Arzachena,Casa/App. vacanze,2 Stelle,6,90,54
2025,Provincia della Gallura Nord-Est Sardegna,Arzachena,Casa/App. vacanze,3 Stelle,3,150,63
2025,Provincia della Gallura Nord-Est Sardegna,Arzachena,Casa/App. vacanze,I Categoria,9,388,123
2025,Provincia della Gallura Nord-Est Sardegna,Arzachena,Casa/App. vacanze,II Categoria,9,227,61
2025,Provincia della Gallura Nord-Est Sardegna,Arzachena,Locanda,II Categoria,1,6,3
2025,Provincia della Gallura Nord-Est Sardegna,Arzachena,Marina Resort,,1,1220,305
2025,Provincia della Gallura Nord-Est Sardegna,Arzachena,Marina Resort,4 Stelle,1,3022,569
2025,Provincia della Gallura Nord-Est Sardegna,Arzachena,Residence,,1,120,28
2025,Provincia della Gallura Nord-Est Sardegna,Arzachena,Residence,I Categoria,2,267,73
2025,Provincia della Gallura Nord-Est Sardegna,Arzachena,Residence,II Categoria,6,565,126
2025,Provincia della Gallura Nord-Est Sardegna,Arzachena,Residenza Turistico Alberghiera (R.T.A.),3 Stelle,3,224,88
2025,Provincia della Gallura Nord-Est Sardegna,Arzachena,Residenza Turistico Alberghiera (R.T.A.),4 Stelle,8,1757,559
2025,Provincia della Gallura Nord-Est Sardegna,Arzachena,Villaggio albergo,5 Stelle,1,151,66
2025,Provincia della Gallura Nord-Est Sardegna,Arzachena,Villaggio turistico,5 Stelle,1,2904,600
2025,Provincia della Gallura Nord-Est Sardegna,Badesi,Affittacamere,,1,2,1
2025,Provincia della Gallura Nord-Est Sardegna,Badesi,Affittacamere,1 Stella,2,8,5
2025,Provincia della Gallura Nord-Est Sardegna,Badesi,Affittacamere,2 Stelle,1,9,6
2025,Provincia della Gallura Nord-Est Sardegna,Badesi,Affittacamere,II Categoria,3,11,3
2025,Provincia della Gallura Nord-Est Sardegna,Badesi,Agriturismo,,1,6,4
2025,Provincia della Gallura Nord-Est Sardegna,Badesi,Albergo,2 Stelle,1,12,8
2025,Provincia della Gallura Nord-Est Sardegna,Badesi,Albergo,3 Stelle,3,106,52
2025,Provincia della Gallura Nord-Est Sardegna,Badesi,Albergo,4 Stelle,2,250,183
2025,Provincia della Gallura Nord-Est Sardegna,Badesi,Albergo Rurale,3 Stelle,1,24,12
2025,Provincia della Gallura Nord-Est Sardegna,Badesi,Altri alloggi privati,,349,1471,560
2025,Provincia della Gallura Nord-Est Sardegna,Badesi,Bed & Breakfast,,1,4,1
2025,Provincia della Gallura Nord-Est Sardegna,Badesi,Bed & Breakfast,2 Stelle,2,8,4
2025,Provincia della Gallura Nord-Est Sardegna,Badesi,Campeggio,1 Stella,1,129,33
2025,Provincia della Gallura Nord-Est Sardegna,Badesi,Campeggio,3 Stelle,1,399,154
2025,Provincia della Gallura Nord-Est Sardegna,Badesi,Casa/App. vacanze,,1,58,26
2025,Provincia della Gallura Nord-Est Sardegna,Badesi,Casa/App. vacanze,1 Stella,1,33,13
2025,Provincia della Gallura Nord-Est Sardegna,Badesi,Casa/App. vacanze,2 Stelle,2,59,20
2025,Provincia della Gallura Nord-Est Sardegna,Badesi,Casa/App. vacanze,I Categoria,3,87,24
2025,Provincia della Gallura Nord-Est Sardegna,Badesi,Casa/App. vacanze,II Categoria,9,1183,470
2025,Provincia della Gallura Nord-Est Sardegna,Badesi,Casa/App. vacanze,III Categoria,1,349,116
2025,Provincia della Gallura Nord-Est Sardegna,Badesi,Villaggio albergo,4 Stelle,2,2412,870
2025,Provincia della Gallura Nord-Est Sardegna,Berchidda,Affittacamere,I Categoria,2,16,8
2025,Provincia della Gallura Nord-Est Sardegna,Berchidda,Affittacamere,III Categoria,1,6,4
2025,Provincia della Gallura Nord-Est Sardegna,Berchidda,Agriturismo,,2,19,5
2025,Provincia della Gallura Nord-Est Sardegna,Berchidda,Albergo,3 Stelle,2,103,55
2025,Provincia della Gallura Nord-Est Sardegna,Berchidda,Altri alloggi privati,,19,91,40
2025,Provincia della Gallura Nord-Est Sardegna,Berchidda,Bed & Breakfast,1 Stella,3,9,5
2025,Provincia della Gallura Nord-Est Sardegna,Berchidda,Bed & Breakfast,2 Stelle,2,8,4
2025,Provincia della Gallura Nord-Est Sardegna,Berchidda,Campeggio,2 Stelle,1,272,68
2025,Provincia della Gallura Nord-Est Sardegna,Bortigiadas,Agriturismo,,2,13,5
2025,Provincia della Gallura Nord-Est Sardegna,Bortigiadas,Albergo,3 Stelle,1,21,8
2025,Provincia della Gallura Nord-Est Sardegna,Bortigiadas,Altri alloggi privati,,7,36,17
2025,Provincia della Gallura Nord-Est Sardegna,Bortigiadas,Bed & Breakfast,2 Stelle,1,5,2
2025,Provincia della Gallura Nord-Est Sardegna,Buddusò,Affittacamere,III Categoria,1,4,2
2025,Provincia della Gallura Nord-Est Sardegna,Buddusò,Albergo,3 Stelle,1,42,26
2025,Provincia della Gallura Nord-Est Sardegna,Buddusò,Albergo,4 Stelle,2,57,32
2025,Provincia della Gallura Nord-Est Sardegna,Buddusò,Altri alloggi privati,,2,4,2
2025,Provincia della Gallura Nord-Est Sardegna,Budoni,Affittacamere,,2,17,8
2025,Provincia della Gallura Nord-Est Sardegna,Budoni,Affittacamere,3 Stelle,5,33,21
2025,Provincia della Gallura Nord-Est Sardegna,Budoni,Affittacamere,II Categoria,6,52,22
2025,Provincia della Gallura Nord-Est Sardegna,Budoni,Agriturismo,,3,31,18
2025,Provincia della Gallura Nord-Est Sardegna,Budoni,Albergo,1 Stella,2,41,21
2025,Provincia della Gallura Nord-Est Sardegna,Budoni,Albergo,3 Stelle,11,632,279
2025,Provincia della Gallura Nord-Est Sardegna,Budoni,Albergo,4 Stelle,11,3453,1600
2025,Provincia della Gallura Nord-Est Sardegna,Budoni,Albergo Rurale,1 Stella,1,10,5
2025,Provincia della Gallura Nord-Est Sardegna,Budoni,Albergo Rurale,2 Stelle,1,18,7
2025,Provincia della Gallura Nord-Est Sardegna,Budoni,Altri alloggi privati,,1346,6530,2663
2025,Provincia della Gallura Nord-Est Sardegna,Budoni,Bed & Breakfast,1 Stella,3,14,7
2025,Provincia della Gallura Nord-Est Sardegna,Budoni,Bed & Breakfast,2 Stelle,5,26,14
2025,Provincia della Gallura Nord-Est Sardegna,Budoni,Bed & Breakfast,3 Stelle,6,35,15
2025,Provincia della Gallura Nord-Est Sardegna,Budoni,Campeggio,3 Stelle,1,400,180
2025,Provincia della Gallura Nord-Est Sardegna,Budoni,Casa/App. vacanze,,12,237,106
2025,Provincia della Gallura Nord-Est Sardegna,Budoni,Casa/App. vacanze,1 Stella,2,132,66
2025,Provincia della Gallura Nord-Est Sardegna,Budoni,Casa/App. vacanze,2 Stelle,6,230,123
2025,Provincia della Gallura Nord-Est Sardegna,Budoni,Casa/App. vacanze,3 Stelle,2,99,39
2025,Provincia della Gallura Nord-Est Sardegna,Budoni,Casa/App. vacanze,I Categoria,6,193,67
2025,Provincia della Gallura Nord-Est Sardegna,Budoni,Casa/App. vacanze,II Categoria,29,1640,470
2025,Provincia della Gallura Nord-Est Sardegna,Budoni,Casa/App. vacanze,III Categoria,1,20,8
2025,Provincia della Gallura Nord-Est Sardegna,Budoni,Residence,3 Stelle,1,31,21
2025,Provincia della Gallura Nord-Est Sardegna,Budoni,Residence,II Categoria,1,36,13
2025,Provincia della Gallura Nord-Est Sardegna,Budoni,Residenza Turistico Alberghiera (R.T.A.),2 Stelle,1,49,18
2025,Provincia della Gallura Nord-Est Sardegna,Budoni,Residenza Turistico Alberghiera (R.T.A.),3 Stelle,3,263,114
2025,Provincia della Gallura Nord-Est Sardegna,Budoni,Villaggio albergo,3 Stelle,1,179,90
2025,Provincia della Gallura Nord-Est Sardegna,Budoni,Villaggio albergo,4 Stelle,2,180,79
2025,Provincia della Gallura Nord-Est Sardegna,Budoni,Villaggio turistico,3 Stelle,1,400,98
2025,Provincia della Gallura Nord-Est Sardegna,Budoni,Villaggio turistico,4 Stelle,1,434,158
2025,Provincia della Gallura Nord-Est Sardegna,Calangianus,Affittacamere,2 Stelle,1,12,3
2025,Provincia della Gallura Nord-Est Sardegna,Calangianus,Affittacamere,II Categoria,1,9,5
2025,Provincia della Gallura Nord-Est Sardegna,Calangianus,Affittacamere,III Categoria,1,4,2
2025,Provincia della Gallura Nord-Est Sardegna,Calangianus,Agriturismo,,3,50,14
2025,Provincia della Gallura Nord-Est Sardegna,Calangianus,Altri alloggi privati,,27,75,32
2025,Provincia della Gallura Nord-Est Sardegna,Calangianus,Bed & Breakfast,1 Stella,1,4,2
2025,Provincia della Gallura Nord-Est Sardegna,Calangianus,Bed & Breakfast,2 Stelle,1,2,0
2025,Provincia della Gallura Nord-Est Sardegna,Golfo Aranci,Affittacamere,,2,26,10
2025,Provincia della Gallura Nord-Est Sardegna,Golfo Aranci,Affittacamere,2 Stelle,1,3,3
2025,Provincia della Gallura Nord-Est Sardegna,Golfo Aranci,Affittacamere,3 Stelle,4,22,11
2025,Provincia della Gallura Nord-Est Sardegna,Golfo Aranci,Affittacamere,II Categoria,2,8,5
2025,Provincia della Gallura Nord-Est Sardegna,Golfo Aranci,Affittacamere,III Categoria,1,4,2
2025,Provincia della Gallura Nord-Est Sardegna,Golfo Aranci,Agriturismo,,3,22,3
2025,Provincia della Gallura Nord-Est Sardegna,Golfo Aranci,Albergo,2 Stelle,1,20,8
2025,Provincia della Gallura Nord-Est Sardegna,Golfo Aranci,Albergo,3 Stelle,4,150,77
2025,Provincia della Gallura Nord-Est Sardegna,Golfo Aranci,Albergo,4 Stelle,7,1793,715
2025,Provincia della Gallura Nord-Est Sardegna,Golfo Aranci,Albergo Rurale,3 Stelle,1,20,10
2025,Provincia della Gallura Nord-Est Sardegna,Golfo Aranci,Altri alloggi privati,,741,3678,1466
2025,Provincia della Gallura Nord-Est Sardegna,Golfo Aranci,Bed & Breakfast,1 Stella,2,7,3
2025,Provincia della Gallura Nord-Est Sardegna,Golfo Aranci,Bed & Breakfast,2 Stelle,1,7,3
2025,Provincia della Gallura Nord-Est Sardegna,Golfo Aranci,Bed & Breakfast,3 Stelle,3,14,9
2025,Provincia della Gallura Nord-Est Sardegna,Golfo Aranci,Casa/App. vacanze,,4,93,34
2025,Provincia della Gallura Nord-Est Sardegna,Golfo Aranci,Casa/App. vacanze,1 Stella,4,124,57
2025,Provincia della Gallura Nord-Est Sardegna,Golfo Aranci,Casa/App. vacanze,2 Stelle,1,14,5
2025,Provincia della Gallura Nord-Est Sardegna,Golfo Aranci,Casa/App. vacanze,3 Stelle,5,117,68
2025,Provincia della Gallura Nord-Est Sardegna,Golfo Aranci,Casa/App. vacanze,I Categoria,2,62,38
2025,Provincia della Gallura Nord-Est Sardegna,Golfo Aranci,Casa/App. vacanze,II Categoria,17,552,238
2025,Provincia della Gallura Nord-Est Sardegna,Golfo Aranci,Locanda,2 Stelle,1,10,5
2025,Provincia della Gallura Nord-Est Sardegna,Golfo Aranci,Residence,II Categoria,1,48,48
2025,Provincia della Gallura Nord-Est Sardegna,Golfo Aranci,Residence,III Categoria,2,426,128
2025,Provincia della Gallura Nord-Est Sardegna,Golfo Aranci,Residenza Turistico Alberghiera (R.T.A.),3 Stelle,1,432,111
2025,Provincia della Gallura Nord-Est Sardegna,La Maddalena,Affittacamere,,4,28,12
2025,Provincia della Gallura Nord-Est Sardegna,La Maddalena,Affittacamere,1 Stella,1,5,3
2025,Provincia della Gallura Nord-Est Sardegna,La Maddalena,Affittacamere,2 Stelle,2,18,7
2025,Provincia della Gallura Nord-Est Sardegna,La Maddalena,Affittacamere,3 Stelle,2,29,12
2025,Provincia della Gallura Nord-Est Sardegna,La Maddalena,Affittacamere,I Categoria,4,41,20
2025,Provincia della Gallura Nord-Est Sardegna,La Maddalena,Affittacamere,II Categoria,16,124,55
2025,Provincia della Gallura Nord-Est Sardegna,La Maddalena,Affittacamere,III Categoria,2,15,8
2025,Provincia della Gallura Nord-Est Sardegna,La Maddalena,Albergo,3 Stelle,10,1251,588
2025,Provincia della Gallura Nord-Est Sardegna,La Maddalena,Albergo,4 Stelle,2,230,97
2025,Provincia della Gallura Nord-Est Sardegna,La Maddalena,Albergo,5 Stelle,1,202,92
2025,Provincia della Gallura Nord-Est Sardegna,La Maddalena,Albergo diffuso,3 Stelle,1,12,6
2025,Provincia della Gallura Nord-Est Sardegna,La Maddalena,Altri alloggi privati,,1058,4568,1885
2025,Provincia della Gallura Nord-Est Sardegna,La Maddalena,Bed & Breakfast,,1,5,2
2025,Provincia della Gallura Nord-Est Sardegna,La Maddalena,Bed & Breakfast,1 Stella,6,30,14
2025,Provincia della Gallura Nord-Est Sardegna,La Maddalena,Bed & Breakfast,2 Stelle,13,55,31
2025,Provincia della Gallura Nord-Est Sardegna,La Maddalena,Bed & Breakfast,3 Stelle,11,47,23
2025,Provincia della Gallura Nord-Est Sardegna,La Maddalena,Campeggio,1 Stella,1,45,15
2025,Provincia della Gallura Nord-Est Sardegna,La Maddalena,Campeggio,3 Stelle,1,380,80
2025,Provincia della Gallura Nord-Est Sardegna,La Maddalena,Casa/App. vacanze,,4,312,106
2025,Provincia della Gallura Nord-Est Sardegna,La Maddalena,Casa/App. vacanze,1 Stella,1,15,8
2025,Provincia della Gallura Nord-Est Sardegna,La Maddalena,Casa/App. vacanze,2 Stelle,1,20,8
2025,Provincia della Gallura Nord-Est Sardegna,La Maddalena,Casa/App. vacanze,3 Stelle,7,113,62
2025,Provincia della Gallura Nord-Est Sardegna,La Maddalena,Casa/App. vacanze,II Categoria,3,73,23
2025,Provincia della Gallura Nord-Est Sardegna,La Maddalena,Residence,I Categoria,1,203,57
2025,Provincia della Gallura Nord-Est Sardegna,La Maddalena,Residenza Turistico Alberghiera (R.T.A.),2 Stelle,1,50,17
2025,Provincia della Gallura Nord-Est Sardegna,La Maddalena,Residenza Turistico Alberghiera (R.T.A.),3 Stelle,1,58,19
2025,Provincia della Gallura Nord-Est Sardegna,La Maddalena,Villaggio turistico,2 Stelle,1,202,25
2025,Provincia della Gallura Nord-Est Sardegna,La Maddalena,Villaggio turistico,3 Stelle,2,567,159
2025,Provincia della Gallura Nord-Est Sardegna,Loiri Porto San Paolo,Affittacamere,,2,24,11
2025,Provincia della Gallura Nord-Est Sardegna,Loiri Porto San Paolo,Affittacamere,1 Stella,1,2,2
2025,Provincia della Gallura Nord-Est Sardegna,Loiri Porto San Paolo,Affittacamere,2 Stelle,1,5,2
2025,Provincia della Gallura Nord-Est Sardegna,Loiri Porto San Paolo,Affittacamere,3 Stelle,1,10,5
2025,Provincia della Gallura Nord-Est Sardegna,Loiri Porto San Paolo,Affittacamere,II Categoria,4,29,14
2025,Provincia della Gallura Nord-Est Sardegna,Loiri Porto San Paolo,Affittacamere,III Categoria,1,6,3
2025,Provincia della Gallura Nord-Est Sardegna,Loiri Porto San Paolo,Agriturismo,,6,56,17
2025,Provincia della Gallura Nord-Est Sardegna,Loiri Porto San Paolo,Albergo,3 Stelle,2,148,66
2025,Provincia della Gallura Nord-Est Sardegna,Loiri Porto San Paolo,Albergo,4 Stelle,3,176,82
2025,Provincia della Gallura Nord-Est Sardegna,Loiri Porto San Paolo,Albergo Rurale,3 Stelle,1,19,10
2025,Provincia della Gallura Nord-Est Sardegna,Loiri Porto San Paolo,Albergo diffuso,4 Stelle,1,165,63
2025,Provincia della Gallura Nord-Est Sardegna,Loiri Porto San Paolo,Altri alloggi privati,,551,2700,1114
2025,Provincia della Gallura Nord-Est Sardegna,Loiri Porto San Paolo,Bed & Breakfast,,1,6,3
2025,Provincia della Gallura Nord-Est Sardegna,Loiri Porto San Paolo,Bed & Breakfast,1 Stella,1,2,1
2025,Provincia della Gallura Nord-Est Sardegna,Loiri Porto San Paolo,Bed & Breakfast,2 Stelle,7,32,17
2025,Provincia della Gallura Nord-Est Sardegna,Loiri Porto San Paolo,Bed & Breakfast,3 Stelle,6,31,16
2025,Provincia della Gallura Nord-Est Sardegna,Loiri Porto San Paolo,Campeggio,3 Stelle,1,1280,269
2025,Provincia della Gallura Nord-Est Sardegna,Loiri Porto San Paolo,Casa/App. vacanze,,2,22,9
2025,Provincia della Gallura Nord-Est Sardegna,Loiri Porto San Paolo,Casa/App. vacanze,1 Stella,2,32,17
2025,Provincia della Gallura Nord-Est Sardegna,Loiri Porto San Paolo,Casa/App. vacanze,2 Stelle,1,30,8
2025,Provincia della Gallura Nord-Est Sardegna,Loiri Porto San Paolo,Casa/App. vacanze,3 Stelle,2,59,29
2025,Provincia della Gallura Nord-Est Sardegna,Loiri Porto San Paolo,Casa/App. vacanze,I Categoria,2,57,30
2025,Provincia della Gallura Nord-Est Sardegna,Loiri Porto San Paolo,Casa/App. vacanze,II Categoria,10,531,109
2025,Provincia della Gallura Nord-Est Sardegna,Loiri Porto San Paolo,Residence,,1,114,20
2025,Provincia della Gallura Nord-Est Sardegna,Loiri Porto San Paolo,Residence,III Categoria,1,100,0
2025,Provincia della Gallura Nord-Est Sardegna,Loiri Porto San Paolo,Residenza Turistico Alberghiera (R.T.A.),3 Stelle,1,98,35
2025,Provincia della Gallura Nord-Est Sardegna,Luogosanto,Agriturismo,,6,50,28
2025,Provincia della Gallura Nord-Est Sardegna,Luogosanto,Agriturismo,Non definito,1,14,6
2025,Provincia della Gallura Nord-Est Sardegna,Luogosanto,Albergo,3 Stelle,1,128,64
2025,Provincia della Gallura Nord-Est Sardegna,Luogosanto,Albergo Rurale,3 Stelle,1,20,12
2025,Provincia della Gallura Nord-Est Sardegna,Luogosanto,Altri alloggi privati,,41,212,100
2025,Provincia della Gallura Nord-Est Sardegna,Luogosanto,Altri alloggi privati,2 Stelle,1,2,1
2025,Provincia della Gallura Nord-Est Sardegna,Luogosanto,Bed & Breakfast,,2,10,6
2025,Provincia della Gallura Nord-Est Sardegna,Luogosanto,Bed & Breakfast,2 Stelle,1,6,2
2025,Provincia della Gallura Nord-Est Sardegna,Luogosanto,Bed & Breakfast,3 Stelle,3,12,6
2025,Provincia della Gallura Nord-Est Sardegna,Luogosanto,Locanda,II Categoria,1,12,5
2025,Provincia della Gallura Nord-Est Sardegna,Luras,Affittacamere,,1,4,2
2025,Provincia della Gallura Nord-Est Sardegna,Luras,Affittacamere,II Categoria,2,22,11
2025,Provincia della Gallura Nord-Est Sardegna,Luras,Albergo,3 Stelle,1,20,11
2025,Provincia della Gallura Nord-Est Sardegna,Luras,Albergo,4 Stelle,1,14,7
2025,Provincia della Gallura Nord-Est Sardegna,Luras,Altri alloggi privati,,14,59,25
2025,Provincia della Gallura Nord-Est Sardegna,Monti,Affittacamere,3 Stelle,1,12,6
2025,Provincia della Gallura Nord-Est Sardegna,Monti,Affittacamere,III Categoria,2,13,8
2025,Provincia della Gallura Nord-Est Sardegna,Monti,Agriturismo,,6,68,29
2025,Provincia della Gallura Nord-Est Sardegna,Monti,Altri alloggi privati,,18,71,29
2025,Provincia della Gallura Nord-Est Sardegna,Monti,Bed & Breakfast,,1,6,2
2025,Provincia della Gallura Nord-Est Sardegna,Monti,Bed & Breakfast,3 Stelle,1,6,3
2025,Provincia della Gallura Nord-Est Sardegna,Olbia,Affittacamere,,33,269,124
2025,Provincia della Gallura Nord-Est Sardegna,Olbia,Affittacamere,1 Stella,8,34,22
2025,Provincia della Gallura Nord-Est Sardegna,Olbia,Affittacamere,2 Stelle,17,111,62
2025,Provincia della Gallura Nord-Est Sardegna,Olbia,Affittacamere,3 Stelle,30,244,121
2025,Provincia della Gallura Nord-Est Sardegna,Olbia,Affittacamere,I Categoria,14,109,62
2025,Provincia della Gallura Nord-Est Sardegna,Olbia,Affittacamere,II Categoria,52,421,216
2025,Provincia della Gallura Nord-Est Sardegna,Olbia,Affittacamere,III Categoria,10,70,38
2025,Provincia della Gallura Nord-Est Sardegna,Olbia,Agriturismo,,22,228,81
2025,Provincia della Gallura Nord-Est Sardegna,Olbia,Agriturismo,Non definito,1,24,12
2025,Provincia della Gallura Nord-Est Sardegna,Olbia,Albergo,1 Stella,1,13,7
2025,Provincia della Gallura Nord-Est Sardegna,Olbia,Albergo,2 Stelle,3,90,46
2025,Provincia della Gallura Nord-Est Sardegna,Olbia,Albergo,3 Stelle,14,787,369
2025,Provincia della Gallura Nord-Est Sardegna,Olbia,Albergo,4 Stelle,34,3859,1719
2025,Provincia della Gallura Nord-Est Sardegna,Olbia,Albergo,4 Stelle Superior,1,51,17
2025,Provincia della Gallura Nord-Est Sardegna,Olbia,Albergo,5 Stelle,2,476,224
2025,Provincia della Gallura Nord-Est Sardegna,Olbia,Albergo Rurale,1 Stella,1,20,10
2025,Provincia della Gallura Nord-Est Sardegna,Olbia,Albergo Rurale,3 Stelle,2,38,19
2025,Provincia della Gallura Nord-Est Sardegna,Olbia,Albergo Rurale,4 Stelle,1,20,11
2025,Provincia della Gallura Nord-Est Sardegna,Olbia,Albergo Rurale,5 Stelle,1,40,36
2025,Provincia della Gallura Nord-Est Sardegna,Olbia,Albergo diffuso,3 Stelle,1,23,9
2025,Provincia della Gallura Nord-Est Sardegna,Olbia,Albergo diffuso,4 Stelle,3,14,7
2025,Provincia della Gallura Nord-Est Sardegna,Olbia,Altri alloggi privati,,3948,18886,7518
2025,Provincia della Gallura Nord-Est Sardegna,Olbia,Altri alloggi privati,1 Stella,2,7,5
2025,Provincia della Gallura Nord-Est Sardegna,Olbia,Bed & Breakfast,,7,24,14
2025,Provincia della Gallura Nord-Est Sardegna,Olbia,Bed & Breakfast,1 Stella,30,130,66
2025,Provincia della Gallura Nord-Est Sardegna,Olbia,Bed & Breakfast,2 Stelle,28,131,63
2025,Provincia della Gallura Nord-Est Sardegna,Olbia,Bed & Breakfast,3 Stelle,28,122,61
2025,Provincia della Gallura Nord-Est Sardegna,Olbia,Boat & Breakfast,,1,3,1
2025,Provincia della Gallura Nord-Est Sardegna,Olbia,Boat & Breakfast,Non definito,2,12,4
2025,Provincia della Gallura Nord-Est Sardegna,Olbia,Campeggio,1 Stella,1,36,9
2025,Provincia della Gallura Nord-Est Sardegna,Olbia,Campeggio,3 Stelle,1,644,120
2025,Provincia della Gallura Nord-Est Sardegna,Olbia,Casa per ferie e ospitalità religiosa,,1,4,2
2025,Provincia della Gallura Nord-Est Sardegna,Olbia,Casa per ferie e ospitalità religiosa,III Categoria,1,54,24
2025,Provincia della Gallura Nord-Est Sardegna,Olbia,Casa/App. vacanze,,17,283,133
2025,Provincia della Gallura Nord-Est Sardegna,Olbia,Casa/App. vacanze,1 Stella,8,126,58
2025,Provincia della Gallura Nord-Est Sardegna,Olbia,Casa/App. vacanze,2 Stelle,4,80,55
2025,Provincia della Gallura Nord-Est Sardegna,Olbia,Casa/App. vacanze,3 Stelle,7,156,71
2025,Provincia della Gallura Nord-Est Sardegna,Olbia,Casa/App. vacanze,I Categoria,5,550,185
2025,Provincia della Gallura Nord-Est Sardegna,Olbia,Casa/App. vacanze,II Categoria,35,943,414
2025,Provincia della Gallura Nord-Est Sardegna,Olbia,Locanda,,1,11,6
2025,Provincia della Gallura Nord-Est Sardegna,Olbia,Locanda,II Categoria,1,8,3
2025,Provincia della Gallura Nord-Est Sardegna,Olbia,Residence,II Categoria,1,141,70
2025,Provincia della Gallura Nord-Est Sardegna,Olbia,Residenza Turistico Alberghiera (R.T.A.),3 Stelle,4,975,243
2025,Provincia della Gallura Nord-Est Sardegna,Oschiri,Affittacamere,I Categoria,1,7,3
2025,Provincia della Gallura Nord-Est Sardegna,Oschiri,Albergo Rurale,2 Stelle,1,15,8
2025,Provincia della Gallura Nord-Est Sardegna,Oschiri,Altri alloggi privati,,5,24,9
2025,Provincia della Gallura Nord-Est Sardegna,Oschiri,Bed & Breakfast,,1,6,3
2025,Provincia della Gallura Nord-Est Sardegna,Oschiri,Bed & Breakfast,2 Stelle,3,20,9
2025,Provincia della Gallura Nord-Est Sardegna,Padru,Agriturismo,,8,112,32
2025,Provincia della Gallura Nord-Est Sardegna,Padru,Albergo,2 Stelle,1,18,9
2025,Provincia della Gallura Nord-Est Sardegna,Padru,Altri alloggi privati,,22,87,42
2025,Provincia della Gallura Nord-Est Sardegna,Padru,Casa/App. vacanze,2 Stelle,1,19,9
2025,Provincia della Gallura Nord-Est Sardegna,Palau,Affittacamere,2 Stelle,2,10,7
2025,Provincia della Gallura Nord-Est Sardegna,Palau,Affittacamere,I Categoria,5,32,17
2025,Provincia della Gallura Nord-Est Sardegna,Palau,Affittacamere,II Categoria,5,36,17
2025,Provincia della Gallura Nord-Est Sardegna,Palau,Agriturismo,,1,12,8
2025,Provincia della Gallura Nord-Est Sardegna,Palau,Albergo,3 Stelle,9,513,256
2025,Provincia della Gallura Nord-Est Sardegna,Palau,Albergo,4 Stelle,6,2066,821
2025,Provincia della Gallura Nord-Est Sardegna,Palau,Albergo,4 Stelle Superior,1,63,25
2025,Provincia della Gallura Nord-Est Sardegna,Palau,Albergo,5 Stelle,1,131,65
2025,Provincia della Gallura Nord-Est Sardegna,Palau,Albergo Rurale,2 Stelle,1,24,9
2025,Provincia della Gallura Nord-Est Sardegna,Palau,Albergo Rurale,3 Stelle,1,16,8
2025,Provincia della Gallura Nord-Est Sardegna,Palau,Altri alloggi privati,,1130,5454,2100
2025,Provincia della Gallura Nord-Est Sardegna,Palau,Bed & Breakfast,1 Stella,5,19,10
2025,Provincia della Gallura Nord-Est Sardegna,Palau,Bed & Breakfast,2 Stelle,4,17,10
2025,Provincia della Gallura Nord-Est Sardegna,Palau,Bed & Breakfast,3 Stelle,10,49,25
2025,Provincia della Gallura Nord-Est Sardegna,Palau,Campeggio,3 Stelle,2,1620,549
2025,Provincia della Gallura Nord-Est Sardegna,Palau,Casa/App. vacanze,,2,232,83
2025,Provincia della Gallura Nord-Est Sardegna,Palau,Casa/App. vacanze,1 Stella,1,12,5
2025,Provincia della Gallura Nord-Est Sardegna,Palau,Casa/App. vacanze,3 Stelle,2,122,51
2025,Provincia della Gallura Nord-Est Sardegna,Palau,Casa/App. vacanze,I Categoria,3,115,41
2025,Provincia della Gallura Nord-Est Sardegna,Palau,Casa/App. vacanze,II Categoria,13,945,214
2025,Provincia della Gallura Nord-Est Sardegna,Palau,Locanda,3 Stelle,1,4,2
2025,Provincia della Gallura Nord-Est Sardegna,Palau,Locanda,I Categoria,1,13,6
2025,Provincia della Gallura Nord-Est Sardegna,Palau,Residence,II Categoria,1,240,55
2025,Provincia della Gallura Nord-Est Sardegna,Palau,Residenza Turistico Alberghiera (R.T.A.),3 Stelle,3,852,260
2025,Provincia della Gallura Nord-Est Sardegna,Palau,Villaggio turistico,3 Stelle,1,301,135
2025,Provincia della Gallura Nord-Est Sardegna,Palau,Villaggio turistico,5 Stelle,1,1500,422
2025,Provincia della Gallura Nord-Est Sardegna,San Teodoro,Affittacamere,,20,167,73
2025,Provincia della Gallura Nord-Est Sardegna,San Teodoro,Affittacamere,1 Stella,5,15,13
2025,Provincia della Gallura Nord-Est Sardegna,San Teodoro,Affittacamere,2 Stelle,7,43,24
2025,Provincia della Gallura Nord-Est Sardegna,San Teodoro,Affittacamere,3 Stelle,8,83,39
2025,Provincia della Gallura Nord-Est Sardegna,San Teodoro,Affittacamere,I Categoria,11,99,47
2025,Provincia della Gallura Nord-Est Sardegna,San Teodoro,Affittacamere,II Categoria,33,343,117
2025,Provincia della Gallura Nord-Est Sardegna,San Teodoro,Affittacamere,III Categoria,2,24,11
2025,Provincia della Gallura Nord-Est Sardegna,San Teodoro,Agriturismo,,3,65,29
2025,Provincia della Gallura Nord-Est Sardegna,San Teodoro,Albergo,2 Stelle,1,25,15
2025,Provincia della Gallura Nord-Est Sardegna,San Teodoro,Albergo,3 Stelle,15,907,508
2025,Provincia della Gallura Nord-Est Sardegna,San Teodoro,Albergo,4 Stelle,4,922,407
2025,Provincia della Gallura Nord-Est Sardegna,San Teodoro,Albergo,5 Stelle,2,434,176
2025,Provincia della Gallura Nord-Est Sardegna,San Teodoro,Albergo,5 Stelle Lusso,1,292,100
2025,Provincia della Gallura Nord-Est Sardegna,San Teodoro,Albergo Rurale,3 Stelle,1,23,11
2025,Provincia della Gallura Nord-Est Sardegna,San Teodoro,Altri alloggi privati,,2005,10102,4097
2025,Provincia della Gallura Nord-Est Sardegna,San Teodoro,Bed & Breakfast,,1,6,3
2025,Provincia della Gallura Nord-Est Sardegna,San Teodoro,Bed & Breakfast,1 Stella,6,18,10
2025,Provincia della Gallura Nord-Est Sardegna,San Teodoro,Bed & Breakfast,2 Stelle,9,43,21
2025,Provincia della Gallura Nord-Est Sardegna,San Teodoro,Bed & Breakfast,3 Stelle,26,153,67
2025,Provincia della Gallura Nord-Est Sardegna,San Teodoro,Campeggio,3 Stelle,3,1770,596
2025,Provincia della Gallura Nord-Est Sardegna,San Teodoro,Casa/App. vacanze,,11,210,82
2025,Provincia della Gallura Nord-Est Sardegna,San Teodoro,Casa/App. vacanze,1 Stella,12,607,247
2025,Provincia della Gallura Nord-Est Sardegna,San Teodoro,Casa/App. vacanze,2 Stelle,6,130,52
2025,Provincia della Gallura Nord-Est Sardegna,San Teodoro,Casa/App. vacanze,3 Stelle,5,243,111
2025,Provincia della Gallura Nord-Est Sardegna,San Teodoro,Casa/App. vacanze,I Categoria,8,297,54
2025,Provincia della Gallura Nord-Est Sardegna,San Teodoro,Casa/App. vacanze,II Categoria,33,2128,701
2025,Provincia della Gallura Nord-Est Sardegna,San Teodoro,Casa/App. vacanze,III Categoria,2,19,11
2025,Provincia della Gallura Nord-Est Sardegna,San Teodoro,Residence,II Categoria,1,24,7
2025,Provincia della Gallura Nord-Est Sardegna,San Teodoro,Residence,III Categoria,1,57,0
2025,Provincia della Gallura Nord-Est Sardegna,San Teodoro,Residenza Turistico Alberghiera (R.T.A.),3 Stelle,2,755,225
2025,Provincia della Gallura Nord-Est Sardegna,San Teodoro,Residenza Turistico Alberghiera (R.T.A.),4 Stelle,2,976,315
2025,Provincia della Gallura Nord-Est Sardegna,San Teodoro,Villaggio albergo,4 Stelle,2,648,237
2025,Provincia della Gallura Nord-Est Sardegna,Sant'Antonio Di Gallura,Affittacamere,3 Stelle,1,12,6
2025,Provincia della Gallura Nord-Est Sardegna,Sant'Antonio Di Gallura,Agriturismo,,2,20,5
2025,Provincia della Gallura Nord-Est Sardegna,Sant'Antonio Di Gallura,Albergo,3 Stelle,1,30,15
2025,Provincia della Gallura Nord-Est Sardegna,Sant'Antonio Di Gallura,Albergo,4 Stelle,2,60,36
2025,Provincia della Gallura Nord-Est Sardegna,Sant'Antonio Di Gallura,Altri alloggi privati,,31,154,69
2025,Provincia della Gallura Nord-Est Sardegna,Sant'Antonio Di Gallura,Bed & Breakfast,,1,6,3
2025,Provincia della Gallura Nord-Est Sardegna,Sant'Antonio Di Gallura,Bed & Breakfast,2 Stelle,1,9,3
2025,Provincia della Gallura Nord-Est Sardegna,Sant'Antonio Di Gallura,Locanda,II Categoria,1,8,3
2025,Provincia della Gallura Nord-Est Sardegna,Santa Teresa Gallura,Affittacamere,,6,62,26
2025,Provincia della Gallura Nord-Est Sardegna,Santa Teresa Gallura,Affittacamere,1 Stella,1,4,3
2025,Provincia della Gallura Nord-Est Sardegna,Santa Teresa Gallura,Affittacamere,2 Stelle,5,34,17
2025,Provincia della Gallura Nord-Est Sardegna,Santa Teresa Gallura,Affittacamere,3 Stelle,9,73,32
2025,Provincia della Gallura Nord-Est Sardegna,Santa Teresa Gallura,Affittacamere,I Categoria,6,48,26
2025,Provincia della Gallura Nord-Est Sardegna,Santa Teresa Gallura,Affittacamere,II Categoria,20,172,84
2025,Provincia della Gallura Nord-Est Sardegna,Santa Teresa Gallura,Affittacamere,III Categoria,1,6,3
2025,Provincia della Gallura Nord-Est Sardegna,Santa Teresa Gallura,Agriturismo,,8,75,27
2025,Provincia della Gallura Nord-Est Sardegna,Santa Teresa Gallura,Albergo,2 Stelle,2,282,139
2025,Provincia della Gallura Nord-Est Sardegna,Santa Teresa Gallura,Albergo,3 Stelle,16,782,364
2025,Provincia della Gallura Nord-Est Sardegna,Santa Teresa Gallura,Albergo,4 Stelle,6,581,272
2025,Provincia della Gallura Nord-Est Sardegna,Santa Teresa Gallura,Albergo,4 Stelle Superior,1,184,84
2025,Provincia della Gallura Nord-Est Sardegna,Santa Teresa Gallura,Albergo,5 Stelle,5,3489,1118
2025,Provincia della Gallura Nord-Est Sardegna,Santa Teresa Gallura,Albergo Rurale,3 Stelle,1,12,8
2025,Provincia della Gallura Nord-Est Sardegna,Santa Teresa Gallura,Altri alloggi privati,,1248,5620,2174
2025,Provincia della Gallura Nord-Est Sardegna,Santa Teresa Gallura,Bed & Breakfast,,5,18,10
2025,Provincia della Gallura Nord-Est Sardegna,Santa Teresa Gallura,Bed & Breakfast,1 Stella,5,24,12
2025,Provincia della Gallura Nord-Est Sardegna,Santa Teresa Gallura,Bed & Breakfast,2 Stelle,6,34,14
2025,Provincia della Gallura Nord-Est Sardegna,Santa Teresa Gallura,Bed & Breakfast,3 Stelle,10,48,23
2025,Provincia della Gallura Nord-Est Sardegna,Santa Teresa Gallura,Boat & Breakfast,,1,6,3
2025,Provincia della Gallura Nord-Est Sardegna,Santa Teresa Gallura,Campeggio,3 Stelle,2,720,373
2025,Provincia della Gallura Nord-Est Sardegna,Santa Teresa Gallura,Casa/App. vacanze,,6,114,32
2025,Provincia della Gallura Nord-Est Sardegna,Santa Teresa Gallura,Casa/App. vacanze,1 Stella,1,57,19
2025,Provincia della Gallura Nord-Est Sardegna,Santa Teresa Gallura,Casa/App. vacanze,2 Stelle,5,129,69
2025,Provincia della Gallura Nord-Est Sardegna,Santa Teresa Gallura,Casa/App. vacanze,3 Stelle,5,171,88
2025,Provincia della Gallura Nord-Est Sardegna,Santa Teresa Gallura,Casa/App. vacanze,I Categoria,3,98,45
2025,Provincia della Gallura Nord-Est Sardegna,Santa Teresa Gallura,Casa/App. vacanze,II Categoria,13,395,188
2025,Provincia della Gallura Nord-Est Sardegna,Santa Teresa Gallura,Casa/App. vacanze,III Categoria,1,60,180
2025,Provincia della Gallura Nord-Est Sardegna,Santa Teresa Gallura,Locanda,1 Stella,1,12,5
2025,Provincia della Gallura Nord-Est Sardegna,Santa Teresa Gallura,Residence,II Categoria,3,336,100
2025,Provincia della Gallura Nord-Est Sardegna,Santa Teresa Gallura,Residenza Turistico Alberghiera (R.T.A.),4 Stelle,1,216,52
2025,Provincia della Gallura Nord-Est Sardegna,Santa Teresa Gallura,Villaggio albergo,5 Stelle,1,280,123
2025,Provincia della Gallura Nord-Est Sardegna,Telti,Agriturismo,,3,33,3
2025,Provincia della Gallura Nord-Est Sardegna,Telti,Altri alloggi privati,,45,211,87
2025,Provincia della Gallura Nord-Est Sardegna,Telti,Bed & Breakfast,,1,2,1
2025,Provincia della Gallura Nord-Est Sardegna,Telti,Bed & Breakfast,1 Stella,2,9,5
2025,Provincia della Gallura Nord-Est Sardegna,Telti,Bed & Breakfast,2 Stelle,8,49,19
2025,Provincia della Gallura Nord-Est Sardegna,Telti,Casa/App. vacanze,3 Stelle,1,12,3
2025,Provincia della Gallura Nord-Est Sardegna,Tempio Pausania,Affittacamere,1 Stella,3,6,4
2025,Provincia della Gallura Nord-Est Sardegna,Tempio Pausania,Affittacamere,2 Stelle,1,7,6
2025,Provincia della Gallura Nord-Est Sardegna,Tempio Pausania,Affittacamere,3 Stelle,1,8,4
2025,Provincia della Gallura Nord-Est Sardegna,Tempio Pausania,Affittacamere,I Categoria,1,12,6
2025,Provincia della Gallura Nord-Est Sardegna,Tempio Pausania,Affittacamere,II Categoria,3,12,9
2025,Provincia della Gallura Nord-Est Sardegna,Tempio Pausania,Agriturismo,,2,32,8
2025,Provincia della Gallura Nord-Est Sardegna,Tempio Pausania,Albergo,2 Stelle,1,14,7
2025,Provincia della Gallura Nord-Est Sardegna,Tempio Pausania,Albergo,3 Stelle,5,368,175
2025,Provincia della Gallura Nord-Est Sardegna,Tempio Pausania,Albergo,4 Stelle,2,181,78
2025,Provincia della Gallura Nord-Est Sardegna,Tempio Pausania,Albergo Rurale,3 Stelle,1,24,10
2025,Provincia della Gallura Nord-Est Sardegna,Tempio Pausania,Altri alloggi privati,,143,637,257
2025,Provincia della Gallura Nord-Est Sardegna,Tempio Pausania,Bed & Breakfast,1 Stella,5,23,14
2025,Provincia della Gallura Nord-Est Sardegna,Tempio Pausania,Bed & Breakfast,2 Stelle,8,36,16
2025,Provincia della Gallura Nord-Est Sardegna,Tempio Pausania,Bed & Breakfast,3 Stelle,1,6,3
2025,Provincia della Gallura Nord-Est Sardegna,Tempio Pausania,Casa/App. vacanze,1 Stella,1,36,14
2025,Provincia della Gallura Nord-Est Sardegna,Tempio Pausania,Casa/App. vacanze,II Categoria,1,9,0
2025,Provincia della Gallura Nord-Est Sardegna,Tempio Pausania,Locanda,,1,5,3
2025,Provincia della Gallura Nord-Est Sardegna,Tempio Pausania,Locanda,II Categoria,1,11,5
2025,Provincia della Gallura Nord-Est Sardegna,Tempio Pausania,Locanda,III Categoria,1,12,4
2025,Provincia della Gallura Nord-Est Sardegna,Trinità D'Agultu E Vignola,Affittacamere,1 Stella,1,4,1
2025,Provincia della Gallura Nord-Est Sardegna,Trinità D'Agultu E Vignola,Affittacamere,II Categoria,3,14,9
2025,Provincia della Gallura Nord-Est Sardegna,Trinità D'Agultu E Vignola,Agriturismo,,6,73,23
2025,Provincia della Gallura Nord-Est Sardegna,Trinità D'Agultu E Vignola,Albergo,2 Stelle,2,25,17
2025,Provincia della Gallura Nord-Est Sardegna,Trinità D'Agultu E Vignola,Albergo,3 Stelle,2,60,29
2025,Provincia della Gallura Nord-Est Sardegna,Trinità D'Agultu E Vignola,Albergo,4 Stelle,4,755,307
2025,Provincia della Gallura Nord-Est Sardegna,Trinità D'Agultu E Vignola,Albergo,5 Stelle,1,621,214
2025,Provincia della Gallura Nord-Est Sardegna,Trinità D'Agultu E Vignola,Altri alloggi privati,,1030,4925,1879
2025,Provincia della Gallura Nord-Est Sardegna,Trinità D'Agultu E Vignola,Bed & Breakfast,1 Stella,1,1,1
2025,Provincia della Gallura Nord-Est Sardegna,Trinità D'Agultu E Vignola,Bed & Breakfast,3 Stelle,1,6,4
2025,Provincia della Gallura Nord-Est Sardegna,Trinità D'Agultu E Vignola,Casa/App. vacanze,,3,76,26
2025,Provincia della Gallura Nord-Est Sardegna,Trinità D'Agultu E Vignola,Casa/App. vacanze,1 Stella,2,20,13
2025,Provincia della Gallura Nord-Est Sardegna,Trinità D'Agultu E Vignola,Casa/App. vacanze,2 Stelle,5,354,159
2025,Provincia della Gallura Nord-Est Sardegna,Trinità D'Agultu E Vignola,Casa/App. vacanze,I Categoria,1,48,22
2025,Provincia della Gallura Nord-Est Sardegna,Trinità D'Agultu E Vignola,Casa/App. vacanze,II Categoria,11,1841,631
2025,Provincia della Gallura Nord-Est Sardegna,Trinità D'Agultu E Vignola,Casa/App. vacanze,III Categoria,1,60,0
2025,Provincia della Gallura Nord-Est Sardegna,Trinità D'Agultu E Vignola,Residence,I Categoria,1,345,115
2025,Provincia dell’Ogliastra,Arzana,Albergo,3 Stelle,1,73,29
2025,Provincia dell’Ogliastra,Arzana,Altri alloggi privati,,4,25,10
2025,Provincia dell’Ogliastra,Arzana,Bed & Breakfast,1 Stella,2,9,4
2025,Provincia dell’Ogliastra,Arzana,Bed & Breakfast,3 Stelle,1,8,3
2025,Provincia dell’Ogliastra,Bari Sardo,Affittacamere,3 Stelle,1,13,6
2025,Provincia dell’Ogliastra,Bari Sardo,Affittacamere,II Categoria,1,19,6
2025,Provincia dell’Ogliastra,Bari Sardo,Agriturismo,,3,53,32
2025,Provincia dell’Ogliastra,Bari Sardo,Albergo,3 Stelle,2,81,35
2025,Provincia dell’Ogliastra,Bari Sardo,Albergo,4 Stelle,3,257,125
2025,Provincia dell’Ogliastra,Bari Sardo,Altri alloggi privati,,264,1260,583
2025,Provincia dell’Ogliastra,Bari Sardo,Bed & Breakfast,1 Stella,1,5,3
2025,Provincia dell’Ogliastra,Bari Sardo,Bed & Breakfast,2 Stelle,3,23,9
2025,Provincia dell’Ogliastra,Bari Sardo,Bed & Breakfast,3 Stelle,2,10,6
2025,Provincia dell’Ogliastra,Bari Sardo,Campeggio,1 Stella,1,140,50
2025,Provincia dell’Ogliastra,Bari Sardo,Campeggio,3 Stelle,1,320,85
2025,Provincia dell’Ogliastra,Bari Sardo,Campeggio,4 Stelle,1,320,103
2025,Provincia dell’Ogliastra,Bari Sardo,Casa/App. vacanze,,1,28,15
2025,Provincia dell’Ogliastra,Bari Sardo,Casa/App. vacanze,II Categoria,3,36,21
2025,Provincia dell’Ogliastra,Bari Sardo,Residence,II Categoria,2,38,16
2025,Provincia dell’Ogliastra,Bari Sardo,Residenza Turistico Alberghiera (R.T.A.),3 Stelle,3,165,99
2025,Provincia dell’Ogliastra,Bari Sardo,Villaggio turistico,4 Stelle,1,850,195
2025,Provincia dell’Ogliastra,Baunei,Affittacamere,,2,24,14
2025,Provincia dell’Ogliastra,Baunei,Affittacamere,1 Stella,2,19,12
2025,Provincia dell’Ogliastra,Baunei,Affittacamere,3 Stelle,7,49,26
2025,Provincia dell’Ogliastra,Baunei,Affittacamere,I Categoria,3,35,18
2025,Provincia dell’Ogliastra,Baunei,Affittacamere,II Categoria,7,59,30
2025,Provincia dell’Ogliastra,Baunei,Affittacamere,III Categoria,1,2,2
2025,Provincia dell’Ogliastra,Baunei,Albergo,2 Stelle,1,37,17
2025,Provincia dell’Ogliastra,Baunei,Albergo,3 Stelle,6,221,116
2025,Provincia dell’Ogliastra,Baunei,Albergo,4 Stelle,2,83,40
2025,Provincia dell’Ogliastra,Baunei,Altri alloggi privati,,513,2056,977
2025,Provincia dell’Ogliastra,Baunei,Bed & Breakfast,1 Stella,5,18,10
2025,Provincia dell’Ogliastra,Baunei,Bed & Breakfast,2 Stelle,2,7,4
2025,Provincia dell’Ogliastra,Baunei,Bed & Breakfast,3 Stelle,8,42,22
2025,Provincia dell’Ogliastra,Baunei,Casa/App. vacanze,1 Stella,1,10,5
2025,Provincia dell’Ogliastra,Baunei,Casa/App. vacanze,II Categoria,6,69,52
2025,Provincia dell’Ogliastra,Baunei,Locanda,II Categoria,1,12,6
2025,Provincia dell’Ogliastra,Baunei,Ostello,,1,29,18
2025,Provincia dell’Ogliastra,Cardedu,Affittacamere,1 Stella,1,4,2
2025,Provincia dell’Ogliastra,Cardedu,Affittacamere,II Categoria,1,8,6
2025,Provincia dell’Ogliastra,Cardedu,Agriturismo,,3,24,7
2025,Provincia dell’Ogliastra,Cardedu,Albergo,3 Stelle,5,133,60
2025,Provincia dell’Ogliastra,Cardedu,Albergo,4 Stelle,2,556,200
2025,Provincia dell’Ogliastra,Cardedu,Altri alloggi privati,,160,796,378
2025,Provincia dell’Ogliastra,Cardedu,Bed & Breakfast,1 Stella,3,13,6
2025,Provincia dell’Ogliastra,Cardedu,Bed & Breakfast,3 Stelle,1,4,2
2025,Provincia dell’Ogliastra,Cardedu,Casa/App. vacanze,II Categoria,22,75,70
2025,Provincia dell’Ogliastra,Cardedu,Casa/App. vacanze,III Categoria,2,48,34
2025,Provincia dell’Ogliastra,Cardedu,Residence,I Categoria,1,68,42
2025,Provincia dell’Ogliastra,Cardedu,Residenza Turistico Alberghiera (R.T.A.),4 Stelle,1,48,12
2025,Provincia dell’Ogliastra,Cardedu,Villaggio albergo,4 Stelle,1,357,170
2025,Provincia dell’Ogliastra,Elini,Affittacamere,II Categoria,2,8,4
2025,Provincia dell’Ogliastra,Elini,Agriturismo,,1,10,6
2025,Provincia dell’Ogliastra,Gairo,Affittacamere,1 Stella,3,11,8
2025,Provincia dell’Ogliastra,Gairo,Altri alloggi privati,,7,25,12
2025,Provincia dell’Ogliastra,Gairo,Bed & Breakfast,2 Stelle,1,7,3
2025,Provincia dell’Ogliastra,Gairo,Campeggio,3 Stelle,1,400,115
2025,Provincia dell’Ogliastra,Girasole,Affittacamere,3 Stelle,1,3,3
2025,Provincia dell’Ogliastra,Girasole,Affittacamere,II Categoria,1,12,6
2025,Provincia dell’Ogliastra,Girasole,Agriturismo,,1,10,5
2025,Provincia dell’Ogliastra,Girasole,Albergo,3 Stelle,1,18,10
2025,Provincia dell’Ogliastra,Girasole,Altri alloggi privati,,46,439,171
2025,Provincia dell’Ogliastra,Girasole,Bed & Breakfast,3 Stelle,2,5,3
2025,Provincia dell’Ogliastra,Girasole,Casa/App. vacanze,II Categoria,1,10,11
2025,Provincia dell’Ogliastra,Ilbono,Affittacamere,3 Stelle,1,12,6
2025,Provincia dell’Ogliastra,Ilbono,Agriturismo,,3,40,16
2025,Provincia dell’Ogliastra,Ilbono,Albergo,3 Stelle,1,20,13
2025,Provincia dell’Ogliastra,Ilbono,Altri alloggi privati,,11,54,21
2025,Provincia dell’Ogliastra,Ilbono,Bed & Breakfast,1 Stella,1,4,2
2025,Provincia dell’Ogliastra,Ilbono,Bed & Breakfast,2 Stelle,2,11,5
2025,Provincia dell’Ogliastra,Ilbono,Bed & Breakfast,3 Stelle,2,11,6
2025,Provincia dell’Ogliastra,Ilbono,Ostello,III Categoria,1,48,23
2025,Provincia dell’Ogliastra,Jerzu,Affittacamere,3 Stelle,1,5,3
2025,Provincia dell’Ogliastra,Jerzu,Affittacamere,II Categoria,1,8,3
2025,Provincia dell’Ogliastra,Jerzu,Agriturismo,,2,14,6
2025,Provincia dell’Ogliastra,Jerzu,Albergo,1 Stella,1,19,8
2025,Provincia dell’Ogliastra,Jerzu,Albergo,3 Stelle,1,25,11
2025,Provincia dell’Ogliastra,Jerzu,Altri alloggi privati,,53,250,114
2025,Provincia dell’Ogliastra,Jerzu,Residence,II Categoria,1,36,43
2025,Provincia dell’Ogliastra,Jerzu,Residenza Turistico Alberghiera (R.T.A.),3 Stelle,1,20,11
2025,Provincia dell’Ogliastra,Lanusei,Affittacamere,II Categoria,1,9,5
2025,Provincia dell’Ogliastra,Lanusei,Agriturismo,,2,14,3
2025,Provincia dell’Ogliastra,Lanusei,Albergo,3 Stelle,16,74,26
2025,Provincia dell’Ogliastra,Lanusei,Albergo,4 Stelle,1,84,38
2025,Provincia dell’Ogliastra,Lanusei,Altri alloggi privati,,29,111,54
2025,Provincia dell’Ogliastra,Lanusei,Bed & Breakfast,1 Stella,3,15,8
2025,Provincia dell’Ogliastra,Lanusei,Bed & Breakfast,2 Stelle,2,8,4
2025,Provincia dell’Ogliastra,Lanusei,Casa per ferie e ospitalità religiosa,III Categoria,1,69,30
2025,Provincia dell’Ogliastra,Loceri,Affittacamere,1 Stella,1,5,3
2025,Provincia dell’Ogliastra,Loceri,Agriturismo,,1,23,0
2025,Provincia dell’Ogliastra,Loceri,Albergo diffuso,3 Stelle,1,16,8
2025,Provincia dell’Ogliastra,Loceri,Altri alloggi privati,,17,73,30
2025,Provincia dell’Ogliastra,Loceri,Bed & Breakfast,1 Stella,9,41,18
2025,Provincia dell’Ogliastra,Loceri,Bed & Breakfast,2 Stelle,2,11,4
2025,Provincia dell’Ogliastra,Loceri,Bed & Breakfast,3 Stelle,2,13,6
2025,Provincia dell’Ogliastra,Lotzorai,Affittacamere,2 Stelle,1,5,3
2025,Provincia dell’Ogliastra,Lotzorai,Affittacamere,II Categoria,5,39,22
2025,Provincia dell’Ogliastra,Lotzorai,Albergo,3 Stelle,3,121,65
2025,Provincia dell’Ogliastra,Lotzorai,Altri alloggi privati,,133,612,279
2025,Provincia dell’Ogliastra,Lotzorai,Bed & Breakfast,1 Stella,2,5,4
2025,Provincia dell’Ogliastra,Lotzorai,Bed & Breakfast,2 Stelle,2,9,5
2025,Provincia dell’Ogliastra,Lotzorai,Bed & Breakfast,3 Stelle,4,17,9
2025,Provincia dell’Ogliastra,Lotzorai,Campeggio,1 Stella,1,250,125
2025,Provincia dell’Ogliastra,Lotzorai,Campeggio,3 Stelle,4,1580,476
2025,Provincia dell’Ogliastra,Lotzorai,Casa/App. vacanze,1 Stella,1,16,16
2025,Provincia dell’Ogliastra,Lotzorai,Casa/App. vacanze,II Categoria,1,10,9
2025,Provincia dell’Ogliastra,Lotzorai,Residenza Turistico Alberghiera (R.T.A.),3 Stelle,1,130,50
2025,Provincia dell’Ogliastra,Osini,Agriturismo,,1,9,4
2025,Provincia dell’Ogliastra,Osini,Albergo,3 Stelle,2,38,22
2025,Provincia dell’Ogliastra,Osini,Altri alloggi privati,,3,13,6
2025,Provincia dell’Ogliastra,Osini,Bed & Breakfast,3 Stelle,1,2,1
2025,Provincia dell’Ogliastra,Osini,Campeggio,2 Stelle,1,80,20
2025,Provincia dell’Ogliastra,Perdasdefogu,Bed & Breakfast,1 Stella,3,12,6
2025,Provincia dell’Ogliastra,Perdasdefogu,Bed & Breakfast,2 Stelle,1,2,1
2025,Provincia dell’Ogliastra,Seui,Affittacamere,2 Stelle,1,4,2
2025,Provincia dell’Ogliastra,Seui,Agriturismo,,1,8,0
2025,Provincia dell’Ogliastra,Seui,Altri alloggi privati,,2,10,4
2025,Provincia dell’Ogliastra,Seui,Bed & Breakfast,1 Stella,1,6,3
2025,Provincia dell’Ogliastra,Talana,Affittacamere,II Categoria,1,4,2
2025,Provincia dell’Ogliastra,Talana,Agriturismo,,2,20,0
2025,Provincia dell’Ogliastra,Talana,Albergo,3 Stelle,1,20,10
2025,Provincia dell’Ogliastra,Talana,Altri alloggi privati,,2,12,6
2025,Provincia dell’Ogliastra,Tertenia,Affittacamere,2 Stelle,1,8,4
2025,Provincia dell’Ogliastra,Tertenia,Affittacamere,3 Stelle,1,5,3
2025,Provincia dell’Ogliastra,Tertenia,Affittacamere,II Categoria,2,12,7
2025,Provincia dell’Ogliastra,Tertenia,Agriturismo,,2,8,1
2025,Provincia dell’Ogliastra,Tertenia,Albergo,3 Stelle,2,40,21
2025,Provincia dell’Ogliastra,Tertenia,Altri alloggi privati,,369,1876,846
2025,Provincia dell’Ogliastra,Tertenia,Campeggio,3 Stelle,1,85,40
2025,Provincia dell’Ogliastra,Tertenia,Casa/App. vacanze,,1,14,17
2025,Provincia dell’Ogliastra,Tertenia,Casa/App. vacanze,II Categoria,1,108,54
2025,Provincia dell’Ogliastra,Tertenia,Residence,I Categoria,1,59,21
2025,Provincia dell’Ogliastra,Tertenia,Residenza Turistico Alberghiera (R.T.A.),4 Stelle,1,20,13
2025,Provincia dell’Ogliastra,Tertenia,Villaggio albergo,4 Stelle,1,83,43
2025,Provincia dell’Ogliastra,Tortolì,Affittacamere,,3,23,12
2025,Provincia dell’Ogliastra,Tortolì,Affittacamere,1 Stella,2,10,6
2025,Provincia dell’Ogliastra,Tortolì,Affittacamere,2 Stelle,4,26,15
2025,Provincia dell’Ogliastra,Tortolì,Affittacamere,3 Stelle,6,48,25
2025,Provincia dell’Ogliastra,Tortolì,Affittacamere,I Categoria,1,12,6
2025,Provincia dell’Ogliastra,Tortolì,Affittacamere,II Categoria,18,158,83
2025,Provincia dell’Ogliastra,Tortolì,Agriturismo,,3,48,22
2025,Provincia dell’Ogliastra,Tortolì,Albergo,1 Stella,1,20,10
2025,Provincia dell’Ogliastra,Tortolì,Albergo,2 Stelle,1,24,12
2025,Provincia dell’Ogliastra,Tortolì,Albergo,3 Stelle,6,297,135
2025,Provincia dell’Ogliastra,Tortolì,Albergo,4 Stelle,6,483,237
2025,Provincia dell’Ogliastra,Tortolì,Altri alloggi privati,,572,2527,1123
2025,Provincia dell’Ogliastra,Tortolì,Bed & Breakfast,,1,2,1
2025,Provincia dell’Ogliastra,Tortolì,Bed & Breakfast,1 Stella,7,29,17
2025,Provincia dell’Ogliastra,Tortolì,Bed & Breakfast,2 Stelle,4,16,10
2025,Provincia dell’Ogliastra,Tortolì,Bed & Breakfast,3 Stelle,17,98,45
2025,Provincia dell’Ogliastra,Tortolì,Boat & Breakfast,,3,18,9
2025,Provincia dell’Ogliastra,Tortolì,Campeggio,,1,76,19
2025,Provincia dell’Ogliastra,Tortolì,Campeggio,3 Stelle,2,1112,279
2025,Provincia dell’Ogliastra,Tortolì,Campeggio,4 Stelle,1,656,206
2025,Provincia dell’Ogliastra,Tortolì,Casa/App. vacanze,,2,43,37
2025,Provincia dell’Ogliastra,Tortolì,Casa/App. vacanze,2 Stelle,2,30,9
2025,Provincia dell’Ogliastra,Tortolì,Casa/App. vacanze,3 Stelle,2,36,24
2025,Provincia dell’Ogliastra,Tortolì,Casa/App. vacanze,I Categoria,2,42,13
2025,Provincia dell’Ogliastra,Tortolì,Casa/App. vacanze,II Categoria,11,178,99
2025,Provincia dell’Ogliastra,Tortolì,Locanda,II Categoria,1,10,5
2025,Provincia dell’Ogliastra,Tortolì,Residence,I Categoria,1,32,11
2025,Provincia dell’Ogliastra,Tortolì,Residenza Turistico Alberghiera (R.T.A.),3 Stelle,2,133,36
2025,Provincia dell’Ogliastra,Tortolì,Villaggio albergo,4 Stelle,3,2301,991
2025,Provincia dell’Ogliastra,Tortolì,Villaggio turistico,3 Stelle,2,1024,234
2025,Provincia dell’Ogliastra,Triei,Affittacamere,1 Stella,1,10,5
2025,Provincia dell’Ogliastra,Triei,Affittacamere,II Categoria,1,5,3
2025,Provincia dell’Ogliastra,Triei,Agriturismo,,2,25,16
2025,Provincia dell’Ogliastra,Triei,Altri alloggi privati,,19,82,39
2025,Provincia dell’Ogliastra,Triei,Bed & Breakfast,,1,2,2
2025,Provincia dell’Ogliastra,Triei,Bed & Breakfast,2 Stelle,2,7,5
2025,Provincia dell’Ogliastra,Ulassai,Affittacamere,1 Stella,3,10,7
2025,Provincia dell’Ogliastra,Ulassai,Affittacamere,2 Stelle,1,4,3
2025,Provincia dell’Ogliastra,Ulassai,Affittacamere,II Categoria,2,17,8
2025,Provincia dell’Ogliastra,Ulassai,Albergo,3 Stelle,1,24,13
2025,Provincia dell’Ogliastra,Ulassai,Altri alloggi privati,,18,93,43
2025,Provincia dell’Ogliastra,Ulassai,Bed & Breakfast,1 Stella,1,7,3
2025,Provincia dell’Ogliastra,Ulassai,Bed & Breakfast,2 Stelle,2,8,4
2025,Provincia dell’Ogliastra,Ulassai,Bed & Breakfast,3 Stelle,1,6,2
2025,Provincia dell’Ogliastra,Ulassai,Campeggio,1 Stella,1,75,25
2025,Provincia dell’Ogliastra,Urzulei,Albergo,3 Stelle,1,70,36
2025,Provincia dell’Ogliastra,Urzulei,Altri alloggi privati,,13,82,33
2025,Provincia dell’Ogliastra,Urzulei,Bed & Breakfast,1 Stella,2,8,5
2025,Provincia dell’Ogliastra,Urzulei,Bed & Breakfast,3 Stelle,1,4,2
2025,Provincia dell’Ogliastra,Urzulei,Campeggio,1 Stella,1,44,11
2025,Provincia dell’Ogliastra,Ussassai,Altri alloggi privati,,2,13,6
2025,Provincia dell’Ogliastra,Ussassai,Bed & Breakfast,1 Stella,4,21,10
2025,Provincia dell’Ogliastra,Villagrande Strisaili,Affittacamere,II Categoria,2,17,8
2025,Provincia dell’Ogliastra,Villagrande Strisaili,Agriturismo,,3,20,10
2025,Provincia dell’Ogliastra,Villagrande Strisaili,Albergo,3 Stelle,1,14,7
2025,Provincia dell’Ogliastra,Villagrande Strisaili,Albergo,4 Stelle,1,72,24
2025,Provincia dell’Ogliastra,Villagrande Strisaili,Altri alloggi privati,,8,32,16
2025,Provincia dell’Ogliastra,Villagrande Strisaili,Bed & Breakfast,1 Stella,2,9,5
2025,Provincia dell’Ogliastra,Villagrande Strisaili,Bed & Breakfast,2 Stelle,1,5,3
2025,Provincia di Nuoro,Aritzo,Affittacamere,3 Stelle,1,6,3
2025,Provincia di Nuoro,Aritzo,Affittacamere,II Categoria,1,4,2
2025,Provincia di Nuoro,Aritzo,Agriturismo,,1,12,8
2025,Provincia di Nuoro,Aritzo,Albergo,2 Stelle,1,40,16
2025,Provincia di Nuoro,Aritzo,Albergo,3 Stelle,1,50,31
2025,Provincia di Nuoro,Aritzo,Albergo,4 Stelle,1,113,50
2025,Provincia di Nuoro,Aritzo,Altri alloggi privati,,5,19,8
2025,Provincia di Nuoro,Aritzo,Bed & Breakfast,1 Stella,1,6,3
2025,Provincia di Nuoro,Aritzo,Bed & Breakfast,3 Stelle,1,4,2
2025,Provincia di Nuoro,Aritzo,Casa/App. vacanze,I Categoria,1,14,10
2025,Provincia di Nuoro,Atzara,Affittacamere,2 Stelle,1,2,2
2025,Provincia di Nuoro,Atzara,Altri alloggi privati,,4,12,6
2025,Provincia di Nuoro,Atzara,Bed & Breakfast,1 Stella,1,6,3
2025,Provincia di Nuoro,Austis,Affittacamere,II Categoria,1,2,1
2025,Provincia di Nuoro,Austis,Agriturismo,,2,30,15
2025,Provincia di Nuoro,Austis,Altri alloggi privati,,6,32,14
2025,Provincia di Nuoro,Austis,Bed & Breakfast,2 Stelle,2,6,4
2025,Provincia di Nuoro,Belvì,Agriturismo,,1,8,4
2025,Provincia di Nuoro,Belvì,Albergo,2 Stelle,1,24,12
2025,Provincia di Nuoro,Belvì,Altri alloggi privati,,4,20,12
2025,Provincia di Nuoro,Bitti,Affittacamere,2 Stelle,1,8,4
2025,Provincia di Nuoro,Bitti,Affittacamere,II Categoria,2,13,5
2025,Provincia di Nuoro,Bitti,Agriturismo,,5,60,16
2025,Provincia di Nuoro,Bitti,Albergo,4 Stelle,1,40,18
2025,Provincia di Nuoro,Bitti,Altri alloggi privati,,3,15,7
2025,Provincia di Nuoro,Bitti,Bed & Breakfast,1 Stella,3,13,8
2025,Provincia di Nuoro,Bolotana,Albergo,3 Stelle,1,84,53
2025,Provincia di Nuoro,Bolotana,Altri alloggi privati,,6,34,17
2025,Provincia di Nuoro,Bolotana,Bed & Breakfast,2 Stelle,2,9,5
2025,Provincia di Nuoro,Bolotana,Bed & Breakfast,3 Stelle,1,2,1
2025,Provincia di Nuoro,Borore,Affittacamere,3 Stelle,1,7,3
2025,Provincia di Nuoro,Borore,Affittacamere,II Categoria,1,4,2
2025,Provincia di Nuoro,Borore,Altri alloggi privati,,1,6,3
2025,Provincia di Nuoro,Bortigali,Altri alloggi privati,,1,6,2
2025,Provincia di Nuoro,Bortigali,Bed & Breakfast,3 Stelle,1,6,3
2025,Provincia di Nuoro,Desulo,Affittacamere,2 Stelle,1,5,2
2025,Provincia di Nuoro,Desulo,Affittacamere,II Categoria,1,2,1
2025,Provincia di Nuoro,Desulo,Albergo,1 Stella,1,19,7
2025,Provincia di Nuoro,Desulo,Altri alloggi privati,,10,69,31
2025,Provincia di Nuoro,Desulo,Bed & Breakfast,3 Stelle,2,9,6
2025,Provincia di Nuoro,Dorgali,Affittacamere,,2,19,8
2025,Provincia di Nuoro,Dorgali,Affittacamere,1 Stella,4,23,14
2025,Provincia di Nuoro,Dorgali,Affittacamere,2 Stelle,2,13,7
2025,Provincia di Nuoro,Dorgali,Affittacamere,3 Stelle,8,66,30
2025,Provincia di Nuoro,Dorgali,Affittacamere,I Categoria,2,12,6
2025,Provincia di Nuoro,Dorgali,Affittacamere,II Categoria,13,110,61
2025,Provincia di Nuoro,Dorgali,Affittacamere,III Categoria,1,6,3
2025,Provincia di Nuoro,Dorgali,Agriturismo,,25,288,138
2025,Provincia di Nuoro,Dorgali,Albergo,2 Stelle,3,45,24
2025,Provincia di Nuoro,Dorgali,Albergo,3 Stelle,15,576,301
2025,Provincia di Nuoro,Dorgali,Albergo,4 Stelle,10,1169,581
2025,Provincia di Nuoro,Dorgali,Albergo,4 Stelle Superior,1,132,50
2025,Provincia di Nuoro,Dorgali,Albergo Rurale,2 Stelle,4,36,23
2025,Provincia di Nuoro,Dorgali,Albergo Rurale,3 Stelle,3,55,24
2025,Provincia di Nuoro,Dorgali,Albergo diffuso,2 Stelle,1,24,13
2025,Provincia di Nuoro,Dorgali,Altri alloggi privati,,713,3382,1504
2025,Provincia di Nuoro,Dorgali,Bed & Breakfast,1 Stella,13,45,29
2025,Provincia di Nuoro,Dorgali,Bed & Breakfast,2 Stelle,14,61,32
2025,Provincia di Nuoro,Dorgali,Bed & Breakfast,3 Stelle,7,38,19
2025,Provincia di Nuoro,Dorgali,Campeggio,4 Stelle,1,900,320
2025,Provincia di Nuoro,Dorgali,Casa/App. vacanze,,1,21,16
2025,Provincia di Nuoro,Dorgali,Casa/App. vacanze,1 Stella,1,6,3
2025,Provincia di Nuoro,Dorgali,Casa/App. vacanze,2 Stelle,3,83,37
2025,Provincia di Nuoro,Dorgali,Casa/App. vacanze,3 Stelle,2,27,12
2025,Provincia di Nuoro,Dorgali,Casa/App. vacanze,II Categoria,6,52,29
2025,Provincia di Nuoro,Dorgali,Casa/App. vacanze,III Categoria,1,14,6
2025,Provincia di Nuoro,Dorgali,Locanda,I Categoria,1,8,3
2025,Provincia di Nuoro,Dorgali,Villaggio albergo,4 Stelle,1,885,427
2025,Provincia di Nuoro,Dualchi,Bed & Breakfast,1 Stella,1,6,3
2025,Provincia di Nuoro,Fonni,Affittacamere,1 Stella,1,4,2
2025,Provincia di Nuoro,Fonni,Affittacamere,2 Stelle,1,3,1
2025,Provincia di Nuoro,Fonni,Affittacamere,II Categoria,5,33,20
2025,Provincia di Nuoro,Fonni,Agriturismo,,6,53,6
2025,Provincia di Nuoro,Fonni,Albergo,2 Stelle,1,12,7
2025,Provincia di Nuoro,Fonni,Albergo,3 Stelle,2,137,76
2025,Provincia di Nuoro,Fonni,Albergo Rurale,3 Stelle,1,20,20
2025,Provincia di Nuoro,Fonni,Altri alloggi privati,,5,30,14
2025,Provincia di Nuoro,Fonni,Bed & Breakfast,1 Stella,4,19,8
2025,Provincia di Nuoro,Fonni,Bed & Breakfast,2 Stelle,3,15,6
2025,Provincia di Nuoro,Fonni,Bed & Breakfast,3 Stelle,2,8,2
2025,Provincia di Nuoro,Fonni,Casa/App. vacanze,II Categoria,1,11,6
2025,Provincia di Nuoro,Gadoni,Affittacamere,II Categoria,2,23,8
2025,Provincia di Nuoro,Gadoni,Altri alloggi privati,,1,9,5
2025,Provincia di Nuoro,Gadoni,Bed & Breakfast,1 Stella,2,11,5
2025,Provincia di Nuoro,Galtellì,Affittacamere,1 Stella,3,14,6
2025,Provincia di Nuoro,Galtellì,Affittacamere,3 Stelle,2,17,9
2025,Provincia di Nuoro,Galtellì,Agriturismo,,4,59,30
2025,Provincia di Nuoro,Galtellì,Albergo,2 Stelle,2,29,15
2025,Provincia di Nuoro,Galtellì,Albergo,3 Stelle,1,8,7
2025,Provincia di Nuoro,Galtellì,Altri alloggi privati,,46,250,108
2025,Provincia di Nuoro,Galtellì,Bed & Breakfast,1 Stella,2,7,5
2025,Provincia di Nuoro,Galtellì,Bed & Breakfast,2 Stelle,4,21,11
2025,Provincia di Nuoro,Galtellì,Bed & Breakfast,3 Stelle,2,14,11
2025,Provincia di Nuoro,Galtellì,Casa/App. vacanze,II Categoria,1,12,6
2025,Provincia di Nuoro,Gavoi,Affittacamere,3 Stelle,1,5,3
2025,Provincia di Nuoro,Gavoi,Affittacamere,II Categoria,1,5,2
2025,Provincia di Nuoro,Gavoi,Agriturismo,,2,21,10
2025,Provincia di Nuoro,Gavoi,Albergo,3 Stelle,2,117,58
2025,Provincia di Nuoro,Gavoi,Albergo,4 Stelle,1,180,90
2025,Provincia di Nuoro,Gavoi,Altri alloggi privati,,5,29,12
2025,Provincia di Nuoro,Gavoi,Bed & Breakfast,1 Stella,1,6,3
2025,Provincia di Nuoro,Gavoi,Bed & Breakfast,2 Stelle,2,14,6
2025,Provincia di Nuoro,Gavoi,Bed & Breakfast,3 Stelle,2,11,6
2025,Provincia di Nuoro,Irgoli,Affittacamere,II Categoria,1,4,2
2025,Provincia di Nuoro,Irgoli,Agriturismo,,1,20,10
2025,Provincia di Nuoro,Irgoli,Albergo,2 Stelle,1,21,7
2025,Provincia di Nuoro,Irgoli,Altri alloggi privati,,35,163,66
2025,Provincia di Nuoro,Irgoli,Bed & Breakfast,1 Stella,2,11,6
2025,Provincia di Nuoro,Irgoli,Bed & Breakfast,3 Stelle,1,4,2
2025,Provincia di Nuoro,Irgoli,Locanda,II Categoria,1,12,6
2025,Provincia di Nuoro,Loculi,Affittacamere,1 Stella,1,4,2
2025,Provincia di Nuoro,Loculi,Agriturismo,,3,34,16
2025,Provincia di Nuoro,Loculi,Altri alloggi privati,,16,71,32
2025,Provincia di Nuoro,Loculi,Bed & Breakfast,2 Stelle,1,6,3
2025,Provincia di Nuoro,Lodine,Bed & Breakfast,1 Stella,1,6,3
2025,Provincia di Nuoro,Lodine,Bed & Breakfast,3 Stelle,1,6,3
2025,Provincia di Nuoro,Lodè,Affittacamere,1 Stella,1,3,3
2025,Provincia di Nuoro,Lodè,Agriturismo,,2,24,11
2025,Provincia di Nuoro,Lodè,Albergo,2 Stelle,1,22,11
2025,Provincia di Nuoro,Lodè,Altri alloggi privati,,1,2,1
2025,Provincia di Nuoro,Lula,Affittacamere,I Categoria,1,4,2
2025,Provincia di Nuoro,Lula,Affittacamere,II Categoria,1,12,6
2025,Provincia di Nuoro,Lula,Altri alloggi privati,,1,12,6
2025,Provincia di Nuoro,Lula,Bed & Breakfast,2 Stelle,1,5,2
2025,Provincia di Nuoro,Lula,Bed & Breakfast,3 Stelle,1,5,2
2025,Provincia di Nuoro,Macomer,Affittacamere,2 Stelle,1,3,1
2025,Provincia di Nuoro,Macomer,Affittacamere,3 Stelle,2,9,4
2025,Provincia di Nuoro,Macomer,Affittacamere,II Categoria,1,11,6
2025,Provincia di Nuoro,Macomer,Albergo,1 Stella,1,18,12
2025,Provincia di Nuoro,Macomer,Albergo,2 Stelle,1,25,15
2025,Provincia di Nuoro,Macomer,Albergo,3 Stelle,1,10,9
2025,Provincia di Nuoro,Macomer,Altri alloggi privati,,6,18,7
2025,Provincia di Nuoro,Macomer,Bed & Breakfast,1 Stella,2,6,4
2025,Provincia di Nuoro,Macomer,Bed & Breakfast,2 Stelle,2,14,5
2025,Provincia di Nuoro,Macomer,Bed & Breakfast,3 Stelle,1,4,2
2025,Provincia di Nuoro,Mamoiada,Affittacamere,1 Stella,2,14,7
2025,Provincia di Nuoro,Mamoiada,Affittacamere,I Categoria,2,20,11
2025,Provincia di Nuoro,Mamoiada,Affittacamere,II Categoria,1,9,5
2025,Provincia di Nuoro,Mamoiada,Agriturismo,,2,6,0
2025,Provincia di Nuoro,Mamoiada,Altri alloggi privati,,19,110,51
2025,Provincia di Nuoro,Mamoiada,Bed & Breakfast,1 Stella,2,12,5
2025,Provincia di Nuoro,Mamoiada,Bed & Breakfast,2 Stelle,1,6,3
2025,Provincia di Nuoro,Mamoiada,Bed & Breakfast,3 Stelle,1,8,3
2025,Provincia di Nuoro,Meana Sardo,Affittacamere,3 Stelle,1,9,4
2025,Provincia di Nuoro,Meana Sardo,Altri alloggi privati,,1,3,2
2025,Provincia di Nuoro,Meana Sardo,Bed & Breakfast,1 Stella,2,12,6
2025,Provincia di Nuoro,Meana Sardo,Villaggio turistico,2 Stelle,1,32,5
2025,Provincia di Nuoro,Nuoro,Affittacamere,1 Stella,1,3,1
2025,Provincia di Nuoro,Nuoro,Affittacamere,3 Stelle,3,29,12
2025,Provincia di Nuoro,Nuoro,Affittacamere,I Categoria,1,4,2
2025,Provincia di Nuoro,Nuoro,Affittacamere,II Categoria,12,65,35
2025,Provincia di Nuoro,Nuoro,Agriturismo,,4,58,27
2025,Provincia di Nuoro,Nuoro,Albergo,2 Stelle,1,20,13
2025,Provincia di Nuoro,Nuoro,Albergo,3 Stelle,3,209,109
2025,Provincia di Nuoro,Nuoro,Altri alloggi privati,,69,257,117
2025,Provincia di Nuoro,Nuoro,Bed & Breakfast,1 Stella,7,25,13
2025,Provincia di Nuoro,Nuoro,Bed & Breakfast,2 Stelle,10,51,22
2025,Provincia di Nuoro,Nuoro,Bed & Breakfast,3 Stelle,6,22,10
2025,Provincia di Nuoro,Nuoro,Casa/App. vacanze,II Categoria,2,39,18
2025,Provincia di Nuoro,Nuoro,Ostello,,2,24,14
2025,Provincia di Nuoro,Nuoro,Residence,I Categoria,1,55,15
2025,Provincia di Nuoro,Nuoro,Residenza Turistico Alberghiera (R.T.A.),3 Stelle,1,24,11
2025,Provincia di Nuoro,Oliena,Affittacamere,II Categoria,1,10,4
2025,Provincia di Nuoro,Oliena,Agriturismo,,1,9,4
2025,Provincia di Nuoro,Oliena,Albergo,3 Stelle,1,32,16
2025,Provincia di Nuoro,Oliena,Albergo,4 Stelle,1,134,67
2025,Provincia di Nuoro,Oliena,Altri alloggi privati,,37,160,68
2025,Provincia di Nuoro,Oliena,Bed & Breakfast,1 Stella,2,6,4
2025,Provincia di Nuoro,Oliena,Bed & Breakfast,2 Stelle,6,34,16
2025,Provincia di Nuoro,Oliena,Bed & Breakfast,3 Stelle,4,28,11
2025,Provincia di Nuoro,Oliena,Locanda,,1,8,4
2025,Provincia di Nuoro,Oliena,Locanda,II Categoria,1,13,6
2025,Provincia di Nuoro,Ollolai,Affittacamere,3 Stelle,1,10,6
2025,Provincia di Nuoro,Ollolai,Agriturismo,,1,8,11
2025,Provincia di Nuoro,Ollolai,Altri alloggi privati,,2,6,3
2025,Provincia di Nuoro,Ollolai,Bed & Breakfast,1 Stella,1,4,1
2025,Provincia di Nuoro,Ollolai,Bed & Breakfast,2 Stelle,1,3,2
2025,Provincia di Nuoro,Ollolai,Bed & Breakfast,3 Stelle,2,9,5
2025,Provincia di Nuoro,Olzai,Affittacamere,3 Stelle,1,10,5
2025,Provincia di Nuoro,Onanì,Altri alloggi privati,,1,4,1
2025,Provincia di Nuoro,Onifai,Affittacamere,II Categoria,1,12,6
2025,Provincia di Nuoro,Onifai,Agriturismo,,1,17,0
2025,Provincia di Nuoro,Onifai,Altri alloggi privati,,10,57,26
2025,Provincia di Nuoro,Oniferi,Affittacamere,2 Stelle,1,12,6
2025,Provincia di Nuoro,Orani,Affittacamere,2 Stelle,1,3,2
2025,Provincia di Nuoro,Orani,Affittacamere,3 Stelle,1,8,4
2025,Provincia di Nuoro,Orani,Affittacamere,II Categoria,1,6,4
2025,Provincia di Nuoro,Orani,Agriturismo,,1,13,7
2025,Provincia di Nuoro,Orani,Altri alloggi privati,,5,16,8
2025,Provincia di Nuoro,Orani,Bed & Breakfast,1 Stella,1,6,3
2025,Provincia di Nuoro,Orani,Locanda,,1,10,5
2025,Provincia di Nuoro,Orgosolo,Affittacamere,1 Stella,1,4,2
2025,Provincia di Nuoro,Orgosolo,Affittacamere,I Categoria,1,11,4
2025,Provincia di Nuoro,Orgosolo,Affittacamere,II Categoria,4,28,15
2025,Provincia di Nuoro,Orgosolo,Agriturismo,,3,22,11
2025,Provincia di Nuoro,Orgosolo,Albergo,2 Stelle,3,79,41
2025,Provincia di Nuoro,Orgosolo,Altri alloggi privati,,22,104,46
2025,Provincia di Nuoro,Orgosolo,Bed & Breakfast,1 Stella,5,25,13
2025,Provincia di Nuoro,Orgosolo,Bed & Breakfast,2 Stelle,2,14,6
2025,Provincia di Nuoro,Orgosolo,Bed & Breakfast,3 Stelle,1,4,3
2025,Provincia di Nuoro,Orgosolo,Locanda,II Categoria,2,11,6
2025,Provincia di Nuoro,Orosei,Affittacamere,1 Stella,3,18,10
2025,Provincia di Nuoro,Orosei,Affittacamere,2 Stelle,2,28,11
2025,Provincia di Nuoro,Orosei,Affittacamere,3 Stelle,2,22,8
2025,Provincia di Nuoro,Orosei,Affittacamere,I Categoria,3,35,17
2025,Provincia di Nuoro,Orosei,Affittacamere,II Categoria,9,76,37
2025,Provincia di Nuoro,Orosei,Agriturismo,,10,180,83
2025,Provincia di Nuoro,Orosei,Albergo,3 Stelle,9,355,175
2025,Provincia di Nuoro,Orosei,Albergo,4 Stelle,8,2263,1044
2025,Provincia di Nuoro,Orosei,Albergo Rurale,2 Stelle,1,21,7
2025,Provincia di Nuoro,Orosei,Albergo Rurale,3 Stelle,1,23,12
2025,Provincia di Nuoro,Orosei,Albergo diffuso,4 Stelle,1,92,40
2025,Provincia di Nuoro,Orosei,Altri alloggi privati,,916,4320,1936
2025,Provincia di Nuoro,Orosei,Bed & Breakfast,1 Stella,5,19,11
2025,Provincia di Nuoro,Orosei,Bed & Breakfast,2 Stelle,5,27,15
2025,Provincia di Nuoro,Orosei,Bed & Breakfast,3 Stelle,3,21,9
2025,Provincia di Nuoro,Orosei,Campeggio,1 Stella,1,394,88
2025,Provincia di Nuoro,Orosei,Campeggio,3 Stelle,3,2268,707
2025,Provincia di Nuoro,Orosei,Casa/App. vacanze,,1,19,9
2025,Provincia di Nuoro,Orosei,Casa/App. vacanze,1 Stella,13,202,92
2025,Provincia di Nuoro,Orosei,Casa/App. vacanze,2 Stelle,1,28,14
2025,Provincia di Nuoro,Orosei,Casa/App. vacanze,3 Stelle,6,280,146
2025,Provincia di Nuoro,Orosei,Casa/App. vacanze,II Categoria,12,279,118
2025,Provincia di Nuoro,Orosei,Residence,II Categoria,2,261,94
2025,Provincia di Nuoro,Orosei,Residenza Turistico Alberghiera (R.T.A.),3 Stelle,4,887,239
2025,Provincia di Nuoro,Orosei,Residenza Turistico Alberghiera (R.T.A.),4 Stelle,1,391,176
2025,Provincia di Nuoro,Orosei,Villaggio albergo,4 Stelle,2,872,391
2025,Provincia di Nuoro,Orotelli,Affittacamere,II Categoria,1,6,3
2025,Provincia di Nuoro,Orotelli,Agriturismo,,1,3,0
2025,Provincia di Nuoro,Ortueri,Affittacamere,3 Stelle,1,5,2
2025,Provincia di Nuoro,Ortueri,Agriturismo,,2,16,3
2025,Provincia di Nuoro,Ortueri,Albergo,1 Stella,1,13,8
2025,Provincia di Nuoro,Ortueri,Altri alloggi privati,,1,4,2
2025,Provincia di Nuoro,Ortueri,Bed & Breakfast,2 Stelle,1,4,3
2025,Provincia di Nuoro,Orune,Agriturismo,,1,12,0
2025,Provincia di Nuoro,Orune,Altri alloggi privati,,1,4,2
2025,Provincia di Nuoro,Osidda,Agriturismo,,2,18,4
2025,Provincia di Nuoro,Osidda,Bed & Breakfast,2 Stelle,1,8,3
2025,Provincia di Nuoro,Ottana,Albergo,2 Stelle,2,39,34
2025,Provincia di Nuoro,Ottana,Altri alloggi privati,,3,21,9
2025,Provincia di Nuoro,Ottana,Bed & Breakfast,2 Stelle,1,7,3
2025,Provincia di Nuoro,Ovodda,Agriturismo,,1,7,3
2025,Provincia di Nuoro,Ovodda,Bed & Breakfast,3 Stelle,1,6,3
2025,Provincia di Nuoro,Posada,Affittacamere,1 Stella,1,5,3
2025,Provincia di Nuoro,Posada,Affittacamere,2 Stelle,3,14,8
2025,Provincia di Nuoro,Posada,Affittacamere,3 Stelle,6,57,28
2025,Provincia di Nuoro,Posada,Affittacamere,I Categoria,1,10,6
2025,Provincia di Nuoro,Posada,Affittacamere,II Categoria,14,100,51
2025,Provincia di Nuoro,Posada,Affittacamere,III Categoria,1,10,5
2025,Provincia di Nuoro,Posada,Agriturismo,,3,70,30
2025,Provincia di Nuoro,Posada,Albergo,2 Stelle,2,32,18
2025,Provincia di Nuoro,Posada,Albergo,3 Stelle,3,96,51
2025,Provincia di Nuoro,Posada,Albergo,4 Stelle,2,111,54
2025,Provincia di Nuoro,Posada,Albergo Rurale,4 Stelle,1,38,18
2025,Provincia di Nuoro,Posada,Altri alloggi privati,,305,1411,641
2025,Provincia di Nuoro,Posada,Bed & Breakfast,1 Stella,3,11,5
2025,Provincia di Nuoro,Posada,Bed & Breakfast,2 Stelle,5,22,11
2025,Provincia di Nuoro,Posada,Bed & Breakfast,3 Stelle,10,50,25
2025,Provincia di Nuoro,Posada,Campeggio,2 Stelle,1,552,138
2025,Provincia di Nuoro,Posada,Casa/App. vacanze,1 Stella,1,13,5
2025,Provincia di Nuoro,Posada,Casa/App. vacanze,II Categoria,2,49,22
2025,Provincia di Nuoro,Sarule,Affittacamere,,1,8,4
2025,Provincia di Nuoro,Sarule,Altri alloggi privati,,1,2,1
2025,Provincia di Nuoro,Sarule,Bed & Breakfast,1 Stella,1,6,3
2025,Provincia di Nuoro,Sarule,Bed & Breakfast,2 Stelle,1,6,3
2025,Provincia di Nuoro,Seulo,Affittacamere,3 Stelle,1,5,4
2025,Provincia di Nuoro,Seulo,Agriturismo,,4,28,12
2025,Provincia di Nuoro,Seulo,Albergo,2 Stelle,1,22,10
2025,Provincia di Nuoro,Seulo,Altri alloggi privati,,8,32,15
2025,Provincia di Nuoro,Seulo,Bed & Breakfast,1 Stella,1,4,3
2025,Provincia di Nuoro,Seulo,Bed & Breakfast,3 Stelle,1,6,2
2025,Provincia di Nuoro,Silanus,Agriturismo,,2,12,3
2025,Provincia di Nuoro,Silanus,Bed & Breakfast,3 Stelle,1,6,3
2025,Provincia di Nuoro,Sindia,Affittacamere,II Categoria,1,12,4
2025,Provincia di Nuoro,Sindia,Agriturismo,,4,47,10
2025,Provincia di Nuoro,Sindia,Altri alloggi privati,,1,6,3
2025,Provincia di Nuoro,Siniscola,Affittacamere,1 Stella,2,14,8
2025,Provincia di Nuoro,Siniscola,Affittacamere,2 Stelle,4,30,15
2025,Provincia di Nuoro,Siniscola,Affittacamere,3 Stelle,3,18,9
2025,Provincia di Nuoro,Siniscola,Affittacamere,II Categoria,9,86,43
2025,Provincia di Nuoro,Siniscola,Affittacamere,III Categoria,3,18,10
2025,Provincia di Nuoro,Siniscola,Agriturismo,,15,183,68
2025,Provincia di Nuoro,Siniscola,Albergo,3 Stelle,5,150,76
2025,Provincia di Nuoro,Siniscola,Albergo,4 Stelle,1,384,183
2025,Provincia di Nuoro,Siniscola,Albergo Rurale,2 Stelle,2,38,19
2025,Provincia di Nuoro,Siniscola,Albergo Rurale,3 Stelle,1,16,7
2025,Provincia di Nuoro,Siniscola,Altri alloggi privati,,903,4150,1849
2025,Provincia di Nuoro,Siniscola,Bed & Breakfast,1 Stella,8,29,18
2025,Provincia di Nuoro,Siniscola,Bed & Breakfast,2 Stelle,8,34,18
2025,Provincia di Nuoro,Siniscola,Bed & Breakfast,3 Stelle,16,80,35
2025,Provincia di Nuoro,Siniscola,Campeggio,3 Stelle,3,1400,541
2025,Provincia di Nuoro,Siniscola,Casa/App. vacanze,,4,14,8
2025,Provincia di Nuoro,Siniscola,Casa/App. vacanze,1 Stella,4,110,49
2025,Provincia di Nuoro,Siniscola,Casa/App. vacanze,3 Stelle,1,20,6
2025,Provincia di Nuoro,Siniscola,Casa/App. vacanze,II Categoria,3,49,21
2025,Provincia di Nuoro,Siniscola,Locanda,II Categoria,2,16,8
2025,Provincia di Nuoro,Siniscola,Ostello,III Categoria,1,29,7
2025,Provincia di Nuoro,Siniscola,Residence,II Categoria,1,16,8
2025,Provincia di Nuoro,Siniscola,Villaggio albergo,4 Stelle,1,206,90
2025,Provincia di Nuoro,Siniscola,Villaggio turistico,2 Stelle,1,12,4
2025,Provincia di Nuoro,Sorgono,Affittacamere,II Categoria,3,17,11
2025,Provincia di Nuoro,Sorgono,Agriturismo,,1,12,0
2025,Provincia di Nuoro,Sorgono,Albergo,2 Stelle,1,24,14
2025,Provincia di Nuoro,Sorgono,Altri alloggi privati,,4,14,7
2025,Provincia di Nuoro,Sorgono,Bed & Breakfast,1 Stella,1,5,2
2025,Provincia di Nuoro,Sorgono,Bed & Breakfast,2 Stelle,3,8,6
2025,Provincia di Nuoro,Sorgono,Bed & Breakfast,3 Stelle,3,11,7
2025,Provincia di Nuoro,Teti,Affittacamere,3 Stelle,2,13,6
2025,Provincia di Nuoro,Teti,Agriturismo,,2,22,17
2025,Provincia di Nuoro,Tiana,Affittacamere,3 Stelle,1,3,1
2025,Provincia di Nuoro,Tiana,Altri alloggi privati,,1,4,3
2025,Provincia di Nuoro,Tonara,Affittacamere,I Categoria,1,8,5
2025,Provincia di Nuoro,Tonara,Affittacamere,II Categoria,1,10,5
2025,Provincia di Nuoro,Tonara,Agriturismo,,1,10,0
2025,Provincia di Nuoro,Tonara,Albergo,2 Stelle,1,24,14
2025,Provincia di Nuoro,Tonara,Albergo,3 Stelle,1,22,11
2025,Provincia di Nuoro,Tonara,Altri alloggi privati,,4,19,9
2025,Provincia di Nuoro,Tonara,Bed & Breakfast,2 Stelle,1,5,3
2025,Provincia di Nuoro,Tonara,Campeggio,1 Stella,1,210,55
2025,Provincia di Nuoro,Tonara,Casa/App. vacanze,1 Stella,1,11,3
2025,Provincia di Nuoro,Torpè,Affittacamere,,1,12,6
2025,Provincia di Nuoro,Torpè,Affittacamere,1 Stella,1,4,3
2025,Provincia di Nuoro,Torpè,Affittacamere,3 Stelle,4,43,20
2025,Provincia di Nuoro,Torpè,Affittacamere,I Categoria,1,2,2
2025,Provincia di Nuoro,Torpè,Affittacamere,II Categoria,2,19,12
2025,Provincia di Nuoro,Torpè,Affittacamere,III Categoria,1,8,4
2025,Provincia di Nuoro,Torpè,Agriturismo,,2,17,6
2025,Provincia di Nuoro,Torpè,Albergo Rurale,3 Stelle,5,65,33
2025,Provincia di Nuoro,Torpè,Altri alloggi privati,,61,300,132
2025,Provincia di Nuoro,Torpè,Bed & Breakfast,1 Stella,3,9,5
2025,Provincia di Nuoro,Torpè,Bed & Breakfast,2 Stelle,4,22,10
2025,Provincia di Nuoro,Torpè,Bed & Breakfast,3 Stelle,3,16,8
2025,Provincia di Nuoro,Torpè,Casa/App. vacanze,1 Stella,1,31,19
2025,Provincia di Oristano,Abbasanta,Affittacamere,1 Stella,2,15,8
2025,Provincia di Oristano,Abbasanta,Affittacamere,I Categoria,1,5,3
2025,Provincia di Oristano,Abbasanta,Albergo,4 Stelle,1,25,10
2025,Provincia di Oristano,Abbasanta,Altri alloggi privati,,6,31,10
2025,Provincia di Oristano,Abbasanta,Bed & Breakfast,1 Stella,1,2,2
2025,Provincia di Oristano,Aidomaggiore,Altri alloggi privati,,1,8,3
2025,Provincia di Oristano,Albagiara,Altri alloggi privati,,1,6,2
2025,Provincia di Oristano,Ales,Affittacamere,1 Stella,1,5,3
2025,Provincia di Oristano,Ales,Affittacamere,II Categoria,3,17,9
2025,Provincia di Oristano,Ales,Altri alloggi privati,,2,10,5
2025,Provincia di Oristano,Ales,Bed & Breakfast,1 Stella,2,8,5
2025,Provincia di Oristano,Ales,Casa/App. vacanze,II Categoria,3,12,3
2025,Provincia di Oristano,Allai,Agriturismo,,1,16,8
2025,Provincia di Oristano,Allai,Altri alloggi privati,,5,22,11
2025,Provincia di Oristano,Arborea,Affittacamere,II Categoria,1,12,5
2025,Provincia di Oristano,Arborea,Agriturismo,,1,18,7
2025,Provincia di Oristano,Arborea,Albergo,2 Stelle,3,105,39
2025,Provincia di Oristano,Arborea,Albergo,3 Stelle,3,297,93
2025,Provincia di Oristano,Arborea,Albergo,4 Stelle,4,730,321
2025,Provincia di Oristano,Arborea,Altri alloggi privati,,10,58,22
2025,Provincia di Oristano,Arborea,Bed & Breakfast,1 Stella,2,7,4
2025,Provincia di Oristano,Arborea,Bed & Breakfast,2 Stelle,1,4,2
2025,Provincia di Oristano,Arborea,Bed & Breakfast,3 Stelle,2,10,5
2025,Provincia di Oristano,Arborea,Campeggio,3 Stelle,1,654,170
2025,Provincia di Oristano,Arborea,Casa per ferie e ospitalità religiosa,III Categoria,2,66,22
2025,Provincia di Oristano,Ardauli,Altri alloggi privati,,1,4,2
2025,Provincia di Oristano,Assolo,Agriturismo,,1,13,0
2025,Provincia di Oristano,Assolo,Altri alloggi privati,,1,4,2
2025,Provincia di Oristano,Baradili,Affittacamere,II Categoria,2,10,2
2025,Provincia di Oristano,Baradili,Altri alloggi privati,,1,6,2
2025,Provincia di Oristano,Baradili,Locanda,II Categoria,1,14,6
2025,Provincia di Oristano,Baratili San Pietro,Affittacamere,1 Stella,1,6,3
2025,Provincia di Oristano,Baratili San Pietro,Agriturismo,,3,37,0
2025,Provincia di Oristano,Baratili San Pietro,Altri alloggi privati,,23,117,50
2025,Provincia di Oristano,Baratili San Pietro,Bed & Breakfast,1 Stella,1,4,2
2025,Provincia di Oristano,Baratili San Pietro,Bed & Breakfast,2 Stelle,1,5,2
2025,Provincia di Oristano,Baressa,Albergo diffuso,3 Stelle,2,24,12
2025,Provincia di Oristano,Bauladu,Affittacamere,II Categoria,1,4,2
2025,Provincia di Oristano,Bauladu,Agriturismo,,1,9,4
2025,Provincia di Oristano,Bauladu,Altri alloggi privati,,2,14,5
2025,Provincia di Oristano,Bauladu,Bed & Breakfast,3 Stelle,1,6,3
2025,Provincia di Oristano,Bonarcado,Affittacamere,1 Stella,1,3,2
2025,Provincia di Oristano,Bonarcado,Affittacamere,II Categoria,1,4,2
2025,Provincia di Oristano,Bonarcado,Altri alloggi privati,,6,23,14
2025,Provincia di Oristano,Bonarcado,Villaggio albergo,3 Stelle,1,67,22
2025,Provincia di Oristano,Boroneddu,Altri alloggi privati,,1,4,2
2025,Provincia di Oristano,Bosa,Affittacamere,1 Stella,3,15,8
2025,Provincia di Oristano,Bosa,Affittacamere,2 Stelle,5,43,17
2025,Provincia di Oristano,Bosa,Affittacamere,3 Stelle,8,62,27
2025,Provincia di Oristano,Bosa,Affittacamere,II Categoria,30,239,116
2025,Provincia di Oristano,Bosa,Agriturismo,,2,21,6
2025,Provincia di Oristano,Bosa,Albergo,1 Stella,1,24,14
2025,Provincia di Oristano,Bosa,Albergo,2 Stelle,1,22,12
2025,Provincia di Oristano,Bosa,Albergo,3 Stelle,4,211,103
2025,Provincia di Oristano,Bosa,Albergo,4 Stelle,1,254,139
2025,Provincia di Oristano,Bosa,Albergo Rurale,1 Stella,1,16,9
2025,Provincia di Oristano,Bosa,Albergo diffuso,2 Stelle,1,25,11
2025,Provincia di Oristano,Bosa,Albergo diffuso,3 Stelle,7,82,30
2025,Provincia di Oristano,Bosa,Altri alloggi privati,,307,1459,622
2025,Provincia di Oristano,Bosa,Bed & Breakfast,1 Stella,8,35,18
2025,Provincia di Oristano,Bosa,Bed & Breakfast,2 Stelle,5,25,13
2025,Provincia di Oristano,Bosa,Bed & Breakfast,3 Stelle,6,41,18
2025,Provincia di Oristano,Bosa,Boat & Breakfast,,1,4,2
2025,Provincia di Oristano,Bosa,Casa/App. vacanze,1 Stella,1,11,5
2025,Provincia di Oristano,Bosa,Casa/App. vacanze,2 Stelle,1,16,8
2025,Provincia di Oristano,Bosa,Casa/App. vacanze,3 Stelle,1,21,7
2025,Provincia di Oristano,Bosa,Casa/App. vacanze,II Categoria,6,109,58
2025,Provincia di Oristano,Bosa,Locanda,2 Stelle,1,10,5
2025,Provincia di Oristano,Bosa,Residenza Turistico Alberghiera (R.T.A.),3 Stelle,2,177,49
2025,Provincia di Oristano,Bosa,Villaggio turistico,3 Stelle,1,24,12
2025,Provincia di Oristano,Busachi,Altri alloggi privati,,1,4,2
2025,Provincia di Oristano,Busachi,Bed & Breakfast,1 Stella,2,12,4
2025,Provincia di Oristano,Cabras,Affittacamere,,2,20,8
2025,Provincia di Oristano,Cabras,Affittacamere,1 Stella,1,3,3
2025,Provincia di Oristano,Cabras,Affittacamere,2 Stelle,2,9,5
2025,Provincia di Oristano,Cabras,Affittacamere,3 Stelle,10,72,36
2025,Provincia di Oristano,Cabras,Affittacamere,II Categoria,12,110,52
2025,Provincia di Oristano,Cabras,Affittacamere,III Categoria,1,10,4
2025,Provincia di Oristano,Cabras,Agriturismo,,18,344,131
2025,Provincia di Oristano,Cabras,Albergo,2 Stelle,1,20,10
2025,Provincia di Oristano,Cabras,Albergo,3 Stelle,1,40,19
2025,Provincia di Oristano,Cabras,Albergo,4 Stelle,2,62,31
2025,Provincia di Oristano,Cabras,Albergo Rurale,3 Stelle,1,20,14
2025,Provincia di Oristano,Cabras,Albergo diffuso,4 Stelle,1,34,16
2025,Provincia di Oristano,Cabras,Altri alloggi privati,,403,1871,829
2025,Provincia di Oristano,Cabras,Altri alloggi privati,1 Stella,1,4,1
2025,Provincia di Oristano,Cabras,Bed & Breakfast,1 Stella,3,20,6
2025,Provincia di Oristano,Cabras,Bed & Breakfast,2 Stelle,6,31,16
2025,Provincia di Oristano,Cabras,Bed & Breakfast,3 Stelle,21,111,55
2025,Provincia di Oristano,Cabras,Campeggio,3 Stelle,1,660,165
2025,Provincia di Oristano,Cabras,Casa/App. vacanze,,1,6,3
2025,Provincia di Oristano,Cabras,Casa/App. vacanze,1 Stella,1,12,4
2025,Provincia di Oristano,Cabras,Casa/App. vacanze,2 Stelle,1,24,11
2025,Provincia di Oristano,Cabras,Casa/App. vacanze,II Categoria,1,13,7
2025,Provincia di Oristano,Cabras,Locanda,II Categoria,1,12,6
2025,Provincia di Oristano,Cabras,Residence,I Categoria,1,20,10
2025,Provincia di Oristano,Cuglieri,Affittacamere,II Categoria,7,50,27
2025,Provincia di Oristano,Cuglieri,Agriturismo,,3,59,15
2025,Provincia di Oristano,Cuglieri,Albergo,3 Stelle,1,24,12
2025,Provincia di Oristano,Cuglieri,Albergo,4 Stelle,1,57,29
2025,Provincia di Oristano,Cuglieri,Altri alloggi privati,,199,988,464
2025,Provincia di Oristano,Cuglieri,Bed & Breakfast,2 Stelle,3,15,8
2025,Provincia di Oristano,Cuglieri,Campeggio,3 Stelle,1,1198,300
2025,Provincia di Oristano,Cuglieri,Casa/App. vacanze,II Categoria,1,27,14
2025,Provincia di Oristano,Cuglieri,Villaggio turistico,3 Stelle,1,88,21
2025,Provincia di Oristano,Flussio,Altri alloggi privati,,10,43,19
2025,Provincia di Oristano,Flussio,Bed & Breakfast,1 Stella,1,4,2
2025,Provincia di Oristano,Fordongianus,Albergo,4 Stelle,1,200,90
2025,Provincia di Oristano,Fordongianus,Altri alloggi privati,,3,15,7
2025,Provincia di Oristano,Fordongianus,Bed & Breakfast,1 Stella,1,4,1
2025,Provincia di Oristano,Fordongianus,Bed & Breakfast,3 Stelle,1,3,2
2025,Provincia di Oristano,Ghilarza,Affittacamere,3 Stelle,1,6,5
2025,Provincia di Oristano,Ghilarza,Affittacamere,II Categoria,1,4,2
2025,Provincia di Oristano,Ghilarza,Altri alloggi privati,,8,40,17
2025,Provincia di Oristano,Ghilarza,Bed & Breakfast,1 Stella,2,9,5
2025,Provincia di Oristano,Ghilarza,Bed & Breakfast,2 Stelle,2,10,4
2025,Provincia di Oristano,Ghilarza,Bed & Breakfast,3 Stelle,1,5,2
2025,Provincia di Oristano,Ghilarza,Casa/App. vacanze,II Categoria,1,20,5
2025,Provincia di Oristano,Gonnosnò,Altri alloggi privati,,3,13,5
2025,Provincia di Oristano,Gonnostramatza,Agriturismo,,1,17,7
2025,Provincia di Oristano,Gonnostramatza,Altri alloggi privati,,3,15,7
2025,Provincia di Oristano,Gonnostramatza,Bed & Breakfast,1 Stella,1,6,3
2025,Provincia di Oristano,Laconi,Affittacamere,I Categoria,1,10,5
2025,Provincia di Oristano,Laconi,Affittacamere,II Categoria,3,14,7
2025,Provincia di Oristano,Laconi,Altri alloggi privati,,3,17,6
2025,Provincia di Oristano,Laconi,Bed & Breakfast,1 Stella,2,9,4
2025,Provincia di Oristano,Laconi,Bed & Breakfast,2 Stelle,2,8,4
2025,Provincia di Oristano,Laconi,Casa per ferie e ospitalità religiosa,III Categoria,1,31,22
2025,Provincia di Oristano,Laconi,Locanda,1 Stella,1,6,3
2025,Provincia di Oristano,Magomadas,Affittacamere,2 Stelle,1,8,5
2025,Provincia di Oristano,Magomadas,Affittacamere,II Categoria,7,63,31
2025,Provincia di Oristano,Magomadas,Albergo,3 Stelle,1,28,15
2025,Provincia di Oristano,Magomadas,Altri alloggi privati,,73,341,147
2025,Provincia di Oristano,Magomadas,Bed & Breakfast,1 Stella,1,2,2
2025,Provincia di Oristano,Magomadas,Bed & Breakfast,2 Stelle,1,4,2
2025,Provincia di Oristano,Magomadas,Bed & Breakfast,3 Stelle,2,11,5
2025,Provincia di Oristano,Magomadas,Casa/App. vacanze,1 Stella,1,7,3
2025,Provincia di Oristano,Magomadas,Casa/App. vacanze,II Categoria,1,27,9
2025,Provincia di Oristano,Marrubiu,Agriturismo,,1,12,0
2025,Provincia di Oristano,Marrubiu,Altri alloggi privati,,20,91,40
2025,Provincia di Oristano,Marrubiu,Bed & Breakfast,1 Stella,5,25,12
2025,Provincia di Oristano,Marrubiu,Bed & Breakfast,2 Stelle,3,14,8
2025,Provincia di Oristano,Marrubiu,Bed & Breakfast,3 Stelle,1,6,3
2025,Provincia di Oristano,Marrubiu,Ostello,III Categoria,1,20,6
2025,Provincia di Oristano,Masullas,Albergo diffuso,2 Stelle,2,14,7
2025,Provincia di Oristano,Masullas,Altri alloggi privati,,1,4,2
2025,Provincia di Oristano,Masullas,Bed & Breakfast,1 Stella,1,5,3
2025,Provincia di Oristano,Milis,Affittacamere,2 Stelle,1,5,3
2025,Provincia di Oristano,Milis,Altri alloggi privati,,15,79,40
2025,Provincia di Oristano,Milis,Bed & Breakfast,1 Stella,2,5,4
2025,Provincia di Oristano,Milis,Casa/App. vacanze,2 Stelle,1,4,1
2025,Provincia di Oristano,Modolo,Affittacamere,3 Stelle,1,7,3
2025,Provincia di Oristano,Modolo,Altri alloggi privati,,14,72,33
2025,Provincia di Oristano,Modolo,Bed & Breakfast,1 Stella,2,11,5
2025,Provincia di Oristano,Modolo,Bed & Breakfast,3 Stelle,1,6,3
2025,Provincia di Oristano,Mogorella,Altri alloggi privati,,1,4,2
2025,Provincia di Oristano,Mogoro,Altri alloggi privati,,13,64,31
2025,Provincia di Oristano,Mogoro,Bed & Breakfast,1 Stella,1,6,3
2025,Provincia di Oristano,Morgongiori,Altri alloggi privati,,1,8,3
2025,Provincia di Oristano,Narbolia,Affittacamere,II Categoria,4,41,19
2025,Provincia di Oristano,Narbolia,Agriturismo,,2,14,7
2025,Provincia di Oristano,Narbolia,Albergo,5 Stelle,1,332,109
2025,Provincia di Oristano,Narbolia,Albergo Rurale,3 Stelle,1,24,9
2025,Provincia di Oristano,Narbolia,Altri alloggi privati,,41,192,89
2025,Provincia di Oristano,Narbolia,Bed & Breakfast,2 Stelle,2,15,6
2025,Provincia di Oristano,Narbolia,Campeggio,3 Stelle,2,1456,391
2025,Provincia di Oristano,Narbolia,Casa/App. vacanze,2 Stelle,1,18,8
2025,Provincia di Oristano,Narbolia,Casa/App. vacanze,I Categoria,1,108,15
2025,Provincia di Oristano,Norbello,Affittacamere,1 Stella,1,3,2
2025,Provincia di Oristano,Norbello,Campeggio,3 Stelle,1,196,54
2025,Provincia di Oristano,Nughedu Santa Vittoria,Affittacamere,1 Stella,1,4,2
2025,Provincia di Oristano,Nughedu Santa Vittoria,Bed & Breakfast,1 Stella,1,4,2
2025,Provincia di Oristano,Nurachi,Affittacamere,I Categoria,1,7,4
2025,Provincia di Oristano,Nurachi,Affittacamere,II Categoria,1,3,2
2025,Provincia di Oristano,Nurachi,Altri alloggi privati,,40,232,104
2025,Provincia di Oristano,Nurachi,Bed & Breakfast,2 Stelle,1,6,3
2025,Provincia di Oristano,Nurachi,Bed & Breakfast,3 Stelle,1,8,3
2025,Provincia di Oristano,Nurachi,Casa/App. vacanze,II Categoria,1,18,6
2025,Provincia di Oristano,Nureci,Bed & Breakfast,3 Stelle,1,8,3
2025,Provincia di Oristano,Oristano,Affittacamere,2 Stelle,1,6,3
2025,Provincia di Oristano,Oristano,Affittacamere,3 Stelle,3,33,13
2025,Provincia di Oristano,Oristano,Affittacamere,I Categoria,1,17,6
2025,Provincia di Oristano,Oristano,Affittacamere,II Categoria,25,197,101
2025,Provincia di Oristano,Oristano,Agriturismo,,3,36,18
2025,Provincia di Oristano,Oristano,Albergo,2 Stelle,1,25,12
2025,Provincia di Oristano,Oristano,Albergo,3 Stelle,3,196,97
2025,Provincia di Oristano,Oristano,Albergo,4 Stelle,3,421,218
2025,Provincia di Oristano,Oristano,Albergo Rurale,4 Stelle,1,18,9
2025,Provincia di Oristano,Oristano,Altri alloggi privati,,415,1736,761
2025,Provincia di Oristano,Oristano,Altri alloggi privati,1 Stella,1,7,2
2025,Provincia di Oristano,Oristano,Bed & Breakfast,1 Stella,8,29,14
2025,Provincia di Oristano,Oristano,Bed & Breakfast,2 Stelle,4,21,10
2025,Provincia di Oristano,Oristano,Bed & Breakfast,3 Stelle,15,69,33
2025,Provincia di Oristano,Oristano,Boat & Breakfast,,1,6,3
2025,Provincia di Oristano,Oristano,Casa per ferie e ospitalità religiosa,III Categoria,2,50,16
2025,Provincia di Oristano,Oristano,Casa/App. vacanze,2 Stelle,1,6,3
2025,Provincia di Oristano,Oristano,Casa/App. vacanze,3 Stelle,1,8,3
2025,Provincia di Oristano,Oristano,Casa/App. vacanze,II Categoria,3,63,38
2025,Provincia di Oristano,Oristano,Ostello,III Categoria,1,138,69
2025,Provincia di Oristano,Oristano,Residence,II Categoria,1,24,10
2025,Provincia di Oristano,Oristano,Villaggio turistico,4 Stelle,1,441,151
2025,Provincia di Oristano,Palmas Arborea,Agriturismo,,2,24,5
2025,Provincia di Oristano,Palmas Arborea,Altri alloggi privati,,5,10,6
2025,Provincia di Oristano,Palmas Arborea,Bed & Breakfast,1 Stella,1,4,2
2025,Provincia di Oristano,Pau,Altri alloggi privati,,3,12,6
2025,Provincia di Oristano,Paulilatino,Affittacamere,3 Stelle,1,6,3
2025,Provincia di Oristano,Paulilatino,Albergo diffuso,3 Stelle,2,20,8
2025,Provincia di Oristano,Paulilatino,Altri alloggi privati,,10,50,20
2025,Provincia di Oristano,Paulilatino,Bed & Breakfast,1 Stella,2,10,5
2025,Provincia di Oristano,Paulilatino,Casa per ferie e ospitalità religiosa,III Categoria,1,7,4
2025,Provincia di Oristano,Pompu,Affittacamere,3 Stelle,1,7,4
2025,Provincia di Oristano,Pompu,Affittacamere,III Categoria,1,7,4
2025,Provincia di Oristano,Riola Sardo,Affittacamere,II Categoria,3,41,18
2025,Provincia di Oristano,Riola Sardo,Affittacamere,III Categoria,1,6,4
2025,Provincia di Oristano,Riola Sardo,Agriturismo,,9,114,53
2025,Provincia di Oristano,Riola Sardo,Albergo,3 Stelle,1,17,7
2025,Provincia di Oristano,Riola Sardo,Altri alloggi privati,,42,180,81
2025,Provincia di Oristano,Riola Sardo,Bed & Breakfast,2 Stelle,2,9,4
2025,Provincia di Oristano,Riola Sardo,Bed & Breakfast,3 Stelle,2,9,6
2025,Provincia di Oristano,Riola Sardo,Casa/App. vacanze,2 Stelle,1,13,4
2025,Provincia di Oristano,Riola Sardo,Casa/App. vacanze,II Categoria,1,23,7
2025,Provincia di Oristano,Ruinas,Altri alloggi privati,,5,24,10
2025,Provincia di Oristano,Sagama,Agriturismo,,1,22,7
2025,Provincia di Oristano,Sagama,Bed & Breakfast,1 Stella,1,5,2
2025,Provincia di Oristano,Sagama,Bed & Breakfast,2 Stelle,1,6,3
2025,Provincia di Oristano,Samugheo,Affittacamere,II Categoria,1,9,6
2025,Provincia di Oristano,Samugheo,Agriturismo,,2,37,0
2025,Provincia di Oristano,Samugheo,Agriturismo,Non definito,1,4,3
2025,Provincia di Oristano,Samugheo,Altri alloggi privati,,1,5,3
2025,Provincia di Oristano,Samugheo,Bed & Breakfast,1 Stella,4,11,6
2025,Provincia di Oristano,San Nicolò D'Arcidano,Agriturismo,,1,10,5
2025,Provincia di Oristano,San Nicolò D'Arcidano,Altri alloggi privati,,6,25,11
2025,Provincia di Oristano,San Nicolò D'Arcidano,Bed & Breakfast,1 Stella,1,4,3
2025,Provincia di Oristano,San Vero Milis,Affittacamere,1 Stella,1,3,3
2025,Provincia di Oristano,San Vero Milis,Agriturismo,,9,146,66
2025,Provincia di Oristano,San Vero Milis,Albergo,3 Stelle,1,18,9
2025,Provincia di Oristano,San Vero Milis,Albergo,4 Stelle,2,102,47
2025,Provincia di Oristano,San Vero Milis,Altri alloggi privati,,231,1182,537
2025,Provincia di Oristano,San Vero Milis,Bed & Breakfast,1 Stella,2,6,5
2025,Provincia di Oristano,San Vero Milis,Bed & Breakfast,2 Stelle,1,5,3
2025,Provincia di Oristano,San Vero Milis,Bed & Breakfast,3 Stelle,3,14,7
2025,Provincia di Oristano,San Vero Milis,Residenza Turistico Alberghiera (R.T.A.),2 Stelle,1,20,11
2025,Provincia di Oristano,Santa Giusta,Altri alloggi privati,,20,84,37
2025,Provincia di Oristano,Santa Giusta,Bed & Breakfast,1 Stella,1,3,2
2025,Provincia di Oristano,Santa Giusta,Bed & Breakfast,2 Stelle,1,7,2
2025,Provincia di Oristano,Santu Lussurgiu,Affittacamere,1 Stella,2,14,7
2025,Provincia di Oristano,Santu Lussurgiu,Affittacamere,2 Stelle,1,6,4
2025,Provincia di Oristano,Santu Lussurgiu,Affittacamere,II Categoria,1,5,3
2025,Provincia di Oristano,Santu Lussurgiu,Agriturismo,,3,33,10
2025,Provincia di Oristano,Santu Lussurgiu,Albergo,2 Stelle,1,22,12
2025,Provincia di Oristano,Santu Lussurgiu,Albergo diffuso,3 Stelle,4,67,28
2025,Provincia di Oristano,Santu Lussurgiu,Altri alloggi privati,,19,93,50
2025,Provincia di Oristano,Santu Lussurgiu,Bed & Breakfast,1 Stella,1,2,2
2025,Provincia di Oristano,Santu Lussurgiu,Bed & Breakfast,2 Stelle,3,14,9
2025,Provincia di Oristano,Santu Lussurgiu,Bed & Breakfast,3 Stelle,1,2,1
2025,Provincia di Oristano,Santu Lussurgiu,Casa/App. vacanze,II Categoria,2,13,5
2025,Provincia di Oristano,Scano Di Montiferro,Affittacamere,I Categoria,1,5,3
2025,Provincia di Oristano,Scano Di Montiferro,Agriturismo,,1,15,0
2025,Provincia di Oristano,Scano Di Montiferro,Altri alloggi privati,,30,161,74
2025,Provincia di Oristano,Scano Di Montiferro,Bed & Breakfast,3 Stelle,1,6,3
2025,Provincia di Oristano,Sedilo,Affittacamere,1 Stella,3,12,6
2025,Provincia di Oristano,Sedilo,Affittacamere,II Categoria,2,13,6
2025,Provincia di Oristano,Sedilo,Agriturismo,,2,10,2
2025,Provincia di Oristano,Sedilo,Altri alloggi privati,,1,6,1
2025,Provincia di Oristano,Sedilo,Bed & Breakfast,1 Stella,1,4,2
2025,Provincia di Oristano,Sedilo,Bed & Breakfast,3 Stelle,1,4,1
2025,Provincia di Oristano,Seneghe,Affittacamere,1 Stella,1,2,2
2025,Provincia di Oristano,Seneghe,Affittacamere,2 Stelle,2,8,4
2025,Provincia di Oristano,Seneghe,Altri alloggi privati,,7,37,18
2025,Provincia di Oristano,Seneghe,Bed & Breakfast,1 Stella,1,6,3
2025,Provincia di Oristano,Seneghe,Bed & Breakfast,2 Stelle,1,4,2
2025,Provincia di Oristano,Seneghe,Casa/App. vacanze,2 Stelle,3,11,5
2025,Provincia di Oristano,Sennariolo,Agriturismo,,1,20,8
2025,Provincia di Oristano,Sennariolo,Altri alloggi privati,,5,35,16
2025,Provincia di Oristano,Sennariolo,Bed & Breakfast,2 Stelle,1,6,3
2025,Provincia di Oristano,Sennariolo,Locanda,II Categoria,1,12,6
2025,Provincia di Oristano,Siamaggiore,Affittacamere,II Categoria,1,9,4
2025,Provincia di Oristano,Siamaggiore,Agriturismo,,2,23,10
2025,Provincia di Oristano,Siamaggiore,Altri alloggi privati,,6,20,9
2025,Provincia di Oristano,Siamaggiore,Bed & Breakfast,3 Stelle,1,4,2
2025,Provincia di Oristano,Siamanna,Altri alloggi privati,,2,12,5
2025,Provincia di Oristano,Siamanna,Bed & Breakfast,2 Stelle,1,5,2
2025,Provincia di Oristano,Siapiccia,Altri alloggi privati,,1,4,2
2025,Provincia di Oristano,Simaxis,Agriturismo,,1,8,4
2025,Provincia di Oristano,Simaxis,Altri alloggi privati,,10,37,15
2025,Provincia di Oristano,Simaxis,Bed & Breakfast,1 Stella,2,7,3
2025,Provincia di Oristano,Sini,Affittacamere,1 Stella,2,7,4
2025,Provincia di Oristano,Sini,Bed & Breakfast,1 Stella,1,7,3
2025,Provincia di Oristano,Solarussa,Affittacamere,II Categoria,2,21,8
2025,Provincia di Oristano,Solarussa,Altri alloggi privati,,9,42,21
2025,Provincia di Oristano,Sorradile,Altri alloggi privati,,2,9,4
2025,Provincia di Oristano,Sorradile,Casa/App. vacanze,,1,16,6
2025,Provincia di Oristano,Suni,Affittacamere,3 Stelle,1,10,5
2025,Provincia di Oristano,Suni,Agriturismo,,1,12,10
2025,Provincia di Oristano,Suni,Altri alloggi privati,,14,74,38
2025,Provincia di Oristano,Suni,Bed & Breakfast,2 Stelle,1,4,2
2025,Provincia di Oristano,Suni,Bed & Breakfast,3 Stelle,1,6,3
2025,Provincia di Oristano,Terralba,Affittacamere,2 Stelle,1,4,3
2025,Provincia di Oristano,Terralba,Affittacamere,I Categoria,1,12,6
2025,Provincia di Oristano,Terralba,Albergo,1 Stella,1,9,8
2025,Provincia di Oristano,Terralba,Altri alloggi privati,,39,179,76
2025,Provincia di Oristano,Terralba,Bed & Breakfast,1 Stella,3,11,7
2025,Provincia di Oristano,Tinnura,Affittacamere,3 Stelle,1,5,3
2025,Provincia di Oristano,Tinnura,Altri alloggi privati,,1,5,3
2025,Provincia di Oristano,Tinnura,Bed & Breakfast,1 Stella,1,3,2
2025,Provincia di Oristano,Tramatza,Affittacamere,II Categoria,1,6,3
2025,Provincia di Oristano,Tramatza,Agriturismo,,1,14,7
2025,Provincia di Oristano,Tramatza,Albergo,2 Stelle,1,27,14
2025,Provincia di Oristano,Tramatza,Altri alloggi privati,,2,6,3
2025,Provincia di Oristano,Tresnuraghes,Affittacamere,II Categoria,3,23,9
2025,Provincia di Oristano,Tresnuraghes,Albergo,2 Stelle,1,16,9
2025,Provincia di Oristano,Tresnuraghes,Albergo Rurale,3 Stelle,1,48,22
2025,Provincia di Oristano,Tresnuraghes,Albergo diffuso,3 Stelle,4,115,44
2025,Provincia di Oristano,Tresnuraghes,Altri alloggi privati,,117,602,276
2025,Provincia di Oristano,Tresnuraghes,Bed & Breakfast,1 Stella,1,6,3
2025,Provincia di Oristano,Tresnuraghes,Bed & Breakfast,2 Stelle,1,6,3
2025,Provincia di Oristano,Tresnuraghes,Casa/App. vacanze,II Categoria,2,26,13
2025,Provincia di Oristano,Ulà Tirso,Agriturismo,,1,10,5
2025,Provincia di Oristano,Ulà Tirso,Altri alloggi privati,,2,11,6
2025,Provincia di Oristano,Uras,Agriturismo,,2,16,9
2025,Provincia di Oristano,Uras,Altri alloggi privati,,2,8,4
2025,Provincia di Oristano,Uras,Bed & Breakfast,1 Stella,1,3,2
2025,Provincia di Oristano,Uras,Bed & Breakfast,3 Stelle,1,8,3
2025,Provincia di Oristano,Usellus,Altri alloggi privati,,2,10,4
2025,Provincia di Oristano,Villa Verde,Altri alloggi privati,,1,4,2
2025,Provincia di Oristano,Villanova Truschedu,Altri alloggi privati,,1,2,1
2025,Provincia di Oristano,Villaurbana,Agriturismo,,1,20,11
2025,Provincia di Oristano,Villaurbana,Altri alloggi privati,,5,36,15
2025,Provincia di Oristano,Zeddiani,Altri alloggi privati,,3,13,7
2025,Provincia di Oristano,Zeddiani,Bed & Breakfast,3 Stelle,1,4,2
